COD_ACIDENTE;DIA;MES;ANO;HORA;INTERSECAO;LOG1;LOG2;LOG3;NUMERO;REFERENCIA;NATUREZA;ILUMINACAO;TEMPO;SUPERFICIEPISTA;TIPOCRUZAMENTO;CONTROLETRAFEGO;USOSOLO;MORTOS;FERIDOS;ILESOS;AUTOMOVEL;ONIBUS;BICICLETA;CAMINHAO;MICROONIBUS;CICLOMOTOR;MOTOCICLETA;TRACAOANIMAL;TREM;LATITUDE;LONGITUDE
317137;4;1;2017;16:32;12864;AV DOMINGOS OLIMPIO;RUA ASSUNCAO;;0;;Colis?úo;Luz do Dia;;;Cruz;Sem?íforo;Comercial;0;1;0;1;0;0;0;0;0;1;0;0;-3,737192000000000;-38,529548000000000
317165;4;1;2017;18:32;0;RUA COS GALVAO;;;77;;Colis?úo;;;;Meio de Quadra;;;0;1;0;1;0;0;0;0;0;1;0;0;-3,780591000000000;-38,568443000000000
317168;4;1;2017;19:07;0;RUA TEN ROMA;;;496;;Colis?úo;;;;Meio de Quadra;;;0;2;0;1;0;0;0;0;0;1;0;0;-3,767564000000000;-38,513585000000000
317174;4;1;2017;18:37;0;AV SEN FERNANDES TAVORA;;;0;;Queda;;;;Meio de Quadra;;;0;1;0;0;0;0;0;0;0;1;0;0;;
317180;4;1;2017;23:35;0;AV GAL OSORIO DE PAIVA;;;0;;Atropelamento;;;;Meio de Quadra;;;0;1;0;0;1;0;0;0;0;0;0;0;;
316361;4;1;2017;14:00;0;RD CE-040;;;0;KM-10;Colis?úo;Luz do Dia;Bom;Seca;Meio de Quadra;;;0;0;2;0;0;0;0;0;0;1;0;0;-3,826378000000000;-38,481772000000000
316363;4;1;2017;16:30;0;RD CE-040;;;2530;KM-11;Colis?úo;Luz do Dia;Bom;Seca;Meio de Quadra;;;0;1;2;1;0;0;0;0;0;1;0;0;-3,848764700000000;-38,476853600000000
317187;5;1;2017;06:48;0;RUA ESTADO DO RIO;;;1164;;Atropelamento;Luz do Dia;;;Meio de Quadra;;;0;1;0;0;0;0;0;0;0;1;0;0;-3,761025000000000;-38,572355000000000
317183;5;1;2017;06:21;0;AV DR SILAS MUNGUBA;;;4589;;Colis?úo;Luz do Dia;;;Meio de Quadra;;;0;1;0;1;0;0;0;0;0;1;0;0;-3,793658000000000;-38,534533000000000
317184;5;1;2017;06:23;0;AV OLIVEIRA PAIVA;;;2415;;Colis?úo;Luz do Dia;;;Meio de Quadra;;;0;1;0;0;0;0;0;0;0;1;0;0;-3,796119000000000;-38,484576000000000
317189;5;1;2017;07:02;0;AV CASTELO DE CASTRO;;;1350;;Colis?úo;Luz do Dia;;;Meio de Quadra;;;0;1;0;1;0;0;0;0;0;1;0;0;-3,841242000000000;-38,521739000000000
317192;5;1;2017;07:14;0;RD BR 116;;;11000;KM-11;Colis?úo;Amanhecer;;Seca;Meio de Quadra;;;0;1;1;1;0;0;0;0;0;1;0;0;-3,847160000000000;-38,497176000000000
317196;5;1;2017;07:24;0;AV GAL OSORIO DE PAIVA;;;5398;;Colis?úo;Luz do Dia;;;Meio de Quadra;;;0;1;0;0;0;0;0;0;0;1;0;0;-3,804798000000000;-38,602152000000000
317201;5;1;2017;07:34;0;RUA JOSE SETUBAL PESSOA;;;396;;Colis?úo;Luz do Dia;;;Meio de Quadra;;;0;1;0;0;0;0;0;0;0;0;0;0;;
317206;5;1;2017;09:02;0;RUA VALPARAISO;;;62;;Colis?úo;Luz do Dia;;;Meio de Quadra;;;0;1;0;1;0;0;0;0;0;1;0;0;-3,846255000000000;-38,520884200000000
317207;5;1;2017;11:16;0;AV GAL MURILO BORGES;;;0;;Queda;Luz do Dia;;;Meio de Quadra;;;0;2;0;0;0;0;0;0;0;1;0;0;;
317204;5;1;2017;08:33;0;RUA FLORIANO PEIXOTO;;;0;;Colis?úo;Luz do Dia;;;Meio de Quadra;;;0;1;0;0;0;0;0;0;0;1;0;0;;
317210;5;1;2017;11:59;0;RUA PAULO FIRMEZA;;;1350;;Atropelamento;Luz do Dia;;;Meio de Quadra;;;0;1;0;0;0;1;0;0;0;0;0;0;-3,756638000000000;-38,507150000000000
317216;5;1;2017;13:19;0;RUA VICENTE PINHEIRO;;;858;;Queda;Luz do Dia;;;Meio de Quadra;;;0;0;1;0;0;1;0;0;0;0;0;0;;
317217;5;1;2017;13:53;0;RD BR 116;;;14000;KM-14;Colis?úo;Luz do Dia;;;Meio de Quadra;;;0;2;0;0;0;0;1;0;0;1;0;0;-3,873523000000000;-38,499242000000000
317218;5;1;2017;14:02;0;RUA FRANCISCO MATOS;;;202;;Colis?úo;Luz do Dia;;;Meio de Quadra;;;0;1;0;1;0;1;0;0;0;0;0;0;-3,744826000000000;-38,469514300000000
317219;5;1;2017;14:40;0;AV CEL CARVALHO;;;3020;;Colis?úo;Luz do Dia;;;Meio de Quadra;;;0;1;0;1;0;0;0;0;0;1;0;0;-3,729567000000000;-38,584827000000000
317220;5;1;2017;14:59;0;AV MOZART PINHEIRO DE LUCENA;;;1118;;Atropelamento;Luz do Dia;;;Meio de Quadra;;;0;1;0;1;0;0;0;0;0;0;0;0;-3,712547000000000;-38,594036000000000
317213;5;1;2017;12:28;0;RD BR 116;;;14000;KM-14;Atropelamento;Luz do Dia;;;Meio de Quadra;;;0;1;0;0;0;0;0;0;0;0;0;0;-3,873523000000000;-38,499242000000000
326591;5;1;2017;14:30;0;AV DES MOREIRA;;;2355;;Colis?úo Traseira;Luz do Dia;Nublado;Seca;Meio de Quadra;N?úo H?í Controle;Comercial;0;1;0;0;0;0;0;0;0;1;0;0;-3,745823000000000;-38,501434000000000
303789;5;1;2017;14:45;0;AV IMPERADOR;;;675;;Outros;Luz do Dia;Bom;Seca;Meio de Quadra;Outros;Comercial;0;1;1;1;0;0;0;0;0;1;0;0;-3,727276000000000;-38,534480000000000
303790;5;1;2017;17:00;19062;RUA DES WALDETARIO P MOTA;RUA PAULO MORAIS;;0;;Colis?úo Transversal;Anoitecer;Bom;Seca;Cruz;Pare;Residencial;0;1;1;0;0;0;0;0;0;1;0;0;-3,736632000000000;-38,480491000000000
303791;5;1;2017;21:30;0;RUA VILEBALDO AGUIAR;;;340;;Colis?úo Lateral;Anoitecer;Bom;Seca;Meio de Quadra;;Residencial;0;0;2;1;0;0;0;0;0;0;0;0;-3,741511000000000;-38,484841000000000
303786;5;1;2017;08:00;0;AV PRS CASTELO BRANCO;;;675;;Colis?úo Traseira;Luz do Dia;Bom;Seca;Meio de Quadra;Sem?íforo;Residencial;0;1;1;0;0;0;0;0;0;1;0;0;-3,719232000000000;-38,532365000000000
303787;5;1;2017;00:11;1393;AV RUI BARBOSA;RUA JOAO CARVALHO;;0;;Colis?úo Lateral;Via Iluminada;Bom;Seca;Cruz;Sem?íforo Manual;Residencial;0;0;2;1;0;0;0;0;0;0;0;0;-3,736928000000000;-38,509731000000000
303783;5;1;2017;14:50;5423;RUA GAL CLARINDO DE QUEIROZ;RUA SOLON PINHEIRO;;0;;Colis?úo Lateral;Luz do Dia;Bom;Seca;Cruz;Sem?íforo;Comercial;0;0;2;1;0;0;0;0;0;1;0;0;-3,733626000000000;-38,527353000000000
303784;5;1;2017;16:30;5773;RUA MAXIMO LINHARES;RUA BOTELHO MAGALHAES;;0;;Colis?úo Lateral;Luz do Dia;Bom;Seca;Cruz;Pare;Residencial;0;0;2;1;0;0;0;0;0;0;0;0;-3,798941000000000;-38,491474000000000
306878;5;1;2017;09:55;0;RUA CEL SOLON;;;300;;Colis?úo Lateral;Luz do Dia;Bom;Seca;N?úo Informado;Pare;Residencial;0;0;2;1;1;0;0;0;0;0;0;0;-3,725906000000000;-38,558560000000000
306879;5;1;2017;08:40;0;AV C CJ SITIO SAO JOAO;RUA 35 CJ HAB ST S JOAO;;0;;Colis?úo Transversal;Luz do Dia;Bom;Seca;Meio de Quadra;N?úo H?í Controle;Residencial;0;1;1;0;0;0;0;0;0;1;0;0;-3,848946000000000;-38,512604000000000
306875;5;1;2017;06:30;25027;AV DR SILAS MUNGUBA;RUA PRA STELLA COCHRANE;;4613;;Colis?úo Traseira;Amanhecer;Nublado;Molhada;Cruz;Sem?íforo;Comercial;0;0;1;1;0;0;0;0;0;1;0;0;-3,793238900000000;-38,534966000000000
306876;5;1;2017;07:15;25038;RUA PDE PEDRO DE ALENCAR;RUA JOSE HIPOLITO;;0;;Colis?úo Lateral;Luz do Dia;Chuva;Molhada;Cruz;Sem?íforo;Comercial;0;0;2;0;0;0;0;0;0;0;0;0;-3,832728000000000;-38,493690000000000
306881;5;1;2017;09:43;19817;AV ENG HUMBERTO MONTE;RUA DOM MANUEL DE MEDEIROS;;0;;Colis?úo Traseira;Luz do Dia;Bom;Seca;Outros;N?úo H?í Controle;Comercial;0;0;8;0;0;0;0;0;0;0;0;0;-3,739995200000000;-38,568260000000000
306882;5;1;2017;11:07;0;RUA BENI DE CARVALHO;;;244;;Colis?úo Traseira;Luz do Dia;Bom;Seca;Meio de Quadra;N?úo H?í Controle;Comercial;0;0;2;1;0;0;0;0;0;0;0;0;-3,745003000000000;-38,498333000000000
306883;5;1;2017;13:44;23451;RUA PAULO FIRMEZA;RUA SABINO MONTE;;0;;Colis?úo Lateral;Luz do Dia;Bom;Seca;Cruz;Pare;Residencial;0;0;2;1;0;0;0;0;0;0;0;0;-3,756950000000000;-38,511906000000000
306884;5;1;2017;14:38;5490;AV DOM MANUEL;RUA ANTONIO POMPEU;;0;;Colis?úo Lateral;Luz do Dia;Bom;Seca;Cruz;Sem?íforo;Comercial;0;0;1;1;0;0;0;0;0;0;0;0;-3,736978000000000;-38,524162000000000
306885;5;1;2017;15:01;12745;RUA ANA NERY;RUA JULIO CESAR D12;;0;;Colis?úo Transversal;Luz do Dia;Bom;Seca;Cruz;Pare;Residencial;0;0;1;1;0;0;0;0;0;0;0;0;-3,751711400000000;-38,544388000000000
306886;5;1;2017;14:20;15370;AV SEN VIRGILIO TAVORA;AV DOM LUIS;;0;;Engavetamento;Luz do Dia;Bom;Seca;Cruz;Sem?íforo;Comercial;0;0;3;1;1;0;0;0;0;0;0;0;-3,734634200000000;-38,492424000000000
306887;5;1;2017;16:18;12515;RUA JULIO BRAGA;RUA SILVEIRA FILHO;;0;;Colis?úo Lateral;Luz do Dia;Bom;Seca;Cruz;Pare;Residencial;0;1;1;1;0;0;0;0;0;1;0;0;-3,775782300000000;-38,578896000000000
306888;5;1;2017;13:01;19539;RUA EQUADOR;AV DR SILAS MUNGUBA;;0;;Colis?úo Transversal;Luz do Dia;Bom;Seca;Cruz;Sem?íforo;Comercial;0;1;1;0;0;0;0;0;0;1;0;0;-3,782406000000000;-38,555460000000000
306889;5;1;2017;16:24;0;RUA CARLOS AMORA;;;150;;Colis?úo Traseira;Luz do Dia;Bom;Seca;Meio de Quadra;N?úo H?í Controle;Comercial;0;0;2;1;0;0;0;0;0;0;0;0;-3,776330500000000;-38,562580000000000
306890;5;1;2017;16:44;0;AV AUGUSTO DOS ANJOS;;;1717;;Colis?úo Lateral;Luz do Dia;Bom;Seca;Meio de Quadra;N?úo H?í Controle;Comercial;0;0;2;1;0;0;0;0;0;1;0;0;-3,781127500000000;-38,579950000000000
306891;5;1;2017;17:40;0;RUA 602 CJ CEARA;;;985;;Colis?úo Lateral;Luz do Dia;Bom;Seca;Meio de Quadra;N?úo H?í Controle;Comercial;0;0;2;1;0;0;0;0;0;0;0;0;-3,769511200000000;-38,604717000000000
306892;5;1;2017;16:54;0;AV ALBERTO CRAVEIRO;;;430;;Colis?úo Traseira;Luz do Dia;Bom;Seca;Meio de Quadra;Sem?íforo;Comercial;0;1;1;1;0;0;0;0;0;1;0;0;-3,782067300000000;-38,516080000000000
306893;5;1;2017;19:42;17446;RUA EQUADOR;RUA PRO TEODORICO;;0;;Colis?úo Lateral;Via Iluminada;Bom;Seca;Cruz;Pare;Comercial;0;0;2;1;0;0;0;0;0;0;0;0;-3,769728000000000;-38,550983000000000
306894;5;1;2017;20:48;0;RUA DOIS CJ MIRASSOL;RUA OITO CJ MIRASSOL;;532;;Colis?úo Transversal;Via Iluminada;Bom;Seca;T;Pare;Residencial;0;0;2;0;1;0;0;0;0;0;0;0;-3,797253600000000;-38,542350000000000
306895;5;1;2017;18:30;15584;RUA ALVES RIBEIRO;RUA LOPES TROVAO;;0;;Colis?úo Transversal;Via Iluminada;Bom;Seca;Cruz;Pare;Residencial;0;1;1;1;0;0;0;0;0;1;0;0;-3,822785000000000;-38,501700000000000
306896;5;1;2017;22:08;7674;AV JOSE BASTOS;RUA RIO GRANDE DO NORTE;;0;;Colis?úo Traseira;Via Iluminada;Bom;Seca;Cruz;Sem?íforo;Comercial;0;0;1;1;0;0;0;0;0;0;0;0;-3,760830400000000;-38,564487000000000
306897;5;1;2017;22:12;21596;RUA COM GARCIA;RUA LUIS VIEIRA;;0;;Colis?úo Traseira;Via Iluminada;Bom;Seca;Cruz;Pare;Residencial;0;0;2;1;1;0;0;0;0;0;0;0;-3,796742000000000;-38,586468000000000
306898;5;1;2017;22:59;10418;RUA JOSE MENDONCA;AV D CJ CEARA;;0;;Colis?úo Lateral;Via Iluminada;Nublado;Seca;Outros;Sem?íforo;Residencial;0;1;1;0;1;0;0;0;0;1;0;0;-3,761356400000000;-38,603012000000000
306790;5;1;2017;18:03;0;AV AGUANAMBI;;;0;ROTAT?ôRIA;Colis?úo Lateral;Anoitecer;Bom;Seca;Rotat??ria;Gesto;Comercial;0;0;2;0;0;0;0;0;0;0;0;0;-3,755106000000000;-38,523167000000000
317222;5;1;2017;15:46;0;AV ENG AGRONOMO JOSE GUIMARAES DUQUE;;;0;;Colis?úo;Luz do Dia;;;Meio de Quadra;;;0;1;0;1;0;0;0;0;0;1;0;0;;
317225;5;1;2017;15:49;0;RUA DR MANOEL RODRIGUES MONTEIRO;;;568;;Colis?úo;Luz do Dia;;;Meio de Quadra;;;0;1;0;1;0;0;0;0;0;1;0;0;;
317227;5;1;2017;16:59;0;RUA VITAL BRASIL;;;415;;Colis?úo;Luz do Dia;;;Meio de Quadra;;;0;1;0;1;0;0;0;0;0;1;0;0;-3,781669000000000;-38,585111000000000
317228;5;1;2017;17:00;0;AV PRS COSTA E SILVA;;;0;;Colis?úo;Anoitecer;;;Meio de Quadra;;;0;1;0;0;0;0;0;0;0;1;0;0;;
317236;5;1;2017;17:33;0;AV PONTES VIEIRA;;;220;;Colis?úo;Anoitecer;;;Meio de Quadra;;;0;2;0;0;0;0;0;0;0;1;0;0;-3,753367000000000;-38,518725000000000
317237;5;1;2017;18:15;0;RUA PAURILO BARROSO;;;199;;Colis?úo;Anoitecer;;;Meio de Quadra;;;0;1;0;1;0;1;0;0;0;0;0;0;-3,801166000000000;-38,569753000000000
317234;5;1;2017;17:31;0;AV PRS CASTELO BRANCO;;;0;;Queda;Anoitecer;;;Meio de Quadra;;;0;1;0;0;0;0;0;0;0;1;0;0;;
317242;5;1;2017;18:52;0;RUA PRO TEODORICO;;;969;;Colis?úo;;;;Meio de Quadra;;;0;1;0;1;0;0;0;0;0;0;0;0;-3,769549100000000;-38,551277300000000
317243;5;1;2017;20:04;0;RUA SEN ROBERT KENNEDY;;;121;;Colis?úo;;;;Meio de Quadra;;;0;3;0;1;0;0;0;0;0;0;0;0;-3,700140000000000;-38,577186000000000
317247;5;1;2017;22:33;0;RUA BAR ARACATI;;;280;;Colis?úo;;;;Meio de Quadra;;;0;1;0;1;0;0;0;0;0;0;0;0;-3,723844000000000;-38,509048000000000
317251;5;1;2017;23:16;0;RUA GERMANO FRANCK;;;1005;;Colis?úo;;;;Meio de Quadra;;;0;0;1;0;0;0;0;0;0;1;0;0;-3,779479000000000;-38,564653000000000
317252;6;1;2017;00:35;0;RUA 8;;;31;;Queda;;;;Meio de Quadra;;;0;1;0;0;0;1;0;0;0;0;0;0;-3,835768000000000;-38,515514000000000
317255;6;1;2017;06:16;0;RUA BETA;;;344;;Colis?úo;Luz do Dia;;;Meio de Quadra;;;0;1;0;0;0;0;0;0;0;0;0;0;-3,794785000000000;-38,571307000000000
317257;6;1;2017;07:35;0;RUA URUCUTUBA;;;1764;;Colis?úo;Luz do Dia;;;Meio de Quadra;;;0;2;0;1;0;0;0;0;0;1;0;0;-3,798200000000000;-38,612106000000000
317272;6;1;2017;07:58;18528;AV ENG HUMBERTO MONTE;AV BEZERRA DE MENEZES;;0;;Colis?úo;Luz do Dia;;;Outros;N?úo H?í Controle;Comercial;0;1;0;1;0;0;0;0;0;1;0;0;-3,736609000000000;-38,569025000000000
317273;6;1;2017;09:56;0;RUA CEL DIONISIO ALENCAR;;;303;;Colis?úo;Luz do Dia;;;Meio de Quadra;;;0;1;0;1;0;0;0;0;0;1;0;0;-3,831637000000000;-38,487742000000000
317275;6;1;2017;13:14;0;AV PRS COSTA E SILVA;;;3300;;Colis?úo;Luz do Dia;;;Meio de Quadra;;;0;0;1;0;0;0;0;0;0;0;0;0;-3,829148000000000;-38,524324000000000
317276;6;1;2017;13:17;0;AV ENG HUMBERTO MONTE;;;0;;Colis?úo;Luz do Dia;;;Meio de Quadra;;;0;0;2;1;0;0;0;0;0;1;0;0;;
317280;6;1;2017;14:44;0;AV A CJ JOSE WALTER;;;1120;;Colis?úo;Luz do Dia;;;Meio de Quadra;;;0;1;0;0;0;0;0;0;0;1;0;0;;
317285;6;1;2017;15:43;0;AV WASHINGTON SOARES;;;0;;Atropelamento;Luz do Dia;;;Meio de Quadra;;;0;1;0;1;0;0;0;0;0;0;0;0;;
317289;6;1;2017;16:02;5450;RUA MAJ FACUNDO;RUA ANTONIO POMPEU;;0;;Colis?úo;Luz do Dia;;;Cruz;Pare;Comercial;0;1;0;1;0;0;0;0;0;1;0;0;-3,734923000000000;-38,530216000000000
317290;6;1;2017;16:20;0;AV GOV RAUL BARBOSA;;;6801;;Queda;Luz do Dia;;;Meio de Quadra;;;0;1;0;0;0;0;0;0;0;1;0;0;-3,772805000000000;-38,512512000000000
317291;6;1;2017;16:20;0;RD BR 116;;;0;;Atropelamento;Luz do Dia;;;Meio de Quadra;;;0;2;0;0;0;0;0;0;0;1;0;0;;
317292;6;1;2017;17:11;0;AV PRS COSTA E SILVA;;;150;;Atropelamento;Anoitecer;;;Meio de Quadra;;;0;1;0;0;0;0;1;0;0;0;0;0;;
317293;6;1;2017;17:34;0;AV WENEFRIDO MELO;;;141;;Atropelamento;Anoitecer;;;Meio de Quadra;;;0;1;0;0;0;0;1;0;0;0;0;0;-3,808851000000000;-38,577902000000000
317298;6;1;2017;18:26;1522;RUA CEL JUCA;RUA EDUARDO GARCIA;;0;;Colis?úo;Anoitecer;;;Cruz;Pare;Residencial;0;0;1;1;0;0;0;0;0;0;0;0;-3,740419000000000;-38,492166000000000
317299;6;1;2017;18:52;0;RUA DR JOSE VITOR;;;285;;Colis?úo;;;;Meio de Quadra;;;0;1;0;1;0;0;0;0;0;1;0;0;-3,747622000000000;-38,525388000000000
317300;6;1;2017;19:16;0;AV PRS CASTELO BRANCO;;;2715;;Colis?úo;;;;Meio de Quadra;;;0;1;0;0;0;0;0;0;0;0;0;0;-3,712681000000000;-38,552074000000000
317305;6;1;2017;19:47;0;RUA TAQUARA D72;;;732;;Queda;;;;Meio de Quadra;;;0;1;0;0;0;0;0;0;0;1;0;0;;
317314;6;1;2017;20:29;0;AV PERIMETRAL;;;978;;Queda;;;;Meio de Quadra;;;0;1;0;0;0;0;0;0;0;1;0;0;-3,784705000000000;-38,589775000000000
317315;6;1;2017;21:33;0;AV DO VAQUEIRO;;;1500;;Queda;;;;Meio de Quadra;;;0;1;0;0;0;0;0;0;0;1;0;0;;
317316;6;1;2017;21:34;0;RUA MONTE LIBANO;;;3338;;Queda;;;;Meio de Quadra;;;0;1;0;0;0;0;0;0;0;1;0;0;-3,826467900000000;-38,563322700000000
317317;6;1;2017;21:37;0;RUA GUILHERME PESSOA;;;216;;Colis?úo;;;;Meio de Quadra;;;0;1;0;0;0;0;0;0;0;1;0;0;-3,826506100000000;-38,492712600000000
317318;6;1;2017;22:09;0;RUA MONTE LIBANO;;;338;;Colis?úo;;;;Meio de Quadra;;;0;1;0;1;0;0;0;0;0;1;0;0;-3,823371800000000;-38,560996000000000
317319;6;1;2017;22:25;0;RUA L CJ VILA VELHA;;;9;;Acidente Pessoal;;;;Meio de Quadra;;;0;1;0;0;0;0;0;0;0;1;0;0;-3,719471041000000;-38,602875113000000
317320;6;1;2017;23:14;0;AV GOV RAUL BARBOSA;;;7148;;Colis?úo;;;;Meio de Quadra;;;0;1;0;0;0;0;0;0;0;0;0;0;-3,775222000000000;-38,512990000000000
317308;6;1;2017;20:10;0;AV A CJ JOSE WALTER;;;0;;Colis?úo;;;;Meio de Quadra;;;0;0;1;1;0;0;0;0;0;1;0;0;;
306899;6;1;2017;07:40;0;RUA URUCUTUBA;RUA VASCO DA GAMA;;0;;Colis?úo Lateral;Luz do Dia;Nublado;Seca;Meio de Quadra;N?úo H?í Controle;Residencial;0;0;1;0;0;0;0;0;0;1;0;0;-3,798108800000000;-38,612150000000000
306900;6;1;2017;08:00;5323;RUA PEDRO PEREIRA;RUA ASSUNCAO;;0;;Colis?úo Transversal;Luz do Dia;Bom;Seca;Cruz;Pare;Comercial;0;2;0;1;0;0;0;0;0;1;0;0;-3,730353600000000;-38,527306000000000
306901;6;1;2017;08:55;25863;AV CESAR CALS;RUA VIS CAIRU;;0;;Colis?úo Transversal;Luz do Dia;Bom;Seca;Cruz;Pare;Comercial;0;0;2;0;1;0;0;0;0;0;0;0;-3,725594800000000;-38,462290000000000
306902;6;1;2017;09:50;13155;AV I CJ JOSE WALTER;RUA 48 CJ JOSE WALTER;;0;;Colis?úo Traseira;Luz do Dia;Bom;Seca;T;Pare;Residencial;0;0;1;1;0;0;0;0;0;0;0;0;-3,831864400000000;-38,552708000000000
306903;6;1;2017;10:50;0;RUA METON DE ALENCAR;;;291;;Colis?úo Traseira;Luz do Dia;Bom;Seca;Meio de Quadra;N?úo H?í Controle;Comercial;0;0;2;1;0;0;0;0;0;0;0;0;-3,734903600000000;-38,526993000000000
306904;6;1;2017;12:22;22120;RUA PRO COSTA MENDES;RUA CEL NUNES DE MELO;;0;;Colis?úo Transversal;Luz do Dia;Bom;Seca;Cruz;Pare;Comercial;0;0;2;1;0;0;0;0;0;0;0;0;-3,749050400000000;-38,553104000000000
306905;6;1;2017;12:25;5473;AV HERACLITO GRACA;RUA JOAO CORDEIRO;;0;;Colis?úo Lateral;Luz do Dia;Bom;Seca;Duplo T;Sem?íforo;Comercial;0;1;1;1;0;0;0;0;0;1;0;0;-3,736058000000000;-38,516440000000000
306906;6;1;2017;12:10;0;AV ENG HUMBERTO MONTE;;;2440;;Colis?úo Traseira;Luz do Dia;Bom;Seca;Meio de Quadra;N?úo H?í Controle;Residencial;0;1;2;1;0;0;0;0;0;1;0;0;-3,741143500000000;-38,567425000000000
306907;6;1;2017;12:30;22094;AV JOSE BASTOS;RUA DELMIRO FARIAS;;0;;Colis?úo Traseira;Luz do Dia;Bom;Seca;T;Sem?íforo;Residencial;0;1;1;1;0;0;0;0;0;1;0;0;-3,748355200000000;-38,548958000000000
306908;6;1;2017;12:23;14467;RUA HENRIQUE AUTRAN;RUA JOAO TOME;;0;;Colis?úo Transversal;Luz do Dia;Bom;Seca;Cruz;Pare;Residencial;0;1;1;0;0;0;0;0;0;1;0;0;-3,727711400000000;-38,547215000000000
306925;6;1;2017;21:20;0;AV CASTELO DE CASTRO;;;644;;Colis?úo Lateral;Via Iluminada;Bom;Seca;Meio de Quadra;;;0;1;1;1;0;0;0;0;0;1;0;0;-3,817387800000000;-38,521053000000000
306910;6;1;2017;12:30;5379;RUA SOLON PINHEIRO;RUA PEDRO I;;0;;Colis?úo Lateral;Luz do Dia;Bom;Seca;N?úo Informado;N?úo H?í Controle;Comercial;0;0;2;1;0;0;0;0;0;0;0;0;-3,731738300000000;-38,526760000000000
306911;6;1;2017;14:34;0;RUA FRE MANSUETO;;;965;;Colis?úo Transversal;Luz do Dia;Bom;Seca;Meio de Quadra;N?úo H?í Controle;Comercial;0;1;1;1;0;0;0;0;0;0;0;0;-3,732745000000000;-38,488760000000000
306912;6;1;2017;15:36;0;AV BEIRA MAR;;;872;;Colis?úo Traseira;Luz do Dia;Bom;Seca;N?úo Informado;N?úo H?í Controle;Comercial;0;0;2;1;0;0;0;0;0;0;0;0;-3,720241000000000;-38,512115000000000
306913;6;1;2017;13:45;1661;RUA JOAQUIM NABUCO;RUA VICENTE LINHARES;;0;;Colis?úo Transversal;Luz do Dia;Bom;Seca;Cruz;Sem?íforo;Comercial;0;1;1;1;0;0;0;0;0;1;0;0;-3,741297000000000;-38,503197000000000
306914;6;1;2017;15:08;0;RUA PRO GOMES BRASIL;;;167;;Colis?úo Lateral;Luz do Dia;Bom;Seca;Meio de Quadra;N?úo H?í Controle;Residencial;0;1;2;1;0;0;0;0;0;1;0;0;-3,774257400000000;-38,567307000000000
306915;6;1;2017;13:45;15990;AV BENJAMIM BRASIL;RUA GASTAO JUSTA;;0;;Colis?úo Transversal;Luz do Dia;Bom;Seca;T;Pare;Comercial;0;1;1;1;0;0;0;0;0;1;0;0;-3,801260000000000;-38,498100000000000
306916;6;1;2017;16:30;25453;RUA DR JOSE FURTADO;RUA PEDRO FIRMEZA;;0;;Colis?úo Lateral;Luz do Dia;Bom;Seca;T;Pare;Residencial;0;0;2;1;0;0;0;0;0;0;0;0;-3,798265700000000;-38,488460000000000
306917;6;1;2017;17:30;0;AV AGUANAMBI;;;633;;Colis?úo Lateral;Anoitecer;Bom;Seca;Outros;N?úo H?í Controle;Comercial;0;2;1;0;0;0;0;0;0;1;0;0;-3,742208500000000;-38,525894000000000
306918;6;1;2017;18:30;9075;AV AGUANAMBI;RUA CEL JOSE EUCLIDES;;0;;Colis?úo Lateral;Via Iluminada;Bom;Seca;Cruz;Pare;Comercial;0;0;2;0;0;0;0;1;0;0;0;0;-3,752240000000000;-38,523500000000000
306919;6;1;2017;16:45;0;AV DES MOREIRA;;;2211;;Colis?úo Traseira;Via Iluminada;Bom;Seca;T;Sem?íforo;Comercial;0;0;2;1;0;0;0;0;0;0;0;0;-3,744979400000000;-38,501200000000000
306920;6;1;2017;20:09;1522;RUA EDUARDO GARCIA;RUA CEL JUCA;;0;;Colis?úo Traseira;Via Iluminada;Bom;Seca;Cruz;Pare;Residencial;0;0;2;1;0;0;0;0;0;1;0;0;-3,740485000000000;-38,492210000000000
306921;6;1;2017;20:00;12985;AV A CJ JOSE WALTER;AV L CJ JOSE WALTER;;0;;Colis?úo Transversal;Via Iluminada;Bom;Seca;Cruz;Pare;Comercial;0;1;1;1;0;0;0;0;0;1;0;0;-3,824328700000000;-38,555622000000000
306922;6;1;2017;20:49;19500;RUA ABEL RIBEIRO;TR SAO PEDRO D34;;0;;Colis?úo Transversal;Mal Iluminada;Bom;Seca;Cruz;Pare;Residencial;0;1;1;1;0;0;0;0;0;1;0;0;-3,781089500000000;-38,577330000000000
306923;6;1;2017;21:30;13414;AV ANTONIO SALES;RUA CARLOS VASCONCELOS;;0;;Colis?úo Transversal;Via Iluminada;Bom;Seca;Cruz;Sem?íforo;Comercial;0;0;4;1;0;0;0;0;0;1;0;0;-3,741906600000000;-38,513570000000000
306932;6;1;2017;15:00;185;RUA BALDUINO FREIRE;AV ENG SERRAINE;;0;;Colis?úo Transversal;Luz do Dia;Bom;Seca;Cruz;Pare;Residencial;0;3;0;0;0;0;0;0;0;1;0;0;-3,735299000000000;-38,585570000000000
306949;6;1;2017;19:09;1522;RUA EDUARDO GARCIA;RUA CEL JUCA;;0;;Colis?úo Transversal;Via Iluminada;Bom;Seca;Cruz;Pare;Residencial;0;0;2;1;0;0;0;0;0;0;0;0;-3,740493000000000;-38,492146000000000