COD_ACIDENTE;DIA;MES;ANO;HORA;INTERSECAO;LOG1;LOG2;LOG3;NUMERO;REFERENCIA;NATUREZA;ILUMINACAO;TEMPO;SUPERFICIEPISTA;TIPOCRUZAMENTO;CONTROLETRAFEGO;USOSOLO;MORTOS;FERIDOS;ILESOS;AUTOMOVEL;ONIBUS;BICICLETA;CAMINHAO;MICROONIBUS;CICLOMOTOR;MOTOCICLETA;TRACAOANIMAL;TREM;LATITUDE;LONGITUDE
306960;6;1;2017;16:06;0;AV ABOLICAO;;;3089;;Colis?úo Traseira;Luz do Dia;Bom;Seca;Meio de Quadra;N?úo H?í Controle;Residencial;0;0;2;1;0;0;0;0;0;0;0;0;-3,726795700000000;-38,491770000000000
306967;6;1;2017;14:59;12826;AV DOS EXPEDICIONARIOS;RUA ANDRE CHAVES;;0;;Colis?úo Transversal;Luz do Dia;Bom;Seca;Cruz;Sem?íforo;Residencial;0;1;2;1;1;0;0;0;0;0;0;0;-3,757393400000000;-38,538685000000000
306971;6;1;2017;22:51;26091;AV JOVITA FEITOSA;AV JOSE JATAHY;;0;;Colis?úo Transversal;Via Iluminada;Bom;Seca;Cruz;Sem?íforo;Comercial;0;0;2;1;0;0;0;0;0;0;0;0;-3,737534300000000;-38,543785000000000
306977;6;1;2017;20:52;9099;AV EDUARDO GIRAO;RUA MIN JOAQUIM BASTOS D14;;0;;Colis?úo Transversal;Via Iluminada;Bom;Seca;Cruz;Pare;Residencial;0;1;0;1;0;0;0;0;0;0;0;0;-3,755539700000000;-38,526287000000000
303838;6;1;2017;04:00;0;RUA ALBERTO MAGNO;;;542;;Colis?úo Lateral;Luz do Dia;Bom;Seca;Meio de Quadra;N?úo H?í Controle;Comercial;0;0;2;1;1;0;0;0;0;0;0;0;-3,760521000000000;-38,546178000000000
303861;6;1;2017;09:20;0;RUA DR ALFREDO WEYNE D14;;;0;;Colis?úo Lateral;Luz do Dia;Bom;Seca;Meio de Quadra;N?úo H?í Controle;Residencial;0;0;2;1;0;0;0;0;0;0;0;0;;
303857;6;1;2017;11:50;5206;RUA SAO JOSE D03;RUA SEN ALMIR PINTO;;0;;Colis?úo Lateral;Luz do Dia;Bom;Seca;Cruz;Pare;Comercial;0;0;2;1;0;0;0;0;0;1;0;0;-3,726414000000000;-38,523664000000000
303869;6;1;2017;13:20;0;AV FRE CIRILO;;;0;;Colis?úo Traseira;Luz do Dia;Bom;Seca;Meio de Quadra;N?úo H?í Controle;Comercial;0;0;2;1;0;0;1;0;0;0;0;0;;
303870;6;1;2017;23:45;0;AV FILOMENO GOMES;;;374;MARINHA;Choque c/ Obst?ículo Fixo;Via Iluminada;Bom;Seca;Meio de Quadra;N?úo H?í Controle;Residencial;0;0;1;1;0;0;0;0;0;0;0;0;-3,717884215000000;-38,541726603000000
303867;6;1;2017;16:10;5415;RUA GAL CLARINDO DE QUEIROZ;RUA FLORIANO PEIXOTO;;0;;Colis?úo Frontal;Luz do Dia;Bom;Seca;Cruz;Pare;Comercial;0;0;2;0;0;0;0;0;0;1;0;0;-3,733049000000000;-38,529027000000000
307209;6;1;2017;18:00;25697;RUA JOAO CORDEIRO;RUA ROCHA LIMA;;0;;Colis?úo Lateral;Luz do Dia;Bom;Seca;Cruz;Pare;Residencial;0;0;2;1;0;0;0;0;0;0;0;0;-3,737937700000000;-38,517250000000000
325433;6;1;2017;22:15;0;RD BR 116;;;14000;KM-14;Atropelamento de Animal;;;Seca;Meio de Quadra;;;0;0;1;0;0;0;0;1;0;0;0;0;-3,873523000000000;-38,499242000000000
316371;6;1;2017;07:40;0;AV SEN CARLOS JEREISSATI (AEROPORTO);;;0;KM 01;Colis?úo;Luz do Dia;Bom;Seca;Meio de Quadra;;;0;0;2;1;0;0;0;0;0;0;0;0;-3,783753000000000;-38,526850000000000
316374;6;1;2017;11:45;0;RD CE-040;;;0;KM-03;Colis?úo;Luz do Dia;Bom;Seca;Meio de Quadra;;;0;0;2;1;0;0;0;0;0;0;0;0;-3,782614325000000;-38,481083900000000
316377;6;1;2017;11:30;0;RD CE-040;;;0;KM-03;Colis?úo;Luz do Dia;Bom;Seca;Meio de Quadra;;;0;0;2;1;0;0;0;0;0;0;0;0;-3,782614325000000;-38,481083900000000
316382;6;1;2017;19:30;0;RD CE-040;;;0;KM-10;Colis?úo;;Bom;Seca;Meio de Quadra;;;0;1;1;1;0;0;0;0;1;0;0;0;-3,826379000000000;-38,481773000000000
316380;6;1;2017;15:38;0;RD CE-040;;;0;KM-08;Colis?úo;Luz do Dia;Bom;Seca;Meio de Quadra;;;0;1;1;1;0;0;0;0;0;1;0;0;-3,825515822000000;-38,481538320000000
316403;7;1;2017;09:10;0;RD CE-040;;;0;KM-05;Colis?úo;Luz do Dia;Bom;Seca;Meio de Quadra;;;0;0;2;0;0;0;0;0;0;0;0;0;-3,800595823000000;-38,479534630000000
316409;7;1;2017;17:30;0;RD CE-040;;;0;KM-05;Colis?úo;Anoitecer;Bom;Seca;Meio de Quadra;;;0;0;2;1;0;0;0;0;0;0;0;0;-3,800595823000000;-38,479534630000000
316410;7;1;2017;23:00;0;RD CE-040;;;0;KM-10;Colis?úo;;Bom;Seca;Meio de Quadra;;;0;2;1;0;0;0;0;0;0;0;0;0;-3,826380000000000;-38,481774000000000
316407;7;1;2017;15:40;0;RD CE-025;;;0;KM-01;Colis?úo;Luz do Dia;Bom;Seca;Meio de Quadra;;;0;0;3;1;0;0;0;0;0;1;0;0;-3,807811443000000;-38,470048600000000
316971;7;1;2017;06:30;0;AV SEN CARLOS JEREISSATI (AEROPORTO);;;0;KM 03;Colis?úo;Luz do Dia;Bom;Seca;Meio de Quadra;;;0;0;2;1;0;0;0;0;0;0;0;0;-3,779641000000000;-38,544038000000000
303880;7;1;2017;15:40;0;AV WASHINGTON LUIS;;;585;;Colis?úo;Luz do Dia;Bom;Seca;Meio de Quadra;N?úo H?í Controle;Residencial;0;1;1;1;0;0;0;0;0;1;0;0;-3,716229000000000;-38,593900000000000
303883;7;1;2017;13:30;24347;AV LUCIANO CARNEIRO;RUA DES PRAXEDES;;0;;Colis?úo Transversal;Luz do Dia;Bom;Seca;Cruz;Sem?íforo;Comercial;0;1;1;1;0;0;0;0;0;0;0;0;-3,764934000000000;-38,536679000000000
303848;7;1;2017;16:45;15280;RUA TEN BENEVOLO;RUA DR JOSE LOURENCO;;0;;Colis?úo Transversal;Luz do Dia;Bom;Seca;Cruz;Pare;Residencial;0;1;1;0;0;0;0;0;0;1;0;0;-3,729029000000000;-38,506010000000000
303850;7;1;2017;01:00;0;AV MIGUEL DIAS;;;50;;Colis?úo Lateral;Via Iluminada;Bom;Seca;Meio de Quadra;Sem?íforo Intermitente;Comercial;0;0;2;1;0;0;0;0;0;0;0;0;-3,757824000000000;-38,488333000000000
303852;7;1;2017;10:26;23606;RUA MAJ VERISSIMO;RUA BAR CRATO;;0;;Colis?úo Lateral;Luz do Dia;Bom;Seca;Cruz;Pare;Residencial;0;2;1;0;0;0;0;1;0;1;0;0;-3,722084000000000;-38,562705000000000
303909;7;1;2017;10:25;0;AV ANTONIO JUSTA;;;0;;Colis?úo;Luz do Dia;Bom;Seca;Meio de Quadra;N?úo H?í Controle;Comercial;0;0;2;1;0;0;0;0;0;0;0;0;;
303912;7;1;2017;14:21;19085;RUA SOLON ONOFRE;RUA AMELIA BENEBIEN;;0;;Colis?úo Transversal;Luz do Dia;Bom;Seca;Cruz;Pare;Residencial;0;0;2;1;0;0;0;0;0;0;0;0;-3,737398000000000;-38,474404000000000
303898;7;1;2017;09:18;0;AV ANTONIO JUSTA;;;0;;Colis?úo Traseira;Luz do Dia;Bom;Seca;Meio de Quadra;;Comercial;0;0;2;1;0;0;0;0;0;0;0;0;;
303839;7;1;2017;00:30;12520;RUA ALUISIO AZEVEDO;AV AUGUSTO DOS ANJOS;;0;;Choque c/ Obst?ículo Fixo;Via Iluminada;Nublado;Seca;Duplo T;Sem?íforo;Comercial;0;0;2;1;0;0;0;0;0;0;0;0;;
303821;7;1;2017;16:00;7816;RUA TIBURCIO CAVALCANTE;RUA MARCONDES PEREIRA;;0;;Colis?úo Lateral;Luz do Dia;Bom;Seca;Cruz;Pare;Residencial;0;0;2;1;0;0;0;0;0;1;0;0;-3,749447000000000;-38,506903000000000
303832;7;1;2017;09:50;13386;RUA JOAO BRIGIDO;RUA ANTONIO AUGUSTO;;0;;Colis?úo Transversal;Luz do Dia;Bom;Seca;Cruz;Pare;Residencial;0;1;1;1;0;0;0;0;0;1;0;0;-3,740279000000000;-38,516813000000000
303835;7;1;2017;08:00;0;AV FRANCISCO SA;;;3700;;Colis?úo Traseira;Luz do Dia;Bom;Seca;Meio de Quadra;Outros;Comercial;0;1;1;0;0;0;0;0;0;1;0;0;-3,717140000000000;-38,558133000000000
303842;7;1;2017;19:00;0;AV BEIRA MAR;;;2982;;Colis?úo Lateral;Via Iluminada;Bom;Seca;Meio de Quadra;N?úo H?í Controle;Comercial;0;0;2;1;0;0;0;0;0;0;0;0;-3,726083000000000;-38,495018000000000
303846;7;1;2017;02:00;5098;RUA SEN POMPEU;RUA CASTRO E SILVA;;0;;Colis?úo Lateral;Via Iluminada;Bom;Seca;Cruz;Sem?íforo;Comercial;0;0;2;1;0;0;0;0;0;0;0;0;-3,723468000000000;-38,528597000000000
303829;7;1;2017;13:30;0;AV SEN CARLOS JEREISSATI (AEROPORTO);;;3000;AEROPORTO;Colis?úo Traseira;Luz do Dia;Bom;Seca;Outros;N?úo H?í Controle;Outros;0;0;2;1;0;0;0;0;0;0;0;0;-3,780382000000000;-38,541414000000000
303830;7;1;2017;06:40;0;RUA BENI DE CARVALHO;;;768;;Choque c/ Obst?ículo Fixo;Luz do Dia;Bom;Seca;Meio de Quadra;N?úo H?í Controle;Comercial;0;0;1;1;0;0;0;0;0;0;0;0;-3,746482000000000;-38,493520000000000
306963;7;1;2017;19:59;0;AV BENJAMIM BRASIL;;;1080;;Colis?úo Lateral;Via Iluminada;Bom;Seca;Meio de Quadra;N?úo H?í Controle;Residencial;0;0;2;1;0;0;0;0;0;0;0;0;-3,805564200000000;-38,564890000000000
306933;7;1;2017;11:40;10988;RUA EQUADOR;RUA CON LIMA SUCUPIRA;;0;;Colis?úo Transversal;Luz do Dia;Bom;Seca;Cruz;Pare;Residencial;0;1;1;1;0;0;0;0;0;1;0;0;-3,777291500000000;-38,553555000000000
306934;7;1;2017;13:00;25165;AV ROGACIANO LEITE;RUA HENRIQUE DE CASTRO;;0;;Colis?úo Lateral;Luz do Dia;Bom;Seca;Cruz;Sem?íforo;Comercial;0;0;2;1;1;0;0;0;0;0;0;0;-3,776860000000000;-38,500706000000000
306935;7;1;2017;10:30;0;AV JOSE BASTOS;;;4350;;Engavetamento;Luz do Dia;Bom;Seca;Meio de Quadra;N?úo H?í Controle;Comercial;0;1;2;1;0;0;0;0;0;0;0;0;-3,756041800000000;-38,556680000000000
306936;7;1;2017;12:30;22090;RUA FRE MARCELINO;RUA PRO COSTA MENDES;;0;;Colis?úo Traseira;Luz do Dia;Bom;Seca;Cruz;Pare;Residencial;0;0;2;1;0;0;0;0;0;0;0;0;-3,747003000000000;-38,555233000000000
306937;7;1;2017;12:11;20277;RUA AMANCIO PEREIRA;RUA SAO TOMAZ DE AQUINO;;0;;Colis?úo Transversal;Luz do Dia;Bom;Seca;Cruz;N?úo H?í Controle;Residencial;0;1;2;1;0;0;0;0;0;1;0;0;-3,816735700000000;-38,523434000000000
306938;7;1;2017;15:32;0;RUA PDE PEDRO DE ALENCAR;;;2300;;Colis?úo Lateral;Luz do Dia;Bom;Seca;Outros;N?úo H?í Controle;Comercial;0;1;1;0;0;0;0;0;0;1;0;0;-3,848568400000000;-38,495056000000000
306939;7;1;2017;16:33;0;AV PRS CASTELO BRANCO;;;2930;;Colis?úo Traseira;Luz do Dia;Bom;Seca;Meio de Quadra;N?úo H?í Controle;Residencial;0;0;2;1;0;0;0;0;0;0;0;0;-3,711991500000000;-38,554500000000000
306940;7;1;2017;13:23;5728;AV DES GONZAGA;RUA ANTONIO DE CASTRO;;0;;Colis?úo Lateral;Luz do Dia;Bom;Seca;Cruz;Pare;Comercial;0;1;0;0;0;0;0;0;0;1;0;0;-3,732025600000000;-38,457390000000000
306941;7;1;2017;19:21;0;AV OLIVEIRA PAIVA;;;265;;Queda;Luz do Dia;Bom;Seca;Meio de Quadra;N?úo H?í Controle;Comercial;0;1;0;0;0;0;0;0;0;0;0;0;-3,798367300000000;-38,502380000000000
306942;7;1;2017;20:20;0;AV B CJ ESPERANCA;;;265;;Colis?úo Frontal;Via Iluminada;Bom;Seca;N?úo Informado;N?úo H?í Controle;Comercial;0;1;1;1;0;0;0;0;0;1;0;0;-3,817780500000000;-38,588170000000000
306943;7;1;2017;22:22;0;AV ALM BARROSO;;;0;;Colis?úo Traseira;Via Iluminada;Bom;Seca;Meio de Quadra;N?úo H?í Controle;Comercial;0;1;1;1;0;0;0;0;0;1;0;0;-3,720439000000000;-38,517570000000000
306946;7;1;2017;21:05;0;RUA JOSE HIPOLITO;;;1250;;Colis?úo Lateral;Via Iluminada;Bom;Seca;T;Pare;Comercial;0;0;2;1;0;0;0;0;0;0;0;0;-3,766438700000000;-38,557125000000000
306926;7;1;2017;05:18;3990;RUA PRO COSTA MENDES;AV PRO GOMES DE MATOS;;0;;Colis?úo Transversal;Via Iluminada;Bom;Seca;Cruz;Sem?íforo;Comercial;0;1;0;1;0;0;0;0;0;1;0;0;-3,757684700000000;-38,542755000000000
306927;7;1;2017;07:45;0;AV CARAPINIMA;;;2137;;Colis?úo Lateral;Luz do Dia;Bom;Seca;Meio de Quadra;N?úo H?í Controle;Comercial;0;0;2;1;0;0;0;0;0;1;0;0;-3,739380600000000;-38,539543000000000
306928;7;1;2017;08:38;5374;AV DUQ CAXIAS;RUA BAR RIO BRANCO;;0;;Colis?úo Lateral;Luz do Dia;Bom;Seca;Cruz;Sem?íforo;Comercial;0;0;2;1;0;0;0;0;0;1;0;0;-3,731799100000000;-38,529820000000000
306929;7;1;2017;09:09;21397;AV DES GONZAGA;RUA JOAOZITO ARRUDA;;0;;Colis?úo Transversal;Luz do Dia;Bom;Seca;Rotat??ria;N?úo H?í Controle;Residencial;0;2;1;1;0;0;0;0;0;1;0;0;-3,801605500000000;-38,496820000000000
306930;7;1;2017;09:10;1453;AV RUI BARBOSA;AV HERACLITO GRACA;;0;;Colis?úo Transversal;Luz do Dia;Bom;Seca;Cruz;Sem?íforo;Comercial;0;1;1;1;0;0;0;0;0;0;0;0;-3,738146000000000;-38,510612000000000
306931;7;1;2017;10:17;0;RUA MAJ FACUNDO;;;2002;;Colis?úo Lateral;Luz do Dia;Bom;N?úo informada;Meio de Quadra;N?úo H?í Controle;Residencial;0;0;2;1;0;0;0;0;0;0;0;0;-3,740458700000000;-38,532010000000000
306791;7;1;2017;20:46;20167;RUA PEDRO SAMPAIO;RUA PRO MOREIRA DE SOUSA (PASSARE);;0;;Colis?úo Transversal;Via Iluminada;Bom;Seca;Cruz;N?úo H?í Controle;Residencial;0;0;2;1;0;0;0;0;0;0;0;0;-3,812340500000000;-38,526955000000000
317322;7;1;2017;01:25;0;AV GAL OSORIO DE PAIVA;;;7830;;Atropelamento;;;;Meio de Quadra;;;0;1;0;0;0;0;0;0;0;0;0;0;-3,820553000000000;-38,617411000000000
317323;7;1;2017;04:51;0;AV RAD JOSE LIMA VERDE;;;1009;;Colis?úo;;;;Meio de Quadra;;;0;0;1;1;0;1;0;0;0;0;0;0;-3,701042000000000;-38,589180000000000
317326;7;1;2017;08:03;0;RUA BAR RIO BRANCO;;;0;;Colis?úo;Luz do Dia;;;Meio de Quadra;;;0;1;0;1;0;0;0;1;0;0;0;0;;
317329;7;1;2017;08:51;0;AV ZEZE DIOGO;;;0;;Colis?úo;Luz do Dia;;;Meio de Quadra;;;0;1;0;1;0;0;0;0;0;1;0;0;;
317330;7;1;2017;09:03;0;RUA ANTONIO ARRUDA;;;1138;;Colis?úo;Luz do Dia;;;Meio de Quadra;;;0;1;0;1;0;0;0;0;0;1;0;0;-3,717304000000000;-38,593182000000000
317332;7;1;2017;11:16;0;RUA TEODOMIRO DE CASTRO;;;4585;;Choque c/ Obst?ículo Fixo;Luz do Dia;;;Meio de Quadra;;;0;1;0;0;0;0;0;0;0;1;0;0;-3,718175000000000;-38,573432000000000
317334;7;1;2017;11:22;0;RUA CEL JUCA;;;677;;Colis?úo;Luz do Dia;;;Meio de Quadra;;;0;1;0;1;0;0;0;0;0;1;0;0;;
317335;7;1;2017;11:37;0;RUA CEL JOAO OLIVEIRA;;;0;;Colis?úo;Luz do Dia;;;Meio de Quadra;;;0;1;0;1;0;0;0;0;0;1;0;0;;
317337;7;1;2017;12:30;0;RUA ANA GONCALVES;;;338;;Colis?úo;Luz do Dia;;;Meio de Quadra;;;0;1;0;0;0;0;0;0;0;1;0;0;-3,759536000000000;-38,512685000000000
317338;7;1;2017;12:48;0;RUA SAO PAULO;;;453;;Colis?úo;Luz do Dia;;;Meio de Quadra;;;0;1;0;0;0;0;0;0;0;0;0;0;-3,725252000000000;-38,529917000000000
317339;7;1;2017;13:38;0;RUA GOIANIA;;;2417;;Atropelamento;Luz do Dia;;;Meio de Quadra;;;0;1;0;0;0;0;0;0;0;0;0;0;;
317348;7;1;2017;17:43;0;RUA CASTRO E SILVA;;;338;;Colis?úo;Anoitecer;;;Meio de Quadra;;;0;1;0;1;0;0;0;0;0;1;0;0;-3,723493000000000;-38,528519000000000
317349;7;1;2017;18:44;0;RUA EMILIANO DE ALMEIDA BRAGA;;;1055;;Colis?úo;;;;Meio de Quadra;;;0;1;0;0;0;0;0;0;0;0;0;0;;
317351;7;1;2017;19:14;0;AV RAD JOSE LIMA VERDE;;;0;;Colis?úo;;;;Meio de Quadra;;;0;1;0;1;0;0;0;0;0;1;0;0;;
317354;7;1;2017;19:19;0;AV PRS COSTA E SILVA;;;1578;;Colis?úo;;;;Meio de Quadra;;;0;1;0;0;1;0;0;0;0;1;0;0;;
317356;7;1;2017;19:33;0;RUA A (GRANJA LISBOA);;;1114;;Colis?úo;;;;Meio de Quadra;;;0;1;0;0;0;0;0;0;0;1;0;0;;
317359;7;1;2017;20:33;0;RUA CASTRO DE ALENCAR;;;1320;;Colis?úo;;;;Meio de Quadra;;;0;1;0;0;0;0;0;0;0;1;0;0;-3,782457000000000;-38,504587000000000
317361;7;1;2017;21:38;0;AV DES MOREIRA;;;190;;Colis?úo;;;;Meio de Quadra;;;0;1;0;1;0;0;0;0;0;1;0;0;-3,728630000000000;-38,495884000000000
317362;7;1;2017;21:47;0;AV JOAO PESSOA;;;6745;;Queda;;;;Meio de Quadra;;;0;1;0;0;0;0;0;0;0;1;0;0;-3,770199000000000;-38,561031000000000
294582;7;1;2017;14:15;0;RUA AMAZONAS;;;327;;Colis?úo;Luz do Dia;;;Meio de Quadra;;;1;0;1;0;0;0;0;0;0;1;0;0;-3,755878000000000;-38,560335000000000
317363;8;1;2017;00:43;0;RUA CAP BRASIL;;;110;;Queda;;;;Meio de Quadra;;;0;1;0;0;0;0;0;0;0;1;0;0;-3,735296000000000;-38,586381000000000
317364;8;1;2017;00:45;0;AV MR HULL;;;0;;Atropelamento;;;;Meio de Quadra;;;0;1;0;1;0;0;0;0;0;0;0;0;;
317368;8;1;2017;05:08;0;AV GENIBAU;;;1835;;Colis?úo;Amanhecer;;;Meio de Quadra;;;0;1;0;1;0;0;0;0;0;0;0;0;-3,757870600000000;-38,602368600000000
317369;8;1;2017;06:06;0;RUA NOSSA SRA DAS GRACAS;;;410;;Queda;Luz do Dia;;;Meio de Quadra;;;0;1;0;0;0;0;0;0;0;1;0;0;-3,710656000000000;-38,552034000000000
317370;8;1;2017;06:14;0;AV WASHINGTON SOARES;;;1312;;Queda;Luz do Dia;;;Meio de Quadra;;;0;1;0;0;0;0;0;0;0;1;0;0;;
317371;8;1;2017;08:42;0;RUA 206 CJ SAO CRISTOVAO;;;0;;Colis?úo;Luz do Dia;;;Meio de Quadra;;;0;0;1;1;0;0;0;0;0;1;0;0;;
317366;8;1;2017;02:28;0;RUA JULIO VERNE;;;467;;Queda;;;;Meio de Quadra;;;0;1;0;0;0;0;0;0;0;1;0;0;-3,775106000000000;-38,553812000000000
317373;8;1;2017;10:51;25044;AV ENG HUMBERTO MONTE;RUA ARGENTINA;;0;;Colis?úo;Luz do Dia;;;T;Sem?íforo;Comercial;0;1;0;1;0;1;0;0;0;0;0;0;-3,746008000000000;-38,563090000000000
317374;8;1;2017;14:48;0;RUA CON LIMA SUCUPIRA;;;2388;;Atropelamento;Luz do Dia;;;Meio de Quadra;;;0;1;0;1;0;0;0;0;0;0;0;0;-3,776251000000000;-38,557012000000000
317376;8;1;2017;15:55;7816;RUA TIBURCIO CAVALCANTE;RUA MARCONDES PEREIRA;;0;;Colis?úo;Luz do Dia;;;Cruz;Pare;Residencial;0;1;0;1;0;0;0;0;0;1;0;0;-3,749447000000000;-38,506903000000000
317378;8;1;2017;16:52;11339;AV GODOFREDO MACIEL;AV BENJAMIM BRASIL;;0;;Colis?úo;Luz do Dia;;;Cruz;Sem?íforo;Comercial;0;1;0;1;0;0;0;0;0;1;0;0;-3,803264000000000;-38,572040000000000
317380;8;1;2017;18:04;0;AV CARAPINIMA;;;0;;Colis?úo;Anoitecer;;;Meio de Quadra;;;0;1;0;1;0;0;0;0;0;1;0;0;;
317383;8;1;2017;18:17;0;RUA CEL QUEIROZ;;;750;;Colis?úo;Anoitecer;;;Meio de Quadra;;;0;1;0;1;0;0;0;0;0;1;0;0;;
317385;8;1;2017;18:43;0;AV MR HULL;;;4711;;Colis?úo;;;;Meio de Quadra;;;0;1;0;0;0;0;0;0;0;0;0;0;-3,738916000000000;-38,586585000000000
317387;8;1;2017;19:24;0;RUA SGT JOAO PINHEIRO;;;1403;;Colis?úo;;;;Meio de Quadra;;;0;1;0;0;0;0;1;0;0;1;0;0;-3,785377000000000;-38,623506000000000
317388;8;1;2017;20:35;0;RUA 113 CJ TUPAN MIRIM;;;25;;Atropelamento;;;;Meio de Quadra;;;0;1;0;1;0;0;0;0;0;0;0;0;-3,799167000000000;-38,547029000000000
317390;8;1;2017;20:36;0;RUA MARGINAL VERDE OESTE;;;6553;;Queda;;;;Meio de Quadra;;;0;1;0;0;0;0;0;0;0;1;0;0;-3,776348200000000;-38,590068900000000
317392;8;1;2017;20:41;0;RUA GONCALO SOUTO;;;292;;Atropelamento;;;;Meio de Quadra;;;0;1;0;0;0;0;0;0;0;1;0;0;-3,768278000000000;-38,530582000000000
317394;8;1;2017;20:43;0;RUA DOMINGOS JAGUARIBE;;;293;;Queda;;;;Meio de Quadra;;;0;1;0;0;0;0;0;0;0;1;0;0;-3,767400000000000;-38,530979000000000
317395;8;1;2017;22:27;0;RUA ISMAEL PORDEUS;;;681;;Queda;;;;Meio de Quadra;;;0;1;0;0;0;0;0;0;0;1;0;0;-3,722770800000000;-38,468592600000000
317396;8;1;2017;22:31;0;AV DR SILAS MUNGUBA;;;3490;MULTIPOSTO;Queda;;;;Meio de Quadra;;;0;1;0;0;0;0;0;0;0;1;0;0;-3,789758000000000;-38,542143000000000
306947;8;1;2017;09:55;0;RUA 206 CJ CEARA;RUA 212 CJ CEARA;;0;;Colis?úo Transversal;Luz do Dia;Chuva;Seca;Cruz;Pare;Residencial;0;1;1;0;0;0;0;0;0;0;0;0;-3,833017300000000;-38,523582000000000
306948;8;1;2017;13:21;12426;AV SEN FERNANDES TAVORA;RUA RIBEIRO LEITAO;;0;;Colis?úo Lateral;Luz do Dia;Nublado;Seca;Cruz;Pare;Comercial;0;0;2;1;0;0;0;0;0;0;0;0;-3,764364000000000;-38,578053000000000
306944;8;1;2017;08:13;12814;RUA ALBERTO MAGNO;RUA DELMIRO FARIAS;;0;;Colis?úo Transversal;Luz do Dia;Chuva;Molhada;Cruz;Pare;Comercial;0;0;2;1;0;0;0;0;0;0;0;0;-3,755433800000000;-38,541653000000000
306945;8;1;2017;09:15;13324;AV JOAO DE ARAUJO LIMA;AV H CJ JOSE WALTER;;0;;Colis?úo Traseira;Luz do Dia;Chuva;Molhada;Cruz;Sem?íforo;Lazer;0;0;2;1;0;0;0;0;0;0;0;0;-3,817949300000000;-38,557170000000000
306958;8;1;2017;18:23;1306;RUA TORRES CAMARA;RUA MON BRUNO;;0;;Colis?úo Traseira;Via Iluminada;Bom;Seca;Cruz;Pare;Comercial;0;1;1;1;0;0;0;0;0;0;0;0;-3,734591200000000;-38,510204000000000
306950;8;1;2017;17:36;0;AV FRE CIRILO;;;0;;Colis?úo Traseira;Luz do Dia;Bom;Seca;Meio de Quadra;N?úo H?í Controle;Comercial;0;0;1;1;0;0;0;0;0;1;0;0;-3,818647600000000;-38,496918000000000
306951;8;1;2017;18:05;20128;RUA PRO JOSE SILVEIRA;RUA TRAJANO DE MORAES;;0;;Colis?úo Lateral;Via Iluminada;Bom;Seca;Cruz;Pare;Residencial;0;1;1;1;0;0;0;0;0;1;0;0;-3,810068400000000;-38,523457000000000
306952;8;1;2017;19:07;25022;AV H CJ CEARA;RUA TEODORO DE CASTRO;;0;;Colis?úo Frontal;Via Iluminada;Bom;Seca;Duplo T;Pare;Residencial;0;0;2;0;0;0;0;0;0;0;0;0;-3,776573400000000;-38,616337000000000
306954;8;1;2017;19:48;21613;RUA CON DE CASTRO;RUA JOAO RAMALHO;;0;;Colis?úo Traseira;Via Iluminada;Bom;Seca;T;Pare;Comercial;0;0;2;1;0;0;0;0;0;0;0;0;-3,799619400000000;-38,587154000000000
303847;8;1;2017;22:45;15268;RUA BARBOSA DE FREITAS;RUA SILVA JATAHY;;0;;Colis?úo Lateral;Via Iluminada;Bom;Seca;Com Via F?®rrea;Pare;Residencial;0;1;1;1;0;0;0;0;0;1;0;0;-3,728670000000000;-38,494835000000000
303845;8;1;2017;06:20;0;RUA SEN POMPEU;;;2920;;Colis?úo Traseira;Amanhecer;Chuva;Molhada;Meio de Quadra;Sem?íforo;Comercial;0;0;2;1;0;0;0;0;0;0;0;0;-3,744390000000000;-38,534929000000000
303853;8;1;2017;17:50;3819;AV CARAPINIMA;RUA JUVENAL GALENO;;0;;Colis?úo Transversal;Anoitecer;Bom;Seca;Cruz;Sem?íforo;Residencial;0;1;1;0;0;0;0;0;0;1;0;0;-3,738998000000000;-38,539176000000000
303854;8;1;2017;20:40;0;RUA RIO GRANDE DO SUL;;;182;;Colis?úo Traseira;Via Iluminada;Bom;Seca;Meio de Quadra;N?úo H?í Controle;Residencial;0;0;1;1;0;0;0;0;0;0;0;0;-3,750856000000000;-38,562048000000000
303851;8;1;2017;11:10;15255;RUA TEN BENEVOLO;RUA MON BRUNO;;0;;Colis?úo Transversal;Luz do Dia;Nublado;Seca;Cruz;Pare;Residencial;0;0;2;0;0;0;0;0;0;1;0;0;-3,728332000000000;-38,508124000000000
303859;8;1;2017;02:00;17513;AV ABOLICAO;RUA PEDRO RUFINO D48;;0;;Colis?úo Transversal;Via Iluminada;Bom;Seca;Cruz;Pare;Comercial;0;0;2;1;1;0;0;0;0;0;0;0;-3,726087000000000;-38,487572000000000
316413;8;1;2017;21:05;0;RD CE-040;;;0;KM-04;Colis?úo;;Bom;Seca;Meio de Quadra;;;0;3;1;1;0;0;0;0;0;0;0;0;-3,791613156000000;-38,480330840000000
316411;8;1;2017;17:40;0;RD CE-040;;;0;KM-08;Colis?úo;Anoitecer;Bom;Seca;Meio de Quadra;;;0;0;2;1;0;0;0;0;0;0;0;0;-3,825515822000000;-38,481538320000000