COD_ACIDENTE;DIA;MES;ANO;HORA;INTERSECAO;LOG1;LOG2;LOG3;NUMERO;REFERENCIA;NATUREZA;ILUMINACAO;TEMPO;SUPERFICIEPISTA;TIPOCRUZAMENTO;CONTROLETRAFEGO;USOSOLO;MORTOS;FERIDOS;ILESOS;AUTOMOVEL;ONIBUS;BICICLETA;CAMINHAO;MICROONIBUS;CICLOMOTOR;MOTOCICLETA;TRACAOANIMAL;TREM;LATITUDE;LONGITUDE
325434;8;1;2017;18:55;0;RD BR 222;;;0;KM-02;Choque c/ Obst?ículo Fixo;;;Seca;Meio de Quadra;;;0;1;0;1;0;0;0;0;0;0;0;0;-3,739009045000000;-38,587039670000000
316418;9;1;2017;12:15;0;RD CE-040;;;0;KM-01;Colis?úo;Luz do Dia;Bom;Seca;Meio de Quadra;;;0;1;1;0;0;0;0;0;0;1;0;0;-3,764650449000000;-38,482583040000000
316419;9;1;2017;14:40;0;AV MIN JOSE AMERICO;;;0;;Colis?úo;Luz do Dia;Bom;Seca;Meio de Quadra;;;0;0;2;1;0;0;0;0;0;0;0;0;;
316966;9;1;2017;22:12;6737;AV PDE ANTONIO TOMAS;AV ENG SANTANA JUNIOR;;0;;Queda;;;;Outros;N?úo H?í Controle;Comercial;0;1;0;0;0;0;0;0;0;1;0;0;-3,743981000000000;-38,488012000000000
316956;9;1;2017;19:04;13437;RUA ILDEFONSO ALBANO;RUA ADOLFO SIQUEIRA;;0;;Colis?úo;;;;;;;0;1;1;0;0;0;0;0;0;1;0;0;-3,743003000000000;-38,516488000000000
316957;9;1;2017;20:40;0;AV GAL OSORIO DE PAIVA;;;7634;;Atropelamento;;;;Meio de Quadra;;;0;1;1;0;0;0;0;0;0;1;0;0;-3,818992000000000;-38,615869000000000
316961;9;1;2017;20:52;0;AV ALM MAXIMIANO DA FONSECA;;;1193;;Colis?úo;;;;Meio de Quadra;;;0;1;1;0;0;0;0;0;0;0;0;0;-3,771258000000000;-38,485002000000000
316888;9;1;2017;18:32;1735;RUA CAP CLOVIS MAIA;RUA MAJ GERARDO MENDES;;0;;Colis?úo;;;;Cruz;Pare;Residencial;0;1;1;1;0;0;0;0;0;1;0;0;-3,768322000000000;-38,512820000000000
316889;9;1;2017;18:51;0;AV MAJ ASSIS;;;0;;Colis?úo;;;;Meio de Quadra;;;0;1;1;1;0;0;0;0;0;1;0;0;;
316886;9;1;2017;18:32;9358;RUA ALBERTO DE OLIVEIRA;RUA COS LAFAYETE;;0;;Colis?úo;;;;;Pare;Comercial;0;1;1;1;0;0;0;0;0;1;0;0;-3,718321000000000;-38,579371000000000
316880;9;1;2017;17:48;0;AV DO PASSARE;;;96;;Queda;Anoitecer;;;Meio de Quadra;;;0;1;0;0;0;0;0;0;0;1;0;0;;
316883;9;1;2017;18:00;21847;RUA DEP MATOSO FILHO;AV GODOFREDO PIMENTEL;;0;;Colis?úo;Anoitecer;;;;;;0;3;1;1;0;0;0;0;0;1;0;0;-3,731915000000000;-38,589249000000000
316873;9;1;2017;17:18;0;AV GOV RAUL BARBOSA;;;0;;Colis?úo;Anoitecer;;;Meio de Quadra;;;0;1;1;0;0;0;0;0;0;1;0;0;;
316839;9;1;2017;09:55;0;AV DEP PAULINO ROCHA;;;1341;;Colis?úo;Luz do Dia;;;Meio de Quadra;;;0;1;1;0;0;0;0;0;0;1;0;0;-3,810997000000000;-38,510012000000000
316871;9;1;2017;17:18;0;AV PRUDENTE BRASIL;;;770;;Colis?úo;Anoitecer;;;Meio de Quadra;;;0;1;1;1;0;0;0;0;0;1;0;0;-3,809503000000000;-38,534366000000000
316867;9;1;2017;17:13;0;RUA PDE PERDIGAO SAMPAIO;;;401;;Queda;Anoitecer;;;Meio de Quadra;;;0;2;0;0;0;0;0;0;0;1;0;0;;
316856;9;1;2017;16:04;0;RUA DOS ESTADOS;;;677;;Colis?úo;Luz do Dia;;;Meio de Quadra;;;0;1;1;1;0;0;0;0;0;1;0;0;-3,753197000000000;-38,562388000000000
316864;9;1;2017;16:50;0;RUA VER ZELIA C DE SOUZA;;;775;;Colis?úo;Luz do Dia;;;Meio de Quadra;;;0;1;1;1;0;0;0;0;0;1;0;0;;
316858;9;1;2017;16:33;26268;RUA COS TRISTAO;RUA PDE BARBOSA DE JESUS;;0;;Colis?úo;Luz do Dia;;;Cruz;Pare;Comercial;0;1;1;1;0;0;0;0;0;1;0;0;-3,748501000000000;-38,529890000000000
316847;9;1;2017;10:48;0;AV PERIMETRAL;;;3391;;Atropelamento;Luz do Dia;;;Meio de Quadra;;;0;1;1;1;0;0;0;0;0;0;0;0;;
316849;9;1;2017;12:11;0;AV DOMINGOS OLIMPIO;;;2317;;Colis?úo;Luz do Dia;;;Meio de Quadra;;;0;1;1;0;0;0;0;0;0;1;0;0;-3,733315000000000;-38,544081000000000
316850;9;1;2017;12:34;0;RUA BARROS LEAL;;;2292;;Colis?úo;Luz do Dia;;;Meio de Quadra;;;0;1;1;0;0;0;1;0;0;1;0;0;-3,754509000000000;-38,519154000000000
316851;9;1;2017;12:40;0;RUA SEBASTIAO DE ABREU;;;0;;Colis?úo;Luz do Dia;;;Meio de Quadra;;;0;1;1;1;0;0;0;0;0;1;0;0;;
316852;9;1;2017;13:12;4822;RUA ITATIAIA;RUA 04 UI 705;;0;;Colis?úo;Luz do Dia;;;;;;0;1;1;1;0;0;0;0;0;1;0;0;-3,808347000000000;-38,602216000000000
316853;9;1;2017;14:58;0;RUA MON AGOSTINHO;;;1466;;Colis?úo;Luz do Dia;;;Meio de Quadra;;;0;1;1;0;0;0;0;0;0;1;0;0;-3,794935000000000;-38,589418000000000
316854;9;1;2017;15:27;0;AV GAL OSORIO DE PAIVA;;;0;;Colis?úo;Luz do Dia;;;Meio de Quadra;;;0;1;1;0;0;0;0;0;0;1;0;0;;
316843;9;1;2017;10:16;0;AV GODOFREDO MACIEL;;;5833;;Colis?úo;Luz do Dia;;;Meio de Quadra;;;0;1;1;1;0;0;0;0;0;0;0;0;-3,825483000000000;-38,579182000000000
316821;9;1;2017;07:32;0;RUA ISABEL MAIA ALENCAR;;;407;;Atropelamento;Luz do Dia;;;Meio de Quadra;;;0;1;1;1;0;0;0;0;0;0;0;0;-3,815221300000000;-38,476712300000000
316829;9;1;2017;08:24;0;RD BR 116;;;3000;KM-03;Colis?úo;Luz do Dia;;;Meio de Quadra;;;0;1;1;0;0;0;0;0;0;0;0;0;-3,779838000000000;-38,514372000000000
316824;9;1;2017;07:48;15185;AV BEIRA MAR;AV DES MOREIRA;;0;;Atropelamento;Luz do Dia;;;T;Pare;Comercial;0;1;1;1;0;0;0;0;0;0;0;0;-3,726073000000000;-38,495100000000000
316812;9;1;2017;03:18;0;RUA VALTER A M GONCALVES;;;352;;Queda;;;;Meio de Quadra;;;0;1;0;0;0;0;0;0;0;1;0;0;;
316807;9;1;2017;00:58;0;RUA MIGUEL ARAGAO;;;0;;Queda;;;;Meio de Quadra;;;0;2;0;0;0;0;0;0;0;1;0;0;;
303849;9;1;2017;23:10;7733;AV JOAO PESSOA;RUA BAR SOBRAL;;0;;Colis?úo;Via Iluminada;Nublado;Molhada;Cruz;Sem?íforo;Rural;0;2;0;1;0;0;0;0;0;1;0;0;;
303882;9;1;2017;12:15;17315;RUA PDE JOAO PIAMARTA;RUA JOAQUIM PIMENTA;;0;;;Luz do Dia;Bom;Seca;Outros;Pare;Lazer;0;1;1;1;0;0;0;0;0;0;0;0;-3,762866000000000;-38,543546000000000
303873;9;1;2017;10:50;0;AV N CJ JOSE WALTER;;;1930;;Atropelamento;Luz do Dia;Bom;Seca;Meio de Quadra;Outros;Residencial;0;2;0;1;0;0;0;0;0;0;0;0;;
303895;9;1;2017;14:40;0;AV PONTES VIEIRA;;;1485;;Colis?úo Lateral;Luz do Dia;Bom;Seca;Meio de Quadra;N?úo H?í Controle;Comercial;0;2;0;1;1;0;0;0;0;0;0;0;-3,752061000000000;-38,507830000000000
303901;9;1;2017;10:00;0;RUA SAO JOSE D22;;;183;;Colis?úo Lateral;Luz do Dia;Nublado;Seca;Meio de Quadra;Pare;Comercial;0;2;0;1;0;0;0;0;0;0;0;0;;
303902;9;1;2017;11:10;5468;RUA BAR ARATANHA;RUA ANTONIO POMPEU;;0;;Colis?úo;Luz do Dia;Bom;Seca;Cruz;Sem?íforo Intermitente;Residencial;0;2;0;1;0;0;0;0;0;0;0;0;-3,735826000000000;-38,527351000000000
303904;9;1;2017;15:26;15141;AV MON TABOSA;RUA CARLOS VASCONCELOS;;0;;Colis?úo Lateral;Luz do Dia;Bom;Seca;Cruz;Sem?íforo;Comercial;0;2;0;1;0;0;0;0;0;0;0;0;-3,724289000000000;-38,507985000000000
303907;9;1;2017;08:30;5415;RUA GAL CLARINDO DE QUEIROZ;RUA FLORIANO PEIXOTO;;0;;Colis?úo Lateral;Luz do Dia;Bom;Seca;Cruz;Pare;Comercial;0;2;0;0;0;0;0;0;0;1;0;0;-3,733049000000000;-38,529027000000000
303917;9;1;2017;09:40;0;RUA PDE IBIAPINA;;;1696;;Colis?úo Traseira;Luz do Dia;Bom;Seca;Meio de Quadra;Sem?íforo;Comercial;0;2;0;0;0;0;0;0;0;1;0;0;-3,730466000000000;-38,539979000000000
303918;9;1;2017;19:40;0;AV AGUANAMBI;;;1753;;Colis?úo Traseira;Via Iluminada;Bom;Seca;Meio de Quadra;N?úo H?í Controle;Comercial;0;2;0;1;0;0;0;0;0;1;0;0;-3,752502000000000;-38,523393000000000
303955;9;1;2017;21:50;23686;RUA DOM HENRIQUE;RUA COM GARCIA;;0;;Colis?úo Transversal;Via Iluminada;Bom;Seca;Cruz;Pare;Comercial;0;2;2;1;0;0;0;0;0;1;0;0;-3,789291000000000;-38,579660000000000
306955;9;1;2017;06:40;0;AV ROGACIANO LEITE;RUA FRANCISCO C MENDES;;2407;;Choque c/ Obst?ículo Fixo;Luz do Dia;Bom;Seca;Meio de Quadra;Pare;Comercial;0;1;0;0;0;0;0;0;0;1;0;0;-3,776197200000000;-38,500400000000000
306956;9;1;2017;08:06;0;RUA CAP ARAGAO;;;179;;Colis?úo Lateral;Luz do Dia;Nublado;Seca;Meio de Quadra;N?úo H?í Controle;Residencial;0;0;2;0;1;0;0;0;0;0;0;0;-3,765610200000000;-38,516670000000000
306957;9;1;2017;08:20;19675;RUA CRUZ SALDANHA;RUA GUSTAVO SAMPAIO;;0;;Colis?úo Transversal;Luz do Dia;Bom;Seca;Cruz;Pare;Comercial;0;0;2;1;0;0;0;0;0;0;0;0;-3,734797500000000;-38,554060000000000
306959;9;1;2017;10:17;23453;RUA PAULO FIRMEZA;RUA CAP MELO;;0;;Colis?úo Transversal;Luz do Dia;Nublado;Seca;Cruz;Pare;Residencial;0;1;1;1;0;0;0;0;0;1;0;0;-3,757088000000000;-38,512794000000000
306961;9;1;2017;11:07;0;AV VICENTE DE CASTRO;;;4813;;Colis?úo Lateral;Luz do Dia;Bom;N?úo informada;Meio de Quadra;N?úo H?í Controle;Residencial;0;0;2;1;0;0;0;0;0;0;0;0;-3,720733200000000;-38,477646000000000
306962;9;1;2017;10:00;9072;AV PONTES VIEIRA;AV VIS RIO BRANCO;;0;;Colis?úo Transversal;Luz do Dia;Bom;Seca;Cruz;Sem?íforo;Comercial;0;0;2;1;0;0;0;0;0;1;0;0;-3,753271600000000;-38,520540000000000
306964;9;1;2017;14:03;0;RUA DAMIAO FERNANDES;;;1012;;Colis?úo Lateral;Luz do Dia;Bom;Seca;T;Pare;Comercial;0;0;2;0;0;0;0;0;0;0;0;0;-3,744979100000000;-38,563667000000000
306965;9;1;2017;14:22;0;RUA ALBERTO MAGNO;;;544;;Colis?úo Traseira;Luz do Dia;Bom;Seca;Meio de Quadra;N?úo H?í Controle;Comercial;0;0;2;1;0;0;0;1;0;0;0;0;-3,760454700000000;-38,546173000000000
306966;9;1;2017;13:20;9153;AV 13 DE MAIO;RUA PAULA RODRIGUES;;0;;Engavetamento;Luz do Dia;Bom;Seca;T;Sem?íforo;Comercial;0;0;3;1;0;0;0;0;0;0;0;0;-3,752483400000000;-38,526260000000000
306972;9;1;2017;16:16;22073;RUA MAJ PEDRO SAMPAIO;RUA JOSE FACANHA;;0;;Colis?úo Lateral;Luz do Dia;Bom;Seca;Cruz;Pare;Residencial;0;0;2;1;0;0;0;0;0;0;0;0;-3,751049800000000;-38,558235000000000
306973;9;1;2017;16:20;15343;RUA PEREIRA FILGUEIRAS;RUA NUNES VALENTE;;0;;Colis?úo Transversal;Luz do Dia;Bom;Molhada;Cruz;Sem?íforo;Residencial;0;0;2;1;0;0;0;0;0;0;0;0;-3,731962000000000;-38,502340000000000
306974;9;1;2017;17:12;3788;RUA WALDERY UCHOA;RUA PDE FRANCISCO PINTO;;0;;Colis?úo Transversal;Luz do Dia;Bom;Seca;Cruz;Pare;Residencial;0;0;2;1;0;0;0;0;0;0;0;0;-3,744399800000000;-38,539093000000000
306975;9;1;2017;16:35;24229;AV ENG SANTANA JUNIOR;AV ENG ALBERTO SA;;0;;Colis?úo Lateral;Luz do Dia;Bom;Seca;Cruz;Sem?íforo;Comercial;0;0;2;1;1;0;0;0;0;0;0;0;-3,733563000000000;-38,480910000000000
306976;9;1;2017;17:40;0;AV DES MOREIRA;;;2889;;Colis?úo Traseira;Anoitecer;Bom;Seca;Meio de Quadra;Sem?íforo;Residencial;0;0;2;1;0;0;0;0;0;0;0;0;-3,751932600000000;-38,503387000000000
306968;9;1;2017;14:30;0;RUA SAO JOSE D22;RUA COSTA BARROS;;0;;Colis?úo Lateral;Luz do Dia;Bom;Seca;Cruz;Pare;Comercial;0;0;1;1;0;0;0;0;0;0;0;0;-3,726310000000000;-38,524080000000000
306969;9;1;2017;14:33;5463;RUA DNA LEOPOLDINA;RUA BARBARA DE ALENCAR;;0;;Colis?úo Traseira;Luz do Dia;Bom;Seca;Cruz;Pare;Comercial;0;0;2;1;0;0;0;0;0;0;0;0;-3,735571100000000;-38,521076000000000
306970;9;1;2017;13:30;0;RUA ANTONIO AUGUSTO;RUA AQUILES BEVILAQUA;;0;;Colis?úo Transversal;Luz do Dia;Bom;Seca;T;Pare;Residencial;0;0;1;1;0;0;0;0;0;0;0;0;-3,743860500000000;-38,518097000000000
306978;9;1;2017;20:05;21624;RUA CON DE CASTRO;RUA PIRAJUI;;0;;Colis?úo Traseira;Via Iluminada;Bom;Seca;T;N?úo H?í Controle;Comercial;0;0;2;1;0;0;0;0;0;0;0;0;-3,802374100000000;-38,589596000000000
306979;9;1;2017;16:30;0;RUA PDE VALDEVINO;;;2635;;Colis?úo Traseira;Luz do Dia;Bom;Seca;Meio de Quadra;N?úo H?í Controle;Comercial;0;1;1;1;0;0;0;0;0;1;0;0;-3,743919100000000;-38,501470000000000
306980;9;1;2017;22:00;0;AV SEN VIRGILIO TAVORA;;;265;;Colis?úo Traseira;Via Iluminada;Nublado;Seca;Meio de Quadra;N?úo H?í Controle;Comercial;0;1;1;1;0;0;0;0;0;1;0;0;-3,731321600000000;-38,491390000000000
306981;10;1;2017;05:50;9079;RUA BONFIM SOBRINHO;RUA LAURO MAIA;;0;;Colis?úo Transversal;Luz do Dia;Nublado;Seca;Cruz;Pare;Residencial;0;0;2;1;1;0;0;0;0;0;0;0;-3,750829200000000;-38,522102000000000
306982;10;1;2017;08:23;0;AV DR SILAS MUNGUBA;;;689;;Colis?úo Traseira;Luz do Dia;Bom;Seca;Meio de Quadra;N?úo H?í Controle;Comercial;0;0;2;1;0;0;0;0;0;1;0;0;-3,780207900000000;-38,559483000000000
306983;10;1;2017;08:39;0;RUA GERMANO FRANCK;;;860;;Colis?úo Traseira;Luz do Dia;Bom;Seca;Meio de Quadra;N?úo H?í Controle;Comercial;0;0;2;0;0;0;0;0;0;1;0;0;-3,778330600000000;-38,563206000000000
306984;10;1;2017;07:32;15824;RUA ANTONIO GADELHA;RUA STA EFIGENIA;;0;;Colis?úo Frontal;Luz do Dia;Bom;Seca;Cruz;N?úo H?í Controle;Comercial;0;1;1;1;0;0;0;0;0;1;0;0;-3,832628300000000;-38,500378000000000
306985;10;1;2017;08:40;5117;RUA RUFINO DE ALENCAR;RUA BORIS;;0;;Colis?úo Transversal;Luz do Dia;Bom;Seca;T;Pare;Comercial;0;0;2;0;1;0;0;0;0;0;0;0;-3,724019300000000;-38,521034000000000
306986;10;1;2017;09:46;6725;RUA BENTO ALBUQUERQUE;RUA JULIO AZEVEDO;;0;;Colis?úo Transversal;Luz do Dia;Bom;Seca;Cruz;Pare;Residencial;0;1;2;1;0;0;0;0;0;0;0;0;-3,743856200000000;-38,482773000000000
306987;10;1;2017;11:23;25174;RUA PDE VALDEVINO;RUA RODRIGUES JUNIOR;;0;;Colis?úo Traseira;Luz do Dia;Bom;N?úo informada;T;Pare;Comercial;0;0;2;1;0;0;0;0;0;0;0;0;-3,737226500000000;-38,522903000000000
306988;10;1;2017;12:50;23435;RUA MON SALAZAR;RUA FIS VIEIRA;;0;;Colis?úo Transversal;Luz do Dia;Bom;Seca;Cruz;Pare;Comercial;0;0;2;1;0;0;0;0;0;0;0;0;-3,756226300000000;-38,515347000000000
306989;10;1;2017;14:00;0;RUA PEDRO PEREIRA;;;1006;;Colis?úo Transversal;Luz do Dia;Bom;Seca;Meio de Quadra;Sem?íforo;Comercial;0;0;2;1;0;0;0;0;0;0;0;0;-3,727812800000000;-38,534206000000000
306990;10;1;2017;14:53;13408;AV ANTONIO SALES;RUA BAR ARACATI;;0;;Colis?úo Transversal;Luz do Dia;Bom;Seca;Cruz;Pare;Comercial;0;0;2;1;0;0;0;0;0;0;0;0;-3,741605500000000;-38,514940000000000
306991;10;1;2017;14:34;0;RUA BERNARDO MANUEL;;;9360;;Colis?úo Traseira;Luz do Dia;Bom;Seca;Meio de Quadra;Sem?íforo;Escola;0;0;2;1;0;0;0;0;0;0;0;0;-3,801370900000000;-38,552350000000000
306992;10;1;2017;12:12;0;AV DEP PAULINO ROCHA;;;0;;Colis?úo Traseira;Luz do Dia;Bom;Seca;Meio de Quadra;Sem?íforo;Lazer;0;0;2;1;0;0;0;1;0;0;0;0;-3,809382400000000;-38,522060000000000
306993;10;1;2017;16:18;0;RUA ILDEFONSO ALBANO;;;3052;;Colis?úo Lateral;Luz do Dia;Nublado;Seca;Meio de Quadra;Sem?íforo;Escola;0;0;2;1;0;0;0;0;0;0;0;0;-3,747853500000000;-38,518010000000000
306994;10;1;2017;16:16;0;RUA GAL SILVA JUNIOR;;;247;;Colis?úo Transversal;Luz do Dia;Bom;Seca;Meio de Quadra;;;0;2;1;1;0;0;0;0;0;1;0;0;-3,753559000000000;-38,530067000000000
306995;10;1;2017;18:56;0;RUA BAR RIO BRANCO;;;1313;;Colis?úo Transversal;Via Iluminada;Bom;Seca;Meio de Quadra;N?úo H?í Controle;Comercial;0;1;1;1;0;0;0;0;0;1;0;0;-3,729918700000000;-38,529400000000000
306996;10;1;2017;16:10;0;AV JOSE BASTOS;;;0;;Engavetamento;Luz do Dia;Bom;Seca;Meio de Quadra;N?úo H?í Controle;Comercial;0;0;2;1;0;0;0;0;0;0;0;0;-3,755716600000000;-38,556435000000000
306997;10;1;2017;21:36;0;AV SANTOS DUMONT;;;1719;;Colis?úo Lateral;Via Iluminada;Bom;Seca;Meio de Quadra;N?úo H?í Controle;Comercial;0;0;2;1;0;0;0;0;0;0;0;0;-3,732869400000000;-38,508724000000000
306998;10;1;2017;18:08;0;AV HEROIS DO ACRE;;;926;;Colis?úo Traseira;Anoitecer;Bom;Seca;Meio de Quadra;Pare;Residencial;0;1;1;1;0;0;0;0;0;0;0;0;-3,803125400000000;-38,536255000000000
306999;10;1;2017;09:17;0;RUA SAO PAULO;RUA VINTE E QUATRO DE MAIO;;608;;Atropelamento;Luz do Dia;Bom;Seca;;;;0;1;1;0;0;0;0;0;0;1;0;0;-3,724910300000000;-38,531166000000000
303953;10;1;2017;08:55;0;AV GOV RAUL BARBOSA;;;3059;;Colis?úo Traseira;Luz do Dia;Bom;Seca;Outros;N?úo H?í Controle;Comercial;0;0;2;1;0;0;0;0;0;0;0;0;-3,754215000000000;-38,504243000000000
303937;10;1;2017;12:00;9191;RUA MARIO MAMEDE;RUA MARTINHO RODRIGUES;;0;;Colis?úo Lateral;Luz do Dia;Nublado;Seca;Cruz;Pare;Residencial;0;0;2;1;0;0;0;0;0;0;0;0;-3,753845000000000;-38,526088000000000
303967;10;1;2017;11:30;3320;RUA ARGENTINA;RUA VIRIATO RIBEIRO;;0;;Colis?úo Transversal;Luz do Dia;Bom;Seca;Cruz;Pare;Residencial;0;1;1;1;0;0;0;0;0;1;0;0;-3,747181000000000;-38,564284000000000
303943;10;1;2017;19:09;25125;RUA DNA LEOPOLDINA;RUA ROCHA LIMA;;0;;Colis?úo Transversal;Via Iluminada;Bom;Seca;Cruz;Pare;Residencial;0;0;2;1;0;0;0;0;0;0;0;0;-3,736665000000000;-38,521427000000000
303924;10;1;2017;11:20;0;RUA FRANCISCO LORDA;;;306;;Atropelamento;Luz do Dia;Bom;Seca;Meio de Quadra;D?¬ Prefer?¬ncia;Comercial;0;1;1;0;0;0;0;0;0;0;0;0;-3,761930000000000;-38,531836000000000
303908;10;1;2017;10:50;7762;AV ANTONIO SALES;RUA NUNES VALENTE;;0;;Colis?úo Lateral;Luz do Dia;Bom;Seca;Cruz;Pare;Comercial;0;2;2;1;0;0;0;0;0;0;0;0;-3,744237000000000;-38,506314000000000
303897;10;1;2017;14:41;13735;RUA NELSON STUDART;RUA CAIO CID;;0;;Colis?úo Transversal;Luz do Dia;Bom;Seca;Cruz;Pare;Residencial;0;1;1;1;0;0;0;0;0;0;0;0;-3,773571000000000;-38,484694000000000
303899;10;1;2017;08:13;0;AV DR SILAS MUNGUBA;;;2261;;Colis?úo Traseira;Luz do Dia;Bom;Seca;Meio de Quadra;Sem?íforo Intermitente;Comercial;0;1;1;0;0;0;0;0;0;1;0;0;-3,785833000000000;-38,551242000000000
303885;10;1;2017;13:00;0;AV SANTOS DUMONT;;;1168;;Colis?úo Lateral;Luz do Dia;Bom;Seca;Meio de Quadra;N?úo H?í Controle;Comercial;0;0;2;1;0;0;0;0;0;0;0;0;-3,731316000000000;-38,513439000000000
303879;10;1;2017;00:30;10995;RUA 15 DE NOVEMBRO;RUA ALM RUBIM;;0;;Colis?úo Lateral;Via Iluminada;Chuva;Molhada;Cruz;Pare;Comercial;0;0;2;1;1;0;0;0;0;0;0;0;-3,768907000000000;-38,555939000000000
303866;10;1;2017;19:20;13490;AV RUI BARBOSA;RUA PINHO PESSOA;;0;;Colis?úo Transversal;Luz do Dia;Bom;Seca;Cruz;Pare;Residencial;0;0;2;1;0;0;0;0;0;0;0;0;-3,745389000000000;-38,512465000000000
307125;10;1;2017;18:37;0;RUA MUCAMBINHO (MESSEJANA);;;400;;Colis?úo Lateral;Mal Iluminada;Bom;Seca;Meio de Quadra;N?úo H?í Controle;Residencial;0;1;1;1;0;0;0;0;0;1;0;0;-3,829926500000000;-38,507175000000000
307084;10;1;2017;21:24;0;RUA NOEL ROSA;;;1919;;Atropelamento;Via Iluminada;Bom;Seca;Meio de Quadra;N?úo H?í Controle;Comercial;0;1;2;1;0;0;0;0;0;1;0;0;-3,769275000000000;-38,586830000000000
294586;10;1;2017;19:10;0;AV PRS CASTELO BRANCO;;;4995;;Atropelamento;;;;Meio de Quadra;;;1;0;1;1;0;0;0;0;0;0;0;0;-3,705315000000000;-38,576462000000000
317002;10;1;2017;09:52;10682;AV WASHINGTON SOARES;AV ROGACIANO LEITE;;0;;Queda;Luz do Dia;;;;;;0;1;0;0;0;1;0;0;0;0;0;0;-3,756482000000000;-38,491477000000000
317003;10;1;2017;10:14;0;RUA NEREU RAMOS;;;1095;;Atropelamento;Luz do Dia;;;Meio de Quadra;;;0;1;1;0;0;0;0;0;0;1;0;0;-3,782714000000000;-38,576126000000000
317076;10;1;2017;21:26;0;AV CONTORNO OESTE D71;;;1224;;Colis?úo;;;;Meio de Quadra;;;0;1;1;1;0;0;0;0;0;1;0;0;-3,809372232000000;-38,591972803000000
317065;10;1;2017;19:54;0;AV GAL OSORIO DE PAIVA;;;7798;;Queda;;;;Meio de Quadra;;;0;1;0;0;0;1;0;0;0;0;0;0;-3,820464000000000;-38,617322000000000
317070;10;1;2017;21:21;4938;RUA CON DE CASTRO;RUA UMARIZEIRA;;0;;Colis?úo;;;;T;N?úo H?í Controle;Comercial;0;1;1;0;0;0;0;0;0;0;0;0;-3,818832000000000;-38,602137000000000
317060;10;1;2017;19:13;10995;RUA 15 DE NOVEMBRO;RUA ALM RUBIM;;0;;Colis?úo;;;;Cruz;Pare;Comercial;0;1;1;0;0;0;0;0;0;0;0;0;-3,768907000000000;-38,555939000000000
317063;10;1;2017;19:21;0;AV PRO GOMES DE MATOS;;;622;;Colis?úo;;;;Meio de Quadra;;;0;1;1;1;0;0;0;0;0;1;0;0;-3,758957000000000;-38,543728000000000
317055;10;1;2017;19:09;411;RUA CURITIBA;RUA PRO VIEIRA;;0;;Colis?úo;;;;Cruz;N?úo H?í Controle;Residencial;0;1;1;0;0;0;0;0;0;0;0;0;-3,754678000000000;-38,594380000000000
317047;10;1;2017;18:11;0;AV DIOGUINHO;;;615;;Queda;Anoitecer;;;Meio de Quadra;;;0;1;0;0;0;0;0;0;0;1;0;0;;
317048;10;1;2017;18:19;0;AV RECREIO D64;;;840;;Colis?úo;Anoitecer;;;Meio de Quadra;;;0;1;1;1;0;0;0;0;0;1;0;0;-3,813186000000000;-38,449597000000000
317036;10;1;2017;16:58;0;RUA CON DE CASTRO;;;5559;;Colis?úo;Luz do Dia;;;Meio de Quadra;;;0;1;1;1;0;0;0;0;0;1;0;0;-3,812108000000000;-38,597558800000000
317040;10;1;2017;17:04;0;AV ODILON GUIMARAES;;;1708;;Colis?úo;Anoitecer;;;Meio de Quadra;;;0;1;1;1;0;0;0;0;0;1;0;0;-3,823197000000000;-38,477760000000000
317043;10;1;2017;17:33;0;RUA GABRIEL FIUZA;;;276;;Colis?úo;Anoitecer;;;Meio de Quadra;;;0;1;1;1;0;0;0;0;0;0;0;0;-3,787739000000000;-38,579192000000000
317033;10;1;2017;16:27;19561;AV GODOFREDO MACIEL;RUA ANTONIO BANDEIRA D41;;0;;Colis?úo;Luz do Dia;;;T;Sem?íforo;Comercial;0;1;1;0;0;0;0;0;0;1;0;0;-3,783278000000000;-38,565838000000000
317024;10;1;2017;13:57;0;AV BEZERRA DE MENEZES;;;25;;Colis?úo;Luz do Dia;;;Meio de Quadra;;;0;1;1;1;0;1;0;0;0;0;0;0;-3,730562000000000;-38,540053000000000
317014;10;1;2017;12:54;0;RUA DO JANGADEIRO;;;0;;Colis?úo;Luz do Dia;;;Meio de Quadra;;;0;1;1;1;0;0;0;0;0;1;0;0;;
317005;10;1;2017;11:18;0;AV JOAO PESSOA;;;6886;;Queda;Luz do Dia;;;Meio de Quadra;;;0;1;0;0;0;0;0;0;0;1;0;0;-3,770351000000000;-38,561093000000000
317006;10;1;2017;11:38;0;RUA JOAO CARVALHO;;;821;;Queda;Luz do Dia;;;Meio de Quadra;;;0;1;0;0;0;0;0;0;0;1;0;0;-3,738235000000000;-38,505741000000000
317009;10;1;2017;12:17;0;AV FRE CIRILO;;;0;;Colis?úo;Luz do Dia;;;Meio de Quadra;;;0;1;1;0;0;0;0;0;0;1;0;0;;
316420;10;1;2017;11:20;0;RD CE-025;;;0;KM-07;Choque c/ Obst?ículo Fixo;Luz do Dia;Bom;Seca;Meio de Quadra;;;0;0;1;1;0;0;0;0;0;0;0;0;-3,817237437000000;-38,422915570000000
316421;10;1;2017;17:30;0;AV SEN CARLOS JEREISSATI (AEROPORTO);;;0;KM 02;Colis?úo;Anoitecer;Bom;Seca;Meio de Quadra;;;0;0;2;1;0;0;0;0;0;1;0;0;-3,782194000000000;-38,535424000000000