COD_ACIDENTE;DIA;MES;ANO;HORA;INTERSECAO;LOG1;LOG2;LOG3;NUMERO;REFERENCIA;NATUREZA;ILUMINACAO;TEMPO;SUPERFICIEPISTA;TIPOCRUZAMENTO;CONTROLETRAFEGO;USOSOLO;MORTOS;FERIDOS;ILESOS;AUTOMOVEL;ONIBUS;BICICLETA;CAMINHAO;MICROONIBUS;CICLOMOTOR;MOTOCICLETA;TRACAOANIMAL;TREM;LATITUDE;LONGITUDE
316448;11;1;2017;07:52;0;RD CE-040;;;0;KM-01;Colis?úo;Luz do Dia;Bom;Seca;Meio de Quadra;;;0;1;2;1;0;0;1;0;0;0;0;0;-3,764650449000000;-38,482583040000000
316450;11;1;2017;17:15;0;RD CE-040;;;0;KM-10;Colis?úo;Anoitecer;Bom;Seca;Meio de Quadra;;;0;0;2;1;0;0;0;0;0;0;0;0;-3,826381000000000;-38,481775000000000
316451;11;1;2017;14:15;0;RD CE-025;;;3455;KM-05;Atropelamento;Luz do Dia;Bom;Seca;Meio de Quadra;;;0;1;1;0;0;0;0;0;0;0;0;0;-3,805384600000000;-38,448174400000000
316452;11;1;2017;16:20;0;AV MIN JOSE AMERICO;;;0;;Colis?úo;Luz do Dia;Bom;Seca;Meio de Quadra;;;0;0;2;1;0;0;0;0;0;0;0;0;;
317081;11;1;2017;07:08;19611;RUA NEREU RAMOS;AV GODOFREDO MACIEL;;0;;Colis?úo;Luz do Dia;;;T;Sem?íforo;Comercial;0;1;1;0;0;0;0;0;0;0;0;0;-3,787250000000000;-38,566802000000000
317085;11;1;2017;07:10;6801;RUA ANDRADE FURTADO;RUA PRO OTAVIO LOBO;;0;;Queda;Luz do Dia;;;Cruz;Sem?íforo;Residencial;0;1;0;0;0;0;0;0;0;1;0;0;-3,745750000000000;-38,479651000000000
317078;11;1;2017;05:39;10730;AV SEN FERNANDES TAVORA;RUA VITORIA (AV. PERIMETRAL);;0;;Queda;Amanhecer;;;Cruz;Sem?íforo;Comercial;0;1;0;0;0;0;0;0;0;1;0;0;-3,760193000000000;-38,585903000000000
317079;11;1;2017;06:58;0;AV ENG SANTANA JUNIOR;;;0;;Queda;Luz do Dia;;;Meio de Quadra;;;0;1;0;0;0;0;0;0;0;1;0;0;;
317087;11;1;2017;07:20;0;AV DR SILAS MUNGUBA;;;0;;Queda;Luz do Dia;;;Meio de Quadra;;;0;1;0;0;0;0;0;0;0;1;0;0;;
317128;11;1;2017;09:25;21379;AV JOVITA FEITOSA;RUA PRO RAIMUNDO ARRUDA;;0;;Queda;Luz do Dia;;;Cruz;Sem?íforo;Comercial;0;1;0;0;0;0;0;0;0;1;0;0;-3,738742000000000;-38,550998000000000
317129;11;1;2017;09:38;25125;RUA ROCHA LIMA;RUA DNA LEOPOLDINA;;0;;Colis?úo;Luz do Dia;;;Cruz;Pare;Residencial;0;1;1;1;0;0;0;0;0;0;0;0;-3,736665000000000;-38,521427000000000
317169;11;1;2017;15:37;19366;AV DR SILAS MUNGUBA;RUA GERMANO FRANCK;;0;;Atropelamento;Luz do Dia;;;Cruz;Sem?íforo;Comercial;0;1;1;1;0;0;0;0;0;0;0;0;-3,777251000000000;-38,562004000000000
317160;11;1;2017;13:10;0;RUA CATOLE;;;0;;Queda;Luz do Dia;;;Meio de Quadra;;;0;1;0;0;0;0;0;0;0;1;0;0;;
317140;11;1;2017;12:02;0;AV ROGACIANO LEITE;;;3090;;Colis?úo;Luz do Dia;;;Meio de Quadra;;;0;1;1;1;0;0;0;0;0;1;0;0;-3,786592000000000;-38,503288000000000
317136;11;1;2017;11:52;0;RUA BAR AQUIRAZ;;;840;;Choque c/ Obst?ículo Fixo;Luz do Dia;;;Meio de Quadra;;;0;1;0;0;0;0;0;0;0;1;0;0;-3,836081000000000;-38,488882000000000
317123;11;1;2017;08:47;19766;RUA TIP SALES;RUA AZEVEDO BOLAO;;0;;Colis?úo;Luz do Dia;;;Cruz;Pare;Residencial;0;1;1;1;0;0;0;0;0;1;0;0;-3,738108000000000;-38,564696000000000
317125;11;1;2017;08:47;1350;RUA SILVA PAULET;RUA TORRES CAMARA;;0;;Colis?úo;Luz do Dia;;;Cruz;Pare;Residencial;0;2;1;1;0;0;0;0;0;1;0;0;-3,735958000000000;-38,505905000000000
294591;11;1;2017;12:30;12648;RUA RIO ARAGUAIA;RUA MARIA CLARA;;0;;Atropelamento;Luz do Dia;;;Cruz;Pare;Residencial;1;0;1;0;0;0;0;0;0;1;0;0;-3,725741000000000;-38,582119000000000
317229;11;1;2017;20:43;7694;RUA RIO GRANDE DO SUL;RUA RIO GRANDE DO NORTE;;0;;Colis?úo;;;;Cruz;Pare;Comercial;0;1;1;1;0;0;0;0;0;1;0;0;-3,758617000000000;-38,567559000000000
317230;11;1;2017;21:14;0;RUA DA MANGUEIRA;;;315;;Queda;;;;Meio de Quadra;;;0;1;0;0;0;1;0;0;0;0;0;0;;
317231;11;1;2017;21:26;0;RUA MEDELIM;;;3371;;Colis?úo;;;;Meio de Quadra;;;0;1;1;1;0;1;0;0;0;0;0;0;;
317232;11;1;2017;23:15;0;AV JOSE BASTOS;;;0;;Queda;;;;Meio de Quadra;;;0;1;0;0;0;0;0;0;0;1;0;0;;
317226;11;1;2017;18:03;0;AV MR HULL;;;5260;;Colis?úo;Anoitecer;;;Meio de Quadra;;;0;1;1;1;0;0;0;0;0;1;0;0;-3,739647000000000;-38,591439000000000
317223;11;1;2017;15:43;0;AV JOVITA FEITOSA;;;2753;;Colis?úo;Luz do Dia;;;Meio de Quadra;;;0;1;1;1;0;0;0;0;0;1;0;0;-3,740983000000000;-38,562059000000000
317224;11;1;2017;17:12;0;RUA LUIS VIEIRA;;;944;;Colis?úo;Anoitecer;;;Meio de Quadra;;;0;1;1;1;0;0;0;0;0;1;0;0;-3,790802000000000;-38,588647000000000
303960;11;1;2017;08:30;5077;AV ALBERTO NEPOMUCENO;AV PRS CASTELO BRANCO;;0;;Outros;Luz do Dia;Chuva;Molhada;T;Pare;Comercial;0;0;2;1;1;0;0;0;0;0;0;0;-3,722425000000000;-38,523857000000000
303957;11;1;2017;15:20;0;RUA RAUL CABRAL;;;629;;Colis?úo Traseira;Luz do Dia;Nublado;Seca;Meio de Quadra;N?úo H?í Controle;Comercial;0;0;3;1;0;0;0;0;0;0;0;0;-3,769181100000000;-38,543997600000000
307000;11;1;2017;07:07;17370;RUA BAR SOBRAL;RUA ALM RUBIM;;0;;Colis?úo Lateral;Luz do Dia;Nublado;Molhada;Cruz;Gesto;Comercial;0;0;2;1;1;0;0;0;0;0;0;0;-3,766494300000000;-38,555050000000000
307001;11;1;2017;07:35;0;RUA POE MARIO LINHARES (J.WALTER);AV M CJ JOSE WALTER;;0;;Colis?úo Transversal;Luz do Dia;Nublado;Molhada;Meio de Quadra;N?úo H?í Controle;Comercial;0;1;1;0;1;0;0;0;0;1;0;0;-3,822257500000000;-38,555150000000000
307002;11;1;2017;08:19;0;AV ROGACIANO LEITE;;;2908;;Colis?úo Transversal;Luz do Dia;Chuva;Molhada;Meio de Quadra;;;0;1;1;1;0;0;0;0;0;1;0;0;-3,784448000000000;-38,502686000000000
307003;11;1;2017;09:56;0;RUA CEL FRANCISCO PEREIRA (MESSEJANA);;;316;;Colis?úo Traseira;Luz do Dia;Nublado;Molhada;Meio de Quadra;N?úo H?í Controle;Comercial;0;0;2;0;0;0;0;0;0;0;0;0;-3,831465200000000;-38,492935000000000
307004;11;1;2017;08:00;3998;RUA ALBERTO MAGNO;RUA SAMUEL UCHOA;;0;;Colis?úo Transversal;Luz do Dia;Chuva;Molhada;Cruz;Pare;Comercial;0;1;1;1;0;0;0;0;0;1;0;0;-3,756608500000000;-38,542900000000000
307005;11;1;2017;10:18;24990;AV PRS JUSCELINO KUBITSCHEK (PASSAR?ë);AV PRS COSTA E SILVA;;0;;Colis?úo Traseira;Luz do Dia;Chuva;Molhada;T;Sem?íforo;Residencial;0;1;1;1;0;0;0;0;0;1;0;0;-3,753783500000000;-38,539680000000000
307006;11;1;2017;12:28;0;RUA ALM RUBIM;;;1631;;Colis?úo Traseira;Luz do Dia;Chuva;Molhada;Meio de Quadra;N?úo H?í Controle;Comercial;0;0;2;1;0;0;0;0;0;0;0;0;-3,771653400000000;-38,556877000000000
307007;11;1;2017;11:40;0;AV FRE CIRILO;;;3810;;Colis?úo Lateral;Luz do Dia;Nublado;Seca;Meio de Quadra;N?úo H?í Controle;Comercial;0;1;1;1;0;0;0;0;0;0;0;0;-3,817736100000000;-38,497303000000000
307008;11;1;2017;13:29;0;RUA JOAO CORDEIRO;;;1927;;Colis?úo Transversal;Luz do Dia;Nublado;Molhada;Cruz;Pare;Comercial;0;0;2;1;0;0;0;0;0;0;0;0;-3,737121300000000;-38,517006000000000
307009;11;1;2017;13:49;1576;AV PDE ANTONIO TOMAS;RUA CEL JUCA;;0;;Colis?úo Transversal;Luz do Dia;Chuva;Molhada;Cruz;Sem?íforo;Comercial;0;0;2;1;0;0;0;0;0;0;0;0;-3,742508600000000;-38,492855000000000
307010;11;1;2017;14:20;0;RUA AZEVEDO BOLAO;RUA JOSE SOMBRA;;0;;Choque c/ Obst?ículo Fixo;Luz do Dia;Chuva;Molhada;T;Pare;Residencial;0;0;1;0;0;0;0;0;0;0;0;0;-3,734379500000000;-38,547096000000000
307012;11;1;2017;14:02;0;AV PRS CASTELO BRANCO;;;595;;Colis?úo Transversal;Luz do Dia;Nublado;Molhada;Meio de Quadra;Sem?íforo;Residencial;0;1;1;1;0;0;0;0;0;1;0;0;-3,719521300000000;-38,531635000000000
307013;11;1;2017;14:36;17617;RUA CEARA;RUA ACRE;;0;;Colis?úo Transversal;Luz do Dia;Nublado;Seca;Duplo T;N?úo H?í Controle;Residencial;0;0;2;1;0;0;0;0;0;1;0;0;-3,759421300000000;-38,564682000000000
307014;11;1;2017;12:00;0;AV EDILSON B SOARES;;;2199;;Colis?úo Lateral;Luz do Dia;Chuva;Molhada;Meio de Quadra;Pare;Comercial;0;1;1;1;0;0;0;0;0;1;0;0;-3,788103300000000;-38,466087000000000
307015;11;1;2017;16:02;0;RUA MACHADO DE ASSIS;;;800;;Colis?úo Lateral;Luz do Dia;Nublado;Seca;Meio de Quadra;N?úo H?í Controle;Residencial;0;0;2;1;0;0;0;0;0;0;0;0;-3,752745400000000;-38,551376000000000
307016;11;1;2017;15:10;0;AV ENG LUIS VIEIRA;;;911;;Colis?úo Traseira;Luz do Dia;Bom;Seca;Meio de Quadra;N?úo H?í Controle;Comercial;0;0;2;1;0;0;0;0;0;0;0;0;-3,734830100000000;-38,469460000000000
307017;11;1;2017;15:50;0;RUA CARLOS AMORA;RUA GERMANO FRANCK;;0;;Atropelamento;Luz do Dia;Nublado;Seca;Meio de Quadra;Sem?íforo;Comercial;0;1;1;1;0;0;0;0;0;0;0;0;-3,800741200000000;-38,598600000000000
307018;11;1;2017;19:20;0;AV ABOLICAO;;;2324;;Colis?úo Traseira;Via Iluminada;Bom;Seca;Meio de Quadra;N?úo H?í Controle;Comercial;0;0;1;1;0;0;0;0;0;0;0;0;-3,726698400000000;-38,497894000000000
307019;11;1;2017;18:20;13263;AV L CJ JOSE WALTER;RUA 62 CJ JOSE WALTER;;0;;Colis?úo Transversal;Via Iluminada;Bom;Seca;T;N?úo H?í Controle;Residencial;0;2;1;0;0;0;0;0;0;1;0;0;-3,837179200000000;-38,559444000000000
307020;11;1;2017;21:13;2328;AV FRANCISCO SA;AV CEL CARVALHO;;0;;Colis?úo Frontal;Via Iluminada;Bom;Seca;Cruz;Pare;Comercial;0;0;1;1;0;0;0;0;0;0;0;0;-3,703428700000000;-38,591340000000000
306792;11;1;2017;19:17;1285;RUA VIS MAUA;AV DOM LUIS;;0;;Colis?úo Transversal;Via Iluminada;Bom;Seca;Cruz;N?úo H?í Controle;Comercial;0;0;2;1;0;0;0;0;0;0;0;0;-3,732993000000000;-38,498547000000000
307021;12;1;2017;07:35;9020;RUA JAIME BENEVOLO;RUA SALDANHA MARINHO;;0;;Colis?úo Lateral;Luz do Dia;Bom;Seca;Cruz;Sem?íforo;Residencial;0;0;3;1;0;0;0;0;0;1;0;0;-3,742939500000000;-38,528927000000000
307022;12;1;2017;07:20;0;AV BORGES DE MELO;;;1309;;Colis?úo Traseira;Luz do Dia;Nublado;Molhada;Meio de Quadra;N?úo H?í Controle;Comercial;0;0;2;1;0;0;0;0;0;0;0;0;-3,758613300000000;-38,531520000000000
307023;12;1;2017;08:41;0;RUA MIN JOAQUIM BASTOS D14;;;383;;Colis?úo Lateral;Luz do Dia;Bom;Seca;Meio de Quadra;N?úo H?í Controle;Comercial;0;1;1;1;0;0;0;0;0;1;0;0;-3,753488000000000;-38,528652000000000
307024;12;1;2017;08:10;1250;RUA COSTA BARROS;AV BAR STUDART;;0;;Colis?úo Lateral;Luz do Dia;Chuva;Molhada;Cruz;Sem?íforo;Comercial;0;0;2;1;0;0;0;0;0;0;0;0;-3,732246900000000;-38,505680000000000
307025;12;1;2017;09:44;9216;RUA NAPOLEAO LAUREANO;RUA MARIO MAMEDE;;0;;Colis?úo Transversal;Luz do Dia;Bom;Seca;Cruz;Pare;Residencial;0;1;1;1;0;0;0;0;0;1;0;0;-3,750993000000000;-38,529790000000000
307026;12;1;2017;08:20;0;AV RECREIO D64;;;1147;;Colis?úo Traseira;Luz do Dia;Bom;Seca;Meio de Quadra;N?úo H?í Controle;Residencial;0;0;2;0;1;0;0;0;0;0;0;0;-3,816060000000000;-38,450108000000000
307027;12;1;2017;09:40;0;RUA ILDEFONSO ALBANO;;;1382;;Colis?úo Lateral;Luz do Dia;Bom;Seca;Meio de Quadra;N?úo H?í Controle;Comercial;0;0;3;1;0;0;0;0;0;0;0;0;-3,732922600000000;-38,513150000000000
307028;12;1;2017;13:08;0;RUA BERNARDO MANUEL;;;7209;;Colis?úo Traseira;Luz do Dia;Bom;Seca;Meio de Quadra;Sem?íforo;Comercial;0;0;2;1;1;0;0;0;0;0;0;0;-3,781562300000000;-38,546030000000000
307029;12;1;2017;13:46;0;RUA DEMETRIO MENEZES;RUA BALDUINO FREIRE;;0;;Colis?úo Transversal;Luz do Dia;Bom;Seca;Outros;N?úo H?í Controle;Residencial;0;0;0;1;0;0;0;0;0;0;0;0;-3,735085200000000;-38,584360000000000
307030;12;1;2017;11:00;12620;RUA COS LAFAYETE;RUA TULIPA;;0;;Colis?úo Lateral;Luz do Dia;Bom;Seca;T;Pare;Comercial;0;1;1;1;0;0;0;0;0;1;0;0;-3,718112200000000;-38,580757000000000
307031;12;1;2017;13:30;17395;RUA TEN MOACIR MATOS;RUA ALBERTO MAGNO;;0;;Colis?úo Lateral;Luz do Dia;Bom;Seca;Cruz;Pare;Comercial;0;0;2;1;0;0;0;0;0;0;0;0;-3,767478500000000;-38,552204000000000
307032;12;1;2017;10:00;25228;RUA MANUEL CASTELO BRANCO;RUA ANTONIO BARROS;;0;;Colis?úo Transversal;Luz do Dia;Bom;Seca;Cruz;Pare;Comercial;0;0;1;1;0;0;0;1;0;0;0;0;-3,832632000000000;-38,489296000000000
307033;12;1;2017;13:37;9313;RUA 17 DE JUNHO;RUA GRACA ARANHA;;0;;Colis?úo Transversal;Luz do Dia;Bom;Seca;Cruz;Pare;Residencial;0;0;2;0;0;0;0;1;0;0;0;0;-3,714408900000000;-38,575275000000000
307034;12;1;2017;15:00;0;AV CEL JOSE AURELIO CAMARA;;;363;;Colis?úo Transversal;Luz do Dia;Bom;Seca;Cruz;Pare;Residencial;0;0;2;1;0;0;0;0;0;0;0;0;-3,731035200000000;-38,460815000000000
307035;12;1;2017;16:30;6817;RUA BENTO ALBUQUERQUE;RUA FRANCISCO MATOS;;0;;Colis?úo Transversal;Luz do Dia;Bom;Seca;Cruz;Pare;Residencial;0;1;2;1;0;0;0;0;0;1;0;0;-3,746178400000000;-38,475697000000000
307036;12;1;2017;16:57;25939;RUA CARNEIRO DA CUNHA (JACARECANGA);AV FILOMENO GOMES;;0;;Choque c/ Obst?ículo Fixo;Luz do Dia;Bom;N?úo informada;T;Pare;Residencial;0;0;1;0;0;0;0;0;0;0;0;0;-3,724577200000000;-38,541810000000000
307037;12;1;2017;16:40;25962;RUA PRO HERIBALDO COSTA;RUA PRO MIRAMAR DA PONTE;;0;;Colis?úo Transversal;Luz do Dia;Bom;Seca;T;N?úo H?í Controle;Residencial;0;0;2;0;0;0;0;0;0;0;0;0;-3,758748500000000;-38,583267000000000
307038;12;1;2017;19:11;3241;RUA VERBENA;RUA SOUSA CARVALHO;;0;;Colis?úo Transversal;Anoitecer;Bom;Seca;Cruz;Pare;Residencial;0;1;1;1;0;0;0;0;0;1;0;0;-3,783438700000000;-38,589466000000000
307039;12;1;2017;17:36;12523;RUA MARIA CLARA;RUA PIERRE LUZ;;0;;Colis?úo Lateral;Anoitecer;Bom;Seca;Cruz;Pare;Residencial;0;3;1;1;0;0;0;0;0;0;0;0;-3,725154600000000;-38,588455000000000
307046;12;1;2017;18:51;25060;RUA LEONEL CHAVES;RUA PDE ELIAS SARAIVA;;0;;Colis?úo Transversal;Via Iluminada;Bom;Seca;Cruz;Pare;Comercial;0;1;1;1;0;0;0;0;0;1;0;0;-3,775181500000000;-38,567790000000000
303878;12;1;2017;09:05;0;AV DEP PAULINO ROCHA;;;2177;;Colis?úo Traseira;Luz do Dia;Bom;Seca;Meio de Quadra;Sem?íforo;Comercial;0;0;2;1;0;0;0;0;0;1;0;0;-3,810791000000000;-38,516761000000000
303884;12;1;2017;07:45;22069;AV ENG HUMBERTO MONTE;RUA PAPI JUNIOR;;0;;Colis?úo Lateral;Luz do Dia;Bom;Seca;Cruz;Pare;Comercial;0;0;2;1;0;0;0;0;0;0;0;0;-3,752552000000000;-38,557697000000000
303874;12;1;2017;06:20;1272;AV DOM LUIS;RUA JOAQUIM NABUCO;;0;;Colis?úo Transversal;Luz do Dia;Bom;Seca;Cruz;Sem?íforo Intermitente;Misto;0;1;1;1;0;0;0;0;0;1;0;0;-3,732301000000000;-38,500333000000000
303886;12;1;2017;09:58;22099;AV JOSE BASTOS;RUA JOSE FACANHA;;0;;Colis?úo Lateral;Luz do Dia;Bom;Seca;Cruz;Sem?íforo;Comercial;0;0;2;1;0;0;0;0;0;0;0;0;-3,754359000000000;-38,554822000000000
303887;12;1;2017;09:11;0;AV LUCIANO CARNEIRO;;;2585;;Colis?úo Lateral;Luz do Dia;Bom;Seca;Meio de Quadra;Outros;Residencial;0;0;2;1;0;0;0;0;0;1;0;0;-3,770921000000000;-38,538518000000000
303890;12;1;2017;14:50;26083;AV BEZERRA DE MENEZES;AV JOSE JATAHY;;0;;Colis?úo Transversal;Luz do Dia;Bom;Seca;Cruz;Sem?íforo;Outros;0;2;1;1;0;0;0;0;1;0;0;0;-3,731558666000000;-38,544826854000000
307079;12;1;2017;18:50;0;AV JOSE JATAHY;;;0;;Colis?úo Traseira;Via Iluminada;Bom;Seca;Meio de Quadra;N?úo H?í Controle;Residencial;0;0;3;1;0;0;0;0;0;0;0;0;-3,741467000000000;-38,543118000000000
307081;12;1;2017;13:25;1232;RUA COSTA BARROS;RUA MON BRUNO;;0;;Colis?úo Transversal;Luz do Dia;Bom;Seca;Cruz;Pare;Comercial;0;2;0;1;0;0;0;0;0;1;0;0;-3,731064600000000;-38,509224000000000
307089;12;1;2017;06:47;15225;RUA TEN BENEVOLO;RUA ILDEFONSO ALBANO;;0;;Colis?úo;Luz do Dia;Bom;Seca;Cruz;Sem?íforo;Comercial;0;1;1;1;0;1;0;0;0;0;0;0;-3,727346000000000;-38,511353000000000
317233;12;1;2017;03:29;0;AV DEP PAULINO ROCHA;;;0;;Queda;;;;Meio de Quadra;;;0;1;0;0;0;0;0;0;0;1;0;0;;
317235;12;1;2017;04:38;0;AV AUGUSTO DOS ANJOS;;;0;;Queda;;;;Meio de Quadra;;;0;1;0;0;0;0;0;0;0;1;0;0;;
317240;12;1;2017;07:09;0;RUA TORRES DE MELO;;;412;;Colis?úo;Luz do Dia;;;Meio de Quadra;;;0;1;1;1;0;0;0;0;0;1;0;0;-3,787151000000000;-38,521080000000000
317282;12;1;2017;09:40;0;RUA PDE PEDRO DE ALENCAR;;;633;;Queda;Luz do Dia;;;Meio de Quadra;;;0;1;0;0;0;1;0;0;0;0;0;0;-3,833494000000000;-38,494062000000000
317264;12;1;2017;08:54;0;RUA SUICA;;;123;;Queda;Luz do Dia;;;Meio de Quadra;;;0;1;0;0;0;0;0;0;0;1;0;0;-3,793820000000000;-38,574079000000000
317268;12;1;2017;09:11;0;AV ALBERTO CRAVEIRO;;;2644;;Colis?úo;Luz do Dia;;;Meio de Quadra;;;0;1;1;1;0;0;0;0;0;1;0;0;-3,803094000000000;-38,521448000000000
317254;12;1;2017;07:44;0;RD BR 116;;;500;KM-12;Colis?úo Transversal;Luz do Dia;;Seca;Meio de Quadra;;;0;1;1;1;0;1;0;0;0;0;0;0;-3,796035900000000;-38,507192300000000
317262;12;1;2017;08:45;0;RUA PRO JOAQUIM ANTONIO;;;354;;Queda;Luz do Dia;;;Meio de Quadra;;;0;1;0;0;0;0;0;0;0;1;0;0;-3,723009000000000;-38,565163000000000
317375;12;1;2017;22:11;0;RUA BERNARDO MANUEL;;;8223;;Colis?úo;;;;Meio de Quadra;;;0;2;1;1;0;0;0;0;0;1;0;0;-3,791513000000000;-38,549221000000000
317367;12;1;2017;18:38;0;AV CASTELO DE CASTRO;;;2739;;Atropelamento;;;;Meio de Quadra;;;0;1;1;1;0;0;0;0;0;0;0;0;-3,851238381000000;-38,523231297000000
317372;12;1;2017;21:52;0;RUA EDUARDO ARAUJO;;;1437;;Colis?úo;;;;Meio de Quadra;;;0;1;1;1;0;0;0;0;0;1;0;0;;
317365;12;1;2017;18:17;0;AV JOSE JATAHY;;;2049;;Queda;Anoitecer;;;Meio de Quadra;;;0;1;0;0;0;0;0;0;0;1;0;0;-3,738516000000000;-38,543686000000000
317360;12;1;2017;17:33;24956;AV ALM HENRIQUE SABOIA;AV ENG ALBERTO SA;;0;;Atropelamento de Animal;Anoitecer;;;Cruz;Gesto;Comercial;0;2;0;0;0;0;0;0;0;1;0;0;-3,732499000000000;-38,482890000000000
317358;12;1;2017;17:29;0;AV SEN FERNANDES TAVORA;;;1131;;Colis?úo;Anoitecer;;;Meio de Quadra;;;0;1;1;0;0;0;0;0;0;0;0;0;-3,761882743000000;-38,582831881000000
317355;12;1;2017;17:21;12665;RUA RIO ARAGUAIA;RUA CARNAUBAL;;0;;Colis?úo;Anoitecer;;;Cruz;Pare;Residencial;0;1;1;1;0;0;0;0;0;1;0;0;-3,722657000000000;-38,581848000000000
317352;12;1;2017;15:47;19704;AV BEZERRA DE MENEZES;RUA MOREIRA DE SOUSA;;0;;Atropelamento;Luz do Dia;;;Cruz;Sem?íforo;Comercial;0;1;1;1;0;0;0;0;0;0;0;0;-3,736109000000000;-38,566546000000000
317353;12;1;2017;16:43;0;AV SGT HERMINIO SAMPAIO;;;4020;;Queda;Luz do Dia;;;Meio de Quadra;;;0;1;0;0;0;0;0;0;0;1;0;0;-3,730539000000000;-38,576765000000000
317350;12;1;2017;15:10;12196;RUA JABORANDI;RUA CAROA CJ A TAMANDARE;;0;;Colis?úo;Luz do Dia;;;T;Pare;Residencial;0;2;0;1;0;0;0;0;0;1;0;0;-3,839991000000000;-38,516405000000000
317296;12;1;2017;11:30;3320;RUA VIRIATO RIBEIRO;RUA ARGENTINA;;0;;Colis?úo;Luz do Dia;;;Cruz;Pare;Residencial;0;1;1;1;0;0;0;0;0;1;0;0;-3,747181000000000;-38,564284000000000
317347;12;1;2017;14:27;0;AV JOAO PESSOA;;;0;;Colis?úo;Luz do Dia;;;Meio de Quadra;;;0;1;1;1;0;1;0;0;0;0;0;0;;
317324;12;1;2017;13:32;0;RUA CASTRO E SILVA;;;26;;Colis?úo;Luz do Dia;;;Meio de Quadra;;;0;1;1;1;0;0;0;0;0;1;0;0;-3,724369000000000;-38,525594000000000
317325;12;1;2017;14:27;0;AV EDUARDO GIRAO;;;596;;Queda;Luz do Dia;;;Meio de Quadra;;;0;1;0;0;0;0;0;0;0;1;0;0;-3,754209382000000;-38,530933362000000
317321;12;1;2017;13:29;1456;AV SANTOS DUMONT;RUA CEL JUCA;;0;;Colis?úo;Luz do Dia;;;Cruz;Sem?íforo;Comercial;0;2;1;1;0;0;0;0;0;0;0;0;-3,738438000000000;-38,491530000000000
317288;12;1;2017;11:05;0;RUA RIO BRANCO;;;2257;;Colis?úo;Luz do Dia;;;Meio de Quadra;;;0;1;1;1;0;0;0;0;0;1;0;0;-3,738030900000000;-38,531835500000000
294592;12;1;2017;04:00;0;AV JOSE BASTOS;;;3203;;Choque c/ Obst?ículo Fixo;Amanhecer;Bom;Seca;Meio de Quadra;Sem?íforo;Comercial;1;0;0;0;0;0;0;0;0;1;0;0;-3,768024000000000;-38,569890000000000
317381;12;1;2017;23:48;10749;AV SEN FERNANDES TAVORA;RUA PRO HERIBALDO COSTA;;0;;Colis?úo;;;;Cruz;Sem?íforo;Comercial;0;1;1;1;0;0;0;0;0;1;0;0;-3,761006000000000;-38,584384000000000
317377;12;1;2017;23:30;0;RUA DRACON BARRETO;;;343;;Colis?úo;;;;Meio de Quadra;;;0;1;1;0;0;0;0;0;0;0;0;0;-3,732863417000000;-38,579486519000000
316453;12;1;2017;01:10;0;RD CE-040;;;0;KM-07;Choque c/ Obst?ículo Fixo;;Bom;Seca;Meio de Quadra;;;0;0;1;1;0;0;0;0;0;0;0;0;-3,817159445000000;-38,483032860000000
316455;12;1;2017;10:00;0;RD CE-040;;;0;KM-02;Colis?úo;Luz do Dia;Bom;Seca;Meio de Quadra;;;0;0;2;1;0;0;1;0;0;0;0;0;-3,773616148000000;-38,481799400000000
316457;12;1;2017;11:55;0;AV MIN JOSE AMERICO;;;0;;Colis?úo;Luz do Dia;Bom;Seca;Meio de Quadra;;;0;0;2;1;1;0;0;0;0;0;0;0;;
316462;12;1;2017;17:40;0;RD CE-040;;;0;KM-06;Colis?úo;Anoitecer;Bom;Seca;Meio de Quadra;;;0;0;2;1;0;0;0;0;0;0;0;0;-3,809596804000000;-38,478733480000000
316463;12;1;2017;17:50;0;RD CE-040;;;0;KM-05;Colis?úo;Anoitecer;Bom;Seca;Meio de Quadra;;;0;0;4;1;0;0;0;0;0;0;0;0;-3,800595823000000;-38,479534630000000
316464;12;1;2017;22:45;0;AV SEN CARLOS JEREISSATI (AEROPORTO);;;0;;Colis?úo;;Bom;Seca;Meio de Quadra;;;0;0;2;1;0;0;0;0;0;0;0;0;;
316459;12;1;2017;17:10;0;AV SEN CARLOS JEREISSATI (AEROPORTO);;;0;KM 02;Colis?úo;Anoitecer;Bom;Seca;Meio de Quadra;;;0;2;0;0;0;1;0;0;0;1;0;0;-3,782194000000000;-38,535424000000000
297345;12;1;2017;06:55;10935;RUA BAR CANINDE;RUA ELCIAS LOPES;;0;;Colis?úo Transversal;Luz do Dia;Chuva;Molhada;Cruz;Pare;Comercial;1;0;1;0;1;0;0;0;0;1;0;0;-3,770473000000000;-38,557426000000000
316465;13;1;2017;18:20;0;RD CE-040;;;0;KM-09;Colis?úo;Anoitecer;Bom;Seca;Meio de Quadra;;;0;0;2;1;0;0;0;0;0;0;0;0;-3,834450897000000;-38,482465820000000
317429;13;1;2017;07:50;0;RUA SENA MADUREIRA;;;0;;Colis?úo;Luz do Dia;;;Meio de Quadra;;;0;1;1;1;0;0;0;0;0;1;0;0;;