COD_ACIDENTE;DIA;MES;ANO;HORA;INTERSECAO;LOG1;LOG2;LOG3;NUMERO;REFERENCIA;NATUREZA;ILUMINACAO;TEMPO;SUPERFICIEPISTA;TIPOCRUZAMENTO;CONTROLETRAFEGO;USOSOLO;MORTOS;FERIDOS;ILESOS;AUTOMOVEL;ONIBUS;BICICLETA;CAMINHAO;MICROONIBUS;CICLOMOTOR;MOTOCICLETA;TRACAOANIMAL;TREM;LATITUDE;LONGITUDE
317432;13;1;2017;07:56;0;AV CEL CARVALHO;;;294;;Colis?úo;Luz do Dia;;;Meio de Quadra;;;0;1;1;0;0;0;0;0;0;1;0;0;-3,705711000000000;-38,590967000000000
317451;13;1;2017;10:09;0;RUA BETEL;;;1771;;Atropelamento;Luz do Dia;;;Meio de Quadra;;;0;1;1;0;0;0;0;0;0;1;0;0;-3,794703620000000;-38,553831297000000
317455;13;1;2017;10:18;0;AV ROGACIANO LEITE;;;3080;;Colis?úo;Luz do Dia;;;Meio de Quadra;;;0;1;1;1;0;0;0;0;0;1;0;0;-3,785999000000000;-38,503106000000000
317457;13;1;2017;12:00;5307;AV DUQ CAXIAS;RUA PRC ISABEL;;0;;Colis?úo;Luz do Dia;;;Cruz;Sem?íforo;Comercial;0;1;1;1;0;0;0;0;0;1;0;0;-3,729687000000000;-38,536407000000000
317461;13;1;2017;14:39;0;AV 13 DE MAIO;;;0;;Atropelamento;Luz do Dia;;;Meio de Quadra;;;0;1;1;0;0;0;0;0;0;1;0;0;;
317550;13;1;2017;16:13;0;RUA PDE JOAO PIAMARTA;;;448;;Colis?úo;Luz do Dia;;;Meio de Quadra;;;0;1;1;1;0;1;0;0;0;0;0;0;-3,759043000000000;-38,541964000000000
317548;13;1;2017;15:55;7496;RUA JOAO FONSECA;RUA PEDRO DANTAS;;0;;Atropelamento;Luz do Dia;;;Cruz;Pare;Comercial;0;1;1;0;0;0;0;0;0;1;0;0;-3,785733000000000;-38,522903000000000
317562;13;1;2017;16:38;0;AV MR HULL;;;9240;;Colis?úo;Luz do Dia;;;Meio de Quadra;;;0;1;1;1;0;0;0;0;0;1;0;0;-3,740700617000000;-38,599011820000000
317566;13;1;2017;16:41;17275;RUA BAR CANINDE;RUA ALVARO FERNANDES;;0;;Colis?úo;Luz do Dia;;;Cruz;Pare;Residencial;0;1;1;1;0;0;0;0;0;1;0;0;-3,762184000000000;-38,552236000000000
317582;13;1;2017;20:20;0;RUA PONTA MAR;;;1200;;Colis?úo;;;;Meio de Quadra;;;0;4;0;0;0;1;0;0;0;1;0;0;;
317583;13;1;2017;20:45;0;AV CEL CARVALHO;;;1179;;Colis?úo;;;;Meio de Quadra;;;0;2;0;0;0;1;0;0;0;1;0;0;-3,712713000000000;-38,589106000000000
317584;13;1;2017;20:57;0;RUA QUINZE (CANINDEZINHO);;;0;;Capotamento;;;;Meio de Quadra;;;0;1;0;1;0;0;0;0;0;0;0;0;;
317585;13;1;2017;22:28;0;AV DEP PAULINO ROCHA;;;0;;Colis?úo;;;;Meio de Quadra;;;0;1;1;1;0;0;0;0;0;1;0;0;;
317587;13;1;2017;22:57;0;RUA DIAMANTE(PASSARE);;;0;;Colis?úo;;;;Meio de Quadra;;;0;1;1;1;0;0;0;0;0;1;0;0;;
317577;13;1;2017;18:16;10935;RUA BAR CANINDE;RUA ELCIAS LOPES;;0;;Colis?úo;Anoitecer;;;Cruz;N?úo H?í Controle;Residencial;0;1;1;0;0;0;0;0;0;0;0;0;-3,770473000000000;-38,557426000000000
317578;13;1;2017;18:24;0;AV SORIANO ALBUQUERQUE;;;3059;;Colis?úo;Anoitecer;;;Meio de Quadra;;;0;1;1;1;0;0;0;0;0;1;0;0;-3,748830800000000;-38,515976000000000
317579;13;1;2017;19:03;0;RUA JOSE TORRES;;;974;;Colis?úo;;;;Meio de Quadra;;;0;1;1;1;0;0;0;0;0;1;0;0;-3,779532000000000;-38,607147000000000
317580;13;1;2017;19:34;0;AV MAE LISBOA;;;0;;Colis?úo;;;;Meio de Quadra;;;0;1;1;1;0;0;0;0;0;1;0;0;;
294595;13;1;2017;19:50;18792;RUA VALPARAISO;RUA CODO;;0;;Colis?úo Transversal;Via Iluminada;Bom;Seca;T;D?¬ Prefer?¬ncia;Residencial;1;1;1;0;1;0;0;0;0;1;0;0;-3,846299000000000;-38,521344000000000
294598;13;1;2017;00:45;0;RUA PRO GOMES BRASIL;AV AUGUSTO DOS ANJOS;;148;;Choque c/ Obst?ículo Fixo;;;;Meio de Quadra;;;1;0;0;0;0;0;0;0;0;1;0;0;-3,774305000000000;-38,567433000000000
307080;13;1;2017;16:33;0;AV PONTES VIEIRA;RUA CAP GUSTAVO;;0;;Colis?úo Traseira;Luz do Dia;Bom;Seca;Meio de Quadra;;;0;1;3;1;1;0;0;0;0;1;0;0;-3,753086000000000;-38,517270000000000
307083;13;1;2017;21:42;0;AV GODOFREDO MACIEL;;;0;;Colis?úo Traseira;Mal Iluminada;Bom;Seca;Meio de Quadra;N?úo H?í Controle;Lazer;0;1;1;1;0;0;0;0;0;0;0;0;-3,789943000000000;-38,566880000000000
303892;13;1;2017;16:00;0;AV GODOFREDO MACIEL;;;3570;;Colis?úo Lateral;Luz do Dia;Bom;Seca;Meio de Quadra;N?úo H?í Controle;Comercial;0;0;2;1;0;0;0;0;0;0;0;0;-3,806491000000000;-38,573043000000000
303894;13;1;2017;07:40;5213;RUA CONDE D??EU;RUA VIS SABOIA;;0;;Colis?úo Lateral;Luz do Dia;Bom;Seca;;Sem?íforo;Comercial;0;1;2;1;0;0;0;0;0;1;0;0;-3,726579000000000;-38,525915000000000
303938;13;1;2017;22:40;12355;RUA MON HIPOLITO BRASIL;RUA RIBEIRO LEITAO;;0;;Colis?úo Transversal;Via Iluminada;Bom;Seca;Cruz;Pare;Residencial;0;2;1;1;0;0;0;0;0;1;0;0;-3,760359000000000;-38,576110000000000
303940;13;1;2017;08:00;5135;AV TRISTAO GONCALVES;RUA SAO PAULO;;0;;Colis?úo Lateral;Luz do Dia;Bom;Seca;Cruz;Sem?íforo;Comercial;0;1;1;1;0;0;0;0;0;1;0;0;-3,724419000000000;-38,532395000000000
303941;13;1;2017;08:30;16039;AV PRS COSTA E SILVA;RUA CEL TIBURCIO;;0;;Colis?úo Transversal;Luz do Dia;Bom;Seca;Cruz;Sem?íforo;Residencial;0;1;1;1;0;0;0;0;0;0;0;0;-3,812167000000000;-38,573703000000000
303926;13;1;2017;14:00;0;RUA SILVA PAULET;;;1100;;Colis?úo Lateral;Luz do Dia;Bom;Seca;Meio de Quadra;Sem?íforo Manual;Comercial;0;0;2;1;0;0;0;0;0;0;0;0;-3,734536000000000;-38,505439000000000
303932;13;1;2017;15:00;0;AV SANTOS DUMONT;;;3000;;;Luz do Dia;Bom;Seca;Meio de Quadra;N?úo H?í Controle;Misto;0;0;2;1;0;0;0;0;0;0;0;0;-3,736251000000000;-38,498286000000000
303934;13;1;2017;19:00;5239;RUA PDE IBIAPINA;RUA PEDRO I;;0;;Colis?úo Transversal;Via Iluminada;Bom;Seca;T;Pare;Comercial;0;0;2;1;0;0;0;0;0;0;0;0;-3,727485000000000;-38,540384000000000
307047;13;1;2017;12:50;0;RUA CEL JUCA;;;1612;;Colis?úo Traseira;Luz do Dia;Bom;Seca;Meio de Quadra;N?úo H?í Controle;Residencial;0;0;2;1;0;0;0;0;0;0;0;0;-3,745521800000000;-38,493935000000000
307048;13;1;2017;13:54;0;RUA JOAQUIM MOREIRA D36;;;0;;Engavetamento;Luz do Dia;Bom;Seca;Meio de Quadra;N?úo H?í Controle;Lazer;0;0;3;1;1;0;0;0;0;0;0;0;-3,773989400000000;-38,565834000000000
307049;13;1;2017;13:31;0;AV TRISTAO GONCALVES;;;693;;Colis?úo Transversal;Luz do Dia;Bom;Seca;Meio de Quadra;N?úo H?í Controle;Comercial;0;0;1;0;1;0;0;0;0;0;0;0;-3,727733900000000;-38,533375000000000
307050;13;1;2017;14:38;0;ET SIQUEIRA;;;1095;;Colis?úo Frontal;Luz do Dia;Bom;Seca;Cruz;Sem?íforo;Residencial;0;0;2;1;0;0;0;0;0;0;0;0;-3,807680000000000;-38,594100000000000
307051;13;1;2017;14:30;0;RUA FRANCISCO JOSE A PEREIRA;AV DEP PAULINO ROCHA;;0;;Colis?úo Traseira;N?úo Informado;Bom;Seca;T;Pare;Comercial;0;0;2;1;0;0;0;0;0;0;0;0;-3,810639100000000;-38,509350000000000
307052;13;1;2017;15:09;2781;RUA BOM JESUS (GRANJA LISBOA);RUA SAMARIA;;0;;Colis?úo Lateral;Luz do Dia;Bom;Seca;Cruz;N?úo H?í Controle;Residencial;0;1;1;1;0;0;0;0;0;1;0;0;-3,792617800000000;-38,606426000000000
307053;13;1;2017;16:34;11153;RUA ANTONIO BANDEIRA D41;RUA MANUEL TEOFILO;;0;;Colis?úo Transversal;Luz do Dia;Bom;Seca;Cruz;Pare;Residencial;0;1;2;1;0;0;0;0;0;0;0;0;-3,784438600000000;-38,562070000000000
307054;13;1;2017;16:45;5750;RUA CON BRAVEZA;RUA JULIO LIMA;;0;;Colis?úo Traseira;Luz do Dia;Bom;Seca;Cruz;Pare;Comercial;0;0;2;1;0;0;0;0;0;0;0;0;-3,795494800000000;-38,498837000000000
307055;13;1;2017;16:28;9143;RUA JUVENAL DE CARVALHO;RUA DR JOSE VITOR;;0;;Colis?úo Lateral;Luz do Dia;Bom;Seca;Cruz;Pare;Residencial;0;1;1;0;0;0;0;0;0;1;0;0;-3,747557600000000;-38,525055000000000
307056;13;1;2017;19:25;0;AV GOV PARSIFAL BARROSO;;;0;;Colis?úo Traseira;Via Iluminada;Bom;Seca;Meio de Quadra;N?úo H?í Controle;Residencial;0;0;2;1;0;0;0;0;0;0;0;0;-3,734108700000000;-38,568806000000000
307057;13;1;2017;17:01;7787;RUA OSVALDO CRUZ (ALDEOTA);RUA MARCONDES PEREIRA;;0;;Colis?úo Transversal;Anoitecer;Bom;Seca;Cruz;Pare;Comercial;0;1;1;1;0;0;0;0;0;1;0;0;-3,750076500000000;-38,505028000000000
307058;13;1;2017;18:30;17370;RUA BAR SOBRAL;RUA ALM RUBIM;;0;;Colis?úo Traseira;Via Iluminada;Bom;N?úo informada;Cruz;Pare;Residencial;0;0;3;1;0;0;0;0;0;0;0;0;-3,766503800000000;-38,554855000000000
307059;13;1;2017;18:47;3903;AV JOAO PESSOA;RUA PDE CICERO;;0;;Colis?úo Lateral;Via Iluminada;Bom;Seca;Cruz;Sem?íforo;Comercial;0;0;2;0;1;0;0;0;0;0;0;0;-3,745874600000000;-38,543518000000000
307060;13;1;2017;19:30;0;RUA HOMEM DE MELO;;;190;;Colis?úo Frontal;N?úo Iluminada;Bom;Seca;Meio de Quadra;N?úo H?í Controle;Residencial;0;1;1;0;0;0;0;0;0;1;0;0;-3,816316800000000;-38,496162000000000
307061;13;1;2017;21:25;5209;RUA TEN BENEVOLO;RUA JOAO CORDEIRO;;0;;Colis?úo Lateral;Via Iluminada;Bom;Seca;Cruz;Sem?íforo;Comercial;0;0;2;1;1;0;0;0;0;0;0;0;-3,726488400000000;-38,513580000000000
307068;13;1;2017;16:46;5239;RUA PEDRO I;RUA PDE IBIAPINA;;0;;Colis?úo Transversal;Luz do Dia;Bom;Seca;T;Pare;Comercial;0;0;2;1;0;0;0;0;0;0;0;0;-3,753203600000000;-38,546070000000000
307040;13;1;2017;05:45;0;AV VIS RIO BRANCO;;;3771;;Atropelamento;Luz do Dia;Bom;Seca;Meio de Quadra;N?úo H?í Controle;Comercial;0;2;0;0;0;0;0;0;0;1;0;0;-3,754138700000000;-38,520380000000000
307041;13;1;2017;07:40;12720;RUA JOAO SORONGO;RUA QUINTINO CUNHA;;0;;Colis?úo Transversal;Luz do Dia;Bom;Seca;Cruz;Pare;Residencial;0;0;2;1;0;0;0;0;0;0;0;0;-3,750496600000000;-38,544003000000000
307042;13;1;2017;07:45;0;RUA ALVARES CABRAL;;;7660;;Colis?úo Lateral;Luz do Dia;Bom;Seca;Meio de Quadra;N?úo H?í Controle;Comercial;0;0;2;1;0;0;0;0;0;0;0;0;-3,785247600000000;-38,547123000000000
307043;13;1;2017;08:14;1447;AV DES MOREIRA;RUA TORRES CAMARA;;0;;Colis?úo Traseira;Luz do Dia;Bom;Seca;Cruz;Sem?íforo;Comercial;0;0;2;0;0;0;0;0;0;1;0;0;-3,740472000000000;-38,498745000000000
307044;13;1;2017;10:27;3387;AV ENG HUMBERTO MONTE;RUA MON FURTADO;;0;;Colis?úo Transversal;Luz do Dia;Bom;Seca;Cruz;Pare;Comercial;0;0;2;1;0;0;0;0;0;0;0;0;-3,754114000000000;-38,556200000000000
307045;13;1;2017;13:10;0;AV LUCIANO CARNEIRO;;;0;;Colis?úo Traseira;Luz do Dia;Bom;Seca;Meio de Quadra;Sem?íforo;Comercial;0;0;3;1;0;0;0;0;0;0;0;0;-3,765138400000000;-38,536823000000000
307069;14;1;2017;16:03;805;RUA ASP MENDES;RUA TEN AURELIO SAMPAIO;;0;;Colis?úo Transversal;Luz do Dia;Bom;Seca;Cruz;Pare;Residencial;0;0;2;0;1;0;0;0;0;0;0;0;-3,772896800000000;-38,513460000000000
307070;14;1;2017;19:04;25521;RUA CON DE CASTRO;RUA WALDIR DIOGO;;0;;Colis?úo Transversal;Via Iluminada;Bom;Seca;T;Pare;Residencial;0;2;1;1;0;0;0;0;0;1;0;0;-3,801803400000000;-38,589110000000000
307071;14;1;2017;20:45;0;RUA WALDIR DIOGO;;;210;;Colis?úo Traseira;Via Iluminada;Bom;Seca;Meio de Quadra;N?úo H?í Controle;Residencial;0;1;2;1;0;0;0;0;0;1;0;0;-3,772645200000000;-38,589104000000000
307072;14;1;2017;18:40;0;AV JOR THOMAZ COELHO;;;0;;Colis?úo Transversal;Via Iluminada;Bom;Seca;T;Pare;Comercial;0;0;2;0;1;0;0;0;0;1;0;0;-3,827958600000000;-38,517056000000000
307073;14;1;2017;20:13;146;RUA RUI MONTE;AV MR HULL;;0;;Colis?úo Transversal;Via Iluminada;Bom;Seca;T;Pare;Comercial;0;0;2;1;1;0;0;0;0;0;0;0;-3,739291200000000;-38,587627000000000
307074;14;1;2017;20:44;15185;AV BEIRA MAR;AV DES MOREIRA;;0;;Colis?úo Lateral;Via Iluminada;Bom;N?úo informada;T;Pare;Comercial;0;0;2;1;0;0;0;0;0;0;0;0;-3,726124500000000;-38,494960000000000
307075;14;1;2017;23:39;0;AV DR SILAS MUNGUBA;;;4410;;Choque c/ Obst?ículo Fixo;Via Iluminada;Bom;Seca;Meio de Quadra;N?úo H?í Controle;Residencial;0;1;1;1;0;0;0;0;0;1;0;0;-3,792796000000000;-38,535550000000000
307062;14;1;2017;06:50;2649;RUA RAIMUNDO FROTA;RUA BELEM FIGUEIREDO;;0;;Choque c/ Obst?ículo Fixo;Luz do Dia;Bom;Seca;Cruz;Pare;Residencial;0;1;0;1;0;0;0;0;0;0;0;0;-3,715004700000000;-38,583782000000000
307063;14;1;2017;10:35;22665;AV ENG LEAL LIMA VERDE (SAPIRANGA/COITE);AV COS GOMES DE FREITAS (SAPIRANGA/COITE);;0;;Colis?úo Transversal;Luz do Dia;Bom;Seca;Rotat??ria;D?¬ Prefer?¬ncia;Comercial;0;0;2;1;0;0;0;0;0;0;0;0;-3,795381300000000;-38,475810000000000
307064;14;1;2017;13:19;0;AV DES MOREIRA;;;1250;;Colis?úo Traseira;Luz do Dia;Bom;Seca;Meio de Quadra;N?úo H?í Controle;Comercial;0;0;1;1;0;0;0;0;0;0;0;0;-3,736797000000000;-38,498474000000000
307065;14;1;2017;13:29;22099;AV JOSE BASTOS;RUA JOSE FACANHA;;0;;Colis?úo Lateral;Luz do Dia;Bom;Seca;Outros;Sem?íforo;Comercial;0;1;1;0;0;0;1;0;0;1;0;0;-3,754423000000000;-38,554893000000000
307066;14;1;2017;14:35;0;AV VIS RIO BRANCO;;;4105;;Colis?úo Transversal;Luz do Dia;Bom;Seca;Meio de Quadra;Sem?íforo;Comercial;0;0;1;0;0;0;0;0;0;0;0;0;-3,753897400000000;-38,528130000000000
307067;14;1;2017;13:37;9021;RUA CEL SOLON;AV FELINO BARROSO;;0;;Colis?úo Transversal;Luz do Dia;Bom;Seca;Cruz;Pare;Residencial;0;0;2;1;0;0;0;0;0;0;0;0;-3,743221000000000;-38,528680000000000
306793;14;1;2017;18:27;13423;AV ANTONIO SALES;RUA MON BRUNO;;0;;Colis?úo Traseira;Anoitecer;Bom;Seca;Cruz;N?úo H?í Controle;Comercial;0;0;2;1;1;0;0;0;0;0;0;0;-3,742239500000000;-38,512750000000000
306794;14;1;2017;19:30;0;AV PONTES VIEIRA;;;220;;Atropelamento;Via Iluminada;Bom;Seca;Meio de Quadra;Gesto;Comercial;0;2;0;0;0;0;0;0;0;1;0;0;-3,753331000000000;-38,518745000000000
303931;14;1;2017;07:00;0;AV JOSE BASTOS;;;0;;Choque c/ Obst?ículo Fixo;Luz do Dia;Bom;Seca;Meio de Quadra;Outros;Comercial;0;1;0;0;0;0;0;0;0;1;0;0;;
303936;14;1;2017;10:49;6725;RUA JULIO AZEVEDO;RUA BENTO ALBUQUERQUE;;0;;Colis?úo Frontal;Luz do Dia;Bom;Seca;Cruz;Pare;Residencial;0;2;1;0;0;0;0;0;0;1;0;0;-3,743861000000000;-38,482854000000000
303958;14;1;2017;14:30;1456;AV SANTOS DUMONT;RUA CEL JUCA;;0;;Colis?úo Lateral;Luz do Dia;Bom;Seca;Outros;Sem?íforo;Comercial;0;0;2;1;0;0;0;0;0;0;0;0;-3,738438000000000;-38,491530000000000
303959;14;1;2017;11:30;0;RUA JOAO CORDEIRO;;;1250;;Colis?úo Transversal;Luz do Dia;Bom;Seca;Meio de Quadra;Outros;Residencial;0;0;2;1;0;0;0;0;0;0;0;0;-3,731164000000000;-38,514873000000000
303961;14;1;2017;11:36;0;RUA PRA HELOISA F LIMA;;;2109;;Colis?úo Transversal;Luz do Dia;Bom;Seca;Meio de Quadra;Outros;Residencial;0;0;2;1;0;0;0;0;0;1;0;0;-3,790458000000000;-38,546605000000000
303954;14;1;2017;19:00;0;AV ABOLICAO;;;0;;Colis?úo Traseira;Via Iluminada;Bom;Seca;Meio de Quadra;N?úo H?í Controle;Comercial;0;0;2;1;0;0;0;0;0;0;0;0;;
303956;14;1;2017;16:20;0;RUA JOSE HIPOLITO;;;1460;;Colis?úo Frontal;Luz do Dia;Bom;Seca;Outros;N?úo H?í Controle;Residencial;0;0;2;1;0;0;0;0;0;0;0;0;-3,837997000000000;-38,481616000000000
303949;14;1;2017;14:50;0;AV RECREIO D64;;;180;CLUBE RECREIO;Colis?úo Lateral;Luz do Dia;Bom;Seca;Outros;N?úo H?í Controle;Residencial;0;0;2;1;0;0;0;0;0;0;0;0;-3,807179000000000;-38,449074000000000
303913;14;1;2017;07:30;26255;AV HIS RAIMUNDO GIRAO;RUA HIS GUARINO ALVES;;0;;Colis?úo Lateral;Luz do Dia;Bom;Seca;T;Pare;Comercial;0;2;1;0;1;0;0;0;0;1;0;0;;
303914;14;1;2017;14:18;5131;RUA RUFINO DE ALENCAR;RUA BATURITE;;0;;Colis?úo Traseira;Luz do Dia;Bom;Seca;;Pare;Comercial;0;1;1;1;0;0;0;0;0;1;0;0;-3,724316000000000;-38,523038000000000
303915;14;1;2017;21:36;3903;AV JOAO PESSOA;RUA PDE CICERO;;0;;Colis?úo;Via Iluminada;Bom;Seca;Cruz;Sem?íforo;Comercial;0;1;1;0;0;0;0;0;0;1;0;0;-3,745741000000000;-38,543442000000000
303920;14;1;2017;13:00;0;RUA PINTO MADEIRA;;;319;;Colis?úo Traseira;Luz do Dia;Bom;Seca;Meio de Quadra;Outros;Comercial;0;0;2;1;0;0;0;0;0;0;0;0;-3,730769000000000;-38,522563000000000
307120;14;1;2017;13:10;638;RUA ANA FACO;RUA ENG JOAO NOGUEIRA;;0;;Colis?úo Lateral;Luz do Dia;Bom;Seca;Cruz;Pare;Residencial;0;2;0;1;0;0;0;0;0;1;0;0;-3,713568400000000;-38,562923000000000
307106;14;1;2017;18:49;0;AV ALBERTO CRAVEIRO;;;2750;;Atropelamento;Via Iluminada;Bom;Seca;Meio de Quadra;N?úo H?í Controle;Comercial;0;1;1;0;0;0;0;0;0;1;0;0;-3,803959100000000;-38,522210000000000
307135;14;1;2017;01:32;0;RUA DOM EXPEDITO LOPES D15 (J. IRACEMA);RUA TIBURCIO CAVALCANTE;;0;;Colis?úo Transversal;Via Iluminada;Bom;Seca;Cruz;Sem?íforo;Residencial;0;0;1;1;0;0;0;0;0;0;0;0;-3,743940600000000;-38,505080000000000
294605;14;1;2017;20:19;0;AV CEL CARVALHO;;;836;;Colis?úo Transversal;Via Iluminada;Bom;Seca;Meio de Quadra;;Comercial;1;0;1;0;1;0;0;0;0;1;0;0;-3,709414000000000;-38,590031000000000
317588;14;1;2017;01:13;0;AV SEN FERNANDES TAVORA;;;2145;;Queda;;;;Meio de Quadra;;;0;1;0;0;0;0;0;0;0;1;0;0;-3,757283000000000;-38,591356000000000
317616;14;1;2017;02:48;0;AV PERIMETRAL;;;700;;Choque c/ Obst?ículo Fixo;;;;Meio de Quadra;;;0;1;0;1;0;0;0;0;0;0;0;0;;
317633;14;1;2017;10:40;0;AV GODOFREDO MACIEL;;;3399;;Colis?úo;Luz do Dia;;;Meio de Quadra;;;0;1;1;1;0;0;0;0;0;1;0;0;-3,804935000000000;-38,572560000000000
317619;14;1;2017;07:06;0;AV A CJ JOSE WALTER;;;790;;Atropelamento de Animal;Luz do Dia;;;Meio de Quadra;;;0;1;0;0;0;0;0;0;0;1;0;0;-3,823905000000000;-38,557271000000000
317629;14;1;2017;09:43;0;AV JOSE JATAHY;;;0;;Queda;Luz do Dia;;;Meio de Quadra;;;0;1;0;0;0;0;0;0;0;1;0;0;;
317644;14;1;2017;11:48;0;RUA DES LEITE ALBUQUERQUE;;;1490;;Colis?úo;Luz do Dia;;;Meio de Quadra;;;0;1;1;1;0;0;0;0;0;1;0;0;-3,740348000000000;-38,489030000000000
317647;14;1;2017;12:38;0;AV CANAL D71;;;305;;Atropelamento;Luz do Dia;;;Meio de Quadra;;;0;1;1;1;0;0;0;0;0;0;0;0;;
317855;14;1;2017;16:20;0;AV GODOFREDO MACIEL;;;4370;;Queda;Luz do Dia;;;Meio de Quadra;;;0;1;0;0;0;0;0;0;0;1;0;0;-3,813056000000000;-38,575146000000000
317848;14;1;2017;16:18;0;RUA BOM JESUS (BARRA DO CEARA);;;2800;;Colis?úo;Luz do Dia;;;Meio de Quadra;;;0;1;1;0;0;0;1;0;0;1;0;0;;
317841;14;1;2017;15:46;0;AV MR HULL;;;4560;;Atropelamento;Luz do Dia;;;Meio de Quadra;;;0;1;1;0;0;0;0;0;0;1;0;0;-3,738660476000000;-38,585116281000000
317832;14;1;2017;14:45;12842;RUA CARLOS GOMES;RUA JAIME BENEVOLO;;0;;Colis?úo;Luz do Dia;;;Cruz;Pare;Residencial;0;2;0;1;0;0;0;0;0;1;0;0;-3,740955000000000;-38,528298000000000
317835;14;1;2017;15:36;0;AV PRUDENTE BRASIL;;;770;;Colis?úo;Luz do Dia;;;Meio de Quadra;;;0;2;0;1;0;0;0;0;0;1;0;0;-3,809503000000000;-38,534366000000000
317843;14;1;2017;15:51;0;AV AUGUSTO DOS ANJOS;;;685;;Atropelamento;Luz do Dia;;;Meio de Quadra;;;0;1;1;0;0;0;0;0;0;1;0;0;-3,774289000000000;-38,573949000000000
317809;14;1;2017;13:00;0;AV BORGES DE MELO;;;0;;Atropelamento;Luz do Dia;;;Meio de Quadra;;;0;1;1;1;0;0;0;0;0;0;0;0;;
317866;14;1;2017;16:31;0;RUA ALBERTO DE OLIVEIRA;;;561;;Queda;Luz do Dia;;;Meio de Quadra;;;0;2;0;0;0;1;0;0;0;0;0;0;-3,709665000000000;-38,576158000000000
317870;14;1;2017;17:14;0;RUA JACINTO MATOS;;;476;;Queda;Anoitecer;;;Meio de Quadra;;;0;1;0;0;0;1;0;0;0;0;0;0;-3,715317000000000;-38,546395000000000
317872;14;1;2017;17:21;0;AV DR SILAS MUNGUBA;;;4997;;Colis?úo;Anoitecer;;;Meio de Quadra;;;0;1;0;1;0;0;0;0;0;1;0;0;-3,797068000000000;-38,531647000000000
317874;14;1;2017;17:35;0;AV MACIEL BEZERRA;;;2041;;Colis?úo;Anoitecer;;;Meio de Quadra;;;0;1;1;1;0;0;0;0;0;1;0;0;;
317880;14;1;2017;18:38;0;AV PERIMETRAL;;;2332;;Colis?úo;;;;Meio de Quadra;;;0;1;1;0;0;0;0;0;0;0;0;0;;
317893;14;1;2017;18:42;0;AV GENIBAU;;;244;;Colis?úo;;;;Meio de Quadra;;;0;2;0;1;0;0;0;0;0;1;0;0;-3,761246000000000;-38,597588000000000
318005;14;1;2017;18:48;0;RUA MANOEL DE CASTRO (SIQUEIRA);;;1997;;Colis?úo;;;;Meio de Quadra;;;0;1;1;1;0;0;0;0;0;1;0;0;;
318018;14;1;2017;19:00;0;RUA DIOGO CORREIA;;;210;;Colis?úo;;;;Meio de Quadra;;;0;1;1;1;0;0;0;0;0;1;0;0;-3,772552600000000;-38,589139800000000
318036;14;1;2017;19:26;0;AV CASTELO DE CASTRO;;;675;;Colis?úo;;;;Meio de Quadra;;;0;1;1;1;0;1;0;0;0;0;0;0;-3,835299000000000;-38,521638000000000
318052;14;1;2017;19:56;0;RUA ALBERTO MONTE;;;0;;Colis?úo;;;;Meio de Quadra;;;0;1;1;1;0;0;0;0;0;1;0;0;;
318058;14;1;2017;20:58;6545;AV A CJ CEARA;AV H CJ CEARA;;0;;Colis?úo;;;;Cruz;Sem?íforo;Comercial;0;3;0;1;0;0;0;0;0;1;0;0;-3,775146000000000;-38,605924000000000
318063;14;1;2017;22:13;0;AV PERIMETRAL;;;0;;Colis?úo;;;;Meio de Quadra;;;0;1;1;0;0;0;0;0;0;0;0;0;;
318064;14;1;2017;23:01;0;RUA TEOFILO GURGEL;;;231;;Queda;;;;Meio de Quadra;;;0;1;0;0;0;0;0;0;0;1;0;0;-3,726681000000000;-38,546427000000000
318065;14;1;2017;23:14;0;RUA CEL MATOS DOURADO;;;300;;Colis?úo;;;;Meio de Quadra;;;0;1;1;1;0;0;0;0;0;1;0;0;-3,741436000000000;-38,585176000000000
316504;14;1;2017;11:40;0;RD CE-060;;;0;KM-02;Colis?úo;Luz do Dia;Bom;Seca;Meio de Quadra;;;0;0;2;1;0;0;0;0;0;0;0;0;-3,834064000000000;-38,582111000000000
316506;14;1;2017;21:30;0;RD CE-060;;;5200;KM-02;Queda;;Bom;Seca;Meio de Quadra;;;0;1;0;0;0;0;0;0;0;1;0;0;;
316508;15;1;2017;16:30;0;RD CE-040;;;0;KM-01;Colis?úo;Luz do Dia;Bom;Seca;Meio de Quadra;;;0;0;2;1;0;0;0;0;0;0;0;0;-3,764650449000000;-38,482583040000000
316513;15;1;2017;19:45;0;RD CE-040;;;0;KM-10;Colis?úo;;Bom;Seca;Meio de Quadra;;;0;1;1;1;0;1;0;0;0;0;0;0;-3,826382000000000;-38,481776000000000
290334;15;1;2017;12:00;0;RUA DELMIRO FARIAS;;;1137;;Colis?úo Lateral;Luz do Dia;Nublado;Seca;Meio de Quadra;N?úo H?í Controle;Residencial;0;0;2;1;0;0;0;0;0;1;0;0;-3,749072000000000;-38,548856000000000