COD_ACIDENTE;DIA;MES;ANO;HORA;INTERSECAO;LOG1;LOG2;LOG3;NUMERO;REFERENCIA;NATUREZA;ILUMINACAO;TEMPO;SUPERFICIEPISTA;TIPOCRUZAMENTO;CONTROLETRAFEGO;USOSOLO;MORTOS;FERIDOS;ILESOS;AUTOMOVEL;ONIBUS;BICICLETA;CAMINHAO;MICROONIBUS;CICLOMOTOR;MOTOCICLETA;TRACAOANIMAL;TREM;LATITUDE;LONGITUDE
325435;15;1;2017;07:12;0;RD BR 116;;;600;KM-05;Colis?úo Frontal;Luz do Dia;;Seca;Meio de Quadra;;;0;0;2;1;0;0;0;0;0;0;0;0;-3,796055900000000;-38,507184100000000
297922;15;1;2017;00:30;0;AV GOV RAUL BARBOSA;;;7502;VIADUTO BR-116;Choque c/ Obst?ículo Fixo;;;;Meio de Quadra;;;1;0;0;0;0;0;0;0;0;1;0;0;-3,777553000000000;-38,513646000000000
318071;15;1;2017;02:05;15333;RUA ANA BILHAR;RUA PRO DIAS DA ROCHA;;0;;Atropelamento;;;;Cruz;Pare;Comercial;0;1;1;0;0;0;0;0;0;0;0;0;-3,731209000000000;-38,490300000000000
318075;15;1;2017;02:37;2432;RUA PARQUE VILA VELHA II;RUA 01 UI 901;;0;;Queda;;;;;;;0;1;0;0;0;0;0;0;0;1;0;0;-3,706729000000000;-38,589121000000000
318078;15;1;2017;02:51;16057;AV GODOFREDO MACIEL;AV PRS COSTA E SILVA;;0;;Colis?úo;;;;Cruz;Sem?íforo;Residencial;0;1;1;0;0;0;0;0;0;0;0;0;-3,811743000000000;-38,574739000000000
318122;15;1;2017;03:22;0;RUA COSTA BARROS;;;0;;Queda;;;;Meio de Quadra;;;0;1;0;0;0;0;0;0;0;1;0;0;;
318129;15;1;2017;04:32;0;AV PERIMETRAL;;;3446;;Colis?úo;;;;Meio de Quadra;;;0;1;1;0;0;0;0;0;0;0;0;0;;
318132;15;1;2017;05:06;0;AV FRANCISCO SA;;;4600;;Colis?úo;Amanhecer;;;Meio de Quadra;;;0;1;1;0;0;0;0;0;0;1;0;0;-3,714558000000000;-38,565763000000000
318136;15;1;2017;06:28;0;RUA ESPERANCA D51;;;222;;Atropelamento;Luz do Dia;;;Meio de Quadra;;;0;1;1;0;0;0;0;0;0;0;0;0;-3,780800000000000;-38,502803000000000
318177;15;1;2017;06:51;0;AV ENG HUMBERTO MONTE;;;0;;Queda;Luz do Dia;;;Meio de Quadra;;;0;1;0;0;0;0;0;0;0;1;0;0;;
318183;15;1;2017;09:36;0;AV CEL CARVALHO;;;0;;Colis?úo;Luz do Dia;;;Meio de Quadra;;;0;1;1;1;0;1;0;0;0;0;0;0;;
318184;15;1;2017;10:30;5340;AV DUQ CAXIAS;RUA VINTE E QUATRO DE MAIO;;0;;Colis?úo;Luz do Dia;;;Cruz;Sem?íforo;Comercial;0;1;1;1;0;1;0;0;0;0;0;0;-3,730708000000000;-38,533230000000000
318190;15;1;2017;11:57;25328;RUA PORTO VELHO;RUA TUPI D35;;0;;Atropelamento;Luz do Dia;;;Cruz;Pare;Residencial;0;1;1;1;0;0;0;0;0;0;0;0;-3,768111000000000;-38,583018000000000
318192;15;1;2017;12:57;0;RUA MODESTA;;;1195;;Colis?úo;Luz do Dia;;;Meio de Quadra;;;0;1;1;1;0;0;0;0;0;1;0;0;;
318215;15;1;2017;14:41;3030;RUA DIOGO CORREIA;RUA ANDRE REBOUCAS;;0;;Colis?úo;Luz do Dia;;;Cruz;Sem?íforo;Comercial;0;1;1;1;0;0;0;0;0;1;0;0;-3,774008000000000;-38,588606000000000
318221;15;1;2017;16:21;21847;AV GODOFREDO PIMENTEL;RUA DEP MATOSO FILHO;;0;;Colis?úo;Luz do Dia;;;;;;0;2;0;0;0;0;0;0;0;1;0;0;-3,731915000000000;-38,589249000000000
318227;15;1;2017;19:16;0;AV AUGUSTO DOS ANJOS;;;812;;Atropelamento;;;;Meio de Quadra;;;0;1;1;0;0;0;0;0;0;0;0;0;-3,775071000000000;-38,574656000000000
318233;15;1;2017;19:34;12984;AV M CJ JOSE WALTER;AV A CJ JOSE WALTER;;0;;Colis?úo;;;;Cruz;Pare;Residencial;0;2;0;0;0;0;0;0;0;1;0;0;-3,824397000000000;-38,555667000000000
318243;15;1;2017;20:27;0;RUA VALPARAISO;;;498;;Colis?úo;;;;Meio de Quadra;;;0;1;1;1;0;0;0;0;0;1;0;0;-3,844389000000000;-38,525562000000000
318247;15;1;2017;21:49;0;RUA BAR CANINDE;;;1630;;Choque c/ Obst?ículo Fixo;;;;Meio de Quadra;;;0;1;0;0;0;0;0;0;0;1;0;0;-3,770777200000000;-38,557620200000000
318248;15;1;2017;22:06;0;AV JOVITA FEITOSA;;;825;;Atropelamento;;;;Meio de Quadra;;;0;1;1;1;0;0;0;0;0;0;0;0;-3,738785000000000;-38,551197000000000
318249;15;1;2017;22:09;0;AV JOR JOAO RAMOS;;;589;;Queda;;;;Meio de Quadra;;;0;1;0;0;0;0;0;0;0;1;0;0;;
318245;15;1;2017;21:28;0;RUA MARCILIO DIAS;;;711;;Queda;;;;Meio de Quadra;;;0;1;0;0;0;0;0;0;0;1;0;0;-3,711307000000000;-38,552223000000000
318251;15;1;2017;22:14;0;AV SEN FERNANDES TAVORA;;;2438;;Atropelamento;;;;Meio de Quadra;;;0;1;1;0;0;0;0;0;0;0;0;0;-3,755781000000000;-38,594749000000000
318252;15;1;2017;22:58;6564;AV H CJ CEARA;AV G CJ CEARA;;0;;Queda;;;;T;Pare;Misto;0;1;0;0;0;1;0;0;0;0;0;0;;
294616;15;1;2017;10:30;0;RUA FERNANDO FARIAS DE MELO (MANUEL S?üTIRO);;;279;;Atropelamento;Luz do Dia;;;Meio de Quadra;;;1;0;1;1;0;0;0;0;0;0;0;0;-3,792807000000000;-38,578142000000000
307128;15;1;2017;20:07;13402;RUA ILDEFONSO ALBANO;AV ANTONIO SALES;;0;;Colis?úo Lateral;Mal Iluminada;Bom;Seca;Cruz;Sem?íforo;Comercial;0;0;1;1;0;0;0;0;0;0;0;0;-3,741365700000000;-38,515965000000000
307082;15;1;2017;18:34;24290;RUA JULIO ABREU;RUA CASTRO MONTE;;0;;Colis?úo Traseira;Luz do Dia;Bom;Seca;Cruz;Pare;Residencial;0;0;2;1;0;0;0;0;0;0;0;0;-3,735652000000000;-38,485940000000000
307085;15;1;2017;16:00;0;RUA MIN ALBUQUERQUE LIMA;;;758;;Colis?úo Lateral;Luz do Dia;Bom;Seca;Meio de Quadra;N?úo H?í Controle;Comercial;0;0;2;1;0;0;0;0;0;1;0;0;-3,770195700000000;-38,606083000000000
307086;15;1;2017;18:53;0;AV PRS JUSCELINO KUBITSCHEK (PASSAR?ë);;;5800;;Colis?úo Traseira;Via Iluminada;Bom;Seca;Meio de Quadra;N?úo H?í Controle;Industrial;0;0;0;1;0;0;0;0;0;1;0;0;-3,823815000000000;-38,537415000000000
307110;15;1;2017;20:58;0;AV FRANCISCO SA;;;7784;;Colis?úo Traseira;Via Iluminada;Bom;Seca;Meio de Quadra;N?úo H?í Controle;Comercial;0;0;2;1;0;0;0;0;0;0;0;0;-3,705284000000000;-38,587788000000000
303921;15;1;2017;00:05;0;AV AUGUSTO DOS ANJOS;;;930;;Colis?úo Frontal;Anoitecer;Nublado;Seca;Meio de Quadra;Outros;Residencial;0;2;0;1;0;0;0;0;0;1;0;0;-3,775835000000000;-38,575344000000000
303922;15;1;2017;06:00;0;AV AMERICO BARREIRA;;;0;;Colis?úo Traseira;Luz do Dia;Bom;Seca;Meio de Quadra;Sem?íforo;Residencial;0;2;0;1;0;0;0;0;0;0;0;0;;
303951;15;1;2017;00:05;0;RUA TAVARES COUTINHO;;;1616;;Colis?úo;Via Iluminada;Bom;Seca;Meio de Quadra;Sem?íforo;Comercial;0;3;0;1;0;0;0;0;0;0;0;0;-3,732636000000000;-38,488866000000000
303962;15;1;2017;20:21;25697;RUA JOAO CORDEIRO;RUA ROCHA LIMA;;0;;Colis?úo Lateral;Via Iluminada;Bom;Seca;Cruz;Pare;Residencial;0;2;0;1;0;0;0;0;0;1;0;0;-3,738000000000000;-38,517275000000000
303964;15;1;2017;22:52;0;RUA SATIRO DIAS;;;43;;Colis?úo Traseira;Via Iluminada;Bom;Seca;Meio de Quadra;Outros;Residencial;0;2;0;1;0;0;0;0;0;1;0;0;-3,764040000000000;-38,545182000000000
303935;15;1;2017;17:15;21620;RUA CON DE CASTRO;RUA BERNARDINO CAMPOS;;0;;Colis?úo Lateral;Anoitecer;Bom;Seca;T;Sem?íforo;Comercial;0;1;1;1;1;0;0;0;0;0;0;0;-3,801030000000000;-38,588350000000000
303933;15;1;2017;11:05;1456;AV SANTOS DUMONT;RUA CEL JUCA;;0;;Colis?úo Transversal;Luz do Dia;Nublado;Molhada;Cruz;Sem?íforo;Comercial;0;1;0;1;0;0;0;0;0;0;0;0;-3,738438000000000;-38,491530000000000
303927;15;1;2017;03:24;0;AV PRS CASTELO BRANCO;;;3706;;Colis?úo Traseira;Via Iluminada;Bom;Seca;Outros;N?úo H?í Controle;Residencial;0;2;0;1;0;0;0;0;0;0;0;0;-3,709453000000000;-38,565313000000000
303929;15;1;2017;10:20;0;RUA BENTO ALBUQUERQUE;;;546;;Colis?úo;Luz do Dia;Bom;Seca;Meio de Quadra;Pare;Residencial;0;2;0;1;0;0;0;0;0;0;0;0;-3,743727000000000;-38,483266000000000
303946;15;1;2017;13:18;5086;RUA PDE MORORO;RUA SAO PAULO;;0;;Colis?úo;Luz do Dia;Bom;Seca;Cruz;Sem?íforo;Comercial;0;2;0;1;0;0;0;0;0;1;0;0;-3,722996000000000;-38,536741000000000
307076;15;1;2017;09:00;581;AV FRANCISCO SA;AV PASTEUR;;0;;Colis?úo Traseira;Luz do Dia;Nublado;Seca;Meio de Quadra;Sem?íforo;Comercial;0;1;1;0;0;0;0;0;0;1;0;0;-3,738082200000000;-38,569410000000000
307077;15;1;2017;11:31;0;RUA PRO GOMES BRASIL;;;500;;Colis?úo Lateral;Luz do Dia;Nublado;Seca;Meio de Quadra;N?úo H?í Controle;Comercial;0;0;2;1;0;0;0;0;0;0;0;0;-3,771131800000000;-38,569640000000000
307078;15;1;2017;13:30;0;AV PRS COSTA E SILVA;;;4587;;Colis?úo Lateral;Luz do Dia;Bom;Seca;Meio de Quadra;Sem?íforo;Residencial;0;0;2;0;1;0;0;0;0;0;0;0;-3,825624500000000;-38,538910000000000
303966;16;1;2017;09:00;0;RUA GUILHERME ROCHA;;;748;;Colis?úo Traseira;Luz do Dia;Nublado;Molhada;Meio de Quadra;Sem?íforo;Comercial;0;1;1;1;0;0;0;0;0;1;0;0;-3,725312819000000;-38,533114540000000
303977;16;1;2017;16:10;17410;RUA PRO TEODORICO;RUA ALM RUBIM;;0;;Colis?úo;Luz do Dia;Bom;Seca;Cruz;D?¬ Prefer?¬ncia;Residencial;0;1;1;1;0;0;0;0;0;0;0;0;-3,767984000000000;-38,555605000000000
303978;16;1;2017;10:35;20023;AV DR SILAS MUNGUBA;AV HEROIS DO ACRE;;0;;Colis?úo Traseira;;Bom;Seca;T;Sem?íforo;Comercial;0;2;0;0;0;0;1;0;0;0;0;0;-3,803079000000000;-38,528540000000000
303981;16;1;2017;13:40;1349;AV SANTOS DUMONT;RUA VIS MAUA;;0;;Colis?úo Transversal;Luz do Dia;Bom;Seca;Cruz;Sem?íforo;Comercial;0;2;0;1;0;0;0;0;0;1;0;0;-3,735909000000000;-38,499371000000000
303983;16;1;2017;14:30;14421;AV SGT HERMINIO SAMPAIO;RUA PDE ANCHIETA;;0;;Colis?úo Traseira;Luz do Dia;Bom;Seca;Cruz;Sem?íforo;Comercial;0;0;2;1;0;0;0;0;0;0;0;0;-3,724693000000000;-38,551079000000000
303968;16;1;2017;16:17;0;AV DR SILAS MUNGUBA;;;4850;;Colis?úo Lateral;Luz do Dia;Bom;Seca;Outros;Outros;Residencial;0;2;0;0;0;0;1;0;0;1;0;0;-3,795619000000000;-38,532470000000000
303972;16;1;2017;13:20;10995;RUA 15 DE NOVEMBRO;RUA ALM RUBIM;;0;;Colis?úo Lateral;Luz do Dia;Bom;Seca;Cruz;Sem?íforo Intermitente;Comercial;0;2;0;1;0;0;0;0;0;0;0;0;-3,768907000000000;-38,555939000000000
303987;16;1;2017;07:54;15227;AV ABOLICAO;AV DES MOREIRA;;0;;Colis?úo Lateral;Luz do Dia;Chuva;Molhada;Cruz;Sem?íforo;Comercial;0;2;0;1;1;0;0;0;0;0;0;0;-3,727331000000000;-38,495474000000000
303985;16;1;2017;00:55;0;AV DIOGUINHO;;;1331;;Colis?úo Transversal;Via Iluminada;Bom;Seca;Meio de Quadra;N?úo H?í Controle;Residencial;0;2;0;1;0;0;0;0;0;0;0;0;-3,743056700000000;-38,452589100000000
307111;16;1;2017;19:30;0;RUA CEL SOLON;RUA COS TRISTAO;;460;;Colis?úo Transversal;Via Iluminada;Bom;Seca;;;;0;2;0;0;0;0;0;0;0;1;0;0;-3,743097300000000;-38,528130000000000
307112;16;1;2017;17:19;20036;RUA ARUEIRAS;AV PALESTINA D68;;0;;Colis?úo Transversal;Anoitecer;Bom;Seca;Cruz;Pare;Residencial;0;3;1;1;0;0;0;0;0;1;0;0;-3,805596600000000;-38,537260000000000
307113;16;1;2017;21:30;0;AV PRS COSTA E SILVA;;;677;;Colis?úo Traseira;Via Iluminada;Bom;Seca;Meio de Quadra;N?úo H?í Controle;Residencial;0;1;1;1;0;0;0;0;0;0;0;0;-3,822977800000000;-38,552080000000000
307087;16;1;2017;07:15;25974;RUA TRES MARIAS D39 (MONTESE);RUA PERU;;0;;Colis?úo Traseira;Luz do Dia;Nublado;Seca;T;Pare;Residencial;0;0;4;1;0;0;0;0;0;0;0;0;-3,769570000000000;-38,549870000000000
307088;16;1;2017;07:39;12857;RUA CARLOS GOMES;RUA FLORIANO PEIXOTO;;0;;Colis?úo Transversal;Luz do Dia;Nublado;Molhada;Cruz;Pare;Residencial;0;1;1;1;0;0;0;0;0;1;0;0;-3,740070300000000;-38,531204000000000
307090;16;1;2017;08:59;21980;RUA GAL BERNARDO FIGUEIREDO;RUA PDE CICERO;;0;;Colis?úo Transversal;Luz do Dia;Nublado;Molhada;T;Pare;Residencial;0;0;2;1;0;0;0;0;0;0;0;0;-3,739362200000000;-38,550540000000000
307091;16;1;2017;08:35;1576;RUA CEL JUCA;AV PDE ANTONIO TOMAS;;0;;Colis?úo Traseira;Luz do Dia;Nublado;Seca;Cruz;Sem?íforo;Comercial;0;0;3;1;0;0;0;0;0;0;0;0;-3,742489800000000;-38,492780000000000
307092;16;1;2017;10:00;5255;AV TRISTAO GONCALVES;RUA PEDRO PEREIRA;;0;;Colis?úo Traseira;Luz do Dia;Nublado;Seca;Meio de Quadra;Sem?íforo;Comercial;0;0;1;1;0;0;0;0;0;0;0;0;-3,727905300000000;-38,533424000000000
307093;16;1;2017;10:54;0;AV ALM HENRIQUE SABOIA;;;0;SAM'S CLUB FORTALEZA;Colis?úo Traseira;Luz do Dia;Bom;Seca;Meio de Quadra;N?úo H?í Controle;Comercial;0;2;0;1;0;0;0;0;0;1;0;0;-3,736935400000000;-38,485310000000000
307094;16;1;2017;13:17;25084;AV BENJAMIM BRASIL;RUA BERNARDO MANUEL;;0;;Colis?úo Transversal;Luz do Dia;Bom;Seca;T;Sem?íforo;Comercial;0;0;2;1;0;0;0;0;0;0;0;0;-3,809723600000000;-38,555244000000000
307095;16;1;2017;14:28;0;AV DUQ CAXIAS;;;111;;Colis?úo Traseira;Luz do Dia;Bom;N?úo informada;Meio de Quadra;N?úo H?í Controle;Comercial;0;0;3;1;0;0;0;0;0;0;0;0;-3,733826900000000;-38,523470000000000
307096;16;1;2017;14:07;0;RUA PEREIRA FILGUEIRAS;RUA MON BRUNO;;1645;;Colis?úo Traseira;Luz do Dia;Bom;Seca;Meio de Quadra;;;0;1;1;1;0;0;0;0;0;1;0;0;-3,729945000000000;-38,508415000000000
307097;16;1;2017;14:45;0;RUA PDE VALDEVINO;;;999;;Colis?úo Traseira;Luz do Dia;Bom;Seca;Meio de Quadra;N?úo H?í Controle;Comercial;0;0;2;1;0;0;0;0;0;0;0;0;-3,739697500000000;-38,515130000000000
307098;16;1;2017;15:10;0;RUA J DA PENHA;AV HERACLITO GRACA;RUA BARBARA DE ALENCAR;0;;Colis?úo Lateral;Luz do Dia;Bom;Seca;Meio de Quadra;N?úo H?í Controle;Comercial;0;0;2;1;0;0;0;0;0;0;0;0;-3,735357800000000;-38,519947000000000
307099;16;1;2017;14:27;0;RUA 1125 CJ CEARA;RUA 1111 CJ CEARA;;0;;Colis?úo Lateral;Luz do Dia;Bom;Seca;Meio de Quadra;N?úo H?í Controle;Residencial;0;2;1;1;0;0;0;0;0;1;0;0;-3,761923800000000;-38,611557000000000
307100;16;1;2017;16:15;19360;RUA EDUARDO PERDIGAO;AV GODOFREDO MACIEL;;0;;Colis?úo Lateral;Luz do Dia;Bom;Seca;T;N?úo H?í Controle;Comercial;0;1;1;1;0;0;0;0;0;1;0;0;-3,776747700000000;-38,563873000000000
307101;16;1;2017;17:00;0;RUA PDE ANCHIETA;;;1300;;Colis?úo Traseira;Luz do Dia;Bom;Seca;Meio de Quadra;N?úo H?í Controle;Comercial;0;0;2;1;0;0;0;0;0;0;0;0;-3,731590700000000;-38,552055000000000
307102;16;1;2017;17:00;15211;AV ABOLICAO;RUA PAULA BARROS;;0;;Colis?úo Transversal;Luz do Dia;Bom;Seca;Cruz;Sem?íforo;Residencial;0;0;2;1;0;0;0;0;0;1;0;0;-3,726949700000000;-38,492287000000000
307103;16;1;2017;18:55;0;RUA JOAO FIRMINO;;;308;;Colis?úo Traseira;Via Iluminada;Bom;Seca;Cruz;Pare;Comercial;0;0;3;1;0;0;0;0;0;0;0;0;-3,761682000000000;-38,553345000000000
307104;16;1;2017;17:19;1376;RUA JOAO CARVALHO;RUA MON BRUNO;;0;;Colis?úo Lateral;Anoitecer;Bom;Seca;Cruz;Pare;Comercial;0;1;1;0;0;0;0;0;0;1;0;0;-3,736641200000000;-38,510830000000000
307105;16;1;2017;19:24;5709;AV DES GONZAGA;AV OLIVEIRA PAIVA;;0;;Colis?úo Transversal;Via Iluminada;Bom;N?úo informada;N?úo Informado;Sem?íforo;Comercial;0;0;2;1;0;0;0;0;0;0;0;0;-3,797321800000000;-38,499493000000000
307122;16;1;2017;19:54;0;AV AGUANAMBI;;;0;;Colis?úo Lateral;Via Iluminada;Bom;Seca;Meio de Quadra;Sem?íforo;Comercial;0;0;2;1;0;0;0;0;0;0;0;0;-3,752473600000000;-38,523598000000000
307123;16;1;2017;21:32;0;RUA REGINA DE FATIMA;;;4191;;Colis?úo Lateral;Via Iluminada;Bom;Seca;Meio de Quadra;Pare;Residencial;0;0;2;1;1;0;0;0;0;0;0;0;-3,816609400000000;-38,529200000000000
307107;16;1;2017;19:10;12426;AV SEN FERNANDES TAVORA;RUA RIBEIRO LEITAO;;0;;Colis?úo Transversal;Via Iluminada;Bom;Seca;Cruz;Pare;Comercial;0;0;1;0;1;0;0;0;0;1;0;0;-3,764241700000000;-38,578102000000000
307108;16;1;2017;19:26;0;AV SEN CARLOS JEREISSATI (AEROPORTO);;;0;AEROPORTO;Colis?úo Traseira;Anoitecer;Bom;Seca;Rotat??ria;N?úo H?í Controle;Comercial;0;0;2;1;1;0;0;0;0;0;0;0;-3,780566000000000;-38,539490000000000
307109;16;1;2017;19:41;0;AV DR SILAS MUNGUBA;;;4330;;Atropelamento;Mal Iluminada;Bom;Seca;Meio de Quadra;N?úo H?í Controle;Residencial;0;1;1;1;0;0;0;0;0;0;0;0;-3,791545900000000;-38,537148000000000
294627;16;1;2017;13:40;0;AV PRS COSTA E SILVA;;;4427;;Colis?úo;Luz do Dia;;;Meio de Quadra;;;1;0;1;0;0;0;0;0;0;1;0;0;-3,825452000000000;-38,540394000000000
318256;16;1;2017;04:59;0;AV MON TABOSA;;;15;;Queda;;;;Meio de Quadra;;;0;1;0;0;0;0;0;0;0;1;0;0;-3,723612000000000;-38,518769000000000
318258;16;1;2017;06:06;0;RUA TEODOMIRO DE CASTRO;;;4065;;Colis?úo;Luz do Dia;;;Meio de Quadra;;;0;1;1;0;0;0;0;0;0;0;0;0;-3,719948000000000;-38,569990000000000
318484;16;1;2017;07:10;0;AV DR SILAS MUNGUBA;;;64;;Colis?úo;Luz do Dia;;;Meio de Quadra;;;0;1;1;1;0;0;0;0;0;1;0;0;;
318485;16;1;2017;09:19;0;AV MR HULL;;;100;;Colis?úo Transversal;Luz do Dia;;Seca;Meio de Quadra;;;0;1;1;0;0;0;0;0;0;0;0;0;-3,740534759000000;-38,597938721000000
318487;16;1;2017;10:57;0;RUA MONTE LIBANO;;;560;;Colis?úo;Luz do Dia;;;Meio de Quadra;;;0;1;1;0;0;0;0;0;0;1;0;0;-3,825127000000000;-38,562256000000000
318489;16;1;2017;12:51;0;AV PERIMETRAL;;;1667;;Colis?úo;Luz do Dia;;;Meio de Quadra;;;0;2;1;1;0;0;0;0;0;1;0;0;;
318490;16;1;2017;13:09;0;RUA CEL SOLON;;;90;;Colis?úo;Luz do Dia;;;Meio de Quadra;;;0;1;1;0;0;0;0;0;0;0;0;0;-3,742747000000000;-38,524898000000000
318496;16;1;2017;13:40;14862;RUA ALFREDO MAMEDE;RUA STA MARLUCIA;;0;;Colis?úo;Luz do Dia;;;Cruz;N?úo H?í Controle;Comercial;0;1;1;1;0;0;0;0;0;1;0;0;-3,807023000000000;-38,579875000000000
318501;16;1;2017;14:58;25032;AV BAR STUDART;RUA JOAO BRIGIDO;;0;;Colis?úo;Luz do Dia;;;Cruz;Sem?íforo;Comercial;0;1;1;1;0;0;0;0;0;1;0;0;;
318507;16;1;2017;17:01;0;AV PRS COSTA E SILVA;;;4427;UPA (JOSE WALTER);Colis?úo;Anoitecer;;;Meio de Quadra;;;0;1;1;1;0;0;0;0;0;1;0;0;-3,825452000000000;-38,540394000000000
318517;16;1;2017;17:30;0;AV PRS JUSCELINO KUBITSCHEK (PASSAR?ë);;;2051;;Colis?úo;Anoitecer;;;Meio de Quadra;;;0;1;1;0;0;0;0;0;0;0;0;0;;
318520;16;1;2017;20:40;0;AV CEL CARVALHO;;;3131;;Queda;;;;Meio de Quadra;;;0;1;0;0;0;1;0;0;0;0;0;0;-3,731406000000000;-38,584600000000000
325436;16;1;2017;08:15;0;RD BR 116;;;3000;KM-03;Colis?úo Traseira;Luz do Dia;;Seca;Meio de Quadra;;;0;0;2;1;0;0;0;0;0;0;0;0;-3,779838000000000;-38,514372000000000
316516;16;1;2017;08:20;0;AV SEN CARLOS JEREISSATI (AEROPORTO);;;0;KM 02;Colis?úo;Luz do Dia;Bom;Seca;Meio de Quadra;;;0;0;2;0;0;0;1;0;0;0;0;0;-3,782194000000000;-38,535424000000000
318153;17;1;2017;20:00;10059;RUA TAUBATE;RUA TEODORO DE CASTRO;;0;;Colis?úo;;;;;;;0;1;0;0;0;0;0;0;0;0;0;0;-3,781468000000000;-38,598943000000000
317567;17;1;2017;21:52;0;RUA PERU;;;0;;Colis?úo;;;;Meio de Quadra;;;0;1;1;1;0;0;0;0;0;1;0;0;;
317560;17;1;2017;19:13;0;AV B CJ CEARA;;;1100;;Colis?úo;;;;Meio de Quadra;;;0;1;0;0;0;0;0;0;0;0;0;0;-3,770327000000000;-38,608789000000000
317561;17;1;2017;20:52;0;AV PERIMETRAL;;;0;;Queda;;;;Meio de Quadra;;;0;1;0;0;0;1;0;0;0;0;0;0;;
317571;17;1;2017;21:55;0;RUA QUEIROZ RIBEIRO;;;1034;;Colis?úo;;;;Meio de Quadra;;;0;1;1;1;0;0;0;0;0;1;0;0;-3,767316000000000;-38,549598000000000
317572;17;1;2017;22:32;0;RUA BAR AQUIRAZ;;;0;;Colis?úo;;;;Meio de Quadra;;;0;2;0;0;0;0;0;0;0;0;0;0;;
317573;17;1;2017;23:25;0;AV PERIMETRAL;;;3456;;Atropelamento de Animal;;;;Meio de Quadra;;;0;1;0;0;0;0;0;0;0;1;0;0;;
317564;17;1;2017;21:31;0;AV PRS CASTELO BRANCO;;;0;;Atropelamento;;;;Meio de Quadra;;;0;1;1;1;0;0;0;0;0;0;0;0;;
317565;17;1;2017;21:52;0;RUA PORTO VELHO;;;35;;Colis?úo;;;;Meio de Quadra;;;0;1;0;0;0;0;0;0;0;0;0;0;-3,769118000000000;-38,581150000000000
317575;17;1;2017;23:55;0;RUA GERMANO FRANCK;;;0;;Colis?úo;;;;Meio de Quadra;;;0;1;1;1;0;0;0;0;0;1;0;0;;
317549;17;1;2017;18:18;0;AV GAL OSORIO DE PAIVA;;;6120;;Colis?úo;Anoitecer;;;Meio de Quadra;;;0;0;2;0;0;0;0;0;0;0;0;0;-3,809751000000000;-38,606905000000000
317558;17;1;2017;19:04;8636;AV EDILSON B SOARES;RUA 30 DE JUNHO UI 301;;0;;Colis?úo;;;;Duplo T;Pare;Residencial;0;1;1;1;0;0;0;0;0;1;0;0;-3,788835000000000;-38,473435000000000
317551;17;1;2017;18:47;0;RD BR 116;;;12000;KM-12;Colis?úo Traseira;Via Iluminada;;Seca;Meio de Quadra;;;0;2;1;0;0;0;0;0;0;1;0;0;-3,855740000000000;-38,496066000000000
317544;17;1;2017;17:36;0;RUA PRO VIRGILIO DE MORAIS;;;634;;Colis?úo;Anoitecer;;;Meio de Quadra;;;0;1;0;0;0;0;0;0;0;0;0;0;-3,754083000000000;-38,597198000000000
317546;17;1;2017;18:03;0;AV GAL OSORIO DE PAIVA;;;0;;Colis?úo;Anoitecer;;;Meio de Quadra;;;0;1;0;0;0;0;0;0;0;0;0;0;;
317496;17;1;2017;02:30;0;RUA 717 CJ CEARA;;;0;;Queda;;;;Meio de Quadra;;;0;1;0;0;0;1;0;0;0;0;0;0;;
317497;17;1;2017;05:25;0;AV SEN CARLOS JEREISSATI (AEROPORTO);;;0;;Colis?úo;Amanhecer;;;Meio de Quadra;;;0;1;0;0;0;0;0;0;0;0;0;0;;
317498;17;1;2017;06:49;0;AV GAL OSORIO DE PAIVA;;;3957;;Colis?úo;Luz do Dia;;;Meio de Quadra;;;0;1;1;1;0;0;0;0;0;1;0;0;-3,792489000000000;-38,590157000000000
317499;17;1;2017;08:06;10692;RUA MON HIPOLITO BRASIL;RUA PRO MIRAMAR DA PONTE;;0;;Colis?úo;Luz do Dia;;;;;;0;0;2;1;0;0;0;0;0;1;0;0;-3,756644000000000;-38,583079000000000
317500;17;1;2017;08:10;0;RUA MIGUEL ARAGAO;;;0;;Colis?úo;Luz do Dia;;;Meio de Quadra;;;0;1;1;1;0;0;0;0;0;1;0;0;;
317501;17;1;2017;08:14;0;AV ALM HENRIQUE SABOIA;;;0;;Colis?úo;Luz do Dia;;;Meio de Quadra;;;0;1;1;1;0;1;0;0;0;0;0;0;;
317502;17;1;2017;08:40;0;AV ALM HENRIQUE SABOIA;;;0;;Atropelamento;Luz do Dia;;;Meio de Quadra;;;0;1;1;0;0;0;1;0;0;0;0;0;;
317494;17;1;2017;01:23;0;RUA OTAVIO ROCHA;;;489;;Queda;;;;Meio de Quadra;;;0;1;0;0;0;1;0;0;0;0;0;0;-3,775793000000000;-38,474003000000000
317505;17;1;2017;09:16;19759;RUA AMADEU FURTADO;RUA AZEVEDO BOLAO;;0;;Colis?úo;Luz do Dia;;;Cruz;Pare;Residencial;0;1;1;1;0;0;0;0;0;1;0;0;-3,737863000000000;-38,563588000000000
317506;17;1;2017;09:44;0;AV JOAO PESSOA;;;7189;;Colis?úo;Luz do Dia;;;Meio de Quadra;;;0;0;2;1;0;0;0;0;0;1;0;0;-3,772909000000000;-38,562153000000000