COD_ACIDENTE;DIA;MES;ANO;HORA;INTERSECAO;LOG1;LOG2;LOG3;NUMERO;REFERENCIA;NATUREZA;ILUMINACAO;TEMPO;SUPERFICIEPISTA;TIPOCRUZAMENTO;CONTROLETRAFEGO;USOSOLO;MORTOS;FERIDOS;ILESOS;AUTOMOVEL;ONIBUS;BICICLETA;CAMINHAO;MICROONIBUS;CICLOMOTOR;MOTOCICLETA;TRACAOANIMAL;TREM;LATITUDE;LONGITUDE
317507;17;1;2017;10:24;0;AV 13 DE MAIO;;;0;;Colis?úo;Luz do Dia;;;Meio de Quadra;;;0;1;1;1;0;0;0;0;0;1;0;0;;
317508;17;1;2017;11:11;0;RUA JOSE HIPOLITO;;;1338;;Colis?úo;Luz do Dia;;;Meio de Quadra;;;0;0;2;1;0;0;0;0;0;1;0;0;-3,836628000000000;-38,484320000000000
317514;17;1;2017;11:53;0;RUA STA ESMERALDA D56;;;110;;Colis?úo;Luz do Dia;;;Meio de Quadra;;;0;1;1;1;0;0;0;0;0;1;0;0;-3,752829000000000;-38,498694000000000
317511;17;1;2017;11:41;0;AV SGT HERMINIO SAMPAIO;;;1628;;Colis?úo;Luz do Dia;;;Meio de Quadra;;;0;1;1;1;0;0;0;0;0;1;0;0;-3,725394000000000;-38,555230000000000
317512;17;1;2017;11:46;0;RUA BAR SOBRAL;;;0;;Colis?úo;Luz do Dia;;;Meio de Quadra;;;0;1;1;1;0;0;0;0;0;1;0;0;;
317518;17;1;2017;12:16;0;ET DO FIO (MESSEJANA);;;0;;Colis?úo;Luz do Dia;;;Meio de Quadra;;;0;1;2;0;0;0;0;0;0;1;0;0;;
317521;17;1;2017;12:24;0;AV CEL CARVALHO;;;134;;Atropelamento;Luz do Dia;;;Meio de Quadra;;;0;1;1;0;0;0;0;0;0;1;0;0;-3,704000000000000;-38,591412000000000
317522;17;1;2017;13:55;0;RUA ALAGOAS;;;4210;;Atropelamento;Luz do Dia;;;Meio de Quadra;;;0;1;1;0;0;0;0;0;0;1;0;0;-3,748199000000000;-38,581817000000000
317525;17;1;2017;14:45;0;AV GODOFREDO MACIEL;;;2020;;Colis?úo;Luz do Dia;;;Meio de Quadra;;;0;1;0;0;0;0;0;0;0;0;0;0;-3,793889000000000;-38,569046000000000
317527;17;1;2017;16:16;1429;RUA NUNES VALENTE;RUA AFONSO CELSO;;0;;Colis?úo;Luz do Dia;;;Cruz;Pare;Residencial;0;2;1;1;0;0;0;0;0;1;0;0;-3,737785000000000;-38,504234000000000
317530;17;1;2017;16:38;0;AV CEL CARVALHO;;;0;;Colis?úo;Luz do Dia;;;Meio de Quadra;;;0;1;0;0;0;0;0;0;0;0;0;0;;
317531;17;1;2017;17:23;0;RD BR 116;;;9000;KM-09;Queda;Anoitecer;;Seca;Meio de Quadra;;;0;1;0;0;0;0;0;0;0;1;0;0;-3,830837000000000;-38,504865000000000
307121;17;1;2017;16:59;25997;RUA JOAQUIM ALBANO;RUA DR CATUNDA GONDIM;;0;;Atropelamento;Luz do Dia;Bom;Seca;T;N?úo H?í Controle;Comercial;0;1;1;1;0;0;0;0;0;0;0;0;-3,737849700000000;-38,585420000000000
307124;17;1;2017;17:30;3785;RUA WALDERY UCHOA;RUA ADOLFO HERBSTER;;0;;Colis?úo Transversal;Anoitecer;Bom;Seca;Cruz;Pare;Residencial;0;0;2;1;0;0;0;0;0;0;0;0;-3,745126700000000;-38,539980000000000
307126;17;1;2017;19:01;0;RUA AFONSO LOPES;RUA ZELITO DE OLIVEIRA;;0;;Colis?úo Lateral;Via Iluminada;Bom;Seca;Meio de Quadra;Pare;Residencial;0;0;2;1;0;0;0;0;0;1;0;0;-3,794279600000000;-38,548553000000000
307114;17;1;2017;08:56;0;AV GAL OSORIO DE PAIVA;;;4800;;Colis?úo Traseira;Luz do Dia;Bom;Molhada;T;Sem?íforo;Comercial;0;1;1;1;1;0;0;0;0;0;0;0;-3,804504200000000;-38,585170000000000
307116;17;1;2017;09:05;0;AV AGUANAMBI;;;1827;;Atropelamento;Luz do Dia;Bom;Seca;Meio de Quadra;N?úo H?í Controle;Comercial;0;1;1;0;1;0;0;0;0;0;0;0;-3,752878200000000;-38,523567000000000
307117;17;1;2017;09:34;0;AV AGUANAMBI;;;1753;;Colis?úo Lateral;Luz do Dia;Bom;Seca;Meio de Quadra;Sem?íforo;Comercial;0;0;2;1;1;0;0;0;0;0;0;0;-3,752845300000000;-38,523556000000000
307118;17;1;2017;09:35;0;AV JOAO DE ARAUJO LIMA;RUA 22 CJ JOSE WALTER;;0;;Colis?úo Lateral;Luz do Dia;Bom;Seca;T;Pare;Comercial;0;0;2;1;0;0;0;0;0;0;0;0;-3,824456500000000;-38,558840000000000
307119;17;1;2017;13:10;0;RUA PDE PEDRO DE ALENCAR;;;410;;Colis?úo Lateral;Luz do Dia;Bom;Seca;Meio de Quadra;N?úo H?í Controle;Comercial;0;1;1;1;0;0;0;1;0;1;0;0;-3,831109500000000;-38,494003000000000
307217;17;1;2017;18:10;0;RUA HOLANDA;RUA LUIS TORRES;;0;;Colis?úo Transversal;Anoitecer;Bom;Seca;Meio de Quadra;;;0;1;1;1;0;0;0;0;0;1;0;0;-3,791994800000000;-38,566590000000000
306795;17;1;2017;21:35;1550;RUA PDE VALDEVINO;RUA DR JOSE LOURENCO;;1650;;Engavetamento;Via Iluminada;Bom;Seca;Cruz;Gesto;Comercial;0;1;3;1;0;0;0;0;0;0;0;0;-3,741278400000000;-38,510048000000000
304123;17;1;2017;16:40;0;RUA GUARUJA;;;640;;Colis?úo Lateral;Luz do Dia;Bom;Seca;Meio de Quadra;N?úo H?í Controle;Misto;0;0;2;1;0;0;1;0;0;0;0;0;-3,834841000000000;-38,495786000000000
304124;17;1;2017;16:10;15141;AV MON TABOSA;RUA CARLOS VASCONCELOS;;0;;Colis?úo Lateral;Luz do Dia;Bom;Seca;Cruz;Sem?íforo;Misto;0;0;4;1;0;0;0;0;0;0;0;0;-3,724289000000000;-38,507985000000000
304110;17;1;2017;10:30;1297;AV SANTOS DUMONT;RUA JOSE VILAR;;0;;Colis?úo Traseira;Luz do Dia;Bom;Seca;Cruz;Sem?íforo;Misto;0;0;2;1;0;0;0;0;0;0;0;0;-3,734337000000000;-38,504194000000000
304111;17;1;2017;15:00;0;TR GODOFREDO MACIEL;;;0;;Colis?úo Lateral;Luz do Dia;Bom;Seca;Meio de Quadra;Sem?íforo;Comercial;0;0;2;0;0;0;1;0;0;1;0;0;;
304116;17;1;2017;08:00;25044;AV ENG HUMBERTO MONTE;RUA ARGENTINA;;0;;Colis?úo Traseira;Luz do Dia;Bom;Seca;T;Sem?íforo;Comercial;0;0;2;1;0;0;0;0;0;0;0;0;-3,746008000000000;-38,563090000000000
304117;17;1;2017;17:30;0;AV ENG SANTANA JUNIOR;;;603;POSTO SHELL;Colis?úo Lateral;Anoitecer;Bom;Seca;Meio de Quadra;;Comercial;0;0;2;1;0;0;0;0;0;0;0;0;-3,733426000000000;-38,480668000000000
304119;17;1;2017;17:00;0;AV PRS JUSCELINO KUBITSCHEK (PASSAR?ë);;;0;;Outros;Anoitecer;Bom;Seca;Meio de Quadra;Sem?íforo Manual;Residencial;0;0;3;1;0;0;1;0;0;0;0;0;;
304120;17;1;2017;21:50;14438;AV SGT HERMINIO SAMPAIO;RUA BERNARDO PORTO;;0;;Colis?úo Transversal;Mal Iluminada;Bom;Seca;T;N?úo H?í Controle;Residencial;0;1;1;1;0;0;0;0;0;1;0;0;-3,725599000000000;-38,556265000000000
304121;17;1;2017;11:00;0;RUA GURGEL DO AMARAL;;;1338;;Colis?úo Transversal;Luz do Dia;Bom;Seca;Meio de Quadra;N?úo H?í Controle;Residencial;0;0;3;0;0;0;0;0;0;1;0;0;-3,843895400000000;-38,470740100000000
304126;17;1;2017;19:10;15195;AV ABOLICAO;RUA JOSE NAPOLEAO;;0;;Colis?úo Transversal;Via Iluminada;Bom;Seca;Cruz;Pare;Residencial;0;0;2;1;0;0;0;0;0;0;0;0;-3,726523000000000;-38,490302000000000
304127;17;1;2017;22:00;0;AV PRS JUSCELINO KUBITSCHEK (PASSAR?ë);;;3236;;Colis?úo Lateral;Via Iluminada;Bom;Seca;Meio de Quadra;N?úo H?í Controle;Residencial;0;0;2;1;0;0;0;0;0;1;0;0;-3,808877000000000;-38,526269000000000
304093;17;1;2017;22:20;0;AV DOM LUIS;;;0;;Colis?úo Transversal;;;;Meio de Quadra;;;0;0;2;1;0;0;0;0;0;0;0;0;;
304096;17;1;2017;18:20;22672;AV COS GOMES DE FREITAS (SAPIRANGA/COITE);RUA ELISEU ORIA;;0;;Colis?úo Lateral;Via Iluminada;Bom;Seca;Cruz;Pare;Comercial;0;1;1;1;0;0;0;0;0;1;0;0;-3,795487000000000;-38,477418000000000
304102;17;1;2017;21:30;5062;RUA DR JOAO MOREIRA;RUA GAL SAMPAIO;;0;;;Via Iluminada;Bom;Seca;Cruz;Sem?íforo;Comercial;0;0;2;1;0;0;0;0;0;0;0;0;-3,722030000000000;-38,529364000000000
304103;17;1;2017;09:10;0;AV I CJ JOSE WALTER;;;1760;;Colis?úo Traseira;Luz do Dia;Bom;Seca;Meio de Quadra;Pare;Residencial;0;0;2;1;0;0;0;0;0;0;0;0;-3,839429000000000;-38,555061000000000
304104;17;1;2017;09:00;0;AV JOAO PESSOA;;;7201;;Colis?úo Frontal;Luz do Dia;Bom;Seca;Meio de Quadra;Sem?íforo;Comercial;0;1;1;0;0;0;0;0;0;1;0;0;-3,773050000000000;-38,562228000000000
304106;17;1;2017;11:00;0;AV JOSE BASTOS;;;4160;;Colis?úo Traseira;Luz do Dia;Bom;Seca;Meio de Quadra;Sem?íforo;Comercial;0;0;2;1;0;0;0;0;0;0;0;0;-3,754300000000000;-38,554763000000000
304107;17;1;2017;10:20;5300;RUA BAR RIO BRANCO;RUA PEDRO PEREIRA;;0;;Colis?úo Lateral;Luz do Dia;Bom;Seca;Cruz;Sem?íforo;Comercial;0;0;2;1;0;0;0;0;0;1;0;0;-3,729457000000000;-38,529219000000000
304108;17;1;2017;16:30;0;RUA FLORIANO PEIXOTO;;;523;;Colis?úo Lateral;Luz do Dia;Bom;Seca;Meio de Quadra;Pare;Comercial;0;0;2;1;0;0;1;0;0;0;0;0;-3,727170000000000;-38,527097000000000
304033;17;1;2017;22:00;3846;RUA PDE FRANCISCO PINTO;RUA JOAO GENTIL;;0;;Colis?úo Transversal;Via Iluminada;Bom;Seca;Cruz;Pare;Residencial;0;1;1;1;0;0;0;0;0;1;0;0;-3,744607000000000;-38,538792000000000
304057;17;1;2017;12:58;0;AV PRO GOMES DE MATOS;;;0;;Colis?úo Lateral;Luz do Dia;Bom;Seca;Meio de Quadra;N?úo H?í Controle;Comercial;0;0;2;1;0;0;0;0;0;0;0;0;;
304058;17;1;2017;15:30;12954;AV PRS COSTA E SILVA;AV DOS EXPEDICIONARIOS;;0;;Colis?úo Transversal;Luz do Dia;Bom;Seca;Cruz;Pare;Comercial;0;0;2;1;0;0;0;0;0;0;0;0;-3,821098497000000;-38,558211840000000
304059;17;1;2017;10:40;0;AV GAL OSORIO DE PAIVA;;;600;;Colis?úo Lateral;Luz do Dia;Bom;Seca;Meio de Quadra;N?úo H?í Controle;Comercial;0;0;2;0;0;0;0;0;0;1;0;0;-3,776469000000000;-38,567831000000000
304060;17;1;2017;14:30;1514;RUA PRO DIAS DA ROCHA;RUA EDUARDO GARCIA;;0;;Colis?úo Transversal;Luz do Dia;Bom;Seca;Cruz;Pare;Residencial;0;1;1;1;0;0;0;0;0;1;0;0;-3,740103000000000;-38,493139000000000
308673;17;1;2017;16:42;1429;RUA AFONSO CELSO;RUA NUNES VALENTE;;0;;Colis?úo Lateral;Luz do Dia;Bom;Seca;Cruz;Pare;Residencial;0;1;1;1;0;0;0;0;0;1;0;0;-3,737764600000000;-38,504230000000000
304063;18;1;2017;10:00;23419;RUA MON SALAZAR;RUA NUNES VALENTE;;0;;Colis?úo Transversal;Luz do Dia;Bom;Seca;Cruz;Pare;Comercial;0;0;2;1;0;0;0;0;0;0;0;0;-3,755627000000000;-38,508961000000000
304049;18;1;2017;20:40;1574;RUA PDE VALDEVINO;RUA JOSE VILAR;;0;;Colis?úo Transversal;Via Iluminada;Bom;Seca;Cruz;Sem?íforo Manual;Comercial;0;0;2;1;0;0;0;0;0;0;0;0;-3,742300000000000;-38,506779000000000
304050;18;1;2017;10:00;19732;RUA GUSTAVO SAMPAIO;RUA TIP SALES;;0;;Colis?úo Transversal;Luz do Dia;Chuva;Molhada;Cruz;Pare;Residencial;0;1;1;0;0;0;0;0;0;1;0;0;-3,737013000000000;-38,564917000000000
304031;18;1;2017;07:55;0;AV ALBERTO CRAVEIRO;;;2620;;Colis?úo Traseira;Luz do Dia;Bom;Seca;Meio de Quadra;Outros;Comercial;0;0;2;1;0;0;0;0;0;0;0;0;-3,802951000000000;-38,521332000000000
304042;18;1;2017;10:15;0;AV PRS CASTELO BRANCO;;;6304;;Colis?úo Lateral;Luz do Dia;Bom;Seca;Meio de Quadra;N?úo H?í Controle;Residencial;0;1;1;1;0;0;0;0;0;0;0;0;-3,700589000000000;-38,586579000000000
304035;18;1;2017;10:15;0;AV GAL OSORIO DE PAIVA;;;6700;;Colis?úo Traseira;Luz do Dia;Nublado;Seca;Meio de Quadra;Sem?íforo;Comercial;0;0;2;1;0;0;0;0;0;0;0;0;-3,812482000000000;-38,609563000000000
304047;18;1;2017;19:55;1424;AV HERACLITO GRACA;RUA CARLOS VASCONCELOS;;0;;Colis?úo Transversal;Via Iluminada;Bom;Seca;Cruz;Sem?íforo;Comercial;0;2;1;1;0;0;0;0;0;1;0;0;-3,737590000000000;-38,512285000000000
304076;18;1;2017;07:30;0;AV FRANCISCO SA;;;3783;;Colis?úo Traseira;Luz do Dia;Bom;Seca;Meio de Quadra;Sem?íforo;Comercial;0;1;1;1;0;0;0;0;0;1;0;0;-3,716953000000000;-38,558698000000000
303993;18;1;2017;16:40;1259;RUA ILDEFONSO ALBANO;RUA PDE LUIS FIGUEIRA;;0;;Colis?úo Transversal;Luz do Dia;Nublado;Seca;Cruz;Pare;Comercial;0;0;2;1;0;0;0;0;0;0;0;0;-3,732813000000000;-38,513063000000000
303994;18;1;2017;12:20;5418;RUA GAL CLARINDO DE QUEIROZ;RUA ASSUNCAO;;0;;Colis?úo Transversal;Luz do Dia;Chuva;Molhada;Cruz;Pare;Comercial;0;1;1;1;0;0;0;0;0;1;0;0;-3,733329000000000;-38,528262000000000
303988;18;1;2017;19:00;0;AV AGUANAMBI;;;1760;;Colis?úo Lateral;Via Iluminada;Bom;Seca;Meio de Quadra;N?úo H?í Controle;Comercial;0;0;2;1;0;0;1;0;0;0;0;0;-3,752061000000000;-38,523395000000000
303997;18;1;2017;13:30;10994;RUA ALM RUBIM;RUA CESAR ROSSAS;;0;;Colis?úo Lateral;Luz do Dia;Nublado;Seca;Y;N?úo H?í Controle;Comercial;0;0;2;1;0;0;0;0;0;0;0;0;-3,769567000000000;-38,556190000000000
303999;18;1;2017;21:05;0;RUA JOSE VILAR;;;640;;Tombamento;Via Iluminada;Bom;Seca;Meio de Quadra;Pare;Residencial;0;0;2;1;0;0;1;0;0;0;0;0;-3,730841000000000;-38,503062000000000
303975;18;1;2017;14:10;0;RUA DEMETRIO MENEZES;;;0;;Choque c/ Obst?ículo Fixo;Luz do Dia;Nublado;Seca;Meio de Quadra;N?úo H?í Controle;Comercial;0;0;1;0;0;0;0;0;0;0;0;0;;
303970;18;1;2017;16:20;0;AV PRS COSTA E SILVA;;;0;;Colis?úo Transversal;Luz do Dia;Bom;Seca;Meio de Quadra;Sem?íforo;Residencial;0;0;2;1;0;0;0;0;0;0;0;0;;
303980;18;1;2017;19:30;23617;AV SGT HERMINIO SAMPAIO;RUA CHASTINET GUIMARAES;;0;;Colis?úo Lateral;Via Iluminada;Bom;Seca;T;Pare;Residencial;0;0;2;1;0;0;0;0;0;1;0;0;-3,727089000000000;-38,564546000000000
304024;18;1;2017;10:30;0;AV JOVITA FEITOSA;;;714;;Colis?úo;Luz do Dia;Chuva;Molhada;Meio de Quadra;Sem?íforo Intermitente;Comercial;0;0;2;1;0;0;0;0;0;1;0;0;-3,738560000000000;-38,550149000000000
304027;18;1;2017;09:20;3876;AV DA UNIVERSIDADE;RUA JOAQUIM MAGALHAES;;0;;Colis?úo Traseira;Luz do Dia;Chuva;Molhada;T;Pare;Comercial;0;0;2;1;1;0;0;0;0;0;0;0;-3,737079000000000;-38,535589000000000
304028;18;1;2017;16:20;0;AV ROGACIANO LEITE;;;400;;Colis?úo;Luz do Dia;Bom;Seca;Meio de Quadra;N?úo H?í Controle;Comercial;0;0;2;1;0;0;0;0;0;0;0;0;-3,761667000000000;-38,493409000000000
304029;18;1;2017;10:30;5402;RUA METON DE ALENCAR;RUA VINTE E QUATRO DE MAIO;;0;;Colis?úo Transversal;Luz do Dia;Chuva;Molhada;Cruz;Pare;Comercial;0;0;2;1;0;0;0;0;0;0;0;0;-3,732626000000000;-38,533848000000000
304006;18;1;2017;13:30;0;RUA PRO JACINTO BOTELHO;;;41;;Colis?úo Lateral;Luz do Dia;Nublado;Molhada;Meio de Quadra;N?úo H?í Controle;Residencial;0;0;2;1;0;0;0;0;0;0;0;0;-3,757628000000000;-38,490623000000000
304009;18;1;2017;19:00;0;RUA CASTRO E SILVA;;;950;;Atropelamento;Via Iluminada;Bom;Seca;Meio de Quadra;N?úo H?í Controle;Residencial;0;1;1;0;0;0;0;0;0;1;0;0;-3,721758000000000;-38,533702000000000
304011;18;1;2017;10:30;21378;AV JOVITA FEITOSA;RUA PRO JOSE DE BARCELOS;;0;;Colis?úo Lateral;Luz do Dia;Chuva;Molhada;Cruz;Sem?íforo;Comercial;0;3;1;1;0;0;0;0;0;1;0;0;-3,738516000000000;-38,549933000000000
304013;18;1;2017;10:30;13463;AV RUI BARBOSA;RUA TOMAS ACIOLI;;0;;Colis?úo Lateral;Luz do Dia;Nublado;Molhada;Cruz;Pare;Comercial;0;1;1;1;0;0;0;0;0;1;0;0;-3,744140000000000;-38,512063000000000
304022;18;1;2017;13:00;11338;AV GODOFREDO MACIEL;RUA FRANCISCO GLICERIO;;0;;Colis?úo Lateral;Luz do Dia;Nublado;Seca;Cruz;Sem?íforo;Comercial;0;1;1;0;0;0;0;1;0;1;0;0;-3,795981000000000;-38,569757000000000
307127;18;1;2017;07:10;0;RUA CAROLINA SUCUPIRA;;;0;;Choque c/ Obst?ículo Fixo;Luz do Dia;Nublado;Molhada;Cruz;Pare;Comercial;0;1;0;0;0;0;0;0;0;1;0;0;-3,743461400000000;-38,493180000000000
307129;18;1;2017;07:53;0;RUA PARQUE IPIRANGA;;;35;;Colis?úo Lateral;Luz do Dia;Nublado;Seca;Meio de Quadra;N?úo H?í Controle;Comercial;0;1;1;1;0;0;0;0;0;1;0;0;-3,769017700000000;-38,559654000000000
307130;18;1;2017;08:10;12847;RUA MAJ FACUNDO;RUA SALDANHA MARINHO;;0;;Colis?úo Transversal;Luz do Dia;Bom;Seca;Cruz;Pare;Residencial;0;2;1;1;0;0;0;0;0;0;0;0;-3,742033700000000;-38,532540000000000
307131;18;1;2017;12:37;0;AV 13 DE MAIO;;;865;;Colis?úo Lateral;Luz do Dia;Chuva;Molhada;Meio de Quadra;N?úo H?í Controle;Comercial;0;1;1;1;0;0;0;0;0;1;0;0;-3,751005600000000;-38,527410000000000
307132;18;1;2017;15:01;15195;AV ABOLICAO;RUA JOSE NAPOLEAO;;0;;Colis?úo Transversal;Luz do Dia;Bom;Seca;Cruz;N?úo H?í Controle;Comercial;0;0;2;1;0;0;0;0;0;0;0;0;-3,726442300000000;-38,490234000000000
307134;18;1;2017;19:40;0;AV PRS CASTELO BRANCO;;;5684;;Atropelamento;Via Iluminada;Bom;Seca;Meio de Quadra;Pare;Comercial;0;1;1;0;0;0;0;0;0;0;0;0;-3,702828000000000;-38,581680000000000
307136;18;1;2017;17:45;13408;RUA BAR ARACATI;AV ANTONIO SALES;;0;;Colis?úo Transversal;Anoitecer;Bom;Seca;Cruz;Pare;Comercial;0;1;1;1;0;0;0;0;0;0;0;0;-3,741662000000000;-38,514830000000000
307139;18;1;2017;21:43;5405;RUA BAR RIO BRANCO;RUA GAL CLARINDO DE QUEIROZ;;0;;Colis?úo Transversal;Via Iluminada;Bom;Seca;Cruz;Sem?íforo;Comercial;0;1;1;1;0;0;0;0;0;1;0;0;-3,732828400000000;-38,530285000000000
317576;18;1;2017;00:12;0;RD BR 116;;;4000;KM-04;Colis?úo Traseira;Via Iluminada;;Seca;Meio de Quadra;;;0;1;1;1;0;0;0;0;0;1;0;0;-3,788331000000000;-38,510646000000000
317609;18;1;2017;07:01;0;RUA CEL JUCA;;;0;;Queda;Luz do Dia;;;Meio de Quadra;;;0;1;0;0;0;0;0;0;0;1;0;0;;
317603;18;1;2017;05:55;9126;AV VIS RIO BRANCO;RD BR 116;;0;;Queda;Amanhecer;;;Y;N?úo H?í Controle;Comercial;0;1;0;0;0;0;0;0;0;1;0;0;-3,758673000000000;-38,519417000000000
317606;18;1;2017;06:51;3778;RUA ANTONIO POMPEU;AV DA UNIVERSIDADE;;0;;Queda;Luz do Dia;;;;;;0;1;0;0;0;0;0;0;0;1;0;0;-3,734083000000000;-38,532908000000000
317649;18;1;2017;12:30;11338;AV GODOFREDO MACIEL;RUA FRANCISCO GLICERIO;;0;;Colis?úo;Luz do Dia;;;Cruz;Sem?íforo;Comercial;0;2;1;1;0;0;0;0;0;1;0;0;-3,795981000000000;-38,569757000000000
317645;18;1;2017;11:38;0;RUA ESTEVAO DE CAMPOS;;;1429;;Queda;Luz do Dia;;;Meio de Quadra;;;0;1;0;0;0;1;0;0;0;0;0;0;-3,700900000000000;-38,588482000000000
317642;18;1;2017;11:12;0;RUA MARIA JULIA;;;0;;Atropelamento;Luz do Dia;;;Meio de Quadra;;;0;1;1;0;0;1;0;0;0;0;0;0;;
317653;18;1;2017;12:42;0;AV CASTELO DE CASTRO;;;0;;Queda;Luz do Dia;;;Meio de Quadra;;;0;1;0;0;0;0;0;0;0;1;0;0;;
317654;18;1;2017;12:47;0;AV EDILSON B SOARES;;;2190;;Colis?úo;Luz do Dia;;;Meio de Quadra;;;0;2;1;1;0;0;0;0;0;1;0;0;-3,788213000000000;-38,466168000000000
317655;18;1;2017;12:52;0;AV PERIMETRAL;;;0;;Queda;Luz do Dia;;;Meio de Quadra;;;0;1;0;0;0;0;0;0;0;1;0;0;;
317656;18;1;2017;13:29;17564;RUA ESTADO DO RIO;RUA PARA;;0;;Colis?úo;Luz do Dia;;;Cruz;Pare;Residencial;0;1;1;1;0;0;0;0;0;1;0;0;-3,752973000000000;-38,567337000000000
317657;18;1;2017;14:16;0;RUA SEN POMPEU;;;0;;Colis?úo;Luz do Dia;;;Meio de Quadra;;;0;1;1;1;0;0;0;0;0;1;0;0;;
317660;18;1;2017;15:19;0;RUA TRES LAGOAS;;;46;;Queda;Luz do Dia;;;Meio de Quadra;;;0;1;0;0;0;0;0;0;0;1;0;0;;
317661;18;1;2017;16:01;0;RUA LUCIANO MAGALHAES;;;333;;Colis?úo;Luz do Dia;;;Meio de Quadra;;;0;1;1;1;0;0;0;0;0;1;0;0;-3,756865000000000;-38,527936000000000
317662;18;1;2017;17:24;0;RUA JULIO VERNE;;;300;;Colis?úo;Anoitecer;;;Meio de Quadra;;;0;2;1;0;0;0;0;0;0;1;0;0;;
317663;18;1;2017;17:41;0;RUA MARTINS DE LIMA;;;465;;Queda;Anoitecer;;;Meio de Quadra;;;0;1;0;0;0;0;0;0;0;1;0;0;;
317664;18;1;2017;17:52;0;RUA ALEXANDRE BARAUNA;;;425;;Colis?úo;Anoitecer;;;Meio de Quadra;;;0;1;1;0;0;0;0;0;0;1;0;0;-3,748223900000000;-38,551497100000000
317630;18;1;2017;11:11;0;RUA GAL BERNARDO FIGUEIREDO;;;1946;;Queda;Luz do Dia;;;Meio de Quadra;;;0;1;0;0;0;0;0;0;0;1;0;0;-3,740171000000000;-38,554162000000000
317626;18;1;2017;08:49;0;RUA BAR AQUIRAZ;;;2344;;Colis?úo;Luz do Dia;;;Meio de Quadra;;;0;1;1;1;0;0;0;0;0;1;0;0;;
317627;18;1;2017;08:57;0;AV WASHINGTON SOARES;;;0;;Colis?úo;Luz do Dia;;;Meio de Quadra;;;0;1;1;1;0;0;0;0;0;1;0;0;;
317667;18;1;2017;17:53;5290;AV DUQ CAXIAS;RUA PDE MORORO;;0;;Atropelamento;Anoitecer;;;Meio de Quadra;N?úo H?í Controle;Comercial;0;1;0;0;0;0;0;0;0;0;0;0;-3,728983000000000;-38,538552000000000
317668;18;1;2017;17:58;0;AV DOM LUIS;;;609;;Queda;Anoitecer;;;Meio de Quadra;;;0;1;0;0;0;1;0;0;0;0;0;0;-3,733698000000000;-38,495979000000000
317684;18;1;2017;14:45;0;AV CARNEIRO DE MENDONCA;;;2330;;Queda;Luz do Dia;;;Meio de Quadra;;;0;2;0;0;0;0;0;0;0;1;0;0;-3,757973000000000;-38,578726000000000
317685;18;1;2017;20:09;0;AV CONTORNO NORTE (SAO CRSITOVAO);;;0;;Colis?úo;;;;Meio de Quadra;;;0;1;0;0;0;0;0;0;0;0;0;0;;
317686;18;1;2017;20:21;24244;RUA SOLON ONOFRE;RUA FAUSTO CABRAL;;0;;Colis?úo;;;;Cruz;Pare;Residencial;0;1;0;0;0;0;0;0;0;0;0;0;-3,734718000000000;-38,472778000000000
317687;18;1;2017;21:09;0;AV PRUDENTE BRASIL;;;1200;;Colis?úo;;;;Meio de Quadra;;;0;1;1;1;0;0;0;0;0;1;0;0;-3,812295000000000;-38,535315000000000
317688;18;1;2017;21:11;0;RUA RIO BRANCO;;;0;;Colis?úo;;;;Meio de Quadra;;;0;1;1;1;0;0;0;0;0;1;0;0;;
317689;18;1;2017;21:27;0;AV PRS CASTELO BRANCO;;;2572;;Queda;;;;Meio de Quadra;;;0;1;0;0;0;1;0;0;0;0;0;0;-3,713008000000000;-38,550939000000000
317690;18;1;2017;22:11;0;RUA ANSELMO NOGUEIRA;;;47;;Colis?úo;;;;Meio de Quadra;;;0;1;0;0;0;0;0;0;0;0;0;0;;
317680;18;1;2017;18:59;0;RUA ANTONIO ARRUDA;;;0;;Colis?úo Lateral;;;;Meio de Quadra;;;0;1;0;0;0;0;0;0;0;1;0;0;;
317681;18;1;2017;19:24;0;AV SGT HERMINIO SAMPAIO;;;2755;;Colis?úo;;;;Meio de Quadra;;;0;2;1;1;0;0;0;0;0;1;0;0;-3,727104000000000;-38,564626000000000
317682;18;1;2017;19:37;0;AV PRS CASTELO BRANCO;;;5645;;Atropelamento;;;;Meio de Quadra;;;0;1;1;1;0;0;0;0;0;0;0;0;-3,703158000000000;-38,581104000000000
317678;18;1;2017;18:49;12523;RUA PIERRE LUZ;RUA MARIA CLARA;;0;;Colis?úo;;;;Cruz;Pare;Residencial;0;1;1;0;0;0;0;0;0;1;0;0;-3,725120000000000;-38,588502000000000
316517;18;1;2017;10:00;0;AV SEN CARLOS JEREISSATI (AEROPORTO);;;0;KM 02;Colis?úo;Luz do Dia;Bom;Seca;Meio de Quadra;;;0;0;2;1;0;0;0;0;0;0;0;0;-3,782194000000000;-38,535424000000000
316519;18;1;2017;15:10;0;AV MIN JOSE AMERICO;;;0;;Colis?úo;Luz do Dia;Bom;Seca;Meio de Quadra;;;0;0;2;0;0;0;0;0;0;0;0;0;;
316524;18;1;2017;16:10;0;AV SEN CARLOS JEREISSATI (AEROPORTO);;;0;KM 02;Colis?úo;Luz do Dia;Bom;Seca;Meio de Quadra;;;0;0;2;1;0;0;1;0;0;0;0;0;-3,782194000000000;-38,535424000000000