COD_ACIDENTE;DIA;MES;ANO;HORA;INTERSECAO;LOG1;LOG2;LOG3;NUMERO;REFERENCIA;NATUREZA;ILUMINACAO;TEMPO;SUPERFICIEPISTA;TIPOCRUZAMENTO;CONTROLETRAFEGO;USOSOLO;MORTOS;FERIDOS;ILESOS;AUTOMOVEL;ONIBUS;BICICLETA;CAMINHAO;MICROONIBUS;CICLOMOTOR;MOTOCICLETA;TRACAOANIMAL;TREM;LATITUDE;LONGITUDE
316526;18;1;2017;19:58;0;RD CE-040;;;0;KM-05;Colis?úo;;Bom;Seca;Meio de Quadra;;;0;0;2;1;0;0;0;0;0;1;0;0;-3,800595823000000;-38,479534630000000
316527;18;1;2017;16:10;0;AV MIN JOSE AMERICO;;;0;;Colis?úo;Luz do Dia;Bom;Seca;Meio de Quadra;;;0;0;2;1;0;0;0;0;0;0;0;0;;
325438;18;1;2017;08:20;0;RD BR 116;;;500;KM-02;Colis?úo Transversal;Luz do Dia;;Material Derrapante;Meio de Quadra;;;0;0;3;1;0;0;0;0;0;0;0;0;-3,796035900000000;-38,507192300000000
325439;18;1;2017;18:20;0;RD BR 116;;;5000;KM-05;Colis?úo Traseira;Anoitecer;;Seca;Meio de Quadra;;;0;0;2;0;1;0;0;0;1;0;0;0;-3,796502000000000;-38,506787000000000
297936;18;1;2017;11:10;0;RUA MARIA JULIA ROCHA;;;250;;Atropelamento;Luz do Dia;;;Meio de Quadra;;;1;0;1;0;0;1;0;0;0;0;0;0;-3,788012400000000;-38,598596100000000
316529;19;1;2017;07:45;0;RD CE-040;;;0;KM-01;Colis?úo;Luz do Dia;Bom;Seca;Meio de Quadra;;;0;1;2;1;0;1;0;0;0;0;0;0;-3,764650449000000;-38,482583040000000
316532;19;1;2017;16:30;0;RD CE-040;;;0;KM-02;Colis?úo;Luz do Dia;Bom;Seca;Meio de Quadra;;;0;0;2;1;0;0;0;0;0;0;0;0;-3,773616148000000;-38,481799400000000
317698;19;1;2017;11:27;0;AV H CJ CEARA;;;2090;;Colis?úo;Luz do Dia;;;Meio de Quadra;;;0;2;0;0;0;0;0;0;0;0;0;0;;
317699;19;1;2017;11:58;0;AV MIN JOSE AMERICO;;;881;;Colis?úo;Luz do Dia;;;Meio de Quadra;;;0;1;1;1;0;0;0;0;0;1;0;0;-3,809533000000000;-38,491650000000000
317700;19;1;2017;12:25;9072;AV VIS RIO BRANCO;AV 13 DE MAIO;;0;;Colis?úo;Luz do Dia;;;Cruz;Sem?íforo;Comercial;0;1;1;1;0;0;0;0;0;1;0;0;-3,753544000000000;-38,520486000000000
317701;19;1;2017;12:37;0;RUA FRANCISCO PAIVA;;;0;;Colis?úo;Luz do Dia;;;Meio de Quadra;;;0;1;0;0;0;0;0;0;0;0;0;0;;
317702;19;1;2017;12:48;0;AV GAL OSORIO DE PAIVA;;;248;;Colis?úo;Luz do Dia;;;Meio de Quadra;;;0;1;1;1;0;0;0;0;0;1;0;0;-3,774696000000000;-38,565390000000000
317692;19;1;2017;07:16;0;RUA SEBASTIAO DE ABREU;;;0;;Colis?úo;Luz do Dia;;;Meio de Quadra;;;0;1;1;1;0;0;0;0;0;1;0;0;;
317693;19;1;2017;07:25;0;AV SEN CARLOS JEREISSATI (AEROPORTO);;;733;;Queda;Luz do Dia;;;Meio de Quadra;;;0;1;0;0;0;0;0;0;0;1;0;0;-3,783081000000000;-38,523786000000000
317694;19;1;2017;08:01;0;AV MR HULL;;;0;;Colis?úo;Luz do Dia;;;Meio de Quadra;;;0;1;0;0;0;0;0;0;0;0;0;0;;
317695;19;1;2017;09:35;0;AV BEZERRA DE MENEZES;;;0;;Atropelamento;Luz do Dia;;;Meio de Quadra;;;0;1;1;1;0;0;0;0;0;0;0;0;;
317696;19;1;2017;10:51;0;AV CASTELO DE CASTRO;;;0;;Colis?úo;Luz do Dia;;;Meio de Quadra;;;0;1;1;1;0;0;0;0;0;1;0;0;;
317744;19;1;2017;13:46;22070;RUA JOSE FACANHA;RUA PAPI JUNIOR;;0;;Colis?úo;Luz do Dia;;;Cruz;Pare;Residencial;0;1;1;1;0;0;0;0;0;1;0;0;-3,752136000000000;-38,557265000000000
317745;19;1;2017;15:19;0;AV SGT HERMINIO SAMPAIO;;;1253;;Colis?úo;Luz do Dia;;;Meio de Quadra;;;0;1;1;1;0;0;0;0;0;1;0;0;-3,724794000000000;-38,551834000000000
317746;19;1;2017;15:35;0;RUA TEODOMIRO DE CASTRO;;;3970;;Colis?úo;Luz do Dia;;;Meio de Quadra;;;0;1;1;1;0;0;0;0;0;1;0;0;-3,720405000000000;-38,569094000000000
317747;19;1;2017;18:30;0;RUA OSCAR ARARIPE;;;2498;;Atropelamento;Anoitecer;;;Meio de Quadra;;;0;1;0;0;0;0;0;0;0;0;0;0;-3,786720000000000;-38,613193000000000
317759;19;1;2017;18:55;0;RUA AMERICO VESPUCIO;;;1071;;Colis?úo;;;;Meio de Quadra;;;0;1;1;1;0;0;0;0;0;1;0;0;-3,788080100000000;-38,550295200000000
317762;19;1;2017;20:58;0;AV CEL CARVALHO;;;612;;Colis?úo;;;;Meio de Quadra;;;0;1;1;1;0;0;0;0;0;1;0;0;-3,708450000000000;-38,590234000000000
317764;19;1;2017;21:20;0;RUA TEN ELIEZER COSTA;;;178;;Colis?úo;;;;Meio de Quadra;;;0;1;0;0;0;0;0;0;0;0;0;0;-3,710236000000000;-38,591218000000000
317766;19;1;2017;21:42;0;AV BEZERRA DE MENEZES;;;0;;Colis?úo;;;;Meio de Quadra;;;0;1;1;1;0;0;0;0;0;1;0;0;;
317770;19;1;2017;22:34;0;RUA DEMETRIO MENEZES;;;0;;Colis?úo;;;;Meio de Quadra;;;0;2;0;0;0;0;0;0;0;0;0;0;;
317771;19;1;2017;22:36;0;AV CEL CARVALHO;;;0;;Queda;;;;Meio de Quadra;;;0;1;0;0;0;0;0;0;0;1;0;0;;
317779;19;1;2017;23:38;0;RUA ALAGOAS;;;2930;;Queda;;;;Meio de Quadra;;;0;1;0;0;0;0;0;0;0;1;0;0;-3,753195000000000;-38,577080000000000
317768;19;1;2017;22:26;0;AV CEL CARVALHO;;;0;;Colis?úo;;;;Meio de Quadra;;;0;1;1;1;0;0;0;0;0;1;0;0;;
307140;19;1;2017;13:19;19271;RUA CAIO PRADO;AV GAL OSORIO DE PAIVA;;0;;Colis?úo Lateral;Luz do Dia;Bom;Seca;T;Pare;Comercial;0;2;1;1;0;0;0;0;0;0;0;0;-3,773134700000000;-38,563652000000000
307141;19;1;2017;15:51;0;AV AGUANAMBI;;;0;;Colis?úo Lateral;Luz do Dia;Bom;Seca;Rotat??ria;Sem?íforo;Comercial;0;0;2;1;0;0;0;0;0;0;0;0;-3,754924300000000;-38,523663000000000
307142;19;1;2017;16:20;0;AV 13 DE MAIO;;;406;;Colis?úo Lateral;Luz do Dia;Bom;Seca;Meio de Quadra;N?úo H?í Controle;Comercial;0;0;2;0;1;0;0;0;0;0;0;0;-3,753172600000000;-38,525063000000000
307143;19;1;2017;16:58;12375;RUA ARARIPE MACEDO;RUA RIBEIRO JUNIOR;;248;;Colis?úo Transversal;Luz do Dia;Bom;Seca;Cruz;Pare;Residencial;0;0;2;1;0;0;0;0;0;0;0;0;-3,772861200000000;-38,576416000000000
307144;19;1;2017;18:27;5490;AV AGUANAMBI;RUA PDE VALDEVINO;;0;;Colis?úo Lateral;Luz do Dia;Bom;Seca;Y;Sem?íforo;Comercial;0;0;1;1;1;0;0;0;0;0;0;0;-3,736473600000000;-38,523674000000000
307145;19;1;2017;17:40;19686;AV BEZERRA DE MENEZES;RUA ERICO MOTA;;0;;Colis?úo Traseira;Anoitecer;Bom;Seca;Cruz;Sem?íforo;Comercial;0;0;2;1;0;0;0;0;0;0;0;0;-3,735607000000000;-38,562923000000000
307146;19;1;2017;18:30;5395;RUA ANTONIO POMPEU;RUA TEREZA CRISTINA;;0;;Colis?úo Transversal;Via Iluminada;Bom;Seca;Cruz;Pare;Residencial;0;2;0;1;0;0;0;0;0;0;0;0;-3,732270500000000;-38,538383000000000
307137;19;1;2017;09:41;7766;AV ANTONIO SALES;RUA TIBURCIO CAVALCANTE;;0;;Colis?úo Traseira;Luz do Dia;Nublado;Seca;Cruz;Sem?íforo;Comercial;0;0;2;1;0;0;0;0;0;0;0;0;-3,744862600000000;-38,505695000000000
307138;19;1;2017;09:00;19696;RUA GUSTAVO SAMPAIO;RUA DOM JOSE LOURENCO  D27;;0;;Colis?úo Transversal;Luz do Dia;Nublado;Molhada;Cruz;Pare;Comercial;0;0;2;1;0;0;0;0;0;0;0;0;-3,735870000000000;-38,559353000000000
303979;19;1;2017;;15370;AV DOM LUIS;AV SEN VIRGILIO TAVORA;;0;;Colis?úo Traseira;;;;Cruz;Sem?íforo;Comercial;0;0;2;1;0;0;0;0;0;0;0;0;-3,734829000000000;-38,492507000000000
303984;19;1;2017;14:00;5284;RUA PRC ISABEL;RUA PEDRO I;;0;;Colis?úo Transversal;Luz do Dia;;;Cruz;Pare;Comercial;0;1;1;1;0;0;0;0;0;0;0;0;-3,728809000000000;-38,536144000000000
303969;19;1;2017;06:26;5077;AV ALBERTO NEPOMUCENO;AV PRS CASTELO BRANCO;;0;;Colis?úo Lateral;Luz do Dia;;;T;Pare;Comercial;0;1;1;0;0;0;0;0;0;1;0;0;-3,722425000000000;-38,523857000000000
303976;19;1;2017;08:00;0;AV BAR STUDART;;;590;;Choque c/ Obst?ículo Fixo;Luz do Dia;;;Meio de Quadra;;;0;1;0;0;0;0;1;0;0;0;0;0;-3,729178000000000;-38,504841000000000
303973;19;1;2017;13:00;22299;RUA JOSE CANDIDO D08;RUA SOARES BULCAO;;0;;Colis?úo Traseira;Luz do Dia;;;Cruz;Pare;Residencial;0;0;2;1;0;0;0;0;0;0;0;0;-3,731931000000000;-38,551357000000000
304000;19;1;2017;10:06;12871;RUA BAR ARATANHA;RUA JOAQUIM MAGALHAES;;0;;Queda;Luz do Dia;;;Cruz;Pare;Residencial;0;1;0;0;0;0;0;0;0;1;0;0;-3,739716000000000;-38,528666000000000
304001;19;1;2017;11:15;10995;RUA 15 DE NOVEMBRO;RUA ALM RUBIM;;0;;Colis?úo Transversal;Luz do Dia;;;Cruz;Sem?íforo Intermitente;Comercial;0;1;1;1;0;0;0;0;0;1;0;0;-3,768907000000000;-38,555939000000000
304003;19;1;2017;09:00;2551;AV FRANCISCO SA;RUA ALBERTO DE OLIVEIRA;;0;;Colis?úo Transversal;Luz do Dia;;;Cruz;Pare;Comercial;0;0;2;1;0;0;0;0;0;0;0;0;-3,710829000000000;-38,576582000000000
304004;19;1;2017;20:30;9159;RUA MIN JOAQUIM BASTOS D14;RUA DEP OSWALDO STUDART;;0;;Colis?úo Lateral;;;;Outros;Pare;Comercial;0;0;2;1;0;0;1;0;0;0;0;0;;
304005;19;1;2017;10:25;0;RUA LUIS VIEIRA;;;127;;Colis?úo Traseira;Luz do Dia;;;Meio de Quadra;;;0;0;2;1;1;0;0;0;0;0;0;0;-3,797173000000000;-38,586127000000000
303986;19;1;2017;17:00;13390;RUA ILDEFONSO ALBANO;RUA JOAO BRIGIDO;;0;;Colis?úo Lateral;Anoitecer;;;Cruz;Sem?íforo;Comercial;0;1;1;1;0;0;0;0;0;1;0;0;-3,740605000000000;-38,515750000000000
303963;19;1;2017;11:45;0;AV AGUANAMBI;;;124;;Colis?úo Traseira;Luz do Dia;;;Meio de Quadra;;;0;0;2;1;0;0;1;0;0;0;0;0;-3,737931000000000;-38,524332000000000
303989;20;1;2017;19:00;25058;AV AUGUSTO DOS ANJOS;RUA VITAL BRASIL;;0;;Colis?úo Lateral;Via Iluminada;Bom;Seca;T;N?úo H?í Controle;Comercial;0;0;2;0;0;0;0;0;0;1;0;0;-3,782734000000000;-38,581387000000000
303990;20;1;2017;22:00;0;RUA TEN BENEVOLO;;;2222;;Colis?úo Traseira;Anoitecer;Bom;Seca;Outros;Outros;Residencial;0;0;2;1;1;0;0;0;0;0;0;0;-3,730391000000000;-38,501780000000000
303992;20;1;2017;10:15;4319;AV VICENTE DE CASTRO;AV JOSE SABOIA;;0;;Colis?úo Lateral;Luz do Dia;Nublado;Molhada;Cruz;Pare;Comercial;0;0;2;0;0;0;1;0;0;0;0;0;-3,713785000000000;-38,473200000000000
303974;20;1;2017;19:30;841;RUA MAJ JOSE ARAUJO AGUIAR;RUA CAP OLAVO;;0;;Colis?úo Transversal;Via Iluminada;Bom;Seca;Cruz;Pare;Residencial;0;0;2;1;0;0;0;0;0;1;0;0;-3,775642000000000;-38,513793000000000
303971;20;1;2017;21:00;0;AV CARNEIRO DE MENDONCA;;;395;;Colis?úo Lateral;Via Iluminada;Bom;Seca;Meio de Quadra;N?úo H?í Controle;Comercial;0;0;2;1;0;0;0;0;0;1;0;0;-3,765857000000000;-38,563089000000000
303982;20;1;2017;14:05;0;AV PRS COSTA E SILVA;;;4381;;Colis?úo Traseira;Luz do Dia;Bom;Seca;Meio de Quadra;Sem?íforo;Comercial;0;0;2;1;0;0;0;0;0;0;0;0;-3,825349000000000;-38,540865000000000
304020;20;1;2017;09:30;18497;RUA BRAZ DE FRANCESCO;RUA MARIA MIRIAN F  DE SOUZA;;0;;Colis?úo Transversal;Luz do Dia;Bom;Seca;T;Pare;Residencial;0;0;2;1;0;0;0;0;0;0;0;0;-3,733514000000000;-38,567277000000000
304021;20;1;2017;15:00;0;RUA DEP OSWALDO STUDART;;;0;;Colis?úo Lateral;Luz do Dia;Bom;Seca;Meio de Quadra;N?úo H?í Controle;Comercial;0;0;2;1;0;0;0;0;0;0;0;0;;
304015;20;1;2017;17:00;5402;RUA METON DE ALENCAR;RUA VINTE E QUATRO DE MAIO;;0;;Colis?úo Transversal;Luz do Dia;Bom;Seca;Cruz;Pare;Comercial;0;2;1;1;1;0;0;0;0;0;0;0;-3,732626000000000;-38,533848000000000
304018;20;1;2017;09:45;5692;AV DES GONZAGA;RUA MARGARIDA DE QUEIROZ;;0;;Colis?úo Lateral;Luz do Dia;Chuva;Molhada;Cruz;Pare;Comercial;0;2;1;0;0;0;0;0;0;1;0;0;-3,793168000000000;-38,501753000000000
304025;20;1;2017;16:30;0;AV BORGES DE MELO;;;1172;;Colis?úo Traseira;Luz do Dia;Bom;Material Derrapante;Meio de Quadra;N?úo H?í Controle;Comercial;0;0;2;1;1;0;0;0;0;0;0;0;-3,759787000000000;-38,530224000000000
304026;20;1;2017;10:27;25037;RUA JULIO DA SILVEIRA;AV LUCIANO CARNEIRO;;0;;Colis?úo Frontal;Luz do Dia;Chuva;Molhada;Cruz;Pare;Comercial;0;0;2;1;0;0;0;0;0;0;0;0;-3,759514000000000;-38,535029000000000
303996;20;1;2017;08:30;0;AV PRS CASTELO BRANCO;;;0;;Colis?úo Traseira;Luz do Dia;Nublado;Seca;Meio de Quadra;Outros;Comercial;0;0;2;1;1;0;0;0;0;0;0;0;;
307171;20;1;2017;11:28;3767;AV DOMINGOS OLIMPIO;AV IMPERADOR;;0;;Colis?úo Lateral;Luz do Dia;Nublado;Seca;Cruz;Sem?íforo;Comercial;0;0;1;1;0;0;0;0;0;0;0;0;-3,735048000000000;-38,536686000000000
307174;20;1;2017;07:12;1585;RUA TIBURCIO CAVALCANTE;RUA PDE VALDEVINO;;0;;Colis?úo Lateral;Luz do Dia;Chuva;Molhada;Cruz;Sem?íforo;Comercial;0;1;1;1;0;0;0;0;0;1;0;0;-3,742898000000000;-38,499367000000000
307147;20;1;2017;07:10;12892;AV DOMINGOS OLIMPIO;RUA BAR RIO BRANCO;;0;;Colis?úo Traseira;Luz do Dia;Chuva;Molhada;Cruz;Sem?íforo;Comercial;0;1;1;1;0;0;0;0;0;1;0;0;-3,736400800000000;-38,531464000000000
307148;20;1;2017;07:30;0;AV JOVITA FEITOSA;;;1216;;Colis?úo Traseira;Luz do Dia;Chuva;Molhada;Meio de Quadra;N?úo H?í Controle;Comercial;0;1;1;1;0;0;0;0;0;1;0;0;-3,739448500000000;-38,554737000000000
307149;20;1;2017;06:40;15278;RUA SILVA JATAHY;RUA LEONARDO MOTA;;0;;Colis?úo Transversal;Luz do Dia;Chuva;Molhada;Cruz;Pare;Comercial;0;1;1;0;1;0;0;0;0;1;0;0;-3,728906000000000;-38,493760000000000
307150;20;1;2017;07:15;19721;RUA GUSTAVO SAMPAIO;RUA AMADEU FURTADO;;0;;Colis?úo Transversal;Luz do Dia;Chuva;Molhada;Cruz;Pare;Residencial;0;2;1;1;0;0;0;0;0;0;0;0;-3,737937700000000;-38,563965000000000
307151;20;1;2017;08:25;0;AV ALBERTO CRAVEIRO;;;2636;;Colis?úo Traseira;Luz do Dia;Chuva;Molhada;Meio de Quadra;N?úo H?í Controle;Comercial;0;0;1;1;0;0;0;0;0;0;0;0;-3,802470200000000;-38,520960000000000
307177;20;1;2017;01:15;0;AV MOZART PINHEIRO DE LUCENA;;;800;;Colis?úo Traseira;Via Iluminada;Nublado;Molhada;Meio de Quadra;Pare;Residencial;0;0;1;0;0;0;0;0;0;0;0;0;-3,709619000000000;-38,593290000000000
307153;20;1;2017;09:25;0;AV GOV RAUL BARBOSA;;;7140;;Colis?úo Traseira;Luz do Dia;Chuva;Molhada;Meio de Quadra;Sem?íforo;Comercial;0;0;3;1;0;0;0;0;0;1;0;0;-3,775237000000000;-38,513084000000000
307154;20;1;2017;10:23;19533;AV GAL OSORIO DE PAIVA;RUA NEREU RAMOS;;0;;Colis?úo Lateral;Luz do Dia;Nublado;Molhada;Cruz;Sem?íforo;Comercial;0;0;2;1;0;0;0;0;0;0;0;0;-3,782363200000000;-38,576977000000000
307155;20;1;2017;10:20;1488;RUA ROCHA LIMA;RUA CARLOS VASCONCELOS;;0;;Colis?úo Transversal;Luz do Dia;Nublado;Seca;Cruz;Pare;Comercial;0;0;2;1;0;0;0;0;0;0;0;0;-3,739174800000000;-38,512850000000000
307156;20;1;2017;12:17;3985;RUA ALBERTO MAGNO;RUA AFRODISIO GONDIM;;0;;Colis?úo Lateral;Luz do Dia;Bom;Seca;Cruz;Pare;Comercial;0;1;1;1;0;0;0;0;0;1;0;0;-3,758243300000000;-38,544403000000000
307157;20;1;2017;18:30;0;AV PRS COSTA E SILVA;;;1391;;Engavetamento;Mal Iluminada;Bom;Seca;Meio de Quadra;N?úo H?í Controle;Residencial;0;0;3;1;0;0;0;0;0;0;0;0;-3,725524200000000;-38,556255000000000
307158;20;1;2017;17:40;0;AV JOSE BASTOS;;;2866;;Colis?úo Traseira;Via Iluminada;Bom;Seca;Meio de Quadra;N?úo H?í Controle;Comercial;0;0;2;0;0;0;0;0;0;1;0;0;-3,746289700000000;-38,546900000000000
307159;20;1;2017;18:03;0;AV JOSE BASTOS;;;0;;Engavetamento;Via Iluminada;Bom;Seca;Meio de Quadra;N?úo H?í Controle;Comercial;0;0;3;1;0;0;0;0;0;0;0;0;-3,751141300000000;-38,551750000000000
307160;20;1;2017;19:21;0;AV PRS COSTA E SILVA;;;1391;;Engavetamento;Via Iluminada;Bom;Seca;Meio de Quadra;N?úo H?í Controle;Residencial;0;0;3;1;0;0;0;0;0;0;0;0;-3,800953400000000;-38,498203000000000
307161;20;1;2017;18:46;1490;RUA CEL JUCA;RUA DES LEITE ALBUQUERQUE;;0;;Colis?úo Transversal;Via Iluminada;Bom;Seca;Cruz;Pare;Comercial;0;0;2;1;0;0;0;0;0;0;0;0;-3,739406800000000;-38,492096000000000
307162;20;1;2017;17:40;19823;RUA PDE GUERRA;RUA PRO RAIMUNDO VITOR;;0;;Colis?úo Transversal;Via Iluminada;Bom;Seca;Cruz;Pare;Residencial;0;2;1;1;0;0;0;0;0;1;0;0;-3,740527000000000;-38,565365000000000
307163;20;1;2017;19:30;4087;AV FRANCISCO SA;RUA LUCAS PINTO;;0;;Colis?úo Lateral;Via Iluminada;Bom;Seca;Cruz;N?úo H?í Controle;Comercial;0;2;0;0;0;0;0;0;0;1;0;0;-3,716799000000000;-38,559320000000000
307164;20;1;2017;21:34;17310;RUA ALBERTO MAGNO;RUA ALVARO FERNANDES;;0;;Colis?úo Transversal;Via Iluminada;Bom;Seca;Cruz;Sem?íforo;Residencial;0;0;2;0;1;0;0;0;0;0;0;0;-3,764573800000000;-38,549603000000000
304078;20;1;2017;09:00;0;AV DES GONZAGA;;;532;;Colis?úo Traseira;Luz do Dia;Bom;Seca;Outros;N?úo H?í Controle;Residencial;0;0;2;0;0;0;0;0;0;1;0;0;-3,791415000000000;-38,502560000000000
304079;20;1;2017;14:00;0;AV FRANCISCO SA;;;2270;;Colis?úo Traseira;Luz do Dia;Bom;Seca;Meio de Quadra;Sem?íforo;Residencial;0;0;2;1;0;0;0;0;0;0;0;0;-3,721205000000000;-38,545781000000000
304072;20;1;2017;15:35;14436;RUA JOAO TOME;RUA ANIBAL MASCARENHAS;;0;;Colis?úo Lateral;Luz do Dia;Bom;Seca;Cruz;Pare;Residencial;0;0;2;1;0;0;0;0;0;0;0;0;-3,725514000000000;-38,547035000000000
304048;20;1;2017;09:00;5711;AV OLIVEIRA PAIVA;RUA CHICO LEMOS;;0;;Colis?úo Traseira;Luz do Dia;Nublado;Molhada;Cruz;Sem?íforo;Comercial;0;0;2;1;0;0;0;0;0;0;0;0;-3,795857000000000;-38,497091000000000
304043;20;1;2017;13:30;0;AV PDE ANTONIO TOMAS;;;0;;Colis?úo Traseira;Luz do Dia;Nublado;Seca;Meio de Quadra;N?úo H?í Controle;Comercial;0;0;2;1;0;0;0;0;0;0;0;0;;
304044;20;1;2017;07:20;19533;AV GAL OSORIO DE PAIVA;RUA NEREU RAMOS;;0;;Colis?úo Lateral;Luz do Dia;Chuva;Molhada;Cruz;Sem?íforo;Comercial;0;1;1;0;1;1;0;0;0;0;0;0;-3,782196000000000;-38,576828000000000
304045;20;1;2017;22:00;5121;RUA PDE MORORO;RUA GUILHERME ROCHA;;0;;Colis?úo Transversal;Via Iluminada;Bom;Seca;Cruz;Sem?íforo;Comercial;0;1;1;0;1;1;0;0;0;0;0;0;-3,724033000000000;-38,537045000000000
304046;20;1;2017;09:40;19596;RUA NEREU RAMOS;RUA TCHECOSLOVAQUIA;;0;;Colis?úo Transversal;Luz do Dia;;Molhada;Cruz;Pare;Comercial;0;0;2;1;0;0;0;0;0;0;0;0;-3,785913000000000;-38,570458000000000
304037;20;1;2017;14:45;0;RUA TEN BENEVOLO;;;2031;;Colis?úo;Luz do Dia;Bom;Seca;Meio de Quadra;N?úo H?í Controle;Comercial;0;0;2;1;0;0;0;0;0;0;0;0;-3,729946000000000;-38,503115000000000
304066;20;1;2017;10:00;0;RUA LAURA BEZERRA;;;85;;Colis?úo Traseira;Luz do Dia;;;Meio de Quadra;;Comercial;0;1;1;1;0;0;0;0;0;1;0;0;-3,808937000000000;-38,461036000000000
304061;20;1;2017;10:00;0;AV PRS COSTA E SILVA;;;0;;Colis?úo Traseira;Luz do Dia;Nublado;Seca;Meio de Quadra;N?úo H?í Controle;Comercial;0;0;2;1;0;0;0;0;0;0;0;0;;
317784;20;1;2017;01:26;0;RUA JOAQUIM NABUCO;;;2760;;Colis?úo;;;;Meio de Quadra;;;0;1;1;1;0;0;0;0;0;1;0;0;-3,748982000000000;-38,505907800000000
317808;20;1;2017;08:38;0;RUA BERNARDO MANUEL;;;8591;;Colis?úo;Luz do Dia;;;Meio de Quadra;;;0;1;0;0;0;0;0;0;0;0;0;0;-3,794640000000000;-38,550173000000000
317818;20;1;2017;11:09;0;AV BEZERRA DE MENEZES;;;0;;Colis?úo;Luz do Dia;;;Meio de Quadra;;;0;1;1;0;0;0;0;0;0;1;0;0;;
317825;20;1;2017;14:44;0;AV FRANCISCO SA;;;3000;;Colis?úo;Luz do Dia;;;Meio de Quadra;;;0;1;1;1;0;1;0;0;0;0;0;0;-3,718909000000000;-38,552834000000000
317826;20;1;2017;15:00;0;AV PAROARAS;;;1001;;Queda;Luz do Dia;;;Meio de Quadra;;;0;1;0;0;0;0;0;0;0;1;0;0;-3,808792000000000;-38,542964000000000
317827;20;1;2017;15:24;0;RUA PRO EDGAR DE ARRUDA;;;1115;;Atropelamento;Luz do Dia;;;Meio de Quadra;;;0;1;1;1;0;0;0;0;0;0;0;0;-3,758154000000000;-38,584936000000000
317786;20;1;2017;01:26;0;RUA CAROLINA SUCUPIRA;;;81;;Colis?úo;;;;Meio de Quadra;;;0;1;1;1;0;0;0;0;0;1;0;0;-3,740282000000000;-38,502701000000000
317788;20;1;2017;01:59;0;AV PRS CASTELO BRANCO;;;0;;Queda;;;;Meio de Quadra;;;0;1;0;0;0;0;0;0;0;1;0;0;;
317794;20;1;2017;07:25;0;AV AUGUSTO DOS ANJOS;;;0;;Colis?úo;Luz do Dia;;;Meio de Quadra;;;0;1;1;1;0;0;0;0;0;1;0;0;;
317796;20;1;2017;07:31;0;AV JOVITA FEITOSA;;;1226;;Queda;Luz do Dia;;;Meio de Quadra;;;0;1;0;0;0;0;0;0;0;1;0;0;-3,739608000000000;-38,555214000000000
317798;20;1;2017;07:34;0;RUA NEREU RAMOS;;;0;;Colis?úo;Luz do Dia;;;Meio de Quadra;;;0;1;1;1;0;0;0;0;0;1;0;0;;
317802;20;1;2017;08:19;0;AV CARAPINIMA;;;0;;Colis?úo;Luz do Dia;;;Meio de Quadra;;;0;1;1;1;0;0;0;0;0;1;0;0;;
317833;20;1;2017;17:20;0;AV DEP PAULINO ROCHA;;;1985;;Atropelamento;Anoitecer;;;Meio de Quadra;;;0;1;1;0;0;0;0;0;0;1;0;0;-3,811256000000000;-38,514858000000000
317831;20;1;2017;17:02;0;AV GODOFREDO MACIEL;;;767;;Colis?úo;Anoitecer;;;Meio de Quadra;;;0;1;1;1;0;0;0;0;0;1;0;0;-3,782872000000000;-38,565717000000000
317821;20;1;2017;12:18;0;RUA ANTONIO NERY;;;914;;Colis?úo;Luz do Dia;;;Meio de Quadra;;;0;1;1;0;0;0;0;0;0;1;0;0;-3,780327000000000;-38,600799000000000
317829;20;1;2017;16:07;0;RUA SGT JOAO PINHEIRO;;;791;;Colis?úo;Luz do Dia;;;Meio de Quadra;;;0;1;1;1;0;0;0;0;0;1;0;0;-3,782863000000000;-38,622790000000000
317853;20;1;2017;18:10;0;RUA COS ALVARO DE OLIVEIRA;;;637;;Colis?úo;Anoitecer;;;Meio de Quadra;;;0;1;1;1;0;0;0;0;0;1;0;0;-3,739466000000000;-38,555448000000000
317849;20;1;2017;18:10;0;RUA GAL BERNARDO FIGUEIREDO;;;815;;Colis?úo;Anoitecer;;;Meio de Quadra;;;0;1;1;1;0;0;0;0;0;1;0;0;-3,740438124000000;-38,555388118000000
317861;20;1;2017;18:41;0;AV WASHINGTON SOARES;;;5955;;Atropelamento;Anoitecer;;;Meio de Quadra;;;0;1;1;1;0;0;0;0;0;0;0;0;-3,809862000000000;-38,478714000000000
317897;20;1;2017;01:28;0;AV MAJ ASSIS;;;0;;Colis?úo;;;;Meio de Quadra;;;0;1;0;0;0;0;0;0;0;0;0;0;;
317899;20;1;2017;02:00;0;AV J CJ CEARA;;;0;;Colis?úo;;;;Meio de Quadra;;;0;2;0;0;0;0;0;0;0;0;0;0;;
317869;20;1;2017;19:10;0;RUA EDUARDO PERDIGAO;;;551;;Colis?úo;;;;Meio de Quadra;;;0;1;0;0;0;0;0;0;0;0;0;0;-3,777734700000000;-38,562566700000000
317888;20;1;2017;22:37;0;RUA PATO BRANCO;;;1209;;Atropelamento;;;;Meio de Quadra;;;0;1;0;0;0;0;0;0;0;1;0;0;-3,786543922000000;-38,617590954000000