COD_ACIDENTE;DIA;MES;ANO;HORA;INTERSECAO;LOG1;LOG2;LOG3;NUMERO;REFERENCIA;NATUREZA;ILUMINACAO;TEMPO;SUPERFICIEPISTA;TIPOCRUZAMENTO;CONTROLETRAFEGO;USOSOLO;MORTOS;FERIDOS;ILESOS;AUTOMOVEL;ONIBUS;BICICLETA;CAMINHAO;MICROONIBUS;CICLOMOTOR;MOTOCICLETA;TRACAOANIMAL;TREM;LATITUDE;LONGITUDE
317881;20;1;2017;22:03;0;RUA BOM JESUS (BARRA DO CEARA);;;2802;;Queda;;;;Meio de Quadra;;;0;1;0;0;0;0;0;0;0;1;0;0;;
317878;20;1;2017;22:01;0;RUA DES HERMES PARAHYBA;;;790;;Atropelamento;;;;Meio de Quadra;;;0;1;0;0;0;0;0;0;0;0;0;0;-3,713261000000000;-38,591066000000000
317875;20;1;2017;20:58;17326;RUA ALBERTO MAGNO;RUA ALAN KARDEC;;0;;Colis?úo;;;;Cruz;Pare;Comercial;0;1;0;0;0;0;0;0;0;0;0;0;-3,764796000000000;-38,549918000000000
317873;20;1;2017;19:41;0;RUA PERDIGAO DE OLIVEIRA;;;551;;Colis?úo;;;;Meio de Quadra;;;0;1;0;0;0;0;0;0;0;0;0;0;-3,775322000000000;-38,574440000000000
317871;20;1;2017;19:24;17275;RUA ALVARO FERNANDES;RUA BAR CANINDE;;0;;Colis?úo;;;;Cruz;Pare;Residencial;0;1;0;0;0;0;0;0;0;0;0;0;-3,762184000000000;-38,552236000000000
317864;20;1;2017;18:52;5269;RUA PDE IBIAPINA;AV DUQ CAXIAS;;0;;Colis?úo;;;;Cruz;Sem?íforo;Comercial;0;1;1;1;0;0;0;0;0;1;0;0;-3,728446000000000;-38,540226000000000
317920;20;1;2017;11:30;0;AV DOMINGOS OLIMPIO;;;0;;Colis?úo;Luz do Dia;;;Meio de Quadra;;;0;1;1;0;0;0;0;0;0;1;0;0;;
317921;20;1;2017;13:44;0;RUA CEL JOAO CORREIA;;;2113;;Colis?úo;Luz do Dia;;;Meio de Quadra;;;0;1;1;1;0;0;0;0;0;1;0;0;-3,789721000000000;-38,610936000000000
317922;20;1;2017;13:52;0;RUA CASTRO E SILVA;;;0;;Colis?úo;Luz do Dia;;;Meio de Quadra;;;0;1;1;1;0;0;0;0;0;1;0;0;;
317923;20;1;2017;13:59;0;ET PICI;;;472;;Colis?úo;Luz do Dia;;;Meio de Quadra;;;0;1;1;1;0;1;0;0;0;0;0;0;-3,763086000000000;-38,578580000000000
317924;20;1;2017;14:34;0;RUA LORENA;;;276;;Colis?úo;Luz do Dia;;;Meio de Quadra;;;0;1;1;1;0;0;0;0;0;1;0;0;-3,752278000000000;-38,571855000000000
317925;20;1;2017;15:00;5936;RUA 1153 CJ CEARA;AV C CJ CEARA;;0;;Colis?úo;Luz do Dia;;;;;;0;2;1;1;0;0;0;0;0;1;0;0;-3,761816000000000;-38,609545000000000
317926;20;1;2017;15:16;0;AV GOV RAUL BARBOSA;;;0;;Colis?úo;Luz do Dia;;;Meio de Quadra;;;0;1;0;0;0;0;0;0;0;0;0;0;;
317927;20;1;2017;15:17;22069;AV ENG HUMBERTO MONTE;RUA PAPI JUNIOR;;0;;Colis?úo;Luz do Dia;;;Cruz;Pare;Comercial;0;1;1;1;0;0;0;0;0;1;0;0;-3,752552000000000;-38,557697000000000
317928;20;1;2017;15:27;0;AV GOV RAUL BARBOSA;;;0;;Colis?úo;Luz do Dia;;;Meio de Quadra;;;0;1;0;0;0;0;0;0;0;0;0;0;;
317913;20;1;2017;04:55;0;RUA 719 CJ CEARA;;;75;;Queda;;;;Meio de Quadra;;;0;1;0;0;0;0;0;0;0;1;0;0;-3,771469000000000;-38,601732000000000
317914;20;1;2017;06:52;0;AV CEL CARVALHO;;;2299;;Colis?úo;Luz do Dia;;;Meio de Quadra;;;0;2;0;0;0;0;0;0;0;0;0;0;-3,722702000000000;-38,586542000000000
317915;20;1;2017;07:34;0;RUA DR JOAO MOREIRA;;;11;;Atropelamento;Luz do Dia;;;Meio de Quadra;;;0;1;1;0;0;0;0;0;0;1;0;0;-3,723488300000000;-38,525347900000000
317916;20;1;2017;09:06;0;RUA PORTO VELHO;;;1579;;Atropelamento de Animal;Luz do Dia;;;Meio de Quadra;;;0;1;0;0;0;0;0;0;0;1;0;0;-3,762863000000000;-38,592858000000000
317917;20;1;2017;10:02;0;AV AUGUSTO DOS ANJOS;;;1893;;Colis?úo;Luz do Dia;;;Meio de Quadra;;;0;1;1;0;0;0;0;0;0;1;0;0;-3,782148000000000;-38,580884000000000
294632;20;1;2017;18:10;22147;RUA GUSTAVO BRAGA;RUA PAPI JUNIOR;;0;;Colis?úo Transversal;Anoitecer;;;Cruz;Pare;Residencial;1;0;1;0;0;0;1;0;0;1;0;0;-3,749148000000000;-38,554656000000000
325440;20;1;2017;08:00;0;RD BR 222;;;300;KM-02;Colis?úo Traseira;Luz do Dia;;Molhada;Meio de Quadra;;;0;0;2;1;0;0;0;0;0;0;0;0;;
325441;20;1;2017;17:30;0;RD BR 116;;;500;KM-03;Engavetamento;Anoitecer;Nublado;Seca;Meio de Quadra;;;0;0;3;1;0;0;0;0;0;0;0;0;-3,796035900000000;-38,507192300000000
316534;21;1;2017;03:10;0;RD CE-040;;;0;KM-01;Choque c/ Obst?ículo Fixo;;Bom;Seca;Meio de Quadra;;;0;0;1;1;0;0;0;0;0;0;0;0;-3,764650449000000;-38,482583040000000
316537;21;1;2017;05:30;0;AV MIN JOSE AMERICO;;;0;;Colis?úo;Amanhecer;Bom;Seca;Meio de Quadra;;;0;0;2;1;0;0;0;0;0;1;0;0;;
313192;21;1;2017;09:10;15313;RUA VICENTE LEITE;RUA ANA BILHAR;;0;;Colis?úo Transversal;Luz do Dia;Bom;Seca;Cruz;Pare;Residencial;0;0;2;1;0;0;0;0;0;0;0;0;-3,730456400000000;-38,493217000000000
294638;21;1;2017;22:10;0;RUA JOSE HIPOLITO;;;1238;;Colis?úo;;;;Meio de Quadra;;;1;0;1;0;1;1;0;0;0;0;0;0;-3,836172000000000;-38,485183000000000
317935;21;1;2017;15:47;0;AV FRANCISCO SA;;;7650;;Colis?úo;Luz do Dia;;;Meio de Quadra;;;0;1;1;1;0;0;0;0;0;1;0;0;-3,706106000000000;-38,586498000000000
317938;21;1;2017;16:20;0;RUA NOVA CONQUISTA (PASSARE);;;887;;Queda;Luz do Dia;;;Meio de Quadra;;;0;1;0;0;0;1;0;0;0;0;0;0;;
317939;21;1;2017;16:21;0;AV GOV RAUL BARBOSA;;;6688;;Atropelamento;Luz do Dia;;;Meio de Quadra;;;0;1;1;1;0;0;0;0;0;0;0;0;-3,772812000000000;-38,512514000000000
317942;21;1;2017;16:34;0;RUA DEP FLAVIO MARCILIO;;;1400;;Colis?úo;Luz do Dia;;;Meio de Quadra;;;0;1;1;1;0;0;0;0;0;0;0;0;;
317929;21;1;2017;15:37;0;RUA LORENA;;;0;;Colis?úo;Luz do Dia;;;Meio de Quadra;;;0;1;1;1;0;0;0;0;0;1;0;0;;
318019;21;1;2017;22:47;0;RUA PDE PEDRO DE ALENCAR;;;11;;Queda;;;;Meio de Quadra;;;0;1;0;0;0;0;0;0;0;1;0;0;;
317983;21;1;2017;21:17;0;AV RECREIO D64;;;2706;;Colis?úo;;;;Meio de Quadra;;;0;1;1;1;0;0;0;0;0;1;0;0;;
318007;21;1;2017;22:00;0;RUA AFONSO LOPES;;;65;;Colis?úo;;;;Meio de Quadra;;;0;1;0;0;0;0;0;0;0;0;0;0;-3,786260300000000;-38,546467000000000
318008;21;1;2017;22:01;0;RUA JOSE HIPOLITO;;;1233;;Atropelamento;;;;Meio de Quadra;;;0;1;1;0;1;0;0;0;0;0;0;0;-3,836167000000000;-38,485191000000000
318011;21;1;2017;22:21;0;RUA PRO GOMES BRASIL;;;0;;Colis?úo;;;;Meio de Quadra;;;0;2;0;0;0;0;0;0;0;0;0;0;;
317985;21;1;2017;21:44;0;AV PRO JOSE ARTHUR CARVALHO;;;2727;;Colis?úo;;;;Meio de Quadra;;;0;1;1;1;0;0;0;0;0;1;0;0;-3,823482000000000;-38,454635000000000
317986;21;1;2017;21:58;17682;RUA AFONSO LOPES;RUA MAJ TELESFORO;;0;;Colis?úo;;;;Cruz;Pare;Residencial;0;1;0;0;0;0;0;0;0;0;0;0;-3,798494000000000;-38,549863000000000
317947;21;1;2017;18:02;0;RUA EVALDO BRAGA;;;1563;;Queda;Anoitecer;;;Meio de Quadra;;;0;1;0;0;0;0;0;0;0;1;0;0;;
317949;21;1;2017;18:22;0;AV N CJ CEARA;;;0;;Colis?úo;Anoitecer;;;Meio de Quadra;;;0;1;1;0;0;0;1;0;0;1;0;0;;
317954;21;1;2017;18:52;0;AV GAL OSORIO DE PAIVA;;;4951;;Atropelamento;;;;Meio de Quadra;;;0;1;1;0;0;0;0;0;0;1;0;0;-3,801585000000000;-38,599023000000000
317957;21;1;2017;18:57;0;AV DA INDEPENDENCIA;;;1800;;Colis?úo;;;;Meio de Quadra;;;0;1;1;0;0;0;0;0;0;1;0;0;-3,725353000000000;-38,596245000000000
317958;21;1;2017;19:49;0;RUA DES AVELAR;;;1117;;Colis?úo;;;;Meio de Quadra;;;0;1;1;1;0;0;0;0;0;1;0;0;-3,794156700000000;-38,492157500000000
317959;21;1;2017;20:28;0;AV PRS COSTA E SILVA;;;0;;Colis?úo;;;;Meio de Quadra;;;0;1;1;1;0;0;0;0;0;1;0;0;;
317963;21;1;2017;20:36;0;AV PRS CASTELO BRANCO;;;5548;;Atropelamento;;;;Meio de Quadra;;;0;1;1;1;0;0;0;0;0;0;0;0;-3,703385000000000;-38,580615000000000
317972;21;1;2017;20:46;0;RUA DOZE;;;0;;Colis?úo;;;;Meio de Quadra;;;0;1;1;1;0;0;0;0;0;1;0;0;;
317973;21;1;2017;20:54;25607;AV MOZART PINHEIRO DE LUCENA;RUA BARCA VELHA;;0;;Colis?úo;;;;;;;0;1;0;0;0;0;0;0;0;0;0;0;-3,733331000000000;-38,599864000000000
317979;21;1;2017;21:10;1561;AV SEN VIRGILIO TAVORA;AV PDE ANTONIO TOMAS;;0;;Colis?úo;;;;Outros;Sem?íforo Intermitente;Comercial;0;1;1;1;0;0;0;0;0;1;0;0;-3,741760000000000;-38,494749000000000
318017;21;1;2017;22:33;0;RUA JOSE ARAGAO;;;48;;Colis?úo;;;;Meio de Quadra;;;0;1;1;0;0;0;0;0;0;1;0;0;;
318038;21;1;2017;23:28;0;RUA ALBERTO MAGNO;;;1100;;Colis?úo;;;;Meio de Quadra;;;0;1;0;0;0;0;0;0;0;0;0;0;;
318032;21;1;2017;22:52;0;RUA ARTUR DE CARVALHO;;;1932;;Colis?úo;;;;Meio de Quadra;;;0;1;1;1;0;0;0;0;0;1;0;0;;
318034;21;1;2017;22:53;0;AV PERIMETRAL;;;0;;Atropelamento;;;;Meio de Quadra;;;0;1;0;0;0;0;0;0;0;0;0;0;;
318013;21;1;2017;22:21;0;AV JOR THOMAZ COELHO;;;2283;;Atropelamento;;;;Meio de Quadra;;;0;1;1;0;0;0;0;0;0;1;0;0;-3,828114000000000;-38,516552000000000
318014;21;1;2017;22:25;0;RUA ROSA LEITE OLIVEIRA;;;1526;;Queda;;;;Meio de Quadra;;;0;1;0;0;0;0;0;0;0;1;0;0;-3,727923100000000;-38,587353400000000
304062;21;1;2017;08:30;0;RUA FLORIANO PEIXOTO;;;625;;Outros;Luz do Dia;Bom;Seca;Meio de Quadra;N?úo H?í Controle;Comercial;0;2;0;1;0;0;0;0;0;0;0;0;-3,727856000000000;-38,527343000000000
304053;21;1;2017;10:00;12840;RUA CARLOS GOMES;RUA SOLON PINHEIRO;;0;;Colis?úo Transversal;Luz do Dia;Bom;Seca;Cruz;Pare;Comercial;0;2;0;1;0;0;0;0;0;1;0;0;-3,740604000000000;-38,529735000000000
304055;21;1;2017;06:30;0;RUA ASSUNCAO;;;1305;;Colis?úo Traseira;Luz do Dia;Bom;Seca;Meio de Quadra;N?úo H?í Controle;Residencial;0;2;0;1;0;0;0;0;0;0;0;0;-3,741447200000000;-38,530790500000000
304032;21;1;2017;00:00;0;RUA STA TEREZINHA DO MEN JES E DA SAG FACE;;;11;;Colis?úo Lateral;Luz do Dia;Bom;Seca;Meio de Quadra;N?úo H?í Controle;Residencial;0;2;0;1;0;0;0;0;0;0;0;0;;
304034;21;1;2017;09:20;0;AV ABOLICAO;;;1898;;Colis?úo;Luz do Dia;Bom;Seca;Meio de Quadra;N?úo H?í Controle;Comercial;0;1;1;1;0;0;1;0;0;0;0;0;-3,725221000000000;-38,502057000000000
304081;21;1;2017;07:00;0;AV CEL CARVALHO;;;2303;;Colis?úo Transversal;Luz do Dia;Bom;Seca;Meio de Quadra;N?úo H?í Controle;Residencial;0;2;0;0;0;1;0;0;0;1;0;0;-3,722735000000000;-38,586533000000000
304082;21;1;2017;04:30;0;AV DOMINGOS OLIMPIO;;;180;;Colis?úo Lateral;Via Iluminada;Bom;Seca;Meio de Quadra;N?úo H?í Controle;Residencial;0;2;0;1;0;0;0;0;0;0;0;0;-3,738102000000000;-38,526273000000000
304088;21;1;2017;09:30;0;RUA PORTO VELHO;;;1591;;Colis?úo;Luz do Dia;Bom;Seca;Meio de Quadra;N?úo H?í Controle;Residencial;0;2;0;1;0;0;0;0;0;1;0;0;-3,762749000000000;-38,593086000000000
304084;21;1;2017;14:00;0;RUA PESSOA ANTA;;;501;;Engavetamento;Luz do Dia;Bom;Seca;Meio de Quadra;Sem?íforo;Comercial;0;3;0;1;1;0;0;0;0;0;0;0;-3,720820000000000;-38,519637000000000
304068;21;1;2017;17:15;0;AV SANTOS DUMONT;;;5071;;Colis?úo Traseira;Via Iluminada;Bom;Seca;Meio de Quadra;Sem?íforo Intermitente;Comercial;0;2;0;1;0;0;0;0;0;0;0;0;-3,740092000000000;-38,486438000000000
304069;21;1;2017;15:40;0;AV GOV RAUL BARBOSA;;;4262;;Choque c/ Obst?ículo Fixo;Luz do Dia;Bom;Seca;Meio de Quadra;N?úo H?í Controle;Comercial;0;1;0;1;0;0;0;0;0;0;0;0;-3,761633000000000;-38,507689000000000
304070;21;1;2017;15:33;0;RUA TEODORICO BARROSO;;;247;;Colis?úo Transversal;Luz do Dia;Bom;Seca;Meio de Quadra;N?úo H?í Controle;Residencial;0;1;0;1;0;0;0;0;0;1;0;0;-3,767243000000000;-38,539744000000000
304094;21;1;2017;14:00;9020;RUA JAIME BENEVOLO;RUA SALDANHA MARINHO;;0;;Colis?úo Transversal;Luz do Dia;Bom;Seca;Cruz;Sem?íforo;Residencial;0;2;0;1;0;0;0;0;0;0;0;0;-3,743046000000000;-38,528994000000000
304090;21;1;2017;09:10;0;RUA ANTONIO NOGUEIRA;;;0;;Colis?úo Transversal;Luz do Dia;Bom;Seca;Meio de Quadra;Pare;Residencial;0;1;1;1;0;0;1;0;0;0;0;0;;
304099;21;1;2017;01:30;24970;AV ALM HENRIQUE SABOIA;RUA VICENTE LEITE;;0;;Choque c/ Obst?ículo Fixo;Via Iluminada;Bom;Seca;T;D?¬ Prefer?¬ncia;Residencial;0;1;0;1;0;0;0;0;0;0;0;0;-3,752102000000000;-38,499821000000000
307165;21;1;2017;06:26;0;AV JOAO PESSOA;;;5884;;Choque c/ Obst?ículo Fixo;Amanhecer;Bom;Seca;Meio de Quadra;N?úo H?í Controle;Comercial;0;0;0;1;0;0;0;0;0;0;0;0;-3,761635300000000;-38,557600000000000
307166;21;1;2017;07:32;22081;RUA CAP FRANCISCO PEDRO;RUA GUSTAVO BRAGA;;0;;Colis?úo Transversal;Luz do Dia;Bom;Seca;Cruz;Pare;Comercial;0;0;1;1;1;0;0;0;0;0;0;0;-3,751104600000000;-38,552513000000000
307167;21;1;2017;08:57;0;AV DA UNIVERSIDADE;;;2854;;Colis?úo Lateral;Luz do Dia;Bom;Seca;Meio de Quadra;Sem?íforo;Escola;0;0;2;1;0;0;0;0;0;0;0;0;-3,741575200000000;-38,539734000000000
307168;21;1;2017;09:09;0;AV PRS CASTELO BRANCO;;;2916;;Colis?úo Transversal;Luz do Dia;Bom;Seca;Meio de Quadra;N?úo H?í Controle;Comercial;0;0;2;1;0;0;0;0;0;0;0;0;-3,711989000000000;-38,554400000000000
307169;21;1;2017;10:21;0;AV LUCIANO CARNEIRO;;;1991;;Engavetamento;Luz do Dia;Bom;Seca;Meio de Quadra;N?úo H?í Controle;Residencial;0;0;3;1;0;0;0;0;0;0;0;0;-3,765459300000000;-38,537174000000000
307170;21;1;2017;10:55;25019;RUA TEODOMIRO DE CASTRO;RUA DNA MENDINHA;;0;;Colis?úo Transversal;Luz do Dia;Bom;Seca;Cruz;Pare;Residencial;0;0;2;1;0;0;0;0;0;0;0;0;-3,718240500000000;-38,573310000000000
307175;21;1;2017;13:30;0;AV HERACLITO GRACA;;;909;;Colis?úo Lateral;Via Iluminada;Bom;Seca;T;Sem?íforo;Comercial;0;0;2;1;0;0;0;0;0;0;0;0;-3,735971200000000;-38,516850000000000
307176;21;1;2017;16:01;0;AV A CJ CEARA;RUA 1153 CJ CEARA;;0;;Colis?úo Transversal;Luz do Dia;Bom;Seca;Meio de Quadra;Pare;Comercial;0;1;2;1;0;0;0;0;0;1;0;0;-3,761773800000000;-38,609530000000000
307172;21;1;2017;13:40;7754;AV ANTONIO SALES;RUA JOSE VILAR;;0;;Colis?úo Lateral;Luz do Dia;Bom;Seca;Cruz;Sem?íforo;Comercial;0;0;2;1;0;0;0;0;0;0;0;0;-3,743877000000000;-38,507126000000000
307173;21;1;2017;12:50;0;RUA IPE AMARELO;RUA BOUGAVILLES;;0;;Colis?úo Transversal;Luz do Dia;Bom;Seca;T;N?úo H?í Controle;Residencial;0;0;2;1;0;0;0;0;0;0;0;0;-3,802304000000000;-38,557960000000000
307260;21;1;2017;18:55;23002;RUA PRA HELOISA F LIMA;RUA VILA RICA;;0;;Colis?úo Lateral;Via Iluminada;Bom;Seca;Cruz;Pare;Residencial;0;0;2;1;1;0;0;0;0;0;0;0;-3,787520200000000;-38,545834000000000
303995;21;1;2017;20:40;0;AV PRS CASTELO BRANCO;;;4950;;Atropelamento;Via Iluminada;Bom;Seca;Meio de Quadra;Outros;Comercial;0;2;0;1;0;0;0;0;0;0;0;0;-3,705446000000000;-38,576169000000000
307189;22;1;2017;19:00;25268;AV BORGES DE MELO;RUA JORGE ACURCIO;;0;;Colis?úo Lateral;Via Iluminada;Nublado;Molhada;Cruz;N?úo H?í Controle;Residencial;0;0;1;1;0;0;0;0;0;1;0;0;-3,760456000000000;-38,530006000000000
307178;22;1;2017;08:25;15155;AV BEIRA MAR;RUA NUNES VALENTE;;0;;Engavetamento;Luz do Dia;Bom;Seca;T;N?úo H?í Controle;Comercial;0;0;3;1;1;0;0;0;0;0;0;0;-3,724997500000000;-38,500122000000000
307179;22;1;2017;10:08;0;AV GAL OSORIO DE PAIVA;;;7002;;Choque c/ Obst?ículo Fixo;Luz do Dia;Bom;Seca;T;Pare;Comercial;0;1;0;1;0;0;0;0;0;0;0;0;-3,814779000000000;-38,612200000000000
307180;22;1;2017;16:15;0;RUA DR THOMPSON BULCAO;;;0;;Colis?úo Traseira;Luz do Dia;Bom;Seca;Meio de Quadra;N?úo H?í Controle;Residencial;0;1;2;1;0;0;0;0;0;0;0;0;-3,770304200000000;-38,489918000000000
307181;22;1;2017;20:06;18028;AV DIOGUINHO;RUA RENATO BRAGA;;0;;Colis?úo Transversal;Mal Iluminada;Chuva;Seca;Cruz;Sem?íforo;Comercial;0;0;2;1;0;0;0;0;0;0;0;0;-3,731682500000000;-38,458680000000000
307182;22;1;2017;19:45;0;RUA FRANCISCO PAIVA;;;1297;;Atropelamento;Luz do Dia;Nublado;Seca;Meio de Quadra;N?úo H?í Controle;Residencial;0;1;1;1;0;0;0;0;0;0;0;0;-3,793238400000000;-38,615047000000000
307829;22;1;2017;20:04;0;AV CEL CARVALHO;;;2455;;Colis?úo Traseira;Via Iluminada;Chuva;Molhada;Meio de Quadra;Sem?íforo;Comercial;0;0;2;1;0;0;0;0;0;0;0;0;-3,724022400000000;-38,586063000000000
304101;22;1;2017;13:15;0;AV PRS CASTELO BRANCO;;;4728;FARMACIA PAGUE MENOS;Atropelamento;Luz do Dia;Bom;Seca;Meio de Quadra;Sem?íforo Intermitente;Comercial;0;2;0;0;0;0;0;0;0;1;0;0;-3,706329000000000;-38,574068000000000
304112;22;1;2017;12:10;1581;AV PDE ANTONIO TOMAS;RUA MON CATAO;;0;;Colis?úo Lateral;Luz do Dia;Bom;Seca;Cruz;Sem?íforo;Comercial;0;2;0;1;0;0;0;0;0;0;0;0;-3,742708000000000;-38,491843000000000
304128;22;1;2017;20:30;0;RUA FRANCISCO LORDA;;;306;;Colis?úo Lateral;Via Iluminada;Bom;Seca;Meio de Quadra;;Lazer;0;1;0;1;0;0;0;0;0;0;0;0;-3,761930000000000;-38,531836000000000
304131;22;1;2017;00:00;0;AV ABOLICAO;;;2900;;Colis?úo Traseira;Via Iluminada;Bom;Seca;Meio de Quadra;Sem?íforo;Residencial;0;2;0;1;0;0;0;0;0;0;0;0;-3,726989000000000;-38,493317000000000
304132;22;1;2017;15:20;0;AV DR SILAS MUNGUBA;;;540;;Colis?úo Traseira;Luz do Dia;Bom;Seca;Meio de Quadra;Sem?íforo;Comercial;0;2;0;1;0;0;0;0;0;0;0;0;-3,779299000000000;-38,560724000000000
304137;22;1;2017;08:20;22209;AV SGT HERMINIO SAMPAIO;RUA ARISTIDES B NETO;;0;;;Luz do Dia;Bom;Molhada;Duplo T;Pare;Comercial;0;2;0;1;0;0;0;0;0;1;0;0;-3,725509000000000;-38,555820000000000
304145;22;1;2017;12:00;19667;AV BEZERRA DE MENEZES;RUA DOM LINO;;0;;Colis?úo Traseira;Luz do Dia;Bom;Seca;Cruz;Sem?íforo;Residencial;0;2;0;1;0;0;0;0;0;1;0;0;-3,734232000000000;-38,557568000000000
304155;22;1;2017;14:50;0;RUA PRO EDGAR DE ARRUDA;;;400;;Colis?úo Lateral;Luz do Dia;Bom;Seca;Meio de Quadra;N?úo H?í Controle;Lazer;0;3;0;1;1;0;0;0;0;0;0;0;-3,761278000000000;-38,579091000000000
304150;22;1;2017;14:20;334;RUA AMADEU FURTADO;RUA NESTOR BARBOSA;;0;;Colis?úo Transversal;Luz do Dia;Bom;Seca;Cruz;Pare;;0;2;0;1;0;0;0;0;0;1;0;0;-3,745408000000000;-38,562047000000000
304157;22;1;2017;18:50;15879;RUA GUARUJA;RUA JOAO IVO;;0;;Colis?úo Transversal;Via Iluminada;Bom;Seca;Cruz;Pare;Residencial;0;3;0;1;0;0;0;0;0;0;0;0;-3,834824000000000;-38,497541000000000
304158;22;1;2017;01:30;23016;AV DR SILAS MUNGUBA;RUA PRA HELOISA F LIMA;;0;;Colis?úo Lateral;Via Iluminada;Bom;Seca;Cruz;Sem?íforo Intermitente;Comercial;0;2;0;0;0;0;0;0;0;1;0;0;-3,788406000000000;-38,545961000000000
304161;22;1;2017;13:00;0;RUA PESSOA ANTA;;;51;;Colis?úo Traseira;Luz do Dia;Bom;Molhada;Meio de Quadra;N?úo H?í Controle;Residencial;0;3;0;1;0;0;0;0;0;0;0;0;-3,721161000000000;-38,522418000000000
304164;22;1;2017;07:41;5091;RUA GAL SAMPAIO;RUA CASTRO E SILVA;;0;;Colis?úo Lateral;Luz do Dia;Nublado;Seca;Cruz;Sem?íforo;Comercial;0;2;0;1;0;0;0;1;0;0;0;0;-3,723098000000000;-38,529670000000000
304152;22;1;2017;14:00;5371;RUA VINTE E QUATRO DE MAIO;RUA GAL CLARINDO DE QUEIROZ;;0;;Colis?úo Transversal;Luz do Dia;Bom;Seca;Cruz;Pare;Comercial;0;2;0;1;1;0;0;0;0;0;0;0;-3,731621000000000;-38,533532000000000
318039;22;1;2017;00:08;26236;RUA BERNARDO MANUEL;AV DR SILAS MUNGUBA;;0;;Colis?úo;;;;Cruz;Sem?íforo;Comercial;0;1;0;0;0;0;0;0;0;0;0;0;-3,787538000000000;-38,547960000000000
318059;22;1;2017;09:06;0;RUA JULIO SILVA;;;440;;Queda;Luz do Dia;;;Meio de Quadra;;;0;1;0;0;0;0;0;0;0;1;0;0;;
318060;22;1;2017;10:58;0;RUA GONCALVES DIAS;;;195;;Colis?úo;Luz do Dia;;;Meio de Quadra;;;0;1;0;0;0;0;0;0;0;0;0;0;-3,741162000000000;-38,553366000000000
318054;22;1;2017;08:35;0;RUA VALPARAISO;;;1871;;Queda;Luz do Dia;;;Meio de Quadra;;;0;1;0;0;0;0;0;0;0;1;0;0;-3,846784000000000;-38,516662000000000
318055;22;1;2017;08:53;0;AV LAURO VIEIRA CHAVES;;;0;;Queda;Luz do Dia;;;Meio de Quadra;;;0;1;0;0;0;0;0;0;0;1;0;0;;
318049;22;1;2017;07:02;1654;RUA BENI DE CARVALHO;AV SEN VIRGILIO TAVORA;;0;;Colis?úo;Luz do Dia;;;Cruz;Sem?íforo;Comercial;0;1;1;1;0;0;0;0;0;1;0;0;-3,745678000000000;-38,495995000000000
318050;22;1;2017;07:15;0;AV MOZART PINHEIRO DE LUCENA;;;2160;;Queda;Luz do Dia;;;Meio de Quadra;;;0;1;0;0;0;0;0;0;0;1;0;0;-3,721381000000000;-38,596599000000000
318051;22;1;2017;08:04;100;AV MR HULL;RUA TOMAS RODRIGUES;;0;;Colis?úo Transversal;Luz do Dia;;Seca;Cruz;Sem?íforo;Comercial;0;1;1;1;0;0;0;0;0;1;0;0;-3,740004000000000;-38,593915000000000
318043;22;1;2017;01:30;0;AV RAD JOSE LIMA VERDE;;;1260;;Queda;;;;Meio de Quadra;;;0;1;0;0;0;0;0;0;0;1;0;0;-3,703394000000000;-38,591571000000000
318044;22;1;2017;05:25;0;AV DIOGUINHO;;;0;;Colis?úo;Amanhecer;;;Meio de Quadra;;;0;1;1;0;0;0;0;0;0;1;0;0;;
318045;22;1;2017;05:42;0;AV MR HULL;;;0;;Queda;Amanhecer;;;Meio de Quadra;;;0;1;0;0;0;0;0;0;0;1;0;0;;
318046;22;1;2017;06:24;0;AV SGT HERMINIO SAMPAIO;;;1671;;Colis?úo;Luz do Dia;;;Meio de Quadra;;;0;1;1;1;0;0;0;0;0;1;0;0;-3,725452000000000;-38,555562000000000
318074;22;1;2017;13:31;0;RUA GAL CLARINDO DE QUEIROZ;;;1151;;Colis?úo;Luz do Dia;;;Meio de Quadra;;;0;1;1;1;1;0;0;0;0;0;0;0;-3,731405000000000;-38,534198000000000
318079;22;1;2017;14:10;0;AV DR THEBERGE;;;2160;;Queda;Luz do Dia;;;Meio de Quadra;;;0;1;0;0;0;0;0;0;0;1;0;0;-3,719272000000000;-38,566474000000000
318081;22;1;2017;15:11;0;RUA RIO VENTURA;;;0;;Capotamento;Luz do Dia;;;Meio de Quadra;;;0;1;0;0;0;0;0;0;0;0;0;0;;
318072;22;1;2017;13:09;0;RUA CEL ERNESTO MATOS;;;578;;Colis?úo;Luz do Dia;;;Meio de Quadra;;;0;1;1;1;0;0;0;0;0;1;0;0;-3,832379000000000;-38,490043000000000
318069;22;1;2017;11:58;8014;RUA MACHADO DE ASSIS;RUA PRO COSTA MENDES;;0;;Atropelamento;Luz do Dia;;;Cruz;Sem?íforo;Residencial;0;1;1;0;0;0;0;0;0;1;0;0;-3,751652000000000;-38,550288000000000
318067;22;1;2017;11:24;0;RUA JOAQUIM ALFREDO;;;807;;Atropelamento;Luz do Dia;;;Meio de Quadra;;;0;1;1;1;0;0;0;0;0;0;0;0;-3,803635000000000;-38,589199000000000
318084;22;1;2017;16:29;0;RUA CAP HUGO BEZERRA;;;0;;Queda;Luz do Dia;;;Meio de Quadra;;;0;1;0;0;0;0;0;0;0;1;0;0;;