COD_ACIDENTE;DIA;MES;ANO;HORA;INTERSECAO;LOG1;LOG2;LOG3;NUMERO;REFERENCIA;NATUREZA;ILUMINACAO;TEMPO;SUPERFICIEPISTA;TIPOCRUZAMENTO;CONTROLETRAFEGO;USOSOLO;MORTOS;FERIDOS;ILESOS;AUTOMOVEL;ONIBUS;BICICLETA;CAMINHAO;MICROONIBUS;CICLOMOTOR;MOTOCICLETA;TRACAOANIMAL;TREM;LATITUDE;LONGITUDE
318087;22;1;2017;17:05;0;RUA OITICICAS;;;640;;Colis?úo;Anoitecer;;;Meio de Quadra;;;0;1;1;1;0;0;0;0;0;1;0;0;-3,808728000000000;-38,536941000000000
318090;22;1;2017;17:32;0;AV AUGUSTO DOS ANJOS;;;1000;;Colis?úo;Anoitecer;;;Meio de Quadra;;;0;1;0;0;0;0;0;0;0;0;0;0;-3,776718000000000;-38,576139000000000
318077;22;1;2017;13:36;0;RUA BAR AQUIRAZ;;;578;;Colis?úo;Luz do Dia;;;Meio de Quadra;;;0;1;1;1;0;0;0;0;0;1;0;0;-3,758804600000000;-38,547895900000000
318095;22;1;2017;17:53;0;AV MOZART PINHEIRO DE LUCENA;;;0;;Queda;Anoitecer;;;Meio de Quadra;;;0;1;0;0;0;0;0;0;0;1;0;0;;
318096;22;1;2017;17:58;0;RUA FRANCISCO PAIVA;;;1298;;Atropelamento;Anoitecer;;;Meio de Quadra;;;0;1;1;1;0;0;0;0;0;0;0;0;;
318098;22;1;2017;18:16;16025;RUA OSCAR BENEVIDES;RUA CEL TIBURCIO;;0;;Colis?úo;Anoitecer;;;Cruz;Pare;Residencial;0;1;1;1;0;0;0;0;0;1;0;0;-3,810439000000000;-38,573141000000000
318099;22;1;2017;20:01;10439;RUA RICARDO PONTES;RUA ITAPERONA;;0;;Colis?úo;;;;;;;0;1;1;0;0;0;0;0;0;1;0;0;-3,764325000000000;-38,599866000000000
318100;22;1;2017;20:29;0;RUA CEL JOAO CORREIA;;;3687;;Colis?úo;;;;Meio de Quadra;;;0;1;0;0;0;0;0;0;0;0;0;0;-3,785485000000000;-38,625197000000000
318102;22;1;2017;20:48;0;AV MOZART PINHEIRO DE LUCENA;;;3284;;Colis?úo;;;;Meio de Quadra;;;0;1;0;0;0;0;0;0;0;0;0;0;-3,733410000000000;-38,599885000000000
318104;22;1;2017;21:21;19409;AV AUGUSTO DOS ANJOS;RUA FRE SERAFIM;;0;;Colis?úo;;;;T;Pare;Comercial;0;1;1;1;0;0;0;0;0;1;0;0;-3,778743000000000;-38,577900000000000
318105;22;1;2017;21:49;0;RUA JORGE ACURCIO;;;0;;Colis?úo;;;;Meio de Quadra;;;0;1;0;0;0;0;0;0;0;0;0;0;;
318106;22;1;2017;22:21;0;AV BORGES DE MELO;;;1132;;Colis?úo;;;;Meio de Quadra;;;0;1;1;1;0;0;0;0;0;1;0;0;-3,760038000000000;-38,529928000000000
318107;22;1;2017;22:23;0;RUA EUFRASIO FEITOSA;;;62;;Colis?úo;;;;Meio de Quadra;;;0;1;0;0;0;0;0;0;0;0;0;0;-3,771310000000000;-38,493639000000000
318108;22;1;2017;22:34;0;RUA 24 DE OUTUBRO;;;249;;Colis?úo;;;;Meio de Quadra;;;0;1;0;0;0;0;0;0;0;0;0;0;-3,751246000000000;-38,602514000000000
318109;22;1;2017;23:25;0;AV SEN FERNANDES TAVORA;;;0;;Colis?úo;;;;Meio de Quadra;;;0;1;1;1;0;0;0;0;0;1;0;0;;
318250;22;1;2017;16:11;0;RUA MIGUEL GURGEL;;;0;;Atropelamento;Luz do Dia;;;Meio de Quadra;;;0;1;1;1;0;0;0;0;0;0;0;0;;
316538;22;1;2017;10:35;0;RD CE-040;;;0;KM-08;Colis?úo;Luz do Dia;Bom;Seca;Meio de Quadra;;;0;0;2;1;0;0;0;0;0;0;0;0;-3,825515822000000;-38,481538320000000
316541;23;1;2017;14:40;0;AV MIN JOSE AMERICO;;;0;;Colis?úo;Luz do Dia;Bom;Seca;Meio de Quadra;;;0;0;3;1;0;0;0;0;0;0;0;0;;
316543;23;1;2017;17:15;0;RD CE-040;;;0;KM-02;Colis?úo;Anoitecer;Bom;Seca;Meio de Quadra;;;0;0;2;1;0;0;0;0;0;0;0;0;-3,773616148000000;-38,481799400000000
325442;23;1;2017;10:00;0;RD BR 116;;;500;;Colis?úo Traseira;Luz do Dia;;Seca;Meio de Quadra;;;0;0;2;1;0;0;0;0;0;0;0;0;-3,796035900000000;-38,507192300000000
318187;23;1;2017;18:37;2486;AV FRANCISCO SA;RUA SEN ROBERT KENNEDY;;0;;Colis?úo;;;;Cruz;Pare;Comercial;0;1;1;1;0;0;0;0;0;1;0;0;-3,709140000000000;-38,581426000000000
318188;23;1;2017;18:45;0;AV SANTOS DUMONT;;;0;;Queda;;;;Meio de Quadra;;;0;1;0;0;0;1;0;0;0;0;0;0;;
318189;23;1;2017;19:11;0;RUA MAD ELISA BALDO;;;645;;Colis?úo;;;;Meio de Quadra;;;0;1;1;1;0;0;0;0;0;0;0;0;-3,785436000000000;-38,545203000000000
318194;23;1;2017;19:47;0;AV I CJ CEARA;;;10;;Atropelamento;;;;Meio de Quadra;;;0;1;1;0;0;0;0;0;0;1;0;0;;
318195;23;1;2017;19:56;0;RUA STA LUZIA;;;4723;;Colis?úo;;;;Meio de Quadra;;;0;1;0;0;0;0;0;0;0;0;0;0;-3,760452800000000;-38,539068400000000
318196;23;1;2017;22:14;19436;RUA SEIXAS CORREIA;AV AUGUSTO DOS ANJOS;;0;;Colis?úo;;;;Cruz;Sem?íforo;Comercial;0;1;0;0;0;0;0;0;0;0;0;0;-3,779412000000000;-38,578496000000000
318197;23;1;2017;23:40;1260;RUA COSTA BARROS;RUA JOSE VILAR;;0;;Colis?úo;;;;Cruz;Sem?íforo;Comercial;0;1;1;1;0;0;0;0;0;1;0;0;-3,732908000000000;-38,503746000000000
318111;23;1;2017;05:54;0;RUA VINTE QUATRO DE MAIO;;;0;;Colis?úo;Amanhecer;;;Meio de Quadra;;;0;1;0;0;0;0;0;0;0;0;0;0;;
318112;23;1;2017;05:59;0;RUA VALPARAISO;;;0;;Colis?úo;Amanhecer;;;Meio de Quadra;;;0;1;0;0;0;0;0;0;0;0;0;0;;
318114;23;1;2017;06:56;0;RUA OSVALDO CRUZ;;;2464;;Colis?úo;Luz do Dia;;;Meio de Quadra;;;0;2;0;0;0;0;0;0;0;0;0;0;-3,747135000000000;-38,503989000000000
318115;23;1;2017;07:06;0;RUA COS LAFAYETE;;;0;;Colis?úo;Luz do Dia;;;Meio de Quadra;;;0;1;1;1;0;0;0;0;0;1;0;0;;
318116;23;1;2017;07:07;0;RUA AMADEU FURTADO;;;0;;Colis?úo;Luz do Dia;;;Meio de Quadra;;;0;2;1;1;0;0;0;0;0;1;0;0;;
318117;23;1;2017;07:22;0;AV JOVITA FEITOSA;;;2902;;Colis?úo;Luz do Dia;;;Meio de Quadra;;;0;2;1;1;0;0;0;0;0;1;0;0;-3,741327000000000;-38,563663000000000
318118;23;1;2017;07:36;0;AV DUQ CAXIAS;;;2237;;Colis?úo;Luz do Dia;;;Meio de Quadra;;;0;1;1;1;0;0;0;0;0;1;0;0;-3,727138000000000;-38,544158000000000
318119;23;1;2017;08:16;7837;RUA TOMAS ACIOLI;RUA OSVALDO CRUZ (ALDEOTA);;0;;Colis?úo;Luz do Dia;;;Cruz;Pare;Residencial;0;1;1;1;0;0;0;0;0;1;0;0;-3,746886000000000;-38,503970000000000
318120;23;1;2017;12:50;0;RUA FRE MANSUETO;;;938;;Colis?úo;Luz do Dia;;;Meio de Quadra;;;0;1;1;1;0;0;0;0;0;1;0;0;-3,732555000000000;-38,488788000000000
318121;23;1;2017;13:22;0;RUA CEL MATOS DOURADO;;;248;;Colis?úo;Luz do Dia;;;Meio de Quadra;;;0;1;0;0;0;0;0;0;0;0;0;0;-3,754138977000000;-38,582365858000000
318128;23;1;2017;13:22;0;RUA BOM JESUS (BARRA DO CEARA);;;2400;;Colis?úo;Luz do Dia;;;Meio de Quadra;;;0;1;1;0;0;0;0;0;0;1;0;0;;
318131;23;1;2017;14:47;0;RUA CEL MATOS DOURADO;;;0;;Colis?úo;Luz do Dia;;;Meio de Quadra;;;0;1;0;0;0;0;0;0;0;0;0;0;;
318154;23;1;2017;15:59;0;RUA COS LAFAYETE;;;1010;;Colis?úo;Luz do Dia;;;Meio de Quadra;;;0;2;1;1;0;0;0;0;0;1;0;0;-3,717578000000000;-38,587187000000000
318157;23;1;2017;16:21;0;RUA VERBENA;;;656;;Colis?úo;Luz do Dia;;;Meio de Quadra;;;0;2;1;1;0;0;0;0;0;1;0;0;-3,781926000000000;-38,588990000000000
318150;23;1;2017;15:34;0;AV D CJ CEARA;;;1430;;Colis?úo;Luz do Dia;;;Meio de Quadra;;;0;1;1;1;0;0;0;0;0;1;0;0;-3,764745000000000;-38,601920000000000
318146;23;1;2017;15:08;0;RUA DEMETRIO MENEZES;;;0;;Colis?úo;Luz do Dia;;;Meio de Quadra;;;0;1;1;1;0;1;0;0;0;0;0;0;;
318178;23;1;2017;18:21;17415;RUA RAUL CABRAL;RUA VENEZUELA;;0;;Atropelamento;Anoitecer;;;Cruz;Sem?íforo;Misto;0;1;1;0;0;0;0;0;0;1;0;0;-3,768051000000000;-38,546018000000000
318167;23;1;2017;17:28;17430;RUA EDITE BRAGA;RUA PRO TEODORICO;;0;;Colis?úo;Anoitecer;;;Cruz;Pare;Comercial;0;1;1;1;0;0;0;0;0;1;0;0;-3,768643000000000;-38,553772000000000
318168;23;1;2017;17:38;0;AV PRS CASTELO BRANCO;;;2746;;Colis?úo;Anoitecer;;;Meio de Quadra;;;0;1;1;1;0;1;0;0;0;0;0;0;-3,712613000000000;-38,552313000000000
318175;23;1;2017;18:11;0;AV CAP WALDEMAR PAULA LIMA;;;352;;Atropelamento;Anoitecer;;;Meio de Quadra;;;0;1;1;0;0;0;0;0;0;1;0;0;;
318176;23;1;2017;18:15;0;AV GOV RAUL BARBOSA;;;5350;;Colis?úo;Anoitecer;;;Meio de Quadra;;;0;1;1;1;0;1;0;0;0;0;0;0;-3,766367000000000;-38,508993000000000
294645;23;1;2017;17:10;14653;RUA LIDIA BRIGIDO;RUA LOURIVAL C PINHO;;0;;Colis?úo Transversal;Anoitecer;;;;;;1;0;1;1;0;0;0;0;0;1;0;0;-3,793554000000000;-38,484368000000000
304038;23;1;2017;13:09;23800;RUA COM GARCIA;RUA PLACIDO DE CASTRO;;0;;Colis?úo Transversal;Luz do Dia;;;Cruz;Pare;Comercial;0;0;2;1;0;0;0;0;0;0;0;0;-3,792804000000000;-38,582889000000000
304039;23;1;2017;13:15;1605;RUA PDE VALDEVINO;AV DES MOREIRA;;0;;Engavetamento;Luz do Dia;;;;;;0;0;3;1;0;0;0;0;0;0;0;0;-3,744098000000000;-38,500877000000000
304040;23;1;2017;00:10;0;AV ABOLICAO;;;0;;Choque c/ Obst?ículo Fixo;;;;Meio de Quadra;;;0;0;1;1;0;0;0;0;0;0;0;0;;
304041;23;1;2017;02:20;0;AV ALM HENRIQUE SABOIA;;;1102;VIADUTO;Colis?úo Lateral;;;;Meio de Quadra;;;0;1;1;1;0;0;0;0;0;0;0;0;-3,736032000000000;-38,485152000000000
304036;23;1;2017;16:30;0;AV PRS CASTELO BRANCO;;;2972;;Colis?úo;Luz do Dia;;;Meio de Quadra;;;0;0;2;1;0;0;0;0;0;0;0;0;-3,711897000000000;-38,555387000000000
304056;23;1;2017;18:30;1443;RUA BARBARA DE ALENCAR;RUA BAR ARACATI;;0;;Colis?úo Transversal;Anoitecer;;;Cruz;Pare;Residencial;0;0;2;1;0;0;0;0;0;0;0;0;-3,738162000000000;-38,513608000000000
304054;23;1;2017;14:40;13938;RUA VER PEDRO PAULO MOREIRA;RUA JUNIOR ROCHA;;0;;Colis?úo Transversal;Luz do Dia;;;Cruz;Pare;Residencial;0;1;1;1;0;0;0;0;0;1;0;0;-3,787178000000000;-38,487345000000000
304051;23;1;2017;15:30;0;AV DOMINGOS OLIMPIO;;;0;;Colis?úo Traseira;Luz do Dia;;;Meio de Quadra;;;0;0;2;1;0;0;1;0;0;0;0;0;;
304052;23;1;2017;10:40;0;AV GODOFREDO MACIEL;;;4707;;Engavetamento;Luz do Dia;;;Meio de Quadra;;;0;0;3;1;0;0;0;0;0;0;0;0;-3,816387000000000;-38,574526000000000
304067;23;1;2017;16:30;5450;RUA ANTONIO POMPEU;RUA MAJ FACUNDO;;0;;Colis?úo Lateral;Luz do Dia;;;Cruz;Pare;Comercial;0;0;2;1;0;0;0;0;0;0;0;0;-3,734923000000000;-38,530216000000000
304064;23;1;2017;13:20;24988;RUA FRE MANSUETO;RUA TAVARES COUTINHO;;0;;Colis?úo Lateral;Luz do Dia;;;Cruz;Sem?íforo;Residencial;0;1;1;1;0;0;0;0;0;1;0;0;-3,732638000000000;-38,488784000000000
304065;23;1;2017;09:40;0;RUA FLORIANO PEIXOTO;;;577;;Colis?úo Traseira;Luz do Dia;;;Meio de Quadra;;;0;0;2;1;0;0;0;0;0;0;0;0;-3,727365000000000;-38,527172000000000
307183;23;1;2017;07:30;0;AV IMPERADOR;;;1295;;Colis?úo Lateral;Luz do Dia;Nublado;Molhada;Meio de Quadra;N?úo H?í Controle;Comercial;0;0;2;1;1;0;0;0;0;0;0;0;-3,732476500000000;-38,535954000000000
307184;23;1;2017;08:41;0;RUA OLIVEIRA FILHO;;;1186;;Colis?úo Lateral;Luz do Dia;Bom;Molhada;Meio de Quadra;N?úo H?í Controle;Residencial;0;1;1;1;1;0;0;0;0;0;0;0;-3,728644000000000;-38,463123000000000
307185;23;1;2017;08:42;12843;RUA JAIME BENEVOLO;RUA MES ROSA;;0;;Colis?úo Transversal;Luz do Dia;Bom;Seca;Cruz;Pare;Comercial;0;0;2;0;0;0;0;0;0;1;0;0;-3,741963900000000;-38,528595000000000
307186;23;1;2017;09:11;22140;RUA CEL NUNES DE MELO;RUA TAVARES IRACEMA;;0;;Colis?úo Transversal;Luz do Dia;Bom;Seca;Cruz;Pare;Residencial;0;0;1;1;0;0;0;0;0;0;0;0;-3,750656100000000;-38,554596000000000
307187;23;1;2017;13:01;23433;RUA MON SALAZAR;RUA PRO CARVALHO;;0;;Colis?úo Lateral;Luz do Dia;Bom;Seca;Cruz;Pare;Comercial;0;0;1;0;0;0;0;0;0;0;0;0;-3,756240400000000;-38,514320000000000
307188;23;1;2017;14:49;10681;RUA FIRMINO ROCHA AGUIAR;AV MIGUEL DIAS;;0;;Colis?úo Lateral;Luz do Dia;Bom;Seca;Rotat??ria;D?¬ Prefer?¬ncia;Escola;0;0;2;1;0;0;0;0;0;0;0;0;-3,763386000000000;-38,487595000000000
307213;23;1;2017;16:12;0;RUA CEL MATOS DOURADO;;;165;;Colis?úo Lateral;Luz do Dia;Bom;Seca;Meio de Quadra;N?úo H?í Controle;Comercial;0;0;2;0;0;0;0;0;0;1;0;0;-3,740182200000000;-38,585130000000000
307226;23;1;2017;14:26;23451;RUA SABINO MONTE;RUA PAULO FIRMEZA;;0;;Colis?úo Lateral;Luz do Dia;Bom;Seca;Cruz;Pare;Residencial;0;0;2;1;0;0;0;0;0;0;0;0;-3,757194000000000;-38,511833000000000
307190;23;1;2017;18:10;0;AV DEP PAULINO ROCHA;;;46;;Colis?úo Lateral;Via Iluminada;Bom;Seca;Meio de Quadra;N?úo H?í Controle;Residencial;0;1;1;0;1;0;0;0;0;1;0;0;-3,800757000000000;-38,507324000000000
307191;23;1;2017;18:00;12618;RUA COS LAFAYETE;RUA RIO ARAGUAIA;;0;;Colis?úo Lateral;Anoitecer;Bom;Seca;Cruz;Pare;Comercial;0;1;1;1;0;0;0;0;0;1;0;0;-3,718300600000000;-38,581410000000000
307192;23;1;2017;19:16;0;RUA RAUL CABRAL;;;774;;Atropelamento;Via Iluminada;Bom;Seca;Meio de Quadra;Sem?íforo;Residencial;0;1;1;0;0;0;0;0;0;1;0;0;-3,768068800000000;-38,545895000000000
307193;23;1;2017;17:30;17430;RUA EDITE BRAGA;RUA PRO TEODORICO;;0;;Colis?úo Transversal;Via Iluminada;Bom;Seca;Cruz;Pare;Comercial;0;0;1;1;0;0;0;0;0;1;0;0;-3,768605700000000;-38,553844000000000
307194;23;1;2017;19:41;0;RUA COS LAFAYETE;;;397;;Colis?úo Transversal;Via Iluminada;Bom;Seca;Meio de Quadra;N?úo H?í Controle;Residencial;0;0;2;1;0;0;0;0;0;0;0;0;-3,718090800000000;-38,581400000000000
307195;23;1;2017;17:45;0;AV BORGES DE MELO;;;280;;Colis?úo Traseira;Via Iluminada;Bom;Seca;Meio de Quadra;Sem?íforo;Residencial;0;1;1;0;0;0;0;0;0;1;0;0;-3,761257000000000;-38,521090000000000
307196;23;1;2017;20:30;0;RUA STA LUZIA;;;533;;Colis?úo Transversal;Via Iluminada;Bom;Seca;Meio de Quadra;Pare;Comercial;0;0;3;0;0;0;0;0;0;1;0;0;-3,760039600000000;-38,539740000000000
307197;23;1;2017;20:30;0;RUA GONCALO DE LAGOS;;;101;;Colis?úo Lateral;Via Iluminada;Bom;Seca;Meio de Quadra;Pare;Residencial;0;0;2;1;0;0;0;0;0;1;0;0;-3,724211200000000;-38,561940000000000
304019;23;1;2017;07:35;0;RUA 24 DE OUTUBRO;;;249;;Colis?úo Lateral;Luz do Dia;;;Meio de Quadra;;;0;1;1;1;0;0;0;0;0;1;0;0;-3,751246000000000;-38,602514000000000
304016;23;1;2017;23:58;5235;RUA PRC ISABEL;RUA PEDRO PEREIRA;;0;;Colis?úo Lateral;;;;Cruz;Pare;Comercial;0;1;1;1;0;0;1;0;0;0;0;0;-3,727353000000000;-38,535705000000000
304017;23;1;2017;15:40;0;AV JOAO PESSOA;;;3641;;Engavetamento;Luz do Dia;;;Meio de Quadra;;;0;0;3;1;0;0;0;0;0;0;0;0;-3,746354000000000;-38,543995000000000
304023;23;1;2017;15:00;0;AV JOSE JATAHY;;;637;;Colis?úo Lateral;Luz do Dia;;;Meio de Quadra;;;0;0;2;1;0;0;0;0;0;0;0;0;;
304014;23;1;2017;09:10;7837;RUA OSVALDO CRUZ (ALDEOTA);RUA TOMAS ACIOLI;;0;;Colis?úo Traseira;Luz do Dia;;;Cruz;Pare;Residencial;0;1;2;1;0;0;0;0;0;1;0;0;-3,746886000000000;-38,503970000000000
304012;23;1;2017;16:10;26225;RUA FRE ODILON;RUA LICURGO MONTENEGRO;;0;;Colis?úo Lateral;Luz do Dia;;;T;Pare;Residencial;0;0;2;1;0;0;0;0;0;1;0;0;-3,735009000000000;-38,572366000000000
304010;23;1;2017;16:20;577;AV DR THEBERGE;AV FRANCISCO SA;;0;;Colis?úo Lateral;Luz do Dia;;;Cruz;Sem?íforo;Comercial;0;0;2;1;0;0;1;0;0;0;0;0;-3,714822000000000;-38,565016000000000
304007;23;1;2017;18:15;0;AV GOV RAUL BARBOSA;;;5380;;Colis?úo Transversal;Anoitecer;;;Meio de Quadra;;;0;1;1;1;0;1;0;0;0;0;0;0;-3,766647000000000;-38,509023000000000
304008;23;1;2017;10:45;0;AV ABOLICAO;;;2021;;Engavetamento;Luz do Dia;;;Meio de Quadra;;;0;0;4;1;0;0;0;0;0;0;0;0;;
307198;24;1;2017;06:30;0;RUA PRO OTAVIO LOBO;;;0;;Colis?úo Lateral;Luz do Dia;Bom;Seca;Meio de Quadra;N?úo H?í Controle;Comercial;0;0;2;1;1;0;0;0;0;0;0;0;-3,740265800000000;-38,476070000000000
307199;24;1;2017;07:30;0;RUA CAROLINA SUCUPIRA;;;1086;;Colis?úo Traseira;Luz do Dia;Bom;Seca;Meio de Quadra;N?úo H?í Controle;Comercial;0;0;1;1;0;0;0;0;0;0;0;0;-3,742965500000000;-38,494360000000000
307200;24;1;2017;07:30;0;RUA AQUILES BORIS;;;42;;Engavetamento;Luz do Dia;Bom;Seca;Meio de Quadra;N?úo H?í Controle;Residencial;0;0;3;1;0;0;0;0;0;0;0;0;-3,768676300000000;-38,547737000000000
307201;24;1;2017;08:19;0;AV ALBERTO CRAVEIRO;;;1750;;Colis?úo Traseira;Luz do Dia;Bom;Seca;Meio de Quadra;N?úo H?í Controle;Residencial;0;1;1;1;0;0;0;0;0;0;0;0;-3,794874400000000;-38,518116000000000
307202;24;1;2017;08:00;0;RUA PEDRO PEREIRA;;;722;;Colis?úo Lateral;Luz do Dia;Nublado;Seca;Meio de Quadra;N?úo H?í Controle;Comercial;0;0;2;1;0;0;0;0;0;0;0;0;-3,728457700000000;-38,532190000000000
307203;24;1;2017;08:34;7837;RUA OSVALDO CRUZ (ALDEOTA);RUA TOMAS ACIOLI;;0;;Colis?úo Transversal;Luz do Dia;Bom;Seca;Cruz;Pare;Residencial;0;0;2;1;0;0;0;0;0;0;0;0;-3,725685400000000;-38,500660000000000
307204;24;1;2017;07:50;23466;RUA PAULO FIRMEZA;RUA CAP GUSTAVO;;0;;Colis?úo Lateral;Luz do Dia;Bom;Seca;Duplo T;Pare;Residencial;0;1;1;1;0;0;0;0;0;0;0;0;-3,757378800000000;-38,516113000000000
307205;24;1;2017;08:50;9136;RUA BONFIM SOBRINHO;RUA MON OTAVIO CASTRO;;0;;Colis?úo Lateral;Luz do Dia;Bom;Seca;Y;Pare;Comercial;0;0;2;1;1;0;0;0;0;0;0;0;-3,751522800000000;-38,526270000000000
307206;24;1;2017;09:35;3856;AV DA UNIVERSIDADE;RUA PDE FRANCISCO PINTO;;0;;Colis?úo Transversal;Luz do Dia;Bom;Seca;Cruz;Sem?íforo;Residencial;0;0;2;1;1;0;0;0;0;0;0;0;-3,742841700000000;-38,540700000000000
307207;24;1;2017;10:25;19833;AV ENG HUMBERTO MONTE;AV JOVITA FEITOSA;;0;;Colis?úo Traseira;Luz do Dia;Bom;Seca;Cruz;Sem?íforo;Comercial;0;0;2;1;0;0;0;0;0;0;0;0;-3,742282200000000;-38,565983000000000
307208;24;1;2017;11:04;0;AV AUGUSTO DOS ANJOS;;;1715;;Colis?úo Lateral;Luz do Dia;Nublado;Seca;Meio de Quadra;N?úo H?í Controle;Comercial;0;1;1;1;0;0;0;0;0;1;0;0;-3,781162000000000;-38,579884000000000
307214;24;1;2017;15:51;19695;RUA AZEVEDO BOLAO;RUA CRUZ SALDANHA;;0;;Colis?úo Transversal;Luz do Dia;Bom;Seca;Cruz;Pare;Residencial;0;0;2;1;0;0;0;0;0;0;0;0;-3,735888700000000;-38,553880000000000
307215;24;1;2017;16:45;25101;AV GAL OSORIO DE PAIVA;RUA ARARIPE PRATA;;0;;Colis?úo Transversal;Luz do Dia;Bom;Seca;Cruz;Pare;Comercial;0;0;2;1;0;0;0;0;0;0;0;0;-3,771863000000000;-38,571888000000000
307216;24;1;2017;16:14;20042;AV ALBERTO CRAVEIRO;AV DEP PAULINO ROCHA;;0;;Colis?úo Lateral;Luz do Dia;Bom;Seca;Rotat??ria;N?úo H?í Controle;Comercial;0;1;1;0;1;0;0;0;0;1;0;0;-3,807046000000000;-38,524273000000000
307210;24;1;2017;13:25;0;RUA BENI DE CARVALHO;;;566;;Colis?úo Traseira;Luz do Dia;Bom;Seca;Meio de Quadra;Sem?íforo;Comercial;0;0;1;1;0;0;0;0;0;0;0;0;-3,745709200000000;-38,495570000000000
307211;24;1;2017;15:35;5415;RUA GAL CLARINDO DE QUEIROZ;RUA FLORIANO PEIXOTO;;0;;Colis?úo Transversal;Luz do Dia;Bom;Seca;Cruz;Pare;Comercial;0;0;2;0;0;0;0;0;0;0;0;0;-3,733012200000000;-38,529250000000000
307212;24;1;2017;15:21;2769;RUA OSCAR FRANCA;RUA RAIMUNDO PINHEIRO;;0;;Colis?úo Transversal;Luz do Dia;Bom;Seca;Cruz;Pare;Residencial;0;0;1;1;0;0;0;0;0;1;0;0;-3,792438700000000;-38,598087000000000
307218;24;1;2017;14:16;0;AV GODOFREDO MACIEL;;;0;;Colis?úo Traseira;Luz do Dia;Bom;Seca;Meio de Quadra;Sem?íforo;Comercial;0;0;2;1;0;0;0;0;0;0;0;0;-3,779464000000000;-38,564696000000000
307219;24;1;2017;19:50;21883;RUA DEP MATOSO FILHO;RUA EMILIA GONCALVES;;1244;;Colis?úo Lateral;Via Iluminada;Bom;Seca;Cruz;Pare;Residencial;0;0;2;1;0;0;0;0;0;0;0;0;-3,733362200000000;-38,592660000000000
307220;24;1;2017;20:20;0;AV GAL OSORIO DE PAIVA;;;0;;Colis?úo Traseira;Via Iluminada;Bom;Seca;Meio de Quadra;N?úo H?í Controle;Comercial;0;0;2;0;1;0;0;0;0;1;0;0;-3,810536900000000;-38,607520000000000
307221;24;1;2017;18:30;0;RUA VIRIATO RIBEIRO;;;0;;Colis?úo Frontal;Via Iluminada;Bom;Seca;Meio de Quadra;N?úo H?í Controle;Comercial;0;1;1;1;0;0;0;0;0;0;0;0;-3,755278000000000;-38,556240000000000
307222;24;1;2017;17:20;0;AV GAL OSORIO DE PAIVA;;;6654;;Engavetamento;Luz do Dia;Bom;Seca;Meio de Quadra;N?úo H?í Controle;Comercial;0;0;3;1;0;0;0;0;0;0;0;0;-3,773985400000000;-38,561867000000000
307291;24;1;2017;09:00;20211;RUA CRISANTO ARRUDA;RUA PRO MOREIRA DE SOUSA (PASSARE);;0;;Colis?úo Transversal;Luz do Dia;Nublado;Seca;Cruz;Gesto;Residencial;0;1;1;1;0;0;0;0;0;1;0;0;-3,801237600000000;-38,498302000000000
304091;24;1;2017;15:50;0;RUA CARLOS AMORA;;;136;;Colis?úo Lateral;Luz do Dia;Bom;Seca;Meio de Quadra;N?úo H?í Controle;Comercial;0;2;0;0;0;0;0;0;0;1;0;0;-3,775085000000000;-38,563730000000000
304095;24;1;2017;11:40;7576;AV DR SILAS MUNGUBA;RUA XII UI 611;;0;;Colis?úo Lateral;Luz do Dia;Bom;Seca;T;Pare;Comercial;0;1;1;1;0;0;0;0;0;1;0;0;-3,794723000000000;-38,533448000000000
304086;24;1;2017;16:00;0;AV SGT HERMINIO SAMPAIO;;;683;;Colis?úo Traseira;Luz do Dia;Bom;Seca;Meio de Quadra;Sem?íforo;Residencial;0;0;2;0;0;0;0;0;0;1;0;0;-3,724645000000000;-38,546313000000000
304098;24;1;2017;11:00;0;RUA COSTA BARROS;;;50;;Colis?úo Traseira;Luz do Dia;Bom;Seca;Meio de Quadra;;Comercial;0;0;2;1;0;0;0;0;0;0;0;0;-3,726676000000000;-38,522919000000000
304109;24;1;2017;19:40;1429;RUA NUNES VALENTE;RUA AFONSO CELSO;;0;;Colis?úo Transversal;Luz do Dia;Bom;Seca;Cruz;Pare;Residencial;0;0;2;1;0;0;0;0;0;1;0;0;-3,737785000000000;-38,504234000000000
304105;24;1;2017;11:20;15168;RUA ANTONIO AUGUSTO;RUA PDE CLIMERIO;;0;;Colis?úo Lateral;Luz do Dia;Bom;Seca;Cruz;N?úo H?í Controle;Outros;0;0;2;1;0;0;0;0;0;1;0;0;-3,725368000000000;-38,511892000000000
304080;24;1;2017;19:10;0;AV DA INDEPENDENCIA;;;2529;;Atropelamento;Via Iluminada;Bom;Seca;Meio de Quadra;N?úo H?í Controle;Residencial;0;2;0;0;0;0;0;0;0;1;0;0;-3,723455000000000;-38,602714000000000
304129;24;1;2017;10:07;12457;RUA PRO GOMES BRASIL;AV AUGUSTO DOS ANJOS;;0;;Colis?úo Lateral;Luz do Dia;Bom;Seca;;Sem?íforo;Comercial;0;1;1;1;0;0;0;0;0;1;0;0;-3,770153000000000;-38,570427000000000