COD_ACIDENTE;DIA;MES;ANO;HORA;INTERSECAO;LOG1;LOG2;LOG3;NUMERO;REFERENCIA;NATUREZA;ILUMINACAO;TEMPO;SUPERFICIEPISTA;TIPOCRUZAMENTO;CONTROLETRAFEGO;USOSOLO;MORTOS;FERIDOS;ILESOS;AUTOMOVEL;ONIBUS;BICICLETA;CAMINHAO;MICROONIBUS;CICLOMOTOR;MOTOCICLETA;TRACAOANIMAL;TREM;LATITUDE;LONGITUDE
304122;24;1;2017;10:00;5450;RUA ANTONIO POMPEU;RUA MAJ FACUNDO;;0;;Colis?úo Lateral;Luz do Dia;Bom;Seca;Cruz;Pare;Comercial;0;1;1;1;0;0;0;0;0;1;0;0;-3,734923000000000;-38,530216000000000
304113;24;1;2017;12:55;1351;RUA TIBURCIO CAVALCANTE;RUA DES LEITE ALBUQUERQUE;;0;;Colis?úo Frontal;Luz do Dia;Bom;Seca;Cruz;Pare;Comercial;0;0;2;1;0;0;0;0;0;0;0;0;-3,735956000000000;-38,502587000000000
304115;24;1;2017;23:30;14511;RUA INES BRASIL;RUA ADELIA FEIJO;;0;;Colis?úo Transversal;Via Iluminada;Bom;Seca;Cruz;Pare;Residencial;0;1;1;1;0;0;0;0;0;0;0;0;-3,803544000000000;-38,518970000000000
318198;24;1;2017;07:07;0;RUA MENEZES DE OLIVEIRA;;;136;;Colis?úo;Luz do Dia;;;Meio de Quadra;;;0;1;1;1;0;0;0;0;0;1;0;0;-3,711199022000000;-38,589561927000000
318199;24;1;2017;07:37;0;AV SGT HERMINIO SAMPAIO;;;3870;;Colis?úo;Luz do Dia;;;Meio de Quadra;;;0;2;1;1;0;0;0;0;0;1;0;0;-3,729797000000000;-38,574854000000000
318201;24;1;2017;07:54;20211;RUA CRISANTO ARRUDA;RUA PRO MOREIRA DE SOUSA (PASSARE);;0;;Colis?úo;Luz do Dia;;;Cruz;Gesto;Residencial;0;1;1;1;0;0;0;0;0;1;0;0;-3,813769000000000;-38,523542000000000
318202;24;1;2017;08:48;0;AV DES GONZAGA;;;1261;;Colis?úo;Luz do Dia;;;Meio de Quadra;;;0;1;1;1;0;1;0;0;0;0;0;0;-3,798233000000000;-38,499456000000000
318217;24;1;2017;13:39;0;RUA CARNAUBAS;;;150;;Queda;Luz do Dia;;;Meio de Quadra;;;0;1;0;0;0;0;0;0;0;1;0;0;-3,804314200000000;-38,534230100000000
318205;24;1;2017;08:48;0;AV DES GONZAGA;;;532;;Colis?úo;Luz do Dia;;;Meio de Quadra;;;0;1;1;1;0;0;0;0;0;1;0;0;-3,791415000000000;-38,502560000000000
318212;24;1;2017;10:58;0;RUA MISERICORDIA;;;76;;Atropelamento;Luz do Dia;;;Meio de Quadra;;;0;1;1;0;0;0;0;0;0;1;0;0;-3,723151900000000;-38,585467900000000
318213;24;1;2017;11:16;0;RUA PERNAMBUCO;;;521;;Colis?úo;Luz do Dia;;;Meio de Quadra;;;0;1;1;1;0;0;0;0;0;1;0;0;-3,758812400000000;-38,570268700000000
318214;24;1;2017;11:58;0;RUA MONTE PASCOAL;;;0;;Colis?úo;Luz do Dia;;;Meio de Quadra;;;0;1;1;1;0;0;0;0;0;1;0;0;;
318207;24;1;2017;09:26;5450;RUA ANTONIO POMPEU;RUA MAJ FACUNDO;;0;;Colis?úo;Luz do Dia;;;Cruz;Pare;Comercial;0;1;1;1;0;0;0;0;0;1;0;0;-3,734923000000000;-38,530216000000000
318208;24;1;2017;09:49;0;ET DO JATOBA;;;2299;;Colis?úo;Luz do Dia;;;Meio de Quadra;;;0;1;1;1;0;0;0;0;0;1;0;0;-3,792591000000000;-38,626304000000000
318209;24;1;2017;10:14;0;AV SANTOS DUMONT;;;2626;;Colis?úo;Luz do Dia;;;Meio de Quadra;;;0;1;1;1;0;0;0;0;0;1;0;0;-3,735269000000000;-38,501363000000000
318210;24;1;2017;10:34;9900;RUA SGT JOAO PINHEIRO;RUA MANUEL GALDINO;;0;;Colis?úo;Luz do Dia;;;;;;0;1;1;1;0;0;0;0;0;1;0;0;-3,790067000000000;-38,624801000000000
318232;24;1;2017;15:20;0;AV SGT HERMINIO SAMPAIO;;;691;;Colis?úo;Luz do Dia;;;Meio de Quadra;;;0;1;1;1;0;0;0;0;0;1;0;0;-3,724645000000000;-38,546313000000000
318228;24;1;2017;14:54;0;RUA BIAS MENDES;;;2061;;Colis?úo;Luz do Dia;;;Meio de Quadra;;;0;1;1;0;0;0;0;0;0;1;0;0;-3,775338000000000;-38,597579000000000
318219;24;1;2017;14:37;0;AV WASHINGTON SOARES;;;0;;Colis?úo;Luz do Dia;;;Meio de Quadra;;;0;1;1;1;0;0;0;0;0;1;0;0;;
318220;24;1;2017;14:39;2769;RUA OSCAR FRANCA;RUA RAIMUNDO PINHEIRO;;0;;Colis?úo;Luz do Dia;;;Cruz;Pare;Residencial;0;1;1;1;0;0;0;0;0;1;0;0;-3,792414000000000;-38,598091000000000
318223;24;1;2017;14:54;10031;RUA BIAS MENDES;RUA TAUBATE;;0;;Colis?úo;Luz do Dia;;;Cruz;N?úo H?í Controle;Residencial;0;1;1;0;0;0;0;0;0;1;0;0;;
318260;24;1;2017;17:40;0;RUA MARIA JULIA;;;0;;Colis?úo;Anoitecer;;;Meio de Quadra;;;0;0;2;1;0;0;0;0;0;1;0;0;;
318257;24;1;2017;17:34;0;RD BR 116;;;3000;KM-03;Colis?úo;Anoitecer;;;Meio de Quadra;;;0;1;1;1;0;0;0;0;0;1;0;0;-3,779838000000000;-38,514372000000000
318254;24;1;2017;16:15;0;RD BR 116;;;14000;KM-14;Colis?úo Lateral;Luz do Dia;;Seca;Meio de Quadra;;;0;1;1;0;0;0;0;0;0;1;0;0;-3,873523000000000;-38,499242000000000
318262;24;1;2017;18:36;15150;AV BEIRA MAR;RUA JOSE VILAR;;0;;Colis?úo;Anoitecer;;;T;Pare;Comercial;0;0;1;0;0;1;0;0;0;0;0;0;-3,724593000000000;-38,501112000000000
318265;24;1;2017;19:08;0;RUA BETEL;;;0;;Colis?úo;;;;Meio de Quadra;;;0;0;1;0;0;0;0;0;0;0;0;0;;
318269;24;1;2017;20:51;0;RUA JORGE FIGUEIREDO (ANCURI);;;1008;;Queda;;;;Meio de Quadra;;;0;1;0;0;0;0;0;0;0;1;0;0;;
318270;24;1;2017;21:11;0;AV DOM LUIS;;;0;;Colis?úo;;;;Meio de Quadra;;;0;1;1;1;0;0;0;0;0;1;0;0;;
318271;24;1;2017;21:17;0;AV SEN FERNANDES TAVORA;;;2433;;Atropelamento;;;;Meio de Quadra;;;0;1;1;0;0;0;0;0;0;1;0;0;-3,755837000000000;-38,594468000000000
318272;24;1;2017;21:35;0;RUA JORGE FIGUEIREDO (ANCURI);;;2150;;Queda;;;;Meio de Quadra;;;0;1;0;0;0;0;0;0;0;1;0;0;;
318275;24;1;2017;22:48;5107;RUA SEN ALMINO;AV MON TABOSA;;0;;Colis?úo;;;;Cruz;N?úo H?í Controle;Comercial;0;1;0;0;0;0;0;0;0;0;0;0;-3,723661000000000;-38,518035000000000
318267;24;1;2017;19:28;12314;RUA LUCIANO ALVES;RUA RECANTO DAS FLORES;;0;;Colis?úo;;;;;;;0;1;0;0;0;0;0;0;0;0;0;0;-3,846564000000000;-38,509900000000000
325443;24;1;2017;19:20;0;RD BR 116;;;300;KM-07;Colis?úo Transversal;Via Iluminada;;Seca;Meio de Quadra;;;0;1;0;0;0;0;0;0;0;1;0;0;-3,795995900000000;-38,507208800000000
316546;24;1;2017;14:20;0;AV SEN CARLOS JEREISSATI (AEROPORTO);;;0;KM 01;Outros;Luz do Dia;Bom;Seca;Meio de Quadra;;;0;0;2;1;0;0;0;0;0;0;0;0;-3,783753000000000;-38,526850000000000
316548;24;1;2017;13:15;0;RD CE-040;;;0;KM-03;Colis?úo;Luz do Dia;Bom;Seca;Meio de Quadra;;;0;0;4;1;0;0;0;0;0;0;0;0;-3,782614325000000;-38,481083900000000
316552;24;1;2017;19:40;0;RD CE-040;;;0;KM-06;Colis?úo;;Bom;Seca;Meio de Quadra;;;0;1;1;1;0;1;0;0;0;0;0;0;-3,809596804000000;-38,478733480000000
317010;25;1;2017;21:33;0;RUA MIGUEL GURGEL;;;0;;Queda;;;;Meio de Quadra;;;0;1;0;0;0;0;0;0;0;1;0;0;;
317008;25;1;2017;19:33;0;AV PRS COSTA E SILVA;;;0;;Colis?úo;;;;Meio de Quadra;;;0;2;0;1;0;0;0;0;1;0;0;0;;
317019;25;1;2017;23:10;25013;RUA TEODOMIRO DE CASTRO;RUA ADOLFO B DE MENEZES;;0;;Colis?úo;;;;Cruz;Pare;Residencial;0;1;0;0;0;0;0;0;0;1;0;0;-3,716619000000000;-38,577425000000000
317021;25;1;2017;23:21;0;AV OLIVEIRA PAIVA;;;0;;Colis?úo;;;;;;;0;0;1;0;0;0;0;0;0;0;0;0;;
316984;25;1;2017;16:27;0;AV CARAPINIMA;;;220;SHOPPING BENFICA;Atropelamento;Luz do Dia;;;Meio de Quadra;;;0;1;0;1;0;0;0;0;0;0;0;0;-3,739456000000000;-38,539736000000000
316986;25;1;2017;16:37;0;RUA PEREIRA;;;615;;Colis?úo;Luz do Dia;;;Meio de Quadra;;;0;1;0;1;0;0;0;0;1;0;0;0;-3,729047500000000;-38,530871500000000
316987;25;1;2017;16:41;0;RUA QUINZE (CANINDEZINHO);;;0;;Atropelamento;Luz do Dia;;;Meio de Quadra;;;0;1;0;0;0;0;0;0;0;0;0;0;;
316991;25;1;2017;17:25;0;RUA ISABEL SALES;;;0;;Colis?úo;Anoitecer;;;Meio de Quadra;;;0;1;0;0;0;0;0;0;0;1;0;0;;
316992;25;1;2017;17:37;0;AV DA UNIVERSIDADE;;;2491;;Colis?úo;Anoitecer;;;Meio de Quadra;;;0;1;0;0;0;0;0;0;0;1;0;0;-3,738882000000000;-38,537222000000000
316993;25;1;2017;17:39;0;AV GAL OSORIO DE PAIVA;;;3109;;Colis?úo;Anoitecer;;;Meio de Quadra;;;0;1;0;0;0;0;0;0;0;1;0;0;-3,789675000000000;-38,587441000000000
316994;25;1;2017;17:44;0;RUA BERNARDO MANUEL;;;13285;;Choque c/ Obst?ículo Fixo;Anoitecer;;;Meio de Quadra;;;0;1;0;0;0;0;0;0;0;0;0;0;-3,834047000000000;-38,562082000000000
316995;25;1;2017;18:41;0;AV ALM TAMANDARE;;;1328;;Atropelamento;;;;Meio de Quadra;;;0;1;0;0;0;0;0;0;0;1;0;0;-3,720477900000000;-38,519815100000000
316967;25;1;2017;19:30;0;AV MIN JOSE AMERICO;;;0;;Colis?úo;;Bom;Seca;Meio de Quadra;;;0;0;2;1;0;0;0;0;0;1;0;0;;
316968;25;1;2017;12:00;0;AV SEN CARLOS JEREISSATI (AEROPORTO);;;0;KM 01;Colis?úo;Luz do Dia;Bom;Seca;Meio de Quadra;;;0;0;2;1;0;0;0;0;0;0;0;0;-3,783753000000000;-38,526850000000000
316969;25;1;2017;13:36;5382;RUA J DA PENHA;RUA PINTO MADEIRA;;0;;Colis?úo;Luz do Dia;;;Cruz;Pare;Comercial;0;1;0;0;0;0;0;0;0;0;0;0;-3,731966000000000;-38,518623000000000
316970;25;1;2017;08:00;0;RD CE-025;;;0;KM-01;Colis?úo;Luz do Dia;Bom;Seca;Meio de Quadra;;;0;0;2;1;0;0;0;0;0;0;0;0;-3,807811443000000;-38,470048600000000
316974;25;1;2017;14:13;0;AV PRS CASTELO BRANCO;;;4385;;Atropelamento;Luz do Dia;;;Meio de Quadra;;;0;1;1;0;0;0;0;0;0;1;0;0;-3,707078000000000;-38,572050000000000
316955;25;1;2017;10:57;0;AV ENG SANTANA JUNIOR;;;0;;Outros;Luz do Dia;;;Meio de Quadra;;;0;3;0;0;0;0;0;0;0;0;0;0;;
316979;25;1;2017;15:52;0;AV CESAR CALS;;;439;;Atropelamento;Luz do Dia;;;Meio de Quadra;;;0;1;0;0;0;0;0;0;0;1;0;0;-3,721724000000000;-38,464072000000000
316962;25;1;2017;13:11;0;AV LUCIANO CARNEIRO;;;635;;Atropelamento;Luz do Dia;;;Meio de Quadra;;;0;1;0;0;0;0;0;0;0;1;0;0;-3,754604000000000;-38,533531000000000
316958;25;1;2017;11:09;0;TR VICENTE LEITE;;;0;;Colis?úo;Luz do Dia;;;;;;0;1;0;1;0;0;0;0;1;0;0;0;;
316953;25;1;2017;10:37;0;RUA BERNARDO MANUEL;;;996;;Colis?úo;Luz do Dia;;;Meio de Quadra;Pare;Residencial;0;1;0;1;0;0;0;0;0;1;0;0;-3,780081458000000;-38,545765522000000
316890;25;1;2017;00:11;0;RUA PRO HERIBALDO COSTA;;;1057;;Colis?úo;;;;Meio de Quadra;;;0;1;0;0;0;0;0;0;0;0;0;0;-3,761957100000000;-38,584790700000000
316894;25;1;2017;06:16;0;RUA TREMEMBES;;;1714;;Queda;Luz do Dia;;;Meio de Quadra;;;0;1;0;0;0;0;0;0;0;1;0;0;;
316892;25;1;2017;06:14;19501;AV DR SILAS MUNGUBA;RUA PDE CARLOS QUIXADA;;0;;Colis?úo;Luz do Dia;;;T;Pare;Residencial;0;1;1;1;0;0;0;0;0;1;0;0;-3,781111000000000;-38,557763000000000
316906;25;1;2017;07:06;0;AV GAL OSORIO DE PAIVA;;;0;;Colis?úo;Luz do Dia;;;;;;0;1;0;1;0;0;0;0;0;1;0;0;;
316904;25;1;2017;07:06;714;RUA OMAR PAIVA;RUA JUA;;0;;Colis?úo;Luz do Dia;;;;;;0;1;0;1;0;0;0;0;0;1;0;0;-3,718819000000000;-38,565134000000000
325445;25;1;2017;09:30;0;RD BR 116;;;700;KM-01;Colis?úo Traseira;Luz do Dia;;Seca;Meio de Quadra;;;0;0;1;1;0;0;0;0;0;0;0;0;-3,791713000000000;-38,509100000000000
325446;25;1;2017;16:55;0;RD BR 116;;;500;KM-06;Engavetamento;Luz do Dia;;Seca;Meio de Quadra;;;0;1;5;1;0;0;0;0;0;1;0;0;-3,796035900000000;-38,507192300000000
294648;25;1;2017;11:14;0;AV JOSE BASTOS;;;5194;;Atropelamento;Luz do Dia;;;Meio de Quadra;;;1;0;1;0;0;0;0;0;0;0;0;0;-3,757901000000000;-38,562454000000000
294753;25;1;2017;15:00;0;AV SGT HERMINIO SAMPAIO;;;0;;Atropelamento;Luz do Dia;;;Meio de Quadra;;;1;0;1;1;0;0;0;0;0;0;0;0;-3,728734300000000;-38,572204000000000
304141;25;1;2017;15:30;7844;AV PONTES VIEIRA;RUA SILVA PAULET;;0;;Colis?úo Lateral;Luz do Dia;Bom;Seca;Cruz;Pare;Comercial;0;2;1;1;0;0;0;0;0;1;0;0;-3,752462000000000;-38,511225000000000
304125;25;1;2017;07:15;5323;RUA PEDRO PEREIRA;RUA ASSUNCAO;;0;;Colis?úo;Via Iluminada;Bom;Seca;Cruz;Pare;Comercial;0;1;1;1;0;0;0;0;0;1;0;0;-3,730116000000000;-38,527197000000000
304165;25;1;2017;10:10;0;AV DOM MANUEL;;;591;;Colis?úo Traseira;Luz do Dia;Bom;Seca;Meio de Quadra;Sem?íforo;Comercial;0;0;2;0;1;0;0;0;0;1;0;0;-3,729250000000000;-38,521396000000000
304147;25;1;2017;08:40;0;AV DES MOREIRA;;;790;PRA?çA PORTUGAL;Colis?úo Lateral;Luz do Dia;Bom;Seca;Meio de Quadra;Pare;Comercial;0;0;2;0;1;0;0;0;0;0;0;0;-3,733118000000000;-38,497371000000000
304148;25;1;2017;14:00;0;AV BEZERRA DE MENEZES;;;571;ASSAI;Colis?úo Lateral;Luz do Dia;Bom;Seca;Outros;Outros;Comercial;0;0;2;1;0;0;0;0;0;0;0;0;-3,730827000000000;-38,541180000000000
304156;25;1;2017;16:00;0;AV CEL CARVALHO;;;0;;Colis?úo Lateral;Luz do Dia;Bom;Seca;Meio de Quadra;Pare;Comercial;0;2;1;0;0;0;0;0;0;1;0;0;;
304168;25;1;2017;07:44;0;AV FRE CIRILO;;;3611;;Colis?úo Lateral;Luz do Dia;Bom;Seca;Meio de Quadra;Outros;Comercial;0;0;2;1;0;0;1;0;0;0;0;0;-3,815868000000000;-38,498045000000000
304178;25;1;2017;10:40;0;AV PRO GOMES DE MATOS;;;1381;;Colis?úo Traseira;Luz do Dia;Bom;Seca;Meio de Quadra;Outros;Comercial;0;0;2;0;0;0;0;0;0;0;0;0;-3,764172000000000;-38,548214000000000
304184;25;1;2017;06:15;15531;AV FRE CIRILO;RUA PAULO SETUBAL;;0;;Colis?úo Transversal;Luz do Dia;Bom;Seca;T;Pare;Comercial;0;0;2;0;0;0;0;0;0;1;0;0;-3,820502000000000;-38,496028000000000
304085;25;1;2017;14:40;0;RUA DES LEITE ALBUQUERQUE;;;503;;Colis?úo Traseira;Luz do Dia;Bom;Seca;Meio de Quadra;N?úo H?í Controle;Comercial;0;2;0;1;0;0;0;0;0;0;0;0;-3,736861000000000;-38,499777000000000
304089;25;1;2017;16:00;26001;AV DR SILAS MUNGUBA;RUA IX CJ OITO DE SETEMBRO;;0;;Colis?úo Traseira;Luz do Dia;Bom;Seca;Com Via F?®rrea;N?úo H?í Controle;Residencial;0;0;2;0;0;0;0;0;0;1;0;0;;
304083;25;1;2017;14:30;0;AV DES MOREIRA;;;790;PRA?çA PORTUGAL;Colis?úo Traseira;Luz do Dia;Bom;Seca;Meio de Quadra;N?úo H?í Controle;Comercial;0;2;0;1;0;0;0;0;0;1;0;0;-3,733118000000000;-38,497371000000000
304208;25;1;2017;20:04;9155;AV EDUARDO GIRAO;AV LUCIANO CARNEIRO;;0;;Colis?úo Traseira;Via Iluminada;Bom;Seca;Cruz;Sem?íforo;Residencial;0;0;2;1;0;0;0;0;0;0;0;0;-3,752275000000000;-38,532811000000000
304211;25;1;2017;00:20;17288;RUA ALBERTO MAGNO;RUA EDUARDO ANGELIM;;0;;Colis?úo Transversal;Via Iluminada;Bom;Seca;Cruz;Pare;Comercial;0;0;2;1;0;0;0;0;0;0;0;0;-3,763194000000000;-38,548491000000000
304224;25;1;2017;19:00;19252;AV JOAO PESSOA;RUA LIVINO DE CARVALHO;;0;;Colis?úo Transversal;Via Iluminada;Bom;Seca;T;Pare;Residencial;0;1;2;1;0;0;0;0;0;1;0;0;-3,770275000000000;-38,561062000000000
304227;25;1;2017;18:00;0;AV ALBERTO CRAVEIRO;;;0;;Colis?úo Lateral;Anoitecer;Bom;Seca;Meio de Quadra;Sem?íforo;Comercial;0;2;0;0;0;0;0;0;0;1;0;0;;
304190;25;1;2017;15:25;0;AV ALBERTO CRAVEIRO;;;0;;Colis?úo Lateral;Luz do Dia;Bom;Seca;Meio de Quadra;N?úo H?í Controle;Outros;0;0;2;1;0;0;1;0;0;0;0;0;;
304191;25;1;2017;08:00;0;AV AUGUSTO DOS ANJOS;;;1965;;Colis?úo Lateral;Luz do Dia;Bom;Seca;Meio de Quadra;Outros;Comercial;0;2;1;1;0;0;0;0;0;1;0;0;-3,782948000000000;-38,581575000000000
304196;25;1;2017;17:30;0;AV MOZART PINHEIRO DE LUCENA;;;686;;Colis?úo Traseira;Via Iluminada;Bom;Seca;Meio de Quadra;Outros;Residencial;0;0;2;1;0;0;0;0;0;1;0;0;-3,708857000000000;-38,592945000000000
304203;25;1;2017;20:20;0;RUA FLORENCIO ALENCAR;;;1224;;Colis?úo Traseira;Via Iluminada;Bom;Seca;Meio de Quadra;Outros;Residencial;0;0;2;1;0;0;0;0;0;0;0;0;-3,708869800000000;-38,592735700000000
304229;25;1;2017;14:30;15743;RUA HERBENE;RUA MANUEL ARRUDA;;0;;Colis?úo Transversal;Luz do Dia;Bom;Seca;Cruz;N?úo H?í Controle;Comercial;0;1;1;1;0;0;0;0;0;1;0;0;-3,828948000000000;-38,504019000000000
304232;25;1;2017;10:30;1503;RUA EDUARDO GARCIA;AV SEN VIRGILIO TAVORA;;0;;Choque c/ Obst?ículo Fixo;Luz do Dia;Bom;Seca;Cruz;Pare;Residencial;0;1;1;1;0;0;0;0;0;0;0;0;-3,739797000000000;-38,494102000000000
307223;25;1;2017;08:56;13935;RUA VER PEDRO PAULO MOREIRA;RUA GAL CAIADO DE CASTRO;;0;;Colis?úo Transversal;Luz do Dia;Bom;Seca;Outros;Pare;Escola;0;0;2;1;0;0;0;0;0;0;0;0;-3,786945600000000;-38,488827000000000
307224;25;1;2017;09:24;0;AV GOV RAUL BARBOSA;;;1100;;Colis?úo Traseira;Luz do Dia;Bom;Seca;Meio de Quadra;N?úo H?í Controle;Comercial;0;0;2;0;0;0;0;0;0;0;0;0;-3,761433100000000;-38,506250000000000
307225;25;1;2017;08:50;9183;RUA CARLOS RIBEIRO;AV FELINO BARROSO;;0;;Colis?úo Transversal;Luz do Dia;Bom;Seca;Cruz;Pare;Comercial;0;0;2;1;0;0;0;0;0;0;0;0;-3,746731300000000;-38,528145000000000
307264;25;1;2017;00:11;15326;AV BAR STUDART;RUA PEREIRA FILGUEIRAS;;0;;Colis?úo Lateral;Via Iluminada;Bom;Seca;Cruz;N?úo H?í Controle;Residencial;0;0;2;1;0;0;0;0;0;0;0;0;-3,730939100000000;-38,505383000000000
307227;25;1;2017;12:25;5269;AV DUQ CAXIAS;RUA PDE IBIAPINA;;0;;Colis?úo Traseira;Luz do Dia;Nublado;Seca;Cruz;Sem?íforo;Comercial;0;0;2;1;0;0;0;0;0;1;0;0;-3,728562400000000;-38,540283000000000
307228;25;1;2017;14:22;12865;RUA EUSEBIO DE SOUZA;RUA JOAQUIM MAGALHAES;;0;;Colis?úo Transversal;Luz do Dia;Bom;Seca;Cruz;Pare;Comercial;0;0;1;1;0;0;0;0;0;1;0;0;-3,740329300000000;-38,526375000000000
307229;25;1;2017;13:45;9154;AV 13 DE MAIO;RUA MARTINHO RODRIGUES;;0;;Colis?úo Traseira;Luz do Dia;Bom;Seca;T;Pare;Escola;0;0;1;1;0;0;0;0;1;0;0;0;-3,752968300000000;-38,525560000000000
307230;25;1;2017;16:05;0;AV DES MOREIRA;;;2509;;Colis?úo Transversal;Luz do Dia;Bom;Seca;Meio de Quadra;N?úo H?í Controle;Comercial;0;0;2;0;1;0;0;0;0;0;0;0;-3,747918100000000;-38,502197000000000
307231;25;1;2017;16:32;1429;RUA NUNES VALENTE;RUA AFONSO CELSO;;0;;Colis?úo Transversal;Luz do Dia;Bom;Seca;Cruz;Pare;Residencial;0;0;2;1;0;0;0;0;0;0;0;0;-3,737695000000000;-38,504270000000000
307232;25;1;2017;17:10;19540;RUA CASIMIRO DE ABREU;RUA JULIO GASPAR;;0;;Colis?úo Transversal;Via Iluminada;Bom;Seca;Cruz;Pare;Residencial;0;0;1;1;0;0;0;0;0;1;0;0;-3,782297600000000;-38,563072000000000
307233;25;1;2017;20:12;24355;RUA DOMINGOS JAGUARIBE;RUA MOREIRA GOMES;;0;;Colis?úo Lateral;Via Iluminada;Bom;Seca;T;Pare;Residencial;0;1;1;1;0;0;0;0;0;1;0;0;-3,765702500000000;-38,535484000000000
307234;25;1;2017;18:10;11724;RUA JULIO BRAGA;RUA 12 DE JULHO;;0;;Colis?úo Traseira;Via Iluminada;Bom;Seca;Cruz;Pare;Comercial;0;0;3;1;0;0;0;0;0;0;0;0;-3,773298300000000;-38,584330000000000
307235;25;1;2017;21:10;22880;RUA INACIO PARENTE;RUA ANTONIO BENTO;;0;;Colis?úo Frontal;Via Iluminada;Bom;Seca;Cruz;N?úo H?í Controle;Residencial;0;0;1;0;0;0;0;0;0;0;0;0;-3,780893300000000;-38,547203000000000
307236;25;1;2017;07:59;0;AV ABOLICAO;;;2727;;Colis?úo Lateral;Luz do Dia;Bom;Seca;Cruz;Sem?íforo;Comercial;0;0;2;1;1;0;0;0;0;0;0;0;-3,727184300000000;-38,496100000000000
307664;25;1;2017;15:20;0;RUA AMADEU FURTADO;;;320;;Colis?úo Lateral;Luz do Dia;Bom;Seca;Meio de Quadra;N?úo H?í Controle;Residencial;0;0;2;1;1;0;0;0;0;0;0;0;-3,738189500000000;-38,563427000000000
307237;26;1;2017;07:40;5302;RUA PEDRO I;AV TRISTAO GONCALVES;;0;;Colis?úo Lateral;Luz do Dia;Bom;Seca;Cruz;Sem?íforo;Comercial;0;1;1;0;1;0;0;0;0;1;0;0;-3,729524000000000;-38,534160000000000
307238;26;1;2017;07:22;15227;AV ABOLICAO;AV DES MOREIRA;;0;;Colis?úo Lateral;Luz do Dia;Bom;Seca;Y;Sem?íforo;Comercial;0;0;1;1;1;0;0;0;0;0;0;0;-3,727515700000000;-38,495506000000000
307239;26;1;2017;08:35;7766;AV ANTONIO SALES;RUA TIBURCIO CAVALCANTE;;0;;Colis?úo Traseira;Luz do Dia;Bom;Seca;Cruz;Sem?íforo;Comercial;0;0;3;1;0;0;0;0;0;0;0;0;-3,744682000000000;-38,505383000000000
307240;26;1;2017;09:45;7521;RUA JOAO FONSECA;RUA SAO PEDRO D40;;0;;Colis?úo Traseira;Luz do Dia;Bom;Seca;Cruz;Pare;Comercial;0;0;2;1;0;0;0;0;0;0;0;0;-3,784713000000000;-38,522705000000000
307241;26;1;2017;09:31;9081;AV AGUANAMBI;AV 13 DE MAIO;;0;;Colis?úo Transversal;Luz do Dia;Bom;Seca;T;Pare;Comercial;0;1;0;1;1;0;0;0;0;1;0;0;-3,753886500000000;-38,523643000000000
307242;26;1;2017;09:30;13473;RUA ANTONIO AUGUSTO;RUA PINHO PESSOA;;0;;Colis?úo Transversal;Luz do Dia;Bom;Seca;Cruz;Pare;Residencial;0;1;2;1;0;0;0;0;0;1;0;0;-3,744348800000000;-38,518135000000000
307243;26;1;2017;09:00;0;RUA TAQUATIARA;TERM DE MESSEJANA;;0;;Colis?úo Transversal;Luz do Dia;Bom;Seca;Meio de Quadra;N?úo H?í Controle;Comercial;0;0;2;0;1;0;0;0;0;0;0;0;-3,830587100000000;-38,501194000000000
307244;26;1;2017;10:00;13497;RUA BAR ARACATI;RUA CEL ALVES TEIXEIRA;;0;;Colis?úo Transversal;Luz do Dia;Bom;Seca;Cruz;Pare;Residencial;0;0;2;1;0;0;0;0;0;0;0;0;-3,745872700000000;-38,516240000000000
307245;26;1;2017;08:30;0;AV D CJ JOSE WALTER;;;531;;Colis?úo Traseira;Luz do Dia;Bom;Seca;Meio de Quadra;D?¬ Prefer?¬ncia;Residencial;0;1;1;0;1;0;0;0;0;1;0;0;-3,831071000000000;-38,557602000000000
307246;26;1;2017;13:16;266;AV JOVITA FEITOSA;RUA ERICO MOTA;;0;;Engavetamento;Luz do Dia;Bom;Seca;Cruz;Sem?íforo;Comercial;0;0;3;1;0;0;0;0;0;0;0;0;-3,735739500000000;-38,558407000000000
307247;26;1;2017;16:02;10963;RUA 15 DE NOVEMBRO;RUA ANTONIO FIUZA;;915;;Colis?úo Lateral;Luz do Dia;Bom;Seca;Cruz;Sem?íforo;Comercial;0;0;2;1;0;0;0;0;0;0;0;0;-3,770377200000000;-38,552080000000000
307248;26;1;2017;18:10;14967;AV GODOFREDO MACIEL;RUA JULIO ALCIDES;;0;;Colis?úo Transversal;Anoitecer;Bom;Seca;T;Pare;Comercial;0;2;1;1;0;0;0;0;0;1;0;0;-3,787926700000000;-38,566692000000000
307249;26;1;2017;19:28;13432;AV RUI BARBOSA;AV ANTONIO SALES;;0;;Colis?úo Traseira;Via Iluminada;Bom;Seca;Cruz;Sem?íforo;Comercial;0;0;2;1;0;0;0;0;0;0;0;0;-3,742638800000000;-38,511776000000000
307250;26;1;2017;18:42;0;AV AUGUSTO DOS ANJOS;;;2076;;Colis?úo Traseira;Via Iluminada;Bom;Seca;Meio de Quadra;N?úo H?í Controle;Comercial;0;2;1;1;0;0;0;0;0;1;0;0;-3,783816600000000;-38,582325000000000
307251;26;1;2017;19:57;25149;AV DOM LUIS;RUA MON CATAO;;0;;Colis?úo Lateral;Via Iluminada;Bom;Seca;T;Pare;Comercial;0;0;2;1;0;0;0;0;0;0;0;0;-3,735870400000000;-38,489677000000000