COD_ACIDENTE;DIA;MES;ANO;HORA;INTERSECAO;LOG1;LOG2;LOG3;NUMERO;REFERENCIA;NATUREZA;ILUMINACAO;TEMPO;SUPERFICIEPISTA;TIPOCRUZAMENTO;CONTROLETRAFEGO;USOSOLO;MORTOS;FERIDOS;ILESOS;AUTOMOVEL;ONIBUS;BICICLETA;CAMINHAO;MICROONIBUS;CICLOMOTOR;MOTOCICLETA;TRACAOANIMAL;TREM;LATITUDE;LONGITUDE
307253;26;1;2017;10:30;5333;RUA GAL CLARINDO DE QUEIROZ;RUA PRC ISABEL;;0;;Colis?úo Transversal;Luz do Dia;Bom;Seca;Cruz;Pare;Comercial;0;0;2;1;0;0;0;0;0;0;0;0;-3,730612800000000;-38,536650000000000
307285;26;1;2017;20:30;16983;RUA MARIA GOMES DE SA;RUA AURELIANO LEAL;;0;;Colis?úo Lateral;Via Iluminada;Bom;Seca;Cruz;Pare;Residencial;0;0;2;1;0;0;0;0;0;1;0;0;-3,823250000000000;-38,584090000000000
307295;26;1;2017;22:41;0;RUA RICARDO PONTES;;;873;;Colis?úo Frontal;Via Iluminada;Bom;Seca;Meio de Quadra;N?úo H?í Controle;Residencial;0;0;0;1;0;0;0;0;0;1;0;0;-3,760466800000000;-38,599117000000000
306796;26;1;2017;20:17;25066;AV LAURO VIEIRA CHAVES;AV DOS EXPEDICIONARIOS;;0;;Atropelamento;Via Iluminada;Bom;Seca;T;N?úo H?í Controle;Comercial;0;1;1;1;0;0;0;0;0;0;0;0;-3,770861400000000;-38,542923000000000
304206;26;1;2017;09:00;6724;AV SANTOS DUMONT;AV ENG SANTANA JUNIOR;;0;;Colis?úo Lateral;Luz do Dia;;;Cruz;N?úo H?í Controle;Comercial;0;0;2;0;1;0;0;0;0;0;0;0;-3,740506000000000;-38,485132000000000
304198;26;1;2017;20:00;0;AV ABOLICAO;;;1810;;Colis?úo Traseira;;;;Meio de Quadra;;;0;0;2;1;1;0;0;0;0;0;0;0;-3,724941000000000;-38,502930000000000
304200;26;1;2017;18:50;9092;RUA DR PEDRO TELES;RUA LAURO MAIA;;0;;Colis?úo Transversal;;;;Cruz;Pare;Residencial;0;0;2;1;0;0;0;0;0;0;0;0;-3,746914000000000;-38,522958000000000
304201;26;1;2017;22:00;25419;RUA JULIO ABREU;AV ALM HENRIQUE SABOIA;;0;;Colis?úo Traseira;;;;Cruz;Sem?íforo;Comercial;0;0;3;1;0;0;0;0;0;0;0;0;-3,736144000000000;-38,485245000000000
304202;26;1;2017;14:36;0;RUA FRANCISCO PAIVA;;;1123;;Colis?úo;Luz do Dia;;;Meio de Quadra;;;0;2;1;1;0;0;0;0;0;1;0;0;;
304209;26;1;2017;15:50;0;AV EDUARDO GIRAO;;;136;;;Luz do Dia;;;Meio de Quadra;;;0;0;2;1;1;0;0;0;0;0;0;0;-3,750688000000000;-38,536889000000000
304210;26;1;2017;10:30;0;AV FRANCISCO SA;;;3180;;Colis?úo Lateral;Luz do Dia;;;Meio de Quadra;;;0;1;1;0;0;0;0;0;0;1;0;0;-3,718148000000000;-38,555136000000000
304097;26;1;2017;14:20;26221;AV ALM HENRIQUE SABOIA;RUA PEREIRA DE MIRANDA;;0;;Engavetamento;Luz do Dia;;;Cruz;N?úo H?í Controle;Comercial;0;0;3;1;0;0;0;0;0;0;0;0;-3,738316000000000;-38,486210000000000
304092;26;1;2017;18:30;0;AV PRS COSTA E SILVA;;;0;JOSE WALTER;Colis?úo Traseira;Anoitecer;;;Meio de Quadra;;;0;1;1;1;0;0;0;0;0;1;0;0;;
304138;26;1;2017;15:00;19261;AV GAL OSORIO DE PAIVA;RUA MON LEOPOLDO FEITOSA;;0;;Colis?úo Transversal;Luz do Dia;;;Cruz;Pare;Residencial;0;0;2;1;0;0;0;0;0;0;0;0;-3,771715000000000;-38,562208000000000
304146;26;1;2017;18:40;0;AV HIS RAIMUNDO GIRAO;;;1046;IDEAL CLUBE;Colis?úo Lateral;;;;Meio de Quadra;;;0;0;2;1;0;0;0;0;0;0;0;0;-3,723357000000000;-38,505847000000000
304143;26;1;2017;17:20;0;AV BORGES DE MELO;;;1001;;Colis?úo Traseira;Anoitecer;;;Meio de Quadra;;;0;1;1;0;0;0;1;0;1;0;0;0;-3,760414000000000;-38,528561000000000
304100;26;1;2017;10:00;24331;AV LUCIANO CARNEIRO;RUA ARMANDO MONTEIRO;;0;;Colis?úo Lateral;Luz do Dia;;;Cruz;Pare;Residencial;0;0;2;1;0;0;0;0;0;1;0;0;-3,763454000000000;-38,536219000000000
294748;26;1;2017;21:15;12618;RUA RIO ARAGUAIA;RUA COS LAFAYETE;;0;;Atropelamento;;;;Cruz;Pare;Misto;1;0;1;0;0;0;0;0;0;0;0;0;-3,718123000000000;-38,581410000000000
317253;26;1;2017;23:50;7704;RUA PDE ANTONIO VIEIRA D37;RUA BAR SOBRAL;;0;;Colis?úo;;;;;;;0;1;0;1;0;1;0;0;0;0;0;0;;
317249;26;1;2017;21:59;0;RUA VINTE E UM DE ABRIL;;;225;;Colis?úo;;;;Meio de Quadra;;;0;0;1;0;0;0;0;0;0;0;0;0;-3,747340700000000;-38,563255100000000
317029;26;1;2017;01:02;0;RUA ANTONIO PEREIRA;;;615;;Colis?úo;;;;Meio de Quadra;;;0;1;0;0;0;0;0;0;0;0;0;0;;
317031;26;1;2017;05:39;7529;RUA PEDRO DANTAS;RUA CHICO MOTA;;0;;Colis?úo;Amanhecer;;;Cruz;Pare;Residencial;0;1;0;0;0;0;0;0;0;0;0;0;-3,785914000000000;-38,521908000000000
317025;26;1;2017;00:10;0;AV OLIVEIRA PAIVA;;;0;;Colis?úo;;;;Meio de Quadra;;;0;1;0;0;0;0;0;0;0;0;0;0;;
317075;26;1;2017;07:30;4113;RUA LUCAS PINTO;RUA GOMES PASSOS;;0;;Choque c/ Obst?ículo Fixo;Luz do Dia;;;Cruz;Pare;Comercial;0;1;0;1;0;0;0;0;0;1;0;0;-3,712266000000000;-38,558190000000000
317132;26;1;2017;10:23;19802;RUA DOM LINO;RUA FRANCISCA RANGEL;;0;;Colis?úo;Luz do Dia;;;T;Pare;Residencial;0;1;0;1;0;0;0;0;0;1;0;0;-3,739261000000000;-38,556529000000000
317127;26;1;2017;10:23;19689;RUA DOM LINO;RUA GUSTAVO SAMPAIO;;0;;Colis?úo;Luz do Dia;;;Cruz;Pare;Residencial;0;1;0;0;0;0;0;0;1;0;0;0;-3,735435000000000;-38,557313000000000
317135;26;1;2017;10:59;0;RUA OSCAR FRANCA;;;1849;;Colis?úo;Luz do Dia;;;Meio de Quadra;;;0;1;0;1;0;0;0;0;0;1;0;0;-3,789107000000000;-38,608237000000000
317141;26;1;2017;11:30;0;RUA DR JOSE LOURENCO;;;1951;;Queda;Luz do Dia;;;Meio de Quadra;;;0;1;0;0;0;0;0;0;0;0;0;0;-3,740508000000000;-38,509666000000000
317146;26;1;2017;14:15;0;AV SEN FERNANDES TAVORA;;;571;;Colis?úo;Luz do Dia;;;Meio de Quadra;;;0;1;0;1;0;0;0;0;0;0;0;0;-3,764720000000000;-38,577416000000000
317161;26;1;2017;15:52;0;AV JOSE BASTOS;;;0;;Colis?úo;Luz do Dia;;;Meio de Quadra;;;0;1;0;1;0;0;0;0;0;1;0;0;;
317166;26;1;2017;16:19;0;AV PRS CASTELO BRANCO;;;2353;;Colis?úo;Luz do Dia;;;Meio de Quadra;;;0;2;0;1;0;0;0;0;0;1;0;0;-3,713603000000000;-38,548957000000000
317138;26;1;2017;11:14;0;RUA LUCIANO DE QUEIROS;;;0;;Colis?úo;Luz do Dia;;;;;;0;1;0;0;0;0;0;0;1;0;0;0;;
317120;26;1;2017;08:44;5364;AV TRISTAO GONCALVES;RUA GAL CLARINDO DE QUEIROZ;;0;;Colis?úo Transversal;Luz do Dia;;;Cruz;Pare;Comercial;0;1;0;1;0;0;0;0;0;1;0;0;-3,731314000000000;-38,534472000000000
317117;26;1;2017;08:02;0;RUA RIO BRANCO;;;3233;;Colis?úo;Luz do Dia;;;Meio de Quadra;;;0;1;0;1;0;0;0;0;0;1;0;0;-3,749332300000000;-38,521259700000000
317122;26;1;2017;08:50;9070;AV VIS RIO BRANCO;RUA GUILHERME MOREIRA;;0;;Colis?úo;Luz do Dia;;;T;Pare;Comercial;0;1;0;1;0;0;0;0;0;1;0;0;-3,749365000000000;-38,521314000000000
317214;26;1;2017;20:34;15282;RUA CANUTO DE AGUIAR;RUA TIBURCIO CAVALCANTE;;0;;Colis?úo;;;;Cruz;Pare;Residencial;0;1;0;0;0;0;0;0;0;1;0;0;-3,729044000000000;-38,500359000000000
317212;26;1;2017;19:47;0;RUA IGUAPE;;;287;;Colis?úo;;;;Meio de Quadra;;;0;1;0;1;0;1;0;0;0;1;0;0;-3,775638000000000;-38,570447000000000
317205;26;1;2017;18:53;0;AV DOS EXPEDICIONARIOS;;;5800;;Atropelamento;;;;Meio de Quadra;;;0;1;0;1;0;0;0;0;0;0;0;0;-3,770742000000000;-38,542945000000000
317208;26;1;2017;19:14;0;RUA COS LAFAYETE;;;2;;Choque c/ Obst?ículo Fixo;;;;Meio de Quadra;;;0;1;0;0;0;0;0;0;0;1;0;0;;
317198;26;1;2017;18:12;0;AV PRS COSTA E SILVA;;;0;;Capotamento;Anoitecer;;;Meio de Quadra;;;0;1;0;0;0;0;0;0;1;1;0;0;;
317194;26;1;2017;18:06;0;AV PRS COSTA E SILVA;;;0;;;Anoitecer;;;Meio de Quadra;;;0;1;0;1;0;0;0;0;0;1;0;0;;
317179;26;1;2017;18:01;0;AV AUGUSTO DOS ANJOS;;;2066;;Colis?úo;Anoitecer;;;Meio de Quadra;;;0;1;0;1;0;0;0;0;0;1;0;0;-3,783629000000000;-38,582166000000000
316556;26;1;2017;15:50;0;RD CE-040;;;0;KM-07;Colis?úo;Luz do Dia;Bom;Seca;Meio de Quadra;;;0;0;2;1;0;0;0;0;0;0;0;0;-3,817159445000000;-38,483032860000000
316565;27;1;2017;11:40;0;RD CE-040;;;0;KM-08;Colis?úo;Luz do Dia;Bom;Seca;Meio de Quadra;;;0;0;3;1;0;0;0;0;0;0;0;0;-3,825515822000000;-38,481538320000000
316567;27;1;2017;11:40;0;RD CE-040;;;0;KM-08;Colis?úo;Luz do Dia;Bom;Seca;Meio de Quadra;;;0;1;1;1;0;0;0;0;0;0;0;0;-3,825515822000000;-38,481538320000000
325448;27;1;2017;15:30;0;RD BR 222;;;400;KM-02;Colis?úo Traseira;Luz do Dia;;Seca;Meio de Quadra;;;0;1;1;0;1;0;0;0;0;1;0;0;;
298051;27;1;2017;21:15;0;RD BR 116;;;4000;KM-04;Atropelamento;Luz do Dia;;Seca;Meio de Quadra;;;1;0;1;0;0;0;0;0;0;0;0;0;-3,802354000000000;-38,503869000000000
317261;27;1;2017;00:17;0;RUA RECANTO VERDE;;;2210;;Queda;;;;Meio de Quadra;;;0;1;0;0;0;0;0;0;0;0;0;0;-3,847434000000000;-38,515156000000000
317258;27;1;2017;00:04;0;RUA BUENO;;;346;;Colis?úo;;;;Meio de Quadra;;;0;1;0;0;0;0;0;0;0;1;0;0;;
317265;27;1;2017;00:17;24156;RUA HERMINIA BONAVIDES;RUA OLIVEIRA FILHO;;0;;Choque c/ Obst?ículo Fixo;;;;Cruz;Pare;Residencial;0;1;0;0;0;0;0;0;0;1;0;0;-3,730624000000000;-38,462145000000000
317278;27;1;2017;05:59;15998;RUA CEL MANUEL ALBANO;RUA ENG JAIME ROLEMBERG;;0;;Colis?úo;Amanhecer;;;;;;0;1;0;1;0;0;0;0;0;1;0;0;;
317267;27;1;2017;00:50;0;TR MON CATAO;;;0;;Colis?úo;;;;Meio de Quadra;;;0;0;1;0;0;0;0;0;0;0;0;0;;
317287;27;1;2017;06:56;12892;AV DOMINGOS OLIMPIO;RUA BAR RIO BRANCO;;0;;Colis?úo;Luz do Dia;;;Cruz;Sem?íforo;Comercial;0;1;0;0;0;0;0;0;1;1;0;0;-3,736579000000000;-38,531494000000000
317597;27;1;2017;23:54;0;AV L CJ JOSE WALTER;;;0;;Choque c/ Obst?ículo Fixo;;;;Meio de Quadra;;;0;1;0;0;0;0;0;0;0;1;0;0;;
317591;27;1;2017;18:08;0;RUA JOAO BARBOSA LIMA;;;1728;;Queda;Anoitecer;;;Meio de Quadra;;;0;1;0;1;0;0;0;0;0;0;0;0;-3,791532700000000;-38,498048200000000
317592;27;1;2017;21:00;0;AV GAL OSORIO DE PAIVA;;;0;;Atropelamento;;;;;;;0;1;0;1;0;0;0;0;0;0;0;0;;
317594;27;1;2017;22:00;0;AV WASHINGTON LUIS;;;439;;Atropelamento;;;;Meio de Quadra;;;0;1;0;0;0;0;0;0;0;1;0;0;-3,716656000000000;-38,592499000000000
317563;27;1;2017;17:58;18633;RUA OSVALDO CRUZ;LOGRADOURO SEM NOME;;0;;Colis?úo;Anoitecer;;;;;;0;1;0;1;0;1;0;0;0;1;0;0;-3,836126000000000;-38,529200000000000
317547;27;1;2017;17:46;14357;RUA BAR CRATO;RUA HENRIQUE ELERY;;0;;Choque c/ Obst?ículo Fixo;Anoitecer;;;Cruz;Pare;Residencial;0;1;0;0;0;0;0;0;1;0;0;0;-3,721622000000000;-38,561002000000000
317541;27;1;2017;16:58;0;AV PRS CASTELO BRANCO;;;0;;Colis?úo;Luz do Dia;;;Meio de Quadra;;;0;1;0;0;0;0;0;0;0;0;0;0;;
317510;27;1;2017;07:21;0;RUA 13 DE ABRIL;;;650;;Colis?úo;Luz do Dia;;;Meio de Quadra;;;0;1;0;0;0;0;0;0;0;1;0;0;-3,764597000000000;-38,531131500000000
317543;27;1;2017;17:43;0;RUA PDE SA LEITAO;;;1028;;Colis?úo;Anoitecer;;;Meio de Quadra;;;0;1;0;0;0;0;0;0;1;1;0;0;-3,766017000000000;-38,583495000000000
317559;27;1;2017;17:55;14357;RUA BAR CRATO;RUA HENRIQUE ELERY;;0;;Colis?úo;Anoitecer;;;Cruz;Pare;Residencial;0;1;0;0;0;0;0;0;0;1;0;0;-3,721622000000000;-38,561002000000000
317532;27;1;2017;13:07;0;AV PRS COSTA E SILVA;;;0;;Outros;Luz do Dia;;;;;;0;1;0;0;0;0;0;0;0;0;0;0;;
317535;27;1;2017;14:27;0;RUA PDE PERDIGAO SAMPAIO;;;199;;Colis?úo;Luz do Dia;;;Meio de Quadra;;;0;1;0;1;0;0;0;0;0;1;0;0;;
317536;27;1;2017;14:54;0;RD BR 116;;;0;;Colis?úo;Luz do Dia;;;Meio de Quadra;;;0;1;0;0;0;0;0;0;1;0;0;0;;
317537;27;1;2017;15:19;0;AV PRS COSTA E SILVA;;;0;;Capotamento;Luz do Dia;;;Meio de Quadra;;;0;1;0;0;0;0;0;0;0;0;0;0;;
317538;27;1;2017;15:19;11288;RUA VIDAL DE NEGREIROS;RUA ROSA CRUZ;;0;;Colis?úo;Luz do Dia;;;Cruz;Pare;Rural;0;1;0;1;0;1;0;0;0;0;0;0;-3,799905000000000;-38,565010000000000
317539;27;1;2017;16:11;0;RUA VERBENA;;;631;;Colis?úo;Luz do Dia;;;Meio de Quadra;;;0;1;0;0;0;0;1;0;1;1;0;0;-3,781528000000000;-38,588889000000000
317528;27;1;2017;12:27;0;RUA MARIA QUINTELA;;;228;;Queda;Luz do Dia;;;Meio de Quadra;;;0;1;0;0;0;0;0;0;0;0;0;0;-3,777519000000000;-38,583198000000000
317529;27;1;2017;12:45;0;RUA ROSA LEITE OLIVEIRA;;;526;;Colis?úo;Luz do Dia;;;Meio de Quadra;;;0;1;0;0;0;0;0;0;0;0;0;0;-3,722599376000000;-38,586815103000000
317526;27;1;2017;11:22;0;AV PRS COSTA E SILVA;;;299;;Colis?úo;Luz do Dia;;;Meio de Quadra;;;0;1;0;1;0;0;0;0;0;1;0;0;;
317523;27;1;2017;11:08;0;AV EDILSON B SOARES;;;3777;;Colis?úo;Luz do Dia;;;Meio de Quadra;;;0;1;0;0;0;0;0;0;0;1;0;0;-3,789461610000000;-38,479993743000000
317524;27;1;2017;12:17;0;RUA MOURA MATOS;;;1697;;Outros;Luz do Dia;;;Meio de Quadra;;;0;1;0;0;0;0;0;0;0;0;0;0;-3,810803000000000;-38,544599000000000
317519;27;1;2017;10:00;0;AV JOAO PESSOA;;;4204;;Colis?úo;Luz do Dia;;;Meio de Quadra;;;0;1;0;1;0;0;0;0;0;1;0;0;-3,750364000000000;-38,547615000000000
317520;27;1;2017;10:50;3998;RUA SAMUEL UCHOA;RUA ALBERTO MAGNO;;0;;Colis?úo;Luz do Dia;;;Cruz;Pare;Comercial;0;1;0;0;0;0;0;0;1;1;0;0;-3,756713000000000;-38,542824000000000
317513;27;1;2017;07:21;0;AV 13 DE MAIO;;;650;;Colis?úo;Luz do Dia;;;Meio de Quadra;;;0;1;0;1;0;0;0;0;0;0;0;0;;
317515;27;1;2017;07:49;0;RD QUARTO ANEL VIARIO;;;0;;Colis?úo;Luz do Dia;;;Meio de Quadra;;;0;1;0;0;0;0;0;0;0;1;0;0;;
317516;27;1;2017;08:23;0;AV DR SILAS MUNGUBA;;;1520;;Queda;Luz do Dia;;;Meio de Quadra;;;0;1;0;0;0;0;0;0;0;0;0;0;-3,783869000000000;-38,553965000000000
317517;27;1;2017;08:42;0;RD QUARTO ANEL VIARIO;;;0;;Atropelamento;Luz do Dia;;;Meio de Quadra;;;0;1;0;0;0;0;1;0;0;0;0;0;;
317503;27;1;2017;07:04;0;AV PRO GOMES DE MATOS;;;1847;;Colis?úo;Luz do Dia;;;Meio de Quadra;;;0;1;0;0;0;0;1;0;0;1;0;0;-3,762804000000000;-38,546843800000000
317504;27;1;2017;07:09;0;RUA MARANGUAPE D50;;;415;;Colis?úo;Luz do Dia;;;Meio de Quadra;;;0;1;0;1;0;0;0;0;0;1;0;0;;
304176;27;1;2017;17:15;24992;RUA DR JOSE FURTADO;RUA MAXIMO LINHARES;;0;;Colis?úo Traseira;Via Iluminada;Bom;Seca;T;Pare;Residencial;0;0;2;1;0;0;0;0;0;0;0;0;-3,799293000000000;-38,488484000000000
304172;27;1;2017;09:45;8000;AV JOAO PESSOA;RUA DELMIRO FARIAS;;0;;Colis?úo Lateral;Luz do Dia;Nublado;Seca;Cruz;Pare;Residencial;0;0;2;0;0;0;0;1;0;1;0;0;-3,750275000000000;-38,547538000000000
304154;27;1;2017;20:00;0;AV DR SILAS MUNGUBA;;;0;;Colis?úo Transversal;Via Iluminada;Bom;Seca;Meio de Quadra;Sem?íforo;Comercial;0;1;1;1;0;0;0;0;0;1;0;0;;
304151;27;1;2017;17:30;11188;RUA ALEMANHA;RUA BOGOTA;;0;;Colis?úo Transversal;Anoitecer;Bom;Seca;Cruz;N?úo H?í Controle;Residencial;0;0;2;1;0;0;0;0;0;0;0;0;-3,782423000000000;-38,557860000000000
304162;27;1;2017;17:15;9243;AV EDUARDO GIRAO;AV DOS EXPEDICIONARIOS;;0;;Engavetamento;Luz do Dia;Bom;Seca;Cruz;Sem?íforo;Comercial;0;0;3;1;0;0;0;0;0;0;0;0;-3,750712000000000;-38,536849000000000
304212;27;1;2017;16:30;23704;RUA MIRTES ROCHA;RUA ARARAQUARA;;0;;Colis?úo Transversal;Luz do Dia;Bom;Seca;Cruz;Pare;Comercial;0;0;2;1;0;0;0;0;0;0;0;0;-3,782408000000000;-38,579980000000000
304218;27;1;2017;18:30;0;RUA MAL DEODORO;;;204;;Colis?úo Lateral;Anoitecer;Bom;Seca;Meio de Quadra;;Residencial;0;0;2;1;0;0;0;0;0;1;0;0;-3,737403000000000;-38,534044000000000
304219;27;1;2017;23:50;15372;AV DOM LUIS;RUA CEL JUCA;;0;;Colis?úo Lateral;Via Iluminada;Bom;Seca;Cruz;Sem?íforo;Comercial;0;0;2;1;0;0;0;0;0;0;0;0;-3,735452000000000;-38,490579000000000
304221;27;1;2017;09:44;1402;AV HERACLITO GRACA;RUA BAR ARACATI;;0;;Colis?úo Frontal;Luz do Dia;Nublado;Seca;Cruz;Pare;Comercial;0;0;2;0;0;0;1;0;0;0;0;0;-3,737147000000000;-38,513289000000000
304205;27;1;2017;09:30;0;RUA 69 CJ JOSE WALTER;;;0;;Colis?úo Transversal;Luz do Dia;Nublado;Molhada;Meio de Quadra;Pare;Comercial;0;0;2;1;0;0;0;0;0;0;0;0;;
304193;27;1;2017;21:40;5709;AV DES GONZAGA;AV OLIVEIRA PAIVA;;0;;Colis?úo Transversal;Via Iluminada;Bom;Seca;Cruz;Sem?íforo;Lazer;0;0;2;1;0;0;0;0;0;0;0;0;-3,797165000000000;-38,499953000000000
304188;27;1;2017;18:30;0;RUA PDE SEVERIANO;;;128;;;Via Iluminada;Bom;Seca;Meio de Quadra;N?úo H?í Controle;Escola;0;1;1;1;0;0;0;0;0;1;0;0;-3,833602000000000;-38,491963000000000
304239;27;1;2017;14:50;1351;RUA DES LEITE ALBUQUERQUE;RUA TIBURCIO CAVALCANTE;;0;;Colis?úo Traseira;Luz do Dia;Bom;Seca;Cruz;Pare;Comercial;0;0;2;1;0;0;0;0;0;0;0;0;-3,735956000000000;-38,502587000000000
304242;27;1;2017;11:30;0;RUA BAR RIO BRANCO;;;2424;;Colis?úo Traseira;Luz do Dia;Nublado;Seca;Meio de Quadra;;Escola;0;0;2;1;0;0;0;0;0;0;0;0;-3,739550000000000;-38,532427000000000
307314;27;1;2017;13:10;13545;RUA PDE CHEVALIER;AV RUI BARBOSA;;0;;Colis?úo Lateral;Luz do Dia;Bom;Seca;T;N?úo H?í Controle;Comercial;0;0;2;1;0;0;0;0;0;0;0;0;-3,748425700000000;-38,513607000000000
307254;27;1;2017;07:42;12892;AV DOMINGOS OLIMPIO;RUA BAR RIO BRANCO;;0;;Colis?úo Traseira;Luz do Dia;Nublado;Molhada;Cruz;Sem?íforo;Comercial;0;1;1;0;0;0;0;0;0;1;0;0;-3,736605200000000;-38,531250000000000
307255;27;1;2017;07:41;12745;RUA JULIO CESAR D12;RUA ANA NERY;;0;;Colis?úo Transversal;Luz do Dia;Chuva;Molhada;Cruz;Pare;Residencial;0;0;2;1;0;0;0;0;0;0;0;0;-3,750240300000000;-38,545970000000000
307256;27;1;2017;07:33;3420;AV JOAO PESSOA;RUA DES PRAXEDES;;0;;Colis?úo Traseira;Luz do Dia;Chuva;Molhada;Cruz;Sem?íforo;Comercial;0;0;2;1;1;0;0;0;0;0;0;0;-3,756830000000000;-38,553270000000000
307257;27;1;2017;09:22;0;AV BEZERRA DE MENEZES;;;1811;;Colis?úo Traseira;Luz do Dia;Chuva;Molhada;Meio de Quadra;Sem?íforo;Escola;0;0;2;0;0;0;0;0;0;0;0;0;-3,735219200000000;-38,560776000000000
307258;27;1;2017;09:10;0;RUA DR JOAO MOREIRA;;;325;;Colis?úo Traseira;Luz do Dia;Bom;Seca;Meio de Quadra;N?úo H?í Controle;Comercial;0;0;2;1;1;0;0;0;0;0;0;0;-3,722705800000000;-38,527300000000000
307259;27;1;2017;10:23;9282;AV AGUANAMBI;RD BR 116;;0;;Colis?úo Lateral;Luz do Dia;Nublado;Molhada;Rotat??ria;Sem?íforo;Comercial;0;0;2;1;0;0;0;0;0;0;0;0;-3,756645700000000;-38,523700000000000
307261;27;1;2017;12:36;26216;AV DEP PAULINO ROCHA;AV CONTORNO (CASTEL?âO);;0;;Colis?úo Transversal;Luz do Dia;Bom;Seca;T;N?úo H?í Controle;Lazer;0;1;0;1;0;0;0;0;0;1;0;0;-3,809628000000000;-38,520770000000000
307262;27;1;2017;16:35;0;RUA JACINTO MATOS;;;2410;;Colis?úo Transversal;Luz do Dia;Bom;Seca;Meio de Quadra;N?úo H?í Controle;Residencial;0;0;1;0;0;0;0;0;0;1;0;0;-3,719986700000000;-38,546833000000000
307263;27;1;2017;16:41;0;AV LAURO VIEIRA CHAVES;;;1030;;Colis?úo Lateral;Luz do Dia;Bom;Seca;Meio de Quadra;N?úo H?í Controle;Comercial;0;0;1;1;0;0;0;0;0;0;0;0;-3,771776200000000;-38,535393000000000
307265;27;1;2017;18:30;0;RUA PEDRO I;;;0;;Colis?úo Transversal;Via Iluminada;Bom;Seca;Cruz;Pare;Comercial;0;0;2;1;0;0;0;0;0;0;0;0;-3,751972200000000;-38,493305000000000
307266;27;1;2017;19:13;0;RUA PORTO ALEGRE;;;0;;Colis?úo Transversal;Via Iluminada;Bom;Seca;Meio de Quadra;Pare;Residencial;0;2;0;0;0;0;0;0;0;1;0;0;-3,764490400000000;-38,582794000000000
307267;27;1;2017;18:56;1601;RUA VIS MAUA;RUA PDE VALDEVINO;;0;;Colis?úo Transversal;Mal Iluminada;Bom;Seca;Cruz;Pare;Comercial;0;0;2;1;0;0;0;0;0;0;0;0;-3,743637300000000;-38,501890000000000
307268;27;1;2017;18:40;15370;AV SEN VIRGILIO TAVORA;AV DOM LUIS;;0;;Colis?úo Lateral;Via Iluminada;Bom;Seca;Cruz;Sem?íforo;Comercial;0;0;2;0;0;0;0;0;0;0;0;0;-3,734670900000000;-38,492330000000000
307269;27;1;2017;21:12;0;AV DES MOREIRA;;;1800;;Colis?úo Transversal;Mal Iluminada;Bom;Seca;Meio de Quadra;N?úo H?í Controle;Residencial;0;0;2;1;0;0;0;0;0;0;0;0;-3,741515000000000;-38,499970000000000
307270;27;1;2017;19:40;3177;RUA ANSELMO NOGUEIRA;RUA CARLOS CHAGAS;;0;;Colis?úo Transversal;Via Iluminada;Bom;Seca;Cruz;Pare;Residencial;0;1;1;1;0;0;0;0;0;1;0;0;-3,779719600000000;-38,586826000000000
307271;27;1;2017;20:00;24235;RUA JULIO AZEVEDO;RUA FAUSTO CABRAL;;0;;Colis?úo Transversal;Via Iluminada;Bom;Seca;Cruz;Pare;Residencial;0;1;1;0;1;0;0;0;0;1;0;0;-3,733629000000000;-38,476585000000000
307252;27;1;2017;04:18;1525;AV PDE ANTONIO TOMAS;RUA BARBOSA DE FREITAS;;0;;Colis?úo Transversal;Via Iluminada;Bom;Seca;Cruz;Sem?íforo;Comercial;0;1;1;1;0;0;0;0;0;1;0;0;-3,740764600000000;-38,498714000000000
307272;28;1;2017;00:20;13432;AV ANTONIO SALES;AV RUI BARBOSA;;0;;Colis?úo Transversal;Via Iluminada;Bom;Seca;Cruz;Sem?íforo;Comercial;0;1;1;1;0;0;0;0;0;0;0;0;-3,742635000000000;-38,511562000000000
307273;28;1;2017;04:00;24528;RUA TEN ELIEZER COSTA;RUA ANTONIO ARRUDA;;0;;Colis?úo Lateral;Amanhecer;Nublado;Seca;Cruz;Pare;Comercial;0;0;2;1;0;0;0;0;0;0;0;0;-3,710197400000000;-38,591050000000000
307274;28;1;2017;07:30;0;RUA DEMETRIO MENEZES;RUA BALDUINO FREIRE;;0;;Colis?úo Transversal;Luz do Dia;Nublado;Molhada;Cruz;Pare;Comercial;0;0;2;1;0;0;0;0;0;0;0;0;-3,735138200000000;-38,583996000000000
307275;28;1;2017;08:57;20042;AV DEP PAULINO ROCHA;AV ALBERTO CRAVEIRO;;0;;Colis?úo Traseira;Amanhecer;Nublado;Molhada;Outros;Pare;Lazer;0;0;0;1;0;0;0;0;0;0;0;0;-3,807420000000000;-38,524208000000000
307276;28;1;2017;08:10;0;RUA PDE VALDEVINO;;;2546;;Colis?úo Traseira;Luz do Dia;Nublado;Molhada;Meio de Quadra;N?úo H?í Controle;Comercial;0;0;2;1;0;0;0;0;0;0;0;0;-3,743789400000000;-38,502100000000000
307277;28;1;2017;09:35;0;AV DOM LUIS;;;565;;Colis?úo Transversal;Luz do Dia;Nublado;Molhada;Meio de Quadra;N?úo H?í Controle;Comercial;0;0;2;0;1;0;0;0;0;0;0;0;-3,733484000000000;-38,496530000000000
307278;28;1;2017;10:50;5711;AV OLIVEIRA PAIVA;RUA CHICO LEMOS;;0;;Colis?úo Traseira;Luz do Dia;Bom;Seca;Cruz;Sem?íforo;Comercial;0;0;3;1;1;0;0;0;0;0;0;0;-3,795951800000000;-38,497334000000000