COD_ACIDENTE;DIA;MES;ANO;HORA;INTERSECAO;LOG1;LOG2;LOG3;NUMERO;REFERENCIA;NATUREZA;ILUMINACAO;TEMPO;SUPERFICIEPISTA;TIPOCRUZAMENTO;CONTROLETRAFEGO;USOSOLO;MORTOS;FERIDOS;ILESOS;AUTOMOVEL;ONIBUS;BICICLETA;CAMINHAO;MICROONIBUS;CICLOMOTOR;MOTOCICLETA;TRACAOANIMAL;TREM;LATITUDE;LONGITUDE
307279;28;1;2017;12:25;19686;AV BEZERRA DE MENEZES;RUA ERICO MOTA;;0;;Colis?úo Transversal;Luz do Dia;Bom;Seca;T;Sem?íforo;Comercial;0;1;2;1;0;0;0;1;0;0;0;0;-3,735520800000000;-38,562756000000000
307280;28;1;2017;13:45;26083;AV BEZERRA DE MENEZES;AV JOSE JATAHY;;0;;Colis?úo Transversal;Luz do Dia;Bom;Seca;Cruz;Sem?íforo;Comercial;0;2;1;1;0;0;0;0;0;1;0;0;-3,731611000000000;-38,545080000000000
307281;28;1;2017;15:33;15371;AV DOM LUIS;RUA PRO DIAS DA ROCHA;;0;;Colis?úo Transversal;Luz do Dia;Bom;Seca;Cruz;Pare;Comercial;0;0;2;0;1;0;0;0;0;0;0;0;-3,735105000000000;-38,491510000000000
307282;28;1;2017;17:20;581;AV FRANCISCO SA;AV PASTEUR;;0;;Colis?úo Lateral;Anoitecer;Bom;Seca;Cruz;Sem?íforo;Comercial;0;0;2;1;1;0;0;0;0;0;0;0;-3,716220600000000;-38,560966000000000
307283;28;1;2017;20:00;0;RUA ERETIDES MARTINS;;;955;;Colis?úo Traseira;Via Iluminada;Chuva;Molhada;Meio de Quadra;N?úo H?í Controle;Residencial;0;0;0;1;0;0;0;0;0;0;0;0;-3,727672300000000;-38,559970000000000
304235;28;1;2017;10:30;0;AV BENJAMIM BRASIL;;;0;;Colis?úo Transversal;Luz do Dia;Bom;Seca;Meio de Quadra;;Misto;0;0;2;1;0;0;0;0;0;0;0;0;;
304257;28;1;2017;20:55;0;RUA NEREU RAMOS;;;150;;Colis?úo Lateral;Via Iluminada;Chuva;Molhada;Meio de Quadra;Outros;Residencial;0;1;2;1;0;0;0;0;0;1;0;0;-3,786830000000000;-38,567961000000000
304259;28;1;2017;02:50;17370;RUA BAR SOBRAL;RUA ALM RUBIM;;0;;Colis?úo Transversal;Via Iluminada;Bom;Seca;Cruz;Pare;Residencial;0;0;2;1;0;0;0;0;0;0;0;0;-3,766572000000000;-38,554972000000000
304261;28;1;2017;07:40;25163;RUA SAO FRANCISCO D34;RUA MARIA JULIA ROCHA;;0;;Colis?úo Lateral;Luz do Dia;Nublado;Molhada;Cruz;N?úo H?í Controle;Residencial;0;0;2;1;0;0;0;0;0;1;0;0;;
304263;28;1;2017;10:00;0;RUA DES WALDETARIO P MOTA;;;0;;Colis?úo Lateral;Luz do Dia;Bom;Seca;Meio de Quadra;N?úo H?í Controle;Residencial;0;0;2;1;0;0;0;0;0;0;0;0;;
304271;28;1;2017;15:40;4269;AV PRS CASTELO BRANCO;RUA ALVARO DE ALENCAR;;0;;Colis?úo Lateral;Luz do Dia;Bom;Seca;Cruz;Pare;Residencial;0;0;2;1;0;0;0;0;0;0;0;0;-3,711624000000000;-38,557230000000000
304273;28;1;2017;11:20;0;AV SGT HERMINIO SAMPAIO;;;3441;;Colis?úo Traseira;Luz do Dia;Bom;Seca;Meio de Quadra;Sem?íforo;Comercial;0;0;2;1;0;0;0;0;0;0;0;0;-3,728485000000000;-38,571546000000000
304167;28;1;2017;10:30;5313;RUA PEDRO I;RUA VINTE E QUATRO DE MAIO;;0;;Colis?úo Transversal;Luz do Dia;Bom;Seca;Cruz;Pare;Comercial;0;0;2;1;0;0;0;0;0;0;0;0;-3,729830000000000;-38,532952000000000
304144;28;1;2017;08:31;0;AV D CJ JOSE WALTER;;;181;;Colis?úo Traseira;Luz do Dia;Bom;Seca;Meio de Quadra;N?úo H?í Controle;Residencial;0;1;1;1;0;0;0;0;0;0;0;0;-3,831873000000000;-38,554922000000000
304142;28;1;2017;10:20;0;RUA CAP GUSTAVO;;;3300;;Colis?úo Traseira;Luz do Dia;Bom;Seca;Meio de Quadra;N?úo H?í Controle;Residencial;0;0;3;1;0;0;0;0;0;1;0;0;-3,749968000000000;-38,517730000000000
304135;28;1;2017;16:30;15157;RUA ANTONELE BEZERRA;RUA MON BRUNO;;0;;Colis?úo Lateral;Luz do Dia;Bom;Seca;Cruz;Pare;Residencial;0;0;2;1;0;0;0;0;0;0;0;0;-3,724949000000000;-38,507034000000000
304136;28;1;2017;18:30;1537;AV BAR STUDART;RUA ROCHA LIMA;;0;;Colis?úo Transversal;Luz do Dia;Bom;Seca;Cruz;Pare;Comercial;0;0;2;1;0;0;0;0;0;0;0;0;-3,740782000000000;-38,508580000000000
304139;28;1;2017;14:00;19331;AV GAL OSORIO DE PAIVA;RUA PRO GOMES BRASIL;;0;;Colis?úo Lateral;Luz do Dia;Bom;Seca;Cruz;Sem?íforo;Comercial;0;0;2;1;0;0;0;0;0;0;0;0;-3,775618000000000;-38,566451000000000
304140;28;1;2017;19:45;13177;AV I CJ JOSE WALTER;AV D CJ JOSE WALTER;;0;;Colis?úo Traseira;Via Iluminada;Bom;Seca;Cruz;Sem?íforo;Misto;0;0;2;1;0;0;0;0;0;0;0;0;-3,832440000000000;-38,552957000000000
304133;28;1;2017;01:00;0;AV PAISAGISTICA;;;0;;Capotamento;Via Iluminada;Bom;Seca;Meio de Quadra;D?¬ Prefer?¬ncia;Comercial;0;1;0;0;0;0;0;0;0;0;0;0;;
317604;28;1;2017;00:14;0;RUA PRIMEIRO DE JANEIRO;;;0;;Colis?úo;;;;Meio de Quadra;;;0;1;0;0;0;0;0;0;0;1;0;0;;
317617;28;1;2017;01:39;0;RUA VALPARAISO;;;1072;;Atropelamento;;;;Meio de Quadra;;;0;1;0;0;0;0;0;0;0;1;0;0;-3,841972000000000;-38,528524000000000
317618;28;1;2017;02:06;19539;AV DR SILAS MUNGUBA;RUA EQUADOR;;0;;Colis?úo;;;;Cruz;Sem?íforo;Comercial;0;1;0;0;0;0;0;0;0;1;0;0;-3,782377000000000;-38,555434000000000
317611;28;1;2017;00:41;0;RUA PRIMEIRO DE JANEIRO;;;0;;Queda;;;;Meio de Quadra;;;0;1;0;0;0;0;0;0;0;1;0;0;;
317703;28;1;2017;02:17;0;RUA RUBI;;;998;;Colis?úo;;;;Meio de Quadra;;;0;2;0;0;0;0;0;0;0;0;0;0;;
317704;28;1;2017;02:29;26075;AV JOSE JATAHY;AV SGT HERMINIO SAMPAIO;;0;;Colis?úo;;;;Cruz;Sem?íforo;Comercial;0;1;0;0;0;0;0;0;0;0;0;0;-3,724679297000000;-38,546275142000000
317706;28;1;2017;06:43;0;RUA MONTE PASCOAL;;;0;;Atropelamento;Luz do Dia;;;;;;0;1;0;0;0;0;0;0;0;1;0;0;;
317708;28;1;2017;07:35;0;RUA SAO VICENTE D48;;;150;;Choque c/ Obst?ículo Fixo;Luz do Dia;;;Meio de Quadra;;;0;1;0;1;0;0;0;0;0;1;0;0;;
317850;28;1;2017;23:46;0;AV GAL OSORIO DE PAIVA;;;2437;;Outros;;;;Meio de Quadra;;;0;1;0;1;0;0;0;0;0;1;0;0;-3,786709000000000;-38,583980000000000
317842;28;1;2017;22:24;0;AV GAL OSORIO DE PAIVA;;;0;;Colis?úo;;;;Meio de Quadra;;;0;1;0;0;0;0;0;0;0;0;0;0;;
317820;28;1;2017;21:09;0;RUA VIRGILIO NOGUEIRA PAES;;;697;;Colis?úo;;;;Meio de Quadra;;;0;1;0;0;0;0;0;0;0;1;0;0;-3,789537000000000;-38,608986000000000
317845;28;1;2017;22:42;0;AV AREIA BRANCA;;;110;;Queda;;;;Meio de Quadra;;;0;1;0;0;0;0;0;0;0;1;0;0;-3,728436000000000;-38,473984000000000
317838;28;1;2017;21:24;1927;RUA MARIA QUINTINO;AV ISABEL BEZERRA;;0;;Colis?úo;;;;Cruz;Pare;Misto;0;1;0;0;0;0;0;0;0;0;0;0;-3,855018000000000;-38,500730000000000
317839;28;1;2017;21:33;0;RUA JOAQUIM ALFREDO;;;82;;Queda;;;;Meio de Quadra;;;0;1;0;0;0;1;0;0;0;0;0;0;-3,808364000000000;-38,581858000000000
317840;28;1;2017;21:44;23340;RUA JOAQUIM NABUCO;RUA EDUARDO BEZERRA;;0;;Colis?úo;;;;Cruz;Pare;Residencial;0;1;0;0;0;0;0;0;0;0;0;0;-3,753238000000000;-38,507115000000000
317801;28;1;2017;18:03;0;TERM TERMINAL DA PARANGABA;;;0;;Outros;Anoitecer;;;Meio de Quadra;;;0;1;0;0;1;0;0;0;0;0;0;0;;
317799;28;1;2017;17:49;0;RUA SOUSA CARVALHO;;;198;;Atropelamento;Anoitecer;;;Meio de Quadra;;;0;1;0;1;0;0;0;0;0;0;0;0;-3,784479000000000;-38,585495000000000
317797;28;1;2017;17:43;0;RUA MON HIPOLITO BRASIL;;;0;;Colis?úo;Anoitecer;;;;;;0;1;0;1;0;0;0;0;0;1;0;0;;
317792;28;1;2017;17:14;0;RUA PRO HERIBALDO COSTA;;;1200;;Colis?úo;Anoitecer;;;Meio de Quadra;;;0;1;0;0;0;0;0;0;0;0;0;0;-3,762885900000000;-38,585562200000000
317815;28;1;2017;20:50;384;RUA DR LUIS MORAES CORREIA;RUA ELESBAO VELOSO;;0;;Colis?úo;;;;;;;0;1;0;1;0;0;0;0;0;1;0;0;-3,751140000000000;-38,592292000000000
317807;28;1;2017;19:55;1514;RUA EDUARDO GARCIA;RUA PRO DIAS DA ROCHA;;0;;Colis?úo;;;;Cruz;Pare;Residencial;0;1;0;1;0;0;0;0;1;0;0;0;-3,740103000000000;-38,493139000000000
317804;28;1;2017;18:29;0;AV JOSE BASTOS;;;4454;;Atropelamento;Anoitecer;;;Meio de Quadra;;;0;1;0;0;0;0;0;0;0;1;0;0;-3,755498000000000;-38,555968000000000
317780;28;1;2017;12:40;0;AV GAL OSORIO DE PAIVA;;;2373;;Atropelamento;Luz do Dia;;;Meio de Quadra;;;0;1;0;1;0;0;0;0;0;1;0;0;-3,786347000000000;-38,583413000000000
317772;28;1;2017;11:37;7861;RUA CEL JUCA;AV ANTONIO SALES;;0;;Colis?úo;Luz do Dia;;;Cruz;Sem?íforo;Comercial;0;1;0;0;0;0;0;0;0;1;0;0;-3,747893000000000;-38,494573000000000
317775;28;1;2017;11:45;0;AV BEZERRA DE MENEZES;;;1025;;Colis?úo;Luz do Dia;;;Meio de Quadra;;;0;1;0;1;0;0;0;0;0;1;0;0;-3,733502000000000;-38,553998000000000
317776;28;1;2017;11:48;0;RUA RAIMUNDO MARQUES;;;1630;;Atropelamento;Luz do Dia;;;Meio de Quadra;;;0;1;0;1;0;0;0;0;0;0;0;0;;
317777;28;1;2017;12:27;0;RUA PDE PEDRO DE ALENCAR;;;1791;;Colis?úo;Luz do Dia;;;Meio de Quadra;;;0;1;0;0;0;0;0;0;1;1;0;0;-3,843723000000000;-38,494377000000000
317740;28;1;2017;10:38;0;RUA NEREU RAMOS;;;150;;Colis?úo;Luz do Dia;;;Meio de Quadra;;;0;1;0;1;0;0;0;0;1;0;0;0;-3,786830000000000;-38,567961000000000
317742;28;1;2017;11:02;0;RUA HOLANDA;;;290;;Acidente Pessoal;Luz do Dia;;;Meio de Quadra;;;0;1;0;0;0;0;0;0;1;1;0;0;-3,793905600000000;-38,565205400000000
317608;28;1;2017;00:20;0;RUA AFONSO LOPES;;;1209;;Colis?úo;;;;Meio de Quadra;;;0;1;0;0;0;0;0;0;0;0;0;0;-3,798276000000000;-38,549797000000000
317731;28;1;2017;10:01;0;AV PRS CASTELO BRANCO;;;0;;Colis?úo;Luz do Dia;;;Meio de Quadra;;;0;1;0;1;0;1;0;0;0;0;0;0;;
317733;28;1;2017;10:20;12653;AV MAJ ASSIS;RUA ALBERTO FERREIRA;;0;;Capotamento;Luz do Dia;;;Cruz;Pare;Residencial;0;1;0;1;0;0;0;0;1;0;0;0;-3,724050000000000;-38,583403000000000
317720;28;1;2017;07:37;0;AV PRS COSTA E SILVA;;;0;;Atropelamento;Luz do Dia;;;Meio de Quadra;;;0;2;0;0;0;0;0;0;0;1;0;0;;
317722;28;1;2017;10:00;25163;RUA MARIA JULIA ROCHA;RUA SAO FRANCISCO D34;;0;;;Luz do Dia;;;Cruz;N?úo H?í Controle;Residencial;0;1;0;1;0;0;0;0;0;1;0;0;;
317724;28;1;2017;07:54;0;AV PRS CASTELO BRANCO;;;3599;;Queda;Luz do Dia;;;Meio de Quadra;;;0;1;0;0;0;0;0;0;0;0;0;0;-3,709846000000000;-38,564175000000000
294732;28;1;2017;11:45;0;RUA RAIMUNDO MARQUES;;;1630;;Atropelamento;Luz do Dia;;;Meio de Quadra;;;1;0;1;1;0;0;0;0;0;0;0;0;-3,808190000000000;-38,599299900000000
294737;28;1;2017;23:00;19006;AV ENG ALBERTO SA;RUA JULIO AZEVEDO;;0;;Colis?úo Transversal;;;;Cruz;Pare;Residencial;1;0;1;1;0;0;0;0;0;1;0;0;-3,734278000000000;-38,476848000000000
316577;28;1;2017;09:40;0;RD CE-040;;;0;KM-08;Colis?úo;Luz do Dia;Bom;Seca;Meio de Quadra;;;0;0;2;1;0;0;0;0;0;0;0;0;-3,825515822000000;-38,481538320000000
316579;29;1;2017;03:45;0;RD CE-040;;;0;KM-02;Atropelamento;;Bom;Seca;;;;0;2;1;0;0;0;0;0;0;1;0;0;-3,773616148000000;-38,481799400000000
294719;29;1;2017;23:00;0;RUA TULIPA;;;563;;Atropelamento;;;;Meio de Quadra;;;1;0;1;0;0;0;0;0;0;1;0;0;-3,715331000000000;-38,579863000000000
317854;29;1;2017;00:09;0;RUA CAETANO XIMENES ARAGAO;;;585;;Choque c/ Obst?ículo Fixo;;;;Meio de Quadra;;;0;0;1;0;0;0;0;0;0;0;0;0;-3,783379601000000;-38,483165320000000
317860;29;1;2017;01:36;0;RUA PDE IBIAPINA;;;1243;;Colis?úo;;;;Meio de Quadra;;;0;1;0;0;0;0;0;0;0;0;0;0;-3,726021000000000;-38,540588000000000
317857;29;1;2017;01:01;2837;RUA MARIA JULIA;RUA BOM JESUS (GRANJA LISBOA);;0;;Colis?úo;;;;Cruz;Pare;Residencial;0;1;0;0;0;0;0;0;0;0;0;0;-3,794640000000000;-38,600603000000000
317896;29;1;2017;07:32;15172;RUA JULIO IBIAPINA;AV BEIRA MAR;;0;;Colis?úo;Luz do Dia;;;;N?úo H?í Controle;Comercial;0;1;0;0;0;0;0;0;1;1;0;0;-3,725637000000000;-38,491503000000000
318006;29;1;2017;15:08;0;RUA SILVINHA TELES D69;;;794;;Colis?úo;Luz do Dia;;;Meio de Quadra;;;0;1;0;1;0;0;0;0;0;1;0;0;-3,846677000000000;-38,528678000000000
317901;29;1;2017;10:20;0;AV PRS COSTA E SILVA;;;372;;Colis?úo;Luz do Dia;;;Meio de Quadra;;;0;1;0;0;0;0;0;0;1;1;0;0;;
317905;29;1;2017;10:25;0;RUA PEDRO II;;;0;;Colis?úo;Luz do Dia;;;;;;0;1;0;1;0;0;0;0;0;1;0;0;;
317907;29;1;2017;14:29;0;AV JOSE BASTOS;;;0;;Colis?úo;Luz do Dia;;;Meio de Quadra;;;0;1;0;0;0;0;0;0;0;0;0;0;;
317908;29;1;2017;14:52;0;RUA CEL JOAO CARNEIRO;;;1442;;Queda;Luz do Dia;;;Meio de Quadra;;;0;1;0;0;0;1;0;0;0;0;0;0;;
317910;29;1;2017;15:08;0;RUA SILVINHA TELES D69;;;794;;Colis?úo;Luz do Dia;;;Meio de Quadra;;;0;1;0;1;0;0;0;0;0;1;0;0;-3,846677000000000;-38,528678000000000
317865;29;1;2017;01:41;0;AV ABOLICAO;;;3929;;Colis?úo;;;;Meio de Quadra;;;0;1;0;0;0;0;0;0;0;0;0;0;-3,725379000000000;-38,484434000000000
317876;29;1;2017;02:14;0;AV DO VAQUEIRO;;;0;;Colis?úo;;;;;;;0;1;0;0;0;0;0;0;0;0;0;0;;
317879;29;1;2017;02:18;0;AV ABOLICAO;;;0;;Colis?úo;;;;Meio de Quadra;;;0;1;0;0;0;0;0;0;0;0;0;0;;
317890;29;1;2017;07:02;0;RUA PDE PERDIGAO SAMPAIO;;;250;;Queda;Luz do Dia;;;Meio de Quadra;;;0;1;0;0;0;1;0;0;0;0;0;0;-3,738213000000000;-38,594899000000000
317883;29;1;2017;03:46;14589;AV EDILSON B SOARES;RUA MARVIN;;0;;Colis?úo;;;;Cruz;Pare;Comercial;0;1;0;0;0;0;0;0;0;1;0;0;-3,789736000000000;-38,483855000000000
317898;29;1;2017;07:34;25116;AV ROGACIANO LEITE;RUA PDE FRANCISCO PITA;;0;;Queda;Luz do Dia;;;Cruz;Pare;Comercial;0;0;1;0;0;0;0;0;0;1;0;0;-3,780960000000000;-38,501766000000000
318218;29;1;2017;23:11;0;RUA CAP OLAVO;;;252;;Capotamento;;;;Meio de Quadra;;;0;1;0;0;0;0;0;0;0;0;0;0;-3,764442000000000;-38,516069000000000
318174;29;1;2017;21:46;2766;RUA BOM JESUS (GRANJA LISBOA);RUA ZACARIAS FLORINDO;;0;;Choque c/ Obst?ículo Fixo;;;;Cruz;Pare;Residencial;0;3;0;0;0;0;0;0;0;0;0;0;-3,792274000000000;-38,607869000000000
318182;29;1;2017;22:32;7320;RUA MACAPA;RUA PRO EDGAR DE ARRUDA;;0;;Colis?úo;;;;Cruz;Pare;Residencial;0;1;0;0;0;0;0;0;0;0;0;0;-3,754189000000000;-38,592301000000000
318185;29;1;2017;22:56;0;AV PRS CASTELO BRANCO;;;0;;Atropelamento;;;;;;;0;1;0;0;0;0;0;0;0;0;0;0;;
318179;29;1;2017;22:10;0;AV CEL CARVALHO;;;0;;Queda;;;;Meio de Quadra;;;0;1;0;0;0;0;0;0;0;1;0;0;;
318160;29;1;2017;20:48;0;AV PRS CASTELO BRANCO;;;0;;Atropelamento;;;;;;;0;1;0;0;0;0;0;0;1;0;0;0;;
318170;29;1;2017;21:20;14720;RUA FRANCISCO GLICERIO;RUA MANUEL SATIRO;;0;;Colis?úo;;;;;;;0;1;0;0;0;0;0;0;0;0;0;0;-3,794852000000000;-38,574971000000000
318148;29;1;2017;19:38;0;RUA DIOGO CORREIA;;;155;;Colis?úo;;;;Meio de Quadra;;;0;1;0;0;0;0;0;0;1;1;0;0;-3,772495000000000;-38,589372000000000
318135;29;1;2017;18:33;0;AV RAD JOSE LIMA VERDE;;;0;;Queda;;;;Meio de Quadra;;;0;1;0;0;0;0;0;0;0;1;0;0;;
318142;29;1;2017;19:32;0;AV BEZERRA DE MENEZES;;;1418;;Atropelamento;;;;Meio de Quadra;;;0;1;0;0;1;0;0;0;0;0;0;0;-3,734203000000000;-38,557433000000000
318145;29;1;2017;19:36;0;RUA OSCAR FRANCA;;;3116;;Colis?úo;;;;Meio de Quadra;;;0;1;0;0;0;0;0;0;0;0;0;0;-3,785875000000000;-38,618640000000000
318158;29;1;2017;20:36;0;RUA CANAL;;;1900;;Colis?úo;;;;Meio de Quadra;;;0;1;0;1;0;0;0;0;1;0;0;0;;
318137;29;1;2017;19:03;620;RUA COS GOUVEIA;RUA ENG JOAO NOGUEIRA;;0;;Atropelamento;;;;Cruz;Pare;Residencial;0;1;0;0;0;0;0;0;0;1;0;0;-3,717019000000000;-38,564143000000000
318139;29;1;2017;19:15;12699;AV CEL CARVALHO;AV MAJ ASSIS;;0;;Colis?úo;;;;Cruz;Sem?íforo;Comercial;0;1;0;0;0;0;0;0;0;0;0;0;-3,723796000000000;-38,586255000000000
318130;29;1;2017;18:11;0;RUA ARTUR DE CARVALHO;;;2209;;Atropelamento;Anoitecer;;;Meio de Quadra;;;0;1;0;0;0;0;0;0;0;1;0;0;;
318124;29;1;2017;16:58;0;AV ODILON GUIMARAES;;;2000;YPIOCA;Colis?úo;Luz do Dia;;;Meio de Quadra;;;0;1;0;0;0;0;0;0;0;0;0;0;-3,820809000000000;-38,476051000000000
318125;29;1;2017;17:20;0;RUA BOM JESUS (BARRA DO CEARA);;;1742;;Colis?úo;Anoitecer;;;Meio de Quadra;;;0;1;0;1;0;1;0;0;0;0;0;0;;
318127;29;1;2017;17:39;0;RUA PORTO VELHO;;;491;;Atropelamento;Anoitecer;;;Meio de Quadra;;;0;1;0;0;0;0;0;0;1;0;0;0;-3,766789000000000;-38,585475000000000
318085;29;1;2017;16:55;23921;RUA ANTONIO CARNEIRO;RUA OLIVEIRA FILHO;;0;;Colis?úo;Luz do Dia;;;Cruz;Pare;Residencial;0;1;0;1;0;0;0;0;1;0;0;0;-3,725550000000000;-38,464607000000000
318015;29;1;2017;15:23;0;AV PRO JOSE ARTHUR CARVALHO;;;0;;Colis?úo;Luz do Dia;;;Meio de Quadra;;;0;1;0;1;0;0;0;0;0;1;0;0;;
304173;29;1;2017;10:05;0;RUA LUIS VIEIRA;;;555;;Choque c/ Obst?ículo Fixo;Luz do Dia;Bom;Seca;Outros;Outros;Residencial;0;1;0;1;0;0;0;0;0;0;0;0;-3,793335000000000;-38,587669000000000
304177;29;1;2017;07:20;0;AV ABOLICAO;;;3089;;Engavetamento;Amanhecer;Chuva;Molhada;Meio de Quadra;Sem?íforo Intermitente;Comercial;0;2;0;1;0;0;0;0;0;0;0;0;-3,726697000000000;-38,491401000000000
304169;29;1;2017;18:41;0;AV LINEU MACHADO;;;358;;Colis?úo Lateral;Via Iluminada;Bom;Seca;Meio de Quadra;Sem?íforo;Comercial;0;2;0;1;1;0;0;0;0;0;0;0;-3,763463000000000;-38,575614000000000
304185;29;1;2017;08:20;23041;AV DR SILAS MUNGUBA;RUA BRUNO VALENTE;;0;;Colis?úo Lateral;Luz do Dia;Nublado;Seca;Cruz;Pare;Residencial;0;2;0;1;0;0;0;0;0;0;0;0;-3,790483000000000;-38,540009000000000
307284;29;1;2017;17:00;0;AV ALM MAXIMIANO DA FONSECA;;;1410;;Colis?úo Traseira;Luz do Dia;Bom;Seca;Meio de Quadra;N?úo H?í Controle;Residencial;0;0;2;1;0;0;0;0;0;0;0;0;-3,722735200000000;-38,588608000000000
307286;29;1;2017;18:10;0;AV ANTONIO SALES;;;990;;Colis?úo Transversal;Via Iluminada;Bom;Seca;Meio de Quadra;N?úo H?í Controle;Comercial;0;0;2;1;0;0;0;0;0;0;0;0;-3,742155000000000;-38,513123000000000
307287;29;1;2017;19:49;0;AV ABOLICAO;;;1810;;Colis?úo Transversal;Via Iluminada;Bom;Seca;Meio de Quadra;N?úo H?í Controle;Comercial;0;0;2;1;0;0;0;0;0;0;0;0;-3,724993200000000;-38,502920000000000
307288;29;1;2017;20:29;23921;RUA ANTONIO CARNEIRO;RUA OLIVEIRA FILHO;;0;;Colis?úo Transversal;Via Iluminada;Bom;Seca;Cruz;Pare;Residencial;0;0;1;1;0;0;0;0;0;1;0;0;-3,725561900000000;-38,464558000000000
307289;29;1;2017;19:40;19667;AV BEZERRA DE MENEZES;RUA ERETIDES MARTINS;;0;;Atropelamento;Via Iluminada;Bom;Seca;Meio de Quadra;N?úo H?í Controle;Comercial;0;1;1;0;1;0;0;0;0;0;0;0;-3,734194800000000;-38,557816000000000
307290;30;1;2017;00:59;1707;RUA JOSE BUSON;RUA CAP OLAVO;;0;;Colis?úo Transversal;Via Iluminada;Bom;Seca;Cruz;Pare;Residencial;0;1;1;1;1;0;0;0;0;0;0;0;-3,764269400000000;-38,516052000000000
307292;30;1;2017;08:17;0;AV ABOLICAO;;;3340;;Colis?úo Lateral;Luz do Dia;Chuva;Molhada;Meio de Quadra;N?úo H?í Controle;Residencial;0;0;2;1;1;0;0;0;0;0;0;0;-3,726466400000000;-38,489494000000000
307293;30;1;2017;08:30;22991;RUA BERNARDO MANUEL;RUA VILA RICA;;0;;Colis?úo Transversal;Luz do Dia;Bom;Seca;T;Gesto;Comercial;0;0;1;1;0;0;0;0;0;1;0;0;-3,786805000000000;-38,547623000000000
307294;30;1;2017;08:30;0;RUA PEDRO I;;;1544;;Colis?úo Lateral;Luz do Dia;Bom;Seca;Meio de Quadra;N?úo H?í Controle;Comercial;0;0;2;0;1;0;0;0;0;0;0;0;-3,727959400000000;-38,538980000000000
307296;30;1;2017;12:46;0;RUA PDE MIGUELINHO;;;1560;;Colis?úo Transversal;Luz do Dia;Bom;Seca;Meio de Quadra;N?úo H?í Controle;Escola;0;0;2;1;0;0;0;0;0;0;0;0;-3,742020000000000;-38,535240000000000
307297;30;1;2017;12:48;17410;RUA ALM RUBIM;RUA PRO TEODORICO;;0;;Colis?úo Transversal;Luz do Dia;Bom;Seca;Cruz;Pare;Residencial;0;0;2;1;0;0;0;0;0;0;0;0;-3,768099300000000;-38,555420000000000
307298;30;1;2017;16:31;0;AV GOV RAUL BARBOSA;;;0;;Colis?úo Transversal;Luz do Dia;Bom;Seca;Rotat??ria;N?úo H?í Controle;Residencial;0;0;2;1;0;0;0;0;0;0;0;0;-3,764078600000000;-38,509285000000000
307299;30;1;2017;16:06;9124;AV VIS RIO BRANCO;RUA MON SALAZAR;;0;;Engavetamento;Luz do Dia;Bom;Seca;Cruz;Sem?íforo;Comercial;0;0;3;1;0;0;0;0;0;0;0;0;-3,756686700000000;-38,520264000000000
307300;30;1;2017;19:08;0;AV PRS JUSCELINO KUBITSCHEK (PASSAR?ë);;;0;;Colis?úo Traseira;Via Iluminada;Bom;Seca;Rotat??ria;N?úo H?í Controle;Lazer;0;1;1;1;0;0;0;0;0;1;0;0;-3,807815600000000;-38,524870000000000
307301;30;1;2017;19:20;3858;AV DA UNIVERSIDADE;RUA INSTITUTO DO CEARA;;0;;Colis?úo Lateral;Via Iluminada;Bom;Seca;Cruz;N?úo H?í Controle;Comercial;0;0;2;1;0;0;0;0;0;0;0;0;-3,738359000000000;-38,536800000000000
307302;30;1;2017;17:24;0;RUA JOAO FIRMINO;;;764;;Colis?úo Lateral;Luz do Dia;Bom;Seca;Meio de Quadra;Pare;Residencial;0;0;1;1;0;0;0;0;0;1;0;0;-3,765854600000000;-38,556690000000000
307303;30;1;2017;20:00;0;RUA LEON GRADVOHL;;;659;;Colis?úo Frontal;Via Iluminada;Bom;Seca;Meio de Quadra;N?úo H?í Controle;Residencial;0;0;2;1;0;0;0;0;0;0;0;0;-3,799393700000000;-38,567340000000000
307329;30;1;2017;11:30;9148;RUA GUILHERME MOREIRA;RUA DOM SEBASTIAO LEME;;371;;Colis?úo Transversal;Luz do Dia;Bom;Seca;Cruz;Pare;Residencial;0;0;3;1;0;0;0;0;0;0;0;0;-3,750038100000000;-38,525650000000000
307341;30;1;2017;21:30;3336;RUA VIRIATO RIBEIRO;RUA RIO GRANDE DO SUL;;0;;Colis?úo Transversal;Via Iluminada;Nublado;Seca;Cruz;Pare;Residencial;0;2;0;1;0;0;0;0;0;1;0;0;-3,750037000000000;-38,561428000000000
304187;30;1;2017;13:15;619;RUA ENG JOAO NOGUEIRA;RUA ESTRELA DO NORTE;;0;;Colis?úo Transversal;Luz do Dia;Bom;Seca;Cruz;Pare;Lazer;0;2;0;1;0;0;0;1;0;0;0;0;-3,717897000000000;-38,563863000000000
304189;30;1;2017;15:15;5458;RUA RODRIGUES JUNIOR;RUA BARBARA DE ALENCAR;;0;;Colis?úo Transversal;Luz do Dia;Bom;Seca;Cruz;Pare;Lazer;0;2;0;1;0;0;0;0;0;1;0;0;-3,735343000000000;-38,522156000000000
304192;30;1;2017;13:30;0;RUA CARLOS VASCONCELOS;;;0;;Colis?úo Transversal;Luz do Dia;Bom;Seca;Meio de Quadra;N?úo H?í Controle;Comercial;0;2;0;1;0;0;0;0;0;0;0;0;;