COD_ACIDENTE;DIA;MES;ANO;HORA;INTERSECAO;LOG1;LOG2;LOG3;NUMERO;REFERENCIA;NATUREZA;ILUMINACAO;TEMPO;SUPERFICIEPISTA;TIPOCRUZAMENTO;CONTROLETRAFEGO;USOSOLO;MORTOS;FERIDOS;ILESOS;AUTOMOVEL;ONIBUS;BICICLETA;CAMINHAO;MICROONIBUS;CICLOMOTOR;MOTOCICLETA;TRACAOANIMAL;TREM;LATITUDE;LONGITUDE
304194;30;1;2017;14:00;1658;RUA MON CATAO;RUA BENI DE CARVALHO;;0;;Colis?úo Traseira;Luz do Dia;Bom;Seca;;N?úo H?í Controle;Residencial;0;1;1;1;1;0;0;0;0;0;0;0;-3,746618000000000;-38,493113000000000
304195;30;1;2017;18:30;0;AV JOSE BASTOS;;;3786;;Colis?úo Traseira;Via Iluminada;Bom;Seca;Meio de Quadra;Sem?íforo;Comercial;0;2;0;0;0;0;0;0;0;0;0;0;-3,751593000000000;-38,552047000000000
304197;30;1;2017;20:00;0;AV GODOFREDO MACIEL;;;4000;;Colis?úo Traseira;Via Iluminada;Bom;Seca;Meio de Quadra;N?úo H?í Controle;Comercial;0;2;0;1;0;0;0;0;0;0;0;0;-3,809372000000000;-38,573939000000000
304204;30;1;2017;12:00;6817;RUA BENTO ALBUQUERQUE;RUA FRANCISCO MATOS;;0;;Colis?úo Lateral Sentido Oposto;Luz do Dia;Bom;Seca;Cruz;Pare;Residencial;0;2;0;1;0;0;0;0;0;0;0;0;-3,747862000000000;-38,470436000000000
304199;30;1;2017;10:30;0;RUA FRANCISCO C MENDES;;;1030;;Colis?úo Transversal;Luz do Dia;Bom;Seca;Meio de Quadra;Pare;;0;2;0;1;0;0;0;0;0;1;0;0;;
304222;30;1;2017;15:00;0;AV 13 DE MAIO;;;47;;Colis?úo Traseira;Luz do Dia;Bom;Seca;Meio de Quadra;Sem?íforo;Residencial;0;2;0;1;0;0;0;0;0;1;0;0;-3,753575000000000;-38,520800000000000
304220;30;1;2017;16:30;25137;RUA BARBOSA DE FREITAS;RUA BENI DE CARVALHO;;0;;Colis?úo Traseira;Luz do Dia;Bom;Seca;Cruz;Sem?íforo;Residencial;0;3;0;1;0;0;0;0;0;1;0;0;-3,744414000000000;-38,499890000000000
304214;30;1;2017;14:00;0;RUA NELSON STUDART;;;67;;Colis?úo Transversal;Luz do Dia;Bom;Seca;Meio de Quadra;N?úo H?í Controle;Comercial;0;2;0;1;0;0;0;0;0;0;0;0;-3,773842000000000;-38,482172000000000
318225;30;1;2017;07:04;0;AV JOSE BASTOS;;;0;;Colis?úo;Luz do Dia;;;Meio de Quadra;;;0;1;0;0;0;0;0;0;0;0;1;0;;
318229;30;1;2017;07:33;0;AV ALM BARROSO;;;411;CENTRO CULTURAL;Atropelamento;Luz do Dia;;;Meio de Quadra;;;0;1;0;1;0;0;0;0;0;0;0;0;-3,720776000000000;-38,519759000000000
318231;30;1;2017;07:46;0;RUA CEL JOAO OLIVEIRA;;;4062;;Colis?úo;Luz do Dia;;;Meio de Quadra;;;0;1;0;0;0;0;0;0;0;1;0;0;;
318235;30;1;2017;07:49;0;AV WASHINGTON SOARES;;;0;;Queda;Luz do Dia;;;Meio de Quadra;;;0;1;0;0;0;0;0;0;0;1;0;0;;
318238;30;1;2017;07:53;0;RUA PDE ANCHIETA;;;256;;Colis?úo;Luz do Dia;;;Meio de Quadra;;;0;1;0;0;0;1;0;0;1;0;0;0;-3,722356057000000;-38,550301559000000
318239;30;1;2017;08:38;0;AV CESAR CALS;;;462;;Colis?úo;Luz do Dia;;;Meio de Quadra;;;0;1;0;0;0;0;0;0;0;1;0;0;-3,722035000000000;-38,463921000000000
318263;30;1;2017;08:55;10784;RUA PORTO VELHO;RUA TERESINA;;0;;Atropelamento;Luz do Dia;;;Cruz;N?úo H?í Controle;Residencial;0;1;0;1;0;0;0;0;0;0;0;0;-3,762585000000000;-38,593428000000000
318297;30;1;2017;09:28;0;AV FRE CIRILO;;;2915;;Queda;Luz do Dia;;;Meio de Quadra;;;0;0;1;0;0;1;0;0;0;0;0;0;-3,809698000000000;-38,500837000000000
318299;30;1;2017;10:22;9176;AV AGUANAMBI;AV EDUARDO GIRAO;;0;;Colis?úo;Luz do Dia;;;Rotat??ria;D?¬ Prefer?¬ncia;Comercial;0;1;0;0;0;0;0;0;0;1;0;0;-3,756564000000000;-38,523564000000000
318300;30;1;2017;10:48;13784;RUA FRANCISCO C MENDES;RUA TANGARA;;0;;Choque c/ Obst?ículo Fixo;Luz do Dia;;;;;;0;1;0;0;0;0;0;0;0;1;0;0;-3,775644000000000;-38,501928000000000
318301;30;1;2017;11:38;9148;RUA DOM SEBASTIAO LEME;RUA GUILHERME MOREIRA;;0;;Colis?úo;Luz do Dia;;;Cruz;Pare;Residencial;0;0;1;0;0;0;0;0;0;1;0;0;-3,750073000000000;-38,525590000000000
318303;30;1;2017;12:08;0;AV ZEZE DIOGO;;;301;;Colis?úo;Luz do Dia;;;Meio de Quadra;;;0;1;0;0;0;0;0;0;0;0;0;0;-3,709773000000000;-38,468113000000000
318304;30;1;2017;12:46;0;RUA MACHADO DE ASSIS;;;569;;Atropelamento;Luz do Dia;;;Meio de Quadra;;;0;1;0;1;0;0;0;0;0;0;0;0;-3,750830000000000;-38,549540000000000
318320;30;1;2017;13:38;0;RUA MAJ MOREIRA;;;499;;Choque c/ Obst?ículo Fixo;Luz do Dia;;;Meio de Quadra;;;0;1;0;1;0;0;0;0;0;1;0;0;-3,730638000000000;-38,496427000000000
318339;30;1;2017;14:00;0;RUA JULIO SILVA;;;440;;Queda;Luz do Dia;;;Meio de Quadra;;;0;1;0;0;0;0;0;0;0;0;0;0;;
318340;30;1;2017;14:11;3371;RUA 3 DE MAIO;RUA RIO BRANCO;;0;;Colis?úo;Luz do Dia;;;Cruz;Sem?íforo;Comercial;0;1;0;1;0;0;0;0;0;1;0;0;-3,753720000000000;-38,559901000000000
318342;30;1;2017;14:12;0;AV FRANCISCO SA;;;7200;;Colis?úo;Luz do Dia;;;Meio de Quadra;;;0;1;0;1;0;0;0;0;0;1;0;0;-3,707598000000000;-38,584000000000000
318346;30;1;2017;13:35;5458;RUA RODRIGUES JUNIOR;RUA BARBARA DE ALENCAR;;0;;Colis?úo;Luz do Dia;;;Cruz;Pare;Comercial;0;1;0;0;0;0;0;0;1;1;0;0;-3,735343000000000;-38,522156000000000
318347;30;1;2017;17:00;0;AV AUGUSTO DOS ANJOS;;;871;;Atropelamento;Anoitecer;;;Meio de Quadra;;;0;1;0;0;0;0;0;0;0;0;0;0;-3,775257000000000;-38,574821000000000
318348;30;1;2017;17:04;0;RUA GAL SAMPAIO;;;0;;Colis?úo;Anoitecer;;;Meio de Quadra;;;0;1;0;0;0;1;0;0;0;0;0;0;;
318344;30;1;2017;14:16;0;AV AUGUSTO DOS ANJOS;;;1480;;Colis?úo;Luz do Dia;;;Meio de Quadra;;;0;0;1;0;0;0;0;0;1;0;0;0;-3,779584000000000;-38,578647000000000
318353;30;1;2017;17:46;5711;AV OLIVEIRA PAIVA;RUA CHICO LEMOS;;0;;Choque c/ Obst?ículo Fixo;Anoitecer;;;Cruz;Sem?íforo;Comercial;0;1;0;0;0;0;0;0;1;1;0;0;-3,795857000000000;-38,497091000000000
318354;30;1;2017;17:50;0;AV JOAO PESSOA;;;0;;Acidente Pessoal;Anoitecer;;;Meio de Quadra;;;0;1;0;1;0;0;0;0;0;0;0;0;;
318356;30;1;2017;17:55;0;RUA PDE LUIS FIGUEIRA;;;0;;Colis?úo;Anoitecer;;;Meio de Quadra;;;0;0;1;0;0;1;0;0;1;0;0;0;;
318358;30;1;2017;17:57;15258;RUA ANTONIO AUGUSTO;RUA PEREIRA FILGUEIRAS;;0;;Colis?úo;Anoitecer;;;Cruz;Pare;Comercial;0;1;0;0;0;1;0;0;1;0;0;0;-3,728380000000000;-38,512866000000000
318359;30;1;2017;18:27;0;RUA VITORIA DA CONQUISTA;;;456;;Colis?úo;Anoitecer;;;Meio de Quadra;;;0;1;0;0;0;0;0;0;0;1;0;0;-3,755556100000000;-38,468543200000000
318361;30;1;2017;18:58;3054;RUA ANDRE REBOUCAS;TR APODIM;;0;;Colis?úo;;;;;;;0;1;0;1;0;0;0;0;1;0;0;0;-3,775493000000000;-38,590658000000000
318363;30;1;2017;20:01;25232;AV PRS COSTA E SILVA;AV M CJ JOSE WALTER;;0;;Colis?úo;;;;T;Pare;Comercial;0;1;0;0;0;0;0;0;0;0;0;0;-3,822098000000000;-38,554973000000000
318388;30;1;2017;20:55;0;TR N.S. APARECIDA;;;0;;Colis?úo;;;;;;;0;1;0;0;0;0;0;0;0;0;0;0;;
318391;30;1;2017;21:01;0;TR N.S. APARECIDA;;;0;;Capotamento;;;;Meio de Quadra;;;0;1;0;0;0;1;0;0;1;0;0;0;;
294707;30;1;2017;14:25;0;AV GODOFREDO MACIEL;;;5421;;Atropelamento;Luz do Dia;;;Meio de Quadra;;;1;0;1;1;0;0;0;0;0;0;0;0;-3,820657000000000;-38,577589000000000
316581;30;1;2017;08:00;0;AV MIN JOSE AMERICO;;;0;;Colis?úo;Luz do Dia;Bom;Seca;Meio de Quadra;;;0;0;2;1;0;0;0;0;0;0;0;0;;
313193;30;1;2017;08:30;0;RUA CARLOS AMORA;;;168;;Colis?úo Traseira;Luz do Dia;Bom;Seca;Meio de Quadra;Cancela;Comercial;0;0;3;1;0;0;0;0;0;0;0;0;-3,775893700000000;-38,562996000000000
316584;31;1;2017;08:10;0;RD CE-040;;;0;KM-01;Colis?úo;Luz do Dia;Bom;Seca;Meio de Quadra;;;0;0;3;1;0;0;0;0;0;1;0;0;-3,764650449000000;-38,482583040000000
316588;31;1;2017;09:00;0;AV SEN CARLOS JEREISSATI (AEROPORTO);;;0;KM 03;Engavetamento;Luz do Dia;Bom;Seca;Meio de Quadra;;;0;0;3;1;0;0;0;0;0;0;0;0;-3,779641000000000;-38,544038000000000
316590;31;1;2017;17:20;0;RD CE-040;;;0;KM-03;Colis?úo;Anoitecer;Bom;Seca;Meio de Quadra;;;0;0;2;1;1;0;0;0;0;0;0;0;-3,782614325000000;-38,481083900000000
318396;31;1;2017;06:16;0;RUA ALBERTO DE OLIVEIRA;;;561;;Colis?úo;Luz do Dia;;;Meio de Quadra;;;0;1;0;0;0;1;0;0;0;1;0;0;-3,709665000000000;-38,576158000000000
318398;31;1;2017;06:33;0;AV PRS COSTA E SILVA;;;31;;Colis?úo;Luz do Dia;;;Meio de Quadra;;;0;1;0;1;0;0;0;0;0;1;0;0;;
318400;31;1;2017;06:33;0;AV PONTES VIEIRA;;;51;;Colis?úo;Luz do Dia;;;Meio de Quadra;;;0;1;0;0;0;0;0;0;0;1;0;0;-3,753534000000000;-38,520404000000000
318424;31;1;2017;07:20;0;RUA CANDIDO CASTELO BRANCO;;;0;;Colis?úo;Luz do Dia;;;Meio de Quadra;;;0;1;0;0;0;0;0;0;1;0;0;0;;
318511;31;1;2017;08:44;0;RUA PEDRO ADRIANO;;;500;;Colis?úo;Luz do Dia;;;Meio de Quadra;;;0;2;0;1;0;0;1;0;0;1;0;0;-3,807729800000000;-38,452026100000000
318513;31;1;2017;08:45;8281;RUA SEBASTIAO DE ABREU;RUA DR HERMES LIMA;;0;;Colis?úo;Luz do Dia;;;;;;0;2;0;1;0;0;0;0;0;1;0;0;-3,757567000000000;-38,483225000000000
318539;31;1;2017;00:00;0;RUA BAR CANINDE;;;1677;;Colis?úo;;;;Meio de Quadra;;;0;1;0;1;0;0;0;0;0;1;0;0;;
318541;31;1;2017;09:16;0;RUA ELCIAS LOPES;;;300;RESTAURANTE BRASILEIRO;Choque c/ Obst?ículo Fixo;Luz do Dia;;;Meio de Quadra;;;0;1;0;1;0;0;0;0;0;1;0;0;-3,770503000000000;-38,557349000000000
318715;31;1;2017;09:30;0;RUA CON DE CASTRO;;;4248;;Queda;Luz do Dia;;;Meio de Quadra;;;0;1;0;0;0;0;0;0;0;1;0;0;-3,803122000000000;-38,590266000000000
318716;31;1;2017;09:38;0;RUA CON DE CASTRO;;;4248;;Queda;Luz do Dia;;;Meio de Quadra;;;0;2;0;0;0;0;0;0;0;1;0;0;-3,803122000000000;-38,590266000000000
318718;31;1;2017;10:30;21983;RUA GAL BERNARDO FIGUEIREDO;RUA TIRADENTES;;0;;Colis?úo;Luz do Dia;;;Duplo T;Pare;Residencial;0;1;0;0;0;0;0;0;0;1;0;0;-3,739647000000000;-38,551719000000000
318722;31;1;2017;11:39;0;AV JOSE BASTOS;;;0;;Queda;Luz do Dia;;;Meio de Quadra;;;0;1;0;0;0;0;0;0;0;1;0;0;;
318723;31;1;2017;12:24;0;RUA PERNAMBUCO;;;0;;Atropelamento;Luz do Dia;;;Meio de Quadra;;;0;1;0;0;0;0;0;0;0;1;0;0;;
318724;31;1;2017;12:51;0;RUA GAL SAMPAIO;;;0;;Atropelamento;Luz do Dia;;;Meio de Quadra;;;0;1;0;1;0;0;0;0;0;0;0;0;;
318725;31;1;2017;12:57;0;RUA BERNARDO MANUEL;;;7148;;Outros;Luz do Dia;;;Meio de Quadra;;;0;1;0;0;0;0;0;0;0;1;0;0;-3,780503000000000;-38,545851000000000
318735;31;1;2017;13:56;0;RUA SEN POMPEU;;;350;;Atropelamento;Luz do Dia;;;Meio de Quadra;;;0;1;0;0;0;0;0;0;0;0;0;0;-3,722041000000000;-38,528192000000000
318720;31;1;2017;10:46;12350;AV LINEU MACHADO;RUA MON HIPOLITO BRASIL;;0;;Colis?úo;Luz do Dia;;;Cruz;Sem?íforo;Comercial;0;1;0;1;0;0;0;0;0;1;0;0;-3,761245000000000;-38,574450000000000
318733;31;1;2017;13:30;0;AV DOM LUIS;;;730;;Atropelamento;Luz do Dia;;;Meio de Quadra;;;0;1;0;1;0;0;0;0;0;0;0;0;-3,734172000000000;-38,494545000000000
318744;31;1;2017;14:04;0;AV BORGES DE MELO;;;194;;Colis?úo;Luz do Dia;;;Meio de Quadra;;;0;1;0;1;0;0;0;0;0;1;0;0;-3,761269000000000;-38,520773000000000
318746;31;1;2017;14:06;0;RUA ULISSES BEZERRA;;;1770;;Atropelamento;Luz do Dia;;;Meio de Quadra;;;0;1;0;0;0;0;0;0;0;0;0;0;;
318751;31;1;2017;15:32;0;AV ALM MAXIMIANO DA FONSECA;;;1395;;Colis?úo;Luz do Dia;;;Meio de Quadra;;;0;1;0;1;0;0;0;0;0;1;0;0;-3,771533000000000;-38,484027000000000
318748;31;1;2017;15:11;0;AV FRANCISCO SA;;;7150;;Colis?úo;Luz do Dia;;;Meio de Quadra;;;0;1;0;1;0;0;0;0;0;1;0;0;-3,707941000000000;-38,583419000000000
318769;31;1;2017;16:00;0;RUA GONCALVES DIAS;;;219;;Colis?úo;Luz do Dia;;;Meio de Quadra;Pare;Residencial;0;1;0;1;0;1;0;0;0;0;0;0;-3,741376000000000;-38,553508000000000
318774;31;1;2017;16:15;0;AV SGT HERMINIO SAMPAIO;;;4289;;Colis?úo;Luz do Dia;;;Meio de Quadra;;;0;1;0;1;0;0;0;0;0;1;0;0;-3,731250000000000;-38,578536800000000
318777;31;1;2017;17:15;0;RUA CON DE CASTRO;;;4665;;Atropelamento;Anoitecer;;;Meio de Quadra;;;0;1;0;0;0;0;0;0;0;1;0;0;-3,806247000000000;-38,593063000000000
318780;31;1;2017;17:26;0;AV PRS COSTA E SILVA;;;1416;;Colis?úo;Anoitecer;;;Meio de Quadra;;;0;1;0;0;0;0;0;0;0;0;0;0;-3,816997700000000;-38,566931900000000
318783;31;1;2017;17:55;0;AV PRS JUSCELINO KUBITSCHEK (PASSAR?ë);;;5561;;Colis?úo;Anoitecer;;;Meio de Quadra;;;0;1;0;1;0;0;0;0;0;1;0;0;-3,766237700000000;-38,560025200000000
318784;31;1;2017;18:06;4462;RUA ISMAEL PORDEUS;AV ZEZE DIOGO;;0;;Queda;Anoitecer;;;Cruz;Pare;Comercial;0;1;0;0;0;1;0;0;0;0;0;0;;
318787;31;1;2017;19:05;4810;RUA MONTE PASCOAL;RUA CON DE CASTRO;;0;;Colis?úo;;;;;;;0;1;0;1;0;0;0;0;0;1;0;0;-3,807556000000000;-38,594251000000000
318788;31;1;2017;19:12;0;RUA ANGELICA GURGEL;;;155;;Atropelamento;;;;Meio de Quadra;;;0;1;0;0;0;0;0;0;0;0;0;0;-3,833752000000000;-38,499046000000000
318790;31;1;2017;19:35;0;RUA CAP BRASIL;;;0;;Atropelamento;;;;Meio de Quadra;;;0;1;0;0;0;0;0;0;0;0;0;0;;
318800;31;1;2017;23:20;4424;RUA RIACHAO;AV JANGADEIROS (MUCURIPE);;0;;Queda;;;;;;;0;1;0;0;0;0;0;0;1;1;0;0;-3,721675000000000;-38,475859000000000
304223;31;1;2017;10:30;0;AV JOAO PESSOA;;;5771;;Colis?úo Lateral;Via Iluminada;Bom;Seca;Meio de Quadra;Outros;Comercial;0;2;0;1;0;0;1;0;0;0;0;0;-3,761007000000000;-38,557066000000000
307330;31;1;2017;19:10;11851;AV FRANCISCO SA;RUA DNA MAROQUINHA;;0;;Colis?úo Lateral;Via Iluminada;Bom;Seca;T;Pare;Comercial;0;0;2;1;0;0;0;0;0;0;0;0;-3,720938200000000;-38,546165000000000
307336;31;1;2017;20:47;5437;RUA METON DE ALENCAR;RUA FLORIANO PEIXOTO;;0;;Colis?úo Transversal;Via Iluminada;Bom;Seca;Cruz;Pare;Comercial;0;0;2;1;0;0;0;0;0;1;0;0;-3,734098200000000;-38,529343000000000
307350;31;1;2017;18:48;8933;AV DOMINGOS OLIMPIO;RUA RUBIA SAMPAIO;;0;;Colis?úo Lateral;Via Iluminada;Nublado;Seca;Cruz;N?úo H?í Controle;Comercial;0;0;2;0;1;0;0;0;0;0;0;0;-3,733132400000000;-38,541298000000000
307378;31;1;2017;20:20;930;AV BORGES DE MELO;AV AGUANAMBI;;0;;Colis?úo Traseira;Via Iluminada;Bom;Seca;T;Sem?íforo;Residencial;0;0;2;1;0;0;0;0;0;0;0;0;-3,760862000000000;-38,523636000000000
307304;31;1;2017;07:50;11039;RUA PRIMEIRO DE JANEIRO;RUA JOSE MENELEU D41;;0;;Colis?úo Transversal;Luz do Dia;Chuva;Molhada;Cruz;Pare;Residencial;0;0;2;0;0;0;0;0;0;1;0;0;-3,786145400000000;-38,561565000000000
307305;31;1;2017;08:53;3771;AV DOMINGOS OLIMPIO;AV DA UNIVERSIDADE;;0;;Colis?úo Lateral;Luz do Dia;Chuva;Molhada;Cruz;Sem?íforo;Comercial;0;1;1;0;1;0;0;0;0;1;0;0;-3,735426200000000;-38,534233000000000
307306;31;1;2017;06:51;22147;RUA PAPI JUNIOR;RUA GUSTAVO BRAGA;;0;;Colis?úo Transversal;Luz do Dia;Chuva;Molhada;Cruz;Pare;Residencial;0;0;2;1;0;0;0;0;0;0;0;0;-3,749163400000000;-38,554607000000000
307307;31;1;2017;08:40;5070;RUA JOSE AVELINO;RUA BORIS;;0;;Colis?úo Lateral;Luz do Dia;Chuva;Molhada;Cruz;N?úo H?í Controle;Comercial;0;0;2;0;0;0;0;0;0;0;0;0;-3,722350800000000;-38,520535000000000
307308;31;1;2017;09:45;0;AV PRS COSTA E SILVA;;;4397;;Colis?úo Traseira;Luz do Dia;Chuva;Molhada;Meio de Quadra;N?úo H?í Controle;Comercial;0;0;2;1;0;0;0;0;0;0;0;0;-3,825342000000000;-38,540516000000000
307309;31;1;2017;09:30;5108;RUA PRC ISABEL;RUA SAO PAULO;;0;;Colis?úo Traseira;Luz do Dia;Chuva;Molhada;Cruz;Pare;Comercial;0;0;2;1;0;0;0;0;0;0;0;0;-3,723816900000000;-38,534690000000000
307310;31;1;2017;11:44;15100;AV HIS RAIMUNDO GIRAO;RUA JOAO CORDEIRO;;0;;Colis?úo Lateral;Luz do Dia;Chuva;Molhada;Cruz;Sem?íforo;Comercial;0;0;2;1;1;0;0;0;0;0;0;0;-3,720777500000000;-38,511566000000000
307311;31;1;2017;11:50;0;AV SANTOS DUMONT;;;958;;Colis?úo Lateral;Luz do Dia;Nublado;Seca;Meio de Quadra;Sem?íforo;Comercial;0;0;1;0;1;0;0;0;0;0;0;0;-3,730830700000000;-38,514990000000000
307312;31;1;2017;13:15;0;AV AGUANAMBI;;;0;;Colis?úo Traseira;Luz do Dia;Bom;Seca;Rotat??ria;Sem?íforo;Comercial;0;0;2;1;0;0;0;0;0;0;0;0;-3,756598200000000;-38,523647000000000
307313;31;1;2017;13:04;0;AV MON TABOSA;RUA HIS GUARINO ALVES;;0;;Engavetamento;Luz do Dia;Bom;Seca;Cruz;Pare;Comercial;0;0;3;1;0;0;0;0;0;0;0;0;-3,723885000000000;-38,515022000000000
307315;31;1;2017;17:06;26075;AV JOSE JATAHY;AV SGT HERMINIO SAMPAIO;;0;;Colis?úo Transversal;Luz do Dia;Bom;Seca;Cruz;Sem?íforo;Comercial;0;0;1;1;0;0;0;0;0;0;0;0;-3,724795000000000;-38,546240000000000
307316;31;1;2017;18:26;0;RUA JOR ANTONIO P TAVARES;;;1081;;Colis?úo Traseira;Via Iluminada;Bom;Seca;Meio de Quadra;Pare;Residencial;0;2;0;1;0;0;0;0;0;1;0;0;-3,812824700000000;-38,509193000000000
307423;31;1;2017;21:32;5450;RUA MAJ FACUNDO;RUA ANTONIO POMPEU;;0;;Colis?úo Traseira;Anoitecer;Bom;Seca;Cruz;Pare;Residencial;0;0;2;1;0;0;0;0;0;0;0;0;-3,734856600000000;-38,530270000000000
307333;31;1;2017;19:25;22930;RUA BERNARDO MANUEL;RUA LEAO TREZE;;0;;Colis?úo Lateral;Via Iluminada;Bom;Seca;Cruz;Sem?íforo;Residencial;0;0;2;1;0;0;0;0;0;0;0;0;-3,783565300000000;-38,546900000000000
307334;1;2;2017;18:11;7884;AV ANTONIO SALES;RUA VICENTE LEITE;;0;;Colis?úo Transversal;Luz do Dia;Bom;Seca;Cruz;Pare;Comercial;0;0;2;1;0;0;0;0;0;1;0;0;-3,746915800000000;-38,498554000000000
307335;1;2;2017;16:35;0;AV DR THEBERGE;;;1543;;Engavetamento;Via Iluminada;Bom;Seca;Meio de Quadra;Sem?íforo;Residencial;0;0;2;1;0;0;0;0;0;0;0;0;-3,715186000000000;-38,565098000000000
307317;1;2;2017;07:23;0;AV ROGACIANO LEITE;;;480;;Colis?úo Traseira;Luz do Dia;Bom;Seca;Meio de Quadra;N?úo H?í Controle;Comercial;0;1;1;1;0;0;0;0;0;1;0;0;-3,762822900000000;-38,493893000000000
307318;1;2;2017;08:38;24441;AV LUCIANO CARNEIRO;RUA RAUL CABRAL;;0;;Engavetamento;Luz do Dia;Bom;Seca;Cruz;Pare;Comercial;0;0;3;1;0;0;0;0;0;0;0;0;-3,770947000000000;-38,538464000000000
307319;1;2;2017;08:26;9131;AV 13 DE MAIO;AV LUCIANO CARNEIRO;;0;;Colis?úo Lateral;Luz do Dia;Bom;Seca;Cruz;Sem?íforo;Comercial;0;1;1;1;0;0;0;0;0;1;0;0;-3,747771700000000;-38,531418000000000
307320;1;2;2017;09:18;0;AV JULIO VENTURA;RUA DR JOSE LOURENCO;;0;;Colis?úo Lateral;Luz do Dia;Bom;Seca;Cruz;Sem?íforo;Comercial;0;0;2;1;0;0;0;0;0;0;0;0;-3,738539500000000;-38,508987000000000
307321;1;2;2017;08:22;0;RUA ANDRADE FURTADO;AV CENTRAL ALA LESTE;;0;;Colis?úo Lateral;Luz do Dia;Bom;Seca;T;Pare;Comercial;0;0;2;1;0;0;0;0;0;0;0;0;-3,745648400000000;-38,565918000000000
307322;1;2;2017;10:05;8936;AV DOMINGOS OLIMPIO;RUA PRC ISABEL;;0;;Colis?úo Transversal;Luz do Dia;Nublado;Seca;Cruz;Sem?íforo;Comercial;0;0;2;1;0;0;0;0;0;0;0;0;-3,734618000000000;-38,537632000000000
307323;1;2;2017;10:40;4444;RUA ERNESTO IGEL;AV LEITE BARBOSA;;0;;Colis?úo Transversal;Luz do Dia;Nublado;Molhada;Cruz;Cancela;Industrial;0;1;1;0;1;0;0;0;0;1;0;0;-3,712523700000000;-38,470253000000000
307324;1;2;2017;10:59;15184;RUA TIBURCIO CAVALCANTE;AV ABOLICAO;;0;;Colis?úo Traseira;Luz do Dia;Chuva;Molhada;Cruz;Sem?íforo;Residencial;0;0;3;1;1;0;0;0;0;0;0;0;-3,726133600000000;-38,499410000000000
307325;1;2;2017;10:59;22198;AV SGT HERMINIO SAMPAIO;RUA DR HELIO VIANA;;0;;Colis?úo Lateral;Luz do Dia;Nublado;Molhada;T;Pare;Comercial;0;1;1;1;0;0;0;0;0;1;0;0;-3,726778500000000;-38,563087000000000
307326;1;2;2017;12:31;0;AV DES FLORIANO BENEVIDES;;;0;;Colis?úo Lateral;Luz do Dia;Nublado;Seca;Meio de Quadra;N?úo H?í Controle;Comercial;0;0;2;1;0;0;0;0;0;0;0;0;-3,772771400000000;-38,479490000000000
307327;1;2;2017;12:32;0;AV GOV RAUL BARBOSA;;;0;;Colis?úo Transversal;Luz do Dia;Chuva;Molhada;Cruz;N?úo H?í Controle;Comercial;0;0;2;0;0;0;0;0;0;0;0;0;-3,759623800000000;-38,504810000000000
307328;1;2;2017;14:16;7833;RUA CEL ALVES TEIXEIRA;AV BAR STUDART;;0;;Colis?úo Traseira;Luz do Dia;Nublado;Seca;Cruz;Sem?íforo;Comercial;0;1;1;1;0;0;0;0;0;1;0;0;-3,746716300000000;-38,510586000000000
307331;1;2;2017;14:00;1520;AV JULIO VENTURA;RUA NUNES VALENTE;;0;;Engavetamento;Luz do Dia;Bom;Seca;Cruz;Pare;Comercial;0;0;3;1;0;0;0;0;0;0;0;0;-3,740328000000000;-38,505090000000000
307332;1;2;2017;11:10;0;RUA VINTE E CINCO DE MARCO;;;300;;Colis?úo Transversal;Luz do Dia;Nublado;Molhada;Meio de Quadra;N?úo H?í Controle;Comercial;0;0;2;1;0;0;0;0;0;0;0;0;-3,726908700000000;-38,521710000000000
306797;1;2;2017;18:11;5343;AV BEZERRA DE MENEZES;RUA PDE IBIAPINA;;0;;Colis?úo Lateral;Anoitecer;Bom;Seca;T;Gesto;Comercial;0;0;2;1;1;0;0;0;0;0;0;0;-3,730816800000000;-38,539764000000000
304215;1;2;2017;17:00;26252;RUA PERGENTINO MAIA;RUA ANTONIO BARROS;;0;;Colis?úo Transversal;Anoitecer;;;Cruz;Pare;Comercial;0;1;1;0;1;0;0;0;0;1;0;0;-3,831373751000000;-38,488962643000000
304213;1;2;2017;14:30;0;AV ODILON GUIMARAES;;;3497;;Atropelamento;Luz do Dia;;;Meio de Quadra;;;0;1;1;1;0;0;0;0;0;0;0;0;-3,815933000000000;-38,469889000000000
304236;1;2;2017;12:10;0;RUA JUNIOR ROCHA;;;18;;Colis?úo Lateral;Luz do Dia;;;Meio de Quadra;;;0;0;2;1;0;0;0;0;0;0;0;0;-3,784393000000000;-38,486986000000000
304217;1;2;2017;11:00;0;RUA HENRIQUE JUSTA;;;1145;;Colis?úo Traseira;Luz do Dia;;;Meio de Quadra;;;0;0;2;0;0;0;1;0;0;0;0;0;-3,795171717000000;-38,496521980000000
304231;1;2;2017;15:55;7709;AV CARNEIRO DE MENDONCA;RUA PDE ANTONIO VIEIRA D37;;0;;Colis?úo Lateral;Luz do Dia;;;T;Pare;Misto;0;0;2;1;0;0;1;0;0;0;0;0;-3,765329000000000;-38,564346000000000
304240;1;2;2017;14:30;1380;RUA TORRES CAMARA;RUA NUNES VALENTE;;0;;Colis?úo Lateral;Luz do Dia;;;Cruz;Pare;Residencial;0;1;1;1;0;0;0;0;0;1;0;0;-3,736618000000000;-38,503856000000000