COD_ACIDENTE;DIA;MES;ANO;HORA;INTERSECAO;LOG1;LOG2;LOG3;NUMERO;REFERENCIA;NATUREZA;ILUMINACAO;TEMPO;SUPERFICIEPISTA;TIPOCRUZAMENTO;CONTROLETRAFEGO;USOSOLO;MORTOS;FERIDOS;ILESOS;AUTOMOVEL;ONIBUS;BICICLETA;CAMINHAO;MICROONIBUS;CICLOMOTOR;MOTOCICLETA;TRACAOANIMAL;TREM;LATITUDE;LONGITUDE
304238;1;2;2017;13:30;23518;RUA FLORO BARTOLOMEU;RUA BELISARIO TAVORA;;0;;Colis?úo Lateral;Luz do Dia;;;Cruz;Pare;Residencial;0;1;1;1;0;0;0;0;0;1;0;0;-3,759786000000000;-38,505584000000000
294777;1;2;2017;10:00;0;RUA ANSELMO NOGUEIRA;;;189;;Colis?úo Traseira;Luz do Dia;;;Meio de Quadra;;;1;1;1;1;0;0;0;0;0;1;0;0;;
294783;1;2;2017;09:50;0;AV DR SILAS MUNGUBA;;;2959;SUPER COMETA;Atropelamento;Luz do Dia;;;Meio de Quadra;;;1;0;1;0;0;0;1;0;0;0;0;0;-3,787894000000000;-38,547273000000000
317440;1;2;2017;18:02;2766;RUA BOM JESUS (GRANJA LISBOA);RUA ZACARIAS FLORINDO;;0;;Colis?úo;Anoitecer;;;Cruz;Pare;Residencial;0;3;0;0;0;0;0;0;0;1;0;0;-3,792274000000000;-38,607869000000000
317442;1;2;2017;18:25;0;RUA LUCIANO DE QUEIROS;;;876;;Queda;Anoitecer;;;Meio de Quadra;;;0;1;0;0;0;1;0;0;0;0;0;0;-3,764924000000000;-38,582165000000000
317443;1;2;2017;18:39;0;RUA MOCA BONITA;;;357;;Colis?úo;;;;Meio de Quadra;;;0;1;0;0;0;0;0;0;0;0;0;0;-3,811622000000000;-38,585482000000000
317444;1;2;2017;18:43;0;RUA PDE MORORO;;;687;;Colis?úo;;;;Meio de Quadra;;;0;1;0;0;0;0;0;0;0;0;0;0;-3,722814000000000;-38,536682000000000
317445;1;2;2017;21:47;0;AV OLIVEIRA PAIVA;;;1872;;Colis?úo;;;;Meio de Quadra;;;0;1;0;1;0;0;0;0;0;1;0;0;-3,796027000000000;-38,489564000000000
317446;1;2;2017;22:32;0;AV LUCIANO CARNEIRO;;;2020;;Colis?úo;;;;Meio de Quadra;;;0;1;0;0;0;0;0;0;0;1;0;0;-3,766037000000000;-38,537023000000000
317447;1;2;2017;22:45;0;AV DOLOR BARREIRA;;;324;;Colis?úo;;;;Meio de Quadra;;;0;1;0;0;0;0;0;0;0;0;0;0;-3,727784000000000;-38,473322000000000
317448;1;2;2017;22:48;0;AV GOV PARSIFAL BARROSO;;;0;;Colis?úo;;;;Meio de Quadra;;;0;1;0;1;0;0;0;0;0;1;0;0;;
317433;1;2;2017;16:42;0;RUA JAIME BENEVOLO;;;1356;;Colis?úo;Luz do Dia;;;Meio de Quadra;;;0;1;0;0;0;0;0;0;0;0;0;0;-3,744009000000000;-38,529319000000000
317436;1;2;2017;17:35;21835;RUA XXIX CIDADE OESTE;RUA XX CIDADE OESTE;;0;;Colis?úo;Anoitecer;;;Rotat??ria;Pare;Residencial;0;1;0;1;0;0;0;0;0;1;0;0;-3,731484000000000;-38,595164000000000
317420;1;2;2017;14:29;0;RUA NOSSA SRA DAS GRACAS;;;1149;;Queda;Luz do Dia;;;Meio de Quadra;;;0;1;0;0;0;0;0;0;0;1;0;0;-3,708115000000000;-38,560289000000000
317422;1;2;2017;15:08;0;RUA PDE ANTONINO;;;451;;Colis?úo;Luz do Dia;;;Meio de Quadra;;;0;1;0;1;0;0;0;0;0;1;0;0;;
317423;1;2;2017;15:11;0;RUA ANTERO QUENTAL;;;76;;Colis?úo;Luz do Dia;;;Meio de Quadra;;;0;1;0;0;0;0;0;0;0;0;0;0;-3,857707061000000;-38,491806451000000
317424;1;2;2017;16:39;0;RUA PERGENTINO MAIA;;;0;;Colis?úo;Luz do Dia;;;Meio de Quadra;;;0;1;0;0;0;0;1;0;0;1;0;0;;
317397;1;2;2017;05:35;0;AV I CJ JOSE WALTER;;;850;;Colis?úo;Amanhecer;;;Meio de Quadra;;;0;1;0;1;0;0;0;0;0;1;0;0;-3,831658000000000;-38,552718000000000
317398;1;2;2017;07:17;17309;AV PRO GOMES DE MATOS;RUA ALFREDO DE CASTRO;;0;;Colis?úo;Luz do Dia;;;T;N?úo H?í Controle;Comercial;0;1;0;0;0;0;0;0;0;1;0;0;-3,764234000000000;-38,548267000000000
317401;1;2;2017;07:30;0;AV MOZART PINHEIRO DE LUCENA;;;2858;;Colis?úo;Luz do Dia;;;Meio de Quadra;;;0;1;0;1;0;0;0;0;0;1;0;0;-3,729533000000000;-38,598892000000000
317408;1;2;2017;10:36;0;AV ALM HENRIQUE SABOIA;;;0;;Colis?úo;Luz do Dia;;;Meio de Quadra;;;0;0;1;0;0;0;0;0;0;1;0;0;;
317409;1;2;2017;10:53;0;AV JOSE JATAHY;;;1550;;Queda;Luz do Dia;;;Meio de Quadra;;;0;1;0;0;0;0;0;0;0;1;0;0;-3,735090000000000;-38,544072000000000
317410;1;2;2017;12:57;0;AV PRS CASTELO BRANCO;;;0;;Colis?úo;Luz do Dia;;;Meio de Quadra;;;0;1;0;0;0;0;0;0;0;1;0;0;;
317413;1;2;2017;14:00;0;RUA VALMIR PONTES;;;1321;;Colis?úo;Luz do Dia;;;Meio de Quadra;;;0;1;0;0;0;0;0;0;0;0;0;0;-3,771558000000000;-38,482197800000000
316954;1;2;2017;10:25;0;RD CE-040;;;0;KM-07;Colis?úo;Luz do Dia;Bom;Seca;Meio de Quadra;;;0;0;2;1;0;0;0;0;0;1;0;0;-3,817159445000000;-38,483032860000000
316959;1;2;2017;;0;RD CE-040;;;0;KM-11;Colis?úo;;Bom;Seca;Meio de Quadra;;;0;0;2;1;0;0;0;0;0;0;0;0;-3,849626230000000;-38,476069890000000
304997;2;2;2017;13:26;0;AV LINEU MACHADO;;;330;;Colis?úo Traseira;Luz do Dia;Bom;Seca;Meio de Quadra;Sem?íforo;Comercial;0;2;0;1;0;0;0;0;0;0;0;0;-3,763387000000000;-38,575569000000000
305001;2;2;2017;15:40;16039;AV PRS COSTA E SILVA;RUA CEL TIBURCIO;;0;;Colis?úo Traseira;Luz do Dia;Bom;Seca;Cruz;Sem?íforo;Residencial;0;2;0;0;1;0;0;0;0;1;0;0;-3,812167000000000;-38,573703000000000
317449;2;2;2017;06:56;0;RUA MARQ DE ABRANTES;;;433;;Colis?úo;Luz do Dia;;;Meio de Quadra;;;0;2;0;0;0;0;0;0;0;1;0;0;;
317450;2;2;2017;06:57;0;AV DIOGUINHO;;;2539;;Colis?úo;Luz do Dia;;;Meio de Quadra;;;0;1;0;1;0;0;0;0;0;1;0;0;-3,738439000000000;-38,455063000000000
317456;2;2;2017;10:11;0;AV C CJ CEARA;;;0;;Queda;Luz do Dia;;;Meio de Quadra;;;0;1;0;0;0;1;0;0;0;0;0;0;;
317452;2;2;2017;07:30;0;RUA CON DE CASTRO;;;1230;;Colis?úo;Luz do Dia;;;Meio de Quadra;;;0;1;0;1;0;0;0;0;0;1;0;0;-3,783157000000000;-38,571728000000000
317453;2;2;2017;07:33;0;AV B CJ CEARA;;;1277;;Colis?úo;Luz do Dia;;;Meio de Quadra;;;0;1;0;1;0;0;0;0;0;1;0;0;-3,771413000000000;-38,610108000000000
317454;2;2;2017;09:49;0;RUA DAS PEDRINHAS;;;507;;Colis?úo;Luz do Dia;;;Meio de Quadra;;;0;2;0;0;0;0;0;0;0;1;0;0;-3,762976000000000;-38,600333000000000
317483;2;2;2017;18:07;0;AV PRS CASTELO BRANCO;;;3311;;Queda;Anoitecer;;;Meio de Quadra;;;0;0;1;0;0;0;0;0;0;1;0;0;-3,710551000000000;-38,560795000000000
317490;2;2;2017;18:27;0;RUA MARTINS DE CASTRO;;;0;;Queda;Anoitecer;;;Meio de Quadra;;;0;1;0;0;0;0;0;0;0;1;0;0;;
317491;2;2;2017;18:45;0;RUA ANTERO QUENTAL;;;100;;Atropelamento;;;;Meio de Quadra;;;0;1;0;0;0;0;0;0;0;1;0;0;-3,851835500000000;-38,492794900000000
317492;2;2;2017;19:08;25058;AV AUGUSTO DOS ANJOS;RUA VITAL BRASIL;;0;;Colis?úo;;;;T;Outros;Residencial;0;1;0;1;0;0;0;0;0;1;0;0;-3,782734000000000;-38,581387000000000
317493;2;2;2017;19:48;0;AV MR HULL;;;2800;;Colis?úo Transversal;Via Iluminada;;Seca;Meio de Quadra;;;0;1;2;1;0;0;0;0;0;1;0;0;-3,736820300000000;-38,569730800000000
317462;2;2;2017;11:09;0;AV BORGES DE MELO;;;124;;Colis?úo;Luz do Dia;;;Meio de Quadra;;;0;1;0;1;0;0;0;0;0;1;0;0;-3,761333000000000;-38,520120000000000
317458;2;2;2017;10:32;0;RUA SAO FRANCISCO D34;;;525;;Colis?úo;Luz do Dia;;;Meio de Quadra;;;0;1;0;0;0;0;1;0;0;1;0;0;-3,783821000000000;-38,591324000000000
317460;2;2;2017;10:37;24970;AV ALM HENRIQUE SABOIA;RUA VICENTE LEITE;;0;;Colis?úo;Luz do Dia;;;T;N?úo H?í Controle;Residencial;0;1;0;1;0;0;0;0;0;1;0;0;-3,752102000000000;-38,499821000000000
317464;2;2;2017;13:24;0;AV DIOGUINHO;;;1620;;Colis?úo;Luz do Dia;;;Meio de Quadra;;;0;2;0;1;0;0;0;0;0;1;0;0;-3,731460600000000;-38,458934600000000
317466;2;2;2017;13:33;0;RUA BAR AQUIRAZ;;;1000;;Colis?úo;Luz do Dia;;;Meio de Quadra;;;0;1;0;1;0;0;0;0;0;1;0;0;-3,837508000000000;-38,487948000000000
317472;2;2;2017;15:16;0;AV PRO JOSE ARTHUR CARVALHO;;;2209;;Colis?úo;Luz do Dia;;;Meio de Quadra;;;0;1;0;1;0;0;0;0;0;1;0;0;-3,824533000000000;-38,459345000000000
317477;2;2;2017;15:36;0;AV I CJ CEARA;;;1860;;Colis?úo;Luz do Dia;;;Meio de Quadra;;;0;1;0;0;0;0;0;0;0;0;0;0;;
317478;2;2;2017;15:47;5448;RUA BAR ARATANHA;RUA METON DE ALENCAR;;0;;Colis?úo;Luz do Dia;;;Cruz;Pare;Comercial;0;1;0;1;0;0;0;0;0;1;0;0;-3,734847000000000;-38,527028000000000
317479;2;2;2017;17:11;0;AV E CJ CEARA;;;90;;Colis?úo;Anoitecer;;;Meio de Quadra;;;0;1;0;1;0;0;0;0;0;1;0;0;-3,759791000000000;-38,604508000000000
317480;2;2;2017;17:24;0;AV ALBERTO CRAVEIRO;;;1636;;Colis?úo;Anoitecer;;;Meio de Quadra;;;0;1;0;0;0;0;0;0;0;1;0;0;-3,793804000000000;-38,517751000000000
317481;2;2;2017;17:57;0;AV EDUARDO GIRAO;;;0;;Queda;Anoitecer;;;Meio de Quadra;;;0;1;0;0;0;0;0;0;0;1;0;0;;
317509;2;2;2017;22:24;0;AV DR SILAS MUNGUBA;;;3851;;Atropelamento;;;;Meio de Quadra;;;0;1;0;0;0;0;0;0;0;1;0;0;-3,790684000000000;-38,539434000000000
317495;2;2;2017;20:22;0;AV SGT HERMINIO SAMPAIO;;;0;;Atropelamento;;;;Meio de Quadra;;;0;1;0;1;0;0;0;0;0;0;0;0;;
317469;2;2;2017;14:00;24215;AV ENG SANTANA JUNIOR;RUA FAUSTO CABRAL;;0;;Colis?úo;Luz do Dia;;;Cruz;Pare;Residencial;0;1;0;0;0;0;1;0;0;1;0;0;-3,732588000000000;-38,480150000000000
317470;2;2;2017;14:44;0;AV DR SILAS MUNGUBA;;;3059;;Colis?úo;Luz do Dia;;;Meio de Quadra;;;0;1;0;1;0;0;0;0;0;1;0;0;-3,788379000000000;-38,546038000000000
295150;2;2;2017;23:32;0;AV PRS CASTELO BRANCO;;;1980;;Atropelamento;;;;Meio de Quadra;;;1;0;1;0;0;0;0;0;0;1;0;0;-3,714792200000000;-38,545552800000000
304529;2;2;2017;07:00;0;RUA BERNARDO MANUEL;;;8042;;Colis?úo Lateral;Luz do Dia;;;Meio de Quadra;;;0;0;2;1;0;0;1;0;0;0;0;0;-3,789706000000000;-38,548671000000000
304540;2;2;2017;14:30;0;AV DR SILAS MUNGUBA;;;0;;Colis?úo Lateral;Luz do Dia;;;Meio de Quadra;;;0;1;1;0;0;0;0;0;0;1;0;0;;
304234;2;2;2017;14:10;9054;RUA ARTHUR TEMOTEO;RUA LAURO MAIA;;0;;Colis?úo Lateral;Luz do Dia;;;Cruz;Pare;Misto;0;0;2;1;0;0;0;0;0;1;0;0;-3,745539000000000;-38,523244000000000
304216;2;2;2017;13:10;1462;RUA JOAO CARVALHO;RUA NUNES VALENTE;;0;;Colis?úo Transversal;Luz do Dia;;;Cruz;Pare;Residencial;0;0;2;1;0;0;0;0;0;0;0;0;-3,738599000000000;-38,504491000000000
304364;2;2;2017;07:30;0;AV ALANIS MARIA LAURINDO DE OLIVEIRA;;;1270;;Colis?úo Lateral;Luz do Dia;;;Meio de Quadra;;;0;1;1;1;0;0;0;0;0;1;0;0;;
304456;2;2;2017;08:30;0;RUA EMILIO DE MENESES;;;1099;;Colis?úo;Luz do Dia;;;Meio de Quadra;;;0;1;1;1;0;0;0;0;0;1;0;0;-3,780621000000000;-38,591401000000000
307337;2;2;2017;08:33;0;AV DIOGUINHO;;;2573;;Colis?úo Traseira;Luz do Dia;Bom;Seca;Meio de Quadra;N?úo H?í Controle;Comercial;0;0;1;0;1;0;0;0;0;1;0;0;-3,738876600000000;-38,454926000000000
307338;2;2;2017;08:31;5371;RUA VINTE E QUATRO DE MAIO;RUA GAL CLARINDO DE QUEIROZ;;0;;Colis?úo Transversal;Luz do Dia;Bom;Seca;Cruz;Pare;Comercial;0;1;1;1;0;0;0;0;0;1;0;0;-3,731626500000000;-38,533546000000000
307339;2;2;2017;08:59;5279;RUA COSTA BARROS;RUA NOGUEIRA ACIOLI;;0;;Colis?úo Transversal;Luz do Dia;Bom;Seca;Cruz;Pare;Comercial;0;0;2;1;0;0;0;0;0;0;0;0;-3,728719000000000;-38,516502000000000
307340;2;2;2017;10:00;0;RUA BARBOSA DE FREITAS;;;2574;;Colis?úo Traseira;Luz do Dia;Bom;Seca;Meio de Quadra;N?úo H?í Controle;Residencial;0;0;2;1;0;0;0;0;0;0;0;0;-3,749548700000000;-38,501290000000000
307342;2;2;2017;08:15;3324;RUA VIRIATO RIBEIRO;RUA URUGUAI;;0;;Colis?úo Transversal;Luz do Dia;Bom;Seca;Cruz;Pare;Comercial;0;1;1;1;1;0;0;0;0;0;0;0;-3,748121500000000;-38,563217000000000
307343;2;2;2017;10:30;5448;RUA METON DE ALENCAR;RUA BAR ARATANHA;;0;;Colis?úo Transversal;Luz do Dia;Bom;Seca;Cruz;Pare;Comercial;0;1;1;1;0;0;0;0;0;1;0;0;-3,734900200000000;-38,526990000000000
307344;2;2;2017;11:00;24970;RUA VICENTE LEITE;AV ALM HENRIQUE SABOIA;;0;;Colis?úo Traseira;Luz do Dia;Bom;Seca;Meio de Quadra;N?úo H?í Controle;Residencial;0;0;2;1;0;0;0;0;0;0;0;0;-3,752009000000000;-38,499527000000000
307345;2;2;2017;12:56;6756;AV ENG SANTANA JUNIOR;AV ANTONIO SALES;;0;;Colis?úo Traseira;Luz do Dia;Bom;Seca;Y;Pare;Comercial;0;0;2;1;0;0;0;0;0;0;0;0;-3,748721000000000;-38,489810000000000
307346;2;2;2017;12:43;0;AV ANTONIO SALES;;;2377;;Colis?úo Traseira;Luz do Dia;Bom;Seca;Meio de Quadra;Pare;Comercial;0;0;2;0;0;0;0;0;0;0;0;0;-3,745178500000000;-38,502457000000000
307347;2;2;2017;14:10;0;AV AGUANAMBI;;;0;;Colis?úo Lateral;Luz do Dia;Bom;Seca;Rotat??ria;Sem?íforo;Residencial;0;0;2;1;0;0;0;0;0;0;0;0;-3,755216800000000;-38,523067000000000
307348;2;2;2017;15:50;5209;RUA JOAO CORDEIRO;RUA TEN BENEVOLO;;0;;Colis?úo Lateral;Luz do Dia;Bom;Seca;Outros;Pare;Comercial;0;0;2;1;0;0;0;0;0;0;0;0;-3,726304300000000;-38,513367000000000
307349;2;2;2017;18:20;17377;RUA BAR CANINDE;RUA ELVIRA PINHO;;0;;Colis?úo Transversal;Via Iluminada;Bom;Seca;Cruz;Pare;Comercial;0;2;2;1;1;0;0;0;0;0;0;0;-3,766856700000000;-38,556206000000000
307351;2;2;2017;19:21;0;AV DR SILAS MUNGUBA;;;0;;Colis?úo Traseira;Via Iluminada;Bom;Seca;Rotat??ria;D?¬ Prefer?¬ncia;Lazer;0;0;2;1;0;0;0;0;0;0;0;0;-3,807330600000000;-38,525414000000000
307352;2;2;2017;18:45;0;RUA DR JOSE LOURENCO;;;1821;;Colis?úo Traseira;Mal Iluminada;Bom;Seca;Cruz;Pare;Residencial;0;0;2;1;0;0;0;0;0;0;0;0;-3,739503900000000;-38,509335000000000
307353;2;2;2017;18:15;7209;RUA DNA MENDINHA;RUA IRINEU DE SOUZA;;0;;Colis?úo Transversal;Via Iluminada;Bom;Seca;Cruz;Pare;Residencial;0;1;1;0;0;0;0;0;0;1;0;0;-3,710029000000000;-38,570248000000000
307354;2;2;2017;19:45;0;RUA BOM JESUS (JD DAS OLIVEIRAS);;;1653;;Colis?úo Lateral;Via Iluminada;Bom;Seca;Cruz;N?úo H?í Controle;Residencial;0;0;2;1;0;0;0;0;0;0;0;0;-3,792661400000000;-38,607006000000000
307355;2;2;2017;19:45;0;AV ENG JOS?ë GUIMAR?âES;RUA JOSE DE RIBAMAR;;0;;Colis?úo Transversal;Via Iluminada;Bom;Seca;Cruz;Pare;Residencial;0;0;2;1;0;0;0;0;0;0;0;0;-3,803576700000000;-38,492360000000000
307356;2;2;2017;20:20;0;AV BEZERRA DE MENEZES;;;2166;;Colis?úo Lateral;Via Iluminada;Bom;Seca;Cruz;Sem?íforo;Comercial;0;2;1;1;0;0;0;0;0;1;0;0;-3,735397600000000;-38,564106000000000
307357;2;2;2017;19:30;25028;AV AUGUSTO DOS ANJOS;RUA ARARAQUARA;;0;;Colis?úo Transversal;Via Iluminada;Bom;Seca;T;Sem?íforo;Residencial;0;0;2;1;1;0;0;0;0;0;0;0;-3,781693200000000;-38,580513000000000
307444;2;2;2017;22:45;0;AV DR SILAS MUNGUBA;;;6664;;Atropelamento;Via Iluminada;Nublado;Seca;Meio de Quadra;N?úo H?í Controle;Comercial;0;2;0;0;0;0;0;0;0;1;0;0;-3,790565000000000;-38,539790000000000
307757;3;2;2017;16:56;22127;RUA MAJ PEDRO SAMPAIO;RUA GUSTAVO BRAGA;;0;;Colis?úo Transversal;Luz do Dia;Bom;Seca;Cruz;Pare;Residencial;0;1;1;1;0;0;0;0;0;0;0;0;-3,748536300000000;-38,555410000000000
307358;3;2;2017;08:10;0;RUA ELDORADO;RUA H ESPL CASTELAO;;0;;Colis?úo Lateral;Luz do Dia;Bom;Seca;T;Pare;Residencial;0;1;2;1;0;0;0;0;0;1;0;0;-3,818668000000000;-38,527676000000000
307359;3;2;2017;09:58;0;RUA REPUBLICA ARMENIA;;;762;;Colis?úo Lateral;Luz do Dia;Bom;Seca;Meio de Quadra;D?¬ Prefer?¬ncia;Comercial;0;0;2;0;0;0;0;0;0;0;0;0;-3,788645300000000;-38,481354000000000
307360;3;2;2017;10:03;0;AV AGUANAMBI;;;605;;Colis?úo Traseira;Luz do Dia;Bom;Seca;T;N?úo H?í Controle;Comercial;0;1;1;1;0;0;0;0;0;1;0;0;-3,740842300000000;-38,525420000000000
307361;3;2;2017;13:05;5279;RUA NOGUEIRA ACIOLI;RUA COSTA BARROS;;536;;Colis?úo Transversal;Luz do Dia;Bom;Seca;Cruz;Pare;Comercial;0;0;2;1;0;0;0;0;0;0;0;0;-3,728542800000000;-38,516340000000000
307362;3;2;2017;09:00;0;AV FRE CIRILO;;;3451;;Colis?úo Lateral;Luz do Dia;Bom;Seca;Meio de Quadra;Sem?íforo;Comercial;0;0;2;1;0;0;0;0;0;0;0;0;-3,814834800000000;-38,498610000000000
307363;3;2;2017;11:30;25068;AV DOS EXPEDICIONARIOS;RUA STA QUITERIA;;0;;Colis?úo Transversal;Luz do Dia;Bom;Seca;Cruz;Sem?íforo;Comercial;0;0;2;1;0;0;0;0;0;0;0;0;-3,738510100000000;-38,509010000000000
307364;3;2;2017;15:14;0;RUA BAR RIO BRANCO;;;1965;;Colis?úo Traseira;Luz do Dia;Bom;Seca;Meio de Quadra;N?úo H?í Controle;Comercial;0;0;2;1;0;0;0;0;0;0;0;0;-3,741027400000000;-38,525883000000000
307365;3;2;2017;16:23;0;AV SANTOS DUMONT;;;2525;;Colis?úo Transversal;Luz do Dia;Bom;Seca;Meio de Quadra;N?úo H?í Controle;Comercial;0;0;2;1;0;0;0;0;0;0;0;0;-3,735247000000000;-38,501600000000000
307366;3;2;2017;16:20;14449;RUA DEMOCRITO ROCHA;RUA JOSE CANDIDO D08;;0;;Colis?úo Frontal;Luz do Dia;Bom;Seca;Cruz;Pare;Residencial;0;0;2;1;0;0;0;0;0;0;0;0;-3,726161700000000;-38,550570000000000
307367;3;2;2017;17:20;0;AV HIS RAIMUNDO GIRAO;;;100;;Colis?úo Lateral;Anoitecer;Bom;Seca;Meio de Quadra;Sem?íforo;Comercial;0;0;2;1;0;0;0;0;0;0;0;0;-3,720424000000000;-38,513836000000000
307368;3;2;2017;17:50;0;AV CARAPINIMA;;;1786;;Colis?úo Lateral;Via Iluminada;Bom;Seca;Meio de Quadra;N?úo H?í Controle;Residencial;0;0;2;1;0;0;0;0;0;0;0;0;-3,737088400000000;-38,537340000000000
307369;3;2;2017;18:30;0;AV CARAPINIMA;;;2250;;Colis?úo Traseira;Mal Iluminada;Bom;Seca;Meio de Quadra;N?úo H?í Controle;Comercial;0;0;2;1;1;0;0;0;0;0;0;0;-3,740065000000000;-38,540394000000000
304437;3;2;2017;18:40;21391;RUA MAL LOTT;RUA CHICO LEMOS;;0;;Outros;Via Iluminada;Bom;Seca;Cruz;Pare;Residencial;0;0;4;1;0;0;0;0;0;0;0;0;-3,800779000000000;-38,494904000000000
304267;3;2;2017;15:30;25159;AV ALM MAXIMIANO DA FONSECA;AV MIGUEL DIAS;;0;;Colis?úo Traseira;Luz do Dia;Bom;;Cruz;Sem?íforo;Residencial;0;0;2;1;0;0;0;0;0;0;0;0;-3,770833000000000;-38,487945000000000
304274;3;2;2017;14:07;0;AV AMERICO BARREIRA;;;5886;;Engavetamento;Luz do Dia;Bom;Seca;Meio de Quadra;;Residencial;0;1;3;1;0;0;0;0;0;0;0;0;-3,763412000000000;-38,566308900000000
304269;3;2;2017;02:00;3860;AV 13 DE MAIO;AV DA UNIVERSIDADE;;0;;Queda;Via Iluminada;Bom;Seca;Cruz;Sem?íforo;Outros;0;1;0;0;0;0;0;0;0;1;0;0;-3,740962000000000;-38,539107000000000
304287;3;2;2017;16:30;0;AV HERACLITO GRACA;;;600;;Colis?úo Traseira;Luz do Dia;Bom;Seca;Meio de Quadra;Sem?íforo;Comercial;0;0;2;1;0;0;0;0;0;0;0;0;-3,735353000000000;-38,518772000000000
304299;3;2;2017;09:00;0;RUA BERNARDO MANUEL;;;8631;;Colis?úo Transversal;Luz do Dia;Bom;Seca;Meio de Quadra;Outros;Comercial;0;0;2;1;1;0;0;0;0;0;0;0;-3,795085000000000;-38,550309000000000
304300;3;2;2017;02:00;19061;RUA JOSE CARLOS GURGEL NOGUEIRA;RUA TARCISIO BONFIM;;0;;Colis?úo Transversal;Via Iluminada;Bom;Seca;Cruz;Pare;Residencial;0;1;1;0;0;0;0;0;0;1;0;0;-3,736621000000000;-38,476135000000000
304482;3;2;2017;20:30;12614;AV CEL CARVALHO;RUA COS LAFAYETE;;0;;Colis?úo Traseira;Anoitecer;Bom;Seca;Cruz;Sem?íforo;Comercial;0;3;0;1;0;0;0;0;0;1;0;0;-3,717512000000000;-38,587938000000000
304484;3;2;2017;11:55;5357;RUA PEDRO I;RUA MAJ FACUNDO;;0;;Colis?úo Transversal;Luz do Dia;Bom;Seca;Cruz;N?úo H?í Controle;Comercial;0;0;2;1;0;0;0;0;0;0;0;0;-3,731113000000000;-38,528990000000000
304485;3;2;2017;07:30;5039;AV ALBERTO NEPOMUCENO;RUA PESSOA ANTA;;0;;Choque c/ Obst?ículo Fixo;Luz do Dia;Bom;Seca;Cruz;Sem?íforo;Comercial;0;0;1;1;0;0;0;0;0;0;0;0;-3,721257000000000;-38,523212000000000
317540;3;2;2017;00:41;0;AV PERIMETRAL;;;197;;Queda;;;;Meio de Quadra;;;0;2;0;0;0;0;0;0;0;1;0;0;;
317534;3;2;2017;00:00;0;RUA MARIA JULIA;;;50;;Colis?úo;;;;Meio de Quadra;;;0;1;0;0;1;0;0;0;0;1;0;0;-3,785923000000000;-38,597920000000000
317634;3;2;2017;23:24;0;RUA 26 CJ BEIRA RIO;;;160;;Atropelamento;;;;Meio de Quadra;;;0;1;0;0;0;0;0;0;0;1;0;0;;
317637;3;2;2017;23:46;0;RUA ROSA CRUZ;;;447;;Queda;;;;Meio de Quadra;;;0;1;0;0;0;0;0;0;0;1;0;0;-3,798429000000000;-38,568335000000000
317620;3;2;2017;22:01;0;AV ROGACIANO LEITE;;;2619;;Colis?úo;;;;Meio de Quadra;;;0;2;0;1;0;0;0;0;0;1;0;0;-3,781040000000000;-38,501783000000000
317621;3;2;2017;22:13;0;AV DOS JANGADEIROS;;;681;;Colis?úo;;;;Meio de Quadra;;;0;1;0;1;0;0;0;0;0;1;0;0;-3,724575300000000;-38,477743600000000
317622;3;2;2017;22:20;0;RUA GAL BERNARDO FIGUEIREDO;;;3021;;Atropelamento;;;;Meio de Quadra;;;0;1;0;0;0;0;0;0;0;1;0;0;-3,742460000000000;-38,565402000000000
317623;3;2;2017;23:02;0;RUA JULIO CESAR D12;;;1149;;Queda;;;;Meio de Quadra;;;0;1;0;0;0;1;0;0;0;0;0;0;-3,752638000000000;-38,545187000000000
317612;3;2;2017;20:06;0;RUA DNA MENDINHA;;;1139;;Colis?úo;;;;Meio de Quadra;;;0;1;0;1;0;0;0;0;0;1;0;0;-3,713074000000000;-38,571400000000000
317614;3;2;2017;20:55;0;RUA COELHO NETO;;;850;;Colis?úo;;;;Meio de Quadra;;;0;2;0;0;0;0;0;0;0;1;0;0;-3,716793000000000;-38,573924000000000
317615;3;2;2017;21:36;0;RUA PIAUI;;;1110;;Atropelamento;;;;Meio de Quadra;;;0;1;0;0;0;1;0;0;0;0;0;0;-3,755163000000000;-38,569157000000000
317610;3;2;2017;19:47;0;RUA BARTOLOMEU DE GUSMAO;;;1115;;Colis?úo;;;;Meio de Quadra;;;0;1;0;1;0;1;0;0;0;0;0;0;-3,758781000000000;-38,527656000000000
317605;3;2;2017;19:00;0;RD BR 116;;;6000;KM-06;Colis?úo;;;;Meio de Quadra;;;0;1;0;1;0;0;0;0;0;1;0;0;-3,804691000000000;-38,503053000000000
317607;3;2;2017;19:34;0;RUA EUCLIDES O DE SOUSA;;;1377;;Colis?úo;;;;Meio de Quadra;;;0;1;0;0;0;0;0;0;0;0;0;0;-3,797221000000000;-38,467830000000000
317598;3;2;2017;17:02;0;AV PRO JOSE ARTHUR CARVALHO;;;1001;;Queda;Anoitecer;;;Meio de Quadra;;;0;2;0;0;0;0;0;0;0;1;0;0;-3,826994000000000;-38,470328000000000
317599;3;2;2017;17:08;0;RD BR 116;;;1000;KM-01;Queda;Anoitecer;;;Meio de Quadra;;;0;1;0;0;0;0;0;0;0;1;0;0;-3,762554000000000;-38,518702000000000
317600;3;2;2017;17:47;0;AV GOV RAUL BARBOSA;;;7244;;Colis?úo;Anoitecer;;;Meio de Quadra;;;0;1;0;1;0;0;0;0;0;1;0;0;-3,775921000000000;-38,513081000000000