COD_ACIDENTE;DIA;MES;ANO;HORA;INTERSECAO;LOG1;LOG2;LOG3;NUMERO;REFERENCIA;NATUREZA;ILUMINACAO;TEMPO;SUPERFICIEPISTA;TIPOCRUZAMENTO;CONTROLETRAFEGO;USOSOLO;MORTOS;FERIDOS;ILESOS;AUTOMOVEL;ONIBUS;BICICLETA;CAMINHAO;MICROONIBUS;CICLOMOTOR;MOTOCICLETA;TRACAOANIMAL;TREM;LATITUDE;LONGITUDE
317601;3;2;2017;18:40;0;RUA COSTA BARROS;;;1511;;Colis?úo;;;;Meio de Quadra;;;0;1;0;1;0;0;0;0;0;1;0;0;;
317602;3;2;2017;18:51;5394;RUA METON DE ALENCAR;AV TRISTAO GONCALVES;;0;;Colis?úo;;;;Cruz;Sem?íforo;Comercial;0;1;0;1;0;0;0;0;0;1;0;0;-3,732327000000000;-38,534777000000000
317596;3;2;2017;15:03;0;AV ABOLICAO;;;4603;;Atropelamento;Luz do Dia;;;Meio de Quadra;;;0;1;0;0;0;0;0;0;0;0;0;0;-3,722953000000000;-38,480190000000000
317593;3;2;2017;13:29;0;RUA RAIMUNDO BIZARRIA;;;374;;Colis?úo;Luz do Dia;;;Meio de Quadra;;;0;1;0;1;0;0;0;0;0;1;0;0;-3,723062000000000;-38,578956000000000
317581;3;2;2017;11:22;0;AV PRS JUSCELINO KUBITSCHEK (PASSAR?ë);;;3290;;Queda;Luz do Dia;;;Meio de Quadra;;;0;2;0;0;0;0;0;0;0;1;0;0;-3,809356000000000;-38,526655000000000
317589;3;2;2017;12:34;0;RUA SGT JOAO PINHEIRO;;;0;;Queda;Luz do Dia;;;Meio de Quadra;;;0;1;0;0;0;0;0;0;0;1;0;0;;
317590;3;2;2017;12:41;0;RUA DR JUSTA ARAUJO D45;;;485;;Colis?úo;Luz do Dia;;;Meio de Quadra;;;0;1;0;1;0;0;0;0;0;1;0;0;-3,779969000000000;-38,551562000000000
317552;3;2;2017;05:42;0;RUA COSTA BARROS;;;1141;;Colis?úo;Amanhecer;;;Meio de Quadra;;;0;1;0;1;0;0;0;0;0;1;0;0;-3,729699000000000;-38,513544000000000
317553;3;2;2017;08:15;0;RUA RUI MONTE;;;368;;Colis?úo;Luz do Dia;;;Meio de Quadra;;;0;1;0;1;0;0;0;0;0;1;0;0;-3,742603000000000;-38,587339000000000
317554;3;2;2017;08:38;0;RUA BAR AQUIRAZ;;;3150;;Colis?úo;Luz do Dia;;;Meio de Quadra;;;0;1;0;1;0;0;0;0;0;1;0;0;-3,852665000000000;-38,474449000000000
317555;3;2;2017;08:42;0;AV GODOFREDO MACIEL;;;5792;;Queda;Luz do Dia;;;Meio de Quadra;;;0;1;0;0;0;0;0;0;0;1;0;0;-3,825199000000000;-38,579084000000000
317557;3;2;2017;08:56;0;RUA EMILIO DE MENESES;;;444;;Colis?úo;Luz do Dia;;;Meio de Quadra;;;0;1;0;1;0;0;0;0;0;1;0;0;-3,782206000000000;-38,585820000000000
317542;3;2;2017;01:12;0;RUA CEL MATOS DOURADO;;;685;;Colis?úo;;;;Meio de Quadra;;;0;1;0;0;0;0;0;0;0;0;0;0;-3,745012000000000;-38,584869000000000
317545;3;2;2017;03:12;0;AV HILDEBRANDO DE MELO;;;1965;;Queda;;;;Meio de Quadra;;;0;1;0;0;0;0;0;0;0;1;0;0;-3,725952300000000;-38,589326538000000
317568;3;2;2017;09:52;0;RUA DUAS NACOES;;;1375;;Colis?úo;Luz do Dia;;;Meio de Quadra;;;0;1;0;0;0;0;0;0;0;1;0;0;-3,783224000000000;-38,603779000000000
317569;3;2;2017;09:52;0;RUA ROSALVO QUINDERE;;;449;;Colis?úo;Luz do Dia;;;Meio de Quadra;;;0;1;0;1;0;0;0;0;0;1;0;0;-3,729988300000000;-38,591690800000000
317570;3;2;2017;11:17;0;RUA PDE PEDRO DE ALENCAR;;;1620;;Colis?úo;Luz do Dia;;;Meio de Quadra;;;0;2;0;1;0;0;0;0;0;1;0;0;-3,842333000000000;-38,494326000000000
317574;3;2;2017;11:17;0;AV GAL OSORIO DE PAIVA;;;6690;;Colis?úo;Luz do Dia;;;Meio de Quadra;;;0;1;0;1;0;0;1;0;0;0;0;0;-3,812307000000000;-38,609400000000000
318094;3;2;2017;07:56;5108;RUA SAO PAULO;RUA PRC ISABEL;;0;;Colis?úo;Luz do Dia;;;Cruz;Pare;Comercial;0;2;0;1;0;0;0;0;0;1;0;0;-3,723679000000000;-38,534619000000000
316960;3;2;2017;09:55;0;AV SEN CARLOS JEREISSATI (AEROPORTO);;;0;KM 02;Colis?úo;Luz do Dia;Bom;Seca;Meio de Quadra;;;0;0;2;1;0;0;0;0;0;0;0;0;-3,782194000000000;-38,535424000000000
316963;3;2;2017;;0;RD CE-040;;;0;KM-04;Colis?úo;;Bom;Seca;Meio de Quadra;;;0;0;2;1;0;0;1;0;0;0;0;0;-3,791613156000000;-38,480330840000000
317639;4;2;2017;03:29;0;AV CEL CARVALHO;;;217;;Colis?úo;;;;Meio de Quadra;;;0;1;0;1;0;0;0;0;0;1;0;0;-3,704885000000000;-38,591184000000000
317640;4;2;2017;06:35;0;RUA STA LUZIA;;;136;;Queda;Luz do Dia;;;Meio de Quadra;;;0;0;1;0;0;1;0;0;0;0;0;0;;
317641;4;2;2017;06:55;0;AV BEZERRA DE MENEZES;;;0;;Colis?úo;Luz do Dia;;;Meio de Quadra;;;0;1;0;0;0;0;0;0;0;0;0;0;;
317665;4;2;2017;10:27;0;AV JOAO PESSOA;;;638;;Colis?úo;Luz do Dia;;;Meio de Quadra;;;0;1;0;1;0;0;0;0;0;1;0;0;;
317666;4;2;2017;10:31;0;RUA CANUTO DE AGUIAR;;;1580;;Colis?úo;Luz do Dia;;;Meio de Quadra;;;0;1;0;1;0;0;0;0;0;1;0;0;-3,732107697000000;-38,490890619000000
317659;4;2;2017;10:07;6535;RUA 345 CJ CEARA;AV G CJ CEARA;;0;;Queda;Luz do Dia;;;;;;0;1;0;0;0;1;0;0;0;0;0;0;-3,774906000000000;-38,610185000000000
317643;4;2;2017;07:26;0;AV DR SILAS MUNGUBA;;;0;;Colis?úo;Luz do Dia;;;Meio de Quadra;;;0;1;0;1;0;0;0;0;0;1;0;0;;
317646;4;2;2017;07:56;0;AV PLACIDO CASTELO;;;474;;Colis?úo;Luz do Dia;;;Meio de Quadra;;;0;1;1;1;0;0;0;0;0;1;0;0;-3,783125000000000;-38,507605000000000
317650;4;2;2017;09:51;25158;AV WASHINGTON SOARES;AV ALM MAXIMIANO DA FONSECA;;0;;Colis?úo;Luz do Dia;;;Cruz;Sem?íforo;Escola;0;2;0;1;0;0;0;0;0;1;0;0;-3,771482000000000;-38,482016000000000
317652;4;2;2017;10:04;0;AV DIOGUINHO;;;0;;Colis?úo;Luz do Dia;;;Meio de Quadra;;;0;1;0;1;0;0;0;0;0;1;0;0;;
317648;4;2;2017;09:17;0;AV GODOFREDO MACIEL;;;0;;Colis?úo;Luz do Dia;;;Meio de Quadra;;;0;0;1;1;0;0;0;0;0;1;0;0;;
317679;4;2;2017;17:12;0;RUA CAP OLAVO;;;647;;Colis?úo;Anoitecer;;;Meio de Quadra;;;0;2;0;1;0;0;0;0;0;1;0;0;;
317683;4;2;2017;17:46;0;AV DR SILAS MUNGUBA;;;1409;;Colis?úo;Anoitecer;;;Meio de Quadra;;;0;1;0;1;0;0;0;0;0;1;0;0;-3,783882000000000;-38,553957000000000
317697;4;2;2017;18:03;0;RUA EUCLIDES O DE SOUSA;;;8880;;Atropelamento;Anoitecer;;;Meio de Quadra;;;0;1;0;1;0;0;0;0;0;0;0;0;-3,797415500000000;-38,470417900000000
317669;4;2;2017;11:13;0;AV CASTELO DE CASTRO;;;435;;Atropelamento;Luz do Dia;;;Meio de Quadra;;;0;1;0;0;0;0;0;0;0;1;0;0;-3,832979000000000;-38,521555000000000
317670;4;2;2017;12:12;0;AV AGUANAMBI;;;560;;Queda;Luz do Dia;;;Meio de Quadra;;;0;2;0;0;0;0;0;0;0;1;0;0;-3,746605241000000;-38,525171121000000
317672;4;2;2017;13:14;1328;RUA ILDEFONSO ALBANO;RUA JOVINO GUEDES;;0;;Colis?úo;Luz do Dia;;;Cruz;Pare;Escola;0;1;0;0;0;0;0;0;0;0;0;0;-3,735393000000000;-38,513863000000000
317673;4;2;2017;14:27;0;AV GAL OSORIO DE PAIVA;;;0;;Colis?úo;Luz do Dia;;;Meio de Quadra;;;0;1;0;0;0;0;0;0;0;1;0;0;;
317674;4;2;2017;15:18;5448;RUA METON DE ALENCAR;RUA BAR ARATANHA;;0;;Colis?úo;Luz do Dia;;;Cruz;Pare;Comercial;0;1;0;1;0;0;0;0;0;1;0;0;-3,734847000000000;-38,527028000000000
317675;4;2;2017;15:28;0;AV H CJ CEARA;;;1280;;Colis?úo;Luz do Dia;;;Meio de Quadra;;;0;1;0;1;0;0;0;0;0;1;0;0;;
317677;4;2;2017;16:03;26083;AV BEZERRA DE MENEZES;AV JOSE JATAHY;;0;;Colis?úo;Luz do Dia;;;Cruz;Sem?íforo;Comercial;0;1;0;1;0;0;0;0;0;1;0;0;-3,731558666000000;-38,544826854000000
317725;4;2;2017;19:27;0;AV DOS EXPEDICIONARIOS;;;4773;;Colis?úo;;;;Meio de Quadra;;;0;1;0;1;0;0;0;0;0;1;0;0;-3,760917000000000;-38,539970000000000
317727;4;2;2017;19:30;0;AV C CJ HAB ST SAO JOAO;;;0;;Colis?úo;;;;Meio de Quadra;;;0;1;0;0;0;0;0;0;0;1;0;0;;
317723;4;2;2017;19:04;0;RUA TULIPA;;;505;;Colis?úo;;;;Meio de Quadra;;;0;1;0;0;0;0;0;0;0;0;0;0;-3,714803000000000;-38,579671000000000
317721;4;2;2017;19:08;0;RUA EUDES CARDOSO;;;217;;Colis?úo;;;;Meio de Quadra;;;0;2;0;1;0;0;0;0;0;1;0;0;-3,825627000000000;-38,491241000000000
317710;4;2;2017;18:16;0;AV MOZART PINHEIRO DE LUCENA;;;1711;;Colis?úo;Anoitecer;;;Meio de Quadra;;;0;2;0;1;0;0;0;0;0;1;0;0;-3,717925000000000;-38,595600000000000
317715;4;2;2017;18:37;0;RUA MAJ PEDRO SAMPAIO;;;33;;Queda;;;;Meio de Quadra;;;0;1;0;0;0;0;0;0;0;1;0;0;-3,738274000000000;-38,546226000000000
317716;4;2;2017;18:56;19366;RUA GERMANO FRANCK;AV DR SILAS MUNGUBA;;0;;Colis?úo;;;;Cruz;Sem?íforo;Comercial;0;1;0;0;0;0;0;0;0;0;0;0;-3,777251000000000;-38,562004000000000
317734;4;2;2017;20:43;0;AV ANTONIO SALES;;;0;VIADUTO VIA EXPRESSA;Colis?úo;;;;Meio de Quadra;;;0;0;1;1;0;0;0;0;0;0;0;0;-3,748343951000000;-38,493146827000000
317732;4;2;2017;20:38;0;AV AGUANAMBI;;;0;;Queda;;;;Meio de Quadra;;;0;1;0;0;0;0;0;0;0;1;0;0;;
317730;4;2;2017;19:53;0;RUA CESARINA BATISTA;;;287;;Colis?úo;;;;Meio de Quadra;;;0;1;0;1;0;0;0;0;0;1;0;0;;
317748;4;2;2017;21:46;0;RUA OLIVEIRA FILHO;;;750;;Queda;;;;Meio de Quadra;;;0;1;0;0;0;1;0;0;0;0;0;0;;
317749;4;2;2017;21:53;0;RUA URUCUTUBA;;;432;;Queda;;;;Meio de Quadra;;;0;1;0;0;0;0;0;0;0;1;0;0;-3,797496000000000;-38,599788000000000
317750;4;2;2017;22:02;11062;RUA JOSE PEDRA;RUA DR PEDRO WILSON D45;;0;;Colis?úo;;;;Cruz;Pare;Residencial;0;1;0;0;0;0;0;0;0;0;0;0;-3,790406000000000;-38,548121000000000
317751;4;2;2017;22:18;0;RUA SITIO GRAVITO;;;0;;Colis?úo;;;;Meio de Quadra;;;0;1;0;0;0;0;0;0;0;0;0;0;;
317752;4;2;2017;22:20;5396;RUA GAL CLARINDO DE QUEIROZ;RUA SEN POMPEU;;0;;Colis?úo;;;;Cruz;Sem?íforo;Comercial;0;1;0;1;0;0;0;0;0;1;0;0;-3,732353000000000;-38,531279000000000
317743;4;2;2017;21:40;0;RUA SOUSA CARVALHO;;;234;;Atropelamento;;;;Meio de Quadra;;;0;1;0;0;0;0;0;0;0;1;0;0;-3,784394000000000;-38,585784000000000
317757;4;2;2017;22:22;0;AV CEL CARVALHO;;;3616;;Atropelamento;;;;Meio de Quadra;;;0;1;0;0;0;0;0;0;0;0;0;0;-3,756203516000000;-38,514325641000000
317758;4;2;2017;23:08;0;RUA PEREIRA FILGUEIRAS;;;1230;;Atropelamento;;;;Meio de Quadra;;;0;1;0;1;0;0;0;0;0;0;0;0;-3,728644000000000;-38,512055000000000
317741;4;2;2017;21:19;3370;RUA AMAZONAS;RUA MINAS GERAIS;;0;;Colis?úo;;;;Cruz;Pare;Residencial;0;1;0;1;0;0;0;0;0;1;0;0;-3,753685000000000;-38,563580000000000
317737;4;2;2017;20:47;0;RUA CEL JUSTINO F RAMOS;;;0;;Colis?úo;;;;Meio de Quadra;;;0;0;1;0;0;0;0;0;0;0;0;0;;
317738;4;2;2017;20:56;5114;RUA NOGUEIRA ACIOLI;AV MON TABOSA;;0;;Atropelamento;;;;Cruz;Pare;Comercial;0;1;0;0;0;0;0;0;0;1;0;0;-3,723850000000000;-38,514949000000000
317739;4;2;2017;21:07;0;RUA BANVAR BEZERRA;;;284;;Colis?úo;;;;Meio de Quadra;;;0;0;1;1;0;0;0;0;0;1;0;0;-3,732395000000000;-38,580373000000000
304685;4;2;2017;09:15;25127;AV ENG HUMBERTO MONTE;RUA BOLIVIA;;0;;Colis?úo Traseira;Luz do Dia;Bom;Seca;Cruz;Pare;Residencial;0;1;1;1;0;0;0;0;0;1;0;0;-3,743796000000000;-38,564826000000000
304262;4;2;2017;05:00;19611;RUA NEREU RAMOS;AV GODOFREDO MACIEL;;0;;Colis?úo Transversal;Via Iluminada;Bom;Seca;Cruz;Sem?íforo;Comercial;0;2;0;1;0;0;0;0;0;0;0;0;-3,787250000000000;-38,566802000000000
304255;4;2;2017;13:25;14777;RUA AMERICO ROCHA LIMA;RUA MAJ MONTENEGRO;;0;;Colis?úo Lateral;Luz do Dia;Bom;Seca;Cruz;Pare;Residencial;0;2;0;1;0;0;1;0;0;0;0;0;-3,798981000000000;-38,580642000000000
304248;4;2;2017;16:30;5209;RUA JOAO CORDEIRO;RUA TEN BENEVOLO;;0;;Colis?úo Lateral;Luz do Dia;Bom;Seca;Cruz;Sem?íforo;Residencial;0;0;2;1;0;0;1;0;0;0;0;0;-3,726514000000000;-38,513424000000000
304250;4;2;2017;13:30;3884;RUA ANTENOR FROTA WANDERLEY;RUA JOAO GENTIL;;0;;Colis?úo Lateral;Luz do Dia;Bom;Seca;Cruz;Pare;Residencial;0;2;0;1;0;0;0;0;0;1;0;0;-3,746308000000000;-38,540320000000000
304241;4;2;2017;12:00;17251;RUA EUGENIO GADELHA;RUA BAR CANINDE;;0;;Colis?úo Transversal;Luz do Dia;Bom;Seca;Cruz;Pare;Residencial;0;2;0;1;0;0;0;0;0;1;0;0;-3,760980000000000;-38,551248000000000
304244;4;2;2017;12:00;0;AV FRE CIRILO;;;4613;;Colis?úo Traseira;Luz do Dia;Bom;Seca;Meio de Quadra;N?úo H?í Controle;Residencial;0;2;0;1;0;0;0;0;0;0;0;0;-3,824028000000000;-38,494489000000000
304246;4;2;2017;23:55;0;AV MOZART PINHEIRO DE LUCENA;;;2355;;Colis?úo Lateral;Via Iluminada;Bom;Seca;Meio de Quadra;Sem?íforo;Comercial;0;2;0;0;1;0;0;0;0;0;0;0;-3,724378000000000;-38,597472000000000
304230;4;2;2017;13:44;25125;RUA DNA LEOPOLDINA;RUA ROCHA LIMA;;0;;Colis?úo Lateral;Luz do Dia;Nublado;Seca;Cruz;Pare;Residencial;0;1;1;1;0;0;1;0;0;0;0;0;-3,736665000000000;-38,521427000000000
304237;4;2;2017;16:20;0;RUA EDUARDO GARCIA;;;1078;;Colis?úo Transversal;;Bom;Seca;Meio de Quadra;;Residencial;0;2;0;1;0;0;0;0;0;0;0;0;-3,741359600000000;-38,489505600000000
304233;4;2;2017;14:30;6750;RUA VILEBALDO AGUIAR;RUA BATISTA DE OLIVEIRA;;0;;;;Bom;Seca;Cruz;Pare;Residencial;0;2;0;1;0;0;0;0;0;0;0;0;-3,743019000000000;-38,480134000000000
304228;4;2;2017;10:27;1350;RUA TORRES CAMARA;RUA SILVA PAULET;;0;;Colis?úo Frontal;Luz do Dia;Bom;Seca;Meio de Quadra;;Residencial;0;1;1;1;0;0;0;0;0;1;0;0;-3,735958000000000;-38,505905000000000
304225;4;2;2017;06:40;7890;RUA PRO FRANCISCO GONCALVES;RUA CEL JUCA;;0;;Choque c/ Obst?ículo Fixo;Luz do Dia;Nublado;Molhada;Cruz;Pare;Comercial;0;1;0;1;0;0;0;0;0;0;0;0;-3,748880000000000;-38,494891000000000
304226;4;2;2017;10:45;0;RUA CANUTO DE AGUIAR;;;1616;;Colis?úo Lateral;Luz do Dia;Bom;Seca;Meio de Quadra;Sem?íforo;Lazer;0;1;0;1;0;0;0;0;0;0;0;0;-3,732617200000000;-38,489272500000000
307370;4;2;2017;00:15;22167;AV JOSE BASTOS;RUA TAVARES IRACEMA;;0;;Colis?úo Transversal;Via Iluminada;Bom;Seca;T;Pare;Comercial;0;0;2;1;0;0;0;0;0;0;0;0;-3,752286000000000;-38,552673000000000
307371;4;2;2017;05:35;25420;AV ALM HENRIQUE SABOIA;RUA PRO SILAS RIBEIRO;;0;;Colis?úo Traseira;Amanhecer;Bom;Seca;Duplo T;Sem?íforo;Comercial;0;0;2;1;1;0;0;0;0;0;0;0;-3,736816600000000;-38,485134000000000
307372;4;2;2017;07:44;0;RUA PRO COSTA MENDES;;;262;;Colis?úo Traseira;Luz do Dia;Chuva;Molhada;Meio de Quadra;Sem?íforo;Residencial;0;0;2;1;0;0;0;0;0;0;0;0;-3,757277500000000;-38,543840000000000
307373;4;2;2017;08:30;1405;AV SANTOS DUMONT;RUA VICENTE LEITE;;0;;Colis?úo Traseira;Luz do Dia;Bom;Seca;Cruz;Sem?íforo;Comercial;0;0;2;1;0;0;0;0;0;0;0;0;-3,737597500000000;-38,495445000000000
307374;4;2;2017;09:50;15801;RUA PERGENTINO MAIA;RUA CEL ERNESTO MATOS;;0;;Colis?úo Transversal;Luz do Dia;Bom;Seca;Cruz;Pare;Comercial;0;0;2;1;1;0;0;0;0;0;0;0;-3,831185800000000;-38,489777000000000
307375;4;2;2017;13:34;0;RUA JOSE FACANHA;;;376;;Colis?úo Traseira;Luz do Dia;Bom;Seca;Meio de Quadra;N?úo H?í Controle;Residencial;0;0;2;1;0;0;0;0;0;0;0;0;-3,753864800000000;-38,555355000000000
307376;4;2;2017;16:00;17462;AV ABOLICAO;AV BEIRA MAR;;0;;Colis?úo Traseira;Luz do Dia;Bom;Seca;T;Sem?íforo;Comercial;0;0;2;1;0;0;0;0;0;0;0;0;-3,721697300000000;-38,478928000000000
307377;4;2;2017;02:29;9246;AV 13 DE MAIO;RUA BAR RIO BRANCO;;0;;Colis?úo Transversal;Via Iluminada;Bom;Seca;Cruz;Sem?íforo;Comercial;0;1;1;1;0;0;0;0;0;1;0;0;-3,745056400000000;-38,534310000000000
307379;4;2;2017;17:20;0;RUA CASTRO E SILVA;;;0;;Colis?úo Traseira;Anoitecer;Bom;Seca;Meio de Quadra;N?úo H?í Controle;Comercial;0;0;2;0;1;0;0;0;0;0;0;0;-3,722753300000000;-38,530224000000000
307380;4;2;2017;19:47;0;RUA VITAL BRASIL;RUA VITORIA (AV. PERIMETRAL);;0;;Colis?úo Lateral;Via Iluminada;Bom;Seca;Cruz;Sem?íforo;Comercial;0;1;1;1;0;0;0;0;0;1;0;0;-3,781326500000000;-38,588740000000000
307381;4;2;2017;21:17;0;RUA CARLOS AMORA;RUA DOM PEDRO II;;0;;Colis?úo Traseira;Via Iluminada;Bom;Seca;;;;0;1;1;1;0;0;0;0;0;1;0;0;-3,775347700000000;-38,563650000000000
307382;4;2;2017;12:44;5353;TR ITAPAJE;RUA METON DE ALENCAR;;0;;Colis?úo Lateral;Luz do Dia;Bom;Seca;T;N?úo H?í Controle;Comercial;0;0;2;1;0;0;0;0;0;0;0;0;-3,731004500000000;-38,538887000000000
307383;5;2;2017;07:15;15135;AV HIS RAIMUNDO GIRAO;RUA FRANCISCO DIAS RIBEIRO;;0;;Colis?úo Traseira;Luz do Dia;Bom;Seca;Cruz;N?úo H?í Controle;Comercial;0;0;2;1;0;0;0;0;0;0;0;0;-3,724539500000000;-38,504590000000000
307384;5;2;2017;09:30;1034;RUA JOAQUIM FROTA;RUA ELISEU ORIA;;0;;Colis?úo Transversal;Luz do Dia;Bom;Seca;Cruz;Pare;Residencial;0;1;1;1;0;0;0;0;1;0;0;0;-3,801769000000000;-38,476921000000000
307385;5;2;2017;14:45;6355;AV B CJ CEARA;RUA 513 CJ CEARA;;0;;Colis?úo Transversal;Luz do Dia;Bom;Seca;Cruz;Pare;Comercial;0;0;1;1;0;0;0;0;0;0;0;0;-3,771391200000000;-38,610195000000000
307386;5;2;2017;18:35;0;AV JOAO DE ARAUJO LIMA;;;1060;;Colis?úo Lateral;Via Iluminada;Bom;Seca;Meio de Quadra;N?úo H?í Controle;Residencial;0;0;2;1;0;0;0;0;0;0;0;0;-3,830924000000000;-38,560368000000000
307387;5;2;2017;19:31;0;RUA ADOLFO CAMINHA;;;17;;Choque c/ Obst?ículo Fixo;Via Iluminada;Bom;Seca;Meio de Quadra;Sem?íforo;Comercial;0;0;1;1;0;0;0;0;0;0;0;0;-3,721105800000000;-38,523495000000000
307389;5;2;2017;07:24;7781;AV ANTONIO SALES;AV DES MOREIRA;;0;;Colis?úo Transversal;Luz do Dia;Nublado;Seca;Cruz;Sem?íforo;Comercial;0;0;1;1;0;0;0;0;0;0;0;0;-3,745836500000000;-38,501278000000000
307399;5;2;2017;13:10;5711;AV OLIVEIRA PAIVA;RUA CHICO LEMOS;;0;;Colis?úo Transversal;Luz do Dia;Bom;Seca;Cruz;Sem?íforo;Comercial;0;0;2;1;0;0;0;0;0;1;0;0;-3,795652000000000;-38,497120000000000
304268;5;2;2017;06:15;0;AV GOV RAUL BARBOSA;;;0;;Choque c/ Obst?ículo Fixo;Luz do Dia;Bom;Seca;Meio de Quadra;N?úo H?í Controle;Residencial;0;1;0;1;0;0;0;0;0;0;0;0;;
304266;5;2;2017;19:40;0;RUA GAL BERNARDO FIGUEIREDO;;;150;;Choque c/ Obst?ículo Fixo;Via Iluminada;Bom;Seca;Outros;N?úo H?í Controle;Residencial;0;3;0;1;0;0;0;0;0;1;0;0;-3,739226000000000;-38,549672000000000
304286;5;2;2017;16:20;0;AV ALM HENRIQUE SABOIA;;;4050;;Colis?úo Traseira;Luz do Dia;Bom;Seca;Meio de Quadra;N?úo H?í Controle;Lazer;0;2;0;1;0;0;0;0;0;1;0;0;-3,744742000000000;-38,490237000000000
304297;5;2;2017;22:30;25013;RUA TEODOMIRO DE CASTRO;RUA ADOLFO B DE MENEZES;;0;;Colis?úo Transversal;;Bom;Seca;Cruz;Pare;Residencial;0;2;0;1;0;0;0;0;0;1;0;0;-3,716619000000000;-38,577425000000000
304272;5;2;2017;07:00;5322;AV IMPERADOR;AV DUQ CAXIAS;;0;;Queda;Luz do Dia;Outros;Molhada;Cruz;Sem?íforo;Comercial;0;2;0;0;0;0;0;0;0;1;0;0;-3,730048000000000;-38,535297000000000
304275;5;2;2017;10:40;0;RUA ALMEIDA PRADO;;;6400;;Colis?úo Lateral;Luz do Dia;Bom;Seca;Meio de Quadra;N?úo H?í Controle;Residencial;0;2;0;1;0;0;0;0;0;0;0;0;;
304279;5;2;2017;12:00;0;RUA JOSE BONFIM JUNIOR;;;0;;Colis?úo Transversal;Luz do Dia;Bom;Seca;Meio de Quadra;Pare;Residencial;0;2;0;0;0;0;0;0;0;1;0;0;;
304281;5;2;2017;19:40;5451;AV DOM MANUEL;RUA BARBARA DE ALENCAR;;0;;Colis?úo Transversal;Via Iluminada;Bom;Seca;Cruz;Sem?íforo;Comercial;0;2;0;1;0;0;0;0;0;0;0;0;-3,734972000000000;-38,523262000000000
304283;5;2;2017;05:20;22905;RUA DR JUSTA ARAUJO D45;RUA PDE NOBREGA;;0;;Colis?úo Transversal;Amanhecer;Bom;Seca;Cruz;Pare;Residencial;0;2;0;0;0;0;0;0;0;0;0;0;-3,782321000000000;-38,552507000000000
304284;5;2;2017;00:00;19074;RUA TARCISIO BONFIM;RUA SOLON ONOFRE;;0;;Colis?úo Transversal;Via Iluminada;Bom;Seca;Cruz;Outros;Residencial;0;1;0;1;0;0;0;0;0;0;0;0;-3,737153000000000;-38,474293000000000
295161;5;2;2017;22:20;7124;RUA DNA MENDINHA;RUA CAMELIA;;0;;Choque c/ Obst?ículo Fixo;;;;;;;1;1;0;0;0;0;0;0;0;1;0;0;-3,707305000000000;-38,569189000000000
304520;5;2;2017;06:00;0;AV ALM HENRIQUE SABOIA;;;0;;Choque c/ Obst?ículo Fixo;Luz do Dia;;;Meio de Quadra;;;0;1;0;1;0;0;0;0;0;0;0;0;;
317767;5;2;2017;02:25;5120;RUA JOAO CORDEIRO;AV MON TABOSA;;0;;Atropelamento;;;;Cruz;Sem?íforo;Comercial;0;1;0;1;0;0;0;0;0;0;0;0;-3,724009000000000;-38,512635000000000
317765;5;2;2017;01:44;1476;AV BAR STUDART;AV HERACLITO GRACA;;0;;Capotamento;;;;;;;0;1;0;1;0;0;0;0;0;0;0;0;-3,739072000000000;-38,508029000000000
317763;5;2;2017;01:17;0;RUA EDUARDO ANGELIM;;;1002;;Queda;;;;Meio de Quadra;;;0;1;0;0;0;0;0;0;0;1;0;0;-3,767331000000000;-38,545240000000000
317760;5;2;2017;00:37;1299;RUA ANTONIO AUGUSTO;RUA FIUZA DE PONTES;;0;;Colis?úo;;;;Cruz;Pare;Misto;0;1;0;0;0;0;0;0;0;0;0;0;-3,734379000000000;-38,514739000000000
317761;5;2;2017;01:11;0;RUA MAL BITENCOURT;;;0;;Colis?úo;;;;Meio de Quadra;;;0;1;0;1;0;0;0;0;0;1;0;0;;
317778;5;2;2017;05:12;0;RUA DR JUSTA ARAUJO D45;;;495;;Colis?úo;Amanhecer;;;Meio de Quadra;;;0;2;0;1;0;0;0;0;0;1;0;0;-3,780040000000000;-38,551590000000000
317773;5;2;2017;04:47;0;AV AUGUSTO DOS ANJOS;;;1799;;Atropelamento;;;;Meio de Quadra;;;0;1;0;0;0;0;0;0;0;0;0;0;-3,781766000000000;-38,580565000000000
317781;5;2;2017;05:45;0;AV WASHINGTON SOARES;;;0;;Capotamento;Amanhecer;;;Meio de Quadra;;;0;1;0;1;0;0;0;0;0;0;0;0;;
317785;5;2;2017;06:33;0;AV SIQUEIRA CAMPOS;;;915;;Colis?úo;Luz do Dia;;;Meio de Quadra;;;0;1;0;1;0;0;0;0;0;1;0;0;-3,817162000000000;-38,623558000000000
317769;5;2;2017;03:38;0;AV A CJ CEARA;;;1584;;Atropelamento;;;;Meio de Quadra;;;0;1;0;0;0;0;0;0;0;0;0;0;-3,775853000000000;-38,606124000000000
317836;5;2;2017;21:26;0;AV GOV RAUL BARBOSA;;;0;;Atropelamento;;;;Meio de Quadra;;;0;1;0;0;0;0;0;0;0;1;0;0;;
317837;5;2;2017;21:45;0;RUA FRANCISCO TEIXEIRA DE ALCANTARA;;;300;;Colis?úo;;;;Meio de Quadra;;;0;1;0;0;0;0;0;0;0;1;0;0;;
317834;5;2;2017;20:17;0;AV RAD JOSE LIMA VERDE;;;0;;Queda;;;;Meio de Quadra;;;0;1;0;0;0;0;0;0;0;1;0;0;;
317822;5;2;2017;19:24;20001;RUA DES OTACILIO PEIXOTO;RUA ITAREMA;;0;;Colis?úo;;;;Cruz;Pare;Residencial;0;1;0;1;0;0;0;0;0;1;0;0;-3,800241000000000;-38,534723000000000
317824;5;2;2017;19:51;2962;RUA PEDRO MARTINS;RUA MARIA JULIA;;0;;Colis?úo;;;;Cruz;Pare;Residencial;0;1;0;1;0;0;0;0;0;1;0;0;-3,799245000000000;-38,601929000000000