COD_ACIDENTE;DIA;MES;ANO;HORA;INTERSECAO;LOG1;LOG2;LOG3;NUMERO;REFERENCIA;NATUREZA;ILUMINACAO;TEMPO;SUPERFICIEPISTA;TIPOCRUZAMENTO;CONTROLETRAFEGO;USOSOLO;MORTOS;FERIDOS;ILESOS;AUTOMOVEL;ONIBUS;BICICLETA;CAMINHAO;MICROONIBUS;CICLOMOTOR;MOTOCICLETA;TRACAOANIMAL;TREM;LATITUDE;LONGITUDE
317805;5;2;2017;12:17;0;AV PRO JOSE ARTHUR CARVALHO;;;0;;Colis?úo;Luz do Dia;;;Meio de Quadra;;;0;1;0;0;0;0;0;0;0;1;0;0;;
317806;5;2;2017;14:34;0;RUA RENATO BRAGA;;;270;;Queda;Luz do Dia;;;Meio de Quadra;;;0;1;0;0;0;0;0;0;0;1;0;0;-3,732752000000000;-38,462213000000000
317810;5;2;2017;16:45;0;RUA PDE ARIMATEIA D42/71;;;358;;Queda;Luz do Dia;;;Meio de Quadra;;;0;1;0;0;0;0;0;0;0;1;0;0;-3,798553000000000;-38,582846000000000
317811;5;2;2017;17:16;0;AV PRS CASTELO BRANCO;;;0;;Colis?úo;Anoitecer;;;Meio de Quadra;;;0;0;1;1;0;0;0;0;0;1;0;0;;
317812;5;2;2017;17:50;0;RUA DR JORGE DA ROCHA;;;50;;Colis?úo;Anoitecer;;;Meio de Quadra;;;0;1;0;1;0;0;0;0;0;1;0;0;-3,735458000000000;-38,506213000000000
317813;5;2;2017;18:21;17575;RUA GUANABARA;RUA MARANHAO;;0;;Colis?úo;Anoitecer;;;;;;0;1;0;0;0;0;0;0;0;0;0;0;-3,754538000000000;-38,567494000000000
317816;5;2;2017;18:48;0;RUA CON DE CASTRO;;;3980;;Colis?úo;;;;Meio de Quadra;;;0;1;0;1;0;0;0;0;0;1;0;0;-3,801091000000000;-38,588405000000000
317819;5;2;2017;19:11;0;AV DOS JANGADEIROS;;;468;;Colis?úo;;;;Meio de Quadra;;;0;1;0;0;0;0;0;0;0;0;0;0;-3,722867759000000;-38,476641981000000
317793;5;2;2017;08:14;0;RUA 1070 CJ CEARA;;;176;;Queda;Luz do Dia;;;Meio de Quadra;;;0;1;0;0;0;1;0;0;0;0;0;0;;
317795;5;2;2017;10:05;0;RUA OSCAR ARARIPE;;;640;;Colis?úo;Luz do Dia;;;Meio de Quadra;;;0;1;0;1;0;0;0;0;0;1;0;0;-3,791888000000000;-38,597138000000000
317790;5;2;2017;07:28;0;RUA VITORIA;;;510;;Queda;Luz do Dia;;;Meio de Quadra;;;0;1;0;0;0;0;0;0;0;1;0;0;;
317791;5;2;2017;07:33;0;RUA PRO COSTA MENDES;;;529;;Queda;Luz do Dia;;;Meio de Quadra;;;0;1;0;0;0;1;0;0;0;0;0;0;;
317787;5;2;2017;06:34;0;AV PRS CASTELO BRANCO;;;0;;Colis?úo;Luz do Dia;;;Meio de Quadra;;;0;1;0;0;0;0;0;0;0;1;0;0;;
317800;5;2;2017;10:42;9952;RUA EMILIO DE MENESES;RUA JOSE TORRES;;0;;Colis?úo;Luz do Dia;;;Cruz;Pare;Comercial;0;1;0;1;0;0;0;0;0;1;0;0;-3,776425000000000;-38,606283000000000
317783;5;2;2017;06:03;0;AV ALM HENRIQUE SABOIA;;;3562;;Capotamento;Luz do Dia;;;Meio de Quadra;;;0;1;0;1;0;0;0;0;0;0;0;0;-3,740648000000000;-38,487755000000000
317803;5;2;2017;12:02;0;AV JOR THOMAZ COELHO;;;0;;Colis?úo;Luz do Dia;;;Meio de Quadra;;;0;1;0;0;0;0;0;0;0;0;0;0;;
316965;5;2;2017;13:30;0;RD CE-040;;;0;KM-06;Colis?úo;Luz do Dia;Bom;Seca;Meio de Quadra;;;0;0;2;1;0;0;0;0;0;0;0;0;-3,809596804000000;-38,478733480000000
317846;6;2;2017;00:09;0;RUA ESPIRITO SANTO;;;360;;Atropelamento;;;;Meio de Quadra;;;0;1;0;0;0;0;0;0;0;0;0;0;-3,752024000000000;-38,567612000000000
317847;6;2;2017;00:12;0;RUA LINDOIA;;;127;;Queda;;;;Meio de Quadra;;;0;1;0;0;0;0;0;0;0;1;0;0;;
317858;6;2;2017;06:18;0;AV GOV RAUL BARBOSA;;;0;;Colis?úo;Luz do Dia;;;Meio de Quadra;;;0;1;0;1;0;0;0;0;0;1;0;0;;
317856;6;2;2017;06:18;0;RUA FARIAS LEMOS;;;1130;;Colis?úo;Luz do Dia;;;Meio de Quadra;;;0;1;0;1;0;0;0;0;0;1;0;0;-3,816989500000000;-38,492702500000000
317862;6;2;2017;06:46;0;AV EDUARDO GIRAO;;;0;;Colis?úo;Luz do Dia;;;Meio de Quadra;;;0;1;0;0;0;0;0;0;0;0;0;0;;
317863;6;2;2017;07:12;0;AV AGUANAMBI;;;1637;;Queda;Luz do Dia;;;Meio de Quadra;;;0;1;0;0;0;0;0;0;0;1;0;0;-3,751120000000000;-38,523538000000000
317851;6;2;2017;00:31;0;RUA JOSE TORRES;;;1175;;Queda;;;;Meio de Quadra;;;0;1;0;0;0;0;0;0;0;1;0;0;;
317852;6;2;2017;06:08;0;RUA FREDERICO SEVERO;;;303;;Colis?úo;Luz do Dia;;;Meio de Quadra;;;0;1;0;1;0;0;0;0;0;1;0;0;-3,817259900000000;-38,494152300000000
317900;6;2;2017;17:33;0;AV PERIMETRAL;;;560;;Colis?úo;Anoitecer;;;Meio de Quadra;;;0;1;0;1;0;0;0;0;0;1;0;0;-3,811946000000000;-38,574332000000000
317892;6;2;2017;16:51;0;RUA ITAJAI;;;560;;Colis?úo;Luz do Dia;;;Meio de Quadra;;;0;2;0;0;0;1;0;0;0;1;0;0;-3,780708000000000;-38,594862000000000
317895;6;2;2017;16:52;0;RUA ANDRADE FURTADO;;;1915;;Colis?úo;Luz do Dia;;;Meio de Quadra;;;0;1;0;1;0;0;0;0;0;1;0;0;-3,748070000000000;-38,472597000000000
317884;6;2;2017;15:51;0;AV RUI BARBOSA;;;181;;Atropelamento;Luz do Dia;;;Meio de Quadra;;;0;1;0;1;0;0;0;0;0;0;0;0;-3,724643000000000;-38,505761000000000
317887;6;2;2017;16:02;0;RUA C (RES MARCOS FREIRE);;;61;;Queda;Luz do Dia;;;Meio de Quadra;;;0;1;0;0;0;0;0;0;0;1;0;0;;
317889;6;2;2017;16:24;0;AV ANTONIO SALES;;;746;;Colis?úo;Luz do Dia;;;Meio de Quadra;;;0;1;0;0;0;0;0;0;0;0;0;0;-3,741539000000000;-38,514972000000000
317882;6;2;2017;13:23;0;RUA PRO HERIBALDO COSTA;;;2030;;Atropelamento;Luz do Dia;;;Meio de Quadra;;;0;1;0;1;0;0;0;0;0;0;0;0;-3,769051000000000;-38,588581000000000
317877;6;2;2017;12:30;0;RUA GUILHERME PESSOA;;;937;;Colis?úo;Luz do Dia;;;Meio de Quadra;;;0;1;0;0;0;0;0;0;0;1;0;0;-3,827193000000000;-38,487225000000000
317867;6;2;2017;07:22;0;RUA CEL MATOS DOURADO;;;336;;Colis?úo;Luz do Dia;;;Meio de Quadra;;;0;1;0;1;0;0;0;0;0;1;0;0;-3,741789000000000;-38,585149000000000
317868;6;2;2017;07:50;0;RUA BAR ARACATI;;;280;;Colis?úo;Luz do Dia;;;Meio de Quadra;;;0;1;0;1;0;0;0;0;0;1;0;0;-3,723844000000000;-38,509048000000000
317911;6;2;2017;20:10;0;AV FRANCISCO SA;;;0;;Atropelamento;;;;Meio de Quadra;;;0;1;0;0;0;0;0;0;0;1;0;0;;
317912;6;2;2017;20:56;0;AV DIOGUINHO;;;433;;Colis?úo;;;;Meio de Quadra;;;0;0;1;0;0;0;0;0;0;0;0;0;;
317918;6;2;2017;21:52;18528;AV ENG HUMBERTO MONTE;AV GOV PARSIFAL BARROSO;;0;;Queda;;;;;;;0;1;0;0;0;0;0;0;0;1;0;0;-3,736609000000000;-38,569025000000000
317919;6;2;2017;23:11;0;RUA HENRIQUE DE CASTRO;;;233;;Colis?úo;;;;Meio de Quadra;;;0;1;0;1;0;0;0;0;0;1;0;0;-3,777072000000000;-38,500232000000000
317909;6;2;2017;19:41;0;RUA TEODOMIRO DE CASTRO;;;4443;;Colis?úo;;;;Meio de Quadra;;;0;1;0;1;0;0;0;0;0;1;0;0;-3,718577000000000;-38,572659000000000
317906;6;2;2017;18:20;0;AV DR THEBERGE;;;1718;;Queda;Anoitecer;;;Meio de Quadra;;;0;1;0;0;0;0;0;0;0;1;0;0;-3,716552000000000;-38,565576000000000
317902;6;2;2017;17:35;0;AV MR HULL;;;0;;Queda;Anoitecer;;;Meio de Quadra;;;0;1;0;0;0;0;0;0;0;1;0;0;;
317903;6;2;2017;17:56;0;RUA VALMIR PONTES;;;0;;Colis?úo;Anoitecer;;;Meio de Quadra;;;0;1;0;1;0;0;0;0;0;1;0;0;;
317904;6;2;2017;18:12;19096;TR PARIS;AV ENG SANTANA JUNIOR;;0;;Atropelamento;Anoitecer;;;N?úo Informado;Pare;Comercial;0;1;0;1;0;0;0;0;0;0;0;0;-3,737683000000000;-38,483348000000000
304288;6;2;2017;13:30;6326;RUA 513 CJ CEARA;RUA 517 CJ CEARA;;0;;Colis?úo Transversal;Luz do Dia;Bom;Seca;Cruz;Pare;Residencial;0;2;0;1;0;0;0;0;0;1;0;0;-3,770609000000000;-38,610760000000000
304289;6;2;2017;14:20;0;RUA OSVALDO CRUZ (ALDEOTA);;;0;;Colis?úo Transversal;Luz do Dia;Bom;Seca;Meio de Quadra;Pare;Residencial;0;2;0;1;0;0;0;0;0;0;0;0;;
304291;6;2;2017;06:10;5186;RUA SEN ALMIR PINTO;RUA CONDE D??EU;;0;;Colis?úo Lateral;Luz do Dia;Bom;Seca;T;Pare;Comercial;0;2;0;1;0;0;0;0;0;0;0;0;-3,725880000000000;-38,525618000000000
304293;6;2;2017;06:00;23041;AV DR SILAS MUNGUBA;RUA BRUNO VALENTE;;0;;Colis?úo Lateral;Luz do Dia;Bom;Seca;Cruz;N?úo H?í Controle;Comercial;0;1;0;0;0;0;0;0;0;1;0;0;-3,790483000000000;-38,540009000000000
304294;6;2;2017;08:50;0;RUA DOM XISTO ALBANO;;;1974;;Colis?úo;Luz do Dia;Bom;Seca;Meio de Quadra;N?úo H?í Controle;Residencial;0;2;0;0;0;0;0;0;0;1;0;0;-3,799764000000000;-38,588101000000000
304295;6;2;2017;11:30;17342;AV PRO GOMES DE MATOS;RUA ALAN KARDEC;;0;;Colis?úo Traseira;;Bom;Seca;Cruz;Sem?íforo;Comercial;0;2;0;1;0;0;0;0;1;0;0;0;-3,765321000000000;-38,549213000000000
304296;6;2;2017;14:00;17375;AV JOSE DO PATROCINIO;RUA ALAN KARDEC;;0;;Colis?úo Lateral;Luz do Dia;Bom;Seca;T;Pare;Residencial;0;2;0;1;0;0;0;0;0;0;0;0;-3,766831000000000;-38,547462000000000
304305;6;2;2017;14:20;19944;RUA TERTULIANO SALES;RUA FRANCISCO LORDA;;0;;Colis?úo Traseira;Luz do Dia;Bom;Seca;Cruz;Sem?íforo;Comercial;0;2;0;1;0;0;0;0;0;0;0;0;-3,762118000000000;-38,531234000000000
304308;6;2;2017;15:20;0;AV SGT HERMINIO SAMPAIO;;;3240;;Colis?úo Frontal;Luz do Dia;Bom;Seca;Meio de Quadra;N?úo H?í Controle;Comercial;0;2;0;1;0;0;0;0;0;0;0;0;-3,728004000000000;-38,569716000000000
304311;6;2;2017;06:35;2315;RUA ESTEVAO DE CAMPOS;RUA JACAUNA;;0;;Colis?úo Transversal;;Bom;Seca;Cruz;Pare;Residencial;0;1;1;1;0;0;0;0;0;1;0;0;-3,703902000000000;-38,582126000000000
304314;6;2;2017;14:00;0;RUA JACINTO MATOS;;;0;;Colis?úo Traseira;;Bom;Seca;Meio de Quadra;Sem?íforo;Residencial;0;2;0;1;0;0;1;0;0;0;0;0;;
304315;6;2;2017;09:10;22158;AV JOSE BASTOS;RUA GUSTAVO BRAGA;;0;;Colis?úo Transversal;Luz do Dia;Bom;Seca;T;Sem?íforo;Comercial;0;2;0;1;0;0;0;0;0;1;0;0;-3,751535000000000;-38,551989000000000
304317;6;2;2017;16:00;0;AV 13 DE MAIO;;;1700;;Colis?úo Traseira;Luz do Dia;Bom;Seca;Meio de Quadra;N?úo H?í Controle;Comercial;0;2;0;1;0;0;0;0;0;0;0;0;-3,745977000000000;-38,533240000000000
304318;6;2;2017;22:00;0;RUA JULIO LIMA;;;645;;Colis?úo Frontal;Via Iluminada;Bom;Seca;Meio de Quadra;N?úo H?í Controle;Residencial;0;3;0;0;0;0;0;0;0;1;0;0;-3,795738000000000;-38,499537000000000
307400;6;2;2017;11:07;20401;RUA LUCIOLA;RUA CEL GUILHERME ALENCAR;;0;;Colis?úo Traseira;Luz do Dia;Bom;Seca;Cruz;Pare;Residencial;0;0;2;1;0;0;0;0;0;1;0;0;-3,842222700000000;-38,493280000000000
307401;6;2;2017;11:10;25279;AV ROGACIANO LEITE;RUA DES WALDEMAR ALVES PEREIRA;;0;;Colis?úo Transversal;Luz do Dia;Bom;Seca;Cruz;Pare;Comercial;0;0;1;1;0;0;0;0;0;1;0;0;-3,770459200000000;-38,498280000000000
307402;6;2;2017;13:05;0;AV JOR THOMAZ COELHO;;;247;;Colis?úo Transversal;Luz do Dia;Bom;Seca;Meio de Quadra;N?úo H?í Controle;Residencial;0;0;2;0;1;0;0;0;0;0;0;0;-3,832352000000000;-38,497780000000000
307403;6;2;2017;13:21;15584;RUA ALVES RIBEIRO;RUA LOPES TROVAO;;0;;Colis?úo Transversal;Luz do Dia;Bom;Seca;Cruz;Pare;Residencial;0;2;0;1;0;0;0;0;0;0;0;0;-3,822780600000000;-38,501820000000000
307404;6;2;2017;14:48;5366;RUA SEN POMPEU;AV DUQ CAXIAS;;0;;Colis?úo Lateral;Luz do Dia;Bom;Seca;Cruz;Sem?íforo;Comercial;0;0;1;1;0;0;0;0;0;0;0;0;-3,731561700000000;-38,531120000000000
307405;6;2;2017;14:10;0;AV JOSE BASTOS;;;3390;;Engavetamento;Luz do Dia;Bom;Seca;Meio de Quadra;N?úo H?í Controle;Comercial;0;0;3;1;0;0;0;0;0;0;0;0;-3,749156200000000;-38,550278000000000
307406;6;2;2017;12:57;0;RUA PRO HERIBALDO COSTA;;;3120;;Atropelamento;Luz do Dia;Bom;Seca;Meio de Quadra;N?úo H?í Controle;Residencial;0;1;1;0;0;0;0;0;0;0;0;0;-3,769008400000000;-38,588673000000000
307407;6;2;2017;16:00;0;RUA ILDEFONSO ALBANO;RUA BAR ARACATI;AV ANTONIO SALES;0;;Colis?úo Traseira;Luz do Dia;Bom;Seca;Cruz;Sem?íforo;Comercial;0;0;2;1;0;0;0;0;0;0;0;0;-3,741398600000000;-38,515210000000000
307408;6;2;2017;17:49;19721;RUA GUSTAVO SAMPAIO;RUA AMADEU FURTADO;;0;;Colis?úo Transversal;Luz do Dia;Bom;Seca;Cruz;Gesto;Comercial;0;1;1;1;0;0;0;0;0;0;0;0;-3,736781100000000;-38,563572000000000
307409;6;2;2017;17:30;0;RUA DES OTACILIO PEIXOTO;RUA 10 VENEZA TROPICAL;;0;;Colis?úo Lateral;Via Iluminada;Bom;Seca;Cruz;Pare;Residencial;0;1;0;0;0;0;0;0;0;1;0;0;-3,799892200000000;-38,537945000000000
307410;6;2;2017;19:16;0;AV PONTES VIEIRA;;;609;;Colis?úo Traseira;Anoitecer;Bom;Seca;Meio de Quadra;N?úo H?í Controle;Comercial;0;0;0;1;0;0;0;0;0;1;0;0;-3,752979300000000;-38,515793000000000
307411;6;2;2017;18:40;0;RUA BERNARDO MANUEL;;;9954;;Colis?úo Transversal;Via Iluminada;Bom;Seca;Meio de Quadra;N?úo H?í Controle;Residencial;0;1;1;0;0;1;0;0;0;1;0;0;-3,804665300000000;-38,553314000000000
307412;6;2;2017;19:30;0;RUA PDE IBIAPINA;;;1640;;Choque c/ Obst?ículo Fixo;Via Iluminada;Bom;Seca;Cruz;N?úo H?í Controle;Comercial;0;0;0;1;0;0;0;0;0;0;0;0;-3,729596400000000;-38,540096000000000
307413;6;2;2017;20:04;0;AV FILOMENO GOMES;;;374;;Colis?úo Frontal;Via Iluminada;Bom;Seca;Meio de Quadra;N?úo H?í Controle;Residencial;0;1;1;0;0;0;0;0;0;1;0;0;-3,718237200000000;-38,541620000000000
307414;6;2;2017;19:50;0;RUA BERNARDO MANUEL;;;9977;;Colis?úo Lateral;Via Iluminada;Bom;Seca;Meio de Quadra;N?úo H?í Controle;Residencial;0;0;2;1;0;0;0;0;0;0;0;0;-3,804824800000000;-38,553413000000000
307415;6;2;2017;17:48;8076;RUA WALDERY UCHOA;AV EDUARDO GIRAO;;0;;Colis?úo Traseira;Via Iluminada;Bom;Seca;T;Pare;Comercial;0;0;2;1;0;0;0;0;0;0;0;0;-3,747097700000000;-38,541687000000000
307390;6;2;2017;06:50;0;AV AGUANAMBI;;;0;;Colis?úo Traseira;Luz do Dia;Bom;Seca;Meio de Quadra;Sem?íforo;Comercial;0;0;2;1;0;0;0;0;0;0;0;0;-3,754903300000000;-38,523670000000000
307391;6;2;2017;08:07;0;AV ANTONIO SALES;;;7;;Colis?úo Lateral;Luz do Dia;Bom;Seca;Meio de Quadra;N?úo H?í Controle;Comercial;0;0;2;1;1;0;0;0;0;0;0;0;-3,739046600000000;-38,522880000000000
307392;6;2;2017;07:55;0;AV BORGES DE MELO;;;1620;;Colis?úo Lateral;Luz do Dia;Bom;Seca;Meio de Quadra;N?úo H?í Controle;Comercial;0;0;2;1;0;0;0;0;0;0;0;0;-3,756833000000000;-38,533886000000000
307393;6;2;2017;08:10;25067;AV DOS EXPEDICIONARIOS;RUA DES PRAXEDES;;0;;Colis?úo Lateral;Luz do Dia;Bom;Seca;Cruz;Sem?íforo;Comercial;0;0;1;1;0;0;0;0;0;1;0;0;-3,763676400000000;-38,540620000000000
307394;6;2;2017;10:11;0;AV BAR STUDART;;;560;;Colis?úo Lateral;Luz do Dia;Bom;Seca;Meio de Quadra;N?úo H?í Controle;Comercial;0;0;2;1;0;0;0;0;0;1;0;0;-3,728816000000000;-38,504692000000000
307395;6;2;2017;10:41;0;AV ABOLICAO;;;4700;;Colis?úo Lateral;Luz do Dia;Bom;Seca;Meio de Quadra;Sem?íforo;Comercial;0;0;2;1;1;0;0;0;0;0;0;0;-3,722170600000000;-38,479687000000000
307396;6;2;2017;09:53;0;RUA CAP OLAVO;;;107;;Capotamento;Luz do Dia;Bom;Seca;Meio de Quadra;N?úo H?í Controle;Residencial;0;2;0;1;0;0;0;0;0;0;0;0;-3,762813600000000;-38,516350000000000
307397;6;2;2017;10:30;0;AV ENG HUMBERTO MONTE;;;527;;Colis?úo Traseira;Luz do Dia;Bom;Seca;Meio de Quadra;N?úo H?í Controle;Comercial;0;0;2;1;1;0;0;0;0;0;0;0;-3,753451600000000;-38,557000000000000
307398;6;2;2017;10:30;13304;AV G CJ JOSE WALTER;AV I CJ JOSE WALTER;;0;;Colis?úo Transversal;Luz do Dia;Bom;Seca;Cruz;Pare;Residencial;0;1;1;0;0;1;0;0;0;1;0;0;-3,839019000000000;-38,555004000000000
307388;6;2;2017;03:49;0;RUA GALILEU;;;356;;Choque c/ Obst?ículo Fixo;Via Iluminada;Bom;Seca;Meio de Quadra;Pare;Comercial;0;0;1;1;0;0;0;0;0;0;0;0;-3,776609000000000;-38,552090000000000
307441;6;2;2017;12:27;22951;AV DR SILAS MUNGUBA;RUA DR JUSTA ARAUJO D45;;0;;Colis?úo Traseira;Luz do Dia;Bom;Seca;Cruz;Sem?íforo;Comercial;0;0;1;1;0;0;0;0;0;0;0;0;-3,784797200000000;-38,553284000000000
307468;6;2;2017;18:06;0;AV BORGES DE MELO;;;1881;;Colis?úo Traseira;Luz do Dia;Bom;Seca;Meio de Quadra;N?úo H?í Controle;Comercial;0;2;1;1;0;0;0;0;0;1;0;0;-3,755492000000000;-38,535164000000000
307567;6;2;2017;21:30;24993;RUA ROCHA LIMA;AV DOM MANUEL;;35;;Colis?úo Transversal;Via Iluminada;Bom;Seca;Cruz;Sem?íforo;Comercial;0;0;2;1;0;0;0;0;0;0;0;0;-3,735959000000000;-38,523587000000000
307424;7;2;2017;17:52;748;AV FRANCISCO SA;RUA FRANCISCO CALACA;;0;;Colis?úo Transversal;Anoitecer;Bom;Seca;Cruz;N?úo H?í Controle;Comercial;0;1;0;1;0;0;0;0;0;1;0;0;-3,712377000000000;-38,572380000000000
307425;7;2;2017;16:00;0;RUA HOLANDA;;;290;;Colis?úo Lateral;Luz do Dia;Bom;Seca;Meio de Quadra;Pare;Comercial;0;1;1;1;0;0;0;0;0;1;0;0;-3,796711200000000;-38,562683000000000
307426;7;2;2017;18:42;0;AV PONTES VIEIRA;;;1234;;Colis?úo Traseira;Via Iluminada;Bom;Seca;Meio de Quadra;N?úo H?í Controle;Comercial;0;1;1;1;0;0;0;0;0;1;0;0;-3,752360800000000;-38,510555000000000
307427;7;2;2017;17:30;15359;RUA PEREIRA VALENTE;RUA VICENTE LEITE;;0;;Colis?úo Transversal;Via Iluminada;Bom;Seca;Cruz;Pare;Residencial;0;0;2;1;0;0;0;0;0;1;0;0;-3,733229900000000;-38,494183000000000
307428;7;2;2017;19:48;0;AV ROGACIANO LEITE;;;2577;;Colis?úo Transversal;Via Iluminada;Bom;Seca;Cruz;Pare;Comercial;0;0;2;1;0;0;0;0;0;0;0;0;-3,780840000000000;-38,501710000000000
307429;7;2;2017;15:40;8000;RUA DELMIRO FARIAS;AV JOAO PESSOA;;0;;Colis?úo Lateral;Luz do Dia;Bom;Seca;Cruz;Pare;Comercial;0;1;1;0;1;0;0;0;0;1;0;0;-3,750335700000000;-38,547640000000000
307430;7;2;2017;17:00;12892;AV DOMINGOS OLIMPIO;RUA BAR RIO BRANCO;;0;;Colis?úo Traseira;Luz do Dia;Bom;Seca;Cruz;Sem?íforo;Comercial;0;1;1;0;0;0;0;0;0;1;0;0;-3,736627800000000;-38,531277000000000
307431;7;2;2017;22:36;1356;RUA MARIA TOMASIA;RUA VICENTE LEITE;;0;;Colis?úo Transversal;Anoitecer;Bom;Seca;Cruz;Pare;Comercial;0;0;2;1;0;0;0;0;0;0;0;0;-3,736195600000000;-38,495140000000000
307450;7;2;2017;05:20;15159;AV RUI BARBOSA;RUA ANTONELE BEZERRA;;0;;Choque c/ Obst?ículo Fixo;Amanhecer;Bom;Seca;Cruz;Pare;Residencial;0;1;1;0;0;0;0;0;0;1;0;0;-3,724954400000000;-38,505936000000000
307416;7;2;2017;06:35;0;AV PRO GOMES DE MATOS;;;442;;Engavetamento;Luz do Dia;Bom;Seca;Meio de Quadra;Sem?íforo;Comercial;0;0;3;1;0;0;0;0;0;0;0;0;-3,757885000000000;-38,542767000000000
307417;7;2;2017;08:00;4004;AV PRO GOMES DE MATOS;RUA DULCINEIA GONDIM;;0;;Colis?úo Transversal;Luz do Dia;Bom;Seca;Cruz;Pare;Comercial;0;2;1;1;0;0;0;0;0;1;0;0;-3,759921800000000;-38,544460000000000
307418;7;2;2017;08:38;0;AV PRO JOSE ARTHUR CARVALHO;;;2211;;Colis?úo Lateral;Luz do Dia;Bom;Seca;Meio de Quadra;Pare;Comercial;0;1;1;1;0;0;0;0;0;1;0;0;-3,824237600000000;-38,459145000000000
307419;7;2;2017;08:22;0;RUA CEL VIRGILIO NOGUEIRA (BOM JARDIM);;;1546;;Colis?úo Transversal;Luz do Dia;Bom;Seca;Cruz;Pare;Residencial;0;1;1;1;0;0;0;0;0;1;0;0;-3,796002100000000;-38,611015000000000
307420;7;2;2017;10:00;5442;AV VIS RIO BRANCO;RUA GAL CLARINDO DE QUEIROZ;;0;;Colis?úo Transversal;Luz do Dia;Bom;Seca;Cruz;Sem?íforo;Comercial;0;0;2;1;0;0;0;0;0;0;0;0;-3,734634900000000;-38,524544000000000
307421;7;2;2017;10:29;0;RUA CEL LINHARES;;;556;;Colis?úo Lateral;Luz do Dia;Bom;Seca;Meio de Quadra;N?úo H?í Controle;Comercial;0;0;3;1;0;0;0;0;0;0;0;0;-3,734247000000000;-38,493454000000000
307422;7;2;2017;11:24;0;RUA JORGE DUMAR;;;1940;;Colis?úo Lateral;Luz do Dia;Bom;Seca;Meio de Quadra;Sem?íforo;Comercial;0;0;2;1;0;0;0;0;0;0;0;0;-3,752873000000000;-38,539620000000000
307440;7;2;2017;13:54;0;RUA CEL JOSE DE MOURA;;;0;;Capotamento;Luz do Dia;Bom;Seca;Meio de Quadra;N?úo H?í Controle;Comercial;0;1;1;1;0;0;0;0;0;0;0;0;-3,854732000000000;-38,496750000000000
304320;7;2;2017;16:50;1441;AV SANTOS DUMONT;RUA PRO DIAS DA ROCHA;;0;;Colis?úo Lateral;Via Iluminada;Bom;Seca;Cruz;Pare;Comercial;0;0;2;1;0;0;0;0;0;0;0;0;-3,738113000000000;-38,492502000000000
304323;7;2;2017;12:55;9136;RUA MON OTAVIO CASTRO;RUA BONFIM SOBRINHO;;0;;Colis?úo Lateral;Luz do Dia;Bom;Seca;Y;Pare;Residencial;0;0;2;1;0;0;0;0;0;0;0;0;-3,751367000000000;-38,526287000000000
304325;7;2;2017;14:30;9147;RUA DOM SEBASTIAO LEME;RUA CARLOS RIBEIRO;;0;;Colis?úo Transversal;Luz do Dia;Bom;Seca;Cruz;Pare;Residencial;0;0;2;1;0;0;0;0;0;0;0;0;-3,746500000000000;-38,526198000000000
304329;7;2;2017;15:45;19611;AV GODOFREDO MACIEL;RUA NEREU RAMOS;;0;;Colis?úo Traseira;Luz do Dia;Bom;Seca;T;Sem?íforo;Comercial;0;0;2;1;0;0;0;0;0;0;0;0;-3,787250000000000;-38,566802000000000
304327;7;2;2017;09:50;3779;RUA ANTONIO POMPEU;RUA VINTE E QUATRO DE MAIO;;0;;Colis?úo Frontal;Luz do Dia;Bom;Seca;Cruz;Pare;Residencial;0;1;1;1;0;0;0;0;0;1;0;0;-3,733667000000000;-38,534186000000000
304313;7;2;2017;14:00;0;AV 13 DE MAIO;;;0;;Colis?úo Traseira;Luz do Dia;Bom;Seca;Outros;Outros;Comercial;0;0;2;1;0;0;0;0;0;0;0;0;;
304290;7;2;2017;12:10;1561;AV SEN VIRGILIO TAVORA;AV PDE ANTONIO TOMAS;;0;;Colis?úo Traseira;Luz do Dia;Bom;Seca;Outros;Sem?íforo Intermitente;Comercial;0;0;2;1;0;0;0;0;0;0;0;0;-3,741760000000000;-38,494749000000000
304298;7;2;2017;15:30;7762;AV ANTONIO SALES;RUA NUNES VALENTE;;0;;Colis?úo Lateral;Luz do Dia;Bom;Seca;Cruz;Pare;Residencial;0;0;2;1;0;0;0;0;0;0;0;0;-3,744237000000000;-38,506314000000000
304301;7;2;2017;13:50;23607;RUA BAR CRATO;RUA CAP NESTOR GOIS;;0;;Colis?úo;Luz do Dia;Bom;Seca;Cruz;Pare;Residencial;0;1;1;1;0;0;0;0;0;1;0;0;-3,721812000000000;-38,561703000000000
304302;7;2;2017;08:47;9243;AV DOS EXPEDICIONARIOS;AV EDUARDO GIRAO;;0;;Colis?úo Lateral;Luz do Dia;Bom;Seca;Cruz;Sem?íforo;Comercial;0;0;2;1;0;0;0;0;0;1;0;0;-3,750712000000000;-38,536849000000000
304303;7;2;2017;11:11;0;AV JOAO PESSOA;;;6936;;Colis?úo Traseira;Luz do Dia;Bom;Seca;Meio de Quadra;Sem?íforo;Residencial;0;0;2;0;1;0;0;0;0;0;0;0;-3,770280000000000;-38,561064000000000
304304;7;2;2017;12:30;25025;RUA EMILIO DE MENESES;AV AUGUSTO DOS ANJOS;;0;;Colis?úo Lateral;Luz do Dia;Bom;Seca;T;Sem?íforo;Comercial;0;0;2;1;0;0;1;0;0;0;0;0;-3,783313000000000;-38,581896000000000