COD_ACIDENTE;DIA;MES;ANO;HORA;INTERSECAO;LOG1;LOG2;LOG3;NUMERO;REFERENCIA;NATUREZA;ILUMINACAO;TEMPO;SUPERFICIEPISTA;TIPOCRUZAMENTO;CONTROLETRAFEGO;USOSOLO;MORTOS;FERIDOS;ILESOS;AUTOMOVEL;ONIBUS;BICICLETA;CAMINHAO;MICROONIBUS;CICLOMOTOR;MOTOCICLETA;TRACAOANIMAL;TREM;LATITUDE;LONGITUDE
304277;7;2;2017;07:00;0;AV DEP PAULINO ROCHA;;;1001;;Colis?úo Traseira;Luz do Dia;Bom;Seca;Meio de Quadra;N?úo H?í Controle;Residencial;0;0;2;1;0;0;0;0;0;0;0;0;-3,808089000000000;-38,508524000000000
304264;7;2;2017;11:30;4790;RUA CON DE CASTRO;RUA DR ESTENIO GOMES;;0;;Colis?úo Traseira;Luz do Dia;Bom;Seca;T;N?úo H?í Controle;Comercial;0;1;1;1;0;0;0;0;0;0;0;0;-3,806560000000000;-38,593357000000000
304247;7;2;2017;10:40;24984;AV ALM HENRIQUE SABOIA;RUA BENTO ALBUQUERQUE;;0;;Colis?úo Traseira;Luz do Dia;Bom;Seca;T;Sem?íforo;Comercial;0;1;1;1;0;0;0;0;0;1;0;0;-3,742019000000000;-38,488529000000000
304245;7;2;2017;18:30;0;RUA MAL DEODORO;;;1404;;Colis?úo Transversal;Anoitecer;Bom;Seca;Meio de Quadra;N?úo H?í Controle;Residencial;0;0;2;1;1;0;0;0;0;0;0;0;-3,747535000000000;-38,538583000000000
317930;7;2;2017;07:42;0;AV PRO GOMES DE MATOS;;;747;;Colis?úo;Luz do Dia;;;Meio de Quadra;;;0;1;0;1;0;0;0;0;0;1;0;0;-3,759122000000000;-38,543870000000000
317931;7;2;2017;09:01;0;RD BR 116;;;0;;Colis?úo;Luz do Dia;;;Meio de Quadra;;;0;1;0;1;0;0;0;0;0;1;0;0;;
317932;7;2;2017;09:04;0;AV GAL OSORIO DE PAIVA;;;1942;;Colis?úo;Luz do Dia;;;Meio de Quadra;;;0;0;1;1;0;0;0;0;0;1;0;0;-3,783897000000000;-38,579564000000000
317933;7;2;2017;10:42;0;RUA CEL JOAQUIM FRANKLIN;;;982;;Colis?úo;Luz do Dia;;;Meio de Quadra;;;0;1;0;1;0;0;0;0;0;1;0;0;-3,743618000000000;-38,595741000000000
317934;7;2;2017;11:53;0;RUA GUARANI D35 (JOAO XXIII);;;1849;;Colis?úo;Luz do Dia;;;Meio de Quadra;;;0;1;0;1;0;0;0;0;0;1;0;0;-3,773354000000000;-38,585143000000000
317936;7;2;2017;12:40;0;RUA URUCUTUBA;;;3050;;Colis?úo;Luz do Dia;;;Meio de Quadra;;;0;1;0;1;0;0;0;0;0;1;0;0;-3,798480000000000;-38,624957000000000
317945;7;2;2017;14:02;0;RUA ANA FACO;;;304;;Colis?úo;Luz do Dia;;;Meio de Quadra;;;0;1;0;1;0;0;0;0;0;1;0;0;-3,713547000000000;-38,563051000000000
317940;7;2;2017;13:08;0;RUA PDE MORORO;;;280;;Colis?úo;Luz do Dia;;;Meio de Quadra;;;0;1;0;1;0;1;0;0;0;0;0;0;-3,719440000000000;-38,535609000000000
317962;7;2;2017;17:08;0;AV JOAO DE ARAUJO LIMA;;;2031;;Queda;Anoitecer;;;Meio de Quadra;;;0;1;0;0;0;0;0;0;0;1;0;0;-3,839818000000000;-38,562053000000000
317964;7;2;2017;17:17;19533;RUA NEREU RAMOS;AV GAL OSORIO DE PAIVA;;0;;Colis?úo;Anoitecer;;;Cruz;Sem?íforo;Comercial;0;0;1;1;0;0;0;0;0;1;0;0;-3,782196000000000;-38,576828000000000
317960;7;2;2017;16:14;0;RUA PINDORAMA;;;227;;Colis?úo;Luz do Dia;;;Meio de Quadra;;;0;0;1;1;0;0;0;0;0;1;0;0;-3,772617300000000;-38,501201100000000
317955;7;2;2017;15:51;2869;RUA BARRA MANSA;RUA CEL VIRGILIO NOGUEIRA (BOM JARDIM);;0;;Colis?úo;Luz do Dia;;;;;;0;1;0;1;0;0;0;0;0;1;0;0;;
317951;7;2;2017;15:12;12837;AV DOMINGOS OLIMPIO;RUA JAIME BENEVOLO;;0;;Atropelamento;Luz do Dia;;;Cruz;Sem?íforo;Comercial;0;1;0;0;1;0;0;0;0;0;0;0;-3,737780000000000;-38,527245000000000
317952;7;2;2017;15:28;0;RUA ALTANEIRA;;;336;;Colis?úo;Luz do Dia;;;Meio de Quadra;;;0;1;0;0;0;0;0;0;0;1;0;0;-3,727348000000000;-38,581364000000000
317948;7;2;2017;15:00;0;RUA RAIMUNDO GOMES;;;519;;Queda;Luz do Dia;;;Meio de Quadra;;;0;1;0;0;0;0;0;0;0;1;0;0;-3,713472000000000;-38,593004000000000
317980;7;2;2017;19:38;0;RUA JOSE HIPOLITO;;;1522;;Colis?úo;;;;Meio de Quadra;;;0;1;0;0;0;0;0;0;0;1;0;0;-3,837204000000000;-38,483173000000000
317978;7;2;2017;19:27;0;AV FRANCISCO SA;;;2625;;Colis?úo;;;;Meio de Quadra;;;0;1;0;1;0;0;0;0;0;1;0;0;-3,720228000000000;-38,548815000000000
317982;7;2;2017;21:55;5116;AV MON TABOSA;RUA GONCALVES LEDO;;0;;Colis?úo;;;;Duplo T;Pare;Comercial;0;1;0;1;0;0;0;0;0;1;0;0;-3,723922000000000;-38,513833000000000
317970;7;2;2017;18:05;7957;AV PONTES VIEIRA;AV BAR STUDART;;0;;Atropelamento;Anoitecer;;;T;Sem?íforo;Comercial;0;1;0;0;0;0;0;0;0;1;0;0;-3,752590000000000;-38,512361000000000
317976;7;2;2017;18:38;0;RUA 870 CJ CEARA;;;0;;Queda;;;;Meio de Quadra;;;0;1;0;0;0;1;0;0;0;0;0;0;;
317974;7;2;2017;18:11;7002;AV F CJ ESPERANCA;AV CONTORNO NORTE D71;;0;;Atropelamento;Anoitecer;;;Outros;Pare;Residencial;0;1;0;0;0;0;0;0;0;1;0;0;-3,815087000000000;-38,586267000000000
317966;7;2;2017;17:24;0;AV N CJ CEARA;;;0;;Queda;Anoitecer;;;Meio de Quadra;;;0;0;1;0;0;0;0;0;0;1;0;0;;
317967;7;2;2017;17:40;0;AV PERIMETRAL;;;1974;;Colis?úo;Anoitecer;;;Meio de Quadra;;;0;1;0;1;0;0;0;0;0;1;0;0;;
316972;7;2;2017;07:00;0;RD CE-040;;;0;KM-01;Colis?úo;Luz do Dia;Bom;Seca;Meio de Quadra;;;0;0;2;1;0;0;0;0;0;0;0;0;-3,764650449000000;-38,482583040000000
316975;7;2;2017;07:25;0;AV SEN CARLOS JEREISSATI (AEROPORTO);;;0;KM 01;Colis?úo;Luz do Dia;Bom;Seca;Meio de Quadra;;;0;2;0;0;0;0;0;0;0;1;0;0;-3,783753000000000;-38,526850000000000
316977;7;2;2017;16:00;0;AV SEN CARLOS JEREISSATI (AEROPORTO);;;0;KM 01;Colis?úo;Luz do Dia;Bom;Seca;Meio de Quadra;;;0;0;2;0;1;0;1;0;0;0;0;0;-3,783753000000000;-38,526850000000000
316978;7;2;2017;18:00;0;RD CE-025;;;0;KM-03;Colis?úo;Anoitecer;Bom;Seca;Meio de Quadra;;;0;0;3;1;0;0;0;0;0;1;0;0;-3,805889179000000;-38,452246560000000
305051;7;2;2017;12:00;9079;RUA BONFIM SOBRINHO;RUA LAURO MAIA;;0;;Colis?úo Transversal;Luz do Dia;Bom;Seca;Cruz;Pare;Residencial;0;2;0;0;1;0;0;0;0;0;0;0;-3,750867000000000;-38,522154000000000
325461;7;2;2017;20:00;0;RD BR 116;;;500;KM-09;Colis?úo Frontal;Via Iluminada;;Seca;Meio de Quadra;;;0;3;0;1;0;0;0;0;0;0;0;0;-3,796035900000000;-38,507192300000000
297938;8;2;2017;06:00;0;RUA GAL SAMPAIO;;;104;;Queda;Luz do Dia;;;Meio de Quadra;;;1;0;1;0;0;0;1;0;0;0;0;0;-3,720039000000000;-38,530057000000000
316983;8;2;2017;10:45;0;RD CE-040;;;0;KM-01;Colis?úo;Luz do Dia;Bom;Seca;Meio de Quadra;;;0;0;2;1;0;0;0;0;0;0;0;0;-3,764650449000000;-38,482583040000000
316985;8;2;2017;11:30;0;AV MIN JOSE AMERICO;;;0;;Colis?úo;Luz do Dia;Bom;Seca;Meio de Quadra;;;0;0;2;1;0;0;1;0;0;0;0;0;;
306488;8;2;2017;09:45;12451;RUA ALUISIO AZEVEDO;RUA SILVEIRA FILHO;;0;;Colis?úo Traseira;Luz do Dia;Bom;Seca;Cruz;Outros;Residencial;0;0;2;1;0;0;0;0;0;0;0;0;-3,771550000000000;-38,576636000000000
306493;8;2;2017;10:30;14588;AV EDILSON B SOARES;RUA JOAO REGINO;;0;;Colis?úo Lateral;Luz do Dia;Bom;Seca;Cruz;Pare;Comercial;0;0;2;1;0;0;0;0;0;0;0;0;-3,789663000000000;-38,483001000000000
306491;8;2;2017;02:00;0;AV PINTO BANDEIRA D56;;;0;;Colis?úo Lateral;Via Iluminada;Bom;Seca;Meio de Quadra;D?¬ Prefer?¬ncia;Residencial;0;1;1;1;0;0;0;0;0;1;0;0;;
295170;8;2;2017;21:10;8025;AV JOAO PESSOA;RUA PRO COSTA MENDES;;0;;Colis?úo Transversal;;;;Cruz;Sem?íforo Intermitente;Comercial;1;0;1;0;1;0;0;0;0;1;0;0;-3,752393000000000;-38,549441000000000
318524;8;2;2017;06:58;0;RUA FRANCISCO XAVIER;;;110;;Queda;Luz do Dia;;;Meio de Quadra;;;0;1;0;0;0;0;0;0;0;1;0;0;;
318550;8;2;2017;07:13;0;AV CEL CARVALHO;;;3700;;Queda;Luz do Dia;;;Meio de Quadra;;;0;1;0;0;0;0;0;0;0;1;0;0;-3,735914667000000;-38,584077148000000
318559;8;2;2017;07:17;0;RUA VASCO DA GAMA;;;571;;Colis?úo;Luz do Dia;;;Meio de Quadra;;;0;1;1;1;0;0;0;0;0;1;0;0;-3,761296000000000;-38,549993000000000
318564;8;2;2017;07:52;0;RUA 105 CJ NOVO MONDUBIM;;;15;;Colis?úo;Luz do Dia;;;Meio de Quadra;;;0;1;1;1;0;0;0;0;0;1;0;0;-3,807986000000000;-38,587906000000000
318574;8;2;2017;08:18;5364;AV TRISTAO GONCALVES;RUA GAL CLARINDO DE QUEIROZ;;0;;Colis?úo;Luz do Dia;;;Cruz;Pare;Comercial;0;1;1;1;0;0;0;0;0;1;0;0;-3,731314000000000;-38,534472000000000
318580;8;2;2017;08:24;25232;AV PRS COSTA E SILVA;AV M CJ JOSE WALTER;;0;;Colis?úo;Luz do Dia;;;T;Pare;Comercial;0;1;1;1;0;0;0;0;0;1;0;0;-3,822098000000000;-38,554973000000000
318581;8;2;2017;08:26;0;AV AMERICO BARREIRA;;;3203;;Colis?úo;Luz do Dia;;;Meio de Quadra;;;0;1;1;1;0;0;0;0;0;1;0;0;-3,768187000000000;-38,570073309000000
318585;8;2;2017;08:41;0;RUA JOSE CANDIDO D08;;;676;;Colis?úo;Luz do Dia;;;Meio de Quadra;;;0;2;0;0;0;0;0;0;0;1;0;0;-3,730761000000000;-38,551210000000000
318598;8;2;2017;10:53;0;AV PRS CASTELO BRANCO;;;395;;Atropelamento;Luz do Dia;;;Meio de Quadra;;;0;1;1;1;0;0;0;0;0;0;0;0;-3,719775322000000;-38,531461882000000
318599;8;2;2017;10:54;0;RUA VALPARAISO;;;1910;;Colis?úo;Luz do Dia;;;Meio de Quadra;;;0;1;1;1;0;0;0;0;0;1;0;0;-3,846452000000000;-38,518510000000000
318600;8;2;2017;11:02;0;AV ALM HENRIQUE SABOIA;;;0;;Colis?úo;Luz do Dia;;;Meio de Quadra;;;0;1;1;1;0;1;0;0;0;0;0;0;;
318595;8;2;2017;09:16;0;RUA PEDRO DANTAS;;;107;;Colis?úo;Luz do Dia;;;Meio de Quadra;;;0;1;1;1;0;0;0;0;0;1;0;0;-3,786452000000000;-38,518867000000000
318603;8;2;2017;11:56;0;AV DES GONZAGA;;;597;;Colis?úo;Luz do Dia;;;Meio de Quadra;;;0;1;1;1;0;1;0;0;0;0;0;0;-3,791727000000000;-38,502415000000000
318605;8;2;2017;12:40;10453;AV I CJ CEARA;AV D CJ CEARA;;0;;Atropelamento;Luz do Dia;;;;;;0;1;1;0;0;0;0;0;0;1;0;0;-3,766922000000000;-38,601152000000000
318609;8;2;2017;13:31;0;AV MAJ ASSIS;;;2525;;Colis?úo;Luz do Dia;;;Meio de Quadra;;;0;1;1;0;0;0;0;0;0;0;0;0;-3,719968000000000;-38,602726000000000
318631;8;2;2017;14:46;0;AV DIOGUINHO;;;0;;Choque c/ Obst?ículo Fixo;Luz do Dia;;;Meio de Quadra;;;0;1;0;0;0;0;0;0;0;1;0;0;;
318637;8;2;2017;16:14;0;AV DA INDEPENDENCIA;;;2205;;Colis?úo;Luz do Dia;;;Meio de Quadra;;;0;1;1;1;0;0;0;0;0;1;0;0;-3,724361000000000;-38,599625000000000
318638;8;2;2017;16:19;0;AV SEN FERNANDES TAVORA;;;1240;;Colis?úo;Luz do Dia;;;Meio de Quadra;;;0;1;1;1;0;0;0;0;0;1;0;0;-3,761313000000000;-38,583799000000000
318639;8;2;2017;17:00;9671;RUA ARI MAIA;RUA OSCAR FRANCA;;0;;Queda;Anoitecer;;;Cruz;Pare;Residencial;0;1;0;0;0;0;0;0;0;1;0;0;-3,784963000000000;-38,621799000000000
318640;8;2;2017;17:02;0;RUA PDE PEDRO DE ALENCAR;;;340;;Atropelamento;Anoitecer;;;Meio de Quadra;;;0;1;1;0;0;0;0;0;0;1;0;0;-3,830795000000000;-38,493899000000000
318641;8;2;2017;17:34;6724;AV SANTOS DUMONT;AV ENG SANTANA JUNIOR;;0;;Atropelamento;Anoitecer;;;Cruz;N?úo H?í Controle;Comercial;0;1;1;0;0;0;0;0;0;1;0;0;-3,740506000000000;-38,485132000000000
318642;8;2;2017;18:09;0;RUA ALUISIO AZEVEDO;;;333;;Colis?úo;Anoitecer;;;Meio de Quadra;;;0;1;1;0;0;0;0;0;0;1;0;0;-3,771936000000000;-38,575914000000000
318634;8;2;2017;15:54;847;RUA GAL LIMA E SILVA;AV GOV RAUL BARBOSA;;0;;Colis?úo;Luz do Dia;;;Cruz;Pare;Comercial;0;1;1;1;0;0;0;0;0;0;0;0;-3,776311000000000;-38,513141000000000
318645;8;2;2017;18:54;0;RUA GUSTAVO SAMPAIO;;;976;;Atropelamento;;;;Meio de Quadra;;;0;1;1;1;0;0;0;0;0;0;0;0;-3,734629000000000;-38,553391000000000
318650;8;2;2017;19:46;7642;RUA ESTADO DO RIO;RUA RIO GRANDE DO NORTE;;0;;Colis?úo;;;;Cruz;Pare;Comercial;0;2;0;1;0;0;0;0;0;0;0;0;-3,757063000000000;-38,569969000000000
318647;8;2;2017;19:00;1694;RUA CAP URUGUAI D46;RUA ASP MENDES;;0;;Colis?úo;;;;Cruz;Pare;Misto;0;1;1;1;0;0;0;0;0;1;0;0;-3,766849000000000;-38,514542000000000
318656;8;2;2017;20:46;0;RUA AMANCIO PEREIRA;;;0;;Colis?úo;;;;Meio de Quadra;;;0;1;1;0;0;0;0;0;0;0;0;0;;
318657;8;2;2017;21:30;22094;RUA DELMIRO FARIAS;AV JOSE BASTOS;;0;;Colis?úo;;;;T;Sem?íforo;Comercial;0;1;1;1;0;0;0;0;0;1;0;0;-3,748756000000000;-38,549219000000000
304265;8;2;2017;14:15;20229;RUA MENOR JERONIMO;AV SAUDADE D68;;0;;Colis?úo Transversal;Luz do Dia;;;;;;0;1;1;0;0;0;0;0;0;1;0;0;;
304260;8;2;2017;07:00;12387;AV JOSE BASTOS;RUA MOZART FIRMEZA;;0;;Colis?úo Lateral;Luz do Dia;;;T;N?úo H?í Controle;Comercial;0;1;1;1;0;0;0;0;0;1;0;0;-3,768480000000000;-38,570025000000000
304251;8;2;2017;12:59;0;RUA RODRIGUES ANDRADE;;;415;;Colis?úo Traseira;Luz do Dia;;;Meio de Quadra;;;0;0;2;0;0;0;0;0;0;0;0;0;-3,764670000000000;-38,564778000000000
304249;8;2;2017;17:00;0;AV PDE ANTONIO TOMAS;;;2323;;Colis?úo Traseira;Anoitecer;;;Meio de Quadra;;;0;0;2;0;0;0;0;0;0;0;0;0;-3,742879000000000;-38,491317000000000
304254;8;2;2017;12:30;0;RUA ALEXANDRE BARAUNA;;;1140;;Colis?úo Lateral;Luz do Dia;;;Meio de Quadra;;;0;0;2;1;0;0;0;0;0;0;0;0;-3,747645000000000;-38,552069000000000
304258;8;2;2017;09:43;1267;RUA COSTA BARROS;RUA NUNES VALENTE;;0;;Colis?úo Lateral;Luz do Dia;;;Cruz;Sem?íforo;Residencial;0;0;2;1;0;0;0;0;0;0;0;0;-3,733224000000000;-38,502761000000000
304278;8;2;2017;12:00;1743;RUA CAP ARAGAO;RUA TEN BARBOSA D46;;0;;Colis?úo Traseira;Luz do Dia;;;Cruz;Pare;Residencial;0;1;1;0;0;0;0;0;0;1;0;0;-3,764730000000000;-38,512040000000000
304280;8;2;2017;18:32;11154;RUA FAGUNDES VARELA;RUA ANTONIO BANDEIRA D41;;0;;Colis?úo Transversal;;;;Cruz;Pare;Residencial;0;1;1;0;1;0;0;0;0;1;0;0;-3,784153000000000;-38,563124000000000
304276;8;2;2017;02:45;0;AV AGUANAMBI;;;90;;Queda;;;;Meio de Quadra;;;0;1;0;0;0;0;0;0;0;1;0;0;-3,737723000000000;-38,524261000000000
304330;8;2;2017;14:30;0;AV PRS COSTA E SILVA;;;1726;;Colis?úo Traseira;Luz do Dia;;;Meio de Quadra;;;0;1;1;1;0;0;0;0;0;1;0;0;-3,817247000000000;-38,566140000000000
304368;8;2;2017;09:30;1421;RUA MON BRUNO;RUA CATAO MAMEDE;;0;;Colis?úo Traseira;Luz do Dia;;;Cruz;Pare;Residencial;0;0;2;1;0;0;0;0;0;0;0;0;-3,737525000000000;-38,511094000000000
304370;8;2;2017;09:00;0;AV DA INDEPENDENCIA;;;1168;;Colis?úo Traseira;Luz do Dia;;;Meio de Quadra;;;0;0;2;1;0;0;1;0;0;0;0;0;-3,726844000000000;-38,591206000000000
304373;8;2;2017;08:00;0;RUA VIRIATO RIBEIRO;;;668;;Colis?úo Lateral;Luz do Dia;;;Meio de Quadra;;;0;0;2;1;0;0;0;0;0;0;0;0;-3,751406000000000;-38,560143000000000
304375;8;2;2017;09:00;0;RUA DA SAUDADE (MONTESE);;;307;;Colis?úo Traseira;Luz do Dia;;;Meio de Quadra;;;0;0;2;1;0;0;0;0;0;1;0;0;-3,769645000000000;-38,545624000000000
307432;8;2;2017;07:20;0;AV ANTONIO SALES;RUA SAO GABRIEL;;0;;Colis?úo Traseira;Luz do Dia;Nublado;Molhada;T;Pare;Residencial;0;0;2;1;0;0;0;0;0;0;0;0;-3,748513700000000;-38,492645000000000
307433;8;2;2017;08:25;1553;AV PDE ANTONIO TOMAS;RUA CEL LINHARES;;0;;Engavetamento;Luz do Dia;Nublado;Molhada;Outros;Sem?íforo;Comercial;0;0;3;1;0;0;0;0;0;0;0;0;-3,741586700000000;-38,495476000000000
307434;8;2;2017;09:14;9211;RUA MARIO MAMEDE;RUA GAL SILVA JUNIOR;;0;;Colis?úo Traseira;Luz do Dia;Nublado;Molhada;Cruz;Pare;Comercial;0;0;2;1;0;0;0;0;0;0;0;0;-3,751771200000000;-38,528710000000000
307435;8;2;2017;09:09;0;AV PDE ANTONIO TOMAS;;;955;;Colis?úo Traseira;Luz do Dia;Chuva;Molhada;Meio de Quadra;Sem?íforo;Comercial;0;0;3;1;0;0;0;0;0;0;0;0;-3,741542600000000;-38,495445000000000
307436;8;2;2017;08:50;0;AV PRS JUSCELINO KUBITSCHEK (PASSAR?ë);RUA FCO VASCONCELOS JUNIOR;;5451;;Colis?úo Lateral;Luz do Dia;Bom;Seca;Meio de Quadra;N?úo H?í Controle;Industrial;0;2;1;1;0;0;0;0;0;1;0;0;-3,823455300000000;-38,536728000000000
307437;8;2;2017;10:27;0;AV ENG JOS?ë GUIMAR?âES;RUA JOSE DE RIBAMAR;;0;;Colis?úo Transversal;Luz do Dia;Bom;Seca;Cruz;Pare;Residencial;0;1;1;1;0;0;0;0;0;0;0;0;-3,803532000000000;-38,492363000000000
307438;8;2;2017;10:21;0;RUA NEREU RAMOS;RUA MILTON BARBOSA DE SOUZA;;0;;Colis?úo Lateral;Luz do Dia;Nublado;Molhada;Cruz;Pare;Residencial;0;0;1;1;0;0;0;0;0;0;0;0;-3,786732000000000;-38,568207000000000
307439;8;2;2017;12:23;0;RUA CEL MATOS DOURADO;;;396;;Colis?úo Lateral;Luz do Dia;Bom;Seca;Meio de Quadra;N?úo H?í Controle;Escola;0;0;2;1;0;0;0;0;0;0;0;0;-3,742311500000000;-38,585327000000000
307483;8;2;2017;19:33;0;AV PDE ANTONIO TOMAS;AV PDE ANTONIO TOMAS;;2328;;Colis?úo Lateral;Via Iluminada;Bom;Seca;Outros;N?úo H?í Controle;Comercial;0;0;2;1;0;0;0;0;0;0;0;0;-3,742946600000000;-38,490982000000000
307481;8;2;2017;12:33;25101;RUA NAPOLEAO QUEZADO;AV GAL OSORIO DE PAIVA;;0;;Colis?úo Transversal;Luz do Dia;Bom;Seca;Cruz;N?úo H?í Controle;Comercial;0;1;1;1;0;0;0;0;0;1;0;0;-3,776555300000000;-38,567593000000000
307442;8;2;2017;11:40;5228;RUA GOV SAMPAIO;RUA VIS SABOIA;;0;;Colis?úo Transversal;Luz do Dia;Bom;Seca;Cruz;Pare;Comercial;0;0;2;1;0;0;0;0;0;0;0;0;-3,727090400000000;-38,524370000000000
307443;8;2;2017;14:50;0;AV JOAO DE ARAUJO LIMA;;;1561;;Colis?úo Transversal;Luz do Dia;Bom;Seca;Meio de Quadra;D?¬ Prefer?¬ncia;Comercial;0;1;2;1;0;0;0;0;0;1;0;0;-3,835606000000000;-38,561140000000000
307445;8;2;2017;16:59;1350;RUA SILVA PAULET;RUA TORRES CAMARA;;0;;Colis?úo Transversal;Luz do Dia;Bom;Seca;Cruz;Pare;Comercial;0;0;2;1;0;0;0;0;0;0;0;0;-3,735923800000000;-38,505890000000000
307446;8;2;2017;17:38;0;AV GAL OSORIO DE PAIVA;;;2441;;Colis?úo Lateral;Luz do Dia;Bom;Seca;Meio de Quadra;N?úo H?í Controle;Comercial;0;0;3;1;0;0;0;0;0;0;0;0;-3,786735300000000;-38,583885000000000
307447;8;2;2017;18:36;12648;RUA RIO ARAGUAIA;RUA MARIA CLARA;;0;;Colis?úo Transversal;Via Iluminada;Bom;Seca;Cruz;N?úo H?í Controle;Comercial;0;0;2;1;0;0;0;0;0;0;0;0;-3,725836000000000;-38,582214000000000
307448;8;2;2017;17:45;0;AV DOM LUIS;;;690;;Colis?úo Lateral;Via Iluminada;Bom;Seca;Meio de Quadra;Sem?íforo;Comercial;0;0;2;1;1;0;0;0;0;0;0;0;-3,733919400000000;-38,495216000000000
307449;8;2;2017;21:00;9079;RUA BONFIM SOBRINHO;RUA LAURO MAIA;;0;;Colis?úo Transversal;Via Iluminada;Bom;Seca;Cruz;Pare;Residencial;0;3;0;1;0;0;0;0;0;1;0;0;-3,750905800000000;-38,522194000000000
307469;9;2;2017;21:00;18387;AV OLAVO BILAC;AV SGT HERMINIO SAMPAIO;;0;;Colis?úo Lateral;Via Iluminada;Bom;Seca;Meio de Quadra;N?úo H?í Controle;Comercial;0;0;2;1;1;0;0;0;0;0;0;0;-3,727205800000000;-38,565260000000000
307470;9;2;2017;21:10;0;AV AUGUSTO DOS ANJOS;RUA FILIPINAS;;636;;Colis?úo Lateral;Via Iluminada;Bom;Seca;Meio de Quadra;Sem?íforo;Comercial;0;2;1;1;0;0;0;0;0;1;0;0;-3,773759100000000;-38,573418000000000
307471;9;2;2017;21:47;0;RUA BERNARDO MANUEL;;;7414;;Atropelamento;Via Iluminada;Bom;Seca;Meio de Quadra;N?úo H?í Controle;Comercial;0;2;0;0;0;0;0;0;0;1;0;0;-3,783627000000000;-38,546830000000000
307472;9;2;2017;21:51;0;AV AUGUSTO DOS ANJOS;AV AUGUSTO DOS ANJOS;;160;;Colis?úo Lateral;Via Iluminada;Bom;Seca;Y;Sem?íforo;Comercial;0;1;1;1;0;0;0;0;0;1;0;0;-3,770578000000000;-38,570522000000000
307489;9;2;2017;22:28;0;AV BENJAMIM BRASIL;;;433;;Colis?úo Traseira;Via Iluminada;Bom;Seca;Meio de Quadra;N?úo H?í Controle;Residencial;0;0;2;1;0;0;0;0;0;0;0;0;-3,803519000000000;-38,571102000000000
307451;9;2;2017;08:13;6752;RUA PRO OTAVIO LOBO;AV SANTOS DUMONT;;0;;Colis?úo Lateral;Luz do Dia;Bom;Seca;Cruz;Sem?íforo;Comercial;0;0;2;1;0;0;0;0;0;0;0;0;-3,742839300000000;-38,477726000000000
307452;9;2;2017;07:22;0;RUA PESSOA ANTA;;;76;;Colis?úo Traseira;Luz do Dia;Nublado;Seca;Meio de Quadra;Sem?íforo;Comercial;0;1;1;1;0;0;0;0;0;1;0;0;-3,721221700000000;-38,522453000000000
307453;9;2;2017;07:10;19596;RUA NEREU RAMOS;RUA TCHECOSLOVAQUIA;;0;;Colis?úo Lateral;Luz do Dia;Bom;Seca;Cruz;Pare;Comercial;0;0;2;1;0;0;0;0;0;0;0;0;-3,785760200000000;-38,570454000000000
307454;9;2;2017;09:01;0;AV SANTOS DUMONT;;;6870;;Colis?úo Traseira;Luz do Dia;Bom;Seca;Meio de Quadra;N?úo H?í Controle;Comercial;0;1;1;1;0;0;0;0;0;1;0;0;-3,744857000000000;-38,471920000000000
307455;9;2;2017;08:30;15327;RUA ANA BILHAR;AV SEN VIRGILIO TAVORA;;0;;Colis?úo Lateral;Luz do Dia;Bom;Seca;Cruz;Sem?íforo;Comercial;0;0;2;1;0;0;0;0;0;0;0;0;-3,730882400000000;-38,491226000000000
307456;9;2;2017;08:00;24293;RUA JULIO ABREU;RUA DELMIRO GOUVEIA;;0;;Colis?úo Transversal;Luz do Dia;Bom;Seca;Cruz;Pare;Comercial;0;0;2;1;1;0;0;0;0;0;0;0;-3,735782600000000;-38,488068000000000
307457;9;2;2017;09:30;6811;RUA JOSE BORBA VASCONCELOS;RUA DR GILBERTO STUDART;;0;;Colis?úo Transversal;Luz do Dia;Bom;Seca;Cruz;Pare;Residencial;0;1;1;1;0;0;0;0;0;0;0;0;-3,746589000000000;-38,471954000000000
307458;9;2;2017;09:10;15301;RUA TEN BENEVOLO;RUA SILVA PAULET;;0;;Colis?úo Transversal;Luz do Dia;Bom;Seca;Cruz;Pare;Residencial;0;1;1;1;0;0;0;0;0;1;0;0;-3,730310700000000;-38,502014000000000
307459;9;2;2017;10:46;5709;AV OLIVEIRA PAIVA;AV DES GONZAGA;;0;;Colis?úo Traseira;Luz do Dia;Bom;Seca;Cruz;Sem?íforo;Comercial;0;0;2;1;0;0;0;0;0;1;0;0;-3,797515900000000;-38,499930000000000
307460;9;2;2017;11:10;0;RUA COSTA BARROS;RUA COSTA BARROS;;1830;;Colis?úo Lateral;Luz do Dia;Bom;Seca;Meio de Quadra;N?úo H?í Controle;Comercial;0;0;2;0;0;0;0;0;0;0;0;0;-3,731676300000000;-38,507650000000000
307461;9;2;2017;08:56;1324;RUA DR JOSE LOURENCO;RUA TORRES CAMARA;;0;;Colis?úo Transversal;Luz do Dia;Bom;Seca;Cruz;Pare;Comercial;0;1;1;0;0;0;0;0;0;1;0;0;-3,735320800000000;-38,507847000000000