COD_ACIDENTE;DIA;MES;ANO;HORA;INTERSECAO;LOG1;LOG2;LOG3;NUMERO;REFERENCIA;NATUREZA;ILUMINACAO;TEMPO;SUPERFICIEPISTA;TIPOCRUZAMENTO;CONTROLETRAFEGO;USOSOLO;MORTOS;FERIDOS;ILESOS;AUTOMOVEL;ONIBUS;BICICLETA;CAMINHAO;MICROONIBUS;CICLOMOTOR;MOTOCICLETA;TRACAOANIMAL;TREM;LATITUDE;LONGITUDE
307462;9;2;2017;13:00;0;RUA SILVA PAULET;RUA SILVA PAULET;;565;;Choque c/ Obst?ículo Fixo;Luz do Dia;Bom;Seca;Meio de Quadra;N?úo H?í Controle;Residencial;0;0;1;0;0;0;0;0;0;0;0;0;-3,729191800000000;-38,503704000000000
307463;9;2;2017;15:59;25125;RUA DNA LEOPOLDINA;RUA ROCHA LIMA;;0;;Colis?úo Traseira;Luz do Dia;Bom;Seca;Cruz;Pare;Comercial;0;0;2;0;1;0;0;0;0;0;0;0;-3,736809000000000;-38,521526000000000
307464;9;2;2017;18:12;13591;AV RUI BARBOSA;AV PONTES VIEIRA;;0;;Colis?úo Lateral;Anoitecer;Bom;Seca;Cruz;Gesto;Comercial;0;1;1;1;0;1;0;0;0;0;0;0;-3,752744200000000;-38,513844000000000
307465;9;2;2017;19:58;6751;RUA PRO OTAVIO LOBO;RUA VILEBALDO AGUIAR;;0;;Colis?úo Transversal;Via Iluminada;Bom;Seca;Cruz;Pare;Residencial;0;0;2;1;0;0;0;0;0;0;0;0;-3,743408400000000;-38,478172000000000
307466;9;2;2017;19:25;17440;RUA ANTONIO FIUZA;RUA PRO TEODORICO;;0;;Colis?úo Traseira;Via Iluminada;Bom;Seca;Cruz;Pare;Residencial;0;0;2;1;0;0;0;0;0;0;0;0;-3,769449700000000;-38,551907000000000
307467;9;2;2017;18:20;0;AV PRS CASTELO BRANCO;AV PRS CASTELO BRANCO;;3200;;Colis?úo Traseira;Via Iluminada;Bom;Seca;Meio de Quadra;N?úo H?í Controle;Comercial;0;0;3;1;0;0;0;0;0;1;0;0;-3,710864000000000;-38,559456000000000
307492;9;2;2017;11:06;1295;RUA JOAQUIM NABUCO;RUA MARIA TOMASIA;;0;;Colis?úo Transversal;Luz do Dia;Bom;Seca;Cruz;Pare;Residencial;0;1;1;1;0;0;0;0;0;1;0;0;-3,734307800000000;-38,500862000000000
307630;9;2;2017;11:28;24563;RUA MENEZES DE OLIVEIRA;RUA 1 CJ POLAR;;0;;Colis?úo Transversal;Luz do Dia;Nublado;Molhada;T;Pare;Comercial;0;0;1;1;0;0;0;0;0;1;0;0;-3,769463800000000;-38,549973000000000
307650;9;2;2017;15:10;0;AV ENG LUIS VIEIRA;;;700;;Colis?úo Traseira;Luz do Dia;Bom;Seca;Meio de Quadra;N?úo H?í Controle;Residencial;0;0;2;1;0;0;0;0;0;1;0;0;-3,792185500000000;-38,588146000000000
304391;9;2;2017;05:30;0;AV C CJ ESPERANCA;;;55;;Colis?úo Lateral;Luz do Dia;Bom;Seca;Meio de Quadra;Outros;Residencial;0;0;2;0;1;0;0;0;0;0;0;0;-3,815989000000000;-38,588981000000000
304393;9;2;2017;10:10;3771;AV DA UNIVERSIDADE;AV DOMINGOS OLIMPIO;;0;;Colis?úo Lateral;Luz do Dia;Bom;Seca;Cruz;Sem?íforo;Comercial;0;0;2;1;0;0;0;0;0;0;0;0;-3,735594000000000;-38,534216000000000
304394;9;2;2017;14:39;0;TR PARIS;;;0;;Colis?úo Transversal;Luz do Dia;Bom;Seca;Meio de Quadra;N?úo H?í Controle;Comercial;0;0;2;1;0;0;0;0;0;0;0;0;;
304398;9;2;2017;21:00;0;AV JOSE LEON;;;1472;;Colis?úo Transversal;Via Iluminada;Bom;Seca;Meio de Quadra;;Residencial;0;0;2;1;0;0;0;0;0;0;0;0;-3,788856000000000;-38,497642000000000
304402;9;2;2017;21:45;929;TR IPITANGA;AV BORGES DE MELO;;0;;Colis?úo Lateral;Via Iluminada;Bom;Seca;T;N?úo Informado;Residencial;0;0;2;1;0;0;1;0;0;0;0;0;-3,760874000000000;-38,524389000000000
304403;9;2;2017;08:50;17283;RUA QUEIROZ RIBEIRO;RUA BENJAMIN CARNEIRO GIRAO;;0;;Colis?úo Lateral;Luz do Dia;Bom;Seca;Cruz;Pare;Comercial;0;1;1;1;0;0;0;0;0;1;0;0;-3,762749000000000;-38,545656000000000
304350;9;2;2017;23:53;15204;AV ABOLICAO;RUA JULIO IBIAPINA;;0;;Atropelamento;Via Iluminada;Bom;Seca;Cruz;Sem?íforo;Comercial;0;2;0;1;0;0;0;0;0;0;0;0;-3,726679000000000;-38,491290000000000
304285;9;2;2017;15:40;15904;RUA STA EFIGENIA;RUA AVELEDO;;0;;Colis?úo Transversal;Luz do Dia;Bom;Seca;Cruz;Pare;Residencial;0;0;2;0;0;0;0;0;0;0;0;0;-3,836264000000000;-38,500602000000000
304282;9;2;2017;09:59;26277;RUA PORTO VELHO;RUA PDE SA LEITAO;;0;;Colis?úo Lateral;Luz do Dia;Bom;Seca;T;Pare;Residencial;0;1;1;1;0;0;0;0;0;1;0;0;-3,767469000000000;-38,584253000000000
304252;9;2;2017;03:31;0;AV SEN VIRGILIO TAVORA;;;999;;Choque c/ Obst?ículo Fixo;Via Iluminada;Bom;Seca;Meio de Quadra;N?úo H?í Controle;Comercial;0;1;0;0;0;0;0;0;0;0;0;0;-3,735458000000000;-38,492721000000000
318659;9;2;2017;05:46;0;AV CONTORNO SUL;;;0;;Queda;Amanhecer;;;Meio de Quadra;;;0;1;0;0;0;0;0;0;0;1;0;0;;
318661;9;2;2017;06:51;0;RUA OSCAR FRANCA;;;3463;;Atropelamento;Luz do Dia;;;Meio de Quadra;;;0;1;1;0;0;0;0;0;0;1;0;0;-3,784711000000000;-38,622686000000000
318664;9;2;2017;07:54;0;RUA CON DE CASTRO;;;5437;;Atropelamento;Luz do Dia;;;Meio de Quadra;;;0;2;0;0;0;0;0;0;0;1;0;0;-3,810337000000000;-38,596453000000000
318668;9;2;2017;08:32;0;AV DOLOR BARREIRA;;;1166;;Colis?úo;Luz do Dia;;;Meio de Quadra;;;0;1;1;0;0;0;0;0;0;1;0;0;-3,736605000000000;-38,469185000000000
318669;9;2;2017;08:38;5122;RUA SAO PAULO;AV IMPERADOR;;0;;Colis?úo;Luz do Dia;;;Cruz;Sem?íforo;Comercial;0;2;0;0;0;0;0;0;0;0;0;0;-3,724049000000000;-38,533522000000000
318674;9;2;2017;08:46;7183;AV PASTEUR;RUA NOSSA SRA DAS GRACAS;;0;;Atropelamento;Luz do Dia;;;Cruz;N?úo H?í Controle;Residencial;0;1;1;0;0;0;0;0;0;1;0;0;-3,708729000000000;-38,558168000000000
318676;9;2;2017;09:09;5371;RUA GAL CLARINDO DE QUEIROZ;RUA VINTE E QUATRO DE MAIO;;0;;Colis?úo;Luz do Dia;;;Cruz;Pare;Comercial;0;1;1;1;0;0;0;0;0;1;0;0;-3,731621000000000;-38,533532000000000
318680;9;2;2017;09:18;0;AV B CJ CEARA;;;650;;Colis?úo;Luz do Dia;;;Meio de Quadra;;;0;2;0;1;0;0;0;0;0;1;0;0;-3,767396000000000;-38,606652000000000
318683;9;2;2017;11:02;0;RUA MARIA JULIA;;;1968;;Colis?úo;Luz do Dia;;;Meio de Quadra;;;0;2;0;0;0;1;0;0;0;1;0;0;-3,802773000000000;-38,603688000000000
318685;9;2;2017;11:13;5269;RUA PDE IBIAPINA;AV DUQ CAXIAS;;0;;Colis?úo;Luz do Dia;;;Cruz;Sem?íforo;Comercial;0;1;1;0;0;0;0;0;0;1;0;0;-3,728446000000000;-38,540226000000000
318687;9;2;2017;11:25;3973;RUA PDE MACEDO;RUA AQUIRAZ;;0;;Colis?úo;Luz do Dia;;;;;;0;1;1;1;0;0;0;0;0;1;0;0;-3,756290000000000;-38,545931000000000
318690;9;2;2017;11:27;0;RUA TEN JOSE BARREIRA;;;2001;;Colis?úo;Luz do Dia;;;Meio de Quadra;;;0;1;1;1;0;0;0;0;0;1;0;0;;
318701;9;2;2017;11:53;0;AV LAURO VIEIRA CHAVES;;;0;;Colis?úo;Luz do Dia;;;Meio de Quadra;;;0;1;1;1;0;0;0;0;0;1;0;0;;
318703;9;2;2017;12:21;0;AV PRO JOSE ARTHUR CARVALHO;;;2315;;Colis?úo;Luz do Dia;;;Meio de Quadra;;;0;1;1;1;0;0;0;0;0;1;0;0;-3,824392000000000;-38,458265000000000
318804;9;2;2017;21:28;0;RUA AUGUSTA BENEVIDES;;;999;;Colis?úo;;;;Meio de Quadra;;;0;1;1;0;0;0;0;0;0;0;0;0;-3,849551000000000;-38,500271000000000
318794;9;2;2017;20:44;0;AV PERIMETRAL;;;5580;;Queda;;;;Meio de Quadra;;;0;1;0;0;0;1;0;0;0;0;0;0;;
318776;9;2;2017;17:13;0;RD BR 116;;;6520;VIADUTO BORGES MELO;Queda;Anoitecer;;Seca;Meio de Quadra;;;0;1;0;0;0;0;0;0;0;1;0;0;-3,778333000000000;-38,514887000000000
318782;9;2;2017;18:01;0;AV PERIMETRAL;;;685;;Colis?úo;Anoitecer;;;Meio de Quadra;;;0;1;1;0;0;0;0;0;0;0;0;0;;
318785;9;2;2017;19:16;181;AV CEL CARVALHO;RUA BALDUINO FREIRE;;0;;Colis?úo;;;;Cruz;Outros;Comercial;0;1;1;1;0;0;0;0;0;1;0;0;;
318772;9;2;2017;16:59;25049;AV PONTES VIEIRA;RUA CAP MELO;;0;;Colis?úo;Luz do Dia;;;Cruz;Sem?íforo;Comercial;0;1;1;1;0;1;0;0;0;0;0;0;-3,752762000000000;-38,513797000000000
318770;9;2;2017;15:06;371;RUA ERICO MOTA;RUA ZEMARIO MAMEDE;;0;;Colis?úo;Luz do Dia;;;Cruz;Pare;Residencial;0;1;1;1;0;0;0;0;0;1;0;0;-3,748689000000000;-38,560266000000000
318767;9;2;2017;14:14;0;RUA PRO GOMES BRASIL;;;0;;Queda;Luz do Dia;;;Meio de Quadra;;;0;2;0;0;0;0;0;0;0;1;0;0;;
318749;9;2;2017;13:50;0;AV VIS RIO BRANCO;;;2752;;Colis?úo;Luz do Dia;;;Meio de Quadra;;;0;1;1;1;0;0;0;0;0;1;0;0;-3,745099000000000;-38,522218000000000
318764;9;2;2017;14:01;0;RUA DIVINA;;;204;;Colis?úo;Luz do Dia;;;Meio de Quadra;;;0;2;1;1;0;0;0;0;0;1;0;0;;
318747;9;2;2017;13:12;0;RUA ERIVEU RAMOS;;;3547;;Colis?úo;Luz do Dia;;;Meio de Quadra;;;0;1;1;1;0;0;0;0;0;1;0;0;;
318807;9;2;2017;21:43;0;LOGRADOURO SEM NOME;;;1088;;Queda;;;;Meio de Quadra;;;0;1;0;0;0;1;0;0;0;0;0;0;;
318809;9;2;2017;22:14;0;RUA ESPIRITO SANTO;;;718;;Colis?úo;;;;Meio de Quadra;;;0;1;1;0;0;0;0;0;0;0;0;0;-3,754867000000000;-38,569396000000000
318810;9;2;2017;23:37;4612;AV OLIVEIRA PAIVA;AV WASHINGTON SOARES;;0;;Atropelamento;;;;;;;0;1;1;1;0;0;0;0;0;0;0;0;-3,795695000000000;-38,479908000000000
316997;9;2;2017;07:10;0;AV SEN CARLOS JEREISSATI (AEROPORTO);;;0;KM 0;Colis?úo;Luz do Dia;Bom;Seca;Meio de Quadra;;;0;0;2;1;0;0;0;0;0;0;0;0;-3,784360000000000;-38,518098000000000
316998;9;2;2017;;0;AV MIN JOSE AMERICO;;;0;;Colis?úo;;Bom;Seca;Meio de Quadra;;;0;0;2;1;0;0;0;0;0;0;0;0;;
325464;9;2;2017;16:10;0;RD BR 222;;;0;KM-03;Colis?úo Traseira;Luz do Dia;;Seca;Meio de Quadra;;;0;0;3;1;0;0;0;0;0;0;0;0;-3,740300848000000;-38,595940970000000
325467;9;2;2017;23:10;0;RD BR 222;;;200;KM-01;Colis?úo Transversal;Via Iluminada;;Seca;Meio de Quadra;;;0;0;2;1;1;0;0;0;0;0;0;0;;
325468;10;2;2017;06:30;0;RD BR 116;;;300;KM-03;Colis?úo Traseira;Luz do Dia;;Molhada;Meio de Quadra;;;0;0;2;1;0;0;0;0;1;0;0;0;-3,795995900000000;-38,507208800000000
325471;10;2;2017;06:45;0;RD BR 116;;;3000;KM-03;Colis?úo Traseira;Luz do Dia;;Molhada;Meio de Quadra;;;0;0;5;1;0;0;0;1;0;0;0;0;-3,779838000000000;-38,514372000000000
325477;10;2;2017;17:30;0;RD BR 222;;;0;KM-03;Colis?úo Traseira;Anoitecer;;Seca;Meio de Quadra;;;0;1;1;1;0;0;0;0;0;1;0;0;-3,740300848000000;-38,595940970000000
316999;10;2;2017;06:45;0;AV SEN CARLOS JEREISSATI (AEROPORTO);;;0;KM 01;Engavetamento;Luz do Dia;Bom;Seca;Meio de Quadra;;;0;0;4;1;0;0;0;0;0;0;0;0;-3,783753000000000;-38,526850000000000
317001;10;2;2017;18:35;0;RD CE-060;;;0;KM-01;Colis?úo;;Bom;Seca;Meio de Quadra;;;0;0;2;1;0;0;1;0;0;0;0;0;-3,826136000000000;-38,579500000000000
313290;10;2;2017;04:14;15994;RUA GAL ONOFRE;RUA GAL CORDEIRO NETO;;0;;Colis?úo Lateral;Via Iluminada;Bom;Seca;T;Pare;Residencial;0;2;0;1;0;0;0;0;0;1;0;0;-3,807851000000000;-38,571154000000000
318812;10;2;2017;06:29;0;RUA VIRGILIO NETO;;;475;;Queda;Luz do Dia;;;Meio de Quadra;;;0;1;0;0;0;0;0;0;0;1;0;0;;
318813;10;2;2017;06:42;0;RD BR 116;;;4000;KM-04;Colis?úo;Luz do Dia;;;Meio de Quadra;;;0;1;1;1;0;0;0;0;0;1;0;0;-3,788331000000000;-38,510646000000000
318814;10;2;2017;07:08;0;RUA OLIMPIO DE PAIVA;;;3902;;Colis?úo;Luz do Dia;;;Meio de Quadra;;;0;1;1;1;0;1;0;0;0;0;0;0;-3,717799000000000;-38,559657000000000
318815;10;2;2017;07:15;0;RUA PRO HERIBALDO COSTA;;;1935;;Queda;Luz do Dia;;;Meio de Quadra;;;0;1;0;0;0;0;0;0;0;1;0;0;-3,768905000000000;-38,588506000000000
318820;10;2;2017;07:17;0;AV LUCIANO CARNEIRO;;;0;;Atropelamento;Luz do Dia;;;Meio de Quadra;;;0;1;1;0;0;0;0;0;0;1;0;0;;
318818;10;2;2017;07:15;10459;RUA PDE ANTONIO NUNES GURGEL;AV I CJ CEARA;;0;;Colis?úo;Luz do Dia;;;;;;0;1;1;1;0;0;0;0;0;1;0;0;-3,769425000000000;-38,597371000000000
318861;10;2;2017;07:39;0;AV ALBERTO CRAVEIRO;;;999;;Colis?úo;Luz do Dia;;;Meio de Quadra;;;0;1;1;0;0;0;0;0;0;1;0;0;-3,787436000000000;-38,517144000000000
318862;10;2;2017;07:44;0;AV PERIMETRAL;;;0;;Colis?úo;Luz do Dia;;;Meio de Quadra;;;0;2;0;0;0;0;0;0;0;1;0;0;;
318867;10;2;2017;09:14;0;RUA DR ELIZEU HOLANDA;;;20;;Colis?úo;Luz do Dia;;;Meio de Quadra;;;0;1;1;1;0;0;0;0;0;1;0;0;;
318869;10;2;2017;09:33;0;AV OLIVEIRA PAIVA;;;2800;;Atropelamento;Luz do Dia;;;Meio de Quadra;;;0;1;1;0;0;0;0;0;0;1;0;0;-3,795949000000000;-38,482564000000000
318871;10;2;2017;09:45;0;AV PRS COSTA E SILVA;;;2335;;Colis?úo;Luz do Dia;;;Meio de Quadra;;;0;1;1;0;0;0;0;0;0;0;0;0;-3,819895000000000;-38,560863000000000
318873;10;2;2017;11:09;0;RUA GAL RABELO;;;447;;Colis?úo;Luz do Dia;;;Meio de Quadra;;;0;1;1;1;0;0;0;0;0;1;0;0;-3,806856000000000;-38,606536000000000
318875;10;2;2017;11:09;15594;RUA CEL JOAO OLIVEIRA;RUA MEM DE SA;;0;;Queda;Luz do Dia;;;T;Pare;Residencial;0;1;0;0;0;0;0;0;0;1;0;0;-3,823246000000000;-38,484786000000000
318876;10;2;2017;11:25;0;RUA ARARIUS;;;265;;Colis?úo;Luz do Dia;;;Meio de Quadra;;;0;1;1;1;0;0;0;0;0;0;0;0;-3,722330000000000;-38,513986000000000
318878;10;2;2017;12:09;0;AV TEN LISBOA;;;1549;;Choque c/ Obst?ículo Fixo;Luz do Dia;;;Meio de Quadra;;;0;1;0;1;0;0;0;0;0;0;0;0;-3,717989442000000;-38,549574000000000
318880;10;2;2017;12:27;0;RUA CEL MATOS DOURADO;;;0;;Colis?úo;Luz do Dia;;;Meio de Quadra;;;0;1;1;1;0;0;0;0;0;1;0;0;;
318882;10;2;2017;13:07;0;RUA PIAUI;;;1980;;Colis?úo;Luz do Dia;;;Meio de Quadra;;;0;2;0;0;0;1;0;0;0;1;0;0;-3,750051000000000;-38,574323000000000
318883;10;2;2017;15:09;0;ET DO FIO (MESSEJANA);;;1445;;Colis?úo;Luz do Dia;;;Meio de Quadra;;;0;1;1;0;0;0;0;0;0;1;0;0;-3,837682400000000;-38,481345300000000
318891;10;2;2017;15:54;0;AV SGT HERMINIO SAMPAIO;;;2354;;Colis?úo;Luz do Dia;;;Meio de Quadra;;;0;1;1;1;0;0;0;0;0;1;0;0;-3,726474600000000;-38,561960200000000
318888;10;2;2017;15:28;0;AV CENTRAL CJ CEARA;;;1120;;Colis?úo;Luz do Dia;;;Meio de Quadra;;;0;1;1;1;0;0;1;0;0;0;0;0;;
318889;10;2;2017;15:51;0;AV PRS COSTA E SILVA;;;3445;;Colis?úo;Luz do Dia;;;Meio de Quadra;;;0;1;1;0;0;0;0;0;0;0;0;0;-3,829563405000000;-38,526865078000000
318896;10;2;2017;16:47;0;AV GAL OSORIO DE PAIVA;;;5883;;Colis?úo;Luz do Dia;;;Meio de Quadra;;;0;1;1;0;0;0;0;0;0;1;0;0;-3,807958000000000;-38,605198000000000
318898;10;2;2017;17:17;0;RUA JOR ANTONIO P TAVARES;;;1394;;Queda;Anoitecer;;;Meio de Quadra;;;0;1;0;0;0;0;0;0;0;1;0;0;-3,815165000000000;-38,507201000000000
318902;10;2;2017;18:18;3508;RD BR 116;RUA CAP HUGO BEZERRA;;0;;Queda;Anoitecer;;;;;;0;1;0;0;0;1;0;0;0;0;0;0;-3,821321000000000;-38,503058000000000
318903;10;2;2017;18:48;5191;AV DOM MANUEL;RUA PEREIRA FILGUEIRAS;;0;;Colis?úo;;;;Cruz;Sem?íforo;Comercial;0;1;1;1;0;0;0;0;0;1;0;0;-3,725943000000000;-38,520338000000000
318904;10;2;2017;19:29;0;AV CASTELO DE CASTRO;;;2320;;Colis?úo;;;;Meio de Quadra;;;0;1;1;1;0;0;0;0;0;1;0;0;-3,847218000000000;-38,522208000000000
318906;10;2;2017;19:58;0;RUA MANUEL GADELHA;;;483;;Queda;;;;Meio de Quadra;;;0;1;0;0;0;0;0;0;0;1;0;0;-3,695268000000000;-38,585669300000000
318973;10;2;2017;20:17;0;AV SGT HERMINIO SAMPAIO;;;1468;;Colis?úo;;;;Meio de Quadra;;;0;1;1;0;0;0;0;0;0;0;0;0;-3,725140000000000;-38,553724000000000
318984;10;2;2017;20:22;6724;AV SANTOS DUMONT;AV ENG SANTANA JUNIOR;;0;;Colis?úo;;;;Cruz;N?úo H?í Controle;Comercial;0;2;0;0;0;0;0;0;0;1;0;0;-3,740506000000000;-38,485132000000000
318988;10;2;2017;20:35;0;RUA ERICO MOTA;;;2742;;Colis?úo;;;;Meio de Quadra;;;0;1;1;1;0;0;0;0;0;1;0;0;-3,742215700000000;-38,561574100000000
318991;10;2;2017;20:53;0;AV ENG HUMBERTO MONTE;;;0;;Queda;;;;Meio de Quadra;;;0;1;0;0;0;0;0;0;0;1;0;0;;
318996;10;2;2017;21:36;0;RUA BARRA NOVA;;;977;;Colis?úo;;;;Meio de Quadra;;;0;1;1;0;0;0;0;0;0;1;0;0;;
319001;10;2;2017;22:30;0;RUA CAP ARAGAO;;;0;;Atropelamento;;;;Meio de Quadra;;;0;1;1;0;0;0;0;0;0;1;0;0;;
319013;10;2;2017;23:11;3336;RUA VIRIATO RIBEIRO;RUA RIO GRANDE DO SUL;;0;;Colis?úo;;;;Cruz;Pare;Escola;0;2;0;1;0;0;0;0;0;0;0;0;-3,750184000000000;-38,561355000000000
304331;10;2;2017;14:00;0;AV BEZERRA DE MENEZES;;;0;;Colis?úo Lateral;Luz do Dia;Bom;Seca;Meio de Quadra;Gesto;Residencial;0;2;0;1;0;0;0;0;0;0;0;0;;
304332;10;2;2017;15:40;0;RUA BELOS PORTOS;;;265;;Colis?úo Traseira;Luz do Dia;Bom;Seca;Meio de Quadra;N?úo H?í Controle;Residencial;0;1;0;1;0;0;0;0;0;0;0;0;-3,813665500000000;-38,525481500000000
304328;10;2;2017;17:50;0;AV DA UNIVERSIDADE;;;0;;Colis?úo Traseira;Anoitecer;Bom;Seca;Meio de Quadra;N?úo H?í Controle;Comercial;0;2;0;1;0;0;0;0;0;1;0;0;;
304334;10;2;2017;12:20;15280;RUA DR JOSE LOURENCO;RUA TEN BENEVOLO;;0;;Colis?úo Transversal;Luz do Dia;Bom;Seca;Cruz;Pare;Residencial;0;2;0;1;0;0;0;0;0;0;0;0;-3,729029000000000;-38,506010000000000
304335;10;2;2017;00:20;18313;AV HIS RAIMUNDO GIRAO;RUA GONCALVES LEDO;;0;;Colis?úo Lateral;Via Iluminada;Bom;Seca;T;;Lazer;0;2;0;1;0;0;0;0;0;0;0;0;-3,720592000000000;-38,512801000000000
304337;10;2;2017;07:30;15227;AV ABOLICAO;AV DES MOREIRA;;0;;Colis?úo Lateral;Luz do Dia;Bom;Seca;Cruz;Sem?íforo;Comercial;0;2;0;1;1;0;0;0;0;0;0;0;-3,727331000000000;-38,495474000000000
304340;10;2;2017;08:05;0;RUA ELVIRA PINHO;;;276;;Colis?úo;Luz do Dia;Bom;Seca;Meio de Quadra;Pare;Residencial;0;2;0;1;0;0;0;0;0;0;0;0;-3,766874400000000;-38,555849700000000
304342;10;2;2017;12:00;0;AV TRISTAO GONCALVES;;;151;;Colis?úo Lateral;Luz do Dia;Bom;Seca;Meio de Quadra;Outros;Comercial;0;1;1;0;0;0;0;0;0;1;0;0;-3,723446000000000;-38,532098000000000
304326;10;2;2017;17:15;25063;AV DOS EXPEDICIONARIOS;RUA ARMANDO MONTEIRO;;0;;Colis?úo Lateral;Via Iluminada;Bom;Seca;Cruz;Pare;Residencial;0;2;0;1;0;0;0;0;0;0;0;0;-3,762230000000000;-38,540372000000000
304324;10;2;2017;18:30;7766;AV ANTONIO SALES;RUA TIBURCIO CAVALCANTE;;0;;Outros;Luz do Dia;Bom;Seca;Cruz;Sem?íforo;Comercial;0;2;0;1;0;0;0;0;0;1;0;0;-3,744543000000000;-38,505333000000000
304321;10;2;2017;22:50;20043;AV PRUDENTE BRASIL;AV PALESTINA D68;;0;;Colis?úo Transversal;Via Iluminada;Bom;Seca;Cruz;Pare;Residencial;0;4;0;1;0;0;0;0;0;0;0;0;-3,806944000000000;-38,533505000000000
304322;10;2;2017;14:40;0;RUA VALPARAISO;;;1665;;Colis?úo Lateral;Luz do Dia;Bom;Seca;Meio de Quadra;Pare;Residencial;0;2;0;1;0;1;0;0;0;0;0;0;-3,840032000000000;-38,530868000000000
304348;10;2;2017;09:20;4957;RUA CON DE CASTRO;RUA PEDESTRE XIV;;0;;Colis?úo Traseira;Luz do Dia;Bom;Seca;T;Pare;Residencial;0;2;0;1;0;0;0;0;0;0;0;0;-3,820199000000000;-38,603578000000000
304349;10;2;2017;08:45;0;RUA PAULA RODRIGUES;;;22;;Colis?úo Lateral;Luz do Dia;Bom;Seca;Meio de Quadra;Sem?íforo;Comercial;0;2;0;1;1;0;0;0;0;0;0;0;;
307482;10;2;2017;16:20;978;AV BORGES DE MELO;RD BR 116;;0;;Colis?úo Transversal;Luz do Dia;Bom;Seca;Outros;N?úo H?í Controle;Comercial;0;0;2;0;1;0;0;0;0;0;0;0;-3,761575700000000;-38,518760000000000
307484;10;2;2017;18:15;15448;RUA MAD ANA COUTO;RUA CAP AVIADOR MARIO PRADO;;0;;Engavetamento;Anoitecer;Bom;Seca;T;N?úo H?í Controle;Residencial;0;0;2;1;0;0;0;0;0;0;0;0;-3,817690100000000;-38,499454000000000
307485;10;2;2017;19:18;12757;RUA MAJ WEYNE;RUA DAMASCENO GIRAO;;0;;Colis?úo Lateral;Luz do Dia;Bom;Seca;Cruz;Sem?íforo;Comercial;0;1;0;0;0;0;0;0;0;1;0;0;-3,752648800000000;-38,540000000000000
307486;10;2;2017;17:38;5402;RUA METON DE ALENCAR;RUA VINTE E QUATRO DE MAIO;;0;;Colis?úo Transversal;Anoitecer;Bom;Seca;Cruz;Pare;Comercial;0;1;1;0;1;0;0;0;0;1;0;0;-3,732655500000000;-38,533950000000000
307487;10;2;2017;21:44;15356;AV SEN VIRGILIO TAVORA;RUA REPUBLICA DO LIBANO;;0;;Colis?úo Lateral;Mal Iluminada;Bom;Seca;T;Pare;Comercial;0;0;2;1;0;0;0;0;0;0;0;0;-3,732889200000000;-38,491817000000000
307488;10;2;2017;21:51;7608;AV DR SILAS MUNGUBA;RUA MAL BITENCOURT;;0;;Colis?úo Transversal;Via Iluminada;Bom;Seca;T;Sem?íforo;Comercial;0;1;1;1;0;0;0;0;0;1;0;0;-3,796917200000000;-38,531704000000000
307473;10;2;2017;09:01;12882;RUA COS TRISTAO;RUA CARLOS GOMES;;0;;Colis?úo Lateral;Luz do Dia;Nublado;Seca;Cruz;Pare;Residencial;0;0;2;1;0;0;0;0;0;0;0;0;-3,741325000000000;-38,527420000000000
307474;10;2;2017;07:00;14353;RUA BAR CRATO;RUA DEMOSTENES CARVALHO;;0;;Colis?úo Transversal;Luz do Dia;Nublado;Molhada;Cruz;Pare;Residencial;0;1;2;1;0;0;0;0;0;1;0;0;-3,721293200000000;-38,560360000000000
307475;10;2;2017;09:50;19448;AV GAL OSORIO DE PAIVA;RUA ARMANDO PAIVA D34;;0;;Colis?úo Transversal;Luz do Dia;Nublado;Seca;T;Pare;Comercial;0;0;2;1;0;0;0;0;0;0;0;0;-3,779687200000000;-38,572960000000000
307476;10;2;2017;08:20;0;RUA DR VALDEMAR DE ALCANTARA;RUA MARIO A ARARIPE;;399;;Colis?úo Transversal;Luz do Dia;Bom;Seca;Meio de Quadra;Pare;Residencial;0;2;0;1;0;0;0;0;0;1;0;0;-3,799304500000000;-38,477997000000000
307477;10;2;2017;11:40;3968;RUA DES PRAXEDES;RUA BAR CANINDE;;0;;Colis?úo Transversal;Luz do Dia;Bom;Seca;Outros;Pare;Comercial;0;1;1;1;0;1;0;0;0;0;0;0;-3,759392300000000;-38,549390000000000
307478;10;2;2017;14:06;5063;AV PRS CASTELO BRANCO;RUA BAR RIO BRANCO;;0;;Colis?úo Traseira;Luz do Dia;Bom;Seca;Duplo T;Pare;Comercial;0;0;2;0;0;0;0;0;0;1;0;0;-3,721616000000000;-38,526825000000000
307479;10;2;2017;14:32;0;RUA DOM PEDRO II;RUA EDUARDO PERDIGAO;;0;;Colis?úo Lateral;Luz do Dia;Bom;Seca;Meio de Quadra;N?úo H?í Controle;Comercial;0;0;2;1;0;0;0;1;0;0;0;0;-3,776005500000000;-38,564156000000000
307480;10;2;2017;15:27;3829;RUA MAL DEODORO;RUA PAULINO NOGUEIRA;;0;;Colis?úo Lateral;Luz do Dia;Bom;Seca;Cruz;Pare;Comercial;0;0;2;1;0;0;0;0;0;1;0;0;-3,744446500000000;-38,537247000000000
307490;11;2;2017;08:18;10883;RUA CHUI;RUA MACEIO;;0;;Colis?úo Transversal;Luz do Dia;Chuva;Molhada;Cruz;N?úo H?í Controle;Residencial;0;2;0;1;0;0;0;0;0;1;0;0;-3,767108200000000;-38,592384000000000
307491;11;2;2017;10:27;0;RUA GAL SAMPAIO;;;868;;Colis?úo Lateral;Luz do Dia;Chuva;Molhada;Meio de Quadra;N?úo H?í Controle;Comercial;0;0;1;1;0;0;0;0;0;0;0;0;-3,724418400000000;-38,530052000000000