COD_ACIDENTE;DIA;MES;ANO;HORA;INTERSECAO;LOG1;LOG2;LOG3;NUMERO;REFERENCIA;NATUREZA;ILUMINACAO;TEMPO;SUPERFICIEPISTA;TIPOCRUZAMENTO;CONTROLETRAFEGO;USOSOLO;MORTOS;FERIDOS;ILESOS;AUTOMOVEL;ONIBUS;BICICLETA;CAMINHAO;MICROONIBUS;CICLOMOTOR;MOTOCICLETA;TRACAOANIMAL;TREM;LATITUDE;LONGITUDE
307493;11;2;2017;13:22;0;RUA PINTO MADEIRA;;;1550;;Colis?úo Traseira;Luz do Dia;Nublado;Seca;Meio de Quadra;Sem?íforo;Comercial;0;0;1;1;0;0;0;0;0;0;0;0;-3,734064300000000;-38,511640000000000
307494;11;2;2017;13:53;0;RUA ANTONELE BEZERRA;;;303;;Colis?úo Lateral;Luz do Dia;Chuva;Molhada;Meio de Quadra;N?úo H?í Controle;Residencial;0;0;3;1;0;0;0;0;0;0;0;0;-3,724968400000000;-38,504406000000000
307495;11;2;2017;14:45;0;AV 13 DE MAIO;;;0;;Colis?úo Traseira;Luz do Dia;Nublado;Seca;Outros;N?úo H?í Controle;Comercial;0;1;1;1;0;0;0;0;0;1;0;0;-3,753123500000000;-38,524765000000000
307496;11;2;2017;17:00;26216;AV DEP PAULINO ROCHA;AV CONTORNO (CASTEL?âO);;0;;Colis?úo Traseira;Luz do Dia;Nublado;Seca;Outros;N?úo H?í Controle;Residencial;0;1;1;1;0;0;0;0;0;1;0;0;-3,809732700000000;-38,521046000000000
307497;11;2;2017;18:14;0;AV GOV RAUL BARBOSA;;;0;;Colis?úo;Anoitecer;Nublado;Seca;Meio de Quadra;D?¬ Prefer?¬ncia;Residencial;0;1;1;0;0;0;0;0;0;1;0;0;-3,764518300000000;-38,508854000000000
307498;11;2;2017;19:07;0;AV PRS COSTA E SILVA;;;4007;;Colis?úo Lateral;Via Iluminada;Bom;Seca;Meio de Quadra;N?úo H?í Controle;Comercial;0;2;0;1;0;0;0;0;0;0;0;0;-3,824454000000000;-38,544144000000000
307499;11;2;2017;21:26;13534;AV SORIANO ALBUQUERQUE;RUA JOAO CORDEIRO;;0;;Colis?úo Transversal;Via Iluminada;Nublado;Seca;Cruz;Pare;Residencial;0;0;2;1;0;0;0;0;0;0;0;0;-3,747985100000000;-38,519460000000000
304351;11;2;2017;09:30;0;AV 13 DE MAIO;;;2072;;Colis?úo Traseira;Luz do Dia;Chuva;Molhada;Meio de Quadra;Sem?íforo;Escola;0;2;0;1;0;0;0;0;0;0;0;0;-3,744107000000000;-38,535445000000000
304352;11;2;2017;01:30;6801;RUA PRO OTAVIO LOBO;RUA ANDRADE FURTADO;;0;;Colis?úo Transversal;Via Iluminada;Bom;Seca;Cruz;Sem?íforo;Residencial;0;2;0;1;0;0;0;0;0;0;0;0;-3,745750000000000;-38,479651000000000
304353;11;2;2017;14:20;0;TR BRI TORRES;;;455;;Colis?úo Traseira;Luz do Dia;Nublado;Molhada;Meio de Quadra;Cancela;Residencial;0;2;0;1;0;0;0;0;0;0;0;0;;
304354;11;2;2017;03:25;0;AV CARNEIRO DE MENDONCA;;;0;;Colis?úo Lateral;Luz do Dia;Chuva;Molhada;Meio de Quadra;Outros;Comercial;0;3;0;1;1;0;0;0;0;0;0;0;;
304355;11;2;2017;18:20;0;RUA GAL PIRAGIBE;;;0;;Colis?úo Traseira;Via Iluminada;Bom;Seca;Meio de Quadra;N?úo H?í Controle;Residencial;0;2;0;1;0;0;0;0;0;0;0;0;;
304356;11;2;2017;15:45;5078;RUA SEN ALENCAR;RUA TEREZA CRISTINA;;0;;Colis?úo;Luz do Dia;Nublado;Seca;Cruz;Pare;Residencial;0;1;1;1;0;1;0;0;0;0;0;0;-3,722485000000000;-38,535439000000000
304357;11;2;2017;08:37;0;AV BENJAMIM BRASIL;;;1600;;Colis?úo Transversal;;Chuva;Molhada;Meio de Quadra;;;0;2;0;1;0;0;0;0;0;0;0;0;-3,806326000000000;-38,562544000000000
304358;11;2;2017;15:35;0;RUA CON DE CASTRO;;;1378;ESTACAO DA VILA PERY;Colis?úo Lateral;Luz do Dia;Nublado;;Meio de Quadra;Outros;Residencial;0;2;0;1;0;0;0;0;0;1;0;0;-3,783814000000000;-38,572336000000000
304359;11;2;2017;11:24;1243;RUA PEREIRA FILGUEIRAS;RUA DR JOSE LOURENCO;;0;;Colis?úo Frontal;Luz do Dia;Chuva;Molhada;Cruz;Pare;Comercial;0;2;0;1;0;0;0;0;0;0;0;0;-3,730449000000000;-38,506470000000000
319045;11;2;2017;03:17;0;AV PERIMETRAL;;;0;;Colis?úo;Luz do Dia;;;Meio de Quadra;;;0;2;0;0;0;0;0;0;0;1;0;0;;
319054;11;2;2017;07:35;0;AV WASHINGTON SOARES;;;6180;;Queda;Luz do Dia;;;Meio de Quadra;;;0;1;0;0;0;0;0;0;0;1;0;0;-3,812976000000000;-38,479739000000000
319062;11;2;2017;11:07;0;RUA PERNAMBUCO;;;3113;;Colis?úo;Luz do Dia;;;Meio de Quadra;;;0;1;1;1;0;0;0;0;0;1;0;0;-3,748844000000000;-38,580521000000000
319064;11;2;2017;11:47;0;AV AGUANAMBI;;;0;;Colis?úo;Luz do Dia;;;Meio de Quadra;;;0;2;0;0;0;0;0;0;0;1;0;0;;
319068;11;2;2017;11:58;21379;AV JOVITA FEITOSA;RUA PRO RAIMUNDO ARRUDA;;0;;Queda;Luz do Dia;;;Cruz;Sem?íforo;Comercial;0;1;0;0;0;0;0;0;0;1;0;0;-3,738742000000000;-38,550998000000000
319071;11;2;2017;12:32;0;RUA 1066 CJ CEARA;;;176;;Queda;Luz do Dia;;;Meio de Quadra;;;0;1;0;0;0;1;0;0;0;0;0;0;;
319074;11;2;2017;12:33;0;AV JOR THOMAZ COELHO;;;3050;;Colis?úo;Luz do Dia;;;Meio de Quadra;;;0;1;1;0;0;0;0;0;0;0;0;0;-3,828978000000000;-38,522769000000000
319075;11;2;2017;12:57;0;AV PRS COSTA E SILVA;;;3445;;Colis?úo;Luz do Dia;;;Meio de Quadra;;;0;1;1;1;0;0;0;0;0;1;0;0;;
319080;11;2;2017;13:13;0;RUA NOSSA SRA DAS GRACAS;;;12;;Colis?úo;Luz do Dia;;;Meio de Quadra;;;0;1;1;1;0;0;0;0;0;1;0;0;;
319083;11;2;2017;13:38;0;AV CEL CARVALHO;;;2057;;Colis?úo;Luz do Dia;;;Meio de Quadra;;;0;3;1;1;0;0;0;0;0;0;0;0;-3,720572000000000;-38,587116000000000
319091;11;2;2017;15:21;0;RUA LUIZA GUIMARAES;;;603;;Colis?úo;Luz do Dia;;;;;;0;1;1;1;0;0;0;0;0;1;0;0;-3,833084300000000;-38,461459000000000
319104;11;2;2017;17:36;0;RUA VIA LACTEA;;;0;;Queda;Anoitecer;;;Meio de Quadra;;;0;1;0;0;0;0;0;0;0;1;0;0;;
319105;11;2;2017;18:05;0;AV BORGES DE MELO;;;1295;;Choque c/ Obst?ículo Fixo;Anoitecer;;;Meio de Quadra;;;0;1;0;1;0;0;0;0;0;0;0;0;-3,759485000000000;-38,530578000000000
319109;11;2;2017;18:24;0;RD BR 116;;;16000;KM-16;Colis?úo;Anoitecer;;;Meio de Quadra;;;0;1;1;1;0;0;0;0;0;1;0;0;-3,761165700000000;-38,519056700000000
319111;11;2;2017;19:10;0;AV WASHINGTON SOARES;;;731;VIADUTO-IGUATEMI;Atropelamento;;;;Meio de Quadra;;;0;1;1;1;0;0;0;0;0;0;0;0;-3,760100000000000;-38,483148000000000
319113;11;2;2017;20:14;0;RUA PEDESTRE II;;;329;;Colis?úo;;;;Meio de Quadra;;;0;1;1;0;0;0;0;0;0;1;0;0;;
319120;11;2;2017;22:24;0;RUA VALPARAISO;;;0;;Queda;;;;Meio de Quadra;;;0;2;0;0;0;0;0;0;0;1;0;0;;
319126;11;2;2017;23:35;0;ET DO FIO (MESSEJANA);;;1228;;Colis?úo;;;;Meio de Quadra;;;0;1;0;1;0;0;0;0;0;1;0;0;;
317056;11;2;2017;09:50;0;RD CE-040;;;0;KM-03;Colis?úo;Luz do Dia;Bom;Seca;Meio de Quadra;;;0;0;2;1;0;0;1;0;0;0;0;0;-3,782614325000000;-38,481083900000000
317057;11;2;2017;12:30;0;AV MIN JOSE AMERICO;;;0;;Colis?úo;Luz do Dia;Bom;Seca;Meio de Quadra;;;0;0;2;1;0;0;0;0;0;1;0;0;;
317058;11;2;2017;20:00;0;AV MIN JOSE AMERICO;;;0;;Colis?úo;;Bom;Seca;Meio de Quadra;;;0;3;1;1;0;0;0;0;0;0;0;0;;
305041;11;2;2017;02:30;0;RUA VER PEDRO PAULO MOREIRA;;;691;;Colis?úo Transversal;;;;Meio de Quadra;;;0;2;3;1;0;0;0;0;0;0;0;0;-3,787056200000000;-38,488200100000000
325478;12;2;2017;10:40;0;RD BR 222;;;0;KM-01;Colis?úo Lateral;Luz do Dia;;Seca;Meio de Quadra;;;0;1;1;0;1;0;0;0;0;1;0;0;-3,737698444000000;-38,578146930000000
325481;12;2;2017;23:20;0;RD BR 222;;;0;KM-03;Colis?úo Traseira;Via Iluminada;;Seca;Meio de Quadra;;;0;0;2;1;0;0;0;0;0;0;0;0;-3,740300848000000;-38,595940970000000
317059;12;2;2017;10:40;0;RD CE-040;;;0;KM-11;Colis?úo;Luz do Dia;Bom;Seca;Meio de Quadra;;;0;1;1;0;0;0;0;0;0;1;0;0;-3,849626230000000;-38,476069890000000
317062;12;2;2017;17:55;0;RD CE-040;;;0;KM-04;Colis?úo;Anoitecer;Bom;Seca;Meio de Quadra;;;0;0;4;1;0;0;0;0;0;0;0;0;-3,791613156000000;-38,480330840000000
319115;12;2;2017;20:46;0;RUA SEN ROBERT KENNEDY;;;601;;Colis?úo;;;;Meio de Quadra;;;0;2;0;0;0;0;0;0;0;0;0;0;-3,705628000000000;-38,579759000000000
319227;12;2;2017;00:36;0;AV JOR JOAO RAMOS;;;0;;Colis?úo;;;;Meio de Quadra;;;0;1;1;0;0;0;0;0;0;0;0;0;;
319228;12;2;2017;01:23;0;AV BEZERRA DE MENEZES;;;0;;Queda;;;;Meio de Quadra;;;0;1;0;0;0;0;0;0;0;1;0;0;;
319229;12;2;2017;01:27;12521;AV AUGUSTO DOS ANJOS;RUA JULIO BRAGA;;0;;Queda;;;;Cruz;Sem?íforo;Comercial;0;1;0;1;0;0;0;0;0;1;0;0;-3,776779000000000;-38,576193000000000
319240;12;2;2017;01:34;0;AV PONTES VIEIRA;;;3570;;Colis?úo;;;;Meio de Quadra;;;0;1;1;1;0;0;0;0;0;1;0;0;-3,753494100000000;-38,520560300000000
319241;12;2;2017;01:40;0;AV DR THEBERGE;;;2160;;Queda;;;;Meio de Quadra;;;0;1;0;0;0;0;0;0;0;1;0;0;-3,719272000000000;-38,566474000000000
319242;12;2;2017;03:24;0;AV PERIMETRAL;;;3385;;Queda;;;;Meio de Quadra;;;0;1;0;0;0;0;0;0;0;1;0;0;;
319243;12;2;2017;05:40;0;RUA EMILIO DE MENESES;;;532;;Colis?úo;Amanhecer;;;Meio de Quadra;;;0;2;0;0;0;0;0;0;0;1;0;0;-3,782045000000000;-38,586377000000000
319244;12;2;2017;07:28;0;AV CASTELO DE CASTRO;;;0;;Colis?úo;Luz do Dia;;;Meio de Quadra;;;0;1;1;1;0;0;0;0;0;1;0;0;;
319238;12;2;2017;01:32;0;AV EDILSON B SOARES;;;399;;Colis?úo;;;;Meio de Quadra;;;0;1;1;1;0;0;0;0;0;1;0;0;-3,789582000000000;-38,482121000000000
319257;12;2;2017;07:57;0;RUA RIO GRANDE DO SUL;;;235;;Queda;Luz do Dia;;;Meio de Quadra;;;0;1;0;0;0;1;0;0;0;0;0;0;-3,751426000000000;-38,562655000000000
319259;12;2;2017;08:53;0;RUA PERO COELHO;;;293;;Queda;Luz do Dia;;;Meio de Quadra;;;0;1;0;0;0;0;0;0;0;1;0;0;-3,733167000000000;-38,522586000000000
319266;12;2;2017;12:04;0;AV DR SILAS MUNGUBA;;;6453;;Colis?úo;Luz do Dia;;;Meio de Quadra;;;0;2;0;0;0;0;0;0;0;1;0;0;-3,800497000000000;-38,530267000000000
319277;12;2;2017;12:11;0;RUA DR GILBERTO STUDART;;;100;;Queda;Luz do Dia;;;Meio de Quadra;;;0;1;0;0;0;1;0;0;0;0;0;0;-3,742207900000000;-38,485899900000000
319263;12;2;2017;10:45;0;AV MR HULL;;;0;;Colis?úo;Luz do Dia;;;Meio de Quadra;;;0;1;1;0;0;0;0;0;0;0;0;0;;
319264;12;2;2017;11:55;0;RUA EMILIO DE MENESES;;;2646;;Queda;Luz do Dia;;;Meio de Quadra;;;0;1;0;0;0;0;0;0;0;1;0;0;-3,776979000000000;-38,604380000000000
319283;12;2;2017;12:50;14463;AV BENJAMIM BARROSO;RUA HENRIQUE AUTRAN;;0;;Colis?úo;Luz do Dia;;;Cruz;Pare;Residencial;0;1;1;1;0;0;0;0;0;1;0;0;-3,727342000000000;-38,549978000000000
319284;12;2;2017;12:57;0;RUA BOM JESUS (GRANJA LISBOA);;;1353;;Atropelamento;Luz do Dia;;;Meio de Quadra;;;0;1;1;0;0;0;0;0;0;0;0;0;-3,793363000000000;-38,604412000000000
319296;12;2;2017;13:59;0;RUA ALVARO FERNANDES;;;185;;Queda;Luz do Dia;;;Meio de Quadra;;;0;1;0;0;0;0;0;0;0;1;0;0;-3,760566000000000;-38,554216000000000
319294;12;2;2017;13:10;0;AV GOV RAUL BARBOSA;;;3840;;Colis?úo;Luz do Dia;;;Meio de Quadra;;;0;1;1;1;0;1;0;0;0;0;0;0;-3,761070000000000;-38,505464000000000
319418;12;2;2017;14:07;0;RUA MATOS VASCONCELOS;;;155;;Queda;Luz do Dia;;;Meio de Quadra;;;0;1;0;0;0;0;0;0;0;1;0;0;-3,762530000000000;-38,559604000000000
319420;12;2;2017;14:58;9575;RUA TEODORO DE CASTRO;RUA SAO LUIZ DO OESTE;;0;;Colis?úo;Luz do Dia;;;Cruz;Pare;Residencial;0;1;1;0;0;0;0;0;0;1;0;0;-3,778623000000000;-38,609112000000000
319421;12;2;2017;14:59;0;RUA BOM JESUS (GRANJA LISBOA);;;1639;;Colis?úo;Luz do Dia;;;Meio de Quadra;;;0;1;1;0;0;0;0;0;0;0;0;0;-3,792702000000000;-38,606483000000000
319423;12;2;2017;15:07;0;RUA JOAQUIM M DE MACEDO;;;1650;;Colis?úo;Luz do Dia;;;Meio de Quadra;;;0;1;1;0;0;0;0;0;0;0;0;0;-3,766525000000000;-38,586443000000000
319425;12;2;2017;16:05;0;AV FRE CIRILO;;;41451;;Queda;Luz do Dia;;;Meio de Quadra;;;0;2;0;0;0;0;0;0;0;1;0;0;-3,806353076000000;-38,502209576000000
319428;12;2;2017;16:27;0;AV GAL OSORIO DE PAIVA;;;0;;Colis?úo;Luz do Dia;;;Meio de Quadra;;;0;1;1;1;0;0;0;0;0;1;0;0;;
319430;12;2;2017;16:37;0;AV D CJ JOSE WALTER;;;1527;;Colis?úo;Luz do Dia;;;Meio de Quadra;;;0;1;1;1;0;0;0;0;0;1;0;0;;
319435;12;2;2017;17:20;0;RUA TOMAS CAVALCANTE;;;500;;Queda;Anoitecer;;;Meio de Quadra;;;0;1;0;0;0;0;0;0;0;1;0;0;-3,754253000000000;-38,595770000000000
319437;12;2;2017;17:42;1490;RUA CEL JUCA;RUA DES LEITE ALBUQUERQUE;;0;;Colis?úo;Anoitecer;;;Cruz;Pare;Comercial;0;1;1;1;0;0;0;0;0;1;0;0;-3,739434000000000;-38,491875000000000
319440;12;2;2017;17:49;0;RUA JOAQUIM PEREIRA;;;458;;Colis?úo;Anoitecer;;;Meio de Quadra;;;0;1;1;1;0;0;0;0;0;1;0;0;-3,803659638000000;-38,598772200000000
319442;12;2;2017;19:03;0;AV DOMINGOS OLIMPIO;;;0;;Colis?úo;;;;Meio de Quadra;;;0;1;1;1;1;0;0;0;0;0;0;0;;
319445;12;2;2017;19:06;0;AV MR HULL;;;0;;Colis?úo;;;;Meio de Quadra;;;0;1;1;0;0;0;0;0;0;0;0;0;;
319448;12;2;2017;19:32;0;RUA PARAGUACU D45;;;1956;;Colis?úo;;;;Meio de Quadra;;;0;1;1;0;0;0;0;0;0;1;0;0;-3,791102000000000;-38,541043000000000
319452;12;2;2017;20:01;0;AV GOV PARSIFAL BARROSO;;;0;;Queda;;;;Meio de Quadra;;;0;1;0;0;0;0;0;0;0;1;0;0;;
319456;12;2;2017;20:29;0;RUA VALPARAISO;;;1500;;Colis?úo;;;;Meio de Quadra;;;0;1;1;1;0;0;0;0;0;1;0;0;-3,838532000000000;-38,532701000000000
319546;12;2;2017;22:09;0;RUA BAR CRATO;;;1848;;Atropelamento;;;;Meio de Quadra;;;0;1;1;0;0;0;0;0;0;0;0;0;-3,722372000000000;-38,563790000000000
319547;12;2;2017;22:21;0;RUA BAR IBIAPABA;;;1469;;Atropelamento;;;;Meio de Quadra;;;0;1;1;1;0;0;0;0;0;0;0;0;;
319544;12;2;2017;21:33;0;AV CEL CARVALHO;;;1433;;Atropelamento;;;;Meio de Quadra;;;0;2;0;0;0;0;0;0;0;1;0;0;-3,732714400000000;-38,526998100000000
319568;12;2;2017;22:22;0;RUA VASCO DE ATAIDE;;;720;;Colis?úo;;;;Meio de Quadra;;;0;1;1;0;0;0;0;0;0;1;0;0;-3,824024000000000;-38,487039000000000
319571;12;2;2017;22:37;0;RUA NAT FEIJO;;;1848;;Atropelamento;;;;Meio de Quadra;;;0;1;1;0;0;0;0;0;0;1;0;0;-3,844819795000000;-38,510796781000000
319578;12;2;2017;22:53;6425;AV G CJ CEARA;AV B CJ CEARA;;0;;Colis?úo;;;;T;Pare;Residencial;0;1;1;0;0;0;0;0;0;0;0;0;-3,772599000000000;-38,611556000000000
295176;12;2;2017;00:30;0;AV JOAO DE ARAUJO LIMA;;;744;CURVA DA VIUVA;Colis?úo;;;;Meio de Quadra;;;1;1;0;0;0;0;0;0;0;1;0;0;-3,829419000000000;-38,560011700000000
295184;12;2;2017;00:50;22257;RUA CEL MOZART GONDIM;RUA HERACLITO DOMINGOS;;0;;Colis?úo Transversal;Via Iluminada;Bom;Seca;Cruz;Pare;Residencial;1;2;0;0;0;0;0;0;0;1;0;0;-3,732288000000000;-38,559494000000000
304374;12;2;2017;11:10;5405;RUA GAL CLARINDO DE QUEIROZ;RUA BAR RIO BRANCO;;0;;Colis?úo Lateral;Luz do Dia;Nublado;Molhada;Cruz;Sem?íforo Intermitente;Comercial;0;2;0;1;0;0;0;0;0;0;0;0;-3,732679000000000;-38,530239000000000
304371;12;2;2017;16:15;0;AV ALBERTO CRAVEIRO;;;2222;;Colis?úo Traseira;Luz do Dia;Bom;Seca;Meio de Quadra;Outros;Comercial;0;2;0;1;0;0;0;0;0;1;0;0;-3,798682000000000;-38,518779000000000
304372;12;2;2017;16:08;0;AV BEIRA MAR;;;4520;;Colis?úo Lateral;Luz do Dia;Bom;Seca;Meio de Quadra;N?úo H?í Controle;Lazer;0;4;0;1;0;0;0;0;0;0;0;0;-3,722152000000000;-38,480467000000000
304369;12;2;2017;13:00;0;AV RUI BARBOSA;;;3840;;Colis?úo Traseira;Luz do Dia;Nublado;Seca;Meio de Quadra;Outros;Residencial;0;2;0;0;0;1;0;0;0;0;0;0;-3,752556700000000;-38,514020300000000
304366;12;2;2017;13:20;24283;AV ANTONIO JUSTA;RUA CASTRO MONTE;;0;;Colis?úo Lateral;Luz do Dia;Nublado;Seca;Cruz;Pare;Outros;0;2;0;1;0;0;0;0;0;1;0;0;-3,730583000000000;-38,486149000000000
304367;12;2;2017;01:50;12837;AV DOMINGOS OLIMPIO;RUA JAIME BENEVOLO;;0;;Colis?úo Lateral;Via Iluminada;Bom;Seca;Cruz;Sem?íforo;Comercial;0;2;0;1;0;0;0;0;0;0;0;0;-3,737780000000000;-38,527245000000000
304381;12;2;2017;09:30;260;RUA GAL BERNARDO FIGUEIREDO;RUA PRO LINO ENCARNACAO;;0;;Colis?úo Lateral;Luz do Dia;Bom;Seca;Cruz;Pare;Residencial;0;2;0;0;0;0;1;0;0;0;0;0;-3,741453000000000;-38,560606000000000
304382;12;2;2017;20:50;3767;AV DOMINGOS OLIMPIO;AV IMPERADOR;;0;;Colis?úo Lateral;Via Iluminada;Bom;Seca;Cruz;Sem?íforo;Comercial;0;2;0;1;1;0;0;0;0;0;0;0;-3,734790000000000;-38,536697000000000
304383;12;2;2017;08:00;0;RUA CON DE CASTRO;;;944;;Colis?úo Lateral;Luz do Dia;Nublado;Seca;Meio de Quadra;N?úo H?í Controle;Residencial;0;2;0;0;0;0;0;0;0;1;0;0;-3,781459000000000;-38,570167000000000
304384;12;2;2017;07:50;7976;RUA MAJ WEYNE;AV JOAO PESSOA;;0;;Colis?úo Transversal;Luz do Dia;Nublado;Seca;Cruz;Sem?íforo;Comercial;0;2;0;1;0;0;0;0;0;1;0;0;-3,747841000000000;-38,545334000000000
304379;12;2;2017;03:00;19675;RUA GUSTAVO SAMPAIO;RUA CRUZ SALDANHA;;0;;Choque c/ Obst?ículo Fixo;Luz do Dia;Bom;Seca;Cruz;Pare;Residencial;0;2;0;1;0;0;0;0;0;0;0;0;-3,734763000000000;-38,554069000000000
304376;12;2;2017;19:00;5126;RUA RUFINO DE ALENCAR;AV DOM MANUEL;;0;;Colis?úo Traseira;Via Iluminada;Bom;Seca;Cruz;Pare;Comercial;0;2;0;1;0;0;0;0;0;0;0;0;-3,724114000000000;-38,519754000000000
304377;12;2;2017;23:30;17916;AV SGT HERMINIO SAMPAIO;RUA ALCANTARA BILHAR;;0;;Colis?úo Transversal;Via Iluminada;Bom;Seca;T;Pare;Comercial;0;2;0;1;0;0;0;0;0;1;0;0;-3,732807000000000;-38,582528000000000
307500;12;2;2017;07:40;0;AV PRO GOMES DE MATOS;;;1936;;Colis?úo Lateral;Luz do Dia;Nublado;Seca;Meio de Quadra;N?úo H?í Controle;Comercial;0;2;1;1;0;0;0;0;0;1;0;0;-3,768135800000000;-38,551617000000000
307501;12;2;2017;13:26;0;AV AGUANAMBI;;;1370;;Colis?úo Traseira;Luz do Dia;Nublado;Seca;N?úo Informado;Sem?íforo;Residencial;0;0;2;1;0;0;0;0;0;0;0;0;-3,748559000000000;-38,524083000000000
307502;12;2;2017;07:42;0;AV DR SILAS MUNGUBA;RUA DOZE;;0;;Colis?úo Traseira;Luz do Dia;Nublado;Seca;Meio de Quadra;;;0;1;2;1;0;0;0;0;0;1;0;0;-3,794662000000000;-38,533516000000000
307503;12;2;2017;15:23;25070;AV DOS EXPEDICIONARIOS;RUA ALM RUFINO;;0;;Colis?úo Transversal;Luz do Dia;Nublado;Seca;Cruz;Sem?íforo;Comercial;0;1;2;1;0;0;0;0;0;0;0;0;-3,765174600000000;-38,541160000000000
307504;12;2;2017;19:06;0;AV ANTONIO SALES;;;3510;;Colis?úo Lateral;Via Iluminada;Bom;Seca;Meio de Quadra;N?úo H?í Controle;Comercial;0;1;1;0;0;0;0;0;0;1;0;0;-3,748670600000000;-38,491966000000000
307505;12;2;2017;18:50;19672;AV BEZERRA DE MENEZES;RUA GAL PIRAGIBE;;0;;Colis?úo Frontal;Via Iluminada;Nublado;Seca;Cruz;Sem?íforo;Comercial;0;1;1;1;0;1;0;0;0;0;0;0;-3,734697300000000;-38,558580000000000
307506;12;2;2017;20:44;0;AV BENJAMIM BRASIL;;;714;;Colis?úo Traseira;Via Iluminada;Bom;Seca;Meio de Quadra;N?úo H?í Controle;Comercial;0;0;4;0;1;1;0;0;0;0;0;0;-3,805035600000000;-38,565980000000000
307507;13;2;2017;07:54;0;RUA PRE NOVE;;;34;;Colis?úo Traseira;Luz do Dia;Bom;Seca;Meio de Quadra;Sem?íforo;Residencial;0;0;3;1;0;0;0;0;0;0;0;0;-3,754984600000000;-38,538440000000000
307508;13;2;2017;08:15;20042;AV DR SILAS MUNGUBA;AV PRS JUSCELINO KUBITSCHEK (PASSAR?ë);;0;;Colis?úo Lateral;Luz do Dia;Nublado;Seca;Rotat??ria;N?úo H?í Controle;Lazer;0;0;2;1;0;0;0;0;0;1;0;0;-3,801203700000000;-38,498320000000000
307509;13;2;2017;07:10;0;RUA JULIO CESAR D04;RUA ANTENOR FROTA WANDERLEY;;0;;Colis?úo Transversal;Luz do Dia;Nublado;Seca;Cruz;Pare;Residencial;0;0;2;1;0;0;0;0;0;0;0;0;-3,746678400000000;-38,539818000000000
307510;13;2;2017;10:30;0;AV MIGUEL DIAS;;;1055;;Queda;Luz do Dia;Bom;Seca;Meio de Quadra;N?úo H?í Controle;Residencial;0;0;1;0;0;0;0;0;0;1;0;0;-3,765563000000000;-38,487633000000000
307511;13;2;2017;09:45;13450;RUA GONCALVES LEDO;RUA AQUILES BEVILAQUA;;0;;Colis?úo Transversal;Luz do Dia;Nublado;Seca;Cruz;Pare;Residencial;0;0;2;1;0;0;0;0;0;0;0;0;-3,743470400000000;-38,519670000000000
307512;13;2;2017;12:18;0;RUA MIN JOAQUIM BASTOS D14;;;241;;Colis?úo Lateral;Luz do Dia;Bom;Seca;Meio de Quadra;N?úo H?í Controle;Comercial;0;0;2;1;0;0;0;0;0;0;0;0;-3,753599400000000;-38,528122000000000
307513;13;2;2017;12:57;25049;AV PONTES VIEIRA;RUA CAP MELO;;0;;Colis?úo Traseira;Luz do Dia;Bom;Seca;Cruz;Sem?íforo;Comercial;0;0;2;1;0;0;0;0;0;0;0;0;-3,752825700000000;-38,513832000000000
307514;13;2;2017;17:51;0;AV H CJ CEARA;;;1016;;Colis?úo Traseira;Luz do Dia;Nublado;Molhada;Meio de Quadra;Sem?íforo;Comercial;0;0;2;0;0;0;0;0;0;0;0;0;-3,775262600000000;-38,606564000000000
307515;13;2;2017;17:20;0;AV JOSE JATAHY;;;612;;Colis?úo Lateral;Via Iluminada;Bom;Molhada;Meio de Quadra;N?úo H?í Controle;Residencial;0;0;2;1;0;0;0;0;0;0;0;0;-3,726771000000000;-38,545930000000000
307516;13;2;2017;18:45;5406;RUA ANTONIO POMPEU;RUA PRC ISABEL;;0;;Colis?úo Transversal;Via Iluminada;Bom;Molhada;Cruz;Gesto;Escola;0;0;2;1;0;0;0;0;0;0;0;0;-3,732758300000000;-38,537315000000000
307517;13;2;2017;18:20;13594;AV PONTES VIEIRA;RUA CAP GUSTAVO;;0;;Colis?úo Transversal;Via Iluminada;Nublado;Seca;Cruz;Sem?íforo;Comercial;0;0;2;1;0;0;0;0;0;1;0;0;-3,753242700000000;-38,517240000000000
307518;13;2;2017;19:48;5307;AV DUQ CAXIAS;RUA PRC ISABEL;;0;;Colis?úo Transversal;Via Iluminada;Nublado;Molhada;Cruz;Sem?íforo;Comercial;0;0;2;1;0;0;0;0;0;0;0;0;-3,729551000000000;-38,536415000000000
307519;13;2;2017;21:36;0;RUA RIO PARAGUAI;RUA ALTANEIRA;;0;;Colis?úo Transversal;Via Iluminada;Bom;Seca;Cruz;N?úo H?í Controle;Residencial;0;0;2;1;0;0;0;0;0;0;0;0;-3,727079900000000;-38,584347000000000
307594;13;2;2017;16:57;0;RUA PDE ANTONINO;;;948;;Colis?úo Lateral;Luz do Dia;Nublado;Seca;Meio de Quadra;N?úo H?í Controle;Residencial;0;0;2;1;0;0;0;0;0;0;0;0;-3,749008000000000;-38,520260000000000
307540;13;2;2017;22:16;19562;RUA NEREU RAMOS;RUA SEIFERT;;0;;Colis?úo Lateral;Via Iluminada;Bom;Seca;Cruz;Pare;Comercial;0;1;1;1;0;0;0;0;0;1;0;0;-3,783297000000000;-38,575428000000000