COD_ACIDENTE;DIA;MES;ANO;HORA;INTERSECAO;LOG1;LOG2;LOG3;NUMERO;REFERENCIA;NATUREZA;ILUMINACAO;TEMPO;SUPERFICIEPISTA;TIPOCRUZAMENTO;CONTROLETRAFEGO;USOSOLO;MORTOS;FERIDOS;ILESOS;AUTOMOVEL;ONIBUS;BICICLETA;CAMINHAO;MICROONIBUS;CICLOMOTOR;MOTOCICLETA;TRACAOANIMAL;TREM;LATITUDE;LONGITUDE
304392;13;2;2017;14:26;25269;AV DOS EXPEDICIONARIOS;RUA CEL AMANCIO CAVALCANTE;;0;;Colis?úo Lateral;Luz do Dia;Bom;Seca;T;Pare;Comercial;0;2;0;1;0;0;0;0;0;1;0;0;-3,755998000000000;-38,538468000000000
304399;13;2;2017;13:50;0;AV ABOLICAO;;;0;;;Luz do Dia;Bom;Seca;Meio de Quadra;N?úo H?í Controle;Comercial;0;2;0;1;0;0;0;0;0;0;0;0;;
304397;13;2;2017;13:47;25111;RUA DEMETRIO MENEZES;RUA GAL GOIS MONTEIRO;;0;;Colis?úo Lateral;Luz do Dia;Nublado;Seca;T;Pare;Comercial;0;2;0;0;0;0;0;0;0;1;0;0;-3,734527000000000;-38,584238000000000
304404;13;2;2017;15:00;6016;RUA 1111 CJ CEARA;RUA MIN ALBUQUERQUE LIMA;;0;;Colis?úo;Luz do Dia;Nublado;Seca;Cruz;N?úo H?í Controle;Residencial;0;2;0;1;0;0;0;0;0;0;0;0;-3,764513000000000;-38,613417000000000
304409;13;2;2017;00:00;0;RUA SEN POMPEU;;;2764;;Colis?úo Traseira;Via Iluminada;Bom;Seca;Meio de Quadra;Outros;Residencial;0;2;0;1;0;0;0;0;0;0;0;0;-3,742821000000000;-38,534439000000000
304410;13;2;2017;15:40;0;AV DOM LUIS;;;1540;;Colis?úo Lateral;Luz do Dia;Chuva;Molhada;Meio de Quadra;N?úo H?í Controle;Comercial;0;2;0;1;0;0;0;0;0;1;0;0;-3,735968300000000;-38,488604700000000
304407;13;2;2017;13:10;0;AV JOSE BASTOS;;;3480;;Colis?úo Traseira;Luz do Dia;Bom;Seca;Meio de Quadra;N?úo H?í Controle;Residencial;0;2;0;1;0;0;0;0;0;1;0;0;-3,749574000000000;-38,550036000000000
295192;13;2;2017;19:20;0;AV WASHINGTON SOARES;;;4393;;Atropelamento;;;;Meio de Quadra;;;1;1;1;1;0;0;0;0;0;0;0;0;-3,796750500000000;-38,479633000000000
319610;13;2;2017;01:04;15277;AV SEN VIRGILIO TAVORA;AV ANTONIO JUSTA;;0;;Atropelamento;;;;;;;0;1;1;1;0;0;0;0;0;0;0;0;-3,728875000000000;-38,490692000000000
319613;13;2;2017;02:10;15137;AV MON TABOSA;RUA ILDEFONSO ALBANO;;0;;Queda;;;;Cruz;Sem?íforo;Comercial;0;1;0;0;0;0;0;0;0;1;0;0;-3,724155000000000;-38,510333000000000
319614;13;2;2017;06:25;0;RUA PDE PEDRO DE ALENCAR;;;2300;;Queda;Luz do Dia;;;Meio de Quadra;;;0;1;0;0;0;0;0;0;0;1;0;0;-3,848328000000000;-38,494803000000000
319616;13;2;2017;06:52;0;AV GODOFREDO MACIEL;;;2299;;Colis?úo;Luz do Dia;;;Meio de Quadra;;;0;1;1;0;0;0;0;0;0;0;0;0;-3,795810000000000;-38,569705000000000
319619;13;2;2017;07:31;0;AV CONTORNO OESTE D71;;;93;;Queda;Luz do Dia;;;Meio de Quadra;;;0;1;0;0;0;0;0;0;0;1;0;0;-3,810060000000000;-38,592920000000000
319626;13;2;2017;07:56;5120;AV MON TABOSA;RUA JOAO CORDEIRO;;0;;Colis?úo;Luz do Dia;;;Cruz;Sem?íforo;Comercial;0;1;1;1;0;0;0;0;0;1;0;0;-3,724009000000000;-38,512635000000000
319628;13;2;2017;09:16;0;AV FRANCISCO SA;;;7320;;Atropelamento;Luz do Dia;;;Meio de Quadra;;;0;1;1;0;0;0;1;0;0;0;0;0;-3,707274000000000;-38,584549000000000
319651;13;2;2017;09:22;0;AV A CJ CEARA;;;1270;;Colis?úo;Luz do Dia;;;Meio de Quadra;;;0;2;1;1;0;0;0;0;0;1;0;0;-3,772514000000000;-38,605200000000000
319653;13;2;2017;10:49;0;RUA OSCAR ARARIPE;;;3012;;Colis?úo;Luz do Dia;;;Meio de Quadra;;;0;1;1;0;0;0;0;0;0;0;0;0;-3,785330000000000;-38,617773000000000
319654;13;2;2017;11:30;15832;RUA PDE PEDRO DE ALENCAR;RUA TEN JURANDIR ALENCAR;;0;;Atropelamento;Luz do Dia;;;Cruz;Sem?íforo;Comercial;0;1;1;1;0;0;0;0;0;0;0;0;-3,831674000000000;-38,493981000000000
319668;13;2;2017;11:35;0;AV C CJ CEARA;;;1125;;Colis?úo;Luz do Dia;;;Meio de Quadra;;;0;1;1;1;0;0;0;0;0;0;0;0;-3,768493000000000;-38,612870000000000
319676;13;2;2017;12:34;0;RUA VALPARAISO;;;541;;Colis?úo;Luz do Dia;;;Meio de Quadra;;;0;1;1;1;0;0;0;0;0;1;0;0;-3,844364000000000;-38,525594000000000
319680;13;2;2017;13:09;0;AV CONTORNO SUL;;;881;;Colis?úo;Luz do Dia;;;Meio de Quadra;;;0;2;1;1;0;0;0;0;0;1;0;0;-3,814607400000000;-38,591140500000000
319687;13;2;2017;15:13;0;RUA CAR ARCO VERDE;;;762;;Colis?úo;Luz do Dia;;;Meio de Quadra;;;0;1;1;1;0;0;0;0;0;1;0;0;;
319690;13;2;2017;15:46;0;AV SGT HERMINIO SAMPAIO;;;3568;;Colis?úo;Luz do Dia;;;Meio de Quadra;;;0;1;1;0;0;0;0;0;0;1;0;0;-3,728802000000000;-38,572410000000000
319696;13;2;2017;15:50;0;AV MR HULL;;;6929;;Capotamento;Luz do Dia;;;Meio de Quadra;;;0;1;0;1;0;0;0;0;0;0;0;0;-3,742082621000000;-38,606784320000000
319697;13;2;2017;16:35;0;AV MIN JOSE AMERICO;;;709;;Colis?úo;Luz do Dia;;;Meio de Quadra;;;0;1;1;1;0;0;0;0;0;1;0;0;-3,810520000000000;-38,494174000000000
319698;13;2;2017;16:52;25072;AV DOS EXPEDICIONARIOS;RUA VICENTE SPINDOLA;;0;;Colis?úo;Luz do Dia;;;Cruz;Pare;Residencial;0;1;1;1;0;0;0;0;0;1;0;0;-3,767922000000000;-38,542084000000000
319699;13;2;2017;17:03;0;AV GAL OSORIO DE PAIVA;;;4084;;Queda;Anoitecer;;;Meio de Quadra;;;0;1;0;0;0;0;0;0;0;1;0;0;-3,792564000000000;-38,590234000000000
319700;13;2;2017;17:52;3312;RUA VIRIATO RIBEIRO;RUA BOLIVIA;;0;;Queda;Anoitecer;;;Cruz;N?úo H?í Controle;Residencial;0;2;0;0;0;0;0;0;0;1;0;0;-3,745355000000000;-38,566071000000000
319701;13;2;2017;18:19;0;AV PRS CASTELO BRANCO;;;0;;Queda;Anoitecer;;;Meio de Quadra;;;0;1;0;0;0;0;0;0;0;1;0;0;;
319702;13;2;2017;19:01;0;TR FRANSQUINHA;;;2724;;Queda;;;;Meio de Quadra;;;0;1;0;0;0;0;0;0;0;1;0;0;;
319703;13;2;2017;20:23;24234;RUA PASCOAL CASTRO ALVES;RUA JOSE CARLOS GURGEL NOGUEIRA;;0;;Colis?úo;;;;Cruz;Pare;Residencial;0;2;1;1;0;0;0;0;0;1;0;0;-3,733588000000000;-38,474238000000000
319705;13;2;2017;20:23;10445;RUA RICARDO PONTES;RUA RIO DAS BALCAS;;0;;Colis?úo;;;;Cruz;N?úo H?í Controle;Residencial;0;1;1;0;0;0;0;0;0;1;0;0;-3,765465000000000;-38,600083000000000
319706;13;2;2017;20:48;0;RD BR 116;;;7000;KM-07;Colis?úo;;;;Meio de Quadra;;;0;1;1;0;0;0;0;0;0;0;0;0;-3,786917000000000;-38,511279000000000
319711;13;2;2017;21:50;0;RUA JULIO SILVA;;;440;;Queda;;;;Meio de Quadra;;;0;1;1;0;0;0;0;0;0;1;0;0;;
317150;13;2;2017;15:40;0;ROD CE 010;;;0;;Capotamento;Luz do Dia;Bom;Seca;Meio de Quadra;;;0;0;1;1;0;0;0;0;0;0;0;0;;
317151;13;2;2017;17:10;0;AV SEN CARLOS JEREISSATI (AEROPORTO);;;0;KM 02;Queda;Anoitecer;Bom;Seca;Meio de Quadra;;;0;2;0;0;0;0;0;0;0;1;0;0;-3,782194000000000;-38,535424000000000
317142;13;2;2017;08:15;0;RD CE-040;;;0;KM-07;Colis?úo;Luz do Dia;Bom;Seca;Meio de Quadra;;;0;0;2;1;0;0;0;0;0;0;0;0;-3,817159445000000;-38,483032860000000
317144;13;2;2017;14:05;0;RD CE-040;;;0;KM-05;Colis?úo;Luz do Dia;Bom;Seca;Meio de Quadra;;;0;0;3;1;0;0;0;0;0;0;0;0;-3,800595823000000;-38,479534630000000
325487;13;2;2017;19:30;0;RD BR 116;;;7000;KM-07;Colis?úo Lateral;Via Iluminada;;Molhada;Meio de Quadra;;;0;2;1;0;0;0;0;0;0;1;0;0;-3,786917000000000;-38,511279000000000
317156;14;2;2017;08:15;0;RD CE-040;;;0;;Colis?úo;Luz do Dia;Bom;Seca;Meio de Quadra;;;0;0;2;1;0;0;0;0;0;0;0;0;;
317167;14;2;2017;19:20;0;RD CE-040;;;0;KM-07;Colis?úo;;Bom;Seca;Meio de Quadra;;;0;0;6;1;0;0;0;0;0;0;0;0;-3,817159445000000;-38,483032860000000
317163;14;2;2017;17:30;0;AV MIN JOSE AMERICO;;;0;;Choque c/ Obst?ículo Fixo;Anoitecer;Bom;Seca;Meio de Quadra;;;0;1;0;0;0;0;0;0;0;0;0;0;;
317164;14;2;2017;18:25;0;RD CE-040;;;0;KM-06;Colis?úo;Anoitecer;Bom;Seca;Meio de Quadra;;;0;0;3;1;0;0;0;0;0;0;0;0;-3,809596804000000;-38,478733480000000
317159;14;2;2017;11:45;0;RD CE-060;;;5618;KM-02;Colis?úo;Luz do Dia;Bom;Seca;Meio de Quadra;;;0;1;2;0;0;0;1;0;0;1;0;0;;
319714;14;2;2017;05:47;5352;RUA PINTO MADEIRA;AV DOM MANUEL;;0;;Colis?úo;Amanhecer;;;Cruz;Sem?íforo;Comercial;0;1;1;1;0;0;0;0;0;1;0;0;-3,730964000000000;-38,521957000000000
319717;14;2;2017;06:44;0;RUA SOBREIRA FILHO;;;297;;Colis?úo;Luz do Dia;;;Meio de Quadra;;;0;1;1;1;0;0;0;0;0;1;0;0;-3,779691000000000;-38,581231000000000
319722;14;2;2017;07:36;19062;RUA PAULO MORAIS;RUA DES WALDETARIO P MOTA;;0;;Colis?úo;Luz do Dia;;;Cruz;Pare;Residencial;0;1;1;1;0;0;0;0;0;1;0;0;-3,736632000000000;-38,480491000000000
319942;14;2;2017;07:37;0;AV SGT HERMINIO SAMPAIO;;;4499;;Colis?úo;Luz do Dia;;;Meio de Quadra;;;0;2;0;0;0;0;0;0;0;0;0;0;-3,731835000000000;-38,580044000000000
319947;14;2;2017;08:21;0;RUA CREUSA ROCHA;;;0;;Atropelamento;Luz do Dia;;;Meio de Quadra;;;0;1;1;1;0;0;0;0;0;0;0;0;;
319965;14;2;2017;10:52;19693;RUA GAL PIRAGIBE;RUA GUSTAVO SAMPAIO;;0;;Colis?úo;Luz do Dia;;;Cruz;Pare;Comercial;0;1;1;1;0;1;0;0;0;0;0;0;-3,735661000000000;-38,558398000000000
319970;14;2;2017;11:19;0;RUA D CJ ITAPERI;;;630;;Colis?úo;Luz do Dia;;;Meio de Quadra;;;0;1;1;1;0;0;0;0;0;1;0;0;;
319976;14;2;2017;11:44;26177;RUA BERNARDO MANUEL;RUA H CJ MONTENEGRO I;;0;;Queda;Luz do Dia;;;T;Pare;Residencial;0;1;0;0;0;0;0;0;0;1;0;0;;
319990;14;2;2017;14:21;0;RUA PEDRO SAMPAIO;;;537;;Colis?úo;Luz do Dia;;;Meio de Quadra;;;0;1;1;1;0;0;0;0;0;1;0;0;;
319991;14;2;2017;14:39;0;RUA ALBERTO MAGNO;;;305;;Colis?úo;Luz do Dia;;;;;;0;2;0;0;0;0;0;0;0;0;0;0;-3,758885000000000;-38,544741000000000
319983;14;2;2017;12:19;0;RUA BETA CJ VILA VELHA;;;200;;Atropelamento;Luz do Dia;;;Meio de Quadra;;;0;1;1;0;0;0;0;0;0;1;0;0;-3,713850400000000;-38,601950200000000
320000;14;2;2017;15:23;0;RUA VITORIA DA CONQUISTA;;;1101;;Colis?úo;Luz do Dia;;;Meio de Quadra;;;0;1;1;1;0;0;0;0;0;1;0;0;-3,756782700000000;-38,468648000000000
320005;14;2;2017;15:41;0;RUA MAL DEODORO;;;750;;Colis?úo;Luz do Dia;;;Meio de Quadra;;;0;1;1;1;0;1;0;0;0;0;0;0;-3,741989000000000;-38,536085000000000
320008;14;2;2017;16:44;0;RUA DES HERMES PARAHYBA;;;660;;Colis?úo;Luz do Dia;;;Meio de Quadra;;;0;1;1;0;0;0;1;0;0;1;0;0;-3,713636000000000;-38,589830000000000
320012;14;2;2017;16:49;9099;AV EDUARDO GIRAO;RUA MIN JOAQUIM BASTOS D14;;0;;Colis?úo;Luz do Dia;;;;;;0;1;1;1;0;0;0;0;0;1;0;0;-3,755700000000000;-38,525973000000000
320047;14;2;2017;17:06;15194;RUA DEP MOREIRA DA ROCHA;RUA ILDEFONSO ALBANO;;0;;Queda;Anoitecer;;;Cruz;Pare;Residencial;0;1;0;0;0;1;0;0;0;0;0;0;-3,726480000000000;-38,511072000000000
320068;14;2;2017;19:19;9039;RUA BAR RIO BRANCO;RUA PDE MIGUELINHO;;0;;Atropelamento;;;;Cruz;Pare;Residencial;0;1;1;0;0;0;0;0;0;1;0;0;-3,742749000000000;-38,533460000000000
320070;14;2;2017;19:32;0;AV CASTELO DE CASTRO;;;0;;Atropelamento;;;;Meio de Quadra;;;0;1;1;0;0;0;0;0;0;1;0;0;;
320077;14;2;2017;20:57;26246;RUA JOSE ABILIO;RUA ANTONIO NERY;;0;;Colis?úo;;;;;;;0;2;1;0;0;0;0;0;0;1;0;0;;
320081;14;2;2017;21:05;673;AV FRANCISCO SA;RUA PEDRO AMERICO;;0;;Colis?úo;;;;Cruz;N?úo H?í Controle;Rural;0;1;1;1;0;0;0;0;0;1;0;0;-3,714071000000000;-38,567172000000000
320074;14;2;2017;19:43;22719;AV ENG LEAL LIMA VERDE (SAPIRANGA/COITE);RUA EUCLIDES O DE SOUSA;;0;;Colis?úo;;;;Cruz;Pare;Residencial;0;1;1;0;0;0;0;0;0;0;0;0;-3,797866000000000;-38,475497000000000
320092;14;2;2017;21:57;0;RUA RIO GRANDE DO NORTE;;;611;;Queda;;;;Meio de Quadra;;;0;2;0;0;0;0;0;0;0;1;0;0;-3,761447300000000;-38,563168400000000
304417;14;2;2017;17:25;0;RUA DR JOSE LOURENCO;;;0;;Colis?úo Transversal;Luz do Dia;Bom;Seca;Meio de Quadra;Pare;Residencial;0;2;0;1;0;0;0;0;0;0;0;0;;
304411;14;2;2017;07:55;1438;AV HERACLITO GRACA;RUA MON BRUNO;;0;;Colis?úo Traseira;Luz do Dia;Bom;Seca;T;Pare;Comercial;0;2;0;1;0;0;0;0;0;0;0;0;-3,737996000000000;-38,511244000000000
304412;14;2;2017;10:55;12837;AV DOMINGOS OLIMPIO;RUA JAIME BENEVOLO;;0;;Colis?úo Traseira;Luz do Dia;Bom;Seca;Cruz;Sem?íforo;Residencial;0;2;0;1;0;0;0;0;0;0;0;0;-3,737780000000000;-38,527245000000000
304421;14;2;2017;19:00;0;RUA PEREIRA FILGUEIRAS;;;1551;;;Via Iluminada;Bom;Seca;Meio de Quadra;;Residencial;0;3;0;1;0;0;0;0;0;0;0;0;-3,729646000000000;-38,508942000000000
304422;14;2;2017;23:00;6729;RUA BENTO ALBUQUERQUE;RUA DES WALDETARIO P MOTA;;0;;Colis?úo Transversal;Via Iluminada;Bom;Seca;Cruz;Sem?íforo;Residencial;0;3;0;1;0;0;0;0;0;1;0;0;-3,743274000000000;-38,484685000000000
304419;14;2;2017;22:30;13381;RUA JOAO BRIGIDO;RUA JOAO CORDEIRO;;0;;Colis?úo Transversal;Via Iluminada;Bom;Seca;Cruz;Sem?íforo;Residencial;0;2;0;1;0;0;0;0;0;0;0;0;-3,739927000000000;-38,517870000000000
304430;14;2;2017;17:51;0;RUA CAP MELO;RUA EDUARDO BEZERRA;;3547;;Queda;Anoitecer;Bom;Seca;;;;0;1;0;0;0;0;0;0;0;1;0;0;-3,753884000000000;-38,513593000000000
304431;14;2;2017;12:00;5748;RUA JULIO LIMA;RUA CHICO LEMOS;;0;;Colis?úo Frontal;Luz do Dia;Bom;Seca;Cruz;Pare;Residencial;0;2;0;1;0;0;0;0;0;1;0;0;-3,794838000000000;-38,497545000000000
304432;14;2;2017;17:10;0;AV DR SILAS MUNGUBA;;;5253;;Colis?úo Transversal;Luz do Dia;Bom;Seca;Meio de Quadra;N?úo H?í Controle;Lazer;0;2;0;1;0;0;0;0;0;0;0;0;-3,799258000000000;-38,530782000000000
304433;14;2;2017;10:23;0;AV JOSE BASTOS;;;5250;;Colis?úo Frontal;Luz do Dia;Bom;Seca;Meio de Quadra;Gesto;Comercial;0;2;0;1;0;0;0;0;0;0;0;0;-3,758357000000000;-38,562977000000000
304434;14;2;2017;23:42;1388;RUA LEONARDO MOTA;AV SANTOS DUMONT;;0;;Colis?úo Lateral;Via Iluminada;Bom;Seca;Meio de Quadra;N?úo H?í Controle;Residencial;0;2;0;1;0;1;0;0;0;0;0;0;-3,736857000000000;-38,496397000000000
304427;14;2;2017;21:10;0;RUA MARIINHA HOLANDA;;;185;;Colis?úo Lateral;Via Iluminada;Bom;Seca;Meio de Quadra;N?úo H?í Controle;Residencial;0;2;0;1;0;0;0;0;0;0;0;0;-3,760594000000000;-38,489700000000000
307541;14;2;2017;19:08;0;AV JOSE BASTOS;;;4438;;Colis?úo Traseira;Luz do Dia;Bom;Seca;Meio de Quadra;N?úo H?í Controle;Comercial;0;2;1;1;0;0;0;0;0;1;0;0;-3,756544000000000;-38,557148000000000
307542;14;2;2017;21:14;1590;RUA PDE VALDEVINO;RUA JOAQUIM NABUCO;;0;;Colis?úo Transversal;Via Iluminada;Bom;Seca;Cruz;Sem?íforo;Comercial;0;1;1;1;0;0;0;0;0;0;0;0;-3,743230000000000;-38,503780000000000
307543;14;2;2017;22:27;0;RUA PDE PERDIGAO SAMPAIO;;;666;;Colis?úo Lateral;Via Iluminada;Nublado;Seca;Meio de Quadra;N?úo H?í Controle;Residencial;0;2;1;0;0;0;0;0;0;1;0;0;-3,742694100000000;-38,594260000000000
307520;14;2;2017;06:44;0;AV GOV RAUL BARBOSA;;;900;;Colis?úo Transversal;Luz do Dia;Nublado;Seca;Outros;N?úo H?í Controle;Comercial;0;1;1;1;0;0;0;0;0;1;0;0;-3,759135700000000;-38,504395000000000
307521;14;2;2017;07:20;5374;AV DUQ CAXIAS;RUA BAR RIO BRANCO;;0;;Colis?úo Frontal;Luz do Dia;Bom;Seca;Cruz;Sem?íforo;Comercial;0;1;1;1;0;0;0;0;0;1;0;0;-3,731784300000000;-38,529884000000000
307522;14;2;2017;07:00;610;AV FRANCISCO SA;RUA ENG LIMA VERDE (ALVARO WEYNE);;0;;Colis?úo Transversal;Luz do Dia;Bom;Seca;T;Pare;Residencial;0;0;2;1;0;0;0;0;0;1;0;0;-3,714015500000000;-38,566616000000000
307523;14;2;2017;08:50;5324;RUA GAL SAMPAIO;RUA PEDRO I;;0;;Colis?úo Lateral;Luz do Dia;Bom;Seca;Cruz;Sem?íforo;Comercial;0;0;2;0;1;0;0;0;0;0;0;0;-3,730185000000000;-38,531727000000000
307524;14;2;2017;08:55;9078;RUA JOAO LOBO FILHO;RUA BONFIM SOBRINHO;;0;;Colis?úo Transversal;Luz do Dia;Bom;Seca;Cruz;Pare;Residencial;0;0;2;1;0;0;0;0;0;0;0;0;-3,751021400000000;-38,522774000000000
307525;14;2;2017;08:26;0;AV EDUARDO GIRAO;;;0;;Colis?úo Lateral;Luz do Dia;Nublado;Seca;Meio de Quadra;N?úo H?í Controle;Comercial;0;1;1;1;0;0;0;0;0;1;0;0;-3,731799400000000;-38,528570000000000
307527;14;2;2017;10:19;0;AV SIQUEIRA CAMPOS;;;898;;Colis?úo Transversal;Luz do Dia;Bom;Seca;Meio de Quadra;N?úo H?í Controle;Comercial;0;0;2;0;1;0;0;0;0;0;0;0;-3,817061200000000;-38,623444000000000
307528;14;2;2017;09:41;24956;AV ALM HENRIQUE SABOIA;AV ENG ALBERTO SA;;0;;Colis?úo Transversal;Luz do Dia;Nublado;Seca;Cruz;Sem?íforo;Residencial;0;0;2;1;0;0;0;0;0;0;0;0;-3,732789500000000;-38,483192000000000
307529;14;2;2017;07:00;0;AV JOSE BASTOS;;;3390;;Colis?úo Traseira;Luz do Dia;Nublado;Seca;Meio de Quadra;N?úo H?í Controle;Comercial;0;1;1;1;0;0;0;0;0;1;0;0;-3,749019900000000;-38,549698000000000
307530;14;2;2017;10:34;0;AV IMPERADOR;;;1443;;Colis?úo Traseira;Luz do Dia;Bom;Seca;Meio de Quadra;N?úo H?í Controle;Escola;0;1;1;1;0;0;0;0;0;0;0;0;-3,733874000000000;-38,536392000000000
307531;14;2;2017;09:08;0;AV ANTONIO SALES;;;3443;;Colis?úo Traseira;Luz do Dia;Bom;Seca;Meio de Quadra;N?úo H?í Controle;Residencial;0;0;2;1;0;0;0;0;0;0;0;0;-3,731268200000000;-38,507860000000000
307532;14;2;2017;07:40;25377;RUA ODETE PACHECO;RUA LEIRIA DE ANDRADE;;0;;Colis?úo Lateral;Luz do Dia;Nublado;Seca;Cruz;Pare;Comercial;0;0;2;1;0;0;0;0;0;0;0;0;-3,728819400000000;-38,554794000000000
307533;14;2;2017;13:57;13564;RUA CAP GUSTAVO;RUA CASTRO ALVES;;0;;Colis?úo Transversal;Luz do Dia;Bom;Seca;Cruz;Pare;Residencial;0;1;1;1;0;0;0;0;0;1;0;0;-3,749854300000000;-38,517838000000000
307534;14;2;2017;12:35;0;AV DEP PAULINO ROCHA;;;1100;;Choque c/ Obst?ículo Fixo;Luz do Dia;Bom;Seca;Meio de Quadra;N?úo H?í Controle;Comercial;0;0;0;0;0;0;0;0;0;0;0;0;-3,806853800000000;-38,508503000000000
307535;14;2;2017;16:37;0;AV BAR STUDART;;;1490;;Colis?úo Traseira;Luz do Dia;Bom;Seca;Meio de Quadra;N?úo H?í Controle;Comercial;0;0;2;1;0;0;0;0;0;0;0;0;-3,737274000000000;-38,507378000000000
307536;14;2;2017;17:05;0;AV AGUANAMBI;;;0;;Colis?úo Lateral;Via Iluminada;Bom;Seca;Rotat??ria;Sem?íforo;Residencial;0;0;2;1;0;0;0;0;0;0;0;0;-3,755298100000000;-38,523636000000000
307537;14;2;2017;18:30;26209;AV ROGACIANO LEITE;AV CHANC EDSON QUEIROZ;;0;;Colis?úo Traseira;Via Iluminada;Bom;Seca;T;Sem?íforo;Residencial;0;0;3;1;0;0;0;0;0;0;0;0;-3,764376200000000;-38,495290000000000
307538;14;2;2017;19:42;0;RUA DIOGO CORREIA;;;160;;Atropelamento;Via Iluminada;Bom;Seca;Meio de Quadra;N?úo H?í Controle;Residencial;0;1;1;0;0;0;0;0;0;1;0;0;-3,772757800000000;-38,589214000000000
307539;14;2;2017;18:45;0;RUA 10 JD CASTELAO;;;0;;Colis?úo Transversal;Via Iluminada;Bom;Seca;T;N?úo H?í Controle;Residencial;0;0;2;1;1;0;0;0;0;0;0;0;-3,822505000000000;-38,531853000000000
307577;14;2;2017;20:13;8647;AV EDILSON B SOARES;RUA PRO SOLON FARIAS;;0;;Colis?úo Lateral;Via Iluminada;Bom;Seca;Cruz;Pare;Residencial;0;1;1;1;0;0;0;0;0;1;0;0;-3,789109200000000;-38,477165000000000
307830;14;2;2017;17:18;0;AV DOS EXPEDICIONARIOS;;;3442;;Colis?úo Traseira;Luz do Dia;Bom;Seca;Meio de Quadra;N?úo H?í Controle;Comercial;0;0;2;1;0;0;0;0;0;0;0;0;-3,748865600000000;-38,536320000000000
307544;15;2;2017;06:50;3196;RUA EMILIO DE MENESES;RUA TAMIARANA;;0;;Colis?úo Lateral;Luz do Dia;Bom;Seca;Cruz;Pare;Comercial;0;0;3;1;0;0;0;0;0;1;0;0;-3,780592400000000;-38,591740000000000
307545;15;2;2017;08:50;0;AV DR SILAS MUNGUBA;;;4300;;Colis?úo Lateral;Luz do Dia;Bom;Seca;Meio de Quadra;N?úo H?í Controle;Comercial;0;0;2;1;0;0;0;0;0;0;0;0;-3,791507500000000;-38,537136000000000
307546;15;2;2017;09:20;26083;AV BEZERRA DE MENEZES;AV JOSE JATAHY;;0;;Colis?úo Transversal;Luz do Dia;Bom;Seca;Outros;Sem?íforo;Comercial;0;2;2;1;0;0;0;0;0;1;0;0;-3,730978700000000;-38,544960000000000
307547;15;2;2017;07:30;12533;AV CEL CARVALHO;RUA MARIA CLARA;;0;;Colis?úo Traseira;Luz do Dia;Bom;Seca;Cruz;Pare;Comercial;0;0;3;1;1;0;0;0;0;1;0;0;-3,725384500000000;-38,585785000000000
307548;15;2;2017;08:30;0;AV ALBERTO CRAVEIRO;;;1670;;Colis?úo Traseira;Luz do Dia;Bom;Seca;Meio de Quadra;N?úo H?í Controle;Comercial;0;0;2;1;0;0;0;0;0;0;0;0;-3,794475600000000;-38,517660000000000
307549;15;2;2017;12:46;19366;AV DR SILAS MUNGUBA;RUA GERMANO FRANCK;;0;;Colis?úo Lateral;Luz do Dia;Bom;Seca;Cruz;Sem?íforo;Comercial;0;0;2;1;1;0;0;0;0;0;0;0;-3,777066500000000;-38,562122000000000
307550;15;2;2017;13:28;0;RUA JOSE DA ILHA;;;42;;Tombamento;Luz do Dia;Bom;Seca;Meio de Quadra;N?úo H?í Controle;Residencial;0;0;1;0;0;0;0;0;0;0;0;0;-3,770890700000000;-38,440563000000000
307551;15;2;2017;12:48;10617;RUA OLAVO LIMA SILVA;RUA JUSTINO CAFE NETO;;0;;Colis?úo Transversal;Luz do Dia;Bom;Seca;T;Pare;Residencial;0;0;2;1;0;0;0;0;0;0;0;0;-3,758831700000000;-38,489044000000000
307552;15;2;2017;14:26;0;AV 13 DE MAIO;;;1579;;Colis?úo Traseira;Luz do Dia;Bom;Seca;Meio de Quadra;N?úo H?í Controle;Comercial;0;0;2;1;0;0;0;0;0;0;0;0;-3,746731300000000;-38,532387000000000
307553;15;2;2017;15:11;6818;RUA DR GILBERTO STUDART;RUA FRANCISCO MATOS;;0;;Colis?úo Transversal;Luz do Dia;Bom;Seca;Cruz;Pare;Residencial;0;1;1;0;0;0;0;0;0;1;0;0;-3,747173800000000;-38,470123000000000
307554;15;2;2017;16:01;0;RUA CAROLINA SUCUPIRA;;;0;;Colis?úo Traseira;Luz do Dia;Bom;Seca;Meio de Quadra;Sem?íforo;Comercial;0;0;2;1;0;0;0;0;0;0;0;0;-3,741241500000000;-38,499880000000000
307555;15;2;2017;17:52;4260;RUA CARLITO PAMPLONA;RUA COM LUIS RIBEIRO;;0;;Colis?úo Traseira;Via Iluminada;Bom;Seca;Cruz;Pare;Residencial;0;1;0;1;0;0;0;0;0;1;0;0;-3,721223600000000;-38,552116000000000
307556;15;2;2017;19:00;0;AV BEZERRA DE MENEZES;;;2080;;Colis?úo Lateral;Via Iluminada;Bom;Seca;Meio de Quadra;Sem?íforo;Comercial;0;0;2;1;0;0;0;0;0;0;0;0;-3,735322000000000;-38,563625000000000