COD_ACIDENTE;DIA;MES;ANO;HORA;INTERSECAO;LOG1;LOG2;LOG3;NUMERO;REFERENCIA;NATUREZA;ILUMINACAO;TEMPO;SUPERFICIEPISTA;TIPOCRUZAMENTO;CONTROLETRAFEGO;USOSOLO;MORTOS;FERIDOS;ILESOS;AUTOMOVEL;ONIBUS;BICICLETA;CAMINHAO;MICROONIBUS;CICLOMOTOR;MOTOCICLETA;TRACAOANIMAL;TREM;LATITUDE;LONGITUDE
307557;15;2;2017;19:02;0;RUA OSCAR ARARIPE;;;3862;;Colis?úo Frontal;Via Iluminada;Bom;Seca;Meio de Quadra;N?úo H?í Controle;Comercial;0;0;2;0;0;0;0;0;0;1;0;0;-3,784805800000000;-38,619724000000000
307558;15;2;2017;21:05;0;AV EDILSON B SOARES;;;790;;Colis?úo Traseira;Anoitecer;Bom;Seca;Outros;N?úo H?í Controle;Comercial;0;0;2;1;0;0;0;0;0;0;0;0;-3,789355500000000;-38,479267000000000
304447;15;2;2017;15:30;0;RUA PDE ANCHIETA;;;1106;;Colis?úo Lateral;Luz do Dia;Bom;Seca;Meio de Quadra;N?úo H?í Controle;Residencial;0;2;0;1;0;0;0;0;0;1;0;0;-3,729805000000000;-38,551874000000000
304436;15;2;2017;11:45;0;AV BORGES DE MELO;;;1677;TELEMAR;Colis?úo Lateral;Luz do Dia;Bom;Seca;Meio de Quadra;N?úo H?í Controle;Lazer;0;2;0;1;0;0;0;0;0;0;0;0;-3,757649000000000;-38,532721000000000
304449;15;2;2017;19:50;0;AV ANTONIO JUSTA;;;3180;;Choque c/ Obst?ículo Fixo;Mal Iluminada;Bom;Seca;Meio de Quadra;N?úo H?í Controle;Residencial;0;1;0;1;0;0;0;0;0;0;0;0;-3,728426000000000;-38,492113000000000
304450;15;2;2017;08:25;0;RUA VALPARAISO;;;630;;Atropelamento;Luz do Dia;Bom;Seca;Meio de Quadra;Outros;Lazer;0;2;0;0;0;0;0;0;0;1;0;0;-3,844103000000000;-38,525917000000000
304406;15;2;2017;15:30;5331;AV SANTOS DUMONT;RUA GONCALVES LEDO;;0;;Colis?úo Lateral;Luz do Dia;Bom;Seca;Cruz;Pare;Comercial;0;3;0;1;0;0;0;0;0;1;0;0;-3,730535000000000;-38,515848000000000
304319;15;2;2017;11:00;0;AV JOR THOMAZ COELHO;;;1901;;Colis?úo;Luz do Dia;Nublado;Seca;Meio de Quadra;Sem?íforo;Outros;0;2;0;1;0;0;0;0;0;0;0;0;-3,828933000000000;-38,512208000000000
318319;15;2;2017;18:18;0;RUA MARIA GOMES DE SA;;;2150;;Colis?úo;Anoitecer;;;Meio de Quadra;;;0;1;1;1;0;0;0;0;0;1;0;0;-3,820332000000000;-38,586467000000000
318321;15;2;2017;18:35;0;RUA GERMANO FRANCK;;;935;;Colis?úo;;;;Meio de Quadra;;;0;1;1;1;0;0;0;0;0;1;0;0;-3,779024000000000;-38,564127000000000
318322;15;2;2017;19:13;0;RUA RAIMUNDO FROTA;;;585;;Colis?úo;;;;Meio de Quadra;;;0;1;1;0;0;0;0;0;0;1;0;0;-3,714735000000000;-38,586753000000000
318313;15;2;2017;17:39;26268;RUA COS TRISTAO;RUA PDE BARBOSA DE JESUS;;0;;Colis?úo;Anoitecer;;;Cruz;Pare;Comercial;0;1;1;1;0;0;0;0;0;1;0;0;-3,748501000000000;-38,529890000000000
318314;15;2;2017;17:49;0;AV NORTE;;;1973;;Colis?úo;Anoitecer;;;Meio de Quadra;;;0;1;2;0;0;0;0;0;0;1;0;0;-3,809506800000000;-38,510124800000000
318316;15;2;2017;18:15;0;AV L CJ CEARA;;;780;;Queda;Anoitecer;;;Meio de Quadra;;;0;1;0;0;0;0;0;0;0;1;0;0;;
318305;15;2;2017;15:55;0;AV GODOFREDO MACIEL;;;2959;;Atropelamento;Luz do Dia;;;Meio de Quadra;;;0;1;1;1;0;0;0;0;0;0;0;0;-3,801758000000000;-38,571570000000000
318308;15;2;2017;16:26;0;AV MOZART PINHEIRO DE LUCENA;;;2065;;Colis?úo;Luz do Dia;;;Meio de Quadra;;;0;1;1;1;0;0;0;0;0;1;0;0;-3,720466000000000;-38,596334000000000
318309;15;2;2017;16:37;0;RUA OSCAR ARARIPE;;;3260;;Colis?úo;Luz do Dia;;;Meio de Quadra;;;0;1;1;0;0;0;1;0;0;1;0;0;-3,784731000000000;-38,619917000000000
318310;15;2;2017;16:45;0;RUA CARLITO PAMPLONA;;;245;;Atropelamento;Luz do Dia;;;Meio de Quadra;;;0;1;0;1;0;0;0;0;0;0;0;0;-3,720997000000000;-38,552048000000000
318311;15;2;2017;17:03;0;AV PRS CASTELO BRANCO;;;5010;;Queda;Anoitecer;;;Meio de Quadra;;;0;1;0;0;0;0;0;0;0;1;0;0;-3,705209000000000;-38,576693000000000
318298;15;2;2017;15:27;0;RUA FRANCISCO LEANDRO;;;1600;;Queda;Luz do Dia;;;Meio de Quadra;;;0;1;0;0;0;0;0;0;0;1;0;0;-3,823356100000000;-38,480127900000000
318283;15;2;2017;07:16;1424;AV HERACLITO GRACA;RUA CARLOS VASCONCELOS;;0;;Colis?úo;Luz do Dia;;;Cruz;Sem?íforo;Comercial;0;1;1;1;0;0;0;0;0;1;0;0;-3,737590000000000;-38,512285000000000
318280;15;2;2017;00:41;0;RUA JULIO VERNE;;;287;;Colis?úo;;;;Meio de Quadra;;;0;1;1;1;0;0;0;0;0;1;0;0;-3,775697000000000;-38,552086000000000
318286;15;2;2017;07:40;12533;AV CEL CARVALHO;RUA MARIA CLARA;;0;;Colis?úo;Luz do Dia;;;Cruz;N?úo H?í Controle;Comercial;0;2;1;1;0;0;0;0;0;1;0;0;-3,725382000000000;-38,585818000000000
318287;15;2;2017;07:42;0;RUA VALPARAISO;;;587;;Colis?úo;Luz do Dia;;;Meio de Quadra;;;0;1;0;0;0;0;0;0;0;0;0;0;-3,844394400000000;-38,525684600000000
318288;15;2;2017;08:17;12593;AV CEL CARVALHO;RUA MISERICORDIA;;0;;Colis?úo;Luz do Dia;;;Cruz;Pare;Residencial;0;0;1;1;0;0;0;0;0;1;0;0;-3,725879000000000;-38,585686000000000
318291;15;2;2017;10:57;0;RUA ENG LUIS MONTENEGRO;;;618;;Colis?úo;Luz do Dia;;;Meio de Quadra;;;0;1;1;1;0;1;0;0;0;0;0;0;;
318292;15;2;2017;13:44;7733;AV JOAO PESSOA;RUA BAR SOBRAL;;0;;Queda;Luz do Dia;;;Outros;Sem?íforo;Comercial;0;1;0;0;0;0;0;0;0;1;0;0;;
313304;15;2;2017;10:00;0;RUA LINO AUGUSTINHO;;;0;;Colis?úo Lateral;Luz do Dia;Bom;Seca;Meio de Quadra;N?úo H?í Controle;Outros;0;1;0;1;0;0;0;0;0;1;0;0;;
313340;15;2;2017;02:00;0;AV SEN FERNANDES TAVORA;;;500;;Colis?úo Lateral;Via Iluminada;Bom;Seca;Meio de Quadra;Outros;Comercial;0;1;0;1;0;1;0;0;0;0;0;0;-3,764708900000000;-38,577353300000000
317172;16;2;2017;09:15;0;AV SEN CARLOS JEREISSATI (AEROPORTO);;;0;KM 03;Colis?úo;Luz do Dia;Bom;Seca;Meio de Quadra;;;0;0;2;1;0;0;0;0;0;0;0;0;-3,779641000000000;-38,544038000000000
317173;16;2;2017;07:40;0;RD CE-040;;;0;KM-01;Colis?úo;Luz do Dia;Bom;Seca;Meio de Quadra;;;0;0;2;1;0;0;0;0;0;0;0;0;-3,764650449000000;-38,482583040000000
325493;16;2;2017;17:20;0;RD BR 116;;;14000;KM-14;Atropelamento;Anoitecer;;Seca;Meio de Quadra;;;0;3;0;0;0;0;0;0;0;1;0;0;-3,873523000000000;-38,499242000000000
318325;16;2;2017;02:44;0;AV CEL CARVALHO;;;88;;Choque c/ Obst?ículo Fixo;;;;Meio de Quadra;;;0;1;0;1;0;0;0;0;0;0;0;0;-3,703579000000000;-38,591521000000000
318327;16;2;2017;04:04;0;AV PRS COSTA E SILVA;;;21;;Queda;;;;Meio de Quadra;;;0;1;0;0;0;0;0;0;0;1;0;0;-3,823397000000000;-38,550623000000000
318328;16;2;2017;05:58;0;AV GAL OSORIO DE PAIVA;;;2995;;Colis?úo;Amanhecer;;;Meio de Quadra;;;0;1;1;1;0;0;0;0;0;1;0;0;-3,789407000000000;-38,587177000000000
318332;16;2;2017;07:49;1438;RUA MON BRUNO;AV HERACLITO GRACA;;0;;Colis?úo;Luz do Dia;;;T;Pare;Comercial;0;1;2;1;0;0;0;0;0;1;0;0;-3,737996000000000;-38,511244000000000
318423;16;2;2017;23:05;0;RUA ALBERTO MAGNO;;;1001;;Colis?úo;;;;Meio de Quadra;;;0;1;0;0;0;0;0;0;0;0;0;0;-3,763256000000000;-38,548545000000000
318421;16;2;2017;22:32;0;AV ENG LEAL LIMA VERDE (SAPIRANGA/COITE);;;381;;Colis?úo;;;;Meio de Quadra;;;0;1;0;0;0;0;0;0;0;0;0;0;-3,791523000000000;-38,476053000000000
318408;16;2;2017;19:33;0;AV JOAO PESSOA;;;0;;Colis?úo;;;;Meio de Quadra;;;0;1;0;0;0;0;0;0;0;0;0;0;;
318409;16;2;2017;20:03;0;AV JOR THOMAZ COELHO;;;7;;Queda;;;;Meio de Quadra;;;0;1;0;0;0;0;0;0;0;1;0;0;;
318419;16;2;2017;22:22;0;AV BORGES DE MELO;;;0;;Queda;;;;Meio de Quadra;;;0;1;0;0;0;0;0;0;0;1;0;0;;
318427;16;2;2017;23:20;0;AV MOZART PINHEIRO DE LUCENA;;;1660;;Queda;;;;Meio de Quadra;;;0;1;0;0;0;0;0;0;0;1;0;0;-3,717218000000000;-38,595396000000000
318401;16;2;2017;17:26;5284;RUA PEDRO I;RUA PRC ISABEL;;0;;Colis?úo;Anoitecer;;;Cruz;Pare;Comercial;0;1;1;1;0;0;0;0;0;1;0;0;-3,728809000000000;-38,536144000000000
318399;16;2;2017;17:18;0;RUA ANTONIO FIUZA;;;128;;Colis?úo;Anoitecer;;;Meio de Quadra;;;0;1;1;1;0;0;0;0;0;1;0;0;-3,769705000000000;-38,552037000000000
318397;16;2;2017;17:14;0;AV JOSE BASTOS;;;0;;Colis?úo;Anoitecer;;;Meio de Quadra;;;0;1;1;1;0;0;0;0;0;1;0;0;;
318411;16;2;2017;20:21;0;AV BORGES DE MELO;;;0;;Queda;;;;Meio de Quadra;;;0;1;0;0;0;0;0;0;0;1;0;0;;
318412;16;2;2017;20:21;0;AV PRO JOSE ARTHUR CARVALHO;;;1550;;Colis?úo;;;;Meio de Quadra;;;0;1;1;0;0;0;0;0;0;1;0;0;-3,826408000000000;-38,465396000000000
318415;16;2;2017;20:56;0;RUA STA MARIA GORETE;;;188;;Colis?úo;;;;Meio de Quadra;;;0;1;0;0;0;0;0;0;0;0;0;0;-3,725274000000000;-38,602284000000000
318380;16;2;2017;15:44;0;AV CESAR CALS;;;433;;Colis?úo;Luz do Dia;;;Meio de Quadra;;;0;1;0;0;0;0;0;0;0;0;0;0;-3,721545000000000;-38,464155000000000
318370;16;2;2017;11:36;0;RUA NUNES FEIJO;;;1614;;Colis?úo;Luz do Dia;;;Meio de Quadra;;;0;1;1;0;0;0;0;0;0;1;0;0;;
318371;16;2;2017;12:33;0;AV ENG HUMBERTO MONTE;;;0;;Queda;Luz do Dia;;;Meio de Quadra;;;0;1;0;0;0;0;0;0;0;1;0;0;;
318378;16;2;2017;15:17;0;RUA JULIO BRAGA;;;418;;Colis?úo;Luz do Dia;;;Meio de Quadra;;;0;1;1;1;0;0;0;0;0;1;0;0;-3,777099000000000;-38,575349000000000
318383;16;2;2017;15:57;0;RUA FREDERICO SEVERO;;;496;;Colis?úo;Luz do Dia;;;Meio de Quadra;;;0;1;1;1;0;0;0;0;0;1;0;0;-3,817508000000000;-38,494302000000000
318384;16;2;2017;16:28;0;RUA PDE VALDEVINO;;;1030;;Colis?úo;Luz do Dia;;;Meio de Quadra;;;0;1;1;1;0;0;0;0;0;1;0;0;-3,739697000000000;-38,515027000000000
318385;16;2;2017;17:00;0;AV DR SILAS MUNGUBA;;;0;;Atropelamento;Anoitecer;;;Meio de Quadra;;;0;1;1;0;0;0;0;0;0;1;0;0;;
318386;16;2;2017;17:13;0;RUA RAUL CABRAL;;;733;;Queda;Anoitecer;;;Meio de Quadra;;;0;1;0;0;0;1;0;0;0;0;0;0;-3,768575000000000;-38,545212000000000
318364;16;2;2017;10:26;0;RUA C CJ LUCIANO CALV;;;1350;;Colis?úo;Luz do Dia;;;Meio de Quadra;;;0;0;2;1;0;0;0;0;0;1;0;0;;
318366;16;2;2017;10:27;0;AV LUCIANO CARNEIRO;;;1350;;Colis?úo;Luz do Dia;;;Meio de Quadra;;;0;1;1;1;0;0;0;0;0;1;0;0;-3,760457000000000;-38,535315000000000
318373;16;2;2017;13:13;0;RUA ALFREDO MAMEDE;;;660;;Colis?úo;Luz do Dia;;;Meio de Quadra;;;0;1;1;1;0;0;0;0;0;1;0;0;-3,810639000000000;-38,582885000000000
318374;16;2;2017;13:27;0;AV PERIMETRAL;;;1347;;Colis?úo;Luz do Dia;;;Meio de Quadra;;;0;1;1;1;0;0;0;0;0;1;0;0;;
318360;16;2;2017;10:21;0;RUA COELHO NETO;;;619;;Queda;Luz do Dia;;;Meio de Quadra;;;0;1;0;0;0;1;0;0;0;0;0;0;-3,717728000000000;-38,572189600000000
318357;16;2;2017;09:05;2699;RUA CEL VIRGILIO NOGUEIRA (BOM JARDIM);RUA OSCAR ARARIPE;;0;;Colis?úo;Luz do Dia;;;Cruz;Sem?íforo;Comercial;0;1;1;0;0;0;0;0;0;1;0;0;;
318351;16;2;2017;08:02;0;RUA DEMETRIO MENEZES;;;0;;Queda;Luz do Dia;;;Meio de Quadra;;;0;1;0;0;0;0;0;0;0;1;0;0;;
318352;16;2;2017;08:36;0;AV MR HULL;;;2904;;Queda;Luz do Dia;;;Meio de Quadra;;;0;2;0;0;0;0;0;0;0;1;0;0;-3,736792000000000;-38,570459000000000
318330;16;2;2017;06:59;0;AV AUGUSTO DOS ANJOS;;;0;;Colis?úo;Luz do Dia;;;Meio de Quadra;;;0;1;1;1;0;0;0;0;0;1;0;0;;
318337;16;2;2017;08:01;0;AV CEL CARVALHO;;;0;;Queda;Luz do Dia;;;Meio de Quadra;;;0;1;0;0;0;0;0;0;0;1;0;0;;
295206;16;2;2017;12:50;17513;AV ABOLICAO;RUA MANUEL JACARE;;0;;Colis?úo Frontal;Luz do Dia;;;;;;1;1;0;1;0;0;0;0;0;0;0;0;-3,726087000000000;-38,487572000000000
304532;16;2;2017;19:50;5076;RUA DR JOAO MOREIRA;RUA SEN POMPEU;;0;;Colis?úo Lateral;Via Iluminada;Bom;Seca;Cruz;Sem?íforo;Comercial;0;0;2;1;0;0;1;0;0;0;0;0;-3,722400000000000;-38,528275000000000
304343;16;2;2017;20:10;0;RUA FRANCISCO GLICERIO;;;473;;Colis?úo Lateral;Via Iluminada;Bom;Seca;Outros;N?úo H?í Controle;Residencial;0;1;2;1;0;0;0;0;0;1;0;0;-3,797293000000000;-38,565452000000000
304341;16;2;2017;17:00;17617;RUA CEARA;RUA ACRE;;0;;Colis?úo Transversal;Luz do Dia;Bom;Seca;T;Pare;Residencial;0;0;2;0;0;0;0;0;0;0;0;0;-3,759573000000000;-38,564785000000000
304401;16;2;2017;16:05;7674;AV JOSE BASTOS;RUA RIO GRANDE DO NORTE;;0;;Colis?úo Lateral;Luz do Dia;Bom;Seca;Cruz;Sem?íforo;Comercial;0;1;1;0;1;0;0;0;0;1;0;0;-3,760562000000000;-38,564477000000000
304395;16;2;2017;17:00;22009;RUA FRANCISCA CLOTILDE;RUA TIRADENTES;;0;;Colis?úo Lateral;Luz do Dia;Bom;Seca;Cruz;Pare;Residencial;0;0;2;1;0;0;0;0;0;0;0;0;-3,740470000000000;-38,550861000000000
304378;16;2;2017;14:45;0;RUA JULIO GASPAR;;;773;;Colis?úo Transversal;Luz do Dia;Bom;Seca;Meio de Quadra;Outros;Residencial;0;0;2;1;1;0;0;0;0;0;0;0;-3,784059000000000;-38,561182000000000
304385;16;2;2017;14:30;13046;RUA 59 CJ JOSE WALTER;RUA 20 CJ JOSE WALTER;;0;;Colis?úo Transversal;Luz do Dia;Bom;Seca;Cruz;N?úo H?í Controle;Residencial;0;1;1;1;0;0;0;0;0;1;0;0;-3,826693000000000;-38,551691000000000
304386;16;2;2017;08:45;24347;AV LUCIANO CARNEIRO;RUA DES PRAXEDES;;0;;Engavetamento;Luz do Dia;Bom;Seca;Duplo T;Sem?íforo;Comercial;0;0;3;1;0;0;0;0;0;0;0;0;-3,764934000000000;-38,536679000000000
304387;16;2;2017;07:55;0;AV RUI BARBOSA;;;2880;;Colis?úo Lateral;Luz do Dia;Bom;Seca;Meio de Quadra;Sem?íforo Intermitente;Comercial;0;0;2;1;0;0;0;0;0;0;0;0;-3,748341500000000;-38,513519400000000
304388;16;2;2017;02:45;25196;RUA CEL MATOS DOURADO;RUA JULIO BRIGIDO;;0;;Choque c/ Obst?ículo Fixo;Via Iluminada;Bom;Seca;;N?úo H?í Controle;Comercial;0;0;1;0;0;0;0;0;0;0;0;0;;
304345;16;2;2017;10:05;15072;RUA FRANCISCO GLICERIO;RUA ALFA;;0;;Outros;Luz do Dia;Bom;Seca;T;Pare;Residencial;0;0;2;1;0;0;0;0;0;0;0;0;-3,795719000000000;-38,570622000000000
304346;16;2;2017;13:20;15357;RUA PEREIRA VALENTE;RUA LEONARDO MOTA;;0;;Colis?úo Transversal;Luz do Dia;Bom;Seca;Cruz;Pare;Residencial;0;0;4;1;0;0;0;0;0;0;0;0;-3,732885000000000;-38,495134000000000
304365;16;2;2017;12:00;12826;AV DOS EXPEDICIONARIOS;RUA ANDRE CHAVES;;0;;Colis?úo Transversal;Luz do Dia;Bom;Seca;Cruz;Sem?íforo;Residencial;0;0;2;1;0;0;0;0;0;0;0;0;-3,757345000000000;-38,538903000000000
304361;16;2;2017;21:30;19689;RUA DOM LINO;RUA GUSTAVO SAMPAIO;;0;;Colis?úo Transversal;Via Iluminada;Bom;Seca;Cruz;Pare;Residencial;0;2;1;0;0;0;0;0;0;1;0;0;-3,735435000000000;-38,557313000000000
304362;16;2;2017;09:00;15327;AV SEN VIRGILIO TAVORA;RUA ANA BILHAR;;0;;Colis?úo Traseira;Luz do Dia;Bom;Seca;Cruz;Sem?íforo;Comercial;0;0;2;0;0;0;0;0;0;0;0;0;-3,730893000000000;-38,491262000000000
304363;16;2;2017;21:30;17412;RUA ALBERTO MAGNO;RUA BAR SOBRAL;;0;;Colis?úo Lateral;Via Iluminada;Bom;Seca;Cruz;Sem?íforo;Comercial;0;0;2;1;0;0;0;0;0;0;0;0;-3,767991000000000;-38,552417000000000
304448;16;2;2017;01:50;10695;RUA PRO HERIBALDO COSTA;RUA MON HIPOLITO BRASIL;;0;;Colis?úo Transversal;Via Iluminada;Nublado;Seca;Cruz;Sem?íforo;Comercial;0;2;0;1;0;0;0;0;0;0;0;0;-3,757069000000000;-38,582275000000000
307559;16;2;2017;07:47;10935;RUA BAR CANINDE;RUA ELCIAS LOPES;;0;;Colis?úo Transversal;Luz do Dia;Bom;Seca;Cruz;Pare;Residencial;0;2;0;0;0;0;0;0;0;1;0;0;-3,770532800000000;-38,557420000000000
307560;16;2;2017;08:10;0;RUA PRO SILAS RIBEIRO;;;310;;Colis?úo Transversal;Luz do Dia;Bom;Seca;Meio de Quadra;Sem?íforo;Residencial;0;0;2;1;0;0;0;0;0;0;0;0;-3,737235500000000;-38,482433000000000
307561;16;2;2017;07:41;25450;AV PDE ANTONIO TOMAS;RUA LIGIA MONTE;;0;;Colis?úo Traseira;Luz do Dia;Bom;Seca;Cruz;Sem?íforo;Residencial;0;1;1;1;0;0;0;0;0;0;0;0;-3,746812000000000;-38,480022000000000
307562;16;2;2017;07:00;8603;AV EDILSON B SOARES;RUA DR CORREIA LIMA;;0;;Colis?úo Transversal;Luz do Dia;Bom;Seca;Cruz;Pare;Residencial;0;0;2;1;0;0;0;0;0;0;0;0;-3,787580000000000;-38,459217000000000
307563;16;2;2017;09:30;15842;RUA MANUEL CASTELO BRANCO;RUA FRANCISCO F BAIMA;;0;;Colis?úo Lateral;Luz do Dia;Bom;Seca;T;Pare;Residencial;0;1;1;1;0;0;0;0;0;1;0;0;-3,833245800000000;-38,486374000000000
307564;16;2;2017;10:15;0;RUA BARTOLOMEU DE GUSMAO;;;1166;;Colis?úo Transversal;Luz do Dia;Bom;Seca;Meio de Quadra;N?úo H?í Controle;Residencial;0;0;2;1;1;0;0;0;0;0;0;0;-3,758714700000000;-38,527485000000000
307565;16;2;2017;10:50;9111;AV EDUARDO GIRAO;RUA DEP OSWALDO STUDART;;0;;Colis?úo Lateral;Luz do Dia;Bom;Seca;Cruz;Sem?íforo Intermitente;Comercial;0;1;1;1;0;0;0;0;0;1;0;0;-3,755096000000000;-38,529720000000000
307566;16;2;2017;11:35;12848;RUA SALDANHA MARINHO;RUA FLORIANO PEIXOTO;;0;;Colis?úo Lateral;Luz do Dia;Bom;Seca;Cruz;Pare;Comercial;0;0;2;0;0;0;0;0;0;1;0;0;-3,742046800000000;-38,532210000000000
307568;16;2;2017;14:32;0;RUA DR JOSE LOURENCO;;;811;;Colis?úo Transversal;Luz do Dia;Bom;Seca;Meio de Quadra;N?úo H?í Controle;Residencial;0;0;2;0;0;0;0;1;0;0;0;0;-3,731517600000000;-38,506752000000000
307569;16;2;2017;16:42;3771;AV DOMINGOS OLIMPIO;AV DA UNIVERSIDADE;;0;;Colis?úo Lateral;Luz do Dia;Bom;Seca;Cruz;Sem?íforo;Comercial;0;0;2;1;1;0;0;0;0;0;0;0;-3,735488400000000;-38,534042000000000
307570;16;2;2017;17:50;0;AV BEZERRA DE MENEZES;;;113;;Colis?úo Traseira;Anoitecer;Bom;Seca;Meio de Quadra;Gesto;Comercial;0;0;2;1;0;0;0;0;0;0;0;0;-3,731920700000000;-38,545520000000000
307571;16;2;2017;17:50;0;AV ALM MAXIMIANO DA FONSECA;;;1395;;Colis?úo Frontal;Luz do Dia;Bom;Seca;Meio de Quadra;N?úo H?í Controle;Comercial;0;1;1;1;0;0;0;0;0;1;0;0;-3,771522800000000;-38,483460000000000
307572;16;2;2017;18:08;9123;AV VIS RIO BRANCO;RUA CEL JOAO CARNEIRO;;0;;Colis?úo Transversal;Anoitecer;Bom;Seca;T;Pare;Comercial;0;0;2;1;0;0;0;0;0;1;0;0;-3,755007700000000;-38,520330000000000
307573;16;2;2017;18:15;5371;RUA GAL CLARINDO DE QUEIROZ;RUA VINTE E QUATRO DE MAIO;;0;;Colis?úo Transversal;Via Iluminada;Bom;Seca;Cruz;Pare;Comercial;0;1;1;1;0;0;0;0;0;1;0;0;-3,731706900000000;-38,533474000000000
307574;16;2;2017;16:20;12508;AV LINEU MACHADO;RUA ALUISIO AZEVEDO;;1170;;Colis?úo Traseira;Luz do Dia;Bom;Seca;Cruz;Sem?íforo;Comercial;0;0;2;1;0;0;0;0;0;0;0;0;-3,769923200000000;-38,579002000000000
307575;16;2;2017;19:00;23425;RUA MON SALAZAR;RUA SABINO MONTE;;0;;Colis?úo Transversal;Via Iluminada;Bom;Seca;Cruz;Pare;Comercial;0;1;1;0;0;0;0;0;0;0;0;0;-3,755962600000000;-38,512264000000000
307576;16;2;2017;21:24;19540;RUA JULIO GASPAR;RUA CASIMIRO DE ABREU;;0;;Colis?úo Lateral;Via Iluminada;Bom;Seca;Cruz;Pare;Residencial;0;0;2;1;0;0;0;0;0;1;0;0;-3,782338400000000;-38,563020000000000
307578;16;2;2017;20:30;10995;RUA 15 DE NOVEMBRO;RUA ALM RUBIM;;0;;Colis?úo Transversal;Via Iluminada;Bom;Seca;Cruz;Pare;Residencial;0;2;0;1;0;0;0;0;0;0;0;0;-3,768897000000000;-38,555950000000000
307579;17;2;2017;07:49;0;RUA PDE PEDRO DE ALENCAR;;;1619;;Colis?úo Lateral;Luz do Dia;Chuva;Molhada;Meio de Quadra;N?úo H?í Controle;Residencial;0;1;0;0;0;0;0;0;0;1;0;0;-3,842144500000000;-38,494263000000000
307580;17;2;2017;07:55;0;RUA ANTONIO FIUZA;;;110;;Colis?úo Traseira;Luz do Dia;Chuva;Molhada;Meio de Quadra;N?úo H?í Controle;Residencial;0;0;2;1;0;0;0;0;0;0;0;0;-3,769370300000000;-38,551907000000000
307581;17;2;2017;10:02;0;AV GAL OSORIO DE PAIVA;;;7661;;Colis?úo Traseira;Luz do Dia;Nublado;Seca;Meio de Quadra;Pare;Comercial;0;0;3;1;0;0;0;0;0;0;0;0;-3,819323800000000;-38,616158000000000
307582;17;2;2017;10:33;25435;AV ALBERTO CRAVEIRO;RUA PAULA FRANCINETE;;0;;Colis?úo Transversal;Luz do Dia;Chuva;Molhada;T;N?úo H?í Controle;Comercial;0;1;0;1;0;0;0;0;0;1;0;0;-3,795265000000000;-38,517994000000000
307583;17;2;2017;09:45;19693;RUA GAL PIRAGIBE;RUA GUSTAVO SAMPAIO;;0;;Colis?úo Transversal;Luz do Dia;Chuva;Molhada;Cruz;Pare;Comercial;0;0;2;1;0;0;0;0;0;0;0;0;-3,735654000000000;-38,558475000000000
307584;17;2;2017;11:08;0;RUA GAL TERTULIANO POTYGUARA;;;784;;Queda;Luz do Dia;Chuva;Molhada;Meio de Quadra;N?úo H?í Controle;Residencial;0;0;1;0;0;0;0;0;0;1;0;0;-3,744327300000000;-38,496950000000000
307585;17;2;2017;13:26;5466;RUA METON DE ALENCAR;AV VIS RIO BRANCO;;0;;Colis?úo Lateral;Luz do Dia;Nublado;Seca;Cruz;Sem?íforo;Comercial;0;0;2;1;0;0;0;0;0;1;0;0;-3,735879400000000;-38,524180000000000
307586;17;2;2017;11:00;12515;RUA JULIO BRAGA;RUA SILVEIRA FILHO;;0;;Colis?úo Transversal;Luz do Dia;Chuva;Molhada;Cruz;Pare;Comercial;0;0;2;1;0;0;0;0;0;0;0;0;-3,775999000000000;-38,579018000000000
307587;17;2;2017;14:20;19845;RUA BELA FLOR;RUA PACATUBA;;0;;Colis?úo Transversal;Luz do Dia;Nublado;Seca;Outros;Outros;Residencial;0;1;3;1;0;0;0;0;0;1;0;0;-3,759274200000000;-38,543465000000000
307589;17;2;2017;16:30;0;AV FRANCISCO SA;;;3866;;Colis?úo Traseira;Luz do Dia;Nublado;Molhada;Meio de Quadra;N?úo H?í Controle;Comercial;0;1;1;0;0;0;0;0;0;1;0;0;-3,716679800000000;-38,559400000000000
307590;17;2;2017;17:57;0;RUA CASTRO E SILVA;;;409;;Colis?úo Lateral;Via Iluminada;Nublado;Seca;Meio de Quadra;Sem?íforo;Comercial;0;0;2;1;0;0;0;0;0;0;0;0;-3,723344600000000;-38,529090000000000
307591;17;2;2017;18:37;5500;RUA PDE VALDEVINO;RUA NOGUEIRA ACIOLI;;0;;Colis?úo Lateral;Anoitecer;Bom;Seca;Cruz;Sem?íforo;Comercial;0;0;2;1;0;0;0;0;0;0;0;0;-3,738382000000000;-38,519646000000000
307592;17;2;2017;18:37;5709;AV OLIVEIRA PAIVA;AV DES GONZAGA;;0;;Colis?úo Transversal;Via Iluminada;Nublado;Seca;Cruz;Sem?íforo;Comercial;0;0;1;0;0;0;0;0;0;0;0;0;-3,797111000000000;-38,500060000000000
307593;17;2;2017;18:51;0;RUA JOSE VILAR;RUA MARCONDES PEREIRA;;0;;Colis?úo Traseira;Via Iluminada;Nublado;Seca;Outros;Pare;Residencial;0;0;0;1;0;0;0;0;0;0;0;0;-3,740050800000000;-38,531517000000000