COD_ACIDENTE;DIA;MES;ANO;HORA;INTERSECAO;LOG1;LOG2;LOG3;NUMERO;REFERENCIA;NATUREZA;ILUMINACAO;TEMPO;SUPERFICIEPISTA;TIPOCRUZAMENTO;CONTROLETRAFEGO;USOSOLO;MORTOS;FERIDOS;ILESOS;AUTOMOVEL;ONIBUS;BICICLETA;CAMINHAO;MICROONIBUS;CICLOMOTOR;MOTOCICLETA;TRACAOANIMAL;TREM;LATITUDE;LONGITUDE
307595;17;2;2017;17:17;0;RUA NUBIA BARROCAS;RUA LOURIVAL C PINHO;;0;;Colis?úo Lateral;Via Iluminada;Bom;Seca;Meio de Quadra;N?úo H?í Controle;Residencial;0;1;1;0;0;0;0;0;0;1;0;0;-3,793379300000000;-38,481940000000000
307596;17;2;2017;17:40;0;AV JOSE JATAHY;;;1072;;Colis?úo Transversal;Via Iluminada;Bom;Seca;Meio de Quadra;N?úo H?í Controle;Comercial;0;0;2;1;0;0;0;0;0;0;0;0;-3,731109600000000;-38,545097000000000
307597;17;2;2017;22:12;13425;RUA JOAO BRIGIDO;RUA DR JOSE LOURENCO;;0;;Colis?úo Lateral;Via Iluminada;Nublado;Seca;Cruz;Sem?íforo;Comercial;0;0;2;1;0;0;0;0;0;0;0;0;-3,742494600000000;-38,510387000000000
307598;17;2;2017;23:41;0;AV PRS COSTA E SILVA;;;4008;;Colis?úo Lateral;Mal Iluminada;Bom;Seca;Meio de Quadra;Pare;Comercial;0;1;1;1;0;0;0;0;0;1;0;0;-3,824351000000000;-38,544660000000000
304428;17;2;2017;18:10;15282;RUA CANUTO DE AGUIAR;RUA TIBURCIO CAVALCANTE;;0;;Colis?úo Traseira;Anoitecer;;;Cruz;Pare;Residencial;0;0;2;1;0;0;0;0;0;0;0;0;-3,729044000000000;-38,500359000000000
304420;17;2;2017;08:00;11021;RUA GERMANO FRANCK;RUA MUNDICA PAULA;;0;;Colis?úo Transversal;Luz do Dia;;;;;;0;0;2;1;0;0;0;0;0;0;0;0;-3,773259000000000;-38,557470000000000
304425;17;2;2017;19:00;0;AV GAL OSORIO DE PAIVA;;;2946;;Colis?úo Traseira;;;;Meio de Quadra;;;0;0;3;1;0;0;0;0;0;0;0;0;-3,788269000000000;-38,586023000000000
304426;17;2;2017;13:30;8620;AV EDILSON B SOARES;RUA FIRMINDO ANANIAS CARDOSO;;0;;Colis?úo Lateral;Luz do Dia;;;Cruz;N?úo H?í Controle;Comercial;0;1;1;1;0;0;0;0;0;1;0;0;;
304423;17;2;2017;12:49;9094;AV VIS RIO BRANCO;AV SORIANO ALBUQUERQUE;;0;;Colis?úo Lateral;Luz do Dia;;;Cruz;Sem?íforo;Comercial;0;0;2;1;1;0;0;0;0;0;0;0;-3,747601000000000;-38,521682000000000
304438;17;2;2017;14:20;3211;RUA VERBENA;RUA EMILIO DE MENESES;;0;;Colis?úo Frontal;Luz do Dia;;;Cruz;Sem?íforo;Residencial;0;2;1;1;0;0;0;0;0;1;0;0;-3,781344000000000;-38,588838000000000
304439;17;2;2017;16:25;357;RUA ERICO MOTA;RUA XAVIER DE OLIVEIRA;;0;;Colis?úo Traseira;Luz do Dia;;;Cruz;Pare;Residencial;0;0;2;1;0;0;1;0;0;0;0;0;-3,747288000000000;-38,560547000000000
304389;17;2;2017;12:40;1294;RUA TORRES CAMARA;RUA CARLOS VASCONCELOS;;0;;Colis?úo Traseira;Luz do Dia;;;Cruz;Sem?íforo;Comercial;0;0;2;1;0;0;0;0;0;0;0;0;-3,734251000000000;-38,511204000000000
304390;17;2;2017;07:30;0;AV 13 DE MAIO;;;1554;;Engavetamento;Luz do Dia;;;Meio de Quadra;;;0;0;3;1;0;0;0;0;0;0;0;0;-3,746815000000000;-38,532261000000000
304380;17;2;2017;08:30;0;AV PRS COSTA E SILVA;;;4797;;Colis?úo Lateral;Luz do Dia;;;Meio de Quadra;;;0;0;2;1;1;0;0;0;0;0;0;0;-3,826378000000000;-38,537464000000000
304396;17;2;2017;19:20;1546;AV PDE ANTONIO TOMAS;RUA VICENTE LEITE;;0;;Colis?úo Lateral;;;;T;Pare;Comercial;0;0;2;1;0;0;0;0;0;0;0;0;-3,741127000000000;-38,496690000000000
304400;17;2;2017;10:15;0;AV 13 DE MAIO;;;1190;;Colis?úo Traseira;Luz do Dia;;;Meio de Quadra;;;0;0;2;1;0;0;0;0;0;1;0;0;-3,749122000000000;-38,529562000000000
304416;17;2;2017;02:40;5748;RUA CHICO LEMOS;RUA JULIO LIMA;;0;;Choque c/ Obst?ículo Fixo;;;;Cruz;Pare;Residencial;0;0;1;1;0;0;0;0;0;0;0;0;-3,794838000000000;-38,497545000000000
304418;17;2;2017;19:00;15227;AV ABOLICAO;AV DES MOREIRA;;0;;Colis?úo Lateral;;;;Cruz;Sem?íforo;Comercial;0;0;2;1;0;0;0;0;0;0;0;0;-3,727331000000000;-38,495474000000000
304408;17;2;2017;16:15;0;AV JOVITA FEITOSA;;;2576;;Colis?úo Traseira;Luz do Dia;;;Meio de Quadra;;;0;0;4;1;0;0;0;0;0;0;0;0;-3,740646000000000;-38,560411000000000
304414;17;2;2017;17:40;5371;RUA VINTE E QUATRO DE MAIO;RUA GAL CLARINDO DE QUEIROZ;;0;;Colis?úo Lateral;Anoitecer;;;Cruz;Pare;Comercial;0;1;1;1;0;0;0;0;0;1;0;0;-3,731621000000000;-38,533532000000000
304405;17;2;2017;14:05;5318;RUA PDE IBIAPINA;RUA GAL CLARINDO DE QUEIROZ;;0;;Colis?úo Lateral;Luz do Dia;;;Cruz;Pare;Comercial;0;0;2;1;1;0;0;0;0;0;0;0;-3,729518000000000;-38,540084000000000
295274;17;2;2017;00:25;0;RUA DAURA;;;55;;Colis?úo Traseira;;;;Meio de Quadra;;;1;0;1;0;1;0;0;0;0;1;0;0;-3,823074000000000;-38,504004000000000
318429;17;2;2017;01:16;4054;AV JOSE BASTOS;RUA MARANHAO;;0;;Colis?úo;;;;Cruz;Pare;Comercial;0;1;1;1;0;0;0;0;0;1;0;0;-3,757818000000000;-38,562353000000000
318435;17;2;2017;07:06;0;AV GAL OSORIO DE PAIVA;;;5260;;Atropelamento;Luz do Dia;;;Meio de Quadra;;;0;1;1;0;0;0;0;0;0;1;0;0;;
318437;17;2;2017;07:33;0;AV MR HULL;;;2000;;Queda;Luz do Dia;;Molhada;Meio de Quadra;;;0;1;1;1;0;0;0;0;0;1;0;0;-3,738490700000000;-38,582800500000000
318438;17;2;2017;07:35;0;RUA PDE PEDRO DE ALENCAR;;;1620;;Colis?úo;Luz do Dia;;;Meio de Quadra;;;0;1;1;1;0;0;0;0;0;1;0;0;-3,842333000000000;-38,494326000000000
318442;17;2;2017;07:59;0;AV PRS CASTELO BRANCO;;;3149;;Colis?úo;Luz do Dia;;;Meio de Quadra;;;0;1;1;1;0;0;0;0;0;1;0;0;-3,711202000000000;-38,558777000000000
318443;17;2;2017;09:06;0;AV ALBERTO CRAVEIRO;;;1795;;Colis?úo;Luz do Dia;;;Meio de Quadra;;;0;1;1;1;0;0;0;0;0;1;0;0;-3,795318000000000;-38,518061000000000
318444;17;2;2017;10:29;0;RUA BERNARDO MANUEL;;;0;;Colis?úo;Luz do Dia;;;Meio de Quadra;;;0;1;1;1;0;0;0;0;0;1;0;0;;
318440;17;2;2017;07:43;0;VL JOAO XXIII;;;182;;Queda;Luz do Dia;;;Meio de Quadra;;;0;1;0;0;0;1;0;0;0;0;0;0;;
318446;17;2;2017;11:11;0;AV CEL CARVALHO;;;3047;;Colis?úo;Luz do Dia;;;Meio de Quadra;;;0;1;1;1;0;0;0;0;0;1;0;0;-3,729695000000000;-38,584810000000000
318447;17;2;2017;11:51;0;RUA ALM RUFINO;;;1739;;Atropelamento;Luz do Dia;;;Meio de Quadra;;;0;1;1;0;0;0;0;0;0;1;0;0;-3,764245500000000;-38,544863500000000
318449;17;2;2017;12:37;15801;RUA CEL ERNESTO MATOS;RUA PERGENTINO MAIA;;0;;Colis?úo;Luz do Dia;;;Cruz;Pare;Comercial;0;1;1;1;0;0;0;0;0;1;0;0;-3,831264000000000;-38,489871000000000
318450;17;2;2017;12:46;0;RUA NOSSA SRA DAS GRACAS;;;1170;;Queda;Luz do Dia;;;Meio de Quadra;;;0;1;0;0;0;0;0;0;0;1;0;0;-3,707982000000000;-38,560719000000000
318492;17;2;2017;23:40;0;AV AUGUSTO DOS ANJOS;;;1450;;Colis?úo;;;;Meio de Quadra;;;0;1;1;0;0;0;0;0;0;1;0;0;-3,779473000000000;-38,578550000000000
318493;17;2;2017;23:48;0;RUA ANA NERY;;;685;;Queda;;;;Meio de Quadra;;;0;1;0;0;0;0;0;0;0;1;0;0;-3,751275000000000;-38,544818000000000
318453;17;2;2017;12:58;0;RUA EDUARDO ARAUJO;;;1616;;Colis?úo;Luz do Dia;;;Meio de Quadra;;;0;1;1;1;0;0;0;0;0;1;0;0;;
318454;17;2;2017;13:09;0;AV SEN FERNANDES TAVORA;;;0;;Colis?úo Lateral;Luz do Dia;;;Meio de Quadra;;;0;1;0;0;0;0;0;0;0;1;0;0;;
318455;17;2;2017;13:19;24908;RUA PEDRO SAMPAIO;RUA ANTONIO ARRUDA;;0;;Colis?úo;Luz do Dia;;;Cruz;Pare;Residencial;0;1;1;1;0;0;0;0;0;1;0;0;-3,724119000000000;-38,595168000000000
318462;17;2;2017;15:38;0;AV COLOMBO DE SOUZA;;;398;;Colis?úo;Luz do Dia;;;Meio de Quadra;;;0;1;1;1;0;0;0;0;0;1;0;0;-3,751591200000000;-38,497052100000000
318463;17;2;2017;16:36;0;RUA PERILIO TEIXEIRA;;;290;COLEGIO FUTURO MESTRE;Queda;Luz do Dia;;;Meio de Quadra;;;0;1;0;0;0;0;0;0;0;1;0;0;-3,760720000000000;-38,602115000000000
318464;17;2;2017;16:57;0;RUA TERTULIANO SALES;;;544;;Atropelamento;Luz do Dia;;;Meio de Quadra;;;0;1;1;0;0;0;0;0;0;1;0;0;-3,762759100000000;-38,531789600000000
318465;17;2;2017;17:01;0;AV AUGUSTO DOS ANJOS;;;0;;Colis?úo;Anoitecer;;;Meio de Quadra;;;0;1;1;1;0;0;0;0;0;1;0;0;;
318466;17;2;2017;17:18;0;RUA LOURIVAL C PINHO;;;0;;Colis?úo;Anoitecer;;;Meio de Quadra;;;0;1;1;1;0;0;0;0;0;1;0;0;;
318467;17;2;2017;17:54;0;AV PRS COSTA E SILVA;;;1578;;Queda;Anoitecer;;;Meio de Quadra;;;0;1;0;0;0;0;0;0;0;1;0;0;-3,814919400000000;-38,569342300000000
318468;17;2;2017;19:06;0;AV ODILON GUIMARAES;;;1470;;Colis?úo;;;;Meio de Quadra;;;0;1;1;1;0;0;0;0;0;1;0;0;-3,825199000000000;-38,479186000000000
318469;17;2;2017;19:07;0;RUA TEODORO DE CASTRO;;;914;;Atropelamento;;;;Meio de Quadra;;;0;1;1;0;0;0;0;0;0;1;0;0;-3,781403000000000;-38,599167000000000
318470;17;2;2017;19:31;0;RUA POMPILIO GOMES;;;0;;Colis?úo;;;;Meio de Quadra;;;0;1;0;0;0;0;0;0;0;0;0;0;;
318471;17;2;2017;19:41;0;RUA PRO HERIBALDO COSTA;;;1360;;Colis?úo;;;;Meio de Quadra;;;0;1;1;1;0;0;0;0;0;1;0;0;-3,763679000000000;-38,585797000000000
318473;17;2;2017;19:55;0;AV CASTELO DE CASTRO;;;674;DROGAJAFRE;Atropelamento;;;;Meio de Quadra;;;0;1;0;0;0;0;0;0;0;1;0;0;-3,835299000000000;-38,521638000000000
318474;17;2;2017;20:08;0;RUA FRE TEOBALDO;;;4179;;Colis?úo;;;;Meio de Quadra;;;0;1;1;1;0;0;0;0;0;1;0;0;-3,714980918000000;-38,559879244000000
318475;17;2;2017;20:23;0;RUA PEREIRA COUTINHO;;;1485;;Colis?úo;;;;Meio de Quadra;;;0;1;0;0;0;0;0;0;0;0;0;0;-3,888697700000000;-38,510807700000000
318476;17;2;2017;20:39;0;AV BORGES DE MELO;;;0;;Colis?úo;;;;Meio de Quadra;;;0;1;0;0;0;0;0;0;0;0;0;0;;
318477;17;2;2017;22:23;5039;RUA PESSOA ANTA;AV ALBERTO NEPOMUCENO;;0;;Colis?úo;;;;Cruz;Sem?íforo;Comercial;0;1;0;0;0;0;0;0;0;0;0;0;-3,721257000000000;-38,523212000000000
318478;17;2;2017;22:29;23425;RUA MON SALAZAR;RUA SABINO MONTE;;0;;Colis?úo;;;;Cruz;Pare;Comercial;0;1;1;1;0;0;0;0;0;1;0;0;-3,755927000000000;-38,512070000000000
318479;17;2;2017;22:40;0;AV PRS COSTA E SILVA;;;2299;;Colis?úo;;;;Meio de Quadra;;;0;1;0;0;0;0;0;0;0;0;0;0;-3,819772000000000;-38,561115000000000
318480;17;2;2017;22:42;0;RD BR 116;;;0;;Atropelamento;;;;Meio de Quadra;;;0;1;1;1;0;0;0;0;0;0;0;0;;
318481;17;2;2017;22:49;0;RUA AUDISIO PINHEIRO;;;1925;;Queda;;;;Meio de Quadra;;;0;1;0;0;0;0;0;0;0;1;0;0;-3,767622000000000;-38,593331000000000
318482;17;2;2017;22:50;0;AV AGUANAMBI;;;0;;Colis?úo;;;;Meio de Quadra;;;0;1;0;0;0;0;0;0;0;0;0;0;;
325496;17;2;2017;07:30;0;RD BR 116;;;2000;KM-02;Colis?úo Lateral;Luz do Dia;;Molhada;Meio de Quadra;;;0;1;2;1;0;0;0;0;0;1;0;0;-3,771391000000000;-38,516780000000000
317175;17;2;2017;12:00;0;AV MIN JOSE AMERICO;;;0;;Colis?úo;Luz do Dia;Bom;Seca;Meio de Quadra;;;0;0;2;1;0;0;0;0;0;0;0;0;;
317177;17;2;2017;14:40;0;RD CE-040;;;0;KM-02;Colis?úo;Luz do Dia;Bom;Seca;Meio de Quadra;;;0;0;2;1;0;0;0;0;0;1;0;0;-3,773616148000000;-38,481799400000000
317178;17;2;2017;12:20;0;RD CE-060;;;0;;Colis?úo;Luz do Dia;Bom;Seca;Meio de Quadra;;;0;0;2;1;0;0;0;0;0;0;0;0;;
317181;18;2;2017;15:00;0;AV SEN CARLOS JEREISSATI (AEROPORTO);;;0;KM 01;Colis?úo;Luz do Dia;Bom;Seca;Meio de Quadra;;;0;0;2;1;0;0;0;0;0;0;0;0;-3,783753000000000;-38,526850000000000
316028;18;2;2017;10:07;0;RUA PIAUI;;;562;;Colis?úo;Luz do Dia;;;Meio de Quadra;;;0;1;0;0;0;0;0;0;0;0;0;0;-3,757147000000000;-38,566032000000000
316029;18;2;2017;10:14;0;AV JOSE BASTOS;;;0;;Atropelamento;Luz do Dia;;;Meio de Quadra;;;0;1;1;0;0;0;0;0;0;1;0;0;;
316030;18;2;2017;10:46;0;AV DR SILAS MUNGUBA;;;3427;;Atropelamento;Luz do Dia;;;Meio de Quadra;;;0;1;0;1;0;0;0;0;0;0;0;0;-3,789435000000000;-38,543111000000000
316031;18;2;2017;13:55;0;AV GAL OSORIO DE PAIVA;;;18;;Colis?úo;Luz do Dia;;;Meio de Quadra;;;0;2;1;1;0;0;0;0;0;1;0;0;-3,771852000000000;-38,562353000000000
316032;18;2;2017;14:09;0;AV DR SILAS MUNGUBA;;;0;;Colis?úo;Luz do Dia;;;Meio de Quadra;;;0;1;1;0;0;0;1;0;0;1;0;0;;
316033;18;2;2017;14:16;17928;RUA ALCANTARA BILHAR;RUA SEN ALVARO ADOLFO;;0;;Colis?úo;Luz do Dia;;;T;Pare;Comercial;0;1;1;1;0;0;0;0;0;1;0;0;-3,733612000000000;-38,582392000000000
316034;18;2;2017;14:53;0;RD BR 116;;;0;;Colis?úo;Luz do Dia;;;Meio de Quadra;;;0;2;1;1;0;0;0;0;0;1;0;0;;
325497;18;2;2017;07:10;0;RD BR 222;;;200;KM-03;Engavetamento;Luz do Dia;;Molhada;Meio de Quadra;;;0;0;6;1;0;0;0;0;0;0;0;0;;
318619;18;2;2017;03:33;0;AV EDILSON B SOARES;;;790;;Colis?úo;;;;Meio de Quadra;;;0;1;1;1;0;0;0;0;0;1;0;0;-3,789371000000000;-38,479547000000000
318613;18;2;2017;03:22;239;AV JOVITA FEITOSA;RUA CRUZ SALDANHA;;0;;Queda;;;;Cruz;N?úo H?í Controle;Residencial;0;2;0;0;0;0;0;0;0;1;0;0;-3,739205000000000;-38,553174000000000
318622;18;2;2017;04:15;0;AV PRO GOMES DE MATOS;;;622;;Colis?úo;;;;Meio de Quadra;;;0;1;1;1;0;0;0;0;0;1;0;0;-3,758957000000000;-38,543728000000000
318623;18;2;2017;04:18;0;AV WASHINGTON SOARES;;;796;;Colis?úo;;;;Meio de Quadra;;;0;1;0;0;0;0;0;0;0;0;0;0;-3,766385300000000;-38,482794100000000
318624;18;2;2017;04:26;0;RUA ELCIAS LOPES;;;169;;Queda;;;;Meio de Quadra;;;0;1;0;0;0;1;0;0;0;0;0;0;-3,770129000000000;-38,558386000000000
318610;18;2;2017;23:18;0;AV CEL CARVALHO;;;51;;Queda;;;;Meio de Quadra;;;0;1;0;0;0;0;0;0;0;1;0;0;-3,732714400000000;-38,526998100000000
318611;18;2;2017;23:20;0;RUA ALVARO GARRIDO;;;0;;Colis?úo;;;;Meio de Quadra;;;0;1;1;1;0;0;0;0;0;1;0;0;;
318596;18;2;2017;22:59;3968;RUA FRE ORLANDO;RUA DES PRAXEDES;;0;;Colis?úo;;;;;;;0;1;1;1;0;0;0;0;0;1;0;0;-3,759287000000000;-38,549624000000000
318579;18;2;2017;19:33;0;RUA VIRGILIO BRIGIDO;;;6037;;Colis?úo;;;;Meio de Quadra;;;0;1;1;1;0;0;0;0;0;1;0;0;;
318602;18;2;2017;23:04;0;TR SAO FRANCISCO D21;;;175;;Atropelamento;;;;Meio de Quadra;;;0;1;0;0;0;0;0;0;0;0;0;0;-3,714259200000000;-38,566591000000000
318588;18;2;2017;20:55;0;AV GAL OSORIO DE PAIVA;;;1271;;Colis?úo;;;;Meio de Quadra;;;0;1;1;1;0;0;0;0;0;1;0;0;-3,779658000000000;-38,572881000000000
318590;18;2;2017;21:04;0;RUA MELVIN JONES;;;66;;Queda;;;;Meio de Quadra;;;0;1;0;0;0;1;0;0;0;0;0;0;-3,728846000000000;-38,524749000000000
318592;18;2;2017;22:16;0;AV MACIEL BEZERRA;;;0;;Colis?úo;;;;Meio de Quadra;;;0;1;0;0;0;0;0;0;0;0;0;0;;
318593;18;2;2017;22:21;0;RUA ANTONIO BENTO;;;693;;Queda;;;;Meio de Quadra;;;0;1;0;0;0;1;0;0;0;0;0;0;-3,785289000000000;-38,548497000000000
318576;18;2;2017;19:18;10416;RUA PERILIO TEIXEIRA;RUA LUIZ MARIANO;;0;;Colis?úo;;;;Cruz;Pare;Comercial;0;1;0;0;0;0;0;0;0;0;0;0;-3,761521000000000;-38,602264000000000
318565;18;2;2017;16:30;0;RUA CURITIBA;;;838;;Queda;Luz do Dia;;;Meio de Quadra;;;0;1;0;0;0;0;0;0;0;1;0;0;-3,756544000000000;-38,590298000000000
318566;18;2;2017;17:40;0;AV MACIEL BEZERRA;;;1900;;Colis?úo;Anoitecer;;;Meio de Quadra;;;0;1;0;0;0;0;0;0;0;0;0;0;-3,806885000000000;-38,629829000000000
318568;18;2;2017;17:55;0;AV PRS JUSCELINO KUBITSCHEK (PASSAR?ë);;;0;;Colis?úo;Anoitecer;;;Meio de Quadra;;;0;1;1;1;0;0;0;0;0;1;0;0;;
318571;18;2;2017;19:01;0;AV DR THEBERGE;;;1974;;Colis?úo;;;;Meio de Quadra;;;0;1;0;0;0;0;0;0;0;0;0;0;-3,717929000000000;-38,566036000000000
318561;18;2;2017;15:58;0;AV PERIMETRAL;;;1039;;Colis?úo;Luz do Dia;;;Meio de Quadra;;;0;1;0;0;0;0;0;0;0;0;0;0;-3,785144000000000;-38,589902000000000
318562;18;2;2017;15:59;0;RUA OSCAR ARARIPE;;;711;;Colis?úo;Luz do Dia;;;Meio de Quadra;;;0;1;1;1;0;1;0;0;0;0;0;0;-3,791670000000000;-38,597798000000000
318563;18;2;2017;16:28;0;RUA TEN QUEIROZ;;;217;;Queda;Luz do Dia;;;Meio de Quadra;;;0;1;0;0;0;0;0;0;0;1;0;0;;
318555;18;2;2017;15:23;20131;RUA PRO JOSE SILVEIRA;RUA CRISANTO ARRUDA;;0;;Colis?úo;Luz do Dia;;;Cruz;Pare;Residencial;0;1;0;0;0;0;0;0;0;0;0;0;-3,810268000000000;-38,522564000000000
318557;18;2;2017;15:37;25279;AV ROGACIANO LEITE;RUA DES WALDEMAR ALVES PEREIRA;;0;;Colis?úo;Luz do Dia;;;Cruz;Pare;Comercial;0;1;1;1;0;0;0;0;0;1;0;0;;
318551;18;2;2017;14:59;0;AV DEP PAULINO ROCHA;;;0;;Queda;Luz do Dia;;;Meio de Quadra;;;0;1;0;0;0;0;0;0;0;1;0;0;;
318553;18;2;2017;15:11;0;RUA FRANCISCO XAVIER;;;0;;Atropelamento;Luz do Dia;;;Meio de Quadra;;;0;1;1;0;0;0;0;0;0;1;0;0;;
318546;18;2;2017;13:05;0;RUA URUCUTUBA;;;0;;Colis?úo;Luz do Dia;;;Meio de Quadra;;;0;1;1;0;0;0;0;0;0;1;0;0;;
318548;18;2;2017;13:07;11932;AV PRS COSTA E SILVA;AV CASTELO DE CASTRO;;0;;Colis?úo;Luz do Dia;;;Cruz;Sem?íforo;Comercial;0;1;0;0;0;0;0;0;0;0;0;0;;
318508;18;2;2017;04:10;0;AV MR HULL;;;5680;;Queda;;;;Meio de Quadra;;;0;4;0;0;0;0;0;0;0;1;0;0;-3,740203000000000;-38,595259000000000
318499;18;2;2017;00:30;0;AV GAL OSORIO DE PAIVA;;;0;;Colis?úo;;;;Meio de Quadra;;;0;1;1;0;0;0;0;0;0;1;0;0;;
318502;18;2;2017;01:26;0;RUA STA SOFIA;;;362;;Colis?úo;;;;Meio de Quadra;;;0;1;1;0;0;0;1;0;0;1;0;0;-3,726134000000000;-38,571759000000000
318503;18;2;2017;04:01;0;AV AUGUSTO DOS ANJOS;;;2016;;Colis?úo;;;;Meio de Quadra;;;0;1;1;1;0;0;0;0;0;1;0;0;-3,783250000000000;-38,581841000000000
318497;18;2;2017;00:09;0;RUA PDE PERDIGAO SAMPAIO;;;0;;Colis?úo;;;;Meio de Quadra;;;0;1;0;0;0;0;0;0;0;0;0;0;;
318510;18;2;2017;07:47;0;AV JOSE BASTOS;;;0;;Queda;Luz do Dia;;;Meio de Quadra;;;0;2;0;0;0;0;0;0;0;1;0;0;;
318516;18;2;2017;08:17;0;AV DR SILAS MUNGUBA;;;2333;;Colis?úo;Luz do Dia;;;Meio de Quadra;;;0;2;1;1;0;0;0;0;0;1;0;0;-3,785959000000000;-38,551022000000000
318526;18;2;2017;10:57;0;RUA MONTE PASCOAL;;;684;;Colis?úo;Luz do Dia;;;Meio de Quadra;;;0;1;1;1;0;0;0;0;0;1;0;0;-3,806169200000000;-38,597155300000000
318527;18;2;2017;11:56;0;AV CASTELO DE CASTRO;;;1175;;Colis?úo;Luz do Dia;;;Meio de Quadra;;;0;1;1;1;0;0;0;0;0;1;0;0;-3,840033000000000;-38,521778000000000
318528;18;2;2017;12:21;0;RUA PASSEIO DOS CAJUEIROS;;;0;;Colis?úo;Luz do Dia;;;Meio de Quadra;;;0;1;1;1;0;0;0;0;0;1;0;0;;
318529;18;2;2017;12:45;0;RUA PDE MORORO;;;0;;Colis?úo;Luz do Dia;;;Meio de Quadra;;;0;1;1;1;0;0;0;0;0;1;0;0;;
318608;18;2;2017;23:11;0;RUA COSME JERONIMO;;;1148;;Queda;;;;Meio de Quadra;;;0;1;0;0;0;0;0;0;0;1;0;0;-3,822962600000000;-38,586724100000000
304521;18;2;2017;16:00;0;AV PRS COSTA E SILVA;;;0;CHESF;Colis?úo Lateral;Luz do Dia;Bom;Seca;Meio de Quadra;;Comercial;0;0;2;1;0;0;0;0;0;0;0;0;;
304523;18;2;2017;;0;RUA PDE VALDEVINO;;;1873;;Colis?úo Traseira;;Bom;Seca;Meio de Quadra;Pare;Misto;0;0;2;1;0;0;0;0;0;0;0;0;-3,741982000000000;-38,507772000000000
304516;18;2;2017;14:30;0;AV SANTOS DUMONT;;;5640;;Colis?úo Lateral;Luz do Dia;Bom;Seca;Meio de Quadra;Sem?íforo;Comercial;0;1;1;1;0;0;0;0;0;1;0;0;-3,741690000000000;-38,481393000000000
304528;18;2;2017;13:00;0;AV CASTANHOLEIRAS;;;403;;Colis?úo Transversal;Luz do Dia;Nublado;Seca;Meio de Quadra;N?úo H?í Controle;Misto;0;1;1;1;0;0;0;0;0;0;0;0;-3,752991000000000;-38,468533000000000
304549;18;2;2017;05:00;0;RUA CASTRO ALVES;;;430;;Colis?úo Lateral;Via Iluminada;Bom;Molhada;Meio de Quadra;N?úo H?í Controle;Residencial;0;0;2;1;0;0;0;0;0;0;0;0;-3,749887800000000;-38,517103200000000
304553;18;2;2017;11:00;0;RUA POMPILIO GOMES;;;1175;;Colis?úo Traseira;Luz do Dia;Bom;Seca;Meio de Quadra;Outros;Misto;0;1;1;0;0;0;1;0;0;1;0;0;-3,822537700000000;-38,521088100000000
304554;18;2;2017;13:00;839;AV GOV RAUL BARBOSA;RUA MAJ JOSE ARAUJO AGUIAR;;0;;Atropelamento;Luz do Dia;Nublado;Molhada;T;Sem?íforo;Comercial;0;1;1;1;0;0;0;0;0;0;0;0;-3,775451000000000;-38,513020000000000
304551;18;2;2017;13:30;0;RUA SAO CRISTOVAO D49;;;1150;;Colis?úo Lateral;Luz do Dia;Bom;Seca;Meio de Quadra;Outros;Comercial;0;2;0;0;0;0;0;0;0;1;0;0;;
304557;18;2;2017;18:40;0;AV GAL OSORIO DE PAIVA;;;0;;Colis?úo Lateral;Via Iluminada;Bom;Seca;Meio de Quadra;N?úo H?í Controle;Outros;0;1;1;1;0;0;0;0;0;1;0;0;;
304558;18;2;2017;15:50;0;AV DOM MANUEL;;;139;;Colis?úo Traseira;Luz do Dia;Bom;Seca;Meio de Quadra;;Residencial;0;0;2;1;0;0;0;0;0;0;0;0;-3,725448000000000;-38,520181000000000
304560;18;2;2017;17:50;0;AV ALBERTO NEPOMUCENO;;;113;;Colis?úo Lateral;Anoitecer;Bom;Seca;Meio de Quadra;Outros;Comercial;0;0;2;1;0;0;1;0;0;0;0;0;-3,722164000000000;-38,523707000000000
304563;18;2;2017;11:12;9136;RUA BONFIM SOBRINHO;RUA MON OTAVIO CASTRO;;0;;Colis?úo Lateral;Luz do Dia;Nublado;Seca;Cruz;Pare;Residencial;0;0;2;1;1;0;0;0;0;0;0;0;-3,751367000000000;-38,526287000000000
304567;18;2;2017;15:30;8950;AV BEZERRA DE MENEZES;RUA RUBIA SAMPAIO;;0;;Colis?úo Traseira;Luz do Dia;Bom;Seca;T;N?úo H?í Controle;Comercial;0;0;2;0;1;0;0;1;0;0;0;0;-3,730585000000000;-38,540176000000000
304440;18;2;2017;08:30;0;AV JOR THOMAZ COELHO;;;2730;;Colis?úo Lateral;Luz do Dia;Bom;Seca;Meio de Quadra;N?úo Informado;Comercial;0;1;1;0;1;0;0;0;0;1;0;0;-3,828354000000000;-38,519092000000000
304441;18;2;2017;19:35;0;RUA 20 DE JANEIRO;;;70;;Colis?úo Lateral;Via Iluminada;Nublado;Seca;Meio de Quadra;Outros;Residencial;0;0;2;1;0;0;1;0;0;0;0;0;-3,711844200000000;-38,572261900000000
304442;18;2;2017;15:30;0;AV FILOMENO GOMES;;;430;;Colis?úo Lateral;Luz do Dia;Bom;Seca;Meio de Quadra;N?úo H?í Controle;Comercial;0;1;2;1;0;0;0;0;0;1;0;0;-3,719079850000000;-38,541555680000000
304443;18;2;2017;10:59;0;RUA WALDIR DIOGO;;;927;;Colis?úo Traseira;Luz do Dia;Bom;Seca;Meio de Quadra;;Residencial;0;0;2;1;0;0;0;0;0;0;0;0;-3,803631000000000;-38,586497000000000
307599;18;2;2017;06:41;0;RUA NAPOLEAO LAUREANO;;;174;;Queda;Via Iluminada;Chuva;Molhada;Meio de Quadra;N?úo H?í Controle;Comercial;0;0;0;0;0;0;0;0;0;1;0;0;-3,749932500000000;-38,528835000000000