COD_ACIDENTE;DIA;MES;ANO;HORA;INTERSECAO;LOG1;LOG2;LOG3;NUMERO;REFERENCIA;NATUREZA;ILUMINACAO;TEMPO;SUPERFICIEPISTA;TIPOCRUZAMENTO;CONTROLETRAFEGO;USOSOLO;MORTOS;FERIDOS;ILESOS;AUTOMOVEL;ONIBUS;BICICLETA;CAMINHAO;MICROONIBUS;CICLOMOTOR;MOTOCICLETA;TRACAOANIMAL;TREM;LATITUDE;LONGITUDE
307600;18;2;2017;08:13;0;AV FRANCISCO SA;;;5426;;Colis?úo Traseira;Luz do Dia;Chuva;Molhada;Meio de Quadra;Sem?íforo;Comercial;0;0;1;1;0;0;0;0;0;0;0;0;-3,712086700000000;-38,572700000000000
307601;18;2;2017;07:33;13404;RUA CARLOS VASCONCELOS;RUA JOAO BRIGIDO;;0;;Colis?úo Transversal;Luz do Dia;Chuva;Molhada;Cruz;Sem?íforo;Comercial;0;2;1;1;0;0;0;0;0;0;0;0;-3,741341400000000;-38,513480000000000
307602;18;2;2017;08:53;5801;AV DES GONZAGA;RUA ALICE;;532;;Colis?úo Transversal;Luz do Dia;Chuva;Molhada;T;Pare;Residencial;0;1;0;1;0;0;0;0;0;1;0;0;-3,791409500000000;-38,502330000000000
307603;18;2;2017;10:39;0;AV ROGACIANO LEITE;;;980;;Colis?úo Traseira;Luz do Dia;Nublado;Seca;Meio de Quadra;N?úo H?í Controle;Residencial;0;0;2;1;0;0;0;0;0;0;0;0;-3,765109500000000;-38,495520000000000
307604;18;2;2017;14:16;0;AV CONTORNO SUL;RUA FRANCISCO ALMEIDA;;0;;Colis?úo Transversal;Luz do Dia;Nublado;Seca;Cruz;Pare;Residencial;0;0;1;1;0;0;0;0;0;1;0;0;-3,817017800000000;-38,590763000000000
307605;18;2;2017;14:59;25069;AV DOS EXPEDICIONARIOS;RUA RAUL CABRAL;;0;;Colis?úo Transversal;Luz do Dia;Bom;Seca;Cruz;Sem?íforo;Comercial;0;1;1;1;0;0;0;0;0;1;0;0;-3,769609000000000;-38,542590000000000
307606;18;2;2017;16:14;9257;AV AGUANAMBI;RUA CEL PERGENTINO FERREIRA;;0;;Colis?úo Traseira;Luz do Dia;Bom;Seca;Cruz;Sem?íforo;Comercial;0;0;2;1;0;0;0;0;0;0;0;0;-3,748447000000000;-38,524254000000000
307607;18;2;2017;17:30;1490;RUA DES LEITE ALBUQUERQUE;RUA CEL JUCA;;0;;Colis?úo Transversal;Luz do Dia;Bom;Seca;Cruz;Pare;Residencial;0;0;4;1;0;0;0;0;0;0;0;0;-3,739711300000000;-38,491905000000000
307588;18;2;2017;17:20;0;AV FRANCISCO SA;;;7630;;Colis?úo Traseira;Luz do Dia;Bom;Seca;Meio de Quadra;N?úo H?í Controle;Residencial;0;0;2;1;0;0;0;0;0;0;0;0;-3,706364400000000;-38,586190000000000
307633;18;2;2017;21:11;25622;AV JOSE LEON;RUA BARRA NOVA;;0;;Colis?úo Transversal;Via Iluminada;Bom;Seca;T;N?úo H?í Controle;Residencial;0;1;1;1;0;0;0;0;0;0;0;0;-3,786617500000000;-38,506104000000000
307608;19;2;2017;06:07;0;AV JOAO PESSOA;AV EDUARDO GIRAO;;0;;Colis?úo Frontal;Via Iluminada;Nublado;Molhada;Meio de Quadra;Sem?íforo;Comercial;0;0;1;0;1;0;0;0;0;0;0;0;-3,745612900000000;-38,543450000000000
307609;19;2;2017;07:05;9131;AV 13 DE MAIO;RUA BAR ARATANHA;;0;;Colis?úo Traseira;Luz do Dia;Chuva;Molhada;Cruz;Sem?íforo;Comercial;0;0;2;1;0;0;0;0;0;0;0;0;-3,747846600000000;-38,531155000000000
307610;19;2;2017;07:30;0;RUA PERNAMBUCO;;;1941;;Colis?úo Traseira;Luz do Dia;Chuva;Molhada;Rotat??ria;Pare;Comercial;0;0;2;1;0;0;0;0;0;0;0;0;-3,754784800000000;-38,574444000000000
307611;19;2;2017;10:20;17370;RUA BAR SOBRAL;RUA ALM RUBIM;;0;;Colis?úo Transversal;Luz do Dia;Chuva;Molhada;Cruz;Pare;Comercial;0;1;1;1;0;0;0;0;0;0;0;0;-3,766570800000000;-38,555065000000000
307612;19;2;2017;13:49;23751;RUA LINS DO REGO;RUA SEIFERT;;0;;Colis?úo Transversal;Luz do Dia;Chuva;Molhada;Cruz;Pare;Residencial;0;0;2;1;0;0;0;0;0;0;0;0;-3,783884300000000;-38,575718000000000
307613;19;2;2017;16:49;0;RUA 87 CJ JOSE WALTER;;;270;;Colis?úo Lateral;Luz do Dia;Nublado;Seca;Meio de Quadra;N?úo H?í Controle;Residencial;0;0;1;1;0;0;0;0;0;1;0;0;-3,834292700000000;-38,555733000000000
307615;19;2;2017;18:39;15336;RUA JOAQUIM NABUCO;RUA PEREIRA VALENTE;;0;;Colis?úo Transversal;Mal Iluminada;Bom;Seca;Meio de Quadra;Pare;Residencial;0;0;1;1;0;0;0;0;0;0;0;0;-3,731334200000000;-38,500080000000000
307616;19;2;2017;19:54;25125;RUA ROCHA LIMA;RUA DNA LEOPOLDINA;;0;;Colis?úo Transversal;Via Iluminada;Bom;Seca;Cruz;Gesto;Comercial;0;1;1;1;0;0;0;0;0;0;0;0;-3,736611000000000;-38,521420000000000
307617;19;2;2017;20:08;17265;RUA ALBERTO MAGNO;RUA SATIRO DIAS;;0;;Colis?úo Transversal;Via Iluminada;Bom;Seca;Cruz;Pare;Comercial;0;1;2;1;0;0;0;0;0;0;0;0;-3,762073300000000;-38,547670000000000
307618;19;2;2017;17:38;14668;RUA JUNIOR ROCHA;RUA DES AVELAR;;0;;Capotamento;Via Iluminada;Chuva;Molhada;Cruz;N?úo H?í Controle;Residencial;0;1;1;1;0;0;0;0;0;0;0;0;-3,794623600000000;-38,488010000000000
307619;19;2;2017;21:51;0;AV ENG HUMBERTO MONTE;;;1058;;Queda;Via Iluminada;Bom;Seca;Meio de Quadra;N?úo H?í Controle;Residencial;0;0;1;0;0;0;0;0;0;1;0;0;-3,749585600000000;-38,559845000000000
307620;19;2;2017;21:55;0;ET PAVUNA;;;887;;Colis?úo Lateral;Via Iluminada;Nublado;Seca;Meio de Quadra;N?úo H?í Controle;Comercial;0;0;2;1;0;0;0;0;0;0;0;0;-3,813063100000000;-38,557480000000000
304444;19;2;2017;13:30;0;AV JOR THOMAZ COELHO;;;3159;;Colis?úo Transversal;Luz do Dia;Chuva;Molhada;Meio de Quadra;N?úo H?í Controle;Comercial;0;0;2;1;0;0;0;0;0;0;0;0;-3,828967000000000;-38,522686000000000
304446;19;2;2017;03:20;0;RUA ESPIRITO SANTO;;;385;;Choque c/ Obst?ículo Fixo;Via Iluminada;Bom;Molhada;Meio de Quadra;Pare;Residencial;0;1;0;1;0;0;0;0;0;0;0;0;-3,751804000000000;-38,567474000000000
304424;19;2;2017;00:53;11285;RUA FRANCISCO GLICERIO;RUA CARLOS STUDART;;0;;Colis?úo Lateral;Via Iluminada;Bom;Seca;Cruz;Pare;Comercial;0;0;2;1;0;0;0;0;0;0;0;0;-3,796234000000000;-38,568900000000000
304429;19;2;2017;12:51;5062;RUA GAL SAMPAIO;RUA DR JOAO MOREIRA;;0;;Colis?úo Transversal;Luz do Dia;Chuva;Molhada;Cruz;Sem?íforo;Comercial;0;0;2;1;0;0;0;0;0;0;0;0;-3,722030000000000;-38,529364000000000
304457;19;2;2017;23:30;12173;AV CASTELO DE CASTRO;AV CAP GUTEMBERG BAUN;;0;;Colis?úo Lateral;Anoitecer;Nublado;Seca;Cruz;Sem?íforo;Comercial;0;2;1;1;0;0;0;0;0;0;0;0;-3,838809000000000;-38,521744000000000
304415;19;2;2017;10:40;10995;RUA ALM RUBIM;RUA 15 DE NOVEMBRO;;0;;Colis?úo Lateral Sentido Oposto;Luz do Dia;Bom;Molhada;Cruz;Pare;Comercial;0;0;2;1;0;0;0;0;0;0;0;0;-3,768907000000000;-38,555939000000000
304455;19;2;2017;00:01;3968;RUA DES PRAXEDES;RUA BAR CANINDE;;0;;Colis?úo Transversal;Via Iluminada;Bom;Seca;Cruz;Pare;Residencial;0;0;2;1;0;0;0;0;0;0;0;0;-3,759233000000000;-38,549763000000000
304461;19;2;2017;21:00;0;RUA DEP MATOSO FILHO;;;0;;Colis?úo Traseira;Via Iluminada;Bom;Seca;Meio de Quadra;N?úo H?í Controle;Residencial;0;0;2;1;0;0;0;0;0;0;0;0;;
304462;19;2;2017;11:20;7790;AV DES MOREIRA;AV PONTES VIEIRA;;0;;Colis?úo Lateral;Luz do Dia;Chuva;Molhada;Cruz;Sem?íforo;Comercial;0;0;2;1;0;0;0;0;0;0;0;0;-3,751526000000000;-38,503254000000000
304464;19;2;2017;21:14;21865;RUA GAL ALIPIO DOS SANTOS;RUA XXIX CIDADE OESTE;;0;;Colis?úo Lateral;Via Iluminada;Bom;Seca;Cruz;N?úo H?í Controle;Residencial;0;1;0;0;0;0;0;0;0;1;0;0;-3,732650000000000;-38,594649000000000
318698;19;2;2017;23:58;5099;AV TRISTAO GONCALVES;RUA SEN ALENCAR;;0;;Colis?úo;;;;Cruz;Pare;Comercial;0;1;1;0;0;0;0;0;0;1;0;0;-3,723524000000000;-38,532122000000000
318692;19;2;2017;21:28;9140;AV FELINO BARROSO;RUA CEL PERGENTINO FERREIRA;;0;;Colis?úo;;;;Cruz;Pare;Residencial;0;1;1;1;0;0;0;0;0;1;0;0;-3,749106000000000;-38,527957000000000
318694;19;2;2017;22:16;0;AV VICENTE DE CASTRO;;;0;;Queda;;;;Meio de Quadra;;;0;1;0;0;0;0;0;0;0;1;0;0;;
318695;19;2;2017;22:44;0;AV LEITE BARBOSA;;;180;;Colis?úo;;;;Meio de Quadra;;;0;1;0;0;0;0;0;0;0;0;0;0;;
318696;19;2;2017;22:50;0;RUA GAL BERNARDO FIGUEIREDO;;;0;;Atropelamento;;;;Meio de Quadra;;;0;1;1;1;0;0;0;0;0;0;0;0;;
318688;19;2;2017;20:59;0;RUA URUCUTUBA;;;2200;;Colis?úo;;;;Meio de Quadra;;;0;2;1;1;0;0;0;0;0;1;0;0;-3,798973000000000;-38,617806000000000
318689;19;2;2017;21:05;0;AV ENG HUMBERTO MONTE;;;0;;Colis?úo;;;;Meio de Quadra;;;0;1;0;0;0;0;0;0;0;0;0;0;;
318686;19;2;2017;20:30;0;RUA GONCALVES LEDO;;;436;;Atropelamento;;;;Meio de Quadra;;;0;1;1;1;0;0;0;0;0;0;0;0;-3,727746000000000;-38,515026000000000
318677;19;2;2017;18:54;0;RUA JULIO BRAGA;;;1000;;Colis?úo;;;;Meio de Quadra;;;0;1;1;0;0;0;0;0;0;1;0;0;;
318678;19;2;2017;18:59;0;AV AUGUSTO DOS ANJOS;;;1000;;Colis?úo;;;;Meio de Quadra;;;0;1;1;0;0;0;0;0;0;1;0;0;-3,776718000000000;-38,576139000000000
318679;19;2;2017;19:05;0;RUA CON DE CASTRO;;;4000;;Queda;;;;Meio de Quadra;;;0;1;0;0;0;0;0;0;0;1;0;0;-3,801227000000000;-38,588536000000000
318675;19;2;2017;17:59;0;AV DIOGUINHO;;;6280;;Colis?úo;Anoitecer;;;Meio de Quadra;;;0;2;0;0;0;0;0;0;0;0;0;0;-3,768985000000000;-38,439588000000000
318672;19;2;2017;17:27;0;AV BEIRA MAR;;;0;;Queda;Anoitecer;;;Meio de Quadra;;;0;1;0;0;0;1;0;0;0;0;0;0;;
318673;19;2;2017;17:34;0;RUA JUNIOR ROCHA;;;1260;;Colis?úo;Anoitecer;;;Meio de Quadra;;;0;1;1;1;0;0;0;0;0;0;0;0;;
318665;19;2;2017;17:26;0;AV PRO GOMES DE MATOS;;;0;;Atropelamento;Anoitecer;;;Meio de Quadra;;;0;1;1;1;0;0;0;0;0;0;0;0;;
318648;19;2;2017;13:33;0;AV GODOFREDO MACIEL;;;6060;;Atropelamento;Luz do Dia;;;Meio de Quadra;;;0;1;1;1;0;0;0;0;0;0;0;0;-3,827055000000000;-38,579687000000000
318649;19;2;2017;13:50;0;AV SEN CARLOS JEREISSATI (AEROPORTO);;;0;;Queda;Luz do Dia;;;Meio de Quadra;;;0;1;0;0;0;1;0;0;0;0;0;0;;
318625;19;2;2017;05:09;0;AV PERIMETRAL;;;0;;Queda;Amanhecer;;;Meio de Quadra;;;0;1;0;0;0;0;0;0;0;1;0;0;;
318627;19;2;2017;06:18;0;AV DR THEBERGE;;;3000;;Queda;Luz do Dia;;;Meio de Quadra;;;0;1;0;0;0;1;0;0;0;0;0;0;-3,727839000000000;-38,569248000000000
318632;19;2;2017;06:31;25102;AV FILOMENO GOMES;AV FRANCISCO SA;;0;;Queda;Luz do Dia;;;Cruz;Sem?íforo;Escola;0;1;0;0;0;0;0;0;0;1;0;0;;
318633;19;2;2017;09:55;17370;RUA BAR SOBRAL;RUA ALM RUBIM;;0;;Colis?úo;Luz do Dia;;;Cruz;Pare;Comercial;0;1;0;0;0;0;0;0;0;0;0;0;-3,766572000000000;-38,554972000000000
318635;19;2;2017;10:02;10101;RUA MARIA JULIA;RUA NEREIDE;;0;;Colis?úo;Luz do Dia;;;Cruz;N?úo H?í Controle;Residencial;0;1;1;1;0;1;0;0;0;0;0;0;-3,787683000000000;-38,598438000000000
318636;19;2;2017;11:04;0;AV PERIMETRAL;;;0;MADEIREIRA SAO LUIS;Colis?úo;Luz do Dia;;;Meio de Quadra;;;0;1;0;0;0;0;0;0;0;0;0;0;;
298247;19;2;2017;05:30;0;RUA JOSE HIPOLITO;;;1500;;Colis?úo Transversal;Amanhecer;;;Meio de Quadra;;;1;1;1;1;0;0;0;0;0;0;0;0;-3,837378400000000;-38,482959400000000
317182;19;2;2017;06:20;0;RD CE-040;;;0;KM-07;Colis?úo;Luz do Dia;Bom;Seca;Meio de Quadra;;;0;1;2;1;0;0;0;0;0;1;0;0;-3,817159445000000;-38,483032860000000
317185;19;2;2017;04:40;0;RD CE-040;;;0;KM-08;Choque c/ Obst?ículo Fixo;;Bom;Seca;Meio de Quadra;;;0;0;1;1;0;0;0;0;0;0;0;0;-3,825515822000000;-38,481538320000000
317188;20;2;2017;14:00;0;RD CE-060;;;0;KM-03;Colis?úo;Luz do Dia;Bom;Seca;Meio de Quadra;;;0;0;2;1;0;0;0;0;0;0;0;0;-3,843038000000000;-38,585133000000000
325498;20;2;2017;08:00;0;RD BR 116;;;4000;KM-04;Colis?úo Transversal;Luz do Dia;;Molhada;Meio de Quadra;;;0;0;2;1;0;0;0;1;0;0;0;0;-3,788331000000000;-38,510646000000000
318699;20;2;2017;01:12;0;AV JOAO PESSOA;;;0;;Colis?úo;;;;Meio de Quadra;;;0;1;1;1;0;0;0;0;0;1;0;0;;
318700;20;2;2017;03:34;10993;RUA BAR CANINDE;RUA 15 DE NOVEMBRO;;0;;Colis?úo;;;;Cruz;Sem?íforo;Residencial;0;1;1;1;0;0;0;0;0;1;0;0;-3,768608000000000;-38,556768000000000
318709;20;2;2017;09:28;12620;RUA COS LAFAYETE;RUA TULIPA;;0;;Colis?úo;Luz do Dia;;;T;Pare;Residencial;0;1;0;0;0;0;0;0;0;0;0;0;-3,718159000000000;-38,580936000000000
318705;20;2;2017;06:38;7141;AV PRS CASTELO BRANCO;RUA FRANCISCO CALACA;;0;;Colis?úo;Luz do Dia;;;Cruz;Pare;Residencial;0;1;1;1;0;0;0;0;0;1;0;0;-3,707642000000000;-38,570498000000000
318706;20;2;2017;07:49;0;AV MOZART PINHEIRO DE LUCENA;;;910;;Colis?úo;Luz do Dia;;;Meio de Quadra;;;0;2;1;1;0;0;0;0;0;1;0;0;-3,710819000000000;-38,593530000000000
318707;20;2;2017;08:06;0;AV PERIMETRAL;;;3475;;Queda;Luz do Dia;;;Meio de Quadra;;;0;1;0;0;0;0;0;0;0;1;0;0;;
318714;20;2;2017;12:02;0;RUA BELEM;;;800;;Colis?úo;Luz do Dia;;;Meio de Quadra;;;0;1;1;1;0;0;0;0;0;1;0;0;-3,761840000000000;-38,594667000000000
318711;20;2;2017;10:53;0;RUA CON DE CASTRO;;;1324;;Atropelamento;Luz do Dia;;;Meio de Quadra;;;0;1;1;1;0;0;0;0;0;0;0;0;-3,783279000000000;-38,571839000000000
318719;20;2;2017;12:07;0;AV PRS CASTELO BRANCO;;;966;;Colis?úo;Luz do Dia;;;Meio de Quadra;;;0;1;1;1;0;0;0;0;0;1;0;0;-3,718697500000000;-38,533502800000000
318727;20;2;2017;17:17;0;RUA DNA LEOPOLDINA;;;0;;Colis?úo;Anoitecer;;;Meio de Quadra;;;0;1;1;1;0;0;0;0;0;1;0;0;;
318728;20;2;2017;17:42;15699;RUA GUILHERME PESSOA;RUA MEM DE SA;;0;;Queda;Anoitecer;;;Cruz;Pare;Residencial;0;1;0;0;0;0;0;0;0;1;0;0;-3,827417000000000;-38,485338000000000
318729;20;2;2017;17:44;0;RUA VITAL BRASIL;;;2054;;Colis?úo;Anoitecer;;;Meio de Quadra;;;0;1;0;0;0;0;0;0;0;0;0;0;-3,777712000000000;-38,599103000000000
318730;20;2;2017;18:02;0;RUA DNA LEOPOLDINA;;;827;;Colis?úo;Anoitecer;;;Meio de Quadra;;;0;2;1;1;0;0;0;0;0;1;0;0;-3,732440000000000;-38,519903000000000
318731;20;2;2017;18:26;0;RUA RAUL CABRAL;;;733;;Colis?úo;Anoitecer;;;Meio de Quadra;;;0;1;0;0;0;0;0;0;0;0;0;0;-3,768575000000000;-38,545212000000000
318732;20;2;2017;18:29;24347;AV LUCIANO CARNEIRO;RUA DES PRAXEDES;;0;;Colis?úo;Anoitecer;;;Outros;Sem?íforo;Comercial;0;1;0;1;0;0;0;0;0;1;0;0;-3,764934000000000;-38,536679000000000
318734;20;2;2017;18:40;0;AV PERIMETRAL;;;1801;;Atropelamento;;;;Meio de Quadra;;;0;1;1;1;0;0;0;0;0;0;0;0;;
318721;20;2;2017;17:11;0;AV N CJ CEARA;;;0;;Colis?úo;Anoitecer;;;Meio de Quadra;;;0;1;1;1;0;0;0;0;0;1;0;0;;
318736;20;2;2017;18:46;0;RUA RAUL CABRAL;;;0;;Colis?úo;;;;Meio de Quadra;;;0;1;1;1;0;0;0;0;0;1;0;0;;
318737;20;2;2017;18:57;0;AV DOS EXPEDICIONARIOS;;;9976;;Colis?úo;;;;Meio de Quadra;;;0;1;1;1;0;0;0;0;0;1;0;0;-3,805869200000000;-38,553967600000000
318738;20;2;2017;19:41;1257;RUA COSTA BARROS;RUA SILVA PAULET;;0;;Atropelamento;;;;Cruz;Pare;Residencial;0;1;1;1;0;0;0;0;0;0;0;0;-3,732565000000000;-38,504799000000000
318739;20;2;2017;19:41;0;AV LUCIANO CARNEIRO;;;1908;;Atropelamento;;;;Meio de Quadra;;;0;1;1;1;0;0;0;0;0;0;0;0;-3,764856000000000;-38,536654000000000
318750;20;2;2017;19:47;0;AV JOR JOAO RAMOS;;;1787;;Colis?úo;;;;Meio de Quadra;;;0;1;0;0;0;0;0;0;0;0;0;0;-3,842120000000000;-38,572638000000000
318752;20;2;2017;21:01;0;AV H CJ CEARA;;;0;;Colis?úo;;;;Meio de Quadra;;;0;1;1;1;0;0;0;0;0;1;0;0;;
318753;20;2;2017;21:22;0;AV LINEU MACHADO;;;1381;;Colis?úo;;;;Meio de Quadra;;;0;1;1;1;0;0;0;0;0;1;0;0;-3,771497000000000;-38,579808000000000
318754;20;2;2017;21:59;15244;RUA JOSE VILAR;RUA DEP MOREIRA DA ROCHA;;0;;Colis?úo;;;;Cruz;Pare;Residencial;0;1;0;0;0;0;0;0;0;0;0;0;-3,727832000000000;-38,502113000000000
304465;20;2;2017;07:00;42;RUA PRO JOSE LEITE GONDIM;RUA HUGO VITOR;;0;;Colis?úo Lateral;Luz do Dia;Nublado;Molhada;Cruz;Outros;Residencial;0;2;0;1;0;0;1;0;0;0;0;0;-3,741822000000000;-38,591306000000000
304463;20;2;2017;15:00;0;AV MOZART PINHEIRO DE LUCENA;;;1963;;Colis?úo Traseira;Luz do Dia;Nublado;Seca;Meio de Quadra;N?úo H?í Controle;Residencial;0;2;0;1;0;0;0;0;0;0;0;0;-3,719513000000000;-38,596045000000000
304460;20;2;2017;22:10;0;AV BAR STUDART;;;1127;;Choque c/ Obst?ículo Fixo;Via Iluminada;Bom;Seca;Meio de Quadra;N?úo H?í Controle;Residencial;0;1;0;0;1;0;0;0;0;0;0;0;-3,734613000000000;-38,506628000000000
304474;20;2;2017;10:50;0;AV CASTELO DE CASTRO;;;945;;Colis?úo Lateral;Luz do Dia;Nublado;Seca;Meio de Quadra;Outros;Comercial;0;2;0;0;0;0;0;0;0;1;0;0;-3,838120000000000;-38,521723000000000
304475;20;2;2017;07:30;0;AV AMERICO BARREIRA;;;5899;;Colis?úo Traseira;Luz do Dia;Chuva;Molhada;Meio de Quadra;D?¬ Prefer?¬ncia;Comercial;0;2;0;1;0;0;0;1;0;0;0;0;;
304476;20;2;2017;12:00;15246;RUA CARLOS VASCONCELOS;RUA TEN BENEVOLO;;0;;Colis?úo Lateral;Luz do Dia;Nublado;Seca;Cruz;Sem?íforo;Residencial;0;2;0;1;0;0;0;0;0;0;0;0;-3,727989000000000;-38,509174000000000
304477;20;2;2017;18:20;0;RUA COSTA BARROS;;;854;;Colis?úo Traseira;Via Iluminada;Bom;Seca;Meio de Quadra;Outros;Comercial;0;2;0;1;0;0;0;0;0;1;0;0;-3,728780000000000;-38,516408000000000
304478;20;2;2017;10:40;5099;AV TRISTAO GONCALVES;RUA SEN ALENCAR;;0;;Colis?úo Lateral;Luz do Dia;Nublado;Molhada;Cruz;Pare;Comercial;0;2;0;1;0;0;1;0;0;0;0;0;-3,723524000000000;-38,532122000000000
304479;20;2;2017;15:40;15359;RUA PEREIRA VALENTE;RUA VICENTE LEITE;;0;;Colis?úo Lateral;Luz do Dia;Nublado;Seca;Cruz;Pare;Residencial;0;2;0;1;0;0;0;0;0;1;0;0;-3,733201000000000;-38,494152000000000
304470;20;2;2017;14:30;12068;AV CASTELO DE CASTRO;AV MON AMARILIO RODRIGUES;;0;;Colis?úo Frontal;Luz do Dia;Bom;Seca;Cruz;Sem?íforo;Comercial;0;2;0;1;0;0;0;0;0;0;0;0;-3,835217000000000;-38,521635000000000
304471;20;2;2017;06:30;7752;AV JOAO PESSOA;AV CARNEIRO DE MENDONCA;;0;;Colis?úo Lateral;Luz do Dia;Nublado;Molhada;Cruz;Sem?íforo;Comercial;0;2;0;1;1;0;0;0;0;0;0;0;-3,767222000000000;-38,559808000000000
304452;20;2;2017;16:30;13070;AV JOAO DE ARAUJO LIMA;AV C CJ JOSE WALTER;;0;;Colis?úo Traseira;Luz do Dia;Bom;Seca;T;Sem?íforo;Residencial;0;2;0;1;0;0;0;0;0;1;0;0;-3,827604000000000;-38,559368000000000
304453;20;2;2017;22:00;15244;RUA DEP MOREIRA DA ROCHA;RUA JOSE VILAR;;0;;Colis?úo Transversal;Via Iluminada;Bom;Seca;Cruz;Pare;Residencial;0;2;0;1;0;0;0;0;0;0;0;0;-3,727832000000000;-38,502113000000000
307621;20;2;2017;07:52;4020;AV PRO GOMES DE MATOS;RUA SAMUEL UCHOA;;0;;Colis?úo Lateral;Luz do Dia;Nublado;Seca;Cruz;Sem?íforo;Comercial;0;0;2;1;1;0;0;0;0;0;0;0;-3,757181000000000;-38,542370000000000
307622;20;2;2017;07:35;5450;RUA ANTONIO POMPEU;RUA MAJ FACUNDO;;0;;Colis?úo Transversal;Luz do Dia;Nublado;Seca;Cruz;Pare;Comercial;0;1;1;1;0;0;0;0;0;1;0;0;-3,734834400000000;-38,530190000000000
307634;20;2;2017;14:53;15242;RUA SILVA JATAHY;RUA OSVALDO CRUZ (ALDEOTA);;0;;Colis?úo Transversal;Luz do Dia;Bom;Seca;Cruz;Pare;Residencial;0;0;5;1;0;0;0;0;0;1;0;0;-3,727898000000000;-38,497814000000000
307635;20;2;2017;15:10;12930;RUA EUSEBIO DE SOUZA;AV DOMINGOS OLIMPIO;;0;;Colis?úo Lateral;Luz do Dia;Bom;Seca;Cruz;Pare;Comercial;0;0;2;1;0;0;0;0;0;0;0;0;-3,738530200000000;-38,525350000000000
307636;20;2;2017;15:55;23041;RUA BRUNO VALENTE;AV DR SILAS MUNGUBA;;0;;Colis?úo Transversal;Luz do Dia;Bom;Seca;Cruz;Pare;Comercial;0;0;2;1;0;0;0;0;0;0;0;0;-3,790452500000000;-38,540020000000000
307637;20;2;2017;18:00;15195;AV ABOLICAO;RUA JOSE NAPOLEAO;;0;;Colis?úo Lateral;Via Iluminada;Bom;Seca;Cruz;Pare;Residencial;0;1;1;1;0;0;0;0;0;1;0;0;-3,726680000000000;-38,490320000000000
307638;20;2;2017;19:02;0;AV PRS COSTA E SILVA;;;1801;;Atropelamento;Via Iluminada;Bom;Seca;Meio de Quadra;N?úo H?í Controle;Residencial;0;1;1;0;1;0;0;0;0;0;0;0;-3,818299300000000;-38,563976000000000
307639;20;2;2017;19:50;0;AV JOSE BASTOS;;;3612;;Colis?úo Traseira;Via Iluminada;Bom;Seca;Meio de Quadra;N?úo H?í Controle;Comercial;0;1;1;1;0;0;0;0;0;1;0;0;-3,750687800000000;-38,551220000000000
307640;20;2;2017;19:50;0;RUA BERNARDO MANUEL;;;9465;;Colis?úo Lateral;Via Iluminada;Bom;Seca;Meio de Quadra;Sem?íforo;Comercial;0;0;2;1;1;0;0;0;0;0;0;0;-3,802557200000000;-38,552720000000000
307641;20;2;2017;18:58;22940;RUA BERNARDO MANUEL;RUA JAPI;;0;;Colis?úo Transversal;Via Iluminada;Bom;Seca;Cruz;Pare;Comercial;0;1;1;1;0;0;0;0;0;1;0;0;-3,784026400000000;-38,546818000000000
307642;20;2;2017;09:20;12926;RUA JOAO BRIGIDO;AV VIS RIO BRANCO;;0;;Colis?úo Lateral;Luz do Dia;Chuva;Molhada;Cruz;Sem?íforo;Comercial;0;0;2;1;0;0;0;0;0;0;0;0;-3,738645800000000;-38,524017000000000
307624;20;2;2017;09:26;0;AV DOMINGOS OLIMPIO;;;591;;Colis?úo Transversal;Luz do Dia;Chuva;Molhada;Meio de Quadra;N?úo H?í Controle;Comercial;0;0;2;1;1;0;0;0;0;0;0;0;-3,737409000000000;-38,529300000000000
307625;20;2;2017;08:35;6721;AV ENG SANTANA JUNIOR;RUA BENTO ALBUQUERQUE;;0;;Colis?úo Transversal;Luz do Dia;Chuva;Molhada;Cruz;Sem?íforo;Comercial;0;0;2;1;0;0;0;0;0;0;0;0;-3,742577600000000;-38,486300000000000
307626;20;2;2017;10:17;1312;AV DOM LUIS;RUA LEONARDO MOTA;;0;;Colis?úo Traseira;Luz do Dia;Nublado;Molhada;Cruz;Sem?íforo;Comercial;0;0;2;1;0;0;0;0;0;0;0;0;-3,733934400000000;-38,495330000000000
307627;20;2;2017;08:20;1456;AV SANTOS DUMONT;RUA CEL JUCA;;0;;Colis?úo Transversal;Luz do Dia;Chuva;Molhada;Cruz;Sem?íforo;Comercial;0;0;3;1;0;0;0;0;0;0;0;0;-3,738435500000000;-38,491264000000000
307628;20;2;2017;08:00;12620;RUA COS LAFAYETE;RUA TULIPA;;0;;Colis?úo Transversal;Luz do Dia;Nublado;Molhada;T;Pare;Residencial;0;0;1;1;0;1;0;0;0;0;0;0;-3,718193000000000;-38,580975000000000