COD_ACIDENTE;DIA;MES;ANO;HORA;INTERSECAO;LOG1;LOG2;LOG3;NUMERO;REFERENCIA;NATUREZA;ILUMINACAO;TEMPO;SUPERFICIEPISTA;TIPOCRUZAMENTO;CONTROLETRAFEGO;USOSOLO;MORTOS;FERIDOS;ILESOS;AUTOMOVEL;ONIBUS;BICICLETA;CAMINHAO;MICROONIBUS;CICLOMOTOR;MOTOCICLETA;TRACAOANIMAL;TREM;LATITUDE;LONGITUDE
307629;20;2;2017;11:07;0;AV PRS JUSCELINO KUBITSCHEK (PASSAR?ë);;;3721;;Colis?úo Traseira;Luz do Dia;Nublado;Seca;Meio de Quadra;N?úo H?í Controle;Comercial;0;0;1;1;0;0;0;0;0;0;0;0;-3,815406800000000;-38,531094000000000
307653;20;2;2017;13:50;0;RUA 15 DE NOVEMBRO;RUA IPIRANGA D29;;0;;Colis?úo Traseira;Luz do Dia;Nublado;Seca;T;N?úo H?í Controle;Comercial;0;0;2;0;0;0;0;0;0;1;0;0;-3,767585800000000;-38,559616000000000
307683;20;2;2017;15:22;9129;AV 13 DE MAIO;RUA FLORIANO PEIXOTO;;0;;Colis?úo Transversal;Luz do Dia;Nublado;Seca;T;Pare;Comercial;0;0;2;1;0;0;0;0;0;0;0;0;-3,745867700000000;-38,533142000000000
307631;20;2;2017;11:30;7884;AV ANTONIO SALES;RUA VICENTE LEITE;;0;;Colis?úo Transversal;Luz do Dia;Nublado;Seca;Cruz;Pare;Comercial;0;0;2;1;0;0;0;0;0;0;0;0;-3,738022600000000;-38,506510000000000
307632;20;2;2017;13:15;0;AV 13 DE MAIO;;;825;;Colis?úo Traseira;Luz do Dia;Bom;Seca;Meio de Quadra;Sem?íforo;Comercial;0;0;2;1;0;0;0;0;0;0;0;0;-3,751503000000000;-38,527340000000000
307651;21;2;2017;16:20;10602;RUA ELISEU UCHOA BECCO;RUA SAMYA KARLA;;0;;Colis?úo Transversal;Luz do Dia;Nublado;Seca;T;Pare;Comercial;0;0;2;1;0;0;0;0;0;0;0;0;-3,758424300000000;-38,486607000000000
307652;21;2;2017;16:55;0;AV GOV RAUL BARBOSA;;;7506;;Colis?úo Lateral;Luz do Dia;Bom;Seca;Y;N?úo H?í Controle;Residencial;0;0;2;1;0;0;0;0;0;0;0;0;-3,777719300000000;-38,513820000000000
307654;21;2;2017;16:47;0;AV GOV RAUL BARBOSA;;;0;;Colis?úo Lateral;Luz do Dia;Bom;Seca;Y;N?úo H?í Controle;Comercial;0;0;2;1;0;0;0;0;0;0;0;0;-3,753251000000000;-38,546050000000000
307655;21;2;2017;19:16;0;AV SANTOS DUMONT;;;2565;;Colis?úo Lateral;Via Iluminada;Bom;Seca;Meio de Quadra;N?úo H?í Controle;Comercial;0;0;2;1;0;0;0;0;0;0;0;0;-3,735048500000000;-38,501860000000000
307656;21;2;2017;18:02;0;RUA TEODOMIRO DE CASTRO;;;6376;;Colis?úo Transversal;Via Iluminada;Bom;Seca;Meio de Quadra;N?úo H?í Controle;Comercial;0;1;1;1;0;0;0;0;0;1;0;0;-3,716737700000000;-38,577343000000000
307657;21;2;2017;20:17;64;RUA PDE PERDIGAO SAMPAIO;RUA MARTINS NETO;;0;;Colis?úo Transversal;Luz do Dia;Bom;Seca;Cruz;Pare;Comercial;0;1;0;1;0;0;0;0;0;1;0;0;-3,741092400000000;-38,594420000000000
307658;21;2;2017;20:57;0;AV CEL CARVALHO;;;237;;Colis?úo Traseira;Via Iluminada;Bom;Seca;Meio de Quadra;Gesto;Comercial;0;0;3;1;0;0;0;0;0;0;0;0;-3,704523800000000;-38,591335000000000
307659;21;2;2017;21:46;0;AV AUGUSTO DOS ANJOS;;;160;;Colis?úo Lateral;Via Iluminada;Bom;Seca;Meio de Quadra;Sem?íforo;Comercial;0;0;2;1;0;0;0;0;0;0;0;0;-3,770605000000000;-38,570580000000000
307643;21;2;2017;08:40;0;AV FRANCISCO SA;;;4147;;Colis?úo Transversal;Luz do Dia;Nublado;Seca;Meio de Quadra;D?¬ Prefer?¬ncia;Comercial;0;0;2;1;1;0;0;0;0;0;0;0;-3,715955700000000;-38,561950000000000
307644;21;2;2017;09:30;0;RUA DEP OSWALDO STUDART;;;0;;Colis?úo Transversal;Luz do Dia;Chuva;Molhada;Meio de Quadra;D?¬ Prefer?¬ncia;Comercial;0;0;1;0;1;0;0;0;0;1;0;0;-3,755817700000000;-38,530080000000000
307645;21;2;2017;11:00;26077;AV DUQ CAXIAS;AV JOSE JATAHY;;0;;Colis?úo Lateral;Luz do Dia;Chuva;Molhada;Cruz;Pare;Comercial;0;0;2;1;0;0;0;0;0;0;0;0;-3,726645000000000;-38,545982000000000
307646;21;2;2017;10:35;0;AV AMERICO BARREIRA;RUA RIO GRANDE DO NORTE;;0;;Colis?úo Traseira;Luz do Dia;Chuva;Molhada;Cruz;Sem?íforo;Comercial;0;0;0;1;0;0;0;0;0;0;0;0;-3,760763600000000;-38,564580000000000
307647;21;2;2017;14:36;0;RUA CARLOS VASCONCELOS;;;1661;;Colis?úo Lateral;Luz do Dia;Bom;Seca;Meio de Quadra;N?úo H?í Controle;Comercial;0;0;2;1;0;0;0;0;0;0;0;0;-3,736494000000000;-38,511900000000000
307648;21;2;2017;15:48;0;RUA BAR RIO BRANCO;;;2101;;Colis?úo Lateral;Luz do Dia;Nublado;Seca;Meio de Quadra;N?úo H?í Controle;Comercial;0;0;2;1;0;0;0;0;0;0;0;0;-3,736134000000000;-38,531420000000000
307649;21;2;2017;15:40;0;RUA SEN POMPEU;;;1963;;Colis?úo Transversal;Luz do Dia;Bom;Seca;T;N?úo H?í Controle;Comercial;0;0;2;1;0;0;0;0;0;0;0;0;-3,735774000000000;-38,532360000000000
304483;21;2;2017;17:20;0;AV ALBERTO CRAVEIRO;;;822;;Colis?úo Lateral;;Nublado;Seca;Meio de Quadra;N?úo H?í Controle;Comercial;0;2;0;0;0;0;1;0;0;0;0;0;-3,785395000000000;-38,517093000000000
304487;21;2;2017;08:12;0;AV DOS EXPEDICIONARIOS;;;4164;;Colis?úo Lateral;Luz do Dia;Nublado;Molhada;Meio de Quadra;Sem?íforo;Comercial;0;2;0;0;1;0;0;0;0;0;0;0;-3,754948000000000;-38,538148000000000
304489;21;2;2017;14:25;25331;AV BENJAMIM BRASIL;ET PAVUNA;;0;;Colis?úo Transversal;Luz do Dia;Bom;Seca;Cruz;Pare;Comercial;0;2;0;1;0;0;0;0;0;1;0;0;-3,809073000000000;-38,556174000000000
304490;21;2;2017;15:47;0;AV PRO GOMES DE MATOS;;;468;;Colis?úo Lateral;Luz do Dia;Bom;Seca;Meio de Quadra;Pare;Comercial;0;2;0;1;1;0;0;0;0;0;0;0;-3,757654000000000;-38,542612000000000
304491;21;2;2017;12:40;4510;AV CESAR CALS;RUA PRO HENRIQUE FIRMEZA;;0;;Colis?úo Traseira;Luz do Dia;Bom;Seca;Cruz;;Residencial;0;2;0;1;0;0;0;0;0;0;0;0;-3,718659000000000;-38,465564000000000
304493;21;2;2017;19:30;15290;RUA JOAQUIM NABUCO;RUA CANUTO DE AGUIAR;;0;;Colis?úo Transversal;Via Iluminada;Bom;Seca;Cruz;Pare;Residencial;0;2;0;1;0;0;0;0;0;0;0;0;-3,729360000000000;-38,499390000000000
304496;21;2;2017;15:00;19732;RUA GUSTAVO SAMPAIO;RUA TIP SALES;;0;;Colis?úo;Luz do Dia;Bom;Seca;Cruz;Pare;Residencial;0;2;0;1;0;0;0;0;0;1;0;0;-3,737013000000000;-38,564917000000000
304480;21;2;2017;10:00;0;AV PRS COSTA E SILVA;;;521;;Colis?úo Traseira;Luz do Dia;Chuva;Molhada;Meio de Quadra;Sem?íforo;Residencial;0;2;0;1;0;0;0;0;0;0;0;0;-3,822084000000000;-38,555090000000000
304481;21;2;2017;14:30;5171;RUA FLORIANO PEIXOTO;RUA SEN ALENCAR;;0;;Colis?úo Traseira;Luz do Dia;Bom;Seca;Cruz;Pare;Comercial;0;2;0;1;0;0;0;0;0;1;0;0;-3,725312000000000;-38,526444000000000
304498;21;2;2017;16:30;13594;RUA CAP GUSTAVO;AV PONTES VIEIRA;;0;;Colis?úo Lateral;Luz do Dia;Bom;Seca;Cruz;Sem?íforo;Comercial;0;2;0;1;0;0;0;0;0;0;0;0;-3,753153000000000;-38,517125000000000
304499;21;2;2017;21:14;0;RUA BENI DE CARVALHO;;;1011;;Choque c/ Obst?ículo Fixo;Via Iluminada;Bom;Seca;Meio de Quadra;;Escola;0;1;0;1;0;0;0;0;0;0;0;0;-3,747189171000000;-38,491168173000000
304501;21;2;2017;10:00;0;AV JOSE BASTOS;;;5113;;Colis?úo Traseira;Luz do Dia;Chuva;Molhada;Outros;N?úo H?í Controle;Comercial;0;2;0;1;0;0;0;0;0;0;0;0;-3,757774000000000;-38,562297000000000
304503;21;2;2017;18:25;8000;AV JOAO PESSOA;RUA DELMIRO FARIAS;;0;;Colis?úo Transversal;Via Iluminada;Bom;Seca;Cruz;Pare;Comercial;0;2;0;1;0;0;0;0;0;0;0;0;-3,750275000000000;-38,547538000000000
318755;21;2;2017;06:02;13937;RUA IEDA PEREIRA;RUA VER PEDRO PAULO MOREIRA;;0;;Colis?úo;Luz do Dia;;;Cruz;Pare;Comercial;0;1;1;1;0;0;0;0;0;1;0;0;-3,787070000000000;-38,488151000000000
318756;21;2;2017;07:55;0;RUA STA EFIGENIA;;;131;;Colis?úo;Luz do Dia;;;Meio de Quadra;;;0;1;0;0;0;0;0;0;0;0;0;0;-3,833397000000000;-38,500571000000000
318765;21;2;2017;17:21;12666;AV CEL CARVALHO;RUA ROSINHA SAMPAIO;;0;;Colis?úo;Anoitecer;;;Cruz;N?úo H?í Controle;Comercial;0;1;0;0;0;0;0;0;0;0;0;0;-3,726938000000000;-38,585413000000000
318759;21;2;2017;09:40;0;RUA DEP OSWALDO STUDART;;;600;;Colis?úo;Luz do Dia;;;Meio de Quadra;;;0;1;0;0;0;0;0;0;0;0;0;0;-3,755541800000000;-38,530395600000000
318760;21;2;2017;11:34;0;AV JOSE BASTOS;;;3504;;Colis?úo;Luz do Dia;;;Meio de Quadra;;;0;1;1;1;0;0;0;0;0;1;0;0;-3,749551000000000;-38,550013000000000
318761;21;2;2017;13:25;0;RUA COS LAFAYETE;;;615;;Queda;Luz do Dia;;;Meio de Quadra;;;0;1;0;0;0;1;0;0;0;0;0;0;-3,718077700000000;-38,583689200000000
318762;21;2;2017;14:30;3880;RUA SEN POMPEU;RUA OLIVIO CAMARA;;0;;Colis?úo;Luz do Dia;;;Cruz;Pare;Residencial;0;1;1;0;0;0;0;0;0;1;0;0;-3,737737000000000;-38,532902000000000
318763;21;2;2017;16:35;0;RUA PRO JOSE LEITE GONDIM;;;1525;;Colis?úo;Luz do Dia;;;Meio de Quadra;;;0;1;1;1;0;0;0;0;0;1;0;0;;
318775;21;2;2017;17:41;0;RUA NEREIDE;;;355;;Colis?úo;Anoitecer;;;Meio de Quadra;;;0;1;1;1;0;0;0;0;0;1;0;0;;
318786;21;2;2017;20:30;0;RUA BENI DE CARVALHO;;;0;;Choque c/ Obst?ículo Fixo;;;;Meio de Quadra;;;0;1;0;1;0;0;0;0;0;0;0;0;;
318778;21;2;2017;17:49;0;RUA DOM QUINTINO;;;1152;;Colis?úo;Anoitecer;;;Meio de Quadra;;;0;1;0;0;0;0;0;0;0;0;0;0;-3,710152000000000;-38,558867000000000
318779;21;2;2017;17:53;0;RD BR 116;;;14000;KM-14;Colis?úo Lateral;Anoitecer;;Seca;Meio de Quadra;;;0;1;1;0;0;0;1;0;0;1;0;0;-3,873523000000000;-38,499242000000000
318789;21;2;2017;21:13;0;RUA EMILIO DE MENESES;;;0;;Colis?úo;;;;Meio de Quadra;;;0;1;0;0;0;0;0;0;0;0;0;0;;
318791;21;2;2017;22:46;15269;RUA TEN BENEVOLO;AV RUI BARBOSA;;0;;Queda;;;;Cruz;Sem?íforo;Residencial;0;1;0;0;0;0;0;0;0;1;0;0;-3,728685000000000;-38,507048000000000
317197;21;2;2017;07:10;0;RD CE-025;;;0;KM-06;Capotamento;Luz do Dia;Bom;Seca;Meio de Quadra;;;0;0;3;0;0;0;0;0;0;0;0;0;-3,810983084000000;-38,427081010000000
317193;21;2;2017;08:27;0;AV SEN CARLOS JEREISSATI (AEROPORTO);;;0;KM 0;Colis?úo;Luz do Dia;Bom;Seca;Meio de Quadra;;;0;0;2;1;0;0;1;0;0;0;0;0;-3,784360000000000;-38,518098000000000
317199;21;2;2017;;0;RD CE-040;;;0;KM-05;Colis?úo;;Bom;Seca;Meio de Quadra;;;0;0;3;1;0;0;0;0;0;0;0;0;-3,800595823000000;-38,479534630000000
317200;21;2;2017;16:55;0;RD CE-040;;;0;KM-03;Colis?úo;Luz do Dia;Bom;Seca;Meio de Quadra;;;0;0;3;1;0;0;0;0;0;0;0;0;-3,782614325000000;-38,481083900000000
318805;22;2;2017;07:32;0;AV SGT HERMINIO SAMPAIO;;;1575;;Colis?úo;Luz do Dia;;;Meio de Quadra;;;0;1;0;0;0;0;0;0;0;0;0;0;-3,725319000000000;-38,554775000000000
318806;22;2;2017;07:33;0;RUA CAP OLAVO;;;229;;Colis?úo;Luz do Dia;;;Meio de Quadra;;;0;1;0;1;0;0;0;0;0;1;0;0;-3,764280000000000;-38,516094000000000
318801;22;2;2017;06:03;0;AV PRS COSTA E SILVA;;;2217;;Queda;Luz do Dia;;;Meio de Quadra;;;0;1;0;0;0;0;0;0;0;1;0;0;-3,819504000000000;-38,561695000000000
318802;22;2;2017;07:02;0;AV AUGUSTO DOS ANJOS;;;1915;;Queda;Luz do Dia;;;Meio de Quadra;;;0;1;0;0;0;0;0;0;0;1;0;0;-3,782139000000000;-38,580876000000000
318803;22;2;2017;07:16;10830;RUA PDE SA LEITAO;RUA PORTO ALEGRE;;0;;Colis?úo;Luz do Dia;;;;;;0;1;0;1;0;0;0;0;0;1;0;0;-3,764452000000000;-38,582727000000000
318881;22;2;2017;06:32;0;AV DIOGUINHO;;;5530;;Colis?úo;Luz do Dia;;;Meio de Quadra;;;0;1;0;0;0;0;0;0;0;0;0;0;-3,760008000000000;-38,443961000000000
318879;22;2;2017;21:40;0;AV DR SILAS MUNGUBA;;;3060;;Colis?úo;;;;Meio de Quadra;;;0;1;0;0;0;0;0;0;0;0;0;0;-3,788355000000000;-38,546103000000000
318877;22;2;2017;21:14;0;RUA BERNARDO MANUEL;;;13776;;Colis?úo;;;;Meio de Quadra;;;0;1;0;0;0;0;0;0;0;1;0;0;-3,838574000000000;-38,563700000000000
318874;22;2;2017;20:09;23644;RUA BAR CRATO;RUA DR GILBERTO CAMARA;;0;;Colis?úo;;;;Cruz;Pare;Residencial;0;1;0;1;0;0;0;0;0;1;0;0;-3,722266000000000;-38,563395000000000
318872;22;2;2017;19:48;2523;RUA TULIPA;AV FRANCISCO SA;;0;;Colis?úo;;;;T;Pare;Comercial;0;1;0;0;0;0;0;0;0;0;0;0;-3,710359000000000;-38,577954000000000
318858;22;2;2017;17:21;0;AV GENIBAU;;;81;;Colis?úo;Anoitecer;;;Meio de Quadra;;;0;1;0;1;0;0;0;0;0;1;0;0;-3,748792259000000;-38,596541461000000
318859;22;2;2017;17:28;0;AV ABOLICAO;;;306836;;Colis?úo;Anoitecer;;;Meio de Quadra;;;0;1;0;1;0;0;0;0;0;1;0;0;-3,725999300000000;-38,499482600000000
318852;22;2;2017;17:11;15701;RUA GUILHERME PESSOA;RUA BRAS VIDAL;;0;;Colis?úo;Anoitecer;;;Cruz;Pare;Residencial;0;1;0;0;0;0;0;0;0;1;0;0;-3,827579000000000;-38,484005000000000
318845;22;2;2017;16:03;20042;AV ALBERTO CRAVEIRO;AV DR SILAS MUNGUBA;;0;;Colis?úo;Luz do Dia;;;;;;0;1;0;0;0;0;0;0;0;0;0;0;-3,807229000000000;-38,524782000000000
318848;22;2;2017;16:52;23500;RUA PRO CARVALHO;RUA CARVALHO JUNIOR;;0;;Colis?úo;Luz do Dia;;;Cruz;Pare;Residencial;0;1;0;0;0;0;0;0;0;1;0;0;-3,758815000000000;-38,513754000000000
318816;22;2;2017;11:19;0;RUA PDE PEDRO DE ALENCAR;;;1619;;Outros;Luz do Dia;;;Meio de Quadra;;;0;1;0;0;0;0;0;0;0;0;0;0;-3,842169000000000;-38,494319000000000
318817;22;2;2017;11:22;25055;RUA BENJAMIM FRANKLIN;AV DR SILAS MUNGUBA;;0;;Atropelamento;Luz do Dia;;;;;;0;1;0;0;0;0;0;0;0;1;0;0;;
318811;22;2;2017;10:49;0;RUA MARIA GOMES DE SA;;;0;;;Luz do Dia;;;;;;0;1;0;0;0;0;0;0;0;1;0;0;;
318808;22;2;2017;07:38;0;AV SGT HERMINIO SAMPAIO;;;1607;;Colis?úo;Luz do Dia;;;Meio de Quadra;;;0;1;0;0;0;0;0;0;0;0;0;0;-3,725365000000000;-38,555070000000000
318836;22;2;2017;14:10;0;RUA ALEXANDRE BARAUNA;;;39;;Colis?úo;Luz do Dia;;;Meio de Quadra;;;0;1;0;1;0;0;0;0;0;1;0;0;-3,753433000000000;-38,545680000000000
304505;22;2;2017;18:00;25121;RUA FIRMINO ROCHA AGUIAR;RUA ELISEU UCHOA BECCO;;0;;Colis?úo Frontal;Via Iluminada;Bom;Seca;Cruz;N?úo H?í Controle;Comercial;0;3;0;1;0;0;0;0;0;1;0;0;-3,763391000000000;-38,486120000000000
304506;22;2;2017;21:00;23644;RUA BAR CRATO;RUA DR GILBERTO CAMARA;;0;;Colis?úo Transversal;Via Iluminada;Bom;Seca;Cruz;Pare;Residencial;0;2;0;1;0;0;0;0;0;1;0;0;-3,722266000000000;-38,563395000000000
304555;22;2;2017;10:15;0;AV SANTOS DUMONT;;;3636;;Colis?úo Lateral;Luz do Dia;Bom;Seca;Outros;Sem?íforo;Comercial;0;2;0;1;0;0;0;0;0;0;0;0;-3,738413000000000;-38,491608000000000
304550;22;2;2017;22:04;15269;RUA TEN BENEVOLO;AV RUI BARBOSA;;0;;Colis?úo Transversal;Via Iluminada;Nublado;Seca;Cruz;Sem?íforo;Residencial;0;1;1;0;0;0;0;0;0;1;0;0;-3,728685000000000;-38,507048000000000
304546;22;2;2017;00:00;3419;AV JOAO PESSOA;RUA MIGUEL GONCALVES;;0;;Colis?úo Transversal;Via Iluminada;Bom;Seca;Cruz;Pare;Residencial;0;2;0;1;0;0;0;0;0;1;0;0;-3,758710000000000;-38,555080000000000
304547;22;2;2017;13:50;0;RUA ALAMEDA OXOSSI;;;54;;Colis?úo Transversal;Luz do Dia;Bom;Seca;Meio de Quadra;Pare;Residencial;0;2;0;0;0;0;1;0;0;0;0;0;-3,778543000000000;-38,558109000000000
304543;22;2;2017;22:02;5109;AV ALBERTO NEPOMUCENO;RUA DR JOAO MOREIRA;;0;;Colis?úo Transversal;Luz do Dia;Bom;Seca;T;Sem?íforo;Comercial;0;1;1;1;0;0;0;1;0;0;0;0;-3,723737000000000;-38,524608000000000
304544;22;2;2017;16:50;0;RUA TEODOMIRO DE CASTRO;;;6143;;Colis?úo Lateral;Via Iluminada;Bom;Seca;Meio de Quadra;N?úo H?í Controle;Residencial;0;2;0;1;0;0;0;0;0;0;0;0;-3,717389000000000;-38,575344000000000
295286;22;2;2017;14:40;25194;RUA FIRMINO ROCHA AGUIAR;AV WASHINGTON SOARES;;0;;Colis?úo Transversal;Luz do Dia;;;T;Pare;Comercial;1;0;1;0;0;0;1;0;0;1;0;0;-3,763074000000000;-38,482729000000000
304583;22;2;2017;19:20;22940;RUA BERNARDO MANUEL;RUA JAPI;;0;;Colis?úo Frontal;Via Iluminada;Bom;Seca;Cruz;Pare;Comercial;0;1;1;1;0;0;0;0;0;1;0;0;-3,784073000000000;-38,546927000000000
304607;22;2;2017;08:20;10726;RUA PRO HERIBALDO COSTA;RUA CURITIBA;;0;;Colis?úo Transversal;Luz do Dia;Bom;Seca;Cruz;Outros;Residencial;0;2;0;0;0;0;0;0;0;1;0;0;-3,759992000000000;-38,583853000000000
304621;22;2;2017;08:00;11009;RUA EQUADOR;RUA JULIO VERNE;;0;;Colis?úo Lateral;Luz do Dia;Bom;Seca;Cruz;Pare;Residencial;0;3;0;1;0;0;1;0;0;1;0;0;-3,775427000000000;-38,552843000000000
304625;22;2;2017;09:20;0;RUA GAL SAMPAIO;;;1624;;Colis?úo Traseira;Luz do Dia;Bom;Seca;Meio de Quadra;Sem?íforo;;0;2;0;1;0;0;0;0;0;0;0;0;-3,732444000000000;-38,532422000000000
317283;22;2;2017;13:15;0;RD CE-040;;;0;KM-03;Colis?úo;Luz do Dia;Bom;Seca;Meio de Quadra;;;0;0;2;1;0;0;0;0;0;0;0;0;-3,782614325000000;-38,481083900000000
317295;22;2;2017;15:20;0;RD CE-040;;;0;KM-14;Colis?úo;Luz do Dia;Bom;Seca;Meio de Quadra;;;0;0;2;1;0;0;0;1;0;0;0;0;-3,752392518000000;-38,490747350000000
307660;22;2;2017;07:00;24340;RUA DES PRAXEDES;RUA SAO MATEUS D14;;0;;Colis?úo Transversal;Amanhecer;Nublado;Molhada;Cruz;Pare;Residencial;0;1;1;1;0;0;0;0;0;1;0;0;-3,764263400000000;-38,538660000000000
307661;22;2;2017;07:40;15353;RUA PEREIRA VALENTE;RUA BARBOSA DE FREITAS;;0;;Colis?úo Transversal;Luz do Dia;Bom;Seca;Cruz;Pare;Comercial;0;0;3;1;0;0;0;0;0;0;0;0;-3,732653400000000;-38,495937000000000
307662;22;2;2017;07:46;0;RUA COSTA BARROS;;;1227;;Colis?úo Traseira;Luz do Dia;Nublado;Molhada;Meio de Quadra;N?úo H?í Controle;Comercial;0;0;2;0;1;0;0;1;0;0;0;0;-3,729989300000000;-38,512444000000000
307663;22;2;2017;10:41;0;AV PRS COSTA E SILVA;;;4442;;Colis?úo Transversal;Luz do Dia;Bom;Seca;Meio de Quadra;N?úo H?í Controle;Comercial;0;0;2;1;0;0;0;0;0;0;0;0;-3,825528100000000;-38,540054000000000
307665;22;2;2017;13:20;12533;AV CEL CARVALHO;RUA MARIA CLARA;;0;;Colis?úo Lateral;Luz do Dia;Bom;Seca;Cruz;N?úo H?í Controle;Comercial;0;0;2;1;0;0;0;0;0;1;0;0;-3,725393000000000;-38,585804000000000
307666;22;2;2017;12:18;0;AV SANTOS DUMONT;;;0;;Colis?úo Traseira;Luz do Dia;Bom;Seca;Meio de Quadra;N?úo H?í Controle;Comercial;0;1;1;1;0;0;0;0;0;1;0;0;-3,731618200000000;-38,512478000000000
307667;22;2;2017;11:40;25719;RUA BELGICA;RUA HOLANDA;;0;;Colis?úo Frontal;Luz do Dia;Bom;Seca;Outros;Pare;Residencial;0;1;1;1;0;0;0;0;0;1;0;0;-3,791843200000000;-38,566720000000000
307669;22;2;2017;15:40;0;AV PRS COSTA E SILVA;;;3601;;Engavetamento;Luz do Dia;Bom;Seca;Meio de Quadra;Sem?íforo;Residencial;0;0;3;1;0;0;0;0;0;0;0;0;-3,823749300000000;-38,548775000000000
307670;22;2;2017;17:13;16126;AV 2 LT ARVOREDO;RUA 6 LT ARVOREDO;;0;;Colis?úo Lateral;Luz do Dia;Bom;Seca;Cruz;Pare;Residencial;0;0;2;1;0;0;0;0;1;0;0;0;-3,825662900000000;-38,569813000000000
307671;22;2;2017;16:40;0;AV DOS EXPEDICIONARIOS;;;5036;;Colis?úo Traseira;Luz do Dia;Bom;Seca;Meio de Quadra;N?úo H?í Controle;Comercial;0;0;2;0;1;0;0;0;0;0;0;0;-3,763968200000000;-38,540966000000000
307672;22;2;2017;17:53;0;AV ENG SANTANA JUNIOR;;;1623;;Colis?úo Traseira;Luz do Dia;Bom;Seca;Meio de Quadra;N?úo H?í Controle;Comercial;0;0;2;1;0;0;0;0;0;0;0;0;-3,741649000000000;-38,485725000000000
307673;22;2;2017;18:17;0;AV AGUANAMBI;;;358;;Colis?úo Traseira;Anoitecer;Bom;Seca;Meio de Quadra;Gesto;Comercial;0;0;3;1;1;0;0;0;0;0;0;0;-3,740314200000000;-38,525116000000000
307674;22;2;2017;17:34;5685;RUA ESV AZEVEDO;RUA CEZIDIO ALBUQUERQUE;;0;;Colis?úo Lateral;Via Iluminada;Bom;Seca;Cruz;Pare;Residencial;0;0;2;1;0;0;0;0;0;0;0;0;-3,795929200000000;-38,505272000000000
307675;22;2;2017;19:10;0;RUA TARCISIO PEIXOTO;RUA CRAVILANDIA;;0;;Colis?úo Lateral;Via Iluminada;Bom;Seca;T;N?úo H?í Controle;Residencial;0;0;2;1;1;0;0;0;0;0;0;0;-3,749082600000000;-38,585762000000000
307676;22;2;2017;18:40;9136;RUA MON OTAVIO CASTRO;RUA BONFIM SOBRINHO;;0;;Colis?úo Lateral;Via Iluminada;Bom;Seca;Cruz;N?úo H?í Controle;Comercial;0;0;2;1;0;0;0;0;0;0;0;0;-3,751394300000000;-38,526295000000000
307677;22;2;2017;19:44;0;RUA CEL MANUEL ALBANO;AV PRO GOMES DE MATOS;;0;;Colis?úo Transversal;Via Iluminada;Bom;Seca;Cruz;D?¬ Prefer?¬ncia;Comercial;0;0;2;1;0;0;0;0;0;1;0;0;-3,805646200000000;-38,572850000000000
307678;22;2;2017;18:39;23479;RUA CAP MELO;RUA CRUZ ABREU;;0;;Colis?úo Lateral;Via Iluminada;Bom;Seca;Cruz;Pare;Residencial;0;0;2;1;0;0;0;0;0;0;0;0;-3,757836800000000;-38,512875000000000
307679;22;2;2017;19:47;0;RUA BONFIM SOBRINHO;;;540;;Colis?úo Traseira;Via Iluminada;Bom;Seca;Meio de Quadra;N?úo H?í Controle;Comercial;0;1;1;1;0;0;0;0;0;0;0;0;-3,751291300000000;-38,526093000000000
307680;22;2;2017;18:00;26077;AV JOSE JATAHY;AV DUQ CAXIAS;;0;;Colis?úo Lateral;Via Iluminada;Bom;Seca;Cruz;Pare;Comercial;0;0;1;1;0;0;0;0;0;0;0;0;-3,726654500000000;-38,545887000000000
307681;22;2;2017;20:05;1450;RUA JOSE VILAR;RUA JOAO CARVALHO;;0;;Colis?úo Transversal;Via Iluminada;Bom;Seca;Cruz;Sem?íforo;Comercial;0;0;3;1;0;0;0;0;0;0;0;0;-3,738382300000000;-38,505386000000000
307693;22;2;2017;15:51;0;AV AGUANAMBI;;;94;;Colis?úo Lateral;Luz do Dia;Bom;Seca;Meio de Quadra;N?úo H?í Controle;Comercial;0;0;2;1;1;0;0;0;0;0;0;0;-3,737507000000000;-38,524334000000000
307694;22;2;2017;21:33;7211;AV DR THEBERGE;AV PRS CASTELO BRANCO;;0;;Colis?úo Frontal;Via Iluminada;Bom;Seca;Cruz;Sem?íforo;Residencial;0;1;3;1;0;0;0;0;0;1;0;0;-3,710079000000000;-38,563456000000000
308092;22;2;2017;15:20;0;AV ALBERTO CRAVEIRO;;;0;;Colis?úo Lateral;Luz do Dia;Bom;Seca;Rotat??ria;D?¬ Prefer?¬ncia;Lazer;0;1;1;0;0;0;0;0;0;1;0;0;-3,807601000000000;-38,525320000000000
323638;22;2;2017;15:30;0;AV BEZERRA DE MENEZES;;;1653;;Colis?úo Traseira;Luz do Dia;;;Meio de Quadra;;;0;1;1;0;0;0;0;0;0;1;0;0;-3,734635000000000;-38,559541000000000
308580;22;2;2017;07:19;1383;RUA MARCOS MACEDO;RUA MON CATAO;;0;;Colis?úo Lateral;Amanhecer;Chuva;Molhada;Cruz;Pare;Comercial;0;1;1;1;0;0;0;0;0;1;0;0;-3,736849800000000;-38,489930000000000