COD_ACIDENTE;DIA;MES;ANO;HORA;INTERSECAO;LOG1;LOG2;LOG3;NUMERO;REFERENCIA;NATUREZA;ILUMINACAO;TEMPO;SUPERFICIEPISTA;TIPOCRUZAMENTO;CONTROLETRAFEGO;USOSOLO;MORTOS;FERIDOS;ILESOS;AUTOMOVEL;ONIBUS;BICICLETA;CAMINHAO;MICROONIBUS;CICLOMOTOR;MOTOCICLETA;TRACAOANIMAL;TREM;LATITUDE;LONGITUDE
304451;23;2;2017;14:18;15601;RUA TEN JOSE NEWTON;RUA VASCO DE ATAIDE;;0;;Colis?úo Frontal;Luz do Dia;Bom;Seca;Cruz;Pare;Residencial;0;3;0;1;0;0;0;0;0;0;0;0;-3,823449000000000;-38,491506000000000
307695;23;2;2017;16:10;0;AV ENG SANTANA JUNIOR;;;1901;;Colis?úo Traseira;Luz do Dia;Bom;Seca;Meio de Quadra;N?úo H?í Controle;Comercial;0;0;2;1;0;0;0;0;0;0;0;0;-3,742322200000000;-38,486240000000000
307696;23;2;2017;17:30;0;RUA CAP GUSTAVO;;;3552;;Engavetamento;Via Iluminada;Bom;Seca;Meio de Quadra;N?úo H?í Controle;Comercial;0;0;2;1;0;0;0;0;0;0;0;0;-3,752680500000000;-38,517212000000000
307697;23;2;2017;19:27;0;AV OLIVEIRA PAIVA;;;1130;;Colis?úo Lateral;Via Iluminada;Bom;Seca;Meio de Quadra;N?úo H?í Controle;Comercial;0;0;2;0;1;0;0;0;0;0;0;0;-3,795564000000000;-38,496400000000000
307698;23;2;2017;19:00;26278;RUA PRIMEIRO DE JANEIRO;RUA MILTON BARBOSA DE SOUZA;;0;;Colis?úo Lateral;Via Iluminada;Bom;Seca;Cruz;N?úo H?í Controle;Comercial;0;0;2;1;0;0;0;0;0;0;0;0;-3,784827500000000;-38,567276000000000
307699;23;2;2017;21:50;6756;AV ANTONIO SALES;AV ENG SANTANA JUNIOR;;0;;Colis?úo Traseira;Via Iluminada;Bom;Seca;T;N?úo H?í Controle;Comercial;0;1;1;1;0;0;0;0;0;1;0;0;-3,749117100000000;-38,490120000000000
307720;23;2;2017;08:28;24236;AV ENG ALBERTO SA;RUA DES WALDETARIO P MOTA;;0;;Colis?úo Lateral;Luz do Dia;Bom;Seca;Cruz;Sem?íforo;Comercial;0;1;1;1;0;0;0;0;0;1;0;0;-3,733876200000000;-38,478565000000000
307682;23;2;2017;06:54;0;RUA PEDRO MACHADO;;;987;;Capotamento;Amanhecer;Chuva;Molhada;Meio de Quadra;N?úo H?í Controle;Residencial;0;1;1;1;0;0;0;0;0;0;0;0;-3,754667300000000;-38,550530000000000
307684;23;2;2017;06:45;26091;AV JOVITA FEITOSA;AV JOSE JATAHY;;0;;Colis?úo Transversal;Luz do Dia;Nublado;Molhada;Cruz;Sem?íforo;Residencial;0;1;1;1;0;0;0;0;0;1;0;0;-3,736877000000000;-38,543808000000000
307685;23;2;2017;07:01;0;RUA FLORIANO PEIXOTO;;;0;;Colis?úo Transversal;Luz do Dia;Bom;Molhada;Cruz;Pare;Residencial;0;0;2;0;0;0;0;0;0;0;0;0;-3,743092000000000;-38,532288000000000
307686;23;2;2017;07:45;0;RUA TAQUATIARA;;;611;;Colis?úo Lateral;Luz do Dia;Bom;Seca;Meio de Quadra;N?úo H?í Controle;Comercial;0;2;1;1;0;1;0;0;1;1;0;0;-3,829897400000000;-38,504147000000000
307687;23;2;2017;07:50;1451;RUA ROCHA LIMA;RUA ANTONIO AUGUSTO;;0;;Colis?úo Transversal;Luz do Dia;Nublado;Seca;Cruz;Pare;Residencial;0;0;2;1;0;0;0;1;0;0;0;0;-3,738428600000000;-38,516212000000000
307688;23;2;2017;09:01;7318;RUA CAR ARCO VERDE;RUA PRO EDGAR DE ARRUDA;;0;;Colis?úo Lateral;Luz do Dia;Bom;Seca;Cruz;Pare;Residencial;0;0;0;1;0;0;0;0;0;1;0;0;-3,753698000000000;-38,593395000000000
307689;23;2;2017;09:30;5357;RUA PEDRO I;RUA MAJ FACUNDO;;0;;Colis?úo Transversal;Luz do Dia;Bom;Seca;Cruz;Pare;Comercial;0;0;2;1;0;0;0;0;0;0;0;0;-3,731055000000000;-38,529152000000000
307690;23;2;2017;10:20;0;AV CARAPINIMA;;;2306;;Colis?úo Traseira;Luz do Dia;Bom;Seca;Meio de Quadra;N?úo H?í Controle;Comercial;0;0;2;1;1;0;0;0;0;0;0;0;-3,740511400000000;-38,540825000000000
307691;23;2;2017;10:30;12883;RUA COS TRISTAO;RUA JOAQUIM MAGALHAES;;0;;Colis?úo Transversal;Luz do Dia;Bom;Seca;Cruz;Pare;Residencial;0;1;1;1;0;0;0;0;0;1;0;0;-3,740172900000000;-38,527008000000000
307692;23;2;2017;12:57;23045;AV DR SILAS MUNGUBA;RUA MALMEQUER;;0;;Colis?úo Transversal;Luz do Dia;Bom;Seca;Cruz;Sem?íforo;Comercial;0;0;2;1;0;0;0;0;0;0;0;0;-3,791010600000000;-38,538660000000000
304630;23;2;2017;16:00;22194;AV SGT HERMINIO SAMPAIO;RUA ERETIDES MARTINS;;0;;Colis?úo Traseira;Luz do Dia;Bom;Seca;Cruz;Sem?íforo Intermitente;Comercial;0;2;0;1;0;0;0;0;0;0;0;0;-3,726371000000000;-38,560489000000000
304631;23;2;2017;12:00;0;RUA JORGE ACURCIO;;;0;;Colis?úo Transversal;Luz do Dia;Bom;Seca;Meio de Quadra;Pare;Escola;0;2;0;1;0;0;0;0;0;1;0;0;;
304635;23;2;2017;16:15;23016;AV DR SILAS MUNGUBA;RUA PRA HELOISA F LIMA;;0;;Colis?úo;Luz do Dia;Bom;Seca;Cruz;Sem?íforo Intermitente;Comercial;0;2;0;1;0;0;0;0;0;1;0;0;-3,788406000000000;-38,545961000000000
304641;23;2;2017;09:50;0;AV DOS EXPEDICIONARIOS;;;5150;;Colis?úo Traseira;Luz do Dia;Bom;Seca;Meio de Quadra;;Comercial;0;2;0;1;0;0;0;0;0;1;0;0;-3,765368000000000;-38,541309000000000
304647;23;2;2017;23:45;0;AV AMERICO BARREIRA;;;0;;Colis?úo Lateral;Via Iluminada;Bom;Seca;Meio de Quadra;Sem?íforo;Comercial;0;2;0;1;0;0;0;0;0;1;0;0;;
304648;23;2;2017;07:40;23246;RUA URUCUTUBA;ET DO JATOBA;;0;;Colis?úo Transversal;Luz do Dia;Bom;Seca;Cruz;N?úo H?í Controle;Rural;0;2;0;1;0;0;0;0;0;0;0;0;-3,798271000000000;-38,626914000000000
304643;23;2;2017;15:00;0;AV GAL OSORIO DE PAIVA;;;3951;;Colis?úo Traseira;Luz do Dia;Bom;Seca;Meio de Quadra;;Comercial;0;2;0;1;0;0;0;0;0;1;0;0;-3,792485000000000;-38,590153000000000
304644;23;2;2017;11:00;35;RUA PEDRO MELO;RUA JOAQUIM LEITAO;;0;;Colis?úo Transversal;Luz do Dia;Bom;Seca;Cruz;Pare;Residencial;0;3;0;1;0;0;0;0;0;1;0;0;-3,744174000000000;-38,592100000000000
304674;23;2;2017;08:30;0;AV FRANCISCO SA;;;5090;;Colis?úo Frontal;Luz do Dia;Nublado;Seca;Meio de Quadra;;Comercial;0;2;0;1;0;0;0;0;0;0;0;0;-3,713169000000000;-38,569768000000000
304660;23;2;2017;16:30;5455;RUA FLORIANO PEIXOTO;RUA ANTONIO POMPEU;;0;;Colis?úo Lateral;Luz do Dia;Bom;Seca;Cruz;Pare;Comercial;0;2;0;1;0;0;0;0;0;0;0;0;-3,735086000000000;-38,529685000000000
304661;23;2;2017;09:00;10935;RUA BAR CANINDE;RUA ELCIAS LOPES;;0;;Colis?úo Lateral;Luz do Dia;Bom;Seca;Cruz;Pare;Comercial;0;2;0;1;0;0;0;0;0;0;0;0;-3,770473000000000;-38,557426000000000
304662;23;2;2017;10:55;15290;RUA JOAQUIM NABUCO;RUA CANUTO DE AGUIAR;;0;;Colis?úo Lateral;Luz do Dia;Bom;Seca;Cruz;Pare;Residencial;0;2;0;1;0;0;1;0;0;0;0;0;-3,729360000000000;-38,499390000000000
304654;23;2;2017;13:02;1654;AV SEN VIRGILIO TAVORA;RUA BENI DE CARVALHO;;0;;Colis?úo Traseira;Luz do Dia;Bom;Seca;Cruz;Sem?íforo;Comercial;0;3;0;1;0;0;0;0;0;0;0;0;-3,745678000000000;-38,495995000000000
317711;23;2;2017;13:30;0;RD CE-040;;;0;KM-04;Colis?úo;Luz do Dia;Bom;Seca;Meio de Quadra;;;0;0;2;1;0;0;0;0;0;0;0;0;-3,791613156000000;-38,480330840000000
317709;23;2;2017;09:30;0;RD CE-025;;;0;KM-02;Colis?úo;Luz do Dia;Bom;Seca;Meio de Quadra;;;0;0;2;1;0;0;0;0;0;0;0;0;-3,807634505000000;-38,461084520000000
318911;23;2;2017;08:36;0;AV PLACIDO CASTELO;;;0;;Atropelamento;Luz do Dia;;;Meio de Quadra;;;0;1;0;0;0;0;0;0;0;1;0;0;;
318913;23;2;2017;08:43;0;AV ALBERTO CRAVEIRO;;;999;;Colis?úo;Luz do Dia;;;Meio de Quadra;;;0;1;0;0;0;0;0;0;0;0;0;0;-3,787436000000000;-38,517144000000000
318916;23;2;2017;10:15;0;AV DUQ CAXIAS;;;0;;Colis?úo;Luz do Dia;;;Meio de Quadra;;;0;1;0;1;0;0;0;0;0;1;0;0;;
318917;23;2;2017;10:58;0;AV PRS COSTA E SILVA;;;0;;Colis?úo;Luz do Dia;;;Meio de Quadra;;;0;1;0;0;0;0;0;0;0;0;0;0;;
318960;23;2;2017;10:11;0;AV PRS COSTA E SILVA;;;0;;Atropelamento;Luz do Dia;;;Meio de Quadra;;;0;1;0;1;0;0;0;0;0;0;0;0;;
318964;23;2;2017;14:51;0;RUA VALPARAISO;;;1044;;Colis?úo;Luz do Dia;;;Meio de Quadra;;;0;1;0;1;0;0;0;0;0;1;0;0;-3,842175000000000;-38,528283000000000
318969;23;2;2017;14:58;1462;RUA JOAO CARVALHO;RUA NUNES VALENTE;;0;;Colis?úo;Luz do Dia;;;Cruz;Pare;Comercial;0;1;0;0;0;0;0;0;0;1;0;0;-3,738599000000000;-38,504491000000000
319196;23;2;2017;23:42;0;RUA MANUEL MOURA;;;0;;Colis?úo;;;;Meio de Quadra;;;0;1;0;0;0;0;0;0;0;0;0;0;;
318987;23;2;2017;18:15;0;RUA AMERICO FACO;;;700;;Colis?úo;Anoitecer;;;Meio de Quadra;;;0;1;0;0;0;0;0;0;0;0;0;0;-3,749313300000000;-38,567548800000000
319059;23;2;2017;22:10;0;RUA ALVES RIBEIRO;;;833;;Colis?úo;;;;Meio de Quadra;;;0;1;0;0;0;0;0;0;0;0;0;0;-3,823145000000000;-38,502908000000000
319060;23;2;2017;22:34;0;RUA BAR AQUIRAZ;;;980;;Colis?úo;;;;Meio de Quadra;;;0;1;0;0;0;0;0;0;0;0;0;0;-3,837374000000000;-38,488043000000000
319056;23;2;2017;21:47;0;AV A CJ JOSE WALTER;;;668;;Queda;;;;Meio de Quadra;;;0;1;0;0;0;0;0;0;0;1;0;0;-3,824194000000000;-38,556315000000000
318998;23;2;2017;20:18;8045;RUA PRO COSTA MENDES;RUA QUINTINO CUNHA;;0;;Atropelamento;;;;Cruz;Pare;Residencial;0;1;0;0;0;0;0;0;0;0;0;0;-3,754282000000000;-38,547377000000000
318999;23;2;2017;20:19;0;RUA TULIPA NEGRA;;;2336;;Colis?úo;;;;Meio de Quadra;;;0;1;0;0;0;0;0;0;0;0;0;0;-3,817771000000000;-38,600089000000000
319000;23;2;2017;20:26;0;AV PRS COSTA E SILVA;;;0;;Colis?úo;;;;Meio de Quadra;;;0;1;0;0;0;0;0;0;0;0;0;0;;
319043;23;2;2017;21:47;0;AV ENG SANTANA JUNIOR;;;0;;Colis?úo;;;;Meio de Quadra;;;0;1;1;0;0;0;0;0;0;1;0;0;;
319002;23;2;2017;20:41;0;AV PRS CASTELO BRANCO;;;0;;Queda;;;;Meio de Quadra;;;0;1;0;0;0;1;0;0;0;0;0;0;;
318994;23;2;2017;19:27;0;AV PRS COSTA E SILVA;;;1281;;Colis?úo;;;;Meio de Quadra;;;0;1;0;0;0;0;0;0;0;0;0;0;;
318989;23;2;2017;18:27;0;RD BR 116;;;0;;Queda;Anoitecer;;;Meio de Quadra;;;0;1;0;0;0;0;0;0;0;1;0;0;;
318983;23;2;2017;17:37;0;TR STA INES;;;280;;Queda;Anoitecer;;;Meio de Quadra;;;0;1;0;0;0;0;0;0;0;1;0;0;;
318979;23;2;2017;16:26;0;RUA JOSE FACANHA;;;584;;Atropelamento;Luz do Dia;;;Meio de Quadra;;;0;1;0;1;0;0;0;0;0;0;0;0;-3,752615000000000;-38,556746000000000
318981;23;2;2017;17:03;0;RUA ELVIRA PINHO;;;141;;Colis?úo;Anoitecer;;;Meio de Quadra;;;0;1;0;1;0;0;0;0;0;1;0;0;-3,766086000000000;-38,557840000000000
325501;23;2;2017;17:15;0;RD BR 116;;;9000;KM-09;Colis?úo Traseira;Anoitecer;;Seca;Meio de Quadra;;;0;1;1;1;0;0;1;0;0;0;0;0;-3,830837000000000;-38,504865000000000
325503;24;2;2017;20:40;0;RD BR 116;;;13000;KM-13;Choque c/ Obst?ículo Fixo;Via Iluminada;;Seca;Meio de Quadra;;;0;1;0;1;0;0;0;0;0;0;0;0;-3,864670000000000;-38,497727000000000
319199;24;2;2017;06:47;0;AV PRS COSTA E SILVA;;;1670;;Colis?úo;Luz do Dia;;;Meio de Quadra;;;0;1;0;1;0;0;0;0;0;1;0;0;;
319200;24;2;2017;07:40;0;RUA VITAL BRASIL;;;0;;Colis?úo;Luz do Dia;;;Meio de Quadra;;;0;1;0;0;0;0;0;0;0;1;0;0;;
319201;24;2;2017;08:12;21319;RUA JOSE SOMBRA;RUA GUSTAVO SAMPAIO;;0;;Colis?úo;Luz do Dia;;;Cruz;Pare;Comercial;0;1;0;1;0;0;0;0;0;1;0;0;-3,733349000000000;-38,547260000000000
319255;24;2;2017;09:57;0;AV MR HULL;;;5557;;Colis?úo Lateral;Luz do Dia;;Seca;Meio de Quadra;;;0;2;0;0;0;0;0;0;0;1;0;0;-3,740023000000000;-38,594048000000000
319248;24;2;2017;08:12;0;AV PRS COSTA E SILVA;;;1900;;Colis?úo;Luz do Dia;;;Meio de Quadra;;;0;1;0;1;0;0;0;0;0;1;0;0;-3,818193000000000;-38,564409000000000
319249;24;2;2017;08:33;0;RUA NEREIDE;;;974;;Colis?úo;Luz do Dia;;;Meio de Quadra;;;0;1;0;1;0;0;0;0;0;1;0;0;;
319250;24;2;2017;09:19;0;AV SEN FERNANDES TAVORA;;;1949;;Choque c/ Obst?ículo Fixo;Luz do Dia;;;Meio de Quadra;;;0;1;0;0;0;0;0;0;0;1;0;0;-3,758210000000000;-38,589618000000000
319251;24;2;2017;09:35;7774;AV ANTONIO SALES;RUA JOAQUIM NABUCO;;0;;Colis?úo;Luz do Dia;;;Cruz;N?úo H?í Controle;Comercial;0;1;0;1;0;0;0;0;0;1;0;0;-3,744832000000000;-38,504371000000000
319479;24;2;2017;21:26;0;RUA BERNARDO MANUEL;;;8879;;Atropelamento;;;;Meio de Quadra;;;0;1;0;1;0;0;0;0;0;0;0;0;-3,797210000000000;-38,550967000000000
319480;24;2;2017;21:54;0;AV DR THEBERGE;;;2150;;Queda;;;;Meio de Quadra;;;0;1;0;0;0;1;0;0;0;0;0;0;-3,719272000000000;-38,566474000000000
319481;24;2;2017;21:55;0;RUA JOAQUIM LEITAO;;;250;;Colis?úo;;;;Meio de Quadra;;;0;1;0;0;0;0;0;0;0;0;0;0;;
319483;24;2;2017;22:01;0;RUA PORTO VELHO;;;1814;;Atropelamento;;;;Meio de Quadra;;;0;1;0;1;0;0;0;0;0;0;0;0;-3,762037000000000;-38,594536000000000
319484;24;2;2017;22:06;35;RUA PEDRO MELO;RUA JOAQUIM LEITAO;;0;;Colis?úo;;;;Cruz;Pare;Residencial;0;1;0;1;0;0;0;0;0;1;0;0;-3,744174000000000;-38,592100000000000
319333;24;2;2017;10:53;0;RUA PDE VALDEVINO;;;1913;;Colis?úo;Luz do Dia;;;Meio de Quadra;;;0;1;0;1;0;0;0;0;0;1;0;0;-3,742276000000000;-38,506857000000000
319334;24;2;2017;11:42;22089;RUA GUSTAVO BRAGA;RUA FRE MARCELINO;;0;;Atropelamento;Luz do Dia;;;Cruz;Pare;Residencial;0;1;0;1;0;0;0;0;0;0;0;0;-3,747811000000000;-38,556125000000000
319335;24;2;2017;12:50;0;AV GOV RAUL BARBOSA;;;0;;Colis?úo;Luz do Dia;;;;;;0;1;0;1;0;0;0;0;0;1;0;0;;
319346;24;2;2017;13:35;0;AV LINEU MACHADO;;;1480;;Colis?úo;Luz do Dia;;;Meio de Quadra;;;0;2;0;0;0;0;0;0;0;1;0;0;-3,772569000000000;-38,580364000000000
319352;24;2;2017;14:16;0;AV DOS EXPEDICIONARIOS;;;3616;;Colis?úo;Luz do Dia;;;Meio de Quadra;;;0;1;0;1;0;0;0;0;0;1;0;0;-3,750523000000000;-38,536795000000000
319349;24;2;2017;14:16;0;AV ALBERTO CRAVEIRO;;;2571;;Choque c/ Obst?ículo Fixo;Luz do Dia;;;Meio de Quadra;;;0;1;0;0;0;0;0;0;0;1;0;0;-3,802757000000000;-38,521176000000000
319367;24;2;2017;15:33;0;AV MIN JOSE AMERICO;;;2223;;Colis?úo;Luz do Dia;;;Meio de Quadra;;;0;1;0;0;0;0;0;0;0;1;0;0;-3,811544000000000;-38,481365000000000
319370;24;2;2017;15:47;0;AV OLAVO BILAC;;;929;;Colis?úo;Luz do Dia;;;Meio de Quadra;;;0;1;0;1;0;0;0;0;0;1;0;0;-3,728996000000000;-38,564861000000000
319374;24;2;2017;18:16;0;RUA CESAR ROSSAS;;;50;;Colis?úo;Anoitecer;;;Meio de Quadra;;;0;1;0;1;0;1;0;0;0;0;0;0;-3,768295500000000;-38,552333900000000
319376;24;2;2017;18:17;0;AV SANTOS DUMONT;;;7800;;Colis?úo;Anoitecer;;;Meio de Quadra;;;0;1;0;1;0;0;0;0;0;1;0;0;-3,747388000000000;-38,463740000000000
319377;24;2;2017;18:37;0;AV MR HULL;;;0;;Colis?úo;Anoitecer;;;Meio de Quadra;;;0;0;1;0;0;0;0;0;0;1;0;0;;
319392;24;2;2017;18:40;0;RUA JULIO SILVA;;;440;;Queda;;;;Meio de Quadra;;;0;1;0;0;0;1;0;0;0;0;0;0;-3,745322354000000;-38,454527210000000
319393;24;2;2017;19:08;0;AV ABOLICAO;;;4140;;Colis?úo;;;;Meio de Quadra;;;0;1;0;1;0;0;0;0;0;1;0;0;-3,724203000000000;-38,482007000000000
319397;24;2;2017;19:10;0;AV ENG HUMBERTO MONTE;;;1981;;Colis?úo;;;;Meio de Quadra;;;0;1;0;0;0;0;0;0;0;0;0;0;-3,743730000000000;-38,564876000000000
319486;24;2;2017;22:09;0;RUA BAR AQUIRAZ;;;980;;Colis?úo;;;;Meio de Quadra;;;0;1;0;1;0;0;0;0;0;1;0;0;-3,837374000000000;-38,488043000000000
319497;24;2;2017;22:14;0;RUA JOSE MENELEU D41;;;503;;Colis?úo;;;;Meio de Quadra;;;0;1;0;1;0;0;0;0;0;1;0;0;;
319499;24;2;2017;22:45;0;RUA ROMEU MARTINS;;;306;;Colis?úo;;;;Meio de Quadra;;;0;2;0;0;0;0;0;0;0;0;0;0;-3,764351000000000;-38,555465000000000
317712;24;2;2017;07:30;0;AV MIN JOSE AMERICO;;;0;;Colis?úo;Luz do Dia;Bom;Seca;Meio de Quadra;;;0;0;2;1;0;0;0;0;0;0;0;0;;
317713;24;2;2017;11:30;0;RD CE-040;;;0;KM-05;Colis?úo;Luz do Dia;Bom;Seca;Meio de Quadra;;;0;0;2;1;0;0;0;0;0;0;0;0;-3,800595823000000;-38,479534630000000
317714;24;2;2017;15:15;0;AV MIN JOSE AMERICO;;;0;;Colis?úo;Luz do Dia;Bom;Seca;Meio de Quadra;;;0;2;2;1;0;0;0;0;0;1;0;0;;
304676;24;2;2017;10:15;1467;AV SANTOS DUMONT;RUA MON CATAO;;0;;Colis?úo Lateral;Luz do Dia;Bom;Seca;Cruz;Sem?íforo;Comercial;0;2;0;0;1;0;1;0;0;0;0;0;-3,738745000000000;-38,490564000000000
304677;24;2;2017;08:29;0;RUA ANA NERY;;;655;;Colis?úo Lateral;Amanhecer;Bom;Seca;Meio de Quadra;Pare;Residencial;0;2;0;1;0;0;0;0;0;0;0;0;-3,751655000000000;-38,544409000000000
304680;24;2;2017;14:35;5062;RUA GAL SAMPAIO;RUA DR JOAO MOREIRA;;0;;Colis?úo Transversal;Luz do Dia;Bom;Seca;Cruz;Sem?íforo;Comercial;0;2;0;1;0;0;0;0;0;1;0;0;-3,722030000000000;-38,529364000000000
304686;24;2;2017;18:00;0;AV JULIO VENTURA;;;1615;;Colis?úo Lateral;Via Iluminada;Bom;Seca;Meio de Quadra;Pare;Comercial;0;2;0;0;0;0;0;0;0;1;0;0;;
304688;24;2;2017;11:00;12862;AV DOMINGOS OLIMPIO;RUA MAJ FACUNDO;;0;;Colis?úo Lateral;;Bom;Seca;Cruz;N?úo H?í Controle;Comercial;0;2;0;1;0;0;0;0;0;0;0;0;-3,736813000000000;-38,530827000000000
304682;24;2;2017;23:20;9144;RUA JUVENAL DE CARVALHO;RUA CEL PERGENTINO FERREIRA;;0;;Colis?úo Lateral;Via Iluminada;Bom;Seca;Cruz;Pare;Residencial;0;3;0;1;0;0;0;0;0;1;0;0;-3,748779000000000;-38,524903000000000
304684;24;2;2017;12:10;0;AV ALM HENRIQUE SABOIA;;;3977;;Colis?úo Lateral;Luz do Dia;Bom;Molhada;Meio de Quadra;Outros;Comercial;0;2;0;1;0;0;0;0;0;0;0;0;-3,742326281000000;-38,488667838000000
304693;24;2;2017;16:40;0;RUA MON SALAZAR;;;153;;Colis?úo Traseira;Luz do Dia;Bom;Seca;Meio de Quadra;N?úo H?í Controle;Residencial;0;2;0;1;0;0;1;0;0;0;0;0;-3,756410800000000;-38,518483500000000
304694;24;2;2017;15:30;11073;RUA PEDRO AGUIAR;RUA DR PEDRO WILSON D45;;0;;Colis?úo;Luz do Dia;Bom;Seca;Cruz;N?úo H?í Controle;Residencial;0;2;0;1;0;0;0;0;0;1;0;0;-3,790584000000000;-38,543759000000000
304697;24;2;2017;08:25;5466;AV VIS RIO BRANCO;RUA METON DE ALENCAR;;0;;Colis?úo Lateral;Luz do Dia;Nublado;Seca;Cruz;Sem?íforo;Comercial;0;2;0;0;1;0;0;0;0;0;0;0;-3,735770000000000;-38,524153000000000
304698;24;2;2017;10:02;8018;RUA JOSE MONTEIRO DOS SANTOS;AV JOAO PESSOA;;0;;Colis?úo Transversal;Luz do Dia;Bom;Seca;T;N?úo H?í Controle;Residencial;0;2;0;1;0;0;0;0;0;1;0;0;-3,751769000000000;-38,548869000000000
304699;24;2;2017;11:30;0;AV IMPERADOR;;;1190;;Colis?úo Lateral;Luz do Dia;Chuva;Molhada;Meio de Quadra;Sem?íforo;Comercial;0;2;0;0;0;0;0;1;0;0;0;0;-3,731633000000000;-38,535773000000000
304705;24;2;2017;11:40;0;RUA SAMUEL UCHOA;;;300;;Colis?úo Lateral;Luz do Dia;Bom;Seca;Meio de Quadra;N?úo H?í Controle;Residencial;0;2;0;1;0;0;0;0;0;0;0;0;-3,756684000000000;-38,542860000000000
304690;24;2;2017;13:40;15264;AV ANTONIO JUSTA;RUA PAULA BARROS;;0;;Colis?úo Transversal;Luz do Dia;Bom;Seca;T;Pare;Residencial;0;2;0;1;0;0;0;0;0;1;0;0;-3,728451000000000;-38,492035000000000
307700;24;2;2017;08:30;0;RUA DOM SEBASTIAO LEME;RUA CARLOS RIBEIRO;;0;;Colis?úo Transversal;Luz do Dia;Bom;Molhada;Cruz;Pare;Comercial;0;0;2;1;0;0;0;0;0;0;0;0;-3,746394900000000;-38,526154000000000
307701;24;2;2017;09:32;24372;AV LUCIANO CARNEIRO;RUA ALM RUFINO;;0;;Colis?úo Transversal;Luz do Dia;Bom;Seca;Cruz;Sem?íforo;Comercial;0;0;2;1;0;0;0;0;0;0;0;0;-3,766662600000000;-38,537140000000000
307702;24;2;2017;09:15;9122;RUA JOAO LOBO FILHO;RUA CEL JOAO CARNEIRO;;0;;Colis?úo Lateral;Luz do Dia;Bom;Seca;Cruz;Pare;Residencial;0;0;2;0;1;0;0;0;0;0;0;0;-3,755167000000000;-38,521885000000000
307703;24;2;2017;08:16;0;RUA METON DE ALENCAR;RUA VINTE QUATRO DE MAIO;;0;;Colis?úo Transversal;Luz do Dia;Bom;Seca;Cruz;Pare;Comercial;0;0;2;1;0;0;0;0;0;0;0;0;-3,732624500000000;-38,533913000000000
307704;24;2;2017;12:20;0;AV DEP PAULINO ROCHA;;;2244;;Colis?úo Traseira;Luz do Dia;Bom;Seca;Meio de Quadra;N?úo H?í Controle;Comercial;0;0;2;1;0;0;0;0;0;0;0;0;-3,810510900000000;-38,517620000000000
307705;24;2;2017;13:36;0;RUA JOAO BRIGIDO;;;1215;;Engavetamento;Luz do Dia;Bom;Seca;Meio de Quadra;N?úo H?í Controle;Comercial;0;1;3;1;0;0;0;0;0;0;0;0;-3,741522000000000;-38,512897000000000
307706;24;2;2017;12:35;9070;AV VIS RIO BRANCO;RUA GUILHERME MOREIRA;;0;;Colis?úo Lateral;Luz do Dia;Bom;Seca;T;Pare;Comercial;0;0;2;1;0;0;0;0;0;0;0;0;-3,749403700000000;-38,521330000000000
307707;24;2;2017;13:40;0;AV OLAVO BILAC;;;1457;;Engavetamento;Luz do Dia;Bom;Seca;T;N?úo H?í Controle;Residencial;0;0;3;1;0;0;0;0;0;0;0;0;-3,733357000000000;-38,564580000000000
307708;24;2;2017;13:30;0;AV GOV RAUL BARBOSA;;;900;;Colis?úo Traseira;Luz do Dia;Bom;Seca;Meio de Quadra;N?úo H?í Controle;Comercial;0;0;1;1;0;0;0;0;0;1;0;0;-3,759038400000000;-38,504692000000000
307709;24;2;2017;18:29;12862;AV DOMINGOS OLIMPIO;RUA MAJ FACUNDO;;0;;Colis?úo Lateral;Via Iluminada;Bom;Seca;Cruz;Pare;Comercial;0;0;2;1;0;0;0;0;0;0;0;0;-3,736721300000000;-38,530800000000000
307710;24;2;2017;17:06;0;AV GAL OSORIO DE PAIVA;;;728;;Colis?úo Lateral;Via Iluminada;Bom;Seca;Meio de Quadra;N?úo H?í Controle;Comercial;0;0;2;1;0;0;0;0;0;0;0;0;-3,777038300000000;-38,568924000000000
307711;24;2;2017;19:42;11573;AV DES FAUSTINO ALBUQUERQUE;RUA MON JOAO LUIS SANTIAGO;;0;;Colis?úo Transversal;Via Iluminada;Bom;Seca;Cruz;Pare;Residencial;0;0;2;1;0;0;0;0;0;0;0;0;-3,786349500000000;-38,499530000000000
307712;24;2;2017;18:17;9761;RUA TRES CORACOES;RUA DR FERNANDO AUGUSTO;;0;;Colis?úo Transversal;Luz do Dia;Bom;Seca;Cruz;Pare;Residencial;0;1;3;0;0;0;0;0;0;1;0;0;-3,790553000000000;-38,611000000000000
307713;24;2;2017;20:05;0;RUA GRACILIANO RAMOS;;;180;;Colis?úo Traseira;Mal Iluminada;Bom;Seca;Meio de Quadra;N?úo H?í Controle;Residencial;0;0;2;1;0;0;0;0;0;0;0;0;-3,753982500000000;-38,529736000000000
307714;24;2;2017;19:40;1695;RUA DJALMA PETIT;RUA ASP MENDES;;0;;Colis?úo Transversal;Via Iluminada;Bom;Seca;Cruz;N?úo H?í Controle;Residencial;0;0;2;1;0;0;0;0;0;0;0;0;-3,765924000000000;-38,514698000000000