COD_ACIDENTE;DIA;MES;ANO;HORA;INTERSECAO;LOG1;LOG2;LOG3;NUMERO;REFERENCIA;NATUREZA;ILUMINACAO;TEMPO;SUPERFICIEPISTA;TIPOCRUZAMENTO;CONTROLETRAFEGO;USOSOLO;MORTOS;FERIDOS;ILESOS;AUTOMOVEL;ONIBUS;BICICLETA;CAMINHAO;MICROONIBUS;CICLOMOTOR;MOTOCICLETA;TRACAOANIMAL;TREM;LATITUDE;LONGITUDE
307715;24;2;2017;18:00;0;AV PRS CASTELO BRANCO;;;3100;;Colis?úo Traseira;Anoitecer;Bom;Seca;Meio de Quadra;N?úo H?í Controle;Comercial;0;0;2;1;0;0;0;0;0;0;0;0;-3,711324200000000;-38,557500000000000
307716;24;2;2017;21:10;19596;RUA NEREU RAMOS;RUA TCHECOSLOVAQUIA;;0;;Colis?úo Transversal;Via Iluminada;Bom;Seca;Cruz;Pare;Residencial;0;0;2;1;0;0;0;0;0;0;0;0;-3,785572800000000;-38,570385000000000
307717;24;2;2017;21:32;3829;RUA PAULINO NOGUEIRA;RUA MAL DEODORO;;0;;Queda;Via Iluminada;Bom;Seca;Cruz;Gesto;Comercial;0;0;2;1;1;0;0;0;0;0;0;0;-3,744432000000000;-38,537224000000000
307718;24;2;2017;21:00;0;RUA PDE BARBOSA DE JESUS;TR CONSELHEIRO;;0;;Colis?úo Transversal;Via Iluminada;Bom;Seca;Cruz;Pare;Residencial;0;0;2;1;0;0;0;0;0;0;0;0;-3,748513000000000;-38,529800000000000
307898;24;2;2017;18:06;0;RUA CON DE CASTRO;;;3198;;Colis?úo Lateral;Via Iluminada;Bom;Seca;Meio de Quadra;Pare;Residencial;0;1;1;1;0;0;0;0;0;1;0;0;-3,796362200000000;-38,583880000000000
307719;25;2;2017;08:55;5331;AV SANTOS DUMONT;RUA GONCALVES LEDO;;0;;Colis?úo Transversal;Luz do Dia;Bom;Seca;Cruz;Pare;Residencial;0;0;1;1;0;0;0;1;0;0;0;0;-3,730662300000000;-38,515873000000000
307721;25;2;2017;10:45;2755;RUA BOM JESUS (GRANJA LISBOA);RUA CEL VIRGILIO NOGUEIRA (BOM JARDIM);;0;;Colis?úo Transversal;Luz do Dia;Nublado;Seca;Cruz;Sem?íforo;Comercial;0;2;1;1;0;0;0;0;0;1;0;0;-3,791523200000000;-38,609726000000000
307722;25;2;2017;12:35;8936;AV DOMINGOS OLIMPIO;RUA PRC ISABEL;;0;;Colis?úo Transversal;Luz do Dia;Bom;Seca;Cruz;Sem?íforo;Comercial;0;0;3;1;0;0;0;0;0;0;0;0;-3,734413900000000;-38,537720000000000
307723;25;2;2017;15:31;0;RUA ANTONIO ALEXANDRINO DOS REIS;RUA 5;;0;;Colis?úo Transversal;Luz do Dia;Bom;Seca;Meio de Quadra;N?úo H?í Controle;Residencial;0;0;2;1;0;0;0;0;0;1;0;0;-3,802040600000000;-38,537926000000000
307724;25;2;2017;18:50;0;RUA CEL MATOS DOURADO;;;1349;;Colis?úo Traseira;Via Iluminada;Bom;Seca;Meio de Quadra;N?úo H?í Controle;Residencial;0;0;1;1;0;0;0;0;0;0;0;0;-3,748532800000000;-38,584606000000000
307725;25;2;2017;21:23;24913;AV MOZART PINHEIRO DE LUCENA;AV DA INDEPENDENCIA;;0;;Colis?úo Lateral;Via Iluminada;Bom;Seca;Cruz;Sem?íforo;Comercial;0;1;1;1;0;0;0;0;0;1;0;0;-3,724957000000000;-38,597615000000000
304706;25;2;2017;09:12;1242;RUA COSTA BARROS;RUA DR JOSE LOURENCO;;0;;Colis?úo Lateral;Luz do Dia;Bom;Seca;Cruz;Pare;Comercial;0;2;0;1;0;0;0;0;0;0;0;0;-3,731870000000000;-38,506927000000000
304709;25;2;2017;21:30;7694;RUA RIO GRANDE DO SUL;RUA RIO GRANDE DO NORTE;;0;;Capotamento;Via Iluminada;Bom;Seca;Cruz;Pare;Residencial;0;2;0;1;0;0;0;0;0;0;0;0;-3,758617000000000;-38,567559000000000
304710;25;2;2017;09:30;0;AV PRO GOMES DE MATOS;;;531;;Engavetamento;Luz do Dia;Bom;Seca;Meio de Quadra;Sem?íforo Intermitente;Comercial;0;2;1;1;0;0;0;0;0;0;0;0;-3,758329000000000;-38,543191000000000
304704;25;2;2017;19:10;21376;AV JOVITA FEITOSA;RUA PRO NOGUEIRA;;0;;Colis?úo Traseira;Via Iluminada;Bom;Seca;Cruz;Pare;Comercial;0;2;0;1;0;0;0;0;0;0;0;0;-3,738280000000000;-38,548839000000000
319506;25;2;2017;06:26;0;RUA PINTO MADEIRA;;;0;;Colis?úo;Luz do Dia;;;Meio de Quadra;;;0;1;0;0;0;0;0;0;0;0;0;0;;
319507;25;2;2017;06:30;0;AV VIS RIO BRANCO;;;3969;DOROTEIAS;Atropelamento;Luz do Dia;;;Meio de Quadra;;;0;1;0;1;0;0;0;0;0;0;0;0;-3,755753000000000;-38,520053000000000
319501;25;2;2017;01:42;0;AV GAL OSORIO DE PAIVA;;;1127;;Colis?úo;;;;Meio de Quadra;;;0;1;0;0;0;0;0;0;0;0;0;0;-3,779151000000000;-38,572090000000000
319502;25;2;2017;03:22;0;RUA CON DE CASTRO;;;5183;;Colis?úo;;;;Meio de Quadra;;;0;1;0;0;0;0;0;0;0;0;0;0;-3,808398000000000;-38,594963000000000
319510;25;2;2017;08:27;0;RUA COSTA BARROS;;;1820;;Colis?úo;Luz do Dia;;;Meio de Quadra;;;0;1;0;0;0;0;0;0;0;0;0;0;-3,731663000000000;-38,507558000000000
319561;25;2;2017;08:45;0;AV HERACLITO GRACA;;;1245;;Atropelamento;Luz do Dia;;;Meio de Quadra;;;0;1;0;1;0;0;0;0;0;0;0;0;-3,736822000000000;-38,514261000000000
319563;25;2;2017;08:56;0;AV CASTELO DE CASTRO;;;0;;Atropelamento;Luz do Dia;;;Meio de Quadra;;;0;1;0;0;0;0;0;0;0;1;0;0;;
319585;25;2;2017;11:16;7579;RUA CAPRICHO;RUA BANDEIRA DE MELO;;0;;Atropelamento;Luz do Dia;;;;;;0;1;0;0;0;0;0;0;0;1;0;0;;
319675;25;2;2017;16:41;15370;AV DOM LUIS;AV SEN VIRGILIO TAVORA;;0;;Colis?úo;Luz do Dia;;;Cruz;Sem?íforo;Comercial;0;1;0;1;0;0;0;0;0;1;0;0;-3,734829000000000;-38,492507000000000
319677;25;2;2017;16:55;0;RUA COSTA FREIRE;;;0;;Colis?úo;Luz do Dia;;;Meio de Quadra;;;0;1;0;1;0;0;0;0;0;1;0;0;;
319678;25;2;2017;17:13;0;RUA JORGE ACURCIO;;;126;;Colis?úo;Anoitecer;;;Meio de Quadra;;;0;1;0;0;0;0;0;0;0;1;0;0;;
319671;25;2;2017;16:27;0;AL ROSAS;;;1400;;Colis?úo;Luz do Dia;;;Meio de Quadra;;;0;1;0;1;0;0;0;0;0;1;0;0;;
319672;25;2;2017;16:31;0;VL DIOGO (D04);;;343;;Atropelamento;Luz do Dia;;;Meio de Quadra;;;0;1;0;1;0;0;0;0;0;0;0;0;;
319662;25;2;2017;15:42;0;RUA DR MANOEL MOREIRA;;;522;;Queda;Luz do Dia;;;Meio de Quadra;;;0;1;0;0;0;1;0;0;0;0;0;0;;
319664;25;2;2017;15:58;0;AV PRS COSTA E SILVA;;;2615;;Colis?úo;Luz do Dia;;;Meio de Quadra;;;0;1;0;0;0;0;0;0;0;0;0;0;-3,820848000000000;-38,558903000000000
319665;25;2;2017;16:21;0;RUA N CJ SANTA LUZIA;;;79;;;Luz do Dia;;;;;;0;0;1;0;0;0;0;0;0;1;0;0;;
319658;25;2;2017;11:26;0;AV MR HULL;;;0;;Atropelamento;Luz do Dia;;;Meio de Quadra;;;0;1;0;1;0;0;0;0;0;0;0;0;;
319652;25;2;2017;11:28;0;AV SIQUEIRA CAMPOS;;;1360;;Choque c/ Obst?ículo Fixo;Luz do Dia;;;Meio de Quadra;;;0;1;0;1;0;0;0;0;0;1;0;0;-3,813542000000000;-38,628151000000000
319570;25;2;2017;09:24;0;AV PRS COSTA E SILVA;;;3219;;Colis?úo;Luz do Dia;;;Meio de Quadra;;;0;1;0;1;0;0;0;0;0;1;0;0;-3,822877895000000;-38,552389197000000
319814;25;2;2017;19:18;0;RUA 24 DE OUTUBRO;;;260;;Colis?úo;;;;Meio de Quadra;;;0;1;0;0;0;0;0;0;0;0;0;0;-3,751370000000000;-38,602538000000000
319815;25;2;2017;19:20;0;AV JOVITA FEITOSA;;;554;;Colis?úo;;;;Meio de Quadra;;;0;1;0;1;0;0;0;0;0;0;0;0;-3,738297000000000;-38,548919000000000
319816;25;2;2017;19:20;0;AV JOVITA FEITOSA;;;554;;Colis?úo;;;;Meio de Quadra;;;0;1;0;1;0;0;0;0;0;0;0;0;-3,738297000000000;-38,548919000000000
319817;25;2;2017;19:44;3010;RUA URUCUTUBA;RUA CEL VIRGILIO NOGUEIRA (BOM JARDIM);;0;;Colis?úo;;;;Cruz;N?úo H?í Controle;Comercial;0;1;0;0;0;0;0;0;0;1;0;0;;
319818;25;2;2017;20:24;9449;RUA RAIMUNDO BIZARRIA;AV MAJ ASSIS;;0;;Queda;;;;;N?úo H?í Controle;Residencial;0;1;0;0;0;0;0;0;0;1;0;0;-3,724419000000000;-38,579261000000000
319820;25;2;2017;22:09;0;TR TOCANTINS;;;615;;Colis?úo;;;;Meio de Quadra;;;0;1;0;1;0;0;0;0;0;1;0;0;-3,726616043000000;-38,490717959000000
319821;25;2;2017;22:18;0;RUA EMILIO CONDE;;;434;;Queda;;;;Meio de Quadra;;;0;1;0;0;0;0;0;0;0;1;0;0;-3,792888000000000;-38,578057000000000
319823;25;2;2017;22:33;0;RUA CEL MOZART GONDIM;;;1341;;Colis?úo;;;;Meio de Quadra;;;0;1;0;0;0;0;0;0;0;0;0;0;-3,731714700000000;-38,559642000000000
319824;25;2;2017;23:30;0;RUA CEL DIONISIO ALENCAR;;;0;;Colis?úo;;;;Meio de Quadra;;;0;1;0;0;0;0;0;0;0;0;0;0;;
325504;25;2;2017;06:25;0;RD BR 222;;;300;KM-03;Colis?úo Traseira;Luz do Dia;;Molhada;Meio de Quadra;;;0;1;2;1;0;0;0;0;0;1;0;0;;
325505;25;2;2017;16:19;0;RD BR 116;;;7000;KM-07;Colis?úo Lateral;Luz do Dia;;Seca;Meio de Quadra;;;0;1;1;1;0;0;0;0;0;1;0;0;-3,786917000000000;-38,511279000000000
325506;25;2;2017;17:30;0;RD BR 222;;;0;KM-03;Colis?úo Traseira;Anoitecer;;Seca;Meio de Quadra;;;0;1;1;1;0;0;0;0;0;1;0;0;-3,740300848000000;-38,595940970000000
319825;26;2;2017;01:40;0;AV GAL OSORIO DE PAIVA;;;5305;;Colis?úo;;;;Meio de Quadra;;;0;1;0;1;0;0;0;0;0;1;0;0;-3,804004000000000;-38,601392000000000
319828;26;2;2017;01:44;0;RUA STA MARIA GORETE;;;2907;;Queda;;;;Meio de Quadra;;;0;1;0;0;0;0;0;0;0;1;0;0;;
319831;26;2;2017;03:17;0;AV DES GONZAGA;;;144;;Queda;;;;Meio de Quadra;;;0;1;0;0;0;0;0;0;1;1;0;0;-3,788340000000000;-38,503966000000000
319834;26;2;2017;03:29;0;RUA 23 DE JANEIRO;;;7;;Queda;;;;Meio de Quadra;;;0;1;0;0;0;0;0;0;0;1;0;0;-3,706415000000000;-38,566267000000000
319836;26;2;2017;05:18;11190;RUA ALEMANHA;RUA JOSE MENELEU D41;;0;;Colis?úo;Amanhecer;;;Cruz;Pare;Residencial;0;1;0;0;0;0;0;0;0;1;0;0;-3,781735000000000;-38,558642000000000
319837;26;2;2017;06:09;0;AV CARNEIRO DE MENDONCA;;;1230;;Choque c/ Obst?ículo Fixo;Luz do Dia;;;Meio de Quadra;;;0;1;0;1;0;0;0;0;0;1;0;0;-3,762413000000000;-38,569939000000000
319870;26;2;2017;13:48;0;RUA DR JUSTA ARAUJO D45;;;656;;Colis?úo;Luz do Dia;;;Meio de Quadra;;;0;0;1;1;0;0;0;0;0;1;0;0;-3,781462000000000;-38,552156000000000
319872;26;2;2017;15:16;0;RUA AMAZONAS;;;389;;Colis?úo;Luz do Dia;;;Meio de Quadra;;;0;1;0;0;0;0;0;0;0;0;0;0;-3,755502000000000;-38,560748000000000
319875;26;2;2017;16:06;0;AV DA UNIVERSIDADE;;;1829;;Queda;Luz do Dia;;;Meio de Quadra;;;0;1;0;0;0;1;0;0;0;0;0;0;-3,734161000000000;-38,532935000000000
319878;26;2;2017;19:24;0;AV FRANCISCO SA;;;5817;;Choque c/ Obst?ículo Fixo;;;;Meio de Quadra;;;0;1;0;0;0;0;0;0;1;1;0;0;-3,710587000000000;-38,577290000000000
319948;26;2;2017;21:15;0;RD CE-040;;;8494;;Colis?úo;;;;Meio de Quadra;;;0;1;0;0;0;0;0;0;0;0;0;0;-3,826130800000000;-38,481882300000000
319946;26;2;2017;20:54;0;RUA PEREIRA FILGUEIRAS;;;1079;;Atropelamento;;;;Meio de Quadra;;;0;1;0;1;0;0;0;0;0;0;0;0;-3,728064000000000;-38,513703000000000
319941;26;2;2017;20:16;0;AV LINEU MACHADO;;;272;;Colis?úo;;;;Meio de Quadra;;;0;1;0;1;0;0;0;0;0;1;0;0;-3,762240000000000;-38,574974000000000
319950;26;2;2017;21:46;0;AV MOZART PINHEIRO DE LUCENA;;;0;;Queda;;;;Meio de Quadra;;;0;1;0;0;0;0;0;0;0;1;0;0;;
319952;26;2;2017;;24886;AV MAJ ASSIS;AV MOZART PINHEIRO DE LUCENA;;0;;Queda;;;;Duplo T;Sem?íforo;Comercial;0;1;0;0;0;0;0;0;0;1;0;0;-3,721514087000000;-38,596661554000000
319925;26;2;2017;19:42;0;AV PERIMETRAL;;;648;;Queda;;;;Meio de Quadra;;;0;2;0;0;0;0;0;0;0;1;0;0;;
319927;26;2;2017;19:54;0;AV FRANCISCO SA;;;0;;Atropelamento;;;;Meio de Quadra;;;0;1;0;0;0;0;0;0;0;0;0;0;;
320019;26;2;2017;23:42;0;RUA CARLOS CHAGAS;;;717;;Atropelamento;;;;Meio de Quadra;;;0;1;0;1;0;0;0;0;0;0;0;0;-3,779748000000000;-38,586603000000000
320017;26;2;2017;23:05;15311;RUA PEREIRA FILGUEIRAS;AV RUI BARBOSA;;0;;Colis?úo;;;;Cruz;Sem?íforo;Comercial;0;1;0;1;0;0;0;0;0;1;0;0;-3,730106000000000;-38,507546000000000
319979;26;2;2017;22:56;24638;RUA RAIMUNDO GOMES;AV MOZART PINHEIRO DE LUCENA;;0;;Colis?úo;;;;Duplo T;Pare;Misto;0;1;0;1;0;0;0;0;0;1;0;0;-3,713127000000000;-38,594208000000000
295290;26;2;2017;00:30;0;RUA PAULO FIRMEZA;;;1306;;Choque c/ Obst?ículo Fixo;;;;Meio de Quadra;;;1;0;0;0;0;0;0;0;0;1;0;0;-3,756674000000000;-38,507610000000000
304459;26;2;2017;10:30;19650;RUA CON DE CASTRO;RUA AFRANIO PEIXOTO;;0;;Colis?úo Lateral;Luz do Dia;;;T;N?úo H?í Controle;Comercial;0;1;1;1;0;0;0;0;0;1;0;0;-3,781914000000000;-38,570588000000000
304467;26;2;2017;10:30;7693;RUA RIO GRANDE DO SUL;RUA CEARA;;0;;Colis?úo Lateral;Luz do Dia;;;Cruz;Pare;Residencial;0;0;2;0;0;0;0;0;0;0;0;0;-3,758036000000000;-38,567187000000000
304469;26;2;2017;22:35;5463;RUA BARBARA DE ALENCAR;RUA DNA LEOPOLDINA;;0;;Colis?úo Lateral;;;;Cruz;Pare;Comercial;0;1;1;0;1;0;0;0;0;1;0;0;-3,735695000000000;-38,521102000000000
304492;26;2;2017;08:15;21369;AV JOVITA FEITOSA;RUA CARVALHO MOTA;;0;;Colis?úo Traseira;Luz do Dia;;;T;Outros;Residencial;0;0;2;1;0;0;0;0;0;0;0;0;-3,737437000000000;-38,544748000000000
304488;26;2;2017;16:30;0;AV ABOLICAO;;;2480;;Engavetamento;Luz do Dia;;;Meio de Quadra;;;0;0;3;1;0;0;0;0;0;0;0;0;-3,726981000000000;-38,496555000000000
317717;26;2;2017;20:55;0;RD CE-040;;;0;KM-08;Colis?úo;;Bom;Seca;Meio de Quadra;;;0;1;1;0;1;0;0;0;1;0;0;0;-3,825515822000000;-38,481538320000000
317718;26;2;2017;21:25;0;AV MIN JOSE AMERICO;;;0;;Colis?úo;;Bom;Seca;Meio de Quadra;;;0;0;2;0;0;0;0;0;0;1;0;0;;
307726;26;2;2017;10:00;0;AV AUGUSTO DOS ANJOS;;;942;;Colis?úo Lateral;Luz do Dia;Nublado;Seca;T;Pare;Comercial;0;1;1;1;0;0;0;0;0;1;0;0;-3,776075000000000;-38,575287000000000
307727;26;2;2017;10:36;0;AV I CJ JOSE WALTER;;;1111;;Colis?úo Lateral;Luz do Dia;Bom;Molhada;Meio de Quadra;N?úo H?í Controle;Residencial;0;0;2;1;0;0;0;0;0;0;0;0;-3,833895400000000;-38,553387000000000
307728;26;2;2017;12:57;4007;RUA DES PRAXEDES;RUA ALBERTO MAGNO;;0;;Colis?úo Lateral;Luz do Dia;Bom;Seca;Cruz;Sem?íforo;Comercial;0;0;2;1;0;0;0;0;0;0;0;0;-3,760552600000000;-38,545494000000000
307729;26;2;2017;14:50;0;RUA PRO GOMES BRASIL;;;0;;Colis?úo Lateral;Luz do Dia;Bom;Seca;Meio de Quadra;Sem?íforo;Comercial;0;0;2;1;0;0;0;0;0;1;0;0;-3,770358600000000;-38,570140000000000
307730;26;2;2017;15:37;9020;RUA JAIME BENEVOLO;RUA SALDANHA MARINHO;;0;;Colis?úo Transversal;Luz do Dia;Bom;Seca;Cruz;Sem?íforo;Comercial;0;0;2;1;0;0;0;0;0;1;0;0;-3,742879600000000;-38,529000000000000
307731;26;2;2017;16:08;0;RUA FREDERICO SEVERO;RUA FARIAS LEMOS;;0;;Colis?úo Transversal;Luz do Dia;Bom;Seca;Cruz;Pare;Residencial;0;0;2;1;0;0;0;0;0;0;0;0;-3,816824200000000;-38,492780000000000
307732;26;2;2017;19:53;15763;RUA HERBENE;RUA TAQUATIARA;;0;;Colis?úo Transversal;Via Iluminada;Bom;Seca;Cruz;Pare;Residencial;0;0;2;1;0;0;0;0;0;0;0;0;-3,830208800000000;-38,504303000000000
304458;26;2;2017;10:00;15836;RUA GURGEL DO AMARAL;RUA CEL GUILHERME ALENCAR;;0;;Colis?úo Lateral;Luz do Dia;;;Cruz;Pare;Residencial;0;0;2;0;1;0;0;0;0;0;0;0;;
307733;27;2;2017;15:07;0;AV A LT VILLAGE COLOSSO;;;0;;Capotamento;Luz do Dia;Bom;Seca;Meio de Quadra;N?úo H?í Controle;Rural;0;1;0;1;0;0;0;0;0;0;0;0;-3,778323700000000;-38,467793000000000
307734;27;2;2017;17:41;12905;RUA LOURENCO FEITOSA;AV AGUANAMBI;;0;;Colis?úo Traseira;Luz do Dia;Nublado;Seca;Outros;Pare;Comercial;0;0;2;1;0;0;0;0;0;0;0;0;-3,741398600000000;-38,526140000000000
307735;27;2;2017;16:35;17265;RUA ALBERTO MAGNO;RUA SATIRO DIAS;;0;;Colis?úo Transversal;Luz do Dia;Nublado;Seca;Cruz;Pare;Comercial;0;0;2;1;0;0;0;0;0;0;0;0;-3,762097400000000;-38,547657000000000
307736;27;2;2017;19:30;0;AV DES GONZAGA;;;0;;Colis?úo Lateral;Via Iluminada;Chuva;Molhada;Meio de Quadra;Sem?íforo;Comercial;0;0;2;1;0;0;0;0;0;0;0;0;-3,797237200000000;-38,499800000000000
307737;27;2;2017;19:00;4082;AV JOAO PESSOA;RUA CEARA;;0;;Colis?úo Lateral;Via Iluminada;Chuva;Molhada;T;Sem?íforo;Comercial;0;0;1;1;0;0;0;0;0;1;0;0;-3,763385500000000;-38,558250000000000
307738;27;2;2017;20:32;0;RUA FRANCISCO ALMEIDA;;;660;;Colis?úo Lateral;Via Iluminada;Nublado;Molhada;Meio de Quadra;N?úo H?í Controle;Residencial;0;1;1;1;0;0;0;0;0;1;0;0;-3,819901500000000;-38,592678000000000
317728;27;2;2017;18:40;0;RD CE-040;;;0;KM-11;Colis?úo;;Bom;Seca;Meio de Quadra;;;0;0;2;0;0;0;0;0;0;1;0;0;-3,849626230000000;-38,476069890000000
317729;27;2;2017;18:40;0;RD CE-060;;;0;KM-03;Queda;;Bom;Seca;Meio de Quadra;;;0;0;1;0;0;0;0;0;0;1;0;0;-3,843038000000000;-38,585133000000000
317726;27;2;2017;17:50;0;RD CE-040;;;0;KM-06;Colis?úo;Anoitecer;Bom;Seca;Meio de Quadra;;;0;0;2;1;0;0;0;0;0;0;0;0;-3,809596804000000;-38,478733480000000
304486;27;2;2017;06:30;0;AV JOVITA FEITOSA;;;0;;Colis?úo Traseira;Luz do Dia;Bom;Seca;Meio de Quadra;Outros;Residencial;0;1;1;1;0;0;0;0;0;1;0;0;;
304473;27;2;2017;08:30;9207;RUA CEL PERGENTINO FERREIRA;RUA CAROLINO DE AQUINO;;0;;Colis?úo Transversal;Luz do Dia;Chuva;Molhada;Cruz;Pare;Residencial;0;0;2;1;0;0;0;0;0;0;0;0;-3,749034000000000;-38,527323000000000
304466;27;2;2017;14:15;4114;AV PRS CASTELO BRANCO;RUA LUCAS PINTO;;0;;Colis?úo Lateral;Luz do Dia;Bom;Seca;Cruz;Pare;Residencial;0;0;2;1;0;0;0;1;0;0;0;0;-3,711416000000000;-38,558025000000000
295294;27;2;2017;22:20;24909;AV MOZART PINHEIRO DE LUCENA;RUA ROSINHA SAMPAIO;;0;;Atropelamento;;;;Cruz;N?úo H?í Controle;Comercial;1;0;1;1;0;0;0;0;0;0;0;0;-3,724211000000000;-38,597432000000000
304514;27;2;2017;06:25;9072;AV 13 DE MAIO;AV VIS RIO BRANCO;;0;;Colis?úo Lateral;Luz do Dia;Bom;Seca;Cruz;Sem?íforo;Comercial;0;1;1;0;0;0;1;0;0;1;0;0;-3,753544000000000;-38,520486000000000
304502;27;2;2017;01:00;5098;RUA CASTRO E SILVA;RUA SEN POMPEU;;0;;Colis?úo Transversal;Via Iluminada;Bom;Seca;Cruz;Sem?íforo;Comercial;0;1;1;1;0;0;0;0;1;0;0;0;-3,723468000000000;-38,528597000000000
304518;27;2;2017;09:35;22127;RUA GUSTAVO BRAGA;RUA MAJ PEDRO SAMPAIO;;0;;Colis?úo Transversal;Luz do Dia;Nublado;Molhada;Cruz;Pare;Residencial;0;0;2;1;0;0;0;0;0;0;0;0;-3,748479000000000;-38,555389000000000
304526;27;2;2017;00:10;17265;RUA ALBERTO MAGNO;RUA SATIRO DIAS;;0;;Colis?úo Frontal;Via Iluminada;Bom;Seca;Cruz;Pare;Comercial;0;1;1;1;1;0;0;0;0;0;0;0;-3,762063000000000;-38,547531000000000
320026;27;2;2017;00:17;0;RUA BOM JESUS AFLITOS;;;2408;;Colis?úo;;;;Meio de Quadra;;;0;1;0;0;0;0;0;0;0;1;0;0;-3,774659100000000;-38,563817100000000
320031;27;2;2017;05:18;0;AV DIOGUINHO;;;120;;Queda;Amanhecer;;;Meio de Quadra;;;0;1;0;0;0;0;0;0;0;1;0;0;;
320039;27;2;2017;08:28;0;AV ENG HUMBERTO MONTE;;;1300;;Queda;Luz do Dia;;;Meio de Quadra;;;0;1;0;0;0;0;0;0;0;1;0;0;-3,748124000000000;-38,561277000000000
320102;27;2;2017;12:40;0;RUA WASHINGTON DE MORAIS;;;323;;Colis?úo;Luz do Dia;;;Meio de Quadra;;;0;1;0;1;0;0;0;0;0;1;0;0;-3,831706157000000;-38,463990903000000
320106;27;2;2017;12:25;0;AV LUCIANO CARNEIRO;;;1320;;Colis?úo;Luz do Dia;;;Meio de Quadra;;;0;1;0;0;0;0;0;0;0;1;0;0;-3,759073000000000;-38,534895000000000
320107;27;2;2017;17:09;0;AV DA UNIVERSIDADE;;;3106;;Engavetamento;Anoitecer;;;Meio de Quadra;;;0;2;0;1;0;0;0;0;0;1;0;0;-3,742860000000000;-38,540832000000000
320111;27;2;2017;17:11;0;AV CEL CARVALHO;;;0;;Choque c/ Obst?ículo Fixo;Anoitecer;;;Meio de Quadra;;;0;0;1;0;0;0;0;0;0;0;0;0;;
320112;27;2;2017;17:34;0;RUA BRAGANCA;;;1075;;Colis?úo;Anoitecer;;;Meio de Quadra;;;0;1;0;1;0;0;0;0;0;1;0;0;-3,783220000000000;-38,597229000000000
320115;27;2;2017;18:02;0;AV CASTELO DE CASTRO;;;966;;Acidente Pessoal;Anoitecer;;;Meio de Quadra;;;0;1;0;0;0;0;0;0;0;1;0;0;-3,838284000000000;-38,521727000000000
320116;27;2;2017;18:35;0;RD CE-040;;;0;;Colis?úo;;;;Meio de Quadra;;;0;1;0;0;0;0;0;0;1;1;0;0;;
320037;27;2;2017;07:34;13547;AV SORIANO ALBUQUERQUE;TR MANUEL MAIA;;0;;Colis?úo;Luz do Dia;;;T;Pare;Comercial;0;1;0;1;0;0;0;0;0;1;0;0;-3,748621000000000;-38,516485000000000
320044;27;2;2017;10:22;0;AV DR SILAS MUNGUBA;;;5002;;Queda;Luz do Dia;;;Meio de Quadra;;;0;2;0;0;0;0;0;0;0;1;0;0;-3,797134000000000;-38,531621000000000
320045;27;2;2017;10:40;0;AV GAL OSORIO DE PAIVA;;;5883;;Colis?úo;Luz do Dia;;;Meio de Quadra;;;0;1;0;0;0;0;0;0;0;0;0;0;-3,807958000000000;-38,605198000000000
320046;27;2;2017;10:41;0;RUA BERNARDO MANUEL;;;13495;;Colis?úo;Luz do Dia;;;Meio de Quadra;;;0;1;0;0;0;0;0;0;0;1;0;0;-3,835459000000000;-38,562588000000000
320054;27;2;2017;11:14;0;RUA BETEL;;;0;;Colis?úo;Luz do Dia;;;Meio de Quadra;;;0;1;0;0;0;0;0;0;0;0;0;0;;
320150;27;2;2017;19:33;0;AV JOAO PESSOA;;;6053;;Colis?úo;;;;Meio de Quadra;;;0;1;0;0;0;0;0;0;0;0;0;0;-3,762850000000000;-38,558003000000000
320169;27;2;2017;20:39;0;AV SEN FERNANDES TAVORA;;;2562;;Colis?úo;;;;Meio de Quadra;;;0;1;0;0;0;0;0;0;0;0;0;0;-3,755422000000000;-38,596688000000000
320171;27;2;2017;21:39;0;AV LINEU MACHADO;;;254;;Queda;;;;Meio de Quadra;;;0;1;0;0;0;0;0;0;0;1;0;0;-3,762240000000000;-38,574974000000000
320175;27;2;2017;21:50;0;AV MR HULL;;;6;;Atropelamento;;;;Meio de Quadra;;;0;1;0;0;0;0;0;0;0;1;0;0;-3,740685277000000;-38,598923141000000
320178;27;2;2017;23:57;17265;RUA SATIRO DIAS;RUA ALBERTO MAGNO;;0;;Colis?úo;;;;Cruz;N?úo H?í Controle;Residencial;0;1;0;0;0;0;0;0;0;0;0;0;-3,762063000000000;-38,547531000000000
320186;27;2;2017;00:10;0;RUA LOURDES VIDAL ALVES;;;804;;Colis?úo;;;;Meio de Quadra;;;0;1;0;0;0;0;0;0;0;0;0;0;-3,825286700000000;-38,473292400000000
320187;28;2;2017;02:33;0;RUA CANAL;;;210;;Queda;;;;Meio de Quadra;;;0;1;0;0;0;1;0;0;0;1;0;0;;
320188;28;2;2017;03:37;0;AV GODOFREDO MACIEL;;;4035;;Queda;;;;Meio de Quadra;;;0;2;0;0;0;0;0;0;0;1;0;0;-3,810165000000000;-38,574205000000000
320192;28;2;2017;15:34;0;RUA TEN JURANDIR ALENCAR;;;178;;Atropelamento;Luz do Dia;;;Meio de Quadra;;;0;1;0;0;0;0;0;0;0;1;0;0;-3,831700000000000;-38,493690000000000
320193;28;2;2017;16:13;0;AV DR SILAS MUNGUBA;;;6453;;Colis?úo;Luz do Dia;;;Meio de Quadra;;;0;1;0;1;0;0;0;0;0;1;0;0;-3,800497000000000;-38,530267000000000
320194;28;2;2017;16:23;0;RD BR 116;;;0;;Queda;Luz do Dia;;;Meio de Quadra;;;0;1;0;0;0;0;0;0;0;1;0;0;;