COD_ACIDENTE;DIA;MES;ANO;HORA;INTERSECAO;LOG1;LOG2;LOG3;NUMERO;REFERENCIA;NATUREZA;ILUMINACAO;TEMPO;SUPERFICIEPISTA;TIPOCRUZAMENTO;CONTROLETRAFEGO;USOSOLO;MORTOS;FERIDOS;ILESOS;AUTOMOVEL;ONIBUS;BICICLETA;CAMINHAO;MICROONIBUS;CICLOMOTOR;MOTOCICLETA;TRACAOANIMAL;TREM;LATITUDE;LONGITUDE
320195;28;2;2017;18:12;0;AV PRS COSTA E SILVA;;;5309;;Atropelamento;Anoitecer;;;Meio de Quadra;;;0;1;0;0;1;0;0;0;0;0;0;0;-3,828195000000000;-38,532983000000000
320196;28;2;2017;19:28;55;RUA SALGADO FILHO;RUA CEL JOAQUIM FRANKLIN;;0;;Colis?úo;Anoitecer;;;Cruz;Pare;Residencial;0;1;0;0;0;0;0;0;0;0;0;0;-3,743486000000000;-38,594868000000000
320197;28;2;2017;19:36;0;RUA MONTE LIBANO;;;0;;Colis?úo;;;;;;;0;1;0;0;0;0;0;0;0;1;0;0;;
320198;28;2;2017;20:01;0;AV SEN FERNANDES TAVORA;;;2223;;Colis?úo;;;;Meio de Quadra;;;0;1;0;0;0;0;0;0;0;0;0;0;-3,757204000000000;-38,591500000000000
320199;28;2;2017;20:09;0;RUA C (LOT PRQ ARACAPE);;;497;;Atropelamento;;;;Meio de Quadra;;;0;1;0;1;0;0;0;0;0;0;0;0;;
320200;28;2;2017;21:58;0;RUA TRAJANO DE MORAES;;;1160;;Atropelamento;;;;Meio de Quadra;;;0;1;0;0;0;0;0;0;0;0;0;0;;
320151;28;2;2017;18:43;0;RUA PRA FRANCISCA ALMEIDA DE SOUSA;;;660;;Colis?úo;;;;Meio de Quadra;;;0;2;0;0;0;0;0;0;0;0;0;0;-3,750420200000000;-38,456227300000000
320203;28;2;2017;21:45;0;RUA DES GUIMARAES;;;4555;;Queda;;;;Meio de Quadra;;;0;1;0;0;0;0;0;0;0;1;0;0;-3,810314600000000;-38,462467700000000
320204;28;2;2017;21:50;0;AV COS GOMES DE FREITAS (SAPIRANGA/COITE);;;3300;;Colis?úo;;;;Meio de Quadra;;;0;1;0;0;0;0;0;0;0;1;0;0;-3,795617846000000;-38,477608478000000
320190;28;2;2017;13:48;0;AV MON TABOSA;;;1060;;Colis?úo;Luz do Dia;;;Meio de Quadra;;;0;1;0;1;0;0;0;0;0;1;0;0;-3,724192000000000;-38,509689000000000
304569;28;2;2017;10:50;7851;AV PONTES VIEIRA;RUA JOSE VILAR;;0;;Colis?úo Transversal;Luz do Dia;Nublado;Molhada;Cruz;Sem?íforo;Comercial;0;0;2;1;0;0;0;0;0;0;0;0;-3,752317000000000;-38,510030000000000
304564;28;2;2017;16:40;0;RUA BAR RIO BRANCO;;;0;;Colis?úo Traseira;Luz do Dia;Bom;Seca;Meio de Quadra;Pare;Outros;0;0;2;1;0;0;1;0;0;0;0;0;;
304494;28;2;2017;;16976;TR SAO JOAO BATISTA;RUA COSME JERONIMO;;0;;Atropelamento;Via Iluminada;Bom;Seca;T;N?úo H?í Controle;Residencial;0;1;1;1;0;0;0;0;0;0;0;0;-3,826107000000000;-38,588285000000000
304577;28;2;2017;11:20;15269;AV RUI BARBOSA;RUA TEN BENEVOLO;;0;;Outros;Luz do Dia;Nublado;Seca;Cruz;Sem?íforo;Residencial;0;0;2;1;1;0;0;0;0;0;0;0;-3,728685000000000;-38,507048000000000
307739;28;2;2017;04:30;0;AV OLIVEIRA PAIVA;;;1264;;Choque c/ Obst?ículo Fixo;Amanhecer;Nublado;Seca;Meio de Quadra;N?úo H?í Controle;Comercial;0;1;0;1;0;0;0;0;0;0;0;0;-3,795441900000000;-38,494835000000000
307740;28;2;2017;21:58;19109;RUA PAULO MORAIS;RUA JULIO AZEVEDO;;0;;Colis?úo Lateral;Via Iluminada;Bom;Seca;Cruz;Pare;Residencial;0;0;1;1;1;0;0;0;0;0;0;0;-3,738076200000000;-38,479200000000000
307746;28;2;2017;19:16;0;RUA PRO GOMES BRASIL;;;245;;Colis?úo Traseira;Via Iluminada;Nublado;Seca;Meio de Quadra;N?úo H?í Controle;Comercial;0;0;2;1;0;0;0;0;0;0;0;0;-3,773611500000000;-38,567960000000000
307747;1;3;2017;17:40;5099;AV TRISTAO GONCALVES;RUA SEN ALENCAR;;0;;Colis?úo Transversal;Anoitecer;Bom;Seca;Cruz;Pare;Comercial;0;1;1;0;1;0;0;0;0;0;0;0;-3,723504800000000;-38,532146000000000
307741;1;3;2017;04:25;8625;RUA EVILASIO A MIRANDA;AV EDILSON B SOARES;;0;;Choque c/ Obst?ículo Fixo;Via Iluminada;Nublado;Molhada;T;Pare;Comercial;0;0;0;0;0;0;0;0;0;0;0;0;-3,756149300000000;-38,514233000000000
307742;1;3;2017;05:30;0;AV IMPERADOR;;;827;;Choque c/ Obst?ículo Fixo;Amanhecer;Chuva;Molhada;Meio de Quadra;Sem?íforo;Comercial;0;0;1;1;0;0;0;0;0;0;0;0;-3,728560000000000;-38,534855000000000
307743;1;3;2017;13:12;0;AV JOSE SABOIA;;;0;;Colis?úo Transversal;Luz do Dia;Nublado;Seca;Com Via F?®rrea;Cancela;Comercial;0;0;2;1;0;0;0;0;0;0;0;0;-3,714334200000000;-38,472430000000000
307744;1;3;2017;12:45;0;AV PRO GOMES DE MATOS;;;530;;Colis?úo Lateral;Luz do Dia;Bom;Seca;Meio de Quadra;Sem?íforo;Comercial;0;0;2;1;0;0;0;0;0;0;0;0;-3,758497700000000;-38,543330000000000
307745;1;3;2017;16:25;25232;AV PRS COSTA E SILVA;AV M CJ JOSE WALTER;;0;;Colis?úo Transversal;Luz do Dia;Bom;Seca;T;Pare;Residencial;0;0;2;1;1;0;0;0;0;0;0;0;-3,822245000000000;-38,554910000000000
304497;1;3;2017;17:00;1325;RUA JOAQUIM NABUCO;AV SANTOS DUMONT;;0;;Colis?úo Lateral;Anoitecer;;;Cruz;Sem?íforo;Comercial;0;0;2;1;0;0;0;0;0;0;0;0;-3,735295000000000;-38,501285000000000
304519;1;3;2017;10:49;0;AV LUCIANO CARNEIRO;;;1991;;Colis?úo Lateral;Luz do Dia;;;Meio de Quadra;;;0;0;2;1;0;0;1;0;0;0;0;0;-3,765012000000000;-38,536703000000000
304517;1;3;2017;12:55;20042;AV PRS JUSCELINO KUBITSCHEK (PASSAR?ë);AV DEP PAULINO ROCHA;;0;;Colis?úo Traseira;Luz do Dia;;;;;;0;1;1;0;0;0;0;0;0;1;0;0;-3,807229000000000;-38,524782000000000
304500;1;3;2017;10:16;12440;AV AUGUSTO DOS ANJOS;RUA ARARIPE PRATA;;0;;Outros;Luz do Dia;;;;;;0;1;2;1;0;0;0;0;0;1;0;0;-3,771936000000000;-38,571749000000000
304515;1;3;2017;09:15;1225;RUA COSTA BARROS;RUA ILDEFONSO ALBANO;;0;;Colis?úo Traseira;Luz do Dia;;;Cruz;Sem?íforo;Comercial;0;0;2;1;0;0;0;0;0;0;0;0;-3,730135000000000;-38,512227000000000
304504;1;3;2017;09:25;17395;RUA ALBERTO MAGNO;RUA TEN MOACIR MATOS;;0;;Colis?úo Traseira;Luz do Dia;;;Cruz;Pare;Comercial;0;0;2;1;0;0;0;0;0;0;0;0;-3,767411000000000;-38,552117000000000
304507;1;3;2017;11:30;22677;AV COS GOMES DE FREITAS (SAPIRANGA/COITE);RUA MARIO ALENCAR ARARIPE;;0;;Colis?úo Traseira;Luz do Dia;;;T;Pare;Comercial;0;1;1;1;0;0;0;0;0;1;0;0;-3,795569000000000;-38,478257000000000
304508;1;3;2017;14:40;0;RUA PDE PEDRO DE ALENCAR;;;0;;Colis?úo Traseira;Luz do Dia;;;Meio de Quadra;;;0;0;2;1;0;0;0;0;0;0;0;0;;
304509;1;3;2017;00:00;15311;AV RUI BARBOSA;RUA PEREIRA FILGUEIRAS;;0;;Colis?úo Transversal;;;;Cruz;Sem?íforo;Comercial;0;2;3;1;0;0;0;0;0;0;0;0;-3,730106000000000;-38,507546000000000
304510;1;3;2017;19:00;0;RUA JOSE HIPOLITO;;;1250;;Choque c/ Obst?ículo Fixo;;;;Meio de Quadra;;;0;0;1;1;0;0;0;0;0;0;0;0;-3,836285000000000;-38,484963000000000
304511;1;3;2017;00:20;23433;RUA MON SALAZAR;RUA PRO CARVALHO;;0;;Colis?úo Lateral;;;;Cruz;Pare;Residencial;0;0;2;1;0;0;0;0;0;0;0;0;-3,756146000000000;-38,514308000000000
304512;1;3;2017;23:00;0;AV VIS RIO BRANCO;;;3350;;Colis?úo Frontal;;;;Meio de Quadra;;;0;0;2;1;0;0;0;0;0;0;0;0;-3,750567000000000;-38,521067000000000
304513;1;3;2017;13:50;0;AV AGUANAMBI;;;77;;Colis?úo Lateral;Luz do Dia;Nublado;Seca;Meio de Quadra;Outros;Comercial;0;0;2;1;0;0;0;0;0;0;0;0;-3,737677000000000;-38,524245000000000
318010;1;3;2017;18:34;5099;AV TRISTAO GONCALVES;RUA SEN ALENCAR;;0;;Colis?úo;;;;Cruz;Pare;Comercial;0;11;0;0;1;0;0;0;0;0;0;0;-3,723524000000000;-38,532122000000000
317987;1;3;2017;01:14;0;AV ALM BARROSO;;;727;;Atropelamento;;;;Meio de Quadra;;;0;1;0;1;0;0;0;0;0;0;0;0;-3,720324000000000;-38,516169000000000
317988;1;3;2017;01:17;0;AV HIS RAIMUNDO GIRAO;;;0;;Atropelamento;;;;Meio de Quadra;;;0;1;0;0;0;0;0;0;0;0;0;0;;
317989;1;3;2017;05:24;0;AV BEZERRA DE MENEZES;;;2085;;Queda;Amanhecer;;;Meio de Quadra;;;0;1;0;0;0;0;0;0;0;1;0;0;-3,735372000000000;-38,563071000000000
317990;1;3;2017;05:29;0;RUA DA SAPUCAIA;;;0;;Queda;Amanhecer;;;Meio de Quadra;;;0;1;0;0;0;0;0;0;0;1;0;0;;
317991;1;3;2017;05:42;0;AV IMPERADOR;;;831;;Colis?úo;Amanhecer;;;Meio de Quadra;;;0;1;0;1;0;0;0;1;0;0;0;0;-3,728593000000000;-38,534865000000000
317992;1;3;2017;09:05;0;AV ABOLICAO;;;1780;;Colis?úo;Luz do Dia;;;Meio de Quadra;;;0;1;0;1;0;0;0;0;0;1;0;0;-3,724791000000000;-38,503368000000000
317993;1;3;2017;09:30;0;RUA FRANCISCO JOSE A PEREIRA;;;1024;;Queda;Luz do Dia;;;Meio de Quadra;;;0;0;1;0;0;1;0;0;0;0;0;0;;
317994;1;3;2017;09:34;0;AV LAURO VIEIRA CHAVES;;;0;;Colis?úo;Luz do Dia;;;Meio de Quadra;;;0;1;0;1;0;0;0;0;0;1;0;0;;
317995;1;3;2017;09:37;0;RUA CEL JUSTINO F RAMOS;;;0;;Colis?úo;Luz do Dia;;;Meio de Quadra;;;0;1;0;0;0;0;1;0;0;1;0;0;;
317996;1;3;2017;10:18;0;RUA ALVES BEZERRA;;;367;;Colis?úo;Luz do Dia;;;Meio de Quadra;;;0;1;0;1;0;0;0;0;0;1;0;0;-3,807521000000000;-38,609057000000000
317997;1;3;2017;13:12;0;RUA ALM RUFINO;;;1739;;Atropelamento;Luz do Dia;;;Meio de Quadra;;;0;1;0;0;1;0;0;0;0;0;0;0;-3,764245500000000;-38,544863500000000
317998;1;3;2017;13:22;0;RUA JOSE CAVALCANTE SOBR;;;120;;Colis?úo;Luz do Dia;;;Meio de Quadra;;;0;0;1;1;0;0;0;0;0;1;0;0;-3,836663000000000;-38,486682000000000
317999;1;3;2017;13:43;0;RD BR 116;;;12000;KM-12;Colis?úo;Luz do Dia;;Seca;Meio de Quadra;;;0;1;2;0;1;0;0;0;0;1;0;0;-3,855740000000000;-38,496066000000000
318000;1;3;2017;15:14;0;AV PERIMETRAL;;;0;;Capotamento;Luz do Dia;;;Meio de Quadra;;;0;1;0;1;0;0;0;0;0;0;0;0;;
318001;1;3;2017;15:32;7669;RUA GOIAS;RUA ALAGOAS;;0;;Colis?úo;Luz do Dia;;;Cruz;Pare;Residencial;0;1;0;1;0;0;0;0;0;1;0;0;-3,761531000000000;-38,567746000000000
318002;1;3;2017;16:33;0;RUA SEN POMPEU;;;1152;;Atropelamento;Luz do Dia;;;Meio de Quadra;;;0;1;0;0;0;0;0;0;0;1;0;0;-3,728554000000000;-38,530118000000000
318003;1;3;2017;18:01;0;RUA PORTO ALEGRE;;;1852;;Queda;Anoitecer;;;Meio de Quadra;;;0;1;0;0;0;0;0;0;0;1;0;0;-3,758134000000000;-38,594684000000000
318004;1;3;2017;18:12;0;RUA NAPOLEAO QUEZADO;;;10;;Queda;Anoitecer;;;Meio de Quadra;;;0;0;1;0;0;0;0;0;0;1;0;0;-3,778907000000000;-38,565330000000000
318028;1;3;2017;19:46;21060;RUA STO AMARO DO PICI;RUA PERNAMBUCO;;0;;Colis?úo;;;;T;Pare;Residencial;0;1;0;1;0;0;0;0;0;1;0;0;-3,752417000000000;-38,577179000000000
318030;1;3;2017;19:57;26083;AV BEZERRA DE MENEZES;AV JOSE JATAHY;;0;;Colis?úo;;;;Cruz;Sem?íforo;Comercial;0;0;1;0;0;0;0;0;0;1;0;0;-3,731558666000000;-38,544826854000000
318031;1;3;2017;20:33;0;RUA 517 CJ CEARA;;;72;;Atropelamento;;;;Meio de Quadra;;;0;1;0;1;0;0;0;0;0;0;0;0;-3,771711000000000;-38,612100000000000
318033;1;3;2017;21:37;0;RUA TEODOMIRO DE CASTRO;;;6185;;Colis?úo;;;;Meio de Quadra;;;0;1;0;0;0;0;0;0;0;0;0;0;-3,717265000000000;-38,575681000000000
318035;2;3;2017;05:30;0;AV BEZERRA DE MENEZES;;;0;;Colis?úo;Amanhecer;;;Meio de Quadra;;;0;1;0;1;0;0;0;0;0;1;0;0;;
318037;2;3;2017;07:20;0;AV PRS CASTELO BRANCO;;;2572;;Colis?úo;Luz do Dia;;;Meio de Quadra;;;0;0;1;1;0;0;0;0;0;0;0;0;-3,713008000000000;-38,550939000000000
318047;2;3;2017;09:14;0;AV JOVITA FEITOSA;;;2816;;Colis?úo;Luz do Dia;;;Meio de Quadra;;;0;1;0;1;0;0;0;0;0;1;0;0;-3,741149000000000;-38,562810000000000
318048;2;3;2017;10:44;0;RUA TULIPA;;;0;;Colis?úo;Luz do Dia;;;Meio de Quadra;;;0;1;0;1;0;0;0;0;0;1;0;0;;
318053;2;3;2017;10:50;0;AV ZEZE DIOGO;;;7260;;Queda;Luz do Dia;;;Meio de Quadra;;;0;1;0;0;0;0;0;0;0;1;0;0;;
318056;2;3;2017;12:03;0;RUA FAUSTO CABRAL;;;885;;Colis?úo;Luz do Dia;;;Meio de Quadra;;;0;0;1;1;0;0;0;0;0;1;0;0;-3,734471000000000;-38,473642000000000
318057;2;3;2017;12:17;0;AV GENIBAU;;;254;;Colis?úo;Luz do Dia;;;Meio de Quadra;;;0;1;0;0;0;0;0;0;0;0;0;0;-3,761224000000000;-38,597688000000000
318061;2;3;2017;12:59;0;RUA CASTRO DE ALENCAR;;;1346;;Colis?úo;Luz do Dia;;;Meio de Quadra;;;0;1;0;1;0;1;0;0;0;0;0;0;-3,782529000000000;-38,504293000000000
318062;2;3;2017;13:12;0;AV PRS CASTELO BRANCO;;;4625;;Queda;Luz do Dia;;;Meio de Quadra;;;0;1;0;0;0;1;0;0;0;0;0;0;-3,706667000000000;-38,573164000000000
318086;2;3;2017;20:03;0;RUA FRANCISCA MARIA DA CONCEICAO;;;1020;;Colis?úo;;;;Meio de Quadra;;;0;1;0;0;0;0;0;0;0;0;0;0;-3,838377000000000;-38,570501000000000
318088;2;3;2017;21:06;0;RUA GONCALVES LEDO;;;453;;Colis?úo;;;;Meio de Quadra;;;0;1;0;1;0;0;0;0;0;1;0;0;-3,727918000000000;-38,515074000000000
318089;2;3;2017;23:28;0;AV MR HULL;;;200;;Colis?úo;;;Molhada;Meio de Quadra;;;0;1;1;1;0;1;0;0;0;0;0;0;-3,740839200000000;-38,599132200000000
318068;2;3;2017;16:05;0;AV ODILON GUIMARAES;;;2249;;Colis?úo;Luz do Dia;;;Meio de Quadra;;;0;1;0;0;0;0;0;0;0;1;0;0;-3,818986000000000;-38,474737000000000
318070;2;3;2017;16:27;0;AV GAL OSORIO DE PAIVA;;;0;;Colis?úo;Luz do Dia;;;Meio de Quadra;;;0;2;0;0;0;0;0;0;0;0;0;0;;
318073;2;3;2017;17:17;0;RUA MARIA QUINTINO;;;717;;Colis?úo;Anoitecer;;;Meio de Quadra;;;0;4;0;1;0;0;0;0;0;1;0;0;;
318082;2;3;2017;19:03;0;AV DR SILAS MUNGUBA;;;6;;Atropelamento;;;;Meio de Quadra;;;0;1;0;0;0;0;0;0;0;1;0;0;;
318083;2;3;2017;19:40;0;RUA PARANA;;;484;;Colis?úo;;;;Meio de Quadra;;;0;1;0;0;0;0;0;0;0;1;0;0;-3,754408000000000;-38,566559000000000
318080;2;3;2017;18:33;17361;RUA BAR SOBRAL;RUA BAR CANINDE;;0;;Colis?úo;;;;Cruz;Pare;Residencial;0;0;1;1;0;0;0;0;0;1;0;0;-3,766148000000000;-38,555751000000000
318076;2;3;2017;17:31;0;AV ISABEL BEZERRA;;;800;;Colis?úo;Anoitecer;;;Meio de Quadra;;;0;1;0;0;0;0;0;0;0;1;0;0;;
317735;2;3;2017;14:40;0;RD CE-040;;;0;KM-08;Colis?úo;Luz do Dia;Bom;Seca;Meio de Quadra;;;0;0;2;1;0;0;0;0;0;0;0;0;-3,825515822000000;-38,481538320000000
317736;2;3;2017;17:50;0;RD CE-040;;;0;KM-02;Colis?úo;Anoitecer;Bom;Seca;Meio de Quadra;;;0;0;2;1;0;0;0;0;0;1;0;0;-3,773616148000000;-38,481799400000000
307758;2;3;2017;16:42;0;RUA JOAQUIM MARQUES;;;0;;Queda;Luz do Dia;Nublado;Seca;Meio de Quadra;N?úo H?í Controle;Residencial;0;0;1;1;0;0;0;0;0;0;0;0;-3,732164100000000;-38,570700000000000
307759;2;3;2017;17:28;18423;AV SGT HERMINIO SAMPAIO;RUA FRE ODILON;;0;;Colis?úo Transversal;Luz do Dia;Bom;Seca;Cruz;N?úo H?í Controle;Comercial;0;1;1;1;0;0;0;0;0;1;0;0;-3,728840000000000;-38,572720000000000
307760;2;3;2017;19:03;13449;RUA CARLOS VASCONCELOS;RUA TOMAS ACIOLI;;0;;Colis?úo Transversal;Via Iluminada;Nublado;Seca;Cruz;Pare;Residencial;0;0;2;1;0;0;0;0;0;0;0;0;-3,743575800000000;-38,514170000000000
307761;2;3;2017;19:14;12905;AV AGUANAMBI;RUA MES ROSA;;0;;Colis?úo Transversal;Via Iluminada;Nublado;Molhada;T;N?úo H?í Controle;Comercial;0;0;2;1;1;0;0;0;0;0;0;0;-3,741628600000000;-38,525860000000000
307762;2;3;2017;19:10;0;AV AGUANAMBI;;;384;;Colis?úo Traseira;Via Iluminada;Bom;Seca;T;N?úo H?í Controle;Comercial;0;0;2;1;1;0;0;0;0;0;0;0;-3,740753700000000;-38,525223000000000
307763;2;3;2017;19:06;24956;AV ALM HENRIQUE SABOIA;AV ENG ALBERTO SA;;0;;Colis?úo Transversal;Via Iluminada;Nublado;Seca;Cruz;Sem?íforo;Comercial;0;3;0;0;0;0;0;0;0;1;0;0;-3,732602400000000;-38,482967000000000
307764;2;3;2017;20:39;0;RUA IGUATU;;;1317;;Colis?úo Transversal;Mal Iluminada;Chuva;Molhada;Cruz;Pare;Residencial;0;0;2;1;0;0;0;0;0;0;0;0;-3,783377200000000;-38,544502000000000
307765;2;3;2017;19:30;17316;RUA ZACARIAS GONDIM;RUA TEN MOACIR MATOS;;0;;Colis?úo Transversal;Via Iluminada;Nublado;Molhada;Cruz;Pare;Residencial;0;2;0;1;0;0;0;0;0;1;0;0;-3,764508000000000;-38,556843000000000
307748;2;3;2017;07:30;10944;RUA ZACARIAS GONDIM;RUA LIVINO DE CARVALHO;;0;;Colis?úo Transversal;Luz do Dia;Nublado;Molhada;Cruz;Pare;Residencial;0;0;2;1;0;0;0;0;0;0;0;0;-3,770802700000000;-38,559353000000000
307749;2;3;2017;10:17;930;AV BORGES DE MELO;AV AGUANAMBI;;0;;Colis?úo Traseira;Luz do Dia;Nublado;Seca;T;Sem?íforo;Residencial;0;0;1;1;1;0;0;0;0;0;0;0;-3,761058600000000;-38,523870000000000
307750;2;3;2017;10:25;13408;RUA BAR ARACATI;AV ANTONIO SALES;;0;;Colis?úo Lateral;Luz do Dia;Chuva;Molhada;Cruz;Pare;Comercial;0;0;2;1;0;0;0;0;0;0;0;0;-3,741366100000000;-38,514805000000000
307751;2;3;2017;10:32;0;AV BORGES DE MELO;;;630;;Colis?úo Lateral;Luz do Dia;Chuva;Molhada;Meio de Quadra;N?úo H?í Controle;Residencial;0;0;2;1;0;0;0;0;0;0;0;0;-3,760979400000000;-38,524230000000000
307752;2;3;2017;13:40;4007;RUA ALBERTO MAGNO;RUA DES PRAXEDES;;619;;Colis?úo Traseira;Luz do Dia;Nublado;Seca;Cruz;Sem?íforo;Comercial;0;0;2;1;0;0;0;0;0;0;0;0;-3,761096500000000;-38,546684000000000
307753;2;3;2017;14:36;12649;RUA RIO ARAGUAIA;RUA GUILHERME MENDES;;0;;Colis?úo Frontal;Luz do Dia;Nublado;Seca;Cruz;Pare;Comercial;0;2;1;0;1;0;0;0;0;0;0;0;-3,714879300000000;-38,560160000000000
307754;2;3;2017;09:10;5210;RUA SEN POMPEU;RUA GUILHERME ROCHA;;0;;Colis?úo Lateral;Luz do Dia;Nublado;Molhada;Cruz;Sem?íforo;Comercial;0;0;2;1;0;0;0;0;0;0;0;0;-3,726770000000000;-38,529530000000000
307755;2;3;2017;11:30;0;AV LUCIANO CARNEIRO;;;1350;;Colis?úo Traseira;Luz do Dia;Nublado;Molhada;Meio de Quadra;N?úo H?í Controle;Comercial;0;0;2;1;0;0;0;0;0;0;0;0;-3,759889600000000;-38,535267000000000
307756;2;3;2017;16:10;0;AV FRE CIRILO;;;4613;;Colis?úo Lateral;Luz do Dia;Bom;Seca;Meio de Quadra;N?úo H?í Controle;Comercial;0;0;2;1;0;0;0;0;0;0;0;0;-3,824210600000000;-38,494465000000000
305002;2;3;2017;15:00;0;AV LUCIANO CARNEIRO;;;869;;Colis?úo Traseira;Luz do Dia;Bom;Seca;Meio de Quadra;Sem?íforo;Comercial;0;2;0;1;0;0;0;0;0;0;0;0;-3,756386000000000;-38,534074000000000
305004;2;3;2017;09:15;25114;AV JOAO PESSOA;RUA IRM BAZET;;0;;Colis?úo Traseira;Luz do Dia;Chuva;Seca;Duplo T;Sem?íforo;Comercial;0;2;0;1;0;0;0;0;0;0;0;0;-3,760376000000000;-38,556566000000000
305006;2;3;2017;17:00;9174;AV 13 DE MAIO;RUA DEP OSWALDO STUDART;;0;;Colis?úo Lateral;Luz do Dia;Nublado;Seca;Cruz;Sem?íforo;Comercial;0;2;0;1;0;0;0;0;0;0;0;0;-3,751738000000000;-38,526507000000000
305011;2;3;2017;13:40;3767;AV DOMINGOS OLIMPIO;AV IMPERADOR;;0;;;Luz do Dia;Bom;Seca;Cruz;Sem?íforo;Comercial;0;2;0;1;1;0;0;0;0;0;0;0;-3,734790000000000;-38,536697000000000
305012;2;3;2017;17:00;9153;AV 13 DE MAIO;RUA PAULA RODRIGUES;;0;;Colis?úo Lateral;Luz do Dia;Nublado;Seca;T;Sem?íforo;Residencial;0;2;0;0;1;0;0;0;0;0;0;0;-3,752271000000000;-38,525876000000000
305013;2;3;2017;09:20;0;AV JOSE BASTOS;;;4600;;Colis?úo Traseira;;Nublado;Seca;Meio de Quadra;Sem?íforo;Comercial;0;2;0;0;0;0;0;0;0;1;0;0;-3,756783000000000;-38,557380000000000
305015;2;3;2017;16:10;3336;RUA VIRIATO RIBEIRO;RUA RIO GRANDE DO SUL;;0;;Colis?úo Lateral;Luz do Dia;Bom;;Cruz;Pare;Residencial;0;2;0;1;0;0;0;0;0;0;0;0;-3,750184000000000;-38,561355000000000
305016;2;3;2017;14:03;243;AV JOVITA FEITOSA;RUA COS ALVARO DE OLIVEIRA;;0;;Colis?úo Traseira;Luz do Dia;Bom;Seca;T;Sem?íforo Intermitente;Comercial;0;2;0;1;0;0;0;0;0;0;0;0;-3,739649000000000;-38,555411000000000
305009;2;3;2017;06:15;10935;RUA BAR CANINDE;RUA ELCIAS LOPES;;0;;Colis?úo Transversal;Luz do Dia;Bom;Seca;Cruz;Pare;Residencial;0;2;0;1;0;0;0;0;0;0;0;0;-3,770473000000000;-38,557426000000000
305026;3;3;2017;07:00;0;RUA CHICO FRANCA;;;0;;Colis?úo Transversal;Luz do Dia;Chuva;Molhada;Cruz;Sem?íforo;Residencial;0;0;2;1;0;0;0;0;0;0;0;0;;
305029;3;3;2017;16:35;0;RUA CARLOS AMORA;;;0;;Colis?úo Lateral;Luz do Dia;Bom;Seca;Meio de Quadra;N?úo H?í Controle;Comercial;0;0;2;1;0;0;0;0;0;0;0;0;;
305038;3;3;2017;21:00;0;AV GAL OSORIO DE PAIVA;;;1127;;Colis?úo Transversal;Via Iluminada;Nublado;Molhada;Meio de Quadra;Pare;Comercial;0;2;1;1;0;0;0;0;0;1;0;0;-3,779151000000000;-38,572090000000000
305007;3;3;2017;08:10;0;RUA VALPARAISO;;;1336;;Colis?úo Traseira;Luz do Dia;Bom;Seca;Meio de Quadra;Outros;Residencial;0;2;0;1;0;0;0;0;0;0;0;0;-3,840538000000000;-38,530253000000000
305042;3;3;2017;11:40;0;AV SGT HERMINIO SAMPAIO;;;0;;Colis?úo Traseira;Luz do Dia;Chuva;Molhada;Meio de Quadra;;;0;0;2;1;0;0;0;0;0;0;0;0;;
305050;3;3;2017;11:30;0;RUA MON SALAZAR;;;43;;Colis?úo Traseira;Luz do Dia;Nublado;Molhada;Meio de Quadra;Sem?íforo;Comercial;0;0;2;1;0;0;0;0;0;0;0;0;-3,756578600000000;-38,519359600000000
305075;3;3;2017;01:30;25149;AV DOM LUIS;RUA MON CATAO;;0;;Colis?úo Transversal;Via Iluminada;Bom;Seca;T;Pare;Comercial;0;0;2;1;0;0;0;0;0;0;0;0;-3,735758000000000;-38,489602000000000
305085;3;3;2017;;22345;AV SGT HERMINIO SAMPAIO;RUA ODETE PACHECO;;0;;Colis?úo Transversal;Luz do Dia;Chuva;Molhada;T;N?úo H?í Controle;Misto;0;1;1;1;0;0;0;0;0;1;0;0;-3,725382000000000;-38,555149000000000
305091;3;3;2017;19:28;17899;AV SGT HERMINIO SAMPAIO;RUA EVANDRO LUZ;;0;;Colis?úo Transversal;Via Iluminada;Bom;Seca;T;Pare;Comercial;0;1;1;1;0;0;0;0;0;1;0;0;-3,730841000000000;-38,577549000000000
305092;3;3;2017;10:48;25150;RUA JOAQUIM NABUCO;RUA ISAC AMARAL;;0;;Colis?úo Transversal;Luz do Dia;Bom;Seca;Cruz;Sem?íforo;Residencial;0;0;2;0;0;0;0;0;0;1;0;0;-3,752218000000000;-38,506752000000000
305093;3;3;2017;14:00;15245;AV ANTONIO JUSTA;RUA LEONARDO MOTA;;0;;Colis?úo;Luz do Dia;Bom;Seca;Cruz;Pare;Comercial;0;0;2;0;0;0;0;0;0;1;0;0;-3,727945000000000;-38,493542000000000
305108;3;3;2017;15:20;25433;RUA TABAJARAS;RUA GUANACES;;0;;;Luz do Dia;Bom;Seca;Cruz;N?úo H?í Controle;Residencial;0;0;2;1;0;0;0;0;0;0;0;0;;
305110;3;3;2017;01:10;0;AV DR SILAS MUNGUBA;;;4380;;Choque c/ Obst?ículo Fixo;Via Iluminada;Chuva;Molhada;Meio de Quadra;Outros;Residencial;0;1;0;1;0;0;0;0;0;0;0;0;-3,792188000000000;-38,536130000000000