COD_ACIDENTE;DIA;MES;ANO;HORA;INTERSECAO;LOG1;LOG2;LOG3;NUMERO;REFERENCIA;NATUREZA;ILUMINACAO;TEMPO;SUPERFICIEPISTA;TIPOCRUZAMENTO;CONTROLETRAFEGO;USOSOLO;MORTOS;FERIDOS;ILESOS;AUTOMOVEL;ONIBUS;BICICLETA;CAMINHAO;MICROONIBUS;CICLOMOTOR;MOTOCICLETA;TRACAOANIMAL;TREM;LATITUDE;LONGITUDE
305114;3;3;2017;11:30;15538;AV FRE CIRILO;RUA ALVES RIBEIRO;;0;;Colis?úo Transversal;Luz do Dia;;Seca;Cruz;N?úo H?í Controle;Comercial;0;0;2;1;0;0;1;0;0;0;0;0;-3,820819000000000;-38,495888000000000
305000;3;3;2017;08:10;5108;RUA SAO PAULO;RUA PRC ISABEL;;0;;Outros;Luz do Dia;Chuva;Molhada;Cruz;Pare;Comercial;0;1;1;0;0;0;0;0;0;1;0;0;-3,723679000000000;-38,534619000000000
305234;3;3;2017;18:30;0;AV OLAVO BILAC;;;67;;Choque c/ Obst?ículo Fixo;Via Iluminada;Nublado;Molhada;Meio de Quadra;Sem?íforo;Comercial;0;0;1;1;0;0;0;0;0;0;0;0;-3,721792000000000;-38,566814000000000
307766;3;3;2017;05:04;0;RUA DNA LEOPOLDINA;;;125;;Colis?úo Traseira;Amanhecer;Nublado;Molhada;Meio de Quadra;N?úo H?í Controle;Residencial;0;0;0;1;0;0;0;0;0;0;0;0;-3,726839000000000;-38,518246000000000
307767;3;3;2017;07:10;15005;AV GODOFREDO MACIEL;RUA SUICA;;0;;Colis?úo Lateral;Luz do Dia;Chuva;Molhada;T;Pare;Comercial;0;0;2;1;0;0;0;0;0;0;0;0;-3,792963700000000;-38,568634000000000
307768;3;3;2017;07:15;0;AV ROGACIANO LEITE;;;2246;;Colis?úo Traseira;Luz do Dia;Chuva;Molhada;Meio de Quadra;N?úo H?í Controle;Residencial;0;0;2;1;0;0;0;0;0;0;0;0;-3,774663200000000;-38,499620000000000
307769;3;3;2017;09:24;0;AV VIS RIO BRANCO;;;3288;;Colis?úo Lateral;Luz do Dia;Chuva;Molhada;T;N?úo H?í Controle;Comercial;0;0;0;0;1;0;0;0;0;0;0;0;-3,750768000000000;-38,521038000000000
307770;3;3;2017;09:35;0;AV VIS RIO BRANCO;;;3296;;Colis?úo Lateral;Luz do Dia;Chuva;Molhada;Meio de Quadra;N?úo H?í Controle;Comercial;0;0;2;1;0;0;0;0;0;0;0;0;-3,749805700000000;-38,521263000000000
307771;3;3;2017;10:00;13544;RUA DR JOSE LOURENCO;RUA JULIO SIQUEIRA;;0;;Colis?úo Transversal;Luz do Dia;Chuva;Molhada;Cruz;Pare;Residencial;0;0;2;1;0;0;0;0;0;0;0;0;-3,748435300000000;-38,512463000000000
307772;3;3;2017;11:00;8025;AV JOAO PESSOA;RUA PRO COSTA MENDES;;0;;Colis?úo Transversal;Luz do Dia;Chuva;Molhada;Cruz;Sem?íforo;Comercial;0;0;1;1;0;0;0;0;1;0;0;0;-3,752344400000000;-38,549488000000000
307773;3;3;2017;14:26;8949;AV BEZERRA DE MENEZES;RUA JUSTINIANO DE SERPA;;0;;Colis?úo Transversal;Luz do Dia;Bom;Seca;Cruz;Sem?íforo;Comercial;0;0;2;1;0;0;0;0;0;0;0;0;-3,731422700000000;-38,542336000000000
307774;3;3;2017;15:41;0;AV ANTONIO SALES;;;1833;;Colis?úo Traseira;Luz do Dia;Bom;Seca;Meio de Quadra;Sem?íforo;Residencial;0;0;2;1;0;0;0;0;0;0;0;0;-3,743908600000000;-38,507477000000000
307775;3;3;2017;17:40;0;RUA BERNARDO MANUEL;;;7152;;Colis?úo Traseira;Via Iluminada;Bom;Seca;Meio de Quadra;Sem?íforo;Residencial;0;0;3;1;0;0;0;0;0;0;0;0;-3,780420500000000;-38,545723000000000
307776;3;3;2017;18:09;0;RUA PRO GOMES BRASIL;;;0;;Colis?úo Lateral;Anoitecer;Nublado;Seca;Meio de Quadra;N?úo H?í Controle;Comercial;0;0;2;1;1;0;0;0;0;0;0;0;-3,774566200000000;-38,565730000000000
307777;3;3;2017;20:17;3771;AV DOMINGOS OLIMPIO;AV DA UNIVERSIDADE;;0;;Colis?úo Lateral;Via Iluminada;Bom;Seca;Cruz;Sem?íforo;Comercial;0;0;0;1;1;0;0;0;0;0;0;0;-3,735516800000000;-38,534096000000000
307778;3;3;2017;21:05;0;RUA STA CLARA DE ASSIS;;;580;;Colis?úo Traseira;Via Iluminada;Nublado;Molhada;T;N?úo H?í Controle;Comercial;0;0;2;1;1;0;0;0;0;0;0;0;-3,831136000000000;-38,502754000000000
307779;3;3;2017;22:10;0;RUA LIBANIA (SERRINHA);;;1203;;Colis?úo Frontal;Mal Iluminada;Nublado;Seca;Meio de Quadra;N?úo H?í Controle;Residencial;0;1;1;1;0;0;0;0;0;1;0;0;-3,788717300000000;-38,541523000000000
317753;3;3;2017;07:40;0;AV SEN CARLOS JEREISSATI (AEROPORTO);;;0;KM 02;Colis?úo;Luz do Dia;Bom;Seca;Meio de Quadra;;;0;0;2;1;0;0;0;0;0;0;0;0;-3,782194000000000;-38,535424000000000
317754;3;3;2017;09:00;0;RD CE-025;;;0;KM-00;Colis?úo;Luz do Dia;Bom;Seca;Meio de Quadra;;;0;0;2;0;1;0;0;0;0;0;0;0;-3,808327262000000;-38,479123640000000
317755;3;3;2017;14:00;0;RD CE-040;;;0;KM-04;Colis?úo;Luz do Dia;Bom;Seca;;;;0;1;1;1;0;0;0;0;0;1;0;0;-3,791613156000000;-38,480330840000000
317756;3;3;2017;18:00;0;RD CE-040;;;0;KM-03;Colis?úo;Anoitecer;Bom;Seca;Meio de Quadra;;;0;0;2;1;0;0;0;0;0;1;0;0;-3,782614325000000;-38,481083900000000
317774;3;3;2017;18:30;0;RD CE-040;;;0;KM-09;Colis?úo;Anoitecer;Bom;Seca;;;;0;1;1;1;0;0;0;0;0;1;0;0;-3,834450897000000;-38,482465820000000
295297;3;3;2017;23:30;0;RUA FRE HENRIQUE D60;;;300;;Colis?úo;;;;Meio de Quadra;;;1;1;0;1;0;1;0;0;0;0;0;0;-3,824938000000000;-38,493041000000000
318091;3;3;2017;04:12;0;AV ABOLICAO;;;2727;;Queda;;;;Meio de Quadra;;;0;1;0;0;0;1;0;0;0;0;0;0;-3,727318000000000;-38,495392000000000
318092;3;3;2017;07:05;0;RUA JOR ANTONIO P TAVARES;;;1156;;Queda;Luz do Dia;;;Meio de Quadra;;;0;1;0;0;0;0;0;0;0;1;0;0;-3,813411000000000;-38,507721000000000
318093;3;3;2017;07:46;0;AV TRISTAO GONCALVES;;;1349;;Queda;Luz do Dia;;;Meio de Quadra;;;0;2;0;0;0;0;0;0;0;1;0;0;-3,733467000000000;-38,535111000000000
318097;3;3;2017;07:56;0;AV SGT HERMINIO SAMPAIO;;;1628;;Colis?úo;Luz do Dia;;;Meio de Quadra;;;0;1;0;1;0;0;0;0;0;1;0;0;-3,725394000000000;-38,555230000000000
318101;3;3;2017;09:01;0;AV 13 DE MAIO;;;197;;Queda;Luz do Dia;;;Meio de Quadra;;;0;0;1;0;0;0;0;0;0;1;0;0;-3,751030200000000;-38,527533200000000
318103;3;3;2017;13:46;12877;RUA BAR RIO BRANCO;RUA JOAQUIM MAGALHAES;;0;;Colis?úo;Luz do Dia;;;Cruz;Pare;Escola;0;1;0;1;0;0;0;0;0;1;0;0;-3,738587000000000;-38,532108000000000
318123;3;3;2017;15:13;0;RD BR 116;;;0;;Queda;Luz do Dia;;;Meio de Quadra;;;0;2;0;0;0;0;0;0;0;1;0;0;;
318133;3;3;2017;16:22;0;RUA CESAR FONTENELE;;;10;;Queda;Luz do Dia;;;Meio de Quadra;;;0;1;0;0;0;0;0;0;0;1;0;0;-3,745822000000000;-38,556700000000000
318152;3;3;2017;19:38;0;RUA MARIA GOMES DE SA;;;1200;;Queda;;;;Meio de Quadra;;;0;1;0;0;0;0;0;0;0;1;0;0;-3,825744000000000;-38,581910000000000
318141;3;3;2017;17:51;0;AV ODILON GUIMARAES;;;1210;;Colis?úo;Anoitecer;;;Meio de Quadra;;;0;1;0;1;0;0;0;0;0;1;0;0;-3,827899000000000;-38,481607000000000
318149;3;3;2017;18:45;0;AV COS GOMES DE FREITAS (SAPIRANGA/COITE);;;5101;;Queda;;;;Meio de Quadra;;;0;1;0;0;0;0;0;0;0;1;0;0;-3,794125500000000;-38,462049000000000
318156;3;3;2017;20:38;0;RUA MAXIMINO BARRETO;;;134;;Colis?úo;;;;Meio de Quadra;;;0;1;0;0;0;0;0;0;0;1;0;0;-3,823413000000000;-38,498397000000000
318166;4;3;2017;00:59;0;AV PRS COSTA E SILVA;;;1080;;Atropelamento;;;;Meio de Quadra;;;0;1;0;0;0;0;0;0;0;0;0;0;-3,813774000000000;-38,569936000000000
318171;4;3;2017;05:33;0;AV PRS CASTELO BRANCO;;;4571;;Queda;Amanhecer;;;Meio de Quadra;;;0;1;0;0;0;0;0;0;0;1;0;0;-3,706777000000000;-38,572864000000000
318172;4;3;2017;06:33;0;RUA BAR SOBRAL;;;1014;;Colis?úo;Luz do Dia;;;Meio de Quadra;;;0;0;1;0;0;0;0;0;0;0;0;0;-3,764824000000000;-38,558128000000000
318173;4;3;2017;07:08;0;AV WASHINGTON SOARES;;;3335;;Colis?úo;Luz do Dia;;;Meio de Quadra;;;0;1;0;1;0;0;0;0;0;1;0;0;-3,787628100000000;-38,480344300000000
318180;4;3;2017;07:56;0;AV AUGUSTO DOS ANJOS;;;687;;Colis?úo;Luz do Dia;;;Meio de Quadra;;;0;0;1;0;0;0;0;0;0;0;0;0;-3,774311000000000;-38,573969000000000
318181;4;3;2017;09:10;0;RUA CEL VIRGILIO NOGUEIRA (BOM JARDIM);;;0;;Colis?úo;Luz do Dia;;;Meio de Quadra;;;0;1;0;1;0;0;0;0;0;1;0;0;;
318169;4;3;2017;05:29;5135;AV TRISTAO GONCALVES;RUA SAO PAULO;;0;;Colis?úo;Amanhecer;;;Cruz;Sem?íforo;Comercial;0;1;0;0;0;0;0;0;0;1;0;0;-3,724419000000000;-38,532395000000000
318240;4;3;2017;19:24;0;AV BAR STUDART;;;2740;;Atropelamento;;;;Meio de Quadra;;;0;2;0;1;0;0;0;0;0;0;0;0;-3,747807000000000;-38,510821000000000
318241;4;3;2017;19:54;0;AV DOMINGOS OLIMPIO;;;3877;;Colis?úo;;;;Meio de Quadra;;;0;1;0;1;0;0;0;0;0;1;0;0;-3,733335000000000;-38,544176400000000
318242;4;3;2017;20:47;0;RUA 4 PLANALTO ITAPERI;;;0;;Colis?úo;;;;Meio de Quadra;;;0;0;1;0;0;0;0;0;0;0;0;0;;
318236;4;3;2017;18:26;0;RUA VALPARAISO;;;0;;Colis?úo;Anoitecer;;;Meio de Quadra;;;0;1;0;1;0;0;0;0;0;1;0;0;;
318237;4;3;2017;18:41;0;AV MAE LISBOA;;;2279;;Queda;;;;Meio de Quadra;;;0;0;1;0;0;1;0;0;0;0;0;0;-3,807236000000000;-38,459389000000000
318244;4;3;2017;21:55;0;RUA JUVENCIO BARROSO;;;34;;Atropelamento;;;;Meio de Quadra;;;0;1;0;0;0;0;0;0;0;1;0;0;;
318253;4;3;2017;23:45;0;AV MAJ ASSIS;;;327;;Queda;;;;Meio de Quadra;;;0;0;1;0;0;1;0;0;0;0;0;0;-3,724257000000000;-38,580735000000000
318246;4;3;2017;22:04;0;RUA PAULO FIRMEZA;;;362;;Queda;;;;Meio de Quadra;;;0;1;0;0;0;0;0;0;0;1;0;0;-3,757449000000000;-38,516305000000000
318234;4;3;2017;18:17;0;RUA OSCAR BENEVIDES;;;289;;Colis?úo;Anoitecer;;;Meio de Quadra;;;0;1;0;1;0;0;0;0;0;1;0;0;-3,811373600000000;-38,570124500000000
318230;4;3;2017;17:39;22986;RUA BETEL;AV DR SILAS MUNGUBA;;0;;Atropelamento;Anoitecer;;;Cruz;Pare;Residencial;0;1;0;0;0;0;0;0;0;1;0;0;-3,786401000000000;-38,550166000000000
318226;4;3;2017;17:13;0;RUA CRUZ E SOUSA D21;;;172;;Colis?úo;Anoitecer;;;Meio de Quadra;;;0;1;0;0;0;0;0;0;0;0;0;0;-3,719571000000000;-38,565360700000000
318224;4;3;2017;15:10;9072;AV PONTES VIEIRA;AV VIS RIO BRANCO;;0;;Queda;Luz do Dia;;;;;;0;1;0;0;0;0;0;0;0;1;0;0;-3,753544000000000;-38,520486000000000
318222;4;3;2017;14:58;0;AV FRANCISCO SA;;;0;;Atropelamento;Luz do Dia;;;Meio de Quadra;;;0;1;0;1;0;0;0;0;0;0;0;0;;
318186;4;3;2017;09:12;0;RUA GAL CORDEIRO NETO;;;235;;Colis?úo;Luz do Dia;;;Meio de Quadra;;;0;2;0;0;0;0;0;0;0;0;0;0;-3,807983200000000;-38,571190379000000
318203;4;3;2017;11:08;0;AV BEZERRA DE MENEZES;;;1659;;Colis?úo;Luz do Dia;;;Meio de Quadra;;;0;1;0;1;0;0;0;0;0;1;0;0;-3,734648000000000;-38,559600000000000
318204;4;3;2017;11:34;0;AV C CJ CEARA;;;1899;;Queda;Luz do Dia;;;Meio de Quadra;;;0;1;0;0;0;1;0;0;0;0;0;0;-3,775136000000000;-38,616046000000000
318216;4;3;2017;13:22;0;AV HILDEBRANDO DE MELO;;;1846;;Atropelamento;Luz do Dia;;;Meio de Quadra;;;0;1;0;0;0;0;0;0;0;1;0;0;-3,724886778000000;-38,589166584000000
318206;4;3;2017;12:11;0;AV SGT HERMINIO SAMPAIO;;;3783;;Atropelamento;Luz do Dia;;;Meio de Quadra;;;0;1;0;0;0;0;0;0;0;1;0;0;-3,729833800000000;-38,574736100000000
318211;4;3;2017;12:35;0;RUA 1 LT ARVOREDO;;;770;;Colis?úo;Luz do Dia;;;Meio de Quadra;;;0;0;1;1;0;0;0;0;0;1;0;0;-3,826577966000000;-38,569982980000000
318193;4;3;2017;10:57;0;AV SGT HERMINIO SAMPAIO;;;3779;;Queda;Luz do Dia;;;Meio de Quadra;;;0;1;0;0;0;0;0;0;0;1;0;0;-3,729698100000000;-38,574308200000000
318191;4;3;2017;09:59;0;RUA VALPARAISO;;;0;;Atropelamento;Luz do Dia;;;Meio de Quadra;;;0;1;0;1;0;0;0;0;0;0;0;0;;
295336;4;3;2017;21:20;25226;AV GAL OSORIO DE PAIVA;RUA JARDIM FLUMINENSE;;0;;Atropelamento;;;;T;Pare;Residencial;1;1;0;1;0;0;0;0;0;1;0;0;-3,808170000000000;-38,605395000000000
317782;4;3;2017;12:20;0;AV SEN CARLOS JEREISSATI (AEROPORTO);;;0;KM 01;Colis?úo;Luz do Dia;Bom;Seca;Meio de Quadra;;;0;0;2;1;0;0;0;0;0;0;0;0;-3,783753000000000;-38,526850000000000
307780;4;3;2017;07:18;12745;RUA JULIO CESAR D12;RUA ANA NERY;;0;;Colis?úo Lateral;Luz do Dia;Bom;Seca;Cruz;Pare;Residencial;0;2;0;1;0;0;0;0;0;1;0;0;-3,751731600000000;-38,544373000000000
307781;4;3;2017;08:32;0;RUA GAL BEZERRIL;;;656;;Colis?úo Lateral;Luz do Dia;Nublado;Molhada;Meio de Quadra;N?úo H?í Controle;Comercial;0;0;2;0;0;0;0;0;0;0;0;0;-3,728807000000000;-38,526512000000000
307782;4;3;2017;08:48;0;RUA ANTONIO BANDEIRA D04;RUA FAGUNDES VARELA;;0;;Colis?úo Transversal;Luz do Dia;Chuva;Molhada;Cruz;Pare;Residencial;0;0;2;1;0;0;0;0;0;0;0;0;-3,784157300000000;-38,563095000000000
307783;4;3;2017;09:35;0;RUA OSVALDO CRUZ;RUA MARCOS MACEDO;;0;;Colis?úo Transversal;Luz do Dia;Nublado;Seca;Meio de Quadra;Pare;Comercial;0;1;1;1;0;0;0;0;0;1;0;0;-3,733675200000000;-38,499588000000000
307784;4;3;2017;09:18;0;AV PRS CASTELO BRANCO;;;5304;;Colis?úo Traseira;Luz do Dia;Chuva;Molhada;Meio de Quadra;N?úo H?í Controle;Comercial;0;1;1;1;0;0;0;0;0;1;0;0;-3,703838000000000;-38,579296000000000
307785;4;3;2017;11:17;0;RUA TIBURCIO CAVALCANTE;;;3045;;Colis?úo Lateral;Luz do Dia;Bom;Seca;Meio de Quadra;N?úo H?í Controle;Residencial;0;0;2;1;0;0;0;0;0;0;0;0;-3,751275300000000;-38,507510000000000
307786;4;3;2017;10:40;3831;RUA MAL DEODORO;AV 13 DE MAIO;;0;;Colis?úo Traseira;Luz do Dia;Nublado;Seca;N?úo Informado;Sem?íforo;Comercial;0;0;2;1;0;0;0;0;0;0;0;0;-3,742719700000000;-38,536423000000000
307787;4;3;2017;13:13;20042;AV ALBERTO CRAVEIRO;AV DR SILAS MUNGUBA;;0;;Colis?úo Traseira;Luz do Dia;Nublado;Seca;Rotat??ria;D?¬ Prefer?¬ncia;Comercial;0;0;2;1;0;0;0;0;0;0;0;0;-3,806621600000000;-38,524475000000000
307788;4;3;2017;12:56;0;RUA MARIO MAMEDE;RUA DEP MARTINS RODRIGUES;;0;;Colis?úo Transversal;Luz do Dia;Bom;Seca;Meio de Quadra;Pare;Residencial;0;1;1;0;0;0;0;0;0;1;0;0;-3,753710700000000;-38,526176000000000
307789;4;3;2017;13:59;0;AV 13 DE MAIO;;;1932;;Colis?úo Traseira;Luz do Dia;Nublado;Seca;Meio de Quadra;Sem?íforo;Comercial;0;0;2;1;0;0;0;0;0;0;0;0;-3,744822500000000;-38,534470000000000
307790;4;3;2017;11:30;0;AV BEZERRA DE MENEZES;;;2632;;Colis?úo Traseira;Luz do Dia;Nublado;Seca;Meio de Quadra;N?úo H?í Controle;Comercial;0;0;2;1;0;0;0;0;0;0;0;0;-3,736240600000000;-38,568153000000000
307791;4;3;2017;12:40;0;RUA PDE ANCHIETA;;;672;;Colis?úo Transversal;Luz do Dia;Nublado;Seca;N?úo Informado;N?úo H?í Controle;Residencial;0;1;1;1;0;0;0;0;0;1;0;0;-3,725577600000000;-38,551403000000000
307792;4;3;2017;16:00;8953;AV BEZERRA DE MENEZES;RUA TEOFILO GURGEL;;0;;Colis?úo Lateral;Luz do Dia;Bom;Seca;T;Pare;Comercial;0;0;2;1;0;0;0;0;0;0;0;0;-3,731639100000000;-38,546013000000000
307793;4;3;2017;16:29;0;AV PRS CASTELO BRANCO;;;0;;Colis?úo Lateral;Luz do Dia;Bom;Seca;Meio de Quadra;N?úo H?í Controle;Comercial;0;0;1;1;0;0;0;0;0;1;0;0;-3,706754400000000;-38,572426000000000
307794;4;3;2017;14:10;0;RUA 6 PLANALTO ITAPERI;;;156;;Queda;Luz do Dia;Bom;Seca;Meio de Quadra;N?úo H?í Controle;Residencial;0;1;1;0;1;0;0;0;0;1;0;0;-3,808416000000000;-38,551970000000000
307795;4;3;2017;17:51;1282;AV SANTOS DUMONT;AV BAR STUDART;;0;;Colis?úo Frontal;Anoitecer;Bom;Seca;Cruz;Gesto;Comercial;0;0;2;1;0;0;0;0;0;0;0;0;-3,733737000000000;-38,506325000000000
307803;4;3;2017;10:30;0;RUA VALPARAISO;;;0;;Colis?úo Traseira;Luz do Dia;Chuva;Molhada;Meio de Quadra;N?úo H?í Controle;Rural;0;1;0;1;0;0;0;0;0;0;0;0;-3,779223000000000;-38,560830000000000
307843;4;3;2017;16:06;0;RUA PDE PEDRO DE ALENCAR;;;1130;;Colis?úo Traseira;Luz do Dia;Bom;Seca;Meio de Quadra;N?úo H?í Controle;Comercial;0;0;2;1;0;0;0;0;0;1;0;0;-3,837542800000000;-38,494167000000000
304999;4;3;2017;15:30;19539;AV DR SILAS MUNGUBA;RUA EQUADOR;;0;;Colis?úo Transversal;Luz do Dia;Bom;Seca;Cruz;Sem?íforo;Residencial;0;1;1;0;0;0;0;0;0;1;0;0;-3,782377000000000;-38,555434000000000
305003;4;3;2017;20:10;5724;RUA MON ANTERO;RUA VIRGILIO PAES;;0;;Colis?úo Transversal;Anoitecer;Bom;Seca;Cruz;Pare;Residencial;0;0;2;1;0;0;0;0;0;0;0;0;-3,796663000000000;-38,493288000000000
305065;4;3;2017;14:00;0;AV PRS JUSCELINO KUBITSCHEK (PASSAR?ë);;;3999;;Colis?úo Traseira;Luz do Dia;Nublado;Seca;Meio de Quadra;Sem?íforo;Comercial;0;0;4;1;0;0;0;0;0;1;0;0;-3,817185000000000;-38,532271000000000
305059;4;3;2017;11:40;500;AV SEN FERNANDES TAVORA;RUA PRO VIEIRA;;0;;Colis?úo Frontal;Luz do Dia;Bom;Seca;Cruz;Pare;Comercial;0;1;1;1;0;0;0;0;0;1;0;0;-3,755810000000000;-38,594591000000000
305061;4;3;2017;12:30;0;AV JOSE BASTOS;;;3608;;Colis?úo Traseira;Luz do Dia;Bom;Seca;Meio de Quadra;Outros;Residencial;0;0;2;1;0;0;0;0;0;0;0;0;-3,750683000000000;-38,551145000000000
305063;4;3;2017;04:40;2451;AV PRS CASTELO BRANCO;RUA CESAR CORREIA;;0;;Choque c/ Obst?ículo Fixo;Luz do Dia;Bom;Seca;Cruz;Outros;Residencial;0;0;1;1;0;0;0;0;0;0;0;0;-3,707235000000000;-38,571621000000000
305040;4;3;2017;12:20;16613;AV 1 LOT ARVOREDO;RUA 15 LT ARVOREDO;;0;;Colis?úo Transversal;Luz do Dia;Chuva;Molhada;T;Pare;Residencial;0;0;2;1;0;0;0;0;0;1;0;0;-3,823472000000000;-38,567301000000000
305043;4;3;2017;19:20;0;AV GOV RAUL BARBOSA;;;6780;;Atropelamento;Via Iluminada;Bom;Seca;Meio de Quadra;N?úo H?í Controle;Comercial;0;1;1;1;0;0;0;0;0;0;0;0;-3,773158000000000;-38,512638000000000
305005;4;3;2017;09:30;26225;RUA FRE ODILON;RUA LICURGO MONTENEGRO;;0;;Colis?úo Lateral;Luz do Dia;Nublado;Seca;T;Pare;Residencial;0;0;2;1;0;0;0;0;0;0;0;0;-3,735009000000000;-38,572366000000000
305010;4;3;2017;18:05;5100;AV DOM MANUEL;AV MON TABOSA;;0;;Colis?úo Traseira;Via Iluminada;Bom;Seca;Cruz;Sem?íforo;Comercial;0;1;1;1;0;0;0;0;0;0;0;0;-3,723546362000000;-38,519575249000000
305024;4;3;2017;15:45;0;AV PRS COSTA E SILVA;;;5742;;Colis?úo Transversal;Luz do Dia;Bom;Seca;Meio de Quadra;N?úo H?í Controle;Residencial;0;1;1;1;0;0;0;0;0;1;0;0;;
305028;5;3;2017;10:45;6733;AV ENG SANTANA JUNIOR;RUA ANDRADE FURTADO;;0;;Colis?úo Traseira;Luz do Dia;;;T;N?úo H?í Controle;Comercial;0;0;2;1;1;0;0;0;0;0;0;0;-3,743312000000000;-38,487269000000000
305037;5;3;2017;02:35;13938;RUA VER PEDRO PAULO MOREIRA;RUA JUNIOR ROCHA;;0;;Colis?úo Transversal;;;;Cruz;Pare;Residencial;0;2;0;1;0;0;0;0;0;0;0;0;-3,787178000000000;-38,487345000000000
305032;5;3;2017;21:45;20129;AV DEP PAULINO ROCHA;RUA POMPILIO GOMES;;0;;Colis?úo Traseira;;;;T;Sem?íforo;Comercial;0;0;2;1;0;0;0;0;0;0;0;0;-3,810076000000000;-38,519652000000000
305033;5;3;2017;13:30;4270;RUA ALVARO DE ALENCAR;RUA MON ROSA D20/21;;0;;Colis?úo Traseira;Luz do Dia;;;Cruz;Pare;Residencial;0;0;3;1;1;0;0;0;0;0;0;0;-3,712094000000000;-38,557308000000000
305034;5;3;2017;00:30;11840;RUA DNA MAROQUINHA;RUA MON DANTAS;;0;;Colis?úo Lateral;;;;Cruz;Pare;Comercial;0;1;1;1;0;0;0;0;0;1;0;0;-3,720021000000000;-38,545833000000000
305008;5;3;2017;09:00;0;AV AUGUSTO DOS ANJOS;;;867;;Colis?úo Traseira;Luz do Dia;Nublado;Molhada;Meio de Quadra;Sem?íforo;Comercial;0;0;2;1;0;0;0;0;0;1;0;0;-3,775225000000000;-38,574793000000000
305014;5;3;2017;11:45;0;AV HIS RAIMUNDO GIRAO;;;600;;Colis?úo Traseira;Luz do Dia;;;Meio de Quadra;;;0;0;2;1;0;0;0;0;0;0;0;0;-3,721178000000000;-38,510435000000000
305017;5;3;2017;22:00;19528;RUA JULIO GASPAR;RUA CAMBARA;;0;;Colis?úo Frontal;;;;Cruz;Pare;Residencial;0;1;1;1;0;0;0;0;0;1;0;0;-3,782019000000000;-38,563574000000000
305020;5;3;2017;09:30;5098;RUA SEN POMPEU;RUA CASTRO E SILVA;;0;;Colis?úo Transversal;Luz do Dia;;;Cruz;Sem?íforo;Comercial;0;2;1;0;0;0;0;0;0;1;0;0;-3,723468000000000;-38,528597000000000
325516;5;3;2017;16:55;0;RD BR 116;;;3000;KM-03;Colis?úo Lateral;Luz do Dia;;Seca;Meio de Quadra;;;0;0;2;1;0;0;1;0;0;0;0;0;-3,779838000000000;-38,514372000000000
307804;5;3;2017;08:50;15392;RUA ARAUJO TORREAO;RUA INACIO VASCONCELOS;;0;;Colis?úo Transversal;Luz do Dia;Chuva;Molhada;Cruz;Pare;Residencial;0;0;1;1;0;0;0;0;0;0;0;0;-3,835600000000000;-38,499020000000000
307831;5;3;2017;20:32;1243;RUA DR JOSE LOURENCO;RUA PEREIRA FILGUEIRAS;;0;;Colis?úo Transversal;Via Iluminada;Bom;Seca;Cruz;Pare;Comercial;0;0;2;1;0;0;0;0;0;0;0;0;-3,730488500000000;-38,506454000000000
307796;5;3;2017;00:08;24310;RUA OSORIO PALMELLA;RUA DELMIRO GOUVEIA;;0;;Colis?úo Transversal;Via Iluminada;Bom;Seca;Cruz;Pare;Escola;0;1;1;1;0;0;0;0;0;1;0;0;-3,737088200000000;-38,487877000000000
307797;5;3;2017;02:06;0;AV BEIRA MAR;;;2450;;Atropelamento;Via Iluminada;Bom;Seca;;;;0;2;0;1;0;0;0;0;0;0;0;0;-3,725413800000000;-38,498300000000000
307798;5;3;2017;09:56;7693;RUA RIO GRANDE DO SUL;RUA CEARA;;0;;Colis?úo Transversal;Luz do Dia;Chuva;Molhada;Cruz;Pare;Comercial;0;0;2;1;0;0;0;0;0;0;0;0;-3,757980800000000;-38,567120000000000
307799;5;3;2017;14:43;0;AV SANTOS DUMONT;;;2789;;Choque c/ Obst?ículo Fixo;Luz do Dia;Bom;Seca;Meio de Quadra;Sem?íforo;Comercial;0;0;1;0;0;0;0;0;0;0;0;0;-3,735930200000000;-38,499683000000000
307800;5;3;2017;17:51;7926;AV ANTONIO SALES;RUA BARBOSA DE FREITAS;;0;;Colis?úo Transversal;Luz do Dia;Bom;Seca;Cruz;Sem?íforo;Residencial;0;0;2;1;0;0;0;0;0;0;0;0;-3,746253500000000;-38,499980000000000
307801;5;3;2017;17:15;0;AV ZEZE DIOGO;;;0;;Choque c/ Obst?ículo Fixo;Luz do Dia;Bom;Seca;T;N?úo H?í Controle;Lazer;0;0;1;1;0;0;0;0;0;0;0;0;-3,761427200000000;-38,441853000000000
307802;5;3;2017;21:05;1458;RUA CEL LINHARES;RUA DES LEITE ALBUQUERQUE;;0;;Colis?úo Transversal;Via Iluminada;Bom;Seca;Cruz;Pare;Escola;0;1;1;1;0;0;0;0;0;1;0;0;-3,738354700000000;-38,494743000000000
295381;5;3;2017;07:20;0;RUA PDE PEDRO DE ALENCAR;;;805;;Queda;Luz do Dia;;;Meio de Quadra;;;1;0;0;0;0;0;0;0;0;1;0;0;-3,836214000000000;-38,494156000000000