COD_ACIDENTE;DIA;MES;ANO;HORA;INTERSECAO;LOG1;LOG2;LOG3;NUMERO;REFERENCIA;NATUREZA;ILUMINACAO;TEMPO;SUPERFICIEPISTA;TIPOCRUZAMENTO;CONTROLETRAFEGO;USOSOLO;MORTOS;FERIDOS;ILESOS;AUTOMOVEL;ONIBUS;BICICLETA;CAMINHAO;MICROONIBUS;CICLOMOTOR;MOTOCICLETA;TRACAOANIMAL;TREM;LATITUDE;LONGITUDE
318284;5;3;2017;20:41;0;AV AGUANAMBI;;;1827;HOSPITAL ANTONIO PRUDENTE;Queda;;;;Meio de Quadra;;;0;1;1;0;0;0;0;0;0;1;0;0;-3,753197000000000;-38,523423000000000
318285;5;3;2017;21:07;9308;RUA GAL MARIO HERMES;RUA ALBERTO DE OLIVEIRA;;0;;Colis?úo;;;;;;;0;1;0;1;0;0;0;0;0;1;0;0;-3,713933000000000;-38,577799000000000
318293;5;3;2017;21:13;0;RUA 43 CJ JOSE WALTER;;;830;;Queda;;;;Meio de Quadra;;;0;1;0;0;0;1;0;0;0;0;0;0;-3,838083000000000;-38,559151000000000
318289;5;3;2017;21:13;7674;AV JOSE BASTOS;RUA RIO GRANDE DO NORTE;;0;;Colis?úo;;;;;;;0;1;0;1;0;0;0;0;0;1;0;0;-3,760562000000000;-38,564477000000000
318281;5;3;2017;20:23;0;RUA JULIO GASPAR;;;481;;Colis?úo;;;;Meio de Quadra;;;0;2;0;1;0;0;0;0;0;1;0;0;-3,782371000000000;-38,563170000000000
318282;5;3;2017;20:31;0;RUA C (LOT PRQ ARACAPE);;;1023;;Atropelamento;;;;Meio de Quadra;;;0;1;0;0;0;0;0;0;0;1;0;0;;
318268;5;3;2017;12:39;0;RUA GAL RABELO;;;1950;;Colis?úo;Luz do Dia;;;Meio de Quadra;;;0;1;0;1;0;0;0;0;0;1;0;0;;
318276;5;3;2017;16:03;0;AV GAL OSORIO DE PAIVA;;;7696;;Queda;Luz do Dia;;;Meio de Quadra;;;0;1;0;0;0;0;0;0;0;1;0;0;-3,819599000000000;-38,616469000000000
318277;5;3;2017;17:41;0;RUA DIOGO CORREIA;;;210;;Colis?úo;Anoitecer;;;Meio de Quadra;;;0;0;2;1;1;0;0;0;0;0;0;0;-3,772552600000000;-38,589139800000000
318278;5;3;2017;17:47;0;AV UM (ARVOREDO);;;1381;;Colis?úo;Anoitecer;;;Meio de Quadra;;;0;2;0;0;0;0;0;0;0;1;0;0;;
318279;5;3;2017;18:02;0;RUA DIOGO CORREIA;;;217;;Colis?úo;Anoitecer;;;Meio de Quadra;;;0;4;0;1;1;0;0;0;0;0;0;0;-3,772296000000000;-38,589471000000000
318264;5;3;2017;12:25;0;AV LINEU MACHADO;;;1465;;Colis?úo;Luz do Dia;;;Meio de Quadra;;;0;2;0;0;0;0;0;0;0;0;0;0;-3,772479300000000;-38,579993000000000
318266;5;3;2017;12:32;0;RUA MARIA JULIA;;;1966;;Colis?úo;Luz do Dia;;;Meio de Quadra;;;0;1;0;1;0;0;0;0;0;1;0;0;-3,802764839000000;-38,603744981000000
318273;5;3;2017;13:01;24815;RUA MORAUJO;RUA ANTONIO ARRUDA;;0;;Colis?úo;Luz do Dia;;;Cruz;N?úo H?í Controle;Residencial;0;1;0;1;0;0;0;0;0;1;0;0;-3,718609000000000;-38,593568000000000
318274;5;3;2017;14:59;0;AV CARNEIRO DE MENDONCA;;;0;;Colis?úo;Luz do Dia;;;Meio de Quadra;;;0;1;0;0;0;0;0;0;0;0;0;0;;
318255;5;3;2017;08:02;0;AV ALBERTO CRAVEIRO;;;0;;Queda;Luz do Dia;;;Meio de Quadra;;;0;0;1;0;0;0;0;0;0;1;0;0;;
318261;5;3;2017;11:08;0;RUA MARIANA F LEITE;;;1351;;Colis?úo;Luz do Dia;;;Meio de Quadra;;;0;0;1;1;0;0;0;0;0;1;0;0;-3,772345700000000;-38,485204600000000
318259;5;3;2017;10:48;0;AV DES MOREIRA;;;160;;Queda;Luz do Dia;;;Meio de Quadra;;;0;1;0;0;0;1;0;0;0;0;0;0;-3,728154000000000;-38,495734000000000
318290;6;3;2017;03:34;0;RUA JOAO GENTIL;;;0;;Queda;;;;Meio de Quadra;;;0;1;0;0;0;0;0;0;0;1;0;0;;
318294;6;3;2017;06:33;12620;RUA COS LAFAYETE;RUA TULIPA;;0;;Colis?úo;Luz do Dia;;;T;Pare;Residencial;0;1;0;1;0;0;0;0;0;1;0;0;-3,718159000000000;-38,580936000000000
318295;6;3;2017;07:40;0;RUA ENF JOAQUIM PINTO;;;1630;;Atropelamento;Luz do Dia;;;Meio de Quadra;;;0;1;0;1;0;0;0;0;0;0;0;0;-3,716842600000000;-38,567824300000000
318296;6;3;2017;08:01;0;RUA JOSE CARLOS GURGEL NOGUEIRA;;;592;;Atropelamento;Luz do Dia;;;Meio de Quadra;;;0;1;0;1;0;0;0;0;0;0;0;0;-3,737165000000000;-38,476467000000000
318302;6;3;2017;08:42;0;RUA 12 PQ SANTANA;;;455;;Colis?úo;Luz do Dia;;;Meio de Quadra;;;0;0;1;1;0;0;0;0;0;1;0;0;;
318312;6;3;2017;09:51;9555;RUA BARRA VERMELHA;RUA 23 DE JUNHO;;0;;Colis?úo;Luz do Dia;;;;;;0;1;0;0;0;0;0;0;0;0;0;0;-3,780625000000000;-38,612764000000000
318306;6;3;2017;09:27;25256;AV WASHINGTON SOARES;RUA JOAQUIM DE FIGUEIREDO FILHO;;0;;Colis?úo;Luz do Dia;;;;;;0;1;0;0;0;0;0;0;0;0;0;0;;
318333;6;3;2017;13:26;0;RUA SEN POMPEU;;;1943;;Colis?úo;Luz do Dia;;;Meio de Quadra;;;0;0;1;0;0;0;0;0;0;0;0;0;-3,735653700000000;-38,532186900000000
318334;6;3;2017;13:51;0;AV JOSE BASTOS;;;6262;;Colis?úo;Luz do Dia;;;Meio de Quadra;;;0;0;1;1;0;0;0;0;0;1;0;0;-3,766487000000000;-38,568562000000000
318335;6;3;2017;15:55;26091;AV JOVITA FEITOSA;AV JOSE JATAHY;;0;;Colis?úo;Luz do Dia;;;Cruz;Sem?íforo;Comercial;0;0;1;1;0;0;0;0;0;1;0;0;-3,737273000000000;-38,543936000000000
318336;6;3;2017;16:22;0;RUA MANUEL CASTELO BRANCO;;;0;;Colis?úo;Luz do Dia;;;Meio de Quadra;;;0;1;0;1;0;0;0;0;0;1;0;0;;
318329;6;3;2017;12:32;0;RUA STA RITA D30;;;301;;Colis?úo;Luz do Dia;;;Meio de Quadra;;;0;1;0;1;0;0;0;0;0;1;0;0;;
318326;6;3;2017;12:23;0;RUA VITAL BRASIL;;;1041;;Colis?úo;Luz do Dia;;;Meio de Quadra;;;0;2;0;1;0;0;0;0;0;1;0;0;-3,780181000000000;-38,590318000000000
318317;6;3;2017;10:38;0;RUA COS TRISTAO;;;900;;Colis?úo;Luz do Dia;;;Meio de Quadra;;;0;0;1;1;0;0;0;0;0;1;0;0;-3,741956900000000;-38,527747000000000
318318;6;3;2017;10:43;0;AV FRE CIRILO;;;4340;;Colis?úo;Luz do Dia;;;Meio de Quadra;;;0;0;1;1;0;0;0;0;0;1;0;0;-3,822182000000000;-38,495294000000000
318315;6;3;2017;10:14;0;AV PERIMETRAL;;;2828;;Colis?úo;Luz do Dia;;;Meio de Quadra;;;0;1;0;1;0;0;0;0;0;1;0;0;;
318323;6;3;2017;11:29;7002;AV F CJ ESPERANCA;AV CONTORNO NORTE D71;;0;;Colis?úo;Luz do Dia;;;Outros;Pare;Residencial;0;1;0;1;0;0;0;0;0;1;0;0;-3,815087000000000;-38,586267000000000
318324;6;3;2017;12:15;0;RUA VALPARAISO;;;165;;Colis?úo;Luz do Dia;;;Meio de Quadra;;;0;1;0;1;0;0;0;0;0;1;0;0;-3,851301700000000;-38,506053900000000
318338;6;3;2017;17:09;0;RUA JOSE MENDONCA;;;527;;Atropelamento;Anoitecer;;;Meio de Quadra;;;0;1;0;0;0;0;0;0;0;1;0;0;-3,757839000000000;-38,602317000000000
318331;6;3;2017;12:56;0;RD BR 116;;;10000;KM-10;Colis?úo;Luz do Dia;;;Meio de Quadra;;;0;0;2;1;0;0;0;0;0;1;0;0;-3,834435000000000;-38,503373000000000
318343;6;3;2017;19:07;0;RUA 9 CJ JOSE WALTER;;;122;;Queda;;;;Meio de Quadra;;;0;1;0;0;0;0;0;0;0;1;0;0;-3,823116000000000;-38,556317000000000
318341;6;3;2017;18:53;7760;AV ANTONIO SALES;RUA SILVA PAULET;;0;;Colis?úo;;;;Cruz;Sem?íforo;Comercial;0;1;0;1;0;0;0;0;0;1;0;0;-3,743595000000000;-38,508383000000000
318345;6;3;2017;20:16;0;RUA LINS DO REGO;;;426;;Colis?úo;;;;Meio de Quadra;;;0;1;0;0;0;0;0;0;0;0;0;0;-3,783032000000000;-38,576969000000000
318350;6;3;2017;20:27;9243;AV EDUARDO GIRAO;AV DOS EXPEDICIONARIOS;;0;;Colis?úo;;;;Cruz;Sem?íforo;Comercial;0;1;0;0;0;0;0;0;0;1;0;0;-3,750712000000000;-38,536849000000000
318355;6;3;2017;22:12;0;AV ENG HUMBERTO MONTE;;;1280;;Colis?úo;;;;Meio de Quadra;;;0;0;1;0;0;0;0;0;0;0;0;0;-3,748294000000000;-38,561135000000000
295389;6;3;2017;03:30;0;RUA SGT JOAO PINHEIRO;;;2168;;Queda;;;;Meio de Quadra;;;1;0;0;0;0;0;0;0;0;1;0;0;-3,789865782000000;-38,624763763000000
317817;6;3;2017;18:15;0;RD CE-040;;;0;KM-05;Atropelamento;Anoitecer;Bom;Seca;Meio de Quadra;;;0;1;1;0;0;0;0;0;0;1;0;0;-3,800595823000000;-38,479534630000000
317814;6;3;2017;10:00;0;RD CE-040;;;0;KM-06;Colis?úo;Luz do Dia;Bom;Seca;Meio de Quadra;;;0;0;2;1;0;0;0;0;0;0;0;0;-3,809596804000000;-38,478733480000000
307832;6;3;2017;19:40;1494;RUA BARBARA DE ALENCAR;RUA DR JOSE LOURENCO;;0;;Colis?úo Lateral;Via Iluminada;Bom;Seca;Cruz;Pare;Residencial;0;1;0;1;0;0;0;0;0;0;0;0;-3,739481000000000;-38,509365000000000
307833;6;3;2017;09:29;0;AV PRO GOMES DE MATOS;;;214;;Colis?úo Traseira;Luz do Dia;Bom;Seca;Meio de Quadra;;;0;2;1;1;0;0;0;0;0;1;0;0;-3,756563000000000;-38,541770000000000
307805;6;3;2017;07:03;0;RUA PRO GOMES BRASIL;;;500;;Colis?úo Lateral;Luz do Dia;Bom;Seca;Meio de Quadra;N?úo H?í Controle;Comercial;0;1;0;1;0;0;0;0;0;1;0;0;-3,771223800000000;-38,569630000000000
307806;6;3;2017;08:00;0;RUA ESV AZEVEDO;;;205;;Colis?úo Traseira;Luz do Dia;Bom;Seca;Meio de Quadra;N?úo H?í Controle;Residencial;0;0;2;1;0;0;0;0;0;0;0;0;-3,798364200000000;-38,511500000000000
307807;6;3;2017;08:40;0;AV PRS CASTELO BRANCO;;;1001;;Colis?úo Transversal;Luz do Dia;Bom;Seca;Meio de Quadra;N?úo H?í Controle;Comercial;0;0;2;1;0;0;0;0;0;0;0;0;-3,717959200000000;-38,538155000000000
307808;6;3;2017;07:55;0;RUA PEDRO LUIZ SOBRINHO;;;1201;;Atropelamento;Luz do Dia;Bom;Seca;Meio de Quadra;Sem?íforo;Residencial;0;1;1;1;0;0;0;0;0;0;0;0;-3,800604600000000;-38,498158000000000
307809;6;3;2017;09:50;17370;RUA BAR SOBRAL;RUA ALM RUBIM;;0;;Colis?úo Traseira;Luz do Dia;Bom;Seca;Cruz;Pare;Residencial;0;0;3;1;0;0;0;0;0;0;0;0;-3,765351500000000;-38,557160000000000
307810;6;3;2017;10:17;0;RUA PRO ANACLETO;;;50;;Colis?úo Lateral;Luz do Dia;Bom;Seca;Meio de Quadra;Pare;Residencial;0;0;2;1;0;0;0;0;0;0;0;0;-3,734290800000000;-38,553104000000000
307811;6;3;2017;07:30;23698;RUA PLACIDO DE CASTRO;RUA MON AGOSTINHO;;0;;Colis?úo Transversal;Luz do Dia;Bom;Seca;Cruz;Pare;Residencial;0;1;0;0;0;0;0;0;0;1;0;0;-3,790429800000000;-38,585580000000000
307812;6;3;2017;09:50;15301;RUA SILVA PAULET;RUA TEN BENEVOLO;;0;;Colis?úo Transversal;Luz do Dia;Bom;Seca;Cruz;Pare;Comercial;0;0;2;1;0;0;0;0;0;0;0;0;-3,729615000000000;-38,503845000000000
307813;6;3;2017;10:53;0;RUA COSTA BARROS;;;2422;;Colis?úo Lateral;Luz do Dia;Chuva;Molhada;Meio de Quadra;N?úo H?í Controle;Residencial;0;0;1;1;0;0;0;0;0;1;0;0;-3,733447800000000;-38,502200000000000
307814;6;3;2017;11:01;19540;RUA CASIMIRO DE ABREU;RUA JULIO GASPAR;;0;;Colis?úo Lateral;Luz do Dia;Nublado;Seca;Cruz;Pare;Residencial;0;1;2;1;0;0;0;0;0;0;0;0;-3,782547500000000;-38,562990000000000
307815;6;3;2017;09:25;19166;RUA JOAQUIM LIMA;RUA JULIO AZEVEDO;;0;;Colis?úo Transversal;Luz do Dia;Bom;Seca;Cruz;Pare;Residencial;0;2;0;0;0;0;0;0;0;1;0;0;-3,740920000000000;-38,481001000000000
307816;6;3;2017;10:40;1094;AV ENG LEAL LIMA VERDE (SAPIRANGA/COITE);RUA ROBERTO GRADVOHL;;2375;;Colis?úo Lateral;Luz do Dia;Bom;Seca;Cruz;Pare;Escola;0;0;2;1;0;0;0;0;0;0;0;0;-3,809449000000000;-38,474434000000000
307817;6;3;2017;12:53;266;AV JOVITA FEITOSA;RUA ERICO MOTA;;0;;Colis?úo Transversal;Luz do Dia;Bom;Seca;Cruz;Sem?íforo;Comercial;0;0;1;1;0;1;0;0;0;0;0;0;-3,740926700000000;-38,562090000000000
307818;6;3;2017;13:20;0;AV CARAPINIMA;;;2200;;Engavetamento;Luz do Dia;Bom;Seca;Meio de Quadra;N?úo H?í Controle;Comercial;0;0;3;1;0;0;0;0;0;0;0;0;-3,739739700000000;-38,539856000000000
307819;6;3;2017;16:20;0;AV ANTONIO SALES;;;2162;;Colis?úo Transversal;Luz do Dia;Bom;Seca;Meio de Quadra;N?úo H?í Controle;Comercial;0;0;2;1;0;0;0;0;0;0;0;0;-3,744601200000000;-38,504368000000000
307820;6;3;2017;16:05;12745;RUA JULIO CESAR D12;RUA ANA NERY;;0;;Colis?úo Transversal;Luz do Dia;Bom;Seca;Cruz;Pare;Residencial;0;0;2;1;1;0;0;0;0;0;0;0;-3,751636700000000;-38,544384000000000
307821;6;3;2017;15:30;0;AV DOM LUIS;;;927;;Colis?úo Traseira;Luz do Dia;Bom;Seca;Meio de Quadra;N?úo H?í Controle;Comercial;0;0;2;0;0;0;0;0;0;0;0;0;-3,734826300000000;-38,493110000000000
307822;6;3;2017;17:13;9033;RUA CEL SOLON;RUA DOM SEBASTIAO LEME;;0;;Colis?úo Transversal;Luz do Dia;Bom;Seca;Cruz;Pare;Residencial;0;0;2;1;0;0;0;0;0;0;0;0;-3,742899200000000;-38,526855000000000
307823;6;3;2017;16:30;13389;AV ANTONIO SALES;RUA JOAO CORDEIRO;;343;;Engavetamento;Luz do Dia;Bom;Seca;Meio de Quadra;Sem?íforo;Comercial;0;0;2;1;0;0;0;0;0;0;0;0;-3,740477800000000;-38,518353000000000
307824;6;3;2017;09:46;0;RUA RIACHUELO;;;720;;Colis?úo Lateral;Luz do Dia;Bom;Seca;Meio de Quadra;N?úo H?í Controle;Residencial;0;0;2;1;0;0;0;0;0;1;0;0;-3,738203800000000;-38,476230000000000
307825;6;3;2017;19:30;0;AV JOVITA FEITOSA;;;132;;Colis?úo Traseira;Via Iluminada;Bom;Seca;Outros;Sem?íforo;Comercial;0;0;1;1;0;0;0;0;0;0;0;0;-3,737474200000000;-38,545060000000000
307826;6;3;2017;20:45;25519;AV GOV RAUL BARBOSA;AV ALM HENRIQUE SABOIA;;3555;;Colis?úo Traseira;Via Iluminada;Bom;Seca;Y;Gesto;Comercial;0;0;2;1;0;0;0;0;0;0;0;0;-3,757032600000000;-38,504340000000000
307827;6;3;2017;19:00;0;AV CASTELO DE CASTRO;;;486;;Colis?úo Traseira;Via Iluminada;Bom;Seca;Cruz;N?úo H?í Controle;Residencial;0;0;2;1;0;0;0;0;0;1;0;0;-3,833690200000000;-38,521507000000000
307828;6;3;2017;18:52;0;AV DR ALDY MENTOR;;;0;;Choque c/ Obst?ículo Fixo;Mal Iluminada;Bom;Seca;Outros;N?úo H?í Controle;Residencial;0;0;0;1;0;0;0;0;0;0;0;0;-3,752850800000000;-38,462143000000000
325519;6;3;2017;12:30;0;RD BR 116;;;500;KM-10;Queda;Luz do Dia;;Seca;Meio de Quadra;;;0;2;0;0;0;0;0;0;0;1;0;0;-3,796035900000000;-38,507192300000000
305021;6;3;2017;22:01;0;AV ALM HENRIQUE SABOIA;;;0;;Colis?úo Traseira;Via Iluminada;Nublado;Seca;Meio de Quadra;Outros;Rural;0;2;0;1;0;0;0;0;0;0;0;0;;
305022;6;3;2017;14:40;5025;AV FILOMENO GOMES;RUA SEN ALENCAR;;0;;Colis?úo Lateral;Luz do Dia;Bom;Seca;T;Gesto;Outros;0;2;0;1;0;0;0;0;0;1;0;0;-3,720616000000000;-38,541328000000000
305023;6;3;2017;18:55;5067;RUA PDE MORORO;RUA SEN ALENCAR;;0;;Colis?úo Lateral;Via Iluminada;Bom;Seca;Cruz;Pare;Residencial;0;2;0;1;0;0;0;0;0;1;0;0;-3,722160000000000;-38,536475000000000
305018;6;3;2017;12:52;0;AV 13 DE MAIO;;;1776;;Colis?úo Lateral;Luz do Dia;Bom;Seca;Meio de Quadra;N?úo H?í Controle;Comercial;0;2;0;1;0;0;1;0;0;0;0;0;-3,745675000000000;-38,533607000000000
305019;6;3;2017;14:11;17378;RUA ALBERTO MAGNO;RUA ROMEU MARTINS;;0;;Colis?úo Traseira;Luz do Dia;Bom;Seca;Cruz;Pare;Comercial;0;3;0;1;0;0;0;0;0;0;0;0;-3,766914000000000;-38,551758000000000
305035;6;3;2017;22:15;10993;RUA BAR CANINDE;RUA 15 DE NOVEMBRO;;0;;Choque c/ Obst?ículo Fixo;Via Iluminada;Bom;Seca;Cruz;Sem?íforo;Residencial;0;2;0;0;0;0;0;0;0;0;0;0;-3,768608000000000;-38,556768000000000
305025;6;3;2017;06:00;25622;AV JOSE LEON;RUA BARRA NOVA;;0;;Atropelamento de Animal;Luz do Dia;Bom;Seca;T;Pare;Residencial;0;1;0;0;0;0;0;0;0;1;0;0;-3,786628000000000;-38,506133000000000
305030;6;3;2017;15:00;0;RUA PDE ANCHIETA;;;438;;Colis?úo Transversal;Luz do Dia;Bom;Seca;Meio de Quadra;N?úo H?í Controle;Lazer;0;1;1;0;1;0;0;0;0;0;0;0;-3,723848000000000;-38,550795000000000
305031;6;3;2017;14:40;15141;AV MON TABOSA;RUA CARLOS VASCONCELOS;;0;;Colis?úo Lateral;Luz do Dia;Bom;Seca;;Sem?íforo;Comercial;0;2;0;1;0;0;0;0;0;0;0;0;-3,724289000000000;-38,507985000000000
305027;6;3;2017;10:49;12954;RUA BERNARDO MANUEL;AV PRS COSTA E SILVA;;0;;Colis?úo Lateral;Luz do Dia;Nublado;Seca;Cruz;Sem?íforo;Comercial;0;1;1;1;0;0;1;0;0;0;0;0;-3,821079000000000;-38,558276000000000
305045;6;3;2017;20:54;0;AV ALM HENRIQUE SABOIA;;;0;;Colis?úo;Via Iluminada;Bom;Seca;Meio de Quadra;N?úo H?í Controle;Comercial;0;2;0;1;1;0;0;0;0;0;0;0;;
305280;6;3;2017;18:30;3883;AV DOS EXPEDICIONARIOS;RUA COSTA SOUZA;;0;;Colis?úo Transversal;Via Iluminada;Bom;Seca;T;Pare;Comercial;0;1;0;1;0;0;0;0;0;0;0;0;-3,747745000000000;-38,535932000000000
305047;7;3;2017;12:15;17347;RUA ALBERTO MAGNO;RUA IRM BAZET;;0;;Colis?úo Transversal;Luz do Dia;Bom;Seca;Cruz;N?úo H?í Controle;Comercial;0;2;0;1;0;0;0;0;0;1;0;0;-3,765502000000000;-38,550525000000000
305048;7;3;2017;11:50;0;RUA FRANCISCA MARIA DA CONCEICAO;;;940;;Outros;Luz do Dia;Bom;Seca;Meio de Quadra;N?úo H?í Controle;Comercial;0;1;1;0;1;0;0;0;0;1;0;0;;
305055;7;3;2017;08:30;6573;AV H CJ CEARA;AV C CJ CEARA;;0;;Colis?úo Frontal;Luz do Dia;Bom;Seca;Outros;Pare;Residencial;0;2;0;1;0;0;0;0;0;0;0;0;-3,776484798000000;-38,616412000000000
305052;7;3;2017;09:40;9653;RUA BOM JESUS (GRANJA LISBOA);RUA FRANCISCO PAIVA;;0;;Colis?úo Lateral;Luz do Dia;Bom;Seca;Cruz;Pare;Residencial;0;3;0;0;0;0;0;0;0;1;0;0;-3,790241000000000;-38,614088000000000
305057;7;3;2017;08:10;0;RUA MARIA GOMES DE SA;;;1200;;Colis?úo Lateral;Luz do Dia;Bom;Seca;Outros;Outros;Residencial;0;2;0;0;0;0;0;0;0;1;0;0;-3,825744000000000;-38,581910000000000
305036;7;3;2017;17:30;0;AV GAL OSORIO DE PAIVA;;;5723;;Colis?úo Traseira;Via Iluminada;Bom;Molhada;Meio de Quadra;N?úo H?í Controle;Comercial;0;2;0;1;0;0;0;0;0;1;0;0;-3,806982000000000;-38,604272000000000
305039;7;3;2017;14:20;0;AV SANTOS DUMONT;;;3646;;Colis?úo Transversal;Luz do Dia;Bom;Seca;Meio de Quadra;Outros;Comercial;0;2;0;1;1;0;0;0;0;0;0;0;-3,738462000000000;-38,491451000000000
325523;7;3;2017;07:45;0;RD BR 116;;;700;;Colis?úo Traseira;Luz do Dia;;Seca;Meio de Quadra;;;0;1;1;0;0;0;0;0;0;1;0;0;-3,791713000000000;-38,509100000000000
325526;7;3;2017;09:10;0;RD BR 116;;;12000;KM-12;Colis?úo Traseira;Luz do Dia;;Seca;Meio de Quadra;;;0;1;1;1;0;0;0;0;0;1;0;0;-3,855740000000000;-38,496066000000000
307834;7;3;2017;07:22;0;AV PRS COSTA E SILVA;;;5606;;Colis?úo Lateral;Luz do Dia;Bom;Seca;Outros;Sem?íforo;Comercial;0;0;1;0;1;0;0;0;0;1;0;0;-3,828517000000000;-38,531130000000000
307835;7;3;2017;08:13;25665;RUA MARVIN;RUA ANTENOR ROCHA ALEXANDRE;;0;;Colis?úo Transversal;Luz do Dia;Bom;Seca;Cruz;N?úo H?í Controle;Residencial;0;0;1;1;0;0;0;0;0;0;0;0;-3,792332600000000;-38,483680000000000
307836;7;3;2017;08:02;357;RUA XAVIER DE OLIVEIRA;RUA ERICO MOTA;;0;;Colis?úo Transversal;Luz do Dia;Bom;Seca;Cruz;Pare;Residencial;0;3;0;1;0;0;0;0;0;0;0;0;-3,747322300000000;-38,560658000000000
307837;7;3;2017;07:20;14616;AV JOSE LEON;RUA JUIZ DE FORA;;0;;Colis?úo Transversal;Luz do Dia;Bom;Seca;T;Pare;Residencial;0;0;2;1;0;0;0;0;0;0;0;0;-3,791008500000000;-38,488820000000000
307838;7;3;2017;08:57;0;AV LUCIANO CARNEIRO;;;907;;Colis?úo Traseira;Luz do Dia;Bom;Seca;Meio de Quadra;N?úo H?í Controle;Comercial;0;0;2;1;0;0;0;0;0;0;0;0;-3,756195800000000;-38,534100000000000
307839;7;3;2017;08:50;0;AV GOV RAUL BARBOSA;;;7485;;Colis?úo Transversal;Luz do Dia;Bom;Seca;Meio de Quadra;N?úo H?í Controle;Residencial;0;0;2;1;0;0;0;0;0;0;0;0;-3,776862600000000;-38,513195000000000
307840;7;3;2017;09:29;11573;AV DES FAUSTINO ALBUQUERQUE;RUA MON JOAO LUIS SANTIAGO;;0;;Colis?úo Lateral;Luz do Dia;Bom;Seca;Cruz;Pare;Residencial;0;1;1;0;0;0;0;0;0;1;0;0;-3,786330000000000;-38,499645000000000
307841;7;3;2017;10:07;9117;RUA DR RATISBONA;RUA DR ALFREDO WEYNE D14;;0;;Colis?úo Traseira;Luz do Dia;Bom;Seca;Cruz;Pare;Comercial;0;0;2;1;0;0;0;0;0;0;0;0;-3,756266400000000;-38,531490000000000
307842;7;3;2017;09:00;0;AV CEL CARVALHO;;;1399;;Colis?úo Frontal;Luz do Dia;Bom;Seca;Meio de Quadra;Pare;Comercial;0;1;2;1;0;0;0;0;0;0;0;0;-3,714896400000000;-38,588528000000000
307844;7;3;2017;11:30;0;AV PRS JUSCELINO KUBITSCHEK (PASSAR?ë);;;3600;;Colis?úo Lateral;Luz do Dia;Bom;Seca;Cruz;Sem?íforo;Comercial;0;0;2;1;0;0;0;0;0;0;0;0;-3,813583900000000;-38,529870000000000
307845;7;3;2017;13:43;24980;RUA GAL TERTULIANO POTYGUARA;AV ALM HENRIQUE SABOIA;;0;;Colis?úo Frontal;Luz do Dia;Bom;Seca;T;Pare;Residencial;0;0;2;0;0;0;0;0;0;1;0;0;-3,746186700000000;-38,491080000000000
307846;7;3;2017;14:05;0;RUA NAT FEIJO;;;1018;;Colis?úo Traseira;Luz do Dia;Bom;Seca;Meio de Quadra;N?úo H?í Controle;Residencial;0;0;2;1;0;0;0;0;0;0;0;0;-3,721204800000000;-38,557873000000000
307847;7;3;2017;14:04;0;AV DOS EXPEDICIONARIOS;;;5173;;Colis?úo Lateral;Luz do Dia;Bom;Seca;N?úo Informado;N?úo H?í Controle;Comercial;0;0;2;1;0;0;0;0;0;0;0;0;-3,765478100000000;-38,541233000000000
307848;7;3;2017;14:38;22090;RUA PRO COSTA MENDES;RUA FRE MARCELINO;;0;;Colis?úo Transversal;Luz do Dia;Bom;Seca;Cruz;Pare;Comercial;0;1;1;1;0;0;0;0;0;0;0;0;-3,747073400000000;-38,555400000000000
307849;7;3;2017;15:55;0;AV PERIMETRAL;;;0;;Engavetamento;Luz do Dia;Bom;Seca;Meio de Quadra;N?úo H?í Controle;Comercial;0;0;4;1;0;0;0;0;0;0;0;0;-3,824555600000000;-38,544190000000000
307850;7;3;2017;16:16;0;AV IMPERADOR;;;1287;;Colis?úo Lateral;Luz do Dia;Bom;Seca;Meio de Quadra;Sem?íforo;Comercial;0;0;2;1;1;0;0;0;0;0;0;0;-3,732457200000000;-38,536007000000000
307851;7;3;2017;15:41;5504;RUA PDE VALDEVINO;RUA JOAO CORDEIRO;;0;;Colis?úo Transversal;Luz do Dia;Bom;Seca;Cruz;Sem?íforo;Comercial;0;0;1;1;0;0;0;0;0;0;0;0;-3,738916900000000;-38,517620000000000
307854;7;3;2017;20:20;3860;AV DA UNIVERSIDADE;AV 13 DE MAIO;;0;;Colis?úo Lateral;Via Iluminada;Bom;Seca;Cruz;Sem?íforo;Escola;0;0;2;1;1;0;0;0;0;0;0;0;-3,740797500000000;-38,539290000000000
307855;7;3;2017;20:45;0;RUA MAL BITENCOURT;;;756;;Colis?úo Lateral;Mal Iluminada;Bom;Seca;Meio de Quadra;N?úo H?í Controle;Residencial;0;3;0;0;0;0;0;0;0;1;0;0;-3,789421000000000;-38,529312000000000
307859;7;3;2017;19:17;0;RUA AMAZONAS;AV AMERICO BARREIRA;;0;;Colis?úo Transversal;Via Iluminada;Bom;Seca;T;Pare;Comercial;0;0;2;1;1;0;0;0;0;0;0;0;-3,757043400000000;-38,559230000000000
307899;7;3;2017;18:40;15370;AV DOM LUIS;AV SEN VIRGILIO TAVORA;;0;;Colis?úo Lateral;Via Iluminada;Bom;Seca;N?úo Informado;N?úo H?í Controle;Comercial;0;0;0;0;1;0;0;0;0;0;0;0;-3,734692300000000;-38,492374000000000