COD_ACIDENTE;DIA;MES;ANO;HORA;INTERSECAO;LOG1;LOG2;LOG3;NUMERO;REFERENCIA;NATUREZA;ILUMINACAO;TEMPO;SUPERFICIEPISTA;TIPOCRUZAMENTO;CONTROLETRAFEGO;USOSOLO;MORTOS;FERIDOS;ILESOS;AUTOMOVEL;ONIBUS;BICICLETA;CAMINHAO;MICROONIBUS;CICLOMOTOR;MOTOCICLETA;TRACAOANIMAL;TREM;LATITUDE;LONGITUDE
307906;7;3;2017;19:59;19614;RUA DINAMARCA;RUA POLONIA;;491;;Colis?úo Lateral;Via Iluminada;Nublado;Seca;Cruz;Pare;Residencial;0;0;2;1;0;0;0;0;0;0;0;0;-3,787240700000000;-38,571815000000000
307896;7;3;2017;18:34;3822;AV CARAPINIMA;RUA PEQUENA;;2018;;Colis?úo Traseira;Via Iluminada;Bom;Seca;N?úo Informado;N?úo H?í Controle;Comercial;0;0;2;1;1;0;0;0;0;0;0;0;-3,738595000000000;-38,538555000000000
308203;7;3;2017;22:11;0;RUA JULIO ABREU;;;1580;;Colis?úo Transversal;Via Iluminada;Bom;Seca;Cruz;N?úo H?í Controle;Comercial;0;0;0;1;1;0;0;0;0;0;0;0;-3,735826000000000;-38,485966000000000
317828;7;3;2017;13:30;0;RD CE-040;;;0;KM-03;Colis?úo;Luz do Dia;Bom;Seca;Meio de Quadra;;;0;0;2;1;0;0;0;0;0;0;0;0;-3,782614325000000;-38,481083900000000
318362;7;3;2017;06:50;0;AV PERIMETRAL;;;5297;;Colis?úo;Luz do Dia;;;Meio de Quadra;;;0;1;0;0;0;0;0;0;0;0;0;0;;
318375;7;3;2017;08:14;0;AV GAL OSORIO DE PAIVA;;;395;;Colis?úo;Luz do Dia;;;Meio de Quadra;;;0;0;1;0;0;0;0;0;0;1;0;0;-3,775582000000000;-38,566378000000000
318376;7;3;2017;08:56;0;AV DOMINGOS OLIMPIO;;;60;;Atropelamento;Luz do Dia;;;Meio de Quadra;;;0;1;0;0;0;0;0;0;0;1;0;0;-3,738612000000000;-38,524098000000000
318377;7;3;2017;09:27;0;AV JOR THOMAZ COELHO;;;305;;Colis?úo;Luz do Dia;;;Meio de Quadra;;;0;1;0;0;0;0;0;0;0;1;0;0;-3,832505400000000;-38,499624600000000
318367;7;3;2017;07:44;0;AV H CJ CEARA;;;1285;;Colis?úo;Luz do Dia;;;Meio de Quadra;;;0;1;0;1;0;0;0;0;0;1;0;0;-3,775715000000000;-38,609521000000000
318368;7;3;2017;08:01;0;RD BR 116;;;2000;KM-02;Colis?úo;Luz do Dia;;;Meio de Quadra;;;0;1;0;1;0;0;0;0;0;1;0;0;-3,771391000000000;-38,516780000000000
318387;7;3;2017;12:40;0;RUA TEOFILO GURGEL;;;700;;Colis?úo;Luz do Dia;;;Meio de Quadra;;;0;0;1;1;0;0;0;0;0;1;0;0;-3,731512000000000;-38,546174000000000
318379;7;3;2017;09:40;0;RD BR 116;;;8000;KM-08;Colis?úo;Luz do Dia;;;Meio de Quadra;;;0;0;1;1;0;0;0;0;0;1;0;0;-3,822018000000000;-38,503269000000000
318372;7;3;2017;08:03;4250;AV FRANCISCO SA;RUA PDE ANCHIETA;;0;;Colis?úo;Luz do Dia;;;;;;0;2;0;1;0;0;0;0;0;1;0;0;-3,719988000000000;-38,549538000000000
318381;7;3;2017;09:54;0;RUA CON DE CASTRO;;;3677;;Atropelamento;Luz do Dia;;;Meio de Quadra;;;0;1;0;1;0;0;0;0;0;0;0;0;-3,799311000000000;-38,586691000000000
318382;7;3;2017;10:18;0;AV ALM HENRIQUE SABOIA;;;0;;Colis?úo;Luz do Dia;;;Meio de Quadra;;;0;1;0;1;0;0;0;0;0;1;0;0;;
318389;7;3;2017;12:45;25124;RUA OLIVEIRA SOBRINHO;AV AUGUSTO DOS ANJOS;;0;;Colis?úo;Luz do Dia;;;Cruz;Pare;Comercial;0;1;0;1;0;0;0;0;0;1;0;0;;
318390;7;3;2017;12:47;0;AV A CJ CEARA;;;790;;Colis?úo;Luz do Dia;;;Meio de Quadra;;;0;0;1;1;0;0;0;0;0;1;0;0;;
318392;7;3;2017;13:54;0;AV SANTOS DUMONT;;;0;;Colis?úo;Luz do Dia;;;Meio de Quadra;;;0;1;0;1;1;0;0;0;0;0;0;0;;
318393;7;3;2017;14:46;0;RUA ALVARES CABRAL;;;589;;Queda;Luz do Dia;;;Meio de Quadra;;;0;2;0;0;0;0;0;0;0;1;0;0;-3,778806928000000;-38,546910471000000
318394;7;3;2017;15:35;7873;RUA BARBOSA DE FREITAS;AV PONTES VIEIRA;;0;;Colis?úo;Luz do Dia;;;Cruz;Sem?íforo;Comercial;0;0;1;1;0;0;0;0;0;1;0;0;-3,751381000000000;-38,502094000000000
318395;7;3;2017;17:07;10760;RUA JOCKEY CLUBE;RUA PDE SA LEITAO;;0;;Colis?úo;Anoitecer;;;Cruz;Pare;Residencial;0;1;0;0;0;0;0;0;0;1;0;0;-3,761438000000000;-38,581152000000000
318416;7;3;2017;22:32;0;AV GAL OSORIO DE PAIVA;;;0;;Atropelamento;;;;Meio de Quadra;;;0;2;0;0;0;0;0;0;0;0;0;0;;
318417;7;3;2017;22:49;0;ET DO ITAPERI;;;145;;Atropelamento;;;;Meio de Quadra;;;0;1;0;0;0;0;0;0;0;0;0;0;-3,825934200000000;-38,530523900000000
318413;7;3;2017;21:46;0;AV GAL OSORIO DE PAIVA;;;0;;Colis?úo;;;;Meio de Quadra;;;0;1;0;0;0;0;0;0;0;0;0;0;;
318414;7;3;2017;22:12;0;AV MAJ ASSIS;;;3114;;Atropelamento;;;;Meio de Quadra;;;0;1;0;0;0;0;0;0;0;1;0;0;-3,718434000000000;-38,606867000000000
318402;7;3;2017;18:33;0;RUA MARIA GOMES DE SA;;;0;;Colis?úo;;;;Meio de Quadra;;;0;0;1;1;0;0;0;0;0;1;0;0;;
318403;7;3;2017;19:39;15284;AV ANTONIO JUSTA;RUA JOSE NAPOLEAO;;0;;Colis?úo;;;;T;Pare;Residencial;0;1;0;1;0;0;0;0;0;1;0;0;-3,729164000000000;-38,489799000000000
318405;7;3;2017;19:54;0;AV L CJ JOSE WALTER;;;676;;Queda;;;;Meio de Quadra;;;0;0;1;0;0;0;0;0;0;1;0;0;;
318406;7;3;2017;20:01;0;RUA 333 CJ CEARA;;;137;;Atropelamento;;;;Meio de Quadra;;;0;1;0;0;0;0;0;0;0;0;0;0;-3,772897000000000;-38,612347000000000
318407;7;3;2017;20:08;0;RUA BANVAR BEZERRA;;;270;;Atropelamento;;;;Meio de Quadra;;;0;1;0;0;0;0;0;0;0;1;0;0;-3,732202000000000;-38,580391000000000
318410;7;3;2017;21:36;0;RUA 24 DE OUTUBRO;;;404;;Colis?úo;;;;Meio de Quadra;;;0;2;0;1;0;0;0;0;0;1;0;0;-3,753057600000000;-38,602986600000000
318420;8;3;2017;07:08;0;RUA DOM XISTO ALBANO;;;1814;;Queda;Luz do Dia;;;Meio de Quadra;;;0;1;0;0;0;0;0;0;0;1;0;0;-3,798758000000000;-38,587137000000000
318422;8;3;2017;07:39;0;RD BR 116;;;6102;;Queda;Luz do Dia;;;Meio de Quadra;;;0;1;0;0;0;0;0;0;0;1;0;0;-3,774643000000000;-38,515833000000000
318430;8;3;2017;11:20;10992;RUA DOM CARLOTO TAVORA;RUA BAR CANINDE;;0;;Colis?úo;Luz do Dia;;;Cruz;Pare;Residencial;0;1;0;1;0;0;0;0;0;1;0;0;-3,769531000000000;-38,557103000000000
318431;8;3;2017;12:00;0;AV WASHINGTON SOARES;;;0;;Colis?úo;Luz do Dia;;;Meio de Quadra;;;0;1;0;1;0;0;0;0;0;1;0;0;;
318432;8;3;2017;12:18;0;RUA LUIS VIEIRA;;;390;;Colis?úo;Luz do Dia;;;Meio de Quadra;;;0;1;0;1;0;0;0;0;0;1;0;0;-3,794926000000000;-38,587033000000000
318433;8;3;2017;14:53;743;AV PASTEUR;AV PRS CASTELO BRANCO;;0;;Colis?úo;Luz do Dia;;;Cruz;Sem?íforo;Comercial;0;1;0;1;0;0;0;0;0;1;0;0;-3,711181000000000;-38,558856000000000
318434;8;3;2017;14:59;0;RUA JOAQUIM PIMENTA;;;230;;Colis?úo;Luz do Dia;;;Meio de Quadra;;;0;1;0;1;0;0;0;0;0;1;0;0;-3,764854000000000;-38,544160000000000
318428;8;3;2017;09:40;0;AV DR THEBERGE;;;0;;Queda;Luz do Dia;;;Meio de Quadra;;;0;1;0;0;0;0;0;0;0;1;0;0;;
318425;8;3;2017;07:58;0;AV AREIA BRANCA;;;380;;Queda;Luz do Dia;;;Meio de Quadra;;;0;1;0;0;0;1;0;0;0;0;0;0;-3,727674058000000;-38,475638019000000
318426;8;3;2017;09:24;0;AV MAE LISBOA;;;0;;Colis?úo;Luz do Dia;;;Meio de Quadra;;;0;1;0;1;0;0;0;0;0;1;0;0;;
318451;8;3;2017;22:17;0;AV FRE CIRILO;;;12;;Colis?úo;;;;Meio de Quadra;;;0;1;0;0;0;0;0;0;0;0;0;0;-3,827494146000000;-38,493362695000000
318452;8;3;2017;22:46;0;RUA CONDE D??EU;;;0;;Atropelamento;;;;Meio de Quadra;;;0;1;0;1;0;0;0;0;0;0;0;0;;
318448;8;3;2017;21:11;0;AV PRS CASTELO BRANCO;;;5818;;Atropelamento;;;;Meio de Quadra;;;0;1;0;0;0;0;0;0;0;1;0;0;-3,702572000000000;-38,582394000000000
318441;8;3;2017;17:24;0;AV GAL OSORIO DE PAIVA;;;7775;;Colis?úo;Anoitecer;;;Meio de Quadra;;;0;1;0;0;0;0;0;0;0;0;0;0;-3,820401000000000;-38,617259000000000
318445;8;3;2017;18:22;0;RUA SEIXAS CORREIA;;;520;;Colis?úo;Anoitecer;;;Meio de Quadra;;;0;1;0;1;0;0;0;0;0;1;0;0;-3,778743000000000;-38,579415000000000
318439;8;3;2017;17:09;0;AV DR THEBERGE;;;1911;;Colis?úo;Anoitecer;;;Meio de Quadra;;;0;1;0;1;0;0;0;0;0;1;0;0;-3,717435000000000;-38,565874000000000
318436;8;3;2017;15:11;0;AV I CJ JOSE WALTER;;;1209;;Queda;Luz do Dia;;;Meio de Quadra;;;0;1;0;0;0;0;0;0;0;1;0;0;;
318418;8;3;2017;06:09;0;RUA NEREU RAMOS;;;4302;;Queda;Luz do Dia;;;Meio de Quadra;;;0;1;0;0;0;0;0;0;0;1;0;0;-3,784390800000000;-38,573379000000000
317830;8;3;2017;12:10;0;AV SEN CARLOS JEREISSATI (AEROPORTO);;;0;KM 03;Colis?úo;Luz do Dia;Bom;Seca;Meio de Quadra;;;0;0;2;1;0;0;0;0;0;1;0;0;-3,779641000000000;-38,544038000000000
307860;8;3;2017;17:49;10849;RUA ARACAJU;RUA CIDADE RIO BRANCO;;0;;Colis?úo Transversal;Luz do Dia;Nublado;Seca;Cruz;N?úo H?í Controle;Residencial;0;0;2;1;0;0;0;0;0;0;0;0;-3,765456400000000;-38,590546000000000
307856;8;3;2017;15:53;1360;RUA DES LEITE ALBUQUERQUE;RUA JOAQUIM NABUCO;;0;;Colis?úo Lateral;Luz do Dia;Chuva;Molhada;Cruz;Pare;Comercial;0;0;2;1;0;0;0;0;0;0;0;0;-3,736273500000000;-38,501545000000000
307857;8;3;2017;16:58;25102;AV FILOMENO GOMES;AV FRANCISCO SA;;0;;Colis?úo Lateral;Luz do Dia;Bom;Seca;Cruz;Sem?íforo;Escola;0;0;2;0;1;0;0;0;0;1;0;0;-3,722944300000000;-38,541103000000000
307858;8;3;2017;16:20;0;AV AGUANAMBI;;;384;;Colis?úo Lateral;Luz do Dia;Bom;Seca;Meio de Quadra;N?úo H?í Controle;Comercial;0;1;1;0;0;0;0;0;1;0;0;0;-3,740270600000000;-38,525100000000000
307852;8;3;2017;10:58;15231;RUA JUAZEIRO DO NORTE;RUA JOSE NAPOLEAO;;0;;Colis?úo Transversal;Luz do Dia;Nublado;Seca;Cruz;Pare;Residencial;0;1;1;0;0;0;0;0;0;1;0;0;-3,727345200000000;-38,490242000000000
307853;8;3;2017;13:36;0;RUA VICENTE LINHARES;;;60;;Colis?úo Lateral;Luz do Dia;Nublado;Molhada;Meio de Quadra;Sem?íforo;Comercial;0;0;2;1;0;0;0;0;0;0;0;0;-3,741117700000000;-38,503260000000000
305060;8;3;2017;15:20;0;AV PRS COSTA E SILVA;;;0;;Colis?úo Traseira;Luz do Dia;Nublado;Seca;Meio de Quadra;Sem?íforo Intermitente;Residencial;0;2;0;0;0;0;0;0;0;1;0;0;;
305062;8;3;2017;16:30;7762;AV ANTONIO SALES;RUA NUNES VALENTE;;0;;Colis?úo Lateral;Luz do Dia;Bom;Seca;Cruz;Pare;Residencial;0;1;1;1;0;0;0;0;0;0;0;0;-3,744237000000000;-38,506314000000000
305066;8;3;2017;15:10;743;AV PASTEUR;AV PRS CASTELO BRANCO;;0;;Colis?úo Traseira;Luz do Dia;Nublado;Molhada;Cruz;Sem?íforo;Comercial;0;2;0;1;0;0;0;0;0;0;0;0;-3,711181000000000;-38,558856000000000
305068;8;3;2017;21:20;3371;RUA RIO BRANCO;RUA 3 DE MAIO;;0;;Colis?úo Lateral;Via Iluminada;Bom;Seca;Cruz;Sem?íforo;Comercial;0;2;0;1;0;0;1;0;0;0;0;0;-3,753720000000000;-38,559901000000000
305069;8;3;2017;07:40;17479;RUA TEREZA HINKO;RUA SEN MACHADO D48;;0;;Colis?úo Lateral;Luz do Dia;Nublado;;Cruz;N?úo H?í Controle;Residencial;0;3;0;1;0;0;0;0;0;0;0;0;-3,724539000000000;-38,484407000000000
305076;8;3;2017;04:50;25025;AV AUGUSTO DOS ANJOS;RUA EMILIO DE MENESES;;0;;Colis?úo Traseira;Luz do Dia;Bom;Seca;T;Sem?íforo;Comercial;0;2;0;0;1;0;0;0;0;0;0;0;-3,783313000000000;-38,581896000000000
305071;8;3;2017;13:00;13239;AV F CJ JOSE WALTER;AV J CJ JOSE WALTER;;0;;Colis?úo Transversal;Luz do Dia;Chuva;Seca;Rotat??ria;D?¬ Prefer?¬ncia;Residencial;0;1;1;0;0;0;0;0;0;1;0;0;-3,835833000000000;-38,557143000000000
305072;8;3;2017;13:40;0;AV GAL OSORIO DE PAIVA;;;2461;;Colis?úo Transversal;Luz do Dia;Bom;Seca;Meio de Quadra;Sem?íforo;Residencial;0;2;0;1;0;0;0;0;0;1;0;0;-3,786846000000000;-38,584193000000000
305074;8;3;2017;15:15;0;AV GAL OSORIO DE PAIVA;;;0;;Colis?úo Lateral;Luz do Dia;Bom;Seca;Meio de Quadra;Sem?íforo;Residencial;0;2;0;1;0;0;1;0;0;0;0;0;;
305079;8;3;2017;15:00;0;RUA SILVEIRA DA MOTA;;;61;;Colis?úo Lateral;;Nublado;Seca;Meio de Quadra;N?úo H?í Controle;Residencial;0;3;0;1;0;0;0;0;0;0;0;0;-3,813503000000000;-38,492332000000000
305380;8;3;2017;20:05;19730;RUA CRUZ SALDANHA;RUA DOM MANUEL DE MEDEIROS;;0;;Colis?úo Lateral;Via Iluminada;Bom;Seca;Cruz;Pare;Residencial;0;2;0;1;1;0;0;0;0;0;0;0;-3,736980000000000;-38,553612000000000
305094;9;3;2017;19:00;0;AV ENG SANTANA JUNIOR;;;0;;Colis?úo Lateral;;Nublado;Molhada;Meio de Quadra;;Residencial;0;2;0;1;1;0;0;0;0;0;0;0;;
305095;9;3;2017;18:50;12863;AV DOMINGOS OLIMPIO;RUA FLORIANO PEIXOTO;;0;;Colis?úo Traseira;Via Iluminada;Bom;Seca;Cruz;N?úo H?í Controle;Comercial;0;4;0;1;0;0;0;0;0;0;0;0;-3,736976000000000;-38,530313000000000
305096;9;3;2017;17:40;0;RUA TEREZA HINKO;;;250;;Colis?úo Traseira;Luz do Dia;Chuva;Molhada;Meio de Quadra;Sem?íforo;Residencial;0;2;0;1;0;0;0;0;0;0;0;0;-3,724948000000000;-38,484457000000000
305097;9;3;2017;17:50;9033;RUA CEL SOLON;RUA DOM SEBASTIAO LEME;;0;;Colis?úo Lateral;Via Iluminada;Nublado;Seca;Cruz;Pare;Comercial;0;2;0;1;0;0;0;0;0;1;0;0;-3,742963000000000;-38,526799000000000
305098;9;3;2017;05:50;0;RUA DUARTE PIMENTEL;;;0;;Colis?úo Lateral;;Chuva;;Cruz;;Comercial;0;1;1;1;1;0;0;0;0;0;0;0;;
305099;9;3;2017;10:00;11017;RUA LIVINO DE CARVALHO;TR IPIRANGA D39;;0;;Colis?úo Transversal;Luz do Dia;Chuva;Molhada;Cruz;Pare;Residencial;0;2;0;1;0;0;0;0;0;1;0;0;-3,773591000000000;-38,551895000000000
305100;9;3;2017;11:40;7869;RUA BARBOSA DE FREITAS;RUA FRANCISCO HOLANDA;;0;;Colis?úo Transversal;Luz do Dia;Nublado;Molhada;Cruz;Pare;Comercial;0;2;0;1;0;0;0;0;0;0;0;0;-3,749671000000000;-38,501555000000000
305111;9;3;2017;21:00;19713;RUA AZEVEDO BOLAO;RUA DOM LINO;;0;;Colis?úo Frontal;Via Iluminada;Bom;Seca;Cruz;Pare;Comercial;0;1;0;1;0;0;0;0;0;0;0;0;-3,736529000000000;-38,557088000000000
305109;9;3;2017;11:25;0;AV PRS CASTELO BRANCO;;;5738;;Outros;;Nublado;Molhada;Meio de Quadra;;Comercial;0;2;0;1;1;0;0;0;0;0;0;0;-3,702767000000000;-38,581968000000000
305089;9;3;2017;20:00;17369;RUA ELVIRA PINHO;RUA JOAO FIRMINO;;0;;Colis?úo Lateral;Via Iluminada;Nublado;Seca;Cruz;Pare;Residencial;0;2;0;1;0;0;0;0;0;0;0;0;-3,766492000000000;-38,556968000000000
305102;9;3;2017;09:30;7717;AV JOAO PESSOA;RUA PACAEMBU;;0;;Colis?úo Lateral;Luz do Dia;Chuva;Seca;T;Outros;Comercial;0;2;0;1;0;0;0;0;0;0;0;0;-3,765308000000000;-38,559014000000000
305103;9;3;2017;13:35;0;AV BEZERRA DE MENEZES;;;0;;Colis?úo Lateral;Luz do Dia;Nublado;Seca;Meio de Quadra;Pare;Residencial;0;2;0;1;0;0;0;0;0;0;0;0;;
305104;9;3;2017;11:00;22972;RUA MAD ELISA BALDO;RUA PRA HELOISA F LIMA;;0;;Outros;;Bom;Seca;Cruz;;Residencial;0;2;0;1;0;0;0;0;0;0;0;0;-3,785465000000000;-38,545126000000000
305105;9;3;2017;14:00;0;AV GAL OSORIO DE PAIVA;;;412;;Colis?úo Lateral;Luz do Dia;Bom;Seca;Meio de Quadra;Sem?íforo;Residencial;0;2;0;1;0;0;0;0;0;0;0;0;-3,775582000000000;-38,566378000000000
305106;9;3;2017;16:45;0;AV JOVITA FEITOSA;;;775;;;Luz do Dia;Chuva;Molhada;Meio de Quadra;;Residencial;0;2;0;1;0;0;0;0;0;1;0;0;-3,738707000000000;-38,550841000000000
305107;9;3;2017;17:45;0;RUA CEL MATOS DOURADO;;;1089;;Colis?úo Traseira;Anoitecer;Bom;Seca;Meio de Quadra;Sem?íforo;Residencial;0;2;0;1;0;0;0;0;0;1;0;0;-3,748966000000000;-38,584729000000000
307861;9;3;2017;08:00;0;RUA MON SALAZAR;;;1067;;Atropelamento;Luz do Dia;Chuva;Molhada;Meio de Quadra;N?úo H?í Controle;Comercial;0;1;1;1;0;0;0;0;0;0;0;0;-3,755863400000000;-38,510850000000000
307862;9;3;2017;09:43;0;AV BENJAMIM BRASIL;;;1600;;Colis?úo Traseira;Luz do Dia;Chuva;Molhada;Meio de Quadra;N?úo H?í Controle;Residencial;0;0;2;1;0;0;0;0;0;0;0;0;-3,806777000000000;-38,560905000000000
307863;9;3;2017;09:48;0;AV 13 DE MAIO;;;955;;Engavetamento;Luz do Dia;Chuva;Molhada;Meio de Quadra;N?úo H?í Controle;Comercial;0;0;3;1;1;0;0;0;0;0;0;0;-3,750667600000000;-38,527973000000000
307864;9;3;2017;07:10;0;AV ENG SANTANA JUNIOR;;;747;;Colis?úo Traseira;Amanhecer;Chuva;Molhada;Meio de Quadra;N?úo H?í Controle;Comercial;0;1;0;1;0;0;0;0;0;1;0;0;-3,734725500000000;-38,481415000000000
307865;9;3;2017;10:31;0;RUA METON DE ALENCAR;;;1304;;Colis?úo Traseira;Luz do Dia;Chuva;Molhada;Meio de Quadra;N?úo H?í Controle;Comercial;0;0;2;1;0;0;0;0;0;1;0;0;-3,732042300000000;-38,535530000000000
307866;9;3;2017;10:10;19703;RUA GUSTAVO SAMPAIO;RUA PEDRO DE QUEIROZ;;0;;Colis?úo Transversal;Luz do Dia;Chuva;Molhada;Cruz;Pare;Residencial;0;0;2;1;0;0;0;0;0;0;0;0;-3,736122000000000;-38,560570000000000
307867;9;3;2017;09:55;15245;AV ANTONIO JUSTA;RUA LEONARDO MOTA;;0;;Colis?úo Transversal;Luz do Dia;Chuva;Molhada;Cruz;Pare;Comercial;0;1;1;0;0;0;0;0;0;1;0;0;-3,728046000000000;-38,493702000000000
307868;9;3;2017;11:47;5692;AV DES GONZAGA;RUA MARGARIDA DE QUEIROZ;;0;;Colis?úo Lateral;Luz do Dia;Chuva;Molhada;Cruz;Pare;Comercial;0;1;1;1;0;0;0;0;0;1;0;0;-3,793157800000000;-38,501778000000000
307869;9;3;2017;14:38;22990;AV DR SILAS MUNGUBA;RUA AMERICO VESPUCIO;;0;;Colis?úo Transversal;Luz do Dia;Nublado;Seca;T;Pare;Comercial;0;1;1;1;0;0;0;0;0;1;0;0;-3,786579600000000;-38,549873000000000
307870;9;3;2017;15:12;0;RUA JULIO SIQUEIRA;;;1060;;Colis?úo Lateral;Luz do Dia;Bom;Seca;Cruz;Pare;Residencial;0;0;2;1;0;0;0;0;0;0;0;0;-3,745676300000000;-38,496120000000000
307871;9;3;2017;15:19;0;RUA BENI DE CARVALHO;;;487;;Colis?úo Traseira;Luz do Dia;Bom;Seca;Meio de Quadra;Sem?íforo;Residencial;0;1;1;1;0;0;0;0;0;1;0;0;-3,745713700000000;-38,496098000000000
307872;9;3;2017;11:40;0;RUA DOM HENRIQUE;;;405;;Colis?úo Lateral;Luz do Dia;Nublado;Seca;Meio de Quadra;N?úo H?í Controle;Residencial;0;0;2;1;0;0;0;0;0;0;0;0;-3,787701000000000;-38,581333000000000
307873;9;3;2017;19:04;20129;AV DEP PAULINO ROCHA;RUA POMPILIO GOMES;;0;;Colis?úo Traseira;Via Iluminada;Bom;Seca;T;Sem?íforo;Comercial;0;0;3;1;0;0;0;0;0;1;0;0;-3,809928200000000;-38,519432000000000
307874;9;3;2017;19:00;0;AV FRE CIRILO;;;4154;;Colis?úo Traseira;Via Iluminada;Bom;Seca;Meio de Quadra;N?úo H?í Controle;Comercial;0;0;2;1;0;0;0;0;0;0;0;0;-3,820342800000000;-38,496110000000000
307875;9;3;2017;19:00;15134;AV BEIRA MAR;AV BAR STUDART;;0;;Colis?úo Transversal;Via Iluminada;Bom;Molhada;T;Pare;Residencial;0;0;2;1;0;0;0;0;0;0;0;0;-3,723950400000000;-38,503090000000000
307876;9;3;2017;17:28;23791;RUA RAIMUNDO NERY;RUA COSTA FREIRE;;0;;Colis?úo Transversal;Via Iluminada;Nublado;Seca;Cruz;Pare;Residencial;0;1;1;0;1;0;0;0;0;1;0;0;-3,794130000000000;-38,586407000000000
307877;9;3;2017;20:15;0;AV OLIVEIRA PAIVA;;;361;;Engavetamento;Via Iluminada;Bom;Seca;Meio de Quadra;N?úo H?í Controle;Comercial;0;0;3;1;0;0;0;0;0;0;0;0;-3,798116000000000;-38,502174000000000
307878;9;3;2017;21:00;12892;AV DOMINGOS OLIMPIO;RUA BAR RIO BRANCO;;0;;Colis?úo Transversal;Via Iluminada;Nublado;Seca;Cruz;Sem?íforo;Escola;0;0;2;1;0;0;0;0;0;0;0;0;-3,736394000000000;-38,531723000000000
307879;9;3;2017;20:36;0;RUA MON HIPOLITO BRASIL;;;449;;Atropelamento;Via Iluminada;Nublado;Seca;Meio de Quadra;N?úo H?í Controle;Residencial;0;1;1;0;0;0;0;0;0;1;0;0;-3,759052500000000;-38,578480000000000
307912;9;3;2017;22:12;3401;RUA VIRIATO RIBEIRO;AV JOSE BASTOS;;0;;Colis?úo Lateral;Via Iluminada;Bom;Seca;Meio de Quadra;N?úo H?í Controle;Comercial;0;0;1;1;0;0;0;0;0;0;0;0;-3,755236600000000;-38,556328000000000
307884;9;3;2017;08:30;0;AV ALM HENRIQUE SABOIA;;;4186;;Atropelamento;Luz do Dia;Chuva;Molhada;Meio de Quadra;N?úo H?í Controle;Comercial;0;1;2;1;0;0;0;0;0;0;0;0;-3,746012000000000;-38,491190000000000
317891;9;3;2017;10:38;0;RD CE-040;;;0;KM-01;Colis?úo;Luz do Dia;Bom;Seca;Meio de Quadra;;;0;0;2;1;0;0;0;0;0;0;0;0;-3,764650449000000;-38,482583040000000
317885;9;3;2017;08:25;0;AV SEN CARLOS JEREISSATI (AEROPORTO);;;0;KM 01;Colis?úo;Luz do Dia;Bom;Seca;Meio de Quadra;;;0;0;2;0;0;0;1;0;0;0;0;0;-3,783753000000000;-38,526850000000000
317894;9;3;2017;18:20;0;RD CE-040;;;0;KM-05;Colis?úo;Anoitecer;Bom;Seca;Meio de Quadra;;;0;0;2;1;0;0;0;0;0;0;0;0;-3,800595823000000;-38,479534630000000
320168;9;3;2017;22:35;0;RUA STA LUZIA;;;387;;Colis?úo;;;;Meio de Quadra;;;0;1;1;1;0;0;0;0;0;1;0;0;-3,760775600000000;-38,538705300000000
320155;9;3;2017;15:59;0;AV DUQ CAXIAS;;;1052;;Atropelamento;Luz do Dia;;;Meio de Quadra;;;0;2;0;0;0;0;0;0;0;1;0;0;-3,730569000000000;-38,533668000000000
320156;9;3;2017;17:04;0;AV SEN FERNANDES TAVORA;;;3250;;Colis?úo;Anoitecer;;;Meio de Quadra;;;0;1;1;1;0;0;0;0;0;1;0;0;-3,754643000000000;-38,600903000000000
320157;9;3;2017;17:15;0;RUA CON DE CASTRO;;;10996;;Atropelamento;Anoitecer;;;Meio de Quadra;;;0;1;1;0;0;0;0;0;0;1;0;0;-3,830619000000000;-38,608666000000000
320158;9;3;2017;17:26;0;RUA GAL TERTULIANO POTYGUARA;;;1895;;Colis?úo;Anoitecer;;;Meio de Quadra;;;0;1;1;1;0;0;0;0;0;1;0;0;-3,746381000000000;-38,490342000000000
320141;9;3;2017;10:49;12892;RUA BAR RIO BRANCO;AV DOMINGOS OLIMPIO;;0;;Colis?úo;Luz do Dia;;;Cruz;Sem?íforo;Comercial;0;1;1;1;0;0;0;0;0;1;0;0;-3,736579000000000;-38,531494000000000
320143;9;3;2017;11:18;0;AV PRO JOSE ARTHUR CARVALHO;;;461;;Colis?úo;Luz do Dia;;;Meio de Quadra;;;0;1;1;1;0;0;0;0;0;1;0;0;-3,825979000000000;-38,476121000000000
320145;9;3;2017;12:18;14863;RUA JOAQUIM ALFREDO;TR WALDIR DIOGO;;0;;Colis?úo;Luz do Dia;;;;;;0;1;1;1;0;0;0;0;0;1;0;0;-3,807043000000000;-38,583907000000000
320146;9;3;2017;13:01;0;RUA ABILIO MARTINS;;;354;;Colis?úo;Luz do Dia;;;Meio de Quadra;;;0;1;1;1;0;0;0;0;0;1;0;0;-3,741280000000000;-38,556254000000000
320147;9;3;2017;15:08;0;AV CASTELO DE CASTRO;;;0;;Atropelamento;Luz do Dia;;;Meio de Quadra;;;0;2;1;0;0;0;0;0;0;1;0;0;;
320132;9;3;2017;08:32;5122;AV IMPERADOR;RUA SAO PAULO;;0;;Atropelamento;Luz do Dia;;;Cruz;Sem?íforo;Comercial;0;1;1;1;0;0;0;0;0;0;0;0;-3,724049000000000;-38,533522000000000