COD_ACIDENTE;DIA;MES;ANO;HORA;INTERSECAO;LOG1;LOG2;LOG3;NUMERO;REFERENCIA;NATUREZA;ILUMINACAO;TEMPO;SUPERFICIEPISTA;TIPOCRUZAMENTO;CONTROLETRAFEGO;USOSOLO;MORTOS;FERIDOS;ILESOS;AUTOMOVEL;ONIBUS;BICICLETA;CAMINHAO;MICROONIBUS;CICLOMOTOR;MOTOCICLETA;TRACAOANIMAL;TREM;LATITUDE;LONGITUDE
320134;9;3;2017;09:08;0;RD DR MENDEL STEINBRUCH;;;4795;;Queda;Luz do Dia;;;Meio de Quadra;;;0;1;0;0;0;0;0;0;0;1;0;0;-3,817977000000000;-38,575151000000000
320137;9;3;2017;10:30;0;AV GAL OSORIO DE PAIVA;;;7007;;Colis?úo;Luz do Dia;;;Meio de Quadra;;;0;1;1;1;0;1;0;0;0;0;0;0;-3,814989862000000;-38,611883938000000
320172;9;3;2017;23:47;0;AV AREIA BRANCA;;;177;;Colis?úo;;;;Meio de Quadra;;;0;1;1;0;0;0;0;0;0;0;0;0;-3,728359000000000;-38,474507000000000
320170;9;3;2017;23:31;25137;RUA BARBOSA DE FREITAS;RUA BENI DE CARVALHO;;0;;Colis?úo;;;;Cruz;Sem?íforo;Residencial;0;1;1;1;0;0;0;0;0;1;0;0;-3,744414000000000;-38,499890000000000
320166;9;3;2017;20:40;0;AV PRS CASTELO BRANCO;;;1024;;Queda;;;;Meio de Quadra;;;0;1;0;0;0;0;0;0;0;1;0;0;-3,718446000000000;-38,534220500000000
320162;9;3;2017;18:26;0;RUA PACAVIRA D71;;;581;;Colis?úo;Anoitecer;;;Meio de Quadra;;;0;1;1;1;0;0;0;0;0;1;0;0;-3,821295000000000;-38,589325000000000
320104;9;3;2017;07:42;35;RUA JOAQUIM LEITAO;RUA PEDRO MELO;;0;;Colis?úo;Luz do Dia;;;Cruz;Pare;Residencial;0;1;1;1;0;0;0;0;0;1;0;0;-3,744174000000000;-38,592100000000000
320114;9;3;2017;08:12;0;AV CONTORNO SUL;;;1155;;Queda;Luz do Dia;;;Meio de Quadra;;;0;1;0;0;0;0;0;0;0;1;0;0;-3,814806400000000;-38,593144500000000
320109;9;3;2017;07:59;5974;RUA 1159 CJ CEARA;AV C CJ CEARA;;0;;Colis?úo;Luz do Dia;;;;;;0;1;1;1;0;0;0;0;0;1;0;0;-3,762965000000000;-38,609995000000000
320094;9;3;2017;00:41;0;AV CEL CARVALHO;;;116;;Atropelamento;;;;Meio de Quadra;;;0;1;1;0;0;0;0;0;0;1;0;0;-3,703835000000000;-38,591454000000000
320099;9;3;2017;07:08;0;RUA PESSOA ANTA;;;463;;Colis?úo;Luz do Dia;;;Meio de Quadra;;;0;1;1;1;0;0;0;0;0;1;0;0;-3,720731000000000;-38,518887900000000
320180;10;3;2017;06:31;0;AV ODILON GUIMARAES;;;1427;;Colis?úo;Luz do Dia;;;Meio de Quadra;;;0;1;1;1;0;0;0;0;0;1;0;0;-3,825424000000000;-38,479326000000000
320181;10;3;2017;06:38;22972;RUA MAD ELISA BALDO;RUA PRA HELOISA F LIMA;;0;;Colis?úo;Luz do Dia;;;Cruz;Pare;Residencial;0;1;1;0;0;0;0;0;0;0;0;0;-3,785465000000000;-38,545126000000000
320182;10;3;2017;06:41;25062;AV DOS EXPEDICIONARIOS;RUA PDE AMBROSIO MACHADO;;0;;Colis?úo;Luz do Dia;;;Cruz;Pare;Comercial;0;1;1;1;0;0;0;0;0;1;0;0;-3,760838000000000;-38,539946000000000
320183;10;3;2017;07:11;0;RUA BERNARDO MANUEL;;;10738;;Colis?úo;Luz do Dia;;;Meio de Quadra;;;0;1;1;0;0;0;0;0;0;0;0;0;-3,813236000000000;-38,555854000000000
320184;10;3;2017;07:29;0;RUA DR JOAQUIM BENTO;;;0;;Colis?úo;Luz do Dia;;;Meio de Quadra;;;0;1;1;1;0;0;0;0;0;1;0;0;;
320235;10;3;2017;08:28;0;RUA DO CEU;;;70;;Colis?úo;Luz do Dia;;;Meio de Quadra;;;0;1;1;1;0;0;0;0;0;1;0;0;-3,706879000000000;-38,565094000000000
320239;10;3;2017;08:47;0;AV ALBERTO CRAVEIRO;;;2636;;Colis?úo;Luz do Dia;;;Meio de Quadra;;;0;1;1;1;0;0;0;0;0;1;0;0;-3,803046000000000;-38,521409000000000
320243;10;3;2017;09:14;5711;AV OLIVEIRA PAIVA;RUA CHICO LEMOS;;0;;Colis?úo;Luz do Dia;;;Cruz;Sem?íforo;Comercial;0;1;1;0;0;0;0;0;0;1;0;0;-3,795857000000000;-38,497091000000000
320244;10;3;2017;10:29;0;AV PONTES VIEIRA;;;0;;Colis?úo;Luz do Dia;;;Meio de Quadra;;;0;1;1;1;0;0;0;0;0;1;0;0;;
320245;10;3;2017;11:23;0;AV WASHINGTON SOARES;;;0;;Colis?úo;Luz do Dia;;;Meio de Quadra;;;0;1;1;1;0;0;0;0;0;1;0;0;;
320247;10;3;2017;12:59;0;RUA SEN ROBERT KENNEDY;;;499;;Colis?úo;Luz do Dia;;;Meio de Quadra;;;0;1;1;1;0;0;0;0;0;1;0;0;-3,704244000000000;-38,579098000000000
320248;10;3;2017;13:09;0;AV N CJ JOSE WALTER;;;353;;Colis?úo;Luz do Dia;;;Meio de Quadra;;;0;1;1;0;0;1;0;0;0;1;0;0;;
320250;10;3;2017;14:39;0;AV JOSE BASTOS;;;5870;;Queda;Luz do Dia;;;Meio de Quadra;;;0;1;0;0;0;0;0;0;0;1;0;0;-3,762963000000000;-38,566028000000000
320254;10;3;2017;15:49;0;RUA DOS MONARCAS;;;722;;Queda;Luz do Dia;;;Meio de Quadra;;;0;1;0;0;0;0;0;0;0;1;0;0;-3,751149900000000;-38,581640600000000
320266;10;3;2017;18:01;0;RUA CAP GUTEMBERG;;;1090;;Atropelamento;Anoitecer;;;Meio de Quadra;;;0;1;1;1;0;0;0;0;0;0;0;0;-3,793410600000000;-38,505900200000000
320267;10;3;2017;18:48;0;RUA DOMINGOS LOPES;;;309;;Queda;;;;Meio de Quadra;;;0;1;0;0;0;0;0;0;0;1;0;0;-3,750522000000000;-38,572126000000000
320268;10;3;2017;18:51;0;RUA LUZIA MOREIRA;;;0;;Colis?úo;;;;Meio de Quadra;;;0;1;0;0;0;0;0;0;0;1;0;0;;
320260;10;3;2017;16:32;0;RUA JARDIM FLUMINENSE;;;1515;;Colis?úo;Luz do Dia;;;Meio de Quadra;;;0;1;1;0;0;0;0;0;0;0;0;0;-3,810100000000000;-38,602384000000000
320261;10;3;2017;17:26;0;AV SGT HERMINIO SAMPAIO;;;3342;;Colis?úo;Anoitecer;;;Meio de Quadra;;;0;1;1;1;0;0;0;0;0;1;0;0;-3,728130000000000;-38,570414000000000
320262;10;3;2017;18:00;0;AV SEN FERNANDES TAVORA;;;2005;;Queda;Anoitecer;;;Meio de Quadra;;;0;1;0;0;0;0;0;0;0;1;0;0;-3,757823000000000;-38,590341000000000
320276;10;3;2017;18:54;0;RUA LINS DO REGO;;;360;;Colis?úo;;;;Meio de Quadra;;;0;1;1;1;0;1;0;0;0;0;0;0;-3,783509000000000;-38,576330000000000
320280;10;3;2017;19:41;0;AV JOR THOMAZ COELHO;;;0;;Colis?úo;;;;Meio de Quadra;;;0;1;1;1;0;0;0;0;0;1;0;0;;
320252;10;3;2017;15:48;0;RUA PRO MIRAMAR DA PONTE;;;720;;Queda;Luz do Dia;;;Meio de Quadra;;;0;1;0;0;0;0;0;0;0;1;0;0;-3,761545000000000;-38,585651000000000
320286;10;3;2017;19:47;0;AV I CJ CEARA;;;0;;Colis?úo;;;;Meio de Quadra;;;0;1;1;0;0;0;0;0;0;0;0;0;;
320287;10;3;2017;20:05;0;AV GAL OSORIO DE PAIVA;;;0;;Atropelamento;;;;Meio de Quadra;;;0;1;1;1;0;0;0;0;0;0;0;0;;
320291;10;3;2017;20:12;8949;RUA JUSTINIANO DE SERPA;AV BEZERRA DE MENEZES;;0;;Atropelamento;;;;Cruz;Sem?íforo;Comercial;0;1;1;1;0;0;0;0;0;0;0;0;-3,731156000000000;-38,542857000000000
320292;10;3;2017;20:37;5235;RUA PRC ISABEL;RUA PEDRO PEREIRA;;0;;Colis?úo;;;;Cruz;Pare;Comercial;0;1;1;1;0;0;0;0;0;1;0;0;-3,727353000000000;-38,535705000000000
320297;10;3;2017;20:59;25548;AV JOAO PESSOA;AV GAL OSORIO DE PAIVA;;0;;Queda;;;;Cruz;Pare;Comercial;0;1;0;0;0;0;0;0;0;1;0;0;-3,771044000000000;-38,561379000000000
320298;10;3;2017;21:37;0;RUA CON DE CASTRO;;;4800;;Colis?úo;;;;Meio de Quadra;;;0;1;1;1;0;0;0;0;0;1;0;0;-3,807494000000000;-38,594198000000000
320299;10;3;2017;21:58;0;AV PRS CASTELO BRANCO;;;0;;Atropelamento;;;;Meio de Quadra;;;0;1;1;1;0;0;0;0;0;0;0;0;;
320300;10;3;2017;22:00;0;RUA SAO FRANCISCO D34;;;0;;Colis?úo;;;;Meio de Quadra;;;0;1;1;1;0;0;0;0;0;1;0;0;;
320301;10;3;2017;22:00;1484;RUA JOAQUIM NABUCO;AV PDE ANTONIO TOMAS;;0;;Colis?úo;;;;Cruz;Sem?íforo;Comercial;0;2;0;0;0;0;0;0;0;0;0;0;-3,739222000000000;-38,502569000000000
320302;10;3;2017;22:11;0;RUA BERNARDO MANUEL;;;0;;Colis?úo;;;;Meio de Quadra;;;0;1;1;0;0;0;0;0;0;0;0;0;;
320303;10;3;2017;22:16;0;RUA CAMPO MAIOR;;;407;;Colis?úo;;;;Meio de Quadra;;;0;1;1;1;0;0;0;0;0;1;0;0;-3,795982700000000;-38,550938800000000
320304;10;3;2017;22:45;0;AV ENG ALBERTO SA;;;1111;;Capotamento;;;;Meio de Quadra;;;0;3;0;1;0;0;0;0;0;0;0;0;-3,735338000000000;-38,473066000000000
320295;10;3;2017;20:47;0;AV GAL OSORIO DE PAIVA;;;0;;Colis?úo;;;;Meio de Quadra;;;0;1;1;1;0;0;0;0;0;1;0;0;;
317941;10;3;2017;08:38;0;AV SEN CARLOS JEREISSATI (AEROPORTO);;;0;KM 02;Colis?úo;Luz do Dia;Bom;Seca;Meio de Quadra;;;0;1;1;1;0;0;0;0;0;1;0;0;-3,782194000000000;-38,535424000000000
317946;10;3;2017;12:50;0;AV SEN CARLOS JEREISSATI (AEROPORTO);;;0;KM 03;Colis?úo;Luz do Dia;Bom;Seca;Meio de Quadra;;;0;0;2;1;0;0;0;0;0;0;0;0;-3,779641000000000;-38,544038000000000
317943;10;3;2017;12:40;0;AV MIN JOSE AMERICO;;;0;;Colis?úo;Luz do Dia;Bom;Seca;Meio de Quadra;;;0;0;2;1;1;0;0;0;0;0;0;0;;
317937;10;3;2017;08:30;0;AV MIN JOSE AMERICO;;;0;;Colis?úo;Luz do Dia;Bom;Seca;Meio de Quadra;;;0;1;1;1;0;0;0;0;0;1;0;0;;
317950;10;3;2017;18:30;0;RD CE-040;;;1226;KM-10;Colis?úo;Anoitecer;Bom;Seca;Meio de Quadra;;;0;1;1;0;0;1;0;0;0;0;0;0;-3,769375300000000;-38,482363400000000
295411;10;3;2017;18:02;0;RD BR 116;;;500;KM-10;Atropelamento;Anoitecer;;Seca;Meio de Quadra;;;1;0;1;1;0;0;0;0;0;0;0;0;-3,796035900000000;-38,507192300000000
307885;10;3;2017;09:05;19850;RUA PRO VICENTE SILVEIRA;RUA PDE AMBROSIO MACHADO;;0;;Colis?úo Lateral;Luz do Dia;Nublado;Molhada;T;Pare;Residencial;0;0;1;1;0;0;0;0;0;0;0;0;-3,761726100000000;-38,537144000000000
307886;10;3;2017;10:55;0;AV BEZERRA DE MENEZES;;;2137;;Colis?úo Transversal;Luz do Dia;Bom;Seca;Meio de Quadra;N?úo H?í Controle;Comercial;0;0;2;1;0;0;0;0;0;1;0;0;-3,735733700000000;-38,563976000000000
307887;10;3;2017;05:11;7957;AV BAR STUDART;AV PONTES VIEIRA;;0;;Colis?úo Transversal;Amanhecer;Nublado;Seca;Cruz;Sem?íforo;Comercial;0;1;1;1;0;0;0;0;0;1;0;0;-3,752560400000000;-38,512690000000000
307888;10;3;2017;12:15;25665;RUA ANTENOR ROCHA ALEXANDRE;RUA MARVIN;;0;;Colis?úo Transversal;Luz do Dia;Bom;Seca;Cruz;Pare;Comercial;0;0;2;1;0;0;0;0;0;1;0;0;-3,792325300000000;-38,483673000000000
307889;10;3;2017;12:45;0;AV 13 DE MAIO;;;800;;Colis?úo Traseira;Luz do Dia;Bom;Seca;Meio de Quadra;N?úo H?í Controle;Comercial;0;0;2;1;0;0;0;0;0;0;0;0;-3,751110600000000;-38,527103000000000
307890;10;3;2017;12:30;19688;RUA AZEVEDO BOLAO;RUA PRO RAIMUNDO ARRUDA;;0;;Colis?úo Lateral;Luz do Dia;Bom;Seca;Cruz;Pare;Residencial;0;0;2;1;0;0;0;0;0;1;0;0;-3,735648600000000;-38,551723000000000
307891;10;3;2017;14:36;1544;RUA PRO DIAS DA ROCHA;RUA PAULA NEI;;0;;Colis?úo Transversal;Luz do Dia;Bom;Seca;Cruz;Pare;Residencial;0;0;2;1;0;0;0;0;0;0;0;0;-3,741040700000000;-38,493440000000000
307892;10;3;2017;15:40;0;AV BORGES DE MELO;;;1001;TELEMAR;Colis?úo Traseira;Luz do Dia;Bom;Seca;Meio de Quadra;Sem?íforo;Comercial;0;0;2;1;0;0;0;0;0;0;0;0;-3,757532800000000;-38,532883000000000
307893;10;3;2017;16:15;0;RUA BAR IBIAPABA;;;44;;Colis?úo Lateral;Luz do Dia;Bom;Seca;Meio de Quadra;N?úo H?í Controle;Residencial;0;0;2;1;0;0;0;0;0;0;0;0;-3,732386800000000;-38,539955000000000
307894;10;3;2017;16:16;0;ET ANTIGA PARA AQUIRAZ;RUA WENCEKY FELIX;;0;;Colis?úo Transversal;Luz do Dia;Bom;Seca;T;Pare;Residencial;0;1;1;1;0;0;0;0;0;0;0;0;-3,843920000000000;-38,482025000000000
307895;10;3;2017;17:56;5356;RUA GAL SAMPAIO;AV DUQ CAXIAS;;0;;Colis?úo Traseira;Anoitecer;Bom;Seca;Cruz;Gesto;Comercial;0;0;2;1;1;0;0;0;0;0;0;0;-3,731310400000000;-38,532010000000000
307900;10;3;2017;18:40;0;RUA DEP OSWALDO STUDART;;;848;;Colis?úo Traseira;Via Iluminada;Bom;Seca;Meio de Quadra;N?úo H?í Controle;Comercial;0;0;2;1;0;0;0;0;0;0;0;0;-3,757326100000000;-38,531433000000000
307901;10;3;2017;18:30;0;AV BEZERRA DE MENEZES;;;1450;;Engavetamento;Via Iluminada;Nublado;Seca;Meio de Quadra;Sem?íforo;Comercial;0;0;3;1;0;0;0;0;0;1;0;0;-3,734277700000000;-38,558480000000000
307902;10;3;2017;18:30;0;AV PRS COSTA E SILVA;;;0;;Colis?úo Traseira;Via Iluminada;Bom;Seca;Meio de Quadra;N?úo H?í Controle;Rural;0;0;3;1;1;0;0;0;0;0;0;0;-3,823959800000000;-38,547280000000000
307903;10;3;2017;15:49;0;AV GAL OSORIO DE PAIVA;;;4182;;Colis?úo Lateral;Luz do Dia;Bom;Seca;Meio de Quadra;;;0;2;1;0;0;0;0;0;0;1;0;0;-3,794398300000000;-38,592026000000000
307904;10;3;2017;21:00;0;AV PRS JUSCELINO KUBITSCHEK (PASSAR?ë);;;4500;;Colis?úo Traseira;Via Iluminada;Bom;Seca;Meio de Quadra;Sem?íforo;Residencial;0;0;2;1;0;0;0;0;0;0;0;0;-3,817301500000000;-38,532425000000000
307905;10;3;2017;17:50;9136;RUA BONFIM SOBRINHO;RUA MON OTAVIO CASTRO;;0;;Colis?úo Lateral;Via Iluminada;Bom;Seca;Cruz;Pare;Residencial;0;0;2;1;1;0;0;0;0;0;0;0;-3,751306500000000;-38,526234000000000
307922;10;3;2017;08:53;1294;RUA TORRES CAMARA;RUA CARLOS VASCONCELOS;;0;;Atropelamento;Luz do Dia;Chuva;Molhada;Cruz;Sem?íforo;Comercial;0;1;1;1;0;0;0;0;0;0;0;0;-3,734147300000000;-38,511140000000000
307880;10;3;2017;06:45;9081;AV 13 DE MAIO;AV AGUANAMBI;;0;;Choque c/ Obst?ículo Fixo;Luz do Dia;Nublado;Seca;Outros;N?úo H?í Controle;Comercial;0;0;0;1;0;0;0;0;0;0;0;0;-3,753636800000000;-38,524017000000000
307881;10;3;2017;08:31;22176;AV JOSE BASTOS;AV ENG HUMBERTO MONTE;;0;;Colis?úo Lateral;Luz do Dia;Chuva;Inundada;T;Sem?íforo;Comercial;0;0;2;1;1;0;0;0;0;0;0;0;-3,754778100000000;-38,555317000000000
307882;10;3;2017;07:30;3993;RUA ALBERTO MAGNO;RUA DULCINEIA GONDIM;;0;;Colis?úo Transversal;Luz do Dia;Chuva;Molhada;Cruz;Pare;Comercial;0;1;1;1;0;0;0;0;0;1;0;0;-3,759344000000000;-38,545074000000000
307883;10;3;2017;09:00;0;RUA CESAR CORREIA;;;570;;Colis?úo Transversal;Luz do Dia;Chuva;Molhada;Meio de Quadra;;;0;1;1;1;0;0;0;0;0;1;0;0;-3,710653300000000;-38,572853000000000
307897;10;3;2017;16:03;0;RUA COS GOUVEIA;;;480;;Colis?úo Frontal;Luz do Dia;Nublado;Seca;Meio de Quadra;;;0;2;0;0;0;1;0;0;0;1;0;0;-3,717316600000000;-38,565586000000000
307919;10;3;2017;06:20;2706;RUA CEL VIRGILIO NOGUEIRA (BOM JARDIM);RUA OSCAR FRANCA;;0;;Colis?úo Transversal;Luz do Dia;Chuva;Molhada;Cruz;Sem?íforo;Comercial;0;1;1;1;0;0;0;0;0;1;0;0;-3,788734000000000;-38,608740000000000
305115;10;3;2017;18:50;1658;RUA MON CATAO;RUA BENI DE CARVALHO;;0;;Colis?úo Transversal;Via Iluminada;Bom;Seca;Cruz;Outros;Comercial;0;2;0;1;0;0;0;0;0;1;0;0;-3,746618000000000;-38,493113000000000
305113;10;3;2017;21:00;5276;VL JD PRINCESA ISABEL;RUA PEDRO I;;0;;Colis?úo Lateral;;Bom;Molhada;Cruz;Pare;Residencial;0;2;0;1;0;0;0;0;0;1;0;0;-3,728647000000000;-38,536675000000000
305120;10;3;2017;09:30;1447;RUA TORRES CAMARA;AV DES MOREIRA;;0;;Choque c/ Obst?ículo Fixo;Luz do Dia;Nublado;Seca;Cruz;Sem?íforo;Residencial;0;2;0;1;0;0;0;0;0;0;0;0;-3,738207000000000;-38,498980000000000
305122;10;3;2017;07:10;19187;RUA JOAQUIM LIMA;RUA PRO OTAVIO LOBO;;0;;Colis?úo Transversal;Luz do Dia;Chuva;Seca;Cruz;Pare;Comercial;0;2;0;1;1;0;0;0;0;0;0;0;-3,742094000000000;-38,477349000000000
305123;10;3;2017;21:20;2822;AV GAL OSORIO DE PAIVA;RUA OSCAR ARARIPE;;0;;Colis?úo Traseira;Luz do Dia;Bom;Seca;T;Sem?íforo;Comercial;0;2;0;0;0;0;0;0;0;1;0;0;-3,794165000000000;-38,591823000000000
305132;10;3;2017;13:45;3901;RUA JORGE DUMAR;AV EDUARDO GIRAO;;0;;Colis?úo Traseira;Luz do Dia;Bom;Seca;Cruz;Sem?íforo;Residencial;0;2;0;1;0;0;0;0;0;0;0;0;-3,749691000000000;-38,538695000000000
305133;10;3;2017;08:10;25653;RUA GAL BERNARDO FIGUEIREDO;RUA PRO JOSE DE BARCELOS;;0;;Colis?úo Lateral;Luz do Dia;Chuva;Molhada;Cruz;Pare;Residencial;0;2;0;1;0;0;0;0;0;1;0;0;-3,739248000000000;-38,549779000000000
305081;11;3;2017;13:07;0;AV JOSE BASTOS;;;1011;;Colis?úo Traseira;Luz do Dia;;;Meio de Quadra;;;0;1;1;1;0;0;0;0;0;1;0;0;;
305078;11;3;2017;22:50;0;AV DR SILAS MUNGUBA;;;3723;;Engavetamento;;;;Meio de Quadra;;;0;0;3;1;0;0;0;0;0;1;0;0;-3,790272000000000;-38,540645000000000
305073;11;3;2017;18:30;1394;RUA TIBURCIO CAVALCANTE;RUA TORRES CAMARA;;0;;Colis?úo Lateral;Anoitecer;;;Cruz;Sem?íforo;Comercial;0;0;2;1;0;0;0;0;0;0;0;0;-3,736933000000000;-38,502906000000000
305070;11;3;2017;12:15;10992;RUA BAR CANINDE;RUA DOM CARLOTO TAVORA;;0;;Colis?úo Lateral;Luz do Dia;;;Cruz;Pare;Comercial;0;0;2;1;0;0;0;0;0;0;0;0;-3,769531000000000;-38,557103000000000
305067;11;3;2017;00:00;19029;AV ENG ALBERTO SA;RUA SOLON ONOFRE;;0;;Colis?úo Transversal;;;;Cruz;Pare;Residencial;0;0;2;0;1;0;0;0;0;0;0;0;-3,735314000000000;-38,473145000000000
305058;11;3;2017;12:43;0;RUA PRO GOMES BRASIL;;;500;;Colis?úo Traseira;Luz do Dia;;;Meio de Quadra;;;0;0;2;0;1;0;0;0;0;0;0;0;-3,771138000000000;-38,569755000000000
305053;11;3;2017;11:00;0;RUA JOAQUIM ALBANO;;;0;TERMINAL ANTONIO BEZERRA;Colis?úo Lateral;Luz do Dia;;;Meio de Quadra;;;0;0;2;1;1;0;0;0;0;0;0;0;-3,736618949000000;-38,584578776000000
305054;11;3;2017;05:40;0;AV H CJ CEARA;;;1436;;Choque c/ Obst?ículo Fixo;Amanhecer;;;Meio de Quadra;;;0;0;1;1;0;0;0;0;0;0;0;0;-3,775894000000000;-38,610915000000000
305056;11;3;2017;09:04;19448;AV GAL OSORIO DE PAIVA;RUA ARMANDO PAIVA D34;;0;;Colis?úo Lateral;Luz do Dia;;;T;Pare;Comercial;0;1;1;1;0;0;0;0;0;1;0;0;-3,779702000000000;-38,572950000000000
305049;11;3;2017;14:29;2383;AV 20 DE JANEIRO;RUA GAL MUNIZ ARAGAO;;0;;Colis?úo Frontal;Luz do Dia;;;;;;0;2;1;0;0;0;0;0;0;1;0;0;-3,705594000000000;-38,581349000000000
305046;11;3;2017;23:40;0;AV CEL CARVALHO;;;2741;;Colis?úo Traseira;;;;Meio de Quadra;;;0;2;1;1;0;0;0;0;0;1;0;0;-3,727527000000000;-38,585254000000000
305044;11;3;2017;14:40;0;RUA MARIA TOMASIA;;;838;;Colis?úo Lateral;Luz do Dia;;;Meio de Quadra;;;0;0;2;1;0;0;0;0;0;0;0;0;-3,736459000000000;-38,494212000000000
325529;11;3;2017;20:00;0;RD BR 020;;;700;KM 426;Queda;;;Seca;Meio de Quadra;;;0;1;0;0;0;0;0;0;1;0;0;0;;
307913;11;3;2017;18:08;7897;RUA MON CATAO;RUA HENRIQUETA GALENO;;0;;Colis?úo Lateral;Via Iluminada;Bom;Seca;T;Pare;Comercial;0;0;1;1;0;0;0;0;0;0;0;0;-3,747270000000000;-38,493330000000000
307914;11;3;2017;19:29;25058;AV AUGUSTO DOS ANJOS;RUA VITAL BRASIL;;0;;Colis?úo Traseira;Via Iluminada;Bom;Seca;T;Pare;Comercial;0;0;1;1;0;0;0;0;0;0;0;0;-3,782732200000000;-38,581493000000000
307915;11;3;2017;19:11;0;RUA AZEVEDO BOLAO;;;0;;Colis?úo Lateral;Via Iluminada;Bom;Seca;Meio de Quadra;N?úo H?í Controle;Comercial;0;0;2;1;0;0;0;0;0;0;0;0;-3,731846600000000;-38,543114000000000
307916;11;3;2017;19:36;3213;RUA VITAL BRASIL;RUA JOSE ARISTOTELES GONDIM;;0;;Colis?úo Transversal;Via Iluminada;Bom;Seca;Cruz;Pare;Comercial;0;1;1;1;0;0;0;0;0;1;0;0;-3,781475300000000;-38,585820000000000
307917;11;3;2017;23:28;5130;RUA CASTRO E SILVA;RUA FLORIANO PEIXOTO;;0;;Colis?úo Transversal;Via Iluminada;Bom;Seca;Cruz;Pare;Comercial;0;1;1;0;1;0;0;0;0;0;0;0;-3,724093400000000;-38,526040000000000
307907;11;3;2017;10:05;1514;RUA PRO DIAS DA ROCHA;RUA EDUARDO GARCIA;;0;;Colis?úo Transversal;Luz do Dia;Chuva;Molhada;Cruz;Pare;Residencial;0;0;2;1;0;0;0;0;0;0;0;0;-3,740131000000000;-38,493088000000000
307908;11;3;2017;13:57;0;RUA EDUARDO PORTO;;;81;;Colis?úo Lateral;Luz do Dia;Bom;Seca;Meio de Quadra;N?úo H?í Controle;Comercial;0;1;1;0;0;0;0;0;0;1;0;0;-3,832708100000000;-38,495380000000000
307909;11;3;2017;14:49;22194;AV SGT HERMINIO SAMPAIO;RUA ERETIDES MARTINS;;0;;Colis?úo Transversal;Luz do Dia;Bom;Seca;Cruz;Sem?íforo;Comercial;0;0;2;1;0;0;0;0;0;0;0;0;-3,726157400000000;-38,560550000000000
307910;11;3;2017;16:21;9136;RUA MON OTAVIO CASTRO;RUA BONFIM SOBRINHO;;0;;Colis?úo Traseira;Luz do Dia;Bom;Seca;Cruz;Sem?íforo;Comercial;0;0;2;1;0;0;0;0;0;0;0;0;-3,751543500000000;-38,526450000000000
307911;11;3;2017;16:36;25110;AV OLAVO BILAC;RUA TAB FABIAO;;0;;Colis?úo Traseira;Luz do Dia;Bom;Seca;T;Pare;Comercial;0;0;2;1;0;0;0;0;0;0;0;0;-3,733501400000000;-38,564570000000000
317953;11;3;2017;13:30;0;RD CE-040;;;0;KM-06;Colis?úo;Luz do Dia;Bom;Seca;Meio de Quadra;;;0;0;2;1;0;0;0;0;0;0;0;0;-3,809596804000000;-38,478733480000000
317956;11;3;2017;11:40;0;RD CE-040;;;0;KM-06;Colis?úo;Luz do Dia;Bom;Seca;Meio de Quadra;;;0;0;2;1;0;0;0;0;0;0;0;0;-3,809596804000000;-38,478733480000000
320324;11;3;2017;03:09;0;AV DR THEBERGE;;;2303;;Atropelamento;;;;Meio de Quadra;;;0;1;1;0;0;0;0;0;0;0;0;0;-3,721690000000000;-38,567234000000000
320325;11;3;2017;04:17;0;AV PRS CASTELO BRANCO;;;0;;Choque c/ Obst?ículo Fixo;;;;Meio de Quadra;;;0;2;0;1;0;0;0;0;0;0;0;0;;
320326;11;3;2017;05:15;0;RD DR MENDEL STEINBRUCH;;;6220;;Colis?úo;Amanhecer;;;Meio de Quadra;;;0;1;1;1;0;1;0;0;0;0;0;0;-3,829958000000000;-38,580653000000000
320331;11;3;2017;05:18;0;RUA L UI 309 (LOT. EXPEDICIONARIOS);;;122;;Colis?úo;Amanhecer;;;Meio de Quadra;;;0;1;1;0;0;0;0;0;0;0;0;0;-3,804311000000000;-38,549441000000000
320332;11;3;2017;05:49;0;RD BR 116;;;13000;KM-13;Atropelamento;Amanhecer;;;Meio de Quadra;;;0;1;1;1;0;0;0;0;0;0;0;0;-3,864670000000000;-38,497727000000000
320333;11;3;2017;07:33;7888;AV DES MOREIRA;RUA ISRAEL BEZERRA;;0;;Colis?úo;Luz do Dia;;;Cruz;Sem?íforo;Comercial;0;2;0;1;0;0;0;0;0;1;0;0;-3,747526000000000;-38,501963000000000
320335;11;3;2017;09:47;0;AV JOSE BASTOS;;;5780;;Queda;Luz do Dia;;;Meio de Quadra;;;0;2;0;0;0;0;0;0;0;1;0;0;-3,762327000000000;-38,565618000000000
320345;11;3;2017;10:05;2962;RUA MARIA JULIA;RUA PEDRO MARTINS;;0;;Colis?úo;Luz do Dia;;;Cruz;Pare;Residencial;0;2;0;1;0;0;0;0;0;1;0;0;-3,799245000000000;-38,601929000000000
320359;11;3;2017;10:44;0;RUA ARI MAIA;;;459;;Queda;Luz do Dia;;;Meio de Quadra;;;0;1;0;0;0;0;0;0;0;1;0;0;-3,779985900000000;-38,620334000000000
320360;11;3;2017;11:37;0;RUA BERNARDO MANUEL;;;12750;;Colis?úo;Luz do Dia;;;Meio de Quadra;;;0;1;1;0;0;0;0;0;0;1;0;0;-3,825880000000000;-38,559167000000000