COD_ACIDENTE;DIA;MES;ANO;HORA;INTERSECAO;LOG1;LOG2;LOG3;NUMERO;REFERENCIA;NATUREZA;ILUMINACAO;TEMPO;SUPERFICIEPISTA;TIPOCRUZAMENTO;CONTROLETRAFEGO;USOSOLO;MORTOS;FERIDOS;ILESOS;AUTOMOVEL;ONIBUS;BICICLETA;CAMINHAO;MICROONIBUS;CICLOMOTOR;MOTOCICLETA;TRACAOANIMAL;TREM;LATITUDE;LONGITUDE
320361;11;3;2017;11:56;0;AV JOR THOMAZ COELHO;;;299;;Atropelamento;Luz do Dia;;;Meio de Quadra;;;0;1;1;0;0;0;0;0;0;1;0;0;-3,832505400000000;-38,499575000000000
320362;11;3;2017;12:15;0;AV BENJAMIM BRASIL;;;2100;;Atropelamento;Luz do Dia;;;Meio de Quadra;;;0;1;1;0;0;0;0;0;0;1;0;0;-3,808254000000000;-38,558334000000000
320364;11;3;2017;12:55;0;RUA EMILIO DE MENESES;;;2095;;Colis?úo;Luz do Dia;;;Meio de Quadra;;;0;3;0;0;0;0;0;0;0;1;0;0;-3,778182000000000;-38,600125000000000
320371;11;3;2017;15:51;0;RUA ENG LUIS MONTENEGRO;;;67;;Atropelamento;Luz do Dia;;;Meio de Quadra;;;0;2;0;0;0;0;0;0;0;1;0;0;;
320373;11;3;2017;17:22;20129;RUA POMPILIO GOMES;AV DEP PAULINO ROCHA;;0;;Colis?úo;Anoitecer;;;T;Sem?íforo;Comercial;0;2;0;0;0;0;0;0;0;0;0;0;-3,810076000000000;-38,519652000000000
320375;11;3;2017;17:53;0;RUA AMAZONAS;;;1348;;Queda;Anoitecer;;;Meio de Quadra;;;0;1;0;0;0;1;0;0;0;0;0;0;-3,752304000000000;-38,565743000000000
320381;11;3;2017;19:09;0;AV VICENTE DE CASTRO;;;0;;Colis?úo;;;;Meio de Quadra;;;0;1;1;1;0;0;0;0;0;1;0;0;;
320382;11;3;2017;19:15;0;RUA MIGUEL ARAGAO;;;800;;Colis?úo;;;;Meio de Quadra;;;0;1;1;0;0;0;0;0;0;0;0;0;-3,834086000000000;-38,586353000000000
320383;11;3;2017;19:25;0;AV BENJAMIM BRASIL;;;1600;;Colis?úo;;;;Meio de Quadra;;;0;1;1;1;0;0;0;0;0;1;0;0;-3,806326000000000;-38,562544000000000
320384;11;3;2017;19:32;13239;AV J CJ JOSE WALTER;AV F CJ JOSE WALTER;;0;;Colis?úo;;;;Cruz;Pare;Residencial;0;1;1;1;0;0;0;0;0;1;0;0;-3,835833000000000;-38,557143000000000
320385;11;3;2017;19:52;0;RUA SAO FIDELIS D71;;;1269;;Atropelamento;;;;Meio de Quadra;;;0;1;1;1;0;0;0;0;0;0;0;0;-3,849150200000000;-38,477792500000000
320386;11;3;2017;19:52;0;AV LUCIANO CARNEIRO;;;2500;;Colis?úo;;;;Meio de Quadra;;;0;1;1;0;0;0;0;0;0;0;0;0;-3,770150000000000;-38,538285000000000
320387;11;3;2017;20:29;0;RD QUARTO ANEL VIARIO;;;0;;Colis?úo;;;;Meio de Quadra;;;0;1;1;1;0;0;0;0;0;1;0;0;;
320388;11;3;2017;21:12;0;RUA GAL RABELO;;;448;;Atropelamento;;;;Meio de Quadra;;;0;1;1;0;0;0;0;0;0;0;0;0;-3,806911000000000;-38,606583000000000
320389;11;3;2017;21:28;0;AV LINEU MACHADO;;;0;;Queda;;;;Meio de Quadra;;;0;1;0;0;0;0;0;0;0;1;0;0;;
320390;11;3;2017;22:00;0;AV PRS CASTELO BRANCO;;;2876;;Atropelamento;;;;Meio de Quadra;;;0;1;1;0;0;0;0;0;0;1;0;0;-3,712318000000000;-38,553340000000000
320391;11;3;2017;22:16;0;AV GAL OSORIO DE PAIVA;;;880;;Colis?úo;;;;Meio de Quadra;;;0;1;1;1;0;0;0;0;0;1;0;0;-3,777830000000000;-38,569995000000000
320379;11;3;2017;17:53;0;RUA XAVIER DA SILVEIRA;;;4061;;Colis?úo;Anoitecer;;;Meio de Quadra;;;0;2;0;0;0;1;0;0;0;1;0;0;-3,788686000000000;-38,624348000000000
320394;12;3;2017;01:01;0;AV SEN FERNANDES TAVORA;;;0;;Colis?úo;;;;Meio de Quadra;;;0;1;1;1;0;0;0;0;0;1;0;0;;
320402;12;3;2017;01:14;3238;RUA ANSELMO NOGUEIRA;RUA PRIMEIRO DE MAIO D34;;0;;Atropelamento;;;;Cruz;Pare;Residencial;0;1;1;1;0;0;0;0;0;0;0;0;-3,783108000000000;-38,587753000000000
320406;12;3;2017;02:05;0;AV JOSE JATAHY;;;642;;Atropelamento;;;;Meio de Quadra;;;0;1;1;1;0;0;0;0;0;0;0;0;-3,726914900000000;-38,545884900000000
320408;12;3;2017;02:08;3819;RUA JUVENAL GALENO;AV CARAPINIMA;;0;;Colis?úo;;;;Cruz;Sem?íforo;Comercial;0;1;1;0;0;0;0;0;0;1;0;0;-3,738998000000000;-38,539176000000000
320410;12;3;2017;03:11;0;AV DOS EXPEDICIONARIOS;;;8171;;Colis?úo;;;;Meio de Quadra;;;0;1;1;1;0;0;0;0;0;1;0;0;-3,791035000000000;-38,548872500000000
320412;12;3;2017;03:50;0;RUA VALPARAISO;;;0;;Colis?úo;;;;Meio de Quadra;;;0;1;1;0;0;0;0;0;0;0;0;0;;
320417;12;3;2017;04:02;0;RUA 110 CJ ESPERANCA;;;240;;Atropelamento;;;;Meio de Quadra;;;0;1;1;0;0;0;0;0;0;1;0;0;-3,811827000000000;-38,592264000000000
320418;12;3;2017;05:17;0;RUA JOSE MARTINS;;;474;;Queda;Amanhecer;;;Meio de Quadra;;;0;1;0;0;0;0;0;0;0;1;0;0;;
320420;12;3;2017;05:33;0;RUA DOM CARLOTO TAVORA;;;0;;Queda;Amanhecer;;;Meio de Quadra;;;0;1;0;0;0;0;0;0;0;1;0;0;;
320424;12;3;2017;06:27;0;RUA LOURDES LEITE;;;430;;Colis?úo;Luz do Dia;;;Meio de Quadra;;;0;1;1;0;0;0;0;0;0;0;0;0;;
320425;12;3;2017;07:23;334;RUA AMADEU FURTADO;RUA NESTOR BARBOSA;;0;;Colis?úo;Luz do Dia;;;Cruz;Pare;;0;1;1;0;0;0;0;0;0;1;0;0;-3,745408000000000;-38,562047000000000
320427;12;3;2017;08:48;0;RUA JOSE ARISTOTELES GONDIM;;;588;;Colis?úo;Luz do Dia;;;Meio de Quadra;;;0;1;1;1;0;0;0;0;0;1;0;0;-3,783034000000000;-38,586140000000000
320429;12;3;2017;10:13;0;RUA PDE JANUARIO CAMPOS;;;235;;Colis?úo;Luz do Dia;;;Meio de Quadra;;;0;1;1;1;0;0;0;0;0;1;0;0;-3,794056000000000;-38,489423000000000
320430;12;3;2017;10:26;5750;RUA JULIO LIMA;RUA CON BRAVEZA;;0;;Colis?úo;Luz do Dia;;;Cruz;Pare;Residencial;0;1;1;1;0;0;0;0;0;0;0;0;-3,795454000000000;-38,498910000000000
320432;12;3;2017;11:06;0;RUA ENG LUIS MONTENEGRO;;;405;;Colis?úo;Luz do Dia;;;Meio de Quadra;;;0;1;1;0;0;0;0;0;0;0;0;0;-3,814626200000000;-38,617137100000000
320434;12;3;2017;14:38;0;RUA JACUPEMBA;;;59;;Colis?úo;Luz do Dia;;;Meio de Quadra;;;0;1;1;1;0;0;0;0;0;1;0;0;-3,828732200000000;-38,583226400000000
320436;12;3;2017;14:54;0;RUA PARAISO VERDE;;;1217;;Queda;Luz do Dia;;;Meio de Quadra;;;0;1;0;0;0;0;0;0;0;1;0;0;;
320438;12;3;2017;17:32;0;RUA PLANALTINA (PL AYRTON SENNA);;;1109;;Colis?úo;Anoitecer;;;Meio de Quadra;;;0;1;1;1;0;0;0;0;0;0;0;0;-3,832629700000000;-38,569432600000000
320442;12;3;2017;18:08;0;RUA DES WALDETARIO P MOTA;;;862;;Atropelamento;Anoitecer;;;Meio de Quadra;;;0;1;1;1;0;0;0;0;0;0;0;0;-3,736759000000000;-38,480568000000000
320465;12;3;2017;18:11;0;AV E CJ ESPERANCA;;;51;;Queda;Anoitecer;;;Meio de Quadra;;;0;1;0;0;0;0;0;0;0;1;0;0;-3,815582000000000;-38,587604000000000
320468;12;3;2017;19:48;0;RUA PEDRO AMERICO;;;89;;Atropelamento;;;;Meio de Quadra;;;0;1;1;1;0;0;0;0;0;0;0;0;-3,710321000000000;-38,565866000000000
320470;12;3;2017;19:51;0;RUA FERREIRA DOS SANTOS;;;107;;Colis?úo;;;;Meio de Quadra;;;0;1;1;0;0;0;0;0;0;1;0;0;-3,718016700000000;-38,567125900000000
320477;12;3;2017;20:19;0;RUA DR ESTENIO GOMES;;;307;;Colis?úo;;;;Meio de Quadra;;;0;1;1;1;0;0;0;0;0;1;0;0;-3,787747000000000;-38,579371000000000
320478;12;3;2017;20:28;0;RUA SAO BERNARDO;;;100;;Atropelamento;;;;Meio de Quadra;;;0;1;1;1;0;0;0;0;0;0;0;0;-3,780016879000000;-38,545754460000000
320479;12;3;2017;20:29;12762;RUA JORGE DUMAR;AV BORGES DE MELO;;0;;Colis?úo;;;;Meio de Quadra;Sem?íforo;Residencial;0;1;1;0;0;0;0;0;0;0;0;0;-3,752695000000000;-38,539369000000000
320480;12;3;2017;20:33;10074;RUA 23 DE JUNHO;RUA AIRES DA CUNHA;;0;;Colis?úo;;;;;;;0;1;1;0;0;1;0;0;0;1;0;0;-3,782566000000000;-38,605803000000000
320481;12;3;2017;20:35;0;AV GAL OSORIO DE PAIVA;;;0;;Capotamento;;;;Meio de Quadra;;;0;1;0;0;0;0;0;0;0;0;0;0;;
320474;12;3;2017;20:07;0;RUA BETEL;;;1433;;Colis?úo;;;;Meio de Quadra;;;0;1;1;1;0;0;0;0;0;1;0;0;-3,793343000000000;-38,553062100000000
320487;12;3;2017;21:36;0;AV GAL OSORIO DE PAIVA;;;1127;;Colis?úo;;;;Meio de Quadra;;;0;2;1;0;0;0;0;0;0;1;0;0;-3,779151000000000;-38,572090000000000
320489;12;3;2017;22:01;25424;AV ENG HUMBERTO MONTE;RUA URUGUAI;;0;;Queda;;;;T;Pare;Misto;0;1;0;0;0;0;0;0;0;1;0;0;-3,747076000000000;-38,562171000000000
317961;12;3;2017;18:40;0;AV MIN JOSE AMERICO;;;660;;Colis?úo;;Bom;Seca;Meio de Quadra;;;0;1;2;1;0;0;0;0;0;0;0;0;-3,810520000000000;-38,494174000000000
307918;12;3;2017;04:51;0;AV DOMINGOS OLIMPIO;;;473;;Choque c/ Obst?ículo Fixo;Via Iluminada;Bom;Molhada;Cruz;Sem?íforo;Residencial;0;0;1;1;0;0;0;0;0;0;0;0;-3,737251800000000;-38,528680000000000
307935;12;3;2017;20:42;0;RUA EQUADOR;RUA TRES MARIAS;;0;;Colis?úo Lateral;Mal Iluminada;Nublado;Seca;;;;0;2;1;1;0;0;0;0;0;1;0;0;-3,768943500000000;-38,550770000000000
307920;12;3;2017;18:10;0;AV MON TABOSA;;;1255;;Colis?úo Traseira;Via Iluminada;Bom;Seca;Meio de Quadra;Sem?íforo;Comercial;0;0;2;1;0;0;0;0;0;1;0;0;-3,724178300000000;-38,508205000000000
307921;12;3;2017;20:04;0;RUA MON DANTAS;;;2303;;Colis?úo Transversal;Via Iluminada;Nublado;Seca;Meio de Quadra;N?úo H?í Controle;Residencial;0;0;2;1;0;0;0;0;0;0;0;0;-3,719627000000000;-38,545690000000000
305077;12;3;2017;10:20;0;RUA COSTA FREIRE;;;1728;;Colis?úo Lateral Sentido Oposto;Luz do Dia;Nublado;Seca;Meio de Quadra;Pare;Residencial;0;0;2;1;0;0;1;0;0;0;0;0;-3,793840000000000;-38,586146000000000
305080;12;3;2017;06:55;5322;AV DUQ CAXIAS;AV IMPERADOR;;0;;Colis?úo Transversal;Amanhecer;Nublado;Seca;Cruz;Sem?íforo;Comercial;0;1;1;0;1;0;0;0;0;1;0;0;-3,730048000000000;-38,535297000000000
305101;12;3;2017;13:00;0;AV AGUANAMBI;;;741;;Colis?úo Lateral;Luz do Dia;Bom;Seca;Meio de Quadra;Sem?íforo;Comercial;0;1;1;1;0;0;0;0;0;1;0;0;-3,742930000000000;-38,525804000000000
305083;12;3;2017;20:30;0;AV SEN FERNANDES TAVORA;;;840;;Colis?úo Traseira;Via Iluminada;Bom;Seca;Outros;Outros;Comercial;0;0;2;1;0;0;0;0;0;0;0;0;-3,763168000000000;-38,580336000000000
305130;12;3;2017;02:50;7623;RUA RIO GRANDE DO SUL;RUA PERNAMBUCO;;0;;Colis?úo;Via Iluminada;Bom;Seca;Cruz;Pare;Residencial;0;0;2;1;0;0;0;0;0;0;0;0;-3,760011000000000;-38,568467000000000
305124;12;3;2017;14:31;25268;AV BORGES DE MELO;RUA JORGE ACURCIO;;0;;Colis?úo Lateral;Luz do Dia;Nublado;Seca;T;N?úo H?í Controle;Comercial;0;1;2;0;1;0;0;0;0;1;0;0;-3,760118000000000;-38,529837000000000
305119;12;3;2017;15:00;22167;AV JOSE BASTOS;RUA TAVARES IRACEMA;;0;;Colis?úo Lateral;Luz do Dia;Nublado;Molhada;T;N?úo H?í Controle;Comercial;0;0;2;1;0;0;0;0;0;0;0;0;-3,752313000000000;-38,552770000000000
305142;12;3;2017;09:14;24937;AV DR SILAS MUNGUBA;RUA MANUEL TEOFILO;;0;;Colis?úo Transversal;Luz do Dia;Bom;Seca;Cruz;N?úo H?í Controle;Residencial;0;1;1;1;0;0;0;0;0;1;0;0;-3,780481000000000;-38,558947000000000
305152;12;3;2017;02:50;0;RUA 426 CJ CEARA;;;36;;Choque c/ Obst?ículo Fixo;Via Iluminada;Bom;Seca;Meio de Quadra;N?úo H?í Controle;Residencial;0;0;1;1;0;0;0;0;0;0;0;0;-3,760492000000000;-38,605112000000000
305156;12;3;2017;02:40;10666;AV MIGUEL DIAS;RUA ROMEU ALDIGUERI;;0;;Colis?úo Lateral;Via Iluminada;Chuva;Molhada;Cruz;Pare;Residencial;0;0;2;1;0;0;0;0;0;0;0;0;-3,765358000000000;-38,487547000000000
305175;12;3;2017;18:13;11645;RUA BOA VISTA;RUA ANTONIO IVO;;0;;Colis?úo Lateral;Anoitecer;Nublado;Seca;Cruz;Pare;Comercial;0;2;0;0;0;0;0;0;0;1;0;0;-3,769076000000000;-38,585964000000000
305185;12;3;2017;08:00;23513;RUA ANA GONCALVES;RUA SABINO MONTE;;0;;Colis?úo Lateral;Luz do Dia;Nublado;Seca;Cruz;Pare;Residencial;0;2;0;1;0;0;0;0;0;1;0;0;-3,759428000000000;-38,511374000000000
305197;12;3;2017;15:06;15785;RUA JOAQUIM FELICIO;RUA PEDRO II;;0;;Colis?úo Transversal;Luz do Dia;Nublado;Seca;Cruz;Pare;Residencial;0;1;1;1;0;0;0;0;0;1;0;0;-3,830629000000000;-38,487935000000000
305201;12;3;2017;14:40;15909;RUA PDE PEDRO DE ALENCAR;RUA VENEZA;;0;;Colis?úo Lateral;Luz do Dia;Nublado;Seca;T;Sem?íforo;Residencial;0;0;2;1;0;0;0;0;0;0;0;0;-3,836296000000000;-38,494157000000000
305205;12;3;2017;10:00;5371;RUA VINTE E QUATRO DE MAIO;RUA GAL CLARINDO DE QUEIROZ;;0;;Colis?úo Transversal;Luz do Dia;Nublado;Seca;Cruz;Pare;Comercial;0;0;2;1;1;0;0;0;0;0;0;0;-3,731621000000000;-38,533532000000000
305209;12;3;2017;11:15;738;AV FRANCISCO SA;RUA DNA MENDINHA;;0;;Colis?úo Transversal;Luz do Dia;Bom;Molhada;Cruz;Pare;Residencial;0;0;2;1;0;0;0;0;0;0;0;0;-3,712666000000000;-38,571238000000000
305129;13;3;2017;16:21;0;RUA CON DE CASTRO;;;8358;;Colis?úo Lateral;Luz do Dia;;;Meio de Quadra;;;0;0;2;1;0;0;1;0;0;0;0;0;-3,818967200000000;-38,602250800000000
305121;13;3;2017;08:44;7674;AV JOSE BASTOS;RUA RIO GRANDE DO NORTE;;0;;Colis?úo;Luz do Dia;;;Cruz;Sem?íforo;Comercial;0;1;1;1;0;0;0;0;0;1;0;0;-3,760562000000000;-38,564477000000000
305125;13;3;2017;22:15;5424;RUA BAR RIO BRANCO;RUA METON DE ALENCAR;;0;;Colis?úo Lateral;Via Iluminada;Bom;Seca;Cruz;Sem?íforo;Comercial;0;0;2;1;0;0;0;0;0;0;0;0;-3,733701000000000;-38,530563000000000
305126;13;3;2017;10:43;0;AV GAL OSORIO DE PAIVA;;;3102;;Colis?úo Traseira;Luz do Dia;;;Meio de Quadra;;;0;0;2;1;0;0;0;0;0;0;0;0;-3,789605000000000;-38,587373000000000
305131;13;3;2017;10:40;0;RUA PDE VALDEVINO;;;1688;;Colis?úo Traseira;Luz do Dia;;;Meio de Quadra;;;0;0;2;1;0;0;0;0;0;0;0;0;-3,741331000000000;-38,509849000000000
305084;13;3;2017;03:15;0;AV ANTONIO SALES;;;2760;;Colis?úo Traseira;;;;Meio de Quadra;;;0;1;3;1;0;0;0;0;0;0;0;0;-3,746382000000000;-38,499363000000000
305090;13;3;2017;06:50;10907;RUA PORTO VELHO;RUA GUARANI D35 (JOAO XXIII);;0;;Colis?úo Transversal;Luz do Dia;;;Cruz;Pare;Residencial;0;1;1;0;0;0;0;1;0;1;0;0;-3,768441000000000;-38,582396000000000
305116;13;3;2017;19:10;0;AV TEN LISBOA;;;3774;;Colis?úo Traseira;;;;Meio de Quadra;;;0;0;2;1;0;0;0;0;0;0;0;0;-3,717893000000000;-38,556023000000000
305118;13;3;2017;09:10;0;RUA BERNARDO MANUEL;;;7142;VIADUTO DO AEROPORTO;Colis?úo Traseira;Luz do Dia;;;Meio de Quadra;;;0;1;1;1;0;0;0;0;0;0;0;0;-3,780200000000000;-38,545751000000000
305086;13;3;2017;13:40;18407;AV SGT HERMINIO SAMPAIO;RUA VIRGILIO BRIGIDO;;0;;Colis?úo Lateral;Luz do Dia;;;T;N?úo H?í Controle;Residencial;0;1;1;1;0;0;0;0;0;1;0;0;-3,728096000000000;-38,570340000000000
305087;13;3;2017;06:15;22937;AV DR SILAS MUNGUBA;RUA GOV JOAO CARLOS;;0;;Colis?úo Traseira;Luz do Dia;;;T;Sem?íforo;Comercial;0;0;2;1;0;0;0;0;0;0;0;0;-3,783950000000000;-38,553910000000000
305088;13;3;2017;17:20;9072;AV VIS RIO BRANCO;AV PONTES VIEIRA;;0;;Colis?úo Transversal;Anoitecer;;;Cruz;Sem?íforo;Misto;0;0;2;0;1;0;0;0;0;0;0;0;-3,753544000000000;-38,520486000000000
297891;13;3;2017;08:50;0;AV GAL OSORIO DE PAIVA;;;6554;;Atropelamento;Luz do Dia;;;Meio de Quadra;;;1;0;1;0;0;0;1;0;0;0;0;0;-3,811146000000000;-38,608264000000000
307956;13;3;2017;19:20;20042;AV DEP PAULINO ROCHA;AV ALBERTO CRAVEIRO;;0;;Colis?úo Traseira;Via Iluminada;Bom;Seca;Rotat??ria;Pare;Lazer;0;0;2;1;0;0;0;0;0;0;0;0;-3,807191000000000;-38,524246000000000
307953;13;3;2017;19:40;7637;AV CARNEIRO DE MENDONCA;RUA NETUNO;;0;;Colis?úo Lateral;Via Iluminada;Bom;Seca;T;Sem?íforo;Comercial;0;0;2;1;0;0;0;0;0;0;0;0;-3,761508200000000;-38,571570000000000
307936;13;3;2017;19:13;3789;AV 13 DE MAIO;RUA WALDERY UCHOA;;0;;Colis?úo Transversal;N?úo Iluminada;Bom;Seca;Cruz;N?úo H?í Controle;Comercial;0;0;0;1;0;0;0;0;0;1;0;0;-3,742872200000000;-38,537865000000000
307937;13;3;2017;19:46;15347;AV DOM LUIS;RUA TIBURCIO CAVALCANTE;;0;;Colis?úo Lateral;Via Iluminada;Bom;Seca;T;Sem?íforo;Comercial;0;0;2;0;1;0;0;0;0;0;0;0;-3,731946000000000;-38,501354000000000
307938;13;3;2017;18:39;3007;AV GAL OSORIO DE PAIVA;RUA MARCELO SANTA FE;;0;;Colis?úo Traseira;Via Iluminada;Bom;Seca;Cruz;N?úo H?í Controle;Comercial;0;1;1;0;0;0;0;0;0;1;0;0;-3,735742800000000;-38,558453000000000
307939;13;3;2017;19:25;0;AV DOMINGOS OLIMPIO;;;123;;Colis?úo Traseira;Via Iluminada;Nublado;Seca;Meio de Quadra;N?úo H?í Controle;Comercial;0;0;2;1;0;0;0;0;0;0;0;0;-3,738528700000000;-38,524956000000000
307940;13;3;2017;20:49;0;AV DOS EXPEDICIONARIOS;;;4363;;Colis?úo Lateral;Via Iluminada;Nublado;Seca;Meio de Quadra;Pare;Comercial;0;1;1;0;0;0;0;0;0;1;0;0;-3,756780000000000;-38,538563000000000
307941;13;3;2017;09:16;19179;AV SANTOS DUMONT;RUA JULIO AZEVEDO;;0;;Atropelamento;Luz do Dia;Nublado;Molhada;Cruz;Sem?íforo;Comercial;0;2;0;0;0;0;0;0;0;1;0;0;-3,741795000000000;-38,481625000000000
307923;13;3;2017;07:30;7809;RUA FRANCISCO HOLANDA;RUA VIS MAUA;;0;;Colis?úo Transversal;Luz do Dia;Nublado;Molhada;Cruz;Pare;Comercial;0;0;2;1;0;0;0;0;0;0;0;0;-3,748965500000000;-38,503487000000000
307924;13;3;2017;08:00;0;AV VIS RIO BRANCO;;;1387;;Colis?úo Traseira;Luz do Dia;Nublado;Seca;Meio de Quadra;Sem?íforo;Comercial;0;0;2;1;0;0;0;0;0;0;0;0;-3,733186000000000;-38,524693000000000
307925;13;3;2017;08:32;12930;RUA EUSEBIO DE SOUZA;AV DOMINGOS OLIMPIO;;0;;Colis?úo Transversal;Luz do Dia;Nublado;Seca;T;Pare;Comercial;0;0;2;1;1;0;0;0;0;0;0;0;-3,738559000000000;-38,525383000000000
307926;13;3;2017;12:06;19611;AV GODOFREDO MACIEL;RUA NEREU RAMOS;;0;;Colis?úo Traseira;Luz do Dia;Chuva;Molhada;N?úo Informado;Sem?íforo;Comercial;0;2;0;1;0;0;0;0;0;0;0;0;-3,786966000000000;-38,567270000000000
307927;13;3;2017;13:03;0;AV JOAO PESSOA;;;4821;;Colis?úo Traseira;Luz do Dia;Chuva;Molhada;Meio de Quadra;Sem?íforo;Comercial;0;0;2;0;1;0;0;0;0;0;0;0;-3,754558600000000;-38,551310000000000
307928;13;3;2017;13:39;15100;AV HIS RAIMUNDO GIRAO;RUA JOAO CORDEIRO;;0;;Colis?úo Traseira;Luz do Dia;Nublado;Molhada;Cruz;Sem?íforo;Comercial;0;0;2;1;1;0;0;0;0;0;0;0;-3,720723900000000;-38,511627000000000
307929;13;3;2017;14:09;0;AV ANTONIO SALES;;;3500;;Colis?úo Lateral;Luz do Dia;Bom;Seca;Meio de Quadra;N?úo H?í Controle;Residencial;0;0;2;1;0;0;0;0;0;0;0;0;-3,748453600000000;-38,492645000000000
307930;13;3;2017;15:20;0;RUA JOAQUIM NABUCO;;;3197;;Colis?úo Traseira;Luz do Dia;Nublado;Seca;Meio de Quadra;N?úo H?í Controle;Residencial;0;0;2;1;0;0;0;0;0;0;0;0;-3,752933700000000;-38,507057000000000
307931;13;3;2017;12:20;0;AV SGT HERMINIO SAMPAIO;;;2441;;Colis?úo Lateral;Luz do Dia;Nublado;Molhada;Meio de Quadra;Sem?íforo;Comercial;0;2;1;0;0;0;0;0;0;1;0;0;-3,726737300000000;-38,562176000000000
307932;13;3;2017;18:14;26209;AV ROGACIANO LEITE;AV CHANC EDSON QUEIROZ;;0;;Colis?úo Traseira;Via Iluminada;Bom;Seca;T;Sem?íforo;Comercial;0;0;2;1;0;0;0;0;0;0;0;0;-3,764556000000000;-38,495197000000000
307933;13;3;2017;16:30;16039;AV PRS COSTA E SILVA;RUA CEL TIBURCIO;;0;;Colis?úo Traseira;Luz do Dia;Bom;Seca;Cruz;Sem?íforo;Comercial;0;0;2;1;0;0;0;0;0;0;0;0;-3,811713700000000;-38,573536000000000
307934;13;3;2017;18:30;12925;AV DOMINGOS OLIMPIO;AV AGUANAMBI;;0;;Colis?úo Transversal;Via Iluminada;Bom;Seca;Cruz;Sem?íforo;Comercial;0;0;2;1;0;0;0;0;0;0;0;0;-3,738787400000000;-38,524500000000000
317965;13;3;2017;13:00;0;AV SEN CARLOS JEREISSATI (AEROPORTO);;;0;KM 03;Colis?úo;Luz do Dia;Bom;Seca;Meio de Quadra;;;0;0;3;1;0;0;0;0;0;0;0;0;-3,779641000000000;-38,544038000000000
317968;13;3;2017;17:20;0;RD CE-040;;;0;KM-02;Colis?úo;Anoitecer;Bom;Seca;Meio de Quadra;;;0;0;2;0;0;1;0;0;0;1;0;0;-3,773616148000000;-38,481799400000000
320496;13;3;2017;00:24;7401;AV SEN FERNANDES TAVORA;RUA AUDISIO PINHEIRO;;0;;Colis?úo;;;;Cruz;Sem?íforo;Comercial;0;1;1;1;0;0;0;0;0;1;0;0;-3,758593000000000;-38,588886000000000
320499;13;3;2017;00:42;0;RUA BERNARDO MANUEL;;;8885;;Capotamento;;;;Meio de Quadra;;;0;1;0;0;0;0;0;0;0;0;0;0;-3,797268000000000;-38,550984000000000
320502;13;3;2017;00:45;0;AV CEL CARVALHO;;;1149;;Colis?úo;;;;Meio de Quadra;;;0;1;1;1;0;0;0;0;0;1;0;0;-3,712540000000000;-38,589148000000000
320506;13;3;2017;05:38;0;AV MAJ ASSIS;;;170;;Colis?úo;Amanhecer;;;Meio de Quadra;;;0;1;1;1;0;0;0;0;0;1;0;0;-3,724467000000000;-38,578290000000000
320514;13;3;2017;06:18;0;AV ALBERTO CRAVEIRO;;;2650;;Colis?úo;Luz do Dia;;;Meio de Quadra;;;0;2;0;1;0;0;0;0;0;1;0;0;-3,803129000000000;-38,521477000000000
320518;13;3;2017;06:31;0;RUA JULIO BRAGA;;;881;;Colis?úo;Luz do Dia;;;Meio de Quadra;;;0;3;0;0;0;0;0;0;0;1;0;0;-3,775942000000000;-38,579069000000000
320522;13;3;2017;06:51;0;AV FRANCISCO SA;;;0;;Atropelamento;Luz do Dia;;;Meio de Quadra;;;0;1;1;0;1;0;0;0;0;0;0;0;;
320525;13;3;2017;07:25;0;RUA CEL MATOS DOURADO;;;0;;Queda;Luz do Dia;;;Meio de Quadra;;;0;1;0;0;0;0;0;0;0;1;0;0;;
320528;13;3;2017;08:06;0;AV DOM MANUEL;;;96;;Queda;Luz do Dia;;;Meio de Quadra;;;0;1;0;0;0;0;0;0;0;1;0;0;-3,724917000000000;-38,520009000000000
320543;13;3;2017;09:31;0;AV JOSE LEON;;;2215;;Queda;Luz do Dia;;;Meio de Quadra;;;0;1;0;0;0;0;0;0;0;1;0;0;-3,790179000000000;-38,491736000000000
320556;13;3;2017;10:50;0;RUA SILVEIRA DA MOTA;;;217;;Colis?úo;Luz do Dia;;;Meio de Quadra;;;0;1;1;1;0;0;0;0;0;1;0;0;-3,814213000000000;-38,494051000000000
320549;13;3;2017;10:43;0;RUA CUIABA;;;152;;Colis?úo;Luz do Dia;;;Meio de Quadra;;;0;1;1;0;0;0;0;0;0;1;0;0;-3,771163000000000;-38,574933000000000
320601;13;3;2017;14:03;19829;RUA PDE GUERRA;AV ENG HUMBERTO MONTE;;0;;Colis?úo;Luz do Dia;;;T;Pare;Residencial;0;2;1;1;0;0;0;0;0;1;0;0;-3,740923000000000;-38,567491000000000
320602;13;3;2017;16:30;0;TR SAO JOAO BATISTA;;;766;;Colis?úo;Luz do Dia;;;Meio de Quadra;;;0;1;1;1;0;0;0;0;0;1;0;0;;