COD_ACIDENTE;DIA;MES;ANO;HORA;INTERSECAO;LOG1;LOG2;LOG3;NUMERO;REFERENCIA;NATUREZA;ILUMINACAO;TEMPO;SUPERFICIEPISTA;TIPOCRUZAMENTO;CONTROLETRAFEGO;USOSOLO;MORTOS;FERIDOS;ILESOS;AUTOMOVEL;ONIBUS;BICICLETA;CAMINHAO;MICROONIBUS;CICLOMOTOR;MOTOCICLETA;TRACAOANIMAL;TREM;LATITUDE;LONGITUDE
320606;13;3;2017;17:08;19539;RUA EQUADOR;AV DR SILAS MUNGUBA;;0;;Colis?úo;Anoitecer;;;Cruz;Sem?íforo;Comercial;0;2;0;0;0;0;0;0;0;1;0;0;-3,782377000000000;-38,555434000000000
320609;13;3;2017;17:19;0;RD BR 116;;;10000;KM-10;Colis?úo;Anoitecer;;;Meio de Quadra;;;0;1;1;0;0;0;1;0;0;1;0;0;-3,834435000000000;-38,503373000000000
320619;13;3;2017;17:52;0;AV OLIVEIRA PAIVA;;;1113;;Colis?úo;Anoitecer;;;Meio de Quadra;;;0;1;1;1;0;0;0;0;0;1;0;0;-3,795814000000000;-38,496992000000000
320620;13;3;2017;18:26;0;LOGRADOURO SEM NOME;;;0;;Queda;Anoitecer;;;Meio de Quadra;;;0;1;0;0;0;0;0;0;0;1;0;0;;
320622;13;3;2017;18:38;24943;AV ABOLICAO;AV ALM HENRIQUE SABOIA;;0;;Queda;;;;Cruz;Sem?íforo;Comercial;0;2;0;0;0;0;0;0;0;1;0;0;-3,722615000000000;-38,479798000000000
320625;13;3;2017;18:39;9079;RUA LAURO MAIA;RUA BONFIM SOBRINHO;;0;;Colis?úo;;;;Cruz;Pare;Residencial;0;1;1;1;0;0;0;0;0;1;0;0;-3,750867000000000;-38,522154000000000
320634;13;3;2017;18:40;0;AV GAL OSORIO DE PAIVA;;;5360;;Colis?úo;;;;Meio de Quadra;;;0;1;1;0;0;0;0;0;0;1;0;0;-3,804152000000000;-38,601530000000000
320636;13;3;2017;18:50;0;ROD CE 010;;;0;;Colis?úo;;;;Meio de Quadra;;;0;2;0;0;0;0;0;0;0;0;0;0;;
320644;13;3;2017;21:11;0;AV PRO JOSE ARTHUR CARVALHO;;;2271;;Colis?úo;;;;Meio de Quadra;;;0;1;1;0;0;0;0;0;0;0;0;0;-3,824505000000000;-38,459142000000000
320646;13;3;2017;21:14;0;RUA GAL ONOFRE;;;225;;Colis?úo;;;;Meio de Quadra;;;0;1;1;1;0;1;0;0;0;0;0;0;;
320648;13;3;2017;21:24;0;RUA SAPICUA D64;;;2272;;Colis?úo;;;;Meio de Quadra;;;0;1;1;0;0;0;0;0;0;0;0;0;;
320650;13;3;2017;22:26;0;RD BR 116;;;12000;KM-12;Queda;;;;Meio de Quadra;;;0;2;0;0;0;0;0;0;0;1;0;0;-3,855740000000000;-38,496066000000000
320653;13;3;2017;22:55;0;RUA BENI DE CARVALHO;;;205;;Colis?úo;;;;Meio de Quadra;;;0;1;1;1;0;0;0;0;0;1;0;0;-3,744817000000000;-38,498682000000000
320657;14;3;2017;00:23;0;AV PRO GOMES DE MATOS;;;48;;Colis?úo;;;;Meio de Quadra;;;0;1;1;1;0;0;0;0;0;1;0;0;-3,754944000000000;-38,540292000000000
320659;14;3;2017;06:38;0;AV FRANCISCO SA;;;4180;;Colis?úo;Luz do Dia;;;Meio de Quadra;;;0;1;1;1;0;0;0;0;0;1;0;0;-3,715787000000000;-38,562154000000000
320661;14;3;2017;06:51;0;AV WASHINGTON SOARES;;;6055;CASA JOSE DE ALENCAR;Queda;Luz do Dia;;;Meio de Quadra;;;0;2;0;0;0;0;0;0;0;1;0;0;-3,812090000000000;-38,479117000000000
320711;14;3;2017;09:10;0;AV HIS RAIMUNDO GIRAO;;;903;;Colis?úo;Luz do Dia;;;Meio de Quadra;;;0;1;1;0;0;0;0;0;0;1;0;0;-3,722399300000000;-38,507834200000000
320715;14;3;2017;09:32;0;AV C CJ JOSE WALTER;;;1425;;Queda;Luz do Dia;;;Meio de Quadra;;;0;1;0;0;0;1;0;0;0;0;0;0;;
320716;14;3;2017;10:04;1561;AV PDE ANTONIO TOMAS;AV SEN VIRGILIO TAVORA;;0;;Colis?úo;Luz do Dia;;;Outros;Sem?íforo Intermitente;Comercial;0;1;1;1;0;0;0;0;0;1;0;0;-3,741760000000000;-38,494749000000000
320718;14;3;2017;10:21;25025;AV AUGUSTO DOS ANJOS;RUA EMILIO DE MENESES;;0;;Atropelamento;Luz do Dia;;;T;Sem?íforo;Comercial;0;1;1;0;1;0;0;0;0;0;0;0;-3,783313000000000;-38,581896000000000
320719;14;3;2017;10:33;0;AV FRANCISCO SA;;;1650;;Queda;Luz do Dia;;;Meio de Quadra;;;0;1;0;0;0;0;0;0;0;1;0;0;-3,722397683000000;-38,542148549000000
320721;14;3;2017;10:56;0;RUA GUILHERME ROCHA;;;0;;Atropelamento;Luz do Dia;;;Meio de Quadra;;;0;1;1;0;0;0;0;0;0;0;0;0;;
320722;14;3;2017;12:34;0;RUA SEN POMPEU;;;2368;;Atropelamento;Luz do Dia;;;Meio de Quadra;;;0;1;1;0;0;0;0;0;0;1;0;0;-3,739232000000000;-38,533358000000000
320723;14;3;2017;12:38;0;AV BEZERRA DE MENEZES;;;0;;Colis?úo;Luz do Dia;;;Meio de Quadra;;;0;1;1;1;0;0;0;0;0;1;0;0;;
320713;14;3;2017;09:30;0;RUA RIO GRANDE DO SUL;;;1556;;Colis?úo;Luz do Dia;;;Meio de Quadra;;;0;1;1;0;0;0;0;0;0;0;0;0;-3,761918000000000;-38,569754000000000
320726;14;3;2017;12:47;0;AV PRS CASTELO BRANCO;;;0;;Colis?úo;Luz do Dia;;;Meio de Quadra;;;0;1;1;1;0;1;0;0;0;0;0;0;;
320729;14;3;2017;12:52;0;AV CONTORNO NORTE D71;;;966;;Queda;Luz do Dia;;;Meio de Quadra;;;0;1;0;0;0;0;0;0;0;1;0;0;-3,812746400000000;-38,588759800000000
320742;14;3;2017;18:38;0;AV CEL GUSTAVO A LIMA;;;0;;Colis?úo;;;;Meio de Quadra;;;0;1;1;0;0;0;0;0;0;1;0;0;;
320744;14;3;2017;19:46;0;RUA MIGUEL GURGEL;;;0;;Queda;;;;Meio de Quadra;;;0;1;1;0;0;1;0;0;0;0;0;0;;
320745;14;3;2017;22:04;0;AV BEIRA MAR;;;4520;;Colis?úo;;;;Meio de Quadra;;;0;1;1;1;0;0;0;0;0;1;0;0;-3,722152000000000;-38,480467000000000
317969;14;3;2017;10:20;0;RD CE-040;;;0;KM-01;Colis?úo;Luz do Dia;Bom;Seca;Meio de Quadra;;;0;1;1;1;0;0;0;0;0;1;0;0;-3,764650449000000;-38,482583040000000
317971;14;3;2017;13:08;0;RD CE-040;;;0;KM-09;Colis?úo;Luz do Dia;Bom;Seca;Meio de Quadra;;;0;1;1;1;0;0;0;0;0;0;0;0;-3,834450897000000;-38,482465820000000
307942;14;3;2017;06:40;23045;AV DR SILAS MUNGUBA;RUA MALMEQUER;;0;;Colis?úo Transversal;Luz do Dia;Nublado;Seca;Cruz;Sem?íforo;Comercial;0;0;1;1;0;0;0;0;0;1;0;0;-3,790968200000000;-38,538654000000000
307943;14;3;2017;08:18;5234;RUA PEREIRA FILGUEIRAS;RUA NOGUEIRA ACIOLI;;0;;Colis?úo Transversal;Luz do Dia;Nublado;Seca;Cruz;Pare;Comercial;0;0;2;0;0;0;0;0;0;0;0;0;-3,727290200000000;-38,516056000000000
307944;14;3;2017;08:06;5345;AV VIS RIO BRANCO;RUA PEDRO PEREIRA;;0;;Colis?úo Lateral;Luz do Dia;Nublado;Molhada;Cruz;Sem?íforo;Comercial;0;0;1;1;0;0;0;0;0;0;0;0;-3,730908900000000;-38,525017000000000
307945;14;3;2017;08:00;17377;RUA ELVIRA PINHO;RUA BAR CANINDE;;0;;Colis?úo Transversal;Luz do Dia;Nublado;Molhada;Cruz;Pare;Residencial;0;1;1;0;0;0;0;0;0;1;0;0;-3,766990400000000;-38,556190000000000
307946;14;3;2017;07:57;0;AV BORGES DE MELO;;;1287;;Colis?úo Traseira;Luz do Dia;Nublado;Molhada;Meio de Quadra;N?úo H?í Controle;Residencial;0;0;2;1;1;0;0;0;0;0;0;0;-3,759239000000000;-38,530810000000000
307947;14;3;2017;09:20;9020;RUA JAIME BENEVOLO;RUA SALDANHA MARINHO;;0;;Colis?úo Transversal;Luz do Dia;Nublado;Seca;Cruz;Sem?íforo;Comercial;0;1;1;1;0;0;0;0;0;1;0;0;-3,753934100000000;-38,539750000000000
307948;14;3;2017;10:55;0;RUA DR JOAQUIM BENTO;;;345;;Colis?úo Lateral;Luz do Dia;Bom;Seca;Meio de Quadra;;;0;2;0;1;0;0;0;0;0;1;0;0;-3,828884100000000;-38,488518000000000
307949;14;3;2017;10:12;9021;RUA SALDANHA MARINHO;AV FELINO BARROSO;;0;;Colis?úo Lateral;Luz do Dia;Nublado;Seca;Cruz;Pare;Residencial;0;0;2;1;0;0;0;0;0;0;0;0;-3,743100000000000;-38,528600000000000
307950;14;3;2017;12:50;15010;RUA NORUEGA;RUA HOLANDA;;0;;Colis?úo Transversal;Luz do Dia;Bom;Seca;Outros;N?úo H?í Controle;Residencial;0;0;2;1;0;0;0;0;0;0;0;0;-3,793069400000000;-38,565980000000000
307951;14;3;2017;14:50;0;AV SANTOS DUMONT;;;2626;;Colis?úo Lateral;Luz do Dia;Bom;Seca;Meio de Quadra;Sem?íforo;Comercial;0;0;2;1;1;0;0;0;0;0;0;0;-3,735310600000000;-38,501583000000000
307952;14;3;2017;15:22;26209;AV ROGACIANO LEITE;AV CHANC EDSON QUEIROZ;;0;;Colis?úo Traseira;Luz do Dia;Nublado;Seca;T;Sem?íforo;Residencial;0;0;2;1;0;0;0;0;0;0;0;0;-3,763918000000000;-38,494797000000000
307961;14;3;2017;20:50;6545;AV H CJ CEARA;AV A CJ CEARA;;0;;Colis?úo Transversal;Via Iluminada;Bom;Seca;Cruz;Sem?íforo;Comercial;0;0;2;1;0;0;0;0;0;0;0;0;-3,775263500000000;-38,606026000000000
307954;14;3;2017;18:44;0;AV ANTONIO JUSTA;;;0;;Colis?úo Lateral;Anoitecer;Bom;Seca;Cruz;Sem?íforo;Comercial;0;0;2;1;1;0;0;0;0;0;0;0;-3,727512000000000;-38,495358000000000
307955;14;3;2017;19:17;0;RUA DOZE;AV DR SILAS MUNGUBA;;0;;Colis?úo Transversal;Anoitecer;Bom;Seca;T;Pare;Residencial;0;0;2;1;0;0;0;0;0;0;0;0;-3,794661000000000;-38,533270000000000
307957;14;3;2017;18:56;0;AV A CJ CEARA;RUA EMILIO DE MENESES;;0;;Colis?úo Lateral;Via Iluminada;Bom;Seca;Cruz;Sem?íforo;Comercial;0;0;2;1;0;0;0;0;0;0;0;0;-3,776280200000000;-38,606327000000000
307977;14;3;2017;08:37;0;AV IMPERADOR;;;709;COLEGIO SISTEMA;Colis?úo Lateral;Luz do Dia;Bom;Seca;Meio de Quadra;N?úo H?í Controle;Comercial;0;1;1;1;0;0;0;0;0;1;0;0;-3,727533000000000;-38,534470000000000
308035;14;3;2017;21:27;15315;RUA CANUTO DE AGUIAR;AV DES MOREIRA;;0;;Colis?úo Traseira;Via Iluminada;Bom;Seca;Cruz;Sem?íforo;Comercial;0;0;2;1;0;0;0;0;0;0;0;0;-3,730240800000000;-38,496704000000000
305136;14;3;2017;17:33;0;AV PRS CASTELO BRANCO;;;0;;Queda;Anoitecer;Bom;Seca;Meio de Quadra;Sem?íforo;Comercial;0;1;0;0;0;0;0;0;0;1;0;0;;
305127;14;3;2017;15:40;2955;RUA MARIA JULIA;RUA SAO FRANCISCO D21;;0;;Colis?úo Transversal;Luz do Dia;Bom;Seca;Cruz;Pare;Comercial;0;0;2;1;0;0;0;0;0;0;0;0;-3,798608000000000;-38,601633000000000
305128;14;3;2017;08:39;0;AV FRANCISCO SA;;;3636;;Colis?úo Lateral;Luz do Dia;Bom;Seca;Meio de Quadra;Sem?íforo;Residencial;0;1;2;0;0;0;1;0;0;1;0;0;-3,717427000000000;-38,557324000000000
305139;14;3;2017;14:40;0;AV GAL OSORIO DE PAIVA;;;4801;;Atropelamento;Luz do Dia;Bom;Seca;Meio de Quadra;;;0;1;1;0;0;0;0;0;0;1;0;0;-3,800958000000000;-38,598415000000000
305143;14;3;2017;15:45;0;RUA PRO GOMES BRASIL;;;555;;Colis?úo Transversal;Luz do Dia;Bom;Seca;;;;0;1;1;1;0;0;0;0;0;1;0;0;-3,773773000000000;-38,567868000000000
305148;14;3;2017;16:05;0;AV AGUANAMBI;;;500;;Colis?úo Lateral;Luz do Dia;Bom;Seca;Meio de Quadra;N?úo H?í Controle;Comercial;0;0;2;0;1;0;0;0;0;0;0;0;-3,741390000000000;-38,525751000000000
305186;14;3;2017;10:20;0;AV GAL OSORIO DE PAIVA;;;5303;;Colis?úo Lateral;Luz do Dia;Bom;Seca;Meio de Quadra;Outros;Residencial;0;1;1;0;0;1;0;0;0;0;0;0;-3,803998000000000;-38,601385000000000
305187;14;3;2017;09:16;1475;AV SANTOS DUMONT;RUA FONSECA LOBO;;0;;;Luz do Dia;Nublado;;Cruz;N?úo H?í Controle;Comercial;0;0;2;1;1;0;0;0;0;0;0;0;-3,739062000000000;-38,489602000000000
305188;14;3;2017;17:45;0;AV PRS CASTELO BRANCO;;;0;;Colis?úo Traseira;Anoitecer;Bom;Seca;Meio de Quadra;Sem?íforo;Comercial;0;0;2;1;0;0;0;0;0;1;0;0;;
305182;14;3;2017;13:00;0;RUA PDE SEVERIANO;;;110;;Colis?úo Lateral;Luz do Dia;Bom;Seca;Meio de Quadra;N?úo H?í Controle;Comercial;0;0;4;1;0;0;0;0;0;0;0;0;-3,833704000000000;-38,491865000000000
305177;14;3;2017;18:10;261;RUA PRO LINO ENCARNACAO;AV JOVITA FEITOSA;;0;;Colis?úo Lateral;Anoitecer;Bom;Seca;Cruz;Sem?íforo Intermitente;Residencial;0;0;2;1;1;0;0;0;0;0;0;0;-3,740720000000000;-38,560746000000000
305157;15;3;2017;11:45;12864;AV DOMINGOS OLIMPIO;RUA ASSUNCAO;;0;;Colis?úo Traseira;Luz do Dia;Bom;Seca;Cruz;Sem?íforo;Residencial;0;2;0;1;0;0;0;0;0;0;0;0;-3,737192000000000;-38,529548000000000
305158;15;3;2017;16:25;7860;AV ANTONIO SALES;AV SEN VIRGILIO TAVORA;;0;;Colis?úo Lateral;Luz do Dia;Bom;Seca;Cruz;Sem?íforo;Comercial;0;2;0;1;0;0;0;0;0;0;0;0;-3,747279000000000;-38,496500000000000
305159;15;3;2017;13:40;5247;AV IMPERADOR;RUA PEDRO PEREIRA;;0;;Colis?úo Lateral;Luz do Dia;Bom;Seca;Cruz;Sem?íforo;Comercial;0;2;0;1;0;0;0;0;0;1;0;0;-3,727714000000000;-38,534609000000000
305160;15;3;2017;20:10;0;RUA JACINTO MATOS;;;600;;Colis?úo Traseira;Via Iluminada;Bom;Seca;Meio de Quadra;N?úo H?í Controle;Residencial;0;2;0;0;0;0;0;0;0;1;0;0;-3,716359000000000;-38,546486000000000
305161;15;3;2017;02:00;0;RUA BERNARDO MANUEL;;;9964;;Colis?úo Traseira;Via Iluminada;Chuva;Molhada;Outros;Pare;Comercial;0;2;0;1;0;0;0;0;0;0;0;0;-3,804464000000000;-38,553137000000000
305149;15;3;2017;08:00;0;AV DOM LUIS;;;0;;Colis?úo Transversal;Luz do Dia;Bom;Seca;Cruz;Pare;Comercial;0;2;0;1;0;0;0;0;0;0;0;0;;
305150;15;3;2017;21:07;23008;AV DR SILAS MUNGUBA;RUA AFONSO LOPES;;0;;Colis?úo Lateral;Via Iluminada;Bom;Seca;Cruz;Pare;Comercial;0;2;0;1;0;0;0;0;0;0;0;0;;
305151;15;3;2017;07:50;0;AV GAL MURILO BORGES;AV ROGACIANO LEITE;;0;;Colis?úo Traseira;Luz do Dia;Bom;Seca;;;;0;2;0;1;0;0;0;0;0;1;0;0;;
305153;15;3;2017;11:32;0;AV PRS JUSCELINO KUBITSCHEK (PASSAR?ë);AV PRS COSTA E SILVA;;0;;Colis?úo Traseira;Luz do Dia;Bom;;;;;0;2;0;0;0;0;0;0;0;1;0;0;;
305154;15;3;2017;19:15;15175;RUA NUNES VALENTE;AV ABOLICAO;;0;;Colis?úo Lateral;Via Iluminada;Bom;Seca;Cruz;Sem?íforo;Residencial;0;2;0;1;0;0;1;0;0;0;0;0;-3,725750000000000;-38,500384000000000
305155;15;3;2017;23:00;15819;AV JOR THOMAZ COELHO;RUA STA EFIGENIA;;0;;Colis?úo Lateral;Via Iluminada;Bom;Seca;T;N?úo H?í Controle;Comercial;0;2;0;0;1;0;0;0;0;1;0;0;-3,832374000000000;-38,500550000000000
305144;15;3;2017;12:00;0;AV EDILSON B SOARES;;;1600;;Colis?úo Traseira;Luz do Dia;Bom;Seca;Meio de Quadra;D?¬ Prefer?¬ncia;Residencial;0;2;0;1;0;0;0;0;0;0;0;0;-3,788652000000000;-38,471207000000000
305145;15;3;2017;12:00;465;AV SEN FERNANDES TAVORA;RUA MANAUS;;0;;Colis?úo Transversal;Luz do Dia;Bom;Seca;Cruz;N?úo H?í Controle;Comercial;0;2;0;1;0;0;0;0;0;0;0;0;-3,756541000000000;-38,592745000000000
305141;15;3;2017;18:00;0;AV ODILON GUIMARAES;;;1280;;Colis?úo Lateral;;Bom;Seca;Meio de Quadra;N?úo H?í Controle;Residencial;0;2;0;1;0;0;0;0;0;0;0;0;-3,826879000000000;-38,480413000000000
305137;15;3;2017;13:25;0;RUA SEN POMPEU;;;2676;;Colis?úo Lateral;Luz do Dia;Bom;Seca;Meio de Quadra;N?úo H?í Controle;Escola;0;2;0;0;1;0;0;0;0;0;0;0;-3,742017000000000;-38,534195000000000
305138;15;3;2017;11:40;5457;RUA ANTONIO POMPEU;RUA ASSUNCAO;;0;;Colis?úo Lateral;Luz do Dia;Bom;Seca;Cruz;Sem?íforo Intermitente;Comercial;0;2;0;1;1;0;0;0;0;0;0;0;-3,735329000000000;-38,528927000000000
305134;15;3;2017;07:30;15333;RUA ANA BILHAR;RUA PRO DIAS DA ROCHA;;0;;Colis?úo Transversal;Luz do Dia;Bom;Seca;Cruz;Pare;Comercial;0;2;0;0;0;0;0;0;0;1;0;0;-3,731209000000000;-38,490300000000000
305135;15;3;2017;16:10;15360;AV DOM LUIS;AV DES MOREIRA;;0;;Colis?úo Traseira;Luz do Dia;Bom;Seca;Rotat??ria;Sem?íforo;Comercial;0;2;0;1;0;0;0;0;0;0;0;0;-3,733239000000000;-38,497383000000000
325530;15;3;2017;06:45;0;RD BR 020;;;700;KM 426;Colis?úo Transversal;Luz do Dia;;Molhada;Meio de Quadra;;;0;1;1;1;0;0;0;0;0;0;0;0;;
307958;15;3;2017;08:12;0;RUA FRE MANSUETO;;;422;;Colis?úo Transversal;Luz do Dia;Bom;Seca;Meio de Quadra;N?úo H?í Controle;Residencial;0;0;3;1;0;0;0;0;0;0;0;0;-3,727767700000000;-38,489132000000000
307959;15;3;2017;07:34;1423;RUA OSVALDO CRUZ (ALDEOTA);RUA TORRES CAMARA;;0;;Colis?úo Transversal;Luz do Dia;Bom;Seca;Cruz;Sem?íforo;Residencial;0;1;1;1;0;0;0;0;0;1;0;0;-3,737696600000000;-38,500950000000000
307960;15;3;2017;07:30;12496;AV CARNEIRO DE MENDONCA;AV LINEU MACHADO;;0;;Colis?úo Lateral;Luz do Dia;Bom;Seca;Outros;Sem?íforo;Comercial;0;1;2;1;0;0;0;0;0;1;0;0;-3,760488500000000;-38,574024000000000
307962;15;3;2017;12:19;0;AV DOS EXPEDICIONARIOS;;;4590;;Colis?úo Traseira;Luz do Dia;Bom;Seca;Meio de Quadra;N?úo H?í Controle;Comercial;0;0;2;1;0;0;0;0;0;1;0;0;-3,758425200000000;-38,539265000000000
307963;15;3;2017;14:04;1516;AV DES MOREIRA;AV PDE ANTONIO TOMAS;;1500;;Colis?úo Lateral;Luz do Dia;Bom;Seca;Cruz;Sem?íforo;Residencial;0;0;2;1;0;0;0;0;0;0;0;0;-3,817547600000000;-38,524006000000000
307964;15;3;2017;14:14;0;RUA JOSE DE FRANCA CABRAL;;;280;;Colis?úo Transversal;Luz do Dia;Bom;Seca;Cruz;Pare;Residencial;0;0;0;1;0;0;0;0;0;0;0;0;-3,809489000000000;-38,518800000000000
307965;15;3;2017;14:34;19451;RUA MIRTES ROCHA;RUA SEIXAS CORREIA;;0;;Colis?úo Lateral;Luz do Dia;Bom;Seca;Cruz;Pare;Residencial;0;1;1;0;0;0;0;0;0;1;0;0;-3,779719800000000;-38,578050000000000
307966;15;3;2017;15:12;26073;AV FRANCISCO SA;AV JOSE JATAHY;;0;;Colis?úo Transversal;Luz do Dia;Bom;Seca;Duplo T;N?úo H?í Controle;Comercial;0;0;2;1;1;0;0;0;0;0;0;0;-3,721097200000000;-38,546444000000000
307967;15;3;2017;17:04;0;AV MOZART PINHEIRO DE LUCENA;;;2001;;Engavetamento;Luz do Dia;Bom;Seca;Meio de Quadra;N?úo H?í Controle;Residencial;0;0;0;1;0;0;0;0;0;0;0;0;-3,719742000000000;-38,596107000000000
307968;15;3;2017;19:56;12837;RUA JAIME BENEVOLO;AV DOMINGOS OLIMPIO;;662;;Colis?úo Transversal;Via Iluminada;Bom;Seca;Cruz;Gesto;Comercial;0;0;2;1;0;0;0;0;0;0;0;0;-3,737820900000000;-38,527330000000000
307969;15;3;2017;18:43;5146;RUA PRC ISABEL;RUA GUILHERME ROCHA;;0;;Colis?úo Transversal;Via Iluminada;Bom;Seca;Cruz;Pare;Comercial;0;3;0;1;0;0;0;0;0;0;0;0;-3,724768600000000;-38,534924000000000
307970;15;3;2017;15:24;0;RUA FIUZA DE PONTES;;;819;;Colis?úo Transversal;Luz do Dia;Bom;Seca;Meio de Quadra;N?úo H?í Controle;Comercial;0;0;2;1;0;0;0;0;0;0;0;0;-3,735322500000000;-38,511787000000000
307971;15;3;2017;21:25;13366;RUA JOAO BRIGIDO;RUA DNA LEOPOLDINA;;164;;Colis?úo Transversal;Via Iluminada;Bom;Seca;Cruz;N?úo H?í Controle;Comercial;0;0;1;1;0;0;0;0;0;1;0;0;-3,738522800000000;-38,522090000000000
307972;15;3;2017;21:51;15371;AV DOM LUIS;RUA PRO DIAS DA ROCHA;;1056;;Colis?úo Traseira;Via Iluminada;Bom;Seca;Cruz;Pare;Comercial;0;0;2;1;0;0;0;0;0;0;0;0;-3,735075200000000;-38,491737000000000
317977;15;3;2017;16:15;0;RD CE-040;;;0;KM-08;Colis?úo;Luz do Dia;Bom;Seca;Meio de Quadra;;;0;0;2;1;0;0;0;0;0;0;0;0;-3,825515822000000;-38,481538320000000
317975;15;3;2017;13:55;0;RD CE-040;;;0;KM-07;Colis?úo;Luz do Dia;Bom;Seca;Meio de Quadra;;;0;0;2;1;0;0;0;0;0;0;0;0;-3,817159445000000;-38,483032860000000
320759;15;3;2017;08:04;0;RUA CEL LINHARES;;;879;;Colis?úo;Luz do Dia;;;Meio de Quadra;;;0;1;1;1;0;0;0;0;0;0;0;0;-3,743321437000000;-38,496573399000000
320750;15;3;2017;04:44;0;AV ODILON GUIMARAES;;;0;;Colis?úo;;;;Meio de Quadra;;;0;1;1;0;0;0;0;0;0;0;0;0;;
320751;15;3;2017;06:53;0;AV JOAO PESSOA;;;6318;;Colis?úo;Luz do Dia;;;Meio de Quadra;;;0;2;0;1;0;0;0;0;0;1;0;0;-3,765575000000000;-38,559123000000000
320771;15;3;2017;09:03;0;AV GAL OSORIO DE PAIVA;;;4233;;Queda;Luz do Dia;;;Meio de Quadra;;;0;1;0;0;0;0;0;0;0;1;0;0;-3,795754000000000;-38,593377000000000
320772;15;3;2017;09:41;0;AV PRO GOMES DE MATOS;;;1115;;Colis?úo;Luz do Dia;;;Meio de Quadra;;;0;1;1;1;0;1;0;0;0;0;0;0;-3,762477000000000;-38,546745000000000
320767;15;3;2017;08:14;0;RD BR 116;;;0;KM-05;Colis?úo;Luz do Dia;;Seca;Meio de Quadra;;;0;1;1;0;1;0;0;0;0;1;0;0;-3,796615000000000;-38,506585000000000
320748;15;3;2017;00:28;0;RUA CASCAVEL;;;95;;Atropelamento;;;;Meio de Quadra;;;0;1;1;0;0;0;0;0;0;0;0;0;;
320787;15;3;2017;13:59;0;RUA SERGIPE;;;1173;;Colis?úo;Luz do Dia;;;Meio de Quadra;;;0;1;1;1;0;0;0;0;0;1;0;0;-3,761849000000000;-38,568816000000000
320795;15;3;2017;14:07;0;AV JOSE BASTOS;;;3390;;Atropelamento de Animal;Luz do Dia;;;Meio de Quadra;;;0;1;0;0;0;0;0;0;0;1;0;0;-3,749136000000000;-38,549630000000000
320796;15;3;2017;15:19;0;RUA PEDRO PEREIRA;;;1506;;Queda;Luz do Dia;;;Meio de Quadra;;;0;1;0;0;0;1;0;0;0;0;0;0;-3,726490000000000;-38,538387000000000
320782;15;3;2017;12:17;0;RUA ALUISIO MAMEDE D41;;;215;;Colis?úo;Luz do Dia;;;Meio de Quadra;;;0;1;1;1;0;1;0;0;0;0;0;0;-3,779140600000000;-38,556763000000000
320783;15;3;2017;12:35;0;RUA CHICO XAVIER;;;278;;Colis?úo;Luz do Dia;;;Meio de Quadra;;;0;1;1;1;0;0;0;0;0;1;0;0;-3,701529878000000;-38,580415200000000
320780;15;3;2017;12:01;0;AV FRANCISCO SA;;;4262;;Colis?úo;Luz do Dia;;;Meio de Quadra;;;0;1;1;1;0;0;0;0;0;1;0;0;-3,715548000000000;-38,562868000000000
320805;15;3;2017;16:01;0;AV GODOFREDO MACIEL;;;511;;Colis?úo;Luz do Dia;;;Meio de Quadra;;;0;1;1;0;0;0;0;0;0;0;0;0;-3,780722000000000;-38,565073000000000
320809;15;3;2017;17:45;0;RUA TERRA DAS FLORES;;;16325;;Queda;Anoitecer;;;Meio de Quadra;;;0;1;0;0;0;1;0;0;0;0;0;0;-3,809445200000000;-38,427403500000000
320811;15;3;2017;17:56;0;AV PRS CASTELO BRANCO;;;4725;;Atropelamento;Anoitecer;;;Meio de Quadra;;;0;2;1;0;0;0;0;0;0;1;0;0;-3,706373000000000;-38,573952000000000
320815;15;3;2017;18:07;0;AV CEL CARVALHO;;;1257;;Colis?úo;Anoitecer;;;Meio de Quadra;;;0;1;1;1;0;0;0;0;0;1;0;0;-3,713281000000000;-38,588968000000000
320816;15;3;2017;18:10;0;RUA QUINZE (CANINDEZINHO);;;0;;Queda;Anoitecer;;;Meio de Quadra;;;0;1;0;0;0;1;0;0;0;0;0;0;;
320821;15;3;2017;19:11;12577;RUA PDE TEODORO (QUNTINO CUNHA);AV MAJ ASSIS;;0;;Colis?úo;;;;Cruz;Pare;;0;1;1;0;0;0;0;0;0;0;0;0;-3,723221000000000;-38,590526000000000
320825;15;3;2017;20:07;0;AV LUCIANO CARNEIRO;;;1936;;Queda;;;;Meio de Quadra;;;0;1;0;0;0;1;0;0;0;0;0;0;-3,765012000000000;-38,536703000000000
320823;15;3;2017;19:32;0;RUA RIO GRANDE DO SUL;;;186;;Colis?úo;;;;Meio de Quadra;;;0;1;1;1;0;0;0;0;0;1;0;0;-3,750885000000000;-38,562079000000000
320843;15;3;2017;21:41;23009;RUA ANITA GARIBALDI;RUA BRUNO VALENTE;;0;;Colis?úo;;;;Cruz;Pare;Residencial;0;1;2;1;0;0;0;0;0;0;0;0;-3,788221000000000;-38,539228000000000
320844;15;3;2017;22:56;0;RUA MIGUEL GURGEL;;;0;;Colis?úo;;;;Meio de Quadra;;;0;1;1;1;0;1;0;0;0;0;0;0;;
320846;15;3;2017;23:25;0;AV 13 DE MAIO;;;0;;Colis?úo;;;;Meio de Quadra;;;0;1;1;0;0;0;0;0;0;0;0;0;;