COD_ACIDENTE;DIA;MES;ANO;HORA;INTERSECAO;LOG1;LOG2;LOG3;NUMERO;REFERENCIA;NATUREZA;ILUMINACAO;TEMPO;SUPERFICIEPISTA;TIPOCRUZAMENTO;CONTROLETRAFEGO;USOSOLO;MORTOS;FERIDOS;ILESOS;AUTOMOVEL;ONIBUS;BICICLETA;CAMINHAO;MICROONIBUS;CICLOMOTOR;MOTOCICLETA;TRACAOANIMAL;TREM;LATITUDE;LONGITUDE
320850;16;3;2017;00:52;0;AV CARNEIRO DE MENDONCA;;;0;;Queda;;;;Meio de Quadra;;;0;1;0;0;0;0;0;0;0;1;0;0;;
320853;16;3;2017;01:50;0;AV B CJ CEARA;;;780;;Choque c/ Obst?ículo Fixo;;;;Meio de Quadra;;;0;4;0;1;0;0;0;0;0;0;0;0;-3,768674000000000;-38,607461000000000
320861;16;3;2017;05:47;25796;RUA SGT JOAO PINHEIRO;AV H CJ CEARA;;0;;Colis?úo;Amanhecer;;;Cruz;Pare;Comercial;0;1;1;1;0;1;0;0;0;0;0;0;;
320866;16;3;2017;07:46;605;AV FRANCISCO SA;RUA TEODORO CABRAL;;0;;Colis?úo;Luz do Dia;;;Cruz;Pare;Residencial;0;1;1;1;0;0;0;0;0;1;0;0;-3,714432000000000;-38,566115000000000
320872;16;3;2017;08:12;0;RUA 15 DE NOVEMBRO;;;638;;Colis?úo;Luz do Dia;;;Meio de Quadra;;;0;1;1;1;0;0;0;0;0;1;0;0;-3,769268000000000;-38,554933000000000
320874;16;3;2017;08:42;0;AV PRS JUSCELINO KUBITSCHEK (PASSAR?ë);;;0;;Atropelamento;Luz do Dia;;;Meio de Quadra;;;0;1;1;0;0;0;0;0;0;1;0;0;;
320882;16;3;2017;10:42;1534;RUA MON CATAO;RUA EDUARDO GARCIA;;0;;Colis?úo;Luz do Dia;;;Cruz;Pare;Residencial;0;1;1;0;0;0;0;0;0;1;0;0;-3,740726000000000;-38,491196000000000
320883;16;3;2017;10:58;0;RUA VERA CRUZ;;;684;;Colis?úo;Luz do Dia;;;Meio de Quadra;;;0;1;1;1;0;0;0;0;0;1;0;0;;
320884;16;3;2017;11:54;24244;RUA FAUSTO CABRAL;RUA SOLON ONOFRE;;0;;Colis?úo;Luz do Dia;;;Cruz;Pare;Residencial;0;1;1;1;0;0;0;0;0;1;0;0;-3,734718000000000;-38,472778000000000
320969;16;3;2017;12:13;0;AV GODOFREDO MACIEL;;;0;;Queda;Luz do Dia;;;Meio de Quadra;;;0;1;0;0;0;0;0;0;0;1;0;0;;
320971;16;3;2017;12:40;9675;RUA OSCAR ARARIPE;RUA GUARAREMA;;0;;Colis?úo;Luz do Dia;;;Cruz;Pare;Misto;0;1;1;0;0;0;1;0;0;0;0;0;-3,785079000000000;-38,618664000000000
320972;16;3;2017;13:55;26285;RUA BELOS PORTOS;RUA PRO MOREIRA DE SOUSA (PASSARE);;0;;Colis?úo;Luz do Dia;;;;;;0;1;1;1;0;0;0;0;0;1;0;0;-3,813251000000000;-38,525466000000000
320995;16;3;2017;16:19;0;RUA TIBURCIO PEREIRA;;;440;;Colis?úo;Luz do Dia;;;Meio de Quadra;;;0;1;1;0;0;0;0;0;0;0;0;0;-3,798990000000000;-38,507530000000000
321003;16;3;2017;16:37;0;AV CARAPINIMA;;;1946;;Queda;Luz do Dia;;;Meio de Quadra;;;0;1;0;0;0;0;0;0;0;1;0;0;-3,738079000000000;-38,538112000000000
321007;16;3;2017;17:54;9239;RUA DEP OSWALDO STUDART;RUA AMARELA;;0;;Colis?úo;Anoitecer;;;;;;0;1;1;1;0;0;0;0;0;1;0;0;-3,753241000000000;-38,527775000000000
321014;16;3;2017;17:59;0;AV GAL OSORIO DE PAIVA;;;0;;Colis?úo;Anoitecer;;;Meio de Quadra;;;0;1;1;0;0;0;0;0;0;1;0;0;;
321022;16;3;2017;18:04;0;AV FRANCISCO SA;;;5150;;Colis?úo;Anoitecer;;;Meio de Quadra;;;0;1;1;1;0;0;0;0;0;1;0;0;-3,712972000000000;-38,570346000000000
321023;16;3;2017;18:30;5371;RUA GAL CLARINDO DE QUEIROZ;RUA VINTE E QUATRO DE MAIO;;0;;Colis?úo;Anoitecer;;;Cruz;Pare;Comercial;0;1;1;1;0;0;0;0;0;1;0;0;-3,731621000000000;-38,533532000000000
321024;16;3;2017;18:35;0;AV GOV RAUL BARBOSA;;;6880;;Atropelamento;;;;Meio de Quadra;;;0;1;1;0;0;0;0;0;0;0;0;0;-3,773549000000000;-38,512718000000000
321025;16;3;2017;18:43;0;RUA PEDRO II;;;20;;Queda;;;;Meio de Quadra;;;0;1;0;0;0;0;0;0;0;1;0;0;-3,829385000000000;-38,487752000000000
321026;16;3;2017;20:01;1350;RUA SILVA PAULET;RUA TORRES CAMARA;;0;;Capotamento;;;;Cruz;Pare;Residencial;0;1;0;0;0;0;0;0;0;0;0;0;-3,735958000000000;-38,505905000000000
321027;16;3;2017;21:24;0;RUA ALBERTO MAGNO;;;75;;Atropelamento;;;;Meio de Quadra;;;0;2;0;0;0;0;0;0;0;1;0;0;-3,755833000000000;-38,542022000000000
321031;16;3;2017;22:04;0;RD DR MENDEL STEINBRUCH;;;0;;Colis?úo;;;;Meio de Quadra;;;0;1;1;0;0;0;0;0;0;0;0;0;;
321033;16;3;2017;23:05;0;AV FRANCISCO SA;;;0;;Atropelamento;;;;Meio de Quadra;;;0;1;1;0;0;0;0;0;0;1;0;0;;
317981;16;3;2017;08:30;0;AV MIN JOSE AMERICO;;;0;;Colis?úo;Luz do Dia;Bom;Seca;Meio de Quadra;;;0;0;2;1;1;0;0;0;0;0;0;0;;
318012;16;3;2017;13:30;0;RD CE-040;;;0;KM-03;Colis?úo;Luz do Dia;Bom;Seca;Meio de Quadra;;;0;0;2;1;1;0;0;0;0;0;0;0;-3,782614325000000;-38,481083900000000
317984;16;3;2017;09:15;0;AV SEN CARLOS JEREISSATI (AEROPORTO);;;0;KM 03;Colis?úo;Luz do Dia;Bom;Seca;Meio de Quadra;;;0;0;2;1;0;0;0;0;0;0;0;0;-3,779641000000000;-38,544038000000000
295418;16;3;2017;05:45;0;AV D CJ JOSE WALTER;;;391;;Colis?úo;Amanhecer;;;Meio de Quadra;;;1;0;1;1;0;1;0;0;0;0;0;0;-3,831383000000000;-38,556521000000000
295422;16;3;2017;15:20;0;RD BR 116;;;500;KM-08;Colis?úo Lateral;Luz do Dia;;Seca;Meio de Quadra;;;1;2;0;1;0;0;0;0;0;1;0;0;-3,796035900000000;-38,507192300000000
307973;16;3;2017;06:45;5754;RUA ULISSES BEZERRA;RUA VICENTE LOPES;;1;;Colis?úo Transversal;Luz do Dia;Chuva;Molhada;T;Pare;Escola;0;0;2;1;0;0;0;0;0;0;0;0;-3,796313300000000;-38,495342000000000
307974;16;3;2017;07:37;5051;RUA SEN JAGUARIBE;RUA SEN POMPEU;;0;;Colis?úo Transversal;Luz do Dia;Bom;Molhada;Cruz;Pare;Comercial;0;3;1;1;0;0;0;0;0;1;0;0;-3,721551000000000;-38,528355000000000
307975;16;3;2017;08:46;0;AV PRO GOMES DE MATOS;RUA 15 DE NOVEMBRO;;0;;Colis?úo Transversal;Luz do Dia;Bom;Seca;Cruz;Sem?íforo;Comercial;0;0;1;1;0;0;0;0;0;1;0;0;-3,769253500000000;-38,554886000000000
307976;16;3;2017;07:00;22248;RUA CEL MOZART GONDIM;RUA SOARES BULCAO;;0;;Colis?úo Transversal;Luz do Dia;Nublado;Seca;Cruz;Pare;Comercial;0;2;2;1;0;0;0;0;0;1;0;0;-3,733525300000000;-38,559044000000000
307995;16;3;2017;09:15;0;RUA JOAO CORDEIRO;;;3036;;Colis?úo Lateral;Luz do Dia;Nublado;Molhada;Meio de Quadra;N?úo H?í Controle;Residencial;0;0;2;1;0;0;0;0;0;0;0;0;-3,747043600000000;-38,519460000000000
307996;16;3;2017;11:03;24270;RUA PEREIRA VALENTE;RUA DELMIRO GOUVEIA;;0;;Colis?úo Transversal;Luz do Dia;Nublado;Molhada;Cruz;Pare;Comercial;0;0;2;1;0;0;0;0;0;0;0;0;-3,734841300000000;-38,487946000000000
307978;16;3;2017;10:11;0;AV CASTELO DE CASTRO;;;849;;Colis?úo Lateral;Luz do Dia;Nublado;Seca;Meio de Quadra;N?úo H?í Controle;Comercial;0;2;1;0;0;0;0;0;0;1;0;0;-3,836963200000000;-38,521526000000000
307979;16;3;2017;09:48;0;AV PASTEUR;;;667;;Colis?úo Transversal;Luz do Dia;Chuva;Molhada;Cruz;Pare;Comercial;0;0;2;1;0;0;0;0;0;0;0;0;-3,711987500000000;-38,559090000000000
307980;16;3;2017;11:00;21316;RUA PDE GRACA;RUA GUSTAVO SAMPAIO;;0;;Colis?úo Lateral;Luz do Dia;Nublado;Molhada;Cruz;Pare;Residencial;0;0;2;1;0;0;0;0;0;0;0;0;-3,733055800000000;-38,545975000000000
307981;16;3;2017;13:16;0;AV DES GONZAGA;;;0;;Colis?úo Traseira;Luz do Dia;Nublado;Seca;Meio de Quadra;N?úo H?í Controle;Comercial;0;0;2;1;0;0;0;0;0;0;0;0;-3,796678800000000;-38,500130000000000
307982;16;3;2017;13:30;26252;RUA PERGENTINO MAIA;RUA ANTONIO BARROS;;0;;Colis?úo Lateral;Luz do Dia;Nublado;Seca;Cruz;Pare;Residencial;0;0;2;1;0;0;0;0;0;1;0;0;-3,831504000000000;-38,489060000000000
307983;16;3;2017;13:55;0;AV JOSE LEON;;;2427;;Colis?úo Traseira;Luz do Dia;Bom;Seca;Meio de Quadra;N?úo H?í Controle;Residencial;0;0;2;1;0;0;0;0;0;0;0;0;-3,790628200000000;-38,490147000000000
307984;16;3;2017;13:41;266;AV JOVITA FEITOSA;RUA ERICO MOTA;;0;IGREJA REDONDA;Colis?úo Transversal;Luz do Dia;Nublado;Molhada;Cruz;Sem?íforo;Comercial;0;0;2;1;0;0;0;0;0;0;0;0;-3,740743600000000;-38,561850000000000
307985;16;3;2017;15:19;0;RUA BAR SOBRAL;;;855;;Engavetamento;Luz do Dia;Bom;Seca;Cruz;Pare;Residencial;0;0;3;1;0;0;0;0;0;0;0;0;-3,765655000000000;-38,556637000000000
307986;16;3;2017;16:14;0;AV SEN VIRGILIO TAVORA;;;2630;;Colis?úo Traseira;Luz do Dia;Bom;Seca;Meio de Quadra;N?úo H?í Controle;Comercial;0;0;2;1;0;0;0;0;0;0;0;0;-3,749938000000000;-38,497380000000000
307987;16;3;2017;15:36;12842;RUA JAIME BENEVOLO;RUA CARLOS GOMES;;984;;Colis?úo Transversal;Luz do Dia;Bom;Seca;Cruz;Pare;Residencial;0;0;2;1;1;0;0;0;0;0;0;0;-3,740875700000000;-38,528236000000000
307988;16;3;2017;20:15;0;RUA ALVARO MARTINS;;;385;;Colis?úo Lateral;Luz do Dia;Bom;Seca;Meio de Quadra;Pare;Residencial;0;0;2;1;0;0;0;0;0;0;0;0;-3,776549600000000;-38,562580000000000
307989;16;3;2017;20:14;7762;AV ANTONIO SALES;RUA NUNES VALENTE;;1970;;Colis?úo Transversal;Via Iluminada;Bom;Seca;Cruz;Pare;Residencial;0;0;2;1;0;0;0;0;0;0;0;0;-3,744309000000000;-38,506320000000000
307990;16;3;2017;18:30;0;RUA VINTE QUATRO DE MAIO;RUA GAL CLARINDO DE QUEIROZ;;0;;Colis?úo Transversal;Via Iluminada;Bom;Seca;Cruz;Pare;Comercial;0;1;1;1;0;0;0;0;0;1;0;0;-3,731634900000000;-38,533634000000000
307991;16;3;2017;20:30;0;RUA 15 DE NOVEMBRO;;;1106;;Colis?úo Traseira;Via Iluminada;Bom;Seca;Meio de Quadra;N?úo H?í Controle;Residencial;0;0;2;1;0;0;0;0;0;0;0;0;-3,770924600000000;-38,550410000000000
307992;16;3;2017;19:47;23807;RUA LEBOM MAIA;AV GAL OSORIO DE PAIVA;;0;;Colis?úo Traseira;Via Iluminada;Bom;Seca;T;Pare;Comercial;0;0;2;1;0;0;0;0;0;0;0;0;-3,784622000000000;-38,580444000000000
308005;16;3;2017;16:00;20042;AV DEP PAULINO ROCHA;AV ALBERTO CRAVEIRO;;0;;Colis?úo Transversal;Luz do Dia;Bom;Seca;Rotat??ria;D?¬ Prefer?¬ncia;Comercial;0;0;2;1;0;0;0;0;0;0;0;0;-3,806941700000000;-38,524330000000000
308548;16;3;2017;09:40;2205;AV CEL CARVALHO;AV RAD JOSE LIMA VERDE;;0;;Colis?úo Transversal;Luz do Dia;Nublado;Molhada;;;;0;1;1;1;0;0;0;0;0;1;0;0;-3,699474800000000;-38,587624000000000
325541;16;3;2017;18:00;0;RD BR 020;;;0;KM 425;Colis?úo Transversal;Anoitecer;;Seca;Meio de Quadra;;;0;0;2;0;0;0;0;1;0;0;0;0;;
305140;16;3;2017;15:05;0;RUA DR GILBERTO STUDART;;;728;;Colis?úo Traseira;Luz do Dia;;;Meio de Quadra;;;0;1;2;1;0;0;0;0;0;1;0;0;-3,743287000000000;-38,481965000000000
305146;16;3;2017;12:26;17342;AV PRO GOMES DE MATOS;RUA ALAN KARDEC;;0;;Colis?úo Lateral;Luz do Dia;;;Cruz;Sem?íforo;Comercial;0;0;2;1;0;0;0;0;0;1;0;0;-3,765321000000000;-38,549213000000000
305147;16;3;2017;17:30;17326;RUA ALBERTO MAGNO;RUA ALAN KARDEC;;0;;Colis?úo Transversal;Anoitecer;;;Cruz;Pare;Comercial;0;2;1;1;0;0;0;0;0;1;0;0;-3,764796000000000;-38,549918000000000
305162;16;3;2017;04:00;13592;AV PONTES VIEIRA;RUA PRO CARVALHO;;0;;Colis?úo Transversal;;;;;;;0;1;2;1;0;0;0;0;0;0;0;0;-3,752890000000000;-38,514949000000000
305163;16;3;2017;18:30;6724;AV SANTOS DUMONT;AV ENG SANTANA JUNIOR;;0;;Colis?úo Lateral;Anoitecer;;;Cruz;N?úo H?í Controle;Comercial;0;0;2;1;1;0;0;0;0;0;0;0;-3,740506000000000;-38,485132000000000
305165;16;3;2017;14:00;0;RUA SAO PAULO;;;738;;Colis?úo Traseira;Luz do Dia;;;Meio de Quadra;;;0;0;2;1;0;0;0;0;0;1;0;0;;
305167;16;3;2017;09:30;1285;RUA VIS MAUA;AV DOM LUIS;;0;;Colis?úo Lateral;Luz do Dia;;;Cruz;Pare;Comercial;0;0;2;1;0;0;0;0;0;0;0;0;-3,732923000000000;-38,498390000000000
305169;16;3;2017;21:19;0;RUA JOAQUIM DOS ANJOS;;;853;;Colis?úo Traseira;;;;Meio de Quadra;;;0;0;2;1;1;0;0;0;0;0;0;0;-3,831049000000000;-38,569041000000000
305170;16;3;2017;16:30;581;AV FRANCISCO SA;AV PASTEUR;;0;;Colis?úo Lateral;Luz do Dia;;;Cruz;Sem?íforo;Comercial;0;0;2;1;1;0;0;0;0;0;0;0;-3,716325000000000;-38,560567000000000
305171;16;3;2017;15:00;0;AV PRO GOMES DE MATOS;;;1301;;Colis?úo Lateral;Luz do Dia;;;Meio de Quadra;;;0;0;2;1;1;0;0;0;0;0;0;0;-3,762804000000000;-38,546843800000000
305178;16;3;2017;10:27;0;RUA CEL MATOS DOURADO;;;294;;Colis?úo Traseira;Luz do Dia;Bom;Seca;Meio de Quadra;Sem?íforo Manual;Lazer;0;2;0;1;1;0;0;0;0;0;0;0;-3,741377000000000;-38,585180000000000
305189;16;3;2017;10:00;0;RUA CARLOS VASCONCELOS;;;1259;;Colis?úo Lateral;Luz do Dia;;;Meio de Quadra;;;0;0;2;1;0;0;0;0;0;1;0;0;-3,733222000000000;-38,510869000000000
305190;16;3;2017;18:50;9022;RUA PDE ROMA;RUA BAR RIO BRANCO;;0;;Colis?úo Lateral;;;;Cruz;Pare;Misto;0;0;2;0;0;0;0;0;0;0;0;0;-3,743790000000000;-38,533796000000000
305192;16;3;2017;20:45;1242;RUA DR JOSE LOURENCO;RUA COSTA BARROS;;0;;Colis?úo Lateral;;;;Cruz;Pare;Comercial;0;0;2;1;0;0;0;0;0;0;0;0;-3,731870000000000;-38,506927000000000
305195;16;3;2017;07:51;0;RUA BERNARDO MANUEL;;;9997;;Colis?úo Traseira;Luz do Dia;;;Meio de Quadra;;;0;1;2;0;0;0;1;0;0;1;0;0;-3,804512000000000;-38,553151000000000
305196;16;3;2017;09:45;0;RUA GEORGE ROCHA;;;0;;Colis?úo Lateral;Luz do Dia;;;Meio de Quadra;;Comercial;0;0;2;1;0;0;0;0;0;0;0;0;;
305174;16;3;2017;11:37;7765;RUA DOM EXPEDITO LOPES;RUA TIBURCIO CAVALCANTE;;0;;Colis?úo Transversal;Luz do Dia;;;Cruz;Pare;Residencial;0;1;1;1;0;0;0;0;0;1;0;0;-3,743802000000000;-38,505097000000000
305198;16;3;2017;14:00;0;RUA PDE IBIAPINA;;;1640;;Colis?úo Frontal;Luz do Dia;;;Meio de Quadra;;;0;0;2;1;1;0;0;0;0;0;0;0;-3,730187000000000;-38,540002000000000
305199;16;3;2017;12:00;17359;AV PRO GOMES DE MATOS;RUA IRM BAZET;;0;;Colis?úo Frontal;Luz do Dia;;;Cruz;Pare;Comercial;0;0;2;1;0;0;0;0;0;0;0;0;-3,766045000000000;-38,549810000000000
305200;16;3;2017;20:20;12455;AV SEN FERNANDES TAVORA;RUA RIO GRANDE DO SUL;;0;;Colis?úo Lateral;;;;T;Sem?íforo;Comercial;0;0;2;1;0;0;0;0;0;0;0;0;-3,768083000000000;-38,572159000000000
305172;17;3;2017;16:35;7948;AV PONTES VIEIRA;RUA JOAQUIM NABUCO;;0;;Colis?úo Transversal;Luz do Dia;;;Cruz;Sem?íforo;Comercial;0;0;2;1;0;0;0;0;0;1;0;0;-3,751917000000000;-38,506628000000000
305168;17;3;2017;17:15;23343;AV PONTES VIEIRA;RUA TIBURCIO CAVALCANTE;;0;;Colis?úo Traseira;Anoitecer;;;Cruz;Sem?íforo;Residencial;0;0;3;1;0;0;0;0;0;0;0;0;-3,752053000000000;-38,507749000000000
305166;17;3;2017;08:40;0;AV ALBERTO CRAVEIRO;;;600;;Colis?úo Traseira;Luz do Dia;;;Meio de Quadra;;;0;0;2;1;0;0;0;0;0;0;0;0;-3,783601000000000;-38,516840000000000
325542;17;3;2017;11:27;0;RD BR 116;;;600;KM-13;Colis?úo Lateral;Luz do Dia;;Seca;Meio de Quadra;;;0;0;2;1;0;0;1;0;0;0;0;0;-3,796055900000000;-38,507184100000000
305304;17;3;2017;16:50;9176;AV AGUANAMBI;AV EDUARDO GIRAO;;0;;Colis?úo Traseira;Luz do Dia;;;Rotat??ria;D?¬ Prefer?¬ncia;Comercial;0;0;2;0;0;0;0;0;0;1;0;0;-3,756564000000000;-38,523564000000000
305307;17;3;2017;02:40;0;AV ALBERTO CRAVEIRO;;;0;;Choque c/ Obst?ículo Fixo;;;;Meio de Quadra;;;0;2;0;0;0;0;0;0;0;1;0;0;;
305311;17;3;2017;08:00;0;AV ANTONIO SALES;;;3443;;Colis?úo Lateral;Luz do Dia;;;Meio de Quadra;;;0;0;2;1;0;0;0;1;0;0;0;0;-3,748486000000000;-38,492473000000000
305312;17;3;2017;19:20;0;RUA GUARANI D35 (JOAO XXIII);;;375;;Colis?úo Transversal;;;;Meio de Quadra;;;0;0;2;1;0;0;0;0;0;0;0;0;-3,761957000000000;-38,579002000000000
305309;17;3;2017;;1339;RUA NUNES VALENTE;RUA DES LEITE ALBUQUERQUE;;0;;Colis?úo Transversal;;;;Cruz;Pare;Comercial;0;0;2;1;0;0;0;0;0;0;0;0;-3,735649000000000;-38,503540000000000
308006;17;3;2017;12:45;0;RUA GEORGE ROCHA;;;0;;Colis?úo Traseira;Luz do Dia;Bom;Seca;Meio de Quadra;D?¬ Prefer?¬ncia;Comercial;0;0;2;1;0;0;0;0;0;0;0;0;-3,764003800000000;-38,573340000000000
308007;17;3;2017;13:40;10995;RUA 15 DE NOVEMBRO;RUA ALM RUBIM;;0;;Colis?úo Transversal;Luz do Dia;Nublado;Seca;Cruz;Gesto;Comercial;0;1;1;1;0;0;0;0;0;1;0;0;-3,768957100000000;-38,555866000000000
308008;17;3;2017;14:38;0;RUA DR JOSE LINO;;;71;;Colis?úo Lateral;Luz do Dia;Bom;Seca;Meio de Quadra;N?úo H?í Controle;Residencial;0;0;1;0;0;0;0;0;0;0;0;0;-3,729124300000000;-38,487984000000000
308009;17;3;2017;15:00;1598;RUA CAROLINA SUCUPIRA;RUA MON CATAO;;0;;Colis?úo Transversal;Luz do Dia;Bom;Seca;Cruz;Pare;Residencial;0;0;2;1;0;0;0;0;0;0;0;0;-3,743767500000000;-38,492226000000000
308010;17;3;2017;16:10;0;RUA CEZIDIO ALBUQUERQUE;;;196;;Colis?úo Transversal;Luz do Dia;Bom;Seca;Meio de Quadra;Pare;Residencial;0;0;2;1;0;0;0;0;0;0;0;0;-3,795870800000000;-38,505417000000000
308011;17;3;2017;17:57;19656;AV BEZERRA DE MENEZES;RUA PRO JOSE DE BARCELOS;;692;;Colis?úo Transversal;Anoitecer;Bom;Seca;T;Gesto;Comercial;0;0;2;1;1;0;0;0;0;0;0;0;-3,732913500000000;-38,551320000000000
308012;17;3;2017;19:51;0;AV AGUANAMBI;;;1733;HOSPITAL ANTONIO PRUDENTE;Colis?úo Lateral;Via Iluminada;Bom;Seca;Meio de Quadra;N?úo H?í Controle;Comercial;0;0;2;1;0;0;0;0;0;0;0;0;-3,752499800000000;-38,523567000000000
308013;17;3;2017;20:16;10681;AV MIGUEL DIAS;RUA ATILANO MOURA;;0;FIC;Colis?úo Lateral;Via Iluminada;Bom;Seca;Rotat??ria;D?¬ Prefer?¬ncia;Comercial;0;0;2;1;0;0;0;0;0;0;0;0;-3,763293000000000;-38,488266000000000
308014;17;3;2017;19:25;25047;RUA CIDADE PALHANO;RUA ANTONIO ARRUDA;;0;;Colis?úo Lateral;Via Iluminada;Bom;Seca;Cruz;Pare;Residencial;0;2;1;1;1;0;0;0;0;0;0;0;-3,717828300000000;-38,593390000000000
307993;17;3;2017;02:19;0;AV ALBERTO CRAVEIRO;;;2780;;Choque c/ Obst?ículo Fixo;Via Iluminada;Bom;Seca;Meio de Quadra;N?úo H?í Controle;Comercial;0;1;0;1;0;0;0;0;0;0;0;0;-3,804055200000000;-38,522415000000000
307994;17;3;2017;05:30;5407;AV DUQ CAXIAS;RUA SOLON PINHEIRO;;235;;Colis?úo Transversal;Luz do Dia;Chuva;Seca;Cruz;Gesto;Comercial;0;1;1;0;1;0;0;0;0;0;0;0;-3,732598300000000;-38,526924000000000
307997;17;3;2017;06:40;0;AV SGT HERMINIO SAMPAIO;;;917;;Colis?úo Traseira;Luz do Dia;Chuva;Molhada;Meio de Quadra;N?úo H?í Controle;Residencial;0;1;1;1;0;0;0;0;0;1;0;0;-3,724732400000000;-38,549080000000000
307998;17;3;2017;07:40;0;RUA JORGE DUMAR;;;1991;;Colis?úo Lateral;Luz do Dia;Nublado;Molhada;Meio de Quadra;N?úo H?í Controle;Residencial;0;0;2;1;0;0;0;0;0;1;0;0;-3,753123000000000;-38,539543000000000
307999;17;3;2017;08:51;0;AV DR SILAS MUNGUBA;;;0;;Colis?úo Traseira;Luz do Dia;Nublado;Molhada;Rotat??ria;D?¬ Prefer?¬ncia;Comercial;0;0;2;1;0;0;0;0;0;0;0;0;-3,807278900000000;-38,525486000000000
308000;17;3;2017;08:40;0;AV FRE CIRILO;;;4080;;Choque c/ Obst?ículo Fixo;Luz do Dia;Chuva;Molhada;Meio de Quadra;Gesto;Comercial;0;0;2;1;1;0;0;0;0;0;0;0;-3,819750000000000;-38,496360000000000
308001;17;3;2017;09:40;0;RUA 15 DE NOVEMBRO;;;819;;Colis?úo Traseira;Luz do Dia;Bom;Seca;Meio de Quadra;N?úo H?í Controle;Comercial;0;1;1;1;0;0;0;0;0;1;0;0;-3,770019300000000;-38,552605000000000
308002;17;3;2017;10:15;19370;AV AUGUSTO DOS ANJOS;RUA VICENTE BRAGA D34;;0;;Colis?úo Lateral;Luz do Dia;Nublado;Molhada;Cruz;Pare;Comercial;0;1;1;1;0;0;0;0;0;1;0;0;-3,777552000000000;-38,576860000000000
308003;17;3;2017;10:44;5346;AV SANTOS DUMONT;RUA JOAO CORDEIRO;;0;;Colis?úo Traseira;Luz do Dia;Bom;Seca;Cruz;Sem?íforo;Comercial;0;0;2;1;0;0;0;0;0;0;0;0;-3,730717700000000;-38,514713000000000
308004;17;3;2017;10:06;5458;RUA BARBARA DE ALENCAR;RUA RODRIGUES JUNIOR;;0;;Colis?úo Transversal;Luz do Dia;Bom;Seca;Cruz;Pare;Residencial;0;1;1;1;1;0;0;0;0;0;0;0;-3,735297400000000;-38,522200000000000
318020;17;3;2017;19:00;0;RD CE-040;;;0;KM-09;Colis?úo;;Bom;Seca;Meio de Quadra;;;0;0;2;1;0;0;0;0;0;0;0;0;-3,834450897000000;-38,482465820000000
318016;17;3;2017;13:00;0;RD CE-040;;;0;KM-10;Colis?úo;Luz do Dia;Bom;Seca;Meio de Quadra;;;0;0;2;1;0;0;0;0;0;1;0;0;-3,826383000000000;-38,481777000000000
318837;17;3;2017;13:32;0;RUA BAR AQUIRAZ;;;2530;;Colis?úo;Luz do Dia;;;Meio de Quadra;;;0;1;0;0;0;0;0;0;0;0;0;0;;
318838;17;3;2017;15:41;0;AV PERIMETRAL;;;482;;Atropelamento;Luz do Dia;;;Meio de Quadra;;;0;1;0;1;0;0;0;0;0;0;0;0;;
318839;17;3;2017;16:26;0;AV JULIO VENTURA;;;0;;Choque c/ Obst?ículo Fixo;Luz do Dia;;;Meio de Quadra;;;0;1;0;1;0;0;0;0;0;0;0;0;;
318821;17;3;2017;07:30;5431;RUA GAL CLARINDO DE QUEIROZ;RUA BAR ARATANHA;;0;;Colis?úo;Luz do Dia;;;Cruz;N?úo H?í Controle;Comercial;0;1;1;1;0;0;0;0;0;1;0;0;-3,733844000000000;-38,526693000000000
318822;17;3;2017;07:34;0;AV WASHINGTON SOARES;;;3500;;Colis?úo;Luz do Dia;;;Meio de Quadra;;;0;2;1;1;0;0;0;0;0;1;0;0;-3,784554000000000;-38,480892000000000
318823;17;3;2017;07:44;0;RUA FRANCISCO CALACA;;;419;;Queda;Luz do Dia;;;Meio de Quadra;;;0;1;0;0;0;0;0;0;0;1;0;0;-3,705567000000000;-38,569714000000000
318824;17;3;2017;07:56;0;AV WASHINGTON SOARES;;;0;;Colis?úo;Luz do Dia;;;Meio de Quadra;;;0;1;1;1;0;0;0;0;0;1;0;0;;
318825;17;3;2017;08:19;5246;RUA PEREIRA FILGUEIRAS;RUA GONCALVES LEDO;;0;;Colis?úo;Luz do Dia;;;Cruz;Pare;Residencial;0;1;1;1;0;0;0;0;0;1;0;0;-3,727667000000000;-38,515004000000000
318826;17;3;2017;08:28;0;AV DR SILAS MUNGUBA;;;0;;Queda;Luz do Dia;;;Meio de Quadra;;;0;1;0;0;0;0;0;0;0;1;0;0;;
318827;17;3;2017;09:43;0;AV DEP PAULINO ROCHA;;;1581;;Colis?úo;Luz do Dia;;;Meio de Quadra;;;0;1;1;1;0;0;0;0;0;1;0;0;-3,811501000000000;-38,510876000000000
318828;17;3;2017;10:50;0;RUA PORTO VELHO;;;1301;;Atropelamento;Luz do Dia;;;Meio de Quadra;;;0;1;1;0;0;0;0;0;0;1;0;0;-3,763723603000000;-38,591231501000000
318829;17;3;2017;11:05;0;AV MOZART PINHEIRO DE LUCENA;;;683;;Atropelamento;Luz do Dia;;;Meio de Quadra;;;0;1;1;1;0;0;0;0;0;0;0;0;-3,708857000000000;-38,592945000000000