COD_ACIDENTE;DIA;MES;ANO;HORA;INTERSECAO;LOG1;LOG2;LOG3;NUMERO;REFERENCIA;NATUREZA;ILUMINACAO;TEMPO;SUPERFICIEPISTA;TIPOCRUZAMENTO;CONTROLETRAFEGO;USOSOLO;MORTOS;FERIDOS;ILESOS;AUTOMOVEL;ONIBUS;BICICLETA;CAMINHAO;MICROONIBUS;CICLOMOTOR;MOTOCICLETA;TRACAOANIMAL;TREM;LATITUDE;LONGITUDE
318830;17;3;2017;11:25;0;RD BR 116;;;12000;KM-12;Capotamento;Luz do Dia;;;Meio de Quadra;;;0;1;0;1;0;0;0;0;0;0;0;0;-3,855740000000000;-38,496066000000000
318831;17;3;2017;11:39;0;RUA RIO GRANDE DO SUL;;;206;;Atropelamento;Luz do Dia;;;Meio de Quadra;;;0;1;1;1;0;0;0;0;0;0;0;0;-3,751031000000000;-38,562235000000000
318832;17;3;2017;11:40;0;RUA ALBERTO MAGNO;;;0;;Colis?úo;Luz do Dia;;;Meio de Quadra;;;0;1;1;0;0;0;0;0;0;1;0;0;;
318833;17;3;2017;12:26;0;AV JOSE BASTOS;;;319;;Colis?úo;Luz do Dia;;;Meio de Quadra;;;0;1;1;0;0;0;0;0;0;1;0;0;;
318834;17;3;2017;12:42;0;AV BENJAMIM BRASIL;;;150;;Colis?úo;Luz do Dia;;;Meio de Quadra;;;0;1;1;1;0;0;0;0;0;1;0;0;-3,803306400000000;-38,571967800000000
318835;17;3;2017;13:01;0;AV B CJ CEARA;;;1107;;Colis?úo;Luz do Dia;;;Meio de Quadra;;;0;1;1;1;0;0;0;0;0;1;0;0;-3,770401000000000;-38,608875000000000
318849;17;3;2017;19:38;0;RUA CIDADE PALHANO;;;527;;Colis?úo;;;;Meio de Quadra;;;0;1;1;1;0;0;0;0;0;1;0;0;-3,717910800000000;-38,593511000000000
318844;17;3;2017;16:45;0;RUA JOAQUIM ALBANO;;;616;;Colis?úo;Luz do Dia;;;Meio de Quadra;;;0;1;1;1;0;0;0;0;0;1;0;0;-3,735426057000000;-38,580953201000000
318851;17;3;2017;19:39;0;RUA METON DE ALENCAR;;;215;;Colis?úo;;;;Meio de Quadra;;;0;1;0;0;0;0;0;0;0;0;0;0;-3,735025100000000;-38,526376500000000
318846;17;3;2017;19:21;0;AV SEN FERNANDES TAVORA;;;2332;;Colis?úo;;;;Meio de Quadra;;;0;1;0;0;0;0;0;0;0;0;0;0;-3,756502000000000;-38,592817000000000
318819;17;3;2017;07:27;22009;RUA TIRADENTES;RUA FRANCISCA CLOTILDE;;0;;Colis?úo;Luz do Dia;;;Cruz;Pare;Residencial;0;1;1;1;0;0;0;0;0;1;0;0;-3,740470000000000;-38,550861000000000
318853;17;3;2017;22:30;0;RUA 448 B CJ CEARA;;;62;;Queda;;;;Meio de Quadra;;;0;1;0;0;0;0;0;0;0;1;0;0;-3,762460000000000;-38,607494000000000
318854;17;3;2017;01:15;0;AV PRS JUSCELINO KUBITSCHEK (PASSAR?ë);;;5451;;Colis?úo;;;;Meio de Quadra;;;0;2;0;0;0;0;0;0;0;0;0;0;-3,823401000000000;-38,536831000000000
318855;17;3;2017;05:46;0;AV JOVITA FEITOSA;;;444;;Colis?úo;Amanhecer;;;Meio de Quadra;;;0;1;1;1;0;0;0;0;0;0;0;0;-3,738033000000000;-38,547693000000000
318797;17;3;2017;00:55;12457;AV AUGUSTO DOS ANJOS;RUA PRO GOMES BRASIL;;0;;Queda;;;;;;;0;1;0;0;0;1;0;0;0;0;0;0;-3,770153000000000;-38,570427000000000
318798;17;3;2017;02:35;0;AV ALBERTO CRAVEIRO;;;507;;Colis?úo;;;;Meio de Quadra;;;0;1;1;1;0;0;0;0;0;1;0;0;-3,782668000000000;-38,516505000000000
318799;17;3;2017;05:49;0;AV AGUANAMBI;;;500;;Colis?úo;Amanhecer;;;Meio de Quadra;;;0;2;1;1;0;0;0;0;0;1;0;0;-3,741390000000000;-38,525751000000000
320822;17;3;2017;22:10;0;AV ALBERTO CRAVEIRO;;;0;;Colis?úo;;;;Meio de Quadra;;;0;1;0;0;0;0;0;0;0;0;0;0;;
320820;17;3;2017;21:40;0;RUA AUDISIO PINHEIRO;;;1230;;Colis?úo;;;;Meio de Quadra;;;0;1;1;1;0;0;0;0;0;1;0;0;-3,762037000000000;-38,590687000000000
318982;18;3;2017;20:39;0;RUA OSCAR FRANCA;;;4084;;Colis?úo;;;;Meio de Quadra;;;0;1;1;1;0;1;0;0;0;0;0;0;;
318980;18;3;2017;20:33;0;RUA ANSELMO NOGUEIRA;;;873;;Colis?úo;;;;Meio de Quadra;;;0;1;0;0;0;0;0;0;0;0;0;0;;
318977;18;3;2017;20:16;0;RUA PORTO VELHO;;;208;;Colis?úo;;;;Meio de Quadra;;;0;1;1;1;0;0;0;0;0;1;0;0;-3,768282000000000;-38,582700000000000
318978;18;3;2017;20:31;0;AV CEL CARVALHO;;;8073;;Colis?úo;;;;Meio de Quadra;;;0;1;1;1;0;0;0;0;0;1;0;0;;
318985;18;3;2017;20:43;0;AV GAL OSORIO DE PAIVA;;;7686;;Colis?úo;;;;Meio de Quadra;;;0;1;1;1;0;0;0;0;0;1;0;0;-3,819456000000000;-38,616328000000000
318986;18;3;2017;20:46;0;RUA DESCARTES BRAGA;;;4034;;Atropelamento;;;;Meio de Quadra;;;0;1;0;0;0;0;0;0;0;0;0;0;;
318990;18;3;2017;21:02;0;RUA URUCUTUBA;;;1450;;Atropelamento;;;;Meio de Quadra;;;0;1;1;1;0;0;0;0;0;0;0;0;-3,797470000000000;-38,607577000000000
318992;18;3;2017;21:39;0;RUA JOSE ABILIO;;;1163;;Colis?úo;;;;Meio de Quadra;;;0;2;0;0;0;0;0;0;0;0;0;0;-3,782884600000000;-38,602036400000000
318993;18;3;2017;22:42;0;AV BORGES DE MELO;;;1001;;Colis?úo;;;;Meio de Quadra;;;0;1;0;0;0;0;0;0;0;0;0;0;-3,760414000000000;-38,528561000000000
318995;18;3;2017;22:43;0;AV GAL OSORIO DE PAIVA;;;0;;Colis?úo;;;;Meio de Quadra;;;0;1;1;1;0;0;0;0;0;1;0;0;;
319005;18;3;2017;23:27;0;RUA GASPAR LEMOS;;;299;;Colis?úo;;;;Meio de Quadra;;;0;1;1;1;0;0;0;0;0;1;0;0;-3,751720300000000;-38,570192100000000
318856;18;3;2017;05:57;0;AV RAD JOSE LIMA VERDE;;;0;;Queda;Amanhecer;;;Meio de Quadra;;;0;1;0;0;0;0;0;0;0;1;0;0;;
318962;18;3;2017;17:47;0;RUA PRO JOSE LEITE GONDIM;;;0;;Atropelamento;Anoitecer;;;Meio de Quadra;;;0;1;0;0;0;0;0;0;0;0;0;0;;
318938;18;3;2017;10:28;0;RUA 24 DE OUTUBRO;;;1415;;Colis?úo;Luz do Dia;;;Meio de Quadra;;;0;1;1;1;0;1;0;0;0;0;0;0;-3,759203000000000;-38,603978000000000
318958;18;3;2017;16:43;0;RUA DIONISIO SERQUEIRA;;;90;;Colis?úo;Luz do Dia;;;Meio de Quadra;;;0;1;1;1;0;0;0;0;0;1;0;0;-3,810324000000000;-38,588497000000000
318932;18;3;2017;10:15;0;RUA 24 DE OUTUBRO;;;1415;;Colis?úo;Luz do Dia;;;Meio de Quadra;;;0;1;1;1;0;0;0;0;0;1;0;0;-3,759203000000000;-38,603978000000000
318933;18;3;2017;10:24;0;RUA GAL SILVA JUNIOR;;;800;;Colis?úo;Luz do Dia;;;Meio de Quadra;;;0;1;1;1;0;0;0;0;0;1;0;0;-3,757101000000000;-38,533133000000000
318952;18;3;2017;13:37;0;AV AUGUSTO DOS ANJOS;;;1511;;Colis?úo;Luz do Dia;;;Meio de Quadra;;;0;1;1;1;0;0;0;0;0;1;0;0;-3,779660000000000;-38,578713000000000
318953;18;3;2017;14:22;0;AV TRISTAO GONCALVES;;;812;;Colis?úo;Luz do Dia;;;Meio de Quadra;;;0;1;1;1;0;0;0;0;0;1;0;0;-3,728920000000000;-38,533743000000000
318954;18;3;2017;14:50;0;AV CEL CARVALHO;;;1556;;Queda;Luz do Dia;;;Meio de Quadra;;;0;1;0;0;0;0;0;0;0;1;0;0;-3,716222000000000;-38,588264000000000
318921;18;3;2017;06:54;10995;RUA 15 DE NOVEMBRO;RUA ALM RUBIM;;0;;Colis?úo;Luz do Dia;;;Cruz;Pare;Comercial;0;1;1;1;0;0;0;0;0;1;0;0;-3,768907000000000;-38,555939000000000
318923;18;3;2017;07:09;0;RUA HOLANDA;;;0;;Colis?úo;Luz do Dia;;;Meio de Quadra;;;0;1;1;1;0;1;0;0;0;0;0;0;;
318924;18;3;2017;07:34;0;RUA DOM SILVERIO D60;;;164;;Atropelamento;Luz do Dia;;;Meio de Quadra;;;0;1;1;1;0;0;0;0;0;0;0;0;-3,825030000000000;-38,482346000000000
318926;18;3;2017;07:37;0;AV DIOGUINHO;;;0;;Colis?úo;Luz do Dia;;;Meio de Quadra;;;0;1;1;1;0;0;0;0;0;1;0;0;;
318927;18;3;2017;07:37;0;RUA 15 DE NOVEMBRO;;;484;;Colis?úo;Luz do Dia;;;Meio de Quadra;;;0;1;1;1;0;0;0;0;0;1;0;0;-3,768934000000000;-38,555861000000000
318928;18;3;2017;08:10;0;AV 13 DE MAIO;;;0;;Colis?úo;Luz do Dia;;;Meio de Quadra;;;0;1;1;1;0;0;0;0;0;1;0;0;;
318929;18;3;2017;08:47;0;AV DR SILAS MUNGUBA;;;0;;Colis?úo;Luz do Dia;;;Meio de Quadra;;;0;1;1;1;0;0;0;0;0;1;0;0;;
318930;18;3;2017;09:05;6573;AV H CJ CEARA;AV C CJ CEARA;;0;;Colis?úo;Luz do Dia;;;Outros;Pare;Residencial;0;1;1;0;0;0;0;0;0;1;0;0;-3,776484798000000;-38,616412000000000
318941;18;3;2017;11:12;1270;RUA PINTO MADEIRA;RUA JOAO CORDEIRO;;0;;Colis?úo;Luz do Dia;;;Cruz;Sem?íforo;Residencial;0;1;1;1;0;0;0;0;0;1;0;0;-3,732960000000000;-38,515428000000000
318942;18;3;2017;11:30;0;AV MAJ ASSIS;;;1157;;Colis?úo;Luz do Dia;;;Meio de Quadra;;;0;1;1;1;0;0;0;0;0;1;0;0;-3,723471000000000;-38,589679000000000
318918;18;3;2017;06:19;0;RUA JAIME BENEVOLO;;;1109;;Queda;Luz do Dia;;;Meio de Quadra;;;0;2;0;0;0;0;0;0;0;1;0;0;-3,741909000000000;-38,528620000000000
318971;18;3;2017;18:36;0;AV JOSE BASTOS;;;0;;Colis?úo;;;;Meio de Quadra;;;0;1;1;1;0;0;0;0;0;1;0;0;;
318965;18;3;2017;18:01;0;RUA VALPARAISO;;;1165;;Queda;Anoitecer;;;Meio de Quadra;;;0;1;0;0;0;0;0;0;0;1;0;0;-3,841156000000000;-38,529509000000000
318967;18;3;2017;18:34;0;AV MR HULL;;;0;;Colis?úo;;;;Meio de Quadra;;;0;1;0;0;0;0;0;0;0;0;0;0;;
318968;18;3;2017;18:35;0;AV CEL CARVALHO;;;0;;Colis?úo;;;;Meio de Quadra;;;0;1;1;1;0;0;0;0;0;1;0;0;;
318974;18;3;2017;19:28;0;AV HILDEBRANDO DE MELO;;;1800;;Colis?úo;;;;Meio de Quadra;;;0;1;1;1;0;0;0;0;0;1;0;0;-3,724622599000000;-38,589179743000000
318975;18;3;2017;19:30;12514;AV LINEU MACHADO;RUA JULIO BRAGA;;0;;Colis?úo;;;;Outros;Sem?íforo;Residencial;0;1;0;0;0;0;0;0;0;0;0;0;-3,775335000000000;-38,581790000000000
318976;18;3;2017;19:33;0;AV 13 DE MAIO;;;0;;Atropelamento;;;;Meio de Quadra;;;0;1;0;0;0;0;0;0;0;0;0;0;;
318022;18;3;2017;01:20;0;RD CE-040;;;0;KM-03;Colis?úo;;Bom;Seca;Meio de Quadra;;;0;0;2;1;0;0;0;0;0;0;0;0;-3,782614325000000;-38,481083900000000
318023;18;3;2017;20:10;0;AV SEN CARLOS JEREISSATI (AEROPORTO);;;0;KM 04;Colis?úo;;Bom;Seca;Meio de Quadra;;;0;0;2;1;0;0;0;0;0;0;0;0;-3,774020000000000;-38,550907000000000
308015;18;3;2017;02:00;1557;RUA BARBOSA DE FREITAS;RUA CAROLINA SUCUPIRA;;0;;Colis?úo Transversal;Via Iluminada;Bom;Seca;Cruz;Pare;Residencial;0;0;2;1;0;0;0;0;0;0;0;0;-3,741614300000000;-38,499120000000000
308016;18;3;2017;06:01;0;AV JOVITA FEITOSA;;;443;;Colis?úo Frontal;Amanhecer;Bom;Seca;Meio de Quadra;N?úo H?í Controle;Comercial;0;1;0;1;0;0;0;0;0;0;0;0;-3,738090300000000;-38,547740000000000
308017;18;3;2017;08:00;0;RUA MON CATAO;;;935;;Colis?úo Lateral;Luz do Dia;Bom;Seca;Meio de Quadra;N?úo H?í Controle;Comercial;0;0;2;1;0;0;0;0;0;0;0;0;-3,739069200000000;-38,490723000000000
308018;18;3;2017;09:09;0;AV DR SILAS MUNGUBA;;;0;;Colis?úo Transversal;Luz do Dia;Bom;Seca;Meio de Quadra;N?úo H?í Controle;Comercial;0;1;0;1;0;0;0;0;0;1;0;0;-3,796431000000000;-38,531955000000000
308019;18;3;2017;07:30;17360;RUA ELVIRA PINHO;RUA ZACARIAS GONDIM;;169;HOSPITAL DA CRIAN?çA;Colis?úo Transversal;Luz do Dia;Bom;Seca;Cruz;Pare;Residencial;0;0;2;1;1;0;0;0;0;0;0;0;-3,766193600000000;-38,557766000000000
308020;18;3;2017;11:00;0;AV ANTONIO SALES;;;889;;Colis?úo Traseira;Luz do Dia;Bom;Seca;Meio de Quadra;Sem?íforo;Comercial;0;0;2;1;0;0;0;0;0;0;0;0;-3,733338000000000;-38,544140000000000
308021;18;3;2017;13:08;5448;RUA METON DE ALENCAR;RUA BAR ARATANHA;;0;;Colis?úo Transversal;Luz do Dia;Bom;Seca;Cruz;Pare;Comercial;0;1;1;1;0;0;0;0;0;1;0;0;-3,734950500000000;-38,527107000000000
308022;18;3;2017;13:32;0;RUA CARNEIRO DA CUNHA (JACARECANGA);;;113;;Colis?úo Transversal;Luz do Dia;Nublado;Seca;Meio de Quadra;Sem?íforo;Residencial;0;0;1;0;0;0;0;0;0;1;0;0;-3,724677000000000;-38,541447000000000
308023;18;3;2017;11:30;614;AV DR THEBERGE;RUA ANA FACO;;0;;Colis?úo Lateral;Luz do Dia;Bom;Seca;Cruz;Pare;Comercial;0;1;1;1;0;0;0;0;0;1;0;0;-3,712451200000000;-38,564114000000000
308024;18;3;2017;14:03;0;RUA CARNEIRO DA CUNHA (JACARECANGA);;;264;;Colis?úo Traseira;Luz do Dia;Nublado;Seca;Meio de Quadra;N?úo H?í Controle;Residencial;0;0;2;1;0;0;0;0;0;0;0;0;-3,724407000000000;-38,544240000000000
308025;18;3;2017;13:00;0;RUA PDE PERDIGAO SAMPAIO;;;5;;Choque c/ Obst?ículo Fixo;Luz do Dia;Bom;Seca;Meio de Quadra;N?úo H?í Controle;Residencial;0;0;0;0;0;0;0;0;0;0;0;0;-3,732709200000000;-38,596622000000000
308026;18;3;2017;19:30;0;RUA BERNARDO MANUEL;;;7593;;Engavetamento;Via Iluminada;Bom;Seca;Meio de Quadra;N?úo H?í Controle;Comercial;0;0;2;1;0;0;0;0;0;0;0;0;-3,784352800000000;-38,546883000000000
308027;18;3;2017;19:30;0;RUA LUCIMAR FERNANDES;;;117;;Colis?úo Lateral;Via Iluminada;Bom;Seca;Meio de Quadra;N?úo H?í Controle;Residencial;0;0;1;1;0;0;0;0;0;0;0;0;-3,811360600000000;-38,587166000000000
308028;18;3;2017;21:05;0;AV AGUANAMBI;;;3;ROTAT?ôRIA;Colis?úo Lateral;Via Iluminada;Bom;Seca;Rotat??ria;N?úo H?í Controle;Comercial;0;0;2;1;1;0;0;0;0;0;0;0;-3,738788100000000;-38,524376000000000
308054;18;3;2017;13:16;9189;RUA MARIO MAMEDE;RUA CAMPO AMOR ROCHA;;0;;Colis?úo Transversal;Luz do Dia;Bom;Seca;Cruz;Pare;Residencial;0;1;2;0;0;0;0;0;0;1;0;0;-3,754557400000000;-38,525536000000000
308624;18;3;2017;09:30;0;RUA PAULA NEI;;;285;;Choque c/ Obst?ículo Fixo;Luz do Dia;Nublado;Seca;Meio de Quadra;N?úo H?í Controle;Residencial;0;0;1;1;0;0;0;0;0;0;0;0;-3,740327000000000;-38,495785000000000
295484;18;3;2017;15:43;0;AV FRE CIRILO;;;244;;Colis?úo Transversal;Luz do Dia;;;Meio de Quadra;;;1;0;1;0;0;0;1;0;0;1;0;0;-3,812534000000000;-38,499522000000000
305591;18;3;2017;19:00;0;RUA DESCONHECIDA;;;0;;Capotamento;;;;Meio de Quadra;;;1;0;0;1;0;0;0;0;0;0;0;0;;
325546;18;3;2017;16:00;0;RD BR 116;;;7000;KM-07;Colis?úo Lateral;Luz do Dia;;Seca;Meio de Quadra;;;0;1;1;0;0;0;1;0;0;1;0;0;-3,786917000000000;-38,511279000000000
305173;18;3;2017;10:15;15342;RUA OSVALDO CRUZ (ALDEOTA);RUA PEREIRA VALENTE;;0;;Colis?úo Transversal;Luz do Dia;Bom;Seca;Cruz;Pare;Residencial;0;2;0;1;0;0;0;0;0;0;0;0;-3,731621000000000;-38,499032000000000
305164;18;3;2017;09:00;0;AV DR SILAS MUNGUBA;;;4384;;Colis?úo Lateral;Luz do Dia;Bom;Seca;Meio de Quadra;Outros;Comercial;0;2;0;1;0;0;0;0;0;0;0;0;-3,792492000000000;-38,535681000000000
305193;18;3;2017;06:30;10995;RUA 15 DE NOVEMBRO;RUA ALM RUBIM;;0;;Colis?úo Transversal;Luz do Dia;Bom;Seca;Cruz;Pare;Comercial;0;2;0;1;0;0;0;0;0;1;0;0;-3,768907000000000;-38,555939000000000
305191;18;3;2017;13:15;35;RUA PEDRO MELO;RUA JOAQUIM LEITAO;;0;;Colis?úo Transversal;Luz do Dia;Bom;Seca;Cruz;Pare;Residencial;0;2;0;1;0;0;0;0;0;1;0;0;-3,744174000000000;-38,592100000000000
305180;18;3;2017;09:00;11761;AV PRS CASTELO BRANCO;RUA JACINTO MATOS;;0;;Colis?úo Traseira;Luz do Dia;Bom;Seca;T;Sem?íforo;Comercial;0;2;0;0;0;0;1;0;0;0;0;0;-3,714630000000000;-38,546333000000000
305181;18;3;2017;16:20;0;AV SANTOS DUMONT;;;6870;;Colis?úo Traseira;Luz do Dia;Bom;Seca;Meio de Quadra;Outros;Residencial;0;2;0;0;0;0;0;0;0;0;0;0;-3,744787000000000;-38,471844000000000
305183;18;3;2017;22:30;0;RUA GUSTAVO SAMPAIO;;;667;;Colis?úo Lateral;Via Iluminada;Bom;Seca;Meio de Quadra;Pare;Residencial;0;2;0;1;0;0;0;0;0;0;0;0;-3,734050000000000;-38,550582000000000
305184;18;3;2017;02:00;0;AV PRS JUSCELINO KUBITSCHEK (PASSAR?ë);;;5451;;Colis?úo Lateral;Via Iluminada;Bom;Seca;Meio de Quadra;N?úo H?í Controle;Comercial;0;2;0;0;0;0;0;0;0;1;0;0;-3,823401000000000;-38,536831000000000
305176;18;3;2017;11:00;4113;RUA GOMES PASSOS;RUA LUCAS PINTO;;0;;Colis?úo Transversal;Luz do Dia;Bom;Seca;Cruz;Pare;Residencial;0;2;0;1;0;0;1;0;0;0;0;0;-3,712266000000000;-38,558190000000000
305202;18;3;2017;17:30;0;AV PRS COSTA E SILVA;;;5;;Colis?úo Lateral;;Bom;Seca;Meio de Quadra;Pare;Residencial;0;2;0;1;0;0;0;0;0;0;0;0;;
305203;19;3;2017;07:30;0;AV 13 DE MAIO;;;1400;;Queda;Amanhecer;Chuva;Molhada;Meio de Quadra;Sem?íforo;Comercial;0;1;0;0;0;0;0;0;0;1;0;0;-3,747801000000000;-38,531113000000000
305210;19;3;2017;09:30;0;RUA PDE MORORO;;;1216;;Colis?úo Lateral;Luz do Dia;Chuva;Molhada;Meio de Quadra;N?úo H?í Controle;Residencial;0;0;2;1;0;0;0;0;0;0;0;0;-3,727382000000000;-38,538064000000000
305213;19;3;2017;06:30;1550;RUA PDE VALDEVINO;RUA DR JOSE LOURENCO;;0;;Colis?úo Transversal;Luz do Dia;Chuva;Molhada;Cruz;Sem?íforo;Comercial;0;3;1;1;0;0;0;0;0;0;0;0;-3,741307000000000;-38,509928000000000
305217;19;3;2017;04:40;0;AV PRS CASTELO BRANCO;;;5478;;Colis?úo Traseira;Via Iluminada;Bom;Seca;Meio de Quadra;Outros;Comercial;0;0;2;1;0;0;0;0;0;0;0;0;;
305219;19;3;2017;20:00;22167;AV JOSE BASTOS;RUA TAVARES IRACEMA;;0;;Colis?úo Transversal;Via Iluminada;Bom;Seca;T;N?úo H?í Controle;Comercial;0;0;2;1;0;0;0;0;0;0;0;0;-3,752313000000000;-38,552770000000000
305223;19;3;2017;13:30;25419;AV ALM HENRIQUE SABOIA;RUA JULIO ABREU;;0;;Colis?úo Traseira;Via Iluminada;Bom;Seca;Cruz;Sem?íforo;Comercial;0;0;2;1;0;0;0;0;0;0;0;0;-3,736144000000000;-38,485245000000000
305194;19;3;2017;13:00;0;RUA PAPI JUNIOR;;;0;;Colis?úo Traseira;Luz do Dia;Bom;Seca;Outros;Pare;Residencial;0;0;2;1;0;0;0;0;0;0;0;0;;
305248;19;3;2017;18:30;0;AV DR THEBERGE;;;2440;;Colis?úo Lateral;Via Iluminada;Bom;Seca;Meio de Quadra;N?úo H?í Controle;Residencial;0;0;2;1;0;0;0;0;0;0;0;0;-3,723480000000000;-38,567843000000000
305249;19;3;2017;20:55;88;RUA ANARIO BRAGA;RUA FROTA PESSOA;;0;;Colis?úo Traseira;Via Iluminada;Bom;Seca;T;N?úo H?í Controle;Residencial;0;0;2;1;0;0;0;0;0;0;0;0;-3,737135000000000;-38,592553000000000
305251;19;3;2017;15:50;0;AV JOAO DE ARAUJO LIMA;;;0;;Colis?úo Lateral;Luz do Dia;Bom;Seca;Meio de Quadra;Sem?íforo;Comercial;0;0;2;1;0;0;0;0;0;0;0;0;;
305252;19;3;2017;15:40;15326;RUA PEREIRA FILGUEIRAS;AV BAR STUDART;;0;;Outros;Luz do Dia;Bom;Seca;Cruz;Sem?íforo;Comercial;0;0;2;1;0;0;0;0;0;0;0;0;-3,730810000000000;-38,505361000000000
308029;19;3;2017;02:31;15338;RUA FREDERICO BORGES;RUA ANA BILHAR;;266;;Colis?úo Transversal;Via Iluminada;Bom;Molhada;Cruz;Pare;Residencial;0;0;2;1;0;0;0;0;0;0;0;0;-3,731726400000000;-38,489323000000000
308030;19;3;2017;07:06;5749;AV DES GONZAGA;RUA JULIO LIMA;;0;;Choque c/ Obst?ículo Fixo;Luz do Dia;Nublado;Molhada;Cruz;Pare;Comercial;0;0;0;1;0;0;0;0;0;0;0;0;-3,796048600000000;-38,500510000000000
308031;19;3;2017;05:55;0;AV PRO GOMES DE MATOS;RUA DES PRAXEDES;;1050;LOJAS ESPLANADA;Colis?úo Transversal;Amanhecer;Nublado;Molhada;Meio de Quadra;Sem?íforo;Comercial;0;0;1;1;0;0;0;0;0;1;0;0;-3,761899000000000;-38,546070000000000
308032;19;3;2017;06:30;2706;RUA CEL VIRGILIO NOGUEIRA (BOM JARDIM);RUA OSCAR FRANCA;;0;;Colis?úo Transversal;Amanhecer;Bom;Seca;Cruz;Sem?íforo;Comercial;0;0;1;1;0;0;0;0;0;1;0;0;-3,788936400000000;-38,608710000000000
308033;19;3;2017;12:00;7849;RUA JOSE VILAR;RUA FRANCISCO HOLANDA;;0;;Colis?úo Transversal;Luz do Dia;Nublado;Seca;Cruz;Pare;Residencial;0;0;2;1;0;0;0;0;0;0;0;0;-3,747358000000000;-38,508470000000000
308034;19;3;2017;16:26;0;RUA PEDRO VIEIRA NETO;RUA DNA MENDINHA;;0;;Colis?úo Lateral;Luz do Dia;Bom;Seca;Cruz;Pare;Residencial;0;0;2;1;0;0;0;0;0;0;0;0;-3,715915700000000;-38,572550000000000
308036;19;3;2017;17:11;0;AV MON TABOSA;;;679;SEBRAE;Colis?úo Traseira;Luz do Dia;Bom;Seca;Meio de Quadra;Sem?íforo;Comercial;0;1;2;1;0;0;0;0;0;0;0;0;-3,723952300000000;-38,513317000000000
308037;19;3;2017;19:18;0;RUA FRE VIDAL;;;1636;;Colis?úo Traseira;Via Iluminada;Bom;Seca;Meio de Quadra;Pare;Residencial;0;0;2;1;0;0;0;0;0;0;0;0;-3,754038600000000;-38,518147000000000
308038;19;3;2017;20:13;11022;RUA BAR CANINDE;RUA MUNDICA PAULA;;42;;Colis?úo Traseira;Via Iluminada;Bom;Seca;Cruz;N?úo H?í Controle;Escola;0;0;1;1;0;0;0;0;0;0;0;0;-3,773368600000000;-38,558390000000000
308039;19;3;2017;19:27;10005;RUA TAQUARI;RUA DUAS NACOES;;0;;Colis?úo Transversal;Mal Iluminada;Bom;Seca;Cruz;Pare;Residencial;0;1;1;1;0;0;0;0;0;1;0;0;-3,776129000000000;-38,601894000000000
308040;19;3;2017;20:33;0;AV AGUANAMBI;;;30;AMC;Colis?úo Lateral;Via Iluminada;Bom;Seca;Meio de Quadra;N?úo H?í Controle;Comercial;0;0;1;1;0;0;0;0;0;0;0;0;-3,737120900000000;-38,524075000000000
308041;19;3;2017;20:53;13602;AV ROGACIANO LEITE;RUA DR THOMPSON BULCAO;;0;;Colis?úo Lateral;Via Iluminada;Bom;Seca;Cruz;Sem?íforo;Comercial;0;0;1;0;0;0;0;0;0;1;0;0;-3,768000100000000;-38,497185000000000
319006;19;3;2017;00:17;0;RUA MARIA QUINTINO;;;570;;Queda;;;;Meio de Quadra;;;0;1;0;0;0;0;0;0;0;1;0;0;;
319007;19;3;2017;00:23;12814;RUA DELMIRO FARIAS;RUA ALBERTO MAGNO;;0;;Queda;;;;Cruz;Pare;Comercial;0;1;0;0;0;0;0;0;0;1;0;0;-3,755375000000000;-38,541633000000000
319008;19;3;2017;02:07;0;RD BR 116;;;3000;KM-03;Queda;;;;Meio de Quadra;;;0;1;0;0;0;0;0;0;0;1;0;0;-3,779838000000000;-38,514372000000000
319009;19;3;2017;02:23;0;RUA BAIXA DO MILAGRE;;;2604;;Atropelamento;;;;Meio de Quadra;;;0;1;1;0;0;0;0;0;0;1;0;0;-3,726918600000000;-38,604457300000000
319010;19;3;2017;02:36;0;AV DIOGUINHO;;;0;;Colis?úo;;;;Meio de Quadra;;;0;1;0;0;0;0;0;0;0;0;0;0;;
319011;19;3;2017;03:23;2265;RUA MOACIR;RUA DOMINGOS DA VEIGA;;0;;Queda;;;;;;;0;1;0;0;0;0;0;0;0;1;0;0;-3,702779000000000;-38,579246000000000
319012;19;3;2017;03:26;0;AV ANTONIO SALES;;;2760;;Colis?úo;;;;Meio de Quadra;;;0;1;1;1;0;0;0;0;0;0;0;0;-3,746382000000000;-38,499363000000000
319032;19;3;2017;12:36;0;RUA CEREJEIRAS;;;401;;Atropelamento;Luz do Dia;;;Meio de Quadra;;;0;1;1;1;0;0;0;0;0;0;0;0;-3,814643000000000;-38,594226000000000
319033;19;3;2017;13:04;0;AV JOSE BASTOS;;;6118;;Colis?úo;Luz do Dia;;;Meio de Quadra;;;0;1;1;0;0;0;0;0;0;1;0;0;-3,765047000000000;-38,567445000000000
319034;19;3;2017;14:21;0;AV CASTELO DE CASTRO;;;790;;Colis?úo;Luz do Dia;;;Meio de Quadra;;;0;1;1;1;0;0;0;0;0;1;0;0;-3,836655000000000;-38,521680000000000
319035;19;3;2017;15:25;0;RUA JOAO CAPOTE;;;65;;Queda;Luz do Dia;;;Meio de Quadra;;;0;1;0;0;0;0;0;0;0;1;0;0;-3,764644000000000;-38,560470000000000
319036;19;3;2017;16:43;0;RUA OSCAR ARARIPE;;;3688;;Colis?úo;Luz do Dia;;;Meio de Quadra;;;0;1;1;1;0;0;0;0;0;1;0;0;-3,783812000000000;-38,623152000000000