COD_ACIDENTE;DIA;MES;ANO;HORA;INTERSECAO;LOG1;LOG2;LOG3;NUMERO;REFERENCIA;NATUREZA;ILUMINACAO;TEMPO;SUPERFICIEPISTA;TIPOCRUZAMENTO;CONTROLETRAFEGO;USOSOLO;MORTOS;FERIDOS;ILESOS;AUTOMOVEL;ONIBUS;BICICLETA;CAMINHAO;MICROONIBUS;CICLOMOTOR;MOTOCICLETA;TRACAOANIMAL;TREM;LATITUDE;LONGITUDE
319037;19;3;2017;17:16;0;AV PRS JUSCELINO KUBITSCHEK (PASSAR?ë);;;0;;Colis?úo;Anoitecer;;;Meio de Quadra;;;0;1;0;0;0;0;0;0;0;0;0;0;;
319038;19;3;2017;17:59;14421;AV SGT HERMINIO SAMPAIO;RUA PDE ANCHIETA;;0;;Colis?úo;Anoitecer;;;Cruz;Sem?íforo;Comercial;0;1;1;1;0;0;0;0;0;1;0;0;-3,724693000000000;-38,551079000000000
319039;19;3;2017;18:00;0;RD BR 116;;;0;;Queda;Anoitecer;;;Meio de Quadra;;;0;1;0;0;0;1;0;0;0;0;0;0;;
319040;19;3;2017;18:17;0;AV L CJ CEARA;;;661;;Colis?úo;Anoitecer;;;Meio de Quadra;;;0;1;0;0;0;0;0;0;0;0;0;0;;
319041;19;3;2017;20:12;0;RUA ITU;;;83;;Colis?úo;;;;Meio de Quadra;;;0;1;0;0;0;0;0;0;0;0;0;0;-3,785743000000000;-38,600923500000000
319014;19;3;2017;03:38;0;RUA URUCUTUBA;;;0;;Capotamento;;;;Meio de Quadra;;;0;1;0;1;0;0;0;0;0;0;0;0;;
319019;19;3;2017;03:42;26091;AV JOVITA FEITOSA;AV JOSE JATAHY;;0;;Colis?úo;;;;Cruz;Sem?íforo;Comercial;0;1;0;0;0;0;0;0;0;0;0;0;-3,737273000000000;-38,543936000000000
319020;19;3;2017;05:41;0;AV ZUCA ACIOLY;;;1101;;Queda;Amanhecer;;;Meio de Quadra;;;0;1;0;0;0;1;0;0;0;0;0;0;-3,754543100000000;-38,467742300000000
319024;19;3;2017;06:01;0;TR NAZARE;;;0;;Queda;Luz do Dia;;;Meio de Quadra;;;0;1;0;0;0;1;0;0;0;0;0;0;;
319025;19;3;2017;06:06;0;AV PRO GOMES DE MATOS;;;1034;;Colis?úo;Luz do Dia;;;Meio de Quadra;;;0;1;1;1;0;0;0;0;0;1;0;0;-3,761809000000000;-38,546175000000000
319026;19;3;2017;06:28;2706;RUA OSCAR FRANCA;RUA CEL VIRGILIO NOGUEIRA (BOM JARDIM);;0;;Colis?úo;Luz do Dia;;;Cruz;Sem?íforo;Residencial;0;1;0;0;0;0;0;0;0;0;0;0;-3,788935404000000;-38,608855206000000
319027;19;3;2017;11:56;0;AV PRS CASTELO BRANCO;;;0;;Colis?úo;Luz do Dia;;;Meio de Quadra;;;0;1;1;0;0;0;1;0;0;1;0;0;;
319028;19;3;2017;12:33;0;RUA JOSE MENDONCA;;;527;;Colis?úo;Luz do Dia;;;Meio de Quadra;;;0;1;0;0;0;0;0;0;0;0;0;0;-3,757839000000000;-38,602317000000000
319049;19;3;2017;20:59;0;RUA JOSE TORRES;;;157;;Atropelamento;;;;Meio de Quadra;;;0;1;1;1;0;0;0;0;0;0;0;0;-3,776608000000000;-38,606323000000000
319050;19;3;2017;21:38;0;AV GODOFREDO MACIEL;;;0;;Colis?úo;;;;Meio de Quadra;;;0;1;0;0;0;0;0;0;0;0;0;0;;
319051;19;3;2017;22:41;0;RUA SAMUEL UCHOA;;;1267;;Queda;;;;Meio de Quadra;;;0;1;0;0;0;1;0;0;0;0;0;0;-3,754286300000000;-38,545520400000000
319052;19;3;2017;23:12;0;AV DR SILAS MUNGUBA;;;0;;Queda;;;;Meio de Quadra;;;0;1;0;0;0;0;0;0;0;1;0;0;;
319053;19;3;2017;01:00;0;AV DR SILAS MUNGUBA;;;643;;Choque c/ Obst?ículo Fixo;;;;Meio de Quadra;;;0;1;0;1;0;0;0;0;0;0;0;0;;
320928;19;3;2017;13:31;0;AV GAL OSORIO DE PAIVA;;;2966;;Queda;Luz do Dia;;;Meio de Quadra;;;0;1;0;0;0;1;0;0;0;0;0;0;-3,788262000000000;-38,586016000000000
320930;19;3;2017;14:42;12636;RUA MISERICORDIA;RUA MARIA CLARA;;0;;Atropelamento;Luz do Dia;;;Cruz;Pare;Comercial;0;1;0;1;0;0;0;0;0;0;0;0;-3,725400000000000;-38,585658000000000
320931;19;3;2017;14:46;0;AV MR HULL;;;5556;;Colis?úo;Luz do Dia;;;Meio de Quadra;;;0;1;1;1;0;0;0;0;0;1;0;0;-3,740024000000000;-38,594051000000000
319057;20;3;2017;02:35;0;AV LINEU MACHADO;;;0;;Colis?úo;;;;Meio de Quadra;;;0;1;0;0;0;0;0;0;0;0;0;0;;
319061;20;3;2017;07:12;0;AV B CJ CEARA;;;650;;Colis?úo;Luz do Dia;;;Meio de Quadra;;;0;1;1;1;0;0;0;0;0;1;0;0;-3,767396000000000;-38,606652000000000
319065;20;3;2017;07:26;0;RUA BRILHANTE;;;210;;Colis?úo;Luz do Dia;;;Meio de Quadra;;;0;1;1;1;0;0;0;0;0;1;0;0;;
319066;20;3;2017;07:41;0;AV LAURO VIEIRA CHAVES;;;1496;;Queda;Luz do Dia;;;Meio de Quadra;;;0;1;0;0;0;0;0;0;0;1;0;0;-3,771854000000000;-38,540784000000000
319070;20;3;2017;08:44;0;RUA SALGADO FILHO;;;286;;Colis?úo;Luz do Dia;;;Meio de Quadra;;;0;1;0;0;0;0;0;0;0;0;0;0;-3,741066484000000;-38,595231719000000
319072;20;3;2017;08:59;0;AV DR SILAS MUNGUBA;;;728;;Colis?úo;Luz do Dia;;;Meio de Quadra;;;0;1;1;0;0;0;0;0;0;1;0;0;-3,780440000000000;-38,559018000000000
319073;20;3;2017;09:13;0;AV CARAPINIMA;;;1984;;Colis?úo;Luz do Dia;;;Meio de Quadra;;;0;1;1;1;0;0;0;0;0;1;0;0;-3,738282000000000;-38,538313000000000
319079;20;3;2017;10:23;19708;RUA PRO LINO ENCARNACAO;RUA GUSTAVO SAMPAIO;;0;;Colis?úo;Luz do Dia;;;Cruz;Pare;Comercial;0;1;1;1;0;0;0;0;0;1;0;0;-3,736332000000000;-38,561651000000000
319082;20;3;2017;10:56;12601;RUA TULIPA;RUA ANTONIETA CLOTILDE;;0;;Colis?úo;Luz do Dia;;;;;;0;1;1;1;0;1;0;0;0;0;0;0;-3,717444000000000;-38,580646000000000
319077;20;3;2017;09:44;0;RUA TULIPA;;;0;;Colis?úo;Luz do Dia;;;Meio de Quadra;;;0;1;0;0;0;0;0;0;0;0;0;0;;
319118;20;3;2017;17:52;0;AV SEN FERNANDES TAVORA;;;0;;Atropelamento;Anoitecer;;;Meio de Quadra;;;0;1;1;0;0;0;0;0;0;1;0;0;;
319112;20;3;2017;17:44;0;RUA TEODOMIRO DE CASTRO;;;6532;;Atropelamento;Anoitecer;;;Meio de Quadra;;;0;1;1;0;0;0;0;0;0;1;0;0;-3,716125000000000;-38,578723000000000
319102;20;3;2017;13:54;0;RUA BETEL;;;0;;Queda;Luz do Dia;;;Meio de Quadra;;;0;1;0;0;0;0;0;0;0;1;0;0;;
319103;20;3;2017;14:13;6545;AV H CJ CEARA;AV A CJ CEARA;;0;;Queda;Luz do Dia;;;Cruz;Sem?íforo;Comercial;0;1;0;0;0;0;0;0;0;1;0;0;-3,775146000000000;-38,605924000000000
319106;20;3;2017;15:38;0;RUA ROSA CRUZ;;;370;;Queda;Luz do Dia;;;Meio de Quadra;;;0;1;0;0;0;0;0;0;0;1;0;0;-3,798873000000000;-38,566774000000000
319107;20;3;2017;15:38;0;RUA TAVARES COUTINHO;;;0;;Colis?úo;Luz do Dia;;;Meio de Quadra;;;0;1;1;1;0;0;0;0;0;1;0;0;;
319108;20;3;2017;16:44;0;AV OLIVEIRA PAIVA;;;2989;;Atropelamento;Luz do Dia;;;Meio de Quadra;;;0;1;1;0;1;0;0;0;0;0;0;0;-3,795813000000000;-38,481005000000000
319097;20;3;2017;12:30;14421;AV SGT HERMINIO SAMPAIO;RUA PDE ANCHIETA;;0;;Colis?úo;Luz do Dia;;;Cruz;Sem?íforo;Comercial;0;1;1;1;0;0;0;0;0;1;0;0;-3,724693000000000;-38,551079000000000
319098;20;3;2017;12:37;1294;RUA CARLOS VASCONCELOS;RUA TORRES CAMARA;;0;;Atropelamento;Luz do Dia;;;Cruz;Sem?íforo;Comercial;0;1;1;0;0;0;0;0;0;1;0;0;-3,734251000000000;-38,511204000000000
319099;20;3;2017;13:10;5130;RUA FLORIANO PEIXOTO;RUA CASTRO E SILVA;;0;;Colis?úo;Luz do Dia;;;Cruz;Pare;Comercial;0;1;0;0;0;0;0;0;0;0;0;0;-3,724272000000000;-38,526110000000000
319100;20;3;2017;13:19;0;RUA COSTA FREIRE;;;91;;Colis?úo;Luz do Dia;;;Meio de Quadra;;;0;1;1;1;0;0;0;0;0;1;0;0;-3,782755800000000;-38,576208500000000
319127;20;3;2017;18:38;0;AV MR HULL;;;0;;Atropelamento;;;;Meio de Quadra;;;0;1;1;0;0;0;0;0;0;1;0;0;;
319124;20;3;2017;18:37;12404;AV LINEU MACHADO;AV SEN FERNANDES TAVORA;;0;;Colis?úo;;;;Cruz;Sem?íforo;Comercial;0;1;1;1;0;0;0;0;0;1;0;0;-3,765199000000000;-38,576540000000000
319121;20;3;2017;17:58;0;RUA CON DE CASTRO;;;8685;;Colis?úo;Anoitecer;;;Meio de Quadra;;;0;1;0;0;0;0;0;0;0;0;0;0;-3,821035000000000;-38,604035000000000
319122;20;3;2017;18:00;0;AV MR HULL;;;900;;Atropelamento;Anoitecer;;Seca;Meio de Quadra;;;0;1;1;0;0;0;0;0;0;1;0;0;-3,740573619000000;-38,598145020000000
319129;20;3;2017;18:38;0;AV PRS CASTELO BRANCO;;;5000;;Queda;;;;Meio de Quadra;;;0;1;0;0;0;0;0;0;0;1;0;0;-3,705249000000000;-38,576605000000000
319143;20;3;2017;19:14;0;RUA BARTOLOMEU DE GUSMAO;;;1103;;Colis?úo;;;;Meio de Quadra;;;0;1;1;0;0;0;0;0;0;1;0;0;-3,758673000000000;-38,527463000000000
319145;20;3;2017;20:48;6285;AV C CJ CEARA;AV G CJ CEARA;;0;;Queda;;;;T;N?úo H?í Controle;Residencial;0;1;0;0;0;0;0;0;0;1;0;0;-3,770049259000000;-38,613813257000000
319148;20;3;2017;23:17;0;RUA TIBURCIO CAVALCANTE;;;1020;;Atropelamento;;;;Meio de Quadra;;;0;1;1;0;0;0;0;0;0;1;0;0;-3,734034000000000;-38,501951000000000
318024;20;3;2017;07:39;0;AV SEN CARLOS JEREISSATI (AEROPORTO);;;0;KM 03;Colis?úo;Luz do Dia;Bom;Seca;Meio de Quadra;;;0;0;2;1;0;0;0;0;0;0;0;0;-3,779641000000000;-38,544038000000000
318025;20;3;2017;10:30;0;AV MIN JOSE AMERICO;;;0;;Colis?úo;Luz do Dia;Bom;Seca;Meio de Quadra;;;0;0;2;1;0;0;0;0;0;0;0;0;;
318026;20;3;2017;20:00;0;RD CE-040;;;0;KM-02;Colis?úo;;Bom;Seca;Meio de Quadra;;;0;0;2;1;0;0;0;0;0;0;0;0;-3,773616148000000;-38,481799400000000
318027;20;3;2017;21:14;0;AV SEN CARLOS JEREISSATI (AEROPORTO);;;0;KM 01;Colis?úo;;Bom;Seca;Meio de Quadra;;;0;0;2;1;1;0;0;0;0;0;0;0;-3,783753000000000;-38,526850000000000
308042;20;3;2017;06:25;0;AV PRO GOMES DE MATOS;;;1660;;Colis?úo Traseira;Luz do Dia;Bom;Seca;Meio de Quadra;Pare;Comercial;0;0;3;1;0;0;0;0;0;0;0;0;-3,766108000000000;-38,549862000000000
308043;20;3;2017;04:00;0;AV PINTO BANDEIRA D56;;;635;;Capotamento;Via Iluminada;Bom;Seca;Meio de Quadra;Pare;Residencial;0;1;0;0;0;0;0;0;0;0;0;0;-3,779972600000000;-38,481240000000000
308044;20;3;2017;08:02;24376;RUA JORGE ACURCIO;RUA DOMINGOS JAGUARIBE;;0;;Colis?úo Transversal;Luz do Dia;Chuva;Molhada;Cruz;Pare;Comercial;0;0;2;1;0;0;0;0;0;0;0;0;-3,766882000000000;-38,532196000000000
308045;20;3;2017;07:50;0;AV VIS RIO BRANCO;;;3288;;Colis?úo Transversal;Luz do Dia;Nublado;Seca;Meio de Quadra;N?úo H?í Controle;Residencial;0;0;2;1;0;0;0;0;0;0;0;0;-3,749984000000000;-38,521137000000000
308046;20;3;2017;07:10;0;AV ALANIS MARIA LAURINDO DE OLIVEIRA;;;650;;Colis?úo Lateral;Luz do Dia;Nublado;Molhada;Meio de Quadra;N?úo H?í Controle;Residencial;0;1;1;1;0;0;0;0;0;1;0;0;-3,767654700000000;-38,606760000000000
308047;20;3;2017;08:40;1927;AV ISABEL BEZERRA;RUA MARIA QUINTINO;;0;;Colis?úo Transversal;Luz do Dia;Nublado;Molhada;Cruz;Gesto;Residencial;0;1;0;1;0;0;0;0;0;1;0;0;-3,854955400000000;-38,500633000000000
308048;20;3;2017;06:41;19651;AV GAL OSORIO DE PAIVA;RUA AFRANIO PEIXOTO;;0;;Colis?úo Lateral;Luz do Dia;Chuva;Molhada;T;Sem?íforo;Comercial;0;4;0;0;0;0;0;0;0;1;0;0;-3,780037400000000;-38,573467000000000
308049;20;3;2017;09:31;24279;RUA TAVARES COUTINHO;RUA DELMIRO GOUVEIA;;1699;;Colis?úo Frontal;Luz do Dia;Nublado;Molhada;Cruz;D?¬ Prefer?¬ncia;Comercial;0;0;1;1;0;0;0;0;0;0;0;0;-3,732469600000000;-38,488210000000000
308050;20;3;2017;09:25;0;AV GOV RAUL BARBOSA;;;5380;;Colis?úo Traseira;Luz do Dia;Bom;Seca;Meio de Quadra;N?úo H?í Controle;Comercial;0;2;0;0;0;0;0;0;0;1;0;0;-3,766650200000000;-38,509182000000000
308051;20;3;2017;10:10;0;RUA EDUARDO PORTO;;;42;;Colis?úo Traseira;Luz do Dia;Bom;Molhada;Meio de Quadra;Sem?íforo;Comercial;0;0;2;1;0;0;0;0;0;0;0;0;-3,832683800000000;-38,494564000000000
308052;20;3;2017;10:41;4000;RUA RAUL UCHOA;AV PRO GOMES DE MATOS;;241;;Colis?úo Traseira;Luz do Dia;Nublado;Molhada;Cruz;Pare;Comercial;0;0;2;1;0;0;0;0;0;0;0;0;-3,760792300000000;-38,545400000000000
308053;20;3;2017;13:59;0;AV LUCIANO CARNEIRO;;;721;;Colis?úo Transversal;Luz do Dia;Bom;Seca;T;Pare;Comercial;0;0;2;1;0;0;0;0;0;0;0;0;-3,754272200000000;-38,533363000000000
308055;20;3;2017;14:04;5268;RUA COSTA BARROS;RUA DOM JOAQUIM;;683;HOSPITAL CURANDAR`S;Colis?úo Traseira;Luz do Dia;Bom;Seca;T;Pare;Residencial;0;0;2;1;0;0;0;0;0;0;0;0;-3,728313200000000;-38,517544000000000
308056;20;3;2017;13:28;14421;AV SGT HERMINIO SAMPAIO;RUA PDE ANCHIETA;;0;;Colis?úo Transversal;Luz do Dia;Chuva;Molhada;Cruz;Sem?íforo;Comercial;0;1;1;0;1;0;0;0;0;1;0;0;-3,724929800000000;-38,550830000000000
308057;20;3;2017;14:35;0;RUA BRAGANCA;RUA 23 DE JUNHO;;0;;Colis?úo Transversal;Luz do Dia;Bom;Seca;Meio de Quadra;Pare;Comercial;0;1;0;0;0;0;0;0;0;1;0;0;-3,784793400000000;-38,597614000000000
308058;20;3;2017;16:46;0;AV JOR THOMAZ COELHO;;;1342;;Colis?úo Traseira;Luz do Dia;Bom;Seca;Meio de Quadra;Sem?íforo;Comercial;0;0;2;1;0;0;0;0;0;0;0;0;-3,830370200000000;-38,507435000000000
308059;20;3;2017;18:05;5433;RUA METON DE ALENCAR;RUA MAJ FACUNDO;;0;;Colis?úo Transversal;Via Iluminada;Nublado;Seca;Cruz;Pare;Comercial;0;0;2;1;1;0;0;0;0;0;0;0;-3,733955000000000;-38,529920000000000
308060;20;3;2017;19:10;12404;AV LINEU MACHADO;AV SEN FERNANDES TAVORA;;1;;Colis?úo Traseira;Via Iluminada;Bom;Seca;Cruz;Sem?íforo;Comercial;0;1;1;1;0;0;0;0;0;1;0;0;-3,765150500000000;-38,576500000000000
308061;20;3;2017;17:20;0;RUA PRO JOSE DE BARCELOS;;;66;;Colis?úo Traseira;Luz do Dia;Bom;Seca;Meio de Quadra;N?úo H?í Controle;Residencial;0;1;1;0;0;0;0;0;0;1;0;0;-3,733658000000000;-38,550972000000000
308062;20;3;2017;17:30;0;AV PRS JUSCELINO KUBITSCHEK (PASSAR?ë);;;3535;;Colis?úo Traseira;Anoitecer;Bom;Seca;Meio de Quadra;Pare;Comercial;0;1;0;1;0;0;0;0;0;1;0;0;-3,812201300000000;-38,528780000000000
308063;20;3;2017;20:52;17501;AV ABOLICAO;RUA MANUEL JESUINO;;3890;;Colis?úo Traseira;Via Iluminada;Bom;Seca;Cruz;Gesto;Comercial;0;0;2;1;1;0;0;0;0;0;0;0;-3,725546000000000;-38,484768000000000
308089;20;3;2017;18:42;0;RUA DES LEITE ALBUQUERQUE;;;1071;;Colis?úo Lateral;Via Iluminada;Bom;Seca;Meio de Quadra;N?úo H?í Controle;Comercial;0;0;1;1;0;0;0;0;0;0;0;0;-3,738270000000000;-38,495293000000000
307623;20;3;2017;08:00;0;AV DOS EXPEDICIONARIOS;;;4760;;Colis?úo Traseira;Luz do Dia;Nublado;Seca;Meio de Quadra;D?¬ Prefer?¬ncia;Residencial;0;0;2;1;0;0;0;0;0;1;0;0;-3,760652000000000;-38,539900000000000
304454;20;3;2017;19:36;0;RUA JOSE RANGEL;;;0;;Colis?úo Lateral;Via Iluminada;Bom;Seca;Meio de Quadra;Pare;Residencial;0;2;0;1;0;0;0;0;0;0;0;0;;
305254;20;3;2017;12:50;0;RUA CASTRO E SILVA;;;245;;Colis?úo Lateral;Luz do Dia;Bom;Seca;Meio de Quadra;N?úo H?í Controle;Comercial;0;2;0;1;0;0;1;0;0;0;0;0;-3,723821000000000;-38,527507000000000
305257;20;3;2017;12:45;0;RUA NOSSA SRA DAS GRACAS;;;0;;Colis?úo Lateral;Luz do Dia;Bom;Seca;Meio de Quadra;N?úo H?í Controle;Residencial;0;0;2;1;0;0;0;0;0;0;0;0;;
305259;20;3;2017;14:00;5021;AV FILOMENO GOMES;RUA TIJUBANA;;0;;Colis?úo Lateral;Luz do Dia;Bom;Seca;T;Pare;Comercial;0;1;1;1;0;0;0;0;0;1;0;0;-3,720037000000000;-38,541406000000000
305285;20;3;2017;20:10;10793;RUA PRO HERIBALDO COSTA;RUA PORTO ALEGRE;;0;;Colis?úo Traseira;Via Iluminada;Bom;Seca;Cruz;Pare;Residencial;0;0;2;0;0;0;0;0;0;0;0;0;-3,762997000000000;-38,585433000000000
305274;20;3;2017;18:30;0;AV GOV RAUL BARBOSA;;;6572;;Colis?úo Traseira;Via Iluminada;Bom;Seca;Meio de Quadra;N?úo H?í Controle;Residencial;0;0;2;1;0;0;0;0;0;0;0;0;-3,771749000000000;-38,511488000000000
305243;20;3;2017;19:50;23660;RUA CHASTINET GUIMARAES;RUA BAR CRATO;;0;;Colis?úo Frontal;Via Iluminada;Bom;Seca;Cruz;Pare;Residencial;0;0;2;1;0;0;0;0;0;1;0;0;-3,722909000000000;-38,565856000000000
305315;20;3;2017;08:35;46;RUA SALGADO FILHO;RUA MARTINS NETO;;0;;Colis?úo Frontal;Luz do Dia;Nublado;Molhada;Cruz;Pare;Residencial;0;0;2;1;1;0;0;0;0;0;0;0;-3,741272000000000;-38,595186000000000
305317;20;3;2017;05:20;14952;RUA CON DE CASTRO;RUA FERNANDO FARIAS DE MELO (MANUEL S?üTIRO);;0;;Colis?úo Frontal;Luz do Dia;Bom;Seca;Outros;Outros;Residencial;0;0;2;1;0;0;0;0;0;0;0;0;-3,790043000000000;-38,578102000000000
305318;20;3;2017;18:00;25121;RUA FIRMINO ROCHA AGUIAR;RUA ELISEU UCHOA BECCO;;0;;Colis?úo Lateral;Anoitecer;Bom;Seca;Cruz;Pare;Escola;0;0;2;1;0;0;0;0;0;0;0;0;-3,763391000000000;-38,486120000000000
305319;20;3;2017;19:00;1257;RUA COSTA BARROS;RUA SILVA PAULET;;0;;Colis?úo Lateral;Via Iluminada;Bom;Seca;Cruz;Pare;Residencial;0;2;2;1;0;0;0;0;0;1;0;0;-3,732565000000000;-38,504799000000000
305302;20;3;2017;00:30;0;AV GAL OSORIO DE PAIVA;;;5748;;Colis?úo Traseira;Via Iluminada;Bom;Seca;Meio de Quadra;Sem?íforo;Comercial;0;1;1;1;0;0;0;0;0;0;0;0;-3,806792000000000;-38,604089000000000
305306;20;3;2017;10:00;9611;RUA OSCAR ARARIPE;RUA PAULINO ROCHA D32;;0;;Colis?úo Transversal;Luz do Dia;Nublado;Molhada;Cruz;N?úo H?í Controle;Residencial;0;1;1;1;0;0;0;0;0;1;0;0;-3,783435000000000;-38,624525000000000
305294;20;3;2017;13:45;0;AV BORGES DE MELO;;;0;;Colis?úo Traseira;Luz do Dia;Bom;Seca;Meio de Quadra;Sem?íforo;Comercial;0;0;2;0;1;0;0;0;0;0;0;0;;
305330;20;3;2017;20:00;0;RUA COM NATANAEL CORTEZ;;;520;;Colis?úo Traseira;Via Iluminada;Bom;Seca;Meio de Quadra;N?úo H?í Controle;Residencial;0;0;2;1;0;0;1;0;0;0;0;0;-3,772716659000000;-38,488695282000000
305333;20;3;2017;01:00;0;AV CARAPINIMA;;;2424;;Choque c/ Obst?ículo Fixo;Via Iluminada;Bom;Seca;Meio de Quadra;Outros;Outros;0;1;0;1;0;0;0;0;0;0;0;0;-3,740936000000000;-38,541170000000000
305345;20;3;2017;11:40;16057;AV WENEFRIDO MELO;AV GODOFREDO MACIEL;;0;;Colis?úo Traseira;Luz do Dia;Chuva;Molhada;Cruz;Sem?íforo;Comercial;0;0;2;1;0;0;0;0;0;0;0;0;-3,811743000000000;-38,574739000000000
305211;20;3;2017;11:00;20185;RUA POMPILIO GOMES;RUA MARIA AMALIA;;0;;Colis?úo Lateral;Luz do Dia;Chuva;Molhada;Cruz;Pare;Residencial;0;0;2;1;0;0;0;0;0;0;0;0;-3,812754000000000;-38,520415000000000
305231;20;3;2017;10:11;0;AV PRS CASTELO BRANCO;;;2195;;Colis?úo Transversal;Luz do Dia;Chuva;Molhada;Meio de Quadra;N?úo H?í Controle;Residencial;0;1;1;0;0;0;0;0;0;1;0;0;-3,714041000000000;-38,547594000000000
325549;20;3;2017;07:10;0;RD BR 116;;;900;KM-05;Colis?úo Lateral;Luz do Dia;;Seca;Meio de Quadra;;;0;0;2;1;1;0;0;0;0;0;0;0;-3,782216200000000;-38,513302500000000
325553;20;3;2017;07:40;0;RD BR 020;;;900;KM 427;Colis?úo Traseira;Luz do Dia;;Molhada;Meio de Quadra;;;0;1;0;0;0;0;0;0;0;1;0;0;;
325557;20;3;2017;07:40;0;RD BR 020;;;0;KM 427;Colis?úo Traseira;Luz do Dia;;Seca;Meio de Quadra;;;0;0;2;1;0;0;0;0;0;1;0;0;;
325561;21;3;2017;08:30;0;RD BR 020;;;0;KM 426;Colis?úo Transversal;Luz do Dia;;N?úo informada;Meio de Quadra;;;0;1;1;0;0;0;0;0;0;1;0;0;;
305235;21;3;2017;11:50;13070;AV JOAO DE ARAUJO LIMA;AV C CJ JOSE WALTER;;0;;Colis?úo;Luz do Dia;;;T;Sem?íforo;Residencial;0;0;2;1;0;0;0;0;0;0;0;0;-3,827604000000000;-38,559368000000000
305236;21;3;2017;14:30;10740;RUA AUDISIO PINHEIRO;RUA PORTO ALEGRE;;0;;Colis?úo Transversal;Luz do Dia;;;Cruz;Pare;Residencial;0;0;2;1;0;0;0;0;0;0;0;0;-3,760602000000000;-38,589942000000000
305212;21;3;2017;11:00;0;AV DR SILAS MUNGUBA;;;0;ROTAT?ôRIA;Colis?úo Traseira;Luz do Dia;;;Meio de Quadra;;;0;0;2;1;0;0;0;0;0;0;0;0;-3,807046340000000;-38,525260281000000
305208;21;3;2017;17:35;0;RUA BENU MARCONDES;;;470;;Colis?úo Transversal;Anoitecer;;;Meio de Quadra;;;0;1;1;1;0;0;0;0;0;1;0;0;;
305204;21;3;2017;17:00;0;AV VICENTE DE CASTRO;;;4999;;Colis?úo Traseira;Anoitecer;;;Meio de Quadra;;;0;0;2;1;0;0;1;0;0;0;0;0;-3,719034000000000;-38,475293000000000
305224;21;3;2017;07:30;15184;AV ABOLICAO;RUA TIBURCIO CAVALCANTE;;0;;Colis?úo Transversal;Luz do Dia;;;Meio de Quadra;Sem?íforo;Residencial;0;0;2;1;1;0;0;0;0;0;0;0;-3,726066000000000;-38,499409000000000
305225;21;3;2017;13:00;0;RUA SEN POMPEU;;;0;;Colis?úo Transversal;Luz do Dia;;;Meio de Quadra;;;0;0;2;1;0;0;0;0;0;1;0;0;;
305226;21;3;2017;15:05;19707;AV BEZERRA DE MENEZES;RUA ARMANDO OLIVEIRA;;0;;Colis?úo Traseira;Luz do Dia;;;Cruz;Sem?íforo;;0;0;2;1;0;0;0;0;0;0;0;0;-3,736264000000000;-38,567270000000000
305228;21;3;2017;14:00;0;RUA PDE PEDRO DE ALENCAR;;;480;;Colis?úo Lateral;Luz do Dia;;;Meio de Quadra;;;0;0;2;1;0;0;0;1;0;0;0;0;-3,831756000000000;-38,493984000000000
305216;21;3;2017;10:30;15227;AV ABOLICAO;AV DES MOREIRA;;0;;Colis?úo Lateral;Luz do Dia;;;Cruz;Sem?íforo;Comercial;0;0;2;1;0;0;1;0;0;0;0;0;-3,727331000000000;-38,495474000000000
305230;21;3;2017;02:25;0;RUA CAP MELO;;;3712;;Colis?úo Traseira;;;;Meio de Quadra;;;0;1;1;1;0;0;1;0;0;0;0;0;-3,753350600000000;-38,537648700000000
305214;21;3;2017;22:40;0;AV ROGACIANO LEITE;;;2282;;Colis?úo Transversal;;;;Meio de Quadra;;;0;0;2;1;0;0;0;0;0;1;0;0;-3,775507000000000;-38,500177000000000
305239;21;3;2017;13:50;17315;RUA DES PRAXEDES;RUA PDE JOAO PIAMARTA;;0;;Colis?úo Lateral;Luz do Dia;;;;;;0;1;1;1;0;0;0;0;0;1;0;0;-3,762866000000000;-38,543546000000000
305241;21;3;2017;20:21;5965;AV C CJ CEARA;AV F CJ CEARA;;0;;Colis?úo Frontal;;;;Cruz;Pare;Residencial;0;1;1;1;0;0;0;0;0;1;0;0;-3,758684869000000;-38,608329617000000
305242;21;3;2017;14:50;12925;AV ANTONIO SALES;AV AGUANAMBI;;0;;Colis?úo Traseira;Luz do Dia;;;;;;0;0;2;1;0;0;0;0;0;0;0;0;;
295487;21;3;2017;12:30;0;AV GOV RAUL BARBOSA;;;6318;;Atropelamento;Luz do Dia;;;Meio de Quadra;;;1;0;1;1;0;0;0;0;0;0;0;0;-3,771528000000000;-38,511302000000000
308083;21;3;2017;08:45;12173;AV CASTELO DE CASTRO;AV CONTORNO SUL;;0;;Colis?úo Transversal;Luz do Dia;Nublado;Molhada;Cruz;Pare;Comercial;0;0;1;1;0;0;0;0;0;1;0;0;-3,838778000000000;-38,521492000000000
308064;21;3;2017;06:55;0;RUA FRANCISCO LORDA;;;425;;Colis?úo Lateral;Luz do Dia;Nublado;Molhada;Meio de Quadra;N?úo H?í Controle;Comercial;0;0;1;1;1;0;0;0;0;0;0;0;-3,761787700000000;-38,532700000000000