COD_ACIDENTE;DIA;MES;ANO;HORA;INTERSECAO;LOG1;LOG2;LOG3;NUMERO;REFERENCIA;NATUREZA;ILUMINACAO;TEMPO;SUPERFICIEPISTA;TIPOCRUZAMENTO;CONTROLETRAFEGO;USOSOLO;MORTOS;FERIDOS;ILESOS;AUTOMOVEL;ONIBUS;BICICLETA;CAMINHAO;MICROONIBUS;CICLOMOTOR;MOTOCICLETA;TRACAOANIMAL;TREM;LATITUDE;LONGITUDE
308065;21;3;2017;07:30;5324;RUA GAL SAMPAIO;RUA PEDRO I;;0;;Colis?úo Transversal;Luz do Dia;Nublado;Seca;Cruz;Sem?íforo;Comercial;0;1;1;0;1;0;0;0;0;1;0;0;-3,730278000000000;-38,531700000000000
308066;21;3;2017;07:00;26271;AV PRO JOSE ARTHUR CARVALHO;RUA LOURDES VIDAL ALVES;;0;;Colis?úo Transversal;Luz do Dia;Nublado;Molhada;Cruz;Pare;Comercial;0;1;0;1;0;0;0;0;0;1;0;0;-3,826547000000000;-38,473484000000000
308067;21;3;2017;07:45;17397;AV PRO GOMES DE MATOS;RUA ROMEU MARTINS;;1869;;Colis?úo Transversal;Luz do Dia;Chuva;Molhada;Cruz;Pare;Comercial;0;2;1;1;0;0;0;0;0;1;0;0;-3,767504500000000;-38,550903000000000
308068;21;3;2017;08:08;0;RUA MON CATAO;;;1400;;Colis?úo Transversal;Luz do Dia;Nublado;Seca;Meio de Quadra;Gesto;Comercial;0;1;1;1;0;0;0;0;0;1;0;0;-3,744074000000000;-38,492289000000000
308069;21;3;2017;08:00;14483;RUA LAVRAS DA MANGABEIRA;AV SGT HERMINIO SAMPAIO;;21;;Colis?úo Transversal;Luz do Dia;Nublado;Seca;T;N?úo H?í Controle;Comercial;0;0;2;1;0;0;0;0;0;1;0;0;-3,724863300000000;-38,552486000000000
308070;21;3;2017;08:05;0;AV LUCIANO CARNEIRO;;;1450;;Colis?úo;Luz do Dia;Chuva;Molhada;Meio de Quadra;Sem?íforo;Comercial;0;1;0;1;0;0;0;0;0;1;0;0;-3,761776400000000;-38,535620000000000
308071;21;3;2017;09:12;15194;RUA DEP MOREIRA DA ROCHA;RUA ILDEFONSO ALBANO;;0;;Colis?úo Traseira;Luz do Dia;Bom;Seca;Cruz;Pare;Comercial;0;0;2;1;0;0;0;0;0;0;0;0;-3,726527500000000;-38,511170000000000
308072;21;3;2017;09:40;0;AV PONTES VIEIRA;;;1;SERPRO;Colis?úo Traseira;Luz do Dia;Bom;Seca;Meio de Quadra;N?úo H?í Controle;Comercial;0;0;2;1;0;0;0;0;0;1;0;0;-3,753030300000000;-38,513775000000000
308073;21;3;2017;07:41;0;RUA DA SAUDADE (MONTESE);;;161;;Colis?úo Lateral;Luz do Dia;Bom;Molhada;Meio de Quadra;N?úo H?í Controle;Comercial;0;0;2;1;0;0;0;0;0;0;0;0;-3,770110800000000;-38,544193000000000
308074;21;3;2017;11:00;0;RUA VALMIR PONTES;;;0;;Colis?úo Lateral;Luz do Dia;Bom;Seca;Meio de Quadra;Sem?íforo;Escola;0;0;2;1;0;0;0;0;0;0;0;0;-3,771336800000000;-38,481445000000000
308075;21;3;2017;15:40;0;AV GOV RAUL BARBOSA;;;3033;TANTRA MOTEL;Engavetamento;Luz do Dia;Nublado;Seca;Meio de Quadra;N?úo H?í Controle;Comercial;0;0;3;1;0;0;0;0;0;0;0;0;-3,753611300000000;-38,503876000000000
308076;21;3;2017;19:24;1110;RUA ELISEU ORIA;RUA EGIDIO DE OLIVEIRA;;2370;;Colis?úo Transversal;Via Iluminada;Nublado;Seca;Cruz;Pare;Escola;0;0;2;0;1;0;0;0;0;0;0;0;-3,810508500000000;-38,476170000000000
308077;21;3;2017;20:27;0;AV GAL OSORIO DE PAIVA;;;2782;TERMINAL SIQUEIRA;Atropelamento;Via Iluminada;Nublado;Seca;Meio de Quadra;N?úo H?í Controle;Comercial;0;3;0;0;0;0;0;0;0;1;0;0;-3,789121400000000;-38,586796000000000
308184;21;3;2017;11:20;24993;RUA ROCHA LIMA;AV DOM MANUEL;;0;;Colis?úo Transversal;Luz do Dia;Bom;Seca;Cruz;Sem?íforo;Comercial;0;0;2;1;0;0;0;0;0;0;0;0;-3,736094000000000;-38,523340000000000
318029;21;3;2017;16:50;0;AV SEN CARLOS JEREISSATI (AEROPORTO);;;0;KM 04;Colis?úo;Luz do Dia;Bom;Seca;Meio de Quadra;;;0;0;2;1;0;0;0;0;0;0;0;0;-3,774020000000000;-38,550907000000000
318040;21;3;2017;17:50;0;RD CE-040;;;0;KM-07;Colis?úo;Anoitecer;Bom;Seca;Meio de Quadra;;;0;0;2;1;0;0;0;0;0;0;0;0;-3,817159445000000;-38,483032860000000
319149;21;3;2017;00:27;0;AV BORGES DE MELO;;;0;;Queda;;;;Meio de Quadra;;;0;1;0;0;0;0;0;0;0;1;0;0;;
319150;21;3;2017;00:49;0;RUA FRANCISCO LEANDRO;;;0;;Atropelamento;;;;Meio de Quadra;;;0;1;1;1;0;0;0;0;0;0;0;0;;
319159;21;3;2017;09:16;0;AV CASTELO DE CASTRO;;;0;;Colis?úo;Luz do Dia;;;Meio de Quadra;;;0;1;1;1;0;0;0;0;0;1;0;0;;
319165;21;3;2017;09:49;3044;RUA ANDRE REBOUCAS;RUA RAUL NABUCO;;0;;Colis?úo;Luz do Dia;;;;;;0;1;1;1;0;0;0;0;0;1;0;0;-3,775058000000000;-38,590048000000000
319166;21;3;2017;10:00;25096;RUA ROCHA LIMA;RUA RODRIGUES JUNIOR;;0;;Queda;Luz do Dia;;;Cruz;Pare;Comercial;0;1;0;0;0;0;0;0;0;1;0;0;-3,736320000000000;-38,522475000000000
319167;21;3;2017;11:12;0;AV ALBERTO CRAVEIRO;;;0;;Colis?úo;Luz do Dia;;;Meio de Quadra;;;0;1;1;1;0;0;0;0;0;1;0;0;;
319197;21;3;2017;20:36;0;AV AUGUSTO DOS ANJOS;;;0;;Colis?úo;;;;Meio de Quadra;;;0;1;1;0;0;0;0;0;0;1;0;0;;
319204;21;3;2017;21:15;0;AV DOS EXPEDICIONARIOS;;;4773;;Colis?úo;;;;Meio de Quadra;;;0;1;0;0;0;0;0;0;0;0;0;0;-3,760917000000000;-38,539970000000000
319156;21;3;2017;07:25;0;AV MR HULL;;;0;;Colis?úo;Luz do Dia;;;Meio de Quadra;;;0;1;0;0;0;0;0;0;0;0;0;0;;
319170;21;3;2017;12:16;11006;RUA EQUADOR;RUA LIVINO DE CARVALHO;;0;;Atropelamento;Luz do Dia;;;Cruz;Pare;Residencial;0;1;1;1;0;0;0;0;0;0;0;0;-3,773482000000000;-38,552222000000000
319171;21;3;2017;12:39;0;RUA JOAQUIM TORRES;;;357;;Colis?úo;Luz do Dia;;;Meio de Quadra;;;0;1;1;1;0;0;0;0;0;1;0;0;;
319173;21;3;2017;12:52;26091;AV 13 DE MAIO;AV JOVITA FEITOSA;;0;;Colis?úo;Luz do Dia;;;;;;0;1;1;1;0;0;0;0;0;1;0;0;-3,737273000000000;-38,543936000000000
319193;21;3;2017;19:00;5965;AV C CJ CEARA;AV F CJ CEARA;;0;;Colis?úo;;;;Cruz;D?¬ Prefer?¬ncia;Residencial;0;1;1;1;0;0;0;0;0;1;0;0;-3,758684869000000;-38,608329617000000
319194;21;3;2017;19:45;2411;AV CEL CARVALHO;RUA AMADEU DE CASTRO;;0;;Colis?úo;;;;Cruz;N?úo H?í Controle;Comercial;0;1;1;1;0;0;0;0;0;1;0;0;-3,706322000000000;-38,590807000000000
319195;21;3;2017;20:15;0;RUA FRE TEODORO;;;1417;;Atropelamento;;;;Meio de Quadra;;;0;1;0;1;0;0;0;0;0;0;0;0;;
319175;21;3;2017;13:13;0;AV JOSE BASTOS;;;5116;;Colis?úo;Luz do Dia;;;Meio de Quadra;;;0;1;1;1;0;0;0;0;0;1;0;0;-3,757774000000000;-38,562297000000000
319176;21;3;2017;13:29;0;RUA PDE ANCHIETA;;;438;;Colis?úo;Luz do Dia;;;Meio de Quadra;;;0;1;1;1;0;1;0;0;0;0;0;0;-3,723848000000000;-38,550795000000000
319177;21;3;2017;13:52;0;AV JOVITA FEITOSA;;;1414;;Colis?úo;Luz do Dia;;;Meio de Quadra;;;0;1;1;1;0;0;0;0;0;1;0;0;;
319178;21;3;2017;14:33;2606;RUA JANDIRA;RUA ARQUIMEDES MEMORIA;;0;;Atropelamento;Luz do Dia;;;;;;0;2;1;0;0;0;0;0;0;1;0;0;-3,713295000000000;-38,586714000000000
319179;21;3;2017;14:50;0;RUA CEL DIONISIO ALENCAR;;;757;;Colis?úo;Luz do Dia;;;Meio de Quadra;;;0;2;1;1;0;0;0;0;0;1;0;0;-3,843199800000000;-38,499918400000000
319180;21;3;2017;16:15;13432;AV ANTONIO SALES;AV RUI BARBOSA;;0;;Colis?úo;Luz do Dia;;;Cruz;Sem?íforo;Comercial;0;1;1;1;0;0;0;0;0;1;0;0;-3,742611000000000;-38,511569000000000
319181;21;3;2017;17:04;0;RUA BRAGANCA;;;785;;Colis?úo;Anoitecer;;;Meio de Quadra;;;0;1;1;1;0;0;0;0;0;1;0;0;-3,780733600000000;-38,596361200000000
319184;21;3;2017;18:54;0;AV SGT HERMINIO SAMPAIO;;;3502;;Queda;;;;Meio de Quadra;;;0;1;0;0;0;0;0;0;0;1;0;0;-3,728612000000000;-38,571906000000000
319205;22;3;2017;01:06;0;AV GAL OSORIO DE PAIVA;;;2000;;Queda;;;;Meio de Quadra;;;0;1;0;0;0;0;0;0;0;1;0;0;-3,784199000000000;-38,580030000000000
319245;22;3;2017;20:24;0;RUA EDUARDO PERDIGAO;;;0;;Colis?úo;;;;Meio de Quadra;;;0;1;1;1;0;0;0;0;0;1;0;0;;
319246;22;3;2017;20:49;0;RUA GONCALVES DIAS;;;444;;Atropelamento;;;;Meio de Quadra;;;0;1;0;0;0;0;0;0;0;0;0;0;-3,743451000000000;-38,554948000000000
319247;22;3;2017;21:19;0;RUA 1157 CJ CEARA;;;157;;Colis?úo;;;;Meio de Quadra;;;0;2;1;1;0;0;0;0;0;1;0;0;-3,762085000000000;-38,611085000000000
319233;22;3;2017;15:23;21523;RUA EDUARDO ARAUJO;RUA INA BRITO;;0;;Colis?úo;Luz do Dia;;;;;;0;1;1;1;0;0;0;0;0;1;0;0;-3,820401000000000;-38,593858000000000
319234;22;3;2017;17:23;0;AV PRS CASTELO BRANCO;;;4094;;Colis?úo;Anoitecer;;;Meio de Quadra;;;0;1;1;0;0;0;0;0;0;1;0;0;-3,708156000000000;-38,569077000000000
319235;22;3;2017;17:48;0;RUA CON DE CASTRO;;;6141;;Colis?úo;Anoitecer;;;Meio de Quadra;;;0;1;1;0;0;0;0;0;0;1;0;0;-3,816100000000000;-38,599887000000000
319236;22;3;2017;18:18;0;AV OLIVEIRA PAIVA;;;0;;Colis?úo;Anoitecer;;;Meio de Quadra;;;0;1;0;0;0;0;0;0;0;0;0;0;;
319207;22;3;2017;08:01;0;RUA DO CANAL (TAUAPE);;;0;;Queda;Luz do Dia;;;Meio de Quadra;;;0;1;0;0;0;0;0;0;0;1;0;0;;
319208;22;3;2017;08:07;0;RUA MARIO MAMEDE;;;943;;Colis?úo;Luz do Dia;;;Meio de Quadra;;;0;1;1;1;0;0;0;0;0;1;0;0;-3,751844000000000;-38,528669000000000
319209;22;3;2017;08:18;10716;RUA PRO HERIBALDO COSTA;RUA PRO EDGAR DE ARRUDA;;0;;Colis?úo;Luz do Dia;;;N?úo Informado;N?úo H?í Controle;Residencial;0;2;1;0;0;0;0;0;0;1;0;0;-3,759016000000000;-38,583335000000000
319212;22;3;2017;08:26;0;AV HERACLITO GRACA;;;1246;;Colis?úo;Luz do Dia;;;Meio de Quadra;;;0;1;1;1;0;0;0;0;0;1;0;0;-3,737113900000000;-38,513841900000000
319214;22;3;2017;08:43;0;RUA SAO PAULO;;;955;;Colis?úo;Luz do Dia;;;Meio de Quadra;;;0;1;1;1;0;1;0;0;0;0;0;0;-3,723881000000000;-38,534043000000000
319215;22;3;2017;09:28;0;AV ALM HENRIQUE SABOIA;;;700;;Atropelamento;Luz do Dia;;;Meio de Quadra;;;0;1;1;1;0;0;0;0;0;0;0;0;-3,727849000000000;-38,480432000000000
319217;22;3;2017;10:08;0;RUA BAR RIO BRANCO;;;2750;;Colis?úo;Luz do Dia;;;Meio de Quadra;;;0;1;1;1;0;0;0;0;0;1;0;0;-3,742342000000000;-38,533329000000000
319220;22;3;2017;11:06;19909;RUA ANDRE CHAVES;AV EXPEDICIONARIOS (INVALIDA);;0;;Colis?úo;Luz do Dia;;;;;;0;1;1;1;0;0;0;0;0;1;0;0;;
319222;22;3;2017;12:53;0;RUA 102 CJ ESPERANCA;;;261;;Colis?úo;Luz do Dia;;;Meio de Quadra;;;0;1;1;1;0;0;0;0;0;1;0;0;;
319223;22;3;2017;13:45;22194;AV SGT HERMINIO SAMPAIO;RUA ERETIDES MARTINS;;0;;Colis?úo;Luz do Dia;;;;;;0;1;0;0;0;0;0;0;0;0;0;0;-3,726371000000000;-38,560489000000000
319225;22;3;2017;15:10;0;AV DR SILAS MUNGUBA;;;4411;;Colis?úo;Luz do Dia;;;Meio de Quadra;;;0;1;1;1;0;0;0;0;0;1;0;0;-3,792032000000000;-38,536353000000000
319252;22;3;2017;21:22;5965;AV C CJ CEARA;AV F CJ CEARA;;0;;Colis?úo;;;;Cruz;D?¬ Prefer?¬ncia;Residencial;0;1;1;1;0;0;0;0;0;1;0;0;-3,758684869000000;-38,608329617000000
319239;22;3;2017;19:28;25044;AV ENG HUMBERTO MONTE;RUA ARGENTINA;;0;;Atropelamento;;;;T;Sem?íforo;Comercial;0;1;1;0;0;0;0;0;0;1;0;0;-3,746008000000000;-38,563090000000000
319231;22;3;2017;15:19;0;RUA PDE PEDRO DE ALENCAR;;;270;;Atropelamento;Luz do Dia;;;Meio de Quadra;;;0;2;0;0;0;0;0;0;0;1;0;0;-3,830034000000000;-38,493799000000000
319256;22;3;2017;21:37;0;RUA MIN ALBUQUERQUE LIMA;;;895;;Colis?úo;;;;Meio de Quadra;;;0;1;0;0;0;0;0;0;0;0;0;0;-3,770610037000000;-38,604969115000000
319258;22;3;2017;21:48;0;AV FRANCISCO SA;;;2299;;Colis?úo;;;;Meio de Quadra;;;0;1;0;0;0;0;0;0;0;0;0;0;-3,721107600000000;-38,546051000000000
319254;22;3;2017;21:27;0;RD CE-060;;;6326;;Colis?úo;;;;Meio de Quadra;;;0;1;0;0;0;0;0;0;0;0;0;0;;
318147;22;3;2017;20:25;0;RD CE-060;;;0;KM-03;Colis?úo;;Bom;Seca;Meio de Quadra;;;0;0;2;1;0;0;0;0;0;0;0;0;-3,843038000000000;-38,585133000000000
318143;22;3;2017;07:40;0;RD CE-040;;;0;KM-07;Colis?úo;Luz do Dia;Bom;Seca;Meio de Quadra;;;0;1;1;1;0;0;0;0;0;1;0;0;-3,817159445000000;-38,483032860000000
318144;22;3;2017;07:40;0;RD CE-040;;;0;KM-05;Colis?úo;Luz do Dia;Bom;Seca;Meio de Quadra;;;0;0;2;1;0;0;0;0;0;0;0;0;-3,800595823000000;-38,479534630000000
318140;22;3;2017;08:15;0;RD CE-060;;;0;KM-03;Colis?úo;Luz do Dia;Bom;Seca;Meio de Quadra;;;0;1;1;1;0;0;0;0;0;1;0;0;-3,843038000000000;-38,585133000000000
308078;22;3;2017;07:30;0;RUA JOAO PAULINO BARROS LEAL;AV PONTES VIEIRA;;0;;Colis?úo Traseira;Luz do Dia;Nublado;Seca;T;Pare;Residencial;0;0;2;1;1;0;0;0;0;0;0;0;-3,753768400000000;-38,519276000000000
308079;22;3;2017;07:54;0;AV DOM LUIS;;;0;PRACA PORTUGAL;Colis?úo Lateral;Luz do Dia;Chuva;Molhada;Rotat??ria;Sem?íforo;Comercial;0;0;2;1;1;0;0;0;0;0;0;0;-3,733543200000000;-38,483660000000000
308080;22;3;2017;08:10;0;AV JOSE BASTOS;;;4550;;Colis?úo Traseira;Luz do Dia;Nublado;Molhada;Meio de Quadra;N?úo H?í Controle;Comercial;0;0;2;1;0;0;0;0;0;0;0;0;-3,756610000000000;-38,557020000000000
308081;22;3;2017;09:10;0;AV VIENA WEYNE;;;340;;Colis?úo Traseira;Luz do Dia;Chuva;Molhada;Meio de Quadra;Gesto;Residencial;0;0;2;1;0;0;0;0;0;0;0;0;-3,801256200000000;-38,491060000000000
308082;22;3;2017;09:50;5313;RUA PEDRO I;RUA VINTE E QUATRO DE MAIO;;0;;Colis?úo Transversal;Luz do Dia;Nublado;Molhada;Cruz;Pare;Comercial;0;0;2;1;0;0;0;0;0;0;0;0;-3,729751000000000;-38,532887000000000
308084;22;3;2017;09:30;7813;RUA TIBURCIO CAVALCANTE;RUA JULIO SIQUEIRA;;2855;;Colis?úo Transversal;Luz do Dia;Chuva;Molhada;Cruz;Pare;Comercial;0;1;1;1;0;0;0;0;0;1;0;0;-3,750044600000000;-38,507175000000000
308085;22;3;2017;10:45;9043;RUA PDE MIGUELINHO;RUA BAR ARATANHA;;0;;Colis?úo Lateral;Luz do Dia;Nublado;Molhada;Cruz;Pare;Escola;0;0;2;1;0;0;0;0;0;1;0;0;-3,742771400000000;-38,533527000000000
308086;22;3;2017;10:20;1238;AV SANTOS DUMONT;RUA ILDEFONSO ALBANO;;0;;Colis?úo Transversal;Luz do Dia;Nublado;Molhada;Cruz;Sem?íforo;Comercial;0;1;1;1;0;0;0;0;0;1;0;0;-3,731647000000000;-38,512640000000000
308087;22;3;2017;13:39;0;AV JOAO PESSOA;;;5752;IMPARH;Engavetamento;Luz do Dia;Nublado;Molhada;Meio de Quadra;N?úo H?í Controle;Comercial;0;0;3;1;1;0;0;0;0;0;0;0;-3,761224700000000;-38,557106000000000
308088;22;3;2017;13:00;13735;RUA NELSON STUDART;RUA CAIO CID;;0;;Colis?úo Frontal;Luz do Dia;Bom;Molhada;Cruz;Pare;Residencial;0;0;2;1;0;0;0;0;0;0;0;0;-3,773582000000000;-38,484688000000000
308090;22;3;2017;13:57;271;AV JOVITA FEITOSA;RUA AMADEU FURTADO;;2809;;Colis?úo Traseira;Luz do Dia;Nublado;Molhada;Cruz;Sem?íforo;Comercial;0;0;2;1;0;0;0;0;0;0;0;0;-3,741194200000000;-38,563110000000000
308091;22;3;2017;14:00;24409;RUA JORGE ACURCIO;RUA LINEU JUCA;;0;;Colis?úo Transversal;Luz do Dia;Nublado;Molhada;Cruz;Pare;Residencial;0;0;2;1;0;0;0;0;0;0;0;0;-3,768828200000000;-38,533260000000000
308093;22;3;2017;15:31;6737;AV PDE ANTONIO TOMAS;AV ENG SANTANA JUNIOR;;0;;Colis?úo Traseira;Luz do Dia;Nublado;Seca;Meio de Quadra;Sem?íforo;Comercial;0;0;2;0;0;0;0;1;0;0;0;0;-3,744276000000000;-38,488155000000000
308094;22;3;2017;15:50;0;AV PRS COSTA E SILVA;;;0;POSTO SOBRAL E PALACIO;Colis?úo Lateral;Luz do Dia;Bom;Seca;Meio de Quadra;N?úo H?í Controle;Comercial;0;1;2;1;1;0;0;0;0;0;0;0;-3,824315500000000;-38,544304000000000
308095;22;3;2017;18:55;19743;RUA PRO LINO ENCARNACAO;RUA AZEVEDO BOLAO;;0;;Colis?úo Lateral;Via Iluminada;Bom;Seca;Cruz;Pare;Residencial;0;0;2;1;0;0;0;0;0;0;0;0;-3,737648200000000;-38,561440000000000
308096;22;3;2017;19:00;0;RUA DR GILBERTO STUDART;;;1369;;Colis?úo Transversal;Via Iluminada;Nublado;Seca;Meio de Quadra;N?úo H?í Controle;Lazer;0;2;1;1;0;0;0;0;0;1;0;0;-3,745165800000000;-38,476000000000000
308097;22;3;2017;21:53;0;AV FRANCISCO SA;;;3447;;Colis?úo Transversal;Via Iluminada;Bom;Molhada;Duplo T;N?úo H?í Controle;Residencial;0;1;0;0;0;0;0;0;0;1;0;0;-3,717819700000000;-38,556057000000000
308098;22;3;2017;22:00;17551;RUA DR JOSE LINO;RUA MANUEL JESUINO;;0;;Colis?úo Transversal;Via Iluminada;Bom;Seca;Cruz;Sem?íforo;Residencial;0;0;2;1;0;0;0;0;0;0;0;0;-3,729910600000000;-38,485123000000000
305215;22;3;2017;20:30;0;AV EDUARDO GIRAO;;;0;;Colis?úo Lateral;;Bom;;Meio de Quadra;;;0;2;0;1;0;0;0;0;0;1;0;0;;
305218;22;3;2017;14:00;5062;RUA GAL SAMPAIO;RUA DR JOAO MOREIRA;;0;;Colis?úo Traseira;Luz do Dia;Bom;Seca;Cruz;Sem?íforo Intermitente;Comercial;0;2;0;1;0;0;0;0;0;0;0;0;-3,722030000000000;-38,529364000000000
305220;22;3;2017;10:30;0;RUA DEMETRIO MENEZES;;;3680;;Colis?úo Traseira;Luz do Dia;Chuva;Molhada;Meio de Quadra;Sem?íforo;Comercial;0;2;0;0;0;0;1;0;0;0;0;0;-3,735647000000000;-38,584119000000000
305221;22;3;2017;10:20;19596;RUA NEREU RAMOS;RUA TCHECOSLOVAQUIA;;0;;Colis?úo Lateral;Luz do Dia;Nublado;Seca;Cruz;Outros;Comercial;0;2;0;1;0;0;0;0;0;0;0;0;-3,785913000000000;-38,570458000000000
305222;22;3;2017;14:45;0;AV GODOFREDO MACIEL;;;3033;;Engavetamento;Luz do Dia;Chuva;Molhada;Meio de Quadra;Sem?íforo;Comercial;0;3;0;1;0;0;0;0;0;0;0;0;-3,802389000000000;-38,571767000000000
305229;22;3;2017;09:48;1350;RUA TORRES CAMARA;RUA SILVA PAULET;;0;;Colis?úo Frontal;Luz do Dia;Bom;Seca;Cruz;Pare;Residencial;0;2;0;1;0;0;0;0;0;0;0;0;-3,735958000000000;-38,505905000000000
305227;22;3;2017;09:56;5235;RUA PEDRO PEREIRA;RUA PRC ISABEL;;0;;Colis?úo;Luz do Dia;Nublado;Molhada;Cruz;Pare;Comercial;0;2;0;1;0;0;1;0;0;0;0;0;-3,727353000000000;-38,535705000000000
305207;22;3;2017;07:10;19844;RUA STA QUITERIA;RUA PDE JOAO PIAMARTA;;0;;Colis?úo Lateral;Amanhecer;Nublado;Seca;T;Pare;Escola;0;2;0;1;0;0;0;0;0;0;0;0;-3,758541000000000;-38,541711000000000
305232;22;3;2017;20:00;18278;AV ALM BARROSO;AV HIS RAIMUNDO GIRAO;;0;;Colis?úo Frontal;Via Iluminada;Bom;Seca;T;Pare;Comercial;0;2;0;1;0;0;0;0;0;1;0;0;-3,720277000000000;-38,515877000000000
305233;22;3;2017;22:48;0;AV 13 DE MAIO;;;1060;;Colis?úo Lateral;Via Iluminada;Chuva;Molhada;Meio de Quadra;;Comercial;0;2;0;1;0;0;0;0;0;0;0;0;-3,749811000000000;-38,528762000000000
305237;23;3;2017;09:07;24270;RUA PEREIRA VALENTE;RUA DELMIRO GOUVEIA;;0;;Colis?úo Lateral;Luz do Dia;Bom;Molhada;Cruz;Pare;Residencial;0;2;0;1;0;0;0;0;0;0;0;0;-3,734817000000000;-38,488125000000000
305238;23;3;2017;18:40;23041;AV DR SILAS MUNGUBA;RUA BRUNO VALENTE;;0;;Colis?úo Lateral;Via Iluminada;Nublado;Seca;Cruz;Pare;Comercial;0;2;0;1;0;0;0;0;0;1;0;0;-3,790483000000000;-38,540009000000000
325564;23;3;2017;21:10;0;RD BR 116;;;3000;KM-03;Colis?úo Transversal;;;Seca;Meio de Quadra;;;0;1;1;0;0;0;0;0;0;0;0;0;-3,779838000000000;-38,514372000000000
305240;23;3;2017;12:00;0;RUA GUILHERME ROCHA;;;808;;Colis?úo Lateral;Luz do Dia;Nublado;Seca;Meio de Quadra;Sem?íforo Intermitente;Comercial;0;2;0;1;0;0;0;0;0;1;0;0;-3,725427000000000;-38,532785000000000
305245;23;3;2017;12:30;0;AV LUCIANO CARNEIRO;;;635;;Engavetamento;Luz do Dia;Nublado;Seca;Meio de Quadra;N?úo H?í Controle;Residencial;0;3;0;1;0;0;0;0;0;0;0;0;-3,754604000000000;-38,533531000000000
305273;23;3;2017;14:42;0;AV JOSE BASTOS;;;1442;;;Luz do Dia;Nublado;Seca;Meio de Quadra;Pare;Comercial;0;1;0;1;0;0;0;0;0;1;0;0;-3,748840200000000;-38,549915300000000
305269;23;3;2017;14:30;0;AV VICENTE DE CASTRO;;;6940;;Colis?úo Lateral;Luz do Dia;Nublado;Seca;Meio de Quadra;N?úo H?í Controle;Industrial;0;2;0;1;0;0;0;0;0;1;0;0;-3,709781000000000;-38,471504000000000
305277;23;3;2017;14:00;0;AV BEZERRA DE MENEZES;;;306;;Colis?úo Traseira;;Bom;Seca;Meio de Quadra;Sem?íforo;Comercial;0;2;0;1;0;0;0;0;0;1;0;0;-3,732168000000000;-38,547596000000000
305260;23;3;2017;13:40;0;RUA OSVALDO CRUZ (ALDEOTA);;;0;;Colis?úo Transversal;Luz do Dia;Bom;Seca;Meio de Quadra;Pare;Residencial;0;2;0;1;0;0;0;0;0;0;0;0;;
305258;23;3;2017;08:30;0;RUA JORGE DUMAR;;;0;;Colis?úo Traseira;Luz do Dia;Chuva;Molhada;Meio de Quadra;Sem?íforo;Comercial;0;2;0;1;0;0;0;0;0;0;0;0;;
305263;23;3;2017;22:45;1578;RUA OSVALDO CRUZ (ALDEOTA);RUA GAL TERTULIANO POTYGUARA;;0;;Colis?úo Lateral;Via Iluminada;Bom;Molhada;Cruz;Pare;Residencial;0;2;0;1;0;0;0;0;0;0;0;0;-3,742480000000000;-38,502538000000000
305255;23;3;2017;21:00;352;RUA PEDRO DE QUEIROZ;RUA XAVIER DE OLIVEIRA;;0;;Colis?úo Transversal;Via Iluminada;Chuva;Seca;Cruz;Pare;Residencial;0;2;0;1;0;0;0;0;0;0;0;0;-3,746834000000000;-38,558367000000000
305253;23;3;2017;09:00;0;RUA NEREU RAMOS;;;0;;Colis?úo Traseira;Luz do Dia;Nublado;Molhada;Meio de Quadra;Outros;Comercial;0;2;0;1;0;0;0;0;0;0;0;0;;
305250;23;3;2017;10:00;0;AV SANTOS DUMONT;;;6026;;;Luz do Dia;Bom;Molhada;Meio de Quadra;Sem?íforo;Comercial;0;2;0;1;0;0;0;0;0;1;0;0;-3,742698000000000;-38,478305000000000
305247;23;3;2017;13:30;0;AV JOSE JATAHY;;;0;;Colis?úo Lateral;Luz do Dia;Bom;Seca;Meio de Quadra;Pare;Residencial;0;2;0;1;0;0;0;0;0;0;0;0;;
308099;23;3;2017;08:17;0;RUA BRI CORREIA DE MELO;AV SEN VIRGILIO TAVORA;;0;;Colis?úo Traseira;Luz do Dia;Nublado;Molhada;Cruz;Pare;Comercial;0;0;2;1;0;0;0;0;0;0;0;0;-3,750516000000000;-38,497547000000000
308100;23;3;2017;07:53;17416;RUA ELVIRA PINHO;RUA EDITE BRAGA;;0;;Colis?úo Transversal;Luz do Dia;Chuva;Molhada;Cruz;Pare;Residencial;0;0;2;1;0;0;0;0;0;0;0;0;-3,768091700000000;-38,553596000000000
308101;23;3;2017;08:31;17326;RUA ALBERTO MAGNO;RUA ALAN KARDEC;;0;;Colis?úo Transversal;Luz do Dia;Nublado;Seca;Cruz;Pare;Comercial;0;1;3;0;0;0;0;0;0;1;0;0;-3,763075800000000;-38,548550000000000
308102;23;3;2017;09:41;9199;RUA BAR ARATANHA;RUA DEP JOAO PONTES;;0;;Colis?úo Transversal;Luz do Dia;Nublado;Seca;Cruz;Pare;Comercial;0;0;2;1;0;0;0;0;0;0;0;0;-3,746166200000000;-38,530580000000000
308103;23;3;2017;09:20;5450;RUA ANTONIO POMPEU;RUA MAJ FACUNDO;;786;IJF;Colis?úo Transversal;Luz do Dia;Nublado;Molhada;Cruz;Pare;Comercial;0;0;2;1;0;0;0;0;0;0;0;0;-3,734970600000000;-38,530280000000000