COD_ACIDENTE;DIA;MES;ANO;HORA;INTERSECAO;LOG1;LOG2;LOG3;NUMERO;REFERENCIA;NATUREZA;ILUMINACAO;TEMPO;SUPERFICIEPISTA;TIPOCRUZAMENTO;CONTROLETRAFEGO;USOSOLO;MORTOS;FERIDOS;ILESOS;AUTOMOVEL;ONIBUS;BICICLETA;CAMINHAO;MICROONIBUS;CICLOMOTOR;MOTOCICLETA;TRACAOANIMAL;TREM;LATITUDE;LONGITUDE
308104;23;3;2017;09:50;0;RUA GUSTAVO SAMPAIO;;;2569;;Colis?úo Transversal;Luz do Dia;Nublado;Molhada;Cruz;Pare;Residencial;0;0;2;1;0;0;0;0;0;0;0;0;-3,737330400000000;-38,567307000000000
308105;23;3;2017;10:30;0;AV FRE CIRILO;;;4080;;Colis?úo Traseira;Luz do Dia;Chuva;Molhada;Meio de Quadra;N?úo H?í Controle;Comercial;0;0;2;0;1;0;0;0;0;1;0;0;-3,846513000000000;-38,494550000000000
308106;23;3;2017;12:41;19179;AV SANTOS DUMONT;RUA JULIO AZEVEDO;;5625;;Colis?úo Lateral;Luz do Dia;Chuva;Molhada;Cruz;Sem?íforo;Comercial;0;1;1;0;0;0;0;0;0;1;0;0;-3,741478200000000;-38,481277000000000
308107;23;3;2017;13:20;9250;AV FELINO BARROSO;RUA PDE MATOS SERRA;;0;;Colis?úo Frontal;Luz do Dia;Nublado;Seca;Cruz;Pare;Residencial;0;0;1;1;0;0;0;0;0;0;0;0;-3,744480100000000;-38,528507000000000
308108;23;3;2017;13:30;0;RUA CESARIO LANGE;;;49;;Colis?úo Lateral;Luz do Dia;Bom;Seca;Cruz;N?úo H?í Controle;Comercial;0;0;2;1;0;0;0;0;0;0;0;0;-3,830016400000000;-38,490600000000000
308109;23;3;2017;18:41;17275;RUA ALVARO FERNANDES;RUA BAR CANINDE;;423;;Colis?úo Lateral;Anoitecer;Nublado;Seca;Cruz;Pare;Residencial;0;0;2;1;0;0;0;0;0;0;0;0;-3,762212500000000;-38,552284000000000
308110;23;3;2017;18:49;0;AV PRS COSTA E SILVA;;;899;;Colis?úo Transversal;Anoitecer;Bom;Seca;Meio de Quadra;N?úo H?í Controle;Comercial;0;0;2;1;1;0;0;0;0;0;0;0;-3,812896000000000;-38,571945000000000
308111;23;3;2017;19:08;0;AV DR SILAS MUNGUBA;;;614;;Colis?úo Traseira;Via Iluminada;Nublado;Seca;T;Sem?íforo;Comercial;0;0;2;1;1;0;0;0;0;0;0;0;-3,779257500000000;-38,560806000000000
308112;23;3;2017;19:50;7913;AV ANTONIO SALES;RUA VIS MAUA;;0;;Colis?úo Transversal;Via Iluminada;Chuva;Molhada;Cruz;Pare;Comercial;0;0;2;1;1;0;0;0;0;0;0;0;-3,745599000000000;-38,502490000000000
308113;23;3;2017;20:40;25895;RUA MAG POMPEU;AV PDE ANTONIO TOMAS;;0;;Colis?úo Lateral;Via Iluminada;Chuva;Molhada;T;Gesto;Residencial;0;0;2;1;0;0;0;0;0;0;0;0;-3,747312800000000;-38,476467000000000
308114;23;3;2017;20:46;26083;AV BEZERRA DE MENEZES;AV JOSE JATAHY;;0;3?? DP;Colis?úo Transversal;Via Iluminada;Chuva;Molhada;Cruz;Sem?íforo;Comercial;0;0;2;1;1;0;0;0;0;0;0;0;-3,731695000000000;-38,544870000000000
308115;23;3;2017;21:11;0;RUA PRIMEIRO DE MAIO D34;;;2443;;Colis?úo Lateral;Mal Iluminada;Chuva;Molhada;Meio de Quadra;N?úo H?í Controle;Residencial;0;1;1;1;0;0;0;0;0;1;0;0;-3,778780000000000;-38,603268000000000
308116;23;3;2017;20:55;356;RUA GUSTAVO BRAGA;RUA FRANCISCA CLOTILDE;;0;;Colis?úo Transversal;Via Iluminada;Bom;Molhada;Cruz;Pare;Comercial;0;0;2;1;0;0;0;0;0;1;0;0;-3,747512600000000;-38,556717000000000
308117;23;3;2017;19:51;577;AV DR THEBERGE;AV FRANCISCO SA;;4524;;Colis?úo Traseira;Via Iluminada;Nublado;Seca;Cruz;Sem?íforo;Residencial;0;0;1;0;1;0;0;0;0;0;0;0;-3,714870200000000;-38,564940000000000
318151;23;3;2017;18:30;0;AV SEN CARLOS JEREISSATI (AEROPORTO);;;0;KM 01;Colis?úo;Anoitecer;Bom;Seca;Meio de Quadra;;;0;0;2;1;0;0;0;0;0;1;0;0;-3,783753000000000;-38,526850000000000
319278;23;3;2017;08:47;0;AV CEL CARVALHO;;;0;;Colis?úo;Luz do Dia;;;Meio de Quadra;;;0;1;0;0;0;0;0;0;0;0;0;0;;
319270;23;3;2017;06:36;0;AV GOV PARSIFAL BARROSO;;;120;;Colis?úo;Luz do Dia;;;Meio de Quadra;;;0;1;1;1;0;0;0;0;0;1;0;0;-3,728386000000000;-38,569315000000000
319260;23;3;2017;02:03;0;AV DR SILAS MUNGUBA;;;459;;Atropelamento;;;;Meio de Quadra;;;0;1;0;0;0;0;0;0;0;1;0;0;-3,778425000000000;-38,561305000000000
319261;23;3;2017;02:41;0;AV RAD JOSE LIMA VERDE;;;1017;;Queda;;;;Meio de Quadra;;;0;1;0;0;0;0;0;0;0;1;0;0;-3,701163000000000;-38,589300000000000
319262;23;3;2017;05:39;25000;RUA COSTA BARROS;AV DOM MANUEL;;0;;Colis?úo;Amanhecer;;;Cruz;Sem?íforo;Comercial;0;1;1;1;1;0;0;0;0;0;0;0;-3,727381000000000;-38,520793000000000
319321;23;3;2017;17:47;0;RUA CARLOS VASCONCELOS;;;747;;Atropelamento;Anoitecer;;;Meio de Quadra;;;0;1;1;1;0;0;0;0;0;0;0;0;-3,728494000000000;-38,509331000000000
319322;23;3;2017;18:03;3880;RUA SEN POMPEU;RUA OLIVIO CAMARA;;0;;Colis?úo;Anoitecer;;;Cruz;Pare;Residencial;0;1;0;0;0;0;0;0;0;0;0;0;-3,737737000000000;-38,532902000000000
319323;23;3;2017;18:15;0;AV DR SILAS MUNGUBA;;;0;;Colis?úo;Anoitecer;;;Meio de Quadra;;;0;1;1;1;0;0;0;0;0;1;0;0;;
319324;23;3;2017;18:15;0;RUA ADRIANO MARTINS;;;282;;Colis?úo;Anoitecer;;;Meio de Quadra;;;0;2;1;1;0;0;0;0;0;1;0;0;-3,722727000000000;-38,544831000000000
319325;23;3;2017;18:41;22353;AV OLAVO BILAC;AV BEZERRA DE MENEZES;;0;;Atropelamento;;;;Cruz;Sem?íforo;Residencial;0;1;0;0;0;0;0;0;0;0;0;0;-3,735601000000000;-38,564151000000000
319326;23;3;2017;18:48;0;RUA DIONISIO SERQUEIRA;;;2301;;Colis?úo;;;;Meio de Quadra;;;0;1;1;1;0;0;0;0;0;1;0;0;-3,810830700000000;-38,588821200000000
319327;23;3;2017;18:49;0;RUA METON DE ALENCAR;;;0;;Colis?úo;;;;Meio de Quadra;;;0;1;1;0;0;0;0;0;0;1;0;0;;
319328;23;3;2017;18:54;0;AV DA UNIVERSIDADE;;;0;;Colis?úo;;;;Meio de Quadra;;;0;1;1;0;0;0;0;0;0;1;0;0;;
319329;23;3;2017;19:47;0;RUA FRANCISCA CLOTILDE;;;0;;Colis?úo;;;;Meio de Quadra;;;0;1;0;0;0;0;0;0;0;0;0;0;;
319330;23;3;2017;20:14;0;RD BR 116;;;3000;KM-03;Colis?úo;;;;Meio de Quadra;;;0;1;1;1;0;0;0;0;0;1;0;0;-3,779838000000000;-38,514372000000000
319331;23;3;2017;20:16;0;AV MR HULL;;;0;;Atropelamento;;;;Meio de Quadra;;;0;1;0;0;0;0;0;0;0;0;0;0;;
319332;23;3;2017;20:19;0;AV ABOLICAO;;;0;;Queda;;;;Meio de Quadra;;;0;1;0;0;0;0;0;0;0;1;0;0;;
319351;23;3;2017;08:50;0;RUA CEL VIRGILIO NOGUEIRA (BOM JARDIM);;;0;;Queda;Luz do Dia;;;Meio de Quadra;;;0;1;0;0;0;0;0;0;0;1;0;0;;
319353;23;3;2017;11:21;0;AV SEN CARLOS JEREISSATI (AEROPORTO);;;0;;Queda;Luz do Dia;;;Meio de Quadra;;;0;1;0;0;0;1;0;0;0;0;0;0;;
319355;23;3;2017;11:43;5292;RUA COSTA BARROS;RUA GONCALVES LEDO;;0;;Atropelamento;Luz do Dia;;;Cruz;Pare;Comercial;0;1;1;1;0;0;0;0;0;0;0;0;-3,729088000000000;-38,515426000000000
319356;23;3;2017;12:06;0;RUA COSTA BARROS;;;102;;Colis?úo;Luz do Dia;;;Meio de Quadra;;;0;1;1;1;0;1;0;0;0;0;0;0;-3,726652184000000;-38,523002838000000
319336;23;3;2017;20:34;50;RUA CEL JOAQUIM FRANKLIN;RUA HIPOLITO PAMPLONA;;0;;Colis?úo;;;;Meio de Quadra;N?úo H?í Controle;Residencial;0;1;0;0;0;0;0;0;0;0;0;0;-3,743697000000000;-38,596316000000000
319338;23;3;2017;22:03;10995;RUA 15 DE NOVEMBRO;RUA ALM RUBIM;;0;;Colis?úo;;;;Cruz;Pare;Comercial;0;1;1;1;0;0;0;0;0;1;0;0;-3,768907000000000;-38,555939000000000
319339;23;3;2017;22:04;0;AV BEZERRA DE MENEZES;;;0;;Colis?úo;;;;Meio de Quadra;;;0;1;0;0;0;0;0;0;0;0;0;0;;
319340;23;3;2017;22:07;0;AV MR HULL;;;0;;Colis?úo;;;;Meio de Quadra;;;0;1;0;0;0;0;0;0;0;0;0;0;;
319341;23;3;2017;04:13;0;AV A CJ CEARA;;;0;;Queda;;;;Meio de Quadra;;;0;1;0;0;0;0;0;0;0;1;0;0;;
319342;23;3;2017;06:21;0;AV DES GONZAGA;;;209;;Colis?úo;Luz do Dia;;;Meio de Quadra;;;0;1;1;1;0;0;0;0;0;1;0;0;-3,788846397000000;-38,503693395000000
319343;23;3;2017;07:01;1480;RUA EDUARDO GARCIA;RUA VICENTE LEITE;;0;;Colis?úo;Luz do Dia;;;N?úo Informado;Pare;Escola;0;1;1;1;0;0;0;0;0;1;0;0;-3,739155000000000;-38,496056000000000
319344;23;3;2017;07:05;0;RUA FRANCISCO JOSE A PEREIRA;;;1045;;Colis?úo Lateral;Luz do Dia;;;Meio de Quadra;;;0;1;0;0;0;0;0;0;0;1;0;0;-3,811552600000000;-38,507298900000000
319345;23;3;2017;08:13;0;AV OLIVEIRA PAIVA;;;0;;Colis?úo;Luz do Dia;;;Meio de Quadra;;;0;2;1;1;0;0;0;0;0;1;0;0;;
319359;24;3;2017;12:40;19029;AV ENG ALBERTO SA;RUA SOLON ONOFRE;;0;;Colis?úo;Luz do Dia;;;Cruz;Pare;Residencial;0;1;1;1;0;0;0;0;0;1;0;0;-3,735314000000000;-38,473145000000000
319360;24;3;2017;12:53;0;AV ENG ALBERTO SA;;;1120;;Colis?úo;Luz do Dia;;;Meio de Quadra;;;0;1;1;1;0;0;0;0;0;1;0;0;-3,735338000000000;-38,473066000000000
319362;24;3;2017;14:39;0;AV PRS COSTA E SILVA;;;0;;Colis?úo;Luz do Dia;;;Meio de Quadra;;;0;1;0;0;0;0;1;0;0;1;0;0;;
319364;24;3;2017;15:20;0;AV WASHINGTON SOARES;;;0;;Colis?úo;Luz do Dia;;;Meio de Quadra;;;0;1;0;0;0;0;0;0;0;0;0;0;;
319366;24;3;2017;16:47;0;RUA MONTE PASCOAL;;;710;;Colis?úo;Luz do Dia;;;Meio de Quadra;;;0;1;1;0;0;0;0;0;0;1;0;0;-3,806409200000000;-38,596812500000000
319378;24;3;2017;18:29;0;RUA LAURO NOGUEIRA;;;659;;Colis?úo;Anoitecer;;;Meio de Quadra;;;0;1;0;0;0;0;0;0;0;0;0;0;-3,739536000000000;-38,479951000000000
319380;24;3;2017;20:26;0;AV GAL OSORIO DE PAIVA;;;0;;Atropelamento;;;;Meio de Quadra;;;0;1;1;1;0;0;0;0;0;0;0;0;;
319383;24;3;2017;21:51;0;RUA AUDISIO PINHEIRO;;;2058;;Colis?úo;;;;Meio de Quadra;;;0;1;1;0;0;0;0;0;0;1;0;0;-3,768743000000000;-38,592805000000000
319384;24;3;2017;22:04;0;AV PRS CASTELO BRANCO;;;0;;Colis?úo;;;;Meio de Quadra;;;0;2;0;0;0;0;0;0;0;0;0;0;;
319385;24;3;2017;22:41;0;RD BR 116;;;14000;KM-14;Queda;;;Outros;Meio de Quadra;;;0;1;0;0;0;0;0;0;0;1;0;0;-3,873523000000000;-38,499242000000000
318159;24;3;2017;08:50;0;RD CE-040;;;0;KM-01;Colis?úo;Luz do Dia;Bom;Seca;Meio de Quadra;;;0;0;2;1;0;0;0;0;0;0;0;0;-3,764650449000000;-38,482583040000000
318155;24;3;2017;00:05;0;RD CE-040;;;0;KM-01;Choque c/ Obst?ículo Fixo;;Bom;Molhada;Meio de Quadra;;;0;0;2;1;0;0;0;0;0;0;0;0;-3,764650449000000;-38,482583040000000
318162;24;3;2017;15:15;0;RD CE-040;;;0;KM-10;Colis?úo;Luz do Dia;Bom;Seca;Meio de Quadra;;;0;2;1;0;0;0;0;0;0;1;0;0;-3,826384000000000;-38,481778000000000
318165;24;3;2017;20:30;0;ROD CE 010;;;0;;Atropelamento de Animal;;Bom;Seca;Meio de Quadra;;;0;0;1;1;0;0;0;0;0;0;0;0;;
308118;24;3;2017;07:00;0;AV DES GONZAGA;;;621;;Colis?úo Traseira;Luz do Dia;Chuva;Molhada;Meio de Quadra;N?úo H?í Controle;Comercial;0;1;1;1;0;0;0;0;0;1;0;0;-3,792485500000000;-38,502007000000000
308119;24;3;2017;08:00;0;RUA CARLOS GOMES;;;225;;Queda;Luz do Dia;Chuva;Molhada;Meio de Quadra;Pare;Residencial;0;0;1;1;0;0;0;0;0;0;0;0;-3,741118400000000;-38,527912000000000
308120;24;3;2017;07:30;1708;RUA CAP OLAVO;RUA CAP URUGUAI D46;;0;;Colis?úo Transversal;Luz do Dia;Outros;Molhada;Cruz;Pare;Comercial;0;0;1;1;0;0;0;0;0;0;0;0;-3,766969700000000;-38,515580000000000
308121;24;3;2017;09:29;0;RUA JOAO IVO;;;52;;Colis?úo Lateral;Luz do Dia;Chuva;Molhada;Meio de Quadra;N?úo H?í Controle;Residencial;0;0;2;1;0;0;0;0;0;0;0;0;-3,832804400000000;-38,497517000000000
308122;24;3;2017;09:50;0;AV BORGES DE MELO;;;1677;;Colis?úo Traseira;Luz do Dia;Chuva;Molhada;Meio de Quadra;N?úo H?í Controle;Comercial;0;0;1;1;1;0;0;0;0;0;0;0;-3,757128500000000;-38,533330000000000
308123;24;3;2017;07:00;0;RUA VICENTE LINHARES;RUA EDUARDO GARCIA;;0;;Colis?úo Lateral;Luz do Dia;Chuva;Molhada;Meio de Quadra;Pare;Comercial;0;0;1;1;0;0;0;0;0;1;0;0;-3,738793400000000;-38,495940000000000
308124;24;3;2017;09:43;6968;AV A CJ ESPERANCA;AV F CJ ESPERANCA;;1;;Colis?úo Traseira;Luz do Dia;Chuva;Molhada;Cruz;Sem?íforo;Residencial;0;0;2;1;0;0;0;0;0;0;0;0;-3,817730200000000;-38,588326000000000
308125;24;3;2017;09:10;0;RUA ALFREDO WEYNE (A. WEYNE);;;55;;Queda;Luz do Dia;Chuva;Molhada;Meio de Quadra;N?úo H?í Controle;Residencial;0;0;0;1;0;0;0;0;0;0;0;0;-3,755175400000000;-38,532906000000000
308126;24;3;2017;10:27;13375;AV ANTONIO SALES;RUA J DA PENHA;;1;;Colis?úo Lateral;Luz do Dia;Chuva;Molhada;Cruz;Pare;Comercial;0;0;2;1;0;0;0;0;0;0;0;0;-3,739571600000000;-38,521380000000000
308127;24;3;2017;10:56;0;AV VICENTE DE CASTRO;;;4521;;Colis?úo Traseira;Luz do Dia;Chuva;Molhada;Meio de Quadra;N?úo H?í Controle;Comercial;0;0;2;0;1;0;0;0;0;1;0;0;-3,720435400000000;-38,476860000000000
308128;24;3;2017;11:20;0;AV DES MOREIRA;;;2960;;Colis?úo Traseira;Luz do Dia;Chuva;Molhada;Meio de Quadra;N?úo H?í Controle;Comercial;0;0;2;1;0;0;0;0;0;0;0;0;-3,752710000000000;-38,503550000000000
308129;24;3;2017;13:52;16033;RUA FRANCISCO BENTO;RUA CEL TIBURCIO;;0;;Colis?úo Lateral;Luz do Dia;Chuva;Molhada;Cruz;Pare;Comercial;0;0;2;1;0;0;0;0;0;0;0;0;-3,813182800000000;-38,573914000000000
308130;24;3;2017;14:20;1267;RUA NUNES VALENTE;RUA COSTA BARROS;;0;;Colis?úo Transversal;Luz do Dia;Chuva;Molhada;Cruz;Sem?íforo;Comercial;0;0;2;1;0;0;0;0;0;0;0;0;-3,733134700000000;-38,502670000000000
308131;24;3;2017;14:54;1545;RUA SILVA PAULET;RUA ROCHA LIMA;;0;;Queda;Luz do Dia;Nublado;Molhada;Cruz;Pare;Residencial;0;1;0;0;0;0;0;0;0;1;0;0;-3,741022800000000;-38,507523000000000
308132;24;3;2017;11:30;0;RUA VALDEMAR PAES;RUA DIANA;;1734;;Colis?úo Transversal;Luz do Dia;Chuva;Molhada;T;Pare;Comercial;0;1;1;1;0;0;0;0;0;0;0;0;-3,799882400000000;-38,603820000000000
308133;24;3;2017;15:31;13594;AV PONTES VIEIRA;RUA CAP GUSTAVO;;0;;Colis?úo Traseira;Luz do Dia;Nublado;Molhada;Cruz;Sem?íforo;Comercial;0;0;1;0;0;0;0;0;0;1;0;0;-3,753133800000000;-38,516980000000000
308134;24;3;2017;15:50;7754;AV ANTONIO SALES;RUA JOSE VILAR;;1861;;Colis?úo Traseira;Luz do Dia;Nublado;Molhada;Meio de Quadra;N?úo H?í Controle;Residencial;0;0;2;1;0;0;0;1;0;0;0;0;-3,744024300000000;-38,507133000000000
308135;24;3;2017;17:00;13386;RUA ANTONIO AUGUSTO;RUA JOAO BRIGIDO;;2190;;Colis?úo Transversal;Via Iluminada;Nublado;Seca;Cruz;Pare;Residencial;0;1;1;1;0;0;0;0;0;1;0;0;-3,740249600000000;-38,516750000000000
308136;24;3;2017;18:50;0;RUA CON DE CASTRO;;;2935;;Atropelamento;Via Iluminada;Nublado;Seca;Meio de Quadra;N?úo H?í Controle;Residencial;0;1;1;0;0;0;0;0;0;1;0;0;-3,798156700000000;-38,570740000000000
308137;24;3;2017;19:00;0;AV GOV RAUL BARBOSA;;;6686;;Colis?úo Traseira;Via Iluminada;Bom;Seca;Meio de Quadra;N?úo H?í Controle;Residencial;0;0;1;0;0;0;0;0;0;0;0;0;-3,772888400000000;-38,512573000000000
308138;24;3;2017;20:37;71;RUA CEL JOAQUIM FRANKLIN;RUA PRO JOAQUIM NOGUEIRA D29;;471;;Colis?úo Lateral;Via Iluminada;Bom;Seca;Cruz;Pare;Residencial;0;1;1;1;0;0;0;0;0;1;0;0;-3,742773000000000;-38,590084000000000
308139;24;3;2017;18:04;4114;AV PRS CASTELO BRANCO;RUA LUCAS PINTO;;3133;MARINHA;Colis?úo Transversal;Anoitecer;Bom;Seca;Cruz;Pare;Comercial;0;0;2;1;0;0;0;0;0;0;0;0;-3,711298200000000;-38,558155000000000
308144;24;3;2017;20:38;13021;AV I CJ JOSE WALTER;AV A CJ JOSE WALTER;;0;;Colis?úo Transversal;Via Iluminada;Nublado;Molhada;Cruz;Pare;Residencial;0;0;2;1;0;0;0;0;0;0;0;0;-3,825872400000000;-38,550884000000000
308161;24;3;2017;12:00;1557;RUA BARBOSA DE FREITAS;RUA CAROLINA SUCUPIRA;;0;;Colis?úo Transversal;Luz do Dia;Chuva;Molhada;Cruz;Pare;Residencial;0;0;2;1;0;0;0;0;0;0;0;0;-3,741393600000000;-38,499077000000000
305264;24;3;2017;15:00;0;AV PRS COSTA E SILVA;;;4427;UPA (JOSE WALTER);Colis?úo Traseira;Luz do Dia;;;Meio de Quadra;;;0;0;2;0;0;0;1;0;0;1;0;0;-3,825452000000000;-38,540394000000000
305266;24;3;2017;15:00;0;AV OLIVEIRA PAIVA;;;800;;Colis?úo Frontal;Luz do Dia;;;Meio de Quadra;;;0;0;2;1;0;0;0;0;0;0;0;0;-3,796518000000000;-38,498523000000000
305262;24;3;2017;09:32;0;AV LUCIANO CARNEIRO;;;2470;;Colis?úo Traseira;Luz do Dia;;;Meio de Quadra;;;0;0;2;1;1;0;0;0;0;0;0;0;-3,769844000000000;-38,538193000000000
305286;24;3;2017;;0;AV DES MOREIRA;;;0;;Colis?úo Traseira;;;;Meio de Quadra;;;0;0;2;1;0;0;0;0;0;0;0;0;;
305270;24;3;2017;20:00;21376;RUA PRO NOGUEIRA;AV JOVITA FEITOSA;;0;;Colis?úo Transversal;;;;Cruz;Pare;Comercial;0;1;1;1;0;0;0;0;0;1;0;0;-3,738280000000000;-38,548839000000000
305271;24;3;2017;11:30;5051;RUA SEN POMPEU;RUA SEN JAGUARIBE;;0;;Colis?úo Lateral;Luz do Dia;;;Cruz;Pare;Comercial;0;0;2;1;0;0;0;0;0;0;0;0;-3,721667000000000;-38,528055000000000
305272;24;3;2017;14:15;0;AV DUQ CAXIAS;;;0;;Engavetamento;Luz do Dia;;;Meio de Quadra;;;0;0;4;1;0;0;0;0;0;0;0;0;;
305268;24;3;2017;14:30;0;RUA PRO TEODORICO;;;0;;Colis?úo Transversal;Luz do Dia;;;Meio de Quadra;;;0;0;2;1;0;0;0;0;0;0;0;0;;
305246;24;3;2017;23:30;19331;AV GAL OSORIO DE PAIVA;RUA PRO GOMES BRASIL;;0;;Colis?úo;;;;Cruz;Sem?íforo;Comercial;0;1;1;0;0;0;0;0;0;1;0;0;-3,775618000000000;-38,566451000000000
295493;24;3;2017;20:50;0;AV GAL OSORIO DE PAIVA;;;2472;;Colis?úo;;;;Meio de Quadra;;;1;1;0;0;0;0;0;0;0;1;0;0;-3,786448400000000;-38,583977900000000
305282;24;3;2017;01:40;10995;RUA 15 DE NOVEMBRO;RUA ALM RUBIM;;0;;Colis?úo Transversal;;;;Cruz;Pare;Comercial;0;0;2;0;0;0;1;0;0;0;0;0;-3,768907000000000;-38,555939000000000
305290;24;3;2017;14:00;0;AV PAROARAS;;;0;;Colis?úo Traseira;Luz do Dia;;;Meio de Quadra;;;0;0;2;0;0;0;0;0;0;0;0;0;;
305296;24;3;2017;18:30;24991;AV GAL OSORIO DE PAIVA;RUA ABEL RIBEIRO;;0;;Colis?úo Transversal;Anoitecer;;;Cruz;Pare;Comercial;0;1;1;1;0;0;0;0;0;1;0;0;-3,781799000000000;-38,576252000000000
305298;24;3;2017;12:00;3859;AV DA UNIVERSIDADE;RUA JUVENAL GALENO;;0;;Colis?úo Transversal;Luz do Dia;;;Cruz;Sem?íforo;Escola;0;0;2;0;0;0;0;0;0;0;0;0;-3,739893000000000;-38,538143000000000
325565;24;3;2017;06:45;0;RD BR 116;;;7000;KM-07;Colis?úo Lateral;Luz do Dia;;Molhada;Meio de Quadra;;;0;0;2;0;1;0;0;0;0;0;0;0;-3,786917000000000;-38,511279000000000
325567;24;3;2017;08:25;0;RD BR 116;;;3000;KM-03;Queda;Luz do Dia;;Molhada;Meio de Quadra;;;0;2;0;0;0;0;0;0;0;0;0;0;-3,779838000000000;-38,514372000000000
325568;25;3;2017;14:40;0;RD BR 222;;;700;KM-01;Colis?úo Transversal;Luz do Dia;;Seca;Meio de Quadra;;;0;1;1;0;1;0;0;0;0;0;0;0;-3,740221300000000;-38,595829600000000
305313;25;3;2017;08:44;19673;RUA PRO ANACLETO;RUA GUSTAVO SAMPAIO;;0;;Colis?úo Lateral;Luz do Dia;Bom;Seca;Cruz;N?úo H?í Controle;Residencial;0;0;2;1;0;0;0;0;0;0;0;0;-3,734546000000000;-38,552990000000000
305314;25;3;2017;20:20;0;RUA CASIMIRO MONTENEGRO;;;564;;Colis?úo Lateral;Via Iluminada;Bom;Seca;Meio de Quadra;Pare;Residencial;0;0;2;1;0;0;0;0;0;0;0;0;-3,730457000000000;-38,551500000000000
305316;25;3;2017;20:20;0;RUA WALDIR DIOGO;;;700;;Colis?úo Traseira;Via Iluminada;Bom;Seca;Outros;N?úo H?í Controle;Residencial;0;0;2;1;0;0;0;0;0;0;0;0;-3,805169000000000;-38,584112000000000
295752;25;3;2017;14:19;3420;RUA DES PRAXEDES;AV JOAO PESSOA;;0;;Colis?úo Transversal;Luz do Dia;Bom;Seca;Cruz;Sem?íforo;Comercial;1;0;1;0;1;0;0;0;0;1;0;0;-3,756946000000000;-38,553504000000000
305244;25;3;2017;13:25;0;RUA DA SAUDADE;;;0;;Colis?úo Transversal;Luz do Dia;Bom;Seca;Meio de Quadra;Pare;Residencial;0;1;1;0;1;0;0;0;0;1;0;0;;
305287;25;3;2017;22:30;0;RUA MODESTA;;;115;;Choque c/ Obst?ículo Fixo;Via Iluminada;Bom;Seca;Meio de Quadra;N?úo H?í Controle;Lazer;0;0;1;0;0;0;0;0;0;0;0;0;-3,844556000000000;-38,521763000000000
305281;25;3;2017;04:15;0;AV PDE ANTONIO TOMAS;;;121;;Choque c/ Obst?ículo Fixo;Via Iluminada;Outros;Molhada;Outros;Sem?íforo;Comercial;0;1;0;1;0;0;0;0;0;0;0;0;-3,739247000000000;-38,502490000000000
305267;25;3;2017;16:00;9131;AV 13 DE MAIO;RUA BAR ARATANHA;;0;;Engavetamento;Luz do Dia;Bom;Seca;Cruz;Sem?íforo;Comercial;0;0;3;1;0;0;0;0;0;0;0;0;-3,747615000000000;-38,531331000000000
305265;25;3;2017;10:00;25348;AV JOVITA FEITOSA;RUA CAPISTRANO;;0;;Queda;Luz do Dia;Bom;Seca;Duplo T;N?úo H?í Controle;Comercial;0;1;0;0;0;0;0;0;0;1;0;0;-3,737854000000000;-38,546780000000000
305256;25;3;2017;03:00;0;RUA PAULINO NOGUEIRA;;;0;;Colis?úo Lateral;Via Iluminada;Bom;Seca;Meio de Quadra;N?úo H?í Controle;Comercial;0;0;2;0;0;0;1;0;0;0;0;0;;
308165;25;3;2017;18:20;17916;AV SGT HERMINIO SAMPAIO;RUA ALCANTARA BILHAR;;4760;;Colis?úo Transversal;Via Iluminada;Bom;Seca;Meio de Quadra;N?úo H?í Controle;Comercial;0;0;1;1;0;0;0;0;0;1;0;0;-3,732949700000000;-38,582580000000000
308145;25;3;2017;16:35;0;AV DEP PAULINO ROCHA;;;37;;Colis?úo Transversal;Luz do Dia;Bom;Seca;T;N?úo H?í Controle;Comercial;0;0;2;1;0;0;0;0;0;1;0;0;-3,801101000000000;-38,507320000000000
308146;25;3;2017;19:00;0;RUA PARA;;;625;;Colis?úo Transversal;Via Iluminada;Bom;Seca;Cruz;Pare;Comercial;0;1;1;1;0;0;0;0;0;1;0;0;-3,753803700000000;-38,566154000000000
308147;25;3;2017;20:04;4542;AV DEP PAULINO ROCHA;RUA CEL ZACARIAS J FRANCA;;1001;CONDOM?ìNIO MORADA DOS BOSQUES;Colis?úo Transversal;Via Iluminada;Bom;Seca;Meio de Quadra;Pare;Residencial;0;1;0;1;0;0;0;0;0;1;0;0;-3,805445000000000;-38,508250000000000
308148;25;3;2017;21:34;0;RUA SAO FRANCISCO D21;;;445;;Colis?úo Frontal;Via Iluminada;Bom;Seca;Meio de Quadra;Pare;Residencial;0;1;0;0;0;0;0;0;0;1;0;0;-3,798912000000000;-38,601150000000000
308140;25;3;2017;07:09;0;AV DR SILAS MUNGUBA;;;4392;SUPER DO POVO;Choque c/ Obst?ículo Fixo;Luz do Dia;Bom;Seca;T;N?úo H?í Controle;Comercial;0;0;1;1;0;0;0;0;0;0;0;0;-3,792251300000000;-38,536003000000000