COD_ACIDENTE;DIA;MES;ANO;HORA;INTERSECAO;LOG1;LOG2;LOG3;NUMERO;REFERENCIA;NATUREZA;ILUMINACAO;TEMPO;SUPERFICIEPISTA;TIPOCRUZAMENTO;CONTROLETRAFEGO;USOSOLO;MORTOS;FERIDOS;ILESOS;AUTOMOVEL;ONIBUS;BICICLETA;CAMINHAO;MICROONIBUS;CICLOMOTOR;MOTOCICLETA;TRACAOANIMAL;TREM;LATITUDE;LONGITUDE
308141;25;3;2017;07:00;6752;RUA PRO OTAVIO LOBO;AV SANTOS DUMONT;;0;;Colis?úo Transversal;Luz do Dia;Nublado;Seca;Cruz;Sem?íforo;Comercial;0;0;2;1;0;0;0;0;0;0;0;0;-3,743067700000000;-38,478190000000000
308142;25;3;2017;13:31;3998;RUA SAMUEL UCHOA;RUA ALBERTO MAGNO;;180;;Colis?úo Traseira;Luz do Dia;Bom;Seca;Cruz;Pare;Residencial;0;0;2;1;0;0;0;0;0;0;0;0;-3,756793500000000;-38,542780000000000
308143;25;3;2017;07:20;0;RUA RAIMUNDO GOMES;;;481;;Colis?úo Lateral;Via Iluminada;Bom;Seca;Meio de Quadra;N?úo H?í Controle;Residencial;0;0;1;1;0;0;0;0;0;1;0;0;-3,713668600000000;-38,592674000000000
319067;25;3;2017;22:10;0;AV GODOFREDO MACIEL;;;5600;;Atropelamento;;Bom;Molhada;Meio de Quadra;;;0;2;1;0;0;0;0;0;0;1;0;0;-3,823640619000000;-38,578647584000000
319063;25;3;2017;17:00;0;RD CE-060;;;0;KM-02;Colis?úo;Anoitecer;Bom;Seca;Meio de Quadra;;;0;0;2;1;0;0;0;0;0;1;0;0;-3,834064000000000;-38,582111000000000
319058;25;3;2017;13:20;0;RD CE-040;;;0;KM-09;Colis?úo;Luz do Dia;Bom;Seca;Meio de Quadra;;;0;0;2;1;0;0;0;0;0;0;0;0;-3,834450897000000;-38,482465820000000
320343;25;3;2017;19:38;0;RUA ARTUR DE CARVALHO;;;3619;;Queda;;;;Meio de Quadra;;;0;1;0;0;0;0;0;0;0;1;0;0;;
320352;25;3;2017;21:42;9952;RUA EMILIO DE MENESES;RUA JOSE TORRES;;0;;Colis?úo;;;;Cruz;Pare;Comercial;0;1;0;0;0;0;0;0;0;0;0;0;-3,776425000000000;-38,606283000000000
320355;25;3;2017;23:13;5413;RUA GAL SAMPAIO;RUA METON DE ALENCAR;;0;;Colis?úo;;;;Cruz;Sem?íforo;Comercial;0;1;0;0;0;0;0;0;0;1;0;0;-3,733033000000000;-38,532600000000000
320356;25;3;2017;23:19;0;AV FRANCISCO SA;;;7221;SENAI;Atropelamento;;;;Meio de Quadra;;;0;1;0;0;0;0;0;0;0;0;0;0;-3,707112000000000;-38,584824000000000
320346;25;3;2017;20:16;0;AV DEP PAULINO ROCHA;;;1001;;Colis?úo;;;;Meio de Quadra;;;0;1;0;0;0;0;0;0;0;0;0;0;-3,808089000000000;-38,508524000000000
320347;25;3;2017;20:28;0;AV SANTOS DUMONT;;;5640;;Colis?úo;;;;Meio de Quadra;;;0;1;0;0;0;0;0;0;0;0;0;0;-3,741690000000000;-38,481393000000000
320348;25;3;2017;20:36;23771;RUA COSTA FREIRE;RUA LEAO DO NORTE;;0;;Colis?úo;;;;Cruz;Pare;Rural;0;1;0;0;0;0;0;0;0;1;0;0;-3,783935000000000;-38,577180000000000
320349;25;3;2017;20:41;0;TR STO AMARO UI 208;;;455;;Colis?úo;;;;Meio de Quadra;;;0;1;0;0;0;0;0;0;0;1;0;0;;
320350;25;3;2017;21:31;0;AV GODOFREDO MACIEL;;;0;;Colis?úo;;;;Meio de Quadra;;;0;1;0;0;0;0;0;0;0;1;0;0;;
320339;25;3;2017;18:19;0;AV SGT HERMINIO SAMPAIO;;;4745;;Colis?úo;Anoitecer;;;Meio de Quadra;;;0;1;0;1;0;0;0;0;0;1;0;0;-3,732768522000000;-38,582468019000000
320341;25;3;2017;19:07;0;AV DEP PAULINO ROCHA;;;1001;;Colis?úo;;;;Meio de Quadra;;;0;1;0;0;0;0;0;0;0;0;0;0;-3,808089000000000;-38,508524000000000
320337;25;3;2017;18:07;0;RUA DEMETRIO MENEZES;;;0;;Queda;Anoitecer;;;Meio de Quadra;;;0;2;0;0;0;0;0;0;0;1;0;0;;
320231;25;3;2017;16:44;0;AV DEP PAULINO ROCHA;;;0;;Colis?úo;Luz do Dia;;;Meio de Quadra;;;0;1;0;1;0;0;0;0;0;1;0;0;;
320232;25;3;2017;17:10;0;RUA BERNARDO MANUEL;;;10917;;Queda;Anoitecer;;;Meio de Quadra;;;0;1;0;0;0;0;0;0;0;1;0;0;-3,814460000000000;-38,556209000000000
320212;25;3;2017;08:41;1306;RUA MON BRUNO;RUA TORRES CAMARA;;0;;Colis?úo;Luz do Dia;;;Cruz;Pare;Comercial;0;1;0;1;0;0;0;0;0;1;0;0;-3,734594000000000;-38,510152000000000
320223;25;3;2017;11:27;13454;RUA AQUILES BEVILAQUA;RUA JOAO CORDEIRO;;0;;Colis?úo;Luz do Dia;;;Cruz;Pare;Rural;0;1;0;1;0;0;0;0;0;1;0;0;-3,743610000000000;-38,519042000000000
320224;25;3;2017;11:29;0;RUA CAPRICHO;;;960;;Colis?úo;Luz do Dia;;;Meio de Quadra;;;0;1;0;0;0;0;0;0;0;1;0;0;-3,788569000000000;-38,525490000000000
320225;25;3;2017;11:54;0;RUA EMILIO DE MENESES;;;1000;;Colis?úo;Luz do Dia;;;Meio de Quadra;;;0;1;0;0;0;0;0;0;0;1;0;0;-3,780866000000000;-38,590536000000000
320226;25;3;2017;12:45;0;RD BR 116;;;1700;;Queda;Luz do Dia;;;Meio de Quadra;;;0;1;1;0;0;0;0;0;0;1;0;0;-3,757833900000000;-38,520318600000000
320227;25;3;2017;13:27;0;AV PAROARAS;;;1191;;Colis?úo;Luz do Dia;;;Meio de Quadra;;;0;1;0;0;0;0;0;0;0;0;0;0;-3,814729000000000;-38,534098000000000
320228;25;3;2017;14:04;0;RUA SEN POMPEU;;;2394;;Atropelamento;Luz do Dia;;;Meio de Quadra;;;0;1;0;1;0;0;0;0;0;0;0;0;-3,739569000000000;-38,533458000000000
320205;25;3;2017;01:55;0;RUA PROF GLAUCO LOBO;;;341;;Queda;;;;Meio de Quadra;;;0;1;0;0;0;0;0;0;0;1;0;0;;
320206;25;3;2017;01:56;260;RUA PRO LINO ENCARNACAO;RUA GAL BERNARDO FIGUEIREDO;;0;;Queda;;;;Cruz;Pare;Residencial;0;1;0;1;0;0;0;0;0;1;0;0;-3,741453000000000;-38,560606000000000
320208;25;3;2017;08:08;0;RUA ALVARO DE ANDRADE;;;420;;Colis?úo;Luz do Dia;;;Meio de Quadra;;;0;2;0;0;0;0;0;0;0;0;0;0;-3,773221500000000;-38,591062400000000
320214;25;3;2017;09:01;0;RUA BERNARDO MANUEL;;;0;;Queda;Luz do Dia;;;Meio de Quadra;;;0;1;0;0;0;0;0;0;0;1;0;0;;
320215;25;3;2017;11:04;0;AV JOR THOMAZ COELHO;;;2760;;Colis?úo;Luz do Dia;;;Meio de Quadra;;;0;1;0;0;0;0;0;0;0;1;0;0;-3,828396000000000;-38,519424000000000
320357;26;3;2017;00:52;0;AV DIOGUINHO;;;34;;Colis?úo;;;;Meio de Quadra;;;0;1;0;1;0;0;0;0;0;1;0;0;-3,770734100000000;-38,439741100000000
320725;26;3;2017;21:40;1437;RUA SILVA PAULET;RUA JOAO CARVALHO;;0;;Colis?úo;;;;Cruz;Pare;Escola;0;1;0;1;0;0;0;0;0;1;0;0;-3,737966000000000;-38,506557000000000
320727;26;3;2017;23:17;0;RUA VITAL BRASIL;;;543;;Colis?úo;;;;Meio de Quadra;;;0;1;0;0;0;1;0;0;0;1;0;0;-3,781425000000000;-38,585971000000000
320676;26;3;2017;20:35;0;AV PRO JOSE ARTHUR CARVALHO;;;1510;;Colis?úo;;;;Meio de Quadra;;;0;1;0;0;0;0;0;0;0;0;0;0;-3,826542000000000;-38,465780000000000
320678;26;3;2017;20:45;9612;RUA SGT JOAO PINHEIRO;RUA OSCAR ARARIPE;;0;;Colis?úo;;;;Cruz;Pare;Comercial;0;2;0;0;0;0;0;0;0;1;0;0;-3,783833000000000;-38,623073000000000
320660;26;3;2017;20:34;0;AV PRS CASTELO BRANCO;;;0;;Atropelamento;;;;Meio de Quadra;;;0;1;0;0;0;0;0;0;0;0;0;0;;
320652;26;3;2017;20:25;0;AV PRO JOSE ARTHUR CARVALHO;;;1510;;Colis?úo;;;;Meio de Quadra;;;0;1;0;0;0;0;0;0;0;1;0;0;-3,826542000000000;-38,465780000000000
320553;26;3;2017;10:53;0;RUA LAURA BEZERRA;;;90;;Colis?úo;Luz do Dia;;;Meio de Quadra;;;0;1;0;0;0;0;0;0;1;1;0;0;-3,808905000000000;-38,460792000000000
320547;26;3;2017;18:02;0;AV PRS COSTA E SILVA;;;11;;Atropelamento;Anoitecer;;;Meio de Quadra;;;0;1;0;0;0;0;0;0;0;1;0;0;-3,823422000000000;-38,550548000000000
320540;26;3;2017;16:33;0;AV PRS COSTA E SILVA;;;0;;Colis?úo;Luz do Dia;;;Meio de Quadra;;;0;1;0;1;0;0;0;0;0;1;0;0;;
320538;26;3;2017;16:31;0;RUA XAVIER DA SILVEIRA;;;3109;CIES;Colis?úo;Luz do Dia;;;Meio de Quadra;;;0;1;0;0;0;0;0;0;0;0;0;0;-3,790447800000000;-38,618118500000000
320501;26;3;2017;11:00;0;RUA PIERRE LUZ;;;422;;Queda;Luz do Dia;;;Meio de Quadra;;;0;1;0;0;0;1;0;0;0;0;0;0;-3,721124520000000;-38,588128201000000
320511;26;3;2017;16:10;0;AV PRS COSTA E SILVA;;;0;;Colis?úo;Luz do Dia;;;Meio de Quadra;;;0;1;0;1;0;0;0;0;0;1;0;0;;
320509;26;3;2017;06:03;0;RUA JACINTO MATOS;;;944;;Colis?úo;Luz do Dia;;;Meio de Quadra;;;0;1;0;1;0;0;0;0;0;0;0;0;;
320504;26;3;2017;13:59;0;AV DR SILAS MUNGUBA;;;0;;Queda;Luz do Dia;;;Meio de Quadra;;;0;1;0;0;0;0;0;0;0;1;0;0;;
320505;26;3;2017;15:59;0;RUA EQUADOR;;;0;;Colis?úo;Luz do Dia;;;Meio de Quadra;;;0;1;0;0;0;0;0;0;0;1;0;0;;
320495;26;3;2017;05:18;0;AV CARNEIRO DE MENDONCA;;;0;;Atropelamento;Amanhecer;;;Meio de Quadra;;;0;2;0;1;0;0;0;0;0;0;0;0;;
320498;26;3;2017;09:08;0;AV MAE LISBOA;;;2985;;Queda;Luz do Dia;;;Meio de Quadra;;;0;1;0;0;0;0;0;0;0;1;0;0;-3,805847000000000;-38,452165000000000
308149;26;3;2017;00:41;5413;RUA METON DE ALENCAR;RUA GAL SAMPAIO;;0;FACULDADE DE DIREITO;Colis?úo Transversal;Via Iluminada;Bom;Seca;Cruz;Sem?íforo;Comercial;0;0;2;1;0;0;0;0;0;1;0;0;-3,733163800000000;-38,532630000000000
308150;26;3;2017;07:29;11836;RUA JACINTO MATOS;RUA MON DANTAS;;0;;Colis?úo Transversal;Luz do Dia;Nublado;Seca;Cruz;Pare;Residencial;0;0;2;1;0;0;0;0;0;0;0;0;-3,719669800000000;-38,546772000000000
308151;26;3;2017;13:44;1338;AV BAR STUDART;RUA TORRES CAMARA;;0;;Colis?úo Transversal;Luz do Dia;Chuva;Molhada;Cruz;Sem?íforo;Comercial;0;0;2;1;0;0;0;0;0;0;0;0;-3,735677500000000;-38,506737000000000
308153;26;3;2017;18:13;9011;RUA MAJ FACUNDO;RUA FLORIANO PEIXOTO;;0;;Colis?úo Lateral;Via Iluminada;Bom;Seca;Y;Pare;Residencial;0;0;1;1;0;0;0;0;0;1;0;0;-3,734870200000000;-38,530224000000000
308167;26;3;2017;13:58;0;RUA 1 CJ PEQ MONDUBIM;RUA FRANCISCO BENTO;;1;;Colis?úo Frontal;Via Iluminada;Chuva;Molhada;T;N?úo H?í Controle;Comercial;0;0;1;1;0;0;0;0;0;0;0;0;-3,812102300000000;-38,577446000000000
305278;26;3;2017;20:00;9216;RUA MARIO MAMEDE;RUA NAPOLEAO LAUREANO;;0;;Colis?úo Transversal;Via Iluminada;Nublado;Seca;Cruz;Pare;Residencial;0;1;1;1;0;0;0;0;0;0;0;0;-3,750799000000000;-38,529662000000000
305279;26;3;2017;18:40;25036;RUA EDUARDO BEZERRA;RUA CAP MELO;;0;;Colis?úo Lateral;Via Iluminada;Bom;Seca;Cruz;Sem?íforo;Residencial;0;2;0;1;0;0;0;0;0;0;0;0;-3,753803000000000;-38,513607000000000
305288;26;3;2017;00:15;9952;RUA EMILIO DE MENESES;RUA JOSE TORRES;;0;;Colis?úo;Via Iluminada;Bom;Seca;Cruz;Sem?íforo;Comercial;0;2;0;0;0;0;0;0;0;1;0;0;-3,776425000000000;-38,606283000000000
305289;26;3;2017;05:40;5709;AV OLIVEIRA PAIVA;AV DES GONZAGA;;0;;Colis?úo Traseira;Luz do Dia;Nublado;Molhada;Cruz;Sem?íforo;Residencial;0;2;0;1;1;0;0;0;0;0;0;0;-3,797165000000000;-38,499953000000000
305275;26;3;2017;08:10;0;RUA WALDIR DIOGO;;;717;;Colis?úo Traseira;Luz do Dia;Bom;Seca;Meio de Quadra;N?úo H?í Controle;Comercial;0;2;0;1;0;0;0;1;0;0;0;0;-3,804964000000000;-38,584446000000000
305276;26;3;2017;18:40;21359;RUA PRO RAIMUNDO ARRUDA;RUA DOM MANUEL DE MEDEIROS;;0;;Colis?úo Transversal;Via Iluminada;;;Cruz;Pare;Residencial;0;2;0;1;0;0;0;0;0;0;0;0;-3,736517000000000;-38,551479000000000
295763;26;3;2017;19:40;7130;AV DR THEBERGE;RUA NOSSA SRA DAS GRACAS;;0;;Atropelamento;;;;Cruz;N?úo H?í Controle;Residencial;1;1;0;0;0;0;0;0;0;1;0;0;-3,707420000000000;-38,562576000000000
305297;26;3;2017;06:00;5077;AV ALBERTO NEPOMUCENO;AV PRS CASTELO BRANCO;;0;;Colis?úo Lateral;Luz do Dia;Bom;Seca;T;Pare;Comercial;0;2;0;1;0;0;0;0;0;0;0;0;-3,722425000000000;-38,523857000000000
305291;26;3;2017;18:30;0;RUA PDE PEDRO DE ALENCAR;;;1720;;Colis?úo Traseira;Via Iluminada;Bom;Seca;Meio de Quadra;;Residencial;0;2;0;0;0;0;0;0;0;0;0;0;-3,843212000000000;-38,494351000000000
305292;26;3;2017;07:45;0;RUA PIN ANTONIO BANDEIRA;;;0;;Colis?úo Transversal;Luz do Dia;;;Meio de Quadra;;;0;2;0;1;1;0;0;0;0;0;0;0;;
305293;26;3;2017;05:30;17412;RUA ALBERTO MAGNO;RUA BAR SOBRAL;;0;;Colis?úo Transversal;Luz do Dia;Bom;Seca;Cruz;Sem?íforo;Comercial;0;2;0;1;0;0;1;0;0;0;0;0;-3,767991000000000;-38,552417000000000
305283;26;3;2017;18:30;0;AV DOS EXPEDICIONARIOS;;;4444;EXTRA;Colis?úo Transversal;Via Iluminada;Bom;Seca;Meio de Quadra;Pare;Comercial;0;1;0;1;0;0;0;0;0;0;0;0;-3,755562000000000;-38,538335000000000
305284;26;3;2017;01:10;0;AV DR SILAS MUNGUBA;;;3035;;Colis?úo Traseira;Via Iluminada;Bom;Seca;Meio de Quadra;N?úo H?í Controle;Comercial;0;2;0;1;0;0;0;0;0;0;0;0;-3,788302000000000;-38,546252000000000
325570;26;3;2017;21:20;0;RD BR 020;;;0;KM 429;Colis?úo Lateral;;;Seca;Meio de Quadra;;;0;0;2;0;0;0;0;0;0;0;0;0;;
297826;26;3;2017;03:20;0;AV DUQ CAXIAS;;;1700;DNOCS;Choque c/ Obst?ículo Fixo;;;;Meio de Quadra;;;1;0;0;0;0;0;0;0;0;1;0;0;-3,728676000000000;-38,539517000000000
325571;27;3;2017;13:30;0;RD BR 020;;;700;KM 426;Colis?úo Traseira;Luz do Dia;;Seca;Meio de Quadra;;;0;2;2;0;0;0;1;0;0;0;0;0;;
305299;27;3;2017;00:00;0;RUA JOSE CARVALHO;;;0;;Colis?úo Lateral;Via Iluminada;Bom;Seca;Cruz;Pare;Comercial;0;2;0;1;0;0;0;0;0;1;0;0;;
305300;27;3;2017;14:50;7926;AV ANTONIO SALES;RUA BARBOSA DE FREITAS;;0;;Outros;Luz do Dia;Bom;Seca;Cruz;Sem?íforo;Comercial;0;3;0;1;0;0;0;0;0;1;0;0;-3,746051000000000;-38,500407000000000
305301;27;3;2017;19:20;24991;AV GAL OSORIO DE PAIVA;RUA ABEL RIBEIRO;;0;;Colis?úo Transversal;Anoitecer;Bom;Seca;Cruz;Pare;Comercial;0;2;0;1;0;0;0;0;0;1;0;0;-3,781799000000000;-38,576252000000000
305335;27;3;2017;13:43;0;AV FRANCISCO SA;;;1644;;Colis?úo Traseira;Luz do Dia;Bom;Seca;Meio de Quadra;;Comercial;0;2;0;1;0;0;0;0;0;0;0;0;-3,717072000000000;-38,557496900000000
305337;27;3;2017;10:45;0;AV PDE ANTONIO TOMAS;;;630;;Colis?úo Traseira;Luz do Dia;Chuva;Molhada;Meio de Quadra;Sem?íforo;Residencial;0;2;0;1;0;0;0;0;0;0;0;0;-3,740679000000000;-38,498060000000000
305327;27;3;2017;11:37;5490;AV DOM MANUEL;RUA PDE VALDEVINO;;0;;Colis?úo Lateral;Luz do Dia;Nublado;Molhada;Cruz;Sem?íforo;Residencial;0;2;0;1;1;0;0;0;0;0;0;0;-3,736873000000000;-38,523967000000000
305328;27;3;2017;12:45;0;AV PRS CASTELO BRANCO;;;0;;Colis?úo;Luz do Dia;Nublado;Molhada;Meio de Quadra;Sem?íforo;Comercial;0;2;0;1;0;0;0;0;0;1;0;0;;
305329;27;3;2017;09:31;0;AV SGT HERMINIO SAMPAIO;;;715;;Outros;Luz do Dia;Nublado;Seca;Meio de Quadra;;Comercial;0;1;1;1;0;0;0;0;0;1;0;0;-3,724593000000000;-38,547127000000000
305322;27;3;2017;14:30;0;RUA SAO TOMAZ DE AQUINO;;;58;;Colis?úo Transversal;Luz do Dia;Bom;Seca;Meio de Quadra;Sem?íforo;Residencial;0;3;0;1;0;0;0;0;0;0;0;0;;
308168;27;3;2017;18:00;14640;RUA GAL CASTELO BRANCO (CID. FUNCIONARIOS);RUA FERNANDO BENEVIDES;;0;;Colis?úo Traseira;Via Iluminada;Nublado;Seca;T;Pare;Escola;0;0;2;1;0;0;0;0;0;0;0;0;-3,792715000000000;-38,491756000000000
308169;27;3;2017;19:33;0;AV CENTRAL CJ CEARA;;;1;;Colis?úo Lateral;Via Iluminada;Bom;Seca;Meio de Quadra;N?úo H?í Controle;Comercial;0;1;1;1;0;0;0;0;0;1;0;0;-3,770546400000000;-38,599792000000000
308170;27;3;2017;21:26;0;AV JOVITA FEITOSA;;;450;;Colis?úo Lateral;Via Iluminada;Nublado;Seca;Outros;Pare;Comercial;0;0;2;1;1;0;0;0;0;0;0;0;-3,738061700000000;-38,547695000000000
308171;27;3;2017;21:20;5383;AV DUQ CAXIAS;RUA MAJ FACUNDO;;540;;Colis?úo Transversal;Via Iluminada;Bom;Molhada;Cruz;Sem?íforo;Escola;0;2;0;0;0;1;0;0;0;1;0;0;-3,731853200000000;-38,529396000000000
308154;27;3;2017;06:40;0;AV GAL MURILO BORGES;;;250;;Atropelamento;Luz do Dia;Bom;Seca;Meio de Quadra;N?úo H?í Controle;Comercial;0;1;1;0;0;0;1;0;0;0;0;0;-3,764337500000000;-38,505596000000000
308155;27;3;2017;07:27;0;RUA CON DE CASTRO;;;5488;;Choque c/ Obst?ículo Fixo;Luz do Dia;Bom;Seca;Duplo T;Pare;Comercial;0;0;0;0;0;0;0;0;0;0;0;0;-3,811117000000000;-38,597008000000000
308156;27;3;2017;06:25;0;AV DA UNIVERSIDADE;;;2683;;Colis?úo Traseira;Luz do Dia;Bom;Seca;Meio de Quadra;N?úo H?í Controle;Comercial;0;0;2;0;1;0;0;0;0;0;0;0;-3,739775200000000;-38,537975000000000
308157;27;3;2017;07:58;0;AV VIS RIO BRANCO;;;2125;;Colis?úo Traseira;Luz do Dia;Nublado;Seca;Meio de Quadra;Sem?íforo;Comercial;0;0;1;1;0;0;0;0;0;0;0;0;-3,739504300000000;-38,523457000000000
308158;27;3;2017;08:30;0;AV PRS COSTA E SILVA;;;521;;Colis?úo Traseira;Luz do Dia;Nublado;Molhada;Meio de Quadra;Sem?íforo;Residencial;0;0;2;1;0;0;0;0;0;1;0;0;-3,822081800000000;-38,555046000000000
308159;27;3;2017;09:30;0;RUA BARBOSA DE FREITAS;;;0;SHOPPING CENTER UM;Colis?úo Transversal;Luz do Dia;Chuva;Molhada;Meio de Quadra;N?úo H?í Controle;Comercial;0;0;2;1;0;0;0;0;0;0;0;0;-3,736673600000000;-38,497390000000000
308160;27;3;2017;13:11;0;AV CARAPINIMA;;;2306;;Colis?úo Lateral;Luz do Dia;Bom;Seca;Meio de Quadra;N?úo H?í Controle;Comercial;0;0;2;1;0;0;0;0;0;0;0;0;-3,740556500000000;-38,540787000000000
308162;27;3;2017;13:34;0;RUA BERNARDO MANUEL;;;10394;;Atropelamento;Luz do Dia;Bom;Seca;Meio de Quadra;Sem?íforo;Comercial;0;1;1;1;0;0;0;0;0;0;0;0;-3,810410500000000;-38,555050000000000
308163;27;3;2017;13:59;12871;RUA JOAQUIM MAGALHAES;RUA BAR ARATANHA;;0;;Colis?úo Transversal;Luz do Dia;Bom;Seca;Cruz;Pare;Residencial;0;0;2;1;0;0;0;0;0;0;0;0;-3,739789000000000;-38,528625000000000
308164;27;3;2017;14:00;0;AV 13 DE MAIO;;;0;REITORIA;Colis?úo Traseira;Luz do Dia;Bom;Seca;Meio de Quadra;N?úo H?í Controle;Escola;0;0;2;1;1;0;0;0;0;0;0;0;-3,741274400000000;-38,538754000000000
308178;27;3;2017;11:15;0;RUA JORGE DUMAR;;;2067;;Atropelamento;Luz do Dia;Chuva;Molhada;Meio de Quadra;N?úo H?í Controle;Residencial;0;1;1;1;0;0;0;0;0;0;0;0;-3,753852100000000;-38,539692000000000
308166;27;3;2017;15:13;0;AV PRS CASTELO BRANCO;;;2800;;Engavetamento;Luz do Dia;Bom;Seca;Meio de Quadra;N?úo H?í Controle;Comercial;0;0;3;1;0;0;0;0;0;0;0;0;-3,712500600000000;-38,552692000000000
308152;27;3;2017;18:43;0;AV DES MOREIRA;;;2649;;Colis?úo Lateral;Anoitecer;Bom;Seca;Meio de Quadra;N?úo H?í Controle;Comercial;0;0;1;1;0;0;0;0;0;0;0;0;-3,748801500000000;-38,502205000000000
320463;27;3;2017;00:52;0;RUA JULIO VERNE;;;260;;Colis?úo;;;;Meio de Quadra;;;0;1;0;0;0;0;0;0;0;0;0;0;;
320899;27;3;2017;19:33;0;AV GAL OSORIO DE PAIVA;;;500;;Colis?úo;;;;Meio de Quadra;;;0;2;0;0;0;0;0;0;0;0;0;0;;
320901;27;3;2017;20:34;0;RUA PROF GLAUCO LOBO;;;341;;Queda;;;;Meio de Quadra;;;0;1;0;0;0;0;0;0;0;1;0;0;-3,805373163000000;-38,582373882000000
320904;27;3;2017;20:50;0;AV GAL OSORIO DE PAIVA;;;1127;;Atropelamento;;;;Meio de Quadra;;;0;1;0;0;0;0;0;0;0;0;0;0;-3,779151000000000;-38,572090000000000
320889;27;3;2017;14:50;0;AV OLIVEIRA PAIVA;;;1520;;Colis?úo;Luz do Dia;;;Meio de Quadra;;;0;1;0;0;0;0;0;0;0;1;0;0;-3,795658000000000;-38,492741000000000
320890;27;3;2017;14:55;0;RUA COS ARAUJO LIMA;;;950;;Colis?úo;Luz do Dia;;;Meio de Quadra;;;0;1;0;1;0;0;0;0;0;1;0;0;-3,752138000000000;-38,586141000000000
320892;27;3;2017;15:43;0;AV SGT HERMINIO SAMPAIO;;;1713;;Atropelamento;Luz do Dia;;;Meio de Quadra;;;0;1;0;1;0;0;0;0;0;1;0;0;-3,725590000000000;-38,556218000000000
320893;27;3;2017;18:00;0;RUA FRANCISCO DOMINGOS;;;530;;Colis?úo;Anoitecer;;;Meio de Quadra;;;0;1;0;1;0;0;0;0;0;1;0;0;-3,779677000000000;-38,583946000000000
320831;27;3;2017;12:51;0;RUA PEREIRA DE MIRANDA;;;512;;Queda;Luz do Dia;;;Meio de Quadra;;;0;1;0;0;0;0;0;0;0;1;0;0;-3,739727000000000;-38,482065000000000
320758;27;3;2017;12:51;0;AV MON TABOSA;;;0;;Colis?úo;Luz do Dia;;;Meio de Quadra;;;0;1;0;0;0;0;0;0;0;1;0;0;;
320752;27;3;2017;07:08;0;AV GAL MURILO BORGES;;;0;;Colis?úo;Luz do Dia;;;Meio de Quadra;;;0;1;0;0;0;0;0;0;0;0;0;0;;
320753;27;3;2017;07:44;0;RUA CON DE CASTRO;;;7256;;Colis?úo;Luz do Dia;;;Meio de Quadra;;;0;1;0;0;0;0;0;0;0;1;0;0;-3,817500000000000;-38,600941000000000
320754;27;3;2017;08:54;0;RUA 15 DE NOVEMBRO;;;600;;Colis?úo;Luz do Dia;;;Meio de Quadra;;;0;1;0;1;0;0;0;0;0;1;0;0;-3,769303000000000;-38,554935000000000
320755;27;3;2017;10:56;17435;RUA PRO TEODORICO;RUA ALBERTO MAGNO;;0;;Queda;Luz do Dia;;;Cruz;Pare;Residencial;0;1;0;0;0;0;0;1;1;0;0;0;-3,768977000000000;-38,552834000000000
320756;27;3;2017;12:22;25084;RUA BERNARDO MANUEL;AV BENJAMIM BRASIL;;0;;Atropelamento;Luz do Dia;;;T;Sem?íforo;Comercial;0;1;0;1;0;0;0;0;0;0;0;0;-3,810060000000000;-38,554874000000000
319069;27;3;2017;06:31;0;AV SEN CARLOS JEREISSATI (AEROPORTO);;;0;KM 03;Colis?úo;Luz do Dia;Bom;Seca;Meio de Quadra;;;0;0;2;1;0;0;0;0;0;0;0;0;-3,779641000000000;-38,544038000000000
319076;28;3;2017;08:20;0;RD CE-025;;;0;KM-01;Colis?úo;Luz do Dia;Bom;Seca;Meio de Quadra;;;0;0;2;1;0;0;0;0;0;0;0;0;-3,807811443000000;-38,470048600000000
319085;28;3;2017;11:00;0;RD CE-040;;;0;KM-05;Colis?úo;Luz do Dia;Bom;Seca;Meio de Quadra;;;0;0;2;1;0;0;0;0;0;0;0;0;-3,800595823000000;-38,479534630000000
319086;28;3;2017;17:50;0;RD CE-060;;;0;KM-02;Colis?úo;Anoitecer;Bom;Seca;Meio de Quadra;;;0;0;2;1;0;1;0;0;0;0;0;0;-3,834064000000000;-38,582111000000000
320973;28;3;2017;11:26;0;AV CARNEIRO DE MENDONCA;;;2316;;Queda;Luz do Dia;;;Meio de Quadra;;;0;1;0;0;0;1;0;0;0;0;0;0;-3,758088000000000;-38,578599000000000
320970;28;3;2017;08:54;0;AV PRS CASTELO BRANCO;;;3100;;Colis?úo;Luz do Dia;;;Meio de Quadra;;;0;1;0;0;0;0;0;0;0;1;0;0;-3,711624000000000;-38,557253000000000
320966;28;3;2017;07:08;0;RUA SALVADOR CORREIA SA;;;990;;Colis?úo;Luz do Dia;;;Meio de Quadra;;;0;1;0;0;0;0;0;0;0;1;0;0;-3,797357797000000;-38,474655762000000
320967;28;3;2017;07:59;0;AV SEN CARLOS JEREISSATI (AEROPORTO);;;0;;Colis?úo;Luz do Dia;;;Meio de Quadra;;;0;1;0;1;0;0;0;0;0;1;0;0;;
320968;28;3;2017;08:29;0;RUA VALPARAISO;;;0;;Queda;Luz do Dia;;;Meio de Quadra;;;0;1;0;0;0;0;0;0;0;1;0;0;;
321002;28;3;2017;17:22;0;RUA CRUZEIRO DO SUL;;;300;;Colis?úo;Anoitecer;;;Meio de Quadra;;;0;1;0;0;0;0;0;0;0;0;0;0;;