COD_ACIDENTE;DIA;MES;ANO;HORA;INTERSECAO;LOG1;LOG2;LOG3;NUMERO;REFERENCIA;NATUREZA;ILUMINACAO;TEMPO;SUPERFICIEPISTA;TIPOCRUZAMENTO;CONTROLETRAFEGO;USOSOLO;MORTOS;FERIDOS;ILESOS;AUTOMOVEL;ONIBUS;BICICLETA;CAMINHAO;MICROONIBUS;CICLOMOTOR;MOTOCICLETA;TRACAOANIMAL;TREM;LATITUDE;LONGITUDE
320999;28;3;2017;15:12;0;AV EDUARDO GIRAO;;;81;;Queda;Luz do Dia;;;Meio de Quadra;;;0;1;0;0;0;0;0;0;0;1;0;0;-3,750681000000000;-38,536903000000000
321000;28;3;2017;17:21;0;RUA PROF GLAUCO LOBO;;;0;;Queda;Anoitecer;;;Meio de Quadra;;;0;1;0;0;0;0;0;0;0;0;0;0;;
320985;28;3;2017;11:41;0;AV OLIVEIRA PAIVA;;;0;;Colis?úo;Luz do Dia;;;Meio de Quadra;;;0;1;0;1;0;0;0;0;0;1;0;0;;
320986;28;3;2017;12:14;0;RUA JOSE MARTINS;;;1588;;Colis?úo;Luz do Dia;;;Meio de Quadra;;;0;1;0;1;0;0;0;0;0;1;0;0;-3,787487500000000;-38,605734000000000
323204;28;3;2017;17:30;2573;AV FRANCISCO SA;RUA GRACA ARANHA;;0;;Colis?úo;Anoitecer;;;Cruz;Pare;Residencial;0;1;0;1;0;0;0;0;0;1;0;0;-3,711611000000000;-38,574359000000000
323207;28;3;2017;17:56;0;RUA ANTONIO POMPEU;;;0;;Colis?úo;Anoitecer;;;Meio de Quadra;;;0;1;0;1;0;0;0;0;0;1;0;0;;
323211;28;3;2017;17:58;0;RUA CARNAUBAL;;;515;;Queda;Anoitecer;;;Meio de Quadra;;;0;1;0;0;0;1;0;0;0;0;0;0;-3,722544000000000;-38,582921000000000
323241;28;3;2017;18:13;0;AV PRS COSTA E SILVA;;;111;;Queda;Anoitecer;;;Meio de Quadra;;;0;1;0;0;0;0;0;0;0;1;0;0;-3,828095582000000;-38,532984392000000
323242;28;3;2017;18:55;0;AV DIOGUINHO;;;0;;Colis?úo;;;;Meio de Quadra;;;0;1;0;0;0;0;0;0;0;0;0;0;;
308179;28;3;2017;10:29;5436;RUA JAIME BENEVOLO;RUA GAL CLARINDO DE QUEIROZ;;0;;Colis?úo Lateral;Luz do Dia;Bom;Seca;Cruz;Pare;Comercial;0;0;2;1;0;0;0;0;0;1;0;0;-3,734066000000000;-38,526012000000000
308180;28;3;2017;09:00;0;AV SGT HERMINIO SAMPAIO;;;691;;Colis?úo Traseira;Luz do Dia;Bom;Seca;Meio de Quadra;Sem?íforo;Comercial;0;0;2;1;0;0;0;0;0;0;0;0;-3,724937200000000;-38,546990000000000
308181;28;3;2017;10:54;0;AV ALM HENRIQUE SABOIA;;;3485;;Colis?úo Lateral;Luz do Dia;Bom;Seca;T;Sem?íforo;Comercial;0;0;2;1;1;0;0;0;0;0;0;0;-3,740301100000000;-38,487170000000000
308182;28;3;2017;08:20;1307;AV SANTOS DUMONT;RUA NUNES VALENTE;;0;;Colis?úo Traseira;Luz do Dia;Bom;Seca;Cruz;Sem?íforo;Comercial;0;0;2;1;0;0;0;0;0;0;0;0;-3,734776700000000;-38,503277000000000
308183;28;3;2017;13:00;19651;AV GAL OSORIO DE PAIVA;RUA AFRANIO PEIXOTO;;0;;Colis?úo Transversal;Luz do Dia;Bom;Seca;T;Sem?íforo;Comercial;0;0;2;0;0;0;0;0;0;1;0;0;-3,780171200000000;-38,573540000000000
308204;28;3;2017;19:00;15227;AV ABOLICAO;AV DES MOREIRA;;2722;;Colis?úo Transversal;Via Iluminada;Bom;Seca;Cruz;Sem?íforo;Lazer;0;0;2;1;1;0;0;0;0;0;0;0;-3,727460600000000;-38,495384000000000
308172;28;3;2017;06:58;9148;RUA GUILHERME MOREIRA;RUA DOM SEBASTIAO LEME;;0;;Colis?úo Transversal;Luz do Dia;Nublado;Molhada;Cruz;Pare;Residencial;0;0;1;1;0;0;0;0;0;0;0;0;-3,750147600000000;-38,525436000000000
308173;28;3;2017;07:54;19952;AV LUCIANO CARNEIRO;RUA FRANCISCO LORDA;;0;;Colis?úo Traseira;Luz do Dia;Nublado;Molhada;T;Sem?íforo;Comercial;0;0;2;1;0;0;0;0;0;0;0;0;-3,760906000000000;-38,535385000000000
308174;28;3;2017;08:02;25125;RUA ROCHA LIMA;RUA DNA LEOPOLDINA;;1;;Colis?úo Lateral;Luz do Dia;Nublado;Molhada;Cruz;Pare;Residencial;0;0;2;1;0;0;0;0;0;0;0;0;-3,736659000000000;-38,521324000000000
308175;28;3;2017;07:40;0;AV DEP PAULINO ROCHA;;;2244;;Colis?úo Traseira;Luz do Dia;Bom;Seca;Meio de Quadra;N?úo H?í Controle;Comercial;0;0;3;1;0;0;0;0;0;0;0;0;-3,810545700000000;-38,517426000000000
308176;28;3;2017;07:30;0;AV ENG HUMBERTO MONTE;;;437;;Colis?úo Traseira;Luz do Dia;Bom;Seca;Meio de Quadra;N?úo H?í Controle;Comercial;0;0;3;1;0;0;0;0;0;0;0;0;-3,754077700000000;-38,556347000000000
308177;28;3;2017;10:00;0;AV DOMINGOS OLIMPIO;RUA SOLON PINHEIRO;;519;;Colis?úo Traseira;Luz do Dia;Nublado;Seca;;;;0;1;0;1;0;0;0;0;0;1;0;0;-3,737611300000000;-38,528450000000000
308185;28;3;2017;19:20;0;AV GAL OSORIO DE PAIVA;;;3446;;Colis?úo Lateral;Mal Iluminada;Bom;Seca;Meio de Quadra;Sem?íforo;Comercial;0;0;2;1;1;0;0;0;0;0;0;0;-3,791136700000000;-38,588966000000000
308186;28;3;2017;19:08;0;AV SANTOS DUMONT;;;5140;;Colis?úo Transversal;Via Iluminada;Bom;Seca;Outros;Pare;Comercial;0;0;2;1;1;0;0;0;0;0;0;0;-3,740461800000000;-38,485683000000000
308187;28;3;2017;21:24;0;RUA TEN BENEVOLO;;;1055;;Colis?úo Traseira;Via Iluminada;Bom;Seca;Meio de Quadra;N?úo H?í Controle;Comercial;0;0;2;1;0;0;0;0;0;0;0;0;-3,727050300000000;-38,511818000000000
323281;28;3;2017;19:05;0;AV ROGACIANO LEITE;;;2254;;Atropelamento;;;;Meio de Quadra;;;0;1;0;1;0;0;0;0;0;0;0;0;-3,775103000000000;-38,499965000000000
323284;28;3;2017;23:14;0;RUA ALBERTO MAGNO;;;1001;;Colis?úo;;;;Meio de Quadra;;;0;1;0;1;0;0;0;0;0;0;0;0;-3,763256000000000;-38,548545000000000
323288;28;3;2017;23:59;0;AV 13 DE MAIO;;;0;;Queda;;;;Meio de Quadra;;;0;1;0;0;0;1;0;0;0;0;0;0;;
305341;28;3;2017;19:00;0;RUA LEONARDO MOTA;;;860;;Colis?úo Traseira;Via Iluminada;Bom;Seca;Meio de Quadra;Sem?íforo;Comercial;0;2;0;1;0;0;0;0;0;0;0;0;-3,734082378000000;-38,495500804000000
305342;28;3;2017;13:20;5163;RUA AGAPITO DOS SANTOS;RUA LIBERATO BARROSO;;0;;Colis?úo Traseira;Luz do Dia;Bom;Seca;Cruz;Pare;Residencial;0;2;0;1;0;0;0;0;0;0;0;0;-3,725165000000000;-38,538561000000000
305344;28;3;2017;14:04;0;AV DR SILAS MUNGUBA;;;4392;;Colis?úo Frontal;Luz do Dia;Bom;Seca;Meio de Quadra;N?úo H?í Controle;Residencial;0;2;0;1;0;0;0;0;0;1;0;0;-3,792890000000000;-38,535227000000000
305349;28;3;2017;16:05;22078;RUA CAP FRANCISCO PEDRO;RUA ANTONIO MARTINS;;0;;Colis?úo Lateral;;Bom;Seca;Cruz;N?úo H?í Controle;Residencial;0;2;0;1;0;0;0;0;0;0;0;0;-3,753310000000000;-38,554479000000000
305350;28;3;2017;14:30;0;AV 13 DE MAIO;;;1025;;Engavetamento;Luz do Dia;Bom;Seca;Meio de Quadra;Cancela Danificada;Comercial;0;3;0;1;0;0;0;0;0;0;0;0;-3,750109000000000;-38,528411000000000
305382;28;3;2017;22:50;17288;RUA ALBERTO MAGNO;RUA EDUARDO ANGELIM;;0;;Colis?úo Lateral;Via Iluminada;Bom;Seca;Cruz;Pare;Comercial;0;2;0;1;0;0;0;0;0;0;0;0;-3,763194000000000;-38,548491000000000
305384;28;3;2017;08:40;1332;AV DOM LUIS;RUA CEL LINHARES;;0;;Colis?úo Traseira;Luz do Dia;Bom;Seca;;Outros;Comercial;0;2;0;1;0;0;1;0;0;0;0;0;-3,734513000000000;-38,493503000000000
305385;28;3;2017;16:20;1656;RUA BENI DE CARVALHO;RUA PRO DIAS DA ROCHA;;0;;Colis?úo Lateral;Luz do Dia;Bom;Seca;Cruz;Pare;Residencial;0;1;1;1;0;0;0;0;0;0;0;0;-3,745994000000000;-38,495024000000000
305386;28;3;2017;09:15;9127;AV 13 DE MAIO;RUA ASSUNCAO;;0;;Colis?úo Lateral;Luz do Dia;Nublado;Seca;T;Pare;Comercial;0;2;0;1;1;0;0;0;0;0;0;0;-3,746449000000000;-38,532687000000000
305354;28;3;2017;12:00;1488;RUA CARLOS VASCONCELOS;RUA ROCHA LIMA;;0;;Colis?úo Lateral;Luz do Dia;Bom;Seca;Cruz;N?úo H?í Controle;Residencial;0;2;0;1;0;0;0;0;0;0;0;0;-3,739419000000000;-38,512902000000000
305369;28;3;2017;06:20;25643;RUA CON DE CASTRO;RUA TULIPA NEGRA;;0;;Atropelamento;Luz do Dia;;;T;N?úo H?í Controle;Residencial;0;2;0;0;0;0;0;0;0;1;0;0;-3,817310000000000;-38,600788000000000
305372;28;3;2017;07:00;5313;RUA PEDRO I;RUA VINTE E QUATRO DE MAIO;;0;;Colis?úo Lateral;Luz do Dia;Bom;Molhada;Cruz;Pare;Comercial;0;1;1;1;1;0;0;0;0;0;0;0;-3,729830000000000;-38,532952000000000
305376;28;3;2017;10:30;12826;AV DOS EXPEDICIONARIOS;RUA ANDRE CHAVES;;0;;Colis?úo Frontal;Luz do Dia;Bom;Seca;Cruz;Sem?íforo;Residencial;0;2;0;1;0;0;0;0;0;0;0;0;-3,757345000000000;-38,538903000000000
305379;28;3;2017;20:30;23791;RUA RAIMUNDO NERY;RUA COSTA FREIRE;;0;;Colis?úo Lateral;Via Iluminada;Bom;Seca;Cruz;Pare;Residencial;0;2;0;1;0;0;0;0;0;0;0;0;-3,794144000000000;-38,586423000000000
305352;29;3;2017;10:43;19366;AV DR SILAS MUNGUBA;RUA GERMANO FRANCK;;0;;Colis?úo Traseira;Luz do Dia;;;Cruz;Sem?íforo;Comercial;0;0;2;1;0;0;1;0;0;0;0;0;-3,777251000000000;-38,562004000000000
305340;29;3;2017;08:19;11030;RUA 15 DE NOVEMBRO;RUA CESAR ROSSAS;;0;;Colis?úo Traseira;Luz do Dia;;;Outros;Sem?íforo;Comercial;0;0;2;1;0;0;0;0;0;0;0;0;-3,769241000000000;-38,555011000000000
305343;29;3;2017;00:02;5695;RUA CHICO LEMOS;RUA MARGARIDA DE QUEIROZ;;0;;Colis?úo Lateral;;;;Cruz;Pare;Residencial;0;1;1;0;1;0;0;0;0;1;0;0;-3,791881000000000;-38,498869000000000
305347;29;3;2017;08:20;0;RUA ALAN KARDEC;;;806;;Colis?úo Traseira;Luz do Dia;;;Meio de Quadra;;;0;0;2;1;0;0;0;0;0;0;0;0;-3,764683000000000;-38,550075000000000
305348;29;3;2017;12:20;0;RUA ALBERTO MAGNO;;;134;;Colis?úo Traseira;Luz do Dia;;;Meio de Quadra;;;0;0;2;1;0;0;0;1;0;0;0;0;-3,757182000000000;-38,543239000000000
305323;29;3;2017;16:30;1485;RUA PDE VALDEVINO;RUA ANTONIO AUGUSTO;;0;;Colis?úo Transversal;Luz do Dia;;;Cruz;Pare;Comercial;0;0;2;1;0;0;0;0;0;0;0;0;-3,739239000000000;-38,516489000000000
305324;29;3;2017;18:00;24915;AV DA INDEPENDENCIA;RUA ANTONIO ARRUDA;;0;;Colis?úo Transversal;Anoitecer;;;T;Pare;Misto;0;1;1;1;0;0;0;0;0;1;0;0;-3,725549000000000;-38,595586000000000
305338;29;3;2017;13:00;0;RUA JOAO ARARIPE;;;362;;Colis?úo Traseira;Luz do Dia;;;Meio de Quadra;;;0;0;2;1;0;0;0;0;0;0;0;0;-3,761389000000000;-38,533307000000000
305336;29;3;2017;10:30;0;RUA LEONEL CHAVES;;;230;;Colis?úo Lateral;Luz do Dia;;;Meio de Quadra;;;0;0;2;1;0;0;0;0;0;0;0;0;-3,773536000000000;-38,569045000000000
305326;29;3;2017;10:00;9169;AV LUCIANO CARNEIRO;RUA DR ALFREDO WEYNE D14;;0;;Colis?úo Traseira;Luz do Dia;;;T;Pare;Comercial;0;0;3;1;0;0;0;0;0;0;0;0;-3,754682000000000;-38,533556000000000
305332;29;3;2017;;21378;AV JOVITA FEITOSA;RUA PRO JOSE DE BARCELOS;;0;;Choque c/ Obst?ículo Fixo;;;;Cruz;Sem?íforo;Comercial;0;0;1;0;0;0;0;0;0;0;0;0;-3,738516000000000;-38,549933000000000
305305;29;3;2017;15:40;22296;RUA PDE ANCHIETA;RUA SOARES BULCAO;;0;;Colis?úo Transversal;Luz do Dia;;;Cruz;Pare;Residencial;0;0;2;1;0;0;0;0;0;0;0;0;-3,731832000000000;-38,552133000000000
305295;29;3;2017;19:10;1519;RUA PDE VALDEVINO;RUA CARLOS VASCONCELOS;;0;;Colis?úo Frontal;Anoitecer;Bom;Seca;Cruz;Sem?íforo Intermitente;Comercial;0;2;0;0;0;0;0;0;0;1;0;0;-3,740277000000000;-38,513190000000000
305310;29;3;2017;19:51;15360;AV DOM LUIS;AV DES MOREIRA;;0;;Colis?úo Lateral;;;;Rotat??ria;Sem?íforo;Comercial;0;0;2;1;0;0;0;0;0;0;0;0;-3,733239000000000;-38,497383000000000
305308;29;3;2017;19:00;0;AV CHANC EDSON QUEIROZ;;;0;;Colis?úo;;;;Meio de Quadra;;;0;0;2;1;0;0;0;0;0;1;0;0;;
295771;29;3;2017;20:35;4021;RUA DES PRAXEDES;AV PRO GOMES DE MATOS;;0;;Colis?úo Transversal;;;;Cruz;Sem?íforo;Comercial;1;1;0;1;0;0;0;0;0;1;0;0;-3,761872000000000;-38,546229000000000
295780;29;3;2017;07:40;0;RUA CAP ARAGAO;;;519;;Atropelamento;Luz do Dia;;;Meio de Quadra;;;1;0;1;0;0;0;1;0;0;0;0;0;-3,764956000000000;-38,513360000000000
325572;29;3;2017;18:40;0;RD BR 116;;;800;KM-06;Colis?úo Lateral;;;Seca;Meio de Quadra;;;0;1;3;0;0;0;0;0;0;0;0;0;-3,793082000000000;-38,508470000000000
323297;29;3;2017;08:27;0;AV GAL OSORIO DE PAIVA;;;5563;;Queda;Luz do Dia;;;Meio de Quadra;;;0;1;0;0;0;0;0;0;0;1;0;0;-3,805558000000000;-38,602908000000000
323298;29;3;2017;08:45;0;AV BEZERRA DE MENEZES;;;0;;Atropelamento;Luz do Dia;;;Meio de Quadra;;;0;1;0;0;1;0;0;0;0;0;0;0;;
323299;29;3;2017;09:43;0;AV PRS CASTELO BRANCO;;;2944;;Colis?úo;Luz do Dia;;;Meio de Quadra;;;0;1;0;0;0;0;0;0;0;0;0;0;-3,711963000000000;-38,554955000000000
323304;29;3;2017;12:07;1534;RUA EDUARDO GARCIA;RUA MON CATAO;;0;;Colis?úo;Luz do Dia;;;Cruz;Pare;Residencial;0;1;0;1;0;0;0;0;0;1;0;0;-3,740726000000000;-38,491196000000000
323305;29;3;2017;12:49;0;RUA PRO MIRAMAR DA PONTE;;;872;;Queda;Luz do Dia;;;Meio de Quadra;;;0;1;0;0;0;1;0;0;0;0;0;0;-3,761812000000000;-38,585793000000000
323306;29;3;2017;13:48;0;RUA GUILHERME ROCHA;;;1430;;Colis?úo;Luz do Dia;;;Meio de Quadra;;;0;1;0;0;0;0;0;0;0;0;0;0;-3,723475000000000;-38,538762000000000
323301;29;3;2017;09:51;0;RUA JOSE TORRES;RUA EMILIO DE MENESES;;0;;Outros;Luz do Dia;;;Meio de Quadra;;;0;1;0;0;0;0;0;0;0;0;0;0;;
323310;29;3;2017;14:13;0;AV PRS COSTA E SILVA;;;0;;Colis?úo;Luz do Dia;;;Meio de Quadra;;;0;1;0;0;0;0;0;0;0;0;0;0;;
323312;29;3;2017;14:47;0;AV BORGES DE MELO;;;0;;Colis?úo;Luz do Dia;;;Meio de Quadra;;;0;1;0;1;0;0;0;0;0;1;0;0;;
323313;29;3;2017;15:31;23716;RUA ARRUDA CAMARA;RUA COSTA FREIRE;;0;;Colis?úo;Luz do Dia;;;Cruz;Pare;Residencial;0;1;0;1;0;0;0;0;0;1;0;0;-3,790225000000000;-38,582846000000000
323315;29;3;2017;16:52;0;RUA PORTO VELHO;;;466;;Colis?úo;Luz do Dia;;;Meio de Quadra;;;0;1;0;1;0;0;0;0;0;1;0;0;-3,766877000000000;-38,585305000000000
323350;29;3;2017;16:58;19561;AV GODOFREDO MACIEL;RUA ANTONIO BANDEIRA D41;;0;;Colis?úo;Luz do Dia;;;T;Sem?íforo;Comercial;0;1;0;0;0;0;0;0;0;0;0;0;-3,783278000000000;-38,565838000000000
323352;29;3;2017;17:19;0;AV SANTOS DUMONT;;;0;;Queda;Anoitecer;;;Meio de Quadra;;;0;1;0;0;0;1;0;0;0;0;0;0;;
323356;29;3;2017;18:10;0;AV AUGUSTO DOS ANJOS;;;838;;Colis?úo;Anoitecer;;;Meio de Quadra;;;0;1;0;0;0;0;0;0;0;0;0;0;-3,775193000000000;-38,574766000000000
323381;29;3;2017;18:21;0;TR JULIO RIBEIRO;;;1260;;Colis?úo;Anoitecer;;;Meio de Quadra;;;0;1;0;1;0;0;0;0;0;1;0;0;;
323387;29;3;2017;18:36;0;RUA RIO BRANCO;;;723;;Queda;;;;Meio de Quadra;;;0;1;0;0;0;0;0;0;0;1;0;0;-3,730778200000000;-38,525316400000000
323389;29;3;2017;19:07;1519;RUA CARLOS VASCONCELOS;RUA PDE VALDEVINO;;0;;Colis?úo;;;;Cruz;Sem?íforo;Comercial;0;1;0;0;0;0;0;0;0;0;0;0;-3,740277000000000;-38,513190000000000
323420;29;3;2017;19:12;0;RUA THEOGENES GONDIM;;;192;;Atropelamento;;;;Meio de Quadra;;;0;1;0;0;0;0;0;0;0;1;0;0;;
323422;29;3;2017;19:38;0;AV DR SILAS MUNGUBA;;;3059;;Atropelamento;;;;Meio de Quadra;;;0;2;0;0;0;0;0;0;0;1;0;0;-3,788379000000000;-38,546038000000000
323465;29;3;2017;20:27;0;AV PRS COSTA E SILVA;;;0;;Colis?úo;;;;Meio de Quadra;;;0;1;0;0;0;0;0;0;0;0;0;0;;
323483;29;3;2017;21:31;0;RUA STO AMARO DO PICI;;;0;;Colis?úo;;;;Meio de Quadra;;;0;0;1;0;0;0;0;0;0;0;0;0;;
323484;29;3;2017;22:06;0;RUA LERIA DE ANDRADE;;;1040;;Queda;;;;Meio de Quadra;;;0;1;0;0;0;0;0;0;0;1;0;0;-3,728848000000000;-38,555472000000000
323485;29;3;2017;22:24;0;AV 13 DE MAIO;;;1251;;Queda;;;;Meio de Quadra;;;0;1;0;0;0;0;0;0;0;1;0;0;-3,748709000000000;-38,530043000000000
308188;29;3;2017;07:00;0;AV DR SILAS MUNGUBA;;;2919;;Colis?úo Traseira;Luz do Dia;Bom;Seca;Meio de Quadra;Sem?íforo;Comercial;0;1;1;1;0;0;0;0;0;1;0;0;-3,787746400000000;-38,547540000000000
308189;29;3;2017;09:35;0;RUA PDE VALDEVINO;;;189;;Colis?úo Traseira;Luz do Dia;Bom;Seca;Meio de Quadra;Sem?íforo;Residencial;0;0;2;0;0;0;0;0;0;0;0;0;-3,744876400000000;-38,498657000000000
308190;29;3;2017;10:03;15360;AV DES MOREIRA;AV DOM LUIS;;0;;Colis?úo Traseira;Luz do Dia;Bom;Seca;Rotat??ria;Sem?íforo;Comercial;0;0;2;0;1;0;0;0;0;0;0;0;-3,733131200000000;-38,497670000000000
308191;29;3;2017;08:45;19656;AV BEZERRA DE MENEZES;RUA PRO JOSE DE BARCELOS;;0;;Colis?úo Transversal;Luz do Dia;Bom;Seca;T;Sem?íforo;Comercial;0;0;2;0;1;0;0;0;0;1;0;0;-3,732800700000000;-38,550926000000000
308192;29;3;2017;11:03;0;AV JOR THOMAZ COELHO;;;517;VAPT-VUPT MESSEJANA;Colis?úo Transversal;Luz do Dia;Bom;Seca;Cruz;N?úo H?í Controle;Comercial;0;0;2;1;0;0;0;0;0;0;0;0;-3,832573400000000;-38,500510000000000
308193;29;3;2017;11:11;14320;AV FILOMENO GOMES;RUA BRAGA TORRES;;0;;Colis?úo Traseira;Luz do Dia;Bom;Seca;Cruz;N?úo H?í Controle;Residencial;0;0;2;0;1;0;0;0;0;1;0;0;-3,716970700000000;-38,541810000000000
308194;29;3;2017;10:25;5415;RUA GAL CLARINDO DE QUEIROZ;RUA FLORIANO PEIXOTO;;0;;Colis?úo Transversal;Luz do Dia;Bom;Seca;Cruz;Pare;Comercial;0;0;2;1;0;0;0;0;0;0;0;0;-3,733039100000000;-38,529003000000000
308195;29;3;2017;13:22;0;AV AMERICO BARREIRA;;;5554;;Colis?úo Traseira;Luz do Dia;Bom;Seca;Meio de Quadra;Sem?íforo;Comercial;0;0;2;1;0;0;0;0;0;0;0;0;-3,760271500000000;-38,564457000000000
308196;29;3;2017;15:06;5235;RUA PRC ISABEL;RUA PEDRO PEREIRA;;0;;Colis?úo Transversal;Luz do Dia;Bom;Seca;Cruz;Pare;Comercial;0;0;2;1;0;0;0;0;0;0;0;0;-3,727336400000000;-38,535736000000000
308197;29;3;2017;16:00;0;RUA FARIAS LEMOS;RUA FREDERICO SEVERO;;0;;Colis?úo Transversal;Luz do Dia;Bom;Seca;Cruz;Pare;Residencial;0;0;2;1;0;0;0;0;0;0;0;0;-3,816784100000000;-38,492638000000000
308198;29;3;2017;16:18;23729;RUA ANTONIO COSTA MENDES (PQ S?âO JOS?ë);RUA ARRUDA CAMARA;;0;;Colis?úo Transversal;Luz do Dia;Bom;Seca;Cruz;Pare;Residencial;0;0;2;1;0;0;0;0;0;1;0;0;-3,789684500000000;-38,583427000000000
308199;29;3;2017;16:40;0;AV DOMINGOS OLIMPIO;;;277;;Colis?úo Traseira;Luz do Dia;Nublado;Seca;Meio de Quadra;N?úo H?í Controle;Comercial;0;0;2;1;0;0;0;0;0;0;0;0;-3,737955800000000;-38,526700000000000
308200;29;3;2017;18:44;0;AV AUGUSTO DOS ANJOS;;;854;;Atropelamento;Via Iluminada;Bom;Seca;Meio de Quadra;Sem?íforo;Comercial;0;1;0;0;0;0;0;0;0;1;0;0;-3,775241900000000;-38,574870000000000
308201;29;3;2017;20:23;0;RUA BERNARDO MANUEL;;;9206;;Colis?úo Traseira;Via Iluminada;Bom;Seca;Meio de Quadra;N?úo H?í Controle;Comercial;0;0;2;1;0;0;0;0;0;0;0;0;-3,800086000000000;-38,551837000000000
308202;29;3;2017;18:05;14668;RUA JUNIOR ROCHA;RUA DES AVELAR;;0;;Colis?úo Transversal;Via Iluminada;Bom;Seca;Cruz;Pare;Residencial;0;1;2;1;0;0;0;0;0;1;0;0;-3,794686000000000;-38,488080000000000
308213;29;3;2017;18:25;0;AV PRS COSTA E SILVA;;;1;;Colis?úo Transversal;Via Iluminada;Bom;Seca;Meio de Quadra;N?úo H?í Controle;Comercial;0;0;2;1;0;0;0;1;0;0;0;0;-3,827361800000000;-38,535530000000000
308205;29;3;2017;17:44;0;RUA DES WALDETARIO P MOTA;;;1649;;Colis?úo Traseira;Via Iluminada;Nublado;Seca;Meio de Quadra;Sem?íforo;Residencial;0;0;2;1;0;0;0;0;0;0;0;0;-3,743428700000000;-38,484776000000000
308206;29;3;2017;18:23;12426;AV SEN FERNANDES TAVORA;RUA RIBEIRO LEITAO;;0;;Colis?úo Lateral;Via Iluminada;Bom;Seca;Cruz;N?úo H?í Controle;Comercial;0;0;2;1;0;0;0;0;0;1;0;0;-3,764314200000000;-38,578125000000000
304166;29;3;2017;22:30;0;RD BR 116;;;3000;KM-03;Choque c/ Obst?ículo Fixo;Via Iluminada;Chuva;Molhada;Meio de Quadra;;Misto;1;0;0;0;0;0;0;0;0;1;0;0;-3,779838000000000;-38,514372000000000
319089;29;3;2017;12:30;0;AV SEN CARLOS JEREISSATI (AEROPORTO);;;0;KM 03;Colis?úo;Luz do Dia;Bom;Seca;Meio de Quadra;;;0;0;2;1;0;0;0;0;0;0;0;0;-3,779641000000000;-38,544038000000000
319093;29;3;2017;13:00;0;RD CE-040;;;0;KM-09;Outros;Luz do Dia;Bom;Seca;Meio de Quadra;;;0;0;2;0;0;0;1;0;0;1;0;0;-3,834450897000000;-38,482465820000000
319095;29;3;2017;14:40;0;RD CE-040;;;0;KM-02;Colis?úo;Luz do Dia;Bom;Seca;Meio de Quadra;;;0;0;2;1;1;0;0;0;0;0;0;0;-3,773616148000000;-38,481799400000000
308207;30;3;2017;03:03;7790;AV DES MOREIRA;AV PONTES VIEIRA;;0;;Colis?úo Transversal;Via Iluminada;Bom;Seca;Cruz;Sem?íforo;Comercial;0;0;2;1;0;0;0;0;0;0;0;0;-3,751537300000000;-38,503210000000000
308208;30;3;2017;06:20;25279;AV ROGACIANO LEITE;RUA DES WALDEMAR ALVES PEREIRA;;150;;Colis?úo Transversal;Luz do Dia;Bom;Seca;Cruz;Pare;Comercial;0;0;2;1;0;0;0;0;0;0;0;0;-3,770492300000000;-38,498270000000000
308209;30;3;2017;08:30;21397;AV DES GONZAGA;RUA JOAOZITO ARRUDA;;0;;Colis?úo Transversal;Luz do Dia;Nublado;Seca;Rotat??ria;D?¬ Prefer?¬ncia;Comercial;0;1;1;1;0;0;0;0;0;1;0;0;-3,801574700000000;-38,496940000000000
308210;30;3;2017;08:40;0;AV PRS CASTELO BRANCO;;;400;;Colis?úo Transversal;Luz do Dia;Bom;Seca;Meio de Quadra;N?úo H?í Controle;Comercial;0;1;5;1;0;0;0;0;0;1;0;0;-3,720668800000000;-38,529392000000000
308211;30;3;2017;08:05;0;AV DEP PAULINO ROCHA;;;1091;CASTELAO;Colis?úo Traseira;Luz do Dia;Bom;Seca;Meio de Quadra;N?úo H?í Controle;Comercial;0;0;2;1;0;0;0;0;0;0;0;0;-3,811291700000000;-38,514896000000000
308212;30;3;2017;10:01;0;RUA JOSE FACANHA;VL PAPI JUNIOR;;0;;Colis?úo Transversal;Luz do Dia;Bom;Seca;Cruz;Pare;Residencial;0;0;2;1;0;0;0;0;0;1;0;0;-3,752190400000000;-38,557354000000000
308214;30;3;2017;10:30;0;AV FRANCISCO SA;;;3495;;Colis?úo Traseira;Luz do Dia;Bom;Seca;Meio de Quadra;N?úo H?í Controle;Comercial;0;0;1;1;0;0;0;0;0;0;0;0;-3,716607000000000;-38,559883000000000
308215;30;3;2017;13:49;0;AV PRS COSTA E SILVA;;;2248;;Colis?úo Transversal;Luz do Dia;Chuva;Molhada;Meio de Quadra;N?úo H?í Controle;Comercial;0;0;2;1;0;0;0;0;0;0;0;0;-3,828050000000000;-38,516090000000000
308216;30;3;2017;14:25;0;RUA PINTO MADEIRA;;;803;;Colis?úo Lateral;Luz do Dia;Chuva;Molhada;Cruz;Pare;Residencial;0;0;1;1;0;0;0;0;0;0;0;0;-3,732312200000000;-38,517414000000000
308217;30;3;2017;15:00;5421;AV DUQ CAXIAS;AV VIS RIO BRANCO;;0;;Colis?úo Lateral;Luz do Dia;Chuva;Molhada;Cruz;Sem?íforo;Comercial;0;0;2;1;0;0;0;0;0;1;0;0;-3,733263700000000;-38,524784000000000