COD_ACIDENTE;DIA;MES;ANO;HORA;INTERSECAO;LOG1;LOG2;LOG3;NUMERO;REFERENCIA;NATUREZA;ILUMINACAO;TEMPO;SUPERFICIEPISTA;TIPOCRUZAMENTO;CONTROLETRAFEGO;USOSOLO;MORTOS;FERIDOS;ILESOS;AUTOMOVEL;ONIBUS;BICICLETA;CAMINHAO;MICROONIBUS;CICLOMOTOR;MOTOCICLETA;TRACAOANIMAL;TREM;LATITUDE;LONGITUDE
308218;30;3;2017;16:06;7812;RUA JOAQUIM NABUCO;RUA JULIO SIQUEIRA;;0;;Colis?úo Transversal;Luz do Dia;Nublado;Molhada;Cruz;Pare;Residencial;0;0;2;1;0;0;0;0;0;0;0;0;-3,750380300000000;-38,506270000000000
308219;30;3;2017;16:57;0;RUA VICENTE LINHARES;;;1085;;Colis?úo Transversal;Luz do Dia;Nublado;Molhada;Meio de Quadra;N?úo H?í Controle;Comercial;0;0;2;1;0;0;0;0;0;0;0;0;-3,743692000000000;-38,495150000000000
308220;30;3;2017;16:23;0;AV DA UNIVERSIDADE;;;2056;;Colis?úo Traseira;Luz do Dia;Nublado;Molhada;Meio de Quadra;Sem?íforo;Comercial;0;0;2;0;1;0;0;0;0;1;0;0;-3,735912600000000;-38,534573000000000
308221;30;3;2017;08:00;0;AV VICENTE DE CASTRO;;;0;;Colis?úo Lateral;Luz do Dia;Bom;Seca;Com Via F?®rrea;N?úo H?í Controle;Comercial;0;0;2;1;0;0;0;0;0;0;0;0;-3,723732500000000;-38,480392000000000
308222;30;3;2017;19:11;0;AV LUCIANO CARNEIRO;;;840;;Colis?úo Traseira;Via Iluminada;Nublado;Seca;Meio de Quadra;N?úo H?í Controle;Comercial;0;0;3;1;0;0;0;0;0;0;0;0;-3,754937000000000;-38,533720000000000
308223;30;3;2017;21:13;0;AV MIGUEL DIAS;;;10000;;Colis?úo Lateral;Anoitecer;Bom;Seca;Rotat??ria;D?¬ Prefer?¬ncia;Comercial;0;0;2;1;0;0;0;0;0;1;0;0;-3,763371700000000;-38,487710000000000
308224;30;3;2017;19:00;25435;AV ALBERTO CRAVEIRO;RUA PAULA FRANCINETE;;0;;Colis?úo Lateral;Via Iluminada;Bom;Seca;T;Pare;Comercial;0;0;2;1;0;0;0;0;0;0;0;0;-3,795188200000000;-38,518112000000000
308226;30;3;2017;21:32;15152;AV ABOLICAO;AV BAR STUDART;;0;;Colis?úo Traseira;Via Iluminada;Bom;Seca;Cruz;Sem?íforo;Comercial;0;0;2;1;0;0;0;0;0;0;0;0;-3,724804000000000;-38,503242000000000
308227;30;3;2017;22:01;23747;AV GAL OSORIO DE PAIVA;RUA LINS DO REGO;;0;;Colis?úo Lateral;Via Iluminada;Nublado;Seca;T;Pare;Comercial;0;0;2;0;1;0;0;0;0;0;0;0;-3,782754400000000;-38,577522000000000
323488;30;3;2017;14:24;19683;RUA AZEVEDO BOLAO;RUA PRO JOSE DE BARCELOS;;0;;Colis?úo;Luz do Dia;;;Cruz;Pare;Comercial;0;1;0;0;0;0;0;0;0;0;0;0;-3,735196000000000;-38,550610000000000
323503;30;3;2017;01:00;0;AV ALM BARROSO;;;877;;Colis?úo;;;;Meio de Quadra;;;0;1;0;0;0;0;0;0;0;0;0;0;-3,720189000000000;-38,515180000000000
323544;30;3;2017;09:03;0;AV GAL OSORIO DE PAIVA;;;4170;;Colis?úo;Luz do Dia;;;Meio de Quadra;;;0;1;0;0;0;0;0;0;0;1;0;0;-3,792695000000000;-38,590364000000000
323635;30;3;2017;10:46;0;RUA SAO VICENTE D48;;;300;;Colis?úo;Luz do Dia;;;Meio de Quadra;;;0;1;0;0;0;0;0;0;0;0;0;0;-3,738951900000000;-38,596703300000000
323640;30;3;2017;11:30;0;RUA MANUEL JESUINO;;;112;;Colis?úo;Luz do Dia;;;Meio de Quadra;;;0;1;0;1;0;0;0;0;0;1;0;0;-3,726537000000000;-38,484741000000000
323648;30;3;2017;11:30;0;AV GAL OSORIO DE PAIVA;;;4477;;Atropelamento;Luz do Dia;;;Meio de Quadra;;;0;2;0;1;0;0;0;0;0;0;0;0;-3,797746000000000;-38,595300000000000
323688;30;3;2017;13:09;0;AV GAL OSORIO DE PAIVA;;;4789;;Colis?úo;Luz do Dia;;;Meio de Quadra;;;0;1;0;0;0;0;0;0;0;0;0;0;-3,800802000000000;-38,598264000000000
323700;30;3;2017;13:40;1441;AV SANTOS DUMONT;RUA PRO DIAS DA ROCHA;;0;;Colis?úo;Luz do Dia;;;Cruz;Pare;Comercial;0;1;0;1;0;1;0;0;0;0;0;0;-3,738113000000000;-38,492502000000000
323703;30;3;2017;13:58;0;AV DEP PAULINO ROCHA;;;1285;;Colis?úo;Luz do Dia;;;Meio de Quadra;;;0;1;0;0;0;0;0;0;0;1;0;0;-3,807950000000000;-38,508509000000000
323594;30;3;2017;09:24;0;AV SANTOS DUMONT;;;4060;;Colis?úo;Luz do Dia;;;Meio de Quadra;;;0;1;0;0;0;0;0;0;0;1;0;0;-3,739566000000000;-38,488036000000000
323596;30;3;2017;10:13;0;AV GAL OSORIO DE PAIVA;;;5680;;Colis?úo;Luz do Dia;;;Meio de Quadra;;;0;1;0;1;0;0;0;0;0;1;0;0;-3,806217000000000;-38,603539000000000
323599;30;3;2017;10:41;0;RUA JOSE TORRES;;;735;;Colis?úo;Luz do Dia;;;Meio de Quadra;;;0;1;0;1;0;0;0;0;0;1;0;0;-3,777719000000000;-38,606644000000000
323733;30;3;2017;15:38;4113;RUA LUCAS PINTO;RUA GOMES PASSOS;;0;;Colis?úo;Luz do Dia;;;Cruz;Pare;Comercial;0;1;0;1;0;0;0;0;0;1;0;0;-3,712266000000000;-38,558190000000000
323769;30;3;2017;16:03;0;RD BR 116;;;9408;;Colis?úo;Luz do Dia;;;Meio de Quadra;;;0;1;0;0;0;0;0;0;0;0;0;0;-3,824663000000000;-38,504129500000000
323819;30;3;2017;16:05;11890;AV SGT HERMINIO SAMPAIO;RUA JOAQUIM LINO;;0;;Colis?úo;Luz do Dia;;;T;D?¬ Prefer?¬ncia;Residencial;0;1;0;1;0;0;0;0;0;1;0;0;-3,724547000000000;-38,549169000000000
323821;30;3;2017;16:40;0;AV SEN FERNANDES TAVORA;;;0;;Queda;Luz do Dia;;;Meio de Quadra;;;0;1;0;0;0;0;0;0;0;1;0;0;;
323823;30;3;2017;17:03;0;AV PAROARAS;;;0;;Colis?úo;Anoitecer;;;Meio de Quadra;;;0;2;0;0;0;0;0;0;0;1;0;0;;
323853;30;3;2017;18:49;24535;RUA DR QUIXADA FELICIO;RUA 15 CJ NOVA ASSUNCAO;;0;;Colis?úo;;;;;;;0;1;0;0;0;0;0;0;0;0;0;0;-3,710450000000000;-38,594145000000000
323857;30;3;2017;19:11;1914;RUA MARIA QUINTINO;RUA CEL JOSE DE MOURA;;0;;Colis?úo;;;;;;;0;1;0;0;0;0;0;0;0;0;0;0;-3,854068000000000;-38,500562000000000
323861;30;3;2017;20:14;10681;AV MIGUEL DIAS;RUA FIRMINO ROCHA AGUIAR;;0;;Colis?úo;;;;Rotat??ria;D?¬ Prefer?¬ncia;Escola;0;0;1;0;0;0;0;0;0;0;0;0;-3,763517000000000;-38,487708000000000
323866;30;3;2017;20:58;7693;RUA RIO GRANDE DO SUL;RUA CEARA;;0;;Colis?úo;;;;Cruz;Sem?íforo;Comercial;0;1;0;1;0;0;0;0;0;1;0;0;-3,758036000000000;-38,567187000000000
323870;30;3;2017;21:07;0;AV PRS JUSCELINO KUBITSCHEK (PASSAR?ë);;;0;;Colis?úo;;;;Meio de Quadra;;;0;1;0;1;0;0;0;0;0;1;0;0;;
323872;30;3;2017;21:00;0;AV JOSE BASTOS;;;0;;Colis?úo;;;;Meio de Quadra;;;0;1;0;0;0;0;0;0;0;0;0;0;;
323873;30;3;2017;22:01;0;AV WASHINGTON SOARES;;;0;;Queda;;;;Meio de Quadra;;;0;1;0;0;0;0;0;0;0;1;0;0;;
323875;30;3;2017;00:05;2962;RUA MARIA JULIA;RUA PEDRO MARTINS;;0;;Capotamento;;;;Cruz;Pare;Residencial;0;1;0;0;0;0;0;0;0;0;0;0;-3,799245000000000;-38,601929000000000
324131;30;3;2017;08:17;13533;RUA MARCONDES PEREIRA;RUA DR JOSE LOURENCO;;0;;Queda;Luz do Dia;;;Cruz;Pare;Residencial;0;1;0;0;0;0;0;0;0;1;0;0;-3,747795000000000;-38,511986000000000
325576;30;3;2017;15:20;0;RD BR 116;;;9000;KM-09;Colis?úo Traseira;Luz do Dia;;Seca;Meio de Quadra;;;0;1;3;0;0;0;0;0;0;0;0;0;-3,830837000000000;-38,504865000000000
295787;30;3;2017;15:30;0;AV PRS CASTELO BRANCO;;;2949;;Atropelamento;Luz do Dia;;;Meio de Quadra;;;1;0;1;0;0;0;1;0;0;0;0;0;-3,711956000000000;-38,555000000000000
305339;30;3;2017;10:30;85;RUA HIPOLITO PAMPLONA;RUA SAO VICENTE DE PAULA D29;;0;;Colis?úo Transversal;Luz do Dia;Bom;Seca;T;N?úo H?í Controle;Residencial;0;1;2;1;1;0;0;0;0;1;0;0;;
305375;30;3;2017;17:30;25770;AV DR SILAS MUNGUBA;RUA ANTONIO FERREIRA;;0;;Colis?úo Lateral;Via Iluminada;Bom;Seca;T;N?úo H?í Controle;Comercial;0;0;2;1;0;0;0;0;0;0;0;0;-3,802017000000000;-38,529490000000000
305355;30;3;2017;01:53;0;AV ALM BARROSO;;;877;;Colis?úo Lateral;Via Iluminada;Chuva;Molhada;Meio de Quadra;Pare;Comercial;0;1;1;1;0;0;0;0;0;0;0;0;-3,720189000000000;-38,515180000000000
305367;30;3;2017;07:45;25668;AV JOSE LEON;RUA DES FRANCISCO BARROS FONTENELE;;0;;Colis?úo Lateral;Luz do Dia;Nublado;Seca;Cruz;Pare;Residencial;0;1;1;1;0;0;0;0;0;1;0;0;;
305383;30;3;2017;08:00;12864;AV DOMINGOS OLIMPIO;RUA ASSUNCAO;;0;;Colis?úo Traseira;Luz do Dia;Bom;Seca;Cruz;Sem?íforo;Residencial;0;0;2;1;0;0;0;0;0;0;0;0;-3,737192000000000;-38,529548000000000
305426;30;3;2017;16:00;9032;RUA BAR ARATANHA;RUA PDE ROMA;;0;;Colis?úo Transversal;Luz do Dia;Nublado;Molhada;Cruz;Pare;Outros;0;0;2;1;0;0;0;0;0;0;0;0;-3,744883000000000;-38,530384000000000
305436;30;3;2017;13:40;0;AV DEP PAULINO ROCHA;;;1285;;Colis?úo Lateral;Luz do Dia;Chuva;Molhada;Meio de Quadra;N?úo H?í Controle;Residencial;0;0;2;1;0;0;0;0;0;1;0;0;-3,807950000000000;-38,508509000000000
305450;30;3;2017;03:00;0;AV DEP PAULINO ROCHA;;;0;;Choque c/ Obst?ículo Fixo;Mal Iluminada;Nublado;Seca;Meio de Quadra;Outros;Residencial;0;0;1;0;0;0;1;0;0;0;0;0;;
305467;30;3;2017;00:30;0;AV JOSE BASTOS;;;5682;;Colis?úo;Via Iluminada;Bom;Seca;Meio de Quadra;N?úo H?í Controle;Comercial;0;1;1;0;0;1;0;0;0;1;0;0;-3,761363000000000;-38,564999000000000
305470;30;3;2017;23:55;2962;RUA PEDRO MARTINS;RUA MARIA JULIA;;0;;Colis?úo Transversal;Via Iluminada;Bom;Molhada;Cruz;Pare;Residencial;0;2;0;0;1;0;0;0;0;1;0;0;-3,799245000000000;-38,601929000000000
305474;30;3;2017;14:10;19683;RUA PRO JOSE DE BARCELOS;RUA AZEVEDO BOLAO;;0;;Colis?úo Transversal;Luz do Dia;Nublado;Seca;Cruz;Pare;Comercial;0;1;2;1;0;0;0;0;0;1;0;0;-3,735196000000000;-38,550610000000000
305482;30;3;2017;10:20;0;AV GAL OSORIO DE PAIVA;;;4170;;Atropelamento;Luz do Dia;Bom;Seca;Meio de Quadra;Sem?íforo;Comercial;0;2;0;1;0;0;0;0;0;1;0;0;-3,792695000000000;-38,590364000000000
305492;30;3;2017;15:04;0;AV 13 DE MAIO;;;200;;Colis?úo Traseira;Luz do Dia;Chuva;Molhada;Meio de Quadra;Sem?íforo;Residencial;0;1;1;1;0;0;0;0;0;1;0;0;-3,752376800000000;-38,526489900000000
305466;31;3;2017;12:30;0;RUA JOAQUIM LINO;;;330;;Colis?úo Traseira;Luz do Dia;Bom;Seca;Meio de Quadra;N?úo H?í Controle;Residencial;0;0;3;1;0;0;0;0;0;1;0;0;-3,720562000000000;-38,549323000000000
305447;31;3;2017;10:40;22176;AV JOSE BASTOS;AV ENG HUMBERTO MONTE;;0;;Colis?úo Traseira;Luz do Dia;Chuva;Molhada;T;Sem?íforo;Comercial;0;1;1;0;0;0;1;0;0;1;0;0;-3,754966000000000;-38,555455000000000
305438;31;3;2017;16:00;1271;RUA JOAQUIM NABUCO;RUA MARCOS MACEDO;;0;;Outros;Luz do Dia;Bom;Seca;Cruz;D?¬ Prefer?¬ncia;Residencial;0;1;1;1;0;0;0;0;0;1;0;0;-3,733277000000000;-38,500645000000000
305442;31;3;2017;08:50;0;RUA PEDRO I;;;373;;Colis?úo Transversal;Luz do Dia;Nublado;Molhada;Meio de Quadra;Pare;Comercial;0;0;2;1;1;0;0;0;0;0;0;0;-3,731394000000000;-38,528097000000000
305453;31;3;2017;09:20;0;AV BORGES DE MELO;;;970;;Colis?úo Lateral;Luz do Dia;Bom;Seca;Meio de Quadra;Outros;Comercial;0;0;2;1;0;0;1;0;0;0;0;0;-3,760502000000000;-38,527720000000000
305419;31;3;2017;10:27;12758;RUA DELMIRO FARIAS;RUA JULIO CESAR D12;;0;;Colis?úo Lateral;Luz do Dia;Nublado;Seca;Cruz;Pare;Residencial;0;1;2;1;0;0;0;0;0;0;0;0;-3,752508000000000;-38,545070000000000
305423;31;3;2017;09:00;13533;RUA MARCONDES PEREIRA;RUA DR JOSE LOURENCO;;0;;Outros;Luz do Dia;Bom;Seca;Cruz;Pare;Residencial;0;0;2;0;0;0;0;0;0;1;0;0;-3,747795000000000;-38,511986000000000
305407;31;3;2017;17:50;7397;RUA CURITIBA;RUA CEL MATOS DOURADO;;0;;Colis?úo Transversal;Anoitecer;Bom;Seca;Cruz;N?úo H?í Controle;Residencial;0;0;2;1;0;0;0;0;0;1;0;0;-3,759188000000000;-38,585370000000000
305414;31;3;2017;14:40;0;AV PRS COSTA E SILVA;;;0;;Colis?úo Traseira;Luz do Dia;Bom;Seca;Meio de Quadra;Outros;Outros;0;0;2;1;0;0;0;0;0;0;0;0;;
305388;31;3;2017;13:40;25064;AV DOS EXPEDICIONARIOS;TR EDUARDO ANGELIM;;0;;Colis?úo Traseira;Luz do Dia;Bom;Seca;T;N?úo H?í Controle;Comercial;0;1;1;1;0;0;0;0;0;1;0;0;-3,770663000000000;-38,542921000000000
305368;31;3;2017;16:00;1490;RUA CEL JUCA;RUA DES LEITE ALBUQUERQUE;;0;;Colis?úo Transversal;Luz do Dia;Bom;Molhada;Cruz;Pare;Residencial;0;2;1;1;0;0;0;0;0;1;0;0;-3,739434000000000;-38,491875000000000
305361;31;3;2017;19:10;0;RUA SILVA JATAHY;;;355;;Colis?úo Traseira;Via Iluminada;Bom;Seca;Meio de Quadra;;Residencial;0;0;2;1;0;0;0;0;0;0;0;0;-3,726890000000000;-38,500313000000000
305334;31;3;2017;20:20;0;RUA ALMEIDA PRADO;;;398;;Colis?úo Lateral;Via Iluminada;Bom;Seca;Meio de Quadra;Pare;Comercial;0;1;1;1;0;0;0;0;0;1;0;0;-3,739808000000000;-38,473846000000000
305325;31;3;2017;13:00;0;RUA DEMETRIO MENEZES;;;0;;Colis?úo Lateral;Luz do Dia;Nublado;Molhada;Meio de Quadra;N?úo H?í Controle;Comercial;0;1;1;0;0;0;0;0;0;1;0;0;;
305331;31;3;2017;18:15;1378;RUA DES LEITE ALBUQUERQUE;RUA OSVALDO CRUZ (ALDEOTA);;0;;Colis?úo Lateral;Anoitecer;Bom;Seca;Cruz;Pare;Residencial;0;0;2;1;0;0;0;0;0;0;0;0;-3,736598000000000;-38,500640000000000
305346;31;3;2017;14:30;0;AV GOV RAUL BARBOSA;;;6880;;Colis?úo Transversal;Luz do Dia;Bom;Seca;Outros;N?úo H?í Controle;Comercial;0;0;2;1;0;0;1;0;0;0;0;0;-3,773549000000000;-38,512718000000000
305353;31;3;2017;07:00;0;AV DOS EXPEDICIONARIOS;;;4610;;Colis?úo Lateral;Via Iluminada;Nublado;Molhada;Meio de Quadra;N?úo H?í Controle;Comercial;0;1;1;1;0;0;0;0;0;1;0;0;-3,758662000000000;-38,539282000000000
305357;31;3;2017;00:03;7693;RUA RIO GRANDE DO SUL;RUA CEARA;;0;;Colis?úo Transversal;Via Iluminada;Chuva;Molhada;Cruz;Pare;Residencial;0;1;1;1;0;0;0;0;0;1;0;0;-3,758036000000000;-38,567187000000000
305358;31;3;2017;12:00;0;AV DOMINGOS OLIMPIO;;;227;;Colis?úo Traseira;Luz do Dia;Bom;Seca;Meio de Quadra;Sem?íforo;Comercial;0;0;2;1;0;0;0;0;0;1;0;0;-3,737922000000000;-38,526796000000000
305320;31;3;2017;07:30;19692;RUA AZEVEDO BOLAO;RUA PRO ANACLETO;;0;;Colis?úo Transversal;Luz do Dia;Chuva;Molhada;Cruz;Pare;Residencial;0;0;2;1;0;0;0;0;0;0;0;0;-3,735640000000000;-38,552765000000000
305321;31;3;2017;18:30;0;RUA BENI DE CARVALHO;;;216;;Colis?úo Traseira;Anoitecer;Bom;Seca;Meio de Quadra;N?úo H?í Controle;Residencial;0;0;2;1;0;0;0;0;0;0;0;0;-3,744858000000000;-38,498553000000000
325579;31;3;2017;11:00;0;RD BR 116;;;900;KM-02;Colis?úo Traseira;Luz do Dia;;Molhada;Meio de Quadra;;;0;1;0;0;0;0;0;0;0;0;0;0;-3,782216200000000;-38,513302500000000
324767;31;3;2017;18:18;26263;RUA LUIZA MIRANDA COELHO;RUA MARIA ALICE FERRAZ;;0;;Colis?úo;Anoitecer;;;Cruz;N?úo H?í Controle;Residencial;0;1;0;0;0;0;0;0;0;1;0;0;-3,773756000000000;-38,491232000000000
324132;31;3;2017;09:41;0;AV JOSE BASTOS;;;0;;Atropelamento;Luz do Dia;;;Meio de Quadra;;;0;1;0;0;0;0;0;0;0;1;0;0;;
324096;31;3;2017;08:10;0;AV DR THEBERGE;;;2486;;Colis?úo;Luz do Dia;;;Meio de Quadra;;;0;1;0;0;0;0;0;0;0;1;0;0;-3,723944000000000;-38,567994000000000
324016;31;3;2017;06:55;2976;RUA MARIA JULIA;RUA SAO FRANCISCO D50;;0;;Colis?úo;Luz do Dia;;;Cruz;Pare;Comercial;0;1;0;0;0;0;0;0;0;0;0;0;-3,800920000000000;-38,602742000000000
324017;31;3;2017;07:20;0;AV SEN FERNANDES TAVORA;;;1202;;Colis?úo;Luz do Dia;;;Meio de Quadra;;;0;1;0;1;0;0;0;0;0;0;0;0;-3,761583000000000;-38,583302000000000
324026;31;3;2017;07:23;0;RUA BAR ARATANHA;;;0;;Colis?úo;Luz do Dia;;;Meio de Quadra;;;0;1;0;1;0;0;0;0;0;1;0;0;;
324029;31;3;2017;07:41;0;AV C CJ SITIO SAO JOAO;;;211;;Colis?úo;Luz do Dia;;;Meio de Quadra;;;0;1;0;1;0;0;0;0;0;1;0;0;;
324075;31;3;2017;07:51;0;RUA PEDRO MARTINS;;;584;;Colis?úo;Luz do Dia;;;Meio de Quadra;;;0;1;0;0;0;0;0;0;0;1;0;0;-3,798441000000000;-38,603768000000000
324077;31;3;2017;07:58;1511;RUA DES LEITE ALBUQUERQUE;RUA FONSECA LOBO;;0;;Colis?úo;Luz do Dia;;;Cruz;Pare;Comercial;0;1;0;0;0;0;0;0;1;1;0;0;-3,740065000000000;-38,489921000000000
324090;31;3;2017;08:01;7938;RUA ASSIS CHATEAUBRIAND;RUA VIS MAUA;;0;;Atropelamento;Luz do Dia;;;Cruz;Pare;Comercial;0;1;0;0;0;0;0;0;0;0;0;0;-3,746314000000000;-38,502693000000000
323899;31;3;2017;01:42;0;VL STA ELISA D04;;;0;;Atropelamento;;;;;;;0;1;0;0;0;0;0;0;0;0;0;0;;
323929;31;3;2017;06:05;0;AV F CJ JOSE WALTER;;;500;;Queda;Luz do Dia;;;Meio de Quadra;;;0;1;0;0;0;0;0;0;0;0;0;0;-3,835475000000000;-38,558325000000000
324175;31;3;2017;10:13;19343;RUA LEONEL CHAVES;AV GAL OSORIO DE PAIVA;;0;;Colis?úo;Luz do Dia;;;T;Pare;Escola;0;1;0;1;0;0;0;0;0;1;0;0;-3,776069000000000;-38,567183000000000
324176;31;3;2017;10:47;0;AV DR THEBERGE;;;0;;Colis?úo;Luz do Dia;;;Meio de Quadra;;;0;1;0;1;0;0;0;0;0;1;0;0;;
324194;31;3;2017;11:30;19331;AV GAL OSORIO DE PAIVA;RUA PRO GOMES BRASIL;;0;;Colis?úo;Luz do Dia;;;Cruz;Sem?íforo;Lazer;0;1;0;1;0;0;0;0;0;1;0;0;-3,775618000000000;-38,566451000000000
324420;31;3;2017;11:53;0;AV LINEU MACHADO;;;0;;Colis?úo;Luz do Dia;;;Meio de Quadra;;;0;1;0;1;0;0;0;0;0;1;0;0;;
324430;31;3;2017;11:58;17932;RUA GAL GOIS MONTEIRO;RUA DRACON BARRETO;;0;;Colis?úo;Luz do Dia;;;Cruz;Pare;Residencial;0;1;0;1;0;0;0;0;0;1;0;0;-3,733801000000000;-38,579178000000000
324445;31;3;2017;12:19;0;AV GAL OSORIO DE PAIVA;;;1651;;Colis?úo;Luz do Dia;;;Meio de Quadra;;;0;1;0;1;0;0;0;0;0;0;0;0;-3,782084000000000;-38,576655000000000
324449;31;3;2017;14:43;0;AV PRS COSTA E SILVA;;;301;;Colis?úo;Luz do Dia;;;Meio de Quadra;;;0;1;0;0;0;0;0;0;0;1;0;0;-3,811757000000000;-38,574687000000000
324455;31;3;2017;15:06;12508;RUA ALUISIO AZEVEDO;AV LINEU MACHADO;;0;;Colis?úo;Luz do Dia;;;Cruz;Sem?íforo;Comercial;0;1;0;0;0;0;0;0;0;0;0;0;-3,770212000000000;-38,579184000000000
324466;31;3;2017;15:44;0;AV GAL OSORIO DE PAIVA;;;402;;Colis?úo;Luz do Dia;;;Meio de Quadra;;;0;1;0;1;0;0;0;0;0;1;0;0;-3,775536000000000;-38,566286000000000
324472;31;3;2017;16:35;0;RD BR 116;;;0;;Queda;Luz do Dia;;;Meio de Quadra;;;0;1;0;0;0;0;0;0;0;1;0;0;;
324478;31;3;2017;16:42;0;AV TRISTAO GONCALVES;;;1409;;Colis?úo;Luz do Dia;;;Meio de Quadra;;;0;1;0;1;0;0;0;0;0;1;0;0;-3,734062000000000;-38,535287000000000
324481;31;3;2017;16:51;0;AV CARNEIRO DE MENDONCA;;;0;;Colis?úo;Luz do Dia;;;Meio de Quadra;;;0;1;0;1;0;0;0;0;0;1;0;0;;
324482;31;3;2017;17:08;0;RUA ARTUR DE CARVALHO;;;0;;Colis?úo;Anoitecer;;;Meio de Quadra;;;0;1;0;0;0;0;0;0;0;0;0;0;;
324483;31;3;2017;17:25;0;RUA PEDRO DANTAS;;;105;;Choque c/ Obst?ículo Fixo;Anoitecer;;;Meio de Quadra;;;0;1;0;1;0;0;0;0;0;1;0;0;-3,786459000000000;-38,518828000000000
324501;31;3;2017;19:43;12884;RUA COS TRISTAO;RUA MES ROSA;;0;;Colis?úo;;;;Cruz;Pare;Comercial;0;1;0;0;0;0;0;0;0;0;0;0;-3,741860000000000;-38,527652000000000
324575;31;3;2017;23:08;0;AV CASTELO DE CASTRO;;;1209;;Colis?úo;;;;Meio de Quadra;;;0;1;0;1;0;0;0;0;0;1;0;0;-3,840294600000000;-38,521627000000000
324618;31;3;2017;05:52;0;AV AGUANAMBI;;;0;;Colis?úo;Amanhecer;;;Meio de Quadra;;;0;1;0;1;0;1;0;0;0;0;0;0;;
308228;31;3;2017;07:21;0;AV BORGES DE MELO;;;80;;Colis?úo Lateral;Luz do Dia;Chuva;Molhada;Meio de Quadra;Sem?íforo;Comercial;0;0;2;1;0;0;0;0;0;0;0;0;-3,761507500000000;-38,518400000000000
308229;31;3;2017;08:00;13564;RUA CAP GUSTAVO;RUA CASTRO ALVES;;0;;Colis?úo Transversal;Luz do Dia;Nublado;Molhada;Cruz;Pare;Comercial;0;1;2;1;0;0;0;0;0;0;0;0;-3,749870500000000;-38,517840000000000
308230;31;3;2017;06:30;5468;RUA ANTONIO POMPEU;RUA BAR ARATANHA;;0;;Colis?úo Transversal;Luz do Dia;Bom;Seca;Cruz;Sem?íforo;Comercial;0;1;1;1;0;0;0;0;0;1;0;0;-3,735974000000000;-38,527534000000000
308231;31;3;2017;08:31;10761;AV SEN FERNANDES TAVORA;RUA JOAQUIM M DE MACEDO;;0;;Colis?úo Lateral;Luz do Dia;Nublado;Molhada;T;Gesto;Residencial;0;1;1;1;0;0;0;0;0;0;0;0;-3,761522300000000;-38,583336000000000
308232;31;3;2017;08:17;0;AV C CJ JOSE WALTER;;;780;;Colis?úo Traseira;Luz do Dia;Nublado;Molhada;Meio de Quadra;N?úo H?í Controle;Residencial;0;0;3;1;0;0;0;0;0;0;0;0;-3,827838700000000;-38,558460000000000
308233;31;3;2017;07:45;1445;RUA VICENTE LEITE;RUA DES LEITE ALBUQUERQUE;;1;;Colis?úo Transversal;Luz do Dia;Nublado;Molhada;Cruz;Pare;Comercial;0;1;1;0;0;0;0;0;0;1;0;0;-3,738160800000000;-38,495743000000000
308234;31;3;2017;08:19;0;RUA TIBURCIO PEREIRA;;;660;;Colis?úo Frontal;Luz do Dia;Chuva;Molhada;Meio de Quadra;N?úo H?í Controle;Residencial;0;0;2;1;0;0;0;0;0;0;0;0;-3,799363900000000;-38,507290000000000
308235;31;3;2017;09:00;5331;AV SANTOS DUMONT;RUA GONCALVES LEDO;;1;;Choque c/ Obst?ículo Fixo;Luz do Dia;Nublado;Molhada;Cruz;Pare;Comercial;0;0;1;0;0;0;0;0;0;0;0;0;-3,730629200000000;-38,515865000000000
308236;31;3;2017;09:06;0;RUA TORRES CAMARA;;;870;;Engavetamento;Luz do Dia;Nublado;Molhada;;;;0;2;2;1;0;0;0;0;0;1;0;0;-3,736742500000000;-38,503685000000000
308237;31;3;2017;13:25;3419;AV JOAO PESSOA;RUA MIGUEL GONCALVES;;0;;Colis?úo Traseira;Luz do Dia;Bom;Seca;Cruz;Pare;Comercial;0;0;1;1;0;0;0;0;0;0;0;0;-3,758768800000000;-38,555252000000000
308238;31;3;2017;12:58;17932;RUA GAL GOIS MONTEIRO;RUA DRACON BARRETO;;0;;Colis?úo Transversal;Luz do Dia;Bom;Seca;Cruz;Pare;Residencial;0;1;2;1;0;0;0;0;0;1;0;0;-3,733738400000000;-38,579150000000000
308239;31;3;2017;14:00;0;RUA PEDRO PEREIRA;;;889;;Colis?úo Traseira;Luz do Dia;Nublado;Seca;Meio de Quadra;N?úo H?í Controle;Comercial;0;0;2;1;1;0;0;0;0;0;0;0;-3,728188300000000;-38,533150000000000
308240;31;3;2017;14:59;0;RUA MEM DE SA;;;629;;Colis?úo Lateral;Luz do Dia;Bom;Seca;Meio de Quadra;Sem?íforo;Comercial;0;0;1;0;0;0;0;0;0;0;0;0;-3,828076600000000;-38,485477000000000
308241;31;3;2017;13:13;23689;RUA DOM HENRIQUE;RUA DR ESTENIO GOMES;;0;;Colis?úo Transversal;Luz do Dia;Bom;Seca;Cruz;Pare;Residencial;0;3;0;1;0;0;0;0;0;0;0;0;-3,788835800000000;-38,580227000000000