COD_ACIDENTE;DIA;MES;ANO;HORA;INTERSECAO;LOG1;LOG2;LOG3;NUMERO;REFERENCIA;NATUREZA;ILUMINACAO;TEMPO;SUPERFICIEPISTA;TIPOCRUZAMENTO;CONTROLETRAFEGO;USOSOLO;MORTOS;FERIDOS;ILESOS;AUTOMOVEL;ONIBUS;BICICLETA;CAMINHAO;MICROONIBUS;CICLOMOTOR;MOTOCICLETA;TRACAOANIMAL;TREM;LATITUDE;LONGITUDE
308242;31;3;2017;17:25;0;AV BORGES DE MELO;;;464;BASE AEREA;Colis?úo Traseira;Anoitecer;Bom;Seca;Meio de Quadra;Sem?íforo;Residencial;0;0;1;1;0;0;0;0;0;0;0;0;-3,760905000000000;-38,523290000000000
308243;31;3;2017;17:25;0;AV PRS COSTA E SILVA;;;1347;;Colis?úo Traseira;Luz do Dia;Nublado;Seca;Meio de Quadra;N?úo H?í Controle;Residencial;0;0;1;1;0;0;0;0;0;1;0;0;-3,824218300000000;-38,545742000000000
308244;31;3;2017;19:02;0;AV DR SILAS MUNGUBA;;;4341;;Colis?úo Transversal;Via Iluminada;Bom;Seca;Meio de Quadra;N?úo H?í Controle;Comercial;0;1;1;1;0;0;0;0;0;1;0;0;-3,735659800000000;-38,534070000000000
308245;31;3;2017;20:24;0;AV DR SILAS MUNGUBA;;;0;;Colis?úo Traseira;Mal Iluminada;Bom;Seca;Meio de Quadra;N?úo H?í Controle;Comercial;0;0;0;1;0;0;0;0;0;1;0;0;-3,804693700000000;-38,527042000000000
308246;31;3;2017;20:00;5051;RUA SEN POMPEU;RUA SEN JAGUARIBE;;0;;Colis?úo Lateral;Via Iluminada;Bom;Seca;Cruz;Pare;Comercial;0;0;2;1;0;0;0;0;0;0;0;0;-3,721717100000000;-38,528008000000000
308247;31;3;2017;18:16;13408;AV ANTONIO SALES;RUA BAR ARACATI;;746;;Colis?úo Transversal;Via Iluminada;Nublado;Seca;Cruz;Pare;Comercial;0;0;2;1;0;0;0;0;0;0;0;0;-3,741536400000000;-38,514904000000000
308248;31;3;2017;20:00;13396;RUA BAR ARACATI;RUA JOAO BRIGIDO;;2226;;Colis?úo Transversal;Via Iluminada;Nublado;Molhada;Cruz;Pare;Residencial;0;0;2;1;0;0;0;0;0;0;0;0;-3,740902200000000;-38,514725000000000
308249;31;3;2017;22:40;0;AV LUCIANO CARNEIRO;;;1970;;Colis?úo Transversal;Via Iluminada;Bom;Molhada;Meio de Quadra;N?úo H?í Controle;Comercial;0;0;2;1;0;0;0;0;0;0;0;0;-3,764707800000000;-38,536644000000000
308300;31;3;2017;15:30;9598;RUA OLIVEIRA SOBRINHO;RUA SAO LUIZ DO OESTE;;0;;Colis?úo Transversal;Luz do Dia;Bom;Seca;Cruz;N?úo H?í Controle;Residencial;0;0;2;0;0;0;0;0;0;1;0;0;-3,776340200000000;-38,608480000000000
308253;1;4;2017;13:10;10614;RUA PRO JACINTO BOTELHO;RUA JUSTINO CAFE NETO;;0;;Colis?úo Transversal;Luz do Dia;Chuva;Molhada;Cruz;Pare;Residencial;0;0;2;1;0;0;0;0;0;0;0;0;-3,758835800000000;-38,490680000000000
308254;1;4;2017;13:00;0;RUA JOSE SOMBRA;;;551;;Queda;Luz do Dia;Chuva;Molhada;Meio de Quadra;N?úo H?í Controle;Residencial;0;0;0;1;0;0;0;0;0;0;0;0;-3,737271300000000;-38,546394000000000
308255;1;4;2017;14:30;0;AV GODOFREDO MACIEL;;;2921;;Colis?úo Traseira;Luz do Dia;Nublado;Molhada;Meio de Quadra;Sem?íforo;Comercial;0;0;2;1;0;0;0;0;0;0;0;0;-3,801287400000000;-38,571346000000000
308256;1;4;2017;14:00;9158;RUA MARIO MAMEDE;AV LUCIANO CARNEIRO;;0;;Choque c/ Obst?ículo Fixo;Luz do Dia;Nublado;Molhada;Cruz;Sem?íforo;Residencial;0;0;1;0;0;0;0;0;0;0;0;0;-3,749089500000000;-38,531765000000000
308257;1;4;2017;15:34;12842;RUA JAIME BENEVOLO;RUA CARLOS GOMES;;0;;Colis?úo Transversal;Luz do Dia;Chuva;Molhada;Cruz;Pare;Residencial;0;1;1;1;0;0;0;1;0;0;0;0;-3,740846900000000;-38,528294000000000
308258;1;4;2017;16:55;25116;AV ROGACIANO LEITE;RUA PDE FRANCISCO PITA;;0;;Colis?úo Transversal;Luz do Dia;Chuva;Molhada;Cruz;Pare;Comercial;0;2;1;1;0;0;0;0;0;1;0;0;-3,781047600000000;-38,501858000000000
308259;1;4;2017;16:50;0;AV PRS COSTA E SILVA;;;4305;;Colis?úo Traseira;Luz do Dia;Chuva;Molhada;Meio de Quadra;Sem?íforo;Comercial;0;1;1;1;0;0;0;0;0;1;0;0;-3,825263700000000;-38,541320000000000
308260;1;4;2017;18:48;0;AV HIS RAIMUNDO GIRAO;;;474;;Colis?úo Lateral;Via Iluminada;Chuva;Molhada;Meio de Quadra;Sem?íforo;Comercial;0;1;1;0;1;0;0;0;0;1;0;0;-3,726770000000000;-38,495270000000000
308250;1;4;2017;08:07;5099;RUA SEN ALENCAR;AV TRISTAO GONCALVES;;0;;Colis?úo Transversal;Luz do Dia;Chuva;Molhada;Cruz;Pare;Comercial;0;0;2;1;0;0;0;0;0;0;0;0;-3,723554800000000;-38,532196000000000
308251;1;4;2017;08:00;5437;RUA METON DE ALENCAR;RUA FLORIANO PEIXOTO;;0;;Colis?úo Transversal;Luz do Dia;Chuva;Molhada;Cruz;Pare;Comercial;0;0;2;1;0;0;0;0;0;0;0;0;-3,734032200000000;-38,529346000000000
318483;1;4;2017;06:49;0;AV GODOFREDO MACIEL;;;1183;;Queda;Luz do Dia;;;Meio de Quadra;;;0;1;0;0;0;0;0;0;0;1;0;0;-3,787168000000000;-38,566802000000000
318456;1;4;2017;00:01;0;AV MIN JOSE AMERICO;;;0;;Capotamento;;;;Meio de Quadra;;;0;1;0;1;0;0;0;0;0;0;0;0;;
318457;1;4;2017;01:09;0;AV ENG HUMBERTO MONTE;;;2754;;Colis?úo;;;;Meio de Quadra;;;0;1;0;1;0;0;0;0;0;1;0;0;-3,739883000000000;-38,568167000000000
318458;1;4;2017;03:16;0;AV D CJ CEARA;;;0;;Colis?úo;;;;Meio de Quadra;;;0;1;0;1;0;0;0;0;0;0;0;0;;
318459;1;4;2017;03:42;0;AV PRS CASTELO BRANCO;;;0;;Acidente Pessoal;;;;Meio de Quadra;;;0;1;0;0;0;0;0;0;0;1;0;0;;
318460;1;4;2017;04:50;0;RUA LEANDRO HENRIQUE;;;1539;;Atropelamento;;;;Meio de Quadra;;;0;1;0;0;0;0;1;0;0;0;0;0;-3,812662700000000;-38,626143000000000
318494;1;4;2017;13:12;0;RUA COSTA BARROS;;;1090;;Colis?úo;Luz do Dia;;;Meio de Quadra;;;0;1;0;1;0;0;0;0;0;0;0;0;-3,729596000000000;-38,513866000000000
318495;1;4;2017;13:18;0;RUA CEL DIONISIO ALENCAR;;;544;;Colis?úo;Luz do Dia;;;Meio de Quadra;;;0;1;0;1;0;0;0;0;0;0;0;0;-3,834271000000000;-38,488781000000000
318488;1;4;2017;11:24;0;AV MAJ ASSIS;;;2197;;Colis?úo;Luz do Dia;;;Meio de Quadra;;;0;1;0;1;0;0;0;0;0;1;0;0;-3,720928000000000;-38,599268000000000
318486;1;4;2017;08:44;0;AV GAL OSORIO DE PAIVA;;;1127;;Colis?úo;Luz do Dia;;;Meio de Quadra;;;0;0;1;0;0;0;0;0;0;0;0;0;-3,779151000000000;-38,572090000000000
318530;1;4;2017;21:51;0;RUA MOZART PINTO;;;259;;Atropelamento;;;;Meio de Quadra;;;0;1;0;0;0;0;0;0;0;1;0;0;-3,727179000000000;-38,552055000000000
318531;1;4;2017;22:52;0;RUA ANTONIETA CLOTILDE;;;883;;Queda;;;;Meio de Quadra;;;0;1;0;0;0;0;0;0;0;1;0;0;-3,716915000000000;-38,586291000000000
318532;1;4;2017;23:41;0;AV SEN FERNANDES TAVORA;;;1002;;Colis?úo;;;;Meio de Quadra;;;0;2;0;1;0;0;0;0;0;1;0;0;-3,762203000000000;-38,582131000000000
318518;1;4;2017;18:13;0;AV PRS JUSCELINO KUBITSCHEK (PASSAR?ë);;;0;;Atropelamento;Anoitecer;;;Meio de Quadra;;;0;1;0;1;0;0;0;0;0;0;0;0;;
318519;1;4;2017;18:18;0;AV GAL OSORIO DE PAIVA;;;7815;;Colis?úo;Anoitecer;;;Meio de Quadra;;;0;1;0;1;0;0;0;0;0;1;0;0;-3,820511000000000;-38,617369000000000
318521;1;4;2017;19:41;10054;RUA ANTONIO NERY;RUA OLIVEIRA SOBRINHO;;0;;Colis?úo;;;;Cruz;Pare;Comercial;0;0;1;1;0;0;0;0;0;1;0;0;-3,778827000000000;-38,600388000000000
318522;1;4;2017;19:52;0;AV MAJ ASSIS;;;1639;;Atropelamento;;;;Meio de Quadra;;;0;1;0;0;0;0;0;0;0;1;0;0;-3,722189000000000;-38,594075000000000
318523;1;4;2017;20:50;0;RUA BETEL;;;0;;Queda;;;;Meio de Quadra;;;0;1;0;0;0;1;0;0;0;0;0;0;;
318498;1;4;2017;14:42;0;AV ANTONIO SALES;;;3500;;Colis?úo;Luz do Dia;;;Meio de Quadra;;;0;1;0;1;0;0;0;0;0;1;0;0;-3,748361000000000;-38,492833000000000
318491;1;4;2017;12:07;0;AV GAL OSORIO DE PAIVA;;;7000;;Colis?úo;Luz do Dia;;;Meio de Quadra;;;0;1;0;0;0;0;0;0;0;0;0;0;-3,814205000000000;-38,611278000000000
318504;1;4;2017;15:12;0;RUA JULIO BRAGA;;;918;;Queda;Luz do Dia;;;Meio de Quadra;;;0;1;0;0;0;0;0;0;0;1;0;0;-3,775894000000000;-38,579233000000000
318505;1;4;2017;15:23;0;AV ANTONIO SALES;;;2031;;Colis?úo;Luz do Dia;;;Meio de Quadra;;;0;1;0;0;0;0;0;0;0;0;0;0;-3,744393000000000;-38,505810000000000
318506;1;4;2017;16:02;0;RUA 10 CJ JOSE WALTER;;;1515;;Queda;Luz do Dia;;;Meio de Quadra;;;0;1;0;0;0;0;0;0;0;1;0;0;-3,822570100000000;-38,557722500000000
318500;1;4;2017;14:52;0;AV WASHINGTON SOARES;;;2469;;Colis?úo;Luz do Dia;;Molhada;Meio de Quadra;;;0;1;1;1;0;0;0;0;0;1;0;0;;
318509;1;4;2017;16:35;0;RUA VALPARAISO;;;0;;Queda;Luz do Dia;;;Meio de Quadra;;;0;1;0;0;0;0;0;0;0;1;0;0;;
318514;1;4;2017;17:38;5381;AV IMPERADOR;RUA METON DE ALENCAR;;0;;Atropelamento;Anoitecer;;;;N?úo H?í Controle;Comercial;0;1;0;0;0;0;0;0;0;0;0;0;-3,731966000000000;-38,535869000000000
318515;1;4;2017;17:55;0;AV D CJ JOSE WALTER;;;300;;Atropelamento;Anoitecer;;;Meio de Quadra;;;0;1;0;1;0;0;0;0;0;0;0;0;;
318512;1;4;2017;17:08;0;AV CASTELO DE CASTRO;;;0;;Queda;Anoitecer;;;Meio de Quadra;;;0;1;0;0;0;0;0;0;0;1;0;0;;
318525;1;4;2017;20:56;0;RUA JOSE CAVALCANTE SOBR;;;120;;Colis?úo;;;;Meio de Quadra;;;0;2;0;1;0;0;0;0;0;1;0;0;-3,836663000000000;-38,486682000000000
305838;1;4;2017;11:35;0;RUA CEL MATOS DOURADO;;;820;;Colis?úo;Luz do Dia;;;Meio de Quadra;;;1;0;0;1;0;0;0;0;0;1;0;0;-3,746573000000000;-38,584826000000000
305359;1;4;2017;14:10;15133;RUA MON BRUNO;RUA DR ATUALPA BARBOSA LIMA (P. IRACEMA);;0;;Colis?úo Lateral;Luz do Dia;;;;;;0;0;2;1;0;0;0;0;0;0;0;0;-3,723800000000000;-38,506645000000000
305360;1;4;2017;07:00;0;AV PRS CASTELO BRANCO;;;4731;;Atropelamento;Luz do Dia;;;Meio de Quadra;;;0;2;0;0;0;0;0;0;0;1;0;0;-3,706338000000000;-38,574044000000000
296036;1;4;2017;05:15;0;RUA DO MATADOURO;;;1561;;Choque c/ Obst?ículo Fixo;Amanhecer;;;Meio de Quadra;;;1;0;0;0;0;0;0;0;0;1;0;0;-3,806315320000000;-38,545201478000000
305362;1;4;2017;12:20;0;AV PRS COSTA E SILVA;;;213;;Engavetamento;Luz do Dia;;;Meio de Quadra;;;0;0;4;1;0;0;0;0;0;0;0;0;;
305363;1;4;2017;05:15;0;AV LINEU MACHADO;;;419;JOCKEY CLUBE;Colis?úo Traseira;Amanhecer;;;Meio de Quadra;;;0;1;1;0;1;0;0;0;0;1;0;0;-3,764716000000000;-38,576251000000000
305364;1;4;2017;16:00;26278;RUA PRIMEIRO DE JANEIRO;RUA MILTON BARBOSA DE SOUZA;;0;;Colis?úo Lateral;Luz do Dia;;;;;;0;0;2;1;0;0;0;0;0;0;0;0;;
305365;1;4;2017;13:30;10730;AV SEN FERNANDES TAVORA;RUA VITORIA (AV. PERIMETRAL);;0;;Colis?úo Lateral;Luz do Dia;;;Cruz;Sem?íforo Intermitente;Comercial;0;0;2;1;0;0;0;0;0;1;0;0;-3,760193000000000;-38,585903000000000
305366;1;4;2017;18:45;9087;AV AGUANAMBI;RUA DR JOSE VITOR;;0;;Colis?úo Traseira;;;;Cruz;Pare;Comercial;0;0;2;1;0;0;0;0;0;1;0;0;-3,747548000000000;-38,524576000000000
305356;1;4;2017;17:30;22719;AV ENG LEAL LIMA VERDE (SAPIRANGA/COITE);RUA EUCLIDES O DE SOUSA;;0;;Colis?úo Transversal;Anoitecer;;;Cruz;Pare;Residencial;0;1;1;1;0;0;0;0;0;1;0;0;-3,797866000000000;-38,475497000000000
305377;1;4;2017;13:00;15139;AV MON TABOSA;RUA BAR ARACATI;;0;;Colis?úo;Luz do Dia;;;Cruz;Pare;Outros;0;0;4;1;0;0;0;0;0;0;0;0;-3,724226000000000;-38,509158000000000
305373;1;4;2017;15:20;0;RUA JULIO BRAGA;;;909;;Outros;Luz do Dia;;;Meio de Quadra;;;0;1;0;0;0;0;0;0;0;1;0;0;-3,775874000000000;-38,579302000000000
305370;1;4;2017;11:34;26227;AV GAL OSORIO DE PAIVA;RUA AGAMENON;;0;;Colis?úo Traseira;Luz do Dia;;;Cruz;Sem?íforo;Comercial;0;0;2;1;0;0;0;0;0;0;0;0;;
305395;1;4;2017;15:40;0;AV ALM HENRIQUE SABOIA;;;0;;Colis?úo Traseira;Luz do Dia;;;Meio de Quadra;;;0;0;2;1;0;0;0;1;0;0;0;0;;
305390;1;4;2017;02:30;0;AV BORGES DE MELO;;;201;;Colis?úo Traseira;;;;Meio de Quadra;;;0;0;2;1;0;0;0;0;0;0;0;0;-3,761351000000000;-38,519958000000000
305392;1;4;2017;12:30;1656;RUA BENI DE CARVALHO;RUA PRO DIAS DA ROCHA;;0;;Colis?úo Transversal;Luz do Dia;;;Cruz;Pare;Residencial;0;1;1;1;0;0;0;0;0;0;0;0;-3,745994000000000;-38,495024000000000
305387;1;4;2017;13:00;15139;AV MON TABOSA;RUA BAR ARACATI;;0;;Colis?úo;Luz do Dia;;;Cruz;Pare;Outros;0;0;2;1;0;0;0;0;0;0;0;0;-3,724226000000000;-38,509158000000000
305381;2;4;2017;21:00;0;RUA POMPILIO GOMES;;;1071;;Choque c/ Obst?ículo Fixo;Mal Iluminada;Bom;Seca;Meio de Quadra;N?úo H?í Controle;Residencial;0;1;3;1;0;0;0;0;0;1;0;0;-3,821305000000000;-38,520867000000000
305396;2;4;2017;07:55;12811;AV DOS EXPEDICIONARIOS;RUA PRE NOVE;;0;;Colis?úo Traseira;Luz do Dia;Bom;Seca;T;Sem?íforo;Comercial;0;0;2;1;0;0;0;0;0;0;0;0;-3,755028000000000;-38,538172000000000
305389;2;4;2017;21:00;5256;RUA COSTA BARROS;RUA DNA LEOPOLDINA;;0;;Colis?úo Transversal;Via Iluminada;Bom;Seca;Cruz;Sem?íforo;Residencial;0;0;2;1;0;0;0;0;0;1;0;0;-3,728094000000000;-38,518600000000000
305378;2;4;2017;10:00;15823;RUA CEL ERNESTO MATOS;RUA MANUEL CASTELO BRANCO;;0;;Colis?úo Traseira;Luz do Dia;Bom;Seca;Cruz;Sem?íforo;Comercial;0;0;2;1;0;0;0;0;0;1;0;0;-3,832449000000000;-38,490083000000000
305398;2;4;2017;19:30;23508;RUA ANA GONCALVES;RUA ESV PINHEIRO;;0;;Colis?úo Transversal;Via Iluminada;Bom;Seca;Cruz;Pare;Comercial;0;0;2;1;0;0;0;0;0;1;0;0;-3,759119000000000;-38,507799000000000
296054;2;4;2017;06:10;0;RUA PDE PEDRO DE ALENCAR;;;2221;;Colis?úo;Luz do Dia;;;Meio de Quadra;;;1;0;1;1;0;0;0;0;0;1;0;0;-3,848328000000000;-38,494803000000000
325694;2;4;2017;08:15;0;RD BR 222;;;200;KM-03;Colis?úo Traseira;Luz do Dia;;Seca;Meio de Quadra;;;0;1;1;1;0;0;0;0;0;1;0;0;;
318540;2;4;2017;07:09;0;RUA CON DE CASTRO;;;6141;;Colis?úo;Luz do Dia;;;Meio de Quadra;;;0;0;1;1;0;0;0;0;0;1;0;0;-3,816100000000000;-38,599887000000000
318542;2;4;2017;09:02;21483;AV MIN JOSE AMERICO;RUA ARAUJO TORREAO;;0;;Colis?úo;Luz do Dia;;;Cruz;N?úo H?í Controle;Residencial;0;1;0;1;0;0;0;0;0;1;0;0;-3,811926000000000;-38,497336000000000
318543;2;4;2017;10:34;0;AV ALM HENRIQUE SABOIA;;;0;;Colis?úo;Luz do Dia;;;Meio de Quadra;;;0;1;0;1;0;1;0;0;0;0;0;0;;
318544;2;4;2017;11:51;0;AV COSTA OESTE;;;0;;Queda;Luz do Dia;;;Meio de Quadra;;;0;1;0;0;0;0;0;0;0;1;0;0;;
318545;2;4;2017;12:09;0;AV PRO JOSE ARTHUR CARVALHO;;;524;;Atropelamento;Luz do Dia;;;Meio de Quadra;;;0;1;0;0;0;0;0;0;0;1;0;0;-3,826336000000000;-38,474263000000000
318549;2;4;2017;14:54;19548;RUA MAGNOLIA;AV DR SILAS MUNGUBA;;0;;Colis?úo;Luz do Dia;;;;;;0;1;0;1;0;0;0;0;0;1;0;0;-3,782811000000000;-38,554776000000000
318547;2;4;2017;14:22;0;AV DOMINGOS OLIMPIO;;;2105;;Atropelamento;Luz do Dia;;;Meio de Quadra;;;0;1;0;1;0;0;0;0;0;0;0;0;-3,732993000000000;-38,542388000000000
318554;2;4;2017;15:25;0;RUA JOAQUIM CORREIA;;;1694;;Colis?úo;Luz do Dia;;;Meio de Quadra;;;0;1;0;0;0;0;0;0;0;1;0;0;;
318552;2;4;2017;15:23;0;RUA JACINTO MATOS;;;22;;Atropelamento;Luz do Dia;;;Meio de Quadra;;;0;1;0;1;0;0;0;0;0;0;0;0;-3,719410200000000;-38,546957800000000
318558;2;4;2017;16:12;0;AV GAL OSORIO DE PAIVA;;;773;;Capotamento;Luz do Dia;;;Meio de Quadra;;;0;1;0;1;0;0;0;0;0;0;0;0;-3,777317000000000;-38,569180000000000
318556;2;4;2017;15:38;5283;AV SANTOS DUMONT;AV DOM MANUEL;;0;;Colis?úo;Luz do Dia;;;Cruz;Sem?íforo;Comercial;0;1;0;0;0;0;1;0;0;1;0;0;-3,728774000000000;-38,521250000000000
318560;2;4;2017;16:31;0;AV GODOFREDO MACIEL;;;0;;Queda;Luz do Dia;;;Meio de Quadra;;;0;1;0;0;0;0;0;0;0;1;0;0;;
318572;2;4;2017;17:56;0;AV L CJ CEARA;;;1180;;Colis?úo;Anoitecer;;;Meio de Quadra;;;0;0;1;1;0;0;0;0;0;1;0;0;;
318573;2;4;2017;18:04;0;RUA JARDIM FLUMINENSE;;;1041;;Colis?úo;Anoitecer;;;Meio de Quadra;;;0;1;0;0;0;0;0;0;0;0;0;0;-3,812357000000000;-38,598741000000000
318569;2;4;2017;16:45;0;RUA CON DE CASTRO;;;6128;;Atropelamento;Luz do Dia;;;Meio de Quadra;;;0;1;0;0;0;0;0;0;0;1;0;0;-3,815432000000000;-38,599405000000000
318570;2;4;2017;17:25;0;AV GODOFREDO MACIEL;;;5628;;Colis?úo;Anoitecer;;;Meio de Quadra;;;0;1;0;1;0;0;0;0;0;0;0;0;-3,824396000000000;-38,578802000000000
318567;2;4;2017;16:41;0;RUA 43 CJ JOSE WALTER;;;47;;Queda;Luz do Dia;;;Meio de Quadra;;;0;1;0;0;0;0;0;0;0;1;0;0;-3,825704000000000;-38,555414000000000
318533;2;4;2017;00:01;0;RUA CON DE CASTRO;;;7158;;Colis?úo;;;;Meio de Quadra;;;0;2;0;1;0;0;0;0;0;1;0;0;-3,817374000000000;-38,600839000000000
318534;2;4;2017;00:57;0;RUA OSCAR FRANCA;;;189;;Atropelamento;;;;Meio de Quadra;;;0;1;0;1;0;0;0;0;0;0;0;0;-3,793802000000000;-38,593931000000000
318535;2;4;2017;01:33;15327;RUA ANA BILHAR;AV SEN VIRGILIO TAVORA;;0;;Atropelamento;;;;Cruz;Sem?íforo;Comercial;0;1;0;0;0;0;0;0;0;0;0;0;-3,730893000000000;-38,491262000000000
318536;2;4;2017;02:07;10995;RUA ALM RUBIM;RUA 15 DE NOVEMBRO;;0;;Colis?úo;;;;Cruz;Pare;Comercial;0;1;0;0;0;0;0;0;0;0;0;0;-3,768907000000000;-38,555939000000000
318537;2;4;2017;04:00;0;RUA BELISARIO TAVORA;;;533;;Queda;;;;Meio de Quadra;;;0;0;1;0;0;1;0;0;0;0;0;0;-3,760305000000000;-38,505398000000000
318538;2;4;2017;04:56;0;AV ALBERTO NEPOMUCENO;;;0;;Atropelamento;;;;Meio de Quadra;;;0;1;0;0;0;0;0;0;0;0;0;0;;
318577;2;4;2017;18:35;0;RUA MARIA GOMES DE SA;;;0;;Queda;;;;Meio de Quadra;;;0;2;0;0;0;0;0;0;0;1;0;0;;
318578;2;4;2017;18:45;0;AV WASHINGTON SOARES;;;8494;;Colis?úo;;;;Meio de Quadra;;;0;1;0;1;0;0;0;0;0;1;0;0;-3,826566000000000;-38,481824000000000
318575;2;4;2017;18:29;0;AV BEZERRA DE MENEZES;;;0;;Queda;Anoitecer;;;Meio de Quadra;;;0;0;1;0;0;0;0;0;0;1;0;0;;
318582;2;4;2017;20:58;0;RUA LUIS VIEIRA;;;739;;Queda;;;;Meio de Quadra;;;0;1;0;0;0;0;0;0;0;1;0;0;-3,792052000000000;-38,588172000000000
318583;2;4;2017;21:05;0;AV CEL CARVALHO;;;567;;Colis?úo;;;;Meio de Quadra;;;0;1;0;0;0;0;0;0;0;0;0;0;-3,746741800000000;-38,525221700000000
318584;2;4;2017;21:16;0;RUA PITAGUARI;;;2182;;Colis?úo;;;;Meio de Quadra;;;0;1;0;1;0;0;0;0;0;1;0;0;;
318589;2;4;2017;23:47;0;RUA TEODOMIRO DE CASTRO;;;4507;;Colis?úo;;;;Meio de Quadra;;;0;2;0;1;0;0;0;0;0;0;0;0;-3,718247000000000;-38,573285000000000
318586;2;4;2017;21:30;25007;RUA ROMEU MARTINS;AV JOAO PESSOA;;0;;Atropelamento;;;;T;Pare;Comercial;0;1;0;0;0;0;0;0;0;0;0;0;-3,762774000000000;-38,557972000000000
318587;2;4;2017;21:57;0;RUA CEL VIRGILIO NOGUEIRA (BOM JARDIM);;;92;;Queda;;;;Meio de Quadra;;;0;1;0;0;0;0;0;0;0;1;0;0;;
308261;2;4;2017;02:46;0;RUA BAR SOBRAL;RUA ALM RUFINO;;1;;Colis?úo Transversal;Via Iluminada;Bom;Seca;Cruz;Pare;Comercial;0;0;2;1;0;0;0;0;0;0;0;0;-3,766681400000000;-38,554940000000000
308262;2;4;2017;07:03;0;AV PRS CASTELO BRANCO;;;255;;Colis?úo Lateral;Luz do Dia;Bom;Seca;Meio de Quadra;N?úo H?í Controle;Comercial;0;0;2;1;1;0;0;0;0;0;0;0;-3,723403200000000;-38,520664000000000
308263;2;4;2017;04:17;0;RUA ILDEFONSO ALBANO;;;165;;Choque c/ Obst?ículo Fixo;Amanhecer;Nublado;Seca;Meio de Quadra;N?úo H?í Controle;Residencial;0;0;0;1;0;0;0;0;0;0;0;0;-3,722511500000000;-38,509857000000000
308264;2;4;2017;13:23;0;AV PERIMETRAL;;;0;;Colis?úo Traseira;Luz do Dia;Bom;Seca;Meio de Quadra;Sem?íforo;Industrial;0;0;1;1;0;0;0;0;0;0;0;0;-3,825875300000000;-38,538986000000000
308265;2;4;2017;15:46;0;AV ENG HUMBERTO MONTE;;;0;;Colis?úo Traseira;Luz do Dia;Bom;Seca;Meio de Quadra;Sem?íforo;Comercial;0;0;0;1;0;0;0;0;0;0;0;0;-3,744496300000000;-38,564457000000000
308266;2;4;2017;19:13;4250;AV FRANCISCO SA;RUA PDE ANCHIETA;;0;;Colis?úo Transversal;Via Iluminada;Bom;Seca;Cruz;Sem?íforo;Comercial;0;0;2;1;0;0;0;0;0;0;0;0;-3,719982400000000;-38,549847000000000
324197;2;4;2017;15:00;0;AV SEN CARLOS JEREISSATI (AEROPORTO);;;0;KM 01;Colis?úo;Luz do Dia;;Seca;Meio de Quadra;;;0;0;2;1;0;0;0;0;0;0;0;0;-3,783753000000000;-38,526850000000000
324226;3;4;2017;06:50;0;AV SEN CARLOS JEREISSATI (AEROPORTO);;;0;KM 03;Colis?úo;Luz do Dia;;Seca;Meio de Quadra;;;0;0;1;1;0;0;0;0;0;0;0;0;-3,779641000000000;-38,544038000000000
324231;3;4;2017;16:00;0;RD CE-040;;;0;KM-01;Colis?úo;Luz do Dia;;Seca;Meio de Quadra;;;0;0;2;1;0;0;0;0;0;1;0;0;-3,764650449000000;-38,482583040000000
324234;3;4;2017;15:40;0;RD CE-040;;;0;KM-11;Colis?úo;Luz do Dia;;Seca;Meio de Quadra;;;0;1;1;1;0;0;0;0;0;1;0;0;-3,849626230000000;-38,476069890000000
324238;3;4;2017;08:00;0;RD CE-040;;;500;KM-04;Colis?úo;Luz do Dia;;Seca;Meio de Quadra;;;0;0;2;1;0;0;0;0;0;0;0;0;-3,758202224000000;-38,486704000000000
324243;3;4;2017;12:40;0;AV SEN CARLOS JEREISSATI (AEROPORTO);;;0;KM 01;Colis?úo;Luz do Dia;;Seca;Meio de Quadra;;;0;0;2;1;0;0;0;0;0;0;0;0;-3,783753000000000;-38,526850000000000
324246;3;4;2017;16:00;0;RD CE-040;;;0;KM-01;Colis?úo;Luz do Dia;;Seca;Meio de Quadra;;;0;0;2;0;0;0;0;0;0;1;0;0;-3,764650449000000;-38,482583040000000
308267;3;4;2017;06:40;5047;RUA DR JOAO MOREIRA;RUA VINTE E QUATRO DE MAIO;;0;;Colis?úo Lateral;Luz do Dia;Chuva;Molhada;Outros;N?úo H?í Controle;Comercial;0;0;2;1;1;0;0;0;0;0;0;0;-3,721811800000000;-38,530130000000000
308268;3;4;2017;07:15;9153;RUA PAULA RODRIGUES;AV 13 DE MAIO;;19;;Colis?úo Transversal;Luz do Dia;Bom;Seca;Cruz;Sem?íforo;Residencial;0;0;2;1;1;0;0;0;0;0;0;0;-3,752437800000000;-38,526047000000000
308270;3;4;2017;08:52;19708;RUA PRO LINO ENCARNACAO;RUA GUSTAVO SAMPAIO;;0;;Colis?úo Transversal;Luz do Dia;Bom;Seca;Cruz;Pare;Comercial;0;1;1;0;0;0;0;0;0;1;0;0;-3,736508600000000;-38,561554000000000
308271;3;4;2017;09:36;12404;AV SEN FERNANDES TAVORA;AV LINEU MACHADO;;0;;Colis?úo Lateral;Luz do Dia;Nublado;Seca;Cruz;Sem?íforo;Comercial;0;0;2;1;0;0;0;0;0;0;0;0;-3,765364000000000;-38,576360000000000
308272;3;4;2017;08:10;0;AV DES MOREIRA;;;3033;;Colis?úo Traseira;Luz do Dia;Bom;Seca;Meio de Quadra;Sem?íforo;Comercial;0;0;2;1;0;0;0;0;0;0;0;0;-3,753748400000000;-38,503910000000000