COD_ACIDENTE;DIA;MES;ANO;HORA;INTERSECAO;LOG1;LOG2;LOG3;NUMERO;REFERENCIA;NATUREZA;ILUMINACAO;TEMPO;SUPERFICIEPISTA;TIPOCRUZAMENTO;CONTROLETRAFEGO;USOSOLO;MORTOS;FERIDOS;ILESOS;AUTOMOVEL;ONIBUS;BICICLETA;CAMINHAO;MICROONIBUS;CICLOMOTOR;MOTOCICLETA;TRACAOANIMAL;TREM;LATITUDE;LONGITUDE
308273;3;4;2017;10:09;5235;RUA PRC ISABEL;RUA PEDRO PEREIRA;;1;;Colis?úo Transversal;Luz do Dia;Bom;Seca;Cruz;Pare;Comercial;0;0;2;1;0;0;0;0;0;0;0;0;-3,727321000000000;-38,535670000000000
308274;3;4;2017;10:40;9202;RUA EUSEBIO DE SOUZA;RUA COSTA ARAUJO;;0;;Colis?úo Transversal;Luz do Dia;Bom;Seca;Cruz;Pare;Residencial;0;0;2;1;0;0;0;0;0;0;0;0;-3,747635400000000;-38,528830000000000
308275;3;4;2017;10:40;0;AV AGUANAMBI;;;67;RIAN TECIDOS;Engavetamento;Luz do Dia;Bom;Seca;Meio de Quadra;Sem?íforo;Comercial;0;0;3;1;1;0;0;0;0;1;0;0;-3,737321000000000;-38,524010000000000
308276;3;4;2017;10:57;0;RUA NELSON COELHO;;;209;;Acidente Pessoal;Luz do Dia;Bom;Seca;Meio de Quadra;Pare;Escola;0;2;1;0;1;0;0;0;0;0;0;0;-3,827189400000000;-38,464290000000000
308277;3;4;2017;15:18;1490;RUA DES LEITE ALBUQUERQUE;RUA CEL JUCA;;0;;Colis?úo Traseira;Luz do Dia;Bom;Seca;Cruz;Pare;Residencial;0;0;3;1;0;0;0;0;0;0;0;0;-3,739505300000000;-38,492035000000000
308278;3;4;2017;16:20;1550;RUA PDE VALDEVINO;RUA DR JOSE LOURENCO;;0;;Colis?úo Lateral;Luz do Dia;Bom;Seca;Cruz;Sem?íforo;Comercial;0;0;2;0;0;0;0;0;0;1;0;0;-3,741193500000000;-38,509953000000000
308279;3;4;2017;16:39;1447;RUA EDUARDO GARCIA;RUA TORRES CAMARA;;0;;Colis?úo Lateral;Luz do Dia;Bom;Seca;Cruz;Pare;Residencial;0;1;1;1;0;0;0;0;0;1;0;0;-3,740811800000000;-38,490913000000000
308281;3;4;2017;18:20;14652;RUA MARVIN;RUA LOURIVAL C PINHO;;0;;Colis?úo Transversal;Via Iluminada;Bom;Seca;Cruz;Pare;Residencial;0;0;0;1;0;0;0;0;0;0;0;0;-3,793523300000000;-38,483566000000000
308282;3;4;2017;18:49;15227;AV ABOLICAO;AV DES MOREIRA;;0;;Colis?úo Traseira;Via Iluminada;Bom;Seca;Cruz;Sem?íforo;Comercial;0;0;2;1;1;0;0;0;0;0;0;0;-3,727580500000000;-38,495117000000000
308283;3;4;2017;15:15;501;AV SEN FERNANDES TAVORA;RUA RAIMUNDO RIBEIRO;;0;;Colis?úo Lateral;Luz do Dia;Bom;Seca;Cruz;Pare;Residencial;0;0;2;0;0;0;0;0;0;1;0;0;-3,755901600000000;-38,594337000000000
308284;3;4;2017;20:24;0;AV DOM LUIS;;;0;PRACA PORTUGAL;Colis?úo Transversal;Via Iluminada;Bom;Seca;Rotat??ria;Sem?íforo;Comercial;0;0;2;1;1;0;0;0;0;0;0;0;-3,732987600000000;-38,497803000000000
308285;3;4;2017;18:40;0;AV ALBERTO NEPOMUCENO;;;199;;Colis?úo Lateral;Via Iluminada;Bom;Seca;T;Pare;Comercial;0;0;1;1;1;0;0;0;0;0;0;0;-3,848813800000000;-38,477184000000000
308286;3;4;2017;19:15;7957;AV PONTES VIEIRA;AV BAR STUDART;;942;;Colis?úo Transversal;Via Iluminada;Bom;Seca;T;Sem?íforo;Comercial;0;0;2;1;0;0;0;0;0;1;0;0;-3,752459500000000;-38,512560000000000
308310;3;4;2017;09:11;9148;RUA DOM SEBASTIAO LEME;RUA GUILHERME MOREIRA;;0;;Colis?úo Lateral;Luz do Dia;Nublado;Molhada;Cruz;Pare;Residencial;0;0;2;1;0;0;0;1;0;0;0;0;-3,750136000000000;-38,525540000000000
318594;3;4;2017;08:05;19224;AV SANTOS DUMONT;RUA FRANCISCO MATOS;;0;;Queda;Luz do Dia;;;Cruz;Sem?íforo;Comercial;0;1;0;0;0;0;0;0;0;1;0;0;-3,745497000000000;-38,469675000000000
318591;3;4;2017;07:25;0;AV MR HULL;;;0;;Queda;Luz do Dia;;;Meio de Quadra;;;0;1;0;0;0;1;0;0;0;0;0;0;;
318597;3;4;2017;08:43;0;AV I CJ CEARA;;;165;;Colis?úo;Luz do Dia;;;Meio de Quadra;;;0;2;0;1;0;0;0;0;0;1;0;0;-3,766041000000000;-38,599167000000000
318601;3;4;2017;09:25;0;AV GAL OSORIO DE PAIVA;;;4771;;Colis?úo;Luz do Dia;;;Meio de Quadra;;;0;1;0;0;0;0;0;0;0;1;0;0;-3,800696000000000;-38,598162000000000
318612;3;4;2017;11:58;0;AV CONTORNO NORTE D71;;;1399;;Colis?úo;Luz do Dia;;;Meio de Quadra;;;0;2;0;0;0;0;0;0;0;1;0;0;-3,811750000000000;-38,589511000000000
318606;3;4;2017;10:02;0;AV RAD JOSE LIMA VERDE;;;51;;Colis?úo;Luz do Dia;;;Meio de Quadra;;;0;1;0;1;0;0;0;0;0;0;0;0;;
318607;3;4;2017;10:27;0;RUA VALPARAISO;;;1998;;Colis?úo;Luz do Dia;;;Meio de Quadra;;;0;0;1;0;0;0;0;0;0;1;0;0;-3,846389000000000;-38,519633000000000
318604;3;4;2017;09:36;577;AV FRANCISCO SA;AV DR THEBERGE;;0;;Colis?úo;Luz do Dia;;;Cruz;Sem?íforo;Comercial;0;1;0;1;0;0;0;0;0;1;0;0;-3,714822000000000;-38,565016000000000
318646;3;4;2017;16:19;15144;AV MON TABOSA;AV RUI BARBOSA;;0;;Colis?úo;Luz do Dia;;;Cruz;Sem?íforo;Lazer;0;1;0;1;0;0;0;0;0;1;0;0;-3,724441000000000;-38,505696000000000
318652;3;4;2017;16:23;19037;AV ENG LUIS VIEIRA;AV ENG ALBERTO SA;;0;;Queda;Luz do Dia;;;;;;0;1;0;0;0;1;0;0;0;0;0;0;-3,735530000000000;-38,469684000000000
318653;3;4;2017;18:01;0;AV PRO GOMES DE MATOS;;;297;;Colis?úo;Anoitecer;;;Meio de Quadra;;;0;1;0;1;0;0;0;0;0;1;0;0;-3,756785000000000;-38,541865000000000
318654;3;4;2017;18:20;0;RUA CON BRAVEZA;;;737;;Queda;Anoitecer;;;Meio de Quadra;;;0;1;0;0;0;0;0;0;0;1;0;0;-3,796673000000000;-38,498363000000000
318655;3;4;2017;18:58;10416;RUA PERILIO TEIXEIRA;RUA LUIZ MARIANO;;0;;Colis?úo;;;;Cruz;Pare;Comercial;0;0;1;1;0;0;0;0;0;1;0;0;-3,761521000000000;-38,602264000000000
318643;3;4;2017;15:52;0;RUA PDE PEDRO DE ALENCAR;;;20454;;Atropelamento;Luz do Dia;;;Meio de Quadra;;;0;1;0;0;0;0;1;0;0;0;0;0;;
318644;3;4;2017;16:17;0;RUA PRO HERIBALDO COSTA;;;1843;;Colis?úo;Luz do Dia;;;Meio de Quadra;;;0;0;1;1;0;0;0;0;0;1;0;0;-3,767900000000000;-38,587999000000000
318620;3;4;2017;14:28;0;AV SEN FERNANDES TAVORA;;;2435;;Colis?úo;Luz do Dia;;;Meio de Quadra;;;0;2;0;1;0;0;0;0;0;1;0;0;-3,755827000000000;-38,594511000000000
318621;3;4;2017;15:04;0;RUA BAR RIO BRANCO;;;2944;;Queda;Luz do Dia;;;Meio de Quadra;;;0;1;0;0;0;0;0;0;0;1;0;0;-3,744048000000000;-38,533881000000000
318614;3;4;2017;12:16;0;RUA GAL TOME CORDEIRO;;;831;;Colis?úo;Luz do Dia;;;Meio de Quadra;;;0;1;0;1;0;0;0;0;0;1;0;0;-3,716341500000000;-38,584970900000000
318615;3;4;2017;12:49;0;RUA GAL ALIPIO DOS SANTOS;;;1289;;Colis?úo;Luz do Dia;;;Meio de Quadra;;;0;0;1;1;0;0;0;0;0;1;0;0;-3,733535000000000;-38,596579000000000
318616;3;4;2017;12:51;0;AV AUGUSTO DOS ANJOS;;;1140;;Colis?úo;Luz do Dia;;;Meio de Quadra;;;0;1;0;1;0;0;0;0;0;1;0;0;-3,777069000000000;-38,576448000000000
318617;3;4;2017;13:54;1338;AV BAR STUDART;RUA TORRES CAMARA;;0;;Colis?úo;Luz do Dia;;;Cruz;Sem?íforo;Comercial;0;2;0;1;1;0;0;0;0;0;0;0;-3,735624000000000;-38,506944000000000
318618;3;4;2017;14:03;0;RUA ALEMANHA;;;211;;Queda;Luz do Dia;;;Meio de Quadra;;;0;0;1;0;0;0;0;0;0;1;0;0;-3,780983500000000;-38,559643700000000
318628;3;4;2017;15:18;25165;AV ROGACIANO LEITE;RUA HENRIQUE DE CASTRO;;0;;Colis?úo;Luz do Dia;;;Cruz;Sem?íforo;Comercial;0;1;0;0;0;0;1;0;0;1;0;0;-3,776997000000000;-38,500639000000000
318629;3;4;2017;15:29;0;AV BORGES DE MELO;;;0;;Colis?úo;Luz do Dia;;;Meio de Quadra;;;0;0;1;1;0;0;0;0;0;1;0;0;;
318630;3;4;2017;15:33;0;RUA COLETORA A (MONDUBIM);;;575;;Colis?úo;Luz do Dia;;;Meio de Quadra;;;0;1;0;1;0;0;0;1;0;0;0;0;;
318658;3;4;2017;18:49;0;AV JOSE BASTOS;;;5682;;Colis?úo;;;;Meio de Quadra;;;0;1;0;1;0;0;0;0;0;1;0;0;-3,761363000000000;-38,564999000000000
318662;3;4;2017;19:32;0;AV FRE CIRILO;;;4340;;Colis?úo;;;;Meio de Quadra;;;0;1;0;0;0;0;0;0;0;0;0;0;-3,822182000000000;-38,495294000000000
318663;3;4;2017;19:53;23401;RUA FIS VIEIRA;RUA CAP TIBURCIO DA FROTA;;0;;Colis?úo;;;;Cruz;Pare;Residencial;0;1;0;1;0;0;0;0;0;1;0;0;-3,755115000000000;-38,515629000000000
318660;3;4;2017;19:13;0;RUA CEL JOAQUIM FRANKLIN;;;950;;Queda;;;;Meio de Quadra;;;0;1;0;0;0;1;0;0;0;0;0;0;-3,743549000000000;-38,595277000000000
318666;3;4;2017;20:08;0;RUA MARIO MAMEDE;;;338;;Atropelamento;;;;Meio de Quadra;;;0;1;0;0;0;0;0;0;0;1;0;0;-3,755064000000000;-38,524654000000000
318667;3;4;2017;20:30;0;AV CARAPINIMA;;;0;;Atropelamento;;;;Meio de Quadra;;;0;1;0;0;0;0;0;0;0;0;0;0;;
318670;3;4;2017;21:07;0;RUA STA ROSA (Q. CUNHA);;;305;;Colis?úo;;;;Meio de Quadra;;;0;1;0;0;0;1;0;0;0;1;0;0;;
318671;3;4;2017;22:29;0;AV PERIMETRAL;;;0;;Colis?úo;;;;Meio de Quadra;;;0;0;1;1;0;0;0;0;0;1;0;0;;
296078;3;4;2017;08:15;0;AV IMPERADOR;;;1360;;Atropelamento;Luz do Dia;;;Meio de Quadra;;;1;0;1;0;1;0;0;0;0;0;0;0;-3,733124000000000;-38,536201000000000
296084;3;4;2017;10:50;0;RD BR 116;;;15000;KM-15;Colis?úo Lateral;Luz do Dia;;;Meio de Quadra;;;1;0;1;1;0;0;0;0;0;1;0;0;-3,882329000000000;-38,501113000000000
296087;3;4;2017;10:45;0;AV FRANCISCO SA;;;7630;;Colis?úo Lateral;Luz do Dia;;;Meio de Quadra;;;1;0;1;1;0;1;0;0;0;0;0;0;-3,706312000000000;-38,586168000000000
305399;3;4;2017;00:30;3302;AV GAL OSORIO DE PAIVA;RUA LUIS VIEIRA;;0;;Colis?úo Traseira;Mal Iluminada;Chuva;Molhada;Cruz;Sem?íforo Intermitente;Comercial;0;2;0;1;0;0;0;0;0;1;0;0;-3,790879000000000;-38,588616000000000
305400;3;4;2017;13:30;1338;AV BAR STUDART;RUA TORRES CAMARA;;0;;Colis?úo Transversal;Luz do Dia;Nublado;Seca;Cruz;Sem?íforo;Comercial;0;2;0;1;1;0;0;0;0;0;0;0;-3,735624000000000;-38,506944000000000
305402;3;4;2017;12:05;15251;RUA TIBURCIO CAVALCANTE;RUA ANA BILHAR;;0;;Colis?úo Traseira;Luz do Dia;Nublado;Seca;Cruz;Pare;Escola;0;2;0;1;0;0;0;0;0;0;0;0;-3,728066000000000;-38,500041000000000
305404;3;4;2017;13:00;0;AV 13 DE MAIO;;;1356;;Colis?úo Traseira;Luz do Dia;Bom;Seca;Meio de Quadra;Pare;Comercial;0;2;0;1;1;0;0;0;0;0;0;0;-3,748068000000000;-38,530803000000000
305405;3;4;2017;00:25;0;RUA SAO PAULO;;;0;;Colis?úo Lateral;Anoitecer;Bom;Seca;Meio de Quadra;Pare;Residencial;0;2;0;1;0;0;0;0;0;0;0;0;;
305415;3;4;2017;21:27;5189;RUA PDE IBIAPINA;RUA JULIO PINTO D04;;0;;Colis?úo Frontal;Anoitecer;Bom;Seca;Cruz;Pare;Comercial;0;3;0;1;0;0;0;0;0;1;0;0;-3,725940000000000;-38,540601000000000
305408;3;4;2017;07:55;0;AV PRS CASTELO BRANCO;;;0;;Colis?úo Traseira;Luz do Dia;Bom;Seca;Outros;N?úo H?í Controle;Comercial;0;4;0;1;0;0;0;0;0;0;0;0;;
305410;3;4;2017;15:54;0;AV LINEU MACHADO;;;246;;Colis?úo Lateral;Luz do Dia;Bom;Seca;Meio de Quadra;Pare;Lazer;0;1;0;0;1;0;0;0;0;0;0;0;-3,762240000000000;-38,574974000000000
305411;3;4;2017;09:04;0;AV JOR THOMAZ COELHO;;;2720;;Colis?úo Traseira;Luz do Dia;;;Meio de Quadra;;;0;2;0;1;0;0;0;0;0;1;0;0;-3,828340000000000;-38,518982000000000
305413;3;4;2017;08:40;0;AV DR SILAS MUNGUBA;;;5255;;Colis?úo Traseira;Luz do Dia;Chuva;Molhada;Meio de Quadra;Sem?íforo Intermitente;Residencial;0;3;0;1;0;0;0;0;0;0;0;0;-3,799410000000000;-38,530721000000000
305397;3;4;2017;09:00;0;AV BEZERRA DE MENEZES;;;1169;;Colis?úo Traseira;Luz do Dia;Bom;Seca;Meio de Quadra;Outros;Residencial;0;2;0;1;0;0;0;0;0;0;0;0;-3,733775000000000;-38,555300000000000
305393;3;4;2017;13:50;0;AV CEL CARVALHO;;;1638;;Atropelamento;Luz do Dia;Bom;Seca;Meio de Quadra;N?úo H?í Controle;Residencial;0;2;0;1;0;0;0;0;0;0;0;0;-3,717103000000000;-38,588044000000000
305394;3;4;2017;00:00;0;AV DES MOREIRA;;;3048;;Colis?úo Traseira;Luz do Dia;Bom;Seca;Meio de Quadra;N?úo H?í Controle;Comercial;0;2;0;1;0;0;0;0;0;0;0;0;-3,752818719000000;-38,503710425000000
305418;4;4;2017;10:00;17251;RUA EUGENIO GADELHA;RUA BAR CANINDE;;0;;Colis?úo Transversal;Luz do Dia;Bom;Seca;Cruz;Pare;Residencial;0;2;0;1;0;0;0;0;0;0;0;0;-3,760980000000000;-38,551248000000000
305424;4;4;2017;21:30;21586;RUA CON DE CASTRO;RUA AGAMENON;;0;;Colis?úo Transversal;Via Iluminada;Bom;Seca;T;Pare;Comercial;0;2;0;0;0;0;0;0;0;1;0;0;-3,795357000000000;-38,583003000000000
305425;4;4;2017;09:55;14467;RUA JOAO TOME;RUA HENRIQUE AUTRAN;;0;;Colis?úo Lateral;Luz do Dia;Bom;Seca;Cruz;N?úo H?í Controle;Residencial;0;2;0;1;0;0;0;0;0;0;0;0;-3,727676000000000;-38,547342000000000
305420;4;4;2017;22:35;26236;AV DR SILAS MUNGUBA;RUA BERNARDO MANUEL;;0;;Colis?úo Traseira;;Nublado;Molhada;Cruz;Sem?íforo;Comercial;0;3;0;0;1;0;0;0;0;1;0;0;-3,787538000000000;-38,547960000000000
305421;4;4;2017;18:30;0;AV GODOFREDO MACIEL;;;4265;;Colis?úo Lateral;Via Iluminada;Bom;Seca;Meio de Quadra;N?úo H?í Controle;Residencial;0;5;0;1;0;0;0;0;0;1;0;0;-3,812382900000000;-38,574769900000000
305427;4;4;2017;08:40;5406;RUA ANTONIO POMPEU;RUA PRC ISABEL;;0;;Colis?úo Transversal;Luz do Dia;Nublado;Molhada;Cruz;Pare;Comercial;0;2;0;1;0;0;0;0;0;1;0;0;-3,732693000000000;-38,537283000000000
305433;4;4;2017;10:42;17383;RUA EUZEBIO DE QUEIROS;RUA BAR SOBRAL;;0;;Colis?úo Traseira;Luz do Dia;Bom;Seca;Cruz;Pare;Residencial;0;2;0;1;0;0;0;0;0;0;0;0;-3,767051000000000;-38,554121000000000
305434;4;4;2017;15:49;0;AV FRANCISCO SA;;;3832;;Queda;Luz do Dia;Bom;Seca;Meio de Quadra;;Comercial;0;2;0;1;0;0;0;0;0;1;0;0;-3,716789000000000;-38,559190000000000
305429;4;4;2017;15:00;3797;RUA JUSTINIANO DE SERPA;RUA PDE MORORO;;0;;Colis?úo Lateral;Luz do Dia;Bom;Seca;;Pare;Residencial;0;2;0;1;0;0;0;0;0;0;0;0;-3,737869000000000;-38,541448000000000
305430;4;4;2017;09:10;0;AV BORGES DE MELO;;;0;;Colis?úo Lateral;Luz do Dia;Nublado;Molhada;Meio de Quadra;N?úo H?í Controle;Residencial;0;1;0;1;0;0;1;0;0;0;0;0;;
305416;4;4;2017;18:00;0;AV DEP PAULINO ROCHA;;;552;;Colis?úo Traseira;Anoitecer;Nublado;Seca;Meio de Quadra;Sem?íforo Intermitente;Comercial;0;2;0;1;0;0;0;0;0;1;0;0;;
305468;4;4;2017;17:20;0;AV DEP PAULINO ROCHA;;;49;;Colis?úo Traseira;Luz do Dia;Bom;Molhada;Meio de Quadra;Pare;Comercial;0;2;0;1;0;0;1;0;0;0;0;0;-3,801819000000000;-38,507503000000000
296106;4;4;2017;10:20;15227;AV DES MOREIRA;AV ABOLICAO;;0;;Colis?úo Lateral;Luz do Dia;;;Cruz;Sem?íforo;Comercial;1;1;1;0;0;0;1;0;0;1;0;0;-3,727331000000000;-38,495474000000000
318684;4;4;2017;06:57;0;RUA NAT FEIJO;;;873;;Queda;Luz do Dia;;;Meio de Quadra;;;0;1;0;0;0;0;0;0;0;1;0;0;-3,847831662000000;-38,502806362000000
318681;4;4;2017;06:26;0;RUA TUPI D35;;;0;;Queda;Luz do Dia;;;Meio de Quadra;;;0;1;0;0;0;0;0;0;0;1;0;0;;
318682;4;4;2017;06:37;0;AV GAL OSORIO DE PAIVA;;;0;;Colis?úo;Luz do Dia;;;Meio de Quadra;;;0;1;0;0;0;0;0;0;0;0;0;0;;
318726;4;4;2017;14:56;0;AV OLIVEIRA PAIVA;;;1735;;Colis?úo;Luz do Dia;;;Meio de Quadra;;;0;1;0;1;0;0;0;0;0;1;0;0;-3,795875000000000;-38,490894000000000
318717;4;4;2017;14:45;0;RUA CON DE CASTRO;;;3789;;Queda;Luz do Dia;;;Meio de Quadra;;;0;1;0;0;0;0;0;0;0;1;0;0;-3,799785000000000;-38,587137000000000
318712;4;4;2017;13:38;0;RUA QUINZE (CANINDEZINHO);;;0;;Colis?úo;Luz do Dia;;;Meio de Quadra;;;0;1;0;1;0;0;0;0;0;1;0;0;;
318713;4;4;2017;13:53;0;RUA JOSE CARLOS GURGEL NOGUEIRA;;;480;;Queda;Luz do Dia;;;Meio de Quadra;;;0;2;0;0;0;0;0;0;0;1;0;0;-3,736084000000000;-38,475807000000000
318708;4;4;2017;11:14;0;RUA CEL FABRICIANO;;;1159;;Colis?úo;Luz do Dia;;;Meio de Quadra;;;0;0;1;1;0;0;0;0;0;1;0;0;-3,784335000000000;-38,602222000000000
318710;4;4;2017;11:24;0;AV RAD JOSE LIMA VERDE;;;805;;Colis?úo;Luz do Dia;;;Meio de Quadra;;;0;1;0;1;0;0;0;0;0;1;0;0;-3,699619000000000;-38,587896000000000
318704;4;4;2017;08:05;0;RUA PRO HERIBALDO COSTA;;;2107;;Colis?úo;Luz do Dia;;;Meio de Quadra;;;0;1;0;1;0;0;0;0;0;1;0;0;-3,769956000000000;-38,589045000000000
318702;4;4;2017;07:18;2551;AV FRANCISCO SA;RUA ALBERTO DE OLIVEIRA;;0;;Colis?úo;Luz do Dia;;;Cruz;Pare;Comercial;0;1;0;1;0;0;0;0;0;1;0;0;-3,710829000000000;-38,576582000000000
318697;4;4;2017;07:16;0;RD BR 116;;;0;INTERSE?ç?âO - ANEL VI?üRIO;Colis?úo;Luz do Dia;;;Meio de Quadra;;;0;1;0;1;0;0;0;0;0;1;0;0;-3,871037000000000;-38,498648000000000
318793;4;4;2017;20:26;0;RUA PERDIGAO DE OLIVEIRA;;;469;;Colis?úo;;;;Meio de Quadra;;;0;1;0;0;0;0;0;0;0;0;0;0;-3,775699000000000;-38,573820000000000
318795;4;4;2017;21:18;0;AV PRS COSTA E SILVA;;;0;;Queda;;;;Meio de Quadra;;;0;1;0;0;0;0;0;0;0;1;0;0;;
318796;4;4;2017;21:22;0;RUA ANA GONCALVES;;;558;;Colis?úo;;;;Meio de Quadra;;;0;1;0;0;0;0;0;0;0;1;0;0;-3,759406000000000;-38,511152000000000
318781;4;4;2017;19:08;24272;RUA TAVARES COUTINHO;RUA DR ALOISIO MAMEDE;;0;;Colis?úo;;;;Cruz;Pare;Residencial;0;2;0;1;0;0;0;0;0;1;0;0;-3,732445000000000;-38,483864000000000
318773;4;4;2017;18:09;26278;RUA PRIMEIRO DE JANEIRO;RUA MILTON BARBOSA DE SOUZA;;0;;Colis?úo;Anoitecer;;;Cruz;Pare;Residencial;0;0;1;1;0;0;0;0;0;1;0;0;;
318768;4;4;2017;17:42;15244;RUA JOSE VILAR;RUA DEP MOREIRA DA ROCHA;;0;;Colis?úo;Anoitecer;;;Cruz;Pare;Residencial;0;0;1;1;0;1;0;0;0;0;0;0;-3,727832000000000;-38,502113000000000
318771;4;4;2017;17:47;0;AV GAL OSORIO DE PAIVA;;;4979;;Atropelamento;Anoitecer;;;Meio de Quadra;;;0;1;0;0;0;0;0;0;0;1;0;0;-3,801836000000000;-38,599262000000000
318766;4;4;2017;17:38;12985;AV A CJ JOSE WALTER;AV L CJ JOSE WALTER;;0;;Colis?úo;Anoitecer;;;Cruz;Pare;Residencial;0;1;0;0;0;0;0;0;0;0;0;0;-3,824443000000000;-38,555532000000000
318757;4;4;2017;17:10;0;AV PERIMETRAL;;;596;;Colis?úo;Anoitecer;;;Meio de Quadra;;;0;1;0;1;0;0;0;0;0;1;0;0;;
318758;4;4;2017;17:31;1605;AV DES MOREIRA;RUA PDE VALDEVINO;;0;;Atropelamento;Anoitecer;;;;;;0;1;0;1;0;0;0;0;0;0;0;0;-3,744098000000000;-38,500877000000000
318740;4;4;2017;16:05;0;RUA CON DE CASTRO;;;7250;;Colis?úo;Luz do Dia;;;Meio de Quadra;;;0;1;0;0;0;0;0;0;0;0;0;0;-3,817492000000000;-38,600935000000000
318741;4;4;2017;16:17;0;RUA BERNARDO MANUEL;;;9954;;Colis?úo;Luz do Dia;;;Meio de Quadra;;;0;1;0;1;0;0;0;0;0;1;0;0;-3,804333000000000;-38,553097000000000
318742;4;4;2017;16:19;0;RUA EUZEBIO DE QUEIROS;;;384;;Colis?úo;Luz do Dia;;;Meio de Quadra;;;0;1;0;1;0;0;0;0;0;0;0;0;-3,760808000000000;-38,548842000000000
318743;4;4;2017;16:33;0;AV ROGACIANO LEITE;;;2525;;Queda;Luz do Dia;;;Meio de Quadra;;;0;1;0;0;0;0;0;0;0;1;0;0;-3,779384000000000;-38,501357000000000
318745;4;4;2017;16:45;84;AV MR HULL;RUA PDE PERDIGAO SAMPAIO;;0;;Queda;Luz do Dia;;;Cruz;Sem?íforo;Residencial;0;1;0;0;0;0;0;0;0;1;0;0;-3,740113000000000;-38,594635000000000
308301;4;4;2017;18:00;0;AV GAL OSORIO DE PAIVA;;;4432;;Colis?úo Traseira;Via Iluminada;Bom;Seca;Meio de Quadra;N?úo H?í Controle;Comercial;0;0;2;1;0;0;0;0;0;0;0;0;-3,797164200000000;-38,594933000000000
308302;4;4;2017;18:41;0;RUA BENI DE CARVALHO;;;660;;Colis?úo Lateral;Anoitecer;Bom;Seca;Outros;N?úo H?í Controle;Residencial;0;1;1;0;0;0;0;0;0;1;0;0;-3,746059700000000;-38,494648000000000
308303;4;4;2017;17:35;0;RUA MON SALAZAR;;;200;;Colis?úo Lateral;Via Iluminada;Bom;Seca;Meio de Quadra;N?úo H?í Controle;Residencial;0;0;2;1;0;0;0;0;0;0;0;0;-3,756449500000000;-38,517956000000000
308304;4;4;2017;18:50;0;AV 13 DE MAIO;;;1465;;Colis?úo Traseira;Via Iluminada;Bom;Seca;Meio de Quadra;Sem?íforo;Comercial;0;0;2;1;0;0;0;0;0;0;0;0;-3,747447300000000;-38,531570000000000
308305;4;4;2017;19:51;0;AV JOSE BASTOS;;;2864;;Engavetamento;Luz do Dia;Bom;Seca;Meio de Quadra;N?úo H?í Controle;Comercial;0;0;0;1;0;0;0;0;0;0;0;0;-3,746102600000000;-38,546467000000000
308306;4;4;2017;21:00;1250;AV BAR STUDART;RUA COSTA BARROS;;0;;Colis?úo Lateral;Via Iluminada;Bom;Seca;Cruz;Sem?íforo;Comercial;0;0;1;1;0;0;0;0;0;1;0;0;-3,732268000000000;-38,505800000000000
308287;4;4;2017;06:50;0;AV PRS CASTELO BRANCO;;;3173;;Colis?úo Traseira;Luz do Dia;Chuva;Molhada;Meio de Quadra;Sem?íforo;Comercial;0;0;2;1;1;0;0;0;0;0;0;0;-3,711164200000000;-38,559240000000000
308288;4;4;2017;07:25;15811;AV JOR THOMAZ COELHO;RUA CAP AFRANIO;;1;;Colis?úo Transversal;Luz do Dia;Nublado;Molhada;T;Pare;Comercial;0;0;2;1;0;0;0;0;0;0;0;0;-3,831740000000000;-38,495365000000000
308289;4;4;2017;08:22;0;AV DEP PAULINO ROCHA;;;2583;;Colis?úo Traseira;Luz do Dia;Bom;Seca;Meio de Quadra;N?úo H?í Controle;Comercial;0;0;3;1;0;0;0;0;0;0;0;0;-3,810530400000000;-38,518818000000000
308290;4;4;2017;06:17;17564;RUA ESTADO DO RIO;RUA PARA;;0;;Colis?úo Lateral;Luz do Dia;Nublado;Molhada;Cruz;Pare;Residencial;0;1;1;1;0;0;0;0;0;1;0;0;-3,753150700000000;-38,567284000000000
308291;4;4;2017;08:57;0;RUA MANUEL JACARE;;;190;;Colis?úo Lateral;Luz do Dia;Bom;Molhada;T;N?úo H?í Controle;Residencial;0;0;2;1;0;0;0;0;0;0;0;0;-3,725645000000000;-38,487503000000000
308292;4;4;2017;10:00;23508;RUA ESV PINHEIRO;RUA ANA GONCALVES;;0;;Colis?úo Transversal;Luz do Dia;Bom;Seca;Cruz;Pare;Comercial;0;1;1;1;0;0;0;0;0;0;0;0;-3,759155500000000;-38,507866000000000
308293;4;4;2017;09:50;19683;RUA PRO JOSE DE BARCELOS;RUA AZEVEDO BOLAO;;0;;Colis?úo Transversal;Luz do Dia;Bom;Seca;Cruz;Pare;Residencial;0;0;2;1;0;0;0;0;0;0;0;0;-3,735106700000000;-38,550915000000000
308294;4;4;2017;09:30;0;RUA VALMIR PONTES;;;1;;Colis?úo Traseira;Luz do Dia;Bom;Seca;Meio de Quadra;N?úo H?í Controle;Escola;0;0;2;1;0;0;0;0;0;0;0;0;-3,771366400000000;-38,479687000000000
308297;4;4;2017;12:10;0;AV GAL MURILO BORGES;;;75;;Engavetamento;Luz do Dia;Bom;Seca;Meio de Quadra;N?úo H?í Controle;Comercial;0;0;3;1;0;0;0;0;0;0;0;0;-3,767403000000000;-38,497894000000000