COD_ACIDENTE;DIA;MES;ANO;HORA;INTERSECAO;LOG1;LOG2;LOG3;NUMERO;REFERENCIA;NATUREZA;ILUMINACAO;TEMPO;SUPERFICIEPISTA;TIPOCRUZAMENTO;CONTROLETRAFEGO;USOSOLO;MORTOS;FERIDOS;ILESOS;AUTOMOVEL;ONIBUS;BICICLETA;CAMINHAO;MICROONIBUS;CICLOMOTOR;MOTOCICLETA;TRACAOANIMAL;TREM;LATITUDE;LONGITUDE
308298;4;4;2017;15:42;13408;AV ANTONIO SALES;RUA BAR ARACATI;;9;;Colis?úo Transversal;Luz do Dia;Bom;Seca;Cruz;Pare;Comercial;0;0;3;1;0;0;0;0;0;0;0;0;-3,741714500000000;-38,514954000000000
308299;4;4;2017;16:30;0;AV ALM MAXIMIANO DA FONSECA;;;1395;FACULDADE FA7;Colis?úo Lateral;Luz do Dia;Bom;Seca;Meio de Quadra;Sem?íforo;Comercial;0;0;2;1;0;0;0;0;0;0;0;0;-3,771557800000000;-38,484047000000000
308356;4;4;2017;11:32;0;RUA MANUEL CASTELO BRANCO;;;700;;Colis?úo Traseira;Luz do Dia;Bom;Seca;Meio de Quadra;N?úo H?í Controle;Residencial;0;0;1;1;0;0;0;0;0;1;0;0;-3,832827800000000;-38,488610000000000
308308;4;4;2017;09:15;0;AV JOSE JATAHY;;;443;;Colis?úo Traseira;Luz do Dia;Nublado;Seca;Meio de Quadra;Sem?íforo;Residencial;0;0;2;0;0;0;0;0;0;0;0;0;-3,725017000000000;-38,545948000000000
324251;4;4;2017;09:10;0;RD CE-040;;;0;KM-01;Colis?úo;Luz do Dia;;Seca;Meio de Quadra;;;0;0;2;1;1;0;0;0;0;0;0;0;-3,764650449000000;-38,482583040000000
324258;4;4;2017;11:50;0;RD CE-040;;;0;KM-11;Colis?úo;Luz do Dia;;Seca;Meio de Quadra;;;0;0;2;1;0;0;0;0;0;0;0;0;-3,849626230000000;-38,476069890000000
324255;4;4;2017;16:30;0;AV SEN CARLOS JEREISSATI (AEROPORTO);;;0;KM 01;Colis?úo;Luz do Dia;;Seca;Meio de Quadra;;;0;0;2;1;0;0;0;0;0;0;0;0;-3,783753000000000;-38,526850000000000
324266;5;4;2017;22:15;0;RD CE-040;;;0;KM-03;Colis?úo;Via Iluminada;;Seca;Meio de Quadra;;;0;0;2;1;0;0;0;0;0;0;0;0;-3,782614325000000;-38,481083900000000
324267;5;4;2017;12:00;0;AV SEN CARLOS JEREISSATI (AEROPORTO);;;0;KM 02;Colis?úo;Luz do Dia;;Seca;Meio de Quadra;;;0;1;1;1;0;0;0;0;0;1;0;0;-3,782194000000000;-38,535424000000000
324268;5;4;2017;22:15;0;RD CE-040;;;0;KM-08;Colis?úo;Via Iluminada;;Seca;Meio de Quadra;;;0;1;1;1;0;0;0;0;0;1;0;0;-3,825515822000000;-38,481538320000000
324263;5;4;2017;12:00;0;RD CE-040;;;0;KM-05;Colis?úo;Luz do Dia;;Seca;Meio de Quadra;;;0;0;2;1;0;0;1;0;0;0;0;0;-3,800595823000000;-38,479534630000000
308309;5;4;2017;09:04;5112;RUA CASTRO E SILVA;RUA BAR RIO BRANCO;;245;;Colis?úo Traseira;Luz do Dia;Chuva;Molhada;Meio de Quadra;N?úo H?í Controle;Comercial;0;0;2;1;1;0;0;0;0;0;0;0;-3,723724100000000;-38,527645000000000
308359;5;4;2017;12:40;0;RUA AMARO JOSE DE SOUZA;;;255;;Colis?úo Lateral;Luz do Dia;Nublado;Seca;Meio de Quadra;N?úo H?í Controle;Residencial;0;0;2;1;0;0;0;0;0;1;0;0;-3,826438200000000;-38,566100000000000
308340;5;4;2017;16:30;0;RUA BARROS LEAL;;;2086;;Colis?úo Transversal;Mal Iluminada;Nublado;Seca;Meio de Quadra;N?úo H?í Controle;Residencial;0;0;2;1;0;0;0;0;0;0;0;0;-3,753684000000000;-38,519300000000000
308324;5;4;2017;21:43;15978;AV GODOFREDO MACIEL;RUA CLEMENTE SILVA D44;;0;;Choque c/ Obst?ículo Fixo;Via Iluminada;Bom;Seca;T;Pare;Comercial;0;0;2;1;0;0;0;0;0;0;0;0;-3,804046900000000;-38,572090000000000
308307;5;4;2017;06:52;0;AV DOMINGOS OLIMPIO;;;0;;Queda;Luz do Dia;Chuva;Molhada;Y;Sem?íforo;Comercial;0;0;0;0;0;0;0;0;0;1;0;0;-3,788218700000000;-38,503742000000000
308311;5;4;2017;11:00;0;AV SANTOS DUMONT;;;2828;;Colis?úo Traseira;Luz do Dia;Chuva;Molhada;Cruz;Sem?íforo;Comercial;0;0;2;1;0;0;0;0;0;0;0;0;-3,735770200000000;-38,499367000000000
308312;5;4;2017;10:45;0;AV DR SILAS MUNGUBA;;;4557;;Colis?úo Traseira;Luz do Dia;Chuva;Molhada;Meio de Quadra;Sem?íforo;Residencial;0;1;1;1;0;0;0;0;0;1;0;0;-3,792934200000000;-38,535183000000000
308313;5;4;2017;13:03;0;AV ENG SANTANA JUNIOR;;;3333;;Colis?úo Traseira;Luz do Dia;Bom;Seca;Meio de Quadra;N?úo H?í Controle;Escola;0;1;1;1;0;0;0;0;0;0;0;0;-3,748221600000000;-38,489693000000000
308314;5;4;2017;14:15;6756;AV ANTONIO SALES;AV ENG SANTANA JUNIOR;;0;;Colis?úo Traseira;Luz do Dia;Nublado;Seca;Outros;N?úo H?í Controle;Residencial;0;0;2;0;0;0;0;0;0;1;0;0;-3,749143400000000;-38,490643000000000
308315;5;4;2017;18:14;0;RUA DEMETRIO MENEZES;;;0;;Colis?úo Traseira;Via Iluminada;Bom;Seca;Outros;N?úo H?í Controle;Comercial;0;0;2;1;0;0;0;0;0;0;0;0;-3,739362700000000;-38,585293000000000
308316;5;4;2017;18:50;0;RUA CEL MATOS DOURADO;;;256;;Colis?úo Lateral;Mal Iluminada;Bom;Seca;Meio de Quadra;Sem?íforo;Comercial;0;0;2;1;0;0;0;0;0;0;0;0;-3,741044500000000;-38,585262000000000
308317;5;4;2017;18:30;22886;RUA BERNARDO MANUEL;RUA INACIO PARENTE;;0;;Colis?úo Lateral;Via Iluminada;Bom;Seca;Cruz;Pare;Residencial;0;0;2;1;0;0;0;0;0;0;0;0;-3,781302000000000;-38,546173000000000
308318;5;4;2017;19:10;24968;AV ALM HENRIQUE SABOIA;RUA VILEBALDO AGUIAR;;0;;Colis?úo Transversal;Via Iluminada;Bom;Seca;T;Pare;Comercial;0;0;2;1;1;0;0;0;0;0;0;0;-3,740647000000000;-38,487490000000000
308319;5;4;2017;19:00;0;RUA CEL MOZART GONDIM;;;1361;;Colis?úo Lateral;Via Iluminada;Bom;Seca;Meio de Quadra;N?úo H?í Controle;Residencial;0;0;1;1;0;0;0;0;0;1;0;0;-3,731951000000000;-38,559590000000000
308320;5;4;2017;20:28;0;AV ZEZE DIOGO;;;1067;;Colis?úo Lateral;Anoitecer;Bom;Seca;Cruz;N?úo H?í Controle;Industrial;0;0;2;1;0;0;0;0;0;1;0;0;-3,718758300000000;-38,465610000000000
308321;5;4;2017;20:17;17513;AV ABOLICAO;RUA MANUEL JACARE;;0;;Colis?úo Transversal;Via Iluminada;Bom;Seca;;;;0;2;1;1;0;0;0;0;0;1;0;0;-3,726114700000000;-38,487305000000000
308322;5;4;2017;20:59;1566;RUA SILVA PAULET;RUA PDE VALDEVINO;;0;;Colis?úo Lateral;Via Iluminada;Bom;Seca;Cruz;Pare;Comercial;0;0;2;1;0;0;0;0;0;0;0;0;-3,742034400000000;-38,507850000000000
308625;5;4;2017;07:09;0;AV LUCIANO CARNEIRO;;;1620;;Choque c/ Obst?ículo Fixo;Luz do Dia;Chuva;Molhada;Meio de Quadra;N?úo H?í Controle;Residencial;0;0;0;1;0;0;0;0;0;0;0;0;-3,762471000000000;-38,535812000000000
318907;5;4;2017;23:01;1273;RUA DR JOSE LOURENCO;AV SANTOS DUMONT;;0;;Colis?úo;;;;Cruz;Pare;Comercial;0;1;0;0;0;0;0;0;0;0;0;0;-3,733299000000000;-38,507380000000000
318905;5;4;2017;22:37;0;AV WASHINGTON SOARES;;;0;;Colis?úo;;;;Meio de Quadra;;;0;1;0;0;0;0;0;0;0;0;0;0;;
318899;5;4;2017;20:37;1566;RUA SILVA PAULET;RUA PDE VALDEVINO;;0;;Colis?úo;;;;Cruz;Pare;Comercial;0;2;0;1;0;0;0;0;0;0;0;0;-3,741957000000000;-38,507851000000000
318900;5;4;2017;21:48;0;AV MR HULL;;;3770;;Queda;;;;Meio de Quadra;;;0;1;0;0;0;0;0;0;0;1;0;0;-3,737799000000000;-38,578204000000000
318901;5;4;2017;22:25;0;RUA FRANCISCO MACHADO;;;533;;Colis?úo;;;;Meio de Quadra;;;0;0;1;0;0;0;0;0;0;1;0;0;;
318897;5;4;2017;20:06;0;AV PONTES VIEIRA;;;1127;;Atropelamento;;;;Meio de Quadra;;;0;1;0;1;0;0;0;0;0;0;0;0;-3,752482000000000;-38,511387000000000
318890;5;4;2017;16:37;0;AV ABOLICAO;;;3180;;Atropelamento;Luz do Dia;;;Meio de Quadra;;;0;1;0;1;0;0;0;0;0;0;0;0;-3,726666000000000;-38,491208000000000
318892;5;4;2017;16:39;0;RUA MON FURTADO;;;1640;;Colis?úo;Luz do Dia;;;Meio de Quadra;;;0;1;0;0;0;0;0;0;0;1;0;0;-3,751353000000000;-38,553970000000000
318893;5;4;2017;16:39;0;RUA RIO GRANDE DO SUL;;;800;;Colis?úo;Luz do Dia;;;Meio de Quadra;;;0;1;0;1;0;0;0;0;0;1;0;0;-3,755695400000000;-38,565673600000000
318894;5;4;2017;18:02;0;RUA JOAO LOBO FILHO;;;323;;Colis?úo;Anoitecer;;;Meio de Quadra;;;0;1;0;0;0;0;0;0;0;1;0;0;-3,751329000000000;-38,522772000000000
318895;5;4;2017;18:15;0;RUA CON DE CASTRO;;;8329;;Colis?úo;Anoitecer;;;Meio de Quadra;;;0;2;0;1;0;0;0;0;0;1;0;0;-3,818817000000000;-38,602039000000000
318884;5;4;2017;13:51;1447;AV DES MOREIRA;RUA EDUARDO GARCIA;;0;;Colis?úo;Luz do Dia;;;Cruz;Sem?íforo;Comercial;0;1;0;0;0;0;0;0;0;0;0;0;-3,738207000000000;-38,498980000000000
318885;5;4;2017;15:11;0;RUA DES GARCIA;;;470;;Queda;Luz do Dia;;;Meio de Quadra;;;0;1;0;0;0;1;0;0;0;0;0;0;-3,746699000000000;-38,554653000000000
318886;5;4;2017;15:15;0;AV TEN LISBOA;;;1820;;Colis?úo;Luz do Dia;;;Meio de Quadra;;;0;1;0;1;0;0;0;0;0;1;0;0;-3,717623761000000;-38,551798000000000
318887;5;4;2017;16:09;91;RUA TOMAS RODRIGUES;RUA PRS PRUDENTE;;0;;Colis?úo;Luz do Dia;;;Cruz;;Residencial;0;1;0;1;0;0;0;0;0;1;0;0;-3,738023000000000;-38,594205000000000
318857;5;4;2017;07:28;0;RUA SAO PEDRO D40;;;39;;Colis?úo;Luz do Dia;;;Meio de Quadra;;;0;1;0;0;0;0;0;0;0;1;0;0;;
318864;5;4;2017;10:02;0;AV GAL OSORIO DE PAIVA;;;4432;;Queda;Luz do Dia;;;Meio de Quadra;;;0;1;0;0;0;0;0;0;0;1;0;0;-3,797159000000000;-38,594736000000000
318865;5;4;2017;10:13;0;RUA REGINA SILVA;;;275;;Queda;Luz do Dia;;;Meio de Quadra;;;0;0;1;0;0;0;0;0;0;1;0;0;;
318847;5;4;2017;06:38;0;AV ODILON GUIMARAES;;;1610;;Atropelamento;Luz do Dia;;;Meio de Quadra;;;0;1;0;0;0;0;0;0;0;1;0;0;-3,823697000000000;-38,478132000000000
318850;5;4;2017;08:37;0;AV DA INDEPENDENCIA;;;790;;Colis?úo;Luz do Dia;;;Meio de Quadra;;;0;2;0;0;0;0;0;0;0;1;0;0;-3,727936000000000;-38,587421000000000
318860;5;4;2017;09:05;0;RUA BENI DE CARVALHO;;;244;;Colis?úo;Luz do Dia;;;Meio de Quadra;;;0;1;0;1;0;0;0;0;0;1;0;0;-3,744958000000000;-38,498230000000000
318868;5;4;2017;10:31;0;AV FRANCISCO SA;;;5317;;Colis?úo;Luz do Dia;;;Meio de Quadra;;;0;1;0;1;0;0;0;0;0;1;0;0;-3,712556100000000;-38,571985000000000
318870;5;4;2017;11:01;0;RUA MARACANA;;;0;;Colis?úo;Luz do Dia;;;Meio de Quadra;;;0;1;0;1;0;0;0;0;0;1;0;0;;
318840;5;4;2017;05:46;0;AV ANTONIO SALES;;;3401;;Colis?úo;Amanhecer;;;Meio de Quadra;;;0;1;0;1;0;0;0;0;0;0;0;0;-3,748129000000000;-38,493793000000000
318841;5;4;2017;05:48;0;AV ROGACIANO LEITE;;;148;;Queda;Amanhecer;;;Meio de Quadra;;;0;1;0;0;0;0;0;0;0;1;0;0;-3,758134000000000;-38,491584000000000
318842;5;4;2017;06:21;0;AV JOVITA FEITOSA;;;2809;;Queda;Luz do Dia;;;Meio de Quadra;;;0;1;0;0;0;0;0;0;0;1;0;0;-3,741143000000000;-38,562782000000000
318843;5;4;2017;06:30;0;RUA CON DE CASTRO;;;703;;Colis?úo;Luz do Dia;;;Meio de Quadra;;;0;2;0;0;0;0;0;0;0;0;0;0;-3,779609000000000;-38,568494000000000
296119;5;4;2017;21:25;0;AV FRE CIRILO;;;270;;Colis?úo Lateral;;;;Meio de Quadra;;;1;0;1;0;1;0;0;0;0;1;0;0;-3,812945800000000;-38,499458000000000
305510;5;4;2017;06:40;0;AV AGUANAMBI;;;90;;Colis?úo Lateral;Luz do Dia;Chuva;Molhada;Meio de Quadra;N?úo H?í Controle;Comercial;0;0;2;1;1;0;0;0;0;0;0;0;-3,737723000000000;-38,524261000000000
305511;5;4;2017;16:45;0;AV PRS COSTA E SILVA;;;1251;ACADEMIA DE POLICIA;Colis?úo Frontal;Luz do Dia;Bom;Seca;Meio de Quadra;N?úo H?í Controle;Misto;0;0;2;1;0;0;0;0;0;1;0;0;-3,815002000000000;-38,569099000000000
305595;5;4;2017;00:10;15184;AV ABOLICAO;RUA TIBURCIO CAVALCANTE;;0;;Colis?úo Transversal;Via Iluminada;Bom;Seca;Cruz;Sem?íforo Intermitente;Residencial;0;0;2;1;0;0;0;0;0;0;0;0;-3,726066000000000;-38,499409000000000
305596;5;4;2017;05:50;0;AV HEROIS DO ACRE;;;160;;Colis?úo Traseira;Luz do Dia;Chuva;Molhada;Meio de Quadra;Outros;Misto;0;0;3;1;0;0;0;0;0;0;0;0;-3,803079000000000;-38,528793000000000
305597;5;4;2017;09:40;22345;AV SGT HERMINIO SAMPAIO;RUA ODETE PACHECO;;0;;Colis?úo Lateral;Luz do Dia;Chuva;Molhada;T;Pare;Comercial;0;0;2;1;0;0;0;0;0;1;0;0;-3,725382000000000;-38,555149000000000
305599;5;4;2017;09:10;24452;AV LUCIANO CARNEIRO;AV LAURO VIEIRA CHAVES;;0;;Colis?úo Lateral;Luz do Dia;Chuva;Molhada;T;Pare;Comercial;0;0;2;1;1;0;0;0;0;0;0;0;-3,772172000000000;-38,538894000000000
305561;5;4;2017;02:00;0;AV PDE ANTONIO TOMAS;;;121;;Capotamento;Via Iluminada;Bom;Seca;Meio de Quadra;N?úo H?í Controle;Comercial;0;1;2;1;0;0;0;0;0;0;0;0;-3,739247000000000;-38,502490000000000
305563;5;4;2017;10:00;181;AV CEL CARVALHO;RUA BALDUINO FREIRE;;0;;Colis?úo Traseira;Luz do Dia;Bom;Seca;Cruz;Outros;Comercial;0;0;2;0;0;0;0;0;0;1;0;0;;
305569;5;4;2017;09:06;0;AV PRS COSTA E SILVA;;;4427;UPA (JOSE WALTER);Colis?úo Transversal;Luz do Dia;;;Meio de Quadra;;;0;0;2;1;1;0;0;0;0;0;0;0;-3,825452000000000;-38,540394000000000
305573;5;4;2017;13:30;0;AV AGUANAMBI;;;150;;Colis?úo Lateral;Luz do Dia;Bom;Seca;Meio de Quadra;Sem?íforo;Comercial;0;0;2;0;0;0;0;0;0;0;0;0;-3,738607000000000;-38,524598000000000
325695;5;4;2017;21:45;0;RD BR 222;;;200;KM-01;Colis?úo Traseira;N?úo Informado;;Seca;Meio de Quadra;;;0;1;1;0;0;0;0;0;0;1;0;0;;
305606;5;4;2017;13:00;0;AV LUCIANO CARNEIRO;;;721;;Colis?úo Lateral;Luz do Dia;Nublado;Seca;Meio de Quadra;Pare;Comercial;0;0;2;1;0;0;0;0;0;0;0;0;-3,754535000000000;-38,533489000000000
305494;6;4;2017;14:50;0;RUA FILO;;;0;;Colis?úo Lateral;Luz do Dia;;;Meio de Quadra;;;0;0;2;1;0;0;1;0;0;0;0;0;;
305448;6;4;2017;22:46;0;RUA BRUNO VALENTE;;;440;;Colis?úo Lateral;Via Iluminada;Bom;Seca;Meio de Quadra;Pare;Residencial;0;2;0;0;1;0;0;0;0;1;0;0;-3,788509000000000;-38,539327000000000
305437;6;4;2017;14:40;0;AV CARNEIRO DE MENDONCA;;;694;;Colis?úo;Luz do Dia;;;Meio de Quadra;;;0;0;2;1;0;0;0;0;0;0;0;0;-3,764598000000000;-38,565821000000000
305443;6;4;2017;14:30;0;AV DR SILAS MUNGUBA;;;5900;;Colis?úo Traseira;Luz do Dia;;;Meio de Quadra;;;0;0;2;1;0;0;0;0;0;0;0;0;-3,804368000000000;-38,527423000000000
305439;6;4;2017;12:20;1442;RUA MARIA TOMASIA;RUA FREDERICO BORGES;;0;;Colis?úo Lateral;Luz do Dia;;;Cruz;N?úo H?í Controle;Comercial;0;0;2;1;0;0;1;0;0;0;0;0;-3,738138000000000;-38,489033000000000
305417;6;4;2017;13:30;25719;RUA HOLANDA;RUA BELGICA;;0;;Colis?úo Transversal;Luz do Dia;;;Outros;Pare;Residencial;0;0;2;1;0;0;0;0;0;0;0;0;-3,791938000000000;-38,566597000000000
305412;6;4;2017;09:40;0;AV GOV RAUL BARBOSA;;;900;;Colis?úo Traseira;Luz do Dia;;;Meio de Quadra;;;0;0;2;1;0;0;0;0;0;0;0;0;-3,759012000000000;-38,504626000000000
305409;6;4;2017;10:37;15374;AV DOM LUIS;RUA FREDERICO BORGES;;0;;Colis?úo Traseira;Luz do Dia;;;Cruz;Sem?íforo;Comercial;0;0;2;1;0;0;0;0;0;0;0;0;-3,735890000000000;-38,489136000000000
305406;6;4;2017;08:58;0;AV ANTONIO SALES;;;2688;;Colis?úo Traseira;Luz do Dia;;;Meio de Quadra;;;0;0;3;1;0;0;0;0;0;0;0;0;-3,746241000000000;-38,499805000000000
305403;6;4;2017;14:00;15743;RUA MANUEL ARRUDA;RUA HERBENE;;0;;Colis?úo Transversal;Luz do Dia;;;Cruz;N?úo H?í Controle;Comercial;0;1;1;0;0;0;0;0;0;1;0;0;-3,828948000000000;-38,504019000000000
305401;6;4;2017;08:00;25435;AV ALBERTO CRAVEIRO;RUA PAULA FRANCINETE;;0;;Colis?úo Traseira;Luz do Dia;;;T;Pare;Comercial;0;1;1;1;0;0;0;0;0;1;0;0;-3,795238000000000;-38,518044000000000
305431;6;4;2017;08:50;0;AV JOVITA FEITOSA;;;2423;;Colis?úo Lateral;Luz do Dia;;;Meio de Quadra;;;0;1;1;1;0;0;0;0;0;1;0;0;-3,740350000000000;-38,558976000000000
305432;6;4;2017;10:27;5307;AV DUQ CAXIAS;RUA PRC ISABEL;;0;;Colis?úo Lateral;Luz do Dia;;;Cruz;Sem?íforo;Comercial;0;0;2;0;1;0;0;0;0;1;0;0;-3,729687000000000;-38,536407000000000
305435;6;4;2017;08:00;356;RUA FRANCISCA CLOTILDE;RUA GUSTAVO BRAGA;;0;;Colis?úo Lateral;Luz do Dia;;;Cruz;Pare;Residencial;0;2;1;1;0;0;0;0;0;1;0;0;-3,747141000000000;-38,556863000000000
305428;6;4;2017;19:10;0;RUA PDE PAULINO;;;330;;Colis?úo;;;;Meio de Quadra;;;0;1;1;1;0;1;0;0;0;0;0;0;-3,797906000000000;-38,508534000000000
305422;6;4;2017;10:00;14464;RUA CONRADO CABRAL;RUA HENRIQUE AUTRAN;;0;;Colis?úo Transversal;Luz do Dia;;;;;;0;1;1;0;0;0;0;0;0;1;0;0;-3,727442000000000;-38,549204000000000
318908;6;4;2017;03:58;0;AV HERACLITO GRACA;;;500;;Queda;;;;Meio de Quadra;;;0;1;0;0;0;0;0;0;0;1;0;0;-3,735019000000000;-38,519817000000000
318909;6;4;2017;06:00;5351;RUA GAL CLARINDO DE QUEIROZ;AV IMPERADOR;;0;;Atropelamento;Luz do Dia;;;Cruz;Sem?íforo;Comercial;0;1;0;0;1;0;0;0;0;0;0;0;-3,730962000000000;-38,535566000000000
318910;6;4;2017;06:19;0;AV JOVITA FEITOSA;;;1190;;Colis?úo;Luz do Dia;;;Meio de Quadra;;;0;0;1;1;0;0;0;0;0;1;0;0;-3,739505000000000;-38,554692000000000
318919;6;4;2017;08:52;0;AV JOVITA FEITOSA;;;2423;;Colis?úo;Luz do Dia;;;Meio de Quadra;;;0;1;0;1;0;0;0;0;0;1;0;0;-3,740350000000000;-38,558976000000000
318920;6;4;2017;09:44;0;RUA BRAGANCA;;;355;;Atropelamento;Luz do Dia;;;Meio de Quadra;;;0;1;0;1;0;0;0;0;0;0;0;0;;
318914;6;4;2017;07:57;0;RUA JOAO CORDEIRO;;;0;;Colis?úo;Luz do Dia;;;Meio de Quadra;;;0;1;0;1;0;0;0;0;0;1;0;0;;
318915;6;4;2017;08:00;0;RUA CESAR ROSSAS;;;105;;Colis?úo;Luz do Dia;;;Meio de Quadra;;;0;1;0;1;0;0;0;0;0;1;0;0;-3,768582000000000;-38,552765000000000
318912;6;4;2017;07:54;0;AV PRS JUSCELINO KUBITSCHEK (PASSAR?ë);;;0;;Colis?úo;Luz do Dia;;;Meio de Quadra;;;0;1;0;0;0;0;0;0;0;1;0;0;;
318943;6;4;2017;15:48;7849;RUA FRANCISCO HOLANDA;RUA JOSE VILAR;;0;;Colis?úo;Luz do Dia;;;Cruz;Pare;Residencial;0;1;0;1;0;0;0;0;0;1;0;0;-3,747448000000000;-38,508441000000000
318944;6;4;2017;17:04;0;AV VICENTE DE CASTRO;;;4777;;Colis?úo;Anoitecer;;;Meio de Quadra;;;0;1;0;1;0;0;0;0;0;1;0;0;-3,721279000000000;-38,478439000000000
318945;6;4;2017;18:30;0;RUA ILDEFONSO ALBANO;;;1602;;Colis?úo;Anoitecer;;;Meio de Quadra;;;0;1;0;1;0;0;0;0;0;1;0;0;-3,735132000000000;-38,513788000000000
318946;6;4;2017;18:50;0;RUA COMERCIO D57;;;271;;Queda;;;;Meio de Quadra;;;0;0;1;0;0;1;0;0;0;0;0;0;-3,771887000000000;-38,472030000000000
318947;6;4;2017;19:42;0;ET PICI;;;511;;Queda;;;;Meio de Quadra;;;0;0;1;0;0;1;0;0;0;0;0;0;-3,763009000000000;-38,578541000000000
318948;6;4;2017;22:03;0;AV BEZERRA DE MENEZES;;;0;;Colis?úo;;;;Meio de Quadra;;;0;2;0;0;0;0;0;0;0;0;0;0;;
318931;6;4;2017;11:17;10695;RUA PRO HERIBALDO COSTA;RUA MON HIPOLITO BRASIL;;0;;Colis?úo;Luz do Dia;;;Cruz;Sem?íforo;Comercial;0;1;0;1;0;0;0;0;0;1;0;0;-3,757069000000000;-38,582275000000000
318925;6;4;2017;10:53;0;AV MAE LISBOA;;;0;;Colis?úo;Luz do Dia;;Seca;Meio de Quadra;;;0;1;1;1;1;0;0;0;0;0;0;0;;
318922;6;4;2017;10:28;7403;AV SEN FERNANDES TAVORA;RUA ARACAJU;;0;;Colis?úo;Luz do Dia;;;Cruz;Pare;Comercial;0;1;0;1;0;0;0;0;0;1;0;0;-3,759398000000000;-38,587377000000000
318934;6;4;2017;11:27;19730;RUA CRUZ SALDANHA;RUA DOM MANUEL DE MEDEIROS;;0;;Colis?úo;Luz do Dia;;;Cruz;Pare;Residencial;0;1;0;1;0;0;0;0;0;0;0;0;-3,736980000000000;-38,553612000000000
318935;6;4;2017;11:48;0;RUA CON DE CASTRO;;;2992;;Colis?úo;Luz do Dia;;;Meio de Quadra;;;0;1;0;1;0;0;0;0;0;1;0;0;-3,795016000000000;-38,582685000000000
318936;6;4;2017;11:53;0;AV PAROARAS;;;1001;;Queda;Luz do Dia;;;Meio de Quadra;;;0;1;0;0;0;0;0;0;0;1;0;0;-3,808792000000000;-38,542964000000000
318937;6;4;2017;12:05;0;AV JOVITA FEITOSA;;;1196;;Colis?úo;Luz do Dia;;;Meio de Quadra;;;0;1;0;0;0;0;0;0;0;0;0;0;-3,739522000000000;-38,554779000000000
318939;6;4;2017;14:52;0;RUA TORRES CAMARA;;;126;;Colis?úo;Luz do Dia;;;Meio de Quadra;;;0;1;0;1;0;0;0;0;0;1;0;0;-3,734620000000000;-38,510074000000000
318940;6;4;2017;14:59;0;AV ABOLICAO;;;2377;;Colis?úo;Luz do Dia;;;Meio de Quadra;;;0;3;0;0;0;0;0;0;0;1;0;0;-3,726664000000000;-38,497523000000000
308323;6;4;2017;07:00;2458;RUA VIA PARQUE VL VELHA I;AV CEL CARVALHO;;1;;Colis?úo Transversal;Luz do Dia;Bom;Seca;T;Pare;Comercial;0;0;2;1;0;0;0;0;0;0;0;0;-3,707335500000000;-38,590397000000000
308325;6;4;2017;08:32;0;AV GAL OSORIO DE PAIVA;;;4096;;Colis?úo Lateral;Luz do Dia;Bom;Seca;Meio de Quadra;N?úo H?í Controle;Comercial;0;0;2;1;0;0;0;0;0;0;0;0;-3,792740800000000;-38,590454000000000
308326;6;4;2017;08:20;0;AV BEZERRA DE MENEZES;;;119;NORMATEL;Colis?úo;Luz do Dia;Bom;Seca;Meio de Quadra;N?úo H?í Controle;Comercial;0;1;1;0;1;1;0;0;0;0;0;0;-3,731752600000000;-38,545868000000000
308327;6;4;2017;06:45;0;AV ALM HENRIQUE SABOIA;;;229;;Colis?úo Traseira;Luz do Dia;Bom;Seca;Outros;N?úo H?í Controle;Residencial;0;2;1;1;0;0;0;0;0;1;0;0;-3,726571000000000;-38,480354000000000
308328;6;4;2017;09:25;0;RUA ROCHA LIMA;;;132;;Colis?úo Transversal;Luz do Dia;Bom;Seca;T;Pare;Comercial;0;0;2;1;0;0;0;0;0;0;0;0;-3,736235000000000;-38,523050000000000
308329;6;4;2017;07:30;0;RUA JUNIOR ROCHA;;;1040;;Colis?úo Transversal;Luz do Dia;Bom;Seca;Meio de Quadra;N?úo H?í Controle;Residencial;0;1;2;1;0;0;0;0;0;1;0;0;-3,792205800000000;-38,487730000000000
308330;6;4;2017;07:18;10935;RUA BAR CANINDE;RUA ELCIAS LOPES;;0;;Colis?úo Transversal;Luz do Dia;Bom;Molhada;Cruz;Pare;Residencial;0;1;1;0;1;0;0;0;0;1;0;0;-3,770625000000000;-38,557434000000000
308331;6;4;2017;08:20;0;AV HIS RAIMUNDO GIRAO;;;91;;Colis?úo Transversal;Luz do Dia;Bom;Seca;Meio de Quadra;N?úo H?í Controle;Comercial;0;0;2;1;0;0;0;0;0;0;0;0;-3,720309500000000;-38,514980000000000
308332;6;4;2017;10:05;0;AV SEN VIRGILIO TAVORA;;;1900;;Colis?úo Lateral;Luz do Dia;Bom;Seca;Meio de Quadra;Sem?íforo;Residencial;0;0;1;1;0;0;0;0;0;0;0;0;-3,743293300000000;-38,495300000000000
308333;6;4;2017;10:00;3768;AV DOMINGOS OLIMPIO;AV TRISTAO GONCALVES;;0;;Colis?úo Transversal;Luz do Dia;Bom;Seca;Cruz;Sem?íforo;Comercial;0;0;2;1;0;0;0;0;0;0;0;0;-3,736035600000000;-38,532375000000000