COD_ACIDENTE;DIA;MES;ANO;HORA;INTERSECAO;LOG1;LOG2;LOG3;NUMERO;REFERENCIA;NATUREZA;ILUMINACAO;TEMPO;SUPERFICIEPISTA;TIPOCRUZAMENTO;CONTROLETRAFEGO;USOSOLO;MORTOS;FERIDOS;ILESOS;AUTOMOVEL;ONIBUS;BICICLETA;CAMINHAO;MICROONIBUS;CICLOMOTOR;MOTOCICLETA;TRACAOANIMAL;TREM;LATITUDE;LONGITUDE
308334;6;4;2017;11:14;15832;RUA TEN JURANDIR ALENCAR;RUA PDE PEDRO DE ALENCAR;;0;;Colis?úo Lateral;Luz do Dia;Bom;Seca;Cruz;Sem?íforo;Comercial;0;0;2;0;0;0;0;0;0;1;0;0;-3,831766400000000;-38,493996000000000
308335;6;4;2017;11:34;0;AV CEL CARVALHO;RUA 02 UI 508;;608;;Colis?úo Lateral;Luz do Dia;Bom;Seca;Meio de Quadra;Pare;Comercial;0;1;1;1;0;0;0;0;0;1;0;0;-3,708651500000000;-38,590202000000000
308336;6;4;2017;14:10;0;RUA BAR ARACATI;;;1657;;Colis?úo Traseira;Luz do Dia;Bom;Seca;T;N?úo H?í Controle;Residencial;0;1;1;1;0;0;0;0;0;1;0;0;-3,736241800000000;-38,513042000000000
308337;6;4;2017;15:06;6797;RUA BATISTA DE OLIVEIRA;RUA ANDRADE FURTADO;;0;;Colis?úo Lateral;Luz do Dia;Bom;Seca;Cruz;Sem?íforo;Residencial;0;0;2;1;0;0;0;0;0;0;0;0;-3,746025000000000;-38,479755000000000
308338;6;4;2017;15:10;0;RUA PDE IBIAPINA;;;1309;;Colis?úo Lateral;Luz do Dia;Bom;Seca;N?úo Informado;Sem?íforo;Escola;0;0;2;0;1;1;0;0;0;0;0;0;-3,727046000000000;-38,540565000000000
308339;6;4;2017;16:25;25125;RUA DNA LEOPOLDINA;RUA ROCHA LIMA;;0;;Colis?úo Transversal;Luz do Dia;Bom;Seca;Cruz;Pare;Residencial;0;1;0;1;0;0;0;0;0;0;0;0;-3,736653300000000;-38,521393000000000
308341;6;4;2017;18:32;6809;RUA CESAR FONSECA;RUA BENTO ALBUQUERQUE;;0;;Colis?úo Traseira;Via Iluminada;Bom;Seca;Cruz;Pare;Residencial;0;0;2;1;0;0;0;0;0;0;0;0;-3,746869000000000;-38,474160000000000
308342;6;4;2017;19:44;0;RUA MARIO MAMEDE;;;0;;Colis?úo Traseira;Via Iluminada;Bom;Seca;Meio de Quadra;Sem?íforo;Residencial;0;0;2;1;1;0;0;0;0;0;0;0;-3,748891600000000;-38,531807000000000
308343;6;4;2017;19:46;12398;AV LINEU MACHADO;ET PICI;;875;;Colis?úo Transversal;Via Iluminada;Bom;Seca;Duplo T;N?úo H?í Controle;Comercial;0;1;1;1;0;0;0;0;0;1;0;0;-3,767567200000000;-38,577656000000000
308344;6;4;2017;18:31;0;AV EDILSON B SOARES;;;790;;Colis?úo Transversal;Via Iluminada;Bom;Seca;Meio de Quadra;N?úo H?í Controle;Escola;0;1;1;0;0;0;0;0;0;1;0;0;-3,789273500000000;-38,478733000000000
308345;6;4;2017;21:51;0;AV LINEU MACHADO;;;430;;Colis?úo Lateral;Mal Iluminada;Bom;Seca;Meio de Quadra;N?úo H?í Controle;Comercial;0;0;2;1;1;0;0;0;0;0;0;0;-3,763955400000000;-38,575990000000000
308365;6;4;2017;19:50;0;RUA NEREU RAMOS;;;1056;;Colis?úo Traseira;Via Iluminada;Bom;Seca;Meio de Quadra;N?úo H?í Controle;Residencial;0;0;3;1;0;0;0;0;0;0;0;0;-3,782907200000000;-38,575825000000000
324269;6;4;2017;11:40;0;RD CE-040;;;0;KM-07;Colis?úo;Luz do Dia;;Seca;Meio de Quadra;;;0;0;2;1;0;0;0;0;0;0;0;0;-3,817159445000000;-38,483032860000000
324270;6;4;2017;17:00;0;RD CE-040;;;0;KM-02;Colis?úo;Anoitecer;;Seca;Meio de Quadra;;;0;0;3;1;0;0;0;0;0;0;0;0;-3,773616148000000;-38,481799400000000
324283;7;4;2017;13:35;0;RD CE-040;;;0;KM-05;Colis?úo;Luz do Dia;;Seca;Meio de Quadra;;;0;0;2;1;0;0;0;0;0;0;0;0;-3,800595823000000;-38,479534630000000
308366;7;4;2017;18:46;0;RUA CEL JOAO OLIVEIRA;RUA NICOLAU COELHO;;0;;Colis?úo Lateral;Via Iluminada;Bom;Seca;Cruz;Pare;Comercial;0;0;2;1;0;0;0;0;0;0;0;0;-3,822325700000000;-38,492275000000000
308367;7;4;2017;19:00;0;AV CARNEIRO DE MENDONCA;;;1010;;Colis?úo Lateral;Via Iluminada;Bom;Seca;Meio de Quadra;N?úo H?í Controle;Residencial;0;1;1;1;0;0;0;0;0;1;0;0;-3,763287000000000;-38,568188000000000
308368;7;4;2017;19:11;2486;AV FRANCISCO SA;RUA SEN ROBERT KENNEDY;;6367;SESI;Colis?úo Lateral;Luz do Dia;Bom;Seca;Cruz;Pare;Comercial;0;0;2;1;0;0;0;0;0;0;0;0;-3,709043700000000;-38,581467000000000
308369;7;4;2017;21:00;1306;RUA MON BRUNO;RUA TORRES CAMARA;;0;;Colis?úo Transversal;Via Iluminada;Bom;Seca;Cruz;Pare;Comercial;0;1;1;0;0;0;0;0;0;1;0;0;-3,734623200000000;-38,510180000000000
308370;7;4;2017;20:30;0;AV L CJ JOSE WALTER;;;1280;;Choque c/ Obst?ículo Fixo;Via Iluminada;Bom;Seca;Meio de Quadra;N?úo H?í Controle;Residencial;0;0;1;1;0;0;0;0;1;0;0;0;-3,835842400000000;-38,559020000000000
308346;7;4;2017;07:50;0;AV 13 DE MAIO;;;2386;;Colis?úo Traseira;Luz do Dia;Bom;Seca;Meio de Quadra;N?úo H?í Controle;Comercial;0;0;3;1;0;0;0;0;0;0;0;0;-3,742363000000000;-38,537483000000000
308347;7;4;2017;06:40;15298;RUA ANA BILHAR;RUA BARBOSA DE FREITAS;;0;;Colis?úo Transversal;Luz do Dia;Bom;Seca;Cruz;Pare;Residencial;0;0;2;1;0;0;0;0;0;0;0;0;-3,729603800000000;-38,494987000000000
308348;7;4;2017;09:00;0;AV LUCIANO CARNEIRO;;;840;;Colis?úo Traseira;Luz do Dia;Bom;Seca;Meio de Quadra;N?úo H?í Controle;Comercial;0;0;3;1;0;0;0;0;0;0;0;0;-3,755121000000000;-38,533760000000000
308349;7;4;2017;09:51;13775;RUA LUIZA MIRANDA COELHO;RUA JOSE B PARENTE D59;;0;;Colis?úo Transversal;Luz do Dia;Nublado;Seca;Cruz;N?úo H?í Controle;Residencial;0;0;2;1;0;0;0;0;0;0;0;0;-3,816990900000000;-38,499924000000000
308351;7;4;2017;10:17;17428;RUA ALBERTO MAGNO;RUA CESAR ROSSAS;;0;;Colis?úo Lateral;Luz do Dia;Bom;Seca;Cruz;Sem?íforo;Comercial;0;0;2;1;0;0;0;0;0;0;0;0;-3,768291700000000;-38,552628000000000
308352;7;4;2017;07:12;25292;RUA CEL MATOS DOURADO;RUA GUIMARAES PASSOS;;0;;Colis?úo Transversal;Luz do Dia;Bom;Seca;T;Pare;Comercial;0;1;1;1;0;0;0;0;0;1;0;0;-3,746890800000000;-38,584750000000000
308353;7;4;2017;10:30;3829;RUA MAL DEODORO;RUA PAULINO NOGUEIRA;;1;;Colis?úo Transversal;Luz do Dia;Bom;Seca;Cruz;Pare;Comercial;0;0;3;1;0;0;0;0;0;0;0;0;-3,744472700000000;-38,537250000000000
308354;7;4;2017;11:20;0;AV OLIVEIRA PAIVA;;;2939;;Colis?úo Traseira;Luz do Dia;Bom;Seca;Meio de Quadra;N?úo H?í Controle;Comercial;0;0;2;1;1;0;0;0;0;0;0;0;-3,795703200000000;-38,481290000000000
308355;7;4;2017;10:56;0;RUA JOAQUIM NABUCO;;;3370;;Colis?úo Transversal;Luz do Dia;Bom;Seca;Cruz;Pare;Residencial;0;0;1;1;0;0;0;0;0;0;0;0;-3,754424800000000;-38,507610000000000
308360;7;4;2017;11:20;24964;AV ALM HENRIQUE SABOIA;RUA ALFREDO LADISLAU;;0;;Colis?úo Transversal;Luz do Dia;Bom;Seca;T;Pare;Comercial;0;2;0;0;0;0;0;0;0;1;0;0;-3,738051400000000;-38,486546000000000
308361;7;4;2017;13:27;0;RUA JACINTO MATOS;;;944;;Colis?úo Transversal;Luz do Dia;Bom;Seca;Meio de Quadra;Pare;Residencial;0;1;1;0;0;0;0;0;0;1;0;0;-3,719631000000000;-38,546806000000000
308362;7;4;2017;16:45;0;AV 13 DE MAIO;;;2112;;Colis?úo Traseira;Luz do Dia;Bom;Seca;Meio de Quadra;Sem?íforo;Comercial;0;0;2;1;1;0;0;0;0;0;0;0;-3,743794200000000;-38,535870000000000
308363;7;4;2017;15:04;0;RUA GONCALVES LEDO;;;1215;;Colis?úo;Luz do Dia;Bom;Seca;Meio de Quadra;N?úo H?í Controle;Residencial;0;1;1;0;0;0;1;0;0;1;0;0;-3,734281500000000;-38,517097000000000
308364;7;4;2017;17:41;0;AV PRS COSTA E SILVA;;;0;;Atropelamento;Anoitecer;Bom;Seca;Meio de Quadra;N?úo H?í Controle;Comercial;0;1;1;1;0;0;0;0;0;0;0;0;-3,824426000000000;-38,544440000000000
308357;7;4;2017;13:25;19688;RUA PRO RAIMUNDO ARRUDA;RUA AZEVEDO BOLAO;;0;;Colis?úo Lateral;Luz do Dia;Bom;Seca;Cruz;Pare;Residencial;0;0;2;1;0;0;0;0;0;0;0;0;-3,735393000000000;-38,551685000000000
308358;7;4;2017;14:02;0;AV GODOFREDO MACIEL;;;681;;Colis?úo Lateral;Luz do Dia;Bom;Seca;Meio de Quadra;N?úo H?í Controle;Comercial;0;0;2;1;0;0;0;0;0;0;0;0;-3,781959300000000;-38,565304000000000
308420;7;4;2017;14:20;0;RUA RIO GRANDE DO NORTE;;;826;;Colis?úo Transversal;Luz do Dia;Bom;Seca;Meio de Quadra;N?úo H?í Controle;Comercial;0;0;2;1;0;0;0;0;0;0;0;0;-3,760585000000000;-38,564500000000000
318959;7;4;2017;08:48;0;AV DR THEBERGE;;;2612;;Queda;Luz do Dia;;;Meio de Quadra;;;0;1;0;0;0;0;0;0;0;1;0;0;-3,725178000000000;-38,568393000000000
318963;7;4;2017;11:25;0;RUA BALDUINO FREIRE;;;1612;;Colis?úo;Luz do Dia;;;Meio de Quadra;;;0;1;0;1;0;0;0;0;0;1;0;0;-3,735367096000000;-38,585278341000000
318961;7;4;2017;09:11;21942;RUA TEN LIRA;RUA DR PIO SARAIVA;;0;;Colis?úo;Luz do Dia;;;;;;0;1;0;1;0;0;0;0;0;1;0;0;-3,736787000000000;-38,599623000000000
318955;7;4;2017;07:15;0;RUA TEODOMIRO DE CASTRO;;;4221;;Atropelamento;Luz do Dia;;;Meio de Quadra;;;0;1;0;0;0;0;0;0;0;1;0;0;-3,719081000000000;-38,571685000000000
318956;7;4;2017;07:57;1285;AV DOM LUIS;RUA VIS MAUA;;0;;Colis?úo;Luz do Dia;;;Cruz;Pare;Comercial;0;1;0;1;0;0;0;0;0;1;0;0;-3,732923000000000;-38,498390000000000
318949;7;4;2017;00:29;0;RUA PDE PERDIGAO SAMPAIO;;;280;;Colis?úo;;;;Meio de Quadra;;;0;1;0;0;0;0;0;0;0;0;0;0;-3,739024000000000;-38,594785000000000
318951;7;4;2017;06:46;12954;AV PRS COSTA E SILVA;RUA BERNARDO MANUEL;;0;;Colis?úo;Luz do Dia;;;Cruz;Sem?íforo Intermitente;Comercial;0;1;0;1;0;0;0;0;0;1;0;0;-3,821079000000000;-38,558276000000000
318966;7;4;2017;12:17;4837;RUA JARDIM FLUMINENSE;RUA ITATIAIA;;0;;Colis?úo;Luz do Dia;;;Cruz;N?úo H?í Controle;Residencial;0;0;1;1;0;0;0;0;0;1;0;0;-3,809641000000000;-38,603086000000000
294580;7;4;2017;05:49;13435;RUA ADOLFO SIQUEIRA;RUA ANTONIO AUGUSTO;;0;;Colis?úo Transversal;Amanhecer;;;Cruz;Pare;Residencial;1;0;1;1;0;0;0;0;0;1;0;0;-3,742786000000000;-38,517599000000000
319055;7;4;2017;22:55;0;AV PERIMETRAL;;;1475;;Queda;;;;Meio de Quadra;;;0;1;0;0;0;0;0;0;0;1;0;0;;
319029;7;4;2017;17:52;15204;AV ABOLICAO;RUA JULIO IBIAPINA;;0;;Colis?úo;Anoitecer;;;Cruz;Sem?íforo;Comercial;0;1;0;1;0;0;0;0;0;1;0;0;-3,726679000000000;-38,491290000000000
319030;7;4;2017;18:20;22124;RUA PRO COSTA MENDES;RUA MAJ PEDRO SAMPAIO;;0;;Colis?úo;Anoitecer;;;Cruz;Pare;Residencial;0;1;0;1;0;0;0;0;0;1;0;0;-3,747674000000000;-38,554665000000000
319031;7;4;2017;18:20;0;AV PERIMETRAL;;;3000;;Colis?úo;Anoitecer;;;Meio de Quadra;;;0;0;1;1;0;0;0;0;0;1;0;0;-3,828854000000000;-38,521973000000000
319021;7;4;2017;17:13;0;AV PRS COSTA E SILVA;;;0;;Colis?úo;Anoitecer;;;Meio de Quadra;;;0;1;0;1;0;0;0;0;0;1;0;0;;
319022;7;4;2017;17:44;0;AV MR HULL;;;300;;Atropelamento;Anoitecer;;Seca;Meio de Quadra;;;0;1;1;1;0;0;0;0;0;0;0;0;-3,740304556000000;-38,596164560000000
319023;7;4;2017;17:37;0;RUA PESSOA ANTA;;;69;;Colis?úo;Anoitecer;;;Meio de Quadra;;;0;2;0;1;0;0;0;0;0;1;0;0;-3,721123000000000;-38,522098000000000
319015;7;4;2017;15:38;0;RUA BERNARDO MANUEL;;;14234;;Colis?úo;Luz do Dia;;;Meio de Quadra;;;0;1;0;0;0;0;0;0;0;1;0;0;-3,842188700000000;-38,565140900000000
319016;7;4;2017;16:17;0;RUA POMPILIO GOMES;;;594;;Colis?úo;Luz do Dia;;;Meio de Quadra;;;0;1;0;1;0;0;0;0;0;1;0;0;-3,816757700000000;-38,521141000000000
319017;7;4;2017;16:52;0;AV GAL OSORIO DE PAIVA;;;1841;;Colis?úo;Luz do Dia;;;Meio de Quadra;;;0;1;0;1;0;0;0;0;0;1;0;0;-3,783383000000000;-38,578827000000000
319018;7;4;2017;16:40;0;AV MIN JOSE AMERICO;;;0;;Colis?úo;Luz do Dia;;Seca;Meio de Quadra;;;0;0;2;0;0;0;0;1;0;0;0;0;;
319042;7;4;2017;19:58;23710;AV GAL OSORIO DE PAIVA;RUA DOM HENRIQUE;;0;;Colis?úo;;;;Duplo T;;Comercial;0;1;0;0;0;0;0;0;0;0;0;0;-3,786100000000000;-38,583025000000000
319044;7;4;2017;20:27;0;AV L CJ CEARA;;;1270;;Colis?úo;;;;Meio de Quadra;;;0;1;0;1;0;0;0;0;0;1;0;0;;
319046;7;4;2017;20:36;10028;RUA CARLOS CHAGAS;RUA TAUBATE;;0;;Colis?úo;;;;Cruz;N?úo H?í Controle;Residencial;0;1;0;1;0;0;0;0;0;1;0;0;-3,776590000000000;-38,597599000000000
319047;7;4;2017;21:33;0;RUA PDE MORORO;;;545;;Colis?úo;;;;Meio de Quadra;;;0;1;0;0;0;0;0;0;0;1;0;0;-3,721497000000000;-38,536258000000000
319048;7;4;2017;22:15;0;AV SGT HERMINIO SAMPAIO;;;4541;;Colis?úo;;;;Meio de Quadra;;;0;1;0;0;0;0;0;0;0;0;0;0;-3,731941000000000;-38,580309000000000
318997;7;4;2017;13:30;0;RUA JORGE FIGUEIREDO (ANCURI);;;2795;;Colis?úo;Luz do Dia;;;Meio de Quadra;;;0;1;0;1;0;0;0;0;0;1;0;0;;
319003;7;4;2017;14:18;0;AV AUGUSTO DOS ANJOS;;;1741;;Colis?úo;Luz do Dia;;;Meio de Quadra;;;0;1;0;1;0;0;0;0;0;1;0;0;-3,781303000000000;-38,580147000000000
319004;7;4;2017;15:28;0;AV GAL OSORIO DE PAIVA;;;1547;;Atropelamento;Luz do Dia;;;Meio de Quadra;;;0;1;0;1;0;0;0;0;0;0;0;0;-3,781146000000000;-38,575217000000000
305444;7;4;2017;18:00;15134;AV BAR STUDART;AV BEIRA MAR;;0;;Colis?úo Lateral;Anoitecer;Bom;Seca;T;Pare;Residencial;0;2;0;1;0;0;1;0;0;0;0;0;-3,723916000000000;-38,503156000000000
305445;7;4;2017;18:41;23707;AV GAL OSORIO DE PAIVA;RUA ARARAQUARA;;0;;Colis?úo Frontal;Luz do Dia;Bom;Seca;Cruz;Pare;Comercial;0;2;0;0;0;0;0;0;0;0;0;0;-3,783347000000000;-38,578753000000000
305446;7;4;2017;23:30;0;AV CEL CARVALHO;;;1166;;Atropelamento;Via Iluminada;Bom;Seca;Outros;N?úo H?í Controle;Comercial;0;2;0;0;0;0;0;0;0;1;0;0;-3,712743000000000;-38,589099000000000
305454;7;4;2017;11:40;23561;RUA EVARISTO REIS;RUA ESV PINHEIRO;;0;;Colis?úo Transversal;Luz do Dia;Bom;Seca;Cruz;Pare;Residencial;0;2;0;1;0;0;1;0;0;0;0;0;-3,761659000000000;-38,507767000000000
305455;7;4;2017;15:29;0;AV CEL CARVALHO;;;1900;;Colis?úo Lateral;Luz do Dia;Bom;Seca;Meio de Quadra;Sem?íforo;Comercial;0;2;0;1;0;0;0;0;0;1;0;0;-3,719042000000000;-38,587530000000000
305456;7;4;2017;08:13;10935;RUA BAR CANINDE;RUA ELCIAS LOPES;;0;;Colis?úo Transversal;Luz do Dia;Bom;Seca;Cruz;Pare;Residencial;0;3;0;1;0;0;0;0;0;1;0;0;-3,770473000000000;-38,557426000000000
305457;7;4;2017;08:30;0;AV HERACLITO GRACA;;;421;;Colis?úo Traseira;Luz do Dia;Bom;Seca;Meio de Quadra;N?úo H?í Controle;Comercial;0;2;0;0;1;0;1;0;0;0;0;0;-3,735019000000000;-38,519817000000000
305458;7;4;2017;14:10;0;AV AUGUSTO DOS ANJOS;;;1738;;Colis?úo Traseira;Luz do Dia;Bom;Seca;Meio de Quadra;N?úo H?í Controle;Comercial;0;1;1;0;0;0;0;0;0;1;0;0;-3,781404000000000;-38,580237000000000
305459;7;4;2017;07:30;7923;AV DES MOREIRA;RUA ISAC AMARAL;;0;;Colis?úo Transversal;Luz do Dia;Bom;Seca;Cruz;Sem?íforo;Comercial;0;2;0;1;0;0;0;0;0;1;0;0;-3,753019000000000;-38,503726000000000
305460;7;4;2017;13:30;21312;AV BEZERRA DE MENEZES;RUA JOSE SOMBRA;;0;;Colis?úo Transversal;Luz do Dia;Bom;Seca;T;Sem?íforo;Comercial;0;2;0;1;0;0;0;0;0;0;0;0;-3,732150000000000;-38,547516000000000
305461;7;4;2017;13:39;13378;AV ANTONIO SALES;RUA NOGUEIRA ACIOLI;;0;;Colis?úo Transversal;Luz do Dia;Bom;Seca;Cruz;Sem?íforo;Comercial;0;2;0;1;0;0;0;0;0;1;0;0;-3,739866000000000;-38,520316000000000
305462;7;4;2017;17:00;0;AV ANTONIO SALES;;;0;;;Luz do Dia;Bom;Seca;Meio de Quadra;;Comercial;0;1;1;1;0;0;0;0;0;0;0;0;;
296132;7;4;2017;22:25;2614;AV CEL CARVALHO;RUA DES HERMES PARAHYBA;;0;;Atropelamento;;;;Cruz;Sem?íforo;Misto;1;0;1;0;0;0;0;0;0;0;0;0;-3,713855000000000;-38,588830000000000
296139;8;4;2017;18:30;0;AV MAE LISBOA;;;2081;;Atropelamento;Anoitecer;;Seca;Meio de Quadra;;;1;2;0;0;0;0;0;0;1;0;0;0;-3,807571000000000;-38,460923000000000
305469;8;4;2017;17:00;14467;RUA JOAO TOME;RUA HENRIQUE AUTRAN;;0;;Colis?úo Transversal;Via Iluminada;;Seca;Cruz;N?úo H?í Controle;Residencial;0;0;2;1;0;0;0;0;0;0;0;0;-3,727676000000000;-38,547342000000000
305471;8;4;2017;16:00;1456;RUA CEL JUCA;AV SANTOS DUMONT;;0;;Colis?úo Lateral;Luz do Dia;Bom;Seca;;N?úo H?í Controle;Comercial;0;0;2;1;0;0;0;0;0;0;0;0;-3,738438000000000;-38,491530000000000
305476;8;4;2017;07:45;0;AV N CJ JOSE WALTER;;;119;;Colis?úo Lateral;Luz do Dia;Bom;Seca;Meio de Quadra;N?úo H?í Controle;Comercial;0;1;1;0;0;0;0;0;0;1;0;0;;
305495;8;4;2017;15:19;0;AV JOSE BASTOS;;;2830;;Engavetamento;Luz do Dia;Bom;Seca;Meio de Quadra;;Comercial;0;0;3;1;0;0;0;0;0;0;0;0;-3,745517000000000;-38,545937000000000
305493;8;4;2017;05:40;0;AV DR SILAS MUNGUBA;;;5585;;Choque c/ Obst?ículo Fixo;Luz do Dia;Bom;Seca;Meio de Quadra;Outros;Comercial;0;0;1;1;0;0;0;0;0;0;0;0;-3,802077000000000;-38,529433000000000
305484;8;4;2017;23:30;9222;RUA GRACILIANO RAMOS;RUA GAL SILVA JUNIOR;;0;;Colis?úo Lateral;Via Iluminada;Bom;Seca;Cruz;Pare;Residencial;0;1;1;0;0;0;0;0;0;1;0;0;-3,753567000000000;-38,530158000000000
305487;8;4;2017;03:32;0;AV DEP PAULINO ROCHA;;;1690;;Choque c/ Obst?ículo Fixo;Via Iluminada;Bom;Seca;Outros;Sem?íforo;Outros;0;0;1;1;0;0;0;0;0;0;0;0;-3,811796000000000;-38,512129000000000
305491;8;4;2017;09:35;12515;RUA JULIO BRAGA;RUA SILVEIRA FILHO;;0;;Colis?úo Lateral;Luz do Dia;Bom;Seca;Cruz;Pare;Comercial;0;0;2;1;0;0;0;0;0;0;0;0;;
305498;8;4;2017;13:47;22070;RUA JOSE FACANHA;RUA PAPI JUNIOR;;0;;Colis?úo Lateral;Luz do Dia;Bom;Seca;Cruz;Pare;Residencial;0;0;2;1;0;0;0;0;0;0;0;0;-3,752136000000000;-38,557265000000000
305503;8;4;2017;12:42;22089;RUA GUSTAVO BRAGA;RUA FRE MARCELINO;;0;;Outros;Luz do Dia;Bom;Seca;Cruz;Pare;Residencial;0;1;1;0;1;0;0;0;0;1;0;0;-3,747811000000000;-38,556125000000000
305567;8;4;2017;23:22;15353;RUA PEREIRA VALENTE;RUA BARBOSA DE FREITAS;;0;;Colis?úo Lateral;Luz do Dia;Bom;Seca;Cruz;Pare;Residencial;0;1;1;1;0;0;0;0;0;0;0;0;-3,732578000000000;-38,496080000000000
305558;8;4;2017;11:45;0;RUA ADELIA FEIJO;;;0;;;Luz do Dia;Bom;Seca;Meio de Quadra;Pare;Residencial;0;0;3;1;1;0;0;0;0;0;0;0;;
305555;8;4;2017;10:55;11012;RUA GALILEU;RUA PERU;;0;;Colis?úo Lateral;Luz do Dia;Bom;Seca;Cruz;Pare;Comercial;0;1;1;0;0;0;0;0;0;1;0;0;-3,776513000000000;-38,552280000000000
325696;8;4;2017;08:00;0;RD BR 116;;;9000;KM-09;Colis?úo Lateral;Luz do Dia;;Seca;Meio de Quadra;;;0;1;1;0;0;0;0;0;0;1;0;0;-3,830837000000000;-38,504865000000000
325697;8;4;2017;09:48;0;RD BR 116;;;5000;KM-05;Atropelamento;Luz do Dia;;Seca;Meio de Quadra;;;0;3;0;0;0;0;0;0;0;1;0;0;-3,796502000000000;-38,506787000000000
319078;8;4;2017;00:07;4189;AV PRS CASTELO BRANCO;RUA FRANCISCO CORDEIRO;;0;;Colis?úo;;;;Cruz;Sem?íforo;Comercial;0;1;0;0;0;0;0;0;0;0;0;0;-3,713113000000000;-38,550593000000000
319081;8;4;2017;04:46;0;AV GAL OSORIO DE PAIVA;;;4455;;Colis?úo;;;;Meio de Quadra;;;0;2;0;0;0;0;0;0;0;1;0;0;-3,797535000000000;-38,595093000000000
319084;8;4;2017;05:14;0;AV N CJ JOSE WALTER;;;0;;Colis?úo;Amanhecer;;;Meio de Quadra;;;0;1;0;1;0;0;0;0;0;1;0;0;;
319096;8;4;2017;07:53;0;AV FRANCISCO SA;;;5814;;Colis?úo;Luz do Dia;;;Meio de Quadra;;;0;2;0;1;0;0;0;0;0;1;0;0;-3,710877000000000;-38,576442000000000
319094;8;4;2017;07:16;0;AV AUGUSTO DOS ANJOS;;;0;;Colis?úo;Luz do Dia;;;Meio de Quadra;;;0;1;0;1;0;0;0;0;0;1;0;0;;
319101;8;4;2017;08:48;0;RUA MIN ALBUQUERQUE LIMA;;;1131;;Atropelamento;Luz do Dia;;;Meio de Quadra;;;0;1;0;1;0;0;0;0;0;0;0;0;-3,770967000000000;-38,602294000000000
319090;8;4;2017;06:44;0;AV MIN JOSE AMERICO;;;0;;Queda;Luz do Dia;;;Meio de Quadra;;;0;1;0;0;0;0;0;0;0;1;0;0;;
319092;8;4;2017;07:04;0;AV VICENTE DE CASTRO;;;0;;Colis?úo;Luz do Dia;;;Meio de Quadra;;;0;1;0;1;0;0;0;0;0;1;0;0;;
319087;8;4;2017;05:23;0;AV BENJAMIM BRASIL;;;0;;Colis?úo;Amanhecer;;;Meio de Quadra;;;0;1;0;0;0;0;0;0;0;0;0;0;;
319088;8;4;2017;06:13;0;RD BR 116;;;0;;Queda;Luz do Dia;;;Meio de Quadra;;;0;1;0;0;0;0;0;0;0;1;0;0;;
319110;8;4;2017;09:30;0;AV FRANCISCO SA;;;35;;Colis?úo;Luz do Dia;;;Meio de Quadra;;;0;1;0;1;0;0;0;0;0;1;0;0;-3,722732200000000;-38,541102400000000
319114;8;4;2017;09:51;0;RD BR 116;;;5000;KM-05;Colis?úo;Luz do Dia;;;Meio de Quadra;;;0;1;0;0;0;0;0;0;0;1;0;0;-3,796502000000000;-38,506787000000000
319119;8;4;2017;10:10;25170;AV LINEU MACHADO;RUA PRO EDGAR DE ARRUDA;;0;;Colis?úo;Luz do Dia;;;Cruz;Pare;Misto;0;1;0;1;0;1;0;0;0;0;0;0;-3,763209000000000;-38,575480000000000
319116;8;4;2017;09:52;0;RUA UM (SUMARE);;;530;;Colis?úo;Luz do Dia;;;Meio de Quadra;;;0;1;0;0;0;0;0;0;0;1;0;0;;
319117;8;4;2017;10:06;0;AV PASTEUR;;;991;;Atropelamento;Luz do Dia;;;Meio de Quadra;;;0;1;0;0;0;0;0;0;0;1;0;0;;
319146;8;4;2017;20:34;7618;RUA SERGIPE;RUA STA CATARINA (BELA VISTA / PAN AMERICANO);;0;;Colis?úo;;;;T;Pare;Industrial;0;1;0;1;0;0;0;0;0;1;0;0;-3,761089000000000;-38,570035000000000
319147;8;4;2017;20:56;0;RUA MENOR JERONIMO;;;0;;Colis?úo;;;;Meio de Quadra;;;0;1;0;0;0;0;0;0;0;0;0;0;;
319144;8;4;2017;19:24;2755;RUA BOM JESUS (GRANJA LISBOA);RUA CEL VIRGILIO NOGUEIRA (BOM JARDIM);;0;;Colis?úo;;;;Cruz;Sem?íforo;Comercial;0;1;0;1;0;0;0;0;0;1;0;0;-3,791685983000000;-38,609766226000000
319130;8;4;2017;13:52;0;AV DR SILAS MUNGUBA;;;4410;;Atropelamento;Luz do Dia;;;Meio de Quadra;;;0;2;0;0;0;0;0;0;0;1;0;0;-3,792948000000000;-38,535173000000000
319131;8;4;2017;15:43;0;RUA WASHINGTON DE MORAIS;;;713;;Colis?úo;Luz do Dia;;;Meio de Quadra;;;0;1;0;0;0;0;1;0;0;1;0;0;-3,834897000000000;-38,462200000000000
319132;8;4;2017;15:44;0;AV DR SILAS MUNGUBA;;;4359;;Queda;Luz do Dia;;;Meio de Quadra;;;0;0;1;0;0;0;0;0;0;1;0;0;-3,791722000000000;-38,536853000000000
319133;8;4;2017;16:13;0;RUA PRO RAIMUNDO VITOR;;;180;;Queda;Luz do Dia;;;Meio de Quadra;;;0;1;0;0;0;0;0;0;0;1;0;0;-3,737636000000000;-38,565910000000000
319134;8;4;2017;16:47;0;AV PERIMETRAL;;;131;;Colis?úo;Luz do Dia;;;Meio de Quadra;;;0;1;0;1;1;0;0;0;0;0;0;0;;