COD_ACIDENTE;DIA;MES;ANO;HORA;INTERSECAO;LOG1;LOG2;LOG3;NUMERO;REFERENCIA;NATUREZA;ILUMINACAO;TEMPO;SUPERFICIEPISTA;TIPOCRUZAMENTO;CONTROLETRAFEGO;USOSOLO;MORTOS;FERIDOS;ILESOS;AUTOMOVEL;ONIBUS;BICICLETA;CAMINHAO;MICROONIBUS;CICLOMOTOR;MOTOCICLETA;TRACAOANIMAL;TREM;LATITUDE;LONGITUDE
319135;8;4;2017;17:01;0;AV GODOFREDO MACIEL;;;0;;Colis?úo;Anoitecer;;;Meio de Quadra;;;0;1;0;1;0;0;0;0;0;1;0;0;;
319136;8;4;2017;17:05;0;RUA MONTE REAL;;;512;;Colis?úo;Anoitecer;;;Meio de Quadra;;;0;1;0;1;0;0;0;0;0;1;0;0;;
319137;8;4;2017;17:05;0;AV GODOFREDO MACIEL;;;975;;Colis?úo;Anoitecer;;;Meio de Quadra;;;0;1;0;1;0;0;0;0;0;1;0;0;-3,785030700000000;-38,566075700000000
319138;8;4;2017;17:28;0;RUA CAP ARAGAO;;;600;;Colis?úo;Anoitecer;;;Meio de Quadra;;;0;1;0;0;0;0;0;0;0;0;0;0;-3,764834000000000;-38,512656000000000
319139;8;4;2017;17:54;1263;RUA TIBURCIO CAVALCANTE;RUA PEREIRA FILGUEIRAS;;0;;Colis?úo;Anoitecer;;;Cruz;Sem?íforo;Misto;0;2;0;0;0;0;0;0;0;0;0;0;-3,732021000000000;-38,501313000000000
319140;8;4;2017;18:12;0;AV PERIMETRAL;;;0;;Colis?úo;Anoitecer;;;Meio de Quadra;;;0;0;1;1;0;0;0;0;0;1;0;0;;
319141;8;4;2017;18:54;0;AV ENG LEAL LIMA VERDE (SAPIRANGA/COITE);;;900;;Atropelamento;;;;Meio de Quadra;;;0;1;0;1;0;0;0;0;0;0;0;0;-3,796699000000000;-38,475597000000000
319142;8;4;2017;19:03;0;AV FRANCISCO SA;;;5383;;Colis?úo;;;;Meio de Quadra;;;0;1;0;1;0;0;0;0;0;1;0;0;-3,712282000000000;-38,572352000000000
319123;8;4;2017;11:25;1277;RUA COSTA BARROS;RUA TIBURCIO CAVALCANTE;;0;;Colis?úo;Luz do Dia;;;T;N?úo H?í Controle;Misto;0;1;0;0;0;0;0;0;0;1;0;0;-3,733549000000000;-38,501794000000000
319125;8;4;2017;11:33;0;AV MR HULL;;;4560;;Colis?úo;Luz do Dia;;;Meio de Quadra;;;0;1;0;0;0;0;0;0;0;0;0;0;-3,738651716000000;-38,585066642000000
319128;8;4;2017;12:10;0;RUA GAL GOIS MONTEIRO;;;675;;Colis?úo;Luz do Dia;;;Meio de Quadra;;;0;1;0;1;0;0;0;0;0;1;0;0;-3,734107222000000;-38,581144740000000
308399;8;4;2017;22:39;0;RUA MAJ PEDRO SAMPAIO;;;1;;Colis?úo Traseira;Via Iluminada;Bom;Seca;Meio de Quadra;N?úo H?í Controle;Residencial;0;0;2;1;0;0;0;0;0;0;0;0;-3,748658200000000;-38,555470000000000
308371;8;4;2017;01:05;10935;RUA BAR CANINDE;RUA ELCIAS LOPES;;0;;Colis?úo Transversal;Via Iluminada;Bom;Seca;Cruz;Pare;Residencial;0;0;2;1;0;0;0;0;0;0;0;0;-3,770511600000000;-38,557430000000000
308372;8;4;2017;07:15;0;RUA 15 DE NOVEMBRO;;;448;;Colis?úo Transversal;Amanhecer;Nublado;Seca;Cruz;Pare;Comercial;0;1;0;0;0;0;0;0;0;0;0;0;-3,768881000000000;-38,555946000000000
308373;8;4;2017;06:07;0;RUA ALM RUBIM;;;497;;Colis?úo Transversal;Luz do Dia;Nublado;N?úo informada;Meio de Quadra;Pare;Comercial;0;1;0;0;0;0;1;0;0;1;0;0;-3,753691200000000;-38,539845000000000
308374;8;4;2017;08:17;5364;AV TRISTAO GONCALVES;RUA GAL CLARINDO DE QUEIROZ;;0;;Colis?úo Transversal;Luz do Dia;Bom;Seca;Cruz;Pare;Comercial;0;1;1;1;0;0;0;1;0;0;0;0;-3,731230000000000;-38,534380000000000
308375;8;4;2017;09:22;0;RUA SOCORRO GOMES;;;190;;Choque c/ Obst?ículo Fixo;Luz do Dia;Bom;Seca;T;N?úo H?í Controle;Residencial;0;0;1;1;0;0;0;0;0;0;0;0;-3,832070000000000;-38,476074000000000
308376;8;4;2017;09:48;12837;AV DOMINGOS OLIMPIO;RUA JAIME BENEVOLO;;0;;Colis?úo Traseira;Luz do Dia;Bom;Seca;Cruz;Sem?íforo;Comercial;0;0;2;1;0;0;0;0;0;0;0;0;-3,737552400000000;-38,527466000000000
308377;8;4;2017;09:23;3993;RUA ALBERTO MAGNO;RUA DULCINEIA GONDIM;;0;;Colis?úo Transversal;Luz do Dia;Bom;Seca;Cruz;Pare;Comercial;0;1;1;1;0;0;0;0;0;1;0;0;-3,759280400000000;-38,545220000000000
308378;8;4;2017;09:45;19224;AV SANTOS DUMONT;RUA FRANCISCO MATOS;;0;;Capotamento;Luz do Dia;Bom;Seca;Cruz;Sem?íforo;Residencial;0;0;2;0;0;0;0;0;0;0;0;0;-3,745535000000000;-38,469543000000000
308379;8;4;2017;12:45;0;AV LUCIANO CARNEIRO;;;0;;Colis?úo Traseira;Luz do Dia;Bom;Seca;Meio de Quadra;N?úo H?í Controle;Escola;0;0;2;1;0;0;0;0;0;0;0;0;-3,749796000000000;-38,532010000000000
308380;8;4;2017;11:38;1434;AV RUI BARBOSA;RUA CATAO MAMEDE;;0;;Colis?úo Lateral;Luz do Dia;Bom;Seca;Cruz;Pare;Comercial;0;1;2;1;0;0;0;0;0;1;0;0;-3,737879000000000;-38,510042000000000
308381;8;4;2017;12:31;0;RUA TAQUATIARA;;;100;;Colis?úo Lateral;Luz do Dia;Bom;Seca;Meio de Quadra;N?úo H?í Controle;Residencial;0;0;2;1;0;0;0;0;0;1;0;0;-3,830661500000000;-38,501156000000000
308382;8;4;2017;14:30;1658;RUA MON CATAO;RUA BENI DE CARVALHO;;0;;Colis?úo Lateral;Luz do Dia;Bom;Seca;Cruz;N?úo H?í Controle;Comercial;0;0;0;1;0;0;0;0;0;0;0;0;-3,746563400000000;-38,493040000000000
308383;8;4;2017;15:20;0;RUA JACINTO MATOS;;;944;;Colis?úo Lateral;Luz do Dia;Bom;Seca;Cruz;D?¬ Prefer?¬ncia;Residencial;0;0;2;1;0;0;0;0;0;1;0;0;-3,719727000000000;-38,546630000000000
308384;8;4;2017;14:45;0;AV AGUANAMBI;;;94;;Engavetamento;Luz do Dia;Bom;Seca;Meio de Quadra;Sem?íforo;Comercial;0;0;3;1;1;0;0;0;0;0;0;0;-3,738157700000000;-38,524540000000000
308385;8;4;2017;15:52;25125;RUA DNA LEOPOLDINA;RUA ROCHA LIMA;;1344;;Capotamento;Luz do Dia;Bom;Seca;Cruz;Pare;Comercial;0;1;1;1;0;0;0;0;0;0;0;0;-3,736779200000000;-38,521492000000000
308386;8;4;2017;11:30;17292;RUA SATIRO DIAS;RUA QUEIROZ RIBEIRO;;0;;Colis?úo Transversal;Luz do Dia;Bom;Seca;Cruz;Pare;Comercial;0;1;2;1;0;0;0;0;0;1;0;0;-3,763207200000000;-38,546120000000000
308387;8;4;2017;15:40;0;AV GAL OSORIO DE PAIVA;;;4176;;Colis?úo Traseira;Luz do Dia;Bom;Seca;Meio de Quadra;Sem?íforo;Residencial;0;0;2;1;1;0;0;0;0;0;0;0;-3,794621200000000;-38,592384000000000
308388;8;4;2017;13:40;0;AV ANTONIO SALES;RUA OSVALDO CRUZ (ALDEOTA);;0;;Colis?úo Lateral;Luz do Dia;Bom;Seca;Cruz;Sem?íforo;Comercial;0;0;2;1;0;0;0;0;0;1;0;0;-3,745068300000000;-38,503310000000000
308389;8;4;2017;16:04;24226;RUA DES WALDETARIO P MOTA;RUA FAUSTO CABRAL;;0;;Colis?úo Transversal;Luz do Dia;Bom;Seca;Cruz;Pare;Residencial;0;1;0;1;0;0;0;0;0;1;0;0;-3,733129500000000;-38,478447000000000
308390;8;4;2017;18:00;15347;AV DOM LUIS;RUA TIBURCIO CAVALCANTE;;0;;Choque c/ Obst?ículo Fixo;Anoitecer;Bom;Seca;T;Sem?íforo;Comercial;0;0;1;1;0;0;0;0;0;0;0;0;-3,732132200000000;-38,501183000000000
308391;8;4;2017;18:43;15141;AV MON TABOSA;RUA CARLOS VASCONCELOS;;0;;Colis?úo Traseira;Via Iluminada;Bom;Seca;Cruz;Sem?íforo;Comercial;0;0;2;1;0;0;0;0;0;0;0;0;-3,724014300000000;-38,508050000000000
308392;8;4;2017;18:33;0;AV DOM MANUEL;;;1803;;Colis?úo Lateral;Via Iluminada;Bom;Seca;Cruz;Sem?íforo;Comercial;0;0;2;1;1;0;0;0;0;0;0;0;-3,736772300000000;-38,523865000000000
308393;8;4;2017;18:10;15061;RUA FRANCISCO GLICERIO;RUA GAMA;;0;;Colis?úo Lateral;Via Iluminada;Bom;Seca;Cruz;N?úo H?í Controle;Residencial;0;1;1;1;0;0;0;0;0;1;0;0;-3,795244700000000;-38,572395000000000
308394;8;4;2017;20:00;0;AV SEN FERNANDES TAVORA;;;432;;Colis?úo Traseira;Via Iluminada;Bom;Seca;Meio de Quadra;N?úo H?í Controle;Comercial;0;0;0;1;0;0;0;0;0;0;0;0;-3,765217800000000;-38,577000000000000
308395;8;4;2017;20:58;0;AV AUGUSTO DOS ANJOS;;;934;;Colis?úo Traseira;Via Iluminada;Bom;Seca;Meio de Quadra;N?úo H?í Controle;Comercial;0;0;2;1;0;0;0;0;0;1;0;0;-3,776039000000000;-38,575603000000000
308396;8;4;2017;20:06;20131;RUA CRISANTO ARRUDA;RUA PRO JOSE SILVEIRA;;0;;Colis?úo Transversal;Via Iluminada;Bom;Seca;Cruz;Pare;Comercial;0;2;1;1;0;1;0;0;0;0;0;0;-3,810209500000000;-38,522644000000000
324290;8;4;2017;09:00;0;RUA 24 DE NOVEMBRO UI 403;;;100;;Colis?úo;Luz do Dia;;Seca;Meio de Quadra;;;0;0;2;1;0;0;1;0;0;0;0;0;;
324345;8;4;2017;23:20;0;RD CE-040;;;0;KM-09;Atropelamento;Via Iluminada;;Seca;Meio de Quadra;;;0;1;1;1;0;0;0;0;0;0;0;0;-3,834450897000000;-38,482465820000000
324302;9;4;2017;20:10;0;RD CE-040;;;0;KM-04;;Via Iluminada;;Seca;Meio de Quadra;;;0;0;2;1;0;0;0;0;0;0;0;0;-3,791613156000000;-38,480330840000000
308397;9;4;2017;00:02;0;AV N CJ JOSE WALTER;;;413;;Engavetamento;Via Iluminada;Bom;Seca;Meio de Quadra;Sem?íforo;Comercial;0;0;4;1;1;0;0;0;0;0;0;0;-3,821834600000000;-38,558323000000000
308398;9;4;2017;07:14;0;AV ENG HUMBERTO MONTE;;;0;;Colis?úo Lateral;Luz do Dia;Bom;Seca;Meio de Quadra;N?úo H?í Controle;Comercial;0;0;2;1;0;0;0;0;0;0;0;0;-3,740450100000000;-38,567960000000000
308400;9;4;2017;07:20;0;RUA PEDRO MARTINS;;;0;;Colis?úo Lateral;Luz do Dia;Bom;Seca;Meio de Quadra;N?úo H?í Controle;Residencial;0;1;1;1;0;0;0;0;0;1;0;0;-3,799342600000000;-38,601710000000000
308401;9;4;2017;16:00;0;RUA PRO COSTA MENDES;;;1;;Colis?úo Traseira;Via Iluminada;Bom;Seca;T;Pare;Comercial;0;0;3;1;0;0;0;0;0;0;0;0;-3,751471500000000;-38,550587000000000
308402;9;4;2017;21:16;0;RUA JOSE EUCLIDES F GOMES;AV AGUANAMBI;;0;;Colis?úo Lateral;Via Iluminada;Bom;Seca;T;Gesto;Comercial;0;0;2;1;0;0;0;0;0;0;0;0;-3,752525600000000;-38,523556000000000
323203;9;4;2017;01:26;0;AV GAL OSORIO DE PAIVA;;;0;;Colis?úo;;;;Meio de Quadra;;;0;1;1;0;0;0;0;0;0;0;0;0;;
323230;9;4;2017;08:12;0;AV DR SILAS MUNGUBA;;;0;;Queda;Luz do Dia;;;Meio de Quadra;;;0;1;0;0;0;0;0;0;0;1;0;0;;
323237;9;4;2017;10:53;0;RUA SEIS COMPANHEIROS;;;1005;;Queda;Luz do Dia;;;Meio de Quadra;;;0;1;0;0;0;0;0;0;0;1;0;0;-3,708920000000000;-38,578921000000000
323225;9;4;2017;04:54;0;AV SEN VIRGILIO TAVORA;;;610;;Atropelamento;;;;Meio de Quadra;;;0;1;1;0;0;0;0;0;0;0;0;0;-3,733681000000000;-38,492143000000000
323228;9;4;2017;06:41;0;AV GAL OSORIO DE PAIVA;;;0;;Queda;Luz do Dia;;;Meio de Quadra;;;0;1;0;0;0;0;0;0;0;1;0;0;;
323232;9;4;2017;09:11;0;RUA SEN ROBERT KENNEDY;;;930;;Colis?úo;Luz do Dia;;;Meio de Quadra;;;0;1;1;1;0;0;0;0;0;1;0;0;-3,707817000000000;-38,580796000000000
323233;9;4;2017;10:21;0;AV I CJ CEARA;;;0;TERMINAL;Atropelamento;Luz do Dia;;;Meio de Quadra;;;0;1;1;0;0;0;0;0;0;1;0;0;;
323218;9;4;2017;02:32;0;RUA TIBURCIO PEREIRA;;;101;;Queda;;;;Meio de Quadra;;;0;1;0;0;0;0;0;0;0;1;0;0;-3,796709000000000;-38,508597000000000
323209;9;4;2017;01:38;0;AV OLIVEIRA PAIVA;;;2900;BANCO DO BRASIL;Choque c/ Obst?ículo Fixo;;;;Meio de Quadra;;;0;1;0;0;0;0;0;0;0;1;0;0;-3,795868000000000;-38,481631000000000
323213;9;4;2017;02:19;0;RUA ANTONIO FIUZA;;;896;;Colis?úo;;;;Meio de Quadra;;;0;1;1;1;0;0;0;0;0;1;0;0;-3,773793100000000;-38,553545700000000
323300;9;4;2017;22:57;0;AV DOS EXPEDICIONARIOS;;;9344;;Colis?úo;;;;Meio de Quadra;;;0;1;1;0;0;0;0;0;0;0;0;0;-3,800276900000000;-38,552162600000000
323274;9;4;2017;20:12;21611;RUA COM GARCIA;RUA JOAO RAMALHO;;0;;Colis?úo;;;;Cruz;Pare;Residencial;0;1;1;1;0;0;0;0;0;1;0;0;-3,799067000000000;-38,588536000000000
323275;9;4;2017;20:25;0;AV BEIRA MAR;;;4000;;Queda;;;;Meio de Quadra;;;0;1;0;0;0;1;0;0;0;0;0;0;-3,723271000000000;-38,485082000000000
323276;9;4;2017;20:45;17501;AV ABOLICAO;RUA TEREZA HINKO;;0;;Colis?úo;;;;;;;0;1;1;1;0;0;0;0;0;1;0;0;-3,725398000000000;-38,484515000000000
323268;9;4;2017;19:15;0;RUA RIACHUELO;;;0;;Queda;;;;Meio de Quadra;;;0;1;0;0;0;0;0;0;0;1;0;0;;
323270;9;4;2017;19:19;0;RUA AVILA GOULART;;;0;;Colis?úo;;;;Meio de Quadra;;;0;1;1;0;0;0;0;0;0;0;0;0;;
323271;9;4;2017;19:27;2844;RUA CEL VIRGILIO NOGUEIRA (BOM JARDIM);RUA DESCARTES BRAGA;;0;;Colis?úo;;;;Rotat??ria;N?úo H?í Controle;Comercial;0;2;0;0;0;0;0;0;0;1;0;0;;
323272;9;4;2017;19:42;0;RUA TOMAS LOPES;;;200;;Atropelamento;;;;Meio de Quadra;;;0;1;1;1;0;0;0;0;0;0;0;0;-3,722076000000000;-38,515751000000000
323254;9;4;2017;11:40;0;AV ODILON GUIMARAES;;;0;;Colis?úo;Luz do Dia;;;Meio de Quadra;;;0;1;1;1;0;0;0;0;0;1;0;0;;
323255;9;4;2017;12:17;0;RUA MARIA JULIA;;;413;;Colis?úo;Luz do Dia;;;Meio de Quadra;;;0;1;1;1;0;0;0;0;0;1;0;0;-3,789461000000000;-38,598967000000000
323256;9;4;2017;12:29;0;RD BR 116;;;0;;Queda;Luz do Dia;;;Meio de Quadra;;;0;1;0;0;0;0;0;0;0;1;0;0;;
323257;9;4;2017;13:24;0;RUA CHASTINET GUIMARAES;;;34;;Colis?úo;Luz do Dia;;;Meio de Quadra;;;0;1;1;1;0;0;0;0;0;1;0;0;-3,721143000000000;-38,566409000000000
323258;9;4;2017;13:59;0;RUA URUCUTUBA;;;1764;;Atropelamento;Luz do Dia;;;Meio de Quadra;;;0;1;1;0;0;0;0;0;0;1;0;0;-3,798200000000000;-38,612106000000000
323259;9;4;2017;14:29;0;AV GAL OSORIO DE PAIVA;;;0;;Atropelamento;Luz do Dia;;;Meio de Quadra;;;0;1;1;0;0;0;0;0;0;1;0;0;;
323260;9;4;2017;16:35;0;RUA JOSE G MOREIRA;;;712;;Queda;Luz do Dia;;;Meio de Quadra;;;0;1;0;0;0;0;0;0;0;1;0;0;;
323264;9;4;2017;18:36;0;AV SEN FERNANDES TAVORA;;;2881;;Colis?úo;;;;Meio de Quadra;;;0;3;0;0;0;0;0;0;0;1;0;0;-3,755172000000000;-38,598030000000000
323265;9;4;2017;18:46;0;AV ROGACIANO LEITE;;;0;;Colis?úo;;;;Meio de Quadra;;;0;1;1;0;0;0;0;0;0;0;0;0;;
308463;9;4;2017;01:18;0;RUA CAP ARAGAO;;;939;;Choque c/ Obst?ículo Fixo;Via Iluminada;Bom;Seca;Meio de Quadra;Pare;Residencial;0;1;0;1;0;0;0;0;0;0;0;0;-3,764169500000000;-38,509415000000000
305513;9;4;2017;13:20;15125;RUA ILDEFONSO ALBANO;RUA DR ATUALPA BARBOSA LIMA (P. IRACEMA);;0;;Colis?úo Transversal;Luz do Dia;Bom;Seca;Cruz;Pare;Residencial;0;0;2;1;0;0;0;0;0;0;0;0;-3,723503000000000;-38,510128000000000
305475;9;4;2017;06:15;0;RUA MONTE LIBANO;;;896;;Colis?úo Frontal;Luz do Dia;Bom;Seca;Meio de Quadra;Outros;Residencial;0;2;0;0;1;0;0;0;0;1;0;0;-3,827695000000000;-38,564165000000000
305472;9;4;2017;20:30;5436;RUA JAIME BENEVOLO;RUA GAL CLARINDO DE QUEIROZ;;0;;Colis?úo Transversal;Via Iluminada;Bom;Seca;Cruz;Pare;Comercial;0;2;0;1;0;0;0;0;0;0;0;0;-3,734060000000000;-38,526017000000000
305473;9;4;2017;12:16;25203;AV MAJ ASSIS;RUA L CJ VILA VELHA;;0;;Colis?úo Transversal;Luz do Dia;Bom;Seca;Cruz;N?úo H?í Controle;Residencial;0;2;0;1;0;0;0;0;0;1;0;0;;
305463;9;4;2017;19:03;25896;RUA GARDENIA;RUA BAR AQUIRAZ;;0;;Colis?úo Transversal;Via Iluminada;Bom;Seca;Outros;Pare;Residencial;0;3;0;1;0;0;0;0;0;0;0;0;-3,836863000000000;-38,488394000000000
305464;9;4;2017;12:23;17326;RUA ALBERTO MAGNO;RUA ALAN KARDEC;;0;;Colis?úo Lateral;Luz do Dia;Bom;Seca;Cruz;Pare;Comercial;0;2;0;1;0;0;0;0;0;0;0;0;-3,764796000000000;-38,549918000000000
305465;9;4;2017;21:00;0;AV BEIRA MAR;;;0;;Colis?úo;Via Iluminada;Bom;Seca;Meio de Quadra;N?úo H?í Controle;Residencial;0;2;0;1;0;0;0;0;0;0;0;0;;
296148;9;4;2017;10:15;0;AV I CJ JOSE WALTER;;;1510;;Atropelamento;Luz do Dia;;;Meio de Quadra;;;1;1;0;0;0;0;0;0;0;1;0;0;-3,837386000000000;-38,554453000000000
296159;10;4;2017;00:30;22885;RUA PRA HELOISA F LIMA;RUA PDE ASCENCO GAGO;;0;;Colis?úo Transversal;;;;;;;1;0;1;1;0;0;0;0;0;1;0;0;-3,781240000000000;-38,543928000000000
296172;10;4;2017;18:50;0;AV PRS CASTELO BRANCO;;;5291;;Atropelamento;;;;Meio de Quadra;;;1;1;0;0;0;0;0;0;0;1;0;0;-3,704305000000000;-38,578655000000000
305477;10;4;2017;00:30;5174;AV TRISTAO GONCALVES;RUA GUILHERME ROCHA;;0;;Colis?úo Frontal;Via Iluminada;Chuva;Molhada;Cruz;Sem?íforo;Comercial;0;2;1;1;0;0;0;0;0;0;0;0;-3,725452000000000;-38,532707000000000
305478;10;4;2017;21:00;0;RUA PRO GOMES BRASIL;;;0;;Choque c/ Obst?ículo Fixo;Via Iluminada;Bom;Seca;Meio de Quadra;N?úo H?í Controle;Comercial;0;1;0;1;0;0;0;0;0;0;0;0;;
305479;10;4;2017;19:25;0;AV 13 DE MAIO;;;1746;;Outros;Via Iluminada;Bom;Seca;Meio de Quadra;N?úo H?í Controle;Comercial;0;1;0;0;0;0;0;0;0;0;0;0;-3,745871000000000;-38,533366000000000
305480;10;4;2017;00:00;0;AV JOSE SABOIA;;;0;;Colis?úo Frontal;Via Iluminada;Bom;Seca;Meio de Quadra;Sem?íforo;Comercial;0;2;0;1;0;0;0;0;0;0;0;0;;
305483;10;4;2017;02:26;17370;RUA BAR SOBRAL;RUA ALM RUBIM;;0;;Colis?úo Transversal;Via Iluminada;Chuva;Molhada;Cruz;Pare;Residencial;0;3;0;1;0;0;0;0;0;0;0;0;-3,766572000000000;-38,554972000000000
305488;10;4;2017;15:15;0;RUA BENI DE CARVALHO;;;385;;Colis?úo Traseira;Luz do Dia;Nublado;Seca;Meio de Quadra;N?úo H?í Controle;Residencial;0;2;0;1;0;0;0;0;0;0;0;0;-3,745177000000000;-38,497552000000000
305485;10;4;2017;00:16;24886;AV MOZART PINHEIRO DE LUCENA;AV MAJ ASSIS;;0;;Capotamento;Via Iluminada;;Molhada;Cruz;Sem?íforo Intermitente;Residencial;0;2;0;1;0;0;0;0;0;0;0;0;-3,721514087000000;-38,596661554000000
305486;10;4;2017;19:30;0;RUA BERNARDO MANUEL;;;7148;;Colis?úo Lateral;Via Iluminada;Bom;Seca;Meio de Quadra;Pare;Residencial;0;2;0;1;1;0;0;0;0;0;0;0;-3,780503000000000;-38,545851000000000
305490;10;4;2017;10:05;0;AV LUCIANO CARNEIRO;;;1991;;Colis?úo Traseira;Luz do Dia;Nublado;Seca;Meio de Quadra;;Comercial;0;2;0;1;0;0;0;0;0;0;0;0;-3,765012000000000;-38,536703000000000
305512;10;4;2017;13:00;0;RUA BERNARDO MANUEL;;;0;;Colis?úo Lateral;Luz do Dia;Nublado;Seca;Meio de Quadra;N?úo H?í Controle;Residencial;0;2;0;1;0;0;0;0;0;1;0;0;;
305508;10;4;2017;14:14;0;AV GOV RAUL BARBOSA;;;503;;Colis?úo;Luz do Dia;Bom;Seca;Meio de Quadra;Gesto;Residencial;0;2;0;1;0;0;0;0;0;1;0;0;-3,757125700000000;-38,504308400000000
305509;10;4;2017;14:39;20814;RUA JOSE PONTES;RUA DOM MANUEL DE MEDEIROS;;0;;Colis?úo;Luz do Dia;Nublado;Seca;Cruz;Pare;Residencial;0;2;0;1;0;0;1;0;0;0;0;0;-3,739964000000000;-38,568598000000000
305506;10;4;2017;14:20;4167;AV FRANCISCO SA;RUA PLACIDO CARVALHO;;0;;Colis?úo;Luz do Dia;Bom;Seca;T;Pare;Comercial;0;3;0;1;0;0;0;0;0;1;0;0;-3,718081000000000;-38,555342000000000
308650;10;4;2017;21:18;1316;AV SANTOS DUMONT;RUA TIBURCIO CAVALCANTE;;2456;;Colis?úo Traseira;Via Iluminada;Bom;Seca;Meio de Quadra;Sem?íforo;Comercial;0;0;0;1;1;0;0;0;0;0;0;0;-3,735023700000000;-38,502830000000000
323316;10;4;2017;07:30;6837;AV ANTONIO SALES;RUA SAO GABRIEL (COCO);;0;;Queda;Luz do Dia;;;T;N?úo H?í Controle;Comercial;0;1;0;0;0;0;0;0;0;1;0;0;;
323314;10;4;2017;06:33;0;AV GAL OSORIO DE PAIVA;;;0;;Queda;Luz do Dia;;;Meio de Quadra;;;0;1;0;0;0;0;0;0;0;1;0;0;;
323319;10;4;2017;07:56;0;RUA ANGELICA GURGEL;;;0;;Colis?úo;Luz do Dia;;;Meio de Quadra;;;0;2;0;1;0;0;0;0;0;1;0;0;;
323320;10;4;2017;08:43;22176;AV ENG HUMBERTO MONTE;AV JOSE BASTOS;;0;;Queda;Luz do Dia;;;T;Sem?íforo;Comercial;0;1;0;0;0;0;0;0;0;1;0;0;-3,754966000000000;-38,555455000000000
323321;10;4;2017;08:55;15216;AV ABOLICAO;RUA VIS MAUA;;0;;Queda;Luz do Dia;;;Cruz;Pare;Comercial;0;1;0;0;0;0;0;0;0;1;0;0;-3,727006000000000;-38,496477000000000
323311;10;4;2017;05:28;0;AV MR HULL;;;500;;Colis?úo;Amanhecer;;Molhada;Meio de Quadra;;;0;1;1;1;0;0;1;0;0;0;0;0;-3,739972700000000;-38,594092500000000
323361;10;4;2017;18:01;0;RUA DIADEMA;;;222;;Queda;Anoitecer;;;Meio de Quadra;;;0;1;0;0;0;0;0;0;0;1;0;0;;
323363;10;4;2017;18:53;0;RUA COELHO DA FONSECA;;;174;;Colis?úo;;;;Meio de Quadra;;;0;1;1;1;0;0;0;0;0;1;0;0;-3,715119680000000;-38,560846876000000
323364;10;4;2017;18:55;17347;RUA IRM BAZET;RUA ALBERTO MAGNO;;0;;Colis?úo;;;;Cruz;Pare;Comercial;0;1;1;0;0;0;0;0;0;0;0;0;-3,765502000000000;-38,550525000000000
323366;10;4;2017;19:35;0;RUA CAP CLOVIS MAIA;;;3125;;Queda;;;;Meio de Quadra;;;0;1;0;0;0;0;0;0;0;1;0;0;-3,734771000000000;-38,455694000000000
323368;10;4;2017;19:59;0;AV MAE LISBOA;;;2121;;Atropelamento;Via Iluminada;;Seca;Meio de Quadra;;;0;1;1;1;0;0;0;0;0;0;0;0;-3,807529278000000;-38,460398780000000
323371;10;4;2017;20:00;0;AV ZEZE DIOGO;;;3125;;Colis?úo;;;;Meio de Quadra;;;0;2;0;1;0;0;0;0;0;1;0;0;-3,734264000000000;-38,456070000000000
323372;10;4;2017;20:18;0;RUA CON DE CASTRO;;;5681;;Colis?úo;;;;Meio de Quadra;;;0;1;1;0;0;0;1;0;0;1;0;0;-3,813387000000000;-38,598200000000000
323373;10;4;2017;20:22;0;AV BEZERRA DE MENEZES;;;244;;Atropelamento;;;;Meio de Quadra;;;0;1;1;1;0;0;0;0;0;0;0;0;-3,732134000000000;-38,547436000000000
323375;10;4;2017;20:30;0;AV JOAO DE ARAUJO LIMA;;;2343;CURVA DA VIUVA;Queda;;;;Meio de Quadra;;;0;1;0;0;0;0;0;0;0;1;0;0;-3,842801000000000;-38,562797000000000
323376;10;4;2017;21:07;0;AV FRANCISCO SA;;;7905;;Atropelamento;;;;Meio de Quadra;;;0;1;1;1;0;0;0;0;0;0;0;0;-3,704578000000000;-38,589011000000000
323378;10;4;2017;21:53;0;AV PRS CASTELO BRANCO;;;0;;Queda;;;;Meio de Quadra;;;0;1;0;0;0;0;0;0;0;1;0;0;;
323379;10;4;2017;23:21;0;AV GOV RAUL BARBOSA;;;0;;Colis?úo;;;;Meio de Quadra;;;0;1;1;1;0;0;0;0;0;1;0;0;;
323357;10;4;2017;17:06;0;RUA CON LIMA SUCUPIRA;;;2426;;Colis?úo;Anoitecer;;;Meio de Quadra;;;0;1;1;0;0;0;0;0;0;0;0;0;-3,776001000000000;-38,557631000000000
323359;10;4;2017;18:00;12563;AV MAJ ASSIS;RUA GEORGE CAVALCANTE;;0;;Colis?úo;Anoitecer;;;Rotat??ria;Pare;Residencial;0;1;1;0;0;0;0;0;0;0;0;0;-3,722625000000000;-38,592541000000000
323353;10;4;2017;16:23;0;AV AGUANAMBI;;;0;;Colis?úo;Luz do Dia;;;Meio de Quadra;;;0;1;1;1;0;0;0;0;0;1;0;0;;
323354;10;4;2017;16:34;12817;AV PRO GOMES DE MATOS;RUA DELMIRO FARIAS;;0;;Atropelamento;Luz do Dia;;;T;Pare;Comercial;0;1;1;1;0;0;0;0;0;0;0;0;-3,755817000000000;-38,541034000000000
323351;10;4;2017;15:39;0;AV 13 DE MAIO;;;0;;Atropelamento;Luz do Dia;;;Meio de Quadra;;;0;2;0;0;0;0;0;0;0;1;0;0;;
323344;10;4;2017;14:03;0;RUA SAO DOMINGOS;;;1800;;Queda;Luz do Dia;;;Meio de Quadra;;;0;2;0;0;0;0;0;0;0;1;0;0;;