COD_ACIDENTE;DIA;MES;ANO;HORA;INTERSECAO;LOG1;LOG2;LOG3;NUMERO;REFERENCIA;NATUREZA;ILUMINACAO;TEMPO;SUPERFICIEPISTA;TIPOCRUZAMENTO;CONTROLETRAFEGO;USOSOLO;MORTOS;FERIDOS;ILESOS;AUTOMOVEL;ONIBUS;BICICLETA;CAMINHAO;MICROONIBUS;CICLOMOTOR;MOTOCICLETA;TRACAOANIMAL;TREM;LATITUDE;LONGITUDE
323346;10;4;2017;15:09;0;RUA AUDISIO PINHEIRO;;;1686;;Queda;Luz do Dia;;;Meio de Quadra;;;0;1;0;0;0;0;0;0;0;1;0;0;-3,765696000000000;-38,592547000000000
323347;10;4;2017;15:25;0;AV PRS COSTA E SILVA;;;0;;Queda;Luz do Dia;;;Meio de Quadra;;;0;1;0;0;0;1;0;0;0;0;0;0;;
323324;10;4;2017;09:05;0;RUA BRI TORRES;;;0;;Colis?úo;Luz do Dia;;;Meio de Quadra;;;0;1;1;1;0;0;0;0;0;1;0;0;;
323325;10;4;2017;09:08;0;AV ALBERTO CRAVEIRO;;;466;;Queda;Luz do Dia;;;Meio de Quadra;;;0;1;0;0;0;0;0;0;0;1;0;0;-3,782812000000000;-38,516560000000000
323326;10;4;2017;09:32;0;RUA OSCAR ARARIPE;;;656;;Colis?úo;Luz do Dia;;;Meio de Quadra;;;0;1;1;1;0;0;0;0;0;1;0;0;-3,791841000000000;-38,597281000000000
323327;10;4;2017;10:05;0;RUA BAR AQUIRAZ;;;2000;;Colis?úo;Luz do Dia;;;Meio de Quadra;;;0;1;1;1;0;1;0;0;0;0;0;0;-3,844247000000000;-38,481760000000000
323332;10;4;2017;10:45;1350;RUA TORRES CAMARA;RUA SILVA PAULET;;0;;Colis?úo;Luz do Dia;;;Cruz;Pare;Residencial;0;1;1;1;0;0;0;0;0;1;0;0;-3,735958000000000;-38,505905000000000
323333;10;4;2017;12:11;19776;RUA AZEVEDO BOLAO;RUA MOREIRA DE SOUSA;;0;;Colis?úo;Luz do Dia;;;Cruz;Pare;Residencial;0;1;1;1;0;0;0;0;0;1;0;0;-3,738489000000000;-38,566735000000000
323334;10;4;2017;12:12;0;RUA MARTINS CARVALHO;;;2902;;Queda;Luz do Dia;;;Meio de Quadra;;;0;1;0;0;0;1;0;0;0;0;0;0;-3,790408000000000;-38,620931000000000
323329;10;4;2017;10:23;0;AV DOS EXPEDICIONARIOS;;;4723;;Colis?úo;Luz do Dia;;;Meio de Quadra;;;0;1;1;1;0;0;0;0;0;1;0;0;-3,759336000000000;-38,539488000000000
308426;10;4;2017;13:23;0;RUA BERNARDO MANUEL;;;413;;Engavetamento;Luz do Dia;Nublado;Molhada;Meio de Quadra;Sem?íforo;Comercial;0;0;3;1;0;0;0;0;0;0;0;0;-3,821947000000000;-38,558410000000000
308403;10;4;2017;06:50;0;AV ALANIS MARIA LAURINDO DE OLIVEIRA;;;1150;;Colis?úo Lateral;Luz do Dia;Nublado;Seca;Meio de Quadra;N?úo H?í Controle;Residencial;0;0;2;1;0;0;0;0;0;0;0;0;-3,771095300000000;-38,609676000000000
308404;10;4;2017;07:51;15342;RUA PEREIRA VALENTE;RUA OSVALDO CRUZ (ALDEOTA);;0;;Colis?úo Transversal;Luz do Dia;Nublado;Molhada;Cruz;Pare;Residencial;0;1;1;0;0;0;0;0;0;0;0;0;-3,731727800000000;-38,499077000000000
308405;10;4;2017;08:41;15874;RUA GUARUJA;RUA STA EFIGENIA;;0;;Colis?úo Transversal;Luz do Dia;Nublado;Molhada;Cruz;Pare;Residencial;0;0;1;1;0;0;0;0;0;0;0;0;-3,834885600000000;-38,499012000000000
308406;10;4;2017;08:10;17441;RUA RAUL CABRAL;RUA FRE VICENTE SALVADOR;;0;;Colis?úo Lateral;Luz do Dia;Chuva;Molhada;Cruz;Pare;Residencial;0;0;2;1;0;0;0;0;0;0;0;0;-3,769330300000000;-38,543518000000000
308407;10;4;2017;07:34;347;RUA PRO COSTA MENDES;RUA FRANCISCA CLOTILDE;;0;;Colis?úo Transversal;Luz do Dia;Nublado;Molhada;Cruz;Pare;Comercial;0;1;1;1;0;0;0;0;0;1;0;0;-3,746239400000000;-38,556118000000000
308408;10;4;2017;07:39;16039;AV PRS COSTA E SILVA;RUA CEL TIBURCIO;;0;;Colis?úo Transversal;Luz do Dia;Chuva;Molhada;Cruz;Sem?íforo;Comercial;0;1;1;1;0;0;0;0;0;1;0;0;-3,811970000000000;-38,573353000000000
308409;10;4;2017;10:30;0;RUA SERENO;;;304;;Colis?úo Lateral;Luz do Dia;Nublado;Molhada;Meio de Quadra;N?úo H?í Controle;Residencial;0;1;1;0;1;1;0;0;0;0;0;0;-3,802511700000000;-38,619790000000000
308410;10;4;2017;14:23;9174;AV 13 DE MAIO;RUA MON OTAVIO CASTRO;;0;;Colis?úo Traseira;Luz do Dia;Bom;Molhada;Cruz;Sem?íforo;Residencial;0;0;1;1;0;0;0;0;0;0;0;0;-3,752268800000000;-38,526154000000000
308411;10;4;2017;14:55;7861;RUA CEL JUCA;AV ANTONIO SALES;;0;;Colis?úo Traseira;Luz do Dia;Nublado;Seca;Cruz;Sem?íforo;Comercial;0;0;0;1;0;0;0;0;0;0;0;0;-3,748171600000000;-38,494630000000000
308412;10;4;2017;14:10;0;RUA METON DE ALENCAR;;;449;;Colis?úo Lateral;Luz do Dia;Nublado;Molhada;Meio de Quadra;Sem?íforo;Comercial;0;0;2;1;0;0;0;0;0;0;0;0;-3,734550200000000;-38,527930000000000
308413;10;4;2017;16:13;0;RUA BAR RIO BRANCO;;;575;;Colis?úo Traseira;Luz do Dia;Nublado;Seca;Meio de Quadra;N?úo H?í Controle;Comercial;0;1;1;1;0;0;0;0;0;1;0;0;-3,723455200000000;-38,527225000000000
308414;10;4;2017;16:21;26133;AV ALBERTO CRAVEIRO;RUA 30 DE ABRIL;;0;;Colis?úo Traseira;Luz do Dia;Bom;Seca;T;N?úo H?í Controle;Comercial;0;1;0;1;0;0;0;0;0;1;0;0;-3,801889400000000;-38,520670000000000
308415;10;4;2017;16:50;0;AV ROGACIANO LEITE;;;2480;;Colis?úo Lateral;Luz do Dia;Bom;Seca;Meio de Quadra;N?úo H?í Controle;Comercial;0;1;1;1;0;0;0;0;0;0;0;0;-3,801248800000000;-38,498234000000000
308416;10;4;2017;20:16;25213;RUA MARIA JULIA ROCHA;RUA MIRTES CORDEIRO;;0;;Colis?úo Transversal;Via Iluminada;Bom;Seca;Cruz;Pare;Residencial;0;0;1;1;0;0;0;0;0;0;0;0;-3,789079700000000;-38,598800000000000
308417;10;4;2017;20:21;5030;AV ALM BARROSO;RUA ALM JACEGUAI;;0;;Colis?úo Lateral;Via Iluminada;Bom;Seca;T;Sem?íforo;Comercial;0;0;2;1;1;0;0;0;0;0;0;0;-3,731600300000000;-38,544933000000000
308418;10;4;2017;20:53;3147;RUA SEIXAS CORREIA;RUA SABIA;;1;;Colis?úo Transversal;Via Iluminada;Bom;Seca;Cruz;N?úo H?í Controle;Residencial;0;1;1;1;0;0;0;0;0;1;0;0;-3,778496000000000;-38,579784000000000
308419;10;4;2017;21:45;6750;RUA VILEBALDO AGUIAR;RUA BATISTA DE OLIVEIRA;;0;;Colis?úo Transversal;Via Iluminada;Bom;Seca;Cruz;Pare;Residencial;0;0;2;1;0;0;0;0;0;0;0;0;-3,743096400000000;-38,480198000000000
324306;10;4;2017;07:40;0;AV SEN CARLOS JEREISSATI (AEROPORTO);;;0;;Colis?úo;Luz do Dia;;Seca;Meio de Quadra;;;0;0;2;1;0;0;0;0;0;0;0;0;;
324315;10;4;2017;07:30;0;RD CE-040;;;0;KM-09;Colis?úo;Luz do Dia;;Seca;Meio de Quadra;;;0;0;2;1;0;0;0;0;0;1;0;0;-3,834450897000000;-38,482465820000000
324317;10;4;2017;18:20;0;AV SEN CARLOS JEREISSATI (AEROPORTO);;;3000;AEROPORTO;;Anoitecer;;Seca;Meio de Quadra;;;0;0;2;1;0;0;0;0;0;0;0;0;-3,780382000000000;-38,541414000000000
324319;11;4;2017;08:00;0;RD CE-040;;;0;KM-12;;Luz do Dia;;Molhada;Meio de Quadra;;;0;0;2;1;0;0;0;0;0;0;0;0;-3,857690949000000;-38,472042540000000
324323;11;4;2017;17:45;0;AV SEN CARLOS JEREISSATI (AEROPORTO);;;0;;;Anoitecer;;Molhada;Meio de Quadra;;;0;0;2;1;0;0;0;0;0;0;0;0;;
308427;11;4;2017;15:54;15367;RUA CEL JUCA;RUA PEREIRA VALENTE;;0;;Colis?úo Transversal;Luz do Dia;Bom;Molhada;Cruz;Pare;Residencial;0;0;2;1;0;0;0;0;0;0;0;0;-3,734500200000000;-38,490253000000000
308428;11;4;2017;18:15;0;AV VIS RIO BRANCO;;;2644;;Colis?úo Transversal;Via Iluminada;Bom;Seca;Meio de Quadra;N?úo H?í Controle;Residencial;0;0;2;1;0;0;0;0;0;0;0;0;-3,744331600000000;-38,522390000000000
308421;11;4;2017;08:46;0;AV GAL OSORIO DE PAIVA;;;700;;Colis?úo Traseira;Luz do Dia;Chuva;Molhada;Meio de Quadra;N?úo H?í Controle;Comercial;0;0;2;1;0;0;0;0;0;0;0;0;-3,814275000000000;-38,611170000000000
308422;11;4;2017;07:40;3883;AV DOS EXPEDICIONARIOS;RUA COSTA SOUZA;;0;;Colis?úo Transversal;Luz do Dia;Chuva;Molhada;T;Pare;Residencial;0;1;1;1;0;0;0;0;0;1;0;0;-3,747692300000000;-38,535984000000000
308423;11;4;2017;09:27;0;AV GAL OSORIO DE PAIVA;;;476;;Colis?úo Transversal;Luz do Dia;Chuva;Molhada;Meio de Quadra;N?úo H?í Controle;Comercial;0;1;1;1;0;0;0;0;0;1;0;0;-3,775779200000000;-38,566880000000000
308425;11;4;2017;13:59;0;AV PRS JUSCELINO KUBITSCHEK (PASSAR?ë);;;3721;;Colis?úo Traseira;Luz do Dia;Nublado;Seca;Meio de Quadra;N?úo H?í Controle;Comercial;0;0;1;1;0;0;0;0;0;0;0;0;-3,815468800000000;-38,531136000000000
323398;11;4;2017;00:04;16281;RUA ANTONIO PEREIRA;RUA ANTONIO BARBOSA;;0;;Colis?úo;;;;Cruz;Pare;Residencial;0;2;0;0;0;0;0;0;0;1;0;0;-3,832952000000000;-38,565289000000000
323439;11;4;2017;21:40;0;AV ZEZE DIOGO;;;50;;Queda;;;;Meio de Quadra;;;0;1;0;0;0;0;0;0;0;1;0;0;;
323440;11;4;2017;22:17;0;RUA PROF. MANOEL LOURENCO;;;0;;Colis?úo;;;;Meio de Quadra;;;0;2;0;0;0;0;0;0;0;1;0;0;;
323441;11;4;2017;22:19;12665;RUA RIO ARAGUAIA;RUA CARNAUBAL;;0;;Colis?úo;;;;Cruz;Pare;Residencial;0;1;1;1;0;0;0;0;0;1;0;0;-3,722657000000000;-38,581848000000000
323424;11;4;2017;12:01;0;AV PRO JOSE ARTHUR CARVALHO;;;273;;Queda;Luz do Dia;;;Meio de Quadra;;;0;1;0;0;0;1;0;0;0;0;0;0;-3,825967000000000;-38,476319000000000
323425;11;4;2017;13:13;0;AV ALBERTO CRAVEIRO;;;2333;;Atropelamento;Luz do Dia;;;Meio de Quadra;;;0;1;1;0;0;0;0;0;0;1;0;0;-3,801569000000000;-38,520248000000000
323404;11;4;2017;06:47;0;AV JOSE BASTOS;;;0;;Queda;Luz do Dia;;;Meio de Quadra;;;0;1;0;0;0;0;0;0;0;1;0;0;;
323430;11;4;2017;19:04;0;AV ALBERTO CRAVEIRO;;;0;;Queda;;;;Meio de Quadra;;;0;1;0;0;0;0;0;0;0;0;0;0;;
323431;11;4;2017;19:10;0;RUA PRO ODILIO FILHO;;;324;;Colis?úo;;;;Meio de Quadra;;;0;1;1;1;0;0;0;0;0;1;0;0;;
323432;11;4;2017;19:28;0;AV MACIEL BEZERRA;;;0;;Atropelamento;;;;Meio de Quadra;;;0;1;1;0;0;0;0;0;0;1;0;0;;
323433;11;4;2017;19:29;0;AV SIQUEIRA CAMPOS;;;1195;;Atropelamento;;;;Meio de Quadra;;;0;1;1;0;0;0;0;0;0;0;0;0;-3,814652000000000;-38,626902000000000
323427;11;4;2017;14:18;0;AV CASTELO DE CASTRO;;;1121;;Colis?úo;Luz do Dia;;;Meio de Quadra;;;0;1;1;0;0;0;0;0;0;0;0;0;-3,839202781000000;-38,521696916000000
323436;11;4;2017;20:31;4769;RUA MONTE PASCOAL;RUA DOS TREVOS;;0;;Colis?úo;;;;Cruz;Pare;Residencial;0;1;1;1;0;0;0;0;0;1;0;0;-3,804944000000000;-38,599354000000000
323402;11;4;2017;05:30;0;AV FRE CIRILO;;;0;;Colis?úo;Amanhecer;;;Meio de Quadra;;;0;1;1;0;0;0;0;0;0;0;0;0;;
323412;11;4;2017;10:34;0;RUA JULIO IBIAPINA;;;275;;Queda;Luz do Dia;;;Meio de Quadra;;;0;1;0;0;0;0;0;0;0;1;0;0;-3,727805000000000;-38,491091000000000
323416;11;4;2017;11:27;0;AV HIS RAIMUNDO GIRAO;;;1337;;Colis?úo;Luz do Dia;;;Meio de Quadra;;;0;1;1;1;0;0;0;0;0;1;0;0;-3,724056000000000;-38,504321000000000
308537;11;4;2017;14:38;0;AV DR SILAS MUNGUBA;;;5555;;Colis?úo Traseira;Luz do Dia;Nublado;Molhada;Meio de Quadra;Sem?íforo;Comercial;0;0;2;1;0;0;0;0;0;0;0;0;-3,803184500000000;-38,528120000000000
308429;11;4;2017;19:20;0;AV JULIO VENTURA;RUA FRE MANSUETO;;0;;Colis?úo Traseira;Via Iluminada;Bom;Seca;Cruz;Sem?íforo;Comercial;0;0;2;1;0;0;0;0;0;0;0;0;-3,736016300000000;-38,488540000000000
308430;11;4;2017;19:49;17435;RUA ALBERTO MAGNO;RUA PRO TEODORICO;;1;;Colis?úo Lateral;Via Iluminada;Bom;Seca;Cruz;Pare;Residencial;0;0;2;1;0;0;0;0;0;0;0;0;-3,769053200000000;-38,552925000000000
308431;11;4;2017;17:50;4542;AV DEP PAULINO ROCHA;RUA CEL ZACARIAS J FRANCA;;0;;Colis?úo Transversal;Via Iluminada;Nublado;Molhada;T;Pare;Residencial;0;1;1;1;0;0;0;0;0;1;0;0;-3,805270700000000;-38,508022000000000
305501;11;4;2017;12:40;22200;AV SGT HERMINIO SAMPAIO;RUA MAJ VERISSIMO;;0;;Colis?úo Transversal;Luz do Dia;Chuva;Molhada;Cruz;Pare;Comercial;0;1;1;1;0;0;0;0;0;1;0;0;-3,726516000000000;-38,561327000000000
305496;11;4;2017;09:15;9183;AV FELINO BARROSO;RUA CARLOS RIBEIRO;;0;;Colis?úo Lateral;Luz do Dia;Chuva;Molhada;Cruz;Pare;Residencial;0;0;2;1;0;0;0;0;0;0;0;0;-3,746736000000000;-38,528224000000000
305553;11;4;2017;18:03;19252;AV JOAO PESSOA;RUA LIVINO DE CARVALHO;;0;;Colis?úo Traseira;Anoitecer;Bom;Seca;T;Pare;Residencial;0;2;1;1;0;0;0;0;1;1;0;0;-3,770275000000000;-38,561062000000000
305568;11;4;2017;14:06;25101;AV GAL OSORIO DE PAIVA;RUA ARARIPE PRATA;;0;;Colis?úo Traseira;Luz do Dia;Nublado;Molhada;Cruz;Pare;Comercial;0;2;1;0;0;0;0;0;0;1;0;0;-3,776593000000000;-38,568029000000000
305564;11;4;2017;13:38;10995;RUA 15 DE NOVEMBRO;RUA ALM RUBIM;;0;;Colis?úo Lateral;Luz do Dia;Nublado;Seca;Cruz;Pare;Residencial;0;1;1;1;0;0;0;0;0;1;0;0;-3,768907000000000;-38,555939000000000
305571;11;4;2017;14:46;22080;RUA CAP FRANCISCO PEDRO;RUA TAVARES IRACEMA;;0;;Colis?úo Lateral;Luz do Dia;Nublado;Molhada;;Pare;Residencial;0;0;2;1;0;0;0;0;0;0;0;0;-3,751952000000000;-38,553188000000000
305581;11;4;2017;10:37;3235;RUA JOSE ARISTOTELES GONDIM;RUA OLIVEIRA SOBRINHO;;0;;Colis?úo Lateral;Luz do Dia;Chuva;Molhada;Cruz;Pare;Residencial;0;1;0;0;0;0;0;0;0;1;0;0;-3,782836000000000;-38,586085000000000
305589;11;4;2017;00:30;0;AV MON TABOSA;;;0;;Colis?úo Frontal;Via Iluminada;Nublado;Molhada;Meio de Quadra;N?úo H?í Controle;Comercial;0;1;1;1;0;0;0;0;0;0;0;0;;
305516;11;4;2017;13:30;352;RUA XAVIER DE OLIVEIRA;RUA PEDRO DE QUEIROZ;;0;;Colis?úo Transversal;Luz do Dia;Chuva;Molhada;Cruz;Pare;Residencial;0;0;2;1;0;0;0;0;0;0;0;0;-3,746834000000000;-38,558367000000000
305526;11;4;2017;16:00;0;AV DR THEBERGE;;;2340;;Queda;Luz do Dia;Nublado;Seca;Meio de Quadra;Outros;Comercial;0;1;1;1;0;0;0;0;0;1;0;0;-3,722110000000000;-38,567390000000000
305540;11;4;2017;15:17;5338;RUA PINTO MADEIRA;RUA VINTE E CINCO DE MARCO;;0;;Colis?úo Lateral;Luz do Dia;Nublado;Seca;Cruz;Pare;Comercial;0;1;2;0;0;0;0;0;0;1;0;0;-3,730648000000000;-38,522925000000000
325698;11;4;2017;10:40;0;RD BR 020;;;0;KM 429;Outros;Luz do Dia;;Seca;Meio de Quadra;;;0;0;1;0;0;0;1;0;0;0;0;0;;
305762;12;4;2017;11:40;0;RUA OTO DE ALENCAR;;;171;;Colis?úo Lateral;Luz do Dia;;;Meio de Quadra;;;0;0;2;0;1;0;0;0;0;0;0;0;-3,723960000000000;-38,540355000000000
305559;12;4;2017;09:15;0;RUA BATISTA DE OLIVEIRA;;;0;;Colis?úo Traseira;Luz do Dia;;;Meio de Quadra;;;0;0;2;1;0;0;0;0;0;0;0;0;;
305515;12;4;2017;08:47;26249;RUA JOAO PAULINO BARROS LEAL;RUA MON SALAZAR;;0;;Colis?úo Lateral;Luz do Dia;;;Cruz;Pare;Residencial;0;0;2;1;0;0;0;0;0;1;0;0;;
308432;12;4;2017;06:33;19935;RUA FRANCISCO LORDA;RUA JORGE ACURCIO;;0;;Capotamento;Luz do Dia;Bom;Seca;Cruz;Pare;Residencial;0;2;1;1;1;0;0;0;0;0;0;0;-3,762485300000000;-38,530544000000000
308433;12;4;2017;07:56;580;AV FRANCISCO SA;RUA FRE TEOBALDO;;0;;Colis?úo Transversal;Luz do Dia;Bom;Seca;Cruz;Pare;Comercial;0;2;0;0;0;0;0;0;0;1;0;0;-3,715741600000000;-38,562130000000000
308434;12;4;2017;08:12;0;AV DA UNIVERSIDADE;;;3057;;Colis?úo Traseira;Luz do Dia;Bom;Seca;Meio de Quadra;Sem?íforo;Escola;0;0;3;1;0;0;0;0;0;0;0;0;-3,742307400000000;-38,540325000000000
308435;12;4;2017;08:50;0;RUA JAIME BENEVOLO;;;1897;;Colis?úo Traseira;Luz do Dia;Bom;Seca;Meio de Quadra;Sem?íforo;Comercial;0;0;2;1;0;0;0;0;0;0;0;0;-3,748845300000000;-38,530922000000000
308436;12;4;2017;13:09;0;RUA JOAO CORDEIRO;;;1905;;Colis?úo Lateral;Luz do Dia;Bom;Seca;Meio de Quadra;Pare;Residencial;0;1;1;1;0;0;0;0;0;1;0;0;-3,736826200000000;-38,516980000000000
308437;12;4;2017;15:49;24261;RUA MANUEL JESUINO;RUA REPUBLICA DO LIBANO;;0;;Colis?úo Transversal;Luz do Dia;Bom;Seca;Cruz;Pare;Residencial;0;0;2;1;0;0;0;0;0;0;0;0;-3,733631000000000;-38,484985000000000
308438;12;4;2017;16:35;0;AV 13 DE MAIO;;;1331;;Colis?úo Traseira;Luz do Dia;Bom;Seca;Meio de Quadra;N?úo H?í Controle;Comercial;0;0;3;1;0;0;0;0;0;0;0;0;-3,748147000000000;-38,530525000000000
308439;12;4;2017;16:45;17362;AV JOSE DO PATROCINIO;RUA VENEZUELA;;0;;Colis?úo Transversal;Via Iluminada;Bom;Seca;Cruz;Pare;Comercial;0;0;2;1;0;0;0;0;0;0;0;0;-3,766142600000000;-38,546932000000000
308440;12;4;2017;20:34;0;RUA JOSE CANDIDO D08;;;264;;Colis?úo Traseira;Mal Iluminada;Bom;Seca;Meio de Quadra;N?úo H?í Controle;Residencial;0;0;2;1;0;0;0;0;0;0;0;0;-3,729311700000000;-38,545425000000000
308441;12;4;2017;21:00;0;RUA ADELIA FEIJO;;;460;;Colis?úo Lateral;Via Iluminada;Bom;Seca;Meio de Quadra;N?úo H?í Controle;Residencial;0;0;2;0;0;0;0;0;0;0;0;0;-3,805076400000000;-38,517030000000000
308442;12;4;2017;19:10;19935;RUA FRANCISCO LORDA;RUA JORGE ACURCIO;;0;;Colis?úo Lateral;Via Iluminada;Bom;Seca;Cruz;Pare;Residencial;0;3;1;1;0;0;0;0;0;0;0;0;-3,762467900000000;-38,530540000000000
308538;12;4;2017;17:23;0;AV GAL MURILO BORGES;;;0;;Colis?úo Traseira;Luz do Dia;Bom;Seca;Meio de Quadra;N?úo H?í Controle;Residencial;0;0;2;1;0;0;0;0;0;0;0;0;-3,766730800000000;-38,499176000000000
323545;12;4;2017;18:28;0;RUA PERNAMBUCO;;;2861;;Atropelamento;Anoitecer;;;Meio de Quadra;;;0;1;1;0;0;0;0;0;0;1;0;0;-3,750566000000000;-38,578932000000000
323546;12;4;2017;18:35;0;RUA BAR AQUIRAZ;;;1198;;Atropelamento de Animal;;;;Meio de Quadra;;;0;1;0;0;0;0;0;0;0;1;0;0;-3,838988000000000;-38,486892000000000
323548;12;4;2017;19:33;0;AV CARNEIRO DE MENDONCA;;;366;;Queda;;;;Meio de Quadra;;;0;1;0;0;0;0;0;0;0;1;0;0;-3,765920000000000;-38,562937000000000
323505;12;4;2017;07:25;0;RUA PEDRO MARTINS;;;946;;Queda;Luz do Dia;;;Meio de Quadra;;;0;1;0;0;0;0;0;0;0;1;0;0;-3,797620000000000;-38,605612000000000
323506;12;4;2017;07:32;20263;RUA 28 DE AGOSTO UI 503;AV CENTRAL UI 503;;0;;Colis?úo;Luz do Dia;;;;;;0;1;1;1;0;0;0;0;0;1;0;0;-3,815876000000000;-38,538361000000000
323535;12;4;2017;16:12;15165;AV HIS RAIMUNDO GIRAO;AV ABOLICAO;;0;;Atropelamento;Luz do Dia;;;Cruz;Sem?íforo;Misto;0;1;1;0;0;0;0;0;0;1;0;0;-3,725111000000000;-38,502412000000000
323536;12;4;2017;16:16;0;AV FRANCISCO SA;;;3447;;Colis?úo;Luz do Dia;;;Meio de Quadra;;;0;1;1;1;0;0;0;0;0;1;0;0;-3,717896000000000;-38,555887000000000
323538;12;4;2017;16:35;0;RUA MAJ WEYNE;;;936;;Colis?úo;Luz do Dia;;;Meio de Quadra;;;0;1;1;1;0;0;0;0;0;1;0;0;-3,748701000000000;-38,544387000000000
323540;12;4;2017;16:50;0;AV GAL MURILO BORGES;;;0;;Queda;Luz do Dia;;;Meio de Quadra;;;0;1;0;0;0;1;0;0;0;0;0;0;;
323518;12;4;2017;09:37;0;AV DOS EXPEDICIONARIOS;;;10582;;Colis?úo;Luz do Dia;;;Meio de Quadra;;;0;1;1;0;0;0;0;0;0;1;0;0;-3,811783900000000;-38,555532400000000
323522;12;4;2017;11:51;22167;AV JOSE BASTOS;RUA TAVARES IRACEMA;;0;;Colis?úo;Luz do Dia;;;Cruz;N?úo H?í Controle;Comercial;0;1;1;1;0;0;0;0;0;1;0;0;-3,752313000000000;-38,552770000000000
323523;12;4;2017;13:10;0;RUA VILEBALDO AGUIAR;;;2000;;Colis?úo;Luz do Dia;;;Meio de Quadra;;;0;2;0;1;0;0;0;0;0;1;0;0;-3,745652000000000;-38,471999000000000
323526;12;4;2017;15:18;19658;RUA PRO ANACLETO;AV BEZERRA DE MENEZES;;0;;Colis?úo;Luz do Dia;;;T;Sem?íforo;Comercial;0;1;1;1;0;0;0;0;0;1;0;0;-3,733352000000000;-38,553238000000000
323527;12;4;2017;15:22;0;RUA OSCAR ARARIPE;;;544;;Colis?úo;Luz do Dia;;;Meio de Quadra;;;0;1;1;1;0;0;0;0;0;1;0;0;-3,792160000000000;-38,596280000000000
323528;12;4;2017;15:30;17440;RUA ANTONIO FIUZA;RUA PRO TEODORICO;;0;;Colis?úo;Luz do Dia;;;Cruz;Pare;Residencial;0;2;0;1;0;0;0;0;0;1;0;0;-3,769303000000000;-38,551898000000000
323529;12;4;2017;15:43;10995;RUA 15 DE NOVEMBRO;RUA ALM RUBIM;;0;;Colis?úo;Luz do Dia;;;Cruz;Pare;Comercial;0;1;1;1;0;0;0;0;0;1;0;0;-3,768907000000000;-38,555939000000000
323531;12;4;2017;15:57;0;RUA PORTO VELHO;;;35;;Colis?úo;Luz do Dia;;;Meio de Quadra;;;0;1;1;1;0;0;0;0;0;1;0;0;-3,769118000000000;-38,581150000000000
323532;12;4;2017;15:58;0;RUA PDE FRANCISCO PITA;;;187;;Colis?úo;Luz do Dia;;;Meio de Quadra;;;0;1;1;0;0;0;0;0;0;0;0;0;-3,780194000000000;-38,504369000000000
323533;12;4;2017;16:02;0;RUA DR ALFREDO WEYNE D14;;;7;;Colis?úo;Luz do Dia;;;Meio de Quadra;;;0;1;1;1;0;1;0;0;0;0;0;0;-3,754767000000000;-38,533455000000000
323502;12;4;2017;06:22;23771;RUA LEAO DO NORTE;RUA COSTA FREIRE;;0;;Colis?úo;Luz do Dia;;;Cruz;Pare;Rural;0;1;1;1;0;0;0;0;0;1;0;0;-3,783935000000000;-38,577180000000000
323498;12;4;2017;01:46;0;RUA METON DE ALENCAR;;;1729;;Queda;;;;Meio de Quadra;;;0;1;0;0;0;0;0;0;0;1;0;0;-3,730965000000000;-38,538923000000000
323499;12;4;2017;06:19;0;AV GAL OSORIO DE PAIVA;;;5421;;Colis?úo;Luz do Dia;;;Meio de Quadra;;;0;1;1;1;0;1;0;0;0;0;0;0;-3,804421000000000;-38,601772000000000
323508;12;4;2017;08:00;23377;AV PONTES VIEIRA;RUA BARROS LEAL;;0;;Colis?úo;Luz do Dia;;;T;Pare;Comercial;0;2;0;1;0;0;0;0;0;1;0;0;-3,753412000000000;-38,519369000000000
323513;12;4;2017;08:11;0;RUA EMILIO DE MENESES;;;612;;Colis?úo;Luz do Dia;;;Meio de Quadra;;;0;1;1;1;0;0;0;0;0;1;0;0;-3,781874000000000;-38,586969000000000
323542;12;4;2017;17:03;0;RUA ALVARO FERNANDES;;;401;;Colis?úo;Anoitecer;;;Meio de Quadra;;;0;1;1;1;0;0;0;0;0;1;0;0;-3,762134000000000;-38,552301000000000
323543;12;4;2017;17:16;25136;AV ENG HUMBERTO MONTE;RUA CHILE;;0;;Colis?úo;Anoitecer;;;T;N?úo H?í Controle;Residencial;0;1;1;1;0;0;0;0;0;1;0;0;-3,744928000000000;-38,563951000000000
323555;12;4;2017;19:44;3188;RUA EMILIO DE MENESES;RUA LUZIA MOREIRA;;0;;Colis?úo;;;;Cruz;Pare;Residencial;0;1;1;1;0;0;0;0;0;1;0;0;-3,780117000000000;-38,593217000000000
323560;12;4;2017;20:25;0;AV JOSE JATAHY;;;1055;;Colis?úo;;;;Meio de Quadra;;;0;1;1;1;0;0;0;0;0;1;0;0;;
323561;12;4;2017;20:42;0;RUA MIGUEL ARAGAO;;;800;;Colis?úo;;;;Meio de Quadra;;;0;2;1;1;0;0;0;0;0;1;0;0;-3,834086000000000;-38,586353000000000
323562;12;4;2017;20:49;0;AV CEL CARVALHO;;;0;;Colis?úo;;;;Meio de Quadra;;;0;2;1;1;0;0;0;0;0;1;0;0;;