COD_ACIDENTE;DIA;MES;ANO;HORA;INTERSECAO;LOG1;LOG2;LOG3;NUMERO;REFERENCIA;NATUREZA;ILUMINACAO;TEMPO;SUPERFICIEPISTA;TIPOCRUZAMENTO;CONTROLETRAFEGO;USOSOLO;MORTOS;FERIDOS;ILESOS;AUTOMOVEL;ONIBUS;BICICLETA;CAMINHAO;MICROONIBUS;CICLOMOTOR;MOTOCICLETA;TRACAOANIMAL;TREM;LATITUDE;LONGITUDE
323563;12;4;2017;21:06;0;RUA MARIA JULIA;;;1851;;Atropelamento;;;;Meio de Quadra;;;0;2;0;0;0;0;0;0;0;1;0;0;-3,801927000000000;-38,603186000000000
323557;12;4;2017;20:01;0;RD BR 116;;;11000;KM-11;Queda;;;;Meio de Quadra;;;0;1;0;0;0;0;0;0;0;1;0;0;-3,847160000000000;-38,497176000000000
323565;12;4;2017;22:27;0;RUA MARIA GOMES DE SA;;;1670;;Colis?úo;;;;Meio de Quadra;;;0;1;1;1;0;0;0;0;0;1;0;0;-3,823191000000000;-38,584176000000000
323567;12;4;2017;23:04;1709;RUA CAP ARAGAO;RUA CAP OLAVO;;0;;Choque c/ Obst?ículo Fixo;;;;Cruz;Sem?íforo;Comercial;0;1;0;1;0;0;0;0;0;0;0;0;-3,765348000000000;-38,515937000000000
324326;12;4;2017;08:40;0;RD CE-040;;;0;KM-08;;Luz do Dia;;Seca;Meio de Quadra;;;0;0;2;0;0;0;1;0;0;0;0;0;-3,825515822000000;-38,481538320000000
324329;12;4;2017;20:00;0;RD CE-040;;;0;KM-02;;Via Iluminada;;Seca;Meio de Quadra;;;0;0;3;1;0;0;0;0;0;0;0;0;-3,773616148000000;-38,481799400000000
306167;12;4;2017;23:20;15339;RUA ANA BILHAR;RUA FRE MANSUETO;;0;;Colis?úo Frontal;Via Iluminada;Bom;Seca;Cruz;Sem?íforo;Residencial;0;2;0;0;1;0;0;0;0;1;0;0;-3,731552000000000;-38,488841000000000
324333;13;4;2017;11:45;0;RD CE-040;;;0;KM-08;Atropelamento;Luz do Dia;;Molhada;Meio de Quadra;;;0;1;1;1;0;0;0;0;0;0;0;0;-3,825515822000000;-38,481538320000000
324335;13;4;2017;13:40;0;AV MIN JOSE AMERICO;;;0;;Colis?úo;Luz do Dia;;Seca;Meio de Quadra;;;0;0;3;1;0;0;1;0;0;0;0;0;;
323568;13;4;2017;04:39;0;AV ROGACIANO LEITE;;;139;;Colis?úo;;;;Meio de Quadra;;;0;1;1;0;0;0;0;0;0;0;0;0;-3,758216000000000;-38,491607000000000
323576;13;4;2017;06:28;0;RUA GUILHERME MENDES;;;1111;;Atropelamento;Luz do Dia;;;Meio de Quadra;;;0;1;1;1;0;0;0;0;0;0;0;0;-3,720494000000000;-38,588660000000000
323573;13;4;2017;06:27;0;AV DES MOREIRA;;;0;;Colis?úo;Luz do Dia;;;Meio de Quadra;;;0;1;1;0;0;0;0;0;0;1;0;0;;
323600;13;4;2017;08:47;15718;RUA DR JOAQUIM BENTO;RUA CEL DIONISIO ALENCAR;;0;;Colis?úo;Luz do Dia;;;Cruz;Pare;Residencial;0;1;1;1;0;0;0;0;0;1;0;0;-3,828267000000000;-38,486419000000000
323601;13;4;2017;08:50;19823;RUA PRO RAIMUNDO VITOR;RUA PDE GUERRA;;0;;Colis?úo;Luz do Dia;;;Cruz;Pare;Residencial;0;1;1;1;0;0;0;0;0;1;0;0;-3,740487000000000;-38,565315000000000
323606;13;4;2017;11:17;0;RD BR 116;;;12000;KM-12;Colis?úo;Luz do Dia;;Molhada;Meio de Quadra;;;0;2;1;1;0;0;0;0;0;1;0;0;-3,855740000000000;-38,496066000000000
323590;13;4;2017;07:27;0;RUA BERNARDO MANUEL;;;7998;;Colis?úo;Luz do Dia;;;Meio de Quadra;;;0;1;1;1;0;0;0;0;0;1;0;0;-3,789320000000000;-38,548555000000000
323593;13;4;2017;07:55;0;AV SEN VIRGILIO TAVORA;;;0;;Atropelamento;Luz do Dia;;;Meio de Quadra;;;0;1;1;1;0;0;0;0;0;0;0;0;;
323611;13;4;2017;14:25;12218;RUA FRANCISCO L DA SILVA;RUA RECANTO VERDE;;0;;Queda;Luz do Dia;;;Cruz;Pare;Residencial;0;1;0;0;0;0;0;0;0;1;0;0;-3,841174000000000;-38,512668000000000
323615;13;4;2017;16:25;0;RUA EQUADOR;;;801;;Atropelamento;Luz do Dia;;;Meio de Quadra;;;0;1;1;0;0;0;0;0;0;1;0;0;-3,774397800000000;-38,552530800000000
323621;13;4;2017;17:25;0;RUA PEROLINA DE MORAIS;;;137;;Queda;Anoitecer;;;Meio de Quadra;;;0;1;0;0;0;1;0;0;0;0;0;0;-3,867076919000000;-38,496959059000000
323623;13;4;2017;17:55;0;RUA SEN POMPEU;;;2145;;Queda;Anoitecer;;;Meio de Quadra;;;0;1;0;0;0;0;0;0;0;1;0;0;-3,737341000000000;-38,532674400000000
323626;13;4;2017;18:46;0;AV 1 LOT ARVOREDO;;;2470;;Atropelamento;;;;Meio de Quadra;;;0;1;1;0;0;0;0;0;0;1;0;0;-3,828011000000000;-38,571319000000000
323636;13;4;2017;21:46;7674;RUA RIO GRANDE DO NORTE;RUA BAR SOBRAL;;0;;Colis?úo;;;;;;;0;1;1;1;0;0;0;0;0;1;0;0;-3,762806000000000;-38,561239000000000
323637;13;4;2017;22:11;0;RUA ALTO DAS PEDRINHAS;;;477;;Queda;;;;Meio de Quadra;;;0;1;0;0;0;0;0;0;0;1;0;0;;
323633;13;4;2017;20:07;0;RUA BETEL;;;1671;;Colis?úo;;;;Meio de Quadra;;;0;1;1;1;0;0;0;0;0;1;0;0;-3,793736361000000;-38,553386878000000
323634;13;4;2017;20:16;0;AV SEN CARLOS JEREISSATI (AEROPORTO);;;0;;Queda;;;;Meio de Quadra;;;0;2;0;0;0;1;0;0;0;0;0;0;;
308549;13;4;2017;09:07;1401;RUA PRO DIAS DA ROCHA;RUA MARIA TOMASIA;;0;;Colis?úo Transversal;Luz do Dia;Chuva;Molhada;Cruz;Pare;Comercial;0;1;1;1;0;0;0;0;0;1;0;0;-3,737026500000000;-38,492115000000000
308443;13;4;2017;05:55;0;AV DOMINGOS OLIMPIO;;;490;;Colis?úo Transversal;Luz do Dia;Bom;Seca;Cruz;Sem?íforo;Comercial;0;0;2;1;0;0;0;0;0;0;0;0;-3,737460600000000;-38,528230000000000
308444;13;4;2017;08:45;0;RUA VALPARAISO;RUA CANGURU;;0;;Colis?úo Lateral;Luz do Dia;Nublado;Seca;Cruz;Pare;Comercial;0;0;2;1;0;0;0;0;0;1;0;0;-3,845428700000000;-38,524323000000000
308445;13;4;2017;09:10;19720;RUA GAL PIRAGIBE;RUA AZEVEDO BOLAO;;0;;Colis?úo Transversal;Luz do Dia;Chuva;Molhada;Cruz;Pare;Comercial;0;0;2;1;0;0;0;0;0;0;0;0;-3,736779500000000;-38,558094000000000
308446;13;4;2017;09:15;15255;RUA TEN BENEVOLO;RUA MON BRUNO;;1442;;Colis?úo Transversal;Luz do Dia;Nublado;Seca;Cruz;Pare;Comercial;0;2;0;1;0;0;0;0;0;0;0;0;-3,724253400000000;-38,508087000000000
308447;13;4;2017;10:20;0;AV ANTONIO SALES;;;1;;Colis?úo Lateral;Luz do Dia;Chuva;Molhada;;;;0;2;1;1;0;0;0;0;0;1;0;0;-3,747922400000000;-38,494263000000000
308448;13;4;2017;06:50;21894;RUA DEP MATOSO FILHO;RUA XXIX CIDADE OESTE;;0;;Colis?úo Transversal;Luz do Dia;Bom;Seca;Cruz;Pare;Comercial;0;1;1;1;0;0;0;0;0;0;0;0;-3,733821400000000;-38,594093000000000
308449;13;4;2017;13:54;1303;AV DOM LUIS;RUA BARBOSA DE FREITAS;;0;;Colis?úo Transversal;Luz do Dia;Chuva;Molhada;Cruz;Sem?íforo;Comercial;0;0;2;1;0;0;0;0;0;0;0;0;-3,733681000000000;-38,496510000000000
308450;13;4;2017;11:00;24981;AV ALM HENRIQUE SABOIA;RUA BENI DE CARVALHO;;0;;Colis?úo Traseira;Luz do Dia;Nublado;Seca;T;Pare;Escola;0;0;2;0;0;0;0;0;0;0;0;0;-3,747044600000000;-38,491737000000000
308451;13;4;2017;12:31;19109;RUA JULIO AZEVEDO;RUA PAULO MORAIS;;0;;Colis?úo Transversal;Luz do Dia;Nublado;Molhada;Outros;Pare;Residencial;0;0;2;1;1;0;0;0;0;0;0;0;-3,738080500000000;-38,479202000000000
308452;13;4;2017;14:33;20145;RUA POMPILIO GOMES;RUA PRO JOSE SILVEIRA;;0;;Colis?úo Transversal;Luz do Dia;Nublado;Seca;Cruz;Pare;Comercial;0;0;2;0;0;0;0;0;0;1;0;0;-3,811000600000000;-38,519794000000000
308453;13;4;2017;13:13;0;RUA SILVA JATAHY;AV DUQ CAXIAS;;0;;Colis?úo Transversal;Luz do Dia;Chuva;Molhada;T;D?¬ Prefer?¬ncia;Residencial;0;1;1;1;0;0;0;0;0;0;0;0;-3,726929000000000;-38,546043000000000
308454;13;4;2017;14:38;19675;RUA CRUZ SALDANHA;RUA GUSTAVO SAMPAIO;;0;;Colis?úo Transversal;Luz do Dia;Chuva;Molhada;Cruz;Pare;Residencial;0;1;1;1;0;0;0;0;0;0;0;0;-3,734736700000000;-38,554035000000000
305502;13;4;2017;15:30;0;AV PRO GOMES DE MATOS;;;1203;;Colis?úo Transversal;Luz do Dia;;;Meio de Quadra;;;0;0;2;1;1;0;0;0;0;0;0;0;-3,763028000000000;-38,547216000000000
305499;13;4;2017;18:40;6081;RUA 818 CJ CEARA;AV A CJ CEARA;;0;;Atropelamento;;;;;;;0;1;1;0;0;0;0;0;0;0;0;0;-3,766922000000000;-38,601152000000000
305500;13;4;2017;16:47;0;RUA AUDISIO PINHEIRO;;;519;;Colis?úo Lateral;Luz do Dia;;;Meio de Quadra;;;0;1;1;0;0;0;0;0;0;1;0;0;-3,757184000000000;-38,588145000000000
305507;13;4;2017;09:17;19343;RUA LEONEL CHAVES;AV GAL OSORIO DE PAIVA;;0;;Colis?úo Transversal;Luz do Dia;;;T;Pare;Residencial;0;1;2;1;0;0;0;0;0;1;0;0;-3,776069000000000;-38,567183000000000
305504;13;4;2017;10:45;0;AV BORGES DE MELO;;;1591;;Colis?úo Traseira;Luz do Dia;;;Meio de Quadra;;;0;0;2;1;0;0;0;0;0;0;0;0;-3,757729000000000;-38,532629000000000
305505;13;4;2017;08:05;19650;RUA CON DE CASTRO;RUA AFRANIO PEIXOTO;;0;;Colis?úo Lateral;Luz do Dia;;;T;N?úo H?í Controle;Comercial;0;2;1;1;0;0;0;0;0;1;0;0;-3,781914000000000;-38,570588000000000
305497;13;4;2017;20:29;24293;RUA JULIO ABREU;RUA DELMIRO GOUVEIA;;0;;Colis?úo Transversal;Luz do Dia;;;Cruz;Pare;Comercial;0;1;1;0;0;0;0;0;0;1;0;0;-3,735900000000000;-38,488072000000000
305527;13;4;2017;13:47;6727;RUA DES WALDETARIO P MOTA;RUA DR GILBERTO STUDART;;0;;Colis?úo Transversal;Luz do Dia;;;Cruz;Pare;Residencial;0;0;2;1;0;0;0;0;0;0;0;0;-3,742559000000000;-38,484239000000000
305519;13;4;2017;12:12;5250;RUA AGAPITO DOS SANTOS;RUA PEDRO I;;0;;Colis?úo Lateral;Luz do Dia;;;Cruz;Pare;Residencial;0;1;1;1;0;0;0;0;0;1;0;0;-3,727789000000000;-38,539337000000000
305521;13;4;2017;06:19;10995;RUA 15 DE NOVEMBRO;RUA ALM RUBIM;;0;;Colis?úo Transversal;Luz do Dia;;;Cruz;Pare;Comercial;0;2;1;1;0;0;0;0;0;1;0;0;-3,768907000000000;-38,555939000000000
305524;13;4;2017;09:45;26279;AV ZUCA ACIOLY;RUA ANDRADE FURTADO;;0;;Colis?úo Transversal;Luz do Dia;;;;;;0;0;2;1;0;0;0;0;0;0;0;0;-3,749950000000000;-38,466624000000000
305520;14;4;2017;11:22;0;RUA CAP BRASIL;;;366;;Colis?úo Lateral;Luz do Dia;Chuva;Molhada;Meio de Quadra;Pare;Residencial;0;2;0;1;0;0;0;0;0;0;0;0;-3,737055000000000;-38,586336000000000
305517;14;4;2017;20:30;0;AV BAR STUDART;;;888;;Colis?úo Lateral;Via Iluminada;Bom;Seca;Meio de Quadra;Sem?íforo;Comercial;0;2;0;1;0;0;0;0;0;0;0;0;-3,731814000000000;-38,505697000000000
305518;14;4;2017;10:38;0;RUA SALGADO FILHO;;;0;;Colis?úo Lateral;Luz do Dia;Chuva;Molhada;Outros;;Residencial;0;2;0;0;1;0;1;0;0;0;0;0;;
326362;14;4;2017;16:51;5385;RUA GAL CLARINDO DE QUEIROZ;RUA GAL SAMPAIO;;0;;Colis?úo;Luz do Dia;;;Cruz;Sem?íforo;Comercial;0;0;1;1;0;0;0;0;0;1;0;0;-3,732028000000000;-38,532308000000000
297822;14;4;2017;17:55;0;AV MR HULL;;;600;TERMINAL ANTONIO BEZERRA;Atropelamento;Anoitecer;;Seca;Meio de Quadra;;;1;1;0;0;0;0;0;0;0;1;0;0;-3,740062800000000;-38,594651200000000
308455;14;4;2017;06:34;0;AV BEZERRA DE MENEZES;;;0;;Atropelamento;Luz do Dia;Chuva;Molhada;Meio de Quadra;;;0;1;1;0;1;0;0;0;0;0;0;0;-3,734591000000000;-38,558838000000000
308456;14;4;2017;10:30;15204;AV ABOLICAO;RUA JULIO IBIAPINA;;0;;Colis?úo Traseira;Luz do Dia;Chuva;Molhada;Cruz;Sem?íforo;Comercial;0;0;1;1;0;0;0;0;0;0;0;0;-3,726654800000000;-38,491158000000000
308457;14;4;2017;12:40;0;AV WENEFRIDO MELO;;;0;;Colis?úo Traseira;Luz do Dia;Nublado;Seca;Meio de Quadra;N?úo H?í Controle;Comercial;0;0;3;1;0;0;0;0;0;0;0;0;-3,811319800000000;-38,575050000000000
308458;14;4;2017;13:18;15271;RUA PEREIRA FILGUEIRAS;RUA ILDEFONSO ALBANO;;0;;Colis?úo Transversal;Luz do Dia;Nublado;Molhada;Cruz;Gesto;Comercial;0;1;1;0;0;0;0;0;0;1;0;0;-3,728742000000000;-38,511845000000000
308459;14;4;2017;13:42;0;AV ROGACIANO LEITE;;;900;;Colis?úo Lateral;Luz do Dia;Nublado;Molhada;Meio de Quadra;N?úo H?í Controle;Residencial;0;0;2;1;0;0;0;0;0;0;0;0;-3,764419800000000;-38,495200000000000
308460;14;4;2017;11:42;0;AV DEP PAULINO ROCHA;;;77;;Colis?úo Transversal;Luz do Dia;Nublado;Molhada;Outros;N?úo H?í Controle;Residencial;0;1;1;1;0;0;1;0;0;0;0;0;-3,803204500000000;-38,507870000000000
308461;14;4;2017;18:05;0;RUA PRO GOMES BRASIL;;;1;;Colis?úo Frontal;Via Iluminada;Bom;Seca;Outros;N?úo H?í Controle;Comercial;0;0;2;0;1;0;0;0;0;1;0;0;-3,774167000000000;-38,566006000000000
308462;14;4;2017;16:22;7873;AV PONTES VIEIRA;RUA BARBOSA DE FREITAS;;0;;Colis?úo Transversal;Luz do Dia;Bom;Seca;Cruz;Sem?íforo;Comercial;0;1;1;0;0;0;0;0;0;1;0;0;-3,751450300000000;-38,502080000000000
308497;14;4;2017;15:00;0;RUA PDE VALDEVINO;RUA PRO DIAS DA ROCHA;;0;;Colis?úo Transversal;Luz do Dia;Bom;Seca;Cruz;N?úo H?í Controle;Comercial;0;0;2;0;0;0;0;0;0;1;0;0;-3,745997200000000;-38,494946000000000
308470;14;4;2017;21:29;19224;AV SANTOS DUMONT;RUA FRANCISCO MATOS;;0;;Colis?úo Transversal;Via Iluminada;Chuva;Molhada;Cruz;Sem?íforo;Comercial;0;0;2;1;0;0;0;0;0;1;0;0;-3,745499600000000;-38,469772000000000
304163;14;4;2017;19:30;0;RUA ANA BRITO;;;0;;Atropelamento;;;;Meio de Quadra;;;1;0;1;0;0;0;0;0;0;0;0;0;-3,829524701000000;-38,586830207000000
323642;14;4;2017;00:52;614;AV DR THEBERGE;RUA ANA FACO;;0;;Queda;;;;T;N?úo H?í Controle;Residencial;0;1;0;0;0;0;0;0;0;1;0;0;-3,712143000000000;-38,564134000000000
323644;14;4;2017;07:07;0;RUA ANSELMO NOGUEIRA;;;346;;Atropelamento;Luz do Dia;;;Meio de Quadra;;;0;1;1;1;0;0;0;0;0;0;0;0;-3,781528000000000;-38,587308000000000
323646;14;4;2017;13:36;0;RUA ANTONIO COSTA MENDES (PQ S?âO JOS?ë);;;593;;Queda;Luz do Dia;;;Meio de Quadra;;;0;1;0;0;0;0;0;0;0;1;0;0;-3,790703000000000;-38,584432000000000
323650;14;4;2017;14:38;0;RUA URUCUTUBA;;;1976;;Colis?úo;Luz do Dia;;;Meio de Quadra;;;0;1;1;1;0;0;0;0;0;1;0;0;-3,798565000000000;-38,614514000000000
323655;14;4;2017;16:27;0;AV ROGACIANO LEITE;;;2566;;Atropelamento de Animal;Luz do Dia;;;Meio de Quadra;;;0;1;0;0;0;0;0;0;0;1;0;0;-3,780525000000000;-38,501655000000000
323665;14;4;2017;17:41;0;AV WASHINGTON SOARES;;;0;;Colis?úo;Anoitecer;;;Meio de Quadra;;;0;1;1;0;0;0;0;0;0;0;0;0;;
323672;14;4;2017;17:57;0;RUA PORTO VELHO;;;1668;;Colis?úo;Anoitecer;;;Meio de Quadra;;;0;1;1;1;0;0;0;0;0;0;0;0;-3,762464000000000;-38,593679000000000
323673;14;4;2017;18:20;0;RUA BAR CRATO;;;1631;;Colis?úo;Anoitecer;;;Meio de Quadra;;;0;1;1;0;0;0;0;0;0;1;0;0;-3,722380000000000;-38,563659000000000
323682;14;4;2017;22:13;0;AV PRS CASTELO BRANCO;;;550410;;Queda;;;;Meio de Quadra;;;0;1;0;0;0;0;0;0;0;1;0;0;-3,712114600000000;-38,553871600000000
323683;14;4;2017;22:33;0;RUA BERNARDO MANUEL;;;0;;Queda;;;;Meio de Quadra;;;0;1;0;0;0;0;0;0;0;1;0;0;;
323684;14;4;2017;23:03;0;RUA PRO GOMES BRASIL;;;314;;Queda;;;;Meio de Quadra;;;0;1;0;0;0;0;0;0;0;1;0;0;-3,772908000000000;-38,568391000000000
323675;14;4;2017;18:33;0;RUA STA MARIA GORETE;;;244;;Queda;;;;Meio de Quadra;;;0;1;0;0;0;0;0;0;0;1;0;0;-3,725855000000000;-38,602448000000000
323676;14;4;2017;18:35;0;RUA PAULO ISIDORO (SAO BENTO);;;231;;Queda;;;;Meio de Quadra;;;0;1;0;0;0;1;0;0;0;0;0;0;;
323677;14;4;2017;18:58;2843;RUA MON SABINO FEIJAO;RUA DR FERNANDO AUGUSTO;;0;;Colis?úo;;;;;;;0;1;1;1;0;0;0;0;0;1;0;0;-3,795027000000000;-38,597110000000000
323678;14;4;2017;19:17;0;AV C CJ CEARA;;;280;;Queda;;;;Meio de Quadra;;;0;1;0;0;0;0;0;0;0;1;0;0;;
323679;14;4;2017;19:51;0;RUA VITORIA (AV. PERIMETRAL);;;523;;Atropelamento;;;;Meio de Quadra;;;0;1;1;0;1;0;0;0;0;0;0;0;;
323680;14;4;2017;20:30;0;AV PERIMETRAL;;;0;;Colis?úo;;;;Meio de Quadra;;;0;1;1;1;0;0;0;0;0;1;0;0;;
324356;14;4;2017;17:00;0;RD CE-025;;;0;KM-02;Colis?úo;Via Iluminada;;Seca;Meio de Quadra;;;0;0;2;1;0;0;0;0;0;0;0;0;-3,807634505000000;-38,461084520000000
324361;14;4;2017;10:48;0;AV MIN JOSE AMERICO;;;0;POSTO BR;Colis?úo;Luz do Dia;;Seca;Meio de Quadra;;;0;0;2;1;0;0;0;0;0;0;0;0;;
323691;15;4;2017;02:05;0;LOGRADOURO SEM NOME;;;0;;Colis?úo;;;;Meio de Quadra;;;0;1;1;0;0;0;0;0;0;0;0;0;;
323694;15;4;2017;05:09;0;AV GAL OSORIO DE PAIVA;;;0;;Colis?úo;Amanhecer;;;Meio de Quadra;;;0;1;1;1;0;0;0;0;0;1;0;0;;
323696;15;4;2017;05:55;0;AV GODOFREDO MACIEL;;;0;;Queda;Amanhecer;;;Meio de Quadra;;;0;1;0;0;0;0;0;0;0;1;0;0;;
323744;15;4;2017;23:05;0;AV JOSE BASTOS;;;0;;Colis?úo;;;;Meio de Quadra;;;0;1;1;0;0;0;0;0;0;0;0;0;;
323748;15;4;2017;23:33;0;RUA GOMES DE FREITAS (PLANALTO AYRTON SENNA);;;2273;;Queda;;;;Meio de Quadra;;;0;1;0;0;0;0;0;0;0;1;0;0;;
323732;15;4;2017;18:52;24469;AV A CJ POLAR;RUA 13 CJ POLAR;;0;;Queda;;;;;;;0;1;0;0;0;1;0;0;0;0;0;0;-3,706314000000000;-38,592779000000000
323734;15;4;2017;18:53;23436;RUA CAP GUSTAVO;RUA MON SALAZAR;;0;;Colis?úo;;;;Cruz;Sem?íforo;Residencial;0;1;1;1;0;0;0;0;0;1;0;0;-3,756364000000000;-38,516507000000000
323735;15;4;2017;19:36;0;RUA OSCAR ARARIPE;;;2096;;Colis?úo;;;;Meio de Quadra;;;0;1;1;1;0;0;0;0;0;1;0;0;-3,787802000000000;-38,609894000000000
323716;15;4;2017;13:18;0;AV MAJ ASSIS;;;426;;Atropelamento;Luz do Dia;;;Meio de Quadra;;;0;1;1;0;0;0;0;0;0;1;0;0;-3,724153000000000;-38,582473000000000
323737;15;4;2017;19:36;0;AV JOSE BASTOS;;;0;;Atropelamento;;;;Meio de Quadra;;;0;1;1;0;0;0;0;0;0;0;0;0;;
323738;15;4;2017;19:49;0;AV JOR THOMAZ COELHO;;;575;;Colis?úo;;;;Meio de Quadra;;;0;1;1;0;0;0;0;0;0;0;0;0;-3,832385000000000;-38,500136000000000
323739;15;4;2017;19:49;0;AV SEN FERNANDES TAVORA;;;1804;;Atropelamento;;;;Meio de Quadra;;;0;1;1;0;0;0;0;0;0;0;0;0;-3,758632000000000;-38,588814000000000
323740;15;4;2017;22:34;0;RUA CRISTAIS PAULISTA;;;1174;;Colis?úo;;;;Meio de Quadra;;;0;1;1;0;1;0;0;0;0;1;0;0;-3,817567000000000;-38,526587000000000
323729;15;4;2017;18:32;0;AV J CJ CEARA;;;0;;Colis?úo;;;;Meio de Quadra;;;0;1;1;1;0;0;0;0;0;1;0;0;;
323742;15;4;2017;22:59;0;RUA HUMAITA D73;;;0;;Colis?úo;;;;Meio de Quadra;;;0;2;0;0;0;0;0;0;0;0;0;0;;
323707;15;4;2017;09:32;0;AV FRE CIRILO;;;0;;Colis?úo;Luz do Dia;;;Meio de Quadra;;;0;1;1;1;0;0;0;0;0;1;0;0;;
323708;15;4;2017;10:54;0;RUA PDE IBIAPINA;;;162;;Atropelamento;Luz do Dia;;;Meio de Quadra;;;0;1;1;1;0;0;0;0;0;0;0;0;;
323713;15;4;2017;12:23;0;AV SANTOS DUMONT;;;0;;Queda;Luz do Dia;;;Meio de Quadra;;;0;1;0;0;0;1;0;0;0;0;0;0;;
323714;15;4;2017;12:59;0;RUA PERNAMBUCO;;;1911;;Queda;Luz do Dia;;;Meio de Quadra;;;0;1;0;0;0;1;0;0;0;0;0;0;-3,755194000000000;-38,574555000000000
323720;15;4;2017;13:40;0;AV PRS COSTA E SILVA;;;110;;Queda;Luz do Dia;;;Meio de Quadra;;;0;1;0;0;0;0;0;0;0;1;0;0;-3,816187000000000;-38,568479000000000
323721;15;4;2017;13:46;0;AV JOVITA FEITOSA;;;141;;Queda;Luz do Dia;;;Meio de Quadra;;;0;1;0;0;0;0;0;0;0;1;0;0;-3,737483000000000;-38,544996000000000
323722;15;4;2017;14:05;0;VL DO MAR;;;130;;Queda;Luz do Dia;;;Meio de Quadra;;;0;1;0;0;0;0;0;0;0;1;0;0;;
323723;15;4;2017;14:13;0;RUA BERNARDO MANUEL;;;9206;;Colis?úo;Luz do Dia;;;Meio de Quadra;;;0;1;1;0;0;0;0;0;0;0;0;0;-3,800086000000000;-38,551837000000000
323724;15;4;2017;16:00;16975;RUA DR PROCOPIO;TR SAO JOAO BATISTA;;0;;Colis?úo;Luz do Dia;;;Cruz;N?úo H?í Controle;Residencial;0;1;1;1;0;0;0;0;0;1;0;0;-3,826849000000000;-38,588713000000000
323725;15;4;2017;18:31;25119;RUA BAR AQUIRAZ;RUA MIGUEL COUTO;;0;;Queda;;;;Cruz;Pare;Residencial;0;1;0;0;0;0;0;0;0;1;0;0;-3,837441000000000;-38,487996000000000
308471;15;4;2017;15:33;0;AV HERACLITO GRACA;;;1588;;Colis?úo Transversal;Amanhecer;Bom;Seca;Meio de Quadra;Sem?íforo;Comercial;0;0;1;1;1;0;0;0;0;0;0;0;-3,738300800000000;-38,510600000000000
308472;15;4;2017;15:18;15366;RUA PEREIRA VALENTE;RUA PRO DIAS DA ROCHA;;0;;Colis?úo Transversal;Luz do Dia;Bom;Seca;Cruz;Pare;Comercial;0;1;1;1;0;0;0;0;0;1;0;0;-3,734145900000000;-38,491352000000000
308473;15;4;2017;17:04;0;RUA PRO HERIBALDO COSTA;;;615;;Choque c/ Obst?ículo Fixo;Luz do Dia;Bom;Seca;T;Pare;Residencial;0;0;1;1;0;0;0;0;0;0;0;0;-3,758001800000000;-38,582860000000000
308474;15;4;2017;20:10;0;RUA DNA LEOPOLDINA;;;0;;Colis?úo Lateral;Via Iluminada;Bom;Seca;Meio de Quadra;N?úo H?í Controle;Residencial;0;0;0;1;1;0;0;0;0;0;0;0;-3,735225000000000;-38,520973000000000
308475;15;4;2017;21:33;0;TR SAO RAIMUNDO D21;;;337;;Choque c/ Obst?ículo Fixo;Via Iluminada;Bom;Seca;Meio de Quadra;N?úo H?í Controle;Residencial;0;0;0;1;0;0;0;0;0;0;0;0;-3,803217600000000;-38,587160000000000
308502;15;4;2017;09:15;0;RUA PEREIRA VALENTE;RUA OSVALDO CRUZ;;635;;Colis?úo Transversal;Luz do Dia;Bom;Seca;;;;0;1;1;1;0;0;0;0;0;1;0;0;-3,731603000000000;-38,498920000000000
308464;15;4;2017;04:02;15309;RUA TEN BENEVOLO;RUA JOSE VILAR;;0;;Choque c/ Obst?ículo Fixo;Via Iluminada;Chuva;Molhada;Cruz;Sem?íforo;Residencial;0;0;1;1;0;0;0;0;0;0;0;0;-3,730070400000000;-38,502760000000000
308465;15;4;2017;06:47;6745;RUA BENTO ALBUQUERQUE;RUA PRO OTAVIO LOBO;;0;;Colis?úo Transversal;Luz do Dia;Bom;Molhada;Cruz;Sem?íforo;Residencial;0;2;1;1;0;0;0;0;0;1;0;0;-3,745032800000000;-38,479250000000000
308466;15;4;2017;09:45;6725;RUA JULIO AZEVEDO;RUA BENTO ALBUQUERQUE;;0;;Colis?úo Transversal;Luz do Dia;Bom;Seca;T;Pare;Residencial;0;0;2;1;0;0;0;0;0;0;0;0;-3,743700700000000;-38,482777000000000
308467;15;4;2017;07:50;5711;AV OLIVEIRA PAIVA;RUA CHICO LEMOS;;0;;Colis?úo Transversal;Luz do Dia;Bom;Seca;Cruz;Sem?íforo;Comercial;0;1;1;1;0;0;0;0;0;1;0;0;-3,795883700000000;-38,497414000000000
308468;15;4;2017;13:22;25163;RUA MARIA JULIA ROCHA;RUA SAO FRANCISCO D34;;0;;Colis?úo Transversal;Luz do Dia;Bom;Seca;Cruz;N?úo H?í Controle;Residencial;0;0;1;1;0;0;0;0;0;0;0;0;-3,798598800000000;-38,601593000000000
308469;15;4;2017;14:42;6725;RUA BENTO ALBUQUERQUE;RUA JULIO AZEVEDO;;0;;Colis?úo Transversal;Luz do Dia;Bom;Seca;Cruz;Pare;Residencial;0;0;2;1;0;0;0;0;0;0;0;0;-3,743742000000000;-38,482730000000000
305525;15;4;2017;14:58;0;RUA VILA RICA;;;0;;Colis?úo;Luz do Dia;Bom;Seca;Meio de Quadra;Pare;Outros;0;1;1;1;0;0;1;0;0;0;0;0;;