COD_ACIDENTE;DIA;MES;ANO;HORA;INTERSECAO;LOG1;LOG2;LOG3;NUMERO;REFERENCIA;NATUREZA;ILUMINACAO;TEMPO;SUPERFICIEPISTA;TIPOCRUZAMENTO;CONTROLETRAFEGO;USOSOLO;MORTOS;FERIDOS;ILESOS;AUTOMOVEL;ONIBUS;BICICLETA;CAMINHAO;MICROONIBUS;CICLOMOTOR;MOTOCICLETA;TRACAOANIMAL;TREM;LATITUDE;LONGITUDE
305522;15;4;2017;02:00;0;RUA RAUL CABRAL;;;750;;Choque c/ Obst?ículo Fixo;Via Iluminada;Bom;Molhada;Meio de Quadra;Sem?íforo;Residencial;0;1;0;0;0;0;0;0;0;1;0;0;-3,768294000000000;-38,545646000000000
305523;15;4;2017;22:35;19684;RUA GUSTAVO SAMPAIO;RUA COS ALVARO DE OLIVEIRA;;0;;Colis?úo;Via Iluminada;Bom;Seca;Cruz;Pare;Residencial;0;2;0;1;1;0;0;0;0;0;0;0;-3,735235000000000;-38,556318000000000
305528;15;4;2017;16:20;6018;RUA 214 CJ CEARA;RUA 212 CJ CEARA;;0;;Colis?úo;Luz do Dia;Bom;Seca;Cruz;Pare;Residencial;0;1;0;0;0;0;0;0;0;0;0;0;-3,764538000000000;-38,609054000000000
305532;15;4;2017;20:35;13396;RUA JOAO BRIGIDO;RUA BAR ARACATI;;0;;Colis?úo;Via Iluminada;Bom;Seca;Cruz;Pare;Residencial;0;3;0;1;0;0;0;0;0;1;0;0;-3,740939000000000;-38,514697000000000
305530;15;4;2017;15:50;8025;AV JOAO PESSOA;RUA PRO COSTA MENDES;;0;;Colis?úo Lateral;Luz do Dia;Bom;Seca;Cruz;Sem?íforo;Comercial;0;3;0;1;0;0;0;0;0;0;0;0;-3,752393000000000;-38,549441000000000
305514;15;4;2017;21:00;0;RUA PDE PEDRO DE ALENCAR;;;523;;Colis?úo Traseira;Via Iluminada;Bom;Seca;Meio de Quadra;Sem?íforo;Comercial;0;0;1;1;0;0;0;0;0;0;0;0;-3,832658000000000;-38,494025000000000
305531;16;4;2017;15:00;15331;RUA PEREIRA FILGUEIRAS;RUA SILVA PAULET;;0;;Colis?úo Lateral;Luz do Dia;;;Cruz;Pare;Comercial;0;0;2;1;0;0;0;0;0;0;0;0;-3,731144000000000;-38,504338000000000
305533;16;4;2017;09:20;5490;AV DOM MANUEL;RUA ANTONIO POMPEU;;0;;Colis?úo Lateral;Luz do Dia;;;;;;0;1;1;1;0;0;0;0;0;1;0;0;-3,736873000000000;-38,523967000000000
305529;16;4;2017;09:30;26226;AV AMERICO BARREIRA;AV CARNEIRO DE MENDONCA;;0;;Colis?úo Lateral;Luz do Dia;;;;Sem?íforo;Comercial;0;1;1;0;1;0;0;0;1;0;0;0;-3,764083831000000;-38,566770171000000
297830;16;4;2017;20:40;0;RUA ANTONIO POMPEU;;;48;;Atropelamento;;;;Meio de Quadra;;;1;1;1;0;1;0;0;0;0;0;0;0;-3,736747000000000;-38,524384000000000
308476;16;4;2017;09:49;14680;AV OLIVEIRA PAIVA;RUA LIDIA BRIGIDO;;0;;Choque c/ Obst?ículo Fixo;Luz do Dia;Bom;Seca;Cruz;Sem?íforo;Comercial;0;0;1;0;0;0;0;0;0;0;0;0;-3,796177600000000;-38,484344000000000
308477;16;4;2017;09:50;0;RUA TABAJARAS;;;550;;Colis?úo Lateral;Luz do Dia;Bom;Seca;Meio de Quadra;N?úo H?í Controle;Comercial;0;0;2;1;0;0;0;0;0;0;0;0;-3,719521300000000;-38,514854000000000
308478;16;4;2017;14:36;0;RUA BAR AQUIRAZ;;;1;;Colis?úo Transversal;Luz do Dia;Bom;Seca;Meio de Quadra;N?úo H?í Controle;Comercial;0;0;2;1;0;0;0;0;0;0;0;0;-3,833199700000000;-38,489940000000000
308479;16;4;2017;16:02;0;RUA ADEMAR PAULA;AV ALBERTO CRAVEIRO;;0;;Colis?úo Transversal;Luz do Dia;Bom;Seca;T;Pare;Comercial;0;0;2;1;0;0;0;0;0;0;0;0;-3,801321500000000;-38,519844000000000
308480;16;4;2017;16:47;0;AV DEP PAULINO ROCHA;;;1320;;Colis?úo Traseira;Luz do Dia;Bom;Seca;Meio de Quadra;N?úo H?í Controle;Comercial;0;0;0;1;1;0;0;0;0;0;0;0;-3,809755000000000;-38,508850000000000
308481;16;4;2017;17:09;0;AV PRS COSTA E SILVA;;;0;;Colis?úo Traseira;Luz do Dia;Bom;Seca;Meio de Quadra;N?úo H?í Controle;Comercial;0;0;1;0;0;0;0;0;0;1;0;0;-3,764584800000000;-38,518497000000000
308482;16;4;2017;18:34;0;RUA BARBOSA DE FREITAS;RUA MOREIRA LEITE;;0;;Colis?úo Lateral;Via Iluminada;Bom;Seca;Cruz;Sem?íforo;Comercial;0;0;2;1;0;0;0;0;0;0;0;0;-3,737535700000000;-38,497585000000000
308483;16;4;2017;17:44;0;AV PRS COSTA E SILVA;;;4655;;Colis?úo Transversal;Via Iluminada;Nublado;Seca;Meio de Quadra;Sem?íforo;Comercial;0;0;1;1;0;0;0;0;0;0;0;0;-3,825914900000000;-38,538322000000000
323758;16;4;2017;05:23;0;ET DO JATOBA;;;3650;;Choque c/ Obst?ículo Fixo;Amanhecer;;;Meio de Quadra;;;0;1;0;1;0;0;0;0;0;0;0;0;-3,803953000000000;-38,628129000000000
323753;16;4;2017;00:21;0;RUA MODESTA;;;260;;Queda;;;;Meio de Quadra;;;0;1;0;0;0;0;0;0;0;1;0;0;-3,845682000000000;-38,522717000000000
323754;16;4;2017;04:14;0;AV AUGUSTO DOS ANJOS;;;0;;Colis?úo;;;;Meio de Quadra;;;0;2;0;0;0;0;0;0;0;0;0;0;;
323772;16;4;2017;10:00;13018;AV B CJ JOSE WALTER;AV JOAO DE ARAUJO LIMA;;0;;Colis?úo;Luz do Dia;;;T;Sem?íforo;Residencial;0;1;1;1;0;0;0;0;0;1;0;0;-3,825556000000000;-38,558972000000000
323775;16;4;2017;10:43;0;RUA MAE NEO MIRANDA;;;108;;Colis?úo;Luz do Dia;;;Meio de Quadra;;;0;1;1;1;0;0;0;0;0;1;0;0;;
323778;16;4;2017;12:33;3423;RUA ALVARO FERNANDES;AV JOAO PESSOA;;0;;Colis?úo;Luz do Dia;;;Cruz;Sem?íforo;Escola;0;1;1;0;0;0;0;0;0;0;0;0;-3,759317000000000;-38,555648000000000
323760;16;4;2017;06:03;0;AV FRANCISCO SA;;;4362;;Colis?úo;Luz do Dia;;;Meio de Quadra;;;0;1;1;1;0;0;0;0;0;1;0;0;-3,715266000000000;-38,563703000000000
323765;16;4;2017;08:49;0;AV WASHINGTON SOARES;;;8177;;Colis?úo;Luz do Dia;;Seca;Meio de Quadra;;;0;1;1;0;0;1;0;0;0;1;0;0;-3,823305000000000;-38,481316000000000
323781;16;4;2017;13:26;1463;RUA ILDEFONSO ALBANO;RUA ROCHA LIMA;;0;;Colis?úo;Luz do Dia;;;Cruz;Pare;Comercial;0;1;1;1;0;0;0;0;0;1;0;0;-3,738687000000000;-38,515157000000000
323783;16;4;2017;15:29;0;RUA BENEDITO MACEDO;;;0;;Queda;Luz do Dia;;;Meio de Quadra;;;0;1;0;0;0;0;0;0;0;1;0;0;;
323784;16;4;2017;15:36;0;RUA JOSE MARTINS;;;264;;Colis?úo;Luz do Dia;;;Meio de Quadra;;;0;1;1;1;0;0;0;0;0;1;0;0;;
323786;16;4;2017;16:14;0;AV PRS CASTELO BRANCO;;;0;;Colis?úo;Luz do Dia;;;Meio de Quadra;;;0;1;1;1;0;0;0;0;0;1;0;0;;
323789;16;4;2017;16:43;0;RUA CEL VIRGILIO NOGUEIRA (BOM JARDIM);;;301;;Queda;Luz do Dia;;;Meio de Quadra;;;0;1;0;0;0;0;0;0;0;1;0;0;;
323791;16;4;2017;17:10;0;RD BR 116;;;11000;KM-11;Colis?úo;Anoitecer;;Seca;Meio de Quadra;;;0;1;1;0;0;0;1;0;0;1;0;0;-3,847160000000000;-38,497176000000000
323793;16;4;2017;18:05;0;RUA BERNARDO MANUEL;;;0;;Colis?úo;Anoitecer;;;Meio de Quadra;;;0;2;0;1;0;0;0;0;0;1;0;0;;
323795;16;4;2017;19:28;0;AV DOLOR BARREIRA;;;510;;Queda;;;;Meio de Quadra;;;0;1;0;0;0;0;0;0;0;1;0;0;-3,729376000000000;-38,472565000000000
323806;16;4;2017;21:30;0;RUA AQUILES BORIS;;;0;;Queda;;;;Meio de Quadra;;;0;1;0;0;0;0;0;0;0;1;0;0;;
323807;16;4;2017;22:11;0;RUA CEL FABRICIANO;;;2349;;Colis?úo;;;;Meio de Quadra;;;0;1;1;1;0;0;0;0;0;1;0;0;-3,781637000000000;-38,611938000000000
323799;16;4;2017;19:37;9576;RUA JOSE TORRES;RUA TEODORO DE CASTRO;;0;;Atropelamento;;;;Cruz;Pare;Residencial;0;1;1;0;0;0;0;0;0;0;0;0;-3,779192000000000;-38,607054000000000
323801;16;4;2017;19:58;0;RUA JOSE MENDONCA;;;151;;Colis?úo;;;;Meio de Quadra;;;0;1;1;1;0;0;0;0;0;1;0;0;-3,760430000000000;-38,602805000000000
323803;16;4;2017;21:25;22984;RUA MAD ELISA BALDO;RUA EST JUCA D45;;0;;Colis?úo;;;;Cruz;N?úo H?í Controle;Misto;0;1;1;0;0;0;0;0;0;1;0;0;-3,786214000000000;-38,542973000000000
324368;17;4;2017;13:15;0;RD CE-040;;;0;KM-02;Colis?úo;Luz do Dia;;Seca;Meio de Quadra;;;0;0;4;1;0;0;0;0;0;0;0;0;-3,773616148000000;-38,481799400000000
308484;17;4;2017;07:15;0;RUA MINERVINO DE CASTRO;;;987;;Colis?úo Frontal;Luz do Dia;Bom;Seca;Meio de Quadra;N?úo H?í Controle;Escola;0;0;2;1;0;0;0;0;0;0;0;0;-3,740140200000000;-38,547500000000000
308485;17;4;2017;07:00;0;RUA METON DE ALENCAR;RUA VINTE QUATRO DE MAIO;;0;;Colis?úo Transversal;Luz do Dia;Bom;Seca;Cruz;Pare;Comercial;0;0;2;1;0;0;0;0;0;0;0;0;-3,733080000000000;-38,529198000000000
308486;17;4;2017;07:20;0;RUA CEL FRANCISCO PEREIRA (MESSEJANA);;;1;;Colis?úo Lateral;Luz do Dia;Bom;Seca;Meio de Quadra;N?úo H?í Controle;Comercial;0;0;2;1;1;0;0;0;0;0;0;0;-3,832269700000000;-38,494003000000000
308487;17;4;2017;09:02;0;AV LINEU MACHADO;;;976;;Colis?úo Lateral;Luz do Dia;Bom;Seca;Meio de Quadra;N?úo H?í Controle;Comercial;0;0;2;1;0;0;0;0;0;0;0;0;-3,768323700000000;-38,578290000000000
308488;17;4;2017;09:15;0;AV 13 DE MAIO;;;660;;Colis?úo Traseira;Luz do Dia;Bom;Seca;Meio de Quadra;N?úo H?í Controle;Comercial;0;0;3;1;0;0;0;0;0;0;0;0;-3,752094300000000;-38,526382000000000
308489;17;4;2017;10:00;3769;AV DOMINGOS OLIMPIO;RUA SEN POMPEU;;0;;Colis?úo Traseira;Luz do Dia;Bom;Seca;Cruz;Sem?íforo;Comercial;0;0;2;1;0;0;0;0;0;0;0;0;-3,735576400000000;-38,534540000000000
308490;17;4;2017;11:45;0;RUA DA SAUDADE (MONTESE);;;476;;Colis?úo Lateral;Luz do Dia;Bom;Seca;Meio de Quadra;N?úo H?í Controle;Residencial;0;0;2;1;1;0;0;0;0;0;0;0;-3,756449500000000;-38,533096000000000
308491;17;4;2017;14:40;24348;RUA JORGE ACURCIO;RUA ARMANDO MONTEIRO;;0;;Colis?úo Transversal;Luz do Dia;Bom;Seca;Cruz;Pare;Residencial;0;0;0;1;0;0;0;0;0;0;0;0;-3,765049200000000;-38,531780000000000
308492;17;4;2017;15:10;0;AV DOMINGOS OLIMPIO;;;157;;Colis?úo Lateral;Luz do Dia;Bom;Seca;Meio de Quadra;Sem?íforo;Comercial;0;0;2;0;1;0;0;0;0;0;0;0;-3,738700400000000;-38,524770000000000
308493;17;4;2017;16:38;3769;RUA SEN POMPEU;AV DOMINGOS OLIMPIO;;0;;Colis?úo Traseira;Luz do Dia;Bom;Seca;Meio de Quadra;Sem?íforo;Comercial;0;0;2;1;0;0;0;0;0;0;0;0;-3,735811700000000;-38,532364000000000
308494;17;4;2017;16:51;19766;RUA AZEVEDO BOLAO;RUA TIP SALES;;0;;Colis?úo Transversal;Luz do Dia;Bom;Seca;Cruz;Pare;Comercial;0;1;1;1;0;0;0;0;0;1;0;0;-3,738042400000000;-38,564720000000000
308495;17;4;2017;17:14;14786;RUA STA LIDUINA D42;RUA JOAO AMORA;;0;;Colis?úo Lateral;Luz do Dia;Bom;Seca;Cruz;Sem?íforo;Residencial;0;0;2;1;0;0;0;0;0;0;0;0;-3,799723600000000;-38,585200000000000
308496;17;4;2017;17:50;0;AV GOV RAUL BARBOSA;;;900;;Colis?úo Traseira;Via Iluminada;Bom;Seca;Meio de Quadra;N?úo H?í Controle;Comercial;0;0;2;1;0;0;0;0;0;0;0;0;-3,759635700000000;-38,504760000000000
308515;17;4;2017;17:50;0;AV JOSE BASTOS;;;4400;;Colis?úo Traseira;Luz do Dia;Bom;Seca;Meio de Quadra;N?úo H?í Controle;Comercial;0;1;1;1;0;0;0;0;0;1;0;0;-3,755302200000000;-38,555897000000000
308498;17;4;2017;19:24;0;RUA BERNARDO MANUEL;;;9968;;Colis?úo Traseira;Via Iluminada;Bom;Seca;Meio de Quadra;N?úo H?í Controle;Residencial;0;0;2;1;0;0;0;0;0;0;0;0;-3,804967400000000;-38,553430000000000
308499;17;4;2017;18:30;0;RUA ALCANTARA BILHAR;;;677;;Colis?úo Transversal;Via Iluminada;Bom;Seca;T;Pare;Comercial;0;0;1;1;0;0;0;0;0;1;0;0;-3,737034000000000;-38,582027000000000
308500;17;4;2017;19:00;9136;RUA MON OTAVIO CASTRO;RUA BONFIM SOBRINHO;;0;;Colis?úo Lateral;Via Iluminada;Bom;Seca;Cruz;Pare;Comercial;0;0;2;1;0;0;0;0;0;0;0;0;-3,751443000000000;-38,526363000000000
308501;17;4;2017;19:00;0;AV JOSE JATAHY;RUA DR PEDRO HERBSTER MENESCAL;;0;;Colis?úo Lateral;Via Iluminada;Bom;Seca;T;Pare;Residencial;0;0;2;1;0;0;0;0;0;0;0;0;-3,723157400000000;-38,546630000000000
319398;17;4;2017;07:54;17563;RUA ESPIRITO SANTO;RUA AMAZONAS;;0;;Colis?úo;Luz do Dia;;;Cruz;Pare;Residencial;0;1;1;1;0;0;0;0;0;1;0;0;-3,751391000000000;-38,567217000000000
319399;17;4;2017;08:28;0;AV BEZERRA DE MENEZES;;;950;;Colis?úo;Luz do Dia;;;Meio de Quadra;;;0;1;1;1;0;0;0;0;0;1;0;0;-3,733380000000000;-38,553386000000000
319400;17;4;2017;09:00;0;AV ALBERTO CRAVEIRO;;;2571;;Atropelamento;Luz do Dia;;;Meio de Quadra;;;0;1;1;1;0;0;0;0;0;0;0;0;-3,802757000000000;-38,521176000000000
319401;17;4;2017;11:15;0;AV DIOGUINHO;;;2125;;Colis?úo;Luz do Dia;;;Meio de Quadra;;;0;1;1;1;0;0;0;0;0;1;0;0;-3,735415000000000;-38,456716000000000
319402;17;4;2017;11:19;12651;RUA MISERICORDIA;AV MAJ ASSIS;;0;;Queda;Luz do Dia;;;Cruz;Pare;Misto;0;1;0;0;0;0;0;0;0;1;0;0;-3,723853000000000;-38,585523000000000
319387;17;4;2017;00:12;0;RUA SGT JOAO PINHEIRO;;;0;;Queda;;;;Meio de Quadra;;;0;1;0;0;0;0;0;0;0;1;0;0;;
319409;17;4;2017;14:40;0;RUA RAIMUNDO MARQUES;;;1088;;Colis?úo;Luz do Dia;;;Meio de Quadra;;;0;1;1;1;0;0;0;0;0;1;0;0;;
319410;17;4;2017;14:59;0;AV GOV RAUL BARBOSA;;;5482;;Queda;Luz do Dia;;;Meio de Quadra;;;0;1;0;0;0;1;0;0;0;0;0;0;-3,767486000000000;-38,509382000000000
319411;17;4;2017;15:02;0;RUA DOM LINO;;;0;;Colis?úo;Luz do Dia;;;Meio de Quadra;;;0;1;0;0;0;0;0;0;0;0;0;0;;
319412;17;4;2017;15:30;0;RUA FARIAS LEMOS;;;0;;Colis?úo;Luz do Dia;;;Meio de Quadra;;;0;1;1;0;0;0;0;0;0;1;0;0;;
319413;17;4;2017;16:56;7648;RUA PAULO DE FRONTIM;AV CARNEIRO DE MENDONCA;;0;;Colis?úo;Luz do Dia;;;Cruz;Pare;Comercial;0;1;1;1;0;0;0;0;0;1;0;0;-3,761949000000000;-38,570794000000000
319414;17;4;2017;17:10;0;AV MAE LISBOA;;;0;;Colis?úo;Anoitecer;;;Meio de Quadra;;;0;1;1;1;0;0;0;0;0;1;0;0;;
319415;17;4;2017;17:43;0;TR CAP ARAGAO;;;670;;Colis?úo;Anoitecer;;;Meio de Quadra;;;0;1;1;1;0;0;0;0;0;1;0;0;-3,764852900000000;-38,512253200000000
319427;17;4;2017;18:35;0;AV DR SILAS MUNGUBA;;;0;;Colis?úo;;;;Meio de Quadra;;;0;1;0;0;0;0;0;0;0;0;0;0;;
319441;17;4;2017;06:50;0;AV GODOFREDO MACIEL;;;5696;;Colis?úo;Luz do Dia;;;Meio de Quadra;;;0;1;1;1;0;0;0;0;0;1;0;0;-3,824598000000000;-38,578872000000000
319433;17;4;2017;21:34;0;RUA CARLOS RIBEIRO;;;474;;Colis?úo;;;;Meio de Quadra;;;0;1;1;1;0;0;0;0;0;1;0;0;;
319434;17;4;2017;21:40;0;RUA VERA CRUZ;;;57;;Queda;;;;Meio de Quadra;;;0;1;0;0;0;0;0;0;0;1;0;0;-3,710248000000000;-38,556705000000000
319438;17;4;2017;06:10;0;AV MR HULL;;;0;;Colis?úo;Luz do Dia;;;Meio de Quadra;;;0;1;1;1;0;0;0;0;0;1;0;0;;
319439;17;4;2017;06:26;0;RUA CATOLE;;;2806;;Queda;Luz do Dia;;;Meio de Quadra;;;0;1;0;0;0;0;0;0;0;1;0;0;;
319429;17;4;2017;19:08;2884;RUA MARTINS CARVALHO;RUA MARIA JULIA;;0;;Colis?úo;;;;Cruz;Pare;Comercial;0;1;1;1;0;0;0;0;0;1;0;0;-3,796333000000000;-38,600949000000000
319424;17;4;2017;18:29;0;AV CEL CARVALHO;;;0;;Colis?úo;Anoitecer;;;Meio de Quadra;;;0;1;1;1;0;0;0;0;0;1;0;0;;
319419;17;4;2017;18:26;0;RUA PDE JOAO PIAMARTA;;;760;;Atropelamento;Anoitecer;;;Meio de Quadra;;;0;1;1;1;0;0;0;0;0;0;0;0;-3,761632000000000;-38,542886000000000
319395;17;4;2017;06:00;0;AV CEL CARVALHO;;;741;;Queda;Luz do Dia;;;Meio de Quadra;;;0;1;0;0;0;0;0;0;0;1;0;0;-3,732714400000000;-38,526998100000000
319404;17;4;2017;11:25;0;AV PINTO BANDEIRA D56;;;1111;;Colis?úo;Luz do Dia;;;Meio de Quadra;;;0;1;0;0;0;0;0;0;0;0;0;0;-3,775444500000000;-38,487375900000000
319405;17;4;2017;11:37;0;RUA MIRTES ROCHA;;;74;;Colis?úo;Luz do Dia;;;Meio de Quadra;;;0;1;1;1;0;0;0;0;0;1;0;0;-3,780948000000000;-38,578786000000000
319407;17;4;2017;13:32;9116;RUA GAL SILVA JUNIOR;AV BORGES DE MELO;;0;;Choque c/ Obst?ículo Fixo;Luz do Dia;;;T;Pare;Comercial;0;1;0;1;0;0;0;0;0;0;0;0;-3,757215000000000;-38,533229000000000
319391;17;4;2017;03:58;0;RUA ERBENIA ARAUJO (BARROSO);;;0;;Queda;;;;Meio de Quadra;;;0;1;0;0;0;0;0;0;0;1;0;0;;
319417;17;4;2017;18:10;0;AV CEL CARVALHO;;;3088;;Queda;Anoitecer;;;Meio de Quadra;;;0;1;0;0;0;0;0;0;0;1;0;0;-3,731002000000000;-38,584648000000000
325699;17;4;2017;16:10;0;RD BR 116;;;600;KM 00;Colis?úo Lateral;Luz do Dia;;Seca;Meio de Quadra;;;0;0;2;1;1;0;0;0;0;0;0;0;-3,796055900000000;-38,507184100000000
325701;17;4;2017;17:00;0;RD BR 116;;;500;KM-05;Colis?úo Traseira;Anoitecer;;Seca;Meio de Quadra;;;0;0;2;1;0;0;0;0;0;0;0;0;-3,796035900000000;-38,507192300000000
305611;17;4;2017;10:30;0;AV DOMINGOS OLIMPIO;;;1030;;Colis?úo Traseira;Luz do Dia;Bom;Seca;Meio de Quadra;Sem?íforo;Comercial;0;2;0;1;0;0;0;0;0;1;0;0;-3,735996000000000;-38,532923000000000
305629;17;4;2017;12:10;24982;AV ALM HENRIQUE SABOIA;RUA CAROLINA SUCUPIRA;;0;;Colis?úo Transversal;Luz do Dia;Bom;Seca;T;Pare;Residencial;0;2;0;1;1;0;0;0;0;0;0;0;-3,744387000000000;-38,490003000000000
305631;17;4;2017;21:00;0;AV GOV RAUL BARBOSA;;;7492;;Colis?úo Traseira;Via Iluminada;Bom;Seca;Meio de Quadra;Pare;Residencial;0;2;0;1;0;0;1;0;0;0;0;0;-3,776718000000000;-38,513274000000000
305633;17;4;2017;19:30;0;AV CEL CARVALHO;;;0;;Colis?úo Transversal;Via Iluminada;Bom;Seca;Cruz;Pare;Residencial;0;2;0;1;0;0;0;0;0;0;0;0;;
305635;17;4;2017;21:30;25126;AV ENG LEAL LIMA VERDE (SAPIRANGA/COITE);RUA CEL OLEGARIO MEMORIA;;0;;Atropelamento;Via Iluminada;Bom;Seca;Cruz;Pare;Residencial;0;1;1;1;0;0;0;0;0;0;0;0;-3,791606000000000;-38,476046000000000
305534;17;4;2017;15:00;0;RUA MOREIRA DE SOUSA;;;0;;Colis?úo Traseira;Luz do Dia;Bom;Seca;Meio de Quadra;N?úo H?í Controle;Comercial;0;2;0;1;0;0;0;0;0;0;0;0;;
305536;17;4;2017;01:20;0;TR CORREIA LIMA;;;385;;Colis?úo Lateral;Via Iluminada;Bom;Seca;Meio de Quadra;N?úo H?í Controle;Residencial;0;2;0;1;0;0;0;0;0;1;0;0;;
305541;17;4;2017;20:15;14421;AV SGT HERMINIO SAMPAIO;RUA PDE ANCHIETA;;0;;Colis?úo Lateral;Via Iluminada;Bom;Seca;Cruz;Sem?íforo;Comercial;0;2;0;1;0;0;1;0;0;0;0;0;-3,724693000000000;-38,551079000000000
305544;17;4;2017;08:30;0;RUA ESPIRITO SANTO;;;0;;Colis?úo Lateral;Luz do Dia;Bom;Seca;T;N?úo H?í Controle;Residencial;0;1;0;1;0;0;0;0;0;0;0;0;;
305539;17;4;2017;17:04;24331;AV LUCIANO CARNEIRO;RUA ARMANDO MONTEIRO;;0;;Colis?úo Lateral;;Bom;Seca;Cruz;N?úo H?í Controle;Residencial;0;0;2;1;0;0;0;0;0;0;0;0;-3,763454000000000;-38,536219000000000
305600;17;4;2017;10:15;0;RUA BAR ARATANHA;;;1599;;Colis?úo Lateral;Amanhecer;Bom;Seca;Meio de Quadra;Sem?íforo;Comercial;0;2;0;1;0;0;0;0;0;0;0;0;-3,747536000000000;-38,531303000000000
305598;17;4;2017;08:30;25000;AV DOM MANUEL;RUA COSTA BARROS;;0;;Colis?úo Transversal;Luz do Dia;Bom;Seca;Cruz;Sem?íforo;Comercial;0;2;0;1;0;0;0;0;0;0;0;0;-3,727381000000000;-38,520793000000000
305604;17;4;2017;08:40;5130;RUA CASTRO E SILVA;RUA FLORIANO PEIXOTO;;0;;Colis?úo Lateral;Luz do Dia;Bom;Seca;Cruz;Pare;Comercial;0;2;0;1;0;0;0;0;0;1;0;0;-3,724272000000000;-38,526110000000000
305603;18;4;2017;10:00;0;AV HERACLITO GRACA;;;733;;Colis?úo Lateral;Luz do Dia;Bom;Seca;Meio de Quadra;N?úo H?í Controle;Comercial;0;2;0;1;0;0;0;0;0;0;0;0;-3,735544000000000;-38,518183000000000
305645;18;4;2017;20:00;4575;RUA TEN TITO BARROS;RUA ENG HENRIQUE MORIZE;;0;;Choque c/ Obst?ículo Fixo;Luz do Dia;Bom;Seca;Cruz;N?úo H?í Controle;Residencial;0;1;0;0;0;0;0;0;0;0;0;0;-3,800589000000000;-38,507575000000000
305647;18;4;2017;15:38;10995;RUA 15 DE NOVEMBRO;RUA ALM RUBIM;;0;;Colis?úo Frontal;Luz do Dia;Bom;Seca;Cruz;Pare;Comercial;0;1;0;0;0;0;0;0;0;1;0;0;-3,768907000000000;-38,555939000000000
325702;18;4;2017;06:20;0;RD BR 222;;;500;KM 00;Colis?úo Lateral;Luz do Dia;;Seca;Meio de Quadra;;;0;1;1;1;0;0;0;0;0;1;0;0;;
325703;18;4;2017;11:30;0;RD BR 116;;;200;KM-10;Engavetamento;Luz do Dia;;Seca;Meio de Quadra;;;0;0;7;1;0;0;1;0;0;1;0;0;-3,787361167000000;-38,511112896000000
325705;18;4;2017;16:00;0;RD BR 116;;;5000;KM-05;Colis?úo Traseira;Luz do Dia;;Seca;Meio de Quadra;;;0;1;1;0;0;0;0;0;0;0;0;0;-3,796502000000000;-38,506787000000000
319451;18;4;2017;07:21;0;RUA CASIMIRO DE ABREU;;;21;;Queda;Luz do Dia;;;Meio de Quadra;;;0;1;0;0;0;0;0;0;0;1;0;0;-3,779640600000000;-38,560784200000000
319453;18;4;2017;07:40;25890;RUA BARRA VERMELHA;AV H CJ CEARA;;0;;Colis?úo;Luz do Dia;;;Cruz;N?úo H?í Controle;Residencial;0;1;0;0;0;0;0;0;0;0;0;0;-3,775983000000000;-38,611523000000000
319454;18;4;2017;09:44;0;AV RUI BARBOSA;;;1100;;Queda;Luz do Dia;;;Meio de Quadra;;;0;1;0;0;0;0;0;0;0;1;0;0;-3,732439979000000;-38,508300363000000
319465;18;4;2017;13:42;0;RUA GURGEL DO AMARAL;;;1528;;Colis?úo;Luz do Dia;;;Meio de Quadra;;;0;1;1;1;0;0;0;0;0;1;0;0;;
319459;18;4;2017;10:15;0;AV GOV RAUL BARBOSA;;;4070;;Colis?úo;Luz do Dia;;;Meio de Quadra;;;0;1;0;0;0;0;0;0;0;0;0;0;-3,761241000000000;-38,505827000000000
319477;18;4;2017;19:13;0;AV GOV RAUL BARBOSA;;;6801;;Colis?úo;;;;Meio de Quadra;;;0;1;0;0;0;0;0;0;0;0;0;0;-3,772805000000000;-38,512512000000000
319478;18;4;2017;22:03;0;AV LINEU MACHADO;;;1554;;Atropelamento;;;;Meio de Quadra;;;0;1;0;0;0;0;0;0;0;0;0;0;-3,773196000000000;-38,580680000000000
319469;18;4;2017;16:46;0;RUA AMERICO ROCHA LIMA;;;940;;Colis?úo;Luz do Dia;;;Meio de Quadra;;;0;1;1;1;0;0;0;0;0;1;0;0;-3,798828000000000;-38,583647000000000
319470;18;4;2017;17:19;0;RUA PDE PEDRO DE ALENCAR;;;0;;Queda;Anoitecer;;;Meio de Quadra;;;0;1;0;0;0;0;0;0;0;1;0;0;;
319471;18;4;2017;17:40;0;RUA MON ROSA D20/21;;;854;;Atropelamento;Anoitecer;;;Meio de Quadra;;;0;1;1;0;0;0;0;0;0;1;0;0;-3,713130000000000;-38,553810000000000
319467;18;4;2017;16:15;0;RD BR 116;;;0;;Colis?úo;Luz do Dia;;;Meio de Quadra;;;0;1;1;1;0;0;0;0;0;1;0;0;;
319473;18;4;2017;17:51;0;AV JOAO PESSOA;;;5994;;Atropelamento;Anoitecer;;;Meio de Quadra;;;0;3;0;0;0;0;0;0;0;1;0;0;-3,762850000000000;-38,558003000000000
319474;18;4;2017;18:10;1292;AV DES MOREIRA;RUA MARCOS MACEDO;;0;;Atropelamento;Anoitecer;;;Meio de Quadra;N?úo H?í Controle;Comercial;0;2;0;0;0;0;0;0;0;1;0;0;-3,734244000000000;-38,497711000000000
319489;18;4;2017;22:15;0;RUA BOM JESUS (BARRA DO CEARA);;;0;;Colis?úo;;;;Meio de Quadra;;;0;1;1;1;0;0;0;0;0;1;0;0;;