COD_ACIDENTE;DIA;MES;ANO;HORA;INTERSECAO;LOG1;LOG2;LOG3;NUMERO;REFERENCIA;NATUREZA;ILUMINACAO;TEMPO;SUPERFICIEPISTA;TIPOCRUZAMENTO;CONTROLETRAFEGO;USOSOLO;MORTOS;FERIDOS;ILESOS;AUTOMOVEL;ONIBUS;BICICLETA;CAMINHAO;MICROONIBUS;CICLOMOTOR;MOTOCICLETA;TRACAOANIMAL;TREM;LATITUDE;LONGITUDE
319490;18;4;2017;23:30;0;AV ABOLICAO;;;4070;;Queda;;;;Meio de Quadra;;;0;1;0;0;0;0;0;0;0;1;0;0;-3,724621000000000;-38,482621000000000
308503;18;4;2017;07:56;0;RUA CAP OLAVO;;;229;;Colis?úo Traseira;Luz do Dia;Nublado;Molhada;Meio de Quadra;N?úo H?í Controle;Escola;0;0;2;1;0;0;0;0;0;1;0;0;-3,764297200000000;-38,516106000000000
308504;18;4;2017;08:00;0;AV DUQ CAXIAS;RUA ASSUNCAO;RUA SOLON PINHEIRO;0;;Colis?úo Traseira;Luz do Dia;Bom;Seca;Meio de Quadra;Sem?íforo;Comercial;0;0;2;1;0;0;0;0;0;1;0;0;-3,732628300000000;-38,527430000000000
308505;18;4;2017;07:30;0;AV JOSE BASTOS;;;0;;Tombamento;Luz do Dia;Nublado;Molhada;Outros;N?úo H?í Controle;Comercial;0;1;0;0;0;0;0;0;0;0;0;0;-3,743783700000000;-38,543938000000000
308506;18;4;2017;08:50;19068;RUA PRO SILAS RIBEIRO;AV ENG SANTANA JUNIOR;;296;;Colis?úo Lateral;Luz do Dia;Bom;Seca;Cruz;Sem?íforo;Comercial;0;0;3;1;0;0;0;0;0;1;0;0;-3,737637300000000;-38,482030000000000
308516;18;4;2017;07:00;0;AV LUCIANO CARNEIRO;;;840;;Colis?úo Traseira;Luz do Dia;Chuva;Molhada;Meio de Quadra;Sem?íforo;Comercial;0;0;2;1;0;0;0;0;0;0;0;0;-3,755508400000000;-38,533810000000000
308517;18;4;2017;18:41;5998;RUA 448 CJ CEARA;AV F CJ CEARA;;291;;Colis?úo Transversal;Luz do Dia;Bom;Seca;Cruz;Pare;Residencial;0;0;1;1;0;0;0;0;0;0;0;0;-3,763679700000000;-38,607143000000000
308518;18;4;2017;19:21;13449;RUA TOMAS ACIOLI;RUA CARLOS VASCONCELOS;;0;;Colis?úo Transversal;Via Iluminada;Bom;Seca;Cruz;Pare;Residencial;0;2;0;1;0;0;0;0;0;1;0;0;-3,743470700000000;-38,514070000000000
308519;18;4;2017;20:15;0;AV EDUARDO GIRAO;;;0;;Colis?úo Lateral;Via Iluminada;Bom;Seca;Rotat??ria;N?úo H?í Controle;Comercial;0;0;2;1;0;0;0;0;0;0;0;0;-3,755790000000000;-38,525174000000000
308520;18;4;2017;19:00;0;AV BAR STUDART;RUA SILVA PAULET;;0;;Colis?úo Transversal;Via Iluminada;Bom;Seca;Cruz;Sem?íforo;Comercial;0;2;0;1;0;0;0;0;0;1;0;0;-3,743651000000000;-38,508316000000000
308521;18;4;2017;19:00;3887;RUA WALDERY UCHOA;RUA ANTENOR FROTA WANDERLEY;;0;;Colis?úo Transversal;Via Iluminada;Bom;Seca;Cruz;Pare;Residencial;0;0;2;1;0;0;0;0;0;0;0;0;-3,746038400000000;-38,540672000000000
308522;18;4;2017;21:11;0;AV ENG JOS?ë GUIMAR?âES;RUA JOSE RIBAMAR S AGUIAR;;0;;Colis?úo Traseira;Via Iluminada;Bom;Seca;Meio de Quadra;Pare;Residencial;0;1;1;0;0;0;0;0;0;0;0;0;-3,803556200000000;-38,492310000000000
308523;18;4;2017;09:59;0;RUA BAR RIO BRANCO;;;1330;;Colis?úo Lateral;Luz do Dia;Bom;Seca;Meio de Quadra;N?úo H?í Controle;Comercial;0;0;2;1;0;0;0;0;0;0;0;0;-3,729787000000000;-38,529366000000000
308508;18;4;2017;10:10;0;RUA PALESTINA D65;;;301;;Colis?úo Lateral;Luz do Dia;Bom;Seca;Meio de Quadra;Gesto;Residencial;0;2;1;1;0;0;0;0;0;1;0;0;-3,836098000000000;-38,491173000000000
308509;18;4;2017;13:00;0;AV ANTONIO SALES;;;1530;;Colis?úo Lateral;Luz do Dia;Bom;Seca;Meio de Quadra;Sem?íforo;Comercial;0;1;3;0;0;0;0;0;0;1;0;0;-3,743009300000000;-38,510200000000000
308510;18;4;2017;14:45;0;AV DOM LUIS;;;1219;;Engavetamento;Luz do Dia;Bom;Seca;Meio de Quadra;Sem?íforo;Comercial;0;0;3;1;0;0;0;0;0;0;0;0;-3,735573500000000;-38,490334000000000
308511;18;4;2017;15:20;7862;AV ANTONIO SALES;RUA PRO DIAS DA ROCHA;;0;;Colis?úo Transversal;Luz do Dia;Bom;Seca;Cruz;Pare;Comercial;0;2;1;1;1;0;0;0;0;0;0;0;-3,747737400000000;-38,495580000000000
308512;18;4;2017;14:25;24898;AV MOZART PINHEIRO DE LUCENA;RUA MARIA CLARA;;0;;Colis?úo Transversal;Luz do Dia;Bom;Seca;T;N?úo H?í Controle;Comercial;0;0;2;1;0;0;0;0;0;0;0;0;-3,722807400000000;-38,596650000000000
308513;18;4;2017;14:52;0;AV DR SILAS MUNGUBA;;;2555;;Colis?úo Lateral;Luz do Dia;Bom;Seca;Meio de Quadra;Sem?íforo;Comercial;0;0;1;1;0;0;0;0;0;0;0;0;-3,786091600000000;-38,550854000000000
308514;18;4;2017;10:55;9072;AV VIS RIO BRANCO;AV PONTES VIEIRA;;0;;Colis?úo Lateral;Luz do Dia;Bom;Seca;Cruz;Sem?íforo;Comercial;0;0;2;1;1;0;0;0;0;0;0;0;-3,753388600000000;-38,520660000000000
308583;18;4;2017;18:28;0;RUA AMERICO ROCHA LIMA;;;1;;Colis?úo Lateral;Via Iluminada;Bom;Seca;Meio de Quadra;N?úo H?í Controle;Residencial;0;1;1;1;0;0;0;0;0;1;0;0;-3,798917500000000;-38,583645000000000
308584;18;4;2017;06:57;13534;RUA JOAO CORDEIRO;AV SORIANO ALBUQUERQUE;;0;;Colis?úo Transversal;Luz do Dia;Nublado;Seca;Cruz;Pare;Residencial;0;0;2;1;0;0;0;0;0;0;0;0;-3,747854200000000;-38,519398000000000
308564;18;4;2017;12:40;25279;AV ROGACIANO LEITE;RUA DES WALDEMAR ALVES PEREIRA;;0;;Colis?úo Transversal;Luz do Dia;Bom;Seca;Cruz;Pare;Comercial;0;1;1;1;0;0;0;0;0;1;0;0;-3,770501900000000;-38,498030000000000
324377;18;4;2017;14:30;0;RD CE-040;;;0;KM-05;Colis?úo;Luz do Dia;;Molhada;Meio de Quadra;;;0;0;2;1;0;0;0;0;0;0;0;0;-3,800595823000000;-38,479534630000000
324380;19;4;2017;07:45;0;RD CE-025;;;0;KM-01;Colis?úo;Luz do Dia;;Seca;Meio de Quadra;;;0;0;2;1;0;0;0;0;0;0;0;0;-3,807811443000000;-38,470048600000000
324381;19;4;2017;07:40;0;RD CE-040;;;0;KM-10;Colis?úo;Luz do Dia;;Seca;Meio de Quadra;;;0;0;2;1;0;0;1;0;0;0;0;0;-3,826385000000000;-38,481779000000000
324385;19;4;2017;12:30;0;RD CE-040;;;0;KM-07;Colis?úo;Luz do Dia;;Seca;Meio de Quadra;;;0;0;2;1;0;0;0;0;0;0;0;0;-3,817159445000000;-38,483032860000000
308524;19;4;2017;07:24;0;RUA MON CATAO;;;1463;;Colis?úo Transversal;Luz do Dia;Nublado;Molhada;Meio de Quadra;N?úo H?í Controle;Comercial;0;0;2;1;0;0;0;0;0;0;0;0;-3,747759300000000;-38,493416000000000
308525;19;4;2017;07:40;0;AV AGUANAMBI;;;0;HOSPITAL ANTONIO PRUDENTE;Colis?úo Transversal;Luz do Dia;Bom;Seca;Rotat??ria;Sem?íforo;Residencial;0;0;1;1;0;0;0;0;0;1;0;0;-3,755390000000000;-38,523200000000000
308526;19;4;2017;07:42;0;AV ANTONIO SALES;;;3401;;Choque c/ Obst?ículo Fixo;Luz do Dia;Bom;Seca;Meio de Quadra;N?úo H?í Controle;Comercial;0;0;0;1;0;0;0;0;0;0;0;0;-3,748245500000000;-38,493816000000000
308527;19;4;2017;08:33;0;RUA ANTONIO GADELHA;;;638;;Colis?úo Transversal;Luz do Dia;Bom;Seca;T;N?úo H?í Controle;Escola;0;0;2;1;0;0;0;0;0;0;0;0;-3,832590600000000;-38,502630000000000
308528;19;4;2017;08:23;13534;RUA JOAO CORDEIRO;AV SORIANO ALBUQUERQUE;;0;;Colis?úo Transversal;Luz do Dia;Nublado;Seca;Cruz;Pare;Residencial;0;0;2;1;0;0;0;0;0;0;0;0;-3,747858800000000;-38,519290000000000
308529;19;4;2017;09:57;9246;AV 13 DE MAIO;RUA BAR RIO BRANCO;;0;23BC;Colis?úo Traseira;Luz do Dia;Bom;Seca;T;Sem?íforo;Comercial;0;2;0;0;0;0;0;0;0;1;0;0;-3,745161500000000;-38,534350000000000
308530;19;4;2017;09:26;23371;RUA EDUARDO BEZERRA;RUA FRE VIDAL;;0;;Capotamento;Luz do Dia;Bom;Seca;Cruz;Pare;Residencial;0;1;1;1;0;0;0;0;0;0;0;0;-3,754257700000000;-38,517933000000000
308531;19;4;2017;10:17;15331;RUA SILVA PAULET;RUA PEREIRA FILGUEIRAS;;0;;Colis?úo Transversal;Luz do Dia;Bom;Seca;T;Pare;Comercial;0;0;2;1;0;0;0;0;0;0;0;0;-3,731254000000000;-38,504350000000000
308532;19;4;2017;09:50;12889;RUA MES ROSA;RUA LAURO MAIA;;49;;Colis?úo Transversal;Luz do Dia;Bom;Seca;T;Pare;Residencial;0;0;2;0;1;0;0;0;0;0;0;0;-3,741440800000000;-38,524178000000000
308533;19;4;2017;10:30;0;AV ANTONIO SALES;;;1950;;Engavetamento;Luz do Dia;Bom;Seca;Meio de Quadra;N?úo H?í Controle;Comercial;0;0;4;1;0;0;0;0;0;0;0;0;-3,744490400000000;-38,506386000000000
308534;19;4;2017;12:45;0;RUA JOAO CARVALHO;;;831;;Choque c/ Obst?ículo Fixo;Luz do Dia;Bom;Seca;Meio de Quadra;Sem?íforo;Escola;0;0;1;1;0;0;0;0;0;0;0;0;-3,738178500000000;-38,505737000000000
308535;19;4;2017;13:16;1598;RUA MON CATAO;RUA CAROLINA SUCUPIRA;;0;;Colis?úo Traseira;Luz do Dia;Bom;Seca;Cruz;Sem?íforo;Comercial;0;0;2;1;0;0;0;0;0;0;0;0;-3,743714800000000;-38,492264000000000
308536;19;4;2017;13:05;0;RUA JOSE ALVES CAVALCANTE;;;1011;;Colis?úo Transversal;Luz do Dia;Bom;Seca;Cruz;Pare;Comercial;0;0;2;1;0;0;0;0;0;1;0;0;-3,790996000000000;-38,499546000000000
308539;19;4;2017;13:34;13444;RUA NOGUEIRA ACIOLI;RUA AQUILES BEVILAQUA;;0;;Colis?úo Lateral;Luz do Dia;Bom;Seca;T;N?úo H?í Controle;Residencial;0;0;2;0;0;0;0;0;0;0;0;0;-3,743352200000000;-38,520770000000000
308540;19;4;2017;13:46;0;AV ENG SANTANA JUNIOR;;;1;PIZZA HUT;Colis?úo Traseira;Luz do Dia;Bom;Seca;Outros;N?úo H?í Controle;Residencial;0;0;2;1;0;0;0;0;0;0;0;0;-3,744325600000000;-38,488415000000000
308541;19;4;2017;16:15;12954;AV PRS COSTA E SILVA;RUA BERNARDO MANUEL;;0;;Colis?úo Traseira;Luz do Dia;Bom;Seca;Cruz;Sem?íforo;Comercial;0;0;2;1;0;0;0;0;0;0;0;0;-3,820729500000000;-38,558060000000000
308542;19;4;2017;16:20;9131;AV LUCIANO CARNEIRO;AV 13 DE MAIO;;0;;Colis?úo Traseira;Luz do Dia;Bom;Seca;Cruz;Sem?íforo;Comercial;0;0;2;1;0;0;0;0;0;0;0;0;-3,747802000000000;-38,531513000000000
308543;19;4;2017;14:30;15342;RUA OSVALDO CRUZ (ALDEOTA);RUA PEREIRA VALENTE;;0;;Colis?úo Transversal;Luz do Dia;Bom;Seca;Cruz;Pare;Residencial;0;1;1;0;0;0;0;0;0;1;0;0;-3,731697000000000;-38,499084000000000
308544;19;4;2017;16:29;0;RUA BAR CRATO;;;643;;Colis?úo Lateral;Luz do Dia;Bom;Seca;T;Pare;Residencial;0;0;0;1;0;0;0;0;0;1;0;0;-3,812512000000000;-38,481667000000000
308545;19;4;2017;18:04;0;AV JOAO PESSOA;;;5300;;Colis?úo Lateral;Luz do Dia;Bom;Seca;Meio de Quadra;N?úo H?í Controle;Residencial;0;1;1;1;0;0;0;0;0;1;0;0;-3,757797000000000;-38,554300000000000
308546;19;4;2017;19:00;0;AV PRS COSTA E SILVA;;;0;;Colis?úo Traseira;Via Iluminada;Bom;Seca;Meio de Quadra;N?úo H?í Controle;Residencial;0;0;1;1;0;0;0;0;0;1;0;0;-3,826903600000000;-38,536877000000000
308547;19;4;2017;18:50;0;RUA PINTO MADEIRA;TR 25 DE MARCO UI 806;;0;;Colis?úo Transversal;Via Iluminada;Bom;Seca;;;;0;1;2;1;0;0;0;0;0;1;0;0;-3,730702600000000;-38,522915000000000
308550;19;4;2017;20:47;11768;AV PRS CASTELO BRANCO;AV FILOMENO GOMES;;0;;Colis?úo Traseira;Via Iluminada;Bom;Seca;T;Sem?íforo;Residencial;0;0;2;1;1;0;0;0;0;0;0;0;-3,715752100000000;-38,541927000000000
308551;19;4;2017;19:30;22089;RUA FRE MARCELINO;RUA GUSTAVO BRAGA;;0;;Colis?úo Transversal;Via Iluminada;Bom;Seca;Cruz;Pare;Residencial;0;1;1;1;0;0;0;0;0;1;0;0;-3,747825900000000;-38,556065000000000
308552;19;4;2017;01:08;1605;AV DES MOREIRA;RUA BENI DE CARVALHO;;0;;Capotamento;Via Iluminada;Bom;Seca;Cruz;Sem?íforo;Comercial;0;1;1;1;0;0;0;0;0;0;0;0;-3,745654600000000;-38,501514000000000
319494;19;4;2017;00:26;0;RUA 507 CJ CEARA;;;54;;Colis?úo;;;;Meio de Quadra;;;0;1;1;1;0;0;0;0;0;1;0;0;-3,769964000000000;-38,609321000000000
319495;19;4;2017;06:45;0;AV LUCIANO CARNEIRO;;;1782;;Queda;Luz do Dia;;;Meio de Quadra;;;0;1;0;0;0;0;0;0;0;1;0;0;-3,763647000000000;-38,536278000000000
319496;19;4;2017;07:41;0;AV CESAR CALS;;;144;;Atropelamento de Animal;Luz do Dia;;;Meio de Quadra;;;0;1;0;0;0;0;0;0;0;1;0;0;-3,719843200000000;-38,465098300000000
319518;19;4;2017;12:02;0;AV DOMINGOS OLIMPIO;;;0;;Atropelamento;Luz do Dia;;;Meio de Quadra;;;0;1;0;0;0;0;0;0;0;0;0;0;;
319512;19;4;2017;08:40;0;RUA PDE PEDRO DE ALENCAR;;;1778;;Queda;Luz do Dia;;;Meio de Quadra;;;0;1;0;0;0;0;0;0;0;1;0;0;-3,843723000000000;-38,494377000000000
319520;19;4;2017;12:27;0;RUA BERNARDO MANUEL;;;13927;;Colis?úo;Luz do Dia;;;Meio de Quadra;;;0;1;1;1;0;0;0;0;0;1;0;0;-3,839397000000000;-38,563776500000000
319522;19;4;2017;12:35;0;RUA VIS MAUA;;;300;;Colis?úo;Luz do Dia;;;Meio de Quadra;;;0;1;1;1;0;0;0;0;0;1;0;0;-3,728930000000000;-38,497108000000000
319527;19;4;2017;15:50;0;AV OLIVEIRA PAIVA;;;1487;;Colis?úo;Luz do Dia;;;Meio de Quadra;;;0;1;1;0;0;0;0;0;0;1;0;0;-3,795587000000000;-38,493379000000000
319554;19;4;2017;19:06;5333;RUA PRC ISABEL;RUA GAL CLARINDO DE QUEIROZ;;0;;Colis?úo;;;;Cruz;Pare;Comercial;0;1;1;0;0;0;0;0;0;1;0;0;-3,730592000000000;-38,536711000000000
319556;19;4;2017;19:07;0;AV ALBERTO CRAVEIRO;;;0;;Colis?úo;;;;Meio de Quadra;;;0;1;0;0;0;0;0;0;0;0;0;0;;
319558;19;4;2017;19:11;0;AV PRS CASTELO BRANCO;;;0;;Colis?úo;;;;Meio de Quadra;;;0;1;1;0;0;0;0;0;0;1;0;0;;
319509;19;4;2017;07:55;0;AV AGUANAMBI;;;0;;Colis?úo;Luz do Dia;;;Meio de Quadra;;;0;1;1;1;0;0;0;0;0;1;0;0;;
319560;19;4;2017;19:14;0;AV WASHINGTON SOARES;;;11150;;Atropelamento;Anoitecer;;Seca;Meio de Quadra;;;0;3;0;0;0;0;0;0;0;1;0;0;;
319545;19;4;2017;18:29;0;AV PRS CASTELO BRANCO;;;4950;;Colis?úo;Anoitecer;;;Meio de Quadra;;;0;1;1;0;0;0;0;0;0;1;0;0;-3,705446000000000;-38,576169000000000
319552;19;4;2017;18:35;0;AV WASHINGTON SOARES;;;0;;Colis?úo;;;;Meio de Quadra;;;0;1;0;0;0;0;0;0;0;0;0;0;;
319534;19;4;2017;16:00;0;AV GAL OSORIO DE PAIVA;;;854;;Colis?úo;Luz do Dia;;;Meio de Quadra;;;0;1;1;1;0;0;0;0;0;1;0;0;-3,777695000000000;-38,569779000000000
319535;19;4;2017;16:17;0;RUA CON DE CASTRO;;;8617;;Atropelamento;Luz do Dia;;;Meio de Quadra;;;0;1;1;1;0;0;0;0;0;0;0;0;-3,820598003000000;-38,603571835000000
319536;19;4;2017;16:19;0;RUA BAR AQUIRAZ;;;639;;Colis?úo;Luz do Dia;;;Meio de Quadra;;;0;1;1;1;0;0;0;0;0;1;0;0;-3,834808000000000;-38,489483000000000
319537;19;4;2017;17:27;0;RUA TEODOMIRO DE CASTRO;;;1900;;Atropelamento;Anoitecer;;;Meio de Quadra;;;0;2;0;0;0;0;0;0;0;1;0;0;-3,717888400000000;-38,574011900000000
319538;19;4;2017;17:32;0;RUA METON DE ALENCAR;;;0;;Colis?úo;Anoitecer;;;Meio de Quadra;;;0;1;1;1;0;0;0;0;0;1;0;0;;
319539;19;4;2017;17:37;0;AV PRO GOMES DE MATOS;;;0;;Queda;Anoitecer;;;Meio de Quadra;;;0;1;0;0;0;0;0;0;0;1;0;0;;
319524;19;4;2017;14:23;0;RUA OSVALDO CRUZ;;;0;;Colis?úo;Luz do Dia;;;Meio de Quadra;;;0;1;1;1;0;0;0;0;0;1;0;0;;
319525;19;4;2017;15:38;0;AV ENG ALBERTO SA;;;119;;Colis?úo;Luz do Dia;;;Meio de Quadra;;;0;2;1;1;0;0;0;0;0;1;0;0;-3,732902000000000;-38,481846000000000
319541;19;4;2017;17:54;0;RUA ALBERTO MAGNO;;;1001;;Colis?úo;Anoitecer;;;Meio de Quadra;;;0;1;1;1;0;0;0;0;0;1;0;0;-3,763256000000000;-38,548545000000000
319542;19;4;2017;18:00;0;AV PERIMETRAL;;;0;;Colis?úo;Anoitecer;;;Meio de Quadra;;;0;1;1;1;0;0;0;0;0;1;0;0;;
319543;19;4;2017;18:27;0;RUA CANDIDO MAIA;;;294;;Colis?úo;Anoitecer;;;Meio de Quadra;;;0;1;1;1;0;0;0;0;0;1;0;0;-3,737088501000000;-38,590326588000000
319580;19;4;2017;20:21;0;AV BENJAMIM BRASIL;;;633;;Colis?úo;;;;Meio de Quadra;;;0;1;0;0;0;0;0;0;0;0;0;0;-3,804204800000000;-38,568521200000000
319576;19;4;2017;19:37;0;RUA ARACAJU;;;301;;Queda;;;;Meio de Quadra;;;0;1;0;0;0;1;0;0;0;0;0;0;-3,755779000000000;-38,585457000000000
319574;19;4;2017;19:33;0;RUA PESSOA ANTA;;;110;;Colis?úo;;;;Meio de Quadra;;;0;1;0;0;0;0;0;0;0;0;0;0;-3,721123000000000;-38,522098000000000
319591;19;4;2017;20:28;17315;RUA DES PRAXEDES;RUA PDE JOAO PIAMARTA;;0;;Colis?úo;;;;Cruz;Pare;Residencial;0;1;1;1;0;0;0;0;0;1;0;0;-3,762866000000000;-38,543546000000000
319593;19;4;2017;20:38;0;RUA CEL VIRGILIO NOGUEIRA (BOM JARDIM);;;2075;;Colis?úo;;;;Meio de Quadra;;;0;1;0;0;0;0;0;0;0;0;0;0;-3,790109200000000;-38,609129600000000
319595;19;4;2017;20:52;0;RUA ANTONELE BEZERRA;;;0;;Colis?úo;;;;Meio de Quadra;;;0;1;0;0;0;0;0;0;0;0;0;0;;
319598;19;4;2017;20:56;0;AV TRISTAO GONCALVES;;;0;;Queda;;;;Meio de Quadra;;;0;1;0;0;0;0;0;0;0;1;0;0;;
319600;19;4;2017;21:34;0;RUA RIO BRANCO;;;846;;Colis?úo;;;;Meio de Quadra;;;0;1;1;1;0;0;0;0;0;1;0;0;-3,757027000000000;-38,562303000000000
305683;19;4;2017;09:10;0;RUA JOAO GENTIL;;;220;;Colis?úo Lateral;N?úo Iluminada;Bom;Seca;Meio de Quadra;N?úo H?í Controle;Residencial;0;1;0;1;0;0;0;0;0;0;0;0;-3,744041000000000;-38,538278000000000
305546;19;4;2017;11:45;0;AV SEN CARLOS JEREISSATI (AEROPORTO);;;3000;;Colis?úo Frontal;Luz do Dia;;;Meio de Quadra;;;0;0;2;1;0;0;0;0;0;0;0;0;-3,780382000000000;-38,541414000000000
305542;19;4;2017;11:25;0;AV MON TABOSA;;;466;;Colis?úo Traseira;Luz do Dia;;;Meio de Quadra;;;0;0;2;1;0;0;0;0;0;0;0;0;-3,723839000000000;-38,515145000000000
305537;19;4;2017;11:15;0;RUA PORTO VELHO;;;1056;;Colis?úo Lateral;Luz do Dia;;;Meio de Quadra;;;0;0;2;1;0;0;1;0;0;0;0;0;-3,764405000000000;-38,589921000000000
305535;19;4;2017;16:50;5343;RUA METON DE ALENCAR;RUA PDE IBIAPINA;;0;;Colis?úo Lateral;Luz do Dia;;;;;;0;1;1;1;0;0;0;0;0;1;0;0;-3,730548000000000;-38,539973000000000
305548;20;4;2017;06:00;0;RUA VITAL BRASIL;;;449;;Atropelamento;Luz do Dia;;;Meio de Quadra;;;1;0;1;0;1;0;0;0;0;0;0;0;-3,781567000000000;-38,585471000000000
305549;20;4;2017;04:05;5142;RUA CONDE D??EU;RUA CASTRO E SILVA;;0;;Colis?úo Lateral;;;;T;Sem?íforo;Comercial;0;0;2;1;0;0;0;0;0;0;0;0;-3,724606000000000;-38,525072000000000
296213;20;4;2017;07:20;7983;AV JOAO PESSOA;RUA JOAO SORONGO;;0;;Colis?úo Transversal;Luz do Dia;;;Cruz;Pare;Residencial;1;2;1;1;1;0;0;0;0;0;0;0;-3,748663000000000;-38,546069000000000
319601;20;4;2017;23:35;0;RUA JAIME LEONEL;;;12;;Queda;;;;Meio de Quadra;;;0;1;0;0;0;0;0;0;0;1;0;0;-3,768791000000000;-38,495361000000000
319629;20;4;2017;06:51;0;AV DR SILAS MUNGUBA;;;4629;;Colis?úo;Luz do Dia;;;Meio de Quadra;;;0;1;1;1;0;0;0;0;0;1;0;0;-3,793945000000000;-38,534271000000000
319630;20;4;2017;06:51;0;RUA CON DE CASTRO;;;4525;;Colis?úo;Luz do Dia;;;Meio de Quadra;;;0;0;1;0;0;0;0;0;0;0;0;0;-3,804806000000000;-38,591723000000000
319643;20;4;2017;08:09;18454;RUA FRE ODILON;RUA HAROLDO TORRES;;0;;Colis?úo;Luz do Dia;;;Cruz;Pare;Residencial;0;1;1;1;0;0;0;0;0;1;0;0;;
319644;20;4;2017;09:08;0;AV WASHINGTON SOARES;;;0;;Colis?úo;Luz do Dia;;;Meio de Quadra;;;0;1;1;1;0;1;0;0;0;0;0;0;;
319645;20;4;2017;09:48;12520;RUA ALUISIO AZEVEDO;AV AUGUSTO DOS ANJOS;;0;;Queda;Luz do Dia;;;Duplo T;Sem?íforo;Comercial;0;1;0;0;0;0;0;0;0;1;0;0;;
319635;20;4;2017;07:07;20023;AV DR SILAS MUNGUBA;AV HEROIS DO ACRE;;0;;Colis?úo;Luz do Dia;;;T;Sem?íforo;Comercial;0;1;1;0;0;0;0;0;0;1;0;0;-3,803079000000000;-38,528540000000000
319636;20;4;2017;07:21;7751;RUA ESTADO DO RIO;RUA CEARA;;0;;Colis?úo;Luz do Dia;;;Cruz;Pare;Comercial;0;1;1;1;0;0;0;0;0;1;0;0;-3,756475000000000;-38,569606000000000
319624;20;4;2017;06:48;0;AV DR SILAS MUNGUBA;;;3674;;Colis?úo;Luz do Dia;;;Meio de Quadra;;;0;1;1;1;0;0;0;0;0;1;0;0;-3,790278000000000;-38,540622000000000
319621;20;4;2017;06:20;5434;AV HERACLITO GRACA;AV DOM MANUEL;;0;;Colis?úo;Luz do Dia;;;Cruz;Sem?íforo;Comercial;0;1;1;1;0;0;0;0;0;1;0;0;-3,734013000000000;-38,522952000000000
319622;20;4;2017;06:25;0;AV ENG HUMBERTO MONTE;;;1841;;Queda;Luz do Dia;;;Meio de Quadra;;;0;1;0;0;0;0;0;0;0;1;0;0;-3,744998000000000;-38,563895000000000
319617;20;4;2017;06:14;0;AV GODOFREDO MACIEL;;;2535;;Queda;Luz do Dia;;;Meio de Quadra;;;0;1;0;0;0;0;0;0;0;1;0;0;-3,797377000000000;-38,570198000000000
319618;20;4;2017;06:16;0;RUA PDE FRANCISCO PINTO;;;0;;Colis?úo;Luz do Dia;;;Meio de Quadra;;;0;1;1;1;0;0;0;0;0;1;0;0;;
319615;20;4;2017;06:05;15292;RUA FRE MANSUETO;AV ANTONIO JUSTA;;0;;Colis?úo;Luz do Dia;;;Cruz;Pare;Comercial;0;1;1;1;0;0;0;0;0;1;0;0;-3,729381000000000;-38,488950000000000
319608;20;4;2017;04:04;3819;RUA JUVENAL GALENO;AV CARAPINIMA;;0;;Colis?úo;;;;Cruz;Sem?íforo;Comercial;0;2;1;1;0;0;0;0;0;1;0;0;-3,738998000000000;-38,539176000000000
319650;20;4;2017;11:40;0;RUA VIDAL DE NEGREIROS;;;386;;Atropelamento;Luz do Dia;;;Meio de Quadra;;;0;1;1;0;0;0;0;0;0;1;0;0;-3,800155000000000;-38,565367000000000
319633;20;4;2017;06:57;0;RUA DOM XISTO ALBANO;;;1768;;Colis?úo;Luz do Dia;;;Meio de Quadra;;;0;1;1;0;0;0;0;0;0;1;0;0;-3,798368000000000;-38,586768000000000
319647;20;4;2017;11:07;0;RUA PEDESTRE XII;;;10;;Atropelamento;Luz do Dia;;;Meio de Quadra;;;0;1;1;0;0;0;0;0;0;1;0;0;;
319648;20;4;2017;11:12;0;RUA GEORGE SOSA;;;0;;Colis?úo;Luz do Dia;;;Meio de Quadra;;;0;1;0;0;0;0;0;0;0;0;0;0;;
319659;20;4;2017;11:55;0;RUA TEBAS;;;608;;Colis?úo;Luz do Dia;;;Meio de Quadra;;;0;1;1;1;0;0;0;0;0;1;0;0;;
319684;20;4;2017;13:48;0;RUA SEN JAGUARIBE;;;500;;Queda;Luz do Dia;;;Meio de Quadra;;;0;1;0;0;0;0;0;0;0;1;0;0;-3,721911000000000;-38,527317000000000
319685;20;4;2017;14:05;0;AV DR THEBERGE;;;1388;;Colis?úo;Luz do Dia;;;Meio de Quadra;;;0;1;0;0;0;0;0;0;0;0;0;0;-3,714598000000000;-38,564940000000000
319686;20;4;2017;14:31;7766;AV ANTONIO SALES;RUA TIBURCIO CAVALCANTE;;0;;Colis?úo;Luz do Dia;;;Cruz;N?úo H?í Controle;Residencial;0;1;0;0;0;0;0;0;0;0;0;0;-3,744543000000000;-38,505333000000000
319695;20;4;2017;18:23;0;RUA MONTE LIBANO;;;433;;Colis?úo;Anoitecer;;;Meio de Quadra;;;0;1;1;1;0;0;0;0;0;1;0;0;-3,824455000000000;-38,561738000000000
319693;20;4;2017;18:06;17058;RUA CACHOEIRA ALEGRE;RUA JEQUITIBA;;0;;Queda;Anoitecer;;;;;;0;1;0;0;0;0;0;0;0;1;0;0;-3,828031000000000;-38,583009000000000