COD_ACIDENTE;DIA;MES;ANO;HORA;INTERSECAO;LOG1;LOG2;LOG3;NUMERO;REFERENCIA;NATUREZA;ILUMINACAO;TEMPO;SUPERFICIEPISTA;TIPOCRUZAMENTO;CONTROLETRAFEGO;USOSOLO;MORTOS;FERIDOS;ILESOS;AUTOMOVEL;ONIBUS;BICICLETA;CAMINHAO;MICROONIBUS;CICLOMOTOR;MOTOCICLETA;TRACAOANIMAL;TREM;LATITUDE;LONGITUDE
319688;20;4;2017;15:04;17440;RUA PRO TEODORICO;RUA ANTONIO FIUZA;;0;;Colis?úo;Luz do Dia;;;Cruz;Pare;Comercial;0;1;1;1;0;0;0;0;0;1;0;0;-3,769303000000000;-38,551898000000000
319704;20;4;2017;18:39;25000;AV DOM MANUEL;RUA COSTA BARROS;;0;;Colis?úo;;;;Cruz;Sem?íforo;Comercial;0;1;1;1;0;0;0;0;0;1;0;0;-3,727381000000000;-38,520793000000000
319715;20;4;2017;21:17;0;AV GAL OSORIO DE PAIVA;;;0;;Atropelamento;;;;Meio de Quadra;;;0;1;1;1;0;0;0;0;0;0;0;0;;
319712;20;4;2017;19:16;0;AV SIQUEIRA CAMPOS;;;1227;;Colis?úo;;;;Meio de Quadra;;;0;1;1;1;0;0;0;0;0;1;0;0;-3,814553000000000;-38,627033000000000
319713;20;4;2017;20:43;0;AV SEN FERNANDES TAVORA;;;968;;Colis?úo;;;;Meio de Quadra;;;0;1;1;1;1;0;0;0;0;0;0;0;-3,762390000000000;-38,581789000000000
319710;20;4;2017;19:12;0;AV GAL OSORIO DE PAIVA;;;0;;Atropelamento;;;;Meio de Quadra;;;0;1;1;1;0;0;0;0;0;0;0;0;;
308553;20;4;2017;00:33;19732;RUA TIP SALES;RUA GUSTAVO SAMPAIO;;0;;Colis?úo Transversal;Via Iluminada;Bom;Seca;Cruz;Pare;Residencial;0;1;2;1;0;0;0;0;0;0;0;0;-3,737306000000000;-38,564860000000000
308554;20;4;2017;06:50;0;AV DOM MANUEL;AV DUQ CAXIAS;;1;;Colis?úo Lateral;Luz do Dia;Bom;Seca;Cruz;Sem?íforo;Comercial;0;0;1;1;0;0;0;0;0;0;0;0;-3,733901300000000;-38,522816000000000
308555;20;4;2017;08:09;7519;RUA PEDRO DANTAS;RUA TORRES DE MELO;;0;;Colis?úo Lateral;Luz do Dia;Bom;Seca;Cruz;Pare;Comercial;0;0;2;1;0;0;0;0;0;0;0;0;-3,786149000000000;-38,520897000000000
308556;20;4;2017;06:05;15292;RUA FRE MANSUETO;AV ANTONIO JUSTA;;0;;Colis?úo Transversal;Luz do Dia;Bom;Seca;Cruz;Pare;Comercial;0;0;2;1;0;0;0;0;0;1;0;0;-3,729452100000000;-38,488853000000000
308557;20;4;2017;08:41;15137;AV MON TABOSA;RUA ILDEFONSO ALBANO;;0;;Colis?úo Lateral;Luz do Dia;Bom;Seca;Cruz;Sem?íforo;Comercial;0;0;2;1;1;0;0;0;0;0;0;0;-3,723793700000000;-38,510240000000000
308558;20;4;2017;08:30;0;RUA TORRES CAMARA;;;370;;Colis?úo Traseira;Luz do Dia;Bom;Seca;Meio de Quadra;N?úo H?í Controle;Comercial;0;0;2;1;0;0;0;0;0;0;0;0;-3,735261700000000;-38,507850000000000
308559;20;4;2017;08:51;16557;RUA MIRTYL MEYER;AV GODOFREDO MACIEL;;0;;Colis?úo Traseira;Luz do Dia;Nublado;Seca;Cruz;Pare;Comercial;0;0;1;1;0;0;0;0;0;0;0;0;-3,809260000000000;-38,573753000000000
308560;20;4;2017;09:26;0;AV ENG HUMBERTO MONTE;;;221;UFC;Colis?úo Lateral;Luz do Dia;Bom;Seca;Meio de Quadra;N?úo H?í Controle;Comercial;0;0;1;1;0;0;0;0;0;0;0;0;-3,739036800000000;-38,568733000000000
308561;20;4;2017;08:46;19109;RUA JULIO AZEVEDO;RUA PAULO MORAIS;;0;;Colis?úo Transversal;Luz do Dia;Bom;Seca;Cruz;Pare;Residencial;0;0;2;1;1;0;0;0;0;0;0;0;-3,738206900000000;-38,479220000000000
308562;20;4;2017;09:31;25284;RUA DORALICE COSTA;RUA LIV LUIZ MAIA;;0;;Colis?úo Transversal;Luz do Dia;Bom;Seca;Cruz;Pare;Comercial;0;0;2;1;0;0;0;0;0;0;0;0;-3,770764400000000;-38,497475000000000
308563;20;4;2017;09:29;5372;RUA PINTO MADEIRA;RUA DNA LEOPOLDINA;;0;;Colis?úo Lateral;Luz do Dia;Bom;Seca;Cruz;Sem?íforo;Comercial;0;0;2;1;0;0;0;0;0;0;0;0;-3,731560200000000;-38,519714000000000
308565;20;4;2017;10:30;0;AV BEZERRA DE MENEZES;;;656;;Colis?úo Traseira;Luz do Dia;Bom;Seca;Meio de Quadra;N?úo H?í Controle;Comercial;0;0;2;1;0;0;0;0;0;0;0;0;-3,732940200000000;-38,550940000000000
308566;20;4;2017;13:40;0;AV ANTONIO SALES;;;3443;;Colis?úo Traseira;Luz do Dia;Bom;Seca;Meio de Quadra;N?úo H?í Controle;Comercial;0;0;2;1;0;0;0;0;0;0;0;0;-3,748596700000000;-38,492240000000000
308567;20;4;2017;14:05;7993;RUA MACHADO DE ASSIS;RUA DELMIRO FARIAS;;0;;Colis?úo Transversal;Luz do Dia;Bom;Seca;Cruz;Pare;Residencial;0;0;2;1;0;0;0;0;0;0;0;0;-3,749455500000000;-38,548462000000000
308568;20;4;2017;16:18;0;AV ALM HENRIQUE SABOIA;;;380;;Colis?úo Transversal;Luz do Dia;Bom;Seca;Com Via F?®rrea;N?úo H?í Controle;Residencial;0;0;2;1;0;0;0;0;0;0;0;0;-3,726539600000000;-38,480340000000000
308569;20;4;2017;20:30;0;RUA COSTA BARROS;;;2393;;Engavetamento;Via Iluminada;Nublado;Seca;Meio de Quadra;N?úo H?í Controle;Residencial;0;0;1;0;0;0;0;0;0;0;0;0;-3,733300400000000;-38,502354000000000
308570;20;4;2017;21:20;1432;AV SANTOS DUMONT;AV SEN VIRGILIO TAVORA;;0;;Colis?úo Transversal;Via Iluminada;Bom;Seca;Cruz;Sem?íforo;Comercial;0;1;1;1;1;0;0;0;0;0;0;0;-3,737899500000000;-38,493484000000000
308612;20;4;2017;09:26;17410;RUA ALM RUBIM;RUA PRO TEODORICO;;0;;Colis?úo Transversal;Luz do Dia;Bom;Seca;Cruz;Pare;Residencial;0;0;1;1;0;0;0;0;0;0;0;0;-3,767947400000000;-38,555603000000000
324387;20;4;2017;11:30;0;RD CE-040;;;0;KM-08;Colis?úo;Luz do Dia;;Seca;Meio de Quadra;;;0;0;2;1;0;0;0;0;0;0;0;0;-3,825515822000000;-38,481538320000000
324388;20;4;2017;13:30;0;RD CE-040;;;0;KM-01;Colis?úo;Luz do Dia;;Seca;Meio de Quadra;;;0;0;2;1;0;0;0;0;0;1;0;0;-3,764650449000000;-38,482583040000000
324390;20;4;2017;21:00;0;RD CE-065;;;0;KM 04;Atropelamento;Via Iluminada;;Seca;Meio de Quadra;;;0;1;1;1;0;0;0;0;0;0;0;0;;
324392;21;4;2017;05:20;0;RD CE-025;;;0;KM-03;Colis?úo;Amanhecer;;Molhada;Meio de Quadra;;;0;0;2;1;0;0;0;0;0;0;0;0;-3,805889179000000;-38,452246560000000
324396;21;4;2017;15:30;0;RD CE-040;;;0;KM-04;Colis?úo;Luz do Dia;;Seca;Meio de Quadra;;;0;0;3;1;0;0;0;0;0;0;0;0;-3,791613156000000;-38,480330840000000
324398;21;4;2017;20:00;0;RD CE-060;;;0;KM-02;Colis?úo;Via Iluminada;;Seca;Meio de Quadra;;;0;0;2;1;0;0;0;0;0;0;0;0;-3,834064000000000;-38,582111000000000
308571;21;4;2017;07:00;0;RUA CEL MATOS DOURADO;;;228;;Capotamento;Luz do Dia;Bom;Seca;Meio de Quadra;N?úo H?í Controle;Comercial;0;0;0;0;0;0;0;0;0;0;0;0;-3,754424300000000;-38,582886000000000
308572;21;4;2017;07:17;0;AV GAL OSORIO DE PAIVA;;;2067;;Colis?úo Traseira;Via Iluminada;Bom;Molhada;Meio de Quadra;N?úo H?í Controle;Comercial;0;0;1;1;0;0;0;0;0;0;0;0;-3,784641500000000;-38,580740000000000
308573;21;4;2017;11:10;25101;AV GAL OSORIO DE PAIVA;RUA ARARIPE PRATA;;0;;Colis?úo Transversal;Luz do Dia;Bom;Seca;Cruz;Pare;Comercial;0;1;0;1;1;0;0;0;0;0;0;0;-3,776321600000000;-38,567436000000000
308574;21;4;2017;15:02;0;RUA EDUARDO GARCIA;;;1;;Colis?úo Lateral;Luz do Dia;Bom;Seca;Meio de Quadra;N?úo H?í Controle;Comercial;0;0;2;1;0;0;0;0;0;0;0;0;-3,738970000000000;-38,496773000000000
308575;21;4;2017;16:07;13749;RUA MON CARNEIRO DA CUNHA;RUA TEODORO DE PAIVA;;0;;Colis?úo Transversal;Luz do Dia;Bom;Seca;Cruz;Pare;Residencial;0;0;2;1;0;0;0;0;0;0;0;0;-3,774339700000000;-38,495834000000000
308576;21;4;2017;18:18;17414;RUA ZACARIAS GONDIM;RUA 15 DE NOVEMBRO;;0;;Colis?úo Transversal;Via Iluminada;Bom;Seca;Cruz;Pare;Comercial;0;1;1;1;0;0;0;0;0;1;0;0;-3,768084500000000;-38,558334000000000
308577;21;4;2017;20:22;0;AV PRS JUSCELINO KUBITSCHEK (PASSAR?ë);;;0;;Colis?úo Traseira;Via Iluminada;Bom;Seca;Meio de Quadra;N?úo H?í Controle;Comercial;0;0;2;1;0;0;0;0;0;0;0;0;-3,817406000000000;-38,532406000000000
308578;21;4;2017;20:34;0;RUA ROSA CRUZ;RUA DOM PERO FERNANDES;;0;;Colis?úo Transversal;Via Iluminada;Bom;Seca;Cruz;Pare;Residencial;0;0;1;1;0;0;0;0;0;0;0;0;-3,798998400000000;-38,565910000000000
319723;21;4;2017;03:18;0;RUA LEBOM MAIA;;;555;;Colis?úo;;;;Meio de Quadra;;;0;1;0;0;0;0;0;0;0;0;0;0;-3,784731000000000;-38,580295000000000
319724;21;4;2017;04:48;0;AV GAL OSORIO DE PAIVA;;;6690;;Queda;;;;Meio de Quadra;;;0;1;0;0;0;0;0;0;0;1;0;0;-3,812307000000000;-38,609400000000000
319725;21;4;2017;05:08;0;RUA PRO HERIBALDO COSTA;;;1360;;Colis?úo;Amanhecer;;;Meio de Quadra;;;0;1;0;0;0;0;0;0;0;0;0;0;-3,763679000000000;-38,585797000000000
319718;21;4;2017;01:50;0;RUA BERNARDO MANUEL;;;0;;Colis?úo;;;;Meio de Quadra;;;0;1;0;0;0;0;0;0;0;0;0;0;;
319719;21;4;2017;02:05;0;RUA EDGAR FALCAO;;;153;;Queda;;;;Meio de Quadra;;;0;1;0;0;0;0;0;0;0;1;0;0;-3,730996000000000;-38,571800000000000
319738;21;4;2017;12:05;0;RUA AFONSO LOPES;;;1235;;Colis?úo;Luz do Dia;;;Meio de Quadra;;;0;1;1;1;0;0;0;0;0;1;0;0;-3,798441300000000;-38,549856400000000
319732;21;4;2017;10:29;0;AV GAL OSORIO DE PAIVA;;;0;;Colis?úo;Luz do Dia;;;Meio de Quadra;;;0;1;1;1;1;0;0;0;0;0;0;0;;
319748;21;4;2017;12:37;0;AV GODOFREDO MACIEL;;;0;;Colis?úo;Luz do Dia;;;Meio de Quadra;;;0;1;1;1;0;0;0;0;0;1;0;0;;
319749;21;4;2017;14:39;3901;AV EDUARDO GIRAO;RUA JORGE DUMAR;;0;;Queda;Luz do Dia;;;Cruz;Sem?íforo;Residencial;0;1;0;0;0;0;0;0;0;1;0;0;-3,749691000000000;-38,538695000000000
319750;21;4;2017;16:51;0;RUA CLAUDINA MARIA;;;100;;Colis?úo;Luz do Dia;;;Meio de Quadra;;;0;1;0;0;0;0;0;0;0;0;0;0;-3,881991400000000;-38,508137600000000
319751;21;4;2017;17:15;0;VL JOAO XXIII;;;507;;Atropelamento;Anoitecer;;;Meio de Quadra;;;0;2;0;0;0;0;0;0;0;1;0;0;-3,770715400000000;-38,587641000000000
319729;21;4;2017;08:14;3229;RUA ANSELMO NOGUEIRA;RUA OLIVEIRA SOBRINHO;;0;;Colis?úo;Luz do Dia;;;Cruz;N?úo H?í Controle;Comercial;0;1;1;1;0;0;0;0;0;0;0;0;-3,782421000000000;-38,587554000000000
319730;21;4;2017;09:29;0;RUA ARARIPE PRATA;;;0;;Queda;Luz do Dia;;;Meio de Quadra;;;0;1;0;0;0;0;0;0;0;1;0;0;;
319753;21;4;2017;18:29;0;RUA MOACIR;;;74;;Colis?úo;Anoitecer;;;Meio de Quadra;;;0;1;1;1;0;0;0;0;0;1;0;0;-3,702679000000000;-38,579115000000000
319758;21;4;2017;19:26;0;RUA MOREIRA DA ROCHA;;;600;;Queda;;;;Meio de Quadra;;;0;1;0;0;0;1;0;0;0;0;0;0;-3,794442738000000;-38,478920703000000
319762;21;4;2017;21:38;0;AV MOZART PINHEIRO DE LUCENA;;;0;;Colis?úo;;;;Meio de Quadra;;;0;1;0;0;0;0;0;0;0;0;0;0;;
319763;21;4;2017;22:13;24913;AV DA INDEPENDENCIA;AV MOZART PINHEIRO DE LUCENA;;0;;Colis?úo;;;;Cruz;Sem?íforo;Comercial;0;1;1;1;0;0;0;0;0;1;0;0;-3,724957000000000;-38,597615000000000
319764;21;4;2017;22:18;0;RUA DUAS NACOES;;;2375;;Colis?úo;;;;Meio de Quadra;;;0;1;1;1;0;0;0;0;0;0;0;0;-3,785011900000000;-38,604216100000000
319756;21;4;2017;19:20;0;RUA EVILASIO A MIRANDA;;;225;;Colis?úo;;;;Meio de Quadra;;;0;1;1;1;0;0;0;0;0;1;0;0;-3,786945000000000;-38,467893000000000
296226;21;4;2017;18:30;12510;RUA ARARIPE MACEDO;RUA DES FELIX CANDIDO;;0;;Atropelamento;Anoitecer;;;;;;1;0;1;0;0;0;0;0;0;1;0;0;-3,771678000000000;-38,578810000000000
305550;21;4;2017;03:00;0;AV PRS CASTELO BRANCO;;;5760;;Choque c/ Obst?ículo Fixo;;;;Meio de Quadra;;;0;1;0;1;0;0;0;0;0;0;0;0;-3,702642000000000;-38,582245000000000
305551;21;4;2017;16:50;3896;AV EDUARDO GIRAO;RUA CARLOS CAMARA;;0;;Colis?úo Transversal;Luz do Dia;;;Cruz;Pare;Comercial;0;0;2;0;0;0;0;0;0;0;0;0;-3,747043000000000;-38,543106000000000
305552;21;4;2017;08:40;0;RUA GAL CLARINDO DE QUEIROZ;;;1486;;Colis?úo Traseira;Luz do Dia;;;Meio de Quadra;;;0;0;2;1;0;0;0;0;0;0;0;0;-3,730476000000000;-38,537094000000000
305554;21;4;2017;08:50;25063;RUA ARMANDO MONTEIRO;AV DOS EXPEDICIONARIOS;;0;;Colis?úo Lateral;Luz do Dia;;;Cruz;Pare;Comercial;0;1;1;1;0;0;0;0;0;1;0;0;-3,762230000000000;-38,540372000000000
305556;21;4;2017;11:24;15366;RUA PEREIRA VALENTE;RUA PRO DIAS DA ROCHA;;0;;Colis?úo Lateral;Luz do Dia;;;Cruz;Pare;Comercial;0;0;2;1;0;0;0;0;0;0;0;0;-3,734132000000000;-38,491243000000000
305557;21;4;2017;09:05;5254;RUA JOAO CORDEIRO;RUA PEREIRA FILGUEIRAS;;0;;Colis?úo Lateral;Luz do Dia;;;Cruz;Sem?íforo;Comercial;0;0;2;1;0;0;0;0;0;0;0;0;-3,728001000000000;-38,513877000000000
325707;21;4;2017;20:05;0;RD BR 116;;;7000;KM-07;Colis?úo Lateral;N?úo Informado;;Seca;Meio de Quadra;;;0;0;2;1;0;0;0;0;0;0;0;0;-3,786917000000000;-38,511279000000000
305687;22;4;2017;11:55;0;AV AMERICO BARREIRA;;;5886;;Engavetamento;Luz do Dia;Bom;Seca;Outros;Outros;Comercial;0;0;3;1;0;0;0;0;0;0;0;0;-3,763412000000000;-38,566308900000000
305677;22;4;2017;11:54;9099;AV EDUARDO GIRAO;RUA FRANCOIS T MENEZES;;0;;Colis?úo Lateral;Luz do Dia;Nublado;Molhada;Cruz;Gesto;Residencial;0;0;2;1;0;0;0;0;0;0;0;0;-3,755700000000000;-38,525973000000000
305706;22;4;2017;13:00;0;AV SANTOS DUMONT;;;6350;;Colis?úo Traseira;Luz do Dia;Bom;Seca;Meio de Quadra;Sem?íforo;Comercial;0;1;1;1;0;0;0;0;0;1;0;0;-3,743624000000000;-38,475422000000000
305714;22;4;2017;15:15;17378;RUA ALBERTO MAGNO;RUA ROMEU MARTINS;;0;;Colis?úo Lateral;Amanhecer;Bom;Seca;Cruz;D?¬ Prefer?¬ncia;Comercial;0;0;2;1;0;0;0;0;0;0;0;0;-3,766914000000000;-38,551758000000000
305725;22;4;2017;08:40;24956;AV ALM HENRIQUE SABOIA;AV ENG ALBERTO SA;;0;;Colis?úo Lateral;Luz do Dia;Nublado;Molhada;;N?úo H?í Controle;Residencial;0;2;1;0;0;0;0;0;0;1;0;0;-3,732499000000000;-38,482890000000000
305652;22;4;2017;07:00;22886;RUA BERNARDO MANUEL;RUA INACIO PARENTE;;0;;Colis?úo Frontal;Luz do Dia;Bom;Seca;Cruz;Sem?íforo;Comercial;0;1;1;1;0;0;0;0;0;1;0;0;-3,781268000000000;-38,546074000000000
305669;22;4;2017;09:00;19009;RUA DES WALDETARIO P MOTA;RUA AVILA GOULART;;0;;Colis?úo Lateral;Luz do Dia;Chuva;Molhada;Cruz;Sem?íforo;Residencial;0;1;1;1;0;0;0;0;0;1;0;0;-3,734478000000000;-38,479160000000000
305608;22;4;2017;19:00;0;AV BEIRA MAR;;;2600;;Colis?úo Lateral;Via Iluminada;Bom;Seca;Meio de Quadra;N?úo H?í Controle;Residencial;0;0;2;1;0;0;0;0;0;0;0;0;-3,725592000000000;-38,497359000000000
296241;22;4;2017;00:05;8025;RUA PRO COSTA MENDES;AV JOAO PESSOA;;0;;Colis?úo Transversal;;;;Cruz;Sem?íforo Intermitente;Comercial;1;1;1;1;0;0;0;0;0;1;0;0;-3,752393000000000;-38,549441000000000
319777;22;4;2017;11:30;0;AV SANTOS DUMONT;;;6347;;Colis?úo;Luz do Dia;;;Meio de Quadra;;;0;1;1;1;0;0;0;0;0;1;0;0;-3,743617000000000;-38,475443000000000
319771;22;4;2017;08:48;0;AV 13 DE MAIO;;;733;;Colis?úo;Luz do Dia;;;Meio de Quadra;;;0;1;1;1;0;0;0;0;0;1;0;0;-3,751684000000000;-38,526569000000000
319772;22;4;2017;09:03;11761;AV PRS CASTELO BRANCO;RUA JACINTO MATOS;;0;;Queda;Luz do Dia;;;Cruz;Sem?íforo;Comercial;0;1;0;0;0;0;0;0;0;1;0;0;-3,714630000000000;-38,546333000000000
319773;22;4;2017;10:09;0;AV PERIMETRAL;;;0;;Colis?úo;Luz do Dia;;;Meio de Quadra;;;0;1;1;1;0;0;0;0;0;1;0;0;;
319774;22;4;2017;10:26;0;RUA NOSSA SRA DAS GRACAS;;;1155;;Queda;Luz do Dia;;;Meio de Quadra;;;0;1;0;0;0;0;0;0;0;1;0;0;-3,708075000000000;-38,560418000000000
319775;22;4;2017;10:40;15339;RUA FRE MANSUETO;RUA ANA BILHAR;;0;;Atropelamento;Luz do Dia;;;Cruz;Sem?íforo;Residencial;0;1;1;1;0;0;0;0;0;0;0;0;-3,731552000000000;-38,488841000000000
319779;22;4;2017;12:01;0;AV DEP PAULINO ROCHA;;;46;;Colis?úo;Luz do Dia;;;Meio de Quadra;;;0;1;1;1;0;1;0;0;0;0;0;0;-3,801657000000000;-38,507467000000000
319788;22;4;2017;12:06;0;RUA EDUARDO GARCIA;;;79;;Atropelamento;Luz do Dia;;;Meio de Quadra;;;0;1;1;1;0;0;0;0;0;0;0;0;-3,738496000000000;-38,498076000000000
319789;22;4;2017;12:23;0;RUA ANA GONCALVES;;;655;;Colis?úo;Luz do Dia;;;Meio de Quadra;;;0;1;0;0;0;0;0;0;0;0;0;0;-3,759336000000000;-38,510290000000000
319790;22;4;2017;13:09;0;RUA DAS PITANGUEIRAS;;;107;;Colis?úo;Luz do Dia;;;Meio de Quadra;;;0;1;1;1;0;0;0;0;0;1;0;0;;
319792;22;4;2017;13:19;2955;RUA MARIA JULIA;RUA SAO FRANCISCO D21;;0;;Colis?úo;Luz do Dia;;;Cruz;Pare;Comercial;0;0;2;1;0;0;0;0;0;1;0;0;-3,798608000000000;-38,601633000000000
319794;22;4;2017;14:58;0;AV ENG ALBERTO SA;;;0;;Queda;Luz do Dia;;;Meio de Quadra;;;0;1;0;0;0;1;0;0;0;0;0;0;;
319806;22;4;2017;18:39;0;RUA CEL QUEIROZ;;;318;;Colis?úo;;;;Meio de Quadra;;;0;1;1;1;0;0;0;0;0;1;0;0;;
319807;22;4;2017;19:10;3883;RUA COSTA SOUZA;AV DOS EXPEDICIONARIOS;;0;;Colis?úo;;;;T;Pare;Residencial;0;1;1;1;0;0;0;0;0;1;0;0;-3,747745000000000;-38,535932000000000
319808;22;4;2017;19:47;0;RUA AMELIA BENEBIEN;;;505;;Queda;;;;Meio de Quadra;;;0;1;0;0;0;0;0;0;0;1;0;0;-3,737921000000000;-38,476191000000000
319809;22;4;2017;20:22;0;RUA RAUL UCHOA;;;429;;Queda;;;;Meio de Quadra;;;0;1;0;0;0;0;0;0;0;1;0;0;-3,759541000000000;-38,546683000000000
319810;22;4;2017;20:36;0;AV SGT HERMINIO SAMPAIO;;;0;;Colis?úo;;;;Meio de Quadra;;;0;1;1;0;0;0;0;0;0;1;0;0;;
319811;22;4;2017;20:43;0;RUA CON DE CASTRO;;;4655;;Atropelamento;;;;Meio de Quadra;;;0;1;0;0;0;0;0;0;0;0;0;0;-3,806121000000000;-38,592944000000000
319812;22;4;2017;21:43;0;RUA CEL FABRICIANO;;;1095;;Colis?úo;;;;Meio de Quadra;;;0;1;0;0;0;0;0;0;0;0;0;0;-3,784524000000000;-38,601530000000000
319765;22;4;2017;00:10;0;RUA MIRTES CORDEIRO;;;490;;Atropelamento;;;;Meio de Quadra;;;0;1;0;0;0;0;0;0;0;0;0;0;-3,789892100000000;-38,595925700000000
319766;22;4;2017;05:20;0;RUA MARTINS CARVALHO;;;5475;;Colis?úo;Amanhecer;;;Meio de Quadra;;;0;1;1;1;0;0;0;0;0;1;0;0;;
319767;22;4;2017;07:36;0;RUA ENG LUIS MONTENEGRO;;;56;;Queda;Luz do Dia;;;Meio de Quadra;;;0;1;0;0;0;0;0;0;0;1;0;0;;
319768;22;4;2017;08:20;0;AV DR SILAS MUNGUBA;;;3723;;Queda;Luz do Dia;;;Meio de Quadra;;;0;1;0;0;0;0;0;0;0;1;0;0;-3,790272000000000;-38,540645000000000
319827;22;4;2017;22:04;0;AV PRS CASTELO BRANCO;;;0;;Colis?úo;;;;Meio de Quadra;;;0;1;0;0;0;0;0;0;0;0;0;0;;
319830;22;4;2017;22:06;0;RUA BENTO GONCALVES;;;333;;Colis?úo;;;;Meio de Quadra;;;0;1;1;0;0;0;0;0;0;1;0;0;-3,812058600000000;-38,587807900000000
319833;22;4;2017;22:08;0;RUA MIGUEL GURGEL;;;0;;Queda;;;;Meio de Quadra;;;0;1;0;0;0;0;0;0;0;1;0;0;;
319835;22;4;2017;22:56;7926;AV ANTONIO SALES;RUA BARBOSA DE FREITAS;;0;;Colis?úo;;;;Cruz;Sem?íforo;Comercial;0;2;0;0;0;0;0;0;0;0;0;0;-3,746051000000000;-38,500407000000000
319803;22;4;2017;18:09;0;RD BR 116;;;2000;KM-02;Atropelamento;Anoitecer;;;Meio de Quadra;;;0;2;0;1;0;0;0;0;0;0;0;0;-3,771391000000000;-38,516780000000000
319804;22;4;2017;18:24;0;AV ALBERTO NEPOMUCENO;;;0;;Colis?úo;Anoitecer;;;Meio de Quadra;;;0;1;1;1;0;1;0;0;0;0;0;0;;
319797;22;4;2017;15:47;0;RUA DOM JOAQUIM;;;460;;Colis?úo;Luz do Dia;;;Meio de Quadra;;;0;1;1;0;0;0;1;0;0;1;0;0;-3,727699000000000;-38,517319000000000
319798;22;4;2017;16:44;0;RUA MIGUEL GURGEL;;;0;;Atropelamento;Luz do Dia;;;Meio de Quadra;;;0;1;1;0;0;0;0;0;0;1;0;0;;
319800;22;4;2017;16:44;9034;AV AGUANAMBI;RUA CEL SOLON;;0;;Colis?úo;Luz do Dia;;;Cruz;Pare;Comercial;0;1;1;1;0;1;0;0;0;0;0;0;-3,742854000000000;-38,525818000000000
319801;22;4;2017;17:27;14841;TR REJANE;RUA PDE RODOLFO;;0;;Colis?úo;Anoitecer;;;Cruz;Pare;Residencial;0;1;1;0;0;0;0;0;0;1;0;0;-3,805515000000000;-38,584954000000000
308603;22;4;2017;16:03;0;RUA OSVALDO CRUZ (ALDEOTA);;;1;;Colis?úo Transversal;Luz do Dia;Bom;Seca;Meio de Quadra;;;0;2;2;0;1;0;0;0;0;0;0;0;-3,736573700000000;-38,500560000000000
308585;22;4;2017;12:10;0;AV DEP PAULINO ROCHA;;;40;;Atropelamento;Luz do Dia;Bom;Seca;Outros;N?úo H?í Controle;Comercial;0;1;1;0;0;0;0;0;0;1;0;0;-3,801212300000000;-38,507595000000000
308586;22;4;2017;13:04;1332;AV DOM LUIS;RUA CEL LINHARES;;0;;Colis?úo Lateral;Luz do Dia;Bom;Seca;Cruz;Pare;Comercial;0;0;3;1;0;0;0;0;0;0;0;0;-3,734439800000000;-38,493416000000000
308587;22;4;2017;14:14;0;AV DEP PAULINO ROCHA;;;1341;;Colis?úo Transversal;Luz do Dia;Bom;Seca;Meio de Quadra;N?úo H?í Controle;Comercial;0;1;0;1;0;0;0;0;0;1;0;0;-3,811069500000000;-38,510227000000000
308588;22;4;2017;16:27;1432;AV SEN VIRGILIO TAVORA;AV SANTOS DUMONT;;0;;Colis?úo Transversal;Luz do Dia;Bom;Seca;Cruz;Sem?íforo;Comercial;0;0;2;1;1;0;0;0;0;0;0;0;-3,737664200000000;-38,493520000000000
308589;22;4;2017;17:00;0;RUA DES OTACILIO PEIXOTO;RUA D ESPL CASTELAO;;0;;Colis?úo Transversal;Via Iluminada;Bom;Seca;Cruz;N?úo H?í Controle;Residencial;0;0;2;1;0;0;0;0;0;1;0;0;-3,799782800000000;-38,538464000000000
308590;22;4;2017;18:30;0;AV DR SILAS MUNGUBA;;;4956;;Colis?úo Traseira;Via Iluminada;Bom;Seca;Meio de Quadra;Sem?íforo;Comercial;0;0;2;1;0;0;0;0;0;0;0;0;-3,797171800000000;-38,531555000000000
308591;22;4;2017;19:58;0;AV VICENTE DE CASTRO;;;1087;;Colis?úo Lateral;Anoitecer;Bom;Seca;Cruz;Sem?íforo;Industrial;0;0;2;1;0;0;0;0;0;0;0;0;-3,713765600000000;-38,473145000000000
308592;22;4;2017;19:00;0;AV GOV RAUL BARBOSA;;;900;;Colis?úo Lateral;Via Iluminada;Bom;Seca;Meio de Quadra;N?úo H?í Controle;Comercial;0;0;2;1;0;0;0;0;0;0;0;0;-3,759185600000000;-38,504498000000000
308593;22;4;2017;21:30;3864;AV 13 DE MAIO;RUA LEANDRO MONTEIRO;;0;;Colis?úo Traseira;Via Iluminada;Bom;Seca;T;Sem?íforo;Comercial;0;0;2;1;0;0;0;0;0;0;0;0;-3,744019500000000;-38,535390000000000
308594;22;4;2017;20:40;0;RUA JOSE ACIOLY;;;0;;Colis?úo Frontal;Via Iluminada;Bom;Seca;Meio de Quadra;N?úo H?í Controle;Comercial;0;1;0;0;0;0;0;0;0;1;0;0;-3,733919900000000;-38,589630000000000
308581;22;4;2017;07:09;0;RUA PDE JANUARIO CAMPOS;;;255;;Colis?úo Traseira;Luz do Dia;Chuva;Molhada;Meio de Quadra;N?úo H?í Controle;Residencial;0;0;0;1;0;0;0;0;0;0;0;0;-3,793938600000000;-38,489426000000000