COD_ACIDENTE;DIA;MES;ANO;HORA;INTERSECAO;LOG1;LOG2;LOG3;NUMERO;REFERENCIA;NATUREZA;ILUMINACAO;TEMPO;SUPERFICIEPISTA;TIPOCRUZAMENTO;CONTROLETRAFEGO;USOSOLO;MORTOS;FERIDOS;ILESOS;AUTOMOVEL;ONIBUS;BICICLETA;CAMINHAO;MICROONIBUS;CICLOMOTOR;MOTOCICLETA;TRACAOANIMAL;TREM;LATITUDE;LONGITUDE
308582;22;4;2017;07:30;0;AV JOVITA FEITOSA;;;464;;Colis?úo Traseira;Luz do Dia;Chuva;Molhada;Meio de Quadra;N?úo H?í Controle;Comercial;0;0;2;0;0;0;0;1;0;0;0;0;-3,738009000000000;-38,547855000000000
324400;22;4;2017;11:00;0;AV SEN CARLOS JEREISSATI (AEROPORTO);;;0;;Colis?úo;Luz do Dia;;Molhada;Meio de Quadra;;;0;0;2;1;0;0;0;0;0;0;0;0;;
324405;22;4;2017;11:50;0;RD CE-040;;;0;KM-09;Colis?úo;Luz do Dia;;Molhada;Meio de Quadra;;;0;0;2;1;0;0;0;0;0;0;0;0;-3,834450897000000;-38,482465820000000
324406;22;4;2017;13:10;0;RD CE-040;;;0;KM-08;Colis?úo;Luz do Dia;;Molhada;Meio de Quadra;;;0;0;2;1;0;0;0;0;0;0;0;0;-3,825515822000000;-38,481538320000000
324402;22;4;2017;12:40;0;AV MIN JOSE AMERICO;;;0;CAMBEBA;Colis?úo;Luz do Dia;;Molhada;Meio de Quadra;;;0;0;2;0;0;0;0;1;0;0;0;0;;
324410;22;4;2017;16:00;0;RD CE-040;;;0;KM-06;Colis?úo;Luz do Dia;;Molhada;Meio de Quadra;;;0;0;2;1;0;0;0;0;0;0;0;0;-3,809596804000000;-38,478733480000000
324415;23;4;2017;11:40;0;RD CE-040;;;0;KM-03;Colis?úo;Luz do Dia;;Seca;Meio de Quadra;;;0;0;3;1;0;0;0;0;0;0;0;0;-3,782614325000000;-38,481083900000000
324416;23;4;2017;18:30;0;RD CE-025;;;0;KM-05;Colis?úo;Mal Iluminada;;Seca;Meio de Quadra;;;0;1;0;0;0;0;0;0;0;1;0;0;-3,809573817000000;-38,435948220000000
308595;23;4;2017;07:46;24971;AV ALM HENRIQUE SABOIA;RUA CRUZ ABREU;;0;;Choque c/ Obst?ículo Fixo;Amanhecer;Bom;Seca;Meio de Quadra;N?úo H?í Controle;Residencial;0;0;0;1;0;0;0;0;0;0;0;0;-3,757266000000000;-38,505013000000000
308596;23;4;2017;11:29;10995;RUA 15 DE NOVEMBRO;RUA ALM RUBIM;;0;;Colis?úo Transversal;Luz do Dia;Nublado;Seca;Cruz;Pare;Comercial;0;1;1;1;0;0;0;0;0;0;0;0;-3,738562300000000;-38,519780000000000
308597;23;4;2017;11:00;5500;RUA PDE VALDEVINO;RUA NOGUEIRA ACIOLI;;0;;Colis?úo Transversal;Luz do Dia;Bom;Seca;Cruz;Sem?íforo;Comercial;0;0;2;1;0;0;0;0;0;0;0;0;-3,738558000000000;-38,519806000000000
308598;23;4;2017;11:58;12954;RUA BERNARDO MANUEL;AV PRS COSTA E SILVA;;0;;Colis?úo Traseira;Luz do Dia;Bom;Molhada;Cruz;Sem?íforo;Residencial;0;0;2;1;0;0;0;0;0;0;0;0;-3,821138600000000;-38,558556000000000
308599;23;4;2017;12:10;22353;AV BEZERRA DE MENEZES;AV OLAVO BILAC;;0;;Colis?úo Transversal;Luz do Dia;Bom;Seca;Cruz;Sem?íforo;Comercial;0;1;2;1;0;0;0;0;0;1;0;0;-3,735841300000000;-38,563988000000000
308600;23;4;2017;15:27;15821;AV JOR THOMAZ COELHO;RUA ANGELICA GURGEL;;1;;Colis?úo Frontal;Luz do Dia;Bom;Molhada;T;Pare;Residencial;0;0;2;1;0;0;0;0;0;0;0;0;-3,832537700000000;-38,499096000000000
308601;23;4;2017;14:14;19657;AV BEZERRA DE MENEZES;RUA PRO RAIMUNDO ARRUDA;;0;;Colis?úo Transversal;Luz do Dia;Bom;Seca;Cruz;Sem?íforo;Comercial;0;1;1;1;0;0;0;0;0;1;0;0;-3,733497900000000;-38,552235000000000
308602;23;4;2017;16:15;15423;AV FRE CIRILO;RUA ALBERTO TORRES;;0;;Colis?úo Transversal;Luz do Dia;Bom;Seca;Cruz;Pare;Comercial;0;2;0;0;0;0;0;0;0;1;0;0;-3,816192000000000;-38,498035000000000
308604;23;4;2017;19:20;5448;RUA METON DE ALENCAR;RUA BAR ARATANHA;;0;;Colis?úo Transversal;Via Iluminada;Bom;Seca;Cruz;Pare;Comercial;0;1;1;0;0;0;0;0;0;1;0;0;-3,734794400000000;-38,527073000000000
319839;23;4;2017;03:06;7875;AV SEN VIRGILIO TAVORA;AV PONTES VIEIRA;;0;;Colis?úo;;;;T;Sem?íforo;Comercial;0;1;0;0;0;0;0;0;0;0;0;0;-3,750886000000000;-38,497652000000000
319879;23;4;2017;18:43;0;AV GODOFREDO MACIEL;;;0;;Atropelamento;;;;Meio de Quadra;;;0;1;1;1;0;0;0;0;0;0;0;0;;
319880;23;4;2017;19:21;0;RUA BAR ARATANHA;;;220;;Colis?úo;;;;Meio de Quadra;;;0;1;1;1;0;0;0;0;0;1;0;0;;
319881;23;4;2017;19:29;6112;AV A CJ CEARA;AV F CJ CEARA;;0;;Colis?úo;;;;Cruz;N?úo H?í Controle;Misto;0;1;0;0;0;0;0;0;0;0;0;0;-3,767855000000000;-38,603189000000000
319882;23;4;2017;20:04;0;RUA 1018 CJ CEARA;;;0;;Colis?úo;;;;Meio de Quadra;;;0;1;0;0;0;0;0;0;0;0;0;0;;
319876;23;4;2017;16:07;0;AV DR THEBERGE;;;0;;Colis?úo;Luz do Dia;;;Meio de Quadra;;;0;1;1;1;0;0;0;0;0;1;0;0;;
319877;23;4;2017;16:14;0;RUA JOSE MENDONCA;;;845;;Colis?úo;Luz do Dia;;;Meio de Quadra;;;0;1;0;0;0;0;0;0;0;0;0;0;-3,755841000000000;-38,601950000000000
319869;23;4;2017;14:31;0;AV PERIMETRAL;;;0;;Atropelamento;Luz do Dia;;;Meio de Quadra;;;0;1;1;0;1;0;0;0;0;0;0;0;;
319874;23;4;2017;15:44;0;RUA CANDIDO MAIA;;;294;;Colis?úo;Luz do Dia;;;Meio de Quadra;;;0;1;0;0;0;0;0;0;0;0;0;0;-3,734444100000000;-38,589958100000000
319843;23;4;2017;04:07;0;RD BR 116;;;12000;KM-12;Colis?úo;;;;Meio de Quadra;;;0;1;0;0;0;0;0;0;0;0;0;0;-3,855740000000000;-38,496066000000000
319855;23;4;2017;13:59;0;RD DR MENDEL STEINBRUCH;;;0;;Colis?úo;Luz do Dia;;;Meio de Quadra;;;0;1;1;1;0;0;0;0;0;0;0;0;;
319845;23;4;2017;04:33;0;AV DR SILAS MUNGUBA;;;0;;Atropelamento;;;;Meio de Quadra;;;0;1;1;1;0;0;0;0;0;0;0;0;;
319846;23;4;2017;06:37;0;AV FRE CIRILO;;;4810;;Queda;Luz do Dia;;;Meio de Quadra;;;0;1;0;0;0;0;0;0;0;1;0;0;-3,825645000000000;-38,493800000000000
319847;23;4;2017;11:13;0;RUA 13 DE ABRIL;;;470;;Queda;Luz do Dia;;;Meio de Quadra;;;0;1;0;0;0;0;0;0;0;1;0;0;-3,764416900000000;-38,531087000000000
319850;23;4;2017;13:04;9894;RUA XAVIER DA SILVEIRA;RUA SGT JOAO PINHEIRO;;0;;Colis?úo;Luz do Dia;;;;;Residencial;0;1;1;1;0;0;0;0;0;1;0;0;-3,788664000000000;-38,624427000000000
319851;23;4;2017;13:15;0;AV MR HULL;;;4900;;Queda;Luz do Dia;;;Meio de Quadra;;;0;1;0;0;0;0;0;0;0;1;0;0;-3,739128000000000;-38,588083000000000
319852;23;4;2017;13:47;0;AV GODOFREDO MACIEL;;;0;;Queda;Luz do Dia;;;Meio de Quadra;;;0;1;0;0;0;0;0;0;0;1;0;0;;
319853;23;4;2017;13:54;5127;RUA SEN ALENCAR;RUA GAL SAMPAIO;;0;;Colis?úo;Luz do Dia;;;Cruz;Sem?íforo;Comercial;0;1;1;1;0;0;0;0;0;1;0;0;-3,724192000000000;-38,529984000000000
319858;23;4;2017;14:15;0;AV FRE CIRILO;;;0;;Colis?úo;Luz do Dia;;;;;;0;1;1;0;0;0;0;0;0;1;0;0;;
319884;23;4;2017;20:54;0;RUA MINAS GERAIS;;;1634;;Queda;;;;Meio de Quadra;;;0;1;0;0;0;1;0;0;0;0;0;0;-3,756455000000000;-38,565329000000000
319885;23;4;2017;21:02;0;RUA SETE BARRA;;;13;;Queda;;;;Meio de Quadra;;;0;1;0;0;0;0;0;0;0;1;0;0;;
319886;23;4;2017;21:07;0;AV PERIMETRAL;;;0;;Colis?úo;;;;Meio de Quadra;;;0;2;1;0;0;0;0;0;0;1;0;0;;
305560;23;4;2017;15:00;26091;AV 13 DE MAIO;AV JOSE JATAHY;;0;;Colis?úo Lateral;Luz do Dia;;;Cruz;Sem?íforo;Residencial;0;1;1;1;0;0;0;0;0;1;0;0;;
305562;23;4;2017;22:55;0;AV PRS CASTELO BRANCO;;;1223;;Colis?úo Lateral;;;;Meio de Quadra;;;0;0;2;1;0;0;0;0;0;0;0;0;-3,718204000000000;-38,535199000000000
305565;23;4;2017;14:20;0;RUA JOAQUIM NABUCO;;;1300;;Colis?úo Lateral;Luz do Dia;;;Meio de Quadra;;;0;0;2;1;0;0;0;0;0;0;0;0;-3,736351000000000;-38,501645000000000
305566;23;4;2017;10:50;0;AV DOS EXPEDICIONARIOS;;;4139;;Colis?úo Traseira;Luz do Dia;;;Meio de Quadra;;;0;0;4;1;0;0;0;0;0;0;0;0;-3,754948000000000;-38,538148000000000
305590;24;4;2017;19:00;6850;AV PDE ANTONIO TOMAS;RUA BATISTA DE OLIVEIRA;;0;;Colis?úo Lateral;Via Iluminada;Bom;Seca;Cruz;Outros;Residencial;0;0;2;1;0;0;0;0;0;0;0;0;-3,745906000000000;-38,481947000000000
305575;24;4;2017;14:50;0;RUA MARCOS MACEDO;;;0;;Colis?úo Transversal;Luz do Dia;Nublado;Seca;Meio de Quadra;Pare;Escola;0;0;2;0;0;0;0;0;0;0;0;0;;
305592;24;4;2017;09:13;23458;RUA PAULO FIRMEZA;RUA PRO CARVALHO;;0;;Colis?úo Lateral;Luz do Dia;Chuva;Molhada;Cruz;Pare;Comercial;0;0;2;1;0;0;0;0;0;0;0;0;-3,757232000000000;-38,514078000000000
305601;24;4;2017;17:18;7671;AV JOSE BASTOS;RUA PARAIBA;;0;;Colis?úo Traseira;Luz do Dia;Bom;Seca;Cruz;Pare;Comercial;0;0;2;0;0;0;0;1;0;0;0;0;-3,761294000000000;-38,564955000000000
305602;24;4;2017;23:30;1316;AV SANTOS DUMONT;RUA TIBURCIO CAVALCANTE;;0;;Colis?úo Lateral;Via Iluminada;Bom;Seca;Cruz;Sem?íforo;Outros;0;0;2;1;0;0;0;0;0;0;0;0;-3,734979000000000;-38,502259000000000
305612;24;4;2017;10:00;0;RUA CON DE CASTRO;;;1683;;Colis?úo Frontal;Luz do Dia;Nublado;Seca;Meio de Quadra;Outros;Comercial;0;0;3;1;0;0;0;0;0;0;0;0;-3,785940984000000;-38,574356856000000
305626;24;4;2017;08:30;0;RUA ALM RUBIM;;;1599;;Colis?úo Lateral;Luz do Dia;Chuva;Molhada;Meio de Quadra;N?úo H?í Controle;Comercial;0;0;2;1;1;0;0;0;0;0;0;0;-3,771370000000000;-38,556810000000000
305610;24;4;2017;04:25;15137;RUA ILDEFONSO ALBANO;AV MON TABOSA;;0;;Colis?úo Traseira;Via Iluminada;Chuva;Molhada;Cruz;Sem?íforo;Residencial;0;0;2;1;0;0;0;0;0;0;0;0;-3,724155000000000;-38,510333000000000
305637;24;4;2017;13:10;17410;RUA ALM RUBIM;RUA PRO TEODORICO;;0;;Colis?úo Lateral;Luz do Dia;Bom;Seca;Cruz;Pare;Residencial;0;0;2;1;0;0;0;0;0;0;0;0;-3,767984000000000;-38,555605000000000
305670;24;4;2017;18:20;7816;RUA TIBURCIO CAVALCANTE;RUA MARCONDES PEREIRA;;0;;Colis?úo Traseira;Anoitecer;Bom;Seca;Cruz;Pare;Comercial;0;0;2;0;0;0;0;0;0;0;0;0;-3,749447000000000;-38,506903000000000
305668;24;4;2017;15:20;9124;AV VIS RIO BRANCO;RUA MON SALAZAR;;0;;Atropelamento;Luz do Dia;Bom;Seca;Cruz;Sem?íforo;Comercial;0;1;1;1;0;0;0;0;0;0;0;0;-3,756701000000000;-38,519870000000000
305660;24;4;2017;14:25;2620;RUA JANDIRA;RUA DES HERMES PARAHYBA;;0;;Colis?úo Lateral;Luz do Dia;Bom;Seca;Cruz;Pare;Residencial;0;1;1;1;0;0;0;0;0;1;0;0;-3,714010000000000;-38,586775000000000
305661;24;4;2017;15:06;17359;RUA IRM BAZET;AV PRO GOMES DE MATOS;;0;;Colis?úo Lateral;Luz do Dia;Bom;Seca;Cruz;Sem?íforo;Comercial;0;1;1;0;0;0;0;0;0;1;0;0;-3,766045000000000;-38,549810000000000
305648;24;4;2017;12:20;0;AV JOSE BASTOS;;;3830;;Colis?úo Traseira;Luz do Dia;Nublado;Seca;Meio de Quadra;N?úo H?í Controle;Comercial;0;0;2;1;0;0;0;0;0;0;0;0;-3,751911000000000;-38,552363000000000
305674;24;4;2017;13:30;0;AV FRE CIRILO;;;4186;;Colis?úo Traseira;Luz do Dia;Bom;Seca;Meio de Quadra;N?úo H?í Controle;Comercial;0;0;2;1;0;0;0;1;0;0;0;0;-3,820646000000000;-38,495963000000000
305676;24;4;2017;12:30;0;AV ALM HENRIQUE SABOIA;;;0;;Colis?úo Traseira;Luz do Dia;Nublado;Molhada;Meio de Quadra;Pare;Residencial;0;0;2;1;0;0;1;0;0;0;0;0;;
325708;24;4;2017;06:00;0;RD BR 116;;;300;KM 00;Colis?úo Transversal;Luz do Dia;;Molhada;Meio de Quadra;;;0;1;1;1;0;1;0;0;0;0;0;0;-3,795995900000000;-38,507208800000000
324768;24;4;2017;18:24;5247;AV IMPERADOR;RUA PEDRO PEREIRA;;0;;Colis?úo;Anoitecer;;;Cruz;Sem?íforo;Comercial;0;1;0;1;0;0;0;0;0;1;0;0;-3,727714000000000;-38,534609000000000
324769;24;4;2017;18:33;0;AV GAL OSORIO DE PAIVA;;;7540;;Queda;;;;Meio de Quadra;;;0;1;0;0;0;0;0;0;0;1;0;0;-3,817997000000000;-38,614933000000000
324770;24;4;2017;18:39;22144;RUA PAPI JUNIOR;RUA VALDEMIRO CAVALCANTE;;0;;Colis?úo;;;;Cruz;Pare;Residencial;0;1;0;1;0;0;0;0;0;1;0;0;-3,750624000000000;-38,555983000000000
324771;24;4;2017;19:47;0;RUA STA MARIA GORETE;;;177;;Colis?úo;;;;Meio de Quadra;;;0;1;0;1;0;0;0;0;0;0;0;0;-3,724994000000000;-38,602207000000000
324772;24;4;2017;21:50;0;AV ODILON GUIMARAES;;;0;;Colis?úo;;;;Meio de Quadra;;;0;2;0;1;0;0;0;0;0;1;0;0;;
324775;24;4;2017;22:03;0;AV CONTORNO NORTE D71;;;1200;;Queda;;;;Meio de Quadra;;;0;1;0;0;0;0;0;0;0;1;0;0;-3,813872000000000;-38,587752000000000
324776;24;4;2017;22:47;0;RUA STA MARLUCIA;;;643;;Queda;;;;Meio de Quadra;;;0;1;0;0;0;0;0;0;0;1;0;0;;
324732;24;4;2017;07:57;0;AV MIGUEL DIAS;;;320;;Colis?úo;Luz do Dia;;;;;;0;2;0;1;0;0;0;0;0;1;0;0;-3,759968500000000;-38,488231100000000
324733;24;4;2017;08:29;0;RUA DO CRATO;;;1614;;Colis?úo;Luz do Dia;;;Meio de Quadra;;;0;1;0;1;0;0;0;0;0;1;0;0;-3,722290138000000;-38,563541180000000
324734;24;4;2017;10:05;19667;RUA DOM LINO;AV BEZERRA DE MENEZES;;0;;Queda;Luz do Dia;;;;;;0;1;0;0;0;0;0;0;0;1;0;0;-3,734232000000000;-38,557568000000000
324735;24;4;2017;10:15;0;RUA URUBURETAMA;;;570;;Queda;Luz do Dia;;;Meio de Quadra;;;0;1;0;0;0;1;0;0;0;0;0;0;-3,762376000000000;-38,544385000000000
324740;24;4;2017;11:15;0;AV GOV RAUL BARBOSA;;;0;;Colis?úo;Luz do Dia;;;Meio de Quadra;;;0;1;0;1;0;0;0;0;0;1;0;0;;
324741;24;4;2017;11:20;25447;RUA HOLANDA;RUA FRANCISCO GLICERIO;;0;;Colis?úo;Luz do Dia;;;T;Pare;Comercial;0;1;0;1;0;0;0;0;0;0;0;0;-3,798266000000000;-38,562214000000000
324738;24;4;2017;10:33;0;RUA MARIA JULIA;;;655;;Colis?úo;Luz do Dia;;;Meio de Quadra;;;0;1;0;1;0;0;0;0;0;1;0;0;-3,808395700000000;-38,607871500000000
324745;24;4;2017;12:25;0;AV DUQ CAXIAS;;;0;;Atropelamento;Luz do Dia;;;Meio de Quadra;;;0;1;0;0;1;0;0;0;0;0;0;0;;
324748;24;4;2017;13:16;0;RUA DR JOAQUIM BENTO;;;744;;Colis?úo;Luz do Dia;;;Meio de Quadra;;;0;1;0;1;0;0;0;0;0;1;0;0;;
324749;24;4;2017;13:21;0;RUA CON DE CASTRO;;;4209;;Colis?úo;Luz do Dia;;;Meio de Quadra;;;0;1;0;1;0;0;0;0;0;1;0;0;-3,802592800000000;-38,589859100000000
324750;24;4;2017;13:29;2620;RUA DES HERMES PARAHYBA;RUA JANDIRA;;0;;Colis?úo;Luz do Dia;;;Cruz;Pare;Residencial;0;1;0;1;0;0;0;0;0;1;0;0;-3,714010000000000;-38,586775000000000
324752;24;4;2017;13:29;5673;AV JOSE LEON;RUA ATAULFO ALVES;;0;;Colis?úo;Luz do Dia;;;;;;0;1;0;1;0;0;0;0;0;1;0;0;-3,788597000000000;-38,498726000000000
324759;24;4;2017;16:05;0;RUA AFONSO LOPES;;;65;;Colis?úo;Luz do Dia;;;Meio de Quadra;;;0;1;0;1;0;0;0;0;0;1;0;0;-3,786593773000000;-38,546523799000000
324761;24;4;2017;16:32;5458;RUA BARBARA DE ALENCAR;RUA RODRIGUES JUNIOR;;0;;Colis?úo;Luz do Dia;;;Cruz;Pare;Comercial;0;1;0;1;0;0;0;0;0;1;0;0;-3,735343000000000;-38,522156000000000
324763;24;4;2017;16:37;0;RUA CATOLE;;;2400;;Queda;Luz do Dia;;;Meio de Quadra;;;0;1;0;0;0;1;0;0;0;0;0;0;-3,850550000000000;-38,521347000000000
324766;24;4;2017;17:15;0;VL SAO BENEDITO;;;951;;Colis?úo;Anoitecer;;;Meio de Quadra;;;0;1;0;0;0;0;0;0;0;0;0;0;-3,801841400000000;-38,460359100000000
308605;24;4;2017;01:33;0;AV RUI BARBOSA;;;671;;Colis?úo Transversal;Via Iluminada;Chuva;Molhada;Cruz;Sem?íforo;Residencial;0;0;1;1;0;0;0;0;0;1;0;0;-3,728728500000000;-38,506886000000000
308606;24;4;2017;05:35;17370;RUA BAR SOBRAL;RUA ALM RUBIM;;0;;Colis?úo Lateral;Amanhecer;Chuva;Molhada;Cruz;Pare;Residencial;0;0;2;1;1;0;0;0;0;0;0;0;-3,766629200000000;-38,554924000000000
308607;24;4;2017;03:30;1358;AV SANTOS DUMONT;AV DES MOREIRA;;0;;Colis?úo Transversal;Via Iluminada;Chuva;Molhada;Cruz;Sem?íforo;Comercial;0;1;2;1;0;0;0;0;0;0;0;0;-3,740356200000000;-38,499577000000000
308608;24;4;2017;09:12;4224;RUA BERNARDO PORTO;RUA ARISTOTELES BEZERRA;;0;;Colis?úo Transversal;Luz do Dia;Chuva;Molhada;Cruz;N?úo H?í Controle;Residencial;0;0;2;1;0;0;0;0;0;0;0;0;-3,719515000000000;-38,557434000000000
308609;24;4;2017;08:30;1587;RUA PRO DIAS DA ROCHA;RUA CAROLINA SUCUPIRA;;0;;Atropelamento;Luz do Dia;Chuva;Molhada;Cruz;Pare;Comercial;0;1;1;1;0;0;0;0;0;0;0;0;-3,743132600000000;-38,493954000000000
308610;24;4;2017;10:08;0;AV 13 DE MAIO;;;160;;Colis?úo Traseira;Luz do Dia;Chuva;Molhada;Meio de Quadra;N?úo H?í Controle;Comercial;0;1;3;1;0;0;0;0;0;1;0;0;-3,753699800000000;-38,521780000000000
308611;24;4;2017;07:00;14467;RUA JOAO TOME;RUA HENRIQUE AUTRAN;;0;;Colis?úo Lateral;Luz do Dia;Chuva;Molhada;Cruz;Pare;Residencial;0;0;2;1;0;0;0;0;0;1;0;0;-3,727565500000000;-38,547100000000000
308613;24;4;2017;07:24;0;AV JOR THOMAZ COELHO;;;1578;;Colis?úo Traseira;Luz do Dia;Chuva;Molhada;Meio de Quadra;N?úo H?í Controle;Comercial;0;1;1;0;0;0;0;0;0;1;0;0;-3,829826800000000;-38,509320000000000
308614;24;4;2017;11:06;25325;AV PRS COSTA E SILVA;AV JOAO DE ARAUJO LIMA;;0;;Colis?úo Traseira;Luz do Dia;Chuva;Molhada;Cruz;Sem?íforo;Residencial;0;0;2;1;1;0;0;0;0;0;0;0;-3,821380400000000;-38,558422000000000
308615;24;4;2017;13:33;22940;RUA BERNARDO MANUEL;RUA JAPI;;0;;Colis?úo Transversal;Luz do Dia;Bom;Seca;Cruz;Pare;Comercial;0;1;0;1;0;0;0;0;0;1;0;0;-3,784006400000000;-38,546770000000000
308616;24;4;2017;15:33;0;AV DOM LUIS;;;1040;;Colis?úo Traseira;Luz do Dia;Bom;Seca;Meio de Quadra;N?úo H?í Controle;Comercial;0;0;2;1;0;0;0;0;0;0;0;0;-3,735123600000000;-38,492000000000000
308617;24;4;2017;18:20;26263;RUA MARIA ALICE FERRAZ;RUA LUIZA MIRANDA COELHO;;0;;Colis?úo Transversal;Via Iluminada;Nublado;Molhada;Cruz;N?úo H?í Controle;Residencial;0;0;2;1;0;0;0;0;0;1;0;0;-3,773744800000000;-38,491165000000000
308618;24;4;2017;18:08;25226;AV GAL OSORIO DE PAIVA;RUA JARDIM FLUMINENSE;;0;;Colis?úo Lateral;Mal Iluminada;Nublado;Seca;T;Pare;Comercial;0;0;2;1;0;0;0;0;0;0;0;0;-3,767397400000000;-38,569790000000000
308619;24;4;2017;20:20;14967;AV GODOFREDO MACIEL;RUA JULIO ALCIDES;;0;;Colis?úo Transversal;Via Iluminada;Bom;Seca;T;N?úo H?í Controle;Comercial;0;0;2;1;0;0;0;0;0;0;0;0;-3,787750200000000;-38,566690000000000
308620;24;4;2017;21:29;0;AV JOSE BASTOS;;;6480;CASA DO FORRO;Colis?úo Lateral;Via Iluminada;Bom;Seca;Outros;Pare;Comercial;0;1;1;1;0;0;0;0;0;0;0;0;-3,767399800000000;-38,569710000000000
308621;24;4;2017;21:57;0;AV 13 DE MAIO;;;0;;Colis?úo Lateral;Via Iluminada;Nublado;Seca;Meio de Quadra;Sem?íforo;Comercial;0;0;2;1;1;0;0;0;0;0;0;0;-3,751959800000000;-38,526127000000000
308630;24;4;2017;14:10;0;AV BEZERRA DE MENEZES;;;2571;;Colis?úo Traseira;Luz do Dia;Bom;Seca;Meio de Quadra;N?úo H?í Controle;Comercial;0;0;2;1;0;0;0;0;0;0;0;0;-3,736415400000000;-38,567604000000000
308644;24;4;2017;18:35;17416;RUA EDITE BRAGA;RUA ELVIRA PINHO;;0;;Colis?úo Transversal;Via Iluminada;Bom;Seca;Cruz;Pare;Residencial;0;0;2;1;0;0;0;0;0;0;0;0;-3,753045000000000;-38,595920000000000
308668;24;4;2017;17:07;0;AV ALBERTO CRAVEIRO;;;1137;;Colis?úo Traseira;Luz do Dia;Bom;Seca;Meio de Quadra;N?úo H?í Controle;Residencial;0;0;2;1;1;0;0;0;0;0;0;0;-3,789106400000000;-38,516980000000000
324417;24;4;2017;;0;AV SEN CARLOS JEREISSATI (AEROPORTO);;;0;KM 02;Colis?úo;Via Iluminada;;Molhada;Meio de Quadra;;;0;0;2;1;0;0;1;0;0;0;0;0;-3,782194000000000;-38,535424000000000
324425;24;4;2017;13:30;0;AV MIN JOSE AMERICO;;;1000;;Colis?úo;Luz do Dia;;Seca;Meio de Quadra;;;0;0;2;1;0;0;0;0;0;0;0;0;-3,809107800000000;-38,490601700000000
324419;24;4;2017;15:20;0;AV SEN CARLOS JEREISSATI (AEROPORTO);;;0;KM 02;Colis?úo;Luz do Dia;;Seca;Meio de Quadra;;;0;0;2;1;0;0;0;0;0;0;0;0;-3,782194000000000;-38,535424000000000
324623;24;4;2017;05:52;0;AV AGUANAMBI;;;0;;Colis?úo;Amanhecer;;;Meio de Quadra;;;0;1;0;1;0;1;0;0;0;0;0;0;;
324627;24;4;2017;06:01;0;AV ENG HUMBERTO MONTE;;;0;;Colis?úo;Luz do Dia;;;Meio de Quadra;;;0;1;0;0;0;0;0;0;0;0;0;0;;
324582;24;4;2017;00:06;15269;RUA TEN BENEVOLO;AV RUI BARBOSA;;0;;Colis?úo;;;;Cruz;Sem?íforo;Residencial;0;1;0;1;0;0;0;0;0;1;0;0;-3,728685000000000;-38,507048000000000
324638;24;4;2017;07:05;0;AV GODOFREDO MACIEL;;;1152;;Colis?úo;Luz do Dia;;;Meio de Quadra;;;0;1;0;0;0;0;0;0;0;0;0;0;-3,785651000000000;-38,566551000000000
324642;24;4;2017;07:16;0;AV PRS COSTA E SILVA;;;1590;;Colis?úo;Luz do Dia;;;Meio de Quadra;;;0;1;0;0;0;0;1;0;0;1;0;0;;
324428;25;4;2017;17:30;0;RD CE-040;;;0;KM-04;Colis?úo;Anoitecer;;Seca;Meio de Quadra;;;0;0;2;1;0;0;0;0;0;0;0;0;-3,791613156000000;-38,480330840000000
324435;25;4;2017;21:00;0;RD CE-060;;;0;KM-02;Colis?úo;Via Iluminada;;Seca;Meio de Quadra;;;0;4;0;0;0;0;0;0;0;1;0;0;-3,834064000000000;-38,582111000000000
324437;25;4;2017;10:00;0;RD CE-040;;;0;KM-08;Colis?úo;Luz do Dia;;Seca;Meio de Quadra;;;0;0;2;1;0;0;0;0;0;0;0;0;-3,825515822000000;-38,481538320000000
324439;25;4;2017;14:43;0;AV SEN CARLOS JEREISSATI (AEROPORTO);;;0;KM 01;Colis?úo;Luz do Dia;;Seca;Meio de Quadra;;;0;0;2;1;0;0;1;0;0;0;0;0;-3,783753000000000;-38,526850000000000
308666;25;4;2017;15:00;23376;RUA BARROS LEAL;RUA EDUARDO BEZERRA;;0;;Colis?úo Transversal;Luz do Dia;Bom;Seca;T;N?úo H?í Controle;Residencial;0;1;1;0;0;0;0;0;0;1;0;0;-3,754374700000000;-38,519028000000000
308645;25;4;2017;16:07;7790;AV DES MOREIRA;RUA JULIO SIQUEIRA;;0;;Colis?úo Lateral;Luz do Dia;Bom;Seca;T;N?úo H?í Controle;Comercial;0;0;2;1;0;0;0;0;0;0;0;0;-3,751275500000000;-38,503597000000000
308646;25;4;2017;16:17;9227;RUA MARIO MAMEDE;RUA JAIME BENEVOLO;;0;;Colis?úo Lateral;Luz do Dia;Bom;Seca;Cruz;Sem?íforo;Residencial;0;0;2;1;0;0;0;0;0;0;0;0;-3,749184800000000;-38,531525000000000
308647;25;4;2017;16:20;0;RUA TOMAS RODRIGUES;;;219;;Colis?úo Lateral;Luz do Dia;Bom;Seca;T;N?úo H?í Controle;Residencial;0;0;2;1;0;0;0;0;0;0;0;0;-3,739003700000000;-38,594060000000000
308648;25;4;2017;18:00;9072;AV VIS RIO BRANCO;AV PONTES VIEIRA;;0;;Colis?úo Lateral;Anoitecer;Bom;Seca;Cruz;Sem?íforo;Comercial;0;0;2;1;0;0;0;0;0;0;0;0;-3,753263000000000;-38,520676000000000