COD_ACIDENTE;DIA;MES;ANO;HORA;INTERSECAO;LOG1;LOG2;LOG3;NUMERO;REFERENCIA;NATUREZA;ILUMINACAO;TEMPO;SUPERFICIEPISTA;TIPOCRUZAMENTO;CONTROLETRAFEGO;USOSOLO;MORTOS;FERIDOS;ILESOS;AUTOMOVEL;ONIBUS;BICICLETA;CAMINHAO;MICROONIBUS;CICLOMOTOR;MOTOCICLETA;TRACAOANIMAL;TREM;LATITUDE;LONGITUDE
308649;25;4;2017;19:44;0;AV PRS CASTELO BRANCO;;;2436;;Engavetamento;Via Iluminada;Bom;Seca;Meio de Quadra;N?úo H?í Controle;Residencial;0;0;3;1;0;0;0;0;0;0;0;0;-3,713356700000000;-38,549477000000000
308663;25;4;2017;07:10;0;AV C CJ CEARA;AV G CJ CEARA;;1;;Colis?úo Transversal;Luz do Dia;Bom;Seca;T;Pare;Comercial;0;0;1;1;0;0;0;0;0;0;0;0;-3,747085600000000;-38,564400000000000
308675;25;4;2017;08:45;2830;AV GAL OSORIO DE PAIVA;RUA OSCAR FRANCA;;1;;Colis?úo Transversal;Luz do Dia;Bom;Seca;T;Sem?íforo;Comercial;0;1;1;0;1;0;0;0;0;1;0;0;-3,794742300000000;-38,592525000000000
308631;25;4;2017;06:45;0;RUA DOM SEBASTIAO LEME;RUA CARLOS RIBEIRO;;0;;Colis?úo Transversal;Luz do Dia;Bom;Seca;;;;0;2;1;1;0;0;0;0;0;1;0;0;-3,746500000000000;-38,526110000000000
308632;25;4;2017;07:50;1306;RUA TORRES CAMARA;RUA MON BRUNO;;0;;Colis?úo Transversal;Luz do Dia;Bom;Seca;Cruz;Pare;Comercial;0;0;2;1;0;0;0;0;0;0;0;0;-3,734665400000000;-38,510090000000000
308633;25;4;2017;08:28;5318;RUA PDE IBIAPINA;RUA GAL CLARINDO DE QUEIROZ;;0;;Colis?úo Transversal;Luz do Dia;Bom;Seca;Cruz;Pare;Comercial;0;1;1;0;1;0;0;0;0;1;0;0;-3,729385600000000;-38,540054000000000
308634;25;4;2017;09:25;5357;RUA MAJ FACUNDO;RUA PEDRO I;;0;;Colis?úo Transversal;Luz do Dia;Bom;Seca;Cruz;Pare;Comercial;0;0;2;1;0;0;0;0;0;0;0;0;-3,731217000000000;-38,528904000000000
308635;25;4;2017;09:47;0;RUA IRM BAZET;;;150;;Colis?úo Transversal;Luz do Dia;Bom;Seca;Meio de Quadra;N?úo H?í Controle;Residencial;0;0;1;1;0;0;0;0;0;0;0;0;-3,760949900000000;-38,556040000000000
308636;25;4;2017;09:40;7810;RUA JOAQUIM NABUCO;RUA LIVIO BARRETO;;0;;Colis?úo Transversal;Luz do Dia;Bom;Seca;Cruz;Pare;Residencial;0;0;2;1;0;0;0;0;0;0;0;0;-3,769024800000000;-38,539158000000000
308637;25;4;2017;10:50;25522;RUA ELISEU UCHOA BECCO;RUA CARLOTA PINHEIRO;;0;;Colis?úo Transversal;Luz do Dia;Bom;Seca;Meio de Quadra;N?úo H?í Controle;Comercial;0;0;2;1;0;0;0;0;0;0;0;0;-3,762203200000000;-38,486164000000000
308638;25;4;2017;09:56;17311;RUA ROMEU MARTINS;RUA JOAO FIRMINO;;0;;Colis?úo Transversal;Luz do Dia;Bom;Seca;Cruz;Pare;Residencial;0;0;2;0;0;0;0;0;0;1;0;0;-3,764279000000000;-38,555668000000000
308639;25;4;2017;11:00;0;AV DOMINGOS OLIMPIO;RUA GERONIMO BRIGIDO;;0;;Colis?úo Transversal;Luz do Dia;Bom;Seca;;;;0;0;2;1;0;0;0;0;0;1;0;0;-3,733380000000000;-38,543472000000000
308640;25;4;2017;13:32;0;AV DOMINGOS OLIMPIO;;;1589;;Colis?úo Transversal;Luz do Dia;Bom;Seca;Cruz;Sem?íforo;Comercial;0;0;1;0;0;0;0;0;0;1;0;0;-3,734276500000000;-38,537830000000000
308641;25;4;2017;13:33;577;AV DR THEBERGE;AV FRANCISCO SA;;0;;Colis?úo Lateral;Luz do Dia;Bom;Seca;Cruz;Sem?íforo;Comercial;0;0;2;1;0;0;0;0;0;0;0;0;-3,715988200000000;-38,565290000000000
308643;25;4;2017;13:31;24988;RUA FRE MANSUETO;RUA TAVARES COUTINHO;;0;;Colis?úo Transversal;Luz do Dia;Bom;Seca;Cruz;Sem?íforo;Comercial;0;2;0;0;0;0;0;0;0;1;0;0;-3,732739000000000;-38,488758000000000
308651;25;4;2017;18:20;19081;RUA EDUARDO SABOIA;RUA DES WALDETARIO P MOTA;;0;;Colis?úo Lateral;Via Iluminada;Bom;Seca;Cruz;Pare;Comercial;0;0;1;1;1;0;0;0;0;0;0;0;-3,737609000000000;-38,480760000000000
308652;25;4;2017;21:05;25053;AV ODILON GUIMARAES;AV PRO JOSE ARTHUR CARVALHO;;0;;Colis?úo;Via Iluminada;Bom;Seca;Y;N?úo H?í Controle;Misto;0;0;2;1;0;0;0;0;0;1;0;0;-3,825563200000000;-38,479540000000000
308622;25;4;2017;07:27;16039;AV PRS COSTA E SILVA;RUA CEL TIBURCIO;;0;;Colis?úo Traseira;Luz do Dia;Bom;Seca;Cruz;Sem?íforo;Comercial;0;0;2;1;0;0;0;0;0;0;0;0;-3,811995700000000;-38,573790000000000
308623;25;4;2017;08:02;5451;AV DOM MANUEL;RUA BARBARA DE ALENCAR;;0;MOTEL NETUNO;Colis?úo Traseira;Luz do Dia;Bom;Seca;Cruz;Sem?íforo;Comercial;0;0;2;1;1;0;0;0;0;0;0;0;-3,735424800000000;-38,523453000000000
308626;25;4;2017;08:04;3320;RUA VIRIATO RIBEIRO;RUA ARGENTINA;;0;;Colis?úo Lateral;Luz do Dia;Bom;Seca;Cruz;Pare;Residencial;0;0;1;1;0;0;0;0;0;0;0;0;-3,747093700000000;-38,564274000000000
308627;25;4;2017;08:10;15370;AV SEN VIRGILIO TAVORA;AV DOM LUIS;;0;;Atropelamento;Luz do Dia;Bom;Seca;Cruz;Sem?íforo;Comercial;0;1;1;1;0;0;0;0;0;0;0;0;-3,734993500000000;-38,492695000000000
308628;25;4;2017;08:18;0;RUA SOLON PINHEIRO;;;1261;;Queda;Luz do Dia;Bom;Seca;Meio de Quadra;N?úo H?í Controle;Residencial;0;0;1;0;0;0;0;0;0;0;0;0;-3,741224000000000;-38,529880000000000
308629;25;4;2017;08:26;9033;RUA CEL SOLON;RUA DOM SEBASTIAO LEME;;0;;Colis?úo Transversal;Luz do Dia;Bom;Seca;Cruz;Pare;Residencial;0;0;2;1;0;0;0;0;0;0;0;0;-3,742879900000000;-38,526768000000000
324784;25;4;2017;07:38;0;AV MAE LISBOA;;;2279;;Colis?úo;Luz do Dia;;;Meio de Quadra;;;0;1;0;1;0;0;0;0;0;1;0;0;-3,807236000000000;-38,459389000000000
324787;25;4;2017;07:48;0;AV ROGACIANO LEITE;;;2521;;Colis?úo;Luz do Dia;;;Meio de Quadra;;;0;1;0;0;0;0;0;0;0;1;0;0;-3,779269000000000;-38,501327000000000
324793;25;4;2017;10:23;0;RUA DES JOSE GIL DE CARVALHO;;;341;;Queda;Luz do Dia;;;Meio de Quadra;;;0;1;0;0;0;1;0;0;0;0;0;0;-3,801970000000000;-38,491082000000000
324803;25;4;2017;11:23;0;AV DEP PAULINO ROCHA;;;2052;;Colis?úo;Luz do Dia;;;Meio de Quadra;;;0;1;0;0;0;0;0;0;0;1;0;0;-3,810891000000000;-38,516364000000000
324801;25;4;2017;11:01;0;AV JOSE LEON;;;2445;;Colis?úo;Luz do Dia;;;Meio de Quadra;;;0;1;0;1;0;0;0;0;0;1;0;0;-3,790766000000000;-38,489632000000000
324807;25;4;2017;12:45;14787;RUA MANUEL DA NOBREGA;RUA JOAO AMORA;;0;;Colis?úo;Luz do Dia;;;;;;0;1;0;1;0;0;0;0;0;1;0;0;-3,799715000000000;-38,584006000000000
324811;25;4;2017;13:13;0;RUA JOSE VILAR;;;500;;Colis?úo;Luz do Dia;;;Meio de Quadra;;;0;1;0;1;0;0;0;0;0;1;0;0;-3,729476000000000;-38,502627000000000
324824;25;4;2017;13:44;0;RUA COS LAFAYETE;;;1046;;Colis?úo;Luz do Dia;;;Meio de Quadra;;;0;1;0;1;0;0;0;0;0;1;0;0;-3,717548000000000;-38,587576000000000
324825;25;4;2017;13:45;0;RUA AZEVEDO BOLAO;;;1928;CH. ORDONES;Queda;Luz do Dia;;;Meio de Quadra;;;0;1;0;0;0;0;0;0;0;1;0;0;-3,737554000000000;-38,562041000000000
324828;25;4;2017;14:12;0;RUA JOSE HIPOLITO;;;790;;Queda;Luz do Dia;;;Meio de Quadra;;;0;1;0;0;0;0;0;0;0;1;0;0;-3,834312000000000;-38,488883000000000
324829;25;4;2017;14:17;0;AV SANTOS DUMONT;;;1510;;Colis?úo;Luz do Dia;;;Meio de Quadra;;;0;1;0;0;0;0;0;0;0;1;0;0;-3,732277000000000;-38,510479000000000
324830;25;4;2017;14:25;0;RUA JOSE VILAR;;;500;;Colis?úo;Luz do Dia;;;Meio de Quadra;;;0;1;0;1;0;0;0;0;0;1;0;0;-3,729476000000000;-38,502627000000000
324831;25;4;2017;15:03;0;RUA CEL JUCA;;;155;;Colis?úo;Luz do Dia;;;Meio de Quadra;;;0;1;0;1;0;0;0;0;0;1;0;0;-3,732571000000000;-38,489687000000000
324822;25;4;2017;13:42;0;RUA LAURO MAIA;;;977;;Colis?úo;Luz do Dia;;;Meio de Quadra;;;0;1;0;1;0;0;0;0;0;1;0;0;-3,748117000000000;-38,522719000000000
324833;25;4;2017;15:09;0;AV CONTORNO OESTE D71;;;195;;Colis?úo;Luz do Dia;;;Meio de Quadra;;;0;1;0;0;0;0;0;0;0;1;0;0;-3,810310000000000;-38,593177000000000
324835;25;4;2017;15:38;0;AV GODOFREDO MACIEL;;;4015;;Colis?úo;Luz do Dia;;;Meio de Quadra;;;0;1;0;1;0;0;0;0;0;1;0;0;-3,810009000000000;-38,574153000000000
324838;25;4;2017;15:50;0;RUA DES LEITE ALBUQUERQUE;;;1111;;Colis?úo;Luz do Dia;;;Meio de Quadra;;;0;1;0;1;0;0;0;0;0;1;0;0;-3,739151000000000;-38,492744000000000
324840;25;4;2017;15:56;0;AV LINEU MACHADO;;;426;;Atropelamento;Luz do Dia;;;Meio de Quadra;;;0;1;0;0;0;0;0;0;0;1;0;0;-3,764077000000000;-38,575941000000000
324842;25;4;2017;16:14;12699;AV MAJ ASSIS;AV CEL CARVALHO;;0;;Colis?úo;Luz do Dia;;;Cruz;Sem?íforo;Comercial;0;1;0;0;0;0;0;0;0;0;0;0;-3,723796000000000;-38,586255000000000
324844;25;4;2017;17:17;0;AV GODOFREDO MACIEL;;;4015;;Atropelamento;Anoitecer;;;Meio de Quadra;;;0;1;0;0;0;0;0;0;0;1;0;0;-3,810009000000000;-38,574153000000000
324845;25;4;2017;17:33;0;AV JOSE BASTOS;;;5244;;Atropelamento;Anoitecer;;;Meio de Quadra;;;0;1;0;0;0;0;0;0;0;1;0;0;-3,758305000000000;-38,562924000000000
324847;25;4;2017;17:34;0;AV JOSE BASTOS;;;4400;CENTER BOX;Atropelamento;Anoitecer;;;Meio de Quadra;;;0;1;0;0;0;0;0;0;0;1;0;0;-3,755030000000000;-38,555506000000000
324849;25;4;2017;17:40;0;AV PRS CASTELO BRANCO;;;2931;;Colis?úo;Anoitecer;;;Meio de Quadra;;;0;1;0;0;0;0;0;0;0;0;0;0;-3,712058000000000;-38,554502000000000
324851;25;4;2017;17:47;3827;RUA JUVENAL GALENO;TR 8 DE MAIO;;0;;Colis?úo;Anoitecer;;;;;;0;1;0;0;0;0;0;0;0;0;0;0;-3,740879000000000;-38,536985000000000
324852;25;4;2017;18:44;0;AV PRS COSTA E SILVA;;;2067;;Colis?úo;;;;Meio de Quadra;;;0;1;0;1;0;0;0;0;0;1;0;0;-3,818898000000000;-38,562983000000000
324854;25;4;2017;19:05;0;AV CASTELO DE CASTRO;;;655;;Colis?úo;;;;Meio de Quadra;;;0;1;0;0;0;0;0;0;0;1;0;0;-3,835157200000000;-38,521566200000000
324858;25;4;2017;20:39;0;AV GAL OSORIO DE PAIVA;;;1127;;Colis?úo;;;;Meio de Quadra;;;0;1;0;0;0;0;0;0;0;0;0;0;-3,779151000000000;-38,572090000000000
324867;25;4;2017;22:16;3819;RUA JUVENAL GALENO;AV CARAPINIMA;;0;;Colis?úo;;;;Cruz;Sem?íforo;Comercial;0;1;0;0;0;0;0;0;0;0;0;0;-3,738998000000000;-38,539176000000000
325742;25;4;2017;06:40;0;RD BR 020;;;300;KM 421;Colis?úo Lateral;Luz do Dia;;Seca;Meio de Quadra;;;0;1;1;1;0;0;0;0;0;1;0;0;;
305623;25;4;2017;07:45;2822;AV GAL OSORIO DE PAIVA;RUA OSCAR ARARIPE;;0;;Colis?úo Lateral;Luz do Dia;;;T;Sem?íforo;Comercial;0;0;2;1;0;0;1;0;0;0;0;0;-3,794165000000000;-38,591823000000000
305627;25;4;2017;11:10;9613;RUA PAULINO ROCHA D32;RUA MARTINS CARVALHO;;0;;Colis?úo Transversal;Luz do Dia;;;Cruz;N?úo H?í Controle;Residencial;0;0;2;0;0;0;1;0;0;1;0;0;-3,788964000000000;-38,626078000000000
305613;25;4;2017;09:46;0;AV AUGUSTO DOS ANJOS;;;192;;Atropelamento;Luz do Dia;;;Meio de Quadra;;;0;2;0;0;0;0;0;0;0;1;0;0;-3,770854000000000;-38,570784000000000
305607;25;4;2017;13:50;7694;RUA RIO GRANDE DO NORTE;RUA RIO GRANDE DO SUL;;0;;Colis?úo Traseira;Luz do Dia;;;Cruz;Pare;Residencial;0;0;2;1;0;0;0;0;0;0;0;0;-3,758617000000000;-38,567559000000000
305605;25;4;2017;10:20;0;AV DR SILAS MUNGUBA;;;2672;;Colis?úo Lateral;Luz do Dia;;;Meio de Quadra;;;0;0;2;1;0;0;0;0;0;0;0;0;-3,786583000000000;-38,549801000000000
305609;25;4;2017;17:30;12440;AV AUGUSTO DOS ANJOS;ET PICI;;0;;Colis?úo Lateral;Anoitecer;;;;;;0;0;2;1;0;0;0;0;0;0;0;0;-3,771936000000000;-38,571749000000000
305615;25;4;2017;14:00;0;AV JOR THOMAZ COELHO;;;576;;Colis?úo;Luz do Dia;;;Meio de Quadra;;;0;1;1;0;0;0;0;1;0;1;0;0;-3,832329300000000;-38,501020400000000
305619;25;4;2017;20:10;0;RUA PDE VALDEVINO;;;1066;;Colis?úo Traseira;;;;Meio de Quadra;;;0;0;3;1;0;0;0;0;0;0;0;0;-3,739881000000000;-38,514457000000000
305593;25;4;2017;11:18;0;AV TRISTAO GONCALVES;;;609;;Colis?úo Lateral;Luz do Dia;;;Meio de Quadra;;;0;0;2;0;1;0;0;0;0;0;0;0;-3,727041000000000;-38,533179000000000
305594;25;4;2017;22:58;15342;RUA OSVALDO CRUZ (ALDEOTA);RUA PEREIRA VALENTE;;0;;Colis?úo Frontal;;;;Cruz;Pare;Residencial;0;1;1;0;0;0;0;0;0;1;0;0;-3,731621000000000;-38,499032000000000
305576;25;4;2017;;0;RUA HONORINA MAIA;;;774;;Colis?úo Lateral;;;;Meio de Quadra;;;0;1;1;0;0;0;1;0;0;1;0;0;;
305578;25;4;2017;09:00;19957;AV LUCIANO CARNEIRO;RUA STA QUITERIA;;0;;Colis?úo;Luz do Dia;;;Cruz;Sem?íforo;Comercial;0;1;1;1;0;0;0;0;0;1;0;0;-3,760537000000000;-38,535339000000000
305572;25;4;2017;06:50;0;RUA CON DE CASTRO;;;3797;;Colis?úo Traseira;Luz do Dia;;;Meio de Quadra;;;0;0;2;1;0;0;0;0;0;1;0;0;-3,799881000000000;-38,587229000000000
305574;25;4;2017;11:00;9891;RUA PAULINO ROCHA D32;RUA MANUEL GALDINO;;0;;Colis?úo Transversal;Luz do Dia;;;;;;0;0;2;1;0;0;0;0;0;0;0;0;-3,789652000000000;-38,626254000000000
305584;25;4;2017;08:20;0;AV ROGACIANO LEITE;;;2516;;Atropelamento de Animal;Luz do Dia;;;Meio de Quadra;;;0;2;0;0;0;0;0;0;0;1;0;0;-3,779262000000000;-38,501325000000000
305585;25;4;2017;10:30;25413;AV CASTELO DE CASTRO;RUA DALVA DE OLIVEIRA;;0;;Colis?úo;Luz do Dia;;;;;;0;1;2;1;0;0;0;0;0;1;0;0;-3,848146000000000;-38,522468000000000
305580;25;4;2017;21:11;10907;RUA PORTO VELHO;RUA GUARANI D35 (JOAO XXIII);;0;;Colis?úo Lateral;;;;Cruz;Pare;Residencial;0;1;1;0;0;0;0;0;0;1;0;0;-3,768441000000000;-38,582396000000000
305582;25;4;2017;18:00;5143;RUA MON CARNEIRO DA CUNHA;AV FILOMENO GOMES;;0;;Colis?úo Lateral;Anoitecer;;;T;Pare;Residencial;0;0;2;1;0;0;0;1;0;0;0;0;;
305570;25;4;2017;15:40;0;AV DES MOREIRA;;;1500;;Colis?úo Transversal;Luz do Dia;;;Meio de Quadra;;;0;0;2;1;0;0;0;0;0;1;0;0;-3,738888000000000;-38,499189000000000
305588;25;4;2017;14:25;0;AV GODOFREDO MACIEL;;;904;;Colis?úo Traseira;Luz do Dia;;;Meio de Quadra;;;0;0;2;1;0;0;0;0;0;0;0;0;-3,784339000000000;-38,566159000000000
305620;26;4;2017;21:00;0;AV DA UNIVERSIDADE;;;2175;;Colis?úo Lateral;Via Iluminada;Bom;Seca;Meio de Quadra;N?úo H?í Controle;Comercial;0;0;2;1;0;0;0;0;0;0;0;0;-3,736970000000000;-38,535483000000000
305621;26;4;2017;19:00;0;AV DOMINGOS OLIMPIO;;;127;;Colis?úo Traseira;Via Iluminada;Bom;Seca;Meio de Quadra;N?úo H?í Controle;Comercial;0;0;2;1;0;0;0;0;0;0;0;0;-3,738658000000000;-38,524691000000000
305622;26;4;2017;16:15;19331;RUA PRO GOMES BRASIL;AV GAL OSORIO DE PAIVA;;0;;Colis?úo Lateral;Luz do Dia;Bom;Seca;Cruz;Sem?íforo;Lazer;0;0;2;1;0;0;1;0;0;0;0;0;-3,775618000000000;-38,566451000000000
305616;26;4;2017;06:00;0;AV PRS CASTELO BRANCO;;;295;10?? REGI?âO MILITAR;Choque c/ Obst?ículo Fixo;Luz do Dia;Nublado;Seca;Meio de Quadra;Outros;Comercial;0;1;0;1;0;0;0;0;0;0;0;0;-3,722157000000000;-38,524576000000000
305614;26;4;2017;21:30;24397;RUA ALM RUFINO;RUA JORGE ACURCIO;;0;;Colis?úo Transversal;Via Iluminada;Bom;Seca;Cruz;Pare;Residencial;0;0;2;1;0;0;0;0;0;0;0;0;-3,768224000000000;-38,532951000000000
305618;26;4;2017;18:00;0;AV AGUANAMBI;;;605;;;Via Iluminada;Bom;Seca;Meio de Quadra;N?úo H?í Controle;Comercial;0;0;2;1;1;0;0;0;0;0;0;0;-3,741846000000000;-38,525957000000000
305638;26;4;2017;10:20;1351;RUA TIBURCIO CAVALCANTE;RUA DES LEITE ALBUQUERQUE;;0;;Outros;Luz do Dia;Bom;Seca;Cruz;Pare;Comercial;0;1;1;0;0;0;0;0;0;1;0;0;-3,735956000000000;-38,502587000000000
305639;26;4;2017;08:35;3956;RUA JULIO CESAR D12;RUA PEDRO MACHADO;;0;;Colis?úo Lateral;Luz do Dia;Bom;Seca;Cruz;N?úo H?í Controle;Residencial;0;0;2;1;0;0;0;0;0;0;0;0;-3,756102000000000;-38,548095000000000
305640;26;4;2017;16:49;3800;AV 13 DE MAIO;RUA CAIO CARLOS;;0;;Colis?úo Lateral;Luz do Dia;Bom;Seca;Cruz;Pare;Comercial;0;1;1;0;0;0;0;0;0;1;0;0;-3,738286000000000;-38,542160000000000
305641;26;4;2017;15:00;15149;AV MON TABOSA;RUA ANTONIO LIMA;;0;;Colis?úo Transversal;Luz do Dia;Bom;Seca;Cruz;Pare;Comercial;0;0;2;1;0;0;1;0;0;0;0;0;-3,724573000000000;-38,504149000000000
305642;26;4;2017;14:00;0;RUA SILVA PAULET;;;2757;;Colis?úo Lateral;Luz do Dia;Bom;Seca;Meio de Quadra;N?úo H?í Controle;Misto;0;0;2;1;0;0;0;0;0;0;0;0;-3,748384000000000;-38,509933000000000
305643;26;4;2017;16:30;0;AV FILOMENO GOMES;;;430;;Colis?úo Lateral;Luz do Dia;Bom;Seca;Meio de Quadra;N?úo H?í Controle;Comercial;0;0;2;1;0;0;0;0;0;0;0;0;-3,719063757000000;-38,541566868000000
305636;26;4;2017;09:00;15117;AV HIS RAIMUNDO GIRAO;RUA MON BRUNO;;0;;Colis?úo Lateral;Luz do Dia;Bom;Seca;T;N?úo H?í Controle;Comercial;0;0;2;0;1;0;0;0;0;0;0;0;-3,723076000000000;-38,506415000000000
305634;26;4;2017;15:07;0;AV SEN FERNANDES TAVORA;;;137;;Colis?úo Lateral;Luz do Dia;Bom;Seca;Meio de Quadra;Outros;Comercial;0;0;2;1;1;0;0;0;0;0;0;0;-3,766132000000000;-38,574844000000000
305632;26;4;2017;16:00;5100;AV MON TABOSA;AV DOM MANUEL;;0;;Colis?úo Traseira;Luz do Dia;Bom;Seca;Cruz;Sem?íforo;Comercial;0;0;2;1;1;0;0;0;0;0;0;0;-3,723546362000000;-38,519575249000000
305625;26;4;2017;08:28;5206;RUA SEN ALMIR PINTO;RUA SAO JOSE D03;;0;;Colis?úo Lateral;Luz do Dia;Bom;Seca;Cruz;Pare;Comercial;0;0;2;1;0;0;0;0;0;0;0;0;-3,726414000000000;-38,523664000000000
325745;26;4;2017;10:20;0;RD BR 116;;;8000;KM-08;Colis?úo Lateral;Luz do Dia;;Seca;Meio de Quadra;;;0;0;2;1;0;0;1;0;0;0;0;0;-3,822018000000000;-38,503269000000000
324871;26;4;2017;05:50;0;AV PRS CASTELO BRANCO;;;0;;Colis?úo;Amanhecer;;;Meio de Quadra;;;0;1;0;0;0;0;0;0;0;0;0;0;;
324874;26;4;2017;07:17;0;AV PRS COSTA E SILVA;;;0;;Colis?úo;Luz do Dia;;;Meio de Quadra;;;0;1;0;1;0;0;0;0;0;1;0;0;;
324881;26;4;2017;08:07;26091;AV JOSE JATAHY;AV JOVITA FEITOSA;;0;;Colis?úo;Luz do Dia;;;Cruz;Sem?íforo;Residencial;0;1;0;1;0;0;0;0;0;1;0;0;-3,737273000000000;-38,543936000000000
324892;26;4;2017;10:16;0;RUA BAR RIO BRANCO;;;656;;Colis?úo;Luz do Dia;;;Meio de Quadra;;;0;1;0;0;0;0;0;0;0;0;0;0;-3,724072000000000;-38,527497000000000
324897;26;4;2017;11:57;2815;RUA DR FERNANDO AUGUSTO;RUA MARIA JULIA;;0;;Queda;Luz do Dia;;;Cruz;Pare;Residencial;0;1;0;0;0;0;0;0;0;1;0;0;-3,793971000000000;-38,600388000000000
324900;26;4;2017;11:29;0;RUA OTHON DE NOROES;;;0;;Colis?úo;Luz do Dia;;;Meio de Quadra;;;0;1;0;1;0;0;0;0;0;1;0;0;;
324910;26;4;2017;15:41;0;RUA JOAO AMORA;;;151;;Queda;Luz do Dia;;;Meio de Quadra;;;0;1;0;0;0;0;0;0;0;1;0;0;-3,800091000000000;-38,576456000000000
324912;26;4;2017;15:43;0;RUA DO FIM;;;670;;Queda;Luz do Dia;;;Meio de Quadra;;;0;1;0;0;0;0;0;0;0;1;0;0;-3,789100000000000;-38,535483000000000
324924;26;4;2017;17:06;0;RUA PDE PEDRO DE ALENCAR;;;1563;;Colis?úo;Anoitecer;;;Meio de Quadra;;;0;1;0;1;0;0;0;0;0;1;0;0;-3,841649000000000;-38,494293000000000
324916;26;4;2017;16:03;0;AV DEP PAULINO ROCHA;;;1555;;Colis?úo;Luz do Dia;;;Meio de Quadra;;;0;1;0;1;0;0;0;0;0;1;0;0;-3,811447000000000;-38,510766000000000
324919;26;4;2017;16:13;5020;RUA APRENDIZE MARINHEIRO;AV FILOMENO GOMES;;0;;Colis?úo;Luz do Dia;;;T;N?úo H?í Controle;Residencial;0;1;0;0;0;0;0;0;0;1;0;0;-3,717939000000000;-38,541695000000000
324921;26;4;2017;16:58;0;RUA OSCAR ARARIPE;;;319;;Colis?úo;Luz do Dia;;;Meio de Quadra;;;0;1;0;1;0;0;0;0;0;1;0;0;-3,792806000000000;-38,594256000000000
325035;26;4;2017;19:09;15245;RUA LEONARDO MOTA;AV ANTONIO JUSTA;;0;;Colis?úo;;;;Cruz;Pare;Comercial;0;1;0;1;0;0;0;0;0;1;0;0;-3,727945000000000;-38,493542000000000
325036;26;4;2017;22:08;0;AV SGT HERMINIO SAMPAIO;;;3113;;Atropelamento;;;;Meio de Quadra;;;0;1;0;0;0;0;0;0;0;0;0;0;-3,727779000000000;-38,568453000000000
308653;26;4;2017;05:19;5715;AV DES GONZAGA;RUA ULISSES BEZERRA;;0;;Colis?úo Lateral;Via Iluminada;Bom;Seca;T;Pare;Comercial;0;0;2;0;1;0;0;0;0;0;0;0;-3,797970000000000;-38,499516000000000
308654;26;4;2017;07:30;3769;AV DOMINGOS OLIMPIO;RUA SEN POMPEU;;0;;Colis?úo Lateral;Luz do Dia;Bom;Molhada;Cruz;Sem?íforo;Comercial;0;0;2;1;0;0;0;0;0;0;0;0;-3,736270200000000;-38,532720000000000
308655;26;4;2017;07:26;4006;RUA EDITE BRAGA;RUA DES PRAXEDES;;0;;Colis?úo Lateral;Luz do Dia;Nublado;Seca;Cruz;Pare;Residencial;0;2;1;1;0;0;0;0;0;1;0;0;-3,760583000000000;-38,547500000000000
308656;26;4;2017;08:15;26221;AV ALM HENRIQUE SABOIA;RUA PEREIRA DE MIRANDA;;0;;Colis?úo Lateral;Luz do Dia;Bom;Molhada;Meio de Quadra;N?úo H?í Controle;Comercial;0;0;2;1;1;0;0;0;0;0;0;0;-3,738590500000000;-38,486244000000000
308657;26;4;2017;07:45;26091;AV 13 DE MAIO;AV JOSE JATAHY;;0;;Colis?úo Transversal;Luz do Dia;Nublado;Seca;Cruz;Sem?íforo;Comercial;0;1;1;1;0;0;0;0;0;1;0;0;-3,737465400000000;-38,543680000000000
308658;26;4;2017;08:49;0;RUA DEP OSWALDO STUDART;;;0;RODOVI?üRIA;Colis?úo Lateral;Luz do Dia;Nublado;Seca;Meio de Quadra;N?úo H?í Controle;Comercial;0;0;2;1;1;0;0;0;0;0;0;0;-3,756046300000000;-38,530285000000000
308659;26;4;2017;09:07;8647;AV EDILSON B SOARES;RUA PRO SOLON FARIAS;;0;;Colis?úo Transversal;Luz do Dia;Nublado;Seca;Cruz;Pare;Residencial;0;0;3;1;0;0;0;0;0;0;0;0;-3,789354300000000;-38,477047000000000
308660;26;4;2017;09:15;0;RUA JOSE VILAR;;;3190;;Colis?úo Lateral;Luz do Dia;Bom;Seca;Meio de Quadra;N?úo H?í Controle;Comercial;0;0;2;1;0;0;0;0;0;0;0;0;-3,751470300000000;-38,509820000000000
308661;26;4;2017;09:04;0;AV 13 DE MAIO;;;2400;;Choque c/ Obst?ículo Fixo;Luz do Dia;Nublado;Seca;Meio de Quadra;N?úo H?í Controle;Escola;0;0;1;0;0;0;0;0;0;0;0;0;-3,741926400000000;-38,538100000000000
308662;26;4;2017;08:30;1405;AV SANTOS DUMONT;RUA VICENTE LEITE;;0;;Colis?úo Transversal;Luz do Dia;Bom;Seca;Cruz;Sem?íforo;Comercial;0;0;2;1;0;0;0;0;0;0;0;0;-3,737301600000000;-38,495010000000000
308664;26;4;2017;10:49;12737;RUA MAJ WEYNE;RUA GRIJALVA COSTA;;0;;Colis?úo Transversal;Luz do Dia;Nublado;Seca;Cruz;N?úo H?í Controle;Residencial;0;0;2;1;0;0;0;0;0;0;0;0;-3,751506000000000;-38,541107000000000