COD_ACIDENTE;DIA;MES;ANO;HORA;INTERSECAO;LOG1;LOG2;LOG3;NUMERO;REFERENCIA;NATUREZA;ILUMINACAO;TEMPO;SUPERFICIEPISTA;TIPOCRUZAMENTO;CONTROLETRAFEGO;USOSOLO;MORTOS;FERIDOS;ILESOS;AUTOMOVEL;ONIBUS;BICICLETA;CAMINHAO;MICROONIBUS;CICLOMOTOR;MOTOCICLETA;TRACAOANIMAL;TREM;LATITUDE;LONGITUDE
308665;26;4;2017;13:24;0;RUA DR JOSE LOURENCO;;;2140;;Colis?úo Lateral;Luz do Dia;Bom;Seca;Meio de Quadra;Sem?íforo;Comercial;0;0;2;0;0;0;0;0;0;0;0;0;-3,742449800000000;-38,510387000000000
308667;26;4;2017;14:52;0;AV JOSE BASTOS;;;0;HEMOCE;Engavetamento;Luz do Dia;Bom;Seca;Meio de Quadra;Sem?íforo;Comercial;0;0;3;1;0;0;0;0;0;0;0;0;-3,749013000000000;-38,549640000000000
308674;26;4;2017;21:39;6738;RUA DES WALDETARIO P MOTA;RUA VILEBALDO AGUIAR;;0;;Choque c/ Obst?ículo Fixo;Via Iluminada;Bom;Seca;Cruz;N?úo H?í Controle;Comercial;0;1;0;1;0;0;0;0;0;0;0;0;-3,741675900000000;-38,483772000000000
308669;26;4;2017;15:47;0;RUA PRO DIAS DA ROCHA;;;162;;Colis?úo Traseira;Luz do Dia;Bom;Seca;Meio de Quadra;Pare;Comercial;0;0;2;1;0;0;0;0;0;0;0;0;-3,731095000000000;-38,491287000000000
308670;26;4;2017;15:50;0;RUA VIS MAUA;;;2641;;Choque c/ Obst?ículo Fixo;Luz do Dia;Bom;Seca;Meio de Quadra;N?úo H?í Controle;Comercial;0;0;1;1;0;0;0;0;0;0;0;0;-3,748108900000000;-38,503265000000000
308671;26;4;2017;19:05;0;AV SANTOS DUMONT;;;5633;;Colis?úo Traseira;Via Iluminada;Bom;Seca;Meio de Quadra;Gesto;Comercial;0;0;2;1;0;0;0;0;0;0;0;0;-3,742048300000000;-38,480686000000000
308672;26;4;2017;18:20;25307;AV DES GONZAGA;AV JOSE LEON;;20;;Colis?úo Transversal;Via Iluminada;Bom;Seca;T;Pare;Comercial;0;0;2;1;0;0;0;0;0;0;0;0;-3,786999000000000;-38,504494000000000
308705;26;4;2017;18:49;5209;RUA DEP MOREIRA DA ROCHA;RUA JOAO CORDEIRO;;0;;Colis?úo Lateral;Via Iluminada;Bom;Seca;Y;Sem?íforo;Escola;0;0;2;1;0;0;0;0;0;0;0;0;-3,726511200000000;-38,513306000000000
308727;26;4;2017;14:40;0;AV AUGUSTO DOS ANJOS;;;1659;;Engavetamento;Luz do Dia;Bom;Seca;Meio de Quadra;N?úo H?í Controle;Comercial;0;0;2;0;0;0;0;0;0;0;0;0;-3,780545000000000;-38,579678000000000
308695;26;4;2017;09:06;13372;RUA NOGUEIRA ACIOLI;RUA JOAO BRIGIDO;;0;;Colis?úo Transversal;Luz do Dia;Bom;Seca;Cruz;Sem?íforo;Residencial;0;0;2;1;0;0;0;0;0;1;0;0;-3,739259000000000;-38,520044000000000
324442;26;4;2017;07:00;0;AV SEN CARLOS JEREISSATI (AEROPORTO);;;0;KM 04;Colis?úo;Luz do Dia;;Seca;Meio de Quadra;;;0;0;3;1;0;0;0;0;0;0;0;0;-3,774020000000000;-38,550907000000000
324461;26;4;2017;18:20;0;RD CE-060;;;0;KM-01;Colis?úo;Via Iluminada;;Seca;Meio de Quadra;;;0;0;2;1;0;0;0;0;0;0;0;0;-3,826136000000000;-38,579500000000000
324453;26;4;2017;08:35;0;RD CE-040;;;0;KM-04;Colis?úo;Luz do Dia;;Seca;Meio de Quadra;;;0;0;2;1;1;0;0;0;0;0;0;0;-3,791613156000000;-38,480330840000000
324457;26;4;2017;15:00;0;AV SEN CARLOS JEREISSATI (AEROPORTO);;;0;KM 03;Colis?úo;Luz do Dia;;Seca;Meio de Quadra;;;0;0;2;1;0;0;0;0;0;0;0;0;-3,779641000000000;-38,544038000000000
324450;26;4;2017;12:00;0;RD CE-040;;;0;KM-08;Colis?úo;Luz do Dia;;Seca;Meio de Quadra;;;0;0;2;1;0;0;0;0;0;0;0;0;-3,825515822000000;-38,481538320000000
324465;27;4;2017;09:00;0;RD CE-025;;;0;KM-02;Atropelamento;Luz do Dia;;Seca;Meio de Quadra;;;0;1;0;1;0;0;0;0;0;0;0;0;-3,807634505000000;-38,461084520000000
324468;27;4;2017;14:30;0;RD CE-040;;;0;KM-09;Colis?úo;Luz do Dia;;Seca;Meio de Quadra;;;0;0;2;1;0;0;1;0;0;0;0;0;-3,834450897000000;-38,482465820000000
324475;27;4;2017;11:20;0;RD CE-040;;;0;KM-12;Colis?úo;Luz do Dia;;Seca;Meio de Quadra;;;0;1;1;1;0;0;0;0;0;1;0;0;-3,857690949000000;-38,472042540000000
308696;27;4;2017;08:23;6800;AV SANTOS DUMONT;RUA BATISTA DE OLIVEIRA;;0;;Colis?úo Lateral;Luz do Dia;Nublado;Molhada;Cruz;Sem?íforo;Comercial;0;0;2;1;0;0;0;0;0;0;0;0;-3,742258000000000;-38,479668000000000
308814;27;4;2017;18:15;0;AV BAR STUDART;;;777;;Engavetamento;Anoitecer;Bom;Seca;Meio de Quadra;N?úo H?í Controle;Comercial;0;0;3;1;0;0;0;0;0;0;0;0;-3,731001100000000;-38,505386000000000
308676;27;4;2017;06:30;10953;RUA DOM CARLOTO TAVORA;RUA ALM RUBIM;;0;;Colis?úo Lateral;Luz do Dia;Nublado;Seca;Cruz;Pare;Comercial;0;0;2;1;1;0;0;0;0;0;0;0;-3,769825200000000;-38,556026000000000
308677;27;4;2017;06:40;0;AV GAL OSORIO DE PAIVA;;;7053;;Colis?úo Lateral;Luz do Dia;Nublado;Seca;Meio de Quadra;N?úo H?í Controle;Comercial;0;0;2;1;0;0;0;0;0;0;0;0;-3,815378200000000;-38,612354000000000
308678;27;4;2017;07:50;25606;RUA FRANCISCO LORDA;RUA ENG EDMUNDO ALMEIDA FILHO;;0;;Colis?úo Lateral;Luz do Dia;Bom;Seca;T;Pare;Residencial;0;0;2;0;1;0;0;0;0;0;0;0;-3,762518600000000;-38,529910000000000
308679;27;4;2017;09:50;25125;RUA DNA LEOPOLDINA;RUA ROCHA LIMA;;0;;Colis?úo Transversal;Luz do Dia;Nublado;Seca;Cruz;Pare;Residencial;0;1;1;0;0;0;0;1;0;1;0;0;-3,736437800000000;-38,521378000000000
308680;27;4;2017;08:30;1453;AV HERACLITO GRACA;AV RUI BARBOSA;;0;;Engavetamento;Luz do Dia;Nublado;Molhada;Cruz;Sem?íforo;Comercial;0;0;3;0;0;0;0;0;0;0;0;0;-3,738359000000000;-38,510310000000000
308681;27;4;2017;11:11;0;RUA NEREU RAMOS;;;60;;Colis?úo Traseira;Luz do Dia;Chuva;Molhada;Meio de Quadra;Sem?íforo;Comercial;0;0;2;1;0;0;0;0;0;0;0;0;-3,786995200000000;-38,567330000000000
308682;27;4;2017;09:50;0;AV GODOFREDO MACIEL;;;375;;Colis?úo Lateral;Luz do Dia;Nublado;Molhada;Outros;Sem?íforo;Comercial;0;0;2;1;0;0;0;0;0;0;0;0;-3,770178000000000;-38,557354000000000
308683;27;4;2017;07:40;25369;AV BENJAMIM BARROSO;RUA LEIRIA DE ANDRADE;;0;;Colis?úo Lateral;Luz do Dia;Bom;Molhada;Cruz;Pare;Residencial;0;0;2;1;0;0;0;0;0;0;0;0;-3,729639000000000;-38,550266000000000
308684;27;4;2017;11:30;25116;AV ROGACIANO LEITE;RUA PDE FRANCISCO PITA;;0;;Colis?úo Transversal;Luz do Dia;Nublado;Seca;Cruz;Pare;Comercial;0;0;2;1;0;0;0;0;0;0;0;0;-3,812612000000000;-38,499184000000000
308685;27;4;2017;13:10;0;AV OLIVEIRA PAIVA;;;1991;;Colis?úo Traseira;Luz do Dia;Bom;Seca;Meio de Quadra;N?úo H?í Controle;Comercial;0;0;2;1;0;0;0;0;0;0;0;0;-3,796165200000000;-38,488422000000000
308686;27;4;2017;14:30;0;AV ALBERTO CRAVEIRO;;;0;;Colis?úo Traseira;Luz do Dia;Bom;Seca;Rotat??ria;Pare;Comercial;0;0;2;1;0;0;0;0;0;0;0;0;-3,807132200000000;-38,525410000000000
308687;27;4;2017;14:07;13500;RUA CARLOS VASCONCELOS;RUA CEL ALVES TEIXEIRA;;0;;Colis?úo Transversal;Luz do Dia;Bom;Seca;Cruz;Pare;Residencial;0;0;2;1;0;0;0;0;0;0;0;0;-3,745889000000000;-38,515040000000000
308688;27;4;2017;12:20;0;AV PRO GOMES DE MATOS;;;557;;Colis?úo Traseira;Luz do Dia;Bom;Seca;Meio de Quadra;N?úo H?í Controle;Comercial;0;1;1;1;0;0;0;0;0;1;0;0;-3,758442600000000;-38,543240000000000
308689;27;4;2017;16:03;5402;RUA METON DE ALENCAR;RUA VINTE E QUATRO DE MAIO;;0;;Colis?úo Lateral;Luz do Dia;Bom;Seca;Cruz;Sem?íforo;Comercial;0;0;2;0;1;0;0;0;0;0;0;0;-3,732596600000000;-38,533770000000000
308690;27;4;2017;16:28;0;RUA PERU;;;157;;Colis?úo Lateral;Luz do Dia;Bom;Seca;Meio de Quadra;N?úo H?í Controle;Residencial;0;0;2;1;0;0;0;0;0;0;0;0;-3,768995800000000;-38,549774000000000
308691;27;4;2017;17:31;0;AV GAL MURILO BORGES;;;0;;Colis?úo Traseira;Luz do Dia;Bom;Seca;Meio de Quadra;Sem?íforo;Comercial;0;0;2;1;0;0;0;0;0;0;0;0;-3,765895100000000;-38,501370000000000
308692;27;4;2017;18:16;23451;RUA PAULO FIRMEZA;RUA SABINO MONTE;;0;;Colis?úo Transversal;Via Iluminada;Bom;Seca;Cruz;Pare;Residencial;0;0;2;1;0;0;0;0;0;0;0;0;-3,757023000000000;-38,511856000000000
308693;27;4;2017;20:59;5433;RUA METON DE ALENCAR;RUA MAJ FACUNDO;;0;;Colis?úo Transversal;Via Iluminada;Bom;Seca;Cruz;Pare;Comercial;0;0;2;1;0;0;0;0;0;0;0;0;-3,733937700000000;-38,529995000000000
325037;27;4;2017;06:45;0;RUA DR JOAQUIM BENTO;;;462;;Colis?úo;Luz do Dia;;;Meio de Quadra;;;0;1;0;1;0;0;0;0;0;1;0;0;-3,828408000000000;-38,487527700000000
325038;27;4;2017;07:54;0;AV OLIVEIRA PAIVA;;;0;;Colis?úo;Luz do Dia;;;Meio de Quadra;;;0;1;0;1;0;0;0;0;0;1;0;0;;
325039;27;4;2017;07:57;16281;RUA ANTONIO PEREIRA;RUA ANTONIO BARBOSA;;0;;Colis?úo;Luz do Dia;;;Cruz;Pare;Residencial;0;2;0;1;0;0;0;0;0;1;0;0;-3,832952000000000;-38,565289000000000
325040;27;4;2017;08:09;23342;RUA EDUARDO BEZERRA;RUA TIBURCIO CAVALCANTE;;0;;Colis?úo;Luz do Dia;;;Cruz;Pare;Residencial;0;1;0;1;0;0;0;0;0;1;0;0;-3,753329000000000;-38,508145000000000
325041;27;4;2017;08:12;0;AV SEN FERNANDES TAVORA;;;922;;Colis?úo;Luz do Dia;;;Meio de Quadra;;;0;1;0;0;0;0;0;0;0;0;0;0;-3,762825000000000;-38,580967000000000
325042;27;4;2017;09:08;0;AV AGUANAMBI;;;0;;Colis?úo;Luz do Dia;;;Meio de Quadra;;;0;1;0;1;0;0;0;0;0;1;0;0;;
325043;27;4;2017;10:06;0;RUA JARDIM FLUMINENSE;;;1057;;Colis?úo;Luz do Dia;;;Meio de Quadra;;;0;1;0;0;0;0;0;0;0;0;0;0;-3,812102000000000;-38,599140000000000
325044;27;4;2017;10:09;0;AV PRS COSTA E SILVA;;;5255;;Colis?úo;Luz do Dia;;;Meio de Quadra;;;0;1;0;1;0;0;0;0;0;1;0;0;-3,828117000000000;-38,533491000000000
325045;27;4;2017;10:21;0;RUA HOLANDA;;;1180;;Colis?úo;Luz do Dia;;;Meio de Quadra;;;0;1;0;1;0;0;0;0;0;1;0;0;-3,800899000000000;-38,560918000000000
325046;27;4;2017;11:01;0;RUA 23 DE JUNHO;;;2413;;Queda;Luz do Dia;;;Meio de Quadra;;;0;1;0;0;0;0;0;0;0;1;0;0;-3,780602000000000;-38,612843000000000
325047;27;4;2017;11:21;13500;RUA CEL ALVES TEIXEIRA;RUA CARLOS VASCONCELOS;;0;;Colis?úo;Luz do Dia;;;Cruz;Pare;Residencial;0;1;0;0;0;0;0;0;0;0;0;0;-3,745851000000000;-38,515005000000000
325048;27;4;2017;12:02;0;RD BR 116;;;0;;Queda;Luz do Dia;;;Meio de Quadra;;;0;1;0;0;0;0;0;0;0;1;0;0;;
325050;27;4;2017;14:43;0;RUA ARTUR DE CARVALHO;;;1001;;Colis?úo;Luz do Dia;;;Meio de Quadra;;;0;1;0;1;0;1;0;0;0;0;0;0;-3,827022000000000;-38,470223000000000
325052;27;4;2017;15:07;0;RUA BERNARDO MANUEL;;;751;;Queda;Luz do Dia;;;Meio de Quadra;;;0;1;0;0;0;0;0;0;0;1;0;0;-3,785421600000000;-38,547221300000000
325054;27;4;2017;15:07;0;RUA PEDRO VERISSIMO;;;457;;Colis?úo;Luz do Dia;;;Meio de Quadra;;;0;1;0;1;0;0;0;0;0;1;0;0;-3,811828900000000;-38,527394700000000
325056;27;4;2017;16:14;10772;RUA PRO HERIBALDO COSTA;RUA FLORIANOPOLIS;;0;;Colis?úo;Luz do Dia;;;Cruz;Pare;Residencial;0;1;0;1;0;0;0;0;0;1;0;0;-3,762010000000000;-38,584913000000000
325058;27;4;2017;16:37;0;RUA VITORIA;;;265;;Queda;Luz do Dia;;;Meio de Quadra;;;0;1;0;0;0;0;0;0;0;1;0;0;;
325060;27;4;2017;17:12;0;AV SGT HERMINIO SAMPAIO;;;3705;;Colis?úo;Anoitecer;;;Meio de Quadra;;;0;1;0;1;0;1;0;0;0;0;0;0;-3,729317000000000;-38,573645000000000
325063;27;4;2017;17:59;0;AV MON TABOSA;;;1273;;Colis?úo;Anoitecer;;;Meio de Quadra;;;0;1;0;1;0;0;0;0;0;1;0;0;-3,724294000000000;-38,507902000000000
325066;27;4;2017;18:03;5419;RUA NOGUEIRA ACIOLI;RUA FIUZA DE PONTES;;0;;Colis?úo;Anoitecer;;;Cruz;Pare;Residencial;0;1;0;1;0;0;0;0;0;1;0;0;-3,733368000000000;-38,517884000000000
325069;27;4;2017;18:18;0;RUA ENCANTO DA BARRA;;;0;;Colis?úo;Anoitecer;;;Meio de Quadra;;;0;1;0;1;0;0;0;0;0;1;0;0;;
325071;27;4;2017;18:59;0;TR SOLONOPOLIS;;;500;;Atropelamento;;;;Meio de Quadra;;;0;2;0;1;0;0;0;0;0;0;0;0;-3,758629700000000;-38,545164700000000
325074;27;4;2017;19:21;0;RUA BOM JESUS (BARRA DO CEARA);;;798;;Colis?úo;;;;Meio de Quadra;;;0;1;0;1;0;0;0;0;0;1;0;0;;
325075;27;4;2017;19:22;0;RUA JOAQUIM DOS ANJOS;;;680;;Colis?úo;;;;Meio de Quadra;;;0;1;0;0;0;0;0;0;0;0;0;0;-3,831469000000000;-38,567988000000000
325078;27;4;2017;22:11;1485;RUA PDE VALDEVINO;RUA ANTONIO AUGUSTO;;0;;Colis?úo;;;;Cruz;Pare;Comercial;0;1;0;1;0;0;0;0;0;1;0;0;-3,739239000000000;-38,516489000000000
325748;27;4;2017;16:10;0;RD BR 222;;;100;KM-02;Colis?úo Traseira;Luz do Dia;;Seca;Meio de Quadra;;;0;0;2;1;0;0;0;0;0;0;0;0;;
305666;27;4;2017;09:35;5500;RUA PDE VALDEVINO;RUA NOGUEIRA ACIOLI;;0;;Colis?úo Lateral;Luz do Dia;;;Cruz;Sem?íforo;Comercial;0;0;2;0;0;0;0;0;0;1;0;0;-3,738246000000000;-38,519630000000000
305662;27;4;2017;14:15;0;RUA ADEMAR DE BARROS;;;643;;Colis?úo Lateral;Luz do Dia;;;Meio de Quadra;;;0;0;2;1;0;0;0;0;0;0;0;0;-3,781069000000000;-38,497492000000000
305664;27;4;2017;08:55;0;RUA MON CATAO;;;1416;;Colis?úo Lateral;Luz do Dia;;;Meio de Quadra;;;0;0;2;1;1;0;0;0;0;0;0;0;-3,747050679000000;-38,493256503000000
305646;27;4;2017;18:40;22317;RUA JOSE CANDIDO D08;RUA CASIMIRO MONTENEGRO;;0;;Colis?úo Lateral;;;;Cruz;Pare;Residencial;0;0;2;1;0;0;0;0;0;0;0;0;-3,730492000000000;-38,551178000000000
305649;27;4;2017;06:10;4259;RUA NAT FEIJO;RUA PLACIDO CARVALHO;;0;;Colis?úo Traseira;Luz do Dia;;;Cruz;Pare;Residencial;0;1;1;1;0;0;0;0;0;1;0;0;-3,721655000000000;-38,555624000000000
305655;27;4;2017;18:00;5269;AV DUQ CAXIAS;RUA PDE IBIAPINA;;0;;Colis?úo Lateral;Anoitecer;;;Cruz;Sem?íforo Intermitente;Comercial;0;0;2;1;1;0;0;0;0;0;0;0;-3,728446000000000;-38,540226000000000
305656;27;4;2017;12:30;5364;AV TRISTAO GONCALVES;RUA GAL CLARINDO DE QUEIROZ;;0;;Colis?úo Transversal;Luz do Dia;;;Cruz;Pare;Comercial;0;0;2;1;0;0;0;0;0;0;0;0;-3,731314000000000;-38,534472000000000
305657;27;4;2017;09:30;0;AV SEN FERNANDES TAVORA;;;921;;Colis?úo Traseira;Luz do Dia;;;Meio de Quadra;;;0;1;2;1;1;0;0;0;0;0;0;0;-3,762847000000000;-38,580926000000000
305658;27;4;2017;10:40;15359;RUA PEREIRA VALENTE;RUA VICENTE LEITE;;0;;Colis?úo Lateral;Luz do Dia;;;Cruz;Pare;Residencial;0;1;1;1;0;0;0;0;0;1;0;0;-3,733201000000000;-38,494152000000000
305659;27;4;2017;06:20;5077;AV ALBERTO NEPOMUCENO;AV PRS CASTELO BRANCO;;0;;Colis?úo Traseira;Luz do Dia;;;T;Pare;Comercial;0;0;2;1;0;0;0;0;0;0;0;0;-3,722425000000000;-38,523857000000000
305644;27;4;2017;13:30;3877;RUA QUINTINO BOCAIUVA;RUA MAL DEODORO;;0;;Choque c/ Obst?ículo Fixo;Luz do Dia;;;T;Pare;Comercial;0;0;2;1;0;0;1;0;0;0;0;0;-3,736896000000000;-38,533821000000000
305628;27;4;2017;14:30;0;RUA BERNARDO MANUEL;;;0;;Colis?úo Traseira;Luz do Dia;;;Meio de Quadra;;;0;1;1;1;0;0;0;0;0;1;0;0;;
305630;27;4;2017;18:30;9077;AV AGUANAMBI;RUA BONFIM SOBRINHO;;0;;Colis?úo Lateral;Anoitecer;;;Cruz;N?úo H?í Controle;Comercial;0;0;2;1;0;0;1;0;0;0;0;0;-3,751039000000000;-38,523551000000000
305682;27;4;2017;07:30;0;RUA VALMIR PONTES;;;0;UNIFOR;Engavetamento;Luz do Dia;;;Meio de Quadra;;;0;0;4;1;0;0;0;0;0;0;0;0;-3,771282967000000;-38,480223192000000
305680;27;4;2017;16:15;0;AV ALANIS MARIA LAURINDO DE OLIVEIRA;;;0;;Colis?úo Lateral;Luz do Dia;;;Meio de Quadra;;;0;2;1;1;0;0;0;0;0;1;0;0;;
305678;27;4;2017;13:00;1601;RUA PDE VALDEVINO;RUA VIS MAUA;;0;;Colis?úo Traseira;Luz do Dia;;;Cruz;Pare;Comercial;0;0;2;1;0;0;0;0;0;0;0;0;-3,743773000000000;-38,501876000000000
305689;27;4;2017;14:15;0;AV SEN CARLOS JEREISSATI (AEROPORTO);;;3000;AEROPORTO;Colis?úo Lateral;Luz do Dia;;;Meio de Quadra;;;0;0;2;1;0;0;0;0;0;0;0;0;-3,780382000000000;-38,541414000000000
305650;28;4;2017;07:15;3856;AV DA UNIVERSIDADE;RUA PDE FRANCISCO PINTO;;0;;Colis?úo Lateral;Luz do Dia;Nublado;Seca;Cruz;Sem?íforo;Comercial;0;2;0;1;0;0;1;0;0;0;0;0;-3,742799000000000;-38,540777000000000
305651;28;4;2017;12:05;20042;AV PRS JUSCELINO KUBITSCHEK (PASSAR?ë);AV DR SILAS MUNGUBA;;0;;Colis?úo Traseira;Luz do Dia;Nublado;Seca;Rotat??ria;D?¬ Prefer?¬ncia;Lazer;0;2;0;1;0;0;0;0;0;0;0;0;-3,807229000000000;-38,524782000000000
305665;28;4;2017;15:20;12892;AV DOMINGOS OLIMPIO;RUA BAR RIO BRANCO;;0;;Colis?úo;Luz do Dia;Bom;Seca;Cruz;Sem?íforo;Comercial;0;2;0;1;0;0;0;0;0;0;0;0;-3,736579000000000;-38,531494000000000
305653;28;4;2017;12:35;3420;AV JOAO PESSOA;RUA DES PRAXEDES;;0;;Colis?úo Lateral Sentido Oposto;Luz do Dia;Chuva;Molhada;Cruz;Sem?íforo;Comercial;0;2;0;1;1;0;0;0;0;0;0;0;-3,756946000000000;-38,553504000000000
305654;28;4;2017;15:20;0;AV ANTONIO SALES;;;3510;;Colis?úo Lateral;Luz do Dia;Bom;Seca;Meio de Quadra;N?úo H?í Controle;Residencial;0;4;0;1;0;0;0;0;0;0;0;0;-3,748486000000000;-38,492473000000000
305663;28;4;2017;12:40;5122;AV IMPERADOR;RUA SAO PAULO;;0;;Colis?úo Lateral;Luz do Dia;Bom;Seca;Cruz;Gesto;Comercial;0;3;0;0;0;0;0;0;0;1;0;0;-3,724049000000000;-38,533522000000000
305667;28;4;2017;16:25;22198;RUA DR HELIO VIANA;AV SGT HERMINIO SAMPAIO;;0;;Colis?úo Lateral;Luz do Dia;Nublado;Seca;T;N?úo H?í Controle;Comercial;0;2;0;1;0;0;0;0;0;1;0;0;-3,726835000000000;-38,563084000000000
305671;28;4;2017;09:20;0;AV DOM LUIS;;;0;;Colis?úo Lateral;Luz do Dia;Nublado;Seca;Meio de Quadra;Sem?íforo;Comercial;0;2;0;1;0;0;0;0;0;0;0;0;;
305672;28;4;2017;09:20;15309;RUA JOSE VILAR;RUA TEN BENEVOLO;;0;;Colis?úo Transversal;Luz do Dia;Nublado;Seca;Cruz;Sem?íforo;Residencial;0;2;0;1;0;0;0;0;0;0;0;0;-3,730049000000000;-38,502809000000000
325084;28;4;2017;06:01;0;AV DR THEBERGE;;;2015;;Colis?úo;Luz do Dia;;;Meio de Quadra;;;0;1;0;0;0;0;0;0;0;0;0;0;-3,718160000000000;-38,566111000000000
325087;28;4;2017;07:27;12457;AV AUGUSTO DOS ANJOS;AV JOSE BASTOS;;0;;Colis?úo;Luz do Dia;;;;;;0;1;0;0;0;0;0;0;0;0;0;0;-3,770153000000000;-38,570427000000000
325088;28;4;2017;07:44;0;AV PRS COSTA E SILVA;;;1801;;Queda;Luz do Dia;;;Meio de Quadra;;;0;1;0;0;0;0;0;0;0;1;0;0;-3,817568000000000;-38,565441000000000
325094;28;4;2017;08:36;0;AV GOV RAUL BARBOSA;;;7163;;Colis?úo;Luz do Dia;;;Meio de Quadra;;;0;1;0;0;0;0;0;0;0;1;0;0;-3,775241000000000;-38,512993000000000
325097;28;4;2017;09:27;20979;RUA ALAGOAS;TR SANTANA;;0;;Colis?úo;Luz do Dia;;;;;;0;1;0;1;0;0;0;0;0;1;0;0;;
325100;28;4;2017;11:19;0;AV ALBERTO CRAVEIRO;;;0;;Colis?úo;Luz do Dia;;;Meio de Quadra;;;0;1;0;1;0;1;0;0;0;0;0;0;;
325108;28;4;2017;13:28;0;ET DO FIO (MESSEJANA);;;1177;;Colis?úo;Luz do Dia;;;Meio de Quadra;;;0;1;0;1;0;0;0;0;0;1;0;0;;
325112;28;4;2017;15:31;0;RUA CEL NUNES DE MELO;;;0;;Colis?úo;Luz do Dia;;;Meio de Quadra;;;0;1;0;0;0;0;0;0;0;1;0;0;;
325115;28;4;2017;16:20;0;RUA NEREU RAMOS;;;0;;Queda;Luz do Dia;;;;;;0;1;0;0;0;0;0;0;0;1;0;0;;
325119;28;4;2017;16:35;0;RUA FRE MARCELINO;;;1776;;Colis?úo;Luz do Dia;;;Meio de Quadra;;;0;1;0;1;0;0;0;0;0;1;0;0;-3,750088000000000;-38,558169000000000
325120;28;4;2017;17:02;0;VL SAO VICENTE;;;1940;;Queda;Anoitecer;;;Meio de Quadra;;;0;1;0;0;0;0;0;0;0;1;0;0;;
325121;28;4;2017;17:30;15743;RUA MANUEL ARRUDA;RUA HERBENE;;0;;Colis?úo;Anoitecer;;;Cruz;Pare;Comercial;0;1;0;1;0;0;0;0;0;1;0;0;-3,828948000000000;-38,504019000000000
325125;28;4;2017;18:11;0;RUA MOREIRA DA ROCHA;;;0;;Choque c/ Obst?ículo Fixo;Anoitecer;;;Meio de Quadra;;;0;1;0;1;0;0;0;0;0;1;0;0;;
325129;28;4;2017;18:55;0;AV DOM LUIS;;;0;;Queda;;;;Meio de Quadra;;;0;1;0;0;0;1;0;0;0;0;0;0;;
325130;28;4;2017;19:07;0;AV HIS RAIMUNDO GIRAO;;;474;;Queda;;;;Meio de Quadra;;;0;1;0;0;0;0;0;0;0;1;0;0;-3,720926000000000;-38,511153000000000
325131;28;4;2017;19:48;0;AV PRS COSTA E SILVA;;;0;;Colis?úo;;;;Meio de Quadra;;;0;1;0;1;0;0;0;0;0;1;0;0;;
325127;28;4;2017;18:16;0;AV JOR THOMAZ COELHO;;;1466;;Colis?úo;Anoitecer;;;Meio de Quadra;;;0;1;0;1;0;0;0;0;0;0;0;0;-3,830130000000000;-38,508267000000000
325135;28;4;2017;19:54;0;RUA STO ANTONIO D12;;;821;;Atropelamento;;;;Meio de Quadra;;;0;1;0;0;0;0;0;0;0;1;0;0;-3,744168200000000;-38,488340900000000
325137;28;4;2017;20:03;0;AV GAL OSORIO DE PAIVA;;;3446;;Colis?úo;;;;Meio de Quadra;;;0;1;0;0;0;0;0;0;0;1;0;0;-3,791345000000000;-38,589057000000000
325146;28;4;2017;20:31;0;RUA CEL MATOS DOURADO;;;661;;Colis?úo;;;;Meio de Quadra;;;0;1;0;1;0;0;0;0;0;0;0;0;-3,744714000000000;-38,584887000000000
325149;28;4;2017;20:48;0;AV GAL OSORIO DE PAIVA;;;3454;;Colis?úo;;;;Meio de Quadra;;;0;1;0;1;0;0;0;0;0;1;0;0;-3,791410000000000;-38,589119000000000
325151;28;4;2017;21:04;0;AV PRS COSTA E SILVA;;;1578;;Colis?úo;;;;Meio de Quadra;;;0;1;0;0;0;0;0;0;0;0;0;0;;
325154;28;4;2017;21:28;5100;AV DOM MANUEL;AV MON TABOSA;;0;;Colis?úo;;;;;;;0;1;0;1;0;0;0;0;0;1;0;0;-3,723546362000000;-38,519575249000000
325156;28;4;2017;21:44;12501;AV JOSE BASTOS;RUA DIAMANTINA;;0;;Colis?úo;;;;T;Pare;Comercial;0;1;0;0;0;0;0;0;0;0;0;0;-3,764978000000000;-38,567402000000000
325158;28;4;2017;21:58;0;RUA PDE RODOLFO;;;246;;Colis?úo;;;;Meio de Quadra;;;0;1;0;1;0;0;0;0;0;1;0;0;-3,807093000000000;-38,582519000000000
325159;28;4;2017;22:03;0;AV BEIRA MAR;;;3500;;Colis?úo;;;;Meio de Quadra;;;0;1;0;0;0;0;0;0;0;0;0;0;-3,724012000000000;-38,489696000000000
325161;28;4;2017;22:13;0;RUA PERNAMBUCO;;;2713;;Queda;;;;Meio de Quadra;;;0;1;0;0;0;0;0;0;0;1;0;0;-3,751309000000000;-38,578225000000000
325163;28;4;2017;22:17;0;RUA PESSOA ANTA;;;463;;Colis?úo;;;;Meio de Quadra;;;0;1;0;1;0;0;0;0;0;1;0;0;-3,720731000000000;-38,518887900000000
298229;28;4;2017;01:40;0;RUA PDE FRANCISCO PINTO;;;100;;Atropelamento;Luz do Dia;;;Meio de Quadra;;;1;0;1;1;0;0;0;0;0;0;0;0;-3,744947000000000;-38,538412000000000