COD_ACIDENTE;DIA;MES;ANO;HORA;INTERSECAO;LOG1;LOG2;LOG3;NUMERO;REFERENCIA;NATUREZA;ILUMINACAO;TEMPO;SUPERFICIEPISTA;TIPOCRUZAMENTO;CONTROLETRAFEGO;USOSOLO;MORTOS;FERIDOS;ILESOS;AUTOMOVEL;ONIBUS;BICICLETA;CAMINHAO;MICROONIBUS;CICLOMOTOR;MOTOCICLETA;TRACAOANIMAL;TREM;LATITUDE;LONGITUDE
308694;28;4;2017;05:00;15792;RUA PERGENTINO MAIA;RUA CEL FRANCISCO PEREIRA (MESSEJANA);;1;;Colis?úo Transversal;Amanhecer;Bom;Molhada;Cruz;Pare;Comercial;0;0;1;1;0;0;0;0;0;0;0;0;-3,830777200000000;-38,492756000000000
308706;28;4;2017;18:26;0;AV AUGUSTO DOS ANJOS;;;1127;;Colis?úo Lateral;Via Iluminada;Bom;Seca;Cruz;Sem?íforo;Comercial;0;1;1;1;0;0;0;0;0;1;0;0;-3,776816100000000;-38,576332000000000
308707;28;4;2017;19:11;0;RUA BOUGAVILLES;;;1168;;Colis?úo Frontal;Via Iluminada;Bom;Seca;Meio de Quadra;N?úo H?í Controle;Residencial;0;0;1;0;1;0;0;0;0;1;0;0;-3,802566500000000;-38,557617000000000
308708;28;4;2017;20:51;0;RUA CEL MATOS DOURADO;;;685;;Colis?úo Traseira;Luz do Dia;Bom;Seca;Meio de Quadra;N?úo H?í Controle;Residencial;0;0;2;1;0;0;0;0;0;0;0;0;-3,744993200000000;-38,584980000000000
308709;28;4;2017;19:00;24606;AV MOZART PINHEIRO DE LUCENA;RUA DES HERMES PARAHYBA;;0;;Colis?úo Lateral;Via Iluminada;Bom;Seca;T;Pare;Residencial;0;0;2;1;1;0;0;0;0;0;0;0;-3,712312000000000;-38,593914000000000
308710;28;4;2017;18:46;15232;RUA SILVA PAULET;RUA DEP MOREIRA DA ROCHA;;0;;Colis?úo Transversal;Via Iluminada;Bom;Seca;Cruz;Pare;Comercial;0;0;1;0;0;0;0;0;0;1;0;0;-3,727661800000000;-38,503180000000000
308697;28;4;2017;08:00;0;AV JOSE SABOIA;;;495;;Colis?úo Lateral;Luz do Dia;Nublado;Molhada;Meio de Quadra;N?úo H?í Controle;Industrial;0;0;2;1;0;0;0;0;0;0;0;0;-3,716921300000000;-38,467678000000000
308698;28;4;2017;08:06;12954;RUA BERNARDO MANUEL;AV DOS EXPEDICIONARIOS;;0;;Colis?úo Lateral;Luz do Dia;Nublado;Molhada;T;Pare;Comercial;0;2;1;1;0;0;0;0;0;1;0;0;-3,797457200000000;-38,551216000000000
308699;28;4;2017;13:18;0;RUA PRO HERIBALDO COSTA;;;2116;;Colis?úo Lateral;Luz do Dia;Nublado;Seca;Meio de Quadra;N?úo H?í Controle;Residencial;0;0;2;1;0;0;0;0;0;0;0;0;-3,769904900000000;-38,589077000000000
308700;28;4;2017;15:50;1712;RUA DJALMA PETIT;RUA CAP OLAVO;;0;;Colis?úo Transversal;Luz do Dia;Bom;Seca;Cruz;Pare;Residencial;0;0;2;1;1;0;0;0;0;0;0;0;-3,766194300000000;-38,515877000000000
308701;28;4;2017;14:13;0;RUA JOSE HIPOLITO;;;1165;;Colis?úo Lateral;Luz do Dia;Bom;Seca;Meio de Quadra;Pare;Comercial;0;1;1;1;0;0;0;0;0;1;0;0;-3,835819500000000;-38,485950000000000
308702;28;4;2017;12:10;0;AV DEP PAULINO ROCHA;;;37;;Colis?úo Traseira;Luz do Dia;Bom;Seca;Meio de Quadra;N?úo H?í Controle;Residencial;0;1;1;1;0;0;0;0;0;1;0;0;-3,801125500000000;-38,507324000000000
308703;28;4;2017;16:28;0;RUA GERMANO FRANCK;RUA CARLOS AMORA;;0;;Colis?úo Lateral;Luz do Dia;Bom;Seca;Y;Sem?íforo;Comercial;0;0;2;1;1;0;0;0;0;0;0;0;-3,776918000000000;-38,562240000000000
308704;28;4;2017;16:15;15371;AV DOM LUIS;RUA PRO DIAS DA ROCHA;;0;;Colis?úo Transversal;Luz do Dia;Bom;Seca;Cruz;Pare;Comercial;0;1;1;1;0;0;0;0;0;1;0;0;-3,735342700000000;-38,491573000000000
308750;28;4;2017;19:50;0;TR RIO DE JANEIRO;;;604;;Atropelamento;Via Iluminada;Bom;Seca;Meio de Quadra;N?úo H?í Controle;Residencial;0;1;1;0;1;0;0;0;0;0;0;0;-3,769263500000000;-38,591015000000000
324480;28;4;2017;10:44;0;RD CE-040;;;0;KM-07;Colis?úo;Luz do Dia;;Seca;Meio de Quadra;;;0;0;4;1;0;0;1;0;0;0;0;0;-3,817159445000000;-38,483032860000000
324484;29;4;2017;06:45;0;RD CE-040;;;0;KM-05;Choque c/ Obst?ículo Fixo;Luz do Dia;;Seca;Meio de Quadra;;;0;0;1;1;0;0;0;0;0;0;0;0;-3,800595823000000;-38,479534630000000
324488;29;4;2017;10:30;0;AV MIN JOSE AMERICO;;;2000;;Colis?úo;Luz do Dia;;Seca;Meio de Quadra;;;0;0;2;1;0;0;0;0;0;0;0;0;-3,810393000000000;-38,483622000000000
324486;29;4;2017;12:45;0;AV SEN CARLOS JEREISSATI (AEROPORTO);;;0;KM 02;Colis?úo;Luz do Dia;;Seca;Meio de Quadra;;;0;0;2;1;0;0;0;0;0;0;0;0;-3,782194000000000;-38,535424000000000
308252;29;4;2017;13:30;5403;RUA PINTO MADEIRA;RUA GONCALVES LEDO;;942;;Colis?úo Lateral;Luz do Dia;Chuva;Molhada;Cruz;Pare;Residencial;0;1;1;1;0;0;0;0;0;0;0;0;-3,732581100000000;-38,516518000000000
308723;29;4;2017;09:16;1592;RUA CEL JUCA;RUA CAROLINA SUCUPIRA;;0;;Colis?úo Lateral;Luz do Dia;Bom;Seca;Cruz;Pare;Comercial;0;0;2;1;0;0;0;0;0;0;0;0;-3,743456400000000;-38,493046000000000
308711;29;4;2017;02:00;0;AV 13 DE MAIO;;;1025;;Colis?úo Traseira;Via Iluminada;Bom;Molhada;Meio de Quadra;Sem?íforo;Comercial;0;0;3;1;0;0;0;0;0;0;0;0;-3,750817000000000;-38,527557000000000
308712;29;4;2017;08:55;25018;RUA TEODOMIRO DE CASTRO;RUA FRANCISCO CALACA;;0;;Colis?úo Lateral;Luz do Dia;Nublado;Seca;T;Pare;Residencial;0;0;1;0;1;0;0;0;0;1;0;0;-3,717280600000000;-38,574207000000000
308713;29;4;2017;01:04;17359;AV PRO GOMES DE MATOS;RUA IRM BAZET;;0;;Atropelamento;Luz do Dia;Bom;Seca;Cruz;Pare;Comercial;0;2;1;1;0;0;0;0;0;1;0;0;-3,766030600000000;-38,549860000000000
308714;29;4;2017;13:40;0;AV E CJ DOS BANCARIOS;RUA 23 CJ BEIRA RIO;;0;;Colis?úo Transversal;Luz do Dia;Bom;Seca;T;N?úo H?í Controle;Residencial;0;1;1;1;0;0;0;0;0;1;0;0;-3,719078800000000;-38,597200000000000
308715;29;4;2017;12:15;577;AV DR THEBERGE;AV FRANCISCO SA;;0;;Colis?úo Traseira;Luz do Dia;Bom;Seca;Cruz;Sem?íforo;Comercial;0;0;2;1;0;0;0;0;0;0;0;0;-3,714988500000000;-38,565018000000000
308717;29;4;2017;13:27;19098;RUA AMELIA BENEBIEN;RUA JOSE CARLOS GURGEL NOGUEIRA;;0;;Colis?úo Transversal;Luz do Dia;Bom;Seca;Cruz;Pare;Residencial;0;0;1;0;0;0;0;0;0;1;0;0;-3,737659200000000;-38,476585000000000
308718;29;4;2017;13:50;0;AV SGT HERMINIO SAMPAIO;;;1998;POLO DE LAZER;Colis?úo Traseira;Luz do Dia;Bom;Seca;Meio de Quadra;N?úo H?í Controle;Comercial;0;0;2;1;0;0;0;0;0;0;0;0;-3,725775700000000;-38,558163000000000
308719;29;4;2017;14:35;1450;RUA JOAO CARVALHO;RUA JOSE VILAR;;0;;Colis?úo Traseira;N?úo Iluminada;Bom;Seca;Meio de Quadra;Sem?íforo;Residencial;0;0;0;1;0;0;0;0;0;1;0;0;-3,738345400000000;-38,505620000000000
308720;29;4;2017;12:18;13426;RUA CARLOS VASCONCELOS;RUA JOAQUIM TORRES;;0;;Colis?úo Transversal;Luz do Dia;Bom;Seca;Cruz;Pare;Comercial;0;0;3;1;0;0;0;0;0;1;0;0;-3,742358400000000;-38,513874000000000
308721;29;4;2017;18:16;26218;AV VIS RIO BRANCO;RUA CON BESSA;;3135;;Queda;Via Iluminada;Bom;Seca;T;Gesto;Comercial;0;0;1;1;0;0;0;0;0;0;0;0;-3,748412000000000;-38,521484000000000
304174;29;4;2017;20:00;0;RUA BERNARDO MANUEL;;;0;;Queda;;;;Meio de Quadra;;;1;0;0;0;0;0;0;0;0;1;0;0;-3,805712200000000;-38,459578900000000
325166;29;4;2017;00:46;5188;RUA TEN BENEVOLO;RUA NOGUEIRA ACIOLI;;0;;Colis?úo;;;;Cruz;Pare;Residencial;0;1;0;1;0;0;0;0;0;0;0;0;-3,725858000000000;-38,515591000000000
325168;29;4;2017;01:14;0;AV AUGUSTO DOS ANJOS;;;1658;;Queda;;;;Meio de Quadra;;;0;1;0;0;0;0;0;0;0;1;0;0;-3,780773000000000;-38,579685000000000
325170;29;4;2017;02:58;0;RUA PLANALTINA (PL AYRTON SENNA);;;199;;Queda;;;;Meio de Quadra;;;0;1;0;0;0;0;0;0;0;1;0;0;-3,832629700000000;-38,569432600000000
325175;29;4;2017;07:08;0;RUA FRANCISCO LORDA;;;205;;Colis?úo;Luz do Dia;;;Meio de Quadra;;;0;0;2;0;0;0;0;0;0;1;0;0;-3,762180000000000;-38,531022000000000
325179;29;4;2017;09:25;9895;RUA SGT JOAO PINHEIRO;RUA GERALDO BARBOSA;;0;;Colis?úo;Luz do Dia;;;Cruz;Pare;Comercial;0;1;0;1;0;0;0;0;0;1;0;0;-3,785245000000000;-38,623471000000000
325183;29;4;2017;10:41;0;RD BR 116;;;0;;Queda;Luz do Dia;;;Meio de Quadra;;;0;1;0;0;0;0;0;0;0;1;0;0;;
325187;29;4;2017;10:48;0;AV PRS COSTA E SILVA;;;2335;;Colis?úo;Luz do Dia;;;Meio de Quadra;;;0;1;0;0;0;0;0;0;0;1;0;0;-3,819895000000000;-38,560863000000000
325190;29;4;2017;10:50;0;AV PRS COSTA E SILVA;;;2550;;Colis?úo;Luz do Dia;;;Meio de Quadra;;;0;1;0;0;0;0;0;0;1;1;0;0;-3,820624000000000;-38,559363000000000
325194;29;4;2017;11:14;0;AV MOZART PINHEIRO DE LUCENA;;;0;;Queda;Luz do Dia;;;Meio de Quadra;;;0;1;0;0;0;0;0;0;0;1;0;0;;
325197;29;4;2017;12:54;0;AV JOAO PESSOA;;;3421;;Queda;Luz do Dia;;;Meio de Quadra;;;0;1;0;0;0;0;0;0;0;1;0;0;;
325200;29;4;2017;13:18;1450;RUA JOAO CARVALHO;RUA JOSE VILAR;;0;;Colis?úo;Luz do Dia;;;Meio de Quadra;Sem?íforo;Residencial;0;1;0;1;0;0;0;0;0;1;0;0;-3,738318000000000;-38,505477000000000
325202;29;4;2017;14:19;0;RUA DOM SEBASTIAO LEME;;;0;;Atropelamento;Luz do Dia;;;Meio de Quadra;;;0;1;0;1;0;0;0;0;0;0;0;0;;
325207;29;4;2017;14:33;0;RUA L CJ JOAO PAULO II;;;16;;Queda;Luz do Dia;;;Meio de Quadra;;;0;1;0;0;0;1;0;0;0;0;0;0;;
325210;29;4;2017;14:43;0;RUA ZACARIAS GONDIM;;;545;;Colis?úo;Luz do Dia;;;Meio de Quadra;;;0;1;0;1;0;0;0;0;0;1;0;0;-3,767157000000000;-38,558149000000000
325213;29;4;2017;15:52;0;AV MAJ ASSIS;;;2467;;Colis?úo;Luz do Dia;;;Meio de Quadra;;;0;1;0;1;0;0;0;0;0;1;0;0;-3,720080000000000;-38,602290000000000
325216;29;4;2017;16:52;0;AV SGT HERMINIO SAMPAIO;;;4512;;Colis?úo;Luz do Dia;;;Meio de Quadra;;;0;1;0;0;0;0;0;0;0;0;0;0;-3,731903000000000;-38,580213000000000
325219;29;4;2017;17:33;0;RUA BOM JESUS (BARRA DO CEARA);;;2376;;Colis?úo;Anoitecer;;;Meio de Quadra;;;0;1;0;1;0;0;0;0;0;1;0;0;;
325221;29;4;2017;17:49;0;RUA PDE IBIAPINA;;;0;;Colis?úo;Anoitecer;;;Meio de Quadra;;;0;1;0;1;0;0;0;0;0;1;0;0;;
325224;29;4;2017;17:51;0;RUA JOSIAS PAULA DE SOUZA;;;313;;Colis?úo;Anoitecer;;;Meio de Quadra;;;0;1;0;0;0;0;0;0;0;0;0;0;-3,727880600000000;-38,470276300000000
325263;29;4;2017;18:24;0;AV HILDEBRANDO DE MELO;;;811;;Colis?úo;Anoitecer;;;Meio de Quadra;;;0;1;0;1;0;0;0;0;0;1;0;0;-3,713749800000000;-38,588184200000000
325266;29;4;2017;18:27;0;AV DIOGUINHO;;;0;;Colis?úo;Anoitecer;;;;;;0;1;0;1;0;0;0;0;0;1;0;0;;
325267;29;4;2017;;0;AV FRANCISCO SA;;;0;;Colis?úo;;;;Meio de Quadra;;;0;1;0;0;0;0;0;0;0;0;0;0;;
325273;29;4;2017;21:22;0;TR JULIO CESAR;;;0;;Colis?úo;;;;Meio de Quadra;;;0;1;0;1;0;0;0;0;0;1;0;0;;
325276;29;4;2017;21:30;0;RUA HENRIQUE DE CASTRO;;;233;;Colis?úo;;;;Meio de Quadra;;;0;1;0;1;0;0;0;0;0;1;0;0;-3,777072000000000;-38,500232000000000
325278;29;4;2017;22:22;0;RUA ENG JOAO NOGUEIRA;;;453;;Queda;;;;Meio de Quadra;;;0;1;0;0;0;0;0;0;0;1;0;0;-3,712888000000000;-38,560621000000000
325283;29;4;2017;22:29;0;AV GAL OSORIO DE PAIVA;;;4800;;Colis?úo;;;;Meio de Quadra;;;0;1;0;1;0;0;0;0;0;1;0;0;-3,800921000000000;-38,598379000000000
325285;29;4;2017;22:45;0;RUA DEP JOEL MARQUES;;;207;;Colis?úo;;;;;;;0;1;0;0;0;0;0;0;0;1;0;0;-3,754119839000000;-38,576745942000000
325288;29;4;2017;22:59;0;RUA IGUATU;;;110;;Colis?úo;;;;Meio de Quadra;;;0;1;0;0;0;0;0;0;0;0;0;0;-3,783811000000000;-38,543214000000000
325750;29;4;2017;10:40;0;RD BR 116;;;0;KM 00;Colis?úo Transversal;Luz do Dia;;Seca;Meio de Quadra;;;0;1;2;1;0;0;0;0;0;1;0;0;-3,756498000000000;-38,521850000000000
305673;29;4;2017;18:50;9216;RUA MARIO MAMEDE;RUA NAPOLEAO LAUREANO;;0;;Colis?úo Transversal;Via Iluminada;Bom;Seca;Cruz;Pare;Residencial;0;1;1;1;0;0;0;0;0;0;0;0;-3,750799000000000;-38,529662000000000
305688;29;4;2017;11:45;0;AV BEIRA MAR;AV DES MOREIRA;;2800;;Colis?úo Transversal;Luz do Dia;Bom;Seca;;;;0;2;0;1;0;0;0;0;0;1;0;0;-3,726064000000000;-38,495181000000000
305685;29;4;2017;15:00;0;AV ALBERTO CRAVEIRO;;;2736;;Colis?úo Traseira;Luz do Dia;Bom;Seca;Meio de Quadra;Outros;Comercial;0;2;0;1;0;0;0;0;0;1;0;0;-3,803641000000000;-38,521894000000000
305686;29;4;2017;12:00;0;RUA 41 CJ POLAR;;;511;;Colis?úo Lateral;Luz do Dia;Bom;Seca;Meio de Quadra;N?úo H?í Controle;Residencial;0;2;0;1;0;0;0;0;0;0;0;0;-3,715159788000000;-38,599291645000000
305679;29;4;2017;12:10;3376;AV ENG HUMBERTO MONTE;RUA CEL NUNES DE MELO;;0;;Colis?úo Traseira;Luz do Dia;Bom;Seca;Cruz;N?úo H?í Controle;Comercial;0;2;0;1;0;0;0;0;0;0;0;0;-3,753384000000000;-38,556940000000000
305675;29;4;2017;22:10;9163;RUA ARTHUR TEMOTEO;RUA SOUSA GIRAO;;0;;Colis?úo Transversal;Via Iluminada;Bom;Seca;Cruz;Pare;Residencial;0;2;0;1;0;0;0;0;0;0;0;0;-3,745757000000000;-38,524480000000000
305681;29;4;2017;11:35;0;RUA SEN ALENCAR;;;1040;;Colis?úo Lateral;Luz do Dia;Bom;Seca;Meio de Quadra;Pare;Comercial;0;2;0;1;0;0;0;0;0;0;0;0;-3,722617000000000;-38,535020000000000
305703;29;4;2017;12:20;0;AV PRS CASTELO BRANCO;;;1125;;Colis?úo Lateral;Luz do Dia;Bom;Seca;Meio de Quadra;Outros;Comercial;0;0;2;1;0;0;0;0;0;0;0;0;;
305705;29;4;2017;01:30;26236;RUA BERNARDO MANUEL;AV DR SILAS MUNGUBA;;0;;Colis?úo Lateral;Via Iluminada;Chuva;Molhada;Cruz;Sem?íforo;Comercial;0;1;0;1;0;0;0;0;0;0;0;0;-3,787538000000000;-38,547960000000000
305691;29;4;2017;15:15;25675;AV ABOLICAO;TR SAO GERARDO (MUCURIPE);;0;;Colis?úo Frontal;Luz do Dia;Bom;Molhada;Duplo T;N?úo H?í Controle;Residencial;0;2;0;1;0;0;0;0;0;0;0;0;-3,725907000000000;-38,486613000000000
305692;29;4;2017;13:18;25269;AV DOS EXPEDICIONARIOS;RUA CEL AMANCIO CAVALCANTE;;0;;Colis?úo Transversal;Luz do Dia;Bom;Seca;T;Pare;Comercial;0;2;0;1;0;0;0;0;0;1;0;0;-3,755998000000000;-38,538468000000000
305694;29;4;2017;11:00;7914;RUA LEONARDO MOTA;AV ANTONIO SALES;;0;;Colis?úo Lateral;Luz do Dia;Bom;Seca;Cruz;Sem?íforo;Comercial;0;2;0;1;1;0;0;0;0;0;0;0;-3,746358000000000;-38,499442000000000
305696;29;4;2017;14:40;25061;AV 13 DE MAIO;RUA COS TRISTAO;;0;;Colis?úo Traseira;Luz do Dia;Bom;Seca;Cruz;N?úo H?í Controle;Comercial;0;2;0;1;0;0;0;0;0;1;0;0;-3,748763000000000;-38,529981000000000
305697;29;4;2017;07:40;15743;RUA HERBENE;RUA MANUEL ARRUDA;;0;;Colis?úo Transversal;Luz do Dia;Bom;Seca;Cruz;N?úo H?í Controle;Comercial;0;2;0;1;0;0;0;0;0;0;0;0;-3,828948000000000;-38,504019000000000
305699;29;4;2017;12:35;0;AV ALANIS MARIA LAURINDO DE OLIVEIRA;;;0;;Colis?úo Lateral;Luz do Dia;Bom;Seca;T;Pare;Residencial;0;2;0;1;0;0;0;1;0;0;0;0;;
305700;29;4;2017;16:25;0;AV PRS JUSCELINO KUBITSCHEK (PASSAR?ë);;;0;;Engavetamento;Luz do Dia;Bom;Seca;Meio de Quadra;Outros;Residencial;0;2;0;1;0;0;0;0;0;0;0;0;;
305702;30;4;2017;;15204;AV ABOLICAO;RUA JULIO IBIAPINA;;0;;Colis?úo Traseira;Luz do Dia;Nublado;Molhada;Cruz;Sem?íforo;Comercial;0;0;2;1;0;0;0;0;0;0;0;0;-3,726679000000000;-38,491290000000000
305704;30;4;2017;20:40;15238;RUA TEN BENEVOLO;RUA BAR ARACATI;;0;;Colis?úo Transversal;Via Iluminada;Bom;Seca;Cruz;Pare;Residencial;0;0;2;1;0;0;0;0;0;0;0;0;-3,727628000000000;-38,510266000000000
305684;30;4;2017;13:33;0;AV FRANCISCO SA;;;2102;;Colis?úo Lateral;Luz do Dia;Bom;Seca;Meio de Quadra;N?úo H?í Controle;Comercial;0;0;2;0;0;0;0;0;0;1;0;0;-3,721689000000000;-38,544301000000000
305690;30;4;2017;14:00;24424;RUA TIANGUA;RUA RAUL CABRAL;;0;;Colis?úo Traseira;Luz do Dia;Bom;Seca;Cruz;Pare;Residencial;0;0;2;1;0;0;0;0;0;0;0;0;-3,769821000000000;-38,541894000000000
325752;30;4;2017;09:50;0;RD BR 222;;;800;KM-02;Colis?úo Traseira;Luz do Dia;;Molhada;Meio de Quadra;;;0;0;2;1;0;0;1;0;0;0;0;0;-3,740362400000000;-38,596996100000000
325562;30;4;2017;23:08;0;AV DR THEBERGE;;;0;;Colis?úo;;;;Meio de Quadra;;;0;1;0;0;0;0;0;0;0;0;0;0;;
325556;30;4;2017;21:51;10127;RUA MARIA JULIA;RUA JOAO VINTE TRES;;0;;Colis?úo;;;;;;;0;2;0;0;0;0;0;0;0;1;0;0;-3,788370000000000;-38,598645000000000
325560;30;4;2017;22:23;0;RUA TOBIAS;;;571;;Colis?úo;;;;Meio de Quadra;;;0;1;0;0;0;0;0;0;0;0;0;0;-3,792108980000000;-38,472560038000000
325551;30;4;2017;21:11;0;AV GODOFREDO MACIEL;;;620;;Queda;;;;Meio de Quadra;;;0;1;0;0;0;0;0;0;0;1;0;0;-3,781847600000000;-38,565609700000000
325545;30;4;2017;19:15;0;AV FRANCISCO SA;;;0;;Queda;;;;Meio de Quadra;;;0;1;0;0;0;1;0;0;0;0;0;0;;
325548;30;4;2017;20:00;0;RUA ITATIAIA;;;989;;Colis?úo;;;;Meio de Quadra;;;0;2;0;0;0;0;0;0;0;1;0;0;;
325518;30;4;2017;12:33;0;AV JOSE BASTOS;;;0;;Colis?úo;Luz do Dia;;;Meio de Quadra;;;0;1;0;0;0;0;0;0;0;0;0;0;;
325540;30;4;2017;18:43;0;RUA AMARAL PEIXOTO;;;930;;Atropelamento;Anoitecer;;;Meio de Quadra;;;0;1;0;0;0;0;0;0;0;1;0;0;;
325543;30;4;2017;18:45;0;AV PRS COSTA E SILVA;;;605;;Atropelamento;;;;Meio de Quadra;;;0;1;0;1;0;0;0;0;0;0;0;0;;
325531;30;4;2017;14:25;19328;RUA CON DE CASTRO;RUA EDUARDO PERDIGAO;;0;;Queda;Luz do Dia;;;Cruz;Pare;Comercial;0;1;0;0;0;0;0;0;0;1;0;0;-3,775579000000000;-38,564769000000000
325534;30;4;2017;16:10;0;RUA TEODOMIRO DE CASTRO;;;633;;Queda;Luz do Dia;;;Meio de Quadra;;;0;1;0;0;0;1;0;0;0;0;0;0;-3,717888400000000;-38,574011900000000
325535;30;4;2017;18:00;0;AV GAL OSORIO DE PAIVA;;;5305;;Colis?úo;Anoitecer;;;Meio de Quadra;;;0;2;0;1;0;0;0;0;0;1;0;0;-3,804004000000000;-38,601392000000000
325537;30;4;2017;18:24;0;AV JOSE BASTOS;;;0;;Queda;Anoitecer;;;Meio de Quadra;;;0;1;0;0;0;0;0;0;0;1;0;0;;
325521;30;4;2017;13:19;0;AV AUGUSTO DOS ANJOS;;;925;;Colis?úo;Luz do Dia;;;Meio de Quadra;;;0;1;0;1;0;0;0;0;0;1;0;0;-3,775682000000000;-38,575203000000000
325612;30;4;2017;23:15;0;AV PRS COSTA E SILVA;;;1578;;Atropelamento;;;;Meio de Quadra;;;0;1;0;0;0;0;0;0;0;0;0;0;-3,814919400000000;-38,569342300000000
325613;30;4;2017;23:18;4107;RUA GOMES PASSOS;RUA PRO DOMINGOS BONIFACIO;;0;;Colis?úo;;;;T;Pare;Residencial;0;1;0;0;0;0;0;0;0;0;0;0;-3,712112000000000;-38,558613000000000
325515;30;4;2017;11:06;0;RUA SOUSA CARVALHO;;;0;;Colis?úo;Luz do Dia;;;Meio de Quadra;;;0;1;0;1;0;0;0;0;0;1;0;0;;
325509;30;4;2017;10:07;0;AV GAL OSORIO DE PAIVA;;;4699;;Atropelamento;Luz do Dia;;;Meio de Quadra;;;0;1;0;1;0;0;0;0;0;0;0;0;-3,800230000000000;-38,597713000000000
325511;30;4;2017;10:56;0;AV JOVITA FEITOSA;;;2016;;Queda;Luz do Dia;;;Meio de Quadra;;;0;1;0;0;0;0;0;0;0;1;0;0;;
325465;30;4;2017;09:45;7400;RUA CEL MATOS DOURADO;RUA PRO EDGAR DE ARRUDA;;0;;Colis?úo;Luz do Dia;;;Cruz;Pare;Residencial;0;1;0;1;0;0;0;0;0;1;0;0;-3,758202000000000;-38,584848000000000
325462;30;4;2017;09:12;0;AV DOMINGOS OLIMPIO;;;1589;;Colis?úo;Luz do Dia;;;Meio de Quadra;;;0;1;0;1;0;0;0;0;0;1;0;0;-3,734468000000000;-38,537715000000000
325365;30;4;2017;07:42;22158;AV JOSE BASTOS;RUA GUSTAVO BRAGA;;0;;Colis?úo;Luz do Dia;;;T;Sem?íforo;Comercial;0;1;0;0;0;0;0;0;0;1;0;0;-3,751535000000000;-38,551989000000000
325290;30;4;2017;00:22;3831;AV 13 DE MAIO;RUA MAL DEODORO;;0;;Colis?úo;;;;Cruz;Sem?íforo;Comercial;0;1;0;1;0;0;0;0;0;1;0;0;-3,743122000000000;-38,536588000000000
325302;30;4;2017;07:42;22158;AV JOSE BASTOS;RUA GUSTAVO BRAGA;;0;;Colis?úo;Luz do Dia;;;T;Sem?íforo;Comercial;0;1;0;1;0;0;0;0;0;1;0;0;-3,751535000000000;-38,551989000000000
308722;30;4;2017;06:58;8959;AV BEZERRA DE MENEZES;RUA CEL RIBEIRO DA SILVA;;1;;Colis?úo Lateral;Luz do Dia;Nublado;Molhada;T;N?úo H?í Controle;Comercial;0;0;2;1;0;0;0;0;0;1;0;0;-3,732127200000000;-38,547794000000000
308724;30;4;2017;10:12;0;AV DR SILAS MUNGUBA;;;4629;;Colis?úo Traseira;Luz do Dia;Chuva;Molhada;Meio de Quadra;N?úo H?í Controle;Residencial;0;0;2;1;1;0;0;0;0;0;0;0;-3,793523800000000;-38,534664000000000
308725;30;4;2017;15:21;1542;RUA PDE VALDEVINO;AV RUI BARBOSA;;0;;Colis?úo Transversal;Luz do Dia;Bom;Seca;Cruz;Sem?íforo;Residencial;0;0;2;1;0;0;0;0;0;0;0;0;-3,741105300000000;-38,511090000000000
324492;30;4;2017;21:40;0;RD CE-060;;;0;KM-01;Queda;Via Iluminada;;Seca;Meio de Quadra;;;0;1;0;0;0;0;0;0;0;1;0;0;-3,826136000000000;-38,579500000000000
324489;30;4;2017;06:00;0;RD CE-040;;;0;KM-02;Outros;Luz do Dia;;Seca;Meio de Quadra;;;0;0;1;1;0;0;0;0;0;0;0;0;-3,773616148000000;-38,481799400000000
324495;1;5;2017;04:15;0;AV MIN JOSE AMERICO;;;1000;;Choque c/ Obst?ículo Fixo;Via Iluminada;;Seca;Meio de Quadra;;;0;0;1;1;0;0;0;0;0;0;0;0;-3,809107800000000;-38,490601700000000
308726;1;5;2017;07:32;1605;AV DES MOREIRA;RUA PDE VALDEVINO;;0;;Colis?úo Transversal;Luz do Dia;Bom;Seca;Cruz;Sem?íforo;Comercial;0;0;1;1;0;0;0;0;0;0;0;0;-3,744156600000000;-38,500950000000000
308752;1;5;2017;07:15;0;RUA ISAC AMARAL;RUA JOSE VILAR;;0;;Colis?úo Transversal;Via Iluminada;Bom;Seca;Cruz;Pare;Comercial;0;0;2;1;0;0;0;0;0;0;0;0;-3,751318000000000;-38,509666000000000
308728;1;5;2017;20:05;0;RUA JULIO SIQUEIRA;RUA OSVALDO CRUZ;;0;;Colis?úo Transversal;Via Iluminada;Bom;Seca;Cruz;Pare;Residencial;0;0;2;1;0;0;0;0;0;0;0;0;-3,750717900000000;-38,505203000000000
308729;1;5;2017;19:00;4650;RUA PEDRO LAZAR;RUA DES JOSE GIL DE CARVALHO;;0;;Colis?úo Transversal;Via Iluminada;Bom;Seca;Cruz;Pare;Comercial;0;0;2;1;0;0;0;0;0;1;0;0;-3,802707700000000;-38,488426000000000
308730;1;5;2017;18:59;0;AV RAD JOSE LIMA VERDE;;;0;;Colis?úo Transversal;Via Iluminada;Bom;Seca;T;Pare;Comercial;0;2;0;1;0;0;0;0;0;1;0;0;-3,699511800000000;-38,587680000000000
308731;1;5;2017;09:24;0;AV GODOFREDO MACIEL;;;2921;;Colis?úo Traseira;Luz do Dia;Bom;Seca;Meio de Quadra;Sem?íforo;Comercial;0;0;0;1;0;0;0;0;0;0;0;0;-3,801265500000000;-38,571220000000000