COD_ACIDENTE;DIA;MES;ANO;HORA;INTERSECAO;LOG1;LOG2;LOG3;NUMERO;REFERENCIA;NATUREZA;ILUMINACAO;TEMPO;SUPERFICIEPISTA;TIPOCRUZAMENTO;CONTROLETRAFEGO;USOSOLO;MORTOS;FERIDOS;ILESOS;AUTOMOVEL;ONIBUS;BICICLETA;CAMINHAO;MICROONIBUS;CICLOMOTOR;MOTOCICLETA;TRACAOANIMAL;TREM;LATITUDE;LONGITUDE
309710;1;5;2017;10:40;0;AV SANTOS DUMONT;;;0;;Colis?úo Transversal;Luz do Dia;Bom;Seca;Meio de Quadra;D?¬ Prefer?¬ncia;Comercial;0;0;2;1;0;0;0;0;0;1;0;0;-3,747592700000000;-38,463215000000000
309711;1;5;2017;13:30;0;RUA PDE PEDRO DE ALENCAR;;;1971;;Colis?úo Transversal;Luz do Dia;Bom;Seca;Meio de Quadra;D?¬ Prefer?¬ncia;Comercial;0;1;1;1;0;0;0;0;0;1;0;0;-3,845427500000000;-38,494510000000000
319174;1;5;2017;21:38;0;RUA UMARIZEIRA;;;2149;;Colis?úo;;;;Meio de Quadra;;;0;2;0;1;0;0;0;0;0;1;0;0;;
319172;1;5;2017;18:07;0;AV RAD JOSE LIMA VERDE;;;0;;Colis?úo;Anoitecer;;;Meio de Quadra;;;0;1;0;1;0;0;0;0;0;1;0;0;;
319157;1;5;2017;10:27;15338;RUA FREDERICO BORGES;RUA ANA BILHAR;;0;;Atropelamento;Luz do Dia;;;Cruz;Pare;Residencial;0;1;0;1;0;0;0;0;0;0;0;0;-3,731534000000000;-38,489282000000000
319185;1;5;2017;22:23;0;RUA TULIPA NEGRA;;;1975;;Colis?úo;;;;Meio de Quadra;;;0;1;0;0;0;0;0;0;0;0;0;0;-3,819689722000000;-38,597342661000000
319186;1;5;2017;22:37;0;AV PLACIDO CASTELO;;;391;;Colis?úo;;;;Meio de Quadra;;;0;1;0;1;0;0;0;0;0;1;0;0;-3,783694000000000;-38,508568000000000
319183;1;5;2017;21:54;0;RUA PDE PEDRO DE ALENCAR;;;1971;;Colis?úo;;;;Meio de Quadra;;;0;1;0;1;0;0;0;0;0;1;0;0;-3,846095000000000;-38,494523000000000
319152;1;5;2017;00:38;7211;AV DR THEBERGE;AV PRS CASTELO BRANCO;;0;;Colis?úo;;;;Cruz;Sem?íforo;Comercial;0;1;0;0;0;0;0;0;0;0;0;0;-3,710079000000000;-38,563456000000000
319153;1;5;2017;04:11;0;AV DIOGUINHO;;;580;;Colis?úo;;;;Meio de Quadra;;;0;1;0;0;0;0;0;0;0;0;0;0;;
319154;1;5;2017;06:15;22069;RUA PAPI JUNIOR;AV ENG HUMBERTO MONTE;;0;;Choque c/ Obst?ículo Fixo;Luz do Dia;;;Cruz;Pare;Comercial;0;1;0;0;0;0;0;0;0;1;0;0;-3,752552000000000;-38,557697000000000
319155;1;5;2017;06:26;0;RUA GAL GOIS MONTEIRO;;;561;;Queda;Luz do Dia;;;Meio de Quadra;;;0;1;0;0;0;0;0;0;0;1;0;0;-3,733936101000000;-38,580052440000000
319168;1;5;2017;16:48;0;AV VIS RIO BRANCO;;;3797;;Colis?úo;Luz do Dia;;;Meio de Quadra;;;0;1;0;0;1;1;0;0;0;0;0;0;-3,754479000000000;-38,520296000000000
319169;1;5;2017;17:36;0;RUA ANTONIO ARRUDA;;;1126;;Colis?úo;Anoitecer;;;Meio de Quadra;;;0;0;1;0;0;0;0;0;0;0;0;0;-3,717145000000000;-38,593135000000000
319160;1;5;2017;12:12;0;RUA PRA HELOISA F LIMA;;;2130;;Colis?úo;Luz do Dia;;;Meio de Quadra;;;0;0;1;0;0;0;0;0;0;1;0;0;-3,790761000000000;-38,546701000000000
319161;1;5;2017;13:44;0;RUA PRO DIAS DA ROCHA;;;190;;Atropelamento;Luz do Dia;;;Meio de Quadra;;;0;1;0;0;0;0;0;0;0;1;0;0;-3,730847000000000;-38,490185000000000
319162;1;5;2017;13:54;5269;AV DUQ CAXIAS;RUA PDE IBIAPINA;;0;;Queda;Luz do Dia;;;Cruz;Sem?íforo;Comercial;0;1;0;0;0;0;0;0;0;1;0;0;-3,728446000000000;-38,540226000000000
319163;1;5;2017;15:16;0;AV DR ALDY MENTOR;;;0;;Atropelamento;Luz do Dia;;;Meio de Quadra;;;0;1;0;1;0;0;0;0;0;0;0;0;;
319164;1;5;2017;15:31;12818;RUA ANDRE CHAVES;RUA ALBERTO MAGNO;;0;;Colis?úo;Luz do Dia;;;Cruz;Pare;Comercial;0;1;0;1;0;0;0;0;0;1;0;0;-3,756035000000000;-38,542230000000000
298082;1;5;2017;19:10;0;RUA COS GOUVEIA;;;122;;Atropelamento;;;;Meio de Quadra;;;1;0;1;0;0;0;0;0;0;1;0;0;-3,716646000000000;-38,562325000000000
305701;1;5;2017;10:00;0;AV PRS CASTELO BRANCO;;;975;;Colis?úo Traseira;Luz do Dia;;;Meio de Quadra;;;0;0;2;1;0;0;0;0;0;0;0;0;-3,719265000000000;-38,532231000000000
305698;1;5;2017;00:01;0;AV DR THEBERGE;;;0;;Colis?úo Transversal;;;;Meio de Quadra;;;0;1;1;0;1;0;0;0;0;1;0;0;;
305695;1;5;2017;21:00;0;AV JOSE BASTOS;;;4748;;Colis?úo Lateral;;;;Meio de Quadra;;;0;2;1;1;0;0;0;0;0;1;0;0;-3,757925100000000;-38,558029800000000
305693;1;5;2017;03:30;1294;RUA CARLOS VASCONCELOS;RUA TORRES CAMARA;;0;;Colis?úo Transversal;;;;Cruz;Sem?íforo;Comercial;0;0;2;1;0;0;0;0;0;0;0;0;-3,734251000000000;-38,511204000000000
305726;1;5;2017;00:10;17446;RUA EQUADOR;RUA PRO TEODORICO;;0;;Colis?úo Transversal;;;;Cruz;Pare;Comercial;0;2;1;1;0;0;0;0;0;1;0;0;-3,769655000000000;-38,550989000000000
305727;1;5;2017;19:30;3059;RUA CACILDA BECKER;RUA JULIO BRAGA;;0;;Colis?úo Frontal;;;;Cruz;Sem?íforo Danificado;;0;1;2;1;0;0;0;0;0;1;0;0;-3,773990000000000;-38,587823000000000
305723;1;5;2017;11:30;5135;AV TRISTAO GONCALVES;RUA SAO PAULO;;0;;Colis?úo Lateral;Luz do Dia;;;Cruz;Sem?íforo;Comercial;0;0;2;1;0;0;0;0;0;1;0;0;-3,724419000000000;-38,532395000000000
305724;1;5;2017;08:25;7860;AV ANTONIO SALES;AV SEN VIRGILIO TAVORA;;0;;Colis?úo Traseira;Luz do Dia;;;Cruz;Sem?íforo;Comercial;0;1;2;0;0;0;0;0;0;0;0;0;-3,747279000000000;-38,496500000000000
305731;1;5;2017;20:00;11729;RUA DIOGO CORREIA;RUA JOSE GASPAR;;0;;Colis?úo Frontal;;;;T;Pare;Residencial;0;0;2;1;0;0;0;0;0;0;0;0;-3,773538000000000;-38,588831000000000
305717;1;5;2017;08:40;0;AV PRS CASTELO BRANCO;;;575;;Choque c/ Obst?ículo Fixo;Luz do Dia;;;Meio de Quadra;;;0;1;0;1;0;0;0;0;0;0;0;0;-3,719637361000000;-38,531723921000000
305718;1;5;2017;11:35;1378;RUA DES LEITE ALBUQUERQUE;RUA OSVALDO CRUZ (ALDEOTA);;0;;Colis?úo Transversal;Luz do Dia;;;Cruz;Pare;Residencial;0;0;2;1;0;0;0;0;0;0;0;0;-3,736598000000000;-38,500640000000000
305715;2;5;2017;10:50;1262;RUA TIBURCIO CAVALCANTE;RUA MARCOS MACEDO;;0;;Colis?úo Traseira;Luz do Dia;Bom;Seca;T;N?úo H?í Controle;Residencial;0;1;0;1;0;0;0;0;0;0;0;0;-3,732961000000000;-38,501606000000000
305716;2;5;2017;15:50;0;RUA ALBERTO MAGNO;;;397;;Colis?úo Traseira;Luz do Dia;Bom;Seca;Meio de Quadra;Outros;Comercial;0;2;0;1;0;0;0;0;0;0;0;0;-3,759383000000000;-38,545174000000000
305712;2;5;2017;08:31;0;RUA BERNARDO MANUEL;;;7142;;Queda;Luz do Dia;Bom;Seca;Meio de Quadra;;Residencial;0;1;0;0;0;0;0;0;0;1;0;0;-3,780200000000000;-38,545751000000000
305713;2;5;2017;16:55;0;AV LINEU MACHADO;;;1150;;Colis?úo Frontal;Luz do Dia;Bom;Seca;Meio de Quadra;N?úo H?í Controle;Residencial;0;2;0;1;0;0;1;0;0;0;0;0;-3,769789000000000;-38,578952000000000
305728;2;5;2017;13:16;0;RUA CRUZ SALDANHA;;;0;;Colis?úo Lateral;Luz do Dia;Bom;Seca;Meio de Quadra;;Residencial;0;2;0;1;0;0;0;0;0;0;0;0;;
305740;2;5;2017;07:40;19448;AV GAL OSORIO DE PAIVA;RUA ARMANDO PAIVA D34;;0;;Colis?úo Lateral;Luz do Dia;Bom;Seca;T;Outros;Comercial;0;2;0;1;0;0;0;0;0;1;0;0;-3,779702000000000;-38,572950000000000
305738;2;5;2017;20:10;9108;RUA BARTOLOMEU DE GUSMAO;RUA FRANCOIS T MENEZES;;0;;Colis?úo Traseira;Mal Iluminada;Bom;Seca;Cruz;Pare;Comercial;0;2;0;0;1;0;0;0;0;1;0;0;-3,757998000000000;-38,526108000000000
305744;2;5;2017;08:25;4251;AV FRANCISCO SA;RUA MARIO STUDART;;0;;Colis?úo Lateral;Luz do Dia;Bom;;T;Pare;Comercial;0;4;0;1;1;0;0;0;0;0;0;0;-3,719680000000000;-38,550501000000000
305707;2;5;2017;19:45;1578;RUA OSVALDO CRUZ (ALDEOTA);RUA GAL TERTULIANO POTYGUARA;;0;;Colis?úo;Via Iluminada;Bom;Seca;Cruz;Pare;Residencial;0;2;0;1;0;0;0;0;0;0;0;0;-3,742480000000000;-38,502538000000000
305708;2;5;2017;21:30;7357;RUA CEL MATOS DOURADO;RUA RUI MONTE;;0;;Colis?úo Traseira;Via Iluminada;Bom;Seca;Y;Pare;Residencial;0;2;0;1;0;0;0;0;0;0;0;0;-3,749047000000000;-38,584714000000000
305709;2;5;2017;08:57;9115;RUA GAL SILVA JUNIOR;RUA DR ALFREDO WEYNE D14;;0;;Colis?úo Frontal;Luz do Dia;Bom;Seca;Cruz;Pare;Outros;0;2;0;0;0;0;1;0;0;0;0;0;-3,755893000000000;-38,532116000000000
305710;2;5;2017;04:13;0;RUA EMILIO DE MENESES;;;2720;;Colis?úo Lateral;N?úo Iluminada;Chuva;Seca;Meio de Quadra;N?úo H?í Controle;Residencial;0;2;0;1;0;0;0;0;0;0;0;0;-3,776779000000000;-38,605087000000000
305730;2;5;2017;13:16;0;AV DES FLORIANO BENEVIDES;;;220;;Colis?úo Traseira;Luz do Dia;Nublado;Seca;Meio de Quadra;N?úo H?í Controle;Outros;0;2;0;0;0;0;1;0;0;0;0;0;-3,772671000000000;-38,479570000000000
319187;2;5;2017;00:19;0;AV ALBERTO CRAVEIRO;;;1515;;Queda;;;;Meio de Quadra;;;0;1;0;0;0;0;0;0;0;1;0;0;-3,793803000000000;-38,517751000000000
319188;2;5;2017;06:26;0;RUA ENG JAIME ROLEMBERG;;;823;;Atropelamento;Luz do Dia;;;Meio de Quadra;;;0;1;0;1;0;0;0;0;0;0;0;0;-3,804842843000000;-38,565349235000000
319189;2;5;2017;07:04;22937;AV DR SILAS MUNGUBA;RUA GOV JOAO CARLOS;;0;;Queda;Luz do Dia;;;T;Sem?íforo;Comercial;0;1;0;0;0;0;0;0;0;1;0;0;-3,783950000000000;-38,553910000000000
319190;2;5;2017;07:07;0;AV CASTELO DE CASTRO;;;1194;;Colis?úo;Luz do Dia;;;Meio de Quadra;;;0;1;0;1;0;0;0;0;0;1;0;0;-3,839674000000000;-38,521766000000000
319191;2;5;2017;07:13;0;AV WASHINGTON SOARES;;;2017;;Choque c/ Obst?ículo Fixo;Luz do Dia;;Seca;Meio de Quadra;;;0;1;0;1;0;0;0;0;0;0;0;0;-3,776567800000000;-38,481593133000000
319192;2;5;2017;07:33;5402;RUA VINTE E QUATRO DE MAIO;RUA METON DE ALENCAR;;0;;Colis?úo;Luz do Dia;;;Cruz;Pare;Comercial;0;1;0;1;0;0;0;0;0;1;0;0;-3,732626000000000;-38,533848000000000
319206;2;5;2017;08:41;5445;RUA DNA LEOPOLDINA;AV HERACLITO GRACA;;0;;Queda;Luz do Dia;;;Duplo T;Sem?íforo;Comercial;0;1;0;0;0;0;0;0;0;1;0;0;;
319198;2;5;2017;07:39;0;AV PAROARAS;;;1191;;Colis?úo;Luz do Dia;;;Meio de Quadra;;;0;1;0;1;0;0;0;0;0;1;0;0;-3,814729000000000;-38,534098000000000
319202;2;5;2017;07:59;8930;AV DOMINGOS OLIMPIO;RUA JUSTINIANO DE SERPA;;0;;Colis?úo;Luz do Dia;;;Cruz;Sem?íforo;Residencial;0;1;0;1;0;0;0;0;0;1;0;0;-3,733011000000000;-38,542468000000000
319203;2;5;2017;08:19;0;RD BR 116;;;14000;KM-14;Colis?úo;Luz do Dia;;;Meio de Quadra;;;0;1;0;0;0;0;1;0;0;1;0;0;-3,873523000000000;-38,499242000000000
319226;2;5;2017;17:50;0;RD CE-040;;;0;ANEL VIARIO;Colis?úo;Anoitecer;;;Meio de Quadra;;;0;2;0;0;0;1;0;0;0;1;0;0;-3,752392518000000;-38,490747350000000
319224;2;5;2017;17:38;0;AV GODOFREDO MACIEL;;;3888;;Colis?úo;Anoitecer;;;Meio de Quadra;;;0;1;0;1;0;0;0;0;0;1;0;0;-3,809132000000000;-38,573867000000000
319221;2;5;2017;16:15;0;AV I CJ JOSE WALTER;;;185;;Colis?úo;Luz do Dia;;;Meio de Quadra;;;0;1;0;0;0;0;0;0;0;1;0;0;;
319218;2;5;2017;15:47;0;AV LINEU MACHADO;;;1670;;Colis?úo;Luz do Dia;;;Meio de Quadra;;;0;1;0;1;0;0;0;0;0;1;0;0;-3,774153000000000;-38,581188000000000
319219;2;5;2017;15:53;0;RUA VALPARAISO;;;266;;Colis?úo;Luz do Dia;;;Meio de Quadra;;;0;1;0;1;0;0;0;0;0;1;0;0;-3,845968000000000;-38,523205000000000
319216;2;5;2017;12:43;5352;AV DOM MANUEL;RUA PINTO MADEIRA;;0;;Colis?úo;Luz do Dia;;;Cruz;Sem?íforo;Comercial;0;1;0;1;0;0;0;0;0;1;0;0;-3,730964000000000;-38,521957000000000
319213;2;5;2017;12:22;0;AV BEIRA MAR;;;3430;;Colis?úo;Luz do Dia;;;Meio de Quadra;;;0;1;0;1;0;0;0;0;0;1;0;0;-3,724898000000000;-38,490532000000000
319210;2;5;2017;10:19;0;AV DOLOR BARREIRA;;;0;;Queda;Luz do Dia;;;Meio de Quadra;;;0;0;1;0;0;0;0;0;0;1;0;0;;
319211;2;5;2017;12:07;0;RUA CARNAUBAL;;;785;;Colis?úo;Luz do Dia;;;Meio de Quadra;;;0;0;1;0;0;0;0;0;0;1;0;0;-3,722325000000000;-38,585313000000000
319237;2;5;2017;18:50;0;RUA GUARUJA;;;610;;Colis?úo;;;;Meio de Quadra;;;0;0;1;0;0;0;0;0;0;1;0;0;;
319230;2;5;2017;17:52;11884;RUA EPIFANIO LEITE;RUA MON CARNEIRO DA CUNHA;;0;;Atropelamento;Anoitecer;;;Duplo T;Pare;Misto;0;1;0;1;0;0;0;0;0;0;0;0;;
319232;2;5;2017;18:26;0;RUA ENG LUIS MONTENEGRO;;;0;;Queda;Anoitecer;;;Meio de Quadra;;;0;0;1;0;0;0;0;0;0;1;0;0;;
308732;2;5;2017;05:22;17378;RUA ALBERTO MAGNO;RUA ROMEU MARTINS;;0;;Colis?úo Transversal;Via Iluminada;Nublado;Molhada;Cruz;Pare;Comercial;0;2;1;1;0;0;0;0;0;1;0;0;-3,766959200000000;-38,551810000000000
308733;2;5;2017;07:56;0;AV GAL OSORIO DE PAIVA;;;1;;Colis?úo Lateral;Luz do Dia;Nublado;Seca;Meio de Quadra;D?¬ Prefer?¬ncia;Comercial;0;0;2;1;1;0;0;0;0;0;0;0;-3,789033400000000;-38,586636000000000
308734;2;5;2017;08:00;0;AV PRS COSTA E SILVA;;;1822;;Colis?úo Lateral;Luz do Dia;Nublado;Seca;Meio de Quadra;;;0;1;1;0;1;1;0;0;0;0;0;0;-3,817629000000000;-38,565266000000000
308735;2;5;2017;06:45;0;RUA VINTE QUATRO DE MAIO;RUA METON DE ALENCAR;;0;;Colis?úo Transversal;Luz do Dia;Bom;Seca;Cruz;N?úo H?í Controle;Comercial;0;1;0;1;0;0;0;0;0;1;0;0;-3,732637400000000;-38,533875000000000
308736;2;5;2017;10:05;5302;AV TRISTAO GONCALVES;RUA PEDRO I;;0;;Colis?úo Traseira;Luz do Dia;Bom;Seca;Cruz;Sem?íforo;Comercial;0;0;2;1;0;0;0;0;0;0;0;0;-3,729421600000000;-38,533840000000000
308737;2;5;2017;10:35;17375;RUA ALAN KARDEC;AV JOSE DO PATROCINIO;;0;;Colis?úo Lateral;Luz do Dia;Bom;Seca;Outros;Pare;Comercial;0;0;2;1;0;0;0;0;0;0;0;0;-3,766688800000000;-38,547558000000000
308738;2;5;2017;13:04;0;AV ENG LEAL LIMA VERDE (SAPIRANGA/COITE);VL MARTA;;0;;Colis?úo Transversal;Luz do Dia;Bom;Seca;Cruz;Pare;Rural;0;0;2;1;0;0;0;0;0;0;0;0;-3,806403000000000;-38,474796000000000
308739;2;5;2017;13:57;0;AV ANTONIO SALES;;;3525;;Colis?úo Traseira;Luz do Dia;Bom;Seca;Meio de Quadra;N?úo H?í Controle;Comercial;0;0;2;1;0;0;0;0;0;1;0;0;-3,749245000000000;-38,490740000000000
308740;2;5;2017;15:06;0;AV WENEFRIDO MELO;;;327;;Colis?úo Traseira;Luz do Dia;Bom;Seca;Meio de Quadra;Sem?íforo;Residencial;0;0;1;1;0;0;0;0;0;0;0;0;-3,810366400000000;-38,576096000000000
308741;2;5;2017;14:44;0;RUA CARLOS AMORA;;;1;;Colis?úo Lateral;Luz do Dia;Bom;Seca;Meio de Quadra;N?úo H?í Controle;Comercial;0;0;2;1;0;0;0;0;0;0;0;0;-3,776634000000000;-38,562534000000000
308742;2;5;2017;16:52;13344;AV JOAO DE ARAUJO LIMA;AV O CJ JOSE WALTER;;0;;Colis?úo Lateral;Luz do Dia;Bom;Material Derrapante;T;N?úo H?í Controle;Comercial;0;0;2;1;0;0;0;0;0;0;0;0;-3,841391000000000;-38,562424000000000
308743;2;5;2017;16:50;5259;RUA POCINHO;RUA SENA MADUREIRA;;0;;Colis?úo Transversal;Luz do Dia;Bom;Seca;T;Sem?íforo;Comercial;0;0;1;1;0;0;0;0;0;0;0;0;-3,728253000000000;-38,525790000000000
308744;2;5;2017;17:28;7637;AV CARNEIRO DE MENDONCA;RUA NETUNO;;1460;;Colis?úo Transversal;Luz do Dia;Bom;Seca;T;Pare;Comercial;0;1;1;1;0;0;0;0;0;1;0;0;-3,761514700000000;-38,571697000000000
308745;2;5;2017;18:20;0;RUA AGENOR XAVIER;RUA BRUNO VALENTE;;0;;Colis?úo Transversal;Via Iluminada;Bom;Seca;Cruz;N?úo H?í Controle;Residencial;0;0;2;1;0;0;0;0;0;1;0;0;-3,783475200000000;-38,537730000000000
308746;2;5;2017;16:42;23749;RUA CON DE CASTRO;RUA LINS DO REGO;;0;;Colis?úo Lateral;Luz do Dia;Bom;Seca;T;N?úo H?í Controle;Comercial;0;0;1;1;0;0;0;0;0;1;0;0;-3,785306500000000;-38,573853000000000
308747;2;5;2017;17:40;0;AV ALBERTO CRAVEIRO;;;2571;;Colis?úo Traseira;Via Iluminada;Bom;Seca;Meio de Quadra;N?úo H?í Controle;Comercial;0;0;2;1;0;0;0;0;0;0;0;0;-3,802770600000000;-38,521053000000000
308748;2;5;2017;18:00;0;RUA TARCISIO PEIXOTO;;;777;;Colis?úo Frontal;Via Iluminada;Bom;Seca;Meio de Quadra;Pare;Residencial;0;3;0;0;0;0;0;0;0;1;0;0;-3,750274200000000;-38,586502000000000
308749;2;5;2017;19:30;13492;RUA PINHO PESSOA;RUA DR JOSE LOURENCO;;1225;;Colis?úo Transversal;Via Iluminada;Bom;Seca;Cruz;Pare;Residencial;0;0;2;1;0;0;0;0;0;0;0;0;-3,745473000000000;-38,511185000000000
308753;2;5;2017;09:47;0;AV PRS COSTA E SILVA;;;0;CIALNE;Colis?úo Lateral;Via Iluminada;Bom;Seca;Outros;N?úo H?í Controle;Rural;0;0;1;1;0;0;0;0;0;0;0;0;-3,827368300000000;-38,535183000000000
308754;2;5;2017;08:00;0;AV GOV RAUL BARBOSA;;;7517;;Colis?úo Traseira;Luz do Dia;Bom;Seca;Meio de Quadra;N?úo H?í Controle;Comercial;0;0;2;1;0;0;0;0;0;0;0;0;-3,777086300000000;-38,513300000000000
308760;2;5;2017;16:40;0;RUA EMILIO DE MENESES;;;1;;Colis?úo Lateral;Luz do Dia;Bom;Seca;Meio de Quadra;N?úo H?í Controle;Comercial;0;0;2;1;0;0;0;0;0;0;0;0;-3,776700300000000;-38,605274000000000
308751;2;5;2017;21:46;0;AV PRS CASTELO BRANCO;;;0;IGREJA STA. EDWIRGES;Colis?úo Traseira;Luz do Dia;Bom;Seca;Meio de Quadra;Pare;Comercial;0;1;1;1;0;0;0;0;0;1;0;0;-3,718751700000000;-38,533660000000000
324503;2;5;2017;;0;RD CE-040;;;0;KM-06;Colis?úo;Via Iluminada;;Seca;Meio de Quadra;;;0;0;2;1;0;0;0;0;0;0;0;0;-3,809596804000000;-38,478733480000000
324504;2;5;2017;19:40;0;RD CE-040;;;0;KM-12;Colis?úo;Via Iluminada;;Seca;Meio de Quadra;;;0;0;2;1;0;0;0;0;0;0;0;0;-3,857690949000000;-38,472042540000000
324507;2;5;2017;08:50;0;AV SEN CARLOS JEREISSATI (AEROPORTO);;;0;KM 03;Colis?úo;Luz do Dia;;Seca;Meio de Quadra;;;0;0;3;1;0;0;0;0;0;0;0;0;-3,779641000000000;-38,544038000000000
324510;2;5;2017;17:10;0;AV SEN CARLOS JEREISSATI (AEROPORTO);;;0;KM 03;Colis?úo;Anoitecer;;Seca;Meio de Quadra;;;0;0;2;1;0;0;0;0;0;1;0;0;-3,779641000000000;-38,544038000000000
324512;3;5;2017;10:00;0;RD CE-040;;;0;KM-05;Colis?úo;Luz do Dia;;Seca;Meio de Quadra;;;0;0;2;1;0;0;0;0;0;0;0;0;-3,800595823000000;-38,479534630000000
324517;3;5;2017;12:20;0;RD CE-040;;;0;KM-08;Colis?úo;Luz do Dia;;Seca;Meio de Quadra;;;0;0;2;1;0;0;0;0;0;0;0;0;-3,825515822000000;-38,481538320000000
324520;3;5;2017;13:30;0;RD CE-040;;;0;KM-06;Colis?úo;Luz do Dia;;Seca;Meio de Quadra;;;0;0;2;0;0;0;0;0;0;0;0;0;-3,809596804000000;-38,478733480000000
308761;3;5;2017;12:15;0;AV RUI BARBOSA;;;2420;;Colis?úo Traseira;Luz do Dia;Bom;Seca;Meio de Quadra;N?úo H?í Controle;Comercial;0;0;2;0;0;0;0;0;0;0;0;0;-3,743500200000000;-38,511930000000000
308762;3;5;2017;14:31;15316;RUA JOAQUIM NABUCO;RUA REPUBLICA DO LIBANO;;0;;Colis?úo Transversal;Luz do Dia;Bom;Seca;Cruz;N?úo H?í Controle;Residencial;0;0;2;0;0;0;0;0;0;0;0;0;-3,730457800000000;-38,499657000000000
308763;3;5;2017;15:19;0;AV GODOFREDO MACIEL;;;2525;;Colis?úo Transversal;Luz do Dia;Bom;Seca;Meio de Quadra;N?úo H?í Controle;Comercial;0;0;2;1;1;0;0;0;0;0;0;0;-3,796606300000000;-38,569843000000000
308764;3;5;2017;13:07;0;AV PDE ANTONIO TOMAS;;;3579;;Engavetamento;Luz do Dia;Bom;Seca;Meio de Quadra;N?úo H?í Controle;Residencial;0;0;3;1;0;0;0;0;0;0;0;0;-3,746316700000000;-38,480540000000000
308765;3;5;2017;13:57;0;AV ENG SANTANA JUNIOR;;;1927;HABIBB`S;Colis?úo Traseira;Luz do Dia;Bom;Seca;Meio de Quadra;Sem?íforo;Comercial;0;0;1;1;0;0;0;0;0;0;0;0;-3,742622400000000;-38,486656000000000
308766;3;5;2017;15:57;19952;AV LUCIANO CARNEIRO;RUA FRANCISCO LORDA;;0;;Colis?úo Transversal;Luz do Dia;Bom;Seca;Duplo T;Sem?íforo;Comercial;0;2;1;1;0;0;0;0;0;1;0;0;-3,760964400000000;-38,535553000000000
308767;3;5;2017;15:50;1534;RUA MON CATAO;RUA EDUARDO GARCIA;;0;;Colis?úo Transversal;Luz do Dia;Bom;Seca;Cruz;Pare;Residencial;0;0;2;1;0;0;0;0;0;0;0;0;-3,740732200000000;-38,491264000000000
308768;3;5;2017;17:49;0;AV AGUANAMBI;;;0;HOSPITAL ANTONIO PRUDENTE;Colis?úo Lateral;Via Iluminada;Bom;Seca;Meio de Quadra;N?úo H?í Controle;Comercial;0;0;2;1;0;0;0;0;0;0;0;0;-3,752945400000000;-38,523415000000000
308769;3;5;2017;19:02;9021;RUA CEL SOLON;AV FELINO BARROSO;;0;;Colis?úo Lateral;Via Iluminada;Bom;Seca;Cruz;Pare;Comercial;0;1;1;1;0;0;0;0;0;1;0;0;-3,743104700000000;-38,528713000000000
308770;3;5;2017;21:12;20042;AV DEP PAULINO ROCHA;AV ALBERTO CRAVEIRO;;0;;Colis?úo Lateral;Via Iluminada;Bom;Seca;Rotat??ria;N?úo H?í Controle;Lazer;0;1;1;1;0;0;0;0;0;0;0;0;-3,806800400000000;-38,524612000000000
308771;3;5;2017;19:49;5443;RUA SOLON PINHEIRO;RUA METON DE ALENCAR;;0;;Colis?úo Transversal;Via Iluminada;Bom;Seca;Cruz;Sem?íforo;Comercial;0;0;2;0;0;0;0;0;0;0;0;0;-3,734669400000000;-38,527630000000000
308772;3;5;2017;21:39;5067;RUA SEN ALENCAR;RUA PDE MORORO;;0;;Colis?úo Transversal;Via Iluminada;Bom;Seca;Cruz;Pare;Residencial;0;0;3;1;0;0;0;0;0;0;0;0;-3,722083300000000;-38,536540000000000
308755;3;5;2017;08:58;0;AV JOAO DE ARAUJO LIMA;;;291;;Colis?úo Transversal;Luz do Dia;Bom;Seca;Meio de Quadra;N?úo H?í Controle;Comercial;0;0;2;1;1;0;0;0;0;0;0;0;-3,824061400000000;-38,558820000000000
308756;3;5;2017;09:17;0;AV ALBERTO CRAVEIRO;;;2644;;Colis?úo Traseira;Luz do Dia;Chuva;Molhada;Meio de Quadra;N?úo H?í Controle;Comercial;0;0;2;1;0;0;0;0;0;0;0;0;-3,802863600000000;-38,521175000000000
308757;3;5;2017;09:05;13544;RUA DR JOSE LOURENCO;RUA JULIO SIQUEIRA;;0;;Colis?úo Transversal;Luz do Dia;Bom;Seca;Cruz;Pare;Residencial;0;1;1;1;0;0;0;0;0;1;0;0;-3,748407000000000;-38,512253000000000
308758;3;5;2017;10:44;0;RUA PRC ISABEL;;;1185;;Choque c/ Obst?ículo Fixo;Luz do Dia;Bom;Seca;Meio de Quadra;Pare;Comercial;0;0;1;0;0;0;0;0;0;0;0;0;-3,731057000000000;-38,536823000000000
308759;3;5;2017;10:20;25130;RUA FRE MANSUETO;RUA MARIA TOMASIA;;1595;;Colis?úo Transversal;Luz do Dia;Bom;Seca;Cruz;Pare;Comercial;0;0;2;1;0;0;0;0;0;0;0;0;-3,738192600000000;-38,488388000000000
308778;3;5;2017;11:35;23041;AV DR SILAS MUNGUBA;RUA BRUNO VALENTE;;0;;Colis?úo Transversal;Luz do Dia;Bom;Seca;Cruz;Pare;Comercial;0;1;1;1;0;0;0;0;0;1;0;0;-3,790377000000000;-38,540040000000000