COD_ACIDENTE;DIA;MES;ANO;HORA;INTERSECAO;LOG1;LOG2;LOG3;NUMERO;REFERENCIA;NATUREZA;ILUMINACAO;TEMPO;SUPERFICIEPISTA;TIPOCRUZAMENTO;CONTROLETRAFEGO;USOSOLO;MORTOS;FERIDOS;ILESOS;AUTOMOVEL;ONIBUS;BICICLETA;CAMINHAO;MICROONIBUS;CICLOMOTOR;MOTOCICLETA;TRACAOANIMAL;TREM;LATITUDE;LONGITUDE
308784;3;5;2017;16:27;0;RUA FRANCISCO LORDA;;;1;;Colis?úo Lateral;Luz do Dia;Bom;Seca;Meio de Quadra;N?úo H?í Controle;Residencial;0;0;2;0;1;0;0;0;0;0;0;0;-3,760995400000000;-38,535120000000000
308785;3;5;2017;20:10;0;AV AUGUSTO DOS ANJOS;;;1;TERMINAL LAGOA;Colis?úo Lateral;Via Iluminada;Bom;Seca;Meio de Quadra;N?úo H?í Controle;Residencial;0;0;2;1;1;0;0;0;0;0;0;0;-3,771665600000000;-38,571390000000000
308841;3;5;2017;21:09;0;RUA JATOBAS  D68;;;303;;Colis?úo Lateral;Anoitecer;Bom;Seca;Cruz;Pare;Residencial;0;0;2;1;0;0;0;0;0;0;0;0;-3,804832700000000;-38,539590000000000
319253;3;5;2017;02:09;0;AV MAJ ASSIS;;;2175;;Choque c/ Obst?ículo Fixo;;;;Meio de Quadra;;;0;1;0;0;0;0;0;0;0;1;0;0;;
319271;3;5;2017;09:29;15227;AV DES MOREIRA;AV ABOLICAO;;0;;Queda;Luz do Dia;;;Cruz;Sem?íforo;Comercial;0;0;1;0;0;0;0;0;0;1;0;0;-3,727331000000000;-38,495474000000000
319272;3;5;2017;10:47;0;AV CEL CARVALHO;;;1276;;Colis?úo;Luz do Dia;;;Meio de Quadra;;;0;1;0;1;0;0;0;0;0;1;0;0;-3,713619000000000;-38,588886000000000
319273;3;5;2017;11:37;0;RUA ARTUR DE SOUZA;;;2011;;Colis?úo;Luz do Dia;;;Meio de Quadra;;;0;2;0;1;0;0;0;0;0;1;0;0;-3,823994143000000;-38,577930823000000
319274;3;5;2017;12:54;0;AV PRS CASTELO BRANCO;;;5044;;Colis?úo;Luz do Dia;;;Meio de Quadra;;;0;0;1;1;0;0;0;0;0;1;0;0;-3,704986997000000;-38,576992138000000
319275;3;5;2017;13:26;0;AV ALM HENRIQUE SABOIA;;;45;;Colis?úo;Luz do Dia;;;Meio de Quadra;;;0;1;0;1;0;0;0;0;0;1;0;0;-3,722692000000000;-38,479826000000000
319276;3;5;2017;13:44;0;RUA MARTINS CARVALHO;;;3480;;Colis?úo;Luz do Dia;;;Meio de Quadra;;;0;2;0;0;0;0;0;0;0;1;0;0;-3,788900800000000;-38,625707100000000
319267;3;5;2017;06:17;0;AV PRS COSTA E SILVA;;;0;;Queda;Luz do Dia;;;Meio de Quadra;;;0;1;0;0;0;0;0;0;0;1;0;0;;
319268;3;5;2017;06:59;0;RD BR 116;;;13000;KM-13;Colis?úo;Luz do Dia;;;Meio de Quadra;;;0;1;0;0;0;0;0;0;0;0;0;0;-3,864670000000000;-38,497727000000000
319269;3;5;2017;09:14;0;AV MON TABOSA;;;530;;Colis?úo;Luz do Dia;;;Meio de Quadra;;;0;1;0;1;0;0;0;0;0;1;0;0;-3,723875000000000;-38,514589000000000
319279;3;5;2017;14:05;0;AV GAL OSORIO DE PAIVA;;;551;;Queda;Luz do Dia;;;Meio de Quadra;;;0;1;0;0;0;0;0;0;0;1;0;0;-3,776138000000000;-38,567298000000000
319282;3;5;2017;14:21;0;RUA NOSSA SRA DAS GRACAS;;;28;CLUBE SECAI;Choque c/ Obst?ículo Fixo;Luz do Dia;;;Meio de Quadra;;;0;1;0;0;0;0;0;0;0;1;0;0;-3,711907000000000;-38,548742000000000
319265;3;5;2017;02:09;26075;AV JOSE JATAHY;AV SGT HERMINIO SAMPAIO;;0;;Colis?úo;;;;Cruz;Sem?íforo;Comercial;0;1;0;0;0;0;0;0;0;0;0;0;-3,724679297000000;-38,546275142000000
319295;3;5;2017;18:20;0;AV GODOFREDO MACIEL;;;0;;Colis?úo;Anoitecer;;;Meio de Quadra;;;0;1;0;0;0;0;0;0;0;0;0;0;;
319297;3;5;2017;18:49;0;RUA ANTONIO GADELHA;;;0;;Colis?úo;;;;Meio de Quadra;;;0;1;1;1;0;1;0;0;0;0;0;0;;
319298;3;5;2017;19:03;0;RD BR 116;;;500;KM-02;Colis?úo;N?úo Informado;;Seca;Meio de Quadra;;;0;1;1;0;0;0;0;0;0;1;0;0;-3,796035900000000;-38,507192300000000
319299;3;5;2017;19:29;0;RUA BARRA NOVA;;;941;;Colis?úo;;;;Meio de Quadra;;;0;1;0;1;0;1;0;0;0;0;0;0;-3,783949000000000;-38,505468000000000
319300;3;5;2017;19:36;0;RUA DR JUSTA ARAUJO D45;;;212;;Atropelamento;;;;Meio de Quadra;;;0;1;0;1;0;0;0;0;0;0;0;0;-3,778034000000000;-38,550779000000000
319301;3;5;2017;20:09;9497;TR CEMEC;TR TR ANTENOR ALMEIDA;;0;;Atropelamento;;;;;;;0;1;0;1;0;0;0;0;0;0;0;0;-3,727349000000000;-38,577829000000000
319288;3;5;2017;16:04;15302;RUA PEREIRA FILGUEIRAS;RUA MON BRUNO;;0;;Colis?úo;Luz do Dia;;;Cruz;Pare;Comercial;0;1;0;0;0;0;0;0;0;1;0;0;-3,729763000000000;-38,508580000000000
319291;3;5;2017;17:25;0;RUA ARTUR DE SOUZA;;;1255;;Colis?úo;Anoitecer;;;Meio de Quadra;;;0;1;0;0;0;0;0;0;0;1;0;0;-3,825978000000000;-38,575032000000000
319292;3;5;2017;17:32;0;AV JOSE JATAHY;;;284;;Atropelamento;Anoitecer;;;Meio de Quadra;;;0;1;0;1;0;0;0;0;0;0;0;0;-3,740633000000000;-38,543092000000000
319293;3;5;2017;17:47;0;AV PERIMETRAL;;;381;;Colis?úo;Anoitecer;;;Meio de Quadra;;;0;1;0;1;0;0;0;0;0;1;0;0;;
305793;3;5;2017;15:10;0;RUA JUNIOR ROCHA;;;1234;;Colis?úo Frontal;Luz do Dia;Bom;Seca;Meio de Quadra;Pare;Residencial;0;2;0;1;0;0;0;0;0;1;0;0;-3,794545000000000;-38,488047000000000
305794;3;5;2017;09:50;0;AV IMPERADOR;;;0;;Colis?úo Lateral;Luz do Dia;Bom;Seca;Meio de Quadra;N?úo H?í Controle;Comercial;0;2;0;0;1;0;0;0;0;0;0;0;;
305796;3;5;2017;12:55;3336;RUA RIO GRANDE DO SUL;RUA VIRIATO RIBEIRO;;0;;Colis?úo Lateral;Luz do Dia;Bom;Seca;Cruz;Pare;Residencial;0;2;0;1;0;0;0;0;0;0;0;0;-3,750184000000000;-38,561355000000000
305799;3;5;2017;14:00;15322;RUA CANUTO DE AGUIAR;RUA BARBOSA DE FREITAS;;0;;Colis?úo Transversal;Luz do Dia;Bom;Seca;Cruz;Pare;Residencial;0;2;0;1;0;0;0;0;0;0;0;0;-3,730624000000000;-38,495453000000000
305800;3;5;2017;09:25;23698;RUA MON AGOSTINHO;RUA PLACIDO DE CASTRO;;0;;Colis?úo Transversal;Luz do Dia;Bom;Seca;Cruz;Pare;Residencial;0;2;0;0;1;0;0;0;0;1;0;0;-3,790354000000000;-38,585695000000000
305802;3;5;2017;08:00;9328;RUA CESAR CORREIA;RUA GAL MARIO HERMES;;0;;Colis?úo Transversal;Luz do Dia;Chuva;Molhada;Cruz;Pare;Residencial;0;2;0;1;0;0;0;0;0;0;0;0;-3,715134000000000;-38,574448000000000
305755;3;5;2017;08:20;3059;RUA JULIO BRAGA;RUA CACILDA BECKER;;0;;Colis?úo Traseira;Luz do Dia;Bom;Seca;Cruz;Sem?íforo;Comercial;0;2;0;0;0;0;1;0;0;1;0;0;-3,773990000000000;-38,587823000000000
305752;3;5;2017;15:10;20290;RUA POMPILIO GOMES;RUA SAO TOMAZ DE AQUINO;;0;;Colis?úo Lateral;Luz do Dia;Bom;Seca;Cruz;Sem?íforo;Comercial;0;2;0;0;0;0;0;0;0;1;0;0;-3,817314000000000;-38,521027000000000
305753;3;5;2017;16:00;12852;RUA EUSEBIO DE SOUZA;RUA CARLOS GOMES;;0;;Colis?úo Transversal;Luz do Dia;Bom;Seca;Cruz;Pare;Outros;0;2;0;1;0;0;0;0;0;0;0;0;-3,741488000000000;-38,526735000000000
305746;3;5;2017;00:00;9116;AV BORGES DE MELO;RUA GAL SILVA JUNIOR;;0;;Choque c/ Obst?ículo Fixo;Via Iluminada;Bom;Seca;T;Pare;Comercial;0;1;0;1;0;0;0;0;0;0;0;0;-3,757215000000000;-38,533229000000000
305749;3;5;2017;11:20;19275;RUA LEONEL CHAVES;RUA MARACANA;;0;;Colis?úo Transversal;Luz do Dia;Bom;Seca;Cruz;Pare;Residencial;0;2;0;1;0;0;0;0;0;0;0;0;-3,773382000000000;-38,569163000000000
325755;3;5;2017;06:50;0;RD BR 116;;;12000;KM-12;Colis?úo Traseira;Luz do Dia;;Seca;Meio de Quadra;;;0;1;1;0;1;0;0;0;0;1;0;0;-3,855740000000000;-38,496066000000000
305720;4;5;2017;07:20;0;AV FRANCISCO SA;;;3928;;Atropelamento;Luz do Dia;Bom;Seca;Meio de Quadra;Sem?íforo;Comercial;0;2;0;0;0;0;0;0;0;1;0;0;-3,716522000000000;-38,559969000000000
305809;4;5;2017;09:06;22162;AV JOSE BASTOS;RUA PORFIRIO SAMPAIO;;0;;Colis?úo Traseira;Luz do Dia;Bom;Seca;;Sem?íforo;Comercial;0;2;0;1;1;0;0;0;0;0;0;0;-3,745851000000000;-38,546271000000000
305804;4;5;2017;13:50;17341;RUA EDUARDO ANGELIM;AV JOSE DO PATROCINIO;;0;;Colis?úo Traseira;Luz do Dia;Bom;Seca;Cruz;Pare;Residencial;0;1;1;1;0;0;0;0;0;0;0;0;;
305805;4;5;2017;00:30;15244;RUA JOSE VILAR;RUA DEP MOREIRA DA ROCHA;;0;;Colis?úo Traseira;Via Iluminada;Chuva;Material Derrapante;Cruz;Pare;Residencial;0;0;2;1;0;0;0;0;0;0;0;0;-3,727832000000000;-38,502113000000000
305806;4;5;2017;06:50;26075;AV SGT HERMINIO SAMPAIO;AV JOSE JATAHY;;0;;Queda;Luz do Dia;Bom;Molhada;Cruz;Sem?íforo;Comercial;0;1;0;0;0;0;0;0;0;1;0;0;-3,724679297000000;-38,546275142000000
305807;4;5;2017;18:10;25125;RUA ROCHA LIMA;RUA DNA LEOPOLDINA;;0;;Colis?úo Lateral;Anoitecer;Bom;Seca;Cruz;Pare;Comercial;0;2;0;0;0;0;0;0;0;1;0;0;-3,736665000000000;-38,521427000000000
305811;4;5;2017;13:48;3015;RUA ALVARO DE ANDRADE;RUA VALDEMAR HOLANDA;;0;;Atropelamento;Luz do Dia;Bom;Seca;Cruz;Pare;Residencial;0;2;0;1;0;0;0;0;0;0;0;0;-3,772888000000000;-38,590427000000000
305814;4;5;2017;19:19;0;AV DOM MANUEL;;;0;;Colis?úo Lateral;Via Iluminada;Nublado;Seca;Meio de Quadra;Sem?íforo;Comercial;0;2;0;1;0;0;0;0;0;0;0;0;;
305816;4;5;2017;10:40;11840;RUA MON DANTAS;RUA DNA MAROQUINHA;;0;;Colis?úo Transversal;Luz do Dia;Bom;Molhada;Cruz;Pare;Comercial;0;2;0;1;0;0;0;0;0;1;0;0;-3,720021000000000;-38,545833000000000
305822;4;5;2017;04:00;0;RUA LIDIA BRIGIDO;;;0;;Colis?úo Frontal;Luz do Dia;Bom;Seca;Meio de Quadra;N?úo H?í Controle;Comercial;0;2;0;0;0;0;1;0;0;1;0;0;;
296066;4;5;2017;09:20;0;AV MR HULL;;;0;;Atropelamento;Luz do Dia;;Seca;Meio de Quadra;;;1;1;0;0;0;0;0;0;0;1;0;0;-3,736826200000000;-38,569742100000000
319302;4;5;2017;06:54;0;AV CASTELO DE CASTRO;;;204;;Colis?úo;Luz do Dia;;;Meio de Quadra;;;0;1;0;1;0;0;0;0;0;1;0;0;-3,830737000000000;-38,521487000000000
319303;4;5;2017;07:04;0;AV PERIMETRAL;;;0;;Colis?úo;Luz do Dia;;;Meio de Quadra;;;0;1;0;0;0;0;0;0;0;0;0;0;;
319307;4;5;2017;07:33;0;AV SEN FERNANDES TAVORA;;;2978;;Atropelamento;Luz do Dia;;;Meio de Quadra;;;0;2;0;0;0;0;0;0;0;1;0;0;-3,755118000000000;-38,598299000000000
319309;4;5;2017;10:19;0;RUA DIVINA;;;150;;Atropelamento;Luz do Dia;;;Meio de Quadra;;;0;1;0;0;0;0;0;0;0;1;0;0;-3,808125616000000;-38,607233616000000
319311;4;5;2017;10:20;0;RUA GAL CLARINDO DE QUEIROZ;;;56;;Colis?úo;Luz do Dia;;;Meio de Quadra;;;0;2;0;1;0;0;0;0;0;1;0;0;-3,734392000000000;-38,524960000000000
319388;4;5;2017;22:40;23749;RUA CON DE CASTRO;RUA LINS DO REGO;;0;;Colis?úo;;;;T;Outros;Residencial;0;0;1;1;0;0;0;0;0;1;0;0;-3,785389000000000;-38,573794000000000
319389;4;5;2017;22:45;0;RUA ALMERINDA MONTENEGRO;;;184;;Queda;;;;Meio de Quadra;;;0;0;1;0;0;0;0;0;0;1;0;0;-3,812840000000000;-38,613152900000000
319386;4;5;2017;21:25;12817;AV PRO GOMES DE MATOS;RUA DELMIRO FARIAS;;0;;Atropelamento;;;;T;Pare;Comercial;0;1;0;0;0;0;0;0;0;0;0;0;-3,755817000000000;-38,541034000000000
319381;4;5;2017;21:20;0;RUA PDE PEDRO DE ALENCAR;;;868;;Colis?úo;;;;Meio de Quadra;;;0;0;1;0;0;0;0;0;0;1;0;0;-3,834967000000000;-38,494120000000000
319368;4;5;2017;19:06;0;AV SGT HERMINIO SAMPAIO;;;3488;;Colis?úo;;;;Meio de Quadra;;;0;0;1;0;0;0;0;0;0;0;0;0;-3,728540000000000;-38,571759000000000
319369;4;5;2017;19:15;13527;AV BAR STUDART;RUA JOAQUIM SA;;0;;Colis?úo;;;;;Pare;Comercial;0;1;0;1;0;0;0;0;0;1;0;0;-3,747468000000000;-38,510714000000000
319375;4;5;2017;21:20;0;RUA PINTO MADEIRA;;;1340;;Colis?úo;;;;Meio de Quadra;;;0;0;1;0;0;0;0;0;0;1;0;0;-3,733659300000000;-38,513465600000000
319371;4;5;2017;19:42;1280;RUA ILDEFONSO ALBANO;RUA PINTO MADEIRA;;0;;Atropelamento;;;;Cruz;Sem?íforo;Residencial;0;1;0;0;0;0;0;0;0;1;0;0;-3,733610000000000;-38,513317000000000
319373;4;5;2017;20:01;0;AV MON HELIO CAMPOS D22;;;3572;;Colis?úo;;;;Meio de Quadra;;;0;1;0;1;0;0;0;0;0;1;0;0;-3,713736600000000;-38,555746100000000
319365;4;5;2017;18:33;0;AV GODOFREDO MACIEL;;;5195;;Atropelamento;;;;Meio de Quadra;;;0;1;0;1;0;0;0;0;0;0;0;0;-3,820196000000000;-38,577411000000000
319363;4;5;2017;18:24;0;AV SEN CARLOS JEREISSATI (AEROPORTO);;;0;;Colis?úo;Via Iluminada;;Seca;Meio de Quadra;;;0;1;1;1;0;0;0;0;0;1;0;0;;
319361;4;5;2017;17:39;0;RUA BERNARDO MANUEL;;;9150;;Queda;Anoitecer;;;Meio de Quadra;;;0;1;0;0;0;1;0;0;0;0;0;0;-3,799543000000000;-38,551672000000000
319350;4;5;2017;15:39;0;AV GAL OSORIO DE PAIVA;;;1127;;Atropelamento;Luz do Dia;;;Meio de Quadra;;;0;1;0;1;0;0;0;0;0;0;0;0;-3,779151000000000;-38,572090000000000
319357;4;5;2017;16:20;0;RUA JAMAICA;;;236;;Atropelamento;Luz do Dia;;;Meio de Quadra;;;0;1;0;1;0;0;0;0;0;0;0;0;-3,771726200000000;-38,440468700000000
319358;4;5;2017;17:02;9761;RUA TRES CORACOES;RUA DR FERNANDO AUGUSTO;;0;;Colis?úo;Anoitecer;;;Cruz;Pare;Residencial;0;0;1;1;0;0;0;0;0;1;0;0;-3,790484000000000;-38,610954000000000
319347;4;5;2017;14:55;12384;RUA RIO GRANDE DO SUL;RUA PLUTAO;;0;;Queda;Luz do Dia;;;Cruz;Pare;Comercial;0;1;0;0;0;1;0;0;0;0;0;0;;
319348;4;5;2017;15:16;3768;AV TRISTAO GONCALVES;AV DOMINGOS OLIMPIO;;0;;Queda;Luz do Dia;;;Cruz;Sem?íforo;Comercial;0;2;0;0;0;0;0;0;0;1;0;0;-3,735133000000000;-38,535613000000000
319318;4;5;2017;11:18;23644;RUA BAR CRATO;RUA DR GILBERTO CAMARA;;0;;Colis?úo;Luz do Dia;;;Cruz;Pare;Residencial;0;1;0;1;0;0;0;0;0;1;0;0;-3,722266000000000;-38,563395000000000
319319;4;5;2017;11:20;0;RUA ALM RUBIM;;;1762;;Colis?úo;Luz do Dia;;;Meio de Quadra;;;0;1;0;1;0;0;0;0;0;1;0;0;-3,772773000000000;-38,557301000000000
319320;4;5;2017;11:51;0;RUA AUDISIO PINHEIRO;;;1893;;Queda;Luz do Dia;;;Meio de Quadra;;;0;1;0;0;0;0;0;0;0;1;0;0;-3,767293000000000;-38,593281000000000
319337;4;5;2017;13:43;0;RUA PDE SA LEITAO;;;1875;;Queda;Luz do Dia;;;Meio de Quadra;;;0;1;0;0;0;0;0;0;0;1;0;0;-3,769964000000000;-38,585629000000000
319314;4;5;2017;10:58;0;RUA 315 CJ SAO CRISTOVAO;;;108;;Atropelamento;Luz do Dia;;;Meio de Quadra;;;0;2;0;1;0;0;0;0;0;0;0;0;;
319315;4;5;2017;11:07;0;RUA BERNARDO MANUEL;;;7525;;Colis?úo;Luz do Dia;;;Meio de Quadra;;;0;1;0;1;0;0;0;0;0;1;0;0;-3,783994000000000;-38,546904000000000
306115;4;5;2017;01:30;0;RUA ANTONIO FELICIO;;;600;;Colis?úo Traseira;Mal Iluminada;Bom;Seca;Meio de Quadra;N?úo H?í Controle;Residencial;0;2;0;0;0;0;1;0;0;0;0;0;-3,845351000000000;-38,468202100000000
308786;4;5;2017;14:13;0;RUA EQUADOR;;;803;;Colis?úo Traseira;Luz do Dia;Bom;Seca;Meio de Quadra;Pare;Residencial;0;0;0;1;0;0;0;0;0;0;0;0;-3,774663200000000;-38,552704000000000
308787;4;5;2017;14:52;0;AV ALM BARROSO;;;0;;Colis?úo Transversal;Luz do Dia;Bom;Seca;T;N?úo H?í Controle;Comercial;0;0;0;1;0;0;0;0;0;0;0;0;-3,720468800000000;-38,516727000000000
308788;4;5;2017;15:18;0;AV PONTES VIEIRA;;;825;;Colis?úo Traseira;Luz do Dia;Bom;Seca;Meio de Quadra;Sem?íforo;Comercial;0;0;2;1;0;0;0;0;0;0;0;0;-3,752689000000000;-38,513527000000000
308789;4;5;2017;12:57;0;RUA ANTONIO FELICIO;;;0;;Colis?úo Transversal;Luz do Dia;Bom;Seca;Outros;N?úo H?í Controle;Rural;0;1;1;1;0;0;0;0;0;1;0;0;-3,840433600000000;-38,466908000000000
308790;4;5;2017;16:10;0;AV 13 DE MAIO;;;1922;;Colis?úo Traseira;Luz do Dia;Bom;Seca;Meio de Quadra;N?úo H?í Controle;Comercial;0;0;2;1;0;0;0;0;0;0;0;0;-3,744897400000000;-38,534557000000000
308791;4;5;2017;17:26;0;AV FRE CIRILO;;;3611;;Colis?úo Traseira;Luz do Dia;Bom;Seca;Cruz;Pare;Comercial;0;0;2;0;0;0;0;0;0;0;0;0;-3,816023000000000;-38,498123000000000
308792;4;5;2017;17:30;0;AV GAL MURILO BORGES;;;0;;Colis?úo Traseira;Anoitecer;Bom;Seca;Meio de Quadra;N?úo H?í Controle;Lazer;0;0;2;1;0;0;0;0;0;1;0;0;-3,765976000000000;-38,501026000000000
308793;4;5;2017;10:55;0;RUA PRO HERIBALDO COSTA;;;435;;Colis?úo Traseira;Luz do Dia;Bom;Seca;Meio de Quadra;N?úo H?í Controle;Comercial;0;1;0;0;0;0;0;0;0;1;0;0;-3,755776000000000;-38,581950000000000
308794;4;5;2017;18:19;0;AV DEP PAULINO ROCHA;;;0;;Colis?úo Transversal;Via Iluminada;Bom;Seca;Outros;N?úo H?í Controle;Comercial;0;0;0;1;0;0;0;0;0;1;0;0;-3,811546800000000;-38,513172000000000
308795;4;5;2017;18:16;0;AV SANTOS DUMONT;;;6500;;Colis?úo Lateral;Via Iluminada;Bom;Seca;Meio de Quadra;N?úo H?í Controle;Comercial;0;0;2;1;0;0;0;0;0;0;0;0;-3,743874500000000;-38,474907000000000
308796;4;5;2017;18:47;0;AV GOV RAUL BARBOSA;;;0;;Colis?úo Transversal;Via Iluminada;Bom;Seca;;;;0;1;1;1;0;0;0;0;0;1;0;0;-3,757619900000000;-38,504467000000000
308797;4;5;2017;18:55;0;RUA ZAMENHOF;;;0;;Colis?úo Transversal;Luz do Dia;Bom;Seca;Meio de Quadra;N?úo H?í Controle;Residencial;0;0;2;1;1;0;0;0;0;0;0;0;-3,745940000000000;-38,476944000000000
308798;4;5;2017;19:04;20042;AV ALBERTO CRAVEIRO;AV DEP PAULINO ROCHA;;0;;Colis?úo Traseira;Via Iluminada;Bom;Seca;Rotat??ria;Pare;Lazer;0;0;2;1;0;0;0;0;0;0;0;0;-3,806840400000000;-38,524710000000000
308799;4;5;2017;19:12;1375;AV SANTOS DUMONT;RUA BARBOSA DE FREITAS;;0;;Colis?úo Traseira;Via Iluminada;Bom;Seca;Cruz;Sem?íforo;Comercial;0;0;2;1;1;0;0;0;0;0;0;0;-3,736436000000000;-38,497670000000000
308800;4;5;2017;19:33;0;RUA DES LEITE ALBUQUERQUE;RUA OSVALDO CRUZ;;0;;Colis?úo Transversal;Via Iluminada;Bom;Seca;Cruz;Pare;Comercial;0;0;0;1;0;0;0;0;0;0;0;0;-3,736755000000000;-38,500640000000000
308801;4;5;2017;19:07;1522;RUA EDUARDO GARCIA;RUA CEL JUCA;;0;;Colis?úo Transversal;Via Iluminada;Bom;Seca;Cruz;Pare;Residencial;0;0;2;1;0;0;0;0;0;0;0;0;-3,740451000000000;-38,492138000000000
308802;4;5;2017;11:50;1321;RUA VICENTE LEITE;RUA MARCOS MACEDO;;0;;Capotamento;Luz do Dia;Bom;Seca;Cruz;Pare;Comercial;0;0;2;1;0;0;0;0;0;0;0;0;-3,735332300000000;-38,494880000000000
308779;4;5;2017;12:55;0;AV DOM LUIS;;;0;;Colis?úo Transversal;Luz do Dia;Bom;Seca;Rotat??ria;Sem?íforo;Comercial;0;0;2;1;0;0;0;0;0;0;0;0;-3,733224900000000;-38,497830000000000
308780;4;5;2017;11:22;0;RUA TEN JURANDIR ALENCAR;;;35;;Colis?úo Lateral;Luz do Dia;Bom;Seca;Meio de Quadra;N?úo H?í Controle;Comercial;0;0;1;1;0;0;0;1;0;0;0;0;-3,831852700000000;-38,495552000000000
308781;4;5;2017;12:09;0;RUA BAR CANINDE;;;1630;;Colis?úo Traseira;Luz do Dia;Bom;Seca;Meio de Quadra;Pare;Comercial;0;0;2;1;0;0;0;0;0;0;0;0;-3,770884300000000;-38,557583000000000
308782;4;5;2017;12:32;5258;RUA PDE MORORO;RUA PEDRO I;;0;;Colis?úo Transversal;Luz do Dia;Bom;Seca;Cruz;Pare;Comercial;0;1;1;1;0;0;0;0;0;1;0;0;-3,728096200000000;-38,538326000000000
308783;4;5;2017;14:33;0;AV 13 DE MAIO;;;0;;Engavetamento;Luz do Dia;Bom;Seca;Meio de Quadra;N?úo H?í Controle;Comercial;0;1;2;1;0;0;0;0;0;0;0;0;-3,745833400000000;-38,533420000000000
308773;4;5;2017;06:25;17414;RUA 15 DE NOVEMBRO;RUA ZACARIAS GONDIM;;0;;Colis?úo Transversal;Luz do Dia;Chuva;Molhada;Cruz;Pare;Residencial;0;0;2;1;0;0;0;0;0;0;0;0;-3,767967500000000;-38,558636000000000
308774;4;5;2017;08:07;0;RUA BAR ARATANHA;;;1;;Colis?úo Lateral;Luz do Dia;Bom;Seca;Meio de Quadra;N?úo H?í Controle;Comercial;0;0;2;1;0;0;0;0;0;0;0;0;-3,742584000000000;-38,529587000000000
308775;4;5;2017;08:17;1669;RUA CAP OLAVO;RUA SOUSA PINTO;;0;;Colis?úo Lateral;Luz do Dia;Bom;Seca;Cruz;N?úo H?í Controle;Residencial;0;0;2;1;0;0;0;0;0;0;0;0;-3,759663800000000;-38,523933000000000
308776;4;5;2017;08:50;0;RUA PRO HERIBALDO COSTA;;;129;;Colis?úo Traseira;Luz do Dia;Bom;Seca;Meio de Quadra;N?úo H?í Controle;Residencial;0;0;2;1;1;0;0;0;0;0;0;0;-3,754499400000000;-38,582080000000000
308777;4;5;2017;11:21;5718;RUA CON BRAVEZA;RUA JOAO LEONEL;;0;;Colis?úo Lateral;Luz do Dia;Bom;Seca;Cruz;Pare;Residencial;0;1;1;0;1;0;0;0;0;1;0;0;-3,799984500000000;-38,496937000000000
308858;4;5;2017;18:39;0;AV DA UNIVERSIDADE;;;3410;;Colis?úo Lateral;Via Iluminada;Bom;Seca;Meio de Quadra;N?úo H?í Controle;Comercial;0;1;1;1;0;0;0;0;0;1;0;0;-3,745034200000000;-38,542824000000000
324526;4;5;2017;17:00;0;RD CE-040;;;0;KM-06;Colis?úo;Anoitecer;;Seca;Meio de Quadra;;;0;0;3;1;0;0;0;0;0;0;0;0;-3,809596804000000;-38,478733480000000
324533;4;5;2017;08:15;0;RD CE-040;;;500;KM-03;Colis?úo;Luz do Dia;;Seca;Meio de Quadra;;;0;0;2;1;1;0;0;0;0;0;0;0;;
324536;5;5;2017;19:30;0;RD CE-040;;;0;KM-07;Colis?úo;Via Iluminada;;Seca;Meio de Quadra;;;0;0;2;1;0;0;0;0;0;1;0;0;-3,817159445000000;-38,483032860000000
324538;5;5;2017;16:00;0;RD CE-040;;;0;KM-08;Colis?úo;Luz do Dia;;Seca;Meio de Quadra;;;0;0;2;1;0;0;0;0;0;0;0;0;-3,825515822000000;-38,481538320000000
324539;5;5;2017;18:50;0;RD CE-040;;;0;KM-04;Colis?úo;Via Iluminada;;Seca;Meio de Quadra;;;0;0;2;1;0;0;1;0;0;0;0;0;-3,791613156000000;-38,480330840000000
308815;5;5;2017;12:59;5199;RUA PRC ISABEL;RUA LIBERATO BARROSO;;0;;Colis?úo Transversal;Luz do Dia;Bom;Seca;Cruz;Pare;Comercial;0;0;2;1;0;0;0;0;0;0;0;0;-3,726107600000000;-38,535328000000000
308816;5;5;2017;14:06;4633;RUA PEDRO LAZAR;AV VIENA WEYNE;;0;;Colis?úo Lateral;Luz do Dia;Bom;Seca;Meio de Quadra;N?úo H?í Controle;Comercial;0;0;2;1;0;0;0;0;0;0;0;0;-3,801378000000000;-38,488550000000000
308817;5;5;2017;16:30;0;AV ANTONIO SALES;;;3510;;Colis?úo Traseira;Luz do Dia;Bom;Seca;Meio de Quadra;N?úo H?í Controle;Residencial;0;1;1;1;0;0;0;0;0;1;0;0;-3,748936700000000;-38,491497000000000
308818;5;5;2017;18:17;0;AV GAL OSORIO DE PAIVA;;;5748;;Colis?úo Lateral;Luz do Dia;Bom;Seca;Meio de Quadra;N?úo H?í Controle;Comercial;0;0;2;0;0;0;1;0;0;0;0;0;-3,806984000000000;-38,604400000000000
308819;5;5;2017;17:15;26228;RUA ANTENOR ROCHA ALEXANDRE;RUA NUBIA BARROCAS;;0;;Colis?úo Transversal;Anoitecer;Bom;Seca;Cruz;Pare;Comercial;0;0;2;1;0;0;0;0;0;0;0;0;-3,792125000000000;-38,481964000000000
308820;5;5;2017;17:00;1534;RUA MON CATAO;RUA EDUARDO GARCIA;;0;;Colis?úo Transversal;Via Iluminada;Bom;Seca;Cruz;Pare;Residencial;0;2;0;1;0;0;0;0;0;0;0;0;-3,740698000000000;-38,491170000000000