COD_ACIDENTE;DIA;MES;ANO;HORA;INTERSECAO;LOG1;LOG2;LOG3;NUMERO;REFERENCIA;NATUREZA;ILUMINACAO;TEMPO;SUPERFICIEPISTA;TIPOCRUZAMENTO;CONTROLETRAFEGO;USOSOLO;MORTOS;FERIDOS;ILESOS;AUTOMOVEL;ONIBUS;BICICLETA;CAMINHAO;MICROONIBUS;CICLOMOTOR;MOTOCICLETA;TRACAOANIMAL;TREM;LATITUDE;LONGITUDE
308821;5;5;2017;20:14;12699;AV CEL CARVALHO;AV MAJ ASSIS;;0;;Colis?úo Traseira;Via Iluminada;Bom;Seca;Cruz;Sem?íforo;Comercial;0;1;2;1;0;0;0;0;0;1;0;0;-3,723593000000000;-38,586410000000000
308803;5;5;2017;06:30;15743;RUA HERBENE;RUA MANUEL ARRUDA;;0;;Colis?úo Transversal;Luz do Dia;Bom;Seca;Cruz;Pare;Comercial;0;2;0;1;0;0;0;0;0;1;0;0;-3,828996700000000;-38,503986000000000
308804;5;5;2017;08:10;0;RUA TRES MARIAS D39 (MONTESE);;;173;;Colis?úo Traseira;Luz do Dia;Bom;Seca;Meio de Quadra;Sem?íforo;Residencial;0;0;2;1;0;0;0;0;0;1;0;0;-3,768584300000000;-38,551483000000000
308805;5;5;2017;08:19;0;RUA LAURO MAIA;;;135;;Colis?úo Lateral;Luz do Dia;Bom;Seca;T;Pare;Residencial;0;0;2;1;1;0;0;0;0;0;0;0;-3,741452700000000;-38,524210000000000
308806;5;5;2017;08:00;6724;AV SANTOS DUMONT;AV ENG SANTANA JUNIOR;;0;;Colis?úo Lateral;Luz do Dia;Bom;Seca;Cruz;N?úo H?í Controle;Comercial;0;0;2;1;1;0;0;0;0;0;0;0;-3,740596300000000;-38,485390000000000
308807;5;5;2017;08:00;0;AV ENG LEAL LIMA VERDE (SAPIRANGA/COITE);AV DES FELICIANO DE ATAIDE (JD DAS OLIVEIRAS);;0;;Colis?úo Transversal;Luz do Dia;Bom;Seca;Cruz;Pare;Residencial;0;0;2;1;0;0;0;0;0;0;0;0;-3,786635600000000;-38,476360000000000
308808;5;5;2017;09:00;0;AV JOVITA FEITOSA;;;1;;Colis?úo Traseira;Luz do Dia;Bom;Seca;Meio de Quadra;N?úo H?í Controle;Comercial;0;0;2;1;0;0;0;0;0;0;0;0;-3,738630000000000;-38,550396000000000
308809;5;5;2017;10:20;13544;RUA DR JOSE LOURENCO;RUA JULIO SIQUEIRA;;0;;Colis?úo Transversal;Luz do Dia;Bom;Seca;Cruz;Pare;Residencial;0;0;2;1;0;0;0;0;0;0;0;0;-3,748414800000000;-38,512370000000000
308810;5;5;2017;10:06;15827;RUA ANGELICA GURGEL;RUA ANTONIO GADELHA;;155;;Colis?úo Lateral;Luz do Dia;Bom;Material Derrapante;T;Pare;Comercial;0;0;2;1;1;0;0;0;0;0;0;0;-3,832776500000000;-38,499120000000000
308811;5;5;2017;10:40;19009;RUA DES WALDETARIO P MOTA;RUA AVILA GOULART;;0;;Colis?úo Lateral;Luz do Dia;Bom;Seca;Cruz;Sem?íforo;Residencial;0;0;2;1;1;0;0;0;0;0;0;0;-3,734524300000000;-38,479206000000000
308812;5;5;2017;13:10;0;AV DES MOREIRA;;;2960;;Colis?úo Traseira;Luz do Dia;Bom;Seca;Meio de Quadra;Sem?íforo;Residencial;0;0;2;1;0;0;0;0;0;0;0;0;-3,752813300000000;-38,503680000000000
308813;5;5;2017;13:45;19611;AV GODOFREDO MACIEL;RUA NEREU RAMOS;;0;;Colis?úo Traseira;Luz do Dia;Bom;Seca;T;Sem?íforo;Comercial;0;0;2;0;0;0;0;0;0;1;0;0;-3,787433600000000;-38,566690000000000
308829;5;5;2017;16:06;4119;RUA LUCAS PINTO;RUA CRUZEIRO DO SUL;;0;;Colis?úo Lateral;Luz do Dia;Bom;Seca;Cruz;Pare;Residencial;0;0;2;1;0;0;0;0;0;1;0;0;-3,714402200000000;-38,558636000000000
308861;5;5;2017;21:21;0;AV JOSE JATAHY;;;0;;Colis?úo Traseira;Via Iluminada;Bom;Seca;Meio de Quadra;N?úo H?í Controle;Residencial;0;0;0;1;0;0;0;0;0;0;0;0;-3,725438000000000;-38,545982000000000
306079;5;5;2017;07:40;0;RUA PEDRO ARTUR;;;510;;Colis?úo Traseira;Luz do Dia;Bom;Seca;Meio de Quadra;Pare;Residencial;0;0;3;1;0;0;0;0;0;0;0;0;-3,713142000000000;-38,552550000000000
319394;5;5;2017;05:13;0;AV ENG HUMBERTO MONTE;;;1620;;Colis?úo;Amanhecer;;;Meio de Quadra;;;0;1;0;0;0;0;0;0;0;0;0;0;-3,746855000000000;-38,562357000000000
319403;5;5;2017;06:19;20042;AV ALBERTO CRAVEIRO;AV DEP PAULINO ROCHA;;0;;Colis?úo;Luz do Dia;;;Rotat??ria;D?¬ Prefer?¬ncia;Comercial;0;1;0;0;0;0;0;0;0;0;0;0;-3,807229000000000;-38,524782000000000
319416;5;5;2017;09:15;0;RUA ANA BRITO;;;709;;Queda;Luz do Dia;;;Meio de Quadra;;;0;0;1;0;0;0;0;0;0;1;0;0;-3,830122400000000;-38,585965300000000
319460;5;5;2017;20:18;18755;AV B CJ HAB ST SAO JOAO;RUA 35 CJ HAB ST S JOAO;;0;;Colis?úo;;;;Cruz;Pare;Residencial;0;1;0;1;0;0;0;0;0;1;0;0;-3,847111000000000;-38,517948000000000
319461;5;5;2017;21:40;17370;RUA ALM RUBIM;RUA BAR SOBRAL;;0;;Colis?úo;;;;Cruz;Pare;Comercial;0;2;0;0;0;0;0;0;0;0;0;0;-3,766572000000000;-38,554972000000000
319462;5;5;2017;22:06;0;RUA PEDRO ARTUR;;;517;;Atropelamento;;;;Meio de Quadra;;;0;1;0;1;0;0;0;0;0;0;0;0;-3,713159000000000;-38,552486000000000
319457;5;5;2017;19:44;0;AV JOSE BASTOS;;;4000;;Colis?úo;;;;Meio de Quadra;;;0;1;0;1;0;0;0;0;0;1;0;0;-3,752996000000000;-38,553458000000000
319455;5;5;2017;19:40;24998;RUA MARIA JULIA;RUA FRANCISCANO;;0;;Colis?úo;;;;;;;0;0;1;0;0;0;0;0;0;0;0;0;;
319449;5;5;2017;19:09;0;RUA BARBOSA DE FREITAS;;;1850;;Colis?úo;;;;Meio de Quadra;;;0;2;0;0;0;0;0;0;0;1;0;0;-3,742408000000000;-38,499230000000000
319450;5;5;2017;19:38;25748;RUA CARLOS CHAGAS;RUA GILBERTO ALVES;;0;;Queda;;;;;;;0;1;0;0;0;1;0;0;0;0;0;0;;
319408;5;5;2017;07:40;0;AV GAL OSORIO DE PAIVA;;;0;;Colis?úo;Luz do Dia;;;Meio de Quadra;;;0;1;0;1;0;0;0;0;0;1;0;0;;
319406;5;5;2017;07:14;0;RUA ANA BRITO;;;709;;Colis?úo;Luz do Dia;;;Meio de Quadra;;;0;1;0;1;0;0;0;0;0;1;0;0;-3,830122400000000;-38,585965300000000
319396;5;5;2017;05:54;0;RUA TULIPA NEGRA;;;800;;Queda;Amanhecer;;;Meio de Quadra;;;0;1;0;0;0;0;0;0;0;1;0;0;-3,824281663000000;-38,590774176000000
319422;5;5;2017;10:01;9698;RUA FRANCISCO PAIVA;RUA OSCAR FRANCA;;0;;Atropelamento;Luz do Dia;;;Cruz;Pare;Residencial;0;2;0;0;0;0;0;0;0;1;0;0;-3,787473000000000;-38,613191000000000
319426;5;5;2017;11:42;0;AV WASHINGTON SOARES;;;0;;Colis?úo;Luz do Dia;;;Meio de Quadra;;;0;0;1;1;0;0;0;0;0;1;0;0;;
319431;5;5;2017;15:06;0;AV GAL OSORIO DE PAIVA;;;2450;;Colis?úo;Luz do Dia;;;Meio de Quadra;;;0;2;0;0;0;0;0;0;0;0;0;0;-3,786846000000000;-38,584193000000000
319432;5;5;2017;15:32;0;RUA CON LIMA SUCUPIRA;;;2039;;Colis?úo;Luz do Dia;;;Meio de Quadra;;;0;1;0;1;0;0;0;0;0;1;0;0;-3,777301000000000;-38,553530000000000
319446;5;5;2017;18:04;0;RUA ITAJUIPE;;;132;;Colis?úo;Anoitecer;;;Meio de Quadra;;;0;1;0;1;0;0;0;0;0;1;0;0;;
319447;5;5;2017;18:51;0;AV GAL OSORIO DE PAIVA;;;2951;;Colis?úo;;;;Meio de Quadra;;;0;1;0;1;0;0;0;0;0;1;0;0;-3,788983000000000;-38,586761000000000
319443;5;5;2017;16:01;0;AV CARNEIRO DE MENDONCA;;;2039;;Colis?úo;Luz do Dia;;;Meio de Quadra;;;0;2;0;0;0;0;0;0;0;0;0;0;-3,759239000000000;-38,576425000000000
319444;5;5;2017;17:33;0;AV SEN CARLOS JEREISSATI (AEROPORTO);;;3000;AEROPORTO;Queda;Anoitecer;;;Meio de Quadra;;;0;1;0;0;0;0;0;0;0;1;0;0;-3,780382000000000;-38,541414000000000
305826;5;5;2017;12:30;0;AV GAL OSORIO DE PAIVA;;;5748;;Colis?úo Traseira;Luz do Dia;Bom;Seca;Meio de Quadra;Sem?íforo;Comercial;0;2;0;1;0;0;0;0;0;1;0;0;-3,806792000000000;-38,604089000000000
305839;5;5;2017;12:10;12837;RUA JAIME BENEVOLO;AV DOMINGOS OLIMPIO;;0;;Colis?úo Traseira;Luz do Dia;Bom;Seca;;Sem?íforo;Comercial;0;2;0;1;0;0;0;0;0;0;0;0;-3,737780000000000;-38,527245000000000
305837;5;5;2017;14:30;24226;RUA FAUSTO CABRAL;RUA DES WALDETARIO P MOTA;;0;;Colis?úo Transversal;Luz do Dia;Bom;Seca;Cruz;Pare;Escola;0;2;0;1;0;0;0;0;0;0;0;0;-3,733093000000000;-38,478283000000000
305841;5;5;2017;16:30;0;RUA PESSOA ANTA;;;0;;;Luz do Dia;Bom;Seca;Meio de Quadra;N?úo H?í Controle;Lazer;0;3;0;1;0;0;0;0;0;1;0;0;;
305845;5;5;2017;09:55;0;RUA DR GILBERTO STUDART;;;324;;Colis?úo Lateral;Luz do Dia;Bom;Seca;Meio de Quadra;Outros;Residencial;0;2;0;1;0;0;0;0;0;0;0;0;-3,742220000000000;-38,485281000000000
305832;5;5;2017;19:50;1557;RUA CAROLINA SUCUPIRA;RUA BARBOSA DE FREITAS;;0;;Colis?úo Lateral;Via Iluminada;Bom;Seca;Cruz;Pare;Residencial;0;2;0;1;0;0;0;0;0;0;0;0;-3,741517000000000;-38,498942000000000
305848;5;5;2017;17:00;1375;AV SANTOS DUMONT;RUA BARBOSA DE FREITAS;;0;;Colis?úo Lateral;Anoitecer;;;Cruz;Sem?íforo;Comercial;0;2;0;1;1;0;0;0;0;0;0;0;-3,736551000000000;-38,497363000000000
305849;5;5;2017;21:30;17400;RUA BAR SOBRAL;RUA EDITE BRAGA;;0;;Colis?úo;Mal Iluminada;Bom;Seca;T;;Residencial;0;1;1;1;0;0;0;0;0;1;0;0;-3,767521000000000;-38,553278000000000
305852;5;5;2017;19:30;25548;AV JOAO PESSOA;AV GAL OSORIO DE PAIVA;;0;;Colis?úo Frontal;Via Iluminada;Bom;Seca;Cruz;Pare;Comercial;0;2;0;0;0;0;0;0;0;1;0;0;-3,771044000000000;-38,561379000000000
305754;6;5;2017;07:45;0;AV VICENTE DE CASTRO;;;0;;Colis?úo Traseira;Luz do Dia;Bom;Seca;Meio de Quadra;;Comercial;0;0;2;1;0;0;0;0;0;0;0;0;;
305756;6;5;2017;00:05;0;RUA PDE PEDRO DE ALENCAR;;;671;;Colis?úo Lateral;Via Iluminada;Bom;Seca;Meio de Quadra;Sem?íforo;Residencial;0;0;2;1;0;0;0;0;0;0;0;0;-3,833830000000000;-38,494078000000000
305784;6;5;2017;21:15;0;RUA NOSSA SRA DAS GRACAS;;;58;;Atropelamento;Via Iluminada;Bom;Seca;Meio de Quadra;N?úo H?í Controle;Residencial;0;2;0;0;0;0;0;0;0;1;0;0;-3,711784000000000;-38,549014000000000
305721;6;5;2017;07:35;0;AV SGT HERMINIO SAMPAIO;;;4420;;Colis?úo Frontal;Luz do Dia;Bom;Seca;Meio de Quadra;N?úo H?í Controle;Residencial;0;2;1;0;0;0;0;0;0;1;0;0;-3,731654000000000;-38,579592000000000
305719;6;5;2017;04:20;0;RUA FRE MANSUETO;;;647;;Choque c/ Obst?ículo Fixo;Via Iluminada;Bom;Seca;Meio de Quadra;N?úo H?í Controle;Comercial;0;0;1;1;0;0;0;0;0;0;0;0;-3,729632000000000;-38,488936000000000
305747;6;5;2017;12:00;0;AV PRS JUSCELINO KUBITSCHEK (PASSAR?ë);;;0;;Colis?úo Lateral;Luz do Dia;Nublado;Molhada;Meio de Quadra;Sem?íforo;Comercial;0;0;2;1;0;0;0;0;0;0;0;0;;
305741;6;5;2017;10:56;2828;RUA CEL VIRGILIO NOGUEIRA (BOM JARDIM);RUA MANUEL GALDINO;;0;;Colis?úo Frontal;Luz do Dia;Bom;Seca;Cruz;N?úo H?í Controle;Comercial;0;1;1;1;0;0;0;0;0;1;0;0;;
305734;6;5;2017;16:45;5092;RUA SEN ALENCAR;AV IMPERADOR;;0;;Colis?úo Lateral;Luz do Dia;Bom;Seca;Cruz;Sem?íforo;Comercial;0;0;2;1;0;0;0;0;0;0;0;0;-3,723171000000000;-38,533258000000000
305736;6;5;2017;08:44;10449;RUA MOCAMBIQUE;AV I CJ CEARA;;0;;Colis?úo Lateral;Luz do Dia;Bom;Seca;Cruz;Pare;Residencial;0;1;1;1;0;0;0;0;0;0;0;0;-3,766134000000000;-38,599404000000000
305711;6;5;2017;13:14;21979;RUA GAL BERNARDO FIGUEIREDO;RUA PRO RAIMUNDO ARRUDA;;0;;Colis?úo Frontal;Luz do Dia;Bom;Seca;T;D?¬ Prefer?¬ncia;Comercial;0;1;1;1;0;0;0;0;0;1;0;0;-3,739476000000000;-38,550840000000000
325760;6;5;2017;17:10;0;RD BR 020;;;500;KM 423;Colis?úo Frontal;Anoitecer;;Seca;Meio de Quadra;;;0;0;2;1;0;0;0;0;0;0;0;0;;
319466;6;5;2017;03:48;6217;AV C CJ CEARA;RUA 1064 CJ CEARA;;0;;Queda;;;;;;;0;1;0;0;0;0;0;0;0;1;0;0;-3,767471000000000;-38,612505000000000
319463;6;5;2017;00:33;0;RUA SAO TOMAZ DE AQUINO;;;30;;Atropelamento;;;;Meio de Quadra;;;0;1;0;0;0;0;0;0;0;1;0;0;;
319464;6;5;2017;00:46;1582;AV SEN VIRGILIO TAVORA;RUA CAROLINA SUCUPIRA;;0;;Queda;;;;T;Pare;Comercial;0;1;0;0;0;0;0;0;0;1;0;0;-3,742765000000000;-38,495066000000000
319475;6;5;2017;09:47;26023;RUA JOAQUIM FROTA;RUA DR JURANDYR NUNES;;0;;Colis?úo;Luz do Dia;;;;;;0;1;0;1;0;0;0;0;0;1;0;0;-3,801401000000000;-38,472648000000000
319468;6;5;2017;06:17;0;AV ENG HUMBERTO MONTE;;;1486;;Colis?úo;Luz do Dia;;;Meio de Quadra;;;0;1;0;1;0;0;0;0;0;1;0;0;-3,747152000000000;-38,562104000000000
319472;6;5;2017;08:14;0;AV WASHINGTON SOARES;;;0;;Colis?úo;Luz do Dia;;;Meio de Quadra;;;0;1;0;1;0;0;0;0;0;1;0;0;;
319485;6;5;2017;11:08;0;AV CENTRAL CJ CEARA;;;0;;Colis?úo;Luz do Dia;;;Meio de Quadra;;;0;2;0;0;0;0;0;0;0;0;0;0;;
319482;6;5;2017;10:51;9612;RUA OSCAR ARARIPE;RUA SGT JOAO PINHEIRO;;0;;Colis?úo;Luz do Dia;;;Cruz;Pare;Comercial;0;1;0;1;0;0;0;0;0;1;0;0;-3,783833000000000;-38,623073000000000
319526;6;5;2017;21:52;0;RUA CON DE CASTRO;;;7130;;Colis?úo;;;;Meio de Quadra;;;0;0;1;0;0;0;0;0;0;0;0;0;-3,817215000000000;-38,600716000000000
319528;6;5;2017;22:09;0;RUA GAL CLARINDO DE QUEIROZ;;;1964;;Atropelamento;;;;Meio de Quadra;;;0;1;0;1;0;0;0;0;0;0;0;0;-3,728945000000000;-38,541921000000000
319529;6;5;2017;22:10;5246;RUA PEREIRA FILGUEIRAS;RUA GONCALVES LEDO;;0;;Atropelamento;;;;Cruz;Pare;Residencial;0;1;0;1;0;0;0;0;0;0;0;0;-3,727667000000000;-38,515004000000000
319530;6;5;2017;22:34;0;RUA JULIO SILVA;;;440;;Queda;;;;Meio de Quadra;;;0;1;0;0;0;0;0;0;0;1;0;0;;
319531;6;5;2017;23:29;0;RUA CEL MATOS DOURADO;;;495;;Atropelamento;;;;Meio de Quadra;;;0;1;0;1;0;0;0;0;0;0;0;0;-3,743000000000000;-38,585056000000000
319523;6;5;2017;20:47;17755;RUA 107 CJ TUPAN MIRIM;RUA 108 CJ ESPERANCA;;0;;Queda;;;;;;;0;1;0;0;0;0;0;0;0;1;0;0;-3,802663000000000;-38,546402000000000
319521;6;5;2017;19:51;0;AV JOSE JATAHY;;;608;;Atropelamento;;;;Meio de Quadra;;;0;1;0;1;0;0;0;0;0;0;0;0;-3,726458965000000;-38,545890765000000
319513;6;5;2017;15:40;0;AV ABOLICAO;;;221;;Atropelamento;Luz do Dia;;;Meio de Quadra;;;0;1;0;0;0;0;0;0;0;1;0;0;;
319514;6;5;2017;15:42;0;RUA P CJ VILA VELHA;;;106;;Atropelamento;Luz do Dia;;;Meio de Quadra;;;0;1;0;0;0;0;0;0;0;1;0;0;-3,701528700000000;-38,587339300000000
319515;6;5;2017;17:20;26073;AV FRANCISCO SA;AV JOSE JATAHY;;0;;Queda;Anoitecer;;;Cruz;Sem?íforo;Residencial;0;2;0;0;0;1;0;0;0;0;0;0;-3,720897980000000;-38,546818250000000
319516;6;5;2017;17:53;0;AV ISABEL BEZERRA;;;558;;Colis?úo;Anoitecer;;;Meio de Quadra;;;0;1;0;0;0;0;0;0;0;1;0;0;;
319517;6;5;2017;18:39;0;AV WASHINGTON SOARES;;;3636;;Queda;;;;Meio de Quadra;;;0;2;0;0;0;0;0;0;0;1;0;0;-3,787049000000000;-38,480691000000000
319519;6;5;2017;19:44;0;RUA CHILE;;;910;;Colis?úo;;;;Meio de Quadra;;;0;1;0;0;0;0;0;0;0;0;0;0;-3,749740000000000;-38,568671000000000
319511;6;5;2017;14:42;0;AV GOV RAUL BARBOSA;;;503;;Colis?úo;Luz do Dia;;;Meio de Quadra;;;0;1;0;1;0;0;0;0;0;1;0;0;-3,757125700000000;-38,504308400000000
319487;6;5;2017;11:16;0;RUA BENTO ALBUQUERQUE;;;333;;Queda;Luz do Dia;;;Meio de Quadra;;;0;1;0;0;0;1;0;0;0;0;0;0;-3,742703000000000;-38,486459000000000
319488;6;5;2017;11:19;1784;RUA MARIA QUINTINO;RUA PEDRO DE SOUZA;;0;;Colis?úo;Luz do Dia;;;Cruz;Pare;Comercial;0;1;0;0;0;0;0;0;0;1;0;0;-3,852277000000000;-38,500227000000000
319491;6;5;2017;12:31;0;RUA DR VALDEMAR DE ALCANTARA;;;1900;;Colis?úo;Luz do Dia;;;Meio de Quadra;;;0;1;0;0;0;0;0;0;0;1;0;0;;
319492;6;5;2017;13:41;0;AV SGT HERMINIO SAMPAIO;;;3220;;Colis?úo;Luz do Dia;;;Meio de Quadra;;;0;1;0;1;0;0;0;0;0;1;0;0;-3,727970000000000;-38,569536000000000
319493;6;5;2017;13:45;0;AV DEP PAULINO ROCHA;;;1001;;Colis?úo;Luz do Dia;;;Meio de Quadra;;;0;1;0;1;0;0;0;0;0;1;0;0;-3,808089000000000;-38,508524000000000
319504;6;5;2017;13:51;0;RUA CEL JOAO CORREIA;;;2471;;Colis?úo;Luz do Dia;;;Meio de Quadra;;;0;0;1;1;0;1;0;0;0;0;0;0;;
319505;6;5;2017;13:51;0;AV GAL OSORIO DE PAIVA;;;6030;;Queda;Luz do Dia;;;Meio de Quadra;;;0;1;0;0;0;0;0;0;0;1;0;0;-3,808488000000000;-38,605696000000000
319508;6;5;2017;13:55;0;AV PRS COSTA E SILVA;;;0;;Atropelamento;Luz do Dia;;;Meio de Quadra;;;0;1;0;1;0;0;0;0;0;0;0;0;;
319500;6;5;2017;13:45;0;RUA VIRIATO RIBEIRO;;;156;;Choque c/ Obst?ículo Fixo;Luz do Dia;;;Meio de Quadra;;;0;1;0;1;0;0;0;0;0;0;0;0;-3,754623000000000;-38,556955000000000
308830;6;5;2017;15:39;0;RUA BARBOSA DE FREITAS;;;0;;Colis?úo Traseira;Luz do Dia;Bom;Seca;Meio de Quadra;Sem?íforo;Comercial;0;0;3;1;0;0;0;0;0;0;0;0;-3,740251300000000;-38,498543000000000
308831;6;5;2017;16:46;0;AV DR SILAS MUNGUBA;;;2593;;Colis?úo Traseira;Luz do Dia;Bom;Seca;Meio de Quadra;N?úo H?í Controle;Comercial;0;0;2;1;0;0;0;0;0;0;0;0;-3,786401300000000;-38,550137000000000
308832;6;5;2017;16:53;0;AV JOSE BASTOS;;;3800;;Colis?úo Traseira;Luz do Dia;Bom;Seca;Meio de Quadra;Sem?íforo;Comercial;0;0;2;1;0;0;0;0;0;0;0;0;-3,751729500000000;-38,552060000000000
308833;6;5;2017;16:10;0;AV DA INDEPENDENCIA;RUA PDE TEODORO (QUNTINO CUNHA);;0;;Colis?úo Lateral;Luz do Dia;Bom;Seca;Cruz;Pare;Comercial;0;0;2;0;0;0;0;0;0;1;0;0;-3,726742500000000;-38,591520000000000
308834;6;5;2017;19:05;0;RUA DR JOSE LINO;;;925;;Colis?úo Traseira;Via Iluminada;Bom;Seca;Meio de Quadra;N?úo H?í Controle;Residencial;0;0;1;1;0;0;0;0;0;0;0;0;-3,730497600000000;-38,483414000000000
308835;6;5;2017;22:19;0;RUA ALMEIDA REGO;;;3481;;Colis?úo Traseira;Via Iluminada;Bom;Seca;Meio de Quadra;Sem?íforo;Comercial;0;0;2;1;0;0;0;0;0;0;0;0;-3,814942800000000;-38,498264000000000
308836;6;5;2017;23:10;22048;RUA MON FURTADO;RUA CANDIDO JUCA;;0;;Colis?úo Transversal;Via Iluminada;Bom;Seca;T;Pare;Residencial;0;0;2;0;0;0;0;0;0;0;0;0;-3,742464800000000;-38,545970000000000
308823;6;5;2017;09:10;25125;RUA DNA LEOPOLDINA;RUA ROCHA LIMA;;0;;Colis?úo Transversal;Luz do Dia;Bom;Seca;Cruz;Pare;Residencial;0;1;1;1;0;0;0;0;0;1;0;0;-3,736544100000000;-38,521244000000000
308824;6;5;2017;13:10;7923;RUA ISAC AMARAL;AV GOV RAUL BARBOSA;;0;;Choque c/ Obst?ículo Fixo;Luz do Dia;Bom;Seca;Cruz;Sem?íforo;Residencial;0;0;1;0;0;0;0;0;0;0;0;0;-3,752784300000000;-38,503624000000000
308825;6;5;2017;10:30;14786;RUA STA LIDUINA D42;RUA JOAO AMORA;;0;;Engavetamento;Luz do Dia;Bom;Seca;Cruz;Sem?íforo;Residencial;0;0;3;1;0;0;0;0;0;0;0;0;-3,799792300000000;-38,585110000000000
308826;6;5;2017;12:10;5031;RUA PESSOA ANTA;AV ALM TAMANDARE;;0;;Colis?úo Transversal;Luz do Dia;Bom;Seca;T;Pare;Comercial;0;0;2;1;1;0;0;0;0;0;0;0;-3,720750800000000;-38,519886000000000
308827;6;5;2017;12:55;12835;AV DOMINGOS OLIMPIO;RUA SOLON PINHEIRO;;0;;Colis?úo Lateral;Luz do Dia;Bom;Seca;Cruz;Sem?íforo;Comercial;0;0;2;1;0;0;0;0;0;0;0;0;-3,737426800000000;-38,528446000000000
308828;6;5;2017;13:15;579;AV FRANCISCO SA;RUA CRUZEIRO DO SUL;;0;;Colis?úo Traseira;Luz do Dia;Bom;Seca;Cruz;Pare;Comercial;0;1;1;1;0;0;0;0;0;1;0;0;-3,715471500000000;-38,563007000000000
308873;6;5;2017;01:53;17265;RUA ALBERTO MAGNO;RUA SATIRO DIAS;;0;;Colis?úo Transversal;Via Iluminada;Bom;Seca;Cruz;Pare;Residencial;0;0;2;1;0;0;0;0;0;0;0;0;-3,762216800000000;-38,547794000000000
324542;6;5;2017;09:50;0;RD CE-040;;;0;KM-06;Colis?úo;Luz do Dia;;Seca;Meio de Quadra;;;0;0;3;1;0;0;0;0;0;0;0;0;-3,809596804000000;-38,478733480000000
324548;6;5;2017;08:20;0;RD CE-040;;;0;KM-08;Colis?úo;Luz do Dia;;Seca;Meio de Quadra;;;0;2;1;0;0;0;0;0;0;1;0;0;-3,825515822000000;-38,481538320000000
324545;6;5;2017;10:45;0;RD CE-040;;;0;KM-04;Colis?úo;Luz do Dia;;Seca;Meio de Quadra;;;0;0;2;1;0;0;0;0;0;0;0;0;-3,791613156000000;-38,480330840000000
308837;7;5;2017;09:00;5153;RUA RODRIGUES JUNIOR;RUA TEN BENEVOLO;;0;;Colis?úo Lateral;Luz do Dia;Bom;Seca;T;Pare;Comercial;0;0;2;1;1;0;0;0;0;0;0;0;-3,731594800000000;-38,522266000000000
308838;7;5;2017;16:01;7948;AV PONTES VIEIRA;RUA JOAQUIM NABUCO;;0;EMBRATEL;Colis?úo Transversal;Luz do Dia;Bom;Seca;Cruz;Sem?íforo;Comercial;0;0;2;1;0;0;0;0;0;0;0;0;-3,751994100000000;-38,506504000000000
308839;7;5;2017;16:56;15126;AV HIS RAIMUNDO GIRAO;AV RUI BARBOSA;;0;;Colis?úo Lateral;Luz do Dia;Bom;Seca;Cruz;Sem?íforo;Lazer;0;0;2;0;0;0;0;0;0;0;0;0;-3,724285100000000;-38,505530000000000
308840;7;5;2017;19:16;0;AV DR JOAO MACIEL FILHO;;;346;;Choque c/ Obst?ículo Fixo;Via Iluminada;Bom;Seca;Meio de Quadra;N?úo H?í Controle;Residencial;0;0;3;1;0;0;0;0;0;0;0;0;-3,796232000000000;-38,500420000000000
319532;7;5;2017;00:13;0;AV GODOFREDO MACIEL;;;2915;;Atropelamento;;;;Meio de Quadra;;;0;1;0;1;0;0;0;0;0;0;0;0;-3,800964000000000;-38,571327000000000
319533;7;5;2017;00:29;20211;RUA PRO MOREIRA DE SOUSA (PASSARE);RUA CRISANTO ARRUDA;;0;;Colis?úo;;;;Cruz;Gesto;Residencial;0;2;0;0;0;0;0;0;0;1;0;0;-3,813769000000000;-38,523542000000000
319540;7;5;2017;01:23;0;AV DEP PAULINO ROCHA;;;277;;Queda;;;;Meio de Quadra;;;0;1;0;0;0;0;0;0;0;1;0;0;-3,804453000000000;-38,507978000000000
319553;7;5;2017;03:22;0;AV AUGUSTO DOS ANJOS;;;489;;Colis?úo;;;;Meio de Quadra;;;0;2;0;1;0;0;0;0;0;1;0;0;-3,772994000000000;-38,572751000000000
319548;7;5;2017;01:56;7329;RUA PRO PAULO LOPES;RUA MANAUS;;0;;Colis?úo;;;;Cruz;Pare;Residencial;0;1;0;1;0;0;0;0;0;1;0;0;-3,753573000000000;-38,591163000000000
319549;7;5;2017;02:10;0;RUA PEDESTRE I;;;96;;Atropelamento;;;;Meio de Quadra;;;0;1;0;1;0;0;0;0;0;0;0;0;-3,827024000000000;-38,515397000000000
319550;7;5;2017;02:24;0;RD BR 222;;;506;;Colis?úo;;;;Meio de Quadra;;;0;1;0;0;0;0;0;0;0;1;0;0;-3,739978100000000;-38,594126000000000
319551;7;5;2017;03:02;0;AV PLACIDO CASTELO;;;0;;Colis?úo;;;;Meio de Quadra;;;0;2;0;0;0;0;0;0;0;0;0;0;;
319559;7;5;2017;04:32;0;RUA DEP MATOSO FILHO;;;149;;Colis?úo;;;;Meio de Quadra;;;0;1;0;0;0;0;0;0;0;0;0;0;-3,730566000000000;-38,586284000000000
319557;7;5;2017;04:06;0;RUA URUCUTUBA;;;1537;;Colis?úo;;;;Meio de Quadra;;;0;1;0;0;0;0;0;0;0;1;0;0;-3,797672000000000;-38,608854000000000
319555;7;5;2017;03:55;0;AV ZEZE DIOGO;;;0;;Queda;;;;Meio de Quadra;;;0;1;0;0;0;0;0;0;0;1;0;0;;
319564;7;5;2017;05:54;0;RUA TEN QUEIROZ;;;1215;;Colis?úo;Amanhecer;;;Meio de Quadra;;;0;0;1;1;0;0;0;0;0;1;0;0;;