COD_ACIDENTE;DIA;MES;ANO;HORA;INTERSECAO;LOG1;LOG2;LOG3;NUMERO;REFERENCIA;NATUREZA;ILUMINACAO;TEMPO;SUPERFICIEPISTA;TIPOCRUZAMENTO;CONTROLETRAFEGO;USOSOLO;MORTOS;FERIDOS;ILESOS;AUTOMOVEL;ONIBUS;BICICLETA;CAMINHAO;MICROONIBUS;CICLOMOTOR;MOTOCICLETA;TRACAOANIMAL;TREM;LATITUDE;LONGITUDE
319565;7;5;2017;07:45;0;RUA XAVIER DE OLIVEIRA;;;63;;Colis?úo;Luz do Dia;;;Meio de Quadra;;;0;1;0;1;0;0;0;0;0;1;0;0;-3,746720000000000;-38,557815000000000
319566;7;5;2017;08:05;0;RUA PRO MIRAMAR DA PONTE;;;16;;Queda;Luz do Dia;;;Meio de Quadra;;;0;1;0;0;0;0;0;0;0;1;0;0;-3,755791000000000;-38,582625000000000
319567;7;5;2017;08:59;0;RUA PRO JOSE SILVEIRA;;;317;;Colis?úo;Luz do Dia;;;Meio de Quadra;;;0;1;0;1;0;0;0;0;0;1;0;0;;
319562;7;5;2017;04:58;0;AV PERIMETRAL;;;0;;Colis?úo;;;;Meio de Quadra;;;0;2;0;0;0;0;0;0;0;0;0;0;;
319569;7;5;2017;09:26;0;RUA IGUATU;;;331;;Colis?úo;Luz do Dia;;;Meio de Quadra;;;0;0;1;0;0;0;0;0;0;0;0;0;-3,783151000000000;-38,545097000000000
319596;7;5;2017;21:26;6436;RUA 1094 CJ CEARA;AV C CJ CEARA;;0;;Atropelamento;;;;Cruz;N?úo H?í Controle;Residencial;0;1;0;0;0;0;0;0;0;1;0;0;-3,772801000000000;-38,615846000000000
319597;7;5;2017;23:38;0;AV N CJ JOSE WALTER;;;0;;Colis?úo;;;;Meio de Quadra;;;0;2;0;1;0;0;0;0;0;1;0;0;;
319594;7;5;2017;21:16;0;RUA IRINEU MACHADO;;;526;;Queda;;;;Meio de Quadra;;;0;0;1;0;0;0;0;0;0;1;0;0;;
319592;7;5;2017;21:08;0;AV HIS RAIMUNDO GIRAO;;;0;POSTO PETROBR?üS;Colis?úo;;;;Meio de Quadra;;;0;2;0;0;0;0;0;0;0;0;0;0;;
319575;7;5;2017;13:32;0;RUA DR JUSTA ARAUJO D45;;;371;;Colis?úo;Luz do Dia;;;Meio de Quadra;;;0;1;0;1;0;0;0;0;0;1;0;0;-3,779024000000000;-38,551181000000000
319572;7;5;2017;10:06;0;RUA URUCUTUBA;;;0;;Queda;Luz do Dia;;;Meio de Quadra;;;0;1;0;0;0;0;0;0;0;1;0;0;;
319577;7;5;2017;15:00;0;AV CEL CARVALHO;;;0;;Colis?úo;Luz do Dia;;;Meio de Quadra;;;0;1;0;1;0;1;0;0;0;0;0;0;;
319579;7;5;2017;15:10;0;AV DR SILAS MUNGUBA;;;0;;Queda;Luz do Dia;;;Meio de Quadra;;;0;0;1;0;0;1;0;0;0;0;0;0;;
319581;7;5;2017;15:37;10828;RUA ARACAJU;RUA PORTO VELHO;;0;;Colis?úo;Luz do Dia;;;Cruz;Pare;Residencial;0;1;0;0;0;0;0;0;0;0;0;0;-3,764365000000000;-38,589992000000000
319582;7;5;2017;17:38;0;AV FRANCISCO SA;;;5286;;Atropelamento;Anoitecer;;;Meio de Quadra;;;0;1;0;0;0;0;0;0;0;1;0;0;-3,712639000000000;-38,571315000000000
319583;7;5;2017;17:44;0;AV DES GONZAGA;;;857;;Colis?úo;Anoitecer;;;Meio de Quadra;;;0;1;0;1;0;0;0;0;0;1;0;0;-3,795002000000000;-38,500922000000000
319584;7;5;2017;18:21;0;ET DO JATOBA;;;3024;;Queda;Anoitecer;;;Meio de Quadra;;;0;2;0;0;0;0;0;0;0;1;0;0;-3,802391000000000;-38,627694000000000
319586;7;5;2017;19:26;0;AV FRANCISCO SA;;;2707;;Colis?úo;;;;Meio de Quadra;;;0;0;1;0;0;0;0;0;0;0;0;0;-3,720145400000000;-38,549762600000000
319587;7;5;2017;19:54;0;RUA JOAO GENTIL;;;0;;Atropelamento;;;;Meio de Quadra;;;0;1;0;0;0;0;0;0;0;1;0;0;;
319588;7;5;2017;20:01;0;AV DR SILAS MUNGUBA;;;454;;Atropelamento;;;;Meio de Quadra;;;0;1;0;0;0;0;0;0;0;0;0;0;-3,778436000000000;-38,561298000000000
319589;7;5;2017;20:15;0;RD BR 116;;;0;;Queda;;;;Meio de Quadra;;;0;0;1;0;0;1;0;0;0;0;0;0;;
319590;7;5;2017;20:58;19802;RUA FRANCISCA RANGEL;RUA DOM LINO;;0;;Colis?úo;;;;T;Pare;Residencial;0;0;1;1;0;0;0;0;0;1;0;0;-3,739261000000000;-38,556529000000000
325762;7;5;2017;15:15;0;RD BR 020;;;700;KM 426;Tombamento;Luz do Dia;;Seca;Meio de Quadra;;;0;0;3;0;0;0;1;0;0;0;0;0;;
305729;7;5;2017;07:40;352;RUA XAVIER DE OLIVEIRA;RUA PEDRO DE QUEIROZ;;0;;Colis?úo Transversal;Luz do Dia;Nublado;Molhada;Cruz;Pare;Residencial;0;1;1;1;0;0;0;0;0;1;0;0;-3,746834000000000;-38,558367000000000
305733;7;5;2017;13:15;18445;AV SGT HERMINIO SAMPAIO;RUA PDE MAXIMO FEITOSA;;0;;Colis?úo Lateral;Luz do Dia;Bom;Seca;Cruz;Pare;Comercial;0;2;1;1;0;0;0;0;0;1;0;0;-3,729827000000000;-38,574930000000000
305787;7;5;2017;00:30;10749;AV SEN FERNANDES TAVORA;RUA PRO HERIBALDO COSTA;;0;;Colis?úo Lateral;Via Iluminada;Bom;Seca;Cruz;Sem?íforo;Comercial;0;1;0;0;0;0;0;0;0;1;0;0;-3,761006000000000;-38,584384000000000
305782;7;5;2017;19:30;15283;RUA PEREIRA FILGUEIRAS;RUA BAR ARACATI;;0;;Colis?úo Lateral;Mal Iluminada;Bom;Seca;Cruz;Pare;Comercial;0;0;2;1;0;0;0;0;0;0;0;0;-3,729076000000000;-38,510707000000000
305771;7;5;2017;00:40;0;AV JOSE BASTOS;;;5682;;Atropelamento;Via Iluminada;Bom;Seca;Meio de Quadra;N?úo H?í Controle;Comercial;0;1;1;1;0;0;0;0;0;0;0;0;-3,761363000000000;-38,564999000000000
305757;7;5;2017;14:00;15255;RUA TEN BENEVOLO;RUA MON BRUNO;;0;;Colis?úo Transversal;Luz do Dia;Nublado;Seca;Cruz;Pare;Residencial;0;0;2;1;1;0;0;0;0;0;0;0;-3,728332000000000;-38,508124000000000
305766;7;5;2017;22:29;12173;AV CASTELO DE CASTRO;AV CAP GUTEMBERG BAUN;;0;;Colis?úo Transversal;Via Iluminada;Bom;Seca;Cruz;Sem?íforo;Comercial;0;1;1;1;0;0;0;0;0;1;0;0;-3,838809000000000;-38,521744000000000
305843;8;5;2017;09:25;12818;RUA ALBERTO MAGNO;RUA ANDRE CHAVES;;0;;Colis?úo Transversal;Luz do Dia;Chuva;Molhada;Cruz;Pare;Comercial;0;1;2;1;0;0;0;0;0;0;0;0;-3,756035000000000;-38,542230000000000
305855;8;5;2017;12:40;0;RUA MON SALAZAR;;;0;;Colis?úo Transversal;Luz do Dia;Nublado;Molhada;Meio de Quadra;Pare;Comercial;0;0;2;1;0;0;0;0;0;0;0;0;;
305856;8;5;2017;14:30;11582;AV ROGACIANO LEITE;RUA RICARDO A BRAGA;;0;;Atropelamento;Luz do Dia;Nublado;Seca;Cruz;Pare;Residencial;0;2;0;0;0;0;0;0;0;1;0;0;-3,786671000000000;-38,503315000000000
305861;8;5;2017;20:45;12847;RUA MAJ FACUNDO;RUA SALDANHA MARINHO;;0;;Colis?úo Lateral;Amanhecer;Chuva;Molhada;Cruz;;Residencial;0;1;1;1;0;0;0;0;0;1;0;0;-3,741916000000000;-38,532454000000000
305863;8;5;2017;10:15;0;AV JOSE BASTOS;;;4590;CENTER BOX;Colis?úo Lateral;Luz do Dia;Chuva;Molhada;Meio de Quadra;Sem?íforo;Comercial;0;0;3;1;1;0;0;0;0;0;0;0;-3,756680000000000;-38,557237000000000
305866;8;5;2017;09:00;5258;RUA PDE MORORO;RUA PEDRO I;;0;;Atropelamento;Luz do Dia;Nublado;Molhada;Cruz;Pare;Comercial;0;1;1;0;1;0;0;0;0;0;0;0;-3,728123000000000;-38,538290000000000
305722;8;5;2017;16:00;15352;RUA CEL LINHARES;RUA REPUBLICA DO LIBANO;;0;;Colis?úo Transversal;Luz do Dia;Nublado;Seca;Cruz;Pare;Comercial;0;1;2;1;0;0;0;0;0;0;0;0;-3,732540000000000;-38,492865000000000
305938;8;5;2017;11:00;0;RUA RAUL CABRAL;;;531;;Colis?úo Lateral;Luz do Dia;Nublado;Seca;Meio de Quadra;D?¬ Prefer?¬ncia;Residencial;0;0;2;1;0;0;0;0;0;0;0;0;-3,769460900000000;-38,543235400000000
305939;8;5;2017;09:27;0;AV ALM HENRIQUE SABOIA;;;3536;;Colis?úo Lateral;Luz do Dia;Nublado;Molhada;Meio de Quadra;Cancela Danificada;Residencial;0;0;2;1;0;0;0;0;0;1;0;0;-3,740273000000000;-38,487769000000000
305940;8;5;2017;10:00;0;AV ALM HENRIQUE SABOIA;;;3680;;Colis?úo Lateral;Luz do Dia;Nublado;Molhada;Meio de Quadra;Outros;Residencial;0;0;2;1;0;0;1;0;0;0;0;0;-3,741681000000000;-38,488299000000000
305941;8;5;2017;21:40;0;RUA BERNARDO MANUEL;;;10775;;Colis?úo Lateral;Via Iluminada;Bom;Molhada;Meio de Quadra;N?úo H?í Controle;Outros;0;0;2;1;0;0;0;0;0;0;0;0;-3,813485000000000;-38,555927000000000
305942;8;5;2017;16:30;580;AV FRANCISCO SA;RUA FRE TEOBALDO;;0;;Colis?úo Lateral;Luz do Dia;Nublado;Molhada;Cruz;Pare;Comercial;0;0;2;1;0;0;0;0;0;0;0;0;-3,715815000000000;-38,562077000000000
305936;8;5;2017;09:30;17428;RUA ALBERTO MAGNO;RUA CESAR ROSSAS;;0;;Outros;Luz do Dia;Chuva;Molhada;Cruz;Sem?íforo Intermitente;Comercial;0;0;2;1;0;0;0;0;0;1;0;0;-3,768561000000000;-38,552686000000000
305944;8;5;2017;19:00;19095;AV DOS JANGADEIROS;RUA LAURO NOGUEIRA;;0;;Colis?úo Lateral;;Bom;Molhada;T;D?¬ Prefer?¬ncia;Comercial;0;1;1;0;1;0;0;0;0;1;0;0;;
305946;8;5;2017;18:45;12873;RUA MAJ FACUNDO;RUA JOAQUIM MAGALHAES;;0;;Atropelamento;Via Iluminada;Bom;Molhada;Cruz;N?úo H?í Controle;Residencial;0;1;1;1;0;0;0;0;0;0;0;0;-3,738795000000000;-38,531466000000000
305947;8;5;2017;13:20;0;AV 13 DE MAIO;;;2120;;Colis?úo Traseira;Luz do Dia;Nublado;Molhada;Meio de Quadra;N?úo H?í Controle;Misto;0;1;1;1;0;0;0;0;0;1;0;0;-3,743785000000000;-38,535814000000000
305949;8;5;2017;15:10;12884;RUA MES ROSA;RUA COS TRISTAO;;0;;Colis?úo Transversal;Luz do Dia;Nublado;Seca;Cruz;Pare;Misto;0;0;2;1;0;0;0;0;0;0;0;0;-3,741860000000000;-38,527652000000000
305951;8;5;2017;11:30;0;AV JOSE BASTOS;;;3504;;Colis?úo Traseira;Luz do Dia;Bom;Seca;Meio de Quadra;N?úo H?í Controle;Comercial;0;0;2;1;0;0;0;0;0;0;0;0;-3,749551000000000;-38,550013000000000
305954;8;5;2017;18:40;975;RUA PRO GUILHON;AV AGUANAMBI;;0;;Colis?úo Lateral;Via Iluminada;Nublado;Seca;T;N?úo H?í Controle;Escola;0;0;2;1;1;0;0;0;0;0;0;0;-3,759753000000000;-38,523763000000000
305956;8;5;2017;18:40;1316;AV SANTOS DUMONT;RUA TIBURCIO CAVALCANTE;;0;;Colis?úo Traseira;Via Iluminada;Nublado;Seca;Cruz;Sem?íforo;Comercial;0;1;1;0;1;0;0;0;0;1;0;0;-3,734979000000000;-38,502259000000000
305958;8;5;2017;18:16;8001;RUA ALEXANDRE BARAUNA;RUA MACHADO DE ASSIS;;0;;Colis?úo Lateral;Anoitecer;Chuva;Molhada;Cruz;Pare;Residencial;0;2;0;0;0;0;0;0;0;1;0;0;-3,750339000000000;-38,549095000000000
305959;8;5;2017;22:00;15126;AV HIS RAIMUNDO GIRAO;AV RUI BARBOSA;;0;;Colis?úo Traseira;Via Iluminada;Bom;Molhada;Cruz;Sem?íforo;Residencial;0;0;2;0;1;0;0;0;0;0;0;0;-3,723546000000000;-38,505405000000000
305961;8;5;2017;01:10;3975;RUA ALBERTO MAGNO;RUA PRO COSTA MENDES;;0;;Colis?úo Transversal;Via Iluminada;Bom;Seca;Cruz;Sem?íforo;Comercial;0;0;2;1;0;0;0;0;0;0;0;0;-3,757528000000000;-38,543548000000000
305064;8;5;2017;11:30;15282;RUA CANUTO DE AGUIAR;RUA TIBURCIO CAVALCANTE;;0;;Colis?úo Lateral;Luz do Dia;Bom;Seca;;Pare;Residencial;0;2;0;1;0;0;0;0;0;0;0;0;-3,729044000000000;-38,500359000000000
319599;8;5;2017;01:56;0;TR DOLORES DURAN;;;43;;Queda;;;;Meio de Quadra;;;0;1;0;0;0;0;0;0;0;1;0;0;;
319602;8;5;2017;03:20;0;AV PRS CASTELO BRANCO;;;6300;;Atropelamento;;;;Meio de Quadra;;;0;1;0;1;0;0;0;0;0;0;0;0;-3,700645000000000;-38,586475000000000
319603;8;5;2017;04:03;0;AV RAD JOSE LIMA VERDE;;;0;;Queda;;;;Meio de Quadra;;;0;1;0;0;0;0;0;0;0;1;0;0;;
319604;8;5;2017;06:47;0;AV PRS CASTELO BRANCO;;;2848;;Colis?úo;Luz do Dia;;;Meio de Quadra;;;0;1;0;0;0;0;0;0;0;0;0;0;-3,712379000000000;-38,553118000000000
319605;8;5;2017;07:25;0;RUA TEN BENEVOLO;;;607;;Colis?úo;Luz do Dia;;;Meio de Quadra;;;0;1;0;1;0;0;0;0;0;1;0;0;-3,725839000000000;-38,515670000000000
319606;8;5;2017;07:38;0;AV LUCIANO CARNEIRO;;;869;;Colis?úo;Luz do Dia;;;Meio de Quadra;;;0;1;0;1;0;0;0;0;0;1;0;0;-3,756386000000000;-38,534074000000000
319607;8;5;2017;07:53;0;AV FRANCISCO SA;;;3455;;Colis?úo;Luz do Dia;;;Meio de Quadra;;;0;1;0;0;0;0;1;0;0;1;0;0;-3,717847000000000;-38,556030000000000
319609;8;5;2017;08:13;9131;AV 13 DE MAIO;AV LUCIANO CARNEIRO;;0;;Queda;Luz do Dia;;;Cruz;Sem?íforo;Residencial;0;1;0;0;0;0;0;0;0;1;0;0;-3,747615000000000;-38,531331000000000
319611;8;5;2017;08:19;0;AV DEP PAULINO ROCHA;;;1840;;Colis?úo;Luz do Dia;;;Meio de Quadra;;;0;1;0;1;0;0;0;0;0;1;0;0;-3,811552000000000;-38,513654000000000
319612;8;5;2017;08:39;24967;AV ALM HENRIQUE SABOIA;AV SANTOS DUMONT;;0;;Colis?úo;Luz do Dia;;;Cruz;Sem?íforo;Comercial;0;1;0;1;0;0;0;0;0;1;0;0;;
319623;8;5;2017;12:12;0;RUA JOSE HIPOLITO;;;476;;Queda;Luz do Dia;;;Meio de Quadra;;;0;1;0;0;0;1;0;0;0;0;0;0;;
319620;8;5;2017;12:09;0;AV PASTEUR;;;640;;Colis?úo;Luz do Dia;;;Meio de Quadra;;;0;1;0;1;0;0;0;0;0;1;0;0;-3,711547000000000;-38,558971000000000
319625;8;5;2017;12:49;21865;RUA GAL ALIPIO DOS SANTOS;RUA XXIX CIDADE OESTE;;0;;Colis?úo;Luz do Dia;;;Cruz;N?úo H?í Controle;Residencial;0;1;0;1;0;0;0;0;0;1;0;0;-3,732650000000000;-38,594649000000000
319627;8;5;2017;13:09;3860;AV 13 DE MAIO;AV DA UNIVERSIDADE;;0;;Atropelamento;Luz do Dia;;;Cruz;Sem?íforo;Outros;0;1;0;1;0;0;0;0;0;0;0;0;-3,740962000000000;-38,539107000000000
319637;8;5;2017;17:52;0;RUA RAUL CABRAL;;;1260;;Colis?úo;Anoitecer;;;Meio de Quadra;;;0;1;0;1;0;0;0;0;0;1;0;0;-3,767135000000000;-38,547153800000000
319638;8;5;2017;18:02;0;RUA PDE PERDIGAO SAMPAIO;;;400;;Atropelamento;Anoitecer;;;Meio de Quadra;;;0;1;0;0;0;0;0;0;0;1;0;0;-3,733321000000000;-38,596486000000000
319639;8;5;2017;18:08;0;AV CEL CARVALHO;;;2647;;Colis?úo;Anoitecer;;;Meio de Quadra;;;0;1;0;0;0;0;0;0;0;0;0;0;;
319640;8;5;2017;18:11;0;RUA SAO BENTO;;;451;;Queda;Anoitecer;;;Meio de Quadra;;;0;1;0;0;0;0;0;0;0;1;0;0;-3,823925000000000;-38,509866000000000
319641;8;5;2017;18:21;17575;RUA MARANHAO;RUA GUANABARA;;0;;Colis?úo;Anoitecer;;;;;;0;2;0;1;0;0;0;0;0;1;0;0;-3,754538000000000;-38,567494000000000
319642;8;5;2017;18:30;12566;RUA CECIL SALGADO;RUA ANTONIO ARRUDA;;0;;Colis?úo;Anoitecer;;;Cruz;Outros;Residencial;0;1;0;1;0;0;0;0;0;1;0;0;-3,722762000000000;-38,594776000000000
319646;8;5;2017;19:15;0;AV DOS EXPEDICIONARIOS;;;11147;;Queda;;;;Meio de Quadra;;;0;1;0;0;0;0;0;0;0;1;0;0;-3,817026700000000;-38,556613500000000
319631;8;5;2017;13:31;0;RUA INACIO PARENTE;;;268;;Colis?úo;Luz do Dia;;;Meio de Quadra;;;0;0;1;0;0;0;0;0;0;0;0;0;-3,781622000000000;-38,545064000000000
319632;8;5;2017;17:44;0;RUA DR JOAQUIM BENTO;;;451;;Colis?úo;Anoitecer;;;Meio de Quadra;;;0;1;0;1;0;0;0;0;0;1;0;0;-3,828369000000000;-38,487534000000000
319655;8;5;2017;18:38;0;RUA MEM DE SA;;;481;;Colis?úo;;;;Meio de Quadra;;;0;0;1;1;0;0;0;0;0;1;0;0;-3,828158000000000;-38,485498000000000
319656;8;5;2017;20:25;0;AV AGUANAMBI;;;1527;HAPVIDA;Colis?úo;;;;Meio de Quadra;;;0;1;0;0;0;0;0;0;0;0;0;0;-3,750667000000000;-38,523611000000000
319657;8;5;2017;22:10;0;RUA 1159 CJ CEARA;;;186;;Colis?úo;;;;Meio de Quadra;;;0;1;0;0;0;0;0;0;0;0;0;0;-3,762936000000000;-38,610071000000000
319649;8;5;2017;18:42;7426;RUA NATAL;AV SEN FERNANDES TAVORA;;0;;Colis?úo;;;;Cruz;N?úo H?í Controle;Comercial;0;1;0;1;0;0;0;0;0;1;0;0;-3,757915000000000;-38,590172000000000
319634;8;5;2017;17:46;0;AV L CJ CEARA;;;56;;Atropelamento;Anoitecer;;;Meio de Quadra;;;0;1;0;0;0;0;0;0;0;1;0;0;;
308862;8;5;2017;16:53;10716;RUA PRO HERIBALDO COSTA;RUA PRO EDGAR DE ARRUDA;;0;;Colis?úo Lateral;Luz do Dia;Nublado;Seca;N?úo Informado;N?úo H?í Controle;Residencial;0;0;2;1;0;0;0;0;0;1;0;0;-3,758951200000000;-38,583416000000000
308863;8;5;2017;19:49;16057;AV WENEFRIDO MELO;AV GODOFREDO MACIEL;;1;;Colis?úo Lateral;Via Iluminada;Bom;Molhada;Cruz;Sem?íforo;Comercial;0;0;3;1;0;0;0;0;0;0;0;0;-3,811775200000000;-38,574900000000000
308864;8;5;2017;21:19;15874;RUA STA EFIGENIA;RUA GUARUJA;;0;;Colis?úo Lateral;Mal Iluminada;Chuva;Molhada;Cruz;Pare;Residencial;0;0;2;1;0;0;0;0;0;0;0;0;-3,834711300000000;-38,500698000000000
308865;8;5;2017;20:00;0;AV 13 DE MAIO;;;0;;Choque c/ Obst?ículo Fixo;Via Iluminada;Chuva;Molhada;Outros;N?úo H?í Controle;Comercial;0;0;1;1;0;0;0;0;0;0;0;0;-3,753664000000000;-38,523920000000000
308842;8;5;2017;01:42;0;RUA TEN BENEVOLO;;;675;;Colis?úo Lateral;Via Iluminada;Bom;Seca;Y;Sem?íforo;Residencial;0;0;2;1;0;0;0;0;0;0;0;0;-3,726436900000000;-38,513508000000000
308843;8;5;2017;07:58;183;AV SGT HERMINIO SAMPAIO;RUA DEMETRIO MENEZES;;0;;Colis?úo Traseira;Luz do Dia;Chuva;Molhada;Cruz;Sem?íforo;Comercial;0;0;1;1;0;0;0;0;0;0;0;0;-3,733735000000000;-38,584236000000000
308844;8;5;2017;06:50;0;AV GOV RAUL BARBOSA;;;0;;Colis?úo Traseira;Luz do Dia;Chuva;Molhada;Meio de Quadra;Sem?íforo;Comercial;0;1;1;1;0;0;0;0;0;1;0;0;-3,753353000000000;-38,503742000000000
308845;8;5;2017;07:56;0;RUA CARLOS AMORA;;;204;;Choque c/ Obst?ículo Fixo;Luz do Dia;Chuva;Molhada;Meio de Quadra;Sem?íforo;Comercial;0;1;0;1;0;0;0;0;0;0;0;0;-3,776992600000000;-38,562237000000000
308846;8;5;2017;08:20;0;RUA DOM SEBASTIAO LEME;RUA CARLOS RIBEIRO;;1;;Colis?úo Transversal;Luz do Dia;Chuva;Molhada;Cruz;Pare;Comercial;0;0;2;1;0;0;0;0;0;0;0;0;-3,746570000000000;-38,526200000000000
308847;8;5;2017;09:00;12882;RUA COS TRISTAO;RUA CARLOS GOMES;;0;;Colis?úo Transversal;Luz do Dia;Chuva;Molhada;Cruz;Pare;Escola;0;0;3;1;0;0;0;0;0;0;0;0;-3,741188800000000;-38,527336000000000
308848;8;5;2017;08:50;0;RUA CEL MATOS DOURADO;;;0;ALCA DO VIADUTO;Choque c/ Obst?ículo Fixo;Luz do Dia;Chuva;Molhada;Outros;N?úo H?í Controle;Comercial;0;0;0;0;0;0;0;0;0;0;0;0;-3,738924700000000;-38,585396000000000
308849;8;5;2017;09:27;1443;RUA BARBARA DE ALENCAR;RUA BAR ARACATI;;0;;Colis?úo Transversal;Luz do Dia;Chuva;Molhada;Cruz;Pare;Residencial;0;0;2;1;0;0;0;0;0;0;0;0;-3,738214500000000;-38,513645000000000
308850;8;5;2017;09:24;0;RUA BARBARA DE ALENCAR;;;1238;;Colis?úo Transversal;Luz do Dia;Chuva;Molhada;Meio de Quadra;N?úo H?í Controle;Comercial;0;1;1;1;0;0;0;0;0;1;0;0;-3,738315800000000;-38,513200000000000
308851;8;5;2017;09:36;0;RUA DEP JOAO PONTES;;;1;;Colis?úo Traseira;Luz do Dia;Chuva;Molhada;Meio de Quadra;N?úo H?í Controle;Residencial;0;0;2;1;0;0;0;0;0;0;0;0;-3,745038500000000;-38,533460000000000
308852;8;5;2017;09:40;0;RUA SAO PAULO;;;1831;;Colis?úo Traseira;Luz do Dia;Nublado;Molhada;Meio de Quadra;N?úo H?í Controle;Comercial;0;0;2;0;1;0;0;0;0;1;0;0;-3,721354200000000;-38,541733000000000
308853;8;5;2017;10:51;0;AV DOM LUIS;;;0;;Colis?úo Lateral;Luz do Dia;Nublado;Molhada;Rotat??ria;Pare;Comercial;0;0;2;1;1;0;0;0;0;0;0;0;-3,733240600000000;-38,497932000000000
308854;8;5;2017;10:35;1661;RUA JOAQUIM NABUCO;RUA VICENTE LINHARES;;0;;Colis?úo Transversal;Luz do Dia;Nublado;Seca;Cruz;Sem?íforo;Residencial;0;0;2;1;0;0;0;0;0;0;0;0;-3,741293700000000;-38,503193000000000
308855;8;5;2017;10:36;0;AV JOSE LEON;;;1135;;Colis?úo Transversal;Luz do Dia;Bom;Seca;Meio de Quadra;N?úo H?í Controle;Residencial;0;2;1;0;0;0;0;0;0;1;0;0;-3,787947200000000;-38,501700000000000
308856;8;5;2017;13:25;0;AV DUQ CAXIAS;;;0;;Colis?úo Lateral;Luz do Dia;Chuva;Molhada;Meio de Quadra;N?úo H?í Controle;Escola;0;0;2;1;0;0;0;0;0;0;0;0;-3,731630600000000;-38,529430000000000
308857;8;5;2017;13:10;0;AV PRO GOMES DE MATOS;;;327;;Colis?úo Traseira;Luz do Dia;Nublado;Molhada;Meio de Quadra;Sem?íforo;Comercial;0;1;1;1;0;0;0;0;0;0;0;0;-3,757005500000000;-38,542027000000000
308876;8;5;2017;09:15;24289;RUA 8 DE SETEMBRO;RUA JULIO ABREU;;0;;Atropelamento;Luz do Dia;Nublado;Molhada;Meio de Quadra;N?úo H?í Controle;Escola;0;1;1;0;1;0;0;0;0;0;0;0;-3,735884000000000;-38,487006000000000
308871;8;5;2017;16:49;3018;RUA BUENO;RUA DR SEIXAS;;0;;Colis?úo Transversal;Luz do Dia;Nublado;Seca;Cruz;N?úo H?í Controle;Residencial;0;1;1;1;0;0;0;0;0;1;0;0;-3,773511400000000;-38,594246000000000
308859;8;5;2017;15:40;22665;AV COS GOMES DE FREITAS (SAPIRANGA/COITE);AV ENG LEAL LIMA VERDE (SAPIRANGA/COITE);;0;;Colis?úo Lateral;Luz do Dia;Bom;Seca;Rotat??ria;D?¬ Prefer?¬ncia;Escola;0;0;2;0;0;0;0;0;0;0;0;0;-3,795246800000000;-38,475830000000000
308860;8;5;2017;18:44;25476;AV JOSE LEON;RUA CHICO LEMOS;;0;;Colis?úo Lateral;Anoitecer;Nublado;Seca;Outros;Pare;Residencial;0;0;2;1;0;0;0;0;0;0;0;0;-3,788118000000000;-38,500640000000000
324553;8;5;2017;14:55;0;RD CE-060;;;0;KM-01;Colis?úo;Luz do Dia;;Seca;Meio de Quadra;;;0;0;2;1;0;0;0;0;0;0;0;0;-3,826136000000000;-38,579500000000000
324554;8;5;2017;07:40;0;RD CE-040;;;0;KM-04;Colis?úo;Luz do Dia;;Seca;Meio de Quadra;;;0;0;3;1;0;0;0;0;0;0;0;0;-3,791613156000000;-38,480330840000000
324555;8;5;2017;10:20;0;RD CE-040;;;0;KM-03;Colis?úo;Luz do Dia;;Seca;Meio de Quadra;;;0;0;2;1;1;0;0;0;0;0;0;0;-3,782614325000000;-38,481083900000000
323876;9;5;2017;19:21;0;AV DR THEBERGE;;;1911;;Colis?úo;;;;Meio de Quadra;;;0;2;0;1;0;0;0;0;0;1;0;0;-3,717435000000000;-38,565874000000000
323882;9;5;2017;22:07;0;AV MR HULL;;;3000;;Atropelamento;N?úo Informado;;Seca;Meio de Quadra;;;0;1;1;0;0;0;0;0;0;1;0;0;-3,736999000000000;-38,571997000000000
323879;9;5;2017;20:18;0;RUA VER ZELIA C DE SOUZA;;;750;;Colis?úo;;;;Meio de Quadra;;;0;1;1;0;0;0;0;0;0;0;0;0;;
323880;9;5;2017;20:49;0;RUA BAR AQUIRAZ;;;1000;;Colis?úo;;;;Meio de Quadra;;;0;2;0;0;0;0;0;0;0;1;0;0;-3,837508000000000;-38,487948000000000
323886;9;5;2017;22:20;0;RUA P LOT EXPEDICIONARIOS III;;;193;;Queda;;;;Meio de Quadra;;;0;1;0;0;0;0;0;0;0;1;0;0;;
323889;9;5;2017;22:23;0;RUA MARTINS CARVALHO;;;4476;;Queda;;;;Meio de Quadra;;;0;1;0;0;0;0;0;0;0;1;0;0;-3,788181000000000;-38,628842000000000
323863;9;5;2017;18:56;0;AV ODILON GUIMARAES;;;1404;;Colis?úo;;;;Meio de Quadra;;;0;1;1;1;0;0;0;0;0;1;0;0;-3,825573482000000;-38,479471237000000
323849;9;5;2017;17:54;9227;RUA JAIME BENEVOLO;RUA MARIO MAMEDE;;0;;Queda;Anoitecer;;;Cruz;Sem?íforo;Residencial;0;1;0;0;0;0;0;0;0;1;0;0;-3,749153000000000;-38,531586000000000
323840;9;5;2017;11:49;0;AV PRS COSTA E SILVA;;;0;;Colis?úo;Luz do Dia;;;Meio de Quadra;;;0;1;1;1;0;0;0;0;0;1;0;0;;