COD_ACIDENTE;DIA;MES;ANO;HORA;INTERSECAO;LOG1;LOG2;LOG3;NUMERO;REFERENCIA;NATUREZA;ILUMINACAO;TEMPO;SUPERFICIEPISTA;TIPOCRUZAMENTO;CONTROLETRAFEGO;USOSOLO;MORTOS;FERIDOS;ILESOS;AUTOMOVEL;ONIBUS;BICICLETA;CAMINHAO;MICROONIBUS;CICLOMOTOR;MOTOCICLETA;TRACAOANIMAL;TREM;LATITUDE;LONGITUDE
323835;9;5;2017;09:00;0;AV ALBERTO CRAVEIRO;;;0;;Queda;Luz do Dia;;;Meio de Quadra;;;0;1;0;0;0;0;0;0;0;1;0;0;;
323836;9;5;2017;11:47;0;AV FRE CIRILO;;;4000;;Colis?úo;Luz do Dia;;;Meio de Quadra;;;0;1;1;1;0;0;0;0;0;1;0;0;-3,819105000000000;-38,496644000000000
323826;9;5;2017;07:05;24346;RUA ARMANDO MONTEIRO;RUA ALBERTO MONTEZUMA;;0;;Colis?úo;Luz do Dia;;;Cruz;D?¬ Prefer?¬ncia;Residencial;0;1;1;1;0;0;0;0;0;1;0;0;-3,764787000000000;-38,532797000000000
323828;9;5;2017;07:09;0;RUA CEL FABRICIANO;;;3593;;Colis?úo;Luz do Dia;;;Meio de Quadra;;;0;1;1;1;0;0;0;0;0;1;0;0;-3,779381000000000;-38,620187000000000
323832;9;5;2017;07:46;0;RUA C (RES MARCOS FREIRE);;;331;;Colis?úo;Luz do Dia;;;Meio de Quadra;;;0;1;1;1;0;0;0;0;0;1;0;0;;
308872;9;5;2017;11:50;5240;RUA VIS SABOIA;RUA CEL FERRAZ;;0;;Colis?úo Lateral;Luz do Dia;Bom;Seca;T;Pare;Comercial;0;0;2;1;0;0;0;0;0;0;0;0;-3,727470400000000;-38,523106000000000
308874;9;5;2017;11:15;0;RUA AQUILES BORIS;;;85;;Colis?úo Traseira;Luz do Dia;Nublado;Molhada;Meio de Quadra;N?úo H?í Controle;Comercial;0;0;2;1;1;0;0;0;0;0;0;0;-3,768641000000000;-38,548158000000000
308875;9;5;2017;12:20;26083;AV BEZERRA DE MENEZES;AV JOSE JATAHY;;0;;Colis?úo Traseira;Luz do Dia;Bom;Seca;Cruz;Sem?íforo;Comercial;0;1;3;1;1;0;0;0;0;0;0;0;-3,731546200000000;-38,544796000000000
308898;9;5;2017;14:28;4167;AV FRANCISCO SA;RUA PLACIDO CARVALHO;;0;;Colis?úo Transversal;Luz do Dia;Bom;Seca;T;N?úo H?í Controle;Industrial;0;1;1;1;0;0;0;0;0;1;0;0;-3,718175200000000;-38,555210000000000
308877;9;5;2017;13:16;708;AV DR THEBERGE;RUA CRUZ E SOUSA D21;;0;;Colis?úo Traseira;Luz do Dia;Bom;Seca;T;Sem?íforo;Comercial;0;0;2;1;0;0;0;0;0;0;0;0;-3,719227600000000;-38,566400000000000
308878;9;5;2017;11:40;2755;RUA CEL VIRGILIO NOGUEIRA (BOM JARDIM);RUA BOM JESUS (GRANJA LISBOA);;0;;Atropelamento;Luz do Dia;Bom;Seca;Cruz;Sem?íforo;Residencial;0;2;0;0;0;0;0;0;0;1;0;0;-3,791694400000000;-38,609566000000000
308879;9;5;2017;14:30;1325;RUA JOAQUIM NABUCO;AV SANTOS DUMONT;;0;;Colis?úo Transversal;Luz do Dia;Bom;Seca;Meio de Quadra;Sem?íforo;Comercial;0;0;2;1;0;0;0;0;0;0;0;0;-3,735667700000000;-38,501460000000000
308880;9;5;2017;15:32;15373;AV DOM LUIS;RUA FRE MANSUETO;;0;;Colis?úo Traseira;Luz do Dia;Bom;Seca;Cruz;Sem?íforo;Comercial;0;0;2;0;0;0;0;0;0;0;0;0;-3,736437000000000;-38,488600000000000
308881;9;5;2017;17:36;0;AV DR SILAS MUNGUBA;;;2333;;Colis?úo Lateral;Anoitecer;Bom;Seca;Meio de Quadra;Sem?íforo;Escola;0;0;2;1;0;0;0;0;0;0;0;0;-3,785884400000000;-38,551052000000000
308882;9;5;2017;17:20;1454;RUA JOAQUIM NABUCO;RUA AFONSO CELSO;;1533;;Colis?úo Transversal;Luz do Dia;Bom;Seca;Cruz;Pare;Residencial;0;1;1;1;0;0;0;0;0;1;0;0;-3,738475800000000;-38,502346000000000
308883;9;5;2017;18:55;0;AV PRO JOSE ARTHUR CARVALHO;;;400;;Colis?úo Lateral;Anoitecer;Bom;Seca;Outros;N?úo H?í Controle;Comercial;0;0;2;0;0;0;0;0;0;1;0;0;-3,826046500000000;-38,475964000000000
308884;9;5;2017;19:25;0;RUA PRO SILAS RIBEIRO;;;310;;Colis?úo Traseira;Via Iluminada;Bom;Seca;Meio de Quadra;Sem?íforo;Comercial;0;0;2;1;0;0;0;0;0;0;0;0;-3,737239100000000;-38,482586000000000
308885;9;5;2017;19:00;0;AV SANTOS DUMONT;;;2811;;Colis?úo Traseira;Via Iluminada;Bom;Seca;Meio de Quadra;Sem?íforo;Comercial;0;0;2;1;0;0;0;0;0;0;0;0;-3,735875400000000;-38,499634000000000
308886;9;5;2017;19:12;0;AV 13 DE MAIO;;;1746;;Choque c/ Obst?ículo Fixo;Via Iluminada;Bom;Seca;Meio de Quadra;N?úo H?í Controle;Comercial;0;1;0;1;0;0;0;0;0;0;0;0;-3,745587800000000;-38,533535000000000
308887;9;5;2017;19:20;0;AV VICENTE DE CASTRO;AV BEIRA MAR;;0;;Colis?úo Traseira;Via Iluminada;Bom;Seca;T;Sem?íforo;Residencial;0;0;1;1;0;0;0;0;0;0;0;0;-3,721500400000000;-38,478645000000000
308888;9;5;2017;21:06;0;AV PONTES VIEIRA;;;855;CEARA MOTOR;Colis?úo Lateral;Via Iluminada;Bom;Seca;Outros;Sem?íforo;Comercial;0;0;2;1;0;0;0;0;0;0;0;0;-3,752571000000000;-38,512940000000000
308889;9;5;2017;20:20;15245;AV ANTONIO JUSTA;RUA LEONARDO MOTA;;0;;Colis?úo Transversal;Via Iluminada;Bom;Seca;Cruz;Pare;Residencial;0;1;1;1;0;0;0;0;0;1;0;0;-3,727839000000000;-38,493515000000000
308890;9;5;2017;22:28;1581;AV PDE ANTONIO TOMAS;RUA MON CATAO;;0;;Colis?úo Transversal;Via Iluminada;Bom;Seca;Cruz;Sem?íforo;Residencial;0;1;1;1;0;0;0;0;0;1;0;0;-3,742596000000000;-38,491870000000000
308900;9;5;2017;16:19;0;AV DOM LUIS;;;281;;Colis?úo Lateral;Luz do Dia;Bom;Seca;Meio de Quadra;Sem?íforo;Comercial;0;0;2;1;0;0;0;0;0;0;0;0;-3,732763800000000;-38,498990000000000
308901;9;5;2017;16:30;6744;RUA BATISTA DE OLIVEIRA;RUA BENTO ALBUQUERQUE;;0;;Colis?úo Transversal;Luz do Dia;Bom;Seca;Cruz;Sem?íforo;Residencial;0;0;1;1;0;0;0;0;0;0;0;0;-3,744471300000000;-38,481000000000000
308866;9;5;2017;02:45;0;AV GAL OSORIO DE PAIVA;;;0;;Choque c/ Obst?ículo Fixo;Via Iluminada;Chuva;Molhada;Meio de Quadra;N?úo H?í Controle;Comercial;0;1;0;1;0;0;0;0;0;0;0;0;-3,787532300000000;-38,585293000000000
308867;9;5;2017;08:50;9115;RUA DR ALFREDO WEYNE D14;RUA GAL SILVA JUNIOR;;0;;Colis?úo Transversal;Luz do Dia;Chuva;Molhada;Cruz;Pare;Residencial;0;1;1;0;0;0;0;1;0;1;0;0;-3,755948300000000;-38,532190000000000
308868;9;5;2017;07:35;0;RUA URUCUTUBA;RUA DA PLACIDEZ;;1980;;Colis?úo Transversal;Luz do Dia;Nublado;Seca;T;Pare;Residencial;0;0;2;1;1;0;0;0;0;0;0;0;-3,802886500000000;-38,587658000000000
308869;9;5;2017;10:30;0;AV CEL CARVALHO;;;1546;;Colis?úo Traseira;Luz do Dia;Bom;Seca;Meio de Quadra;N?úo H?í Controle;Comercial;0;1;1;1;0;0;0;0;0;1;0;0;-3,716152000000000;-38,588257000000000
308870;9;5;2017;10:30;19683;RUA AZEVEDO BOLAO;RUA PRO JOSE DE BARCELOS;;0;;Colis?úo Lateral;Luz do Dia;Bom;Seca;Cruz;Pare;Residencial;0;0;2;1;0;0;0;0;0;0;0;0;-3,735095500000000;-38,550610000000000
324865;9;5;2017;08:40;0;AV SEN CARLOS JEREISSATI (AEROPORTO);;;0;KM 01;Queda;Luz do Dia;;Seca;Meio de Quadra;;;0;1;0;0;0;0;0;0;0;1;0;0;-3,783753000000000;-38,526850000000000
305737;9;5;2017;13:33;23343;AV PONTES VIEIRA;RUA TIBURCIO CAVALCANTE;;0;;Colis?úo Lateral;Luz do Dia;;;Cruz;Sem?íforo;Residencial;0;1;1;1;0;0;0;0;0;1;0;0;-3,752053000000000;-38,507749000000000
305735;9;5;2017;15:30;0;AV IMPERADOR;;;545;HOSP. GERAL CESAR CALS;Colis?úo Lateral;Luz do Dia;;;Meio de Quadra;;;0;0;2;1;0;0;0;0;0;0;0;0;-3,725657000000000;-38,534000000000000
305742;9;5;2017;16:59;22070;RUA JOSE FACANHA;RUA PAPI JUNIOR;;0;;Colis?úo Transversal;Luz do Dia;;;Cruz;Pare;Residencial;0;1;1;0;1;0;0;0;0;1;0;0;-3,752136000000000;-38,557265000000000
305743;9;5;2017;21:45;5122;AV IMPERADOR;RUA SAO PAULO;;0;;Colis?úo Frontal;;;;Cruz;Gesto;Comercial;0;0;2;1;0;0;0;0;0;0;0;0;-3,724049000000000;-38,533522000000000
305748;9;5;2017;07:37;0;RUA ITATIAIA;;;890;;Colis?úo Lateral;Luz do Dia;;;Meio de Quadra;;;0;1;1;1;0;0;0;0;0;1;0;0;;
305750;9;5;2017;12:48;0;AV CARNEIRO DE MENDONCA;;;0;;Colis?úo Traseira;Luz do Dia;;;Meio de Quadra;;;0;0;2;1;0;0;0;0;0;0;0;0;;
305751;9;5;2017;07:10;17370;RUA BAR SOBRAL;RUA ALM RUBIM;;0;;Colis?úo Lateral;Luz do Dia;;;Cruz;Pare;Residencial;0;1;1;1;0;0;0;0;0;1;0;0;-3,766572000000000;-38,554972000000000
305745;9;5;2017;09:00;0;RUA POCINHO;;;234;;Colis?úo Lateral;Luz do Dia;;;Meio de Quadra;;;0;0;2;1;1;0;0;0;0;0;0;0;-3,728001000000000;-38,523642000000000
305739;9;5;2017;19:00;5333;RUA PRC ISABEL;RUA GAL CLARINDO DE QUEIROZ;;0;;Colis?úo;;;;Cruz;D?¬ Prefer?¬ncia;Comercial;0;1;2;1;0;0;0;0;0;1;0;0;-3,730592000000000;-38,536711000000000
305763;9;5;2017;13:30;0;RUA JOAO CORDEIRO;;;2071;;Colis?úo Lateral;Luz do Dia;;;Meio de Quadra;;;0;0;2;1;0;0;0;0;0;1;0;0;-3,738435000000000;-38,517406000000000
305758;9;5;2017;07:46;0;AV HERACLITO GRACA;;;1476;;Colis?úo Lateral;Luz do Dia;;;Meio de Quadra;;;0;1;1;1;0;0;0;0;0;1;0;0;-3,737882000000000;-38,511588000000000
305760;9;5;2017;14:00;0;AV ALBERTO NEPOMUCENO;;;77;;Colis?úo Lateral;Luz do Dia;;;Meio de Quadra;;;0;0;2;1;0;0;0;0;0;1;0;0;-3,722008000000000;-38,523622000000000
305761;9;5;2017;19:30;26280;RUA CRISPINA DE FREITAS;AV DES FELICIANO DE ATAIDE (EDSON QUEIROZ);;0;;Colis?úo Lateral;;;;;;;0;0;2;1;0;0;0;0;0;0;0;0;;
305813;9;5;2017;09:05;25063;AV DOS EXPEDICIONARIOS;RUA ARMANDO MONTEIRO;;0;;Colis?úo Lateral;Luz do Dia;Bom;Molhada;Cruz;Pare;Residencial;0;2;0;1;0;0;0;0;0;1;0;0;-3,762230000000000;-38,540372000000000
305801;10;5;2017;14:40;5402;RUA VINTE E QUATRO DE MAIO;RUA METON DE ALENCAR;;0;;Colis?úo Lateral;Luz do Dia;Bom;Seca;Cruz;Pare;Comercial;0;0;2;1;0;0;0;0;0;0;0;0;-3,732626000000000;-38,533848000000000
305790;10;5;2017;06:50;5735;RUA CHICO LEMOS;RUA BENJAMIM MOURA;;0;;Colis?úo Transversal;Luz do Dia;Nublado;Seca;Cruz;Pare;Residencial;0;0;2;1;0;0;0;0;0;0;0;0;-3,797859000000000;-38,496187000000000
305759;10;5;2017;17:23;0;AV D CJ CEARA;;;1250;;Colis?úo Lateral;Anoitecer;Bom;Seca;Meio de Quadra;N?úo H?í Controle;Residencial;0;1;1;1;0;0;0;0;0;1;0;0;-3,763109000000000;-38,602527000000000
305764;10;5;2017;08:30;0;RUA VALPARAISO;;;1910;;Colis?úo Traseira;Luz do Dia;Bom;Seca;Meio de Quadra;Outros;Comercial;0;1;1;1;0;0;0;0;0;1;0;0;-3,846452000000000;-38,518510000000000
305765;10;5;2017;19:50;5463;RUA DNA LEOPOLDINA;RUA BARBARA DE ALENCAR;;0;;Colis?úo Lateral;Via Iluminada;Bom;Seca;Cruz;Pare;Comercial;0;1;1;0;1;0;0;0;0;1;0;0;-3,735695000000000;-38,521102000000000
305768;10;5;2017;18:40;5063;RUA BAR RIO BRANCO;AV PRS CASTELO BRANCO;;0;;Colis?úo Lateral;;Bom;Seca;Duplo T;N?úo H?í Controle;Comercial;0;0;2;1;0;0;0;0;0;0;0;0;-3,721459000000000;-38,526642000000000
305772;10;5;2017;14:00;0;AV LUCIANO CARNEIRO;;;1399;;Colis?úo Lateral;Luz do Dia;Bom;Seca;Meio de Quadra;Sem?íforo;Comercial;0;0;2;1;0;0;0;0;0;0;0;0;-3,760636600000000;-38,535284500000000
305776;10;5;2017;11:10;15817;RUA PERGENTINO MAIA;RUA PEDRO ESTANISLAU;;0;;Colis?úo Transversal;Luz do Dia;Bom;Seca;Cruz;Pare;Residencial;0;0;2;1;0;0;0;0;0;0;0;0;-3,832184000000000;-38,483476000000000
305780;10;5;2017;14:30;0;AV PRS CASTELO BRANCO;;;1220;;Colis?úo Lateral;Luz do Dia;Bom;Seca;Meio de Quadra;N?úo H?í Controle;Residencial;0;0;2;1;0;0;0;0;0;0;0;0;-3,718130400000000;-38,536690300000000
305781;10;5;2017;19:40;0;RUA TEN BENEVOLO;;;155;;Colis?úo Traseira;Mal Iluminada;Bom;Seca;Meio de Quadra;;Residencial;0;0;2;1;0;0;0;0;0;0;0;0;-3,733745861000000;-38,525895738000000
305785;10;5;2017;14:50;19152;RUA LAURO NOGUEIRA;RUA BATISTA DE OLIVEIRA;;0;;Colis?úo Lateral;Luz do Dia;Bom;Seca;Cruz;N?úo H?í Controle;Residencial;0;1;1;1;0;0;0;0;0;1;0;0;-3,740086000000000;-38,478301000000000
324868;10;5;2017;09:50;0;RD CE-040;;;0;KM-10;Colis?úo;Luz do Dia;;Seca;Meio de Quadra;;;0;0;2;1;0;0;0;0;0;0;0;0;-3,826386000000000;-38,481780000000000
324869;10;5;2017;10:30;0;AV SEN CARLOS JEREISSATI (AEROPORTO);;;0;KM 01;Colis?úo;Luz do Dia;;Seca;Meio de Quadra;;;0;0;2;1;0;0;0;0;0;0;0;0;-3,783753000000000;-38,526850000000000
324870;10;5;2017;18:40;0;AV SEN CARLOS JEREISSATI (AEROPORTO);;;0;KM 01;Colis?úo;Via Iluminada;;Seca;Meio de Quadra;;;0;0;2;1;0;0;0;0;0;0;0;0;-3,783753000000000;-38,526850000000000
308902;10;5;2017;14:02;13436;RUA DR JOSE LOURENCO;AV ANTONIO SALES;;0;;Colis?úo Lateral;Luz do Dia;Bom;Seca;Cruz;Sem?íforo;Comercial;0;0;2;0;0;0;0;0;0;0;0;0;-3,743116400000000;-38,510513000000000
308903;10;5;2017;14:44;0;AV GAL OSORIO DE PAIVA;;;4500;;Colis?úo Traseira;Luz do Dia;Bom;Seca;Meio de Quadra;N?úo H?í Controle;Comercial;0;1;0;0;0;0;0;0;0;1;0;0;-3,797765700000000;-38,595497000000000
308904;10;5;2017;14:20;5675;RUA CHICO LEMOS;RUA ALICE;;0;;Colis?úo Transversal;Luz do Dia;Bom;Seca;Cruz;Pare;Residencial;0;0;2;1;0;0;0;0;0;0;0;0;-3,790106000000000;-38,499756000000000
308905;10;5;2017;14:00;0;AV GAL OSORIO DE PAIVA;;;1350;;Colis?úo Traseira;Luz do Dia;Bom;Seca;Meio de Quadra;Sem?íforo;Comercial;0;0;2;1;0;0;0;0;0;1;0;0;-3,779865300000000;-38,573550000000000
308906;10;5;2017;19:05;0;RUA PRO COSTA MENDES;RUA JULIO CESAR D04;;0;;Colis?úo Transversal;Via Iluminada;Bom;Seca;Cruz;Pare;Residencial;0;0;2;1;0;0;0;0;0;0;0;0;-3,754629900000000;-38,546913000000000
308907;10;5;2017;19:28;0;AV CONTORNO SUL;;;233;;Colis?úo Frontal;Mal Iluminada;Bom;Seca;Meio de Quadra;N?úo H?í Controle;Residencial;0;0;2;0;0;0;0;0;0;0;0;0;-3,810286300000000;-38,587368000000000
308908;10;5;2017;19:00;0;RUA CHICO MOTA;;;385;;Colis?úo Traseira;Via Iluminada;Bom;Seca;Meio de Quadra;N?úo H?í Controle;Residencial;0;0;1;1;0;0;0;0;0;1;0;0;-3,786672000000000;-38,522040000000000
308909;10;5;2017;19:53;0;AV RAD JOSE LIMA VERDE;;;0;;Colis?úo Traseira;Via Iluminada;Bom;Seca;Meio de Quadra;N?úo H?í Controle;Residencial;0;0;0;1;0;0;0;0;0;0;0;0;-3,701366000000000;-38,589590000000000
308910;10;5;2017;20:06;5107;RUA SEN ALMINO;AV MON TABOSA;;0;;Colis?úo Traseira;Via Iluminada;Bom;Seca;Cruz;N?úo H?í Controle;Comercial;0;0;2;1;0;0;0;0;0;0;0;0;-3,723573400000000;-38,517963000000000
308891;10;5;2017;09:38;0;AV PRO GOMES DE MATOS;;;1270;;Colis?úo Traseira;Luz do Dia;Bom;Seca;Meio de Quadra;Sem?íforo;Comercial;0;1;1;1;0;0;0;0;0;1;0;0;-3,763371500000000;-38,547638000000000
308892;10;5;2017;08:40;7812;RUA JOAQUIM NABUCO;RUA JULIO SIQUEIRA;;2968;;Colis?úo Transversal;Luz do Dia;Bom;Seca;Cruz;Pare;Comercial;0;0;2;1;0;0;0;0;0;0;0;0;-3,750592700000000;-38,506172000000000
308893;10;5;2017;10:44;5160;RUA TEN BENEVOLO;RUA SEN ALMINO;;0;;Colis?úo Transversal;Luz do Dia;Bom;Seca;T;Pare;Comercial;0;0;2;1;0;0;0;0;0;0;0;0;-3,724990000000000;-38,518044000000000
308894;10;5;2017;10:39;0;AV DUQ CAXIAS;;;153;IGREJA CORACAO DE JESUS;Queda;Luz do Dia;Bom;Seca;Meio de Quadra;N?úo H?í Controle;Comercial;0;0;1;1;0;0;0;0;0;0;0;0;-3,733008400000000;-38,526115000000000
308895;10;5;2017;13:47;0;RUA DEP OSWALDO STUDART;;;213;;Colis?úo Traseira;Luz do Dia;Bom;Seca;;;;0;1;1;0;0;0;0;0;0;1;0;0;-3,753229100000000;-38,527725000000000
308896;10;5;2017;11:12;9021;AV FELINO BARROSO;RUA CEL SOLON;;0;;Colis?úo Transversal;Luz do Dia;Bom;Seca;Cruz;Pare;Comercial;0;0;2;1;0;0;0;0;0;0;0;0;-3,743085000000000;-38,528633000000000
308897;10;5;2017;10:12;1278;RUA OSVALDO CRUZ (ALDEOTA);RUA MARCOS MACEDO;;0;;Colis?úo Lateral;Luz do Dia;Bom;Seca;Cruz;Pare;Comercial;0;2;1;0;0;0;0;0;0;1;0;0;-3,733639500000000;-38,499763000000000
308899;10;5;2017;13:08;7923;AV DES MOREIRA;RUA ISAC AMARAL;;0;;Colis?úo Traseira;Luz do Dia;Bom;Seca;Cruz;Sem?íforo;Comercial;0;0;2;1;0;0;0;0;0;0;0;0;-3,752811700000000;-38,503740000000000
308921;10;5;2017;16:46;0;AV AGUANAMBI;;;0;;Colis?úo Lateral;Anoitecer;Bom;Seca;Meio de Quadra;N?úo H?í Controle;Comercial;0;0;1;1;0;0;0;0;0;0;0;0;-3,755190000000000;-38,523663000000000
308922;10;5;2017;19:42;19611;RUA NEREU RAMOS;AV GODOFREDO MACIEL;;2;;Colis?úo Traseira;Via Iluminada;Bom;Seca;T;Sem?íforo;Comercial;0;0;2;1;0;1;0;0;0;1;0;0;-3,787268200000000;-38,566868000000000
309146;10;5;2017;13:55;15144;AV MON TABOSA;AV RUI BARBOSA;;0;;Colis?úo Lateral;Luz do Dia;Bom;Seca;Meio de Quadra;Sem?íforo;Residencial;0;0;2;1;0;0;0;0;0;0;0;0;-3,724375500000000;-38,506145000000000
323931;10;5;2017;17:11;15236;AV ANTONIO JUSTA;RUA BARBOSA DE FREITAS;;0;;Colis?úo;Anoitecer;;;Cruz;Pare;Comercial;0;1;1;1;0;0;0;0;0;1;0;0;-3,727674000000000;-38,494520000000000
323932;10;5;2017;17:15;0;RUA 27 CJ NOVA ASSUNCAO;;;360;;Queda;Anoitecer;;;Meio de Quadra;;;0;1;0;0;0;0;0;0;0;1;0;0;;
323923;10;5;2017;16:25;0;RUA RAUL CABRAL;;;113;;Colis?úo;Luz do Dia;;;Meio de Quadra;;;0;1;1;1;0;1;0;0;0;0;0;0;-3,770582000000000;-38,539346000000000
323909;10;5;2017;11:10;6800;AV SANTOS DUMONT;RUA BATISTA DE OLIVEIRA;;0;;Colis?úo;Luz do Dia;;;Cruz;Sem?íforo;Comercial;0;1;1;1;0;0;0;0;0;1;0;0;-3,742258000000000;-38,479668000000000
323916;10;5;2017;14:54;0;RUA RAD JOAO RAMOS (DUNAS);;;1265;;Colis?úo;Luz do Dia;;;Meio de Quadra;;;0;1;1;1;0;0;0;0;0;1;0;0;;
323919;10;5;2017;15:16;17287;AV PRO GOMES DE MATOS;RUA VASCO DA GAMA;;0;;Colis?úo;Luz do Dia;;;Cruz;Pare;Comercial;0;1;1;1;0;0;0;0;0;1;0;0;-3,763166000000000;-38,547335000000000
323900;10;5;2017;07:56;0;AV ALM HENRIQUE SABOIA;;;0;;Queda;Luz do Dia;;;Meio de Quadra;;;0;1;0;0;0;0;0;0;0;1;0;0;;
323894;10;5;2017;06:07;0;AV ALBERTO CRAVEIRO;;;1181;;Colis?úo;Luz do Dia;;;Meio de Quadra;;;0;1;1;0;0;0;0;0;0;0;0;0;;
323897;10;5;2017;07:40;0;AV DOMINGOS OLIMPIO;;;1629;;Colis?úo;Luz do Dia;;;Meio de Quadra;;;0;1;1;1;0;0;0;0;0;1;0;0;-3,734379000000000;-38,537975000000000
323904;10;5;2017;10:38;5366;AV DUQ CAXIAS;RUA SEN POMPEU;;0;;Atropelamento;Luz do Dia;;;Cruz;Sem?íforo;Comercial;0;1;1;0;0;0;0;0;0;1;0;0;-3,731430000000000;-38,530994000000000
323906;10;5;2017;11:00;84;AV MR HULL;RUA PDE PERDIGAO SAMPAIO;;0;;Queda;Luz do Dia;;;Cruz;Sem?íforo;Residencial;0;1;0;0;0;0;0;0;0;1;0;0;-3,740113000000000;-38,594635000000000
323911;10;5;2017;13:54;577;AV DR THEBERGE;AV FRANCISCO SA;;0;;Colis?úo;Luz do Dia;;;Cruz;Sem?íforo;Comercial;0;1;1;1;0;0;0;0;0;1;0;0;-3,714822000000000;-38,565016000000000
323912;10;5;2017;14:34;24993;AV DOM MANUEL;RUA ROCHA LIMA;;0;;Atropelamento;Luz do Dia;;;Cruz;Sem?íforo;Comercial;0;1;1;1;0;0;0;0;0;0;0;0;-3,735959000000000;-38,523587000000000
323934;10;5;2017;17:25;0;RUA GAL BERNARDO FIGUEIREDO;;;815;;Colis?úo;Anoitecer;;;Meio de Quadra;;;0;1;1;1;0;0;0;0;0;1;0;0;-3,740461484000000;-38,555528275000000
323935;10;5;2017;17:42;0;AV CEL CARVALHO;;;2221;;Colis?úo;Anoitecer;;;Meio de Quadra;;;0;1;1;0;0;0;0;0;0;0;0;0;-3,722041000000000;-38,586715000000000
323936;10;5;2017;17:45;0;RUA WALDIR DIOGO;;;683;;Colis?úo;Anoitecer;;;Meio de Quadra;;;0;2;1;1;0;0;0;0;0;1;0;0;-3,805187000000000;-38,584086000000000
323941;10;5;2017;20:34;23453;RUA CAP MELO;RUA PAULO FIRMEZA;;0;;Colis?úo;;;;Cruz;Pare;Residencial;0;1;1;1;0;0;0;0;0;1;0;0;-3,757131000000000;-38,512966000000000
323942;10;5;2017;21:18;0;AV SGT HERMINIO SAMPAIO;;;1326;;Colis?úo;;;;Meio de Quadra;;;0;2;0;1;0;0;0;0;0;1;0;0;-3,724893000000000;-38,552455000000000
323938;10;5;2017;18:21;0;RUA LUIZ FCO XAVIER;;;851;;Colis?úo;Anoitecer;;;Meio de Quadra;;;0;1;1;0;0;0;0;0;0;0;0;0;-3,847382381000000;-38,487489678000000
323939;10;5;2017;18:52;627;RUA ENG JOAO NOGUEIRA;RUA COELHO DA FONSECA;;0;;Queda;;;;;;;0;1;0;0;0;0;0;0;0;1;0;0;-3,712793000000000;-38,561339000000000
323945;10;5;2017;22:07;0;AV SGT HERMINIO SAMPAIO;;;4143;;Colis?úo;;;;Meio de Quadra;;;0;1;0;0;0;0;0;0;0;0;0;0;-3,730690000000000;-38,577150000000000
323946;10;5;2017;23:47;0;RUA EQUADOR;;;949;;Colis?úo;;;;Meio de Quadra;;;0;1;1;0;0;0;0;0;0;0;0;0;-3,775969000000000;-38,553022000000000
323948;10;5;2017;23:53;11010;RUA PERU;RUA JULIO VERNE;;0;;Colis?úo;;;;Cruz;Pare;Residencial;0;1;1;1;0;0;0;0;0;1;0;0;-3,775725000000000;-38,552009000000000
324089;11;5;2017;11:52;0;AV FRE CIRILO;;;4454;;Colis?úo;Luz do Dia;;;Meio de Quadra;;;0;1;1;1;0;0;0;0;0;1;0;0;-3,822332000000000;-38,495229000000000
324083;11;5;2017;11:30;0;RUA 41 CJ NOVA ASSUNCAO;;;510;;Queda;Luz do Dia;;;Meio de Quadra;;;0;1;0;0;0;0;0;0;0;1;0;0;;
324068;11;5;2017;00:35;0;RUA DO MORRO;;;552;;Colis?úo;;;;Meio de Quadra;;;0;1;1;0;0;0;0;0;0;0;0;0;;
324069;11;5;2017;00:57;0;RUA PRO OTAVIO LOBO;;;0;;Colis?úo;;;;Meio de Quadra;;;0;1;1;0;0;0;0;0;0;0;0;0;;
324070;11;5;2017;01:56;0;AV B CJ CEARA;;;0;;Colis?úo;;;;Meio de Quadra;;;0;1;1;0;0;0;0;0;0;0;0;0;;
324071;11;5;2017;06:44;0;AV PERIMETRAL;;;0;;Colis?úo;Luz do Dia;;;Meio de Quadra;;;0;1;1;0;0;0;0;0;0;0;0;0;;
324072;11;5;2017;09:16;0;AV A CJ JOSE WALTER;;;0;;Colis?úo;Luz do Dia;;;Meio de Quadra;;;0;1;1;1;0;0;0;0;0;1;0;0;;
324097;11;5;2017;12:21;0;RUA SEBASTIAO DE ABREU;;;0;;Colis?úo;Luz do Dia;;;Meio de Quadra;;;0;1;1;1;0;0;0;0;0;1;0;0;;
324101;11;5;2017;12:48;0;RD BR 116;;;11000;KM-11;Colis?úo;Luz do Dia;;;Meio de Quadra;;;0;1;1;1;0;0;0;0;0;0;0;0;-3,847160000000000;-38,497176000000000
324106;11;5;2017;14:40;1222;RUA COSTA BARROS;RUA ANTONIO AUGUSTO;;0;;Colis?úo;Luz do Dia;;;Cruz;Pare;Comercial;0;1;1;1;0;0;0;0;0;1;0;0;-3,729783000000000;-38,513288000000000
324107;11;5;2017;14:52;0;AV MR HULL;;;900;;Colis?úo;Luz do Dia;;Seca;Meio de Quadra;;;0;1;1;1;0;0;0;0;0;1;0;0;-3,740573619000000;-38,598165460000000
324104;11;5;2017;14:24;0;RUA PDE PEDRO DE ALENCAR;;;789;SER VI;Colis?úo;Luz do Dia;;;Meio de Quadra;;;0;1;1;1;0;0;0;0;0;1;0;0;-3,834967000000000;-38,494120000000000
324110;11;5;2017;15:57;0;RUA PARAGUACU D45;;;1133;;Colis?úo;Luz do Dia;;;Meio de Quadra;;;0;2;0;0;0;0;0;0;0;0;0;0;;