COD_ACIDENTE;DIA;MES;ANO;HORA;INTERSECAO;LOG1;LOG2;LOG3;NUMERO;REFERENCIA;NATUREZA;ILUMINACAO;TEMPO;SUPERFICIEPISTA;TIPOCRUZAMENTO;CONTROLETRAFEGO;USOSOLO;MORTOS;FERIDOS;ILESOS;AUTOMOVEL;ONIBUS;BICICLETA;CAMINHAO;MICROONIBUS;CICLOMOTOR;MOTOCICLETA;TRACAOANIMAL;TREM;LATITUDE;LONGITUDE
324123;11;5;2017;18:50;0;AV FRANCISCO SA;;;3405;;Colis?úo;;;;Meio de Quadra;;;0;1;1;0;0;1;0;0;0;1;0;0;-3,718052000000000;-38,555419000000000
324113;11;5;2017;16:09;0;AV BEZERRA DE MENEZES;;;2686;UFC;Colis?úo;Luz do Dia;;;Meio de Quadra;;;0;1;1;1;0;0;0;0;0;1;0;0;-3,736531000000000;-38,568653000000000
324116;11;5;2017;16:14;0;RUA FREDERICO BORGES;;;293;;Atropelamento;Luz do Dia;;;Meio de Quadra;;;0;2;1;1;0;0;0;0;0;0;0;0;-3,732231000000000;-38,489258000000000
324120;11;5;2017;18:06;0;RUA ELCIAS LOPES;;;135;;Colis?úo;Anoitecer;;;Meio de Quadra;;;0;2;0;1;0;0;0;0;0;1;0;0;-3,769992000000000;-38,558774000000000
324180;11;5;2017;21:54;0;AV PRS COSTA E SILVA;;;3050;;Colis?úo;;;;Meio de Quadra;;;0;1;1;0;0;0;0;0;0;0;0;0;-3,828180300000000;-38,532554500000000
324178;11;5;2017;20:10;0;RUA QUINZE (CANINDEZINHO);;;0;;Atropelamento;;;;Meio de Quadra;;;0;1;1;0;0;0;0;0;0;0;0;0;;
324182;11;5;2017;21:58;0;AV PRS CASTELO BRANCO;;;0;;Atropelamento;;;;Meio de Quadra;;;0;1;1;0;0;0;0;0;0;0;0;0;;
324183;11;5;2017;23:06;0;RUA CRISANTO M DA ROCHA;;;2500;;Queda;;;;Meio de Quadra;;;0;2;0;0;0;0;0;0;0;1;0;0;-3,809191000000000;-38,483282000000000
308923;11;5;2017;16:47;0;RUA PRO GOMES BRASIL;;;0;;Colis?úo Lateral;Luz do Dia;Bom;Seca;Meio de Quadra;D?¬ Prefer?¬ncia;Comercial;0;1;0;1;0;0;0;0;0;1;0;0;-3,773777200000000;-38,565470000000000
308924;11;5;2017;18:38;0;AV ENG SANTANA JUNIOR;;;0;;Colis?úo Lateral;Via Iluminada;Bom;Seca;Meio de Quadra;N?úo H?í Controle;Comercial;0;0;2;1;0;0;0;0;0;0;0;0;-3,737656000000000;-38,483460000000000
308951;11;5;2017;19:00;0;RUA FREDERICO BORGES;;;292;;Colis?úo Transversal;Via Iluminada;Bom;Seca;Meio de Quadra;N?úo H?í Controle;Residencial;0;0;1;1;0;0;0;0;0;0;0;0;-3,732222000000000;-38,489258000000000
308944;11;5;2017;10:20;0;AV ALM HENRIQUE SABOIA;;;0;;Colis?úo Lateral;Luz do Dia;Bom;Seca;Meio de Quadra;Pare;Comercial;0;1;2;1;0;0;0;0;0;0;0;0;-3,751820300000000;-38,498676000000000
308911;11;5;2017;08:38;5363;RUA RODRIGUES JUNIOR;RUA PINTO MADEIRA;;0;;Colis?úo Transversal;Luz do Dia;Bom;Seca;Cruz;Pare;Comercial;0;0;2;1;0;0;0;0;0;0;0;0;-3,731235000000000;-38,520830000000000
308912;11;5;2017;09:16;5150;RUA BAR RIO BRANCO;RUA SEN ALENCAR;;2;;Choque c/ Obst?ículo Fixo;Luz do Dia;Bom;Seca;Cruz;Pare;Comercial;0;0;1;1;0;0;0;0;0;0;0;0;-3,724797000000000;-38,527824000000000
308913;11;5;2017;09:03;0;AV 13 DE MAIO;;;2535;;Colis?úo Lateral;Luz do Dia;Bom;Seca;Meio de Quadra;Sem?íforo;Comercial;0;0;2;1;0;0;0;0;0;0;0;0;-3,741707600000000;-38,538190000000000
308914;11;5;2017;09:50;0;RUA SOLON PINHEIRO;;;966;;Colis?úo Lateral;Luz do Dia;Bom;Seca;N?úo Informado;N?úo H?í Controle;Residencial;0;1;1;1;0;0;0;1;0;0;0;0;-3,738794800000000;-38,529140000000000
308915;11;5;2017;10:55;3998;RUA SAMUEL UCHOA;RUA ALBERTO MAGNO;;0;;Colis?úo Lateral;Luz do Dia;Bom;Seca;Cruz;Pare;Comercial;0;1;1;1;0;0;0;0;0;1;0;0;-3,756733200000000;-38,543026000000000
308916;11;5;2017;10:10;9021;RUA CEL SOLON;AV FELINO BARROSO;;0;;Colis?úo Transversal;Luz do Dia;Bom;Seca;Cruz;Pare;Comercial;0;1;1;1;0;0;0;0;0;1;0;0;-3,743064600000000;-38,528637000000000
308917;11;5;2017;12:42;11617;RUA PORTO VELHO;RUA ANTONIO IVO;;0;;Colis?úo Transversal;Luz do Dia;Bom;Seca;T;Pare;Residencial;0;0;2;1;1;0;0;0;0;0;0;0;-3,767143500000000;-38,585014000000000
308918;11;5;2017;11:44;0;RUA ANTONIO POMPEU;;;1384;;Colis?úo Lateral;Luz do Dia;Bom;Seca;Meio de Quadra;N?úo H?í Controle;Comercial;0;0;2;1;1;0;0;0;0;0;0;0;-3,733123000000000;-38,535755000000000
308919;11;5;2017;13:14;0;AV DOM LUIS;;;871;;Colis?úo Lateral;Luz do Dia;Bom;Seca;Meio de Quadra;N?úo H?í Controle;Comercial;0;0;2;1;0;0;0;0;0;0;0;0;-3,734541700000000;-38,493890000000000
308920;11;5;2017;14:36;0;AV DOM MANUEL;;;428;;Engavetamento;Luz do Dia;Bom;Seca;Meio de Quadra;Sem?íforo;Residencial;0;0;3;1;0;0;0;0;0;0;0;0;-3,727763700000000;-38,521030000000000
324875;11;5;2017;18:14;0;RD CE-040;;;0;KM-06;Colis?úo;Anoitecer;;Seca;Meio de Quadra;;;0;1;1;0;0;0;0;0;0;1;0;0;-3,809596804000000;-38,478733480000000
324884;11;5;2017;18:00;0;AV SEN CARLOS JEREISSATI (AEROPORTO);;;0;KM 01;Colis?úo;Anoitecer;;Seca;Meio de Quadra;;;0;0;2;1;0;0;0;0;0;0;0;0;-3,783753000000000;-38,526850000000000
324873;11;5;2017;18:40;0;RD CE-040;;;0;KM-06;Colis?úo;Via Iluminada;;Seca;Meio de Quadra;;;0;0;2;1;0;0;0;0;0;0;0;0;-3,809596804000000;-38,478733480000000
324882;11;5;2017;12:30;0;RD CE-040;;;0;KM-01;Colis?úo;Luz do Dia;;Seca;Meio de Quadra;;;0;1;1;0;0;0;0;0;0;1;0;0;-3,764650449000000;-38,482583040000000
324879;11;5;2017;07:25;0;AV SEN CARLOS JEREISSATI (AEROPORTO);;;0;KM 01;Colis?úo;Luz do Dia;;Seca;Meio de Quadra;;;0;0;2;1;0;0;0;0;0;1;0;0;-3,783753000000000;-38,526850000000000
298084;11;5;2017;08:20;5255;AV TRISTAO GONCALVES;RUA PEDRO PEREIRA;;0;;Atropelamento;Luz do Dia;;;Cruz;Sem?íforo;Comercial;1;0;1;0;1;0;0;0;0;0;0;0;-3,728075000000000;-38,533489000000000
325769;11;5;2017;12:58;0;RD BR 116;;;11000;KM-11;;Luz do Dia;;Seca;Meio de Quadra;;;0;1;1;1;0;0;1;0;0;0;0;0;-3,847160000000000;-38,497176000000000
305778;11;5;2017;09:57;0;AV PRS CASTELO BRANCO;;;0;;Colis?úo Traseira;Luz do Dia;;;Meio de Quadra;;;0;1;1;1;0;0;0;0;0;1;0;0;;
305773;11;5;2017;19:21;0;AV PRS CASTELO BRANCO;;;400;MARINA PARK;Colis?úo Traseira;;;;Meio de Quadra;;;0;2;1;0;0;0;0;0;0;1;0;0;-3,720706000000000;-38,529136000000000
305774;11;5;2017;18:45;1350;RUA SILVA PAULET;RUA TORRES CAMARA;;0;;Colis?úo Transversal;;;;Cruz;Pare;Residencial;0;0;2;1;0;0;0;0;0;0;0;0;-3,735958000000000;-38,505905000000000
305775;11;5;2017;13:12;0;AV BEZERRA DE MENEZES;;;2461;DETRAN;Atropelamento;Luz do Dia;;;Meio de Quadra;;;0;1;1;0;1;0;0;0;0;0;0;0;-3,736062000000000;-38,566326000000000
305769;11;5;2017;21:00;15141;AV MON TABOSA;RUA CARLOS VASCONCELOS;;0;;Colis?úo Lateral;;;;Cruz;Sem?íforo;Comercial;0;0;2;1;0;0;0;0;0;0;0;0;-3,724289000000000;-38,507985000000000
305770;11;5;2017;20:00;0;RUA BAR CANINDE;;;1630;;Colis?úo Lateral;;;;Meio de Quadra;;;0;0;2;1;1;0;0;0;0;0;0;0;-3,770777200000000;-38,557620200000000
305767;11;5;2017;10:30;2606;RUA ARQUIMEDES MEMORIA;RUA JANDIRA;;0;;Colis?úo Transversal;Luz do Dia;;;;;;0;0;2;0;0;0;0;1;0;1;0;0;-3,713295000000000;-38,586714000000000
305779;12;5;2017;17:25;0;RUA CASTRO E SILVA;;;43;;Colis?úo;Anoitecer;;;Meio de Quadra;;;0;2;0;0;0;0;0;0;0;1;0;0;-3,724474000000000;-38,525717000000000
305786;12;5;2017;18:38;5112;RUA CASTRO E SILVA;RUA BAR RIO BRANCO;;0;;Colis?úo Lateral;;;;;;Comercial;0;3;1;0;1;0;0;0;0;0;0;0;-3,723847000000000;-38,527429000000000
305788;12;5;2017;17:05;15238;RUA BAR ARACATI;RUA TEN BENEVOLO;;0;;Colis?úo Transversal;Anoitecer;;;Cruz;Pare;Comercial;0;2;1;1;0;0;0;0;0;1;0;0;-3,727628000000000;-38,510266000000000
305789;12;5;2017;19:00;18028;AV DIOGUINHO;RUA RENATO BRAGA;;0;;Colis?úo Transversal;;;;;;;0;1;1;1;0;0;0;0;0;1;0;0;-3,731428000000000;-38,458889000000000
305783;12;5;2017;19:30;12455;AV SEN FERNANDES TAVORA;RUA RIO GRANDE DO SUL;;0;;Colis?úo Lateral;;;;T;Sem?íforo;Comercial;0;0;2;0;0;0;1;0;0;0;0;0;-3,768083000000000;-38,572159000000000
305791;12;5;2017;13:40;0;AV H CJ CEARA;;;295;;Colis?úo Traseira;Luz do Dia;;;Meio de Quadra;;;0;0;2;1;0;0;0;0;0;0;0;0;;
305792;12;5;2017;12:50;12862;AV DOMINGOS OLIMPIO;RUA MAJ FACUNDO;;0;;Colis?úo Transversal;Luz do Dia;;;Cruz;N?úo H?í Controle;Comercial;0;0;2;1;1;0;0;0;0;0;0;0;-3,736813000000000;-38,530827000000000
305797;12;5;2017;10:50;25476;AV JOSE LEON;RUA CHICO LEMOS;;0;;Colis?úo Lateral;Luz do Dia;;;Cruz;Pare;Residencial;0;1;1;1;0;0;0;0;0;1;0;0;-3,788133000000000;-38,500540000000000
305815;12;5;2017;20:33;0;AV CASTELO DE CASTRO;;;699;;Colis?úo;;;;Meio de Quadra;;;0;2;1;1;0;0;0;0;0;1;0;0;-3,835651000000000;-38,521651000000000
305824;12;5;2017;08:25;0;AV WENEFRIDO MELO;;;0;;Colis?úo Traseira;Luz do Dia;;;Meio de Quadra;;;0;0;2;1;0;0;0;0;0;0;0;0;;
305819;12;5;2017;07:46;0;RUA MANUEL CASTELO BRANCO;;;0;;Colis?úo Lateral;Luz do Dia;;;Meio de Quadra;;;0;0;2;1;0;0;0;0;0;0;0;0;;
305820;12;5;2017;20:00;65;RUA HUGO VITOR;RUA MARTINS NETO;;0;;Colis?úo Lateral;;;;Cruz;Pare;Comercial;0;0;2;1;0;0;0;0;0;0;0;0;-3,740726000000000;-38,591458000000000
325771;12;5;2017;06:45;0;RD BR 222;;;100;KM-02;Colis?úo Traseira;Luz do Dia;;Molhada;Meio de Quadra;;;0;0;2;1;0;0;0;0;0;0;0;0;;
325774;12;5;2017;07:40;0;RD BR 020;;;500;KM 426;Colis?úo Transversal;Luz do Dia;;Seca;Meio de Quadra;;;0;1;1;1;0;0;0;0;0;1;0;0;;
325776;12;5;2017;08:30;0;RD BR 222;;;500;KM-03;Colis?úo Lateral;Luz do Dia;;Molhada;Meio de Quadra;;;0;1;1;0;0;0;0;0;0;1;0;0;;
325777;12;5;2017;09:00;0;RD BR 020;;;500;KM 426;Colis?úo;Luz do Dia;;Seca;Meio de Quadra;;;0;0;2;0;0;0;1;0;0;0;0;0;;
325778;12;5;2017;16:30;0;RD BR 116;;;800;KM-09;Colis?úo Lateral;Luz do Dia;;Seca;Meio de Quadra;;;0;0;2;1;0;0;0;0;0;0;0;0;-3,793082000000000;-38,508470000000000
324887;12;5;2017;16:45;0;RD CE-040;;;0;KM-08;Colis?úo;Luz do Dia;;Seca;Meio de Quadra;;;0;0;2;1;0;0;0;0;0;0;0;0;-3,825515822000000;-38,481538320000000
308952;12;5;2017;20:20;25156;RUA 15 DE NOVEMBRO;RUA PERU;;0;;Colis?úo Transversal;Via Iluminada;Bom;Seca;Cruz;Pare;Residencial;0;1;1;1;0;0;0;0;0;0;0;0;-3,770914000000000;-38,550374000000000
308925;12;5;2017;08:38;0;RUA MARCOS MACEDO;;;0;;Colis?úo Lateral;Luz do Dia;Bom;Seca;Meio de Quadra;N?úo H?í Controle;Comercial;0;0;2;1;0;0;0;0;0;0;0;0;-3,736442800000000;-38,490270000000000
308926;12;5;2017;08:12;0;AV BEZERRA DE MENEZES;;;115;;Colis?úo Lateral;Luz do Dia;Bom;Seca;Meio de Quadra;Sem?íforo;Comercial;0;1;1;0;0;0;0;0;0;1;0;0;-3,731827500000000;-38,545822000000000
308927;12;5;2017;09:57;0;AV FRANCISCO SA;;;4154;;Colis?úo Transversal;Luz do Dia;Nublado;Seca;Cruz;Pare;Comercial;0;1;1;1;0;0;0;0;0;1;0;0;-3,715762100000000;-38,562030000000000
308928;12;5;2017;12:56;9113;RUA DEP OSWALDO STUDART;RUA DR ALFREDO WEYNE D14;;0;;Colis?úo Lateral;Luz do Dia;Bom;Seca;T;Pare;Comercial;0;0;2;1;1;0;0;0;0;0;0;0;-3,756836200000000;-38,531240000000000
308929;12;5;2017;14:32;0;RUA JOAQUIM LIMA;;;699;;Colis?úo Traseira;Luz do Dia;Bom;Seca;Meio de Quadra;Pare;Comercial;0;0;2;1;0;0;0;0;0;0;0;0;-3,741502800000000;-38,479294000000000
308930;12;5;2017;14:23;24289;RUA JULIO ABREU;RUA 8 DE SETEMBRO;;0;;Colis?úo Lateral;Luz do Dia;Bom;Seca;Cruz;N?úo H?í Controle;Comercial;0;0;2;1;1;0;0;0;0;0;0;0;-3,736289500000000;-38,487164000000000
308931;12;5;2017;14:37;0;AV DEP PAULINO ROCHA;RUA JOSE DE FRANCA CABRAL;;0;;Engavetamento;Luz do Dia;Bom;Seca;T;N?úo H?í Controle;Comercial;0;0;3;1;0;0;0;0;0;0;0;0;-3,810108400000000;-38,518944000000000
308932;12;5;2017;14:32;24955;AV ANTONIO JUSTA;AV ALM HENRIQUE SABOIA;;0;;Colis?úo Transversal;Luz do Dia;Bom;Seca;T;N?úo H?í Controle;Comercial;0;0;2;1;0;0;0;0;0;0;0;0;-3,731695200000000;-38,482536000000000
308933;12;5;2017;15:20;0;AV ALM HENRIQUE SABOIA;;;0;;Colis?úo Traseira;Luz do Dia;Bom;Seca;N?úo Informado;N?úo H?í Controle;Residencial;0;0;2;1;0;0;0;0;0;0;0;0;-3,730772500000000;-38,482400000000000
308934;12;5;2017;16:07;0;RUA PDE JOAO PIAMARTA;;;415;;Colis?úo Lateral;Luz do Dia;Bom;Seca;Meio de Quadra;Pare;Escola;0;0;2;1;0;0;0;0;0;0;0;0;-3,758879200000000;-38,541866000000000
308935;12;5;2017;19:54;0;AV CARNEIRO DE MENDONCA;;;0;;Colis?úo Lateral;Via Iluminada;Bom;Seca;Meio de Quadra;Sem?íforo;Residencial;0;0;2;1;0;0;0;0;0;0;0;0;-3,761880900000000;-38,570805000000000
308936;12;5;2017;17:32;5324;RUA GAL SAMPAIO;RUA PEDRO I;;0;;Colis?úo;Anoitecer;Bom;Seca;Cruz;Pare;Comercial;0;1;1;0;1;0;0;0;0;1;0;0;-3,730078200000000;-38,531800000000000
308937;12;5;2017;20:30;0;RUA SGT JOAO PINHEIRO;;;190;;Colis?úo Frontal;Via Iluminada;Bom;Seca;Meio de Quadra;N?úo H?í Controle;Residencial;0;1;1;1;0;0;0;0;0;1;0;0;-3,777885200000000;-38,621384000000000
308938;12;5;2017;21:29;0;RUA CEL JUCA;;;395;;Colis?úo Lateral;Via Iluminada;Bom;Seca;Meio de Quadra;Gesto;Comercial;0;0;2;1;0;0;0;0;0;0;0;0;-3,735256400000000;-38,490460000000000
308939;12;5;2017;18:32;0;RUA ANTONIO ROCHA;;;650;;Colis?úo Lateral;Anoitecer;Bom;Seca;Meio de Quadra;N?úo H?í Controle;Residencial;0;0;1;1;0;0;0;0;0;0;0;0;-3,778790200000000;-38,499130000000000
324193;12;5;2017;09:02;0;RUA PEDRO SAMPAIO;;;2280;;Colis?úo;Luz do Dia;;;Meio de Quadra;;;0;1;1;0;0;0;0;0;0;1;0;0;;
324196;12;5;2017;10:07;17326;RUA ALBERTO MAGNO;RUA ALAN KARDEC;;0;;Colis?úo;Luz do Dia;;;Cruz;Pare;Comercial;0;1;1;1;0;0;0;0;0;1;0;0;-3,764796000000000;-38,549918000000000
324211;12;5;2017;13:14;0;AV RUI BARBOSA;;;1970;;Atropelamento;Luz do Dia;;;Meio de Quadra;;;0;1;1;0;0;0;0;0;0;1;0;0;-3,740174000000000;-38,510778000000000
324212;12;5;2017;15:49;0;RUA ANA BILHAR;;;1159;;Colis?úo;Luz do Dia;;;Meio de Quadra;;;0;1;1;1;0;0;0;0;0;1;0;0;-3,731446000000000;-38,489554000000000
324213;12;5;2017;16:25;20197;AV SAUDADE D68;RUA 102 CJ PASSARE;;0;;Colis?úo;Luz do Dia;;;;;;0;1;1;1;0;0;0;0;0;1;0;0;-3,813040000000000;-38,530668000000000
324214;12;5;2017;16:49;5381;AV IMPERADOR;RUA METON DE ALENCAR;;0;;Colis?úo;Luz do Dia;;;;N?úo H?í Controle;Comercial;0;2;0;1;0;0;0;0;0;1;0;0;-3,731966000000000;-38,535869000000000
324204;12;5;2017;10:38;0;AV BENJAMIM BRASIL;;;1685;;Colis?úo;Luz do Dia;;;Meio de Quadra;;;0;1;1;1;0;0;0;0;0;1;0;0;-3,807022000000000;-38,560749000000000
324205;12;5;2017;10:58;3863;RUA SEN POMPEU;AV 13 DE MAIO;;0;;Queda;Luz do Dia;;;Cruz;Sem?íforo;Comercial;0;1;0;0;0;0;0;0;0;1;0;0;-3,744515000000000;-38,534969000000000
324206;12;5;2017;11:10;21371;RUA PRO RAIMUNDO ARRUDA;RUA PDE GUERRA;;0;;Colis?úo;Luz do Dia;;;Cruz;Pare;Comercial;0;1;0;1;0;0;0;0;0;1;0;0;-3,737612000000000;-38,551244000000000
324207;12;5;2017;11:16;0;RUA CAJAZEIRAS;;;455;;Queda;Luz do Dia;;;Meio de Quadra;;;0;1;0;0;0;0;0;0;0;1;0;0;-3,801153600000000;-38,507494300000000
324208;12;5;2017;11:51;0;RUA STA TEREZA;;;719;;Queda;Luz do Dia;;;Meio de Quadra;;;0;1;0;0;0;0;0;0;0;1;0;0;;
324209;12;5;2017;12:58;7674;AV JOSE BASTOS;RUA RIO GRANDE DO NORTE;;0;;Colis?úo;Luz do Dia;;;;;;0;1;1;1;0;0;0;0;0;1;0;0;-3,760562000000000;-38,564477000000000
324253;12;5;2017;17:49;0;TR DO CAMPO UI 303;;;473;;Atropelamento;Anoitecer;;;Meio de Quadra;;;0;1;1;0;0;0;0;0;0;1;0;0;;
324249;12;5;2017;17:39;13777;RUA LUIZA MIRANDA COELHO;RUA CAIO CID;;0;;Colis?úo;Anoitecer;;;Cruz;Pare;Residencial;0;1;1;1;0;0;0;0;0;1;0;0;-3,775516000000000;-38,485263000000000
324244;12;5;2017;17:28;0;RUA CAIO CARLOS;;;24;;Colis?úo;Anoitecer;;;Meio de Quadra;;;0;1;1;0;0;0;0;0;0;0;0;0;-3,738069000000000;-38,541647000000000
324232;12;5;2017;17:15;5251;RUA LIBERATO BARROSO;RUA SEN POMPEU;;0;;Colis?úo;Anoitecer;;;Cruz;Outros;Comercial;0;1;1;0;0;0;0;0;0;0;0;0;;
324229;12;5;2017;17:05;0;RUA CEL DIONISIO ALENCAR;;;1673;;Queda;Anoitecer;;;Meio de Quadra;;;0;1;0;0;0;0;0;0;0;1;0;0;-3,849435681000000;-38,504112097000000
324300;12;5;2017;22:41;15137;AV MON TABOSA;RUA ILDEFONSO ALBANO;;0;;Choque c/ Obst?ículo Fixo;;;;Cruz;Sem?íforo;Comercial;0;1;0;1;0;0;0;0;0;0;0;0;-3,724155000000000;-38,510333000000000
324293;12;5;2017;20:55;0;RUA SOLON PINHEIRO;;;3137;;Colis?úo;;;;Meio de Quadra;;;0;1;1;1;0;0;0;0;0;1;0;0;-3,747053900000000;-38,531919600000000
324297;12;5;2017;21:11;12358;RUA JOCKEY CLUBE;RUA ERNESTO PEDRO SANTOS;;0;;Colis?úo;;;;Cruz;Pare;Residencial;0;1;1;1;0;0;0;0;0;1;0;0;-3,763734000000000;-38,576860000000000
324264;12;5;2017;19:39;0;RUA MAL BITENCOURT;;;140;;Colis?úo;;;;Meio de Quadra;;;0;1;1;1;0;0;0;0;0;1;0;0;-3,786430000000000;-38,528472000000000
324265;12;5;2017;20:10;0;AV MR HULL;;;4442;TERMINAL ANTONIO BEZERRA;Atropelamento;;;;Meio de Quadra;;;0;1;1;0;1;0;0;0;0;0;0;0;-3,738616000000000;-38,584585000000000
324262;12;5;2017;19:29;0;AV MR HULL;;;0;;Colis?úo;;;;Meio de Quadra;;;0;1;1;1;0;0;0;0;0;1;0;0;;
324307;13;5;2017;02:07;0;RUA JOAO AMORA;;;44;;Colis?úo;;;;Meio de Quadra;;;0;2;0;1;0;0;0;0;0;1;0;0;-3,800131000000000;-38,575296000000000
324310;13;5;2017;03:39;0;RUA MANUEL DA NOBREGA;;;270;;Colis?úo;;;;Meio de Quadra;;;0;1;1;0;0;0;0;0;0;0;0;0;-3,798137000000000;-38,583922000000000
324312;13;5;2017;05:47;0;AV DA INDEPENDENCIA;;;2178;;Colis?úo;Amanhecer;;;Meio de Quadra;;;0;1;1;1;0;0;0;0;0;1;0;0;-3,724424000000000;-38,599407000000000
324330;13;5;2017;10:32;0;RUA ARRUDA CAMARA;;;439;;Colis?úo;Luz do Dia;;;Meio de Quadra;;;0;1;1;1;0;1;0;0;0;0;0;0;-3,790169000000000;-38,582906000000000
324327;13;5;2017;09:59;0;AV SEN FERNANDES TAVORA;;;0;;Queda;Luz do Dia;;;Meio de Quadra;;;0;1;0;0;0;0;0;0;0;1;0;0;;
324328;13;5;2017;10:05;0;AV JOR JOAO RAMOS;;;1583;;Colis?úo;Luz do Dia;;;Meio de Quadra;;;0;1;1;1;0;0;0;0;0;1;0;0;-3,842530000000000;-38,571217000000000
324322;13;5;2017;08:38;0;RUA EDSON MARTINS;;;3720;;Queda;Luz do Dia;;;Meio de Quadra;;;0;1;0;0;0;0;0;0;0;1;0;0;-3,782700600000000;-38,624458100000000
324325;13;5;2017;08:55;0;RUA PERILIO TEIXEIRA;;;68;;Colis?úo;Luz do Dia;;;Meio de Quadra;;;0;1;1;0;0;0;0;0;0;0;0;0;-3,762587000000000;-38,602448000000000
324376;13;5;2017;22:31;0;RUA COS LAFAYETE;;;538;;Atropelamento;;;;Meio de Quadra;;;0;1;1;0;0;0;0;0;0;1;0;0;-3,717971000000000;-38,582919000000000
324382;13;5;2017;23:27;19533;AV GAL OSORIO DE PAIVA;RUA NEREU RAMOS;;0;;Queda;;;;Cruz;Sem?íforo;Comercial;0;1;0;0;0;0;0;0;0;1;0;0;-3,782196000000000;-38,576828000000000
324383;13;5;2017;23:28;0;RUA MAJ FACUNDO;;;0;;Colis?úo;;;;Meio de Quadra;;;0;1;1;1;0;0;0;0;0;1;0;0;;
324378;13;5;2017;23:11;10007;RUA ANTONIO NERY;RUA TEODORO DE CASTRO;;0;;Colis?úo;;;;Cruz;Pare;Residencial;0;1;1;1;0;0;0;0;0;1;0;0;-3,780899000000000;-38,600953000000000
324379;13;5;2017;23:14;0;RUA BERNARDO MANUEL;;;6592;;Atropelamento;;;;Meio de Quadra;;;0;1;1;0;0;0;0;0;0;1;0;0;-3,825217100000000;-38,559186100000000
324374;13;5;2017;22:57;0;AV H CJ JOSE WALTER;;;0;;Colis?úo;;;;Meio de Quadra;;;0;1;1;1;0;0;0;0;0;1;0;0;;
324371;13;5;2017;22:21;0;RUA CEL SOLON;;;300;;Colis?úo;;;;Meio de Quadra;;;0;1;1;1;0;0;0;0;0;1;0;0;-3,742941000000000;-38,526614000000000
324360;13;5;2017;20:13;0;RUA CEL FABRICIANO;;;3173;;Colis?úo;;;;Meio de Quadra;;;0;1;1;1;0;0;0;0;0;1;0;0;-3,780373000000000;-38,616522000000000
324367;13;5;2017;21:15;0;RUA ITAQUERA;;;750;;Atropelamento;;;;Meio de Quadra;;;0;1;1;0;0;0;0;0;0;0;0;0;-3,839296600000000;-38,512972800000000
324363;13;5;2017;20:44;0;AV ALBERTO CRAVEIRO;;;2770;CASTELAO;Colis?úo;;;;Meio de Quadra;;;0;2;0;0;0;0;0;0;0;0;0;0;-3,804198000000000;-38,522307000000000
324357;13;5;2017;19:56;0;RUA AMOR PERFEITO;;;294;;Queda;;;;Meio de Quadra;;;0;1;0;0;0;0;0;0;0;1;0;0;-3,717372000000000;-38,582619700000000
324350;13;5;2017;17:49;0;RUA JULIO SILVA;;;0;;Atropelamento;Anoitecer;;;Meio de Quadra;;;0;1;1;0;0;0;0;0;0;1;0;0;;
324353;13;5;2017;18:00;0;RUA DR THOMPSON BULCAO;;;550;;Queda;Anoitecer;;;Meio de Quadra;;;0;1;0;0;0;0;0;0;0;1;0;0;-3,769301000000000;-38,493651000000000
324334;13;5;2017;12:31;0;AV PRO JOSE ARTHUR CARVALHO;;;2200;;Colis?úo;Luz do Dia;;;Meio de Quadra;;;0;1;1;0;0;0;0;0;0;0;0;0;-3,824586000000000;-38,459699000000000
324337;13;5;2017;15:10;0;AV ENG HUMBERTO MONTE;;;893;;Colis?úo;Luz do Dia;;;Meio de Quadra;;;0;1;1;0;0;0;0;0;0;1;0;0;-3,750924000000000;-38,559066000000000
324340;13;5;2017;15:17;0;AV JOSE LEON;;;2240;;Atropelamento;Luz do Dia;;;Meio de Quadra;;;0;1;1;0;0;0;0;0;0;0;0;0;;
324342;13;5;2017;15:51;0;AV BENJAMIM BRASIL;;;1685;;Queda;Luz do Dia;;;Meio de Quadra;;;0;1;0;0;0;0;0;0;0;1;0;0;-3,807022000000000;-38,560749000000000
324347;13;5;2017;16:28;0;AV MAE LISBOA;;;0;;Atropelamento;Luz do Dia;;;Meio de Quadra;;;0;1;1;1;0;0;0;0;0;0;0;0;;
324332;13;5;2017;11:50;0;RUA CESAR FONTENELE;;;548;;Queda;Luz do Dia;;;Meio de Quadra;;;0;1;0;0;0;1;0;0;0;0;0;0;-3,746689000000000;-38,561266000000000
308940;13;5;2017;04:25;3771;AV DA UNIVERSIDADE;AV DOMINGOS OLIMPIO;;1977;;Colis?úo Transversal;Amanhecer;Bom;Seca;Cruz;Sem?íforo;Comercial;0;1;1;1;0;0;0;0;0;1;0;0;-3,735784000000000;-38,534412000000000
308941;13;5;2017;06:50;17361;RUA BAR SOBRAL;RUA BAR CANINDE;;0;;Colis?úo Lateral;Luz do Dia;Bom;Seca;Cruz;Pare;Residencial;0;0;2;1;1;0;0;0;0;0;0;0;-3,766266300000000;-38,555660000000000
308942;13;5;2017;10:00;0;AV EDILSON B SOARES;;;210;;Colis?úo Lateral;Luz do Dia;Bom;Seca;Meio de Quadra;N?úo H?í Controle;Comercial;0;0;2;1;0;0;0;0;0;0;0;0;-3,789666000000000;-38,483640000000000