COD_ACIDENTE;DIA;MES;ANO;HORA;INTERSECAO;LOG1;LOG2;LOG3;NUMERO;REFERENCIA;NATUREZA;ILUMINACAO;TEMPO;SUPERFICIEPISTA;TIPOCRUZAMENTO;CONTROLETRAFEGO;USOSOLO;MORTOS;FERIDOS;ILESOS;AUTOMOVEL;ONIBUS;BICICLETA;CAMINHAO;MICROONIBUS;CICLOMOTOR;MOTOCICLETA;TRACAOANIMAL;TREM;LATITUDE;LONGITUDE
308943;13;5;2017;11:40;0;AV GODOFREDO MACIEL;;;3255;;Colis?úo Lateral;Luz do Dia;Bom;Seca;Meio de Quadra;N?úo H?í Controle;Comercial;0;0;2;1;0;0;0;0;0;0;0;0;-3,804315600000000;-38,572490000000000
308945;13;5;2017;13:59;0;RUA MARIA TOMASIA;;;615;;Colis?úo Traseira;Luz do Dia;Bom;Seca;Meio de Quadra;N?úo H?í Controle;Comercial;0;0;0;0;0;0;0;0;0;0;0;0;-3,735758300000000;-38,496740000000000
308946;13;5;2017;15:13;0;RUA FREDERICO SEVERO;RUA FARIAS LEMOS;;0;;Colis?úo Transversal;Luz do Dia;Bom;Seca;Cruz;Pare;Residencial;0;0;2;1;0;0;0;0;0;0;0;0;-3,816829200000000;-38,492660000000000
308947;13;5;2017;15:18;5108;RUA SAO PAULO;RUA PRC ISABEL;;0;;Colis?úo Transversal;Luz do Dia;Bom;Seca;Cruz;Pare;Residencial;0;0;1;1;1;0;0;0;0;0;0;0;-3,723735600000000;-38,534584000000000
308948;13;5;2017;16:54;0;AV FRE CIRILO;;;3325;;Engavetamento;Luz do Dia;Bom;Seca;Meio de Quadra;N?úo H?í Controle;Comercial;0;0;3;1;0;0;0;0;0;0;0;0;-3,813387600000000;-38,499084000000000
308949;13;5;2017;18:36;0;AV N CJ JOSE WALTER;;;1;;Colis?úo Lateral;Via Iluminada;Bom;Seca;Cruz;Sem?íforo;Comercial;0;0;1;1;0;0;0;0;0;0;0;0;-3,830396700000000;-38,559956000000000
308950;13;5;2017;19:46;0;RUA BERNARDO MANUEL;;;1;;Colis?úo Lateral;Via Iluminada;Bom;Seca;Meio de Quadra;N?úo H?í Controle;Comercial;0;0;2;1;0;0;0;0;0;1;0;0;-3,808280200000000;-38,554348000000000
308968;13;5;2017;20:57;9220;RUA NAPOLEAO LAUREANO;AV 13 DE MAIO;;0;;Colis?úo Transversal;Luz do Dia;Bom;Seca;Cruz;Sem?íforo;Comercial;0;0;2;1;0;0;0;0;0;0;0;0;-3,749653300000000;-38,528873000000000
310110;13;5;2017;08:00;0;RUA FARIAS LEMOS;;;881;;Choque c/ Obst?ículo Fixo;Luz do Dia;Bom;Seca;Meio de Quadra;Pare;Residencial;0;0;1;1;0;0;0;0;0;0;0;0;-3,815071000000000;-38,493450000000000
324888;13;5;2017;11:30;0;AV MIN JOSE AMERICO;;;1000;;Colis?úo;Luz do Dia;;Seca;Meio de Quadra;;;0;0;2;0;0;0;0;0;0;0;0;0;-3,809107800000000;-38,490601700000000
324891;13;5;2017;13:30;0;RD CE-040;;;0;KM-07;Colis?úo;Luz do Dia;;Seca;Meio de Quadra;;;0;0;3;1;0;0;0;0;0;0;0;0;-3,817159445000000;-38,483032860000000
324894;13;5;2017;16:15;0;RD CE-025;;;0;KM-02;Atropelamento de Animal;Luz do Dia;;Seca;Meio de Quadra;;;0;1;1;1;0;0;0;0;0;0;0;0;-3,807634505000000;-38,461084520000000
324896;13;5;2017;11:20;0;RD CE-040;;;0;KM-09;Colis?úo;Luz do Dia;;Seca;Meio de Quadra;;;0;0;2;1;0;1;0;0;0;0;0;0;-3,834450897000000;-38,482465820000000
324899;13;5;2017;14:30;0;RD CE-040;;;0;KM-07;Colis?úo;Luz do Dia;;Seca;Meio de Quadra;;;0;0;2;1;1;0;0;0;0;0;0;0;-3,817159445000000;-38,483032860000000
305825;13;5;2017;11:55;0;AV PRS COSTA E SILVA;;;0;;Engavetamento;Luz do Dia;Bom;Seca;Meio de Quadra;Outros;Residencial;0;0;4;1;0;0;0;0;0;0;0;0;;
305818;13;5;2017;10:45;16971;RUA JOSE DUTRA;AV WENEFRIDO MELO;;0;;Colis?úo Lateral;Luz do Dia;Bom;Seca;T;N?úo H?í Controle;Residencial;0;0;2;1;0;0;1;0;0;0;0;0;-3,811155000000000;-38,575417000000000
305812;13;5;2017;06:10;25058;AV AUGUSTO DOS ANJOS;RUA VITAL BRASIL;;0;;Colis?úo Lateral;Luz do Dia;Bom;Seca;T;Outros;Comercial;0;1;1;0;0;0;0;0;0;1;0;0;-3,782734000000000;-38,581387000000000
305795;13;5;2017;17:40;5415;RUA FLORIANO PEIXOTO;RUA GAL CLARINDO DE QUEIROZ;;0;;Colis?úo Transversal;Anoitecer;Bom;Seca;Cruz;Pare;Comercial;0;0;2;1;0;0;0;0;0;0;0;0;-3,733049000000000;-38,529027000000000
305808;13;5;2017;15:00;0;AV ENG ALBERTO SA;;;1280;;Colis?úo Lateral;Luz do Dia;Bom;Seca;Meio de Quadra;N?úo H?í Controle;Residencial;0;0;2;1;0;0;0;0;0;0;0;0;-3,735734000000000;-38,471741000000000
305810;13;5;2017;17:00;18148;RUA CEL FRANCISCO MONTENEGRO;AV ZEZE DIOGO;;0;;Colis?úo Transversal;Luz do Dia;Bom;Seca;T;N?úo H?í Controle;Comercial;0;0;2;1;0;0;0;0;0;0;0;0;-3,754471000000000;-38,445364000000000
305803;13;5;2017;10:30;0;AV MOZART PINHEIRO DE LUCENA;;;1350;;Colis?úo;Luz do Dia;Bom;Seca;Meio de Quadra;N?úo H?í Controle;Comercial;0;0;2;1;0;0;1;0;0;0;0;0;-3,714608000000000;-38,594642000000000
305835;13;5;2017;09:15;1467;RUA MON CATAO;AV SANTOS DUMONT;;0;;Colis?úo Traseira;Luz do Dia;Bom;Seca;Cruz;Sem?íforo;Residencial;0;0;2;1;0;0;0;0;0;1;0;0;-3,738745000000000;-38,490564000000000
305831;13;5;2017;13:50;14858;RUA WALDIR DIOGO;TR JOAQUIM ALFREDO;;0;;Colis?úo Transversal;Luz do Dia;Bom;Seca;Cruz;Pare;Residencial;0;0;2;1;0;0;0;0;0;0;0;0;-3,806735000000000;-38,581689000000000
296083;13;5;2017;01:11;0;AV CESAR CALS;;;1060;;Colis?úo Lateral;;;;Meio de Quadra;;;2;0;1;0;0;0;0;0;0;1;0;0;-3,727104000000000;-38,461245000000000
296101;14;5;2017;18:23;0;AV RECREIO D64;;;800;;Colis?úo;Anoitecer;;;Meio de Quadra;;;1;1;2;1;0;0;0;0;0;1;0;0;-3,813019000000000;-38,449561000000000
296107;14;5;2017;10:04;0;RD BR 116;;;0;VIADUTO CAMBEBA (KM-07);Colis?úo;Luz do Dia;;;Meio de Quadra;;;1;1;0;0;0;0;0;0;0;1;0;0;-3,812672000000000;-38,500705000000000
296117;14;5;2017;14:23;0;RUA PEREIRA COUTINHO;;;388;;Colis?úo;Luz do Dia;;;Meio de Quadra;;;1;0;1;0;0;0;0;0;0;1;0;0;-3,885223400000000;-38,509943900000000
305829;14;5;2017;18:25;10992;RUA BAR CANINDE;RUA DOM CARLOTO TAVORA;;0;;Colis?úo Lateral;Via Iluminada;Bom;Seca;Cruz;Pare;Residencial;0;1;2;1;0;0;0;0;0;1;0;0;-3,769531000000000;-38,557103000000000
305830;14;5;2017;21:11;12416;RUA ARARIPE MACEDO;RUA MELO DE OLIVEIRA;;0;;Colis?úo Transversal;;;;;;;0;2;1;1;0;0;0;0;0;1;0;0;-3,772105000000000;-38,578003000000000
305834;14;5;2017;20:00;0;RUA SILVA ROM?ëRIO;;;41;;Colis?úo Lateral;Via Iluminada;Bom;Seca;Meio de Quadra;Pare;Residencial;0;1;1;0;1;0;0;0;0;1;0;0;;
305821;14;5;2017;17:20;0;RUA PRE NOVE;;;22;;Colis?úo Traseira;Via Iluminada;Bom;Seca;Meio de Quadra;Sem?íforo;Comercial;0;0;2;1;0;0;0;0;0;0;0;0;-3,754797400000000;-38,538294900000000
305823;14;5;2017;01:40;17414;RUA 15 DE NOVEMBRO;RUA ZACARIAS GONDIM;;0;;Colis?úo Transversal;Via Iluminada;Bom;Seca;Cruz;Pare;Comercial;0;0;2;1;0;0;0;0;0;0;0;0;-3,768021000000000;-38,558445000000000
305963;14;5;2017;11:00;25443;RUA NOGUEIRA ACIOLI;RUA ROCHA LIMA;;0;;Colis?úo Transversal;Luz do Dia;Bom;Seca;Cruz;Pare;Residencial;0;2;0;0;0;0;0;0;0;0;0;0;-3,737351000000000;-38,519293000000000
324903;14;5;2017;09:10;0;RD CE-040;;;0;KM-01;Colis?úo;Luz do Dia;;Seca;Meio de Quadra;;;0;0;2;1;0;0;0;0;0;0;0;0;-3,764650449000000;-38,482583040000000
324906;14;5;2017;16:30;0;RD CE-040;;;0;;Colis?úo;Luz do Dia;;Seca;Meio de Quadra;;;0;0;2;1;0;0;0;0;0;0;0;0;;
325783;14;5;2017;10:00;0;RD BR 116;;;7000;KM-07;Colis?úo;Luz do Dia;;Seca;Meio de Quadra;;;0;2;0;0;0;0;0;0;0;1;0;0;-3,786917000000000;-38,511279000000000
326412;14;5;2017;11:17;0;AV C CJ JOSE WALTER;;;1475;;Colis?úo;Luz do Dia;;;Meio de Quadra;;;0;1;0;0;0;0;0;0;0;1;0;0;;
308953;14;5;2017;08:35;0;AV FRANCISCO SA;;;2815;;Colis?úo Transversal;Luz do Dia;Bom;Seca;Meio de Quadra;N?úo H?í Controle;Comercial;0;0;2;0;1;0;0;0;0;0;0;0;-3,719673000000000;-38,550670000000000
308954;14;5;2017;12:10;0;AV ANTONIO SALES;;;2;;Colis?úo Lateral;Luz do Dia;Bom;Seca;Meio de Quadra;N?úo H?í Controle;Comercial;0;0;2;1;0;0;0;0;0;0;0;0;-3,738688700000000;-38,523293000000000
308955;14;5;2017;18:15;0;RUA JULIO ABREU;;;175;;Colis?úo Lateral;Via Iluminada;Bom;Seca;Meio de Quadra;Sem?íforo;Comercial;0;0;1;1;0;0;0;0;0;0;0;0;-3,735845600000000;-38,487144000000000
308957;14;5;2017;21:22;0;AV OLIVEIRA PAIVA;;;2541;;Engavetamento;Via Iluminada;Bom;Seca;Meio de Quadra;Sem?íforo;Comercial;0;0;5;1;0;0;0;0;0;1;0;0;-3,796024600000000;-38,483660000000000
308958;14;5;2017;10:37;0;AV GAL OSORIO DE PAIVA;;;6652;;Colis?úo Transversal;Luz do Dia;Bom;Seca;Meio de Quadra;N?úo H?í Controle;Residencial;0;1;2;1;1;0;0;0;0;0;0;0;-3,811614800000000;-38,608955000000000
308959;14;5;2017;14:40;4087;AV FRANCISCO SA;RUA LUCAS PINTO;;0;;Colis?úo Transversal;Luz do Dia;Bom;Seca;Cruz;Pare;Comercial;0;1;0;1;0;0;0;0;0;1;0;0;-3,716611600000000;-38,559174000000000
308970;14;5;2017;16:14;5098;RUA SEN POMPEU;RUA CASTRO E SILVA;;0;;Colis?úo Transversal;Luz do Dia;Bom;Seca;Cruz;Sem?íforo;Comercial;0;0;1;1;0;0;0;0;0;0;0;0;-3,723496200000000;-38,528290000000000
324476;14;5;2017;07:31;18082;AV DIOGUINHO;RUA PAULO MENDES;;0;;Colis?úo;Luz do Dia;;;Cruz;N?úo H?í Controle;Comercial;0;1;1;1;0;0;0;0;0;1;0;0;-3,742081000000000;-38,453082000000000
324443;14;5;2017;04:02;15333;RUA PRO DIAS DA ROCHA;RUA ANA BILHAR;;0;;Colis?úo;;;;Cruz;Pare;Comercial;0;1;1;1;0;0;0;0;0;0;0;0;-3,731209000000000;-38,490300000000000
324438;14;5;2017;02:27;0;AV CEL CARVALHO;;;968;;Colis?úo;;;;Meio de Quadra;;;0;1;1;1;0;0;0;0;0;1;0;0;-3,710798000000000;-38,589612000000000
324432;14;5;2017;00:51;0;RUA MON AGOSTINHO;;;366;;Queda;;;;Meio de Quadra;;;0;1;0;0;0;0;0;0;0;1;0;0;-3,786818000000000;-38,580790000000000
324412;14;5;2017;00:40;0;RUA JARDIM PARUARA;;;3008;;Colis?úo;;;;Meio de Quadra;;;0;2;0;0;0;0;0;0;0;1;0;0;-3,800323000000000;-38,608806500000000
324547;14;5;2017;20:09;0;RUA BARRA VERMELHA;;;2356;;Colis?úo;;;;;;;0;2;0;0;0;0;0;0;0;0;0;0;-3,786164500000000;-38,614368000000000
324552;14;5;2017;20:28;0;RUA JULIO SILVA;;;440;;N?úo Informado;;;;Meio de Quadra;;;0;1;0;0;0;0;0;0;0;1;0;0;;
324544;14;5;2017;19:40;0;AV RAD JOSE LIMA VERDE;;;0;;Colis?úo;;;;Meio de Quadra;;;0;1;1;1;0;0;0;0;0;1;0;0;;
324540;14;5;2017;18:48;0;RUA STA MARIA GORETE;;;2810;;Queda;;;;Meio de Quadra;;;0;1;0;0;0;0;0;0;0;1;0;0;;
324541;14;5;2017;19:35;0;RUA IGUATU;;;425;;Queda;;;;Meio de Quadra;;;0;1;0;0;0;0;0;0;0;1;0;0;-3,782917000000000;-38,545927000000000
324530;14;5;2017;18:17;15374;AV DOM LUIS;RUA FREDERICO BORGES;;0;;Colis?úo;Anoitecer;;;Cruz;Sem?íforo;Comercial;0;1;1;0;0;0;0;0;0;0;0;0;-3,735890000000000;-38,489136000000000
324523;14;5;2017;17:56;26236;RUA BERNARDO MANUEL;AV DR SILAS MUNGUBA;;0;;Atropelamento;Anoitecer;;;Cruz;Sem?íforo;Comercial;0;1;1;1;0;0;0;0;0;0;0;0;-3,787538000000000;-38,547960000000000
324518;14;5;2017;16:17;0;AV JOVITA FEITOSA;;;660;;Queda;Luz do Dia;;;Meio de Quadra;;;0;2;0;0;0;0;0;0;0;1;0;0;-3,738474000000000;-38,549743000000000
324513;14;5;2017;16:10;0;RUA NOSSA SRA DAS GRACAS;;;6;;Queda;Luz do Dia;;;Meio de Quadra;;;0;1;0;0;0;0;0;0;0;1;0;0;-3,711967498000000;-38,548657918000000
324508;14;5;2017;15:27;0;RUA PDE VALDEVINO;;;1435;;Colis?úo;Luz do Dia;;;Meio de Quadra;;;0;1;1;1;0;0;0;0;0;1;0;0;-3,740946000000000;-38,511081000000000
324493;14;5;2017;14:02;0;RUA OSCAR ARARIPE;;;712;;Colis?úo;Luz do Dia;;;Meio de Quadra;;;0;1;1;1;0;0;0;0;0;1;0;0;-3,791676000000000;-38,597780000000000
324487;14;5;2017;10:34;0;RUA JOSE HIPOLITO;;;1087;;Colis?úo;Luz do Dia;;;Meio de Quadra;;;0;2;0;0;0;0;0;0;0;1;0;0;-3,835495000000000;-38,486560000000000
324558;14;5;2017;21:07;0;AV MR HULL;;;0;;Colis?úo;;;;Meio de Quadra;;;0;1;1;0;0;0;0;0;0;0;0;0;;
324562;14;5;2017;22:12;0;RUA CARLOS VASCONCELOS;;;1620;;Colis?úo;;;;Meio de Quadra;;;0;1;1;1;0;1;0;0;0;0;0;0;-3,736172000000000;-38,511819000000000
324564;14;5;2017;23:07;0;RUA QUINZE (CANINDEZINHO);;;0;;Atropelamento;;;;Meio de Quadra;;;0;1;1;0;0;0;0;0;0;0;0;0;;
324565;14;5;2017;23:37;0;RUA BELA VISTA;;;369;;Queda;;;;Meio de Quadra;;;0;1;0;0;0;0;0;0;0;1;0;0;;
324567;14;5;2017;23:47;0;AV ZEZE DIOGO;;;0;;Queda;;;;Meio de Quadra;;;0;1;0;0;0;0;0;0;0;1;0;0;;
324571;15;5;2017;02:12;0;RUA VITORIA (AV. PERIMETRAL);;;0;;Atropelamento;;;;Meio de Quadra;;;0;1;1;1;0;0;0;0;0;0;0;0;;
324583;15;5;2017;06:30;0;RUA JORGE FIGUEIREDO (ANCURI);;;1816;;Colis?úo;Luz do Dia;;;Meio de Quadra;;;0;1;1;1;0;0;0;0;0;1;0;0;-3,891446600000000;-38,517360300000000
324578;15;5;2017;06:12;0;AV SEN CARLOS JEREISSATI (AEROPORTO);;;510;VIADUTO - ALBERTO CRAVEIRO;Queda;Luz do Dia;;;Meio de Quadra;;;0;1;0;0;0;0;0;0;0;1;0;0;-3,784065000000000;-38,517014000000000
324587;15;5;2017;06:37;6442;RUA 317 CJ CEARA;AV C CJ CEARA;;0;;Colis?úo;Luz do Dia;;;;;;0;1;1;1;0;0;0;0;0;1;0;0;-3,772946000000000;-38,615402000000000
324610;15;5;2017;10:06;0;AV PRS COSTA E SILVA;;;0;;Colis?úo;Luz do Dia;;;Meio de Quadra;;;0;1;1;1;0;0;0;0;0;1;0;0;;
324602;15;5;2017;08:22;0;RUA OTO DE ALENCAR;;;215;;Colis?úo;Luz do Dia;;;Meio de Quadra;;;0;1;1;0;0;0;0;0;0;1;0;0;-3,724436000000000;-38,540600000000000
324605;15;5;2017;09:56;0;AV JOR THOMAZ COELHO;;;0;;Colis?úo;Luz do Dia;;;Meio de Quadra;;;0;1;1;1;0;0;0;0;0;1;0;0;;
324643;15;5;2017;14:14;0;RUA LUIZA MIRANDA COELHO;;;570;;Colis?úo;Luz do Dia;;;Meio de Quadra;;;0;1;1;1;0;0;0;0;0;1;0;0;-3,773733000000000;-38,491311000000000
324635;15;5;2017;12:53;0;RUA PDE PEDRO DE ALENCAR;;;334;;Colis?úo;Luz do Dia;;;Meio de Quadra;;;0;1;1;1;0;0;0;0;0;1;0;0;-3,830633000000000;-38,493879000000000
324660;15;5;2017;17:35;2893;RUA MON SABINO FEIJAO;RUA NOVA CONQUISTA (BONSUCESSO);;0;;Colis?úo;Anoitecer;;;;;;0;1;1;1;0;0;0;0;0;1;0;0;;
324661;15;5;2017;17:56;0;AV CARNEIRO DE MENDONCA;;;1673;;Colis?úo;Anoitecer;;;Meio de Quadra;;;0;1;1;0;0;0;0;0;0;1;0;0;-3,760806800000000;-38,573134600000000
324662;15;5;2017;18:07;0;AV DR SILAS MUNGUBA;;;0;;Colis?úo;Anoitecer;;;Meio de Quadra;;;0;2;1;0;1;1;0;0;0;0;0;0;;
324656;15;5;2017;15:36;0;RUA ALUISIO AZEVEDO;;;861;;Colis?úo;Luz do Dia;;;Meio de Quadra;;;0;1;1;1;0;0;0;0;0;1;0;0;-3,769646000000000;-38,580257000000000
308971;15;5;2017;20:05;10681;RUA FIRMINO ROCHA AGUIAR;AV MIGUEL DIAS;;0;;Colis?úo Lateral;Via Iluminada;Bom;Seca;Cruz;D?¬ Prefer?¬ncia;Comercial;0;0;0;1;0;0;0;0;0;0;0;0;-3,763456800000000;-38,487583000000000
308972;15;5;2017;19:02;12862;AV DOMINGOS OLIMPIO;RUA MAJ FACUNDO;;0;;Colis?úo Transversal;Via Iluminada;Bom;Seca;T;Pare;Comercial;0;0;2;1;0;0;0;0;0;0;0;0;-3,736716000000000;-38,530770000000000
308973;15;5;2017;20:43;0;AV JOSE BASTOS;;;0;;Engavetamento;Via Iluminada;Bom;Seca;Meio de Quadra;Sem?íforo;Comercial;0;0;4;1;0;0;0;0;0;0;0;0;-3,755683700000000;-38,556060000000000
308974;15;5;2017;21:25;0;AV 13 DE MAIO;;;1367;;Colis?úo Traseira;Via Iluminada;Bom;Seca;Meio de Quadra;N?úo H?í Controle;Comercial;0;0;2;1;0;0;0;0;0;0;0;0;-3,748020400000000;-38,530956000000000
308975;15;5;2017;20:45;9132;AV 13 DE MAIO;RUA JAIME BENEVOLO;;0;;Colis?úo Lateral;Via Iluminada;Bom;Seca;Cruz;Sem?íforo;Comercial;0;0;1;1;0;0;0;0;0;0;0;0;-3,747903000000000;-38,530840000000000
308976;15;5;2017;18:16;10863;RUA PORTO VELHO;RUA PRO HERIBALDO COSTA;;0;;Colis?úo Transversal;Anoitecer;Bom;Seca;Cruz;Sem?íforo;Comercial;0;1;1;1;0;0;0;0;0;1;0;0;-3,765975500000000;-38,587010000000000
308977;15;5;2017;22:55;0;AV AMERICO BARREIRA;RUA RIO GRANDE DO NORTE;;5572;;Colis?úo Transversal;Via Iluminada;Bom;Seca;Cruz;Sem?íforo;Comercial;0;0;1;1;0;0;0;0;0;1;0;0;-3,760537400000000;-38,564590000000000
308960;15;5;2017;08:15;0;RUA FORTALEZA UI 505;AV ALBERTO NEPOMUCENO;;0;;Colis?úo Traseira;Luz do Dia;Bom;Seca;T;Pare;Comercial;0;0;2;1;0;0;0;0;0;0;0;0;-3,722697500000000;-38,524117000000000
308961;15;5;2017;09:54;1359;RUA CARLOS VASCONCELOS;RUA JOAO CARVALHO;;0;;Colis?úo Transversal;Luz do Dia;Bom;Seca;Cruz;Pare;Comercial;0;1;1;1;0;0;0;0;0;1;0;0;-3,736246600000000;-38,511913000000000
308962;15;5;2017;06:39;23748;RUA CON DE CASTRO;RUA LEAO DO NORTE;;0;;Colis?úo Transversal;Luz do Dia;Nublado;Seca;T;Pare;Comercial;0;2;0;1;0;0;0;0;0;1;0;0;-3,786095000000000;-38,574482000000000
308963;15;5;2017;10:06;9151;RUA DOM SEBASTIAO LEME;RUA CEL JOSE EUCLIDES;;0;;Colis?úo Traseira;Luz do Dia;Bom;Seca;T;Pare;Comercial;0;0;2;1;1;0;0;0;0;0;0;0;-3,752385600000000;-38,525177000000000
308964;15;5;2017;11:18;5082;RUA DR JOAO MOREIRA;RUA BAR RIO BRANCO;;0;;Colis?úo Lateral;Luz do Dia;Bom;Seca;Cruz;Sem?íforo;Comercial;0;2;0;0;0;0;0;0;0;1;0;0;-3,722704200000000;-38,527130000000000
308965;15;5;2017;10:07;0;RUA BAR CANINDE;;;1419;;Colis?úo Transversal;Luz do Dia;Bom;Seca;Meio de Quadra;Pare;Comercial;0;2;1;1;0;0;0;0;0;1;0;0;-3,769569900000000;-38,557167000000000
308966;15;5;2017;14:53;0;AV PRS CASTELO BRANCO;;;0;VIADUTO/ALBERTO NEPOMUCENO;Colis?úo Traseira;Luz do Dia;Bom;Seca;Meio de Quadra;N?úo H?í Controle;Comercial;0;0;2;1;0;0;0;0;0;0;0;0;-3,722433000000000;-38,523952000000000
308967;15;5;2017;17:00;0;AV ABOLICAO;;;2666;CLUBE DO NAUTICO;Colis?úo Lateral;Luz do Dia;Bom;Seca;Meio de Quadra;N?úo H?í Controle;Comercial;0;0;2;1;0;0;0;0;0;0;0;0;-3,727495400000000;-38,494860000000000
308969;15;5;2017;17:00;0;RUA PESSOA ANTA;;;51;;Colis?úo Traseira;Via Iluminada;Bom;Seca;Meio de Quadra;Sem?íforo;Comercial;0;0;4;1;0;0;0;0;0;0;0;0;-3,721151800000000;-38,522610000000000
325785;15;5;2017;18:36;0;RD BR 116;;;2000;KM-02;Colis?úo Traseira;N?úo Informado;;Seca;Meio de Quadra;;;0;1;2;1;0;0;0;0;0;0;0;0;-3,771391000000000;-38,516780000000000
324914;15;5;2017;10:20;0;RD CE-040;;;0;KM-13;Colis?úo;Luz do Dia;;Seca;Meio de Quadra;;;0;0;1;0;0;0;0;0;0;0;0;0;-3,866093254000000;-38,468936820000000
324917;15;5;2017;14:30;0;AV SEN CARLOS JEREISSATI (AEROPORTO);;;0;KM 01;Colis?úo;Luz do Dia;;Seca;Meio de Quadra;;;0;0;2;1;0;0;0;0;0;0;0;0;-3,783753000000000;-38,526850000000000
324925;15;5;2017;15:50;0;RD CE-040;;;0;KM-07;Colis?úo;Luz do Dia;;Seca;Meio de Quadra;;;0;0;1;1;0;0;0;0;0;0;0;0;-3,817159445000000;-38,483032860000000
324926;15;5;2017;19:00;0;RD CE-040;;;0;KM-02;Colis?úo;Via Iluminada;;Seca;Meio de Quadra;;;0;0;3;1;0;0;0;0;0;0;0;0;-3,773616148000000;-38,481799400000000
324671;15;5;2017;18:42;12674;RUA GUILHERME MENDES;AV CEL CARVALHO;;0;;Colis?úo;;;;Cruz;Pare;Comercial;0;1;1;0;0;0;0;0;0;0;0;0;-3,720651000000000;-38,587094000000000
324672;15;5;2017;18:44;0;RUA ESTADO DO RIO;;;664;;Colis?úo;;;;Meio de Quadra;;;0;1;1;0;0;0;0;0;0;0;0;0;-3,756417000000000;-38,569549000000000
324676;15;5;2017;19:17;0;RUA DR FERNANDO AUGUSTO;;;2067;;Colis?úo;;;;Meio de Quadra;;;0;1;1;1;0;0;0;0;0;1;0;0;-3,790510000000000;-38,610876000000000
324677;15;5;2017;20:21;0;RUA TAQUARI;;;2375;;Choque c/ Obst?ículo Fixo;;;;Meio de Quadra;;;0;1;0;0;0;0;0;0;0;1;0;0;-3,775978000000000;-38,602421000000000
324688;15;5;2017;22:14;0;RUA RIO GRANDE DO NORTE;;;0;;Colis?úo;;;;Meio de Quadra;;;0;2;0;0;0;0;0;0;0;0;0;0;;
305840;15;5;2017;08:40;14341;AV PRS CASTELO BRANCO;RUA SEN POMPEU;;0;;Colis?úo Traseira;Luz do Dia;;;T;N?úo H?í Controle;Comercial;0;1;1;1;0;0;0;0;0;1;0;0;-3,721070000000000;-38,527917000000000
305828;15;5;2017;18:40;0;AV BENJAMIM BRASIL;;;0;CARREFOUR;Colis?úo Lateral;;;;Meio de Quadra;;;0;0;2;1;0;0;0;0;0;1;0;0;;
305836;15;5;2017;07:03;11007;RUA PERU;RUA BOGARI;;0;;Colis?úo;Luz do Dia;;;Cruz;N?úo H?í Controle;Residencial;0;1;1;1;0;0;0;0;0;1;0;0;-3,774694000000000;-38,551665000000000
305833;15;5;2017;14:30;5188;RUA TEN BENEVOLO;RUA NOGUEIRA ACIOLI;;0;;Colis?úo Transversal;Luz do Dia;;;Cruz;Pare;Residencial;0;0;2;1;0;0;0;0;0;0;0;0;-3,725858000000000;-38,515591000000000
305864;15;5;2017;17:20;0;AV SANTOS DUMONT;;;5050;;Engavetamento;Anoitecer;;;Meio de Quadra;;;0;0;4;1;0;0;0;0;0;0;0;0;-3,740076000000000;-38,486484000000000
305857;15;5;2017;05:30;9174;AV 13 DE MAIO;RUA DEP OSWALDO STUDART;;0;;Colis?úo Traseira;Amanhecer;;;Cruz;Sem?íforo;Comercial;0;1;1;0;0;0;0;0;0;1;0;0;-3,751738000000000;-38,526507000000000
305847;15;5;2017;15:00;5121;RUA PDE MORORO;RUA GUILHERME ROCHA;;0;;Colis?úo Lateral;Luz do Dia;;;Cruz;Sem?íforo;Comercial;0;0;2;0;1;0;0;0;0;0;0;0;-3,724033000000000;-38,537045000000000
305853;15;5;2017;14:20;13021;AV I CJ JOSE WALTER;AV A CJ JOSE WALTER;;0;;Colis?úo Lateral;Luz do Dia;;;Cruz;Pare;Residencial;0;1;1;0;1;0;0;0;0;1;0;0;-3,825834000000000;-38,550935000000000
305850;15;5;2017;13:00;5402;RUA VINTE E QUATRO DE MAIO;RUA METON DE ALENCAR;;0;;Colis?úo Transversal;Luz do Dia;;;Cruz;Pare;Comercial;0;0;2;1;0;0;0;0;0;0;0;0;-3,732626000000000;-38,533848000000000
305851;15;5;2017;15:30;5859;RUA TEOFREDO GOIANA;RUA JOSE A CAVALCANTE;;0;;Colis?úo Transversal;Luz do Dia;;;Cruz;N?úo H?í Controle;Residencial;0;0;2;1;0;0;0;0;0;0;0;0;-3,792742000000000;-38,503538000000000
305846;16;5;2017;16:14;11190;RUA JOSE MENELEU D41;RUA ALEMANHA;;0;;Choque c/ Obst?ículo Fixo;Luz do Dia;Bom;Seca;Cruz;Pare;Residencial;0;1;1;1;0;0;0;0;0;1;0;0;-3,781735000000000;-38,558642000000000
305873;16;5;2017;16:00;0;AV 13 DE MAIO;;;1301;;Colis?úo Traseira;Luz do Dia;Bom;Seca;Meio de Quadra;Sem?íforo;Comercial;0;0;3;1;0;0;0;0;0;0;0;0;-3,748249000000000;-38,530586000000000