COD_ACIDENTE;DIA;MES;ANO;HORA;INTERSECAO;LOG1;LOG2;LOG3;NUMERO;REFERENCIA;NATUREZA;ILUMINACAO;TEMPO;SUPERFICIEPISTA;TIPOCRUZAMENTO;CONTROLETRAFEGO;USOSOLO;MORTOS;FERIDOS;ILESOS;AUTOMOVEL;ONIBUS;BICICLETA;CAMINHAO;MICROONIBUS;CICLOMOTOR;MOTOCICLETA;TRACAOANIMAL;TREM;LATITUDE;LONGITUDE
305875;16;5;2017;11:30;0;AV DR SILAS MUNGUBA;;;3432;;Colis?úo Traseira;Luz do Dia;Bom;Seca;Meio de Quadra;N?úo H?í Controle;Comercial;0;0;3;1;0;0;0;0;0;0;0;0;-3,789391000000000;-38,543234000000000
305885;16;5;2017;11:17;5897;AV C CJ CEARA;RUA 1145 CJ CEARA;;0;;Atropelamento;Luz do Dia;Bom;Seca;Duplo T;Outros;Residencial;0;2;1;1;0;0;0;0;0;0;0;0;-3,760267000000000;-38,608937000000000
305891;16;5;2017;13:50;0;AV AMERICO BARREIRA;;;6118;;Colis?úo Lateral;Luz do Dia;Bom;Seca;Meio de Quadra;Sem?íforo;Comercial;0;0;2;1;0;0;0;0;0;1;0;0;-3,765205000000000;-38,567465000000000
305935;16;5;2017;12:05;26225;RUA FRE ODILON;RUA LICURGO MONTENEGRO;;0;;Colis?úo Transversal;Luz do Dia;Bom;Seca;T;Pare;Residencial;0;3;1;1;0;0;0;0;0;0;0;0;-3,735009000000000;-38,572366000000000
305950;16;5;2017;17:30;935;AV BORGES DE MELO;TR GRAVATAI;;0;;Colis?úo Traseira;Via Iluminada;Bom;Seca;Cruz;Sem?íforo;Residencial;0;1;1;1;0;0;0;0;0;1;0;0;-3,761261000000000;-38,520855000000000
305937;16;5;2017;13:00;0;AV FRE CIRILO;;;3229;;Colis?úo Lateral;Luz do Dia;Bom;Seca;Meio de Quadra;N?úo H?í Controle;Comercial;0;0;2;1;0;0;0;0;0;1;0;0;-3,812497200000000;-38,499531000000000
305943;16;5;2017;13:45;15743;RUA MANUEL ARRUDA;RUA HERBENE;;0;;Colis?úo Transversal;Luz do Dia;Bom;Seca;Cruz;N?úo H?í Controle;Comercial;0;0;2;0;0;0;1;0;0;0;0;0;-3,828948000000000;-38,504019000000000
305917;16;5;2017;15:00;0;RUA FRANCISCO JOSE COSTA;;;0;;Colis?úo Transversal;Luz do Dia;Bom;Seca;Meio de Quadra;N?úo H?í Controle;Residencial;0;1;2;1;0;0;0;0;0;1;0;0;;
324934;16;5;2017;11:00;0;RD CE-040;;;0;KM-04;Colis?úo;Luz do Dia;;Seca;Meio de Quadra;;;0;0;3;1;0;0;0;0;0;1;0;0;-3,791613156000000;-38,480330840000000
324929;16;5;2017;18:15;0;RD CE-040;;;0;KM-04;Colis?úo;Anoitecer;;Seca;Meio de Quadra;;;0;0;2;1;0;0;0;0;0;1;0;0;-3,791613156000000;-38,480330840000000
324938;16;5;2017;15:10;4016;RUA PRO COSTA MENDES;RUA JULIO CESAR D12;;0;;Colis?úo;Luz do Dia;;;Cruz;Pare;Residencial;0;1;1;1;0;0;0;0;0;1;0;0;-3,754698000000000;-38,546911000000000
324945;16;5;2017;17:03;0;RUA CARLOS WALRAVEN;;;716;;Atropelamento;Anoitecer;;;Meio de Quadra;;;0;1;1;1;0;0;0;0;0;0;0;0;-3,718719000000000;-38,595721000000000
324950;16;5;2017;17:18;0;AV AGUANAMBI;;;1020;;Queda;Anoitecer;;;Meio de Quadra;;;0;1;0;0;0;0;0;0;0;1;0;0;-3,745822000000000;-38,525342000000000
324964;16;5;2017;18:14;0;RD BR 116;;;2000;KM-02;Colis?úo;Anoitecer;;;Meio de Quadra;;;0;1;1;1;0;0;0;0;0;1;0;0;-3,771391000000000;-38,516780000000000
324970;16;5;2017;18:29;7496;RUA JOAO FONSECA;RUA PEDRO DANTAS;;0;;Queda;Anoitecer;;;Cruz;Pare;Comercial;0;1;0;0;0;0;0;0;0;1;0;0;-3,785733000000000;-38,522903000000000
324973;16;5;2017;18:29;0;AV DA UNIVERSIDADE;;;2118;;Queda;Anoitecer;;;Meio de Quadra;;;0;1;0;0;0;0;0;0;0;1;0;0;-3,736403000000000;-38,534955000000000
324980;16;5;2017;19:06;0;RUA CRISTOVAO NUNES;;;112;;Atropelamento;;;;Meio de Quadra;;;0;1;1;1;0;0;0;0;0;0;0;0;;
324986;16;5;2017;19:16;5402;RUA METON DE ALENCAR;RUA VINTE E QUATRO DE MAIO;;0;;Capotamento;;;;Cruz;Pare;Comercial;0;1;1;1;0;0;0;0;0;0;0;0;-3,732626000000000;-38,533848000000000
325059;16;5;2017;19:19;21587;RUA ANTONIO COSTA MENDES (PQ S?âO JOS?ë);RUA DES FROTA D71;;0;;Colis?úo;;;;Cruz;Pare;Residencial;0;1;1;1;0;0;0;0;0;1;0;0;;
324909;16;5;2017;11:46;0;AV COS GOMES DE FREITAS (SAPIRANGA/COITE);;;1400;;Colis?úo;Luz do Dia;;;;;;0;2;0;1;0;0;0;0;0;1;0;0;-3,794787400000000;-38,468973500000000
324907;16;5;2017;11:39;0;RUA STA RITA;;;2040;;Atropelamento;Luz do Dia;;;Meio de Quadra;;;0;1;1;0;0;0;0;0;0;1;0;0;-3,805945700000000;-38,480403200000000
324880;16;5;2017;09:37;0;AV WASHINGTON SOARES;;;0;;Colis?úo;Luz do Dia;;Seca;Meio de Quadra;;;0;1;1;0;0;0;0;0;0;1;0;0;;
324883;16;5;2017;10:05;25189;AV AUGUSTO DOS ANJOS;RUA CARLOS CHAGAS;;0;;Colis?úo;Luz do Dia;;;Duplo T;Outros;Comercial;0;1;1;1;0;0;0;0;0;1;0;0;-3,781512000000000;-38,580334000000000
324876;16;5;2017;07:59;0;AV BORGES DE MELO;;;0;;Queda;Luz do Dia;;;Meio de Quadra;;;0;1;0;0;0;0;0;0;0;1;0;0;;
324877;16;5;2017;09:07;15743;RUA HERBENE;RUA MANUEL ARRUDA;;0;;Colis?úo;Luz do Dia;;;Cruz;Pare;Comercial;0;1;1;0;0;0;0;0;0;1;0;0;-3,828948000000000;-38,504019000000000
324823;16;5;2017;07:53;0;RUA POMPILIO GOMES;;;260;;Colis?úo;Luz do Dia;;;Meio de Quadra;;;0;1;1;0;0;0;0;0;0;0;0;0;-3,812812300000000;-38,520503100000000
324817;16;5;2017;00:03;0;AV JOAO PESSOA;;;1700;;Colis?úo;;;;Meio de Quadra;;;0;1;1;0;0;0;0;0;0;0;0;0;;
324818;16;5;2017;02:59;0;AV AUGUSTO DOS ANJOS;;;0;;Queda;;;;Meio de Quadra;;;0;1;0;0;0;0;0;0;0;1;0;0;;
324819;16;5;2017;03:38;0;AV MR HULL;;;0;;Queda;;;;Meio de Quadra;;;0;1;0;0;0;0;0;0;0;1;0;0;;
324820;16;5;2017;07:38;0;AV PERIMETRAL;;;865;;Colis?úo;Luz do Dia;;;Meio de Quadra;;;0;1;1;0;0;0;0;0;0;0;0;0;;
324821;16;5;2017;07:41;0;AV VIS RIO BRANCO;;;3454;;Atropelamento;Luz do Dia;;;Meio de Quadra;;;0;1;1;0;1;0;0;0;0;0;0;0;-3,751515400000000;-38,520959200000000
325077;16;5;2017;21:32;0;RUA ELISEU ORIA;;;433;;Queda;;;;Meio de Quadra;;;0;1;0;0;0;1;0;0;0;0;0;0;-3,792449000000000;-38,477677000000000
325072;16;5;2017;20:27;0;VL BETHEL;;;1692;;Colis?úo;;;;Meio de Quadra;;;0;1;1;0;0;0;0;0;0;0;0;0;;
325073;16;5;2017;21:10;0;RUA PRO HERIBALDO COSTA;;;129;;Queda;;;;Meio de Quadra;;;0;1;0;0;0;0;0;0;0;1;0;0;-3,754276000000000;-38,582145000000000
325067;16;5;2017;20:13;25509;RUA ANTONIO DIVINO;RUA HOLANDA;;0;;Colis?úo;;;;Cruz;Pare;Residencial;0;1;1;1;0;0;0;0;0;1;0;0;-3,803674000000000;-38,559490000000000
325064;16;5;2017;19:52;0;AV 13 DE MAIO;;;0;;Atropelamento;;;;Meio de Quadra;;;0;1;1;0;0;0;0;0;0;0;0;0;;
325789;16;5;2017;18:20;0;RD BR 116;;;1000;KM-01;Colis?úo Lateral;Anoitecer;;Seca;Meio de Quadra;;;0;1;1;1;0;0;0;0;0;1;0;0;-3,762554000000000;-38,518702000000000
308978;16;5;2017;08:24;0;AV DEP PAULINO ROCHA;;;0;;Colis?úo Transversal;Luz do Dia;Bom;Seca;Rotat??ria;Pare;Comercial;0;0;2;1;0;0;0;0;0;1;0;0;-3,807779000000000;-38,525112000000000
308979;16;5;2017;08:25;25640;RUA VIA LACTEA;RUA 13 DE ABRIL;;0;;Colis?úo Lateral;Luz do Dia;Bom;Seca;Com Via F?®rrea;Cancela;Residencial;0;0;2;1;1;0;0;0;0;0;0;0;-3,764643000000000;-38,530285000000000
308980;16;5;2017;08:52;0;RUA JUNIOR ROCHA;AV EDUARDO BRIGIDO MONTEIRO;;0;;Colis?úo Lateral;Luz do Dia;Bom;Seca;T;Pare;Residencial;0;0;3;1;0;0;0;0;0;0;0;0;-3,784314400000000;-38,486954000000000
308981;16;5;2017;10:36;0;RUA MON HIPOLITO BRASIL;;;1011;;Choque c/ Obst?ículo Fixo;Luz do Dia;Bom;Seca;Meio de Quadra;N?úo H?í Controle;Comercial;0;0;1;1;0;0;0;0;0;0;0;0;-3,757116800000000;-38,582077000000000
308982;16;5;2017;09:20;0;RUA BENI DE CARVALHO;;;596;;Colis?úo Traseira;Luz do Dia;Bom;Seca;Meio de Quadra;Sem?íforo;Comercial;0;0;2;1;0;0;0;0;0;0;0;0;-3,746047500000000;-38,495293000000000
308983;16;5;2017;13:21;0;RUA PERU;;;1099;;Colis?úo Transversal;Luz do Dia;Bom;Seca;Meio de Quadra;Pare;Comercial;0;0;1;1;0;0;0;0;0;0;0;0;-3,776872300000000;-38,552353200000000
308984;16;5;2017;15:21;0;RUA BAR SOBRAL;;;1333;;Colis?úo Traseira;Luz do Dia;Bom;Seca;Meio de Quadra;N?úo H?í Controle;Residencial;0;0;1;1;0;0;0;0;0;0;0;0;-3,763560000000000;-38,560220000000000
308985;16;5;2017;13:30;0;AV DOMINGOS OLIMPIO;;;845;;Colis?úo Lateral;Luz do Dia;Bom;Seca;Meio de Quadra;N?úo H?í Controle;Comercial;0;0;2;0;1;0;0;1;0;0;0;0;-3,736641000000000;-38,531314000000000
308986;16;5;2017;17:40;11607;AV JOSE LEON;AV DR JOAO MACIEL FILHO;;0;;Colis?úo Lateral;Anoitecer;Bom;Seca;T;Pare;Comercial;0;0;2;1;0;0;0;0;0;0;0;0;-3,789023400000000;-38,496530000000000
308987;16;5;2017;18:40;0;AV CARAPINIMA;;;2200;;Colis?úo Traseira;Via Iluminada;Bom;Seca;Meio de Quadra;Sem?íforo;Comercial;0;0;3;1;0;0;0;0;0;0;0;0;-3,739192500000000;-38,539505000000000
308988;16;5;2017;18:30;7766;AV ANTONIO SALES;RUA TIBURCIO CAVALCANTE;;0;;Colis?úo Traseira;Via Iluminada;Bom;Seca;Cruz;Sem?íforo;Comercial;0;0;2;1;0;0;0;1;0;0;0;0;-3,744953400000000;-38,505497000000000
308989;16;5;2017;15:09;5402;RUA VINTE E QUATRO DE MAIO;RUA METON DE ALENCAR;;0;;Colis?úo Frontal;Luz do Dia;Bom;Seca;Cruz;Pare;Comercial;0;3;1;1;0;0;0;0;0;0;0;0;-3,732610500000000;-38,533870000000000
308990;16;5;2017;18:20;5146;RUA GUILHERME ROCHA;RUA PRC ISABEL;;0;;Colis?úo Transversal;Via Iluminada;Bom;Seca;Cruz;Pare;Comercial;0;0;2;1;1;0;0;0;0;0;0;0;-3,724692300000000;-38,534992000000000
308991;16;5;2017;21:11;0;AV BEZERRA DE MENEZES;;;2450;;Colis?úo Lateral;Via Iluminada;Bom;Seca;Meio de Quadra;N?úo H?í Controle;Comercial;0;0;2;1;0;0;0;0;0;0;0;0;-3,735983800000000;-38,566616000000000
308992;17;5;2017;07:40;5318;RUA PDE IBIAPINA;RUA GAL CLARINDO DE QUEIROZ;;1640;;Colis?úo Transversal;Luz do Dia;Bom;Seca;Cruz;Pare;Comercial;0;1;1;1;1;0;0;0;0;0;0;0;-3,729345600000000;-38,540070000000000
308993;17;5;2017;09:15;0;AV BORGES DE MELO;;;754;;Colis?úo Traseira;Luz do Dia;Bom;Seca;Meio de Quadra;N?úo H?í Controle;Residencial;0;1;2;1;0;0;0;0;0;1;0;0;-3,760735300000000;-38,525856000000000
308994;17;5;2017;10:02;0;AV 13 DE MAIO;;;2196;;Colis?úo Transversal;Luz do Dia;Bom;Seca;Meio de Quadra;N?úo H?í Controle;Comercial;0;0;2;1;0;0;0;0;0;1;0;0;-3,743261800000000;-38,536346000000000
308995;17;5;2017;10:19;0;AV PONTES VIEIRA;;;1455;;Colis?úo Traseira;Luz do Dia;Bom;Seca;Meio de Quadra;N?úo H?í Controle;Comercial;0;0;2;1;0;0;0;0;0;0;0;0;-3,752208500000000;-38,508300000000000
308996;17;5;2017;15:24;0;RUA MON CATAO;;;1655;;Colis?úo Traseira;Luz do Dia;Bom;Seca;Meio de Quadra;D?¬ Prefer?¬ncia;Residencial;0;0;2;1;0;0;0;0;0;0;0;0;-3,745953600000000;-38,492867000000000
308997;17;5;2017;10:00;23348;RUA EDUARDO BEZERRA;RUA SILVA PAULET;;0;;Colis?úo Lateral;Luz do Dia;Nublado;Seca;Duplo T;Pare;Residencial;0;0;2;1;0;0;0;0;0;0;0;0;-3,753700500000000;-38,511406000000000
308998;17;5;2017;15:30;0;AV SANTOS DUMONT;;;5150;;Colis?úo Lateral;Luz do Dia;Bom;Seca;Meio de Quadra;N?úo H?í Controle;Comercial;0;0;2;1;0;0;0;0;0;0;0;0;-3,740475700000000;-38,485410000000000
308999;17;5;2017;12:30;0;AV SEN VIRGILIO TAVORA;;;1050;;Colis?úo Lateral;Luz do Dia;Bom;Seca;Meio de Quadra;N?úo H?í Controle;Comercial;0;0;2;1;0;0;0;0;0;0;0;0;-3,736093300000000;-38,492935000000000
309000;17;5;2017;18:52;0;RUA DES LEITE ALBUQUERQUE;;;826;CENTER UM;Colis?úo Transversal;Via Iluminada;Bom;Seca;Meio de Quadra;N?úo H?í Controle;Comercial;0;0;2;1;0;0;0;0;0;0;0;0;-3,737786300000000;-38,496883000000000
309001;17;5;2017;19:52;15106;RUA JOAO CORDEIRO;RUA DRAGAO DO MAR;;0;;Colis?úo Traseira;Via Iluminada;Bom;Seca;Cruz;Pare;Residencial;0;0;2;1;0;0;0;0;0;0;0;0;-3,722315800000000;-38,512047000000000
309002;17;5;2017;20:20;5209;RUA TEN BENEVOLO;RUA JOAO CORDEIRO;;0;;Colis?úo Transversal;Via Iluminada;Bom;Seca;Cruz;Sem?íforo;Escola;0;0;1;1;0;0;0;0;0;0;0;0;-3,726222500000000;-38,514427000000000
309040;17;5;2017;00:40;1605;RUA BENI DE CARVALHO;AV DES MOREIRA;;0;;Colis?úo Transversal;Via Iluminada;Bom;Seca;Cruz;Sem?íforo;Comercial;0;0;2;1;0;0;0;0;0;0;0;0;-3,744336600000000;-38,500880000000000
309213;17;5;2017;20:10;24283;AV ANTONIO JUSTA;RUA CASTRO MONTE;;0;;Colis?úo Transversal;Via Iluminada;Bom;Seca;Cruz;Pare;Comercial;0;0;2;1;0;0;0;0;0;0;0;0;-3,730622500000000;-38,486103000000000
309816;17;5;2017;15:45;12749;RUA DELMIRO FARIAS;RUA QUINTINO CUNHA;;0;;Colis?úo Transversal;Luz do Dia;Bom;Seca;Cruz;Pare;Comercial;0;0;0;0;0;0;0;0;0;0;0;0;-3,736292400000000;-38,506030000000000
305972;17;5;2017;16:55;3356;RUA MAJ PEDRO SAMPAIO;AV ENG HUMBERTO MONTE;;0;;Colis?úo Transversal;Luz do Dia;Bom;Seca;Cruz;Pare;Residencial;0;2;1;1;0;0;0;0;0;1;0;0;-3,751481000000000;-38,558609000000000
319891;17;5;2017;04:14;0;RD BR 116;;;0;;Queda;;;;Meio de Quadra;;;0;2;0;0;0;0;0;0;0;1;0;0;;
319892;17;5;2017;06:20;15246;RUA CARLOS VASCONCELOS;RUA TEN BENEVOLO;;0;;Colis?úo;Luz do Dia;;;Cruz;Sem?íforo;Residencial;0;1;0;0;0;0;0;0;0;0;0;0;-3,727989000000000;-38,509174000000000
319893;17;5;2017;06:41;0;RUA DOZE;;;540;;Queda;Luz do Dia;;;Meio de Quadra;;;0;1;0;0;0;1;0;0;0;0;0;0;;
319897;17;5;2017;07:32;0;RUA BERNARDO MANUEL;;;1042;;Colis?úo;Luz do Dia;;;Meio de Quadra;;;0;2;1;0;0;0;0;0;0;1;0;0;-3,780125017000000;-38,545787661000000
319908;17;5;2017;07:35;0;AV GOV RAUL BARBOSA;;;7510;;Colis?úo;Luz do Dia;;;Meio de Quadra;;;0;1;1;0;0;0;0;0;0;1;0;0;-3,778011000000000;-38,513701000000000
319909;17;5;2017;07:37;25084;RUA BERNARDO MANUEL;AV BENJAMIM BRASIL;;0;;Colis?úo;Luz do Dia;;;T;Sem?íforo;Comercial;0;1;1;0;0;0;0;0;0;1;0;0;-3,810060000000000;-38,554874000000000
319916;17;5;2017;07:48;0;AV GAL OSORIO DE PAIVA;;;5560;;Colis?úo;Luz do Dia;;;Meio de Quadra;;;0;1;0;0;0;0;0;0;0;0;0;0;-3,805191000000000;-38,602553000000000
319917;17;5;2017;08:09;0;AV 13 DE MAIO;;;0;;Queda;Luz do Dia;;;Meio de Quadra;;;0;1;0;0;0;0;0;0;0;1;0;0;;
319918;17;5;2017;08:49;0;RUA CEL FRANCISCO PEREIRA (MESSEJANA);;;658;;Colis?úo;Luz do Dia;;;Meio de Quadra;;;0;1;1;0;0;0;0;0;0;1;0;0;-3,832854500000000;-38,493120000000000
319895;17;5;2017;07:30;0;AV PRS COSTA E SILVA;;;575;;Colis?úo;Luz do Dia;;;Meio de Quadra;;;0;1;1;1;0;0;0;0;0;1;0;0;;
319920;17;5;2017;09:09;0;AV CASTELO DE CASTRO;;;842;;Atropelamento;Luz do Dia;;;Meio de Quadra;;;0;1;1;0;0;0;0;0;0;1;0;0;-3,836945000000000;-38,521689000000000
319930;17;5;2017;12:39;0;RUA PEDRO MARTINS;;;193;;Colis?úo;Luz do Dia;;;Meio de Quadra;;;0;2;1;0;0;0;0;0;0;1;0;0;-3,800133000000000;-38,599951000000000
319922;17;5;2017;09:45;0;RUA JOAO FIRMINO;;;0;;Colis?úo;Luz do Dia;;;Meio de Quadra;;;0;1;1;1;0;0;0;0;0;1;0;0;;
319932;17;5;2017;13:18;0;RUA HONORINA MAIA;;;341;;Colis?úo;Luz do Dia;;;Meio de Quadra;;;0;1;1;0;0;0;0;0;0;1;0;0;-3,852761900000000;-38,501803900000000
319953;17;5;2017;15:35;0;RUA RAIMUNDO BIZARRIA;;;1072;;Colis?úo;Luz do Dia;;;Meio de Quadra;;;0;1;1;1;0;0;0;0;0;1;0;0;-3,728999000000000;-38,580435000000000
319951;17;5;2017;15:27;0;RUA GAL PIRAGIBE;;;175;;Queda;Luz do Dia;;;Meio de Quadra;;;0;1;0;0;0;0;0;0;0;1;0;0;-3,735950000000000;-38,558336000000000
319957;17;5;2017;16:53;17275;RUA ALVARO FERNANDES;RUA BAR CANINDE;;0;;Colis?úo;Luz do Dia;;;Cruz;Pare;Residencial;0;1;1;1;0;0;0;0;0;1;0;0;-3,762184000000000;-38,552236000000000
319940;17;5;2017;13:58;0;RUA MON CATAO;;;1655;;Colis?úo;Luz do Dia;;;Meio de Quadra;;;0;1;1;1;0;0;0;0;0;0;0;0;-3,745718000000000;-38,492823000000000
319943;17;5;2017;14:10;0;AV H CJ CEARA;;;1280;;Colis?úo;Luz do Dia;;;Meio de Quadra;;;0;1;1;1;0;0;0;0;0;1;0;0;;
319945;17;5;2017;14:26;0;AV PERIMETRAL;;;0;;Colis?úo;Luz do Dia;;;Meio de Quadra;;;0;1;1;0;0;0;0;0;0;1;0;0;;
319949;17;5;2017;15:07;0;AV SGT HERMINIO SAMPAIO;;;5167;;Colis?úo;Luz do Dia;;;Meio de Quadra;;;0;1;0;0;0;0;0;0;0;0;0;0;-3,734135000000000;-38,585539000000000
319978;17;5;2017;23:04;0;RUA PERGENTINO MAIA;;;0;;Atropelamento;;;;Meio de Quadra;;;0;2;0;0;0;0;0;0;0;0;0;0;;
319971;17;5;2017;20:19;0;RD BR 116;;;9000;KM-09;Colis?úo;;;;Meio de Quadra;;;0;1;0;0;0;0;0;0;0;0;0;0;-3,830837000000000;-38,504865000000000
319973;17;5;2017;21:16;17275;RUA ALVARO FERNANDES;RUA BAR CANINDE;;0;;Colis?úo;;;;Cruz;Pare;Residencial;0;1;1;1;0;0;0;0;0;1;0;0;-3,762184000000000;-38,552236000000000
319968;17;5;2017;18:03;0;ROD CE 010;;;0;;Colis?úo;Anoitecer;;;Meio de Quadra;;;0;1;1;1;0;0;0;0;0;0;0;0;;
319969;17;5;2017;18:34;0;RUA TIRADENTES;;;660;;Colis?úo;;;;Meio de Quadra;;;0;1;1;1;0;1;0;0;0;0;0;0;;
319955;17;5;2017;15:58;0;RUA JOSIAS MENDES;;;393;;Colis?úo;Luz do Dia;;;Meio de Quadra;;;0;1;1;1;0;1;0;0;0;0;0;0;-3,769595100000000;-38,497059900000000
319962;17;5;2017;17:55;1571;RUA VICENTE LEITE;RUA CAROLINA SUCUPIRA;;0;;Colis?úo;Anoitecer;;;Cruz;Pare;Residencial;0;1;1;1;0;1;0;0;0;0;0;0;-3,742124000000000;-38,497020000000000
319963;17;5;2017;17:58;11570;RUA BEIJA FLOR;RUA FRE CANECA;;0;;Colis?úo;Anoitecer;;;;;;0;1;1;0;0;0;0;0;0;1;0;0;-3,786141000000000;-38,507194000000000
325791;17;5;2017;20:15;0;RD BR 116;;;9000;KM-09;Colis?úo Traseira;N?úo Iluminada;;Seca;Meio de Quadra;;;0;2;1;0;0;0;1;0;0;1;0;0;-3,830837000000000;-38,504865000000000
324937;17;5;2017;07:30;0;RD CE-060;;;0;KM-03;Colis?úo;Luz do Dia;;Seca;Meio de Quadra;;;0;0;2;0;0;0;0;0;0;0;0;0;-3,843038000000000;-38,585133000000000
324940;17;5;2017;14:40;0;AV SEN CARLOS JEREISSATI (AEROPORTO);;;0;KM 03;Colis?úo;Luz do Dia;;Seca;Meio de Quadra;;;0;0;2;1;0;0;0;0;0;0;0;0;-3,779641000000000;-38,544038000000000
305931;17;5;2017;18:45;9186;RUA MIN JOAQUIM BASTOS D14;RUA NAPOLEAO LAUREANO;;0;;Colis?úo Lateral;Via Iluminada;Bom;Seca;Cruz;Pare;Residencial;0;0;2;1;0;0;0;0;0;0;0;0;-3,751813000000000;-38,530508000000000
305932;17;5;2017;15:30;1350;RUA TORRES CAMARA;RUA SILVA PAULET;;0;;Colis?úo Transversal;Luz do Dia;Bom;Seca;Cruz;Pare;Residencial;0;0;2;1;0;0;0;0;0;0;0;0;-3,735958000000000;-38,505905000000000
305889;17;5;2017;11:27;0;AV JOSE SABOIA;;;0;;Choque c/ Obst?ículo Fixo;Luz do Dia;Bom;Seca;Meio de Quadra;N?úo H?í Controle;Industrial;0;0;1;0;0;0;1;0;0;0;0;0;;
305887;17;5;2017;13:45;0;AV JOAO PESSOA;;;0;;Colis?úo Lateral;Luz do Dia;Bom;Seca;Meio de Quadra;N?úo H?í Controle;Comercial;0;0;2;0;1;0;0;0;0;0;0;0;;
305899;17;5;2017;19:30;22288;RUA JOSE CANDIDO D08;RUA LERIA DE ANDRADE;;0;;Colis?úo Lateral;Via Iluminada;Bom;Seca;Cruz;Pare;Residencial;0;1;1;1;0;0;0;0;0;0;0;0;;
305876;17;5;2017;08:00;0;RUA BERNARDO MANUEL;;;10809;;Colis?úo Traseira;Luz do Dia;Bom;Seca;Meio de Quadra;N?úo H?í Controle;Outros;0;1;1;1;0;0;0;0;0;0;0;0;-3,814108200000000;-38,556158100000000
305870;17;5;2017;19:50;0;RUA HENRIQUE RABELO;;;1026;;Colis?úo Transversal;Luz do Dia;Bom;Seca;Meio de Quadra;N?úo H?í Controle;Residencial;0;0;2;1;0;0;0;1;0;0;0;0;-3,739763500000000;-38,521592500000000
305858;17;5;2017;16:00;7258;RUA FRANCISCO LEANDRO;AV ODILON GUIMARAES;;0;;Colis?úo Lateral;Luz do Dia;Bom;Seca;Cruz;Sem?íforo;Residencial;0;0;2;1;0;0;1;0;0;0;0;0;-3,824509000000000;-38,478709000000000
305865;18;5;2017;21:30;25114;AV JOAO PESSOA;RUA IRM BAZET;;0;;Colis?úo Lateral;Via Iluminada;Bom;Seca;;N?úo H?í Controle;Residencial;0;2;0;1;1;0;0;0;0;0;0;0;-3,760376000000000;-38,556566000000000
305862;18;5;2017;01:45;26252;RUA ANTONIO BARROS;RUA PERGENTINO MAIA;;0;;Colis?úo Transversal;Via Iluminada;Bom;Seca;Cruz;Pare;Comercial;0;2;0;0;1;0;0;0;0;1;0;0;-3,831373751000000;-38,488962643000000
305854;18;5;2017;07:50;5301;VL JD PRINCESA ISABEL;AV DUQ CAXIAS;;0;;Colis?úo Transversal;Luz do Dia;Bom;Seca;Cruz;Pare;Comercial;0;2;1;1;0;0;0;0;0;1;0;0;-3,729516000000000;-38,536915000000000
305871;18;5;2017;13:00;0;AV ENG HUMBERTO MONTE;;;1027;;Colis?úo Traseira;;Bom;Seca;Meio de Quadra;Outros;Residencial;0;2;0;1;0;0;0;0;0;0;0;0;-3,749996000000000;-38,559827000000000
305872;18;5;2017;20:10;0;AV SANTOS DUMONT;;;5572;;Colis?úo;Via Iluminada;Bom;Seca;Meio de Quadra;;Residencial;0;2;0;1;0;0;0;0;0;0;0;0;-3,741461000000000;-38,482164000000000
305860;18;5;2017;15:20;5039;AV ALBERTO NEPOMUCENO;RUA PESSOA ANTA;;0;;Colis?úo Traseira;Luz do Dia;Bom;Seca;Cruz;Sem?íforo;Comercial;0;2;0;0;1;0;0;0;0;0;0;0;-3,721257000000000;-38,523212000000000
305867;18;5;2017;06:50;0;RUA POMPILIO GOMES;;;1202;;Colis?úo Traseira;Luz do Dia;Bom;Seca;Meio de Quadra;Outros;Residencial;0;2;0;1;0;0;0;0;0;0;0;0;-3,825008000000000;-38,521124000000000
305868;18;5;2017;14:45;10989;RUA CON LIMA SUCUPIRA;RUA TOMAS EDSON;;0;;Colis?úo Lateral;Luz do Dia;Bom;Seca;Cruz;N?úo H?í Controle;Residencial;0;2;0;1;0;0;0;0;0;1;0;0;-3,777047000000000;-38,554272000000000
324942;18;5;2017;21:20;0;RD CE-040;;;0;KM-07;Colis?úo;Via Iluminada;;Seca;Meio de Quadra;;;0;0;2;1;0;0;0;0;0;0;0;0;-3,817159445000000;-38,483032860000000
324944;18;5;2017;18:00;0;RD CE-040;;;0;KM-09;Colis?úo;Via Iluminada;;Seca;Meio de Quadra;;;0;0;2;1;0;0;1;0;0;0;0;0;-3,834450897000000;-38,482465820000000
320025;18;5;2017;08:39;0;AV ALM HENRIQUE SABOIA;;;2364;;Colis?úo;Luz do Dia;;;Meio de Quadra;;;0;1;1;1;0;0;0;0;0;1;0;0;-3,731330000000000;-38,482196000000000
320018;18;5;2017;07:30;0;RUA PDE PEDRO DE ALENCAR;;;1141;;Colis?úo;Luz do Dia;;;Meio de Quadra;;;0;1;1;1;0;0;0;0;0;1;0;0;-3,837807000000000;-38,494191000000000
320028;18;5;2017;08:51;0;AV OLAVO BILAC;;;1297;;Colis?úo;Luz do Dia;;;Meio de Quadra;;;0;1;1;1;0;0;0;0;0;1;0;0;-3,732052000000000;-38,564589000000000