COD_ACIDENTE;DIA;MES;ANO;HORA;INTERSECAO;LOG1;LOG2;LOG3;NUMERO;REFERENCIA;NATUREZA;ILUMINACAO;TEMPO;SUPERFICIEPISTA;TIPOCRUZAMENTO;CONTROLETRAFEGO;USOSOLO;MORTOS;FERIDOS;ILESOS;AUTOMOVEL;ONIBUS;BICICLETA;CAMINHAO;MICROONIBUS;CICLOMOTOR;MOTOCICLETA;TRACAOANIMAL;TREM;LATITUDE;LONGITUDE
320029;18;5;2017;09:15;0;RUA JOSE MOREIRA;;;593;;Colis?úo;Luz do Dia;;;Meio de Quadra;;;0;1;1;1;0;0;0;0;0;1;0;0;-3,857643162000000;-38,501818420000000
320040;18;5;2017;10:55;0;AV GAL OSORIO DE PAIVA;;;2053;;Colis?úo;Luz do Dia;;;Meio de Quadra;;;0;2;1;0;0;0;0;0;0;1;0;0;-3,784506000000000;-38,580521000000000
320041;18;5;2017;12:16;3875;RUA SEN POMPEU;RUA PDE MIGUELINHO;;0;;Colis?úo;Luz do Dia;;;Cruz;N?úo H?í Controle;Escola;0;1;0;0;0;0;0;0;0;0;0;0;-3,742469000000000;-38,534332000000000
320034;18;5;2017;10:36;0;RUA PDE PEDRO DE ALENCAR;;;0;;Atropelamento;Luz do Dia;;;Meio de Quadra;;;0;1;1;0;0;0;0;0;0;1;0;0;;
320020;18;5;2017;07:51;0;RUA PAULO FIRMEZA;;;156;;Atropelamento;Luz do Dia;;;Meio de Quadra;;;0;1;0;0;0;0;0;0;0;0;0;0;-3,757650000000000;-38,518046000000000
320013;18;5;2017;07:06;0;AV CASTELO DE CASTRO;;;2320;;Colis?úo;Luz do Dia;;;Meio de Quadra;;;0;1;1;0;0;0;0;0;0;1;0;0;-3,847218000000000;-38,522208000000000
320014;18;5;2017;07:13;0;RUA NEREU RAMOS;;;160;;Queda;Luz do Dia;;;Meio de Quadra;;;0;1;0;0;0;0;0;0;0;1;0;0;-3,786772000000000;-38,568110000000000
320015;18;5;2017;07:19;0;TR SAO FRANCISCO D21;;;338;;Colis?úo;Luz do Dia;;;Meio de Quadra;;;0;1;1;1;0;0;0;0;0;1;0;0;-3,714259200000000;-38,566591000000000
320009;18;5;2017;06:30;5332;RUA SEN POMPEU;RUA PEDRO I;;0;;Colis?úo;Luz do Dia;;;Cruz;Sem?íforo;Comercial;0;1;1;1;0;0;0;0;0;1;0;0;-3,730553000000000;-38,530728000000000
320010;18;5;2017;06:31;0;RUA JOCKEY CLUBE;;;717;;Colis?úo;Luz do Dia;;;Meio de Quadra;;;0;1;0;0;0;0;0;0;0;0;0;0;-3,761222000000000;-38,581558000000000
320011;18;5;2017;07:02;19611;AV GODOFREDO MACIEL;RUA NEREU RAMOS;;0;;Queda;Luz do Dia;;;T;Sem?íforo;Comercial;0;1;0;0;0;0;0;0;0;1;0;0;-3,787250000000000;-38,566802000000000
320006;18;5;2017;05:58;0;RUA PRC ISABEL;;;1096;;Colis?úo;Amanhecer;;;Meio de Quadra;;;0;1;0;0;0;0;0;0;0;0;0;0;-3,730456000000000;-38,536629000000000
320007;18;5;2017;06:21;0;AV PERIMETRAL;;;381;;Queda;Luz do Dia;;;Meio de Quadra;;;0;1;0;0;0;0;0;0;0;1;0;0;;
319981;18;5;2017;03:09;5207;RUA GAL BEZERRIL;RUA SAO PAULO;;0;;Queda;;;;Cruz;N?úo H?í Controle;Comercial;0;1;0;0;0;0;0;0;0;1;0;0;-3,726434000000000;-38,526338000000000
320100;18;5;2017;20:31;0;AV DOS EXPEDICIONARIOS;;;3442;;Colis?úo;;;;Meio de Quadra;;;0;1;1;1;0;0;0;0;0;1;0;0;-3,748631000000000;-38,536199000000000
320101;18;5;2017;20:45;0;AV DUQ CAXIAS;;;1074;;Atropelamento;;;;Meio de Quadra;;;0;1;1;1;0;0;0;0;0;0;0;0;-3,730488000000000;-38,533914000000000
320096;18;5;2017;19:28;0;RUA LUCAS PINTO;;;282;;Queda;;;;Meio de Quadra;;;0;1;0;0;0;0;0;0;0;1;0;0;-3,713933000000000;-38,558527000000000
320097;18;5;2017;19:38;0;RUA PEDRO MARTINS;;;726;;Colis?úo;;;;Meio de Quadra;;;0;1;1;0;0;0;0;0;0;1;0;0;;
320098;18;5;2017;20:10;8000;AV JOAO PESSOA;RUA DELMIRO FARIAS;;0;;Colis?úo;;;;Cruz;Pare;Escola;0;1;0;0;0;0;0;0;0;0;0;0;-3,750275000000000;-38,547538000000000
320086;18;5;2017;19:12;0;RUA MARIA GOMES DE SA;;;1184;;Colis?úo;;;;Meio de Quadra;;;0;1;1;1;0;0;0;0;0;0;0;0;-3,825814000000000;-38,581815000000000
320088;18;5;2017;19:19;0;RUA ALBERTO MAGNO;;;1325;;Colis?úo;;;;Meio de Quadra;;;0;1;0;0;0;0;0;0;0;0;0;0;-3,765756000000000;-38,550721000000000
320108;18;5;2017;21:07;0;RUA ARTUR DE CARVALHO;;;545;;Colis?úo;;;;Meio de Quadra;;;0;1;1;1;0;0;0;0;0;1;0;0;;
320060;18;5;2017;13:08;0;RUA LUZIA MOREIRA;;;234;;Queda;Luz do Dia;;;Meio de Quadra;;;0;1;0;0;0;0;0;0;0;1;0;0;-3,778639000000000;-38,592798000000000
320062;18;5;2017;14:15;0;AV CEL CARVALHO;;;0;;Colis?úo;Luz do Dia;;;Meio de Quadra;;;0;1;1;0;0;0;0;0;0;1;0;0;;
320071;18;5;2017;18:40;0;AV 13 DE MAIO;;;2081;;Atropelamento;Anoitecer;;;Meio de Quadra;;;0;2;0;0;0;0;0;0;0;1;0;0;-3,744107000000000;-38,535445000000000
320072;18;5;2017;19:02;0;AV DR THEBERGE;;;1388;;Colis?úo;;;;Meio de Quadra;;;0;1;1;1;0;0;0;0;0;1;0;0;-3,714598000000000;-38,564940000000000
320064;18;5;2017;15:57;0;RUA BAR CANINDE;;;1419;;Colis?úo;Luz do Dia;;;Meio de Quadra;;;0;1;1;1;0;0;0;0;0;1;0;0;;
309047;18;5;2017;22:32;0;AV JOAO PESSOA;;;4260;;Colis?úo Transversal;Via Iluminada;Bom;Seca;Meio de Quadra;N?úo H?í Controle;Comercial;0;1;1;1;1;0;0;0;0;0;0;0;-3,750565300000000;-38,547806000000000
309003;18;5;2017;06:30;15331;RUA SILVA PAULET;RUA PEREIRA FILGUEIRAS;;0;;Colis?úo Transversal;Luz do Dia;Bom;Seca;Cruz;Sem?íforo;Comercial;0;0;2;1;0;0;0;0;0;0;0;0;-3,730801300000000;-38,530704000000000
309004;18;5;2017;09:20;0;AV FILOMENO GOMES;;;680;;Colis?úo Lateral;Luz do Dia;Bom;Seca;Meio de Quadra;N?úo H?í Controle;Comercial;0;0;2;1;0;0;0;0;0;0;0;0;-3,721005700000000;-38,541317000000000
309005;18;5;2017;10:27;17378;RUA ROMEU MARTINS;RUA ALBERTO MAGNO;;0;;Colis?úo Traseira;Luz do Dia;Bom;Seca;Cruz;Pare;Comercial;0;0;2;1;0;0;0;0;0;0;0;0;-3,766894600000000;-38,551880000000000
309006;18;5;2017;07:40;0;AV GAL OSORIO DE PAIVA;;;942;;Colis?úo Traseira;Luz do Dia;Nublado;Seca;Meio de Quadra;N?úo H?í Controle;Comercial;0;0;2;1;0;0;0;0;0;0;0;0;-3,778139800000000;-38,570267000000000
309007;18;5;2017;14:20;9123;AV VIS RIO BRANCO;RUA CEL JOAO CARNEIRO;;0;;Colis?úo Transversal;Luz do Dia;Bom;Seca;T;Pare;Comercial;0;0;2;1;0;0;0;0;0;0;0;0;-3,754869500000000;-38,520382000000000
309008;18;5;2017;14:53;9129;AV 13 DE MAIO;RUA FLORIANO PEIXOTO;;0;;Colis?úo Lateral;Luz do Dia;Bom;Seca;T;Pare;Comercial;0;0;2;1;0;0;0;0;0;1;0;0;-3,745710800000000;-38,533264000000000
309009;18;5;2017;16:15;0;AV PRS CASTELO BRANCO;;;0;10?? REGI?âO MILITAR;Colis?úo Lateral;Luz do Dia;Bom;Seca;Meio de Quadra;N?úo H?í Controle;Comercial;0;0;2;1;1;0;0;0;0;0;0;0;-3,722082600000000;-38,524944000000000
309010;18;5;2017;16:31;0;AV 13 DE MAIO;;;2210;;Colis?úo Traseira;Luz do Dia;Bom;Seca;Meio de Quadra;Sem?íforo;Comercial;0;0;2;1;1;0;0;0;0;0;0;0;-3,743003800000000;-38,536663000000000
309011;18;5;2017;14:00;0;AV DOM LUIS;;;0;;Colis?úo Lateral;Luz do Dia;Bom;Seca;Rotat??ria;Sem?íforo;Comercial;0;0;2;1;1;0;0;0;0;0;0;0;-3,733007200000000;-38,497640000000000
309012;18;5;2017;17:45;14611;AV JOSE LEON;RUA PDE JANUARIO CAMPOS;;0;;Engavetamento;Anoitecer;Bom;Seca;T;N?úo H?í Controle;Residencial;0;0;3;1;0;0;0;0;0;0;0;0;-3,791023700000000;-38,489124000000000
309013;18;5;2017;18:36;1432;AV SANTOS DUMONT;AV SEN VIRGILIO TAVORA;;0;;Colis?úo Lateral;Via Iluminada;Bom;Seca;Cruz;Sem?íforo;Comercial;0;0;0;1;0;0;0;0;0;0;0;0;-3,738087700000000;-38,493633000000000
309014;18;5;2017;20:10;0;AV DOS EXPEDICIONARIOS;;;3452;;Colis?úo Traseira;Mal Iluminada;Bom;Seca;Meio de Quadra;N?úo H?í Controle;Comercial;0;1;1;1;0;0;0;0;0;1;0;0;-3,749034200000000;-38,536427000000000
309015;18;5;2017;19:15;0;RUA BERNARDO MANUEL;TR BERNARDO;;0;;Colis?úo Transversal;Via Iluminada;Bom;Seca;Meio de Quadra;Pare;Comercial;0;1;1;1;0;0;0;0;0;1;0;0;-3,830862500000000;-38,560944000000000
309016;18;5;2017;21:51;19935;RUA FRANCISCO LORDA;RUA JORGE ACURCIO;;0;;Colis?úo Transversal;Via Iluminada;Bom;Seca;Cruz;Pare;Comercial;0;1;1;1;0;0;0;0;0;1;0;0;-3,762338000000000;-38,530500000000000
309017;18;5;2017;08:30;24348;RUA JORGE ACURCIO;RUA ARMANDO MONTEIRO;;0;;Colis?úo Lateral;Luz do Dia;Bom;Seca;Cruz;Pare;Comercial;0;0;2;1;0;0;0;0;0;0;0;0;-3,765184000000000;-38,531765000000000
308507;18;5;2017;10:00;0;AV ENG SANTANA JUNIOR;;;689;TERMINAL DO PAPICU;Colis?úo Traseira;Luz do Dia;Bom;Seca;Meio de Quadra;N?úo H?í Controle;Comercial;0;0;2;1;0;0;0;0;0;0;0;0;-3,734288200000000;-38,481120000000000
309018;19;5;2017;07:30;0;AV BORGES DE MELO;;;1881;;Colis?úo Transversal;Luz do Dia;Bom;Seca;Meio de Quadra;D?¬ Prefer?¬ncia;Comercial;0;1;1;1;0;0;0;0;0;1;0;0;-3,755835800000000;-38,534910000000000
309019;19;5;2017;06:50;15350;AV DES MOREIRA;RUA PEREIRA VALENTE;;0;;Colis?úo Transversal;Luz do Dia;Bom;Seca;Cruz;Sem?íforo;Comercial;0;1;1;0;0;0;0;0;0;1;0;0;-3,732460500000000;-38,497242000000000
309020;19;5;2017;08:00;5374;AV DUQ CAXIAS;RUA BAR RIO BRANCO;;0;;Colis?úo Lateral;Luz do Dia;Bom;Seca;Meio de Quadra;N?úo H?í Controle;Comercial;0;0;1;0;0;0;0;0;0;1;0;0;-3,731636800000000;-38,529835000000000
309021;19;5;2017;07:30;15268;RUA BARBOSA DE FREITAS;RUA SILVA JATAHY;;0;;Colis?úo Lateral;Luz do Dia;Bom;Seca;Cruz;Pare;Residencial;0;0;2;0;1;0;0;0;0;0;0;0;-3,720982800000000;-38,541325000000000
309022;19;5;2017;09:30;5099;AV TRISTAO GONCALVES;RUA SEN ALENCAR;;0;;Colis?úo Lateral;Luz do Dia;Bom;Seca;Cruz;Pare;Comercial;0;0;2;1;1;0;0;0;0;0;0;0;-3,723367700000000;-38,532047000000000
309023;19;5;2017;10:00;5374;AV DUQ CAXIAS;RUA BAR RIO BRANCO;;0;;Colis?úo Traseira;Luz do Dia;Bom;Seca;Cruz;Sem?íforo;Comercial;0;0;2;1;0;0;0;0;0;0;0;0;-3,731676300000000;-38,530254000000000
309024;19;5;2017;10:55;0;AV BEZERRA DE MENEZES;;;2500;;Colis?úo Lateral;Luz do Dia;Bom;Seca;Meio de Quadra;Sem?íforo;Comercial;0;0;1;1;1;0;0;0;0;0;0;0;-3,736360800000000;-38,567238000000000
309025;19;5;2017;11:05;0;RUA VICENTE LOPES;;;1040;;Queda;Luz do Dia;Bom;Seca;T;Pare;Comercial;0;0;1;1;0;0;0;0;0;0;0;0;-3,795561300000000;-38,495213000000000
309026;19;5;2017;13:15;0;AV SEN CARLOS JEREISSATI (AEROPORTO);RUA PDE FRANCISCO PITA;;0;;Colis?úo Transversal;Luz do Dia;Bom;Seca;Cruz;Pare;Residencial;0;1;1;0;0;0;0;0;0;1;0;0;-3,782589400000000;-38,496223000000000
309027;19;5;2017;14:05;0;AV GAL OSORIO DE PAIVA;;;3927;;Colis?úo Lateral;Luz do Dia;Bom;Seca;Meio de Quadra;N?úo H?í Controle;Comercial;0;0;2;1;0;0;0;0;0;0;0;0;-3,792097000000000;-38,589590000000000
309028;19;5;2017;14:10;0;AV VIS RIO BRANCO;;;3753;;Colis?úo Lateral;Luz do Dia;Bom;Seca;Meio de Quadra;N?úo H?í Controle;Comercial;0;0;2;1;0;0;0;0;0;0;0;0;-3,753919000000000;-38,520382000000000
309029;19;5;2017;14:17;0;RUA EDUARDO PERDIGAO;;;137;;Colis?úo Transversal;Luz do Dia;Bom;Seca;Meio de Quadra;N?úo H?í Controle;Comercial;0;0;2;1;0;0;0;0;0;1;0;0;-3,775800000000000;-38,564568000000000
309030;19;5;2017;15:01;0;AV C CJ JOSE WALTER;;;160;;Colis?úo Traseira;Luz do Dia;Bom;Seca;Meio de Quadra;D?¬ Prefer?¬ncia;Residencial;0;0;2;0;0;0;0;0;0;1;0;0;-3,829467000000000;-38,553642000000000
309031;19;5;2017;14:00;25095;AV MAE LISBOA;AV ENG LEAL LIMA VERDE (SAPIRANGA/COITE);;0;;Colis?úo Traseira;Luz do Dia;Bom;Seca;Cruz;Pare;Comercial;0;0;1;1;0;0;0;0;0;0;0;0;-3,808062000000000;-38,474567000000000
309032;19;5;2017;16:06;19957;AV LUCIANO CARNEIRO;RUA STA QUITERIA;;0;;Colis?úo Traseira;Luz do Dia;Bom;Seca;Meio de Quadra;Sem?íforo;Comercial;0;1;1;1;0;0;0;0;0;1;0;0;-3,760462800000000;-38,535400000000000
309033;19;5;2017;16:27;7714;AV CARNEIRO DE MENDONCA;RUA CORREIA LIMA D39;;0;;Colis?úo Traseira;Luz do Dia;Bom;Seca;T;Pare;Comercial;0;0;2;1;1;0;0;0;0;0;0;0;-3,765889000000000;-38,563013000000000
309034;19;5;2017;16:13;4007;RUA DES PRAXEDES;RUA ALBERTO MAGNO;;0;;Engavetamento;Luz do Dia;Bom;Seca;Cruz;Sem?íforo;Comercial;0;0;3;1;0;0;0;0;0;1;0;0;-3,761309000000000;-38,546722000000000
309035;19;5;2017;15:50;0;RUA BENI DE CARVALHO;;;393;;Colis?úo Traseira;Luz do Dia;Bom;Seca;Meio de Quadra;N?úo H?í Controle;Residencial;0;0;2;1;0;0;0;0;0;0;0;0;-3,745187300000000;-38,497387000000000
309036;19;5;2017;18:10;15371;AV DOM LUIS;RUA PRO DIAS DA ROCHA;;0;;Colis?úo Lateral;Via Iluminada;Bom;Seca;Cruz;Pare;Comercial;0;0;2;1;0;0;0;0;0;0;0;0;-3,735114300000000;-38,491646000000000
309037;19;5;2017;19:30;5415;RUA FLORIANO PEIXOTO;RUA GAL CLARINDO DE QUEIROZ;;0;;Colis?úo Transversal;Via Iluminada;Bom;Seca;Cruz;Pare;Comercial;0;0;2;1;0;0;0;1;0;0;0;0;-3,723430000000000;-38,519638000000000
309038;19;5;2017;20:47;0;AV ENG ALBERTO SA;;;571;;Colis?úo Traseira;Via Iluminada;Bom;Seca;Cruz;Sem?íforo;Comercial;0;0;2;1;0;0;0;0;0;0;0;0;-3,734745700000000;-38,475200000000000
309039;19;5;2017;21:36;0;AV 13 DE MAIO;;;0;;Colis?úo Transversal;Via Iluminada;Bom;Seca;Meio de Quadra;N?úo H?í Controle;Comercial;0;0;0;1;0;0;0;0;0;0;0;0;-3,745386100000000;-38,533813000000000
309041;19;5;2017;10:36;12749;RUA DELMIRO FARIAS;RUA QUINTINO CUNHA;;0;;Colis?úo Lateral;Luz do Dia;Bom;Seca;Cruz;Pare;Residencial;0;1;2;1;0;0;0;0;0;1;0;0;-3,752156500000000;-38,545372000000000
309066;19;5;2017;19:49;3423;AV JOAO PESSOA;RUA ALVARO FERNANDES;;0;;Colis?úo Transversal;Via Iluminada;Bom;Seca;Cruz;Sem?íforo;Escola;0;1;1;1;0;0;0;0;0;1;0;0;-3,759299800000000;-38,555637000000000
320119;19;5;2017;00:14;0;AV JOR THOMAZ COELHO;;;0;;Colis?úo;;;;Meio de Quadra;;;0;1;1;0;0;0;0;0;0;1;0;0;;
320120;19;5;2017;05:59;0;AV DEP PAULINO ROCHA;;;0;;Colis?úo;Amanhecer;;;Meio de Quadra;;;0;1;0;0;0;0;0;0;0;0;0;0;;
320305;19;5;2017;21:27;0;AV L CJ CEARA;;;1126;;Colis?úo;;;;Meio de Quadra;;;0;2;0;0;0;0;0;0;0;1;0;0;;
320275;19;5;2017;18:21;0;RUA PRO JACINTO BOTELHO;;;0;;Colis?úo;Anoitecer;;;Meio de Quadra;;;0;1;1;1;0;0;0;0;0;1;0;0;;
320285;19;5;2017;21:10;0;AV MIN JOSE AMERICO;;;660;;Colis?úo;;;;Meio de Quadra;;;0;1;1;1;0;0;0;0;0;1;0;0;-3,810520000000000;-38,494174000000000
320281;19;5;2017;20:21;0;RUA PRIMEIRO DE JANEIRO;;;570;;Colis?úo;;;;Meio de Quadra;;;0;1;1;1;0;0;0;0;0;1;0;0;-3,786433800000000;-38,560768700000000
320282;19;5;2017;20:53;0;RUA MONTE LIBANO;;;800;;Queda;;;;Meio de Quadra;;;0;1;0;0;0;1;0;0;0;0;0;0;-3,826822000000000;-38,563493000000000
320283;19;5;2017;21:08;0;RUA JULIO SILVA;;;440;;Atropelamento;;;;Meio de Quadra;;;0;1;1;0;0;0;0;0;0;1;0;0;;
320307;19;5;2017;21:30;0;AV LINEU MACHADO;;;1288;;Queda;;;;Meio de Quadra;;;0;1;0;0;0;0;0;0;0;1;0;0;-3,771078000000000;-38,579597000000000
320308;19;5;2017;22:02;21591;RUA COSTA FREIRE;RUA DES FROTA D71;;0;;Atropelamento;;;;Cruz;;Residencial;0;2;0;0;0;0;0;0;0;1;0;0;-3,796108000000000;-38,588182000000000
320309;19;5;2017;22:02;0;RUA JUVENAL DE CARVALHO;;;0;;Colis?úo;;;;Meio de Quadra;;;0;1;1;1;0;0;0;0;0;1;0;0;;
320310;19;5;2017;22:15;0;RUA COSTA FREIRE;;;2046;;Colis?úo;;;;Meio de Quadra;;;0;1;1;1;0;0;0;0;0;1;0;0;-3,796047000000000;-38,588127000000000
320312;19;5;2017;23:11;0;AV PERIMETRAL;;;1157;;Colis?úo;;;;Meio de Quadra;;;0;1;0;0;0;0;0;0;0;0;0;0;-3,786114000000000;-38,590166000000000
320313;19;5;2017;23:16;21803;RUA CARLOS ARAUJO;RUA GAL ALIPIO DOS SANTOS;;0;;Colis?úo;;;;;;;0;1;1;1;0;0;0;0;0;1;0;0;-3,730204000000000;-38,589193000000000
320314;19;5;2017;23:52;21490;RUA GETULIO VARGAS;RUA ARY LOBO D71;;0;;Colis?úo;;;;;;;0;1;0;0;0;0;0;0;0;0;0;0;-3,814632000000000;-38,597235000000000
320234;19;5;2017;11:26;0;AV PRS CASTELO BRANCO;;;100;;Colis?úo;Luz do Dia;;;Meio de Quadra;;;0;1;1;1;0;0;0;0;0;1;0;0;-3,723042000000000;-38,521919000000000
320236;19;5;2017;11:34;0;RUA PDE FRANCISCO PITA;;;178;;Colis?úo;Luz do Dia;;;Meio de Quadra;;;0;1;1;1;0;0;0;0;0;1;0;0;-3,780172862000000;-38,504459342000000
320237;19;5;2017;12:32;0;AV DES MOREIRA;;;3050;;Choque c/ Obst?ículo Fixo;Luz do Dia;;;Meio de Quadra;;;0;0;1;1;0;0;0;0;0;0;0;0;-3,752772000000000;-38,503955700000000
320238;19;5;2017;15:43;0;RUA BERNARDO MANUEL;;;9069;;Colis?úo;Luz do Dia;;;Meio de Quadra;;;0;1;1;1;0;0;0;0;0;1;0;0;-3,798910000000000;-38,551479000000000
320277;19;5;2017;19:32;0;RUA MACEIO;;;0;;Colis?úo;;;;Meio de Quadra;;;0;1;0;0;0;0;0;0;0;0;0;0;;
320278;19;5;2017;19:46;7765;RUA DOM EXPEDITO LOPES;RUA TIBURCIO CAVALCANTE;;0;;Queda;;;;Cruz;Sem?íforo;Residencial;0;1;0;0;0;0;0;0;0;1;0;0;-3,743802000000000;-38,505097000000000
320263;19;5;2017;16:06;0;RUA BAR CANINDE;;;730;;Colis?úo;Luz do Dia;;;Meio de Quadra;;;0;1;1;1;0;0;0;0;0;1;0;0;-3,768713000000000;-38,556806000000000
320264;19;5;2017;16:52;0;RD BR 116;;;11000;KM-11;Colis?úo;Luz do Dia;;Seca;Meio de Quadra;;;0;1;1;1;0;0;0;0;0;1;0;0;-3,847160000000000;-38,497176000000000
320265;19;5;2017;17:50;0;RUA LOURDES VIDAL ALVES;;;766;;Colis?úo;Anoitecer;;;Meio de Quadra;;;0;1;1;1;0;0;0;0;0;1;0;0;-3,824579500000000;-38,473157501000000
320240;19;5;2017;15:54;0;AV DOS EXPEDICIONARIOS;;;1117;;Colis?úo;Luz do Dia;;;Meio de Quadra;;;0;1;1;1;0;0;0;0;0;1;0;0;-3,757817500000000;-38,539030400000000
320138;19;5;2017;10:32;0;RD BR 116;;;15000;KM-15;Colis?úo;Luz do Dia;;;Meio de Quadra;;;0;1;1;1;0;0;0;0;0;1;0;0;-3,882329000000000;-38,501113000000000
320139;19;5;2017;11:09;0;RUA PERGENTINO MAIA;;;691;;Atropelamento;Luz do Dia;;;Meio de Quadra;;;0;1;1;1;0;0;0;0;0;0;0;0;-3,831400000000000;-38,488895000000000
320135;19;5;2017;10:08;0;AV PRS CASTELO BRANCO;;;2425;;Colis?úo;Luz do Dia;;;Meio de Quadra;;;0;1;1;1;0;0;0;0;0;0;0;0;-3,713408000000000;-38,549609000000000
320133;19;5;2017;08:55;0;AV AUGUSTO DOS ANJOS;;;0;;Atropelamento;Luz do Dia;;;Meio de Quadra;;;0;2;0;0;0;0;0;0;0;0;0;0;;
320122;19;5;2017;06:59;0;AV PRS CASTELO BRANCO;;;4310;;Colis?úo;Luz do Dia;;;Meio de Quadra;;;0;2;0;0;0;0;0;0;0;0;0;0;-3,707560000000000;-38,570717000000000
320124;19;5;2017;07:17;5448;RUA METON DE ALENCAR;RUA BAR ARATANHA;;0;;Colis?úo;Luz do Dia;;;Cruz;Pare;Comercial;0;1;1;1;0;0;0;0;0;1;0;0;-3,734847000000000;-38,527028000000000
320128;19;5;2017;07:25;0;RUA CON DE CASTRO;;;5300;;Colis?úo;Luz do Dia;;;Meio de Quadra;;;0;1;0;0;0;0;0;0;0;0;0;0;-3,809715000000000;-38,596023000000000
320130;19;5;2017;07:30;24980;AV ALM HENRIQUE SABOIA;RUA GAL TERTULIANO POTYGUARA;;0;;Queda;Luz do Dia;;;T;N?úo H?í Controle;Residencial;0;1;0;0;0;0;0;0;0;1;0;0;-3,746088000000000;-38,491196000000000
320131;19;5;2017;08:45;25664;AV WASHINGTON SOARES;RUA PERGENTINO MAIA;;0;;Colis?úo;Luz do Dia;;Molhada;;;;0;1;1;1;0;0;0;0;0;1;0;0;-3,832330000000000;-38,482475000000000
324949;19;5;2017;07:55;0;AV SEN CARLOS JEREISSATI (AEROPORTO);;;0;KM 04;Colis?úo;Luz do Dia;;Outros;Meio de Quadra;;;0;0;2;1;0;0;1;0;0;0;0;0;-3,774020000000000;-38,550907000000000
324968;19;5;2017;08:00;0;RD CE-040;;;0;KM-12;Colis?úo;Luz do Dia;;Outros;Meio de Quadra;;;0;2;1;0;0;1;0;0;0;1;0;0;-3,857690949000000;-38,472042540000000
324962;19;5;2017;16:30;0;RD CE-040;;;0;KM-06;Colis?úo;Luz do Dia;;Seca;Meio de Quadra;;;0;0;2;1;0;0;0;0;0;0;0;0;-3,809596804000000;-38,478733480000000
297686;19;5;2017;16:01;17361;RUA BAR CANINDE;RUA BAR SOBRAL;;0;;Colis?úo Transversal;Luz do Dia;;;Cruz;Pare;Misto;1;0;1;0;1;0;0;0;0;1;0;0;-3,766148000000000;-38,555751000000000
305877;19;5;2017;19:55;23372;AV PONTES VIEIRA;RUA FRE VIDAL;;0;;Colis?úo Traseira;Via Iluminada;Bom;Seca;;N?úo H?í Controle;Comercial;0;2;0;1;0;0;0;0;0;1;0;0;-3,753282000000000;-38,518209000000000
305878;19;5;2017;07:10;0;AV GODOFREDO MACIEL;;;4190;;Colis?úo Traseira;Luz do Dia;Nublado;Molhada;Meio de Quadra;Outros;Comercial;0;2;0;1;0;0;0;0;0;1;0;0;-3,826167000000000;-38,579402000000000
305884;19;5;2017;09:30;19297;RUA STA JULIA;RUA LEONEL CHAVES;;0;;Colis?úo Lateral;Luz do Dia;Bom;Seca;Cruz;Pare;Residencial;0;3;0;1;0;0;0;0;0;1;0;0;-3,774531000000000;-38,568283000000000
305880;19;5;2017;20:50;0;AV AMERICO BARREIRA;;;0;;Colis?úo Traseira;Via Iluminada;Bom;Seca;Meio de Quadra;Sem?íforo;Residencial;0;2;0;1;0;0;0;0;0;1;0;0;;
305881;19;5;2017;00:40;0;AV ABOLICAO;;;0;;Acidente Pessoal;Via Iluminada;Bom;Seca;Meio de Quadra;Sem?íforo;Comercial;0;2;0;0;0;0;1;0;0;0;0;0;;
305882;19;5;2017;07:20;5448;RUA METON DE ALENCAR;RUA BAR ARATANHA;;0;;Colis?úo Transversal;Luz do Dia;Bom;Seca;Cruz;Pare;Comercial;0;2;0;1;0;0;0;0;0;1;0;0;-3,734847000000000;-38,527028000000000
305893;19;5;2017;18:00;0;RUA JUVENAL DE CARVALHO;;;1051;;Colis?úo Transversal;Via Iluminada;Bom;Seca;Meio de Quadra;N?úo H?í Controle;Residencial;0;2;0;0;0;0;0;0;0;1;0;0;-3,750867000000000;-38,524557000000000
305888;19;5;2017;14:22;1521;RUA DES LEITE ALBUQUERQUE;RUA MAL RONDON;;0;;Colis?úo Traseira;Luz do Dia;Bom;Seca;Cruz;Pare;Residencial;0;2;0;1;0;0;0;0;0;0;0;0;-3,740372000000000;-38,488952000000000
305886;19;5;2017;23:00;1297;AV SANTOS DUMONT;RUA JOSE VILAR;;0;;Colis?úo Transversal;Via Iluminada;Bom;Seca;Cruz;Sem?íforo;Residencial;0;2;0;0;1;0;0;0;0;1;0;0;-3,734337000000000;-38,504194000000000
305890;19;5;2017;08:30;0;RUA CON DE CASTRO;;;1324;;Engavetamento;Luz do Dia;Bom;Seca;Meio de Quadra;Outros;Residencial;0;4;0;1;0;0;0;0;0;1;0;0;-3,783279000000000;-38,571839000000000
305894;20;5;2017;07:50;0;RUA BAR RIO BRANCO;;;2680;;Colis?úo Lateral;Luz do Dia;Bom;Seca;Meio de Quadra;N?úo H?í Controle;Escola;0;2;0;1;0;0;0;0;0;1;0;0;-3,741631000000000;-38,533104000000000
305895;20;5;2017;13:30;5402;RUA METON DE ALENCAR;RUA VINTE E QUATRO DE MAIO;;0;;Colis?úo Lateral;Luz do Dia;Bom;Seca;Cruz;Pare;Comercial;0;2;0;1;0;0;0;0;0;0;0;0;-3,732626000000000;-38,533848000000000