COD_ACIDENTE;DIA;MES;ANO;HORA;INTERSECAO;LOG1;LOG2;LOG3;NUMERO;REFERENCIA;NATUREZA;ILUMINACAO;TEMPO;SUPERFICIEPISTA;TIPOCRUZAMENTO;CONTROLETRAFEGO;USOSOLO;MORTOS;FERIDOS;ILESOS;AUTOMOVEL;ONIBUS;BICICLETA;CAMINHAO;MICROONIBUS;CICLOMOTOR;MOTOCICLETA;TRACAOANIMAL;TREM;LATITUDE;LONGITUDE
305896;20;5;2017;12:00;0;AV JOAO PESSOA;;;3532;CAMPO DO CEARA;Colis?úo Lateral;Luz do Dia;Bom;Seca;Meio de Quadra;Outros;Residencial;0;1;0;1;0;0;0;0;0;0;0;0;-3,745893000000000;-38,543579000000000
305900;20;5;2017;14:00;0;RUA FRANCISCA CLOTILDE;;;365;;Colis?úo Lateral;Luz do Dia;Bom;Seca;Meio de Quadra;Outros;Residencial;0;2;0;1;0;0;1;0;0;0;0;0;-3,741479000000000;-38,551766000000000
305906;20;5;2017;13:15;7775;AV BAR STUDART;AV ANTONIO SALES;;0;;Colis?úo Lateral;;Bom;Seca;Cruz;;Residencial;0;2;0;1;0;0;1;0;0;0;0;0;-3,743288000000000;-38,509378000000000
305898;20;5;2017;16:00;3905;RUA PDE CICERO;RUA CARLOS CAMARA;;0;;Colis?úo Transversal;Luz do Dia;Bom;Seca;Cruz;Pare;Residencial;0;2;0;1;0;0;1;0;0;0;0;0;-3,746473000000000;-38,542599000000000
305910;20;5;2017;19:30;10792;RUA MACEIO;RUA CUIABA;;0;;Colis?úo Transversal;Via Iluminada;Bom;Seca;Cruz;Pare;Residencial;0;2;0;0;1;0;0;0;0;0;0;0;-3,762964000000000;-38,590211000000000
324979;20;5;2017;22:30;0;AV SEN CARLOS JEREISSATI (AEROPORTO);;;0;KM 04;Colis?úo;Via Iluminada;;N?úo informada;Meio de Quadra;;;0;0;2;1;0;0;0;0;0;0;0;0;-3,774020000000000;-38,550907000000000
324985;20;5;2017;10:50;0;RD CE-040;;;0;KM-06;Colis?úo;Luz do Dia;;N?úo informada;Meio de Quadra;;;0;0;2;1;0;0;0;0;0;0;0;0;-3,809596804000000;-38,478733480000000
325800;20;5;2017;18:10;0;RD BR 020;;;700;KM 426;Colis?úo Transversal;Anoitecer;;Seca;Meio de Quadra;;;0;1;1;0;0;0;1;0;0;1;0;0;;
320315;20;5;2017;00:05;0;RUA MARIO FILHO;;;623;;Queda;;;;Meio de Quadra;;;0;1;0;0;0;1;0;0;0;0;0;0;-3,807489000000000;-38,584520000000000
320316;20;5;2017;01:58;0;AV PRS CASTELO BRANCO;;;4863;;Colis?úo;;;;Meio de Quadra;;;0;1;1;0;0;0;0;0;0;1;0;0;-3,705793000000000;-38,575414000000000
320317;20;5;2017;04:37;0;AV GODOFREDO MACIEL;;;0;;Queda;;;;Meio de Quadra;;;0;1;0;0;0;0;0;0;0;1;0;0;;
320318;20;5;2017;05:12;0;AV WASHINGTON SOARES;;;0;;Colis?úo;Amanhecer;;;Meio de Quadra;;;0;1;0;0;0;0;0;0;0;0;0;0;;
320319;20;5;2017;06:02;0;RUA NEREU RAMOS;;;0;;Queda;Luz do Dia;;;Meio de Quadra;;;0;1;0;0;0;0;0;0;0;1;0;0;;
320320;20;5;2017;06:29;0;AV MOZART PINHEIRO DE LUCENA;;;0;;Queda;Luz do Dia;;;Meio de Quadra;;;0;1;0;0;0;0;0;0;0;1;0;0;;
320321;20;5;2017;07:31;0;AV WASHINGTON SOARES;;;6306;;Colis?úo;Luz do Dia;;;Meio de Quadra;;;0;1;0;0;0;0;0;0;0;0;0;0;-3,814433000000000;-38,480945000000000
320322;20;5;2017;07:33;0;AV ALBERTO CRAVEIRO;;;0;;Colis?úo;Luz do Dia;;;Meio de Quadra;;;0;1;1;1;0;0;0;0;0;1;0;0;;
320323;20;5;2017;09:33;0;AV PERIMETRAL;;;0;;Colis?úo;Luz do Dia;;;Meio de Quadra;;;0;1;1;1;0;0;0;0;0;1;0;0;;
320328;20;5;2017;09:33;23453;RUA PAULO FIRMEZA;RUA CAP MELO;;0;;Colis?úo;Luz do Dia;;;Cruz;Pare;Residencial;0;1;1;1;0;0;0;0;0;1;0;0;-3,757131000000000;-38,512966000000000
320329;20;5;2017;09:38;0;AV CEL CARVALHO;;;0;;Colis?úo;Luz do Dia;;;Meio de Quadra;;;0;2;0;0;0;0;0;0;0;0;0;0;;
320338;20;5;2017;12:10;0;AV ANTONIO JUSTA;;;2846;;Colis?úo;Luz do Dia;;;Meio de Quadra;;;0;1;1;1;0;0;0;0;0;1;0;0;-3,727695000000000;-38,494440000000000
320336;20;5;2017;10:45;0;RUA JACINTO MATOS;;;915;;Atropelamento;Luz do Dia;;;Meio de Quadra;;;0;1;1;0;1;0;0;0;0;0;0;0;-3,719091000000000;-38,546750000000000
320334;20;5;2017;09:54;1246;RUA BAR ARACATI;AV SANTOS DUMONT;;0;;Queda;Luz do Dia;;;Cruz;Pare;Comercial;0;1;0;0;0;0;0;0;0;1;0;0;-3,731909000000000;-38,511618000000000
320342;20;5;2017;15:24;3099;RUA MARIA QUINTELA;TR DEMOSEL;;0;;Colis?úo;Luz do Dia;;;;;;0;1;1;0;0;0;0;0;0;1;0;0;-3,777072000000000;-38,583958000000000
320340;20;5;2017;14:23;7999;RUA ANA NERY;RUA CARLOS CAMARA;;0;;Colis?úo;Luz do Dia;;;Cruz;Pare;Residencial;0;1;1;1;0;0;0;0;0;1;0;0;-3,750211000000000;-38,545958000000000
320365;20;5;2017;15:34;17311;RUA ROMEU MARTINS;RUA JOAO FIRMINO;;0;;Colis?úo;Luz do Dia;;;Cruz;Pare;Comercial;0;1;1;1;0;0;0;0;0;1;0;0;-3,764274000000000;-38,555582000000000
320367;20;5;2017;18:00;0;AV AGUANAMBI;;;421;;Colis?úo;Anoitecer;;;Meio de Quadra;;;0;1;1;1;0;0;0;0;0;1;0;0;-3,740523000000000;-38,525059000000000
320368;20;5;2017;18:03;0;RD QUARTO ANEL VIARIO;;;0;;Queda;Anoitecer;;;Meio de Quadra;;;0;1;0;0;0;0;0;0;0;1;0;0;;
320370;20;5;2017;18:11;0;RUA CON DE CASTRO;;;0;;Colis?úo;Anoitecer;;;Meio de Quadra;;;0;2;1;0;0;0;0;0;0;1;0;0;;
320378;20;5;2017;18:38;10992;RUA BAR CANINDE;RUA DOM CARLOTO TAVORA;;0;;Capotamento;;;;Cruz;Pare;Residencial;0;3;1;1;0;0;0;0;0;0;0;0;-3,769531000000000;-38,557103000000000
320413;20;5;2017;23:55;7623;RUA RIO GRANDE DO SUL;RUA PERNAMBUCO;;0;;Colis?úo;;;;Cruz;Pare;Residencial;0;1;0;0;0;0;0;0;0;0;0;0;-3,760011000000000;-38,568467000000000
320409;20;5;2017;23:35;0;RUA PRO COSTA MENDES;;;60;;Colis?úo;;;;Meio de Quadra;;;0;1;0;0;0;0;0;0;0;0;0;0;-3,758351000000000;-38,542560000000000
320407;20;5;2017;22:24;0;RUA TEODOMIRO DE CASTRO;;;4467;;Colis?úo;;;;Meio de Quadra;;;0;1;0;0;0;0;0;0;0;0;0;0;-3,718387000000000;-38,573018000000000
320398;20;5;2017;19:19;0;AV SGT HERMINIO SAMPAIO;;;3681;;Colis?úo;;;;Meio de Quadra;;;0;1;0;0;0;0;0;0;0;0;0;0;-3,729246000000000;-38,573474000000000
309128;20;5;2017;20:55;0;AV PRS COSTA E SILVA;;;4442;;Colis?úo Traseira;Mal Iluminada;Bom;Seca;Meio de Quadra;Sem?íforo;Comercial;0;0;2;1;0;0;0;0;0;0;0;0;-3,825631900000000;-38,540108000000000
309042;20;5;2017;06:58;19611;RUA NEREU RAMOS;AV GODOFREDO MACIEL;;0;;Colis?úo Traseira;Luz do Dia;Bom;Molhada;T;Sem?íforo;Comercial;0;0;2;1;0;0;0;0;0;0;0;0;-3,787060700000000;-38,567220000000000
309043;20;5;2017;06:50;25279;AV ROGACIANO LEITE;RUA DES WALDEMAR ALVES PEREIRA;;0;;Colis?úo Transversal;Luz do Dia;Bom;Molhada;Cruz;Pare;Comercial;0;0;1;1;0;0;0;0;0;0;0;0;-3,770692800000000;-38,498090000000000
309044;20;5;2017;10:31;0;AV 13 DE MAIO;;;497;;Colis?úo Traseira;Luz do Dia;Bom;Seca;T;Sem?íforo;Comercial;0;0;2;1;0;0;0;0;0;0;0;0;-3,752415000000000;-38,525658000000000
309045;20;5;2017;09:47;0;AV JOR THOMAZ COELHO;;;609;;Colis?úo Traseira;Luz do Dia;Chuva;Molhada;Meio de Quadra;N?úo H?í Controle;Comercial;0;0;2;1;0;0;0;1;0;0;0;0;-3,832187400000000;-38,501606000000000
309046;20;5;2017;11:23;0;AV VIS RIO BRANCO;;;2178;;Colis?úo Transversal;Luz do Dia;Bom;Seca;Cruz;N?úo H?í Controle;Residencial;0;0;2;0;0;0;0;0;0;0;0;0;-3,739926800000000;-38,523335000000000
309048;20;5;2017;11:47;5109;RUA DR JOAO MOREIRA;AV ALBERTO NEPOMUCENO;;0;;Colis?úo Lateral;Luz do Dia;Bom;Seca;T;Sem?íforo;Comercial;0;0;2;1;1;0;0;0;0;0;0;0;-3,723704600000000;-38,524715000000000
309049;20;5;2017;10:00;0;AV MOZART PINHEIRO DE LUCENA;;;1540;;Colis?úo Lateral;Luz do Dia;Bom;Seca;;;;0;1;2;1;0;0;0;0;0;1;0;0;-3,716441900000000;-38,595130000000000
309050;20;5;2017;14:30;0;AV BEZERRA DE MENEZES;;;1820;COLEGIO MASTER;Engavetamento;Luz do Dia;Bom;Seca;Meio de Quadra;N?úo H?í Controle;Comercial;0;0;1;1;0;0;0;0;0;0;0;0;-3,734893000000000;-38,561030000000000
309051;20;5;2017;19:00;20042;AV DR SILAS MUNGUBA;AV PRS JUSCELINO KUBITSCHEK (PASSAR?ë);;0;;Colis?úo Lateral;Via Iluminada;Bom;Seca;Rotat??ria;N?úo H?í Controle;Comercial;0;0;2;1;0;0;0;0;0;0;0;0;-3,807461500000000;-38,525340000000000
309052;20;5;2017;19:26;13534;AV SORIANO ALBUQUERQUE;RUA JOAO CORDEIRO;;0;;Colis?úo Transversal;Via Iluminada;Bom;Seca;Cruz;Pare;Residencial;0;0;2;1;0;0;0;0;0;0;0;0;-3,747765000000000;-38,519430000000000
309053;20;5;2017;20:02;0;AV SANTOS DUMONT;;;5043;;Engavetamento;Via Iluminada;Bom;Seca;Meio de Quadra;N?úo H?í Controle;Comercial;0;0;3;1;0;0;0;0;0;0;0;0;-3,740069400000000;-38,486230000000000
309054;20;5;2017;18:41;0;RUA GAL POTIGUARA;;;0;;Colis?úo Lateral;Via Iluminada;Bom;Seca;Cruz;Pare;Residencial;0;0;2;1;0;0;0;0;0;0;0;0;-3,742754000000000;-38,501728000000000
309055;20;5;2017;20:47;10992;RUA BAR CANINDE;RUA DOM CARLOTO TAVORA;;0;;Colis?úo Lateral;Via Iluminada;Bom;Seca;Cruz;Pare;Residencial;0;1;1;0;1;0;0;0;0;0;0;0;-3,769615200000000;-38,557114000000000
309056;21;5;2017;08:07;19045;RUA ANDRE DALL OLIO;RUA DES WALDETARIO P MOTA;;0;;Choque c/ Obst?ículo Fixo;Luz do Dia;Bom;Seca;Meio de Quadra;N?úo H?í Controle;Residencial;0;0;1;1;0;0;0;0;0;0;0;0;-3,735924500000000;-38,480125000000000
309057;21;5;2017;13:24;0;RUA PRO GOMES BRASIL;;;341;;Colis?úo Transversal;Luz do Dia;Bom;Seca;Meio de Quadra;Pare;Comercial;0;1;1;1;0;0;0;0;0;1;0;0;-3,772855300000000;-38,568474000000000
309058;21;5;2017;12:53;0;AV 13 DE MAIO;;;1453;;Colis?úo Lateral;Luz do Dia;Bom;Seca;Meio de Quadra;N?úo H?í Controle;Comercial;0;0;2;1;0;0;0;0;0;0;0;0;-3,747262200000000;-38,531530000000000
309059;21;5;2017;14:15;0;RUA JOAO DE FRANCA (DEND?è);RUA AFONSO LOPES;;0;;Colis?úo Transversal;Luz do Dia;Bom;Seca;Cruz;Pare;Residencial;0;0;2;1;0;0;0;0;0;0;0;0;-3,795626600000000;-38,549100000000000
309060;21;5;2017;14:30;0;RUA OSVALDO CRUZ;RUA JULIO SIQUEIRA;;0;;Colis?úo Transversal;Luz do Dia;Bom;Seca;Cruz;Pare;Residencial;0;0;2;1;0;0;0;0;0;0;0;0;-3,750674200000000;-38,505184000000000
309062;21;5;2017;07:15;22053;RUA MINERVINO DE CASTRO;RUA CAP FRANCISCO PEDRO;;0;;Queda;Luz do Dia;Bom;Seca;Cruz;D?¬ Prefer?¬ncia;Residencial;0;0;1;0;1;0;0;0;0;0;0;0;-3,742669800000000;-38,544690000000000
309080;21;5;2017;13:45;0;AV JOSE JATAHY;;;0;;Choque c/ Obst?ículo Fixo;Luz do Dia;Bom;Seca;Meio de Quadra;N?úo H?í Controle;Comercial;0;0;0;1;0;0;0;0;0;0;0;0;-3,730218600000000;-38,545210000000000
309076;21;5;2017;16:33;24372;AV LUCIANO CARNEIRO;RUA ALM RUFINO;;0;;Colis?úo Traseira;Luz do Dia;Bom;Seca;Cruz;Sem?íforo;Residencial;0;1;1;1;0;0;0;0;0;1;0;0;-3,766613000000000;-38,537160000000000
320415;21;5;2017;00:03;0;AV GAL OSORIO DE PAIVA;;;4390;;Colis?úo;;;;Meio de Quadra;;;0;1;0;0;0;0;0;0;0;0;0;0;-3,796771000000000;-38,594374000000000
320416;21;5;2017;00:32;0;RUA CON DE CASTRO;;;0;;Colis?úo;;;;Meio de Quadra;;;0;1;1;1;0;0;0;0;0;1;0;0;;
320466;21;5;2017;17:34;0;RUA GAL CLARINDO DE QUEIROZ;;;597;;Atropelamento;Anoitecer;;;Meio de Quadra;;;0;1;1;1;0;0;0;0;0;0;0;0;-3,732939000000000;-38,529469000000000
320467;21;5;2017;18:05;18743;RUA VALPARAISO;RUA CATOLE;;0;;Colis?úo;Anoitecer;;;Cruz;Pare;Misto;0;1;0;0;0;0;0;0;0;0;0;0;-3,846407000000000;-38,520171000000000
320458;21;5;2017;15:07;0;AV PERIMETRAL;;;1347;;Colis?úo;Luz do Dia;;;Meio de Quadra;;;0;1;1;1;0;0;0;0;0;1;0;0;;
320448;21;5;2017;06:40;0;RD BR 116;;;700;;Queda;Luz do Dia;;;Meio de Quadra;;;0;1;0;0;0;0;0;0;0;1;0;0;-3,791713000000000;-38,509100000000000
320449;21;5;2017;08:55;0;AV PRS CASTELO BRANCO;;;0;;Colis?úo;Luz do Dia;;;Meio de Quadra;;;0;1;1;0;0;0;0;0;0;1;0;0;;
320450;21;5;2017;09:47;6737;AV PDE ANTONIO TOMAS;AV ENG SANTANA JUNIOR;;0;;Queda;Luz do Dia;;;Outros;N?úo H?í Controle;Comercial;0;1;0;0;0;1;0;0;0;0;0;0;-3,743981000000000;-38,488012000000000
320451;21;5;2017;10:15;0;RUA CON DE CASTRO;;;0;;Colis?úo;Luz do Dia;;;Meio de Quadra;;;0;1;0;0;0;0;0;0;0;0;0;0;;
320452;21;5;2017;11:32;0;RD QUARTO ANEL VIARIO;;;0;;Queda;Luz do Dia;;;Meio de Quadra;;;0;1;0;0;0;0;0;0;0;1;0;0;;
320453;21;5;2017;12:40;0;AV MR HULL;;;600;;Colis?úo;Luz do Dia;;Seca;Meio de Quadra;;;0;1;1;1;0;0;0;0;0;1;0;0;-3,740062800000000;-38,594651200000000
320454;21;5;2017;13:34;0;AV PRS CASTELO BRANCO;;;0;;Colis?úo;Luz do Dia;;;Meio de Quadra;;;0;1;1;1;0;0;0;0;0;1;0;0;;
320455;21;5;2017;13:57;5323;RUA EDGAR BORGES;RUA PEDRO PEREIRA;;0;;Colis?úo;Luz do Dia;;;;;;0;1;1;1;0;0;0;0;0;1;0;0;-3,730116000000000;-38,527197000000000
320443;21;5;2017;02:56;0;RUA GALILEU;;;373;;Atropelamento;;;;Meio de Quadra;;;0;1;0;0;0;0;0;0;0;0;0;0;-3,776465000000000;-38,552423000000000
320445;21;5;2017;04:09;0;RUA RECANTO VERDE;;;0;;Colis?úo;;;;Meio de Quadra;;;0;1;0;0;0;0;0;0;0;0;0;0;;
320446;21;5;2017;06:21;17563;RUA ESPIRITO SANTO;RUA AMAZONAS;;0;;Colis?úo;Luz do Dia;;;Cruz;Pare;Residencial;0;1;0;0;0;0;0;0;0;0;0;0;-3,751391000000000;-38,567217000000000
320440;21;5;2017;01:07;0;AV WASHINGTON SOARES;;;0;;Queda;;;;Meio de Quadra;;;0;1;0;0;0;0;0;0;0;1;0;0;;
320441;21;5;2017;01:34;0;RUA JOSIAS PAULA DE SOUZA;;;194;;Queda;;;;Meio de Quadra;;;0;1;0;0;0;0;0;0;0;1;0;0;-3,728269000000000;-38,470783000000000
320500;21;5;2017;23:24;3094;RUA MELO DE OLIVEIRA;RUA JULIO BRAGA;;0;;Colis?úo;;;;Cruz;Pare;Residencial;0;1;1;1;0;0;0;0;0;1;0;0;-3,775740000000000;-38,579854000000000
320503;21;5;2017;23:31;0;AV CASTELO DE CASTRO;;;0;;Queda;;;;Meio de Quadra;;;0;1;0;0;0;0;0;0;0;1;0;0;;
320493;21;5;2017;23:03;0;AV MR HULL;;;0;;Colis?úo;;;;Meio de Quadra;;;0;1;1;1;0;0;0;0;0;1;0;0;;
320490;21;5;2017;23:03;0;RUA FRANCISCO MACHADO;;;449;;Queda;;;;Meio de Quadra;;;0;1;0;0;0;1;0;0;0;0;0;0;;
320491;21;5;2017;23:03;0;AV PERIMETRAL;;;0;;Queda;;;;Meio de Quadra;;;0;1;0;0;0;0;0;0;0;1;0;0;;
320488;21;5;2017;22:53;0;AV GODOFREDO MACIEL;;;650;;Colis?úo;;;;Meio de Quadra;;;0;1;1;1;0;0;0;0;0;1;0;0;-3,782108000000000;-38,565488000000000
320486;21;5;2017;22:40;0;RUA ENG LUIS MONTENEGRO;;;63;;Atropelamento;;;;Meio de Quadra;;;0;1;0;0;0;0;0;0;0;0;0;0;;
320475;21;5;2017;19:10;0;RUA TRES CORACOES;;;333;;Queda;;;;Meio de Quadra;;;0;1;0;0;0;0;0;0;0;1;0;0;;
320483;21;5;2017;19:48;22951;AV DR SILAS MUNGUBA;RUA DR JUSTA ARAUJO D45;;0;;Colis?úo;;;;Cruz;Sem?íforo;Comercial;0;1;1;1;0;0;0;0;0;1;0;0;-3,784586000000000;-38,553426000000000
320484;21;5;2017;22:28;0;AV PRS CASTELO BRANCO;;;3270;;Atropelamento;;;;Meio de Quadra;;;0;1;1;0;1;0;0;0;0;0;0;0;-3,710712000000000;-38,560267000000000
320469;21;5;2017;18:22;0;AV WASHINGTON SOARES;;;0;;Colis?úo;Anoitecer;;;Meio de Quadra;;;0;1;0;0;0;0;0;0;0;0;0;0;;
320507;21;5;2017;05:44;2975;AV GAL OSORIO DE PAIVA;RUA PEDRO MARTINS;;0;;Colis?úo;Amanhecer;;;Cruz;Sem?íforo;Residencial;0;1;0;0;0;0;0;0;0;0;0;0;-3,800862000000000;-38,598322000000000
320508;21;5;2017;06:15;7211;AV PRS CASTELO BRANCO;AV DR THEBERGE;;0;;Queda;Luz do Dia;;;Cruz;Sem?íforo;Comercial;0;1;0;0;0;0;0;0;0;1;0;0;-3,710079000000000;-38,563456000000000
324989;21;5;2017;17:50;0;AV MIN JOSE AMERICO;;;1000;;Colis?úo;Anoitecer;;Seca;Meio de Quadra;;;0;2;1;0;1;0;0;0;0;1;0;0;-3,809107800000000;-38,490601700000000
324994;21;5;2017;16:15;0;RD CE-040;;;0;KM-03;Colis?úo;Luz do Dia;;Seca;Meio de Quadra;;;0;0;2;1;0;0;0;0;0;0;0;0;-3,782614325000000;-38,481083900000000
305905;21;5;2017;18:50;10044;RUA EMILIO DE MENESES;RUA ANTONIO NERY;;0;;Colis?úo Transversal;;;;Cruz;Pare;Comercial;0;2;0;0;0;0;0;0;0;1;0;0;-3,778162000000000;-38,600204000000000
305907;21;5;2017;20:00;0;AV DR SILAS MUNGUBA;;;1700;UECE;Colis?úo;;;;Meio de Quadra;;;0;1;1;1;0;0;0;0;1;0;0;0;-3,784842000000000;-38,552974000000000
305908;21;5;2017;21:30;0;RUA MARIA GOMES DE SA;;;0;;Colis?úo Transversal;;;;Meio de Quadra;;;0;3;0;0;0;0;0;0;0;1;0;0;;
305902;21;5;2017;09:00;5738;RUA MON ANTERO;RUA PEDRO FIRMEZA;;0;;Colis?úo Transversal;Luz do Dia;;;Cruz;Pare;Residencial;0;0;2;1;0;0;0;0;0;0;0;0;-3,797685000000000;-38,493404000000000
305903;21;5;2017;10:20;16983;RUA MARIA GOMES DE SA;RUA AURELIANO LEAL;;0;;Colis?úo Lateral Sentido Oposto;Luz do Dia;;;Cruz;Pare;Misto;0;1;2;1;0;0;0;0;0;1;0;0;-3,823255000000000;-38,584124000000000
305883;21;5;2017;13:00;1350;RUA TORRES CAMARA;RUA SILVA PAULET;;0;;Colis?úo Transversal;Luz do Dia;;;Cruz;Pare;Residencial;0;1;1;1;0;0;0;0;0;1;0;0;-3,735958000000000;-38,505905000000000
305879;21;5;2017;04:09;7623;RUA RIO GRANDE DO SUL;RUA PERNAMBUCO;;0;;Colis?úo;;;;Cruz;Pare;Residencial;0;0;2;1;0;0;0;0;0;0;0;0;-3,760011000000000;-38,568467000000000
305909;22;5;2017;06:20;5307;AV DUQ CAXIAS;RUA PRC ISABEL;;0;;Colis?úo Lateral;Luz do Dia;;;Cruz;Sem?íforo;Comercial;0;3;0;0;0;0;0;0;0;1;0;0;-3,729687000000000;-38,536407000000000
305918;22;5;2017;14:55;0;AV IMPERADOR;;;389;;Atropelamento;Luz do Dia;;;Meio de Quadra;;;0;1;1;0;1;0;0;0;0;0;0;0;-3,724541000000000;-38,533668000000000
305919;22;5;2017;16:39;0;AV ALBERTO NEPOMUCENO;;;199;;Colis?úo;Luz do Dia;;;Meio de Quadra;;;0;0;2;1;0;0;0;0;0;0;0;0;-3,723056000000000;-38,524182000000000
305912;22;5;2017;09:10;0;AV JOAO DE ARAUJO LIMA;;;1460;;Colis?úo Traseira;Luz do Dia;;;Meio de Quadra;;;0;1;1;1;0;0;0;0;0;1;0;0;-3,833369000000000;-38,560681000000000
305914;22;5;2017;12:30;0;RUA VICENTE LINHARES;;;0;;Colis?úo Traseira;Luz do Dia;;;Meio de Quadra;;;0;0;2;1;0;0;0;0;0;0;0;0;;
305923;22;5;2017;12:15;0;AV 13 DE MAIO;;;303;;Colis?úo Lateral;Luz do Dia;;;Meio de Quadra;;;0;0;2;1;0;0;0;0;0;1;0;0;-3,753648000000000;-38,524172000000000
305925;22;5;2017;15:00;5065;AV ALBERTO NEPOMUCENO;TR ICO  D01;;0;;Colis?úo Transversal;Luz do Dia;;;Outros;Pare;Comercial;0;0;2;1;0;0;1;0;0;0;0;0;-3,722081000000000;-38,523662000000000
305928;22;5;2017;17:00;10998;RUA DOM CARLOTO TAVORA;RUA ALBERTO MAGNO;;0;;Colis?úo Transversal;Anoitecer;;;Cruz;Pare;Residencial;0;1;1;1;0;0;0;0;1;0;0;0;-3,770832000000000;-38,553495000000000
305962;22;5;2017;13:10;0;AV ODILON GUIMARAES;;;4244;;Colis?úo Traseira;Luz do Dia;;;Meio de Quadra;;;0;1;1;0;0;0;0;0;0;1;0;0;-3,811833000000000;-38,463054000000000
305968;22;5;2017;14:30;0;AV JOSE JATAHY;;;498;;Engavetamento;Luz do Dia;;;Meio de Quadra;;;0;0;3;1;0;0;0;0;0;0;0;0;;
305969;22;5;2017;00:20;19531;AV GODOFREDO MACIEL;RUA COS GALVAO;;0;;Colis?úo Lateral;;;;T;Pare;Comercial;0;1;1;1;0;0;0;0;0;1;0;0;-3,782029000000000;-38,565465000000000
305970;22;5;2017;14:00;0;RUA GERMANO FRANCK;;;720;TERMINAL PARANGABA;Colis?úo Lateral;Luz do Dia;;;Meio de Quadra;;;0;0;2;1;0;0;1;0;0;0;0;0;-3,777298000000000;-38,562071000000000
324998;22;5;2017;11:40;0;AV SEN CARLOS JEREISSATI (AEROPORTO);;;0;KM 03;Colis?úo;Luz do Dia;;Seca;Meio de Quadra;;;0;0;2;1;0;0;1;0;0;0;0;0;-3,779641000000000;-38,544038000000000
325001;22;5;2017;07:30;0;RD CE-060;;;0;KM-03;Colis?úo;Luz do Dia;;Seca;Meio de Quadra;;;0;0;2;0;1;0;0;0;0;0;0;0;-3,843038000000000;-38,585133000000000
325003;22;5;2017;15:00;0;RD CE-060;;;0;KM-03;Colis?úo;Luz do Dia;;Seca;Meio de Quadra;;;0;1;1;1;0;0;0;0;0;1;0;0;-3,843038000000000;-38,585133000000000
315117;22;5;2017;22:05;0;AV GAL OSORIO DE PAIVA;;;4176;;Colis?úo;;;;;;;0;0;1;0;0;0;0;0;0;0;0;0;-3,793246000000000;-38,590895000000000
320510;22;5;2017;06:23;0;AV DIOGUINHO;;;500;;Queda;Luz do Dia;;;Meio de Quadra;;;0;1;0;0;0;0;0;0;0;1;0;0;;
320512;22;5;2017;06:40;25200;RUA TULIPA;RUA ASTROGILDO FONTOURA;;0;;Colis?úo;Luz do Dia;;;T;Pare;Misto;0;1;0;0;0;0;0;0;0;0;0;0;-3,712792000000000;-38,578915000000000
320521;22;5;2017;09:15;0;AV N CJ CEARA;;;1460;;Colis?úo;Luz do Dia;;;Meio de Quadra;;;0;1;1;1;0;0;0;0;0;1;0;0;;
320523;22;5;2017;09:56;0;AV 13 DE MAIO;;;2400;;Colis?úo;Luz do Dia;;;Meio de Quadra;;;0;1;1;1;0;0;0;0;0;1;0;0;-3,741992000000000;-38,537898000000000
320524;22;5;2017;10:49;0;AV JOAO PESSOA;;;6410;;Atropelamento;Luz do Dia;;;Meio de Quadra;;;0;1;1;0;0;0;0;0;0;1;0;0;-3,766498000000000;-38,559500000000000
320516;22;5;2017;08:21;0;RUA PEDRA BRANCA;;;57;;Colis?úo;Luz do Dia;;;Meio de Quadra;;;0;1;1;1;0;0;0;0;0;1;0;0;-3,740292000000000;-38,518340000000000
320517;22;5;2017;08:30;23869;RUA OLIVEIRA FILHO;RUA PRO ALVARO COSTA;;0;;Queda;Luz do Dia;;;;;;0;1;0;0;0;0;0;0;0;1;0;0;-3,723560000000000;-38,465573000000000
320539;22;5;2017;17:21;0;AV JOSE JATAHY;;;2096;;Colis?úo;Anoitecer;;;Meio de Quadra;;;0;1;1;1;0;0;0;0;0;1;0;0;-3,738625000000000;-38,543668000000000
320535;22;5;2017;14:54;5122;AV IMPERADOR;RUA SAO PAULO;;0;;Atropelamento;Luz do Dia;;;Cruz;Sem?íforo;Comercial;0;1;1;0;1;0;0;0;0;0;0;0;-3,724049000000000;-38,533522000000000
320541;22;5;2017;17:55;10949;RUA VILA LOBOS;RUA ZACARIAS GONDIM;;0;;Queda;Anoitecer;;;Cruz;Pare;Residencial;0;1;0;0;0;1;0;0;0;0;0;0;-3,771803000000000;-38,559752000000000
320544;22;5;2017;18:11;17361;RUA BAR CANINDE;RUA BAR SOBRAL;;0;;Colis?úo;Anoitecer;;;Cruz;Pare;Residencial;0;1;1;1;0;0;0;0;0;1;0;0;-3,766148000000000;-38,555751000000000
320529;22;5;2017;12:13;0;AV SEN CARLOS JEREISSATI (AEROPORTO);;;0;;Queda;Luz do Dia;;;Meio de Quadra;;;0;1;0;0;0;0;0;0;0;1;0;0;;
320531;22;5;2017;12:36;0;RUA OSCAR ARARIPE;;;0;;Colis?úo;Luz do Dia;;;Meio de Quadra;;;0;1;1;1;0;0;0;0;0;1;0;0;;
320532;22;5;2017;13:14;0;AV CASTELO DE CASTRO;;;0;;Colis?úo;Luz do Dia;;;Meio de Quadra;;;0;1;1;1;0;0;0;0;0;1;0;0;;
320533;22;5;2017;13:39;0;RUA ALVARO GARRIDO;;;643;;Colis?úo;Luz do Dia;;;Meio de Quadra;;;0;1;1;1;0;0;0;0;0;1;0;0;;
320527;22;5;2017;12:13;0;AV SEN CARLOS JEREISSATI (AEROPORTO);;;0;;Queda;Luz do Dia;;;Meio de Quadra;;;0;1;0;0;0;0;0;0;0;1;0;0;;