COD_ACIDENTE;DIA;MES;ANO;HORA;INTERSECAO;LOG1;LOG2;LOG3;NUMERO;REFERENCIA;NATUREZA;ILUMINACAO;TEMPO;SUPERFICIEPISTA;TIPOCRUZAMENTO;CONTROLETRAFEGO;USOSOLO;MORTOS;FERIDOS;ILESOS;AUTOMOVEL;ONIBUS;BICICLETA;CAMINHAO;MICROONIBUS;CICLOMOTOR;MOTOCICLETA;TRACAOANIMAL;TREM;LATITUDE;LONGITUDE
320546;22;5;2017;18:29;20042;AV ALBERTO CRAVEIRO;AV DEP PAULINO ROCHA;;0;;Colis?úo;Anoitecer;;;Rotat??ria;D?¬ Prefer?¬ncia;Comercial;0;1;1;1;0;0;0;0;0;1;0;0;-3,807229000000000;-38,524782000000000
320607;22;5;2017;19:08;0;AV ALM HENRIQUE SABOIA;;;0;;Colis?úo;;;;Meio de Quadra;;;0;1;0;0;0;0;0;0;0;0;0;0;;
320608;22;5;2017;19:36;0;AV CARNEIRO DE MENDONCA;;;1270;;Atropelamento;;;;Meio de Quadra;;;0;1;0;0;0;0;0;0;0;0;0;0;-3,762231000000000;-38,570268000000000
320604;22;5;2017;18:39;0;RUA RIO GRANDE DO NORTE;;;0;;Colis?úo;;;;Meio de Quadra;;;0;1;1;1;0;0;0;0;0;1;0;0;;
320605;22;5;2017;19:04;0;RUA TANCREDO S CARVALHO;;;0;;Colis?úo;;;;Meio de Quadra;;;0;1;0;0;0;0;0;0;0;0;0;0;;
320618;22;5;2017;06:22;0;RUA CON DE CASTRO;;;4256;;Atropelamento;Luz do Dia;;;Meio de Quadra;;;0;1;1;0;0;0;0;0;0;1;0;0;-3,803176000000000;-38,590312000000000
320624;22;5;2017;06:27;0;AV MR HULL;;;8469;;Colis?úo;Luz do Dia;;;Meio de Quadra;;;0;1;0;0;0;0;0;0;0;0;0;0;-3,742610903000000;-38,611219798000000
320610;22;5;2017;19:41;0;RUA EUZEBIO DE QUEIROS;;;1888;;Queda;;;;Meio de Quadra;;;0;1;0;0;0;1;0;0;0;0;0;0;-3,771358000000000;-38,555781000000000
320611;22;5;2017;21:12;0;RUA DR JOAO GUILHERME;;;107;;Colis?úo;;;;Meio de Quadra;;;0;1;1;1;0;0;0;0;0;1;0;0;;
320612;22;5;2017;21:59;1231;RUA CARLOS VASCONCELOS;RUA COSTA BARROS;;0;;Colis?úo;;;;Cruz;Sem?íforo;Comercial;0;1;1;1;0;0;0;0;0;1;0;0;-3,730831000000000;-38,510095000000000
320613;22;5;2017;22:32;0;AV MR HULL;;;0;;Queda;;;;Meio de Quadra;;;0;1;0;0;0;0;0;0;0;1;0;0;;
320614;22;5;2017;05:36;0;AV GAL OSORIO DE PAIVA;;;2019;;Queda;Amanhecer;;;Meio de Quadra;;;0;1;0;0;0;0;0;0;0;1;0;0;-3,784350000000000;-38,580265000000000
320615;22;5;2017;06:12;0;AV PERIMETRAL;;;0;;Queda;Luz do Dia;;;Meio de Quadra;;;0;1;0;0;0;0;0;0;0;1;0;0;;
320616;22;5;2017;06:13;0;RUA PROF GLAUCO LOBO;;;501;;Queda;Luz do Dia;;;Meio de Quadra;;;0;1;0;0;0;0;0;0;0;1;0;0;;
320627;22;5;2017;06:51;0;AV GAL OSORIO DE PAIVA;;;5025;;Colis?úo;Luz do Dia;;;Meio de Quadra;;;0;1;0;0;0;0;0;0;0;0;0;0;-3,802245000000000;-38,599658000000000
320628;22;5;2017;07:04;0;AV GODOFREDO MACIEL;;;0;;Colis?úo;Luz do Dia;;;Meio de Quadra;;;0;1;1;1;0;0;0;0;0;1;0;0;;
305971;22;5;2017;18:40;0;AV DOMINGOS OLIMPIO;;;794;;Colis?úo Lateral;;;;Meio de Quadra;;;0;0;2;1;0;0;0;0;0;0;0;0;-3,736951000000000;-38,530391000000000
309077;22;5;2017;19:01;23348;RUA EDUARDO BEZERRA;RUA SILVA PAULET;;0;;Colis?úo Lateral;Mal Iluminada;Bom;Seca;Cruz;Gesto;Residencial;0;0;2;1;0;0;0;0;0;0;0;0;-3,753646600000000;-38,511517000000000
309078;22;5;2017;18:36;0;AV OLIVEIRA PAIVA;;;0;;Colis?úo Traseira;Via Iluminada;Bom;Seca;Meio de Quadra;N?úo H?í Controle;Comercial;0;0;2;1;0;0;0;0;0;0;0;0;-3,798427600000000;-38,502956000000000
309079;22;5;2017;19:39;0;RUA OSCAR BEZERRA ARAUJO;;;44;;Colis?úo Transversal;Via Iluminada;Bom;Seca;Meio de Quadra;N?úo H?í Controle;Residencial;0;0;2;1;0;0;0;0;0;0;0;0;-3,760622300000000;-38,559246000000000
309082;22;5;2017;08:51;0;RUA MAL DEODORO;;;1414;;Colis?úo Lateral;Luz do Dia;Bom;Seca;Meio de Quadra;N?úo H?í Controle;Comercial;0;0;2;1;0;0;0;0;0;0;0;0;-3,747584600000000;-38,538578000000000
309083;22;5;2017;17:18;0;RUA JOSE HIPOLITO;RUA JOSE CAVALCANTE SOBR;;0;;Colis?úo Transversal;Luz do Dia;Bom;Seca;Meio de Quadra;Pare;Comercial;0;1;1;1;0;0;0;0;0;1;0;0;-3,835535300000000;-38,486343000000000
309067;22;5;2017;09:25;1716;AV GAL MURILO BORGES;AV GOV RAUL BARBOSA;;0;;Colis?úo Traseira;Luz do Dia;Bom;Seca;Outros;D?¬ Prefer?¬ncia;Residencial;0;0;2;1;0;0;0;0;0;0;0;0;-3,763484000000000;-38,508324000000000
309068;22;5;2017;08:45;6738;RUA DES WALDETARIO P MOTA;RUA VILEBALDO AGUIAR;;0;;Colis?úo Transversal;Luz do Dia;Bom;Seca;Cruz;Pare;Residencial;0;0;2;1;0;0;0;0;0;0;0;0;-3,742103800000000;-38,483930000000000
309069;22;5;2017;08:00;5407;AV DUQ CAXIAS;RUA SOLON PINHEIRO;;0;;Colis?úo Lateral;Luz do Dia;Bom;Seca;Cruz;Sem?íforo;Comercial;0;1;2;0;1;0;0;0;0;1;0;0;-3,732767600000000;-38,526905000000000
309070;22;5;2017;11:00;0;AV BORGES DE MELO;;;1620;;Colis?úo Traseira;Luz do Dia;Bom;Seca;Meio de Quadra;Sem?íforo;Comercial;0;0;2;1;0;0;0;0;0;0;0;0;-3,756738400000000;-38,533770000000000
309071;22;5;2017;10:54;0;AV 13 DE MAIO;;;0;REITORIA;Colis?úo Lateral;Luz do Dia;Bom;Seca;Meio de Quadra;Sem?íforo;Comercial;0;0;2;0;0;0;0;0;0;1;0;0;-3,741727400000000;-38,538254000000000
309072;22;5;2017;11:09;20129;AV DEP PAULINO ROCHA;RUA POMPILIO GOMES;;0;;Colis?úo Traseira;Luz do Dia;Bom;Seca;T;Sem?íforo;Comercial;0;0;2;1;0;0;0;0;0;0;0;0;-3,809971000000000;-38,519905000000000
309073;22;5;2017;14:48;0;AV LUCIANO CARNEIRO;;;1333;;Choque c/ Obst?ículo Fixo;Luz do Dia;Bom;Seca;N?úo Informado;N?úo H?í Controle;Comercial;0;0;1;1;0;0;0;0;0;0;0;0;-3,759918500000000;-38,535130000000000
309074;22;5;2017;15:09;0;AV DOM LUIS;;;0;PRACA PORTUGAL;Colis?úo Transversal;Luz do Dia;Bom;Seca;Rotat??ria;Sem?íforo;Comercial;0;0;2;1;1;0;0;0;0;0;0;0;-3,733295200000000;-38,497050000000000
309075;22;5;2017;16:46;26249;RUA MON SALAZAR;RUA JOAO PAULINO BARROS LEAL;;0;;Colis?úo Transversal;Luz do Dia;Bom;Seca;Cruz;Pare;Residencial;0;0;2;1;0;0;0;0;0;1;0;0;-3,756449200000000;-38,518750000000000
309091;22;5;2017;06:00;22076;RUA ANTONIO MARTINS;RUA FRE MARCELINO;;0;;Colis?úo Transversal;Luz do Dia;Bom;Seca;Cruz;Pare;Residencial;0;1;1;1;0;0;0;0;0;1;0;0;-3,750028000000000;-38,558114000000000
309088;22;5;2017;19:33;0;RUA CON DE CASTRO;;;1;;Colis?úo Traseira;Via Iluminada;Bom;Seca;Meio de Quadra;N?úo H?í Controle;Comercial;0;0;0;1;0;0;0;0;0;0;0;0;-3,817633400000000;-38,601097000000000
309063;22;5;2017;08:18;7819;RUA JOAQUIM NABUCO;RUA FRANCISCO HOLANDA;;0;;Colis?úo Lateral;Luz do Dia;Bom;Seca;Cruz;Pare;Comercial;0;1;0;1;0;0;0;0;0;1;0;0;-3,748394300000000;-38,505417000000000
309064;22;5;2017;08:34;0;AV JOSE BASTOS;;;5614;;Colis?úo Traseira;Luz do Dia;Bom;Seca;Meio de Quadra;N?úo H?í Controle;Comercial;0;0;2;1;1;0;0;0;0;0;0;0;-3,760845700000000;-38,564777000000000
309065;22;5;2017;07:40;0;AV MON TABOSA;RUA HIS GUARINO ALVES;;0;;Colis?úo Transversal;Luz do Dia;Bom;Seca;Cruz;Pare;Comercial;0;0;2;1;0;0;0;0;0;0;0;0;-3,723800000000000;-38,514935000000000
309061;22;5;2017;01:20;0;AV SEN CARLOS JEREISSATI (AEROPORTO);;;3000;;Colis?úo Transversal;Via Iluminada;Bom;Seca;Meio de Quadra;N?úo H?í Controle;Comercial;0;0;2;1;0;0;0;0;0;0;0;0;-3,779972600000000;-38,541763000000000
309155;22;5;2017;22:06;0;RUA DR JOAO GUILHERME;;;91;;Colis?úo Lateral;Via Iluminada;Bom;Seca;Meio de Quadra;N?úo H?í Controle;Residencial;0;1;1;1;0;0;0;0;0;1;0;0;-3,734674700000000;-38,588680000000000
309245;22;5;2017;07:50;0;AV EDUARDO GIRAO;;;406;;Capotamento;Luz do Dia;Bom;Seca;Meio de Quadra;N?úo H?í Controle;Residencial;0;0;1;1;0;0;0;0;0;0;0;0;-3,756473000000000;-38,527515000000000
309089;23;5;2017;10:06;1351;RUA TIBURCIO CAVALCANTE;RUA DES LEITE ALBUQUERQUE;;0;;Colis?úo Transversal;Luz do Dia;Bom;Seca;Cruz;Pare;Comercial;0;2;1;1;0;0;0;0;0;1;0;0;-3,735880400000000;-38,502620000000000
309090;23;5;2017;10:00;15623;RUA VASCO DE ATAIDE;RUA VICENTE NOBRE MACEDO;;0;;Colis?úo Transversal;Luz do Dia;Bom;Seca;Cruz;Pare;Residencial;0;1;2;1;0;0;0;0;0;0;0;0;-3,824322500000000;-38,484127000000000
309081;23;5;2017;22:30;15289;RUA ANA BILHAR;AV DES MOREIRA;;0;;Colis?úo Traseira;Via Iluminada;Bom;Seca;Cruz;Sem?íforo;Residencial;0;0;1;1;0;0;0;0;0;0;0;0;-3,729483400000000;-38,496014000000000
309111;23;5;2017;16:57;620;RUA ENG JOAO NOGUEIRA;RUA COS GOUVEIA;;0;;Colis?úo Transversal;Luz do Dia;Bom;Seca;Cruz;Pare;Residencial;0;1;1;1;0;0;0;0;0;1;0;0;-3,717030000000000;-38,564110000000000
309092;23;5;2017;13:35;19730;RUA DOM MANUEL DE MEDEIROS;RUA CRUZ SALDANHA;;0;;Colis?úo Transversal;Luz do Dia;Bom;Seca;Cruz;Pare;Residencial;0;0;2;1;0;0;0;0;0;0;0;0;-3,736919400000000;-38,553680000000000
309093;23;5;2017;09:30;15225;RUA ILDEFONSO ALBANO;RUA TEN BENEVOLO;;0;;Colis?úo Transversal;Luz do Dia;Bom;Seca;Cruz;Sem?íforo;Residencial;0;0;2;1;0;0;0;0;0;0;0;0;-3,727293500000000;-38,511470000000000
309094;23;5;2017;15:06;15819;RUA STA EFIGENIA;AV JOR THOMAZ COELHO;;0;;Colis?úo Lateral;Luz do Dia;Bom;Seca;T;N?úo H?í Controle;Comercial;0;0;2;1;1;0;0;0;0;0;0;0;-3,832775800000000;-38,500572000000000
309095;23;5;2017;13:15;14442;AV SGT HERMINIO SAMPAIO;RUA RAQUEL HOLANDA;;0;;Colis?úo Transversal;Luz do Dia;Bom;Seca;T;N?úo H?í Controle;Lazer;0;1;1;1;0;0;0;0;0;1;0;0;-3,725682000000000;-38,557780000000000
309096;23;5;2017;16:32;6664;RUA JOSE HIPOLITO;RUA MIGUEL GURGEL;;0;;Colis?úo Traseira;Luz do Dia;Bom;Molhada;T;Pare;Residencial;0;0;2;1;0;0;0;0;0;0;0;0;-3,838152000000000;-38,481483000000000
309097;23;5;2017;18:30;0;RUA JUVENAL GALENO;;;1041;;Colis?úo Lateral;Mal Iluminada;Bom;Seca;Meio de Quadra;N?úo H?í Controle;Residencial;0;1;1;1;0;0;0;0;0;1;0;0;-3,751467700000000;-38,524487000000000
309098;23;5;2017;19:11;242;RUA GAL BERNARDO FIGUEIREDO;RUA COS ALVARO DE OLIVEIRA;;0;;Colis?úo Transversal;Via Iluminada;Bom;Seca;Cruz;Pare;Comercial;0;0;1;1;0;0;0;0;0;0;0;0;-3,740385500000000;-38,555126000000000
309099;23;5;2017;16:03;0;RUA CEL JUCA;AV SANTOS DUMONT;RUA DES LEITE ALBUQUERQUE;855;;Colis?úo Lateral;Luz do Dia;Bom;Seca;Meio de Quadra;N?úo H?í Controle;Comercial;0;1;1;0;0;0;0;0;0;1;0;0;-3,739104000000000;-38,491735000000000
309100;23;5;2017;17:20;15104;AV HIS RAIMUNDO GIRAO;RUA ILDEFONSO ALBANO;;0;;Colis?úo Lateral;Luz do Dia;Bom;Seca;Cruz;Sem?íforo;Residencial;0;0;1;1;0;0;0;0;0;0;0;0;-3,721603000000000;-38,509542000000000
309101;23;5;2017;18:35;0;RUA CEL MATOS DOURADO;;;963;;Colis?úo Traseira;Via Iluminada;Bom;Seca;Meio de Quadra;N?úo H?í Controle;Residencial;0;0;2;1;1;0;0;0;0;0;0;0;-3,747550500000000;-38,584724000000000
309103;23;5;2017;18:40;25121;RUA FIRMINO ROCHA AGUIAR;RUA ELISEU UCHOA BECCO;;0;;Colis?úo Transversal;Via Iluminada;Bom;Seca;Cruz;Pare;Escola;0;0;2;1;0;0;0;0;0;0;0;0;-3,763437000000000;-38,486065000000000
309104;23;5;2017;21:25;23039;AV DR SILAS MUNGUBA;RUA PARAGUACU D45;;0;;Colis?úo Lateral;Via Iluminada;Bom;Seca;Cruz;N?úo H?í Controle;Comercial;0;1;1;1;0;0;0;0;0;1;0;0;-3,790280000000000;-38,540565000000000
309084;23;5;2017;08:40;0;AV SEN FERNANDES TAVORA;;;0;;Colis?úo Lateral;Luz do Dia;Bom;Seca;Cruz;Sem?íforo;Comercial;0;0;2;1;1;0;0;0;0;0;0;0;-3,752829800000000;-38,582710000000000
309085;23;5;2017;09:01;0;AV 13 DE MAIO;;;0;;Colis?úo Transversal;Luz do Dia;Bom;Seca;Cruz;Sem?íforo;Comercial;0;0;2;1;0;0;0;0;0;0;0;0;-3,747882800000000;-38,530780000000000
309086;23;5;2017;09:00;14668;RUA JUNIOR ROCHA;RUA DES AVELAR;;0;;Colis?úo Transversal;Luz do Dia;Bom;Seca;Cruz;Pare;Comercial;0;1;1;1;0;0;0;0;0;1;0;0;-3,794672300000000;-38,488113000000000
309087;23;5;2017;08:50;15859;RUA ANGELICA GURGEL;RUA STA ANGELA;;0;;Colis?úo Traseira;Luz do Dia;Bom;Seca;Cruz;Pare;Residencial;0;0;2;1;1;0;0;0;0;0;0;0;-3,834130300000000;-38,499000000000000
305973;23;5;2017;22:50;3302;AV GAL OSORIO DE PAIVA;RUA LUIS VIEIRA;;0;;Colis?úo Traseira;Via Iluminada;Bom;Seca;Cruz;Sem?íforo;Comercial;0;1;1;1;0;0;0;0;0;1;0;0;-3,790879000000000;-38,588616000000000
320629;23;5;2017;07:25;0;AV WASHINGTON SOARES;;;840;;Colis?úo;Luz do Dia;;;Meio de Quadra;;;0;1;1;1;0;0;0;0;0;1;0;0;;
320630;23;5;2017;07:45;0;AV DOS EXPEDICIONARIOS;;;8069;;Queda;Luz do Dia;;;Meio de Quadra;;;0;1;0;0;0;0;0;0;0;1;0;0;-3,790071000000000;-38,548646300000000
320645;23;5;2017;11:02;0;RUA TULIPA;;;542;;Queda;Luz do Dia;;;Meio de Quadra;;;0;1;0;0;0;0;0;0;0;1;0;0;-3,715094000000000;-38,579778000000000
320642;23;5;2017;10:21;0;AV L CJ CEARA;;;226;;Atropelamento;Luz do Dia;;;Meio de Quadra;;;0;1;1;0;1;0;0;0;0;0;0;0;;
320638;23;5;2017;09:59;0;RUA URUCUTUBA;;;1661;;Colis?úo;Luz do Dia;;;Meio de Quadra;;;0;1;1;1;0;0;0;0;0;1;0;0;-3,798027000000000;-38,611076000000000
320640;23;5;2017;10:03;0;AV AUGUSTO DOS ANJOS;;;932;;Colis?úo;Luz do Dia;;;Meio de Quadra;;;0;1;1;1;0;0;0;0;0;1;0;0;-3,775905000000000;-38,575407000000000
320633;23;5;2017;09:40;5202;RUA PEREIRA FILGUEIRAS;RUA RODRIGUES JUNIOR;;0;;Colis?úo;Luz do Dia;;;Cruz;Pare;Comercial;0;1;1;1;0;0;0;0;0;1;0;0;-3,726304000000000;-38,519213000000000
320651;23;5;2017;12:35;21369;AV JOVITA FEITOSA;RUA CARVALHO MOTA;;0;;Colis?úo;Luz do Dia;;;Cruz;Pare;Comercial;0;1;1;1;0;0;0;0;0;1;0;0;-3,737437000000000;-38,544748000000000
320647;23;5;2017;12:01;0;AV WASHINGTON SOARES;;;6772;;Colis?úo;Luz do Dia;;Seca;Meio de Quadra;;;0;1;1;1;0;0;0;0;0;1;0;0;-3,816324000000000;-38,482487000000000
320654;23;5;2017;12:54;0;RD BR 222;;;1144;;Colis?úo;Luz do Dia;;;Meio de Quadra;;;0;1;1;1;0;0;0;0;0;1;0;0;-3,740560700000000;-38,596489000000000
320677;23;5;2017;14:23;4636;RUA JOAQUIM FROTA;RUA CRISANTO M DA ROCHA;;0;;Colis?úo;Luz do Dia;;;;;;0;2;1;0;0;0;0;0;0;1;0;0;-3,801567000000000;-38,481387000000000
320673;23;5;2017;13:55;0;AV 13 DE MAIO;;;0;;Colis?úo;Luz do Dia;;;Meio de Quadra;;;0;2;0;1;0;0;0;0;0;0;0;0;;
320674;23;5;2017;14:12;0;RUA DES LEITE ALBUQUERQUE;;;635;;Colis?úo;Luz do Dia;;;Meio de Quadra;;;0;1;1;1;0;0;0;0;0;1;0;0;-3,736911000000000;-38,499620000000000
320675;23;5;2017;14:13;0;RUA ANA MACEDO;;;180;;Colis?úo;Luz do Dia;;;Meio de Quadra;;;0;1;1;1;0;0;0;0;0;1;0;0;-3,825176859000000;-38,513685341000000
320668;23;5;2017;13:04;0;RUA DOM JOSE LOURENCO  D27;;;49;;Colis?úo;Luz do Dia;;;Meio de Quadra;;;0;1;1;1;0;0;0;0;0;1;0;0;-3,734982000000000;-38,559679000000000
320686;23;5;2017;15:56;19696;RUA GUSTAVO SAMPAIO;RUA DOM JOSE LOURENCO  D27;;0;;Colis?úo;Luz do Dia;;;Cruz;Pare;Comercial;0;1;1;1;0;0;0;0;0;1;0;0;-3,735880000000000;-38,559501000000000
320687;23;5;2017;17:10;0;AV PRS CASTELO BRANCO;;;0;;Colis?úo;Anoitecer;;;Meio de Quadra;;;0;1;1;0;0;0;0;0;0;1;0;0;;
320697;23;5;2017;17:35;0;RUA TULIPA;;;431;;Colis?úo;Anoitecer;;;Meio de Quadra;;;0;1;1;1;0;0;0;0;0;1;0;0;-3,714155000000000;-38,579427000000000
320698;23;5;2017;18:07;0;AV DIOGUINHO;;;844;;Queda;Anoitecer;;;Meio de Quadra;;;0;1;0;0;0;0;0;0;0;1;0;0;-3,743056700000000;-38,452589100000000
320699;23;5;2017;18:27;0;RUA JUVENAL DE CARVALHO;;;1044;;Colis?úo;Anoitecer;;;Meio de Quadra;;;0;1;0;0;0;0;0;0;0;0;0;0;-3,750806000000000;-38,524567000000000
320701;23;5;2017;21:02;0;RUA CON DE CASTRO;;;9448;;Queda;;;;Meio de Quadra;;;0;1;0;0;0;1;0;0;0;0;0;0;-3,824318000000000;-38,605598000000000
320702;23;5;2017;21:32;0;RUA UMARIZEIRA;;;54;;Colis?úo;;;;Meio de Quadra;;;0;1;0;0;0;0;0;0;0;0;0;0;;
320683;23;5;2017;14:37;0;RUA CEL JUCA;;;3636;;Colis?úo;Luz do Dia;;;Meio de Quadra;;;0;1;1;1;0;0;0;0;0;1;0;0;-3,738720700000000;-38,491751500000000
320684;23;5;2017;15:10;0;RUA TIBURCIO PEREIRA;;;41;;Colis?úo;Luz do Dia;;;Meio de Quadra;;;0;1;1;0;0;0;0;0;0;1;0;0;-3,795841000000000;-38,508989000000000
325005;23;5;2017;07:00;0;RD CE-060;;;500;KM-02;Colis?úo;Luz do Dia;;Seca;Meio de Quadra;;;0;0;6;1;0;0;0;0;0;1;0;0;;
325011;23;5;2017;08:30;0;RD CE-040;;;0;KM-07;Engavetamento;Luz do Dia;;Seca;Meio de Quadra;;;0;0;4;1;0;0;0;0;0;1;0;0;-3,817159445000000;-38,483032860000000
325013;23;5;2017;11:50;0;AV SEN CARLOS JEREISSATI (AEROPORTO);;;300;;Colis?úo;Luz do Dia;;Seca;Meio de Quadra;;;0;0;2;1;0;0;1;0;0;0;0;0;-3,782855215000000;-38,533470352000000
325806;23;5;2017;21:20;0;RD BR 116;;;15000;KM-15;Atropelamento de Animal;;;Seca;Meio de Quadra;;;0;1;0;0;0;0;0;0;0;1;0;0;-3,882329000000000;-38,501113000000000
305948;23;5;2017;13:30;0;AV A CJ CEARA;;;1584;;Colis?úo Lateral;Luz do Dia;Bom;Seca;Meio de Quadra;Sem?íforo Intermitente;Comercial;0;1;1;1;0;0;0;0;0;1;0;0;-3,775853000000000;-38,606124000000000
305960;23;5;2017;18:50;3882;RUA MAL DEODORO;RUA COSTA SOUZA;;0;;Colis?úo Lateral;Luz do Dia;Bom;Seca;T;;Residencial;0;2;0;1;0;0;0;0;0;1;0;0;-3,746145000000000;-38,537967000000000
305957;23;5;2017;14:00;7870;RUA FRANCISCO HOLANDA;RUA LEONARDO MOTA;;0;;Colis?úo Transversal;Luz do Dia;Bom;Seca;T;Pare;Residencial;0;2;0;1;0;0;0;0;0;0;0;0;-3,749968000000000;-38,500586000000000
305955;23;5;2017;23:45;20212;AV PRS JUSCELINO KUBITSCHEK (PASSAR?ë);RUA SAO TOMAZ DE AQUINO;;0;;Colis?úo Transversal;Via Iluminada;Bom;Seca;Cruz;Sem?íforo;Residencial;0;1;1;1;0;0;0;0;0;0;0;0;-3,813772000000000;-38,529791000000000
305952;23;5;2017;16:00;19696;RUA GUSTAVO SAMPAIO;RUA DOM JOSE LOURENCO  D27;;0;;Colis?úo Transversal;Luz do Dia;Bom;Seca;Cruz;Pare;Residencial;0;1;1;1;0;0;0;0;0;1;0;0;-3,735880000000000;-38,559501000000000
305929;23;5;2017;11:50;0;AV GAL OSORIO DE PAIVA;;;112;;Colis?úo Lateral;Luz do Dia;Bom;Seca;Meio de Quadra;N?úo H?í Controle;Comercial;0;1;0;0;0;0;1;0;0;0;0;0;-3,773612000000000;-38,564003000000000
305930;23;5;2017;15:30;17287;AV PRO GOMES DE MATOS;RUA VASCO DA GAMA;;0;;Colis?úo Lateral;Luz do Dia;Bom;Seca;Cruz;Pare;Residencial;0;2;0;1;0;0;0;0;0;0;0;0;-3,763166000000000;-38,547335000000000
305926;23;5;2017;15:00;0;RUA EDUARDO PERDIGAO;;;734;;Colis?úo Traseira;Luz do Dia;Bom;Seca;Meio de Quadra;Sem?íforo;Residencial;0;2;0;1;0;0;0;0;0;1;0;0;-3,777764600000000;-38,561848800000000
305921;23;5;2017;21:50;15277;RUA JULIO IBIAPINA;AV ANTONIO JUSTA;;0;;Colis?úo Transversal;Via Iluminada;Bom;Seca;Cruz;Sem?íforo;Residencial;0;1;1;0;0;0;0;0;0;1;0;0;-3,728875000000000;-38,490692000000000
305922;23;5;2017;16:00;19144;RUA DES WALDETARIO P MOTA;RUA PEREIRA DE MIRANDA;;0;;Colis?úo Transversal;Via Iluminada;Bom;Seca;Cruz;Pare;Comercial;0;2;0;1;0;0;0;0;0;0;0;0;-3,739627000000000;-38,482385000000000
305916;23;5;2017;10:10;0;RUA BAR ARACATI;;;121;;Colis?úo Lateral;Luz do Dia;Nublado;Seca;Meio de Quadra;N?úo H?í Controle;Residencial;0;1;1;1;0;0;0;0;0;0;0;0;;
305913;23;5;2017;17:50;0;AV PRS COSTA E SILVA;;;865;;Engavetamento;Luz do Dia;Bom;Seca;Meio de Quadra;Outros;Comercial;0;2;0;1;0;0;0;0;0;0;0;0;-3,812878000000000;-38,571484000000000
305964;24;5;2017;10:24;1399;RUA FRE MANSUETO;RUA MARCOS MACEDO;;0;;Colis?úo Frontal;Luz do Dia;Bom;Seca;Cruz;Pare;Residencial;0;2;0;1;0;0;0;0;0;0;0;0;-3,737071000000000;-38,488546000000000
305965;24;5;2017;14:30;8069;RUA DES PRAXEDES;RUA WALDERY UCHOA;;0;;Colis?úo Lateral;Luz do Dia;Bom;Seca;Cruz;Pare;Residencial;0;2;0;1;0;0;0;0;0;0;0;0;-3,758157000000000;-38,551705000000000
325811;24;5;2017;19:30;0;RD BR 222;;;600;KM-02;Colis?úo Traseira;;;Seca;Meio de Quadra;;;0;0;2;0;0;0;1;0;0;0;0;0;;
325014;24;5;2017;14:00;0;AV MIN JOSE AMERICO;;;1000;;Colis?úo;Luz do Dia;;Seca;Meio de Quadra;;;0;0;2;0;1;0;1;0;0;0;0;0;-3,809107800000000;-38,490601700000000
297675;24;5;2017;12:40;3992;RUA ALBERTO MAGNO;RUA RAUL UCHOA;;0;;Colis?úo Traseira;Luz do Dia;Bom;;Cruz;Pare;Comercial;1;2;0;1;1;1;0;0;0;0;0;0;-3,760225000000000;-38,545916000000000
320706;24;5;2017;08:16;13773;RUA FILADELFIA;RUA MARIANA P BANDEIRA;;0;;Colis?úo;Luz do Dia;;;;;;0;1;1;1;0;0;0;0;0;1;0;0;-3,775049000000000;-38,490487000000000
320708;24;5;2017;11:41;0;RUA FERNANDO FARIAS DE MELO (MANUEL S?üTIRO);;;190;;Atropelamento;Luz do Dia;;;Meio de Quadra;;;0;2;0;1;0;0;0;0;0;0;0;0;-3,791859000000000;-38,578237000000000
320732;24;5;2017;14:06;0;RUA SAO TEMOTEO;;;1924;;Colis?úo;Luz do Dia;;;Meio de Quadra;;;0;1;1;0;0;0;0;0;0;1;0;0;;
320733;24;5;2017;14:11;0;AV PRS CASTELO BRANCO;;;5926;;Colis?úo;Luz do Dia;;;Meio de Quadra;;;0;1;0;0;0;0;0;0;0;0;0;0;-3,702071000000000;-38,583445000000000
320741;24;5;2017;14:44;15342;RUA PEREIRA VALENTE;RUA OSVALDO CRUZ (ALDEOTA);;0;;Queda;Luz do Dia;;;Cruz;Pare;Residencial;0;1;0;0;0;0;0;0;0;1;0;0;-3,731621000000000;-38,499032000000000
320743;24;5;2017;15:15;0;AV SEN FERNANDES TAVORA;;;0;;Colis?úo;Luz do Dia;;;Meio de Quadra;;;0;1;1;1;0;0;0;0;0;1;0;0;;
320735;24;5;2017;14:18;0;AV CEL CARVALHO;;;0;;Colis?úo;Luz do Dia;;;Meio de Quadra;;;0;1;0;0;0;0;0;0;0;0;0;0;;
320736;24;5;2017;14:33;3998;RUA ALBERTO MAGNO;RUA SAMUEL UCHOA;;0;;Atropelamento;Luz do Dia;;;Cruz;Pare;Comercial;0;2;0;0;0;0;0;0;0;1;0;0;-3,756713000000000;-38,542824000000000
320737;24;5;2017;14:31;0;RUA PEREIRA VALENTE;;;350;;Colis?úo;Luz do Dia;;;Meio de Quadra;;;0;1;1;1;0;0;0;0;0;1;0;0;-3,731645000000000;-38,498953000000000
320703;24;5;2017;07:10;0;AV ROGACIANO LEITE;;;0;;Colis?úo;Luz do Dia;;;Meio de Quadra;;;0;1;1;1;0;0;0;0;0;1;0;0;;