COD_ACIDENTE;DIA;MES;ANO;HORA;INTERSECAO;LOG1;LOG2;LOG3;NUMERO;REFERENCIA;NATUREZA;ILUMINACAO;TEMPO;SUPERFICIEPISTA;TIPOCRUZAMENTO;CONTROLETRAFEGO;USOSOLO;MORTOS;FERIDOS;ILESOS;AUTOMOVEL;ONIBUS;BICICLETA;CAMINHAO;MICROONIBUS;CICLOMOTOR;MOTOCICLETA;TRACAOANIMAL;TREM;LATITUDE;LONGITUDE
320757;24;5;2017;18:27;0;RUA VINTE E QUATRO DE MAIO;;;1172;;Colis?úo;Anoitecer;;;Meio de Quadra;;;0;1;1;1;0;0;0;0;0;1;0;0;-3,731818000000000;-38,533589000000000
320761;24;5;2017;18:43;0;RUA PRO PAULO LOPES;;;1041;;Queda;;;;Meio de Quadra;;;0;1;0;0;0;0;0;0;0;1;0;0;-3,753738000000000;-38,590857000000000
320762;24;5;2017;18:45;0;AV BEZERRA DE MENEZES;;;113;;Atropelamento;;;;Meio de Quadra;;;0;1;1;1;0;0;0;0;0;0;0;0;-3,731776000000000;-38,545728000000000
320763;24;5;2017;19:02;5371;RUA VINTE E QUATRO DE MAIO;RUA GAL CLARINDO DE QUEIROZ;;0;;Colis?úo;;;;Cruz;Pare;Comercial;0;1;1;1;0;0;0;0;0;1;0;0;-3,731621000000000;-38,533532000000000
320764;24;5;2017;19:29;0;AV A VENEZA TROPICAL;;;986;;Atropelamento;;;;Meio de Quadra;;;0;1;1;1;0;0;0;0;0;0;0;0;-3,800217400000000;-38,542802800000000
320765;24;5;2017;21:02;0;AV MR HULL;;;0;;Colis?úo;;;;Meio de Quadra;;;0;1;1;0;0;0;0;0;0;1;0;0;;
320766;24;5;2017;21:57;0;AV ALBERTO CRAVEIRO;;;241;;Colis?úo;;;;Meio de Quadra;;;0;1;0;0;0;0;0;0;0;0;0;0;;
320746;24;5;2017;17:16;0;RUA JACINTO MATOS;;;469;;Colis?úo;Anoitecer;;;Meio de Quadra;;;0;1;1;1;0;0;0;0;0;1;0;0;-3,714935000000000;-38,546364000000000
320749;24;5;2017;17:43;6545;AV A CJ CEARA;AV H CJ CEARA;;0;;Colis?úo;Anoitecer;;;Cruz;Sem?íforo;Comercial;0;1;0;0;0;0;0;0;0;0;0;0;-3,775146000000000;-38,605924000000000
320768;24;5;2017;22:33;0;AV SIQUEIRA CAMPOS;;;1195;;Colis?úo;;;;Meio de Quadra;;;0;1;0;0;0;0;0;0;0;0;0;0;-3,814652000000000;-38,626902000000000
320769;24;5;2017;22:39;0;AV ENG HUMBERTO MONTE;;;2754;;Colis?úo;;;;Meio de Quadra;;;0;1;1;1;0;0;0;0;0;1;0;0;-3,739883000000000;-38,568167000000000
320770;24;5;2017;22:51;6788;AV SANTOS DUMONT;RUA DES WALDETARIO P MOTA;;0;;Colis?úo;;;;Cruz;Pare;Comercial;0;1;0;0;0;0;0;0;0;0;0;0;-3,741093000000000;-38,483309000000000
306013;24;5;2017;14:30;0;RUA GERMANO FRANCK;;;148;;Engavetamento;Luz do Dia;Bom;Seca;Meio de Quadra;Sem?íforo;Residencial;0;3;0;1;0;0;0;0;0;0;0;0;-3,774221000000000;-38,558441000000000
306030;24;5;2017;11:17;8950;AV BEZERRA DE MENEZES;RUA RUBIA SAMPAIO;;0;;Colis?úo Lateral;Luz do Dia;Bom;Seca;T;N?úo H?í Controle;Comercial;0;2;0;0;0;0;0;0;0;1;0;0;-3,730585000000000;-38,540176000000000
306054;24;5;2017;14:45;0;RUA PDE PERDIGAO SAMPAIO;;;342;;Colis?úo Traseira;Luz do Dia;Bom;Seca;N?úo Informado;N?úo H?í Controle;Residencial;0;1;1;1;0;0;0;0;0;0;0;0;-3,739688000000000;-38,594693000000000
306106;24;5;2017;10:00;17447;RUA PERU;RUA PRO TEODORICO;;0;;Colis?úo Lateral;Luz do Dia;Bom;Seca;Cruz;Pare;Residencial;0;2;0;1;0;0;0;0;0;1;0;0;-3,769989000000000;-38,550071000000000
306108;24;5;2017;08:25;23340;RUA JOAQUIM NABUCO;RUA EDUARDO BEZERRA;;0;;Colis?úo Lateral;Luz do Dia;Bom;Seca;Cruz;Pare;Residencial;0;2;0;1;0;0;0;0;0;0;0;0;-3,753238000000000;-38,507115000000000
306109;24;5;2017;15:48;0;RUA ERETIDES MARTINS;;;1667;;Colis?úo Traseira;Luz do Dia;Bom;Seca;Meio de Quadra;N?úo H?í Controle;Comercial;0;2;0;1;0;0;0;0;0;0;0;0;-3,734154000000000;-38,557595000000000
306111;24;5;2017;13:00;0;RUA MIN JOAQUIM BASTOS D14;;;0;;Choque c/ Obst?ículo Fixo;Luz do Dia;Bom;Seca;Meio de Quadra;Sem?íforo;Comercial;0;2;0;1;0;0;0;0;0;1;0;0;;
306113;24;5;2017;11:33;13902;RUA IEDA PEREIRA;AV SUL SITIO TUNGA;;0;;Colis?úo Traseira;Luz do Dia;Bom;Seca;T;Pare;Residencial;0;2;0;1;0;0;0;0;0;0;0;0;-3,783649000000000;-38,487678000000000
309105;24;5;2017;07:00;5077;AV PRS CASTELO BRANCO;AV ALBERTO NEPOMUCENO;;0;;Engavetamento;Luz do Dia;Bom;Seca;Meio de Quadra;N?úo H?í Controle;Comercial;0;1;2;1;0;0;0;1;0;1;0;0;-3,722863400000000;-38,523235000000000
309106;24;5;2017;07:45;20042;AV ALBERTO CRAVEIRO;AV DEP PAULINO ROCHA;;0;;Colis?úo Traseira;Luz do Dia;Bom;Seca;Rotat??ria;Pare;Lazer;0;0;2;1;0;0;0;0;0;0;0;0;-3,807455300000000;-38,524235000000000
309107;24;5;2017;08:40;0;AV JOAO PESSOA;;;4820;;Engavetamento;Luz do Dia;Bom;Seca;Meio de Quadra;Sem?íforo;Comercial;0;0;3;1;1;0;0;0;0;0;0;0;-3,754500600000000;-38,551308000000000
309108;24;5;2017;10:00;0;RUA BAR RIO BRANCO;;;665;;Colis?úo Transversal;Luz do Dia;Bom;Seca;Meio de Quadra;Sem?íforo;Comercial;0;0;2;1;0;0;0;0;0;0;0;0;-3,724136800000000;-38,527508000000000
309109;24;5;2017;10:17;0;AV JOAO DE ARAUJO LIMA;;;1661;;Colis?úo Lateral;Luz do Dia;Bom;Seca;Meio de Quadra;N?úo H?í Controle;Comercial;0;0;2;1;0;0;0;0;0;0;0;0;-3,836539700000000;-38,561424000000000
309110;24;5;2017;09:45;0;RUA MARIANA P BANDEIRA;RUA DR FRANCISCO GADELHA;;0;;Colis?úo Transversal;Luz do Dia;Bom;Seca;Meio de Quadra;N?úo H?í Controle;Residencial;0;0;2;1;0;0;0;0;0;1;0;0;-3,775054500000000;-38,490433000000000
309112;24;5;2017;13:57;12466;RUA JULIO BRAGA;RUA DES FELIX CANDIDO;;0;;Colis?úo Transversal;Luz do Dia;Bom;Seca;Cruz;Pare;Residencial;0;0;2;1;0;0;0;0;0;0;0;0;-3,775702500000000;-38,580980000000000
309113;24;5;2017;14:15;15230;RUA JOAQUIM NABUCO;RUA SILVA JATAHY;;0;;Colis?úo Lateral;Luz do Dia;Bom;Seca;Cruz;Pare;Residencial;0;0;2;1;0;0;0;0;0;0;0;0;-3,727766300000000;-38,499187000000000
309114;24;5;2017;14:15;0;RUA CEL LINHARES;;;957;;Colis?úo Transversal;Luz do Dia;Bom;Seca;Meio de Quadra;N?úo H?í Controle;Residencial;0;0;2;1;0;0;0;0;0;0;0;0;-3,736910000000000;-38,494278000000000
309115;24;5;2017;17:15;25925;RUA JACINTO MATOS;RUA MON ROSA D20/21;;469;;Colis?úo Lateral;Via Iluminada;Bom;Seca;T;Pare;Residencial;0;1;2;1;0;0;0;0;0;1;0;0;-3,715036900000000;-38,546356000000000
309116;24;5;2017;18:54;0;AV DOM LUIS;;;600;;Colis?úo Lateral;Via Iluminada;Bom;Seca;Cruz;Sem?íforo;Comercial;0;0;2;1;1;0;0;0;0;0;0;0;-3,733594000000000;-38,496056000000000
309117;24;5;2017;20:00;9036;AV AGUANAMBI;RUA PDE MATOS SERRA;;1;;Colis?úo Lateral;Via Iluminada;Bom;Seca;T;Pare;Comercial;0;0;2;0;0;0;0;0;0;0;0;0;-3,744035700000000;-38,525723000000000
309119;24;5;2017;21:49;0;RUA OSVALDO CRUZ (ALDEOTA);;;1297;;Colis?úo Transversal;Via Iluminada;Bom;Seca;Cruz;Pare;Comercial;0;0;2;1;0;0;0;0;0;0;0;0;-3,736667000000000;-38,500660000000000
309129;24;5;2017;23:30;0;RUA CEL FRANCISCO PEREIRA (MESSEJANA);;;400;;Choque c/ Obst?ículo Fixo;Via Iluminada;Bom;Seca;Meio de Quadra;N?úo H?í Controle;Comercial;0;0;1;1;0;0;0;0;0;0;0;0;-3,832698600000000;-38,493134000000000
309123;24;5;2017;14:52;0;RUA OSVALDO CRUZ;RUA PEREIRA VALENTE;;0;;Colis?úo Transversal;Luz do Dia;Bom;Seca;Cruz;Pare;Residencial;0;0;2;1;0;0;0;0;0;1;0;0;-3,731504200000000;-38,499012000000000
309476;24;5;2017;17:36;0;AV PRS CASTELO BRANCO;;;0;;Colis?úo Transversal;Luz do Dia;Bom;Seca;Meio de Quadra;Pare;Comercial;0;1;2;1;0;0;0;0;0;1;0;0;-3,803056200000000;-38,600185000000000
309343;25;5;2017;15:49;13404;RUA CARLOS VASCONCELOS;RUA JOAO BRIGIDO;;0;;Colis?úo Traseira;Luz do Dia;Bom;Seca;Cruz;Sem?íforo;Residencial;0;0;2;1;0;0;0;0;0;0;0;0;-3,741241500000000;-38,513523000000000
309124;25;5;2017;10:50;21319;RUA GUSTAVO SAMPAIO;RUA JOSE SOMBRA;;0;;Colis?úo Transversal;Luz do Dia;Bom;Seca;Cruz;Pare;Residencial;0;0;2;1;0;0;0;0;0;0;0;0;-3,733317600000000;-38,547222000000000
309125;25;5;2017;13:34;0;AV AMERICO BARREIRA;;;5193;;Colis?úo Traseira;Luz do Dia;Bom;Seca;Meio de Quadra;N?úo H?í Controle;Comercial;0;0;2;1;0;0;0;0;0;0;0;0;-3,757949800000000;-38,562440000000000
309126;25;5;2017;13:20;5709;AV OLIVEIRA PAIVA;AV DES GONZAGA;;0;;Colis?úo Traseira;Luz do Dia;Bom;Seca;Cruz;Sem?íforo;Comercial;0;0;2;1;0;0;0;0;0;0;0;0;-3,797007600000000;-38,499730000000000
309127;25;5;2017;14:18;0;RUA MATOS VASCONCELOS;TR 15 DE JANEIRO;;1358;;Choque c/ Obst?ículo Fixo;Luz do Dia;Bom;Seca;T;Pare;Residencial;0;0;1;0;0;0;0;0;0;0;0;0;-3,756328300000000;-38,555046000000000
309140;25;5;2017;10:45;9144;RUA CEL PERGENTINO FERREIRA;RUA JUVENAL DE CARVALHO;;0;;Colis?úo Lateral;Luz do Dia;Bom;Seca;Cruz;Pare;Comercial;0;0;2;1;0;0;0;0;0;0;0;0;-3,748697000000000;-38,524850000000000
309130;25;5;2017;16:27;0;AV PRS JUSCELINO KUBITSCHEK (PASSAR?ë);;;3707;;Colis?úo Traseira;Luz do Dia;Bom;Seca;Meio de Quadra;N?úo H?í Controle;Residencial;0;0;2;1;0;0;0;0;0;0;0;0;-3,814731100000000;-38,530670000000000
309131;25;5;2017;15:44;0;AV GODOFREDO MACIEL;;;4190;;Colis?úo Lateral;Luz do Dia;Bom;Seca;Meio de Quadra;Sem?íforo;Comercial;0;0;2;1;0;0;0;0;0;0;0;0;-3,811258300000000;-38,574722000000000
309132;25;5;2017;17:20;19166;RUA JOAQUIM LIMA;RUA JULIO AZEVEDO;;0;;Colis?úo Transversal;Via Iluminada;Bom;Seca;Cruz;Pare;Comercial;0;0;2;1;0;0;0;0;0;0;0;0;-3,740877400000000;-38,480910000000000
309133;25;5;2017;18:45;0;AV PRS CASTELO BRANCO;;;3580;;Colis?úo Traseira;Via Iluminada;Bom;Seca;Meio de Quadra;Sem?íforo;Comercial;0;0;2;1;0;0;0;0;0;0;0;0;-3,709749700000000;-38,563920000000000
309134;25;5;2017;19:13;0;AV ALBERTO CRAVEIRO;;;0;;Colis?úo Traseira;Via Iluminada;Bom;Seca;Meio de Quadra;D?¬ Prefer?¬ncia;Comercial;0;1;1;0;0;0;0;0;0;1;0;0;-3,806657000000000;-38,524746000000000
309135;25;5;2017;18:45;0;AV AUGUSTO DOS ANJOS;;;252;;Colis?úo Lateral;Via Iluminada;Bom;Seca;Meio de Quadra;N?úo H?í Controle;Residencial;0;0;2;1;1;0;0;0;0;0;0;0;-3,771489400000000;-38,571270000000000
309136;25;5;2017;21:05;0;AV EDUARDO GIRAO;;;340;;Colis?úo Traseira;Anoitecer;Bom;Seca;Outros;Sem?íforo;Residencial;0;0;3;1;0;0;0;0;0;0;0;0;-3,748797200000000;-38,539670000000000
309137;25;5;2017;20:27;0;AV CEL CARVALHO;;;1119;PONTE DO RIO CEARA;Colis?úo Traseira;Mal Iluminada;Bom;Seca;Meio de Quadra;N?úo H?í Controle;Residencial;0;0;3;1;1;0;0;0;0;1;0;0;-3,701978700000000;-38,590286000000000
309120;25;5;2017;09:40;19544;RUA NEREU RAMOS;RUA COSTA FREIRE;;0;;Colis?úo Transversal;Luz do Dia;Bom;Seca;Cruz;Pare;Comercial;0;0;2;1;0;0;0;0;0;1;0;0;-3,782728700000000;-38,576380000000000
309121;25;5;2017;08:54;8953;RUA PDE GRACA;AV BEZERRA DE MENEZES;;0;;Colis?úo Lateral;Luz do Dia;Bom;Seca;T;Pare;Comercial;0;0;1;1;0;0;0;0;0;0;0;0;-3,732038500000000;-38,545998000000000
309122;25;5;2017;08:10;0;RUA TIBURCIO CAVALCANTE;;;1573;;Colis?úo Lateral;Luz do Dia;Bom;Seca;Meio de Quadra;N?úo H?í Controle;Comercial;0;1;0;1;0;0;0;0;0;1;0;0;-3,738445800000000;-38,503510000000000
309118;25;5;2017;20:16;0;AV LINEU MACHADO;;;934;;Colis?úo Lateral;Anoitecer;Bom;Seca;Outros;N?úo H?í Controle;Comercial;0;0;2;1;0;0;0;0;0;0;0;0;-3,768050000000000;-38,578125000000000
309251;25;5;2017;09:20;25140;RUA CAIO CID;AV ALM MAXIMIANO DA FONSECA;;0;;Colis?úo Traseira;Luz do Dia;Bom;Seca;T;Sem?íforo;Comercial;0;0;2;0;1;0;0;0;0;0;0;0;-3,771762000000000;-38,483850000000000
309252;25;5;2017;10:10;12840;RUA CARLOS GOMES;RUA SOLON PINHEIRO;;0;;Colis?úo Lateral;Luz do Dia;Bom;Seca;Cruz;Pare;Comercial;0;0;2;1;0;0;0;0;0;0;0;0;-3,740484500000000;-38,529743000000000
309156;25;5;2017;16:45;0;AV ABOLICAO;;;3825;;Atropelamento;Anoitecer;Bom;Seca;Meio de Quadra;N?úo H?í Controle;Comercial;0;1;1;0;1;0;0;0;0;0;0;0;-3,725579300000000;-38,485477000000000
306122;25;5;2017;08:20;5031;RUA PESSOA ANTA;AV ALM TAMANDARE;;0;;Colis?úo;;Bom;Seca;Cruz;Pare;Comercial;0;2;0;1;0;0;0;0;0;1;0;0;-3,720821000000000;-38,519885000000000
305977;25;5;2017;18:00;25062;AV DOS EXPEDICIONARIOS;RUA PDE AMBROSIO MACHADO;;0;;Colis?úo;Anoitecer;;;Cruz;Pare;Residencial;0;2;0;0;0;1;0;0;0;1;0;0;-3,760838000000000;-38,539946000000000
306138;25;5;2017;08:00;0;AV PRS CASTELO BRANCO;;;357;;Colis?úo;Luz do Dia;Bom;Seca;Meio de Quadra;N?úo H?í Controle;Comercial;0;2;0;1;1;0;0;0;0;0;0;0;-3,719811122000000;-38,531390442000000
306139;25;5;2017;16:30;1380;RUA TORRES CAMARA;RUA NUNES VALENTE;;0;;Colis?úo Transversal;Luz do Dia;Bom;Seca;Cruz;Pare;Residencial;0;2;0;1;0;0;0;0;0;1;0;0;-3,736618000000000;-38,503856000000000
306141;25;5;2017;14:10;3975;RUA PRO COSTA MENDES;RUA ALBERTO MAGNO;;0;;Colis?úo Traseira;Luz do Dia;Bom;Molhada;Cruz;Sem?íforo;Residencial;0;2;0;1;0;0;0;0;0;1;0;0;-3,757528000000000;-38,543548000000000
306146;25;5;2017;09:00;0;RUA CEL LINHARES;;;950;;Colis?úo Lateral;Luz do Dia;Bom;Seca;Meio de Quadra;N?úo H?í Controle;Comercial;0;2;0;1;0;0;0;0;0;0;0;0;-3,737411000000000;-38,494424000000000
306147;25;5;2017;19:20;22089;RUA GUSTAVO BRAGA;RUA FRE MARCELINO;;0;;Colis?úo Transversal;;Bom;Seca;Cruz;Pare;Residencial;0;2;0;0;0;0;0;0;0;1;0;0;-3,747811000000000;-38,556125000000000
306148;25;5;2017;13:29;0;RUA PESSOA ANTA;;;109;;Colis?úo Lateral;Luz do Dia;Bom;Seca;Meio de Quadra;;Comercial;0;2;0;1;0;0;0;0;0;0;0;0;-3,721096000000000;-38,521905000000000
306149;25;5;2017;11:50;0;AV EDILSON B SOARES;;;1725;;Colis?úo Lateral;Luz do Dia;Bom;Seca;Meio de Quadra;N?úo H?í Controle;Residencial;0;2;0;1;0;0;0;0;0;0;0;0;-3,788578000000000;-38,470346000000000
306150;25;5;2017;13:35;0;AV COS GOMES DE FREITAS (SAPIRANGA/COITE);;;2975;;Colis?úo Lateral;Luz do Dia;Bom;Seca;Meio de Quadra;N?úo H?í Controle;Residencial;0;2;0;1;0;0;1;0;0;0;0;0;-3,795657000000000;-38,479276000000000
306151;25;5;2017;20:00;3121;AV LINEU MACHADO;RUA MARIA QUINTELA;;0;;Colis?úo Transversal;Luz do Dia;Bom;Seca;Cruz;N?úo H?í Controle;Residencial;0;2;0;1;0;0;0;0;0;1;0;0;-3,777615000000000;-38,583045000000000
306144;25;5;2017;08:35;25101;AV GAL OSORIO DE PAIVA;RUA NAPOLEAO QUEZADO;;0;;Colis?úo Lateral;Luz do Dia;Bom;Seca;Cruz;N?úo H?í Controle;Comercial;0;2;0;1;0;0;0;0;0;1;0;0;-3,776593000000000;-38,568029000000000
306156;25;5;2017;19:10;17297;AV PRO GOMES DE MATOS;RUA EDUARDO ANGELIM;;0;;Colis?úo Lateral;Via Iluminada;Bom;Seca;Cruz;Pare;Comercial;0;2;0;0;0;0;0;0;0;1;0;0;-3,763719000000000;-38,547809000000000
325016;25;5;2017;08:00;0;AV SEN CARLOS JEREISSATI (AEROPORTO);;;0;KM 01;Colis?úo;Luz do Dia;;Seca;Meio de Quadra;;;0;0;2;1;0;0;1;0;0;0;0;0;-3,783753000000000;-38,526850000000000
325018;25;5;2017;19:00;0;AV SEN CARLOS JEREISSATI (AEROPORTO);;;0;KM 01;Colis?úo;Via Iluminada;;Seca;Meio de Quadra;;;0;0;2;1;0;0;1;0;0;0;0;0;-3,783753000000000;-38,526850000000000
325720;25;5;2017;21:44;0;AV N CJ JOSE WALTER;;;0;;Colis?úo;;;;Meio de Quadra;;;0;1;0;0;0;0;0;0;0;0;0;0;;
325722;25;5;2017;21:56;0;RUA CATOLE;;;0;;Colis?úo;;;;Meio de Quadra;;;0;1;0;1;0;0;0;0;0;1;0;0;;
325725;25;5;2017;21:57;19469;AV AUGUSTO DOS ANJOS;AV GAL OSORIO DE PAIVA;;0;;Colis?úo;;;;;N?úo H?í Controle;Residencial;0;1;0;1;0;0;0;0;0;1;0;0;-3,787349000000000;-38,584939000000000
325728;25;5;2017;22:19;0;AV UM (ARVOREDO);;;2401;;Atropelamento;;;;Meio de Quadra;;;0;1;0;1;0;0;0;0;0;0;0;0;;
325714;25;5;2017;21:00;24236;AV ENG ALBERTO SA;RUA DES WALDETARIO P MOTA;;0;;Colis?úo;;;;Cruz;Sem?íforo;Comercial;0;1;0;1;0;0;0;0;0;1;0;0;-3,733736000000000;-38,478690000000000
325700;25;5;2017;18:46;0;AV PRO GOMES DE MATOS;;;1290;;Colis?úo;;;;Meio de Quadra;;;0;2;0;1;0;0;0;0;0;1;0;0;-3,763656000000000;-38,547755000000000
325685;25;5;2017;18:10;0;AV CASTELO DE CASTRO;;;417;;Colis?úo;Anoitecer;;;Meio de Quadra;;;0;1;0;1;0;0;0;0;0;1;0;0;-3,832757000000000;-38,521548000000000
325687;25;5;2017;18:18;0;AV RAD JOSE LIMA VERDE;;;1119;;Colis?úo;Anoitecer;;;Meio de Quadra;;;0;1;0;0;0;0;0;0;0;0;0;0;-3,702183000000000;-38,590575000000000
325688;25;5;2017;18:24;1507;RUA BAR ARACATI;RUA PDE VALDEVINO;;0;;Colis?úo;Anoitecer;;;Cruz;Pare;Comercial;0;1;0;1;0;0;0;0;0;1;0;0;-3,739898000000000;-38,514377000000000
325675;25;5;2017;15:55;0;RUA MAL DEODORO;;;0;;Colis?úo;Luz do Dia;;;Meio de Quadra;;;0;1;0;1;0;0;0;0;0;0;0;0;;
325678;25;5;2017;16:21;0;RUA ALM RUBIM;;;1400;;Colis?úo;Luz do Dia;;;Meio de Quadra;;;0;1;0;1;0;0;0;0;0;1;0;0;-3,769637000000000;-38,556027900000000
325680;25;5;2017;16:50;0;AV ABOLICAO;;;3835;;Atropelamento;Luz do Dia;;;Meio de Quadra;;;0;1;0;0;1;0;0;0;0;0;0;0;-3,725549000000000;-38,485119000000000
325682;25;5;2017;16:55;0;AV AUGUSTO DOS ANJOS;;;0;;Colis?úo;Luz do Dia;;;Meio de Quadra;;;0;1;0;0;0;0;0;0;0;0;0;0;;
325683;25;5;2017;18:04;0;AV AUGUSTO DOS ANJOS;;;0;;Colis?úo;Anoitecer;;;Meio de Quadra;;;0;0;1;0;0;0;0;0;0;0;0;0;;
325623;25;5;2017;05:46;0;RUA PRO NELSON;;;309;;Colis?úo;Amanhecer;;;Meio de Quadra;;;0;1;0;1;0;0;0;0;0;1;0;0;-3,790634000000000;-38,516309000000000
325631;25;5;2017;07:15;10054;RUA OLIVEIRA SOBRINHO;RUA ANTONIO NERY;;0;;Colis?úo;Luz do Dia;;;Cruz;Pare;Comercial;0;1;0;1;0;0;0;0;0;1;0;0;-3,778827000000000;-38,600388000000000
325633;25;5;2017;08:36;25154;RUA VICENTE LEITE;RUA BENI DE CARVALHO;;0;;Colis?úo;Luz do Dia;;;Cruz;Pare;Residencial;0;0;1;1;0;0;0;0;0;1;0;0;-3,745037000000000;-38,497966000000000
325647;25;5;2017;09:31;0;AV PRS CASTELO BRANCO;;;0;;Queda;Luz do Dia;;;Meio de Quadra;;;0;1;0;0;0;0;0;0;0;1;0;0;;
325648;25;5;2017;10:28;0;AV PRS COSTA E SILVA;;;898;;Colis?úo;Luz do Dia;;;Meio de Quadra;;;0;0;1;1;0;0;0;0;0;1;0;0;-3,812963000000000;-38,571228000000000
325650;25;5;2017;10:30;0;AV JOSE BASTOS;;;3250;;Colis?úo;Luz do Dia;;;Meio de Quadra;;;0;1;0;1;0;0;0;0;0;1;0;0;-3,748698000000000;-38,549161000000000
325652;25;5;2017;11:51;0;AV JOVITA FEITOSA;;;0;;Colis?úo;Luz do Dia;;;Meio de Quadra;;;0;1;0;1;0;0;0;0;0;1;0;0;;
325654;25;5;2017;12:30;0;RUA CAP GUSTAVO;;;3552;;Colis?úo;Luz do Dia;;;Meio de Quadra;;;0;1;0;1;0;0;0;0;0;1;0;0;-3,752176000000000;-38,517318000000000
325657;25;5;2017;14:41;7982;RUA MAJ WEYNE;RUA CARLOS CAMARA;;0;;Colis?úo;Luz do Dia;;;Cruz;Pare;Residencial;0;2;0;1;0;0;0;0;0;1;0;0;-3,748600000000000;-38,544497000000000
325731;26;5;2017;00:21;0;AV CARNEIRO DE MENDONCA;;;1648;;Queda;;;;Meio de Quadra;;;0;1;0;0;0;0;0;0;0;1;0;0;-3,760803000000000;-38,573146000000000
325737;26;5;2017;06:22;0;AV SEN FERNANDES TAVORA;;;1446;;Colis?úo;Luz do Dia;;;Meio de Quadra;;;0;1;0;0;0;0;0;0;0;1;0;0;-3,760313157000000;-38,585658238000000
325734;26;5;2017;04:52;0;AV PERIMETRAL;;;217;;Colis?úo;;;;Meio de Quadra;;;0;1;0;0;0;0;0;0;0;0;0;0;;
325812;26;5;2017;20:17;0;RUA FERNANDO FARIAS DE MELO (MANUEL S?üTIRO);;;924;;Colis?úo;;;;Meio de Quadra;;;0;1;0;0;1;0;0;0;0;1;0;0;-3,798822000000000;-38,578511000000000
325813;26;5;2017;20:28;0;RUA ARTUR DE SOUZA;;;987;;Colis?úo;;;;Meio de Quadra;;;0;3;0;0;0;0;0;0;0;0;0;0;-3,826493000000000;-38,574343000000000
325814;26;5;2017;15:20;0;RD BR 116;;;3000;KM-03;Colis?úo Traseira;Luz do Dia;;Seca;Meio de Quadra;;;0;1;2;1;0;0;0;0;0;1;0;0;-3,779838000000000;-38,514372000000000
325810;26;5;2017;19:04;0;AV MR HULL;;;0;;Atropelamento;;;;Meio de Quadra;;;0;1;0;0;0;0;1;0;0;0;0;0;;
325822;26;5;2017;21:24;13932;RUA VER PEDRO PAULO MOREIRA;RUA MARQUES DE PINHO;;0;;Colis?úo;;;;;;;0;2;0;1;0;0;0;0;0;1;0;0;-3,786811000000000;-38,492036000000000
325807;26;5;2017;18:10;0;RUA JARDIM FLUMINENSE;;;1900;;Queda;Anoitecer;;;Meio de Quadra;;;0;1;0;0;0;0;0;0;0;1;0;0;-3,808430000000000;-38,604985000000000
325801;26;5;2017;17:12;0;RUA VALMIR PONTES;;;0;;Colis?úo;Anoitecer;;;Meio de Quadra;;;0;1;0;1;0;0;0;0;0;1;0;0;;
325802;26;5;2017;18:03;0;RUA CON DE CASTRO;;;3084;;Colis?úo;Anoitecer;;;Meio de Quadra;;;0;1;0;1;0;0;0;0;0;1;0;0;-3,795569000000000;-38,583201000000000
325792;26;5;2017;13:14;0;RUA JULIO SILVA;;;440;;Queda;Luz do Dia;;;Meio de Quadra;;;0;1;0;0;0;1;0;0;0;0;0;0;;
325796;26;5;2017;14:19;12818;RUA ALBERTO MAGNO;RUA ANDRE CHAVES;;0;;Colis?úo;Luz do Dia;;;Cruz;Pare;Comercial;0;1;0;1;0;0;0;0;0;1;0;0;-3,756035000000000;-38,542230000000000
325797;26;5;2017;16:01;0;RUA UIRAPURU;;;1700;;Acidente Pessoal;Luz do Dia;;;Meio de Quadra;;;0;0;1;0;0;0;0;0;0;1;0;0;-3,795614000000000;-38,578767000000000
325788;26;5;2017;12:37;0;RUA DO POENTE;;;165;;Queda;Luz do Dia;;;Meio de Quadra;;;0;2;0;0;0;0;0;0;0;1;0;0;-3,700118300000000;-38,581536500000000
325799;26;5;2017;16:27;11847;RUA JACINTO MATOS;AV FRANCISCO SA;;0;;Colis?úo;Luz do Dia;;;Cruz;;Residencial;0;1;0;1;0;0;0;0;0;1;0;0;-3,720881000000000;-38,546796000000000
325780;26;5;2017;11:08;0;RUA BAR AQUIRAZ;;;0;;Queda;Luz do Dia;;;Meio de Quadra;;;0;1;0;0;0;0;0;0;0;1;0;0;;
325781;26;5;2017;11:56;0;AV FRANCISCO SA;;;3849;;Colis?úo;Luz do Dia;;;Meio de Quadra;;;0;1;0;1;0;0;0;0;0;1;0;0;-3,716718000000000;-38,559397000000000
325775;26;5;2017;09:59;0;AV SEN FERNANDES TAVORA;;;3228;;Colis?úo;Luz do Dia;;;Meio de Quadra;;;0;1;0;0;0;0;0;0;0;0;0;0;-3,754751000000000;-38,600352000000000
325768;26;5;2017;07:52;0;AV SEN FERNANDES TAVORA;;;0;;Colis?úo;Luz do Dia;;;Meio de Quadra;;;0;1;0;1;0;0;0;0;0;1;0;0;;
325773;26;5;2017;07:59;0;AV CEL CARVALHO;;;935;;Colis?úo;Luz do Dia;;;Meio de Quadra;;;0;1;0;1;0;0;0;0;0;1;0;0;-3,710798000000000;-38,589612000000000