COD_ACIDENTE;DIA;MES;ANO;HORA;INTERSECAO;LOG1;LOG2;LOG3;NUMERO;REFERENCIA;NATUREZA;ILUMINACAO;TEMPO;SUPERFICIEPISTA;TIPOCRUZAMENTO;CONTROLETRAFEGO;USOSOLO;MORTOS;FERIDOS;ILESOS;AUTOMOVEL;ONIBUS;BICICLETA;CAMINHAO;MICROONIBUS;CICLOMOTOR;MOTOCICLETA;TRACAOANIMAL;TREM;LATITUDE;LONGITUDE
325747;26;5;2017;07:12;0;AV CASTELO DE CASTRO;;;2463;;Colis?úo;Luz do Dia;;;Meio de Quadra;;;0;1;0;1;0;0;0;0;0;1;0;0;-3,849232000000000;-38,522762000000000
325759;26;5;2017;07:33;0;AV DR SILAS MUNGUBA;;;501;;Colis?úo;Luz do Dia;;;Meio de Quadra;;;0;0;1;1;0;0;0;0;0;1;0;0;-3,778887000000000;-38,561030000000000
325835;26;5;2017;21:28;24984;RUA BENTO ALBUQUERQUE;AV ALM HENRIQUE SABOIA;;0;;Colis?úo;;;;T;Sem?íforo;Comercial;0;2;0;0;0;0;0;0;0;0;0;0;-3,742019000000000;-38,488529000000000
325840;26;5;2017;21:40;0;AV GODOFREDO MACIEL;;;157;;Atropelamento;;;;Meio de Quadra;;;0;1;0;0;0;0;0;0;0;0;0;0;-3,777813000000000;-38,564197000000000
325842;26;5;2017;22:06;0;RUA CEL FABRICIANO;;;1123;;Atropelamento;;;;Meio de Quadra;;;0;1;0;1;0;0;0;0;0;0;0;0;-3,784442000000000;-38,601829000000000
325023;26;5;2017;17:00;0;RD CE-040;;;0;KM-02;Colis?úo;Anoitecer;;Seca;Meio de Quadra;;;0;0;2;1;0;0;0;0;0;0;0;0;-3,773616148000000;-38,481799400000000
325025;26;5;2017;21:50;0;RD CE-060;;;300;KM-01;Colis?úo;Via Iluminada;;Seca;Meio de Quadra;;;0;0;2;1;0;0;0;0;0;1;0;0;;
325026;26;5;2017;14:30;0;RD CE-040;;;0;KM-07;Colis?úo;Luz do Dia;;Seca;Meio de Quadra;;;0;0;3;1;0;0;0;0;0;0;0;0;-3,817159445000000;-38,483032860000000
325027;26;5;2017;20:20;0;RD CE-040;;;0;KM-03;Colis?úo;Via Iluminada;;Seca;Meio de Quadra;;;0;0;3;1;0;0;0;0;0;0;0;0;-3,782614325000000;-38,481083900000000
305978;26;5;2017;16:10;0;RUA VIA LACTEA;;;374;;;Luz do Dia;Bom;Seca;Meio de Quadra;N?úo H?í Controle;Residencial;0;0;4;1;0;0;0;0;0;0;0;0;-3,763618700000000;-38,529763500000000
305982;26;5;2017;06:05;0;AV JOSE BASTOS;;;2846;;Colis?úo Traseira;Luz do Dia;Nublado;Molhada;Meio de Quadra;Outros;Comercial;0;1;1;1;1;0;0;0;0;0;0;0;-3,745685000000000;-38,546108000000000
305987;26;5;2017;10:24;1242;RUA COSTA BARROS;RUA DR JOSE LOURENCO;;0;;Colis?úo Lateral;Luz do Dia;Bom;Seca;Cruz;Pare;Comercial;0;0;2;1;0;0;0;0;0;0;0;0;-3,731870000000000;-38,506927000000000
305991;26;5;2017;13:00;15290;RUA JOAQUIM NABUCO;RUA CANUTO DE AGUIAR;;0;;Colis?úo Transversal;Luz do Dia;Bom;Seca;Cruz;Pare;Residencial;0;0;2;1;0;0;0;0;0;0;0;0;-3,729360000000000;-38,499390000000000
305997;26;5;2017;07:20;19155;RUA JULIO AZEVEDO;RUA PEREIRA DE MIRANDA;;0;;Colis?úo Transversal;Luz do Dia;Nublado;Molhada;Cruz;Pare;Residencial;0;0;2;1;0;0;0;0;0;0;0;0;-3,740205000000000;-38,480558000000000
306003;26;5;2017;11:45;0;RUA PDE VALDEVINO;;;2640;;Colis?úo Traseira;Luz do Dia;Nublado;Seca;Meio de Quadra;Outros;Comercial;0;0;2;1;0;0;0;0;0;0;0;0;-3,743731000000000;-38,502005000000000
306005;26;5;2017;22:40;6721;AV ENG SANTANA JUNIOR;RUA BENTO ALBUQUERQUE;;0;;Colis?úo Lateral;Via Iluminada;Bom;Seca;Cruz;Sem?íforo;Comercial;0;0;2;1;0;0;0;0;0;0;0;0;-3,742678000000000;-38,486538000000000
306039;26;5;2017;16:00;26083;AV BEZERRA DE MENEZES;AV JOSE JATAHY;;0;;Colis?úo Traseira;Via Iluminada;Bom;Seca;Cruz;Sem?íforo;Comercial;0;0;2;1;0;0;0;0;0;0;0;0;-3,731558666000000;-38,544826854000000
306015;26;5;2017;02:30;8620;AV EDILSON B SOARES;RUA FIRMINDO ANANIAS CARDOSO;;0;;Colis?úo Lateral;Via Iluminada;Bom;Seca;Cruz;N?úo H?í Controle;Comercial;0;0;2;1;0;0;0;0;0;0;0;0;;
306017;26;5;2017;16:30;17395;RUA ALBERTO MAGNO;RUA TEN MOACIR MATOS;;0;;Colis?úo Transversal;Via Iluminada;Bom;Seca;Cruz;Pare;Comercial;0;1;1;1;0;0;0;0;0;1;0;0;-3,767411000000000;-38,552117000000000
306019;26;5;2017;21:00;12685;AV CEL CARVALHO;AV DA INDEPENDENCIA;;0;;Colis?úo;Via Iluminada;Bom;Seca;Cruz;Sem?íforo;Comercial;0;1;1;1;0;1;0;0;0;0;0;0;-3,728711000000000;-38,584952000000000
306012;26;5;2017;16:00;0;RUA DEMETRIO MENEZES;;;3303;;Engavetamento;Luz do Dia;Bom;Seca;Meio de Quadra;N?úo H?í Controle;Industrial;0;0;3;1;0;0;0;0;0;0;0;0;-3,732697000000000;-38,584411000000000
306029;26;5;2017;22:15;0;AV DES GONZAGA;;;0;;Colis?úo Transversal;Via Iluminada;Bom;Seca;Meio de Quadra;N?úo H?í Controle;Comercial;0;0;2;1;0;0;0;0;0;0;0;0;;
309157;26;5;2017;17:00;8933;AV DOMINGOS OLIMPIO;RUA RUBIA SAMPAIO;;0;;Colis?úo Transversal;Anoitecer;Bom;Seca;Cruz;Pare;Residencial;0;1;1;0;0;0;0;0;0;1;0;0;-3,733286000000000;-38,540897000000000
309158;26;5;2017;18:53;25653;RUA GAL BERNARDO FIGUEIREDO;RUA PRO JOSE DE BARCELOS;;0;;Colis?úo Traseira;Via Iluminada;Bom;Seca;Cruz;Cancela;Residencial;0;0;0;1;0;0;0;0;0;1;0;0;-3,739129000000000;-38,549790000000000
309159;26;5;2017;21:14;12521;AV AUGUSTO DOS ANJOS;RUA JULIO BRAGA;;0;;Colis?úo Transversal;Via Iluminada;Bom;Seca;Cruz;Sem?íforo;Comercial;0;0;1;1;0;0;0;0;0;0;0;0;-3,776512900000000;-38,576202000000000
309147;26;5;2017;13:10;0;RUA GRACA ARANHA;;;331;;Colis?úo Transversal;Luz do Dia;Bom;Seca;;;;0;1;0;0;0;0;0;0;0;1;0;0;-3,707880500000000;-38,573050000000000
309148;26;5;2017;13:12;5215;RUA PEDRO PEREIRA;RUA PDE MORORO;;0;;Colis?úo Transversal;Luz do Dia;Nublado;Seca;Cruz;Sem?íforo;Comercial;0;2;1;0;1;0;0;0;0;1;0;0;-3,726354100000000;-38,537766000000000
309149;26;5;2017;11:20;7645;RUA PERNAMBUCO;RUA ESTADO DO RIO;;0;;Colis?úo Lateral;Luz do Dia;Bom;Seca;Cruz;Pare;Residencial;0;0;3;1;0;0;0;0;0;0;0;0;-3,758340100000000;-38,570843000000000
309150;26;5;2017;14:11;0;RUA CEL DIONISIO ALENCAR;RUA PRO JOSE MILTON;;0;;Colis?úo Transversal;Luz do Dia;Bom;Seca;T;N?úo H?í Controle;Residencial;0;0;2;1;0;0;0;0;0;0;0;0;-3,845377000000000;-38,502064000000000
309151;26;5;2017;14:03;0;AV JOSE BASTOS;;;3612;;Engavetamento;Luz do Dia;Bom;Seca;Meio de Quadra;Sem?íforo;Comercial;0;0;3;1;0;0;0;1;0;0;0;0;-3,750671400000000;-38,551163000000000
309152;26;5;2017;14:51;5121;RUA GUILHERME ROCHA;RUA PDE MORORO;;0;;Colis?úo Lateral;Luz do Dia;Bom;Seca;Cruz;Sem?íforo;Comercial;0;0;2;0;1;0;0;0;0;0;0;0;-3,723949000000000;-38,537240000000000
309153;26;5;2017;16:13;0;AV FRE CIRILO;;;4000;;Engavetamento;Luz do Dia;Bom;Seca;Meio de Quadra;N?úo H?í Controle;Comercial;0;0;2;1;0;0;0;1;0;0;0;0;-3,819037400000000;-38,496765000000000
309154;26;5;2017;16:38;5159;AV IMPERADOR;RUA GUILHERME ROCHA;;0;;Colis?úo Lateral;Luz do Dia;Bom;Seca;Cruz;Sem?íforo;Comercial;0;1;1;0;1;0;0;0;0;1;0;0;-3,725037300000000;-38,534004000000000
309163;26;5;2017;16:31;0;AV DIOGUINHO;;;6415;;Choque c/ Obst?ículo Fixo;Luz do Dia;Bom;Seca;Meio de Quadra;N?úo H?í Controle;Residencial;0;0;1;1;0;0;0;0;0;0;0;0;-3,769859600000000;-38,439137000000000
309186;26;5;2017;17:03;0;AV DEP PAULINO ROCHA;;;1391;;Colis?úo Traseira;Luz do Dia;Bom;Seca;Meio de Quadra;Sem?íforo;Comercial;0;0;2;1;0;0;0;0;0;0;0;0;-3,811163000000000;-38,510098000000000
309138;26;5;2017;07:28;25720;AV I CJ JOSE WALTER;RUA POE MARIO LINHARES (J.WALTER);;0;;Colis?úo Lateral;Luz do Dia;Nublado;Molhada;Cruz;Pare;Residencial;0;1;1;1;0;1;0;0;0;0;0;0;-3,823747200000000;-38,550434000000000
309139;26;5;2017;07:20;25351;AV PRS JUSCELINO KUBITSCHEK (PASSAR?ë);RUA MARINHO E SILVA;;0;;Colis?úo Frontal;Luz do Dia;Nublado;Molhada;T;Pare;Comercial;0;1;1;0;0;0;0;0;0;1;0;0;-3,821522000000000;-38,535280000000000
309141;26;5;2017;09:02;0;AV TRISTAO GONCALVES;;;1409;;Colis?úo;Luz do Dia;Nublado;Molhada;Meio de Quadra;N?úo H?í Controle;Comercial;0;1;0;0;0;0;0;0;0;1;0;0;-3,734327600000000;-38,535362000000000
309142;26;5;2017;07:16;0;AV CEL CARVALHO;;;0;;Colis?úo Traseira;Luz do Dia;Bom;Molhada;Meio de Quadra;Sem?íforo;Residencial;0;0;2;1;1;0;0;0;0;0;0;0;-3,733040000000000;-38,584316000000000
309143;26;5;2017;07:55;376;RUA GAL BERNARDO FIGUEIREDO;RUA PRO ANACLETO;;1;;Colis?úo Transversal;Luz do Dia;Nublado;Seca;T;Pare;Comercial;0;0;2;1;0;0;0;0;0;0;0;0;-3,739593700000000;-38,551860000000000
309144;26;5;2017;09:13;1257;RUA COSTA BARROS;RUA SILVA PAULET;;0;;Colis?úo Transversal;Luz do Dia;Bom;Seca;Cruz;Pare;Comercial;0;1;1;1;0;0;0;0;0;1;0;0;-3,732591000000000;-38,504852000000000
309145;26;5;2017;09:20;21395;RUA MAL LOTT;RUA CON BRAVEZA;;0;;Colis?úo Lateral;Luz do Dia;Bom;Seca;Meio de Quadra;Pare;Comercial;0;1;1;1;0;0;0;0;0;1;0;0;-3,801284300000000;-38,496117000000000
306799;26;5;2017;18:20;20145;RUA PRO JOSE SILVEIRA;RUA POMPILIO GOMES;;0;;Colis?úo Transversal;Via Iluminada;Bom;Seca;Cruz;Pare;Residencial;0;0;2;1;0;0;0;0;0;0;0;0;-3,811003000000000;-38,519886000000000
309164;27;5;2017;13:05;0;RUA DR JOAQUIM BENTO;;;377;;Colis?úo Lateral;Luz do Dia;Bom;Seca;Meio de Quadra;N?úo H?í Controle;Comercial;0;1;1;1;0;0;0;0;0;1;0;0;-3,828517400000000;-38,488170000000000
309165;27;5;2017;15:35;0;RUA VALPARAISO;;;523;;Choque c/ Obst?ículo Fixo;Luz do Dia;Bom;Seca;Meio de Quadra;N?úo H?í Controle;Residencial;0;0;1;1;0;0;0;0;0;0;0;0;-3,844732500000000;-38,525310000000000
309166;27;5;2017;15:39;17414;RUA 15 DE NOVEMBRO;RUA ZACARIAS GONDIM;;0;;Colis?úo Transversal;Luz do Dia;Bom;Seca;Cruz;Pare;Residencial;0;0;2;0;1;0;0;0;0;0;0;0;-3,768090200000000;-38,558376000000000
309167;27;5;2017;13:40;0;RUA BERNARDO MANUEL;;;10775;;Colis?úo Transversal;Luz do Dia;Nublado;Seca;Meio de Quadra;N?úo H?í Controle;Comercial;0;1;1;1;1;0;0;0;0;0;0;0;-3,813558600000000;-38,555910000000000
309168;27;5;2017;16:30;0;RUA PORTO VELHO;;;1597;;Colis?úo Traseira;Luz do Dia;Bom;Seca;Meio de Quadra;N?úo H?í Controle;Residencial;0;0;1;1;1;0;0;0;0;0;0;0;-3,762753500000000;-38,593075000000000
309169;27;5;2017;18:50;25420;RUA PRO SILAS RIBEIRO;AV ALM HENRIQUE SABOIA;;0;;Colis?úo Traseira;Anoitecer;Bom;Seca;T;Sem?íforo;Comercial;0;0;2;1;0;0;0;0;0;0;0;0;-3,736371500000000;-38,485000000000000
309170;27;5;2017;17:45;9576;RUA TEODORO DE CASTRO;RUA JOSE TORRES;;0;;Colis?úo Transversal;Anoitecer;Bom;Seca;Cruz;Pare;Residencial;0;1;2;0;1;0;0;0;0;1;0;0;-3,778908000000000;-38,607200000000000
309160;27;5;2017;07:37;0;AV MON TABOSA;;;1255;;Colis?úo Traseira;Luz do Dia;Bom;Seca;Meio de Quadra;Sem?íforo;Comercial;0;0;2;1;0;0;0;0;0;0;0;0;-3,724185500000000;-38,508080000000000
309161;27;5;2017;07:10;15135;AV HIS RAIMUNDO GIRAO;RUA FRANCISCO DIAS RIBEIRO;;0;;Colis?úo Transversal;Luz do Dia;Bom;Seca;Cruz;Pare;Lazer;0;2;1;0;0;0;0;0;0;1;0;0;-3,723997600000000;-38,504390000000000
309162;27;5;2017;06:45;0;AV PRS CASTELO BRANCO;;;3971;;Colis?úo Traseira;Luz do Dia;Bom;Seca;Meio de Quadra;N?úo H?í Controle;Comercial;0;0;1;0;0;0;0;0;0;1;0;0;-3,708574000000000;-38,567932000000000
309331;27;5;2017;19:41;23683;AV GAL OSORIO DE PAIVA;RUA GABRIEL FIUZA;;0;;Colis?úo Transversal;Via Iluminada;Bom;Seca;T;Pare;Comercial;0;2;0;1;0;0;0;0;0;1;0;0;-3,785341300000000;-38,581696000000000
306000;27;5;2017;10:10;19360;RUA EDUARDO PERDIGAO;AV GODOFREDO MACIEL;;0;;Colis?úo Lateral;Luz do Dia;Bom;Seca;T;Outros;Comercial;0;0;2;1;0;0;0;0;0;0;0;0;-3,776654000000000;-38,563845000000000
305998;27;5;2017;07:00;17436;RUA EQUADOR;RUA TRES MARIAS D39 (MONTESE);;0;;Colis?úo Traseira;Luz do Dia;Bom;Seca;Cruz;Sem?íforo;Comercial;0;0;2;1;0;0;0;0;0;0;0;0;-3,768994000000000;-38,550757000000000
305994;27;5;2017;13:45;1927;AV ISABEL BEZERRA;RUA MARIA QUINTINO;;0;;Colis?úo Transversal;Luz do Dia;Bom;Seca;Cruz;Pare;Misto;0;1;1;1;0;0;0;0;0;1;0;0;-3,855018000000000;-38,500730000000000
305995;27;5;2017;19:55;0;RUA DR JOAQUIM BENTO;;;0;;Colis?úo Lateral;Via Iluminada;Bom;Seca;Meio de Quadra;N?úo H?í Controle;;0;0;2;1;0;0;0;0;0;0;0;0;;
305996;27;5;2017;15:20;25053;AV ODILON GUIMARAES;AV PRO JOSE ARTHUR CARVALHO;;0;;Colis?úo Lateral;Luz do Dia;Bom;Seca;Y;N?úo H?í Controle;Misto;0;1;1;0;0;0;0;0;0;1;0;0;-3,825468000000000;-38,479360000000000
305990;27;5;2017;;0;AV JOAO PESSOA;;;7040;;Colis?úo Lateral;Luz do Dia;Bom;Seca;Meio de Quadra;Outros;Comercial;0;0;2;1;0;0;0;0;0;0;0;0;-3,771809000000000;-38,561694000000000
305988;27;5;2017;02:00;0;AV PRS CASTELO BRANCO;;;70;;Choque c/ Obst?ículo Fixo;Via Iluminada;Bom;Seca;Meio de Quadra;N?úo H?í Controle;Comercial;0;0;1;1;0;0;0;0;0;0;0;0;-3,722850000000000;-38,522837000000000
305986;27;5;2017;01:00;11164;RUA FAGUNDES VARELA;RUA JULIO GASPAR;;0;;Colis?úo Transversal;Via Iluminada;Bom;Seca;Cruz;Pare;Residencial;0;1;1;1;0;0;0;0;0;0;0;0;-3,783086000000000;-38,562332000000000
305983;27;5;2017;23:45;0;AV DOM MANUEL;;;3;;Colis?úo Traseira;;Bom;Seca;Meio de Quadra;Sem?íforo;Comercial;0;0;2;0;0;0;0;1;0;0;0;0;-3,723615000000000;-38,519601000000000
305981;27;5;2017;08:45;15821;AV JOR THOMAZ COELHO;RUA ANGELICA GURGEL;;0;;Colis?úo Lateral;Luz do Dia;Bom;Molhada;T;Pare;Comercial;0;1;1;0;1;1;0;0;0;0;0;0;-3,832400000000000;-38,499058000000000
305975;27;5;2017;11:20;5283;AV DOM MANUEL;AV SANTOS DUMONT;;0;;Colis?úo Transversal;Luz do Dia;Bom;Seca;Cruz;Sem?íforo;Comercial;0;0;2;1;1;0;0;0;0;0;0;0;-3,728774000000000;-38,521250000000000
305976;27;5;2017;15:30;0;RUA TIP SALES;;;51;;Colis?úo Lateral;Luz do Dia;Nublado;Seca;Meio de Quadra;N?úo H?í Controle;Misto;0;0;2;1;0;0;0;0;0;0;0;0;-3,736288000000000;-38,565059000000000
325028;27;5;2017;09:20;0;RD CE-040;;;1100;KM-11;Colis?úo;Luz do Dia;;Seca;Meio de Quadra;;;0;2;1;1;0;0;0;0;0;1;0;0;-3,766264500000000;-38,482749000000000
325029;27;5;2017;20:35;0;RD CE-040;;;0;KM-06;Colis?úo;;;Seca;Meio de Quadra;;;0;0;2;1;0;0;0;0;0;0;0;0;-3,809596804000000;-38,478733480000000
297668;27;5;2017;23:10;0;RUA EMILIO DE MENESES;;;1337;;Colis?úo Transversal;;;;Meio de Quadra;;;1;0;1;0;0;0;0;0;1;1;0;0;-3,780057400000000;-38,593427200000000
325844;27;5;2017;01:17;25049;AV PONTES VIEIRA;RUA CAP MELO;;0;;Colis?úo;;;;Cruz;Sem?íforo;Comercial;0;1;0;1;0;0;0;0;0;0;0;0;-3,752762000000000;-38,513797000000000
325848;27;5;2017;04:46;0;RUA URUCUTUBA;;;1244;;Queda;;;;Meio de Quadra;;;0;1;0;0;0;0;0;0;0;1;0;0;-3,797260000000000;-38,605776000000000
325849;27;5;2017;06:47;0;AV PRO JOSE ARTHUR CARVALHO;;;796;;Queda;Luz do Dia;;;Meio de Quadra;;;0;2;0;0;0;0;0;0;0;1;0;0;-3,826665000000000;-38,472526000000000
325846;27;5;2017;04:26;0;AV JOR THOMAZ COELHO;;;305;;Colis?úo;;;;Meio de Quadra;;;0;1;0;1;0;0;0;0;0;1;0;0;-3,832505400000000;-38,499624600000000
325853;27;5;2017;06:53;0;AV PRS CASTELO BRANCO;;;0;;Colis?úo;Luz do Dia;;;Meio de Quadra;;;0;1;0;0;0;0;1;0;0;1;0;0;;
325871;27;5;2017;07:21;0;RUA CAP ARAGAO;;;701;;Colis?úo;Luz do Dia;;;Meio de Quadra;;;0;1;0;1;0;0;0;0;0;1;0;0;-3,764666000000000;-38,511710000000000
325872;27;5;2017;07:32;0;AV GENIBAU;;;81;;Colis?úo;Luz do Dia;;;Meio de Quadra;;;0;1;0;1;0;0;0;0;0;1;0;0;-3,748789340000000;-38,596541461000000
325873;27;5;2017;07:36;0;RUA PORTO VELHO;;;62;;Colis?úo;Luz do Dia;;;Meio de Quadra;;;0;2;0;0;0;0;0;0;0;1;0;0;-3,761821354000000;-38,595017874000000
325876;27;5;2017;07:41;0;AV RAD JOSE LIMA VERDE;;;0;;Queda;Luz do Dia;;;Meio de Quadra;;;0;1;0;0;0;0;0;0;0;1;0;0;;
325880;27;5;2017;08:55;25036;RUA CAP MELO;RUA EDUARDO BEZERRA;;0;;Colis?úo;Luz do Dia;;;Cruz;Sem?íforo;Comercial;0;0;1;1;0;0;0;0;0;1;0;0;-3,753803000000000;-38,513607000000000
325881;27;5;2017;10:12;0;RD BR 116;;;9000;KM-09;Atropelamento;Luz do Dia;;;Meio de Quadra;;;0;1;0;0;0;0;0;0;0;0;0;0;-3,830837000000000;-38,504865000000000
325882;27;5;2017;10:48;0;AV CENTRAL;;;19;;Colis?úo;Luz do Dia;;;Meio de Quadra;;;0;1;0;1;0;0;0;0;0;1;0;0;-3,748894600000000;-38,471400200000000
325883;27;5;2017;10:57;0;AV FRANCISCO SA;;;0;;Atropelamento;Luz do Dia;;;Meio de Quadra;;;0;1;0;0;0;0;0;0;0;0;0;0;;
325884;27;5;2017;11:02;0;AV CAP WALDEMAR PAULA LIMA;;;700;;Colis?úo;Luz do Dia;;;Meio de Quadra;;;0;1;0;0;0;0;0;0;0;1;0;0;-3,820070659000000;-38,508351281000000
325885;27;5;2017;12:01;0;RD BR 116;;;0;;Queda;Luz do Dia;;;Meio de Quadra;;;0;1;0;0;0;0;0;0;0;1;0;0;;
325886;27;5;2017;12:37;0;AV DR SILAS MUNGUBA;;;1403;;Atropelamento;Luz do Dia;;;Meio de Quadra;;;0;1;0;1;0;0;0;0;0;0;0;0;-3,783818000000000;-38,554000000000000
325888;27;5;2017;13:18;0;RUA ENG LUIS MONTENEGRO;;;360;;Colis?úo;Luz do Dia;;;Meio de Quadra;;;0;0;1;1;0;0;0;0;0;1;0;0;;
325892;27;5;2017;14:02;0;RUA VALPARAISO;;;1910;;Colis?úo;Luz do Dia;;;Meio de Quadra;;;0;1;0;0;0;0;0;0;0;0;0;0;-3,846452000000000;-38,518510000000000
325906;27;5;2017;14:20;0;AV JOVITA FEITOSA;;;1159;;Queda;Luz do Dia;;;Meio de Quadra;;;0;1;0;0;0;0;0;0;0;1;0;0;-3,739473000000000;-38,554536000000000
325910;27;5;2017;15:13;0;AV GOV PARSIFAL BARROSO;;;300;;Queda;Luz do Dia;;;Meio de Quadra;;;0;1;0;0;0;0;0;0;0;1;0;0;-3,729806000000000;-38,569183000000000
325913;27;5;2017;15:17;0;RUA POMPILIO GOMES;;;275;;Colis?úo;Luz do Dia;;;Meio de Quadra;;;0;2;0;1;0;0;0;0;0;1;0;0;-3,813132300000000;-38,520374700000000
325925;27;5;2017;17:07;12361;RUA BRI TORRES;RUA MON HIPOLITO BRASIL;;0;;Colis?úo;Anoitecer;;;Cruz;N?úo H?í Controle;Misto;0;1;0;0;0;0;0;0;0;0;0;0;-3,759934000000000;-38,576913000000000
325926;27;5;2017;17:41;0;RUA MIGUEL GURGEL;;;0;;Atropelamento;Anoitecer;;;Meio de Quadra;;;0;1;0;1;0;0;0;0;0;0;0;0;;
325927;27;5;2017;18:23;0;AV WASHINGTON SOARES;;;0;;Colis?úo;Anoitecer;;;Meio de Quadra;;;0;1;0;0;0;0;0;0;0;0;0;0;;
325928;27;5;2017;18:40;0;RUA JULIO BRAGA;;;1353;;Colis?úo;;;;Meio de Quadra;;;0;1;0;1;0;0;0;0;0;1;0;0;-3,774376000000000;-38,583063000000000
325929;27;5;2017;19:03;12687;RUA ERETIDES ALENCAR;RUA PRP NASSAU;;0;;Colis?úo;;;;;;;0;1;0;0;0;0;0;0;0;1;0;0;-3,728655000000000;-38,583113000000000
325919;27;5;2017;17:04;0;AV JOSE BASTOS;;;4160;;Colis?úo;Anoitecer;;;Meio de Quadra;;;0;1;0;1;0;0;0;0;0;1;0;0;-3,754300000000000;-38,554763000000000
325933;27;5;2017;19:21;10798;RUA PORTO VELHO;RUA STA FILOMENA;;0;;Colis?úo;;;;Cruz;N?úo H?í Controle;Residencial;0;1;0;1;0;0;0;0;0;1;0;0;-3,763217000000000;-38,592165000000000
325934;27;5;2017;20:17;0;RUA VASCO DE ATAIDE;;;868;;Atropelamento;;;;Meio de Quadra;;;0;1;0;0;1;0;0;0;0;0;0;0;-3,824172000000000;-38,485790000000000
325915;27;5;2017;15:34;0;RD BR 116;;;12000;KM-12;Queda;Luz do Dia;;;Meio de Quadra;;;0;2;0;0;0;0;0;0;0;1;0;0;-3,855740000000000;-38,496066000000000
325946;27;5;2017;20:45;0;RUA SGT JOAO PINHEIRO;;;2319;;Colis?úo;;;;Meio de Quadra;;;0;1;0;1;0;0;0;0;0;0;0;0;-3,789946842000000;-38,624777518000000
325955;27;5;2017;20:49;0;RUA VITAL BRASIL;;;2109;;Colis?úo;;;;Meio de Quadra;;;0;1;0;1;0;1;0;0;0;0;0;0;;
325957;27;5;2017;22:24;0;RUA MANUEL MOURA;;;0;;Colis?úo;;;;Meio de Quadra;;;0;0;1;0;0;0;0;0;0;0;0;0;;
325958;27;5;2017;22:29;0;RUA DR FERNANDO AUGUSTO;;;2477;;Queda;;;;Meio de Quadra;;;0;1;0;0;0;0;0;0;0;1;0;0;-3,789219000000000;-38,614821000000000
325962;27;5;2017;22:45;0;AV COS GOMES DE FREITAS (SAPIRANGA/COITE);;;4160;;Queda;;;;Meio de Quadra;;;0;1;0;0;0;0;0;0;0;1;0;0;-3,794842000000000;-38,469716000000000
325965;27;5;2017;23:14;12685;AV DA INDEPENDENCIA;AV CEL CARVALHO;;0;;Colis?úo;;;;Cruz;Sem?íforo;Comercial;0;2;0;0;0;0;0;0;0;0;0;0;-3,728711000000000;-38,584952000000000
325969;27;5;2017;23:52;0;AV DA INDEPENDENCIA;;;1507;;Colis?úo;;;;Meio de Quadra;;;0;1;0;1;0;0;0;0;0;1;0;0;-3,725985000000000;-38,594200000000000
325816;27;5;2017;12:30;0;RD BR 116;;;9000;KM-09;Colis?úo Traseira;Luz do Dia;;Seca;Meio de Quadra;;;0;1;1;0;0;0;0;0;0;1;0;0;-3,830837000000000;-38,504865000000000
305966;27;5;2017;11:45;0;AV LUCIANO CARNEIRO;;;2423;;Colis?úo Lateral;Luz do Dia;Bom;Seca;Meio de Quadra;N?úo H?í Controle;Outros;0;0;2;1;1;0;0;0;0;0;0;0;-3,769655000000000;-38,538136000000000
305967;27;5;2017;15:20;9153;AV 13 DE MAIO;RUA PAULA RODRIGUES;;0;;Colis?úo Traseira;Luz do Dia;Bom;Seca;Cruz;Sem?íforo;Comercial;0;0;2;1;0;0;0;0;0;0;0;0;-3,752271000000000;-38,525876000000000
325818;28;5;2017;01:20;0;RD BR 116;;;1000;KM-01;Choque c/ Obst?ículo Fixo;N?úo Informado;;Molhada;Meio de Quadra;;;0;0;1;1;0;0;0;0;0;0;0;0;-3,762554000000000;-38,518702000000000
325976;28;5;2017;00:16;0;RUA NAT FEIJO;;;414;;Queda;;;;Meio de Quadra;;;0;1;0;0;0;0;0;0;0;1;0;0;-3,722358000000000;-38,552519000000000
325978;28;5;2017;02:00;0;AV H CJ CEARA;;;2194;;Colis?úo;;;;Meio de Quadra;;;0;1;0;0;0;0;0;0;0;0;0;0;-3,776652000000000;-38,617845000000000
325981;28;5;2017;03:17;9200;RUA JAIME BENEVOLO;RUA DEP JOAO PONTES;;0;;Queda;;;;Cruz;Pare;Comercial;0;0;1;0;0;0;0;0;0;1;0;0;-3,746140000000000;-38,530076000000000
325985;28;5;2017;03:20;0;RUA CEL VIRGILIO NOGUEIRA (BOM JARDIM);;;978;;Queda;;;;Meio de Quadra;;;0;1;0;0;0;0;0;0;0;1;0;0;-3,790109200000000;-38,609129600000000
325986;28;5;2017;05:41;0;AV ENG SANTANA JUNIOR;;;0;;Colis?úo;Amanhecer;;;Meio de Quadra;;;0;1;0;1;0;0;0;0;0;1;0;0;;
325987;28;5;2017;05:53;0;RD BR 116;;;0;;Atropelamento;Amanhecer;;;Meio de Quadra;;;0;1;0;1;0;0;0;0;0;0;0;0;;