COD_ACIDENTE;DIA;MES;ANO;HORA;INTERSECAO;LOG1;LOG2;LOG3;NUMERO;REFERENCIA;NATUREZA;ILUMINACAO;TEMPO;SUPERFICIEPISTA;TIPOCRUZAMENTO;CONTROLETRAFEGO;USOSOLO;MORTOS;FERIDOS;ILESOS;AUTOMOVEL;ONIBUS;BICICLETA;CAMINHAO;MICROONIBUS;CICLOMOTOR;MOTOCICLETA;TRACAOANIMAL;TREM;LATITUDE;LONGITUDE
325989;28;5;2017;06:09;3219;RUA EMILIO DE MENESES;RUA ANSELMO NOGUEIRA;;0;;Queda;Luz do Dia;;;Cruz;Sem?íforo;Residencial;0;3;0;0;0;0;0;0;0;1;0;0;-3,781760000000000;-38,587374000000000
325991;28;5;2017;07:08;3368;RUA RIO GRANDE DO SUL;RUA AMAZONAS;;0;;Colis?úo;Luz do Dia;;;Cruz;Pare;Residencial;0;1;0;0;0;0;0;0;0;0;0;0;-3,753306000000000;-38,564164000000000
325992;28;5;2017;09:07;0;AV UM (ARVOREDO);;;887;;Colis?úo;Luz do Dia;;;Meio de Quadra;;;0;1;0;1;0;0;0;0;0;1;0;0;;
325995;28;5;2017;11:27;0;AV GOV PARSIFAL BARROSO;;;150;;Colis?úo;Luz do Dia;;;Meio de Quadra;;;0;1;0;1;0;0;0;0;0;1;0;0;-3,729432000000000;-38,569218000000000
325996;28;5;2017;11:47;19720;RUA GAL PIRAGIBE;RUA AZEVEDO BOLAO;;0;;Colis?úo;Luz do Dia;;;Cruz;Pare;Residencial;0;0;1;1;0;0;0;0;0;1;0;0;-3,736738000000000;-38,558172000000000
325998;28;5;2017;13:08;0;AV ENG HUMBERTO MONTE;;;0;;Colis?úo;Luz do Dia;;;Meio de Quadra;;;0;1;0;1;0;0;0;0;0;1;0;0;;
326001;28;5;2017;13:49;0;AV GOV RAUL BARBOSA;;;0;;Queda;Luz do Dia;;;Meio de Quadra;;;0;1;0;0;0;0;0;0;0;1;0;0;;
326003;28;5;2017;14:06;0;RUA VIA FERREA;;;2672;ESTA?ç?âO ARACAP?ë;Queda;Luz do Dia;;;Meio de Quadra;;;0;1;0;0;0;0;0;0;0;1;0;0;;
326008;28;5;2017;15:58;24503;AV MOZART PINHEIRO DE LUCENA;RUA 6 CJ POLAR;;0;;Colis?úo;Luz do Dia;;;;;;0;0;1;1;0;0;0;0;0;1;0;0;-3,709318000000000;-38,593089000000000
326016;28;5;2017;16:52;0;AV DR THEBERGE;;;2696;;Colis?úo;Luz do Dia;;;Meio de Quadra;;;0;1;0;0;0;0;0;0;0;0;0;0;-3,726145000000000;-38,568711000000000
326036;28;5;2017;17:35;0;RUA ALAN KARDEC;;;630;;Colis?úo;Anoitecer;;;Meio de Quadra;;;0;1;0;1;0;1;0;0;0;0;0;0;-3,763734000000000;-38,551380000000000
326038;28;5;2017;19:55;0;RUA STO INACIO D04;;;469;;Colis?úo;;;;Meio de Quadra;;;0;1;0;1;0;0;0;0;0;1;0;0;-3,812080800000000;-38,494815800000000
326043;28;5;2017;20:09;0;RUA AUDIZIO MOSCA DE CARVALHO;;;2849;;Queda;;;;Meio de Quadra;;;0;1;0;0;0;0;0;0;0;1;0;0;;
326046;28;5;2017;20:26;0;RUA VITAL BRASIL;;;0;;Queda;;;;Meio de Quadra;;;0;2;0;0;0;0;0;0;0;1;0;0;;
326054;28;5;2017;22:49;0;AV ZEZE DIOGO;;;0;;Colis?úo;;;;Meio de Quadra;;;0;1;0;0;0;0;0;0;0;0;0;0;;
326057;28;5;2017;23:00;0;AV VICENTE DE CASTRO;;;888;;Colis?úo;;;;Meio de Quadra;;;0;1;0;0;0;0;0;0;0;0;0;0;;
326059;28;5;2017;23:30;0;RUA IRACEMA D71;;;0;;Colis?úo;;;;Meio de Quadra;;;0;1;0;1;0;0;0;0;0;1;0;0;;
298080;28;5;2017;21:38;15342;RUA PEREIRA VALENTE;RUA OSVALDO CRUZ (ALDEOTA);;0;;Colis?úo Transversal;;;;Cruz;Pare;Residencial;1;1;0;1;0;0;0;0;0;1;0;0;-3,731621000000000;-38,499032000000000
296124;28;5;2017;17:45;0;RUA LUIZA MIRANDA COELHO;;;1111;;Colis?úo Lateral;Anoitecer;;;Meio de Quadra;;;1;1;0;0;1;0;0;0;0;1;0;0;-3,775041000000000;-38,486908000000000
305974;28;5;2017;15:18;0;AV GOV RAUL BARBOSA;;;901;;Queda;Luz do Dia;;;Meio de Quadra;;;0;1;0;0;0;0;0;0;0;1;0;0;-3,773504000000000;-38,512672600000000
305979;28;5;2017;02:40;0;AV CEL CARVALHO;;;2954;;Colis?úo Traseira;;;;Meio de Quadra;;;0;2;1;1;0;0;0;0;0;1;0;0;-3,728791000000000;-38,584931000000000
305980;28;5;2017;14:20;17327;RUA ALM RUFINO;RUA ANTONIO CORREIA LIMA;;0;;Colis?úo Lateral;Luz do Dia;;;Cruz;N?úo H?í Controle;Residencial;0;2;1;1;0;0;0;0;0;1;0;0;-3,764856000000000;-38,542680000000000
305985;28;5;2017;10:41;15709;RUA CEL ERNESTO MATOS;RUA JOSEFA B DE ALENCAR;;0;;Colis?úo Lateral;Luz do Dia;;;;;;0;1;1;0;0;0;0;0;0;1;0;0;-3,827952000000000;-38,489391000000000
305993;28;5;2017;09:00;0;RUA 44 CJ HAB ST S JOAO;;;0;;Colis?úo Transversal;Luz do Dia;;;Meio de Quadra;;;0;1;1;0;0;0;0;0;0;1;0;0;;
309171;28;5;2017;03:18;0;AV MOZART PINHEIRO DE LUCENA;;;1520;;Colis?úo Transversal;Via Iluminada;Bom;Seca;T;Pare;Residencial;0;0;0;1;0;0;0;0;0;1;0;0;-3,725942400000000;-38,594210000000000
309172;28;5;2017;07:49;5364;AV TRISTAO GONCALVES;RUA GAL CLARINDO DE QUEIROZ;;0;;Colis?úo Transversal;Luz do Dia;Chuva;Molhada;Cruz;Pare;Comercial;0;0;2;1;0;0;0;0;0;0;0;0;-3,731203800000000;-38,534435000000000
309173;28;5;2017;08:01;3368;RUA RIO GRANDE DO SUL;RUA AMAZONAS;;0;;Colis?úo Frontal;Luz do Dia;Chuva;Molhada;Cruz;Pare;Residencial;0;0;0;0;0;0;0;0;0;1;0;0;-3,753278000000000;-38,564180000000000
309174;28;5;2017;13:29;0;RUA PEREIRA VALENTE;;;374;;Acidente Pessoal;Luz do Dia;Nublado;Molhada;Meio de Quadra;N?úo H?í Controle;Residencial;0;0;1;1;0;0;0;0;0;0;0;0;-3,731787400000000;-38,498627000000000
309175;28;5;2017;15:14;0;RUA ESPIRITO SANTO;;;760;;Colis?úo Transversal;Luz do Dia;Nublado;Seca;Meio de Quadra;N?úo H?í Controle;Residencial;0;0;0;1;0;0;0;0;0;1;0;0;-3,754935700000000;-38,569336000000000
309176;29;5;2017;01:16;0;AV SEN FERNANDES TAVORA;;;0;;Colis?úo Lateral;Via Iluminada;Chuva;Molhada;Meio de Quadra;N?úo H?í Controle;Comercial;0;0;2;1;0;0;0;0;0;0;0;0;-3,766170300000000;-38,574802000000000
309177;29;5;2017;08:03;5370;RUA METON DE ALENCAR;RUA PRC ISABEL;;0;;Colis?úo Transversal;Luz do Dia;Chuva;Molhada;Cruz;Pare;Comercial;0;1;3;1;0;0;0;0;0;1;0;0;-3,731520400000000;-38,536880000000000
309178;29;5;2017;08:15;6821;RUA VILEBALDO AGUIAR;RUA DR RIBAMAR LOBO;;0;;Colis?úo Lateral;Luz do Dia;Chuva;Molhada;Cruz;Pare;Residencial;0;0;2;1;0;0;0;0;0;0;0;0;-3,746955200000000;-38,468040000000000
309179;29;5;2017;08:31;20117;RUA REGINA DE FATIMA;RUA PRO JOSE SILVEIRA;;0;;Colis?úo Lateral;Luz do Dia;Chuva;Molhada;Cruz;Pare;Residencial;0;1;1;1;0;0;0;0;0;1;0;0;-3,809693300000000;-38,524147000000000
309180;29;5;2017;09:04;17953;RUA JOAQUIM ALBANO;RUA BANVAR BEZERRA;;0;;Colis?úo Lateral;Luz do Dia;Chuva;Molhada;Cruz;Pare;Residencial;0;0;2;0;0;0;0;0;0;0;0;0;-3,735276500000000;-38,579964000000000
309181;29;5;2017;10:39;0;AV VIS RIO BRANCO;;;4628;;Colis?úo Traseira;Luz do Dia;Chuva;Molhada;Meio de Quadra;N?úo H?í Controle;Comercial;0;0;2;0;1;0;0;0;0;0;0;0;-3,756472000000000;-38,520042000000000
309182;29;5;2017;08:40;20403;RUA PDE PEDRO DE ALENCAR;RUA LUCIOLA;;1;;Colis?úo Transversal;Luz do Dia;Chuva;Molhada;T;Pare;Comercial;0;0;2;0;0;0;0;0;0;0;0;0;-3,842209600000000;-38,494240000000000
309183;29;5;2017;12:00;15211;AV ABOLICAO;RUA PAULA BARROS;;3035;;Colis?úo Transversal;Luz do Dia;Chuva;Molhada;Cruz;Sem?íforo;Comercial;0;0;2;1;0;0;0;0;0;0;0;0;-3,726954000000000;-38,492317000000000
309184;29;5;2017;13:54;0;AV DUQ CAXIAS;;;455;;Colis?úo Lateral;Luz do Dia;Chuva;Molhada;Meio de Quadra;N?úo H?í Controle;Comercial;0;0;2;1;0;0;0;1;0;0;0;0;-3,732179200000000;-38,528374000000000
309185;29;5;2017;16:40;0;RUA SAO PAULO;;;460;;Colis?úo Lateral;Luz do Dia;Nublado;Seca;Meio de Quadra;N?úo H?í Controle;Comercial;0;0;2;0;1;0;0;0;0;1;0;0;-3,725312200000000;-38,530037000000000
309193;29;5;2017;13:00;0;RUA MON SALAZAR;;;264;;Colis?úo Lateral;Luz do Dia;Chuva;Molhada;Meio de Quadra;N?úo H?í Controle;Comercial;0;1;1;1;0;0;0;0;0;1;0;0;-3,756536000000000;-38,517376000000000
309187;29;5;2017;16:57;0;AV SEN CARLOS JEREISSATI (AEROPORTO);;;0;;Colis?úo Lateral;Luz do Dia;Nublado;Molhada;Meio de Quadra;N?úo H?í Controle;Comercial;0;0;0;1;1;0;0;0;0;0;0;0;-3,779093000000000;-38,541245000000000
309188;29;5;2017;19:11;17281;RUA EUZEBIO DE QUEIROS;RUA ALFREDO DE CASTRO;;0;;Colis?úo Transversal;Via Iluminada;Nublado;Molhada;Cruz;Pare;Residencial;0;1;2;1;0;0;0;0;0;1;0;0;-3,762780700000000;-38,550360000000000
309189;29;5;2017;19:10;0;AV JOAO DE ARAUJO LIMA;;;1011;;Colis?úo Lateral;Via Iluminada;Nublado;Seca;Meio de Quadra;Sem?íforo;Comercial;0;0;1;0;0;0;0;0;0;1;0;0;-3,830541400000000;-38,560104000000000
309190;29;5;2017;18:45;5323;RUA PEDRO PEREIRA;RUA ASSUNCAO;;0;;Colis?úo Transversal;Via Iluminada;Bom;Seca;Cruz;Pare;Comercial;0;0;2;1;0;0;0;0;0;0;0;0;-3,730180500000000;-38,527153000000000
309191;29;5;2017;15:31;0;AV DOS EXPEDICIONARIOS;;;0;;Colis?úo Traseira;Luz do Dia;Nublado;Seca;Meio de Quadra;Sem?íforo;Comercial;0;0;2;1;0;0;0;0;0;0;0;0;-3,755350000000000;-38,538260000000000
309271;29;5;2017;21:00;0;AV BEZERRA DE MENEZES;;;1052;;Colis?úo Traseira;Via Iluminada;Nublado;Seca;Meio de Quadra;Sem?íforo;Comercial;0;1;1;1;0;0;0;0;0;1;0;0;-3,733352700000000;-38,554077000000000
306006;29;5;2017;15:30;0;AV JOAO PESSOA;;;3621;;Colis?úo Traseira;Luz do Dia;Nublado;Seca;Meio de Quadra;N?úo H?í Controle;Residencial;0;1;1;1;0;0;0;0;0;1;0;0;-3,746354000000000;-38,543995000000000
306007;29;5;2017;09:00;19599;RUA NEREU RAMOS;RUA MONACO;;0;;Colis?úo Lateral;Luz do Dia;Chuva;Molhada;Cruz;N?úo H?í Controle;Residencial;0;1;1;1;0;0;0;0;0;1;0;0;-3,786229000000000;-38,569609000000000
305984;29;5;2017;22:00;0;AV PRS CASTELO BRANCO;;;0;;Colis?úo Lateral;Via Iluminada;Bom;Seca;Meio de Quadra;N?úo H?í Controle;Residencial;0;0;2;1;0;0;0;0;0;0;0;0;;
306022;29;5;2017;15:15;307;RUA DOM JOSE LOURENCO  D27;RUA DAMIAO FERNANDES;;0;;Colis?úo Frontal;Luz do Dia;Nublado;Molhada;Cruz;Pare;Residencial;0;0;2;1;0;0;0;0;0;0;0;0;-3,743795000000000;-38,557869000000000
306023;29;5;2017;09:05;1282;AV SANTOS DUMONT;AV BAR STUDART;;0;;Queda;Luz do Dia;Chuva;Molhada;Cruz;Sem?íforo;Comercial;0;1;0;0;0;0;0;0;0;1;0;0;-3,733642000000000;-38,506304000000000
306020;29;5;2017;14:10;0;AV TRISTAO GONCALVES;;;740;;Colis?úo Lateral;Luz do Dia;Chuva;Molhada;Meio de Quadra;Sem?íforo;Comercial;0;0;2;1;1;0;0;0;0;0;0;0;-3,728247000000000;-38,533540000000000
306016;29;5;2017;16:00;0;AV VIS RIO BRANCO;;;3135;;Colis?úo Lateral;Luz do Dia;Nublado;Seca;Meio de Quadra;N?úo H?í Controle;Residencial;0;0;2;1;1;0;0;0;0;0;0;0;-3,748500000000000;-38,521492000000000
306044;29;5;2017;12:40;7623;RUA RIO GRANDE DO SUL;RUA PERNAMBUCO;;0;;Colis?úo Transversal;Luz do Dia;Bom;Molhada;Cruz;Pare;Residencial;0;1;1;0;0;0;1;0;0;1;0;0;-3,760011000000000;-38,568467000000000
306082;29;5;2017;06:30;0;AV JOAO DE ARAUJO LIMA;;;545;;Colis?úo Transversal;Luz do Dia;Chuva;Molhada;Meio de Quadra;Outros;Residencial;0;1;1;0;1;0;0;0;0;1;0;0;-3,826418000000000;-38,559077000000000
306092;29;5;2017;19:00;0;AV GOV RAUL BARBOSA;;;6801;;Outros;Via Iluminada;Nublado;Molhada;Meio de Quadra;N?úo H?í Controle;Residencial;0;0;1;1;0;0;0;0;0;0;0;0;-3,772805000000000;-38,512512000000000
306057;29;5;2017;03:20;18658;AV IRACEMA (CJ PALMEIRAS);RUA DALVA DE OLIVEIRA;;0;;Colis?úo Lateral;Via Iluminada;Chuva;Molhada;Cruz;Pare;Residencial;0;1;1;1;0;0;0;0;0;1;0;0;-3,844982000000000;-38,528560000000000
306085;29;5;2017;09:50;21599;RUA RAIMUNDO NERY;RUA DOM XISTO ALBANO;;0;;Colis?úo Transversal;Luz do Dia;Chuva;Molhada;Cruz;Pare;Lazer;0;2;1;0;0;0;0;0;0;1;0;0;-3,796768000000000;-38,585309000000000
306069;29;5;2017;17:30;15125;RUA DR ATUALPA BARBOSA LIMA (P. IRACEMA);RUA ILDEFONSO ALBANO;;0;;Colis?úo Transversal;Anoitecer;Bom;Seca;Cruz;Pare;Residencial;0;0;2;1;0;0;0;0;0;0;0;0;-3,723503000000000;-38,510128000000000
325030;29;5;2017;09:20;0;AV MAE LISBOA;;;1000;;Colis?úo;Luz do Dia;;Molhada;Meio de Quadra;;;0;0;2;1;0;0;1;0;0;0;0;0;-3,807681000000000;-38,470976000000000
326066;29;5;2017;07:43;1558;AV BAR STUDART;RUA PDE VALDEVINO;;0;;Colis?úo;Luz do Dia;;;Cruz;Sem?íforo;Residencial;0;1;0;1;0;0;0;0;0;1;0;0;-3,741641000000000;-38,508855000000000
326069;29;5;2017;07:54;0;AV MR HULL;;;0;;Queda;Luz do Dia;;;Meio de Quadra;;;0;1;0;0;0;0;0;0;0;1;0;0;;
326074;29;5;2017;08:13;0;AV MR HULL;;;0;;Colis?úo;Luz do Dia;;;Meio de Quadra;;;0;1;0;1;0;0;0;0;0;1;0;0;;
326077;29;5;2017;15:24;0;RUA EUSEBIO DE SOUZA;;;332;;Colis?úo;Luz do Dia;;;Meio de Quadra;;;0;1;0;1;0;0;0;0;0;1;0;0;-3,739929000000000;-38,526234000000000
326079;29;5;2017;16:17;0;RUA ESTEVAO DE CAMPOS;;;1365;;Colis?úo;Luz do Dia;;;Meio de Quadra;;;0;0;1;0;0;0;0;0;0;0;0;0;-3,701599000000000;-38,587072000000000
326081;29;5;2017;17:02;0;AV ZEZE DIOGO;;;0;;Queda;Anoitecer;;;Meio de Quadra;;;0;1;0;0;0;0;0;0;0;1;0;0;;
326084;29;5;2017;17:32;0;AV JOSE BASTOS;;;5870;;Atropelamento;Anoitecer;;;Meio de Quadra;;;0;1;0;0;0;0;0;0;0;1;0;0;-3,762963000000000;-38,566028000000000
326086;29;5;2017;17:40;17585;RUA MARANHAO;RUA RIO GRANDE DO SUL;;0;;Colis?úo;Anoitecer;;;Cruz;Pare;Residencial;0;1;0;1;0;1;0;0;0;0;0;0;-3,755695000000000;-38,565689000000000
326089;29;5;2017;18:18;0;AV WASHINGTON SOARES;;;0;;Queda;Anoitecer;;;Meio de Quadra;;;0;0;1;0;0;0;0;0;0;1;0;0;;
326091;29;5;2017;18:24;0;AV MR HULL;;;665;;Queda;Anoitecer;;;Meio de Quadra;;;0;0;1;0;0;0;0;0;0;1;0;0;-3,740165200000000;-38,595414100000000
326093;29;5;2017;19:42;0;AV PRS CASTELO BRANCO;;;0;;Colis?úo;;;;Meio de Quadra;;;0;0;1;1;0;0;0;0;0;1;0;0;;
326096;29;5;2017;19:44;0;AV WASHINGTON SOARES;;;0;;Atropelamento;;;;Meio de Quadra;;;0;1;0;0;0;0;0;0;0;0;0;0;;
325820;29;5;2017;17:00;0;RD BR 222;;;0;KM-03;Colis?úo Traseira;Anoitecer;;Seca;Meio de Quadra;;;0;0;2;1;1;0;0;0;0;0;0;0;-3,740300848000000;-38,595940970000000
325823;30;5;2017;03:05;0;RD BR 222;;;300;KM-02;Colis?úo Transversal;N?úo Informado;;Seca;Meio de Quadra;;;0;0;2;1;1;0;0;0;0;0;0;0;;
326099;30;5;2017;05:42;15778;RUA STA CLARA DE ASSIS;RUA TAQUATIARA;;0;;Colis?úo;Amanhecer;;;Cruz;Pare;Comercial;0;1;0;0;0;0;0;0;0;1;0;0;-3,830267000000000;-38,502459000000000
326100;30;5;2017;06:12;0;AV LINEU MACHADO;;;1635;;Colis?úo;Luz do Dia;;;Meio de Quadra;;;0;1;0;1;0;0;0;0;0;1;0;0;-3,773820000000000;-38,581011000000000
326107;30;5;2017;08:05;3992;RUA ALBERTO MAGNO;RUA RAUL UCHOA;;0;;Colis?úo;Luz do Dia;;;Meio de Quadra;N?úo H?í Controle;Comercial;0;0;1;1;0;0;0;0;0;1;0;0;-3,760225000000000;-38,545916000000000
326108;30;5;2017;08:17;0;AV VIS RIO BRANCO;;;3781;;Colis?úo;Luz do Dia;;;Meio de Quadra;;;0;1;0;1;0;0;0;0;0;1;0;0;-3,754357000000000;-38,520319000000000
326109;30;5;2017;08:31;0;AV ALBERTO CRAVEIRO;;;1418;;Colis?úo;Luz do Dia;;;Meio de Quadra;;;0;0;1;0;0;0;0;0;0;1;0;0;;
326104;30;5;2017;07:16;0;RUA 107 CJ CEARA;;;134;;Colis?úo;Luz do Dia;;;Meio de Quadra;;;0;0;1;0;0;0;0;0;0;1;0;0;-3,772461000000000;-38,605952000000000
326112;30;5;2017;08:35;0;RUA PDE PEDRO DE ALENCAR;;;31;;Colis?úo;Luz do Dia;;;Meio de Quadra;;;0;1;0;1;0;0;0;0;0;1;0;0;-3,827739300000000;-38,493111000000000
326117;30;5;2017;13:24;0;RD BR 116;;;0;;Queda;Luz do Dia;;;Meio de Quadra;;;0;0;1;0;0;0;0;0;0;1;0;0;;
326118;30;5;2017;13:40;15269;AV RUI BARBOSA;RUA TEN BENEVOLO;;0;;Queda;Luz do Dia;;;Cruz;Sem?íforo;Residencial;0;0;1;0;0;0;0;0;0;1;0;0;-3,728685000000000;-38,507048000000000
326119;30;5;2017;15:47;0;AV SGT HERMINIO SAMPAIO;;;2500;;Queda;Luz do Dia;;;Meio de Quadra;;;0;1;0;0;0;0;0;0;0;1;0;0;-3,726761000000000;-38,562752000000000
326120;30;5;2017;16:07;0;AV SIQUEIRA CAMPOS;;;836;;Colis?úo;Luz do Dia;;;Meio de Quadra;;;0;1;0;1;0;0;0;0;0;1;0;0;-3,817630000000000;-38,622777000000000
326123;30;5;2017;18:48;0;AV CASTELO DE CASTRO;;;410;;Queda;;;;Meio de Quadra;;;0;0;1;0;0;0;0;0;0;1;0;0;-3,832757000000000;-38,521548000000000
326124;30;5;2017;20:16;0;AV GAL OSORIO DE PAIVA;;;1127;FROTINHA DA PARANGABA;Colis?úo;;;;Meio de Quadra;;;0;1;0;1;0;1;0;0;0;0;0;0;-3,779151000000000;-38,572090000000000
326125;30;5;2017;20:22;0;AV SEN FERNANDES TAVORA;;;0;;Atropelamento;;;;Meio de Quadra;;;0;1;0;1;0;0;0;0;0;0;0;0;;
326126;30;5;2017;20:54;0;AV GODOFREDO MACIEL;;;0;;Colis?úo;;;;Meio de Quadra;;;0;1;1;1;0;1;0;0;0;0;0;0;;
326114;30;5;2017;08:39;0;AV ALBERTO CRAVEIRO;;;1480;;Colis?úo;Luz do Dia;;;Meio de Quadra;;;0;0;1;0;0;0;0;0;0;1;0;0;-3,793148000000000;-38,517613000000000
325031;30;5;2017;13:30;0;RD CE-040;;;0;KM-05;Colis?úo;Luz do Dia;;Seca;Meio de Quadra;;;0;0;3;1;0;0;0;0;0;0;0;0;-3,800595823000000;-38,479534630000000
306008;30;5;2017;21:20;19061;RUA TARCISIO BONFIM;RUA JOSE CARLOS GURGEL NOGUEIRA;;0;;Colis?úo Lateral;;;;Cruz;Pare;Residencial;0;1;1;0;0;0;0;0;0;1;0;0;-3,736621000000000;-38,476135000000000
306009;30;5;2017;06:40;0;AV VICENTE DE CASTRO;;;0;;Colis?úo Lateral;Luz do Dia;;;Meio de Quadra;;;0;0;2;1;0;0;1;0;0;0;0;0;;
306010;30;5;2017;18:30;26134;AV ALM HENRIQUE SABOIA;RUA DR GILBERTO STUDART;;0;;Colis?úo Lateral;Anoitecer;;;;;;0;0;2;1;1;0;0;0;0;0;0;0;;
306001;30;5;2017;12:30;0;AV MON TABOSA;;;507;;Choque c/ Obst?ículo Fixo;Luz do Dia;;;Meio de Quadra;;;0;0;1;0;0;0;0;0;0;1;0;0;-3,723865000000000;-38,514725000000000
306002;30;5;2017;10:20;0;AV PRO GOMES DE MATOS;;;1666;;Colis?úo Lateral;Luz do Dia;;;Meio de Quadra;;;0;0;2;1;0;0;0;0;0;0;0;0;-3,766147000000000;-38,549894000000000
306004;30;5;2017;19:45;0;AV CARAPINIMA;;;2004;;Colis?úo Lateral;;;;Meio de Quadra;;;0;1;1;1;0;0;0;0;0;1;0;0;-3,738501000000000;-38,538543000000000
305999;30;5;2017;09:50;25125;RUA ROCHA LIMA;RUA DNA LEOPOLDINA;;0;;Colis?úo Lateral;Luz do Dia;;;Cruz;Pare;Comercial;0;0;2;1;0;0;0;0;0;1;0;0;-3,736665000000000;-38,521427000000000
309192;30;5;2017;06:45;6741;RUA ALMEIDA PRADO;RUA VILEBALDO AGUIAR;;0;;Colis?úo Lateral;Luz do Dia;Bom;Seca;Cruz;Pare;Residencial;0;1;1;1;0;0;0;0;0;1;0;0;-3,744685200000000;-38,475040000000000
309231;30;5;2017;16:20;19794;RUA GAL PIRAGIBE;RUA PDE GUERRA;;0;;Colis?úo Transversal;Luz do Dia;Bom;Seca;Cruz;Pare;Residencial;0;1;1;1;0;0;0;0;0;1;0;0;-3,738778600000000;-38,557760000000000
309288;30;5;2017;19:13;3800;AV 13 DE MAIO;RUA CAIO CARLOS;;0;;Colis?úo Lateral;Via Iluminada;Bom;Seca;Cruz;Pare;Comercial;0;0;1;1;0;0;0;0;0;0;0;0;-3,738338200000000;-38,542175000000000
309194;30;5;2017;07:00;26091;AV JOVITA FEITOSA;AV JOSE JATAHY;;0;;Colis?úo Transversal;Luz do Dia;Bom;Seca;Cruz;Sem?íforo;Comercial;0;1;1;1;0;0;0;0;0;1;0;0;-3,737132500000000;-38,543755000000000
309195;30;5;2017;07:30;24955;AV ALM HENRIQUE SABOIA;AV ANTONIO JUSTA;;0;;Colis?úo Transversal;Luz do Dia;Bom;Seca;T;Pare;Residencial;0;0;2;1;0;0;0;0;0;0;0;0;-3,731701100000000;-38,482540000000000
309196;30;5;2017;08:11;20212;AV PRS JUSCELINO KUBITSCHEK (PASSAR?ë);RUA SAO TOMAZ DE AQUINO;;0;;Colis?úo Lateral;Luz do Dia;Bom;Seca;Cruz;Pare;Residencial;0;2;1;1;0;0;0;0;0;1;0;0;-3,813625000000000;-38,529617000000000
309197;30;5;2017;09:08;17953;RUA JOAQUIM ALBANO;RUA BANVAR BEZERRA;;0;;Colis?úo Transversal;Luz do Dia;Bom;Seca;Cruz;Pare;Residencial;0;0;2;1;0;0;0;0;0;0;0;0;-3,735174700000000;-38,580036000000000
309198;30;5;2017;09:16;0;AV VIS RIO BRANCO;;;3798;;Colis?úo Frontal;Luz do Dia;Bom;Seca;T;N?úo H?í Controle;Comercial;0;0;1;1;0;0;0;0;0;1;0;0;-3,754517000000000;-38,520289000000000
309199;30;5;2017;10:16;17424;RUA ANTONIO FIUZA;RUA TRES MARIAS D39 (MONTESE);;0;;Colis?úo Traseira;Luz do Dia;Bom;Seca;Cruz;Sem?íforo;Comercial;0;0;2;0;0;0;0;0;0;0;0;0;-3,768294600000000;-38,551464000000000
309200;30;5;2017;10:15;7869;RUA BARBOSA DE FREITAS;RUA FRANCISCO HOLANDA;;0;;Colis?úo Transversal;Luz do Dia;Bom;Seca;Cruz;Pare;Comercial;0;1;1;1;0;0;0;0;0;1;0;0;-3,749600200000000;-38,501520000000000
309201;30;5;2017;10:15;0;RUA COSTA SOUZA;;;100;;Colis?úo Transversal;Luz do Dia;Bom;Seca;Meio de Quadra;N?úo H?í Controle;Residencial;0;0;2;1;0;0;0;0;0;0;0;0;-3,747217700000000;-38,536705000000000
309202;30;5;2017;09:24;11285;RUA FRANCISCO GLICERIO;RUA CARLOS STUDART;;0;;Colis?úo Transversal;Luz do Dia;Bom;Seca;Cruz;Pare;Comercial;0;0;2;1;0;0;0;0;0;0;0;0;-3,796212400000000;-38,568830000000000
309203;30;5;2017;13:23;0;RUA VALMIR PONTES;;;0;;Colis?úo Traseira;Luz do Dia;Bom;Seca;Meio de Quadra;N?úo H?í Controle;Escola;0;0;3;1;0;0;0;0;0;0;0;0;-3,771449600000000;-38,481330000000000
309204;30;5;2017;13:30;5284;RUA PEDRO I;RUA PRC ISABEL;;0;;Colis?úo Lateral;Luz do Dia;Bom;Seca;Cruz;Pare;Comercial;0;1;1;1;0;0;0;0;0;1;0;0;-3,728741600000000;-38,536194000000000
309205;30;5;2017;13:51;0;AV JOSE BASTOS;;;5107;;Engavetamento;Luz do Dia;Bom;Seca;Meio de Quadra;N?úo H?í Controle;Comercial;0;0;3;1;0;0;0;0;0;0;0;0;-3,757799400000000;-38,562332000000000
309206;30;5;2017;14:18;0;RUA ESV PINHEIRO;;;3996;;Colis?úo Lateral;Luz do Dia;Bom;Seca;Meio de Quadra;Pare;Residencial;0;0;2;1;0;0;0;0;0;0;0;0;-3,756951300000000;-38,507893000000000
309207;30;5;2017;15:31;0;RUA WALDIR DIOGO;;;900;;Choque c/ Obst?ículo Fixo;Luz do Dia;Bom;Seca;Meio de Quadra;N?úo H?í Controle;Residencial;0;0;1;1;0;0;0;0;0;0;0;0;-3,803231500000000;-38,587215000000000
309208;30;5;2017;15:37;12068;AV CASTELO DE CASTRO;AV MON AMARILIO RODRIGUES;;0;;Colis?úo Lateral;Luz do Dia;Nublado;Seca;Cruz;Sem?íforo;Comercial;0;0;1;1;0;0;0;0;0;0;0;0;-3,834941600000000;-38,521680000000000
309209;30;5;2017;14:40;12843;RUA JAIME BENEVOLO;RUA MES ROSA;;0;;Colis?úo Transversal;Luz do Dia;Bom;Seca;Cruz;Pare;Comercial;0;1;1;1;0;0;0;0;0;1;0;0;-3,741955800000000;-38,528640000000000