COD_ACIDENTE;DIA;MES;ANO;HORA;INTERSECAO;LOG1;LOG2;LOG3;NUMERO;REFERENCIA;NATUREZA;ILUMINACAO;TEMPO;SUPERFICIEPISTA;TIPOCRUZAMENTO;CONTROLETRAFEGO;USOSOLO;MORTOS;FERIDOS;ILESOS;AUTOMOVEL;ONIBUS;BICICLETA;CAMINHAO;MICROONIBUS;CICLOMOTOR;MOTOCICLETA;TRACAOANIMAL;TREM;LATITUDE;LONGITUDE
309210;30;5;2017;17:16;5490;AV AGUANAMBI;RUA ANTONIO POMPEU;;0;;Colis?úo Lateral;Luz do Dia;Bom;Seca;Cruz;Sem?íforo;Comercial;0;1;1;1;0;0;0;0;0;1;0;0;-3,736820200000000;-38,524082000000000
309211;30;5;2017;17:26;5490;AV AGUANAMBI;RUA ANTONIO POMPEU;;0;;Colis?úo Lateral;Luz do Dia;Bom;Seca;Cruz;Sem?íforo;Comercial;0;0;2;1;1;0;0;0;0;0;0;0;-3,736907700000000;-38,524190000000000
309212;30;5;2017;19:02;1222;RUA COSTA BARROS;RUA ANTONIO AUGUSTO;;0;;Colis?úo Lateral;Via Iluminada;Bom;Seca;Cruz;Pare;Comercial;0;0;2;1;1;0;0;0;0;0;0;0;-3,729910900000000;-38,513344000000000
309214;30;5;2017;19:11;0;AV ALBERTO CRAVEIRO;;;1403;;Colis?úo Traseira;Anoitecer;Bom;Seca;Meio de Quadra;N?úo H?í Controle;Comercial;0;0;2;1;0;0;0;0;0;0;0;0;-3,792483300000000;-38,517770000000000
309215;30;5;2017;19:28;5402;RUA METON DE ALENCAR;RUA VINTE E QUATRO DE MAIO;;0;;Colis?úo Frontal;Via Iluminada;Bom;Seca;Cruz;Pare;Comercial;0;1;1;0;0;0;0;0;0;1;0;0;-3,732637600000000;-38,533855000000000
309216;30;5;2017;18:28;17440;RUA PRO TEODORICO;RUA ANTONIO FIUZA;;0;;Colis?úo Lateral;Via Iluminada;Bom;Seca;Cruz;Pare;Comercial;0;0;2;1;0;0;0;0;0;0;0;0;-3,769261000000000;-38,552124000000000
309217;30;5;2017;19:55;0;RUA 9 JD CASTELAO;RUA 1 JD CASTELAO;;0;;Colis?úo Transversal;Via Iluminada;Bom;Seca;T;Pare;Residencial;0;0;2;1;1;0;0;0;0;0;0;0;-3,821759000000000;-38,533170000000000
309218;31;5;2017;01:20;3368;RUA RIO GRANDE DO SUL;RUA AMAZONAS;;0;;Colis?úo Transversal;Via Iluminada;Bom;Seca;Cruz;Pare;Residencial;0;2;1;1;0;0;0;0;0;1;0;0;-3,753318800000000;-38,564224000000000
309219;31;5;2017;07:10;7809;RUA FRANCISCO HOLANDA;RUA VIS MAUA;;0;;Colis?úo Transversal;Luz do Dia;Chuva;Molhada;Cruz;Pare;Comercial;0;0;2;1;0;0;0;0;0;0;0;0;-3,748970700000000;-38,503570000000000
309220;31;5;2017;08:00;0;AV PRS COSTA E SILVA;;;0;JOSE WALTER;Engavetamento;Luz do Dia;Chuva;Molhada;Meio de Quadra;N?úo H?í Controle;Industrial;0;0;3;1;0;0;0;0;0;0;0;0;-3,824120300000000;-38,547256000000000
309221;31;5;2017;06:40;5284;RUA PEDRO I;RUA PRC ISABEL;;0;;Colis?úo Transversal;Luz do Dia;Chuva;Molhada;Cruz;Pare;Residencial;0;0;2;1;0;0;0;0;0;0;0;0;-3,728801000000000;-38,536060000000000
309222;31;5;2017;07:08;15299;RUA OSVALDO CRUZ (ALDEOTA);RUA CANUTO DE AGUIAR;;0;;Colis?úo Transversal;Luz do Dia;Chuva;Molhada;Cruz;Pare;Residencial;0;2;1;1;0;0;0;0;0;1;0;0;-3,729819500000000;-38,498505000000000
309223;31;5;2017;05:22;25190;AV VIS RIO BRANCO;RUA PAULO FIRMEZA;;0;;Choque c/ Obst?ículo Fixo;Via Iluminada;Nublado;Seca;T;N?úo H?í Controle;Comercial;0;0;1;0;0;0;0;0;0;1;0;0;-3,757459900000000;-38,519806000000000
309224;31;5;2017;09:00;0;AV PRS CASTELO BRANCO;;;2;;Colis?úo Lateral;Amanhecer;Nublado;Seca;Meio de Quadra;N?úo H?í Controle;Comercial;0;1;1;0;0;0;0;0;0;1;0;0;-3,721393600000000;-38,527687000000000
309225;31;5;2017;10:19;0;AV DUQ CAXIAS;;;1052;;Colis?úo Traseira;Luz do Dia;Bom;Seca;Meio de Quadra;N?úo H?í Controle;Comercial;0;0;2;1;0;0;0;0;0;0;0;0;-3,730621800000000;-38,533610000000000
309226;31;5;2017;13:24;0;AV PRS COSTA E SILVA;;;0;;Engavetamento;Luz do Dia;Nublado;Seca;Meio de Quadra;Sem?íforo;Comercial;0;0;3;1;0;0;0;0;0;0;0;0;-3,817798600000000;-38,564953000000000
309227;31;5;2017;13:16;5313;RUA VINTE E QUATRO DE MAIO;RUA PEDRO I;;926;;Colis?úo Lateral;Luz do Dia;Bom;Seca;Cruz;Pare;Comercial;0;0;2;1;0;0;0;0;0;0;0;0;-3,729790000000000;-38,532960000000000
309228;31;5;2017;14:34;0;AV BENJAMIM BRASIL;;;603;;Colis?úo Transversal;Luz do Dia;Bom;Seca;Meio de Quadra;Pare;Comercial;0;0;2;1;0;0;0;0;0;1;0;0;-3,804651700000000;-38,567790000000000
309229;31;5;2017;14:34;1297;AV SANTOS DUMONT;RUA JOSE VILAR;;0;;Colis?úo Transversal;Luz do Dia;Bom;Seca;Cruz;Sem?íforo;Comercial;0;0;0;1;0;0;0;0;0;1;0;0;-3,801223000000000;-38,498160000000000
309230;31;5;2017;14:45;0;AV ALM BARROSO;;;61;;Engavetamento;Luz do Dia;Bom;Seca;Meio de Quadra;Sem?íforo;Comercial;0;0;3;1;0;0;0;0;0;0;0;0;-3,720496538000000;-38,517413300000000
309289;31;5;2017;19:18;0;RUA EDUARDO GARCIA;;;79;;Colis?úo Lateral;Via Iluminada;Bom;Seca;Meio de Quadra;Sem?íforo;Lazer;0;0;2;1;0;0;0;0;0;0;0;0;-3,738445300000000;-38,498350000000000
309232;31;5;2017;15:53;0;RUA GRANJA CASTELO;;;270;;Colis?úo Transversal;Luz do Dia;Bom;Seca;Meio de Quadra;N?úo H?í Controle;Comercial;0;0;2;1;0;0;0;0;0;0;0;0;-3,830944800000000;-38,500140000000000
309233;31;5;2017;19:51;10021;RUA SOUSA CARVALHO;RUA BRAGANCA;;0;;Colis?úo Lateral;Via Iluminada;Bom;Seca;Cruz;Pare;Escola;0;1;1;1;0;0;0;0;0;1;0;0;-3,781298200000000;-38,596737000000000
309234;31;5;2017;18:30;5343;RUA PDE IBIAPINA;AV BEZERRA DE MENEZES;;0;;Colis?úo Lateral;Via Iluminada;Bom;Seca;T;Sem?íforo;Comercial;0;0;2;1;1;0;0;0;0;0;0;0;-3,730486000000000;-38,540264000000000
309235;31;5;2017;18:36;0;RUA TOMAS ACIOLI;RUA OSVALDO CRUZ;;0;;Colis?úo Traseira;Via Iluminada;Bom;Seca;Cruz;Gesto;Residencial;0;0;2;1;0;0;0;0;0;0;0;0;-3,746986600000000;-38,503986000000000
309236;31;5;2017;21:31;0;RUA CEL SOLON;;;330;;Colis?úo Lateral;Anoitecer;Bom;Seca;Cruz;Pare;Residencial;0;0;2;1;0;0;0;0;0;0;0;0;-3,742934500000000;-38,526886000000000
309237;31;5;2017;16:44;0;AV ABOLICAO;;;3089;;Colis?úo Traseira;Luz do Dia;Bom;Seca;N?úo Informado;Sem?íforo;Residencial;0;0;1;0;0;0;0;0;0;1;0;0;-3,726697000000000;-38,491401000000000
309270;31;5;2017;16:18;0;RUA ALINE VIEIRA COLARES;RUA XXIX VILA VELHA;;0;;Colis?úo Transversal;Luz do Dia;Bom;Seca;Cruz;Pare;Residencial;0;0;2;1;0;0;0;0;0;0;0;0;-3,733421600000000;-38,594390000000000
306045;31;5;2017;08:45;13432;AV ANTONIO SALES;AV RUI BARBOSA;;0;;Colis?úo Traseira;Luz do Dia;;;Cruz;Sem?íforo;Comercial;0;0;2;1;0;0;0;0;0;0;0;0;-3,742611000000000;-38,511569000000000
306040;31;5;2017;18:00;0;AV DOM LUIS;;;502;PRACA PORTUGAL;Colis?úo Traseira;Anoitecer;;;Meio de Quadra;;;0;0;2;1;0;0;0;0;0;0;0;0;-3,733270000000000;-38,497278000000000
306021;31;5;2017;17:10;15366;RUA PEREIRA VALENTE;RUA PRO DIAS DA ROCHA;;0;;Colis?úo Transversal;Anoitecer;;;Cruz;Pare;Comercial;0;0;2;1;0;0;0;0;0;0;0;0;-3,734132000000000;-38,491243000000000
306018;31;5;2017;16:40;0;AV AGUANAMBI;;;888;;Colis?úo Lateral;Luz do Dia;;;Meio de Quadra;;;0;0;2;1;0;0;0;0;0;1;0;0;-3,744120000000000;-38,525614000000000
306025;31;5;2017;19:00;1378;RUA OSVALDO CRUZ (ALDEOTA);RUA DES LEITE ALBUQUERQUE;;0;;Colis?úo Transversal;;;;Cruz;Pare;Residencial;0;0;2;1;1;0;0;0;0;0;0;0;-3,736598000000000;-38,500640000000000
306026;31;5;2017;19:50;2614;AV CEL CARVALHO;RUA DES HERMES PARAHYBA;;0;;Colis?úo Transversal;;;;Cruz;Sem?íforo;Misto;0;1;1;1;0;0;0;0;0;1;0;0;-3,713855000000000;-38,588830000000000
306027;31;5;2017;19:20;25011;RUA TEODOMIRO DE CASTRO;RUA TEN JOSE BARREIRA;;0;;Colis?úo Transversal;;;;;N?úo H?í Controle;Comercial;0;2;0;0;0;0;0;0;0;1;0;0;-3,718743000000000;-38,572355000000000
306028;31;5;2017;17:00;0;AV PRS CASTELO BRANCO;;;2949;;Colis?úo Traseira;Anoitecer;;;Meio de Quadra;;;0;0;2;1;0;0;1;0;0;0;0;0;-3,711956000000000;-38,555000000000000
306066;31;5;2017;10:20;0;AV WENEFRIDO MELO;;;394;;Colis?úo Lateral;Luz do Dia;;;Meio de Quadra;;;0;1;2;1;0;0;0;0;0;1;0;0;-3,811098000000000;-38,575476000000000
306058;31;5;2017;14:00;5126;RUA RUFINO DE ALENCAR;AV DOM MANUEL;;0;;Colis?úo Traseira;Luz do Dia;;;Cruz;Pare;Comercial;0;0;2;1;0;0;0;0;0;0;0;0;-3,724114000000000;-38,519754000000000
306059;31;5;2017;15:20;0;AV PRS COSTA E SILVA;;;1900;;Choque c/ Obst?ículo Fixo;Luz do Dia;;;Meio de Quadra;;;0;1;2;0;0;0;0;1;0;1;0;0;-3,818193000000000;-38,564409000000000
306062;31;5;2017;19:15;0;AV ENG SANTANA JUNIOR;;;2590;;Engavetamento;;;;Meio de Quadra;;;0;0;3;1;0;0;0;0;0;0;0;0;-3,744243800000000;-38,488344500000000
306055;31;5;2017;10:07;0;AV ALM BARROSO;;;774;;Colis?úo Traseira;Luz do Dia;;;Meio de Quadra;;;0;0;2;1;0;0;0;0;0;0;0;0;-3,720304000000000;-38,516041000000000
306052;31;5;2017;08:30;9215;RUA MARIO MAMEDE;RUA EUSEBIO DE SOUZA;;0;;Colis?úo Lateral;Luz do Dia;;;Cruz;Pare;Residencial;0;0;2;0;0;0;0;0;0;0;0;0;-3,750310000000000;-38,530237000000000
306048;31;5;2017;16:09;0;RUA PRO COSTA MENDES;;;1250;;Colis?úo Traseira;Luz do Dia;;;Meio de Quadra;;;0;0;2;1;0;0;0;0;0;0;0;0;-3,751423000000000;-38,550539000000000
306050;31;5;2017;15:40;0;RUA PRO COSTA MENDES;;;1250;;Colis?úo Traseira;Luz do Dia;;;Meio de Quadra;;;0;0;2;1;1;0;0;0;0;0;0;0;-3,751423000000000;-38,550539000000000
325032;31;5;2017;07:00;0;RD CE-060;;;0;KM-03;Colis?úo;Luz do Dia;;Seca;Meio de Quadra;;;0;2;0;0;0;0;0;0;0;1;0;0;-3,843038000000000;-38,585133000000000
326143;31;5;2017;09:47;0;AV ALBERTO CRAVEIRO;;;2770;CASTELAO;Colis?úo;Luz do Dia;;;Meio de Quadra;;;0;1;0;1;0;0;0;0;0;1;0;0;-3,804198000000000;-38,522307000000000
326152;31;5;2017;10:40;0;RUA BAR CRATO;;;252;;Colis?úo;Luz do Dia;;;Meio de Quadra;;;0;1;0;1;0;0;0;0;0;1;0;0;;
326154;31;5;2017;11:36;15623;RUA VASCO DE ATAIDE;RUA VICENTE NOBRE MACEDO;;0;;Colis?úo;Luz do Dia;;;Cruz;Gesto;Residencial;0;0;1;1;0;0;0;0;0;0;0;0;-3,824367000000000;-38,484238000000000
326155;31;5;2017;11:37;0;AV GAL OSORIO DE PAIVA;;;426;;Colis?úo;Luz do Dia;;;Meio de Quadra;;;0;1;0;1;0;0;0;0;0;1;0;0;-3,776025000000000;-38,567114000000000
326156;31;5;2017;12:18;0;RUA HUMBERTO LOMEU;;;2561;;Atropelamento;Luz do Dia;;;Meio de Quadra;;;0;1;0;1;0;0;0;0;0;0;0;0;-3,779040500000000;-38,613797300000000
326157;31;5;2017;17:51;25046;RUA FERNANDO FARIAS DE MELO (MANUEL S?üTIRO);RUA AMERICO ROCHA LIMA;;0;;Colis?úo;Anoitecer;;;Cruz;Pare;Residencial;0;3;0;1;0;0;0;0;0;1;0;0;-3,799080000000000;-38,578449000000000
326158;31;5;2017;18:52;0;AV PRS CASTELO BRANCO;;;2875;;Colis?úo;;;;Meio de Quadra;;;0;1;0;0;0;0;0;0;0;0;0;0;-3,712318000000000;-38,553340000000000
326159;31;5;2017;20:35;0;RUA JORGE FIGUEIREDO (ANCURI);;;1846;;Colis?úo;;;;Meio de Quadra;;;0;1;0;1;0;0;0;0;0;1;0;0;;
326160;31;5;2017;21:27;0;RUA FLORIANO PEIXOTO;;;1347;;Colis?úo;;;;Meio de Quadra;;;0;1;0;1;0;0;0;0;0;1;0;0;-3,734149000000000;-38,529384000000000
326161;31;5;2017;21:50;0;RUA BRAGANCA;;;306;;Queda;;;;Meio de Quadra;;;0;0;1;0;0;1;0;0;0;0;0;0;;
326162;31;5;2017;22:34;7608;AV DR SILAS MUNGUBA;RUA MAL BITENCOURT;;0;;Colis?úo;;;;T;Sem?íforo;Comercial;0;1;0;1;0;0;0;0;0;1;0;0;-3,796992000000000;-38,531678000000000
326127;31;5;2017;06:09;5051;RUA SEN POMPEU;RUA SEN JAGUARIBE;;0;;Colis?úo;Luz do Dia;;;Cruz;Pare;Comercial;0;1;0;0;0;0;1;0;0;1;0;0;-3,721667000000000;-38,528055000000000
326128;31;5;2017;07:07;0;RUA CAP HUGO BEZERRA;;;0;;Colis?úo;Luz do Dia;;;Meio de Quadra;;;0;1;0;1;0;0;0;0;0;1;0;0;;
326129;31;5;2017;08:04;0;AV DOS EXPEDICIONARIOS;;;4812;;Colis?úo;Luz do Dia;;;Meio de Quadra;;;0;2;0;1;0;0;0;0;0;1;0;0;-3,761425000000000;-38,540125000000000
326130;31;5;2017;08:07;0;AV PERIMETRAL;;;0;;Colis?úo;Luz do Dia;;;Meio de Quadra;;;0;1;0;0;0;0;0;0;0;0;0;0;;
326131;31;5;2017;08:27;0;RD BR 116;;;2000;KM-02;Colis?úo;Luz do Dia;;;Meio de Quadra;;;0;2;0;1;0;0;0;0;0;1;0;0;-3,771391000000000;-38,516780000000000
326139;31;5;2017;08:43;0;RUA 23 DE JUNHO;;;1735;;Queda;Luz do Dia;;;Meio de Quadra;;;0;1;0;0;0;1;0;0;0;0;0;0;-3,782007000000000;-38,607716000000000
326140;31;5;2017;09:34;0;RUA BAR RIO BRANCO;;;1404;;Colis?úo;Luz do Dia;;;Meio de Quadra;;;0;1;0;1;0;0;0;0;0;1;0;0;-3,730574000000000;-38,529576000000000
325824;31;5;2017;08:10;0;RD BR 116;;;2000;KM-02;Colis?úo Lateral;Luz do Dia;;Seca;Meio de Quadra;;;0;2;1;1;0;0;0;0;0;1;0;0;-3,771391000000000;-38,516780000000000
325830;1;6;2017;04:45;0;RD BR 222;;;500;KM-01;Colis?úo Traseira;N?úo Informado;;Seca;Meio de Quadra;;;0;0;2;1;0;0;0;0;0;0;0;0;;
325831;1;6;2017;13:38;0;RD BR 116;;;600;KM-08;Colis?úo Lateral;Luz do Dia;;Seca;Meio de Quadra;;;0;2;0;0;0;0;0;0;0;1;0;0;-3,796055900000000;-38,507184100000000
325033;1;6;2017;10:55;0;RD CE-040;;;0;KM-01;Colis?úo;Luz do Dia;;Seca;Meio de Quadra;;;0;0;2;1;0;0;0;0;0;0;0;0;-3,764650449000000;-38,482583040000000
325034;1;6;2017;21:50;0;RD CE-040;;;0;KM-02;Colis?úo;;;Seca;Meio de Quadra;;;0;0;2;1;0;0;0;0;0;0;0;0;-3,773616148000000;-38,481799400000000
306024;1;6;2017;19:35;12893;RUA ANTONIO POMPEU;RUA JOSE GOMES DE MOURA;;0;;Colis?úo Transversal;;;;;;;0;0;3;1;0;0;0;0;0;1;0;0;-3,736585000000000;-38,524928000000000
319660;1;6;2017;02:22;0;RUA 28 CJ JOSE WALTER;;;253;;Atropelamento;;;;Meio de Quadra;;;0;1;0;1;0;0;0;0;0;0;0;0;;
319661;1;6;2017;05:10;0;AV C CJ JOSE WALTER;;;0;;Colis?úo;Amanhecer;;;Meio de Quadra;;;0;1;0;0;0;0;0;0;0;1;0;0;;
319681;1;6;2017;13:12;743;AV PRS CASTELO BRANCO;AV PASTEUR;;0;;Colis?úo;Luz do Dia;;;Cruz;Sem?íforo;Comercial;0;0;1;0;0;0;0;0;0;0;0;0;-3,711181000000000;-38,558856000000000
319683;1;6;2017;13:21;0;RD BR 116;;;7000;KM-07;Colis?úo;Luz do Dia;;;Meio de Quadra;;;0;2;0;0;0;0;0;0;0;0;0;0;-3,786917000000000;-38,511279000000000
319673;1;6;2017;13:01;0;RUA J (VILA VELHA);;;1520;;Colis?úo;Luz do Dia;;;Meio de Quadra;;;0;1;0;1;0;0;0;0;0;1;0;0;-3,765712200000000;-38,615343400000000
319666;1;6;2017;11:37;0;AV HILDEBRANDO DE MELO;;;1803;;Atropelamento;Luz do Dia;;;Meio de Quadra;;;0;1;0;0;0;1;0;0;0;0;0;0;-3,724438062000000;-38,589168576000000
319667;1;6;2017;12:06;5247;AV IMPERADOR;RUA PEDRO PEREIRA;;0;;Colis?úo;Luz do Dia;;;Cruz;Sem?íforo;Comercial;0;0;1;1;0;0;0;0;0;1;0;0;-3,727714000000000;-38,534609000000000
319663;1;6;2017;06:56;9897;RUA SGT JOAO PINHEIRO;RUA CEL JOAO CORREIA;;0;;Colis?úo;Luz do Dia;;;Cruz;Pare;Residencial;0;1;0;0;0;0;0;0;0;0;0;0;-3,785923000000000;-38,623658000000000
319669;1;6;2017;12:37;0;AV FRANCISCO SA;;;2224;;Colis?úo;Luz do Dia;;;Meio de Quadra;;;0;1;0;1;0;0;0;0;0;1;0;0;-3,721349000000000;-38,545329000000000
319670;1;6;2017;12:46;0;RUA ELCIAS LOPES;;;151;;Atropelamento;Luz do Dia;;;Meio de Quadra;;;0;1;0;0;0;0;0;0;0;1;0;0;-3,770056000000000;-38,558591000000000
319720;1;6;2017;17:35;0;AV DR SILAS MUNGUBA;;;1151;;Colis?úo;Anoitecer;;;Meio de Quadra;;;0;1;0;1;0;0;0;0;0;1;0;0;-3,782173000000000;-38,555808000000000
319721;1;6;2017;17:44;0;AV BENJAMIM BRASIL;;;0;;Queda;Anoitecer;;;Meio de Quadra;;;0;0;1;0;0;1;0;0;0;0;0;0;;
319726;1;6;2017;17:44;5402;RUA VINTE E QUATRO DE MAIO;RUA METON DE ALENCAR;;0;;Colis?úo;Anoitecer;;;Cruz;Pare;Comercial;0;1;0;1;0;0;0;0;0;1;0;0;-3,732626000000000;-38,533848000000000
319727;1;6;2017;18:57;0;AV MIN JOSE AMERICO;;;0;;Colis?úo;;;;Meio de Quadra;;;0;1;0;1;0;0;0;0;0;1;0;0;;
319728;1;6;2017;19:21;0;RUA EMILIO DE MENESES;;;444;;Colis?úo;;;;Meio de Quadra;;;0;0;1;1;0;0;0;0;0;1;0;0;-3,782206000000000;-38,585820000000000
319716;1;6;2017;16:00;5400;RUA DNA LEOPOLDINA;RUA JOAQUIM DEODATO;;0;;Colis?úo;Luz do Dia;;;Cruz;Pare;Residencial;0;2;0;1;0;0;0;0;0;1;0;0;-3,732519000000000;-38,519926000000000
319707;1;6;2017;14:30;5331;AV SANTOS DUMONT;RUA GONCALVES LEDO;;0;;Colis?úo;Luz do Dia;;;Cruz;Pare;Comercial;0;1;0;1;0;0;0;0;0;1;0;0;-3,730535000000000;-38,515848000000000
319708;1;6;2017;14:31;0;AV CASTELO DE CASTRO;;;631;;Queda;Luz do Dia;;;Meio de Quadra;;;0;1;0;0;0;0;0;0;0;1;0;0;-3,834894000000000;-38,521624000000000
319709;1;6;2017;15:54;0;RUA 22 CJ BEIRA RIO;;;532;;Atropelamento;Luz do Dia;;;Meio de Quadra;;;0;1;0;1;0;0;0;0;0;0;0;0;;
319689;1;6;2017;13:22;10302;AV SEN FERNANDES TAVORA;RUA PERILIO TEIXEIRA;;0;;Atropelamento;Luz do Dia;;;Cruz;Pare;Comercial;0;1;0;1;0;0;0;0;0;0;0;0;-3,754628000000000;-38,600984000000000
319691;1;6;2017;13:24;0;RUA 860 CJ CEARA;;;0;;Colis?úo;Luz do Dia;;;Meio de Quadra;;;0;1;0;0;0;0;1;0;0;1;0;0;;
319694;1;6;2017;13:30;24763;AV WASHINGTON LUIS;RUA GEORGE CAVALCANTE;;0;;Colis?úo;Luz do Dia;;;Cruz;N?úo H?í Controle;Residencial;0;1;0;1;0;0;0;0;0;1;0;0;-3,717097000000000;-38,590935000000000
319731;1;6;2017;20:18;0;RUA MONTE PASCOAL;;;808;;Colis?úo;;;;Meio de Quadra;;;0;1;0;1;0;0;0;0;0;1;0;0;-3,806535000000000;-38,596286500000000
319733;1;6;2017;22:27;0;AV BEZERRA DE MENEZES;;;1070;;Atropelamento;;;;Meio de Quadra;;;0;1;0;0;1;0;0;0;0;0;0;0;-3,733546000000000;-38,554213000000000
319734;1;6;2017;22:55;0;AV PRO JOSE ARTHUR CARVALHO;;;2706;;Colis?úo;;;;Meio de Quadra;;;0;2;0;0;0;0;0;0;0;1;0;0;-3,823739000000000;-38,455408000000000
319735;1;6;2017;23:52;0;AV SEN FERNANDES TAVORA;;;708;;Colis?úo;;;;Meio de Quadra;;;0;1;0;0;0;0;0;0;0;0;0;0;-3,763688000000000;-38,579352000000000
309281;1;6;2017;11:34;5186;RUA CONDE D??EU;RUA SEN ALMIR PINTO;;0;;Colis?úo Traseira;Luz do Dia;Bom;Seca;T;Gesto;Comercial;0;0;0;1;0;0;0;0;0;0;0;0;-3,772469800000000;-38,471085000000000
309238;1;6;2017;07:20;12803;RUA PRE NOVE;AV PRO GOMES DE MATOS;;0;;Colis?úo Lateral;Luz do Dia;Bom;Seca;T;N?úo H?í Controle;Comercial;0;0;2;1;0;0;0;0;0;0;0;0;-3,754569000000000;-38,540085000000000
309239;1;6;2017;08:11;1339;RUA NUNES VALENTE;RUA DES LEITE ALBUQUERQUE;;0;;Colis?úo Transversal;Luz do Dia;Bom;Seca;T;N?úo H?í Controle;Residencial;0;0;2;1;0;0;0;0;0;0;0;0;-3,735729200000000;-38,503550000000000
309240;1;6;2017;06:50;15245;AV ANTONIO JUSTA;RUA LEONARDO MOTA;;0;;Colis?úo Transversal;Via Iluminada;Bom;Seca;Cruz;N?úo H?í Controle;Comercial;0;0;2;1;0;0;0;0;0;0;0;0;-3,727902200000000;-38,493702000000000
309241;1;6;2017;08:40;24331;AV LUCIANO CARNEIRO;RUA ARMANDO MONTEIRO;;0;;Colis?úo Traseira;Luz do Dia;Bom;Seca;Cruz;Pare;Comercial;0;0;1;1;0;0;0;0;0;0;0;0;-3,763552000000000;-38,536434000000000
309242;1;6;2017;09:24;7873;RUA BARBOSA DE FREITAS;AV PONTES VIEIRA;;0;;Colis?úo Lateral;Luz do Dia;Bom;Seca;Cruz;Sem?íforo;Comercial;0;0;2;1;0;0;0;0;0;0;0;0;-3,751569000000000;-38,502075000000000
309243;1;6;2017;10:00;0;RUA SOBRAL D03;;;160;;Colis?úo Transversal;Luz do Dia;Bom;Seca;Meio de Quadra;N?úo H?í Controle;Comercial;0;0;2;0;1;0;0;0;0;0;0;0;-3,725196800000000;-38,524185000000000
309244;1;6;2017;08:00;0;RUA CASTRO MONTE;;;1341;;Colis?úo Traseira;Luz do Dia;Bom;Seca;Meio de Quadra;N?úo H?í Controle;Escola;0;0;2;1;0;0;0;0;0;0;0;0;-3,736302400000000;-38,485943000000000
309246;1;6;2017;08:28;0;AV ANTONIO SALES;;;3443;;Queda;Luz do Dia;Bom;Seca;Outros;N?úo H?í Controle;Residencial;0;1;0;0;0;0;0;0;0;1;0;0;-3,748622400000000;-38,491620000000000
309247;1;6;2017;10:05;8000;AV JOAO PESSOA;RUA DELMIRO FARIAS;;0;;Colis?úo Lateral;Luz do Dia;Bom;Seca;Cruz;Pare;Comercial;0;1;1;1;1;0;0;0;0;0;0;0;-3,750414600000000;-38,547634000000000
309248;1;6;2017;13:29;0;RUA PDE PEDRO DE ALENCAR;;;480;;Colis?úo Traseira;Luz do Dia;Bom;Seca;Meio de Quadra;N?úo H?í Controle;Comercial;0;0;2;1;0;0;0;0;0;0;0;0;-3,835254000000000;-38,499150000000000
309249;1;6;2017;14:08;0;RUA RIBEIRO LEITAO;TR SEN FERNANDES TAVORA;;627;;Colis?úo Transversal;Luz do Dia;Bom;Seca;Cruz;Pare;Comercial;0;0;2;1;0;0;0;0;0;1;0;0;-3,764424000000000;-38,578316000000000
309250;1;6;2017;11:30;0;RUA JOSE VILAR;;;3004;;Colis?úo Transversal;Luz do Dia;Bom;Seca;Cruz;Pare;Residencial;0;0;1;1;0;0;0;0;0;0;0;0;-3,748681800000000;-38,508934000000000
309253;1;6;2017;15:41;0;RUA OSVALDO CRUZ;;;2433;;Choque c/ Obst?ículo Fixo;Luz do Dia;Bom;Seca;Meio de Quadra;N?úo H?í Controle;Comercial;0;0;2;0;0;0;0;0;0;0;0;0;-3,726718700000000;-38,497215000000000
309254;1;6;2017;16:04;7791;AV PONTES VIEIRA;RUA VIS MAUA;;0;;Colis?úo Traseira;Luz do Dia;Bom;Seca;Cruz;Sem?íforo;Comercial;0;1;1;1;0;0;0;0;0;1;0;0;-3,751791500000000;-38,504360000000000
309255;1;6;2017;16:23;1534;RUA MON CATAO;RUA EDUARDO GARCIA;;0;;Colis?úo Lateral;Luz do Dia;Bom;Seca;Cruz;Pare;Residencial;0;0;2;1;0;0;0;0;0;0;0;0;-3,735196400000000;-38,504528000000000
309256;1;6;2017;17:30;0;RUA MON SALAZAR;;;200;;Colis?úo Lateral;Via Iluminada;Bom;Seca;Meio de Quadra;N?úo H?í Controle;Comercial;0;0;2;1;0;0;0;0;0;0;0;0;-3,756557500000000;-38,518036000000000
309257;1;6;2017;20:47;0;AV JOSE BASTOS;;;2550;;Colis?úo Traseira;Via Iluminada;Bom;Seca;Meio de Quadra;N?úo H?í Controle;Comercial;0;0;2;0;1;0;0;0;0;0;0;0;-3,743477600000000;-38,544304000000000
309258;1;6;2017;21:57;6817;RUA BENTO ALBUQUERQUE;RUA FRANCISCO MATOS;;0;;Colis?úo Transversal;Via Iluminada;Bom;Seca;Cruz;Pare;Residencial;0;1;1;1;0;0;0;0;0;1;0;0;-3,747773400000000;-38,470528000000000
309259;2;6;2017;07:50;0;RUA LOPES TROVAO;;;183;;Colis?úo Lateral;Luz do Dia;Bom;Seca;Meio de Quadra;N?úo H?í Controle;Residencial;0;0;2;1;0;0;0;0;0;0;0;0;-3,822977300000000;-38,501698000000000