COD_ACIDENTE;DIA;MES;ANO;HORA;INTERSECAO;LOG1;LOG2;LOG3;NUMERO;REFERENCIA;NATUREZA;ILUMINACAO;TEMPO;SUPERFICIEPISTA;TIPOCRUZAMENTO;CONTROLETRAFEGO;USOSOLO;MORTOS;FERIDOS;ILESOS;AUTOMOVEL;ONIBUS;BICICLETA;CAMINHAO;MICROONIBUS;CICLOMOTOR;MOTOCICLETA;TRACAOANIMAL;TREM;LATITUDE;LONGITUDE
309260;2;6;2017;08:00;0;AV ENG HUMBERTO MONTE;;;221;;Colis?úo Traseira;Luz do Dia;Bom;Seca;Cruz;Sem?íforo;Comercial;0;0;2;1;0;0;0;0;0;0;0;0;-3,739120500000000;-38,568750000000000
309261;2;6;2017;12:03;0;AV EDILSON B SOARES;;;330;;Colis?úo Lateral;Luz do Dia;Bom;Seca;Meio de Quadra;N?úo H?í Controle;Residencial;0;1;1;1;0;0;0;0;0;1;0;0;-3,789522000000000;-38,482643000000000
309262;2;6;2017;14:00;0;AV ALBERTO NEPOMUCENO;RUA FORTALEZA UI 505;;0;;Colis?úo Transversal;Luz do Dia;Bom;Seca;T;Pare;Comercial;0;0;2;1;0;0;0;0;0;0;0;0;-3,722981200000000;-38,524055000000000
309263;2;6;2017;14:44;1490;RUA DES LEITE ALBUQUERQUE;RUA CEL JUCA;;0;;Colis?úo Transversal;Luz do Dia;Bom;Seca;Cruz;Pare;Comercial;0;0;2;0;0;0;0;0;0;0;0;0;-3,739683600000000;-38,491825000000000
309264;2;6;2017;16:06;0;RUA ANDRE CHAVES;;;586;;Colis?úo Traseira;Luz do Dia;Bom;Seca;Meio de Quadra;N?úo H?í Controle;Residencial;0;0;3;1;0;0;0;0;0;0;0;0;-3,754492000000000;-38,545086000000000
309265;2;6;2017;15:11;12198;RUA JAMACARU;RUA JUA;;0;;Colis?úo Transversal;Luz do Dia;Bom;Seca;Cruz;N?úo H?í Controle;Residencial;0;0;1;1;1;0;0;0;0;0;0;0;-3,840237000000000;-38,519566000000000
309266;2;6;2017;16:59;1312;AV DOM LUIS;RUA LEONARDO MOTA;;0;;Colis?úo Traseira;Luz do Dia;Bom;Seca;Cruz;Sem?íforo;Comercial;0;0;1;1;0;0;0;0;0;0;0;0;-3,733840000000000;-38,495350000000000
309267;2;6;2017;18:28;5709;AV DES GONZAGA;AV OLIVEIRA PAIVA;;0;;Colis?úo Lateral;Via Iluminada;Bom;Seca;Cruz;Sem?íforo;Comercial;0;0;2;1;0;0;0;0;0;0;0;0;-3,797321000000000;-38,499733000000000
309268;2;6;2017;18:36;5709;AV OLIVEIRA PAIVA;AV DES GONZAGA;;0;;Colis?úo Transversal;Via Iluminada;Bom;Seca;Cruz;Sem?íforo;Comercial;0;1;1;1;0;0;0;0;0;1;0;0;-3,797176100000000;-38,499855000000000
309269;2;6;2017;17:45;7849;RUA JOSE VILAR;RUA FRANCISCO HOLANDA;;2829;;Colis?úo Transversal;Luz do Dia;Bom;Seca;Cruz;Pare;Residencial;0;0;2;1;0;0;0;0;0;0;0;0;-3,747456800000000;-38,508503000000000
309272;2;6;2017;20:15;9140;AV FELINO BARROSO;RUA CEL PERGENTINO FERREIRA;;0;;Colis?úo Transversal;Via Iluminada;Bom;Seca;Cruz;N?úo H?í Controle;Comercial;0;1;1;1;0;0;0;0;0;1;0;0;-3,749169600000000;-38,527893000000000
309273;2;6;2017;20:22;15195;AV ABOLICAO;RUA JOSE NAPOLEAO;;0;;Colis?úo Transversal;Via Iluminada;Bom;Seca;Cruz;Pare;Comercial;0;1;2;1;0;0;0;0;0;1;0;0;-3,726426800000000;-38,490400000000000
309274;2;6;2017;21:17;7211;AV PRS CASTELO BRANCO;AV DR THEBERGE;;0;;Colis?úo Transversal;Via Iluminada;Bom;Seca;Cruz;Sem?íforo;Comercial;0;0;2;1;0;0;0;0;0;0;0;0;-3,710179000000000;-38,563200000000000
309275;2;6;2017;21:18;0;AV DR SILAS MUNGUBA;RUA SEIS COMPANHEIROS;;0;;Colis?úo Transversal;Via Iluminada;Bom;Seca;T;Pare;Comercial;0;0;2;1;0;0;0;0;0;1;0;0;-3,792278300000000;-38,535820000000000
309481;2;6;2017;10:35;15205;RUA OSVALDO CRUZ (ALDEOTA);AV ABOLICAO;;0;;Colis?úo Traseira;Luz do Dia;Bom;Seca;Cruz;Sem?íforo;Comercial;0;0;1;0;0;0;0;0;0;0;0;0;-3,726852700000000;-38,497345000000000
319736;2;6;2017;03:35;0;RUA DR ALMEIDA LUSTOSA (MONDUBIM);;;169;;Colis?úo;;;;Meio de Quadra;;;0;1;0;0;0;0;0;0;0;0;0;0;-3,835039000000000;-38,573781000000000
319737;2;6;2017;05:52;1519;RUA PDE VALDEVINO;RUA CARLOS VASCONCELOS;;0;;Colis?úo;Amanhecer;;;Cruz;Sem?íforo;Comercial;0;1;0;1;0;0;0;0;0;1;0;0;-3,740277000000000;-38,513190000000000
319752;2;6;2017;11:08;0;AV GAL OSORIO DE PAIVA;;;4170;;Colis?úo;Luz do Dia;;;Meio de Quadra;;;0;0;1;1;0;0;0;0;0;1;0;0;-3,792695000000000;-38,590364000000000
319739;2;6;2017;07:09;0;AV DES GONZAGA;;;597;;Colis?úo;Luz do Dia;;;Meio de Quadra;;;0;1;0;1;0;0;0;0;0;1;0;0;-3,791727000000000;-38,502415000000000
319741;2;6;2017;07:54;0;AV PERIMETRAL;;;5295;;Colis?úo;Luz do Dia;;;Meio de Quadra;;;0;1;0;1;0;0;0;0;0;1;0;0;;
319742;2;6;2017;08:11;0;RUA CEL FRANCISCO ALVES RIBEIRO;;;101;;Queda;Luz do Dia;;;Meio de Quadra;;;0;1;0;0;0;0;0;0;0;1;0;0;-3,829980000000000;-38,509171000000000
319743;2;6;2017;08:20;0;AV PRS CASTELO BRANCO;;;0;;Atropelamento;Luz do Dia;;;Meio de Quadra;;;0;1;0;1;0;0;0;0;0;0;0;0;;
319744;2;6;2017;09:03;0;AV GODOFREDO MACIEL;;;0;;Colis?úo;Luz do Dia;;;Meio de Quadra;;;0;1;0;1;0;0;0;0;0;1;0;0;;
319745;2;6;2017;09:56;0;AV JOR THOMAZ COELHO;;;0;;Colis?úo;Luz do Dia;;;Meio de Quadra;;;0;1;0;1;0;0;0;0;0;1;0;0;;
319746;2;6;2017;10:30;0;AV PRS CASTELO BRANCO;;;1630;;Queda;Luz do Dia;;;Meio de Quadra;;;0;1;0;0;0;0;0;0;0;1;0;0;-3,715876376000000;-38,541448516000000
319747;2;6;2017;10:50;0;RUA CON DE CASTRO;;;7146;;Colis?úo;Luz do Dia;;;Meio de Quadra;;;0;0;1;0;0;0;0;0;0;0;0;0;-3,817233000000000;-38,600730000000000
319754;2;6;2017;11:35;0;RUA JAMACARU;;;1728;;Colis?úo;Luz do Dia;;;Meio de Quadra;;;0;0;1;1;1;0;0;0;0;0;0;0;-3,840275016000000;-38,519681382000000
319755;2;6;2017;11:41;0;RUA QUINZE (CANINDEZINHO);;;0;;Colis?úo;Luz do Dia;;;Meio de Quadra;;;0;1;0;0;0;1;0;0;0;1;0;0;;
319759;2;6;2017;12:56;0;RUA VITAL BRASIL;;;1380;;Queda;Luz do Dia;;;Meio de Quadra;;;0;1;0;0;0;0;0;0;0;1;0;0;-3,779301000000000;-38,593437000000000
319760;2;6;2017;13:26;0;RUA EDUARDO ARAUJO;;;2336;;Colis?úo;Luz do Dia;;;Meio de Quadra;;;0;1;0;1;0;0;0;0;0;1;0;0;;
319761;2;6;2017;14:51;0;RUA DA PAZ;;;470;;Choque c/ Obst?ículo Fixo;Luz do Dia;;;Meio de Quadra;;;0;0;1;1;0;0;0;0;0;0;0;0;-3,725096124000000;-38,485324000000000
319769;2;6;2017;15:34;0;RUA VIRIATO RIBEIRO;;;1322;;Colis?úo;Luz do Dia;;;Meio de Quadra;;;0;1;0;1;0;0;0;0;0;1;0;0;-3,747121000000000;-38,564341000000000
319770;2;6;2017;16:09;0;AV COS GOMES DE FREITAS (SAPIRANGA/COITE);;;4160;;Queda;Luz do Dia;;;Meio de Quadra;;;0;1;0;0;0;0;0;0;0;1;0;0;-3,794842000000000;-38,469716000000000
319795;2;6;2017;23:23;0;AV ANTONIO JUSTA;;;3517;;Atropelamento;;;;Meio de Quadra;;;0;1;0;1;0;0;0;0;0;0;0;0;-3,729285600000000;-38,489385300000000
319793;2;6;2017;22:20;0;RUA SABINO MONTE;;;4644;;Colis?úo;;;;Meio de Quadra;;;0;0;1;0;0;0;0;0;0;0;0;0;-3,762283000000000;-38,510968000000000
319791;2;6;2017;21:45;0;AV BENJAMIM BRASIL;;;580;;Colis?úo;;;;Meio de Quadra;;;0;1;0;1;0;0;0;0;0;1;0;0;-3,804496000000000;-38,568018000000000
319780;2;6;2017;16:59;0;AV GAL OSORIO DE PAIVA;;;1127;;Queda;Luz do Dia;;;Meio de Quadra;;;0;0;1;0;0;0;0;0;0;1;0;0;-3,779151000000000;-38,572090000000000
319781;2;6;2017;17:12;0;AV JOR THOMAZ COELHO;;;0;;Colis?úo;Anoitecer;;;Meio de Quadra;;;0;1;0;1;0;0;0;0;0;1;0;0;;
319782;2;6;2017;17:47;0;AV PRS JUSCELINO KUBITSCHEK (PASSAR?ë);;;3707;;Colis?úo;Anoitecer;;;Meio de Quadra;;;0;1;0;0;0;0;0;0;0;1;0;0;-3,815244000000000;-38,530863000000000
319783;2;6;2017;17:53;0;RUA DES WALDETARIO P MOTA;;;0;;Colis?úo;Anoitecer;;;Meio de Quadra;;;0;0;1;0;0;0;0;0;0;0;0;0;;
319784;2;6;2017;18:52;0;AV I CJ JOSE WALTER;;;0;;Colis?úo;;;;Meio de Quadra;;;0;1;0;1;0;0;0;0;0;1;0;0;;
319785;2;6;2017;19:07;0;RUA ANASTACIO BRAGA;;;376;;Colis?úo;;;;Meio de Quadra;;;0;1;0;0;0;0;0;0;0;1;0;0;;
319786;2;6;2017;20:15;0;RUA PRS PRUDENTE;;;130;;Colis?úo;;;;Meio de Quadra;;;0;1;1;1;0;1;0;0;0;0;0;0;;
319787;2;6;2017;21:01;0;RD BR 116;;;0;;Colis?úo;;;;Meio de Quadra;;;0;1;0;1;0;0;0;0;0;1;0;0;;
319776;2;6;2017;16:34;0;RUA NICOLAU COELHO;;;656;;Colis?úo;Luz do Dia;;;Meio de Quadra;;;0;2;0;1;0;0;0;0;0;1;0;0;-3,820408000000000;-38,492289000000000
319778;2;6;2017;16:55;0;AV CASTELO DE CASTRO;;;0;;Queda;Luz do Dia;;;Meio de Quadra;;;0;1;0;0;0;0;0;0;0;1;0;0;;
319757;2;6;2017;11:57;0;RUA CHILE;;;812;;Colis?úo;Luz do Dia;;;Meio de Quadra;;;0;1;0;1;0;0;0;0;0;1;0;0;-3,749398000000000;-38,568433000000000
306041;2;6;2017;09:00;5406;RUA ANTONIO POMPEU;RUA PRC ISABEL;;0;;Colis?úo Lateral;Luz do Dia;Bom;Seca;Cruz;Pare;Comercial;0;0;3;1;0;0;0;0;0;0;0;0;-3,732693000000000;-38,537283000000000
306043;2;6;2017;08:45;0;AV PRS COSTA E SILVA;;;0;;Colis?úo Lateral;Luz do Dia;Bom;Seca;Meio de Quadra;N?úo H?í Controle;Comercial;0;1;1;1;0;0;0;0;0;1;0;0;;
306046;2;6;2017;14:05;0;RUA LEONARDO MOTA;;;1040;;;Luz do Dia;Bom;Seca;Meio de Quadra;Sem?íforo;Residencial;0;1;2;1;0;0;0;0;0;0;0;0;-3,734963000000000;-38,495787000000000
306047;2;6;2017;;7869;RUA BARBOSA DE FREITAS;RUA FRANCISCO HOLANDA;;0;;Colis?úo Transversal;Luz do Dia;Bom;Seca;Cruz;Pare;Residencial;0;0;2;1;0;0;0;0;0;0;0;0;-3,749671000000000;-38,501555000000000
306031;2;6;2017;21:00;0;RUA CONEGUNDES RODRIGUES;;;851;;Queda;Anoitecer;Bom;Seca;Meio de Quadra;;Residencial;0;0;1;0;0;0;0;0;0;0;0;0;-3,766392000000000;-38,543891000000000
306032;2;6;2017;00:15;0;AV SEN FERNANDES TAVORA;;;731;;Colis?úo Lateral;Via Iluminada;Bom;Seca;Meio de Quadra;;Residencial;0;1;1;0;0;0;0;0;0;0;0;0;-3,763645000000000;-38,579433000000000
306033;2;6;2017;;20135;RUA PRO JOSE SILVEIRA;RUA AMANCIO PEREIRA;;0;;Colis?úo Transversal;Via Iluminada;Bom;Seca;Cruz;Pare;Residencial;0;0;2;1;0;0;0;0;0;0;0;0;-3,810520000000000;-38,521662000000000
306034;2;6;2017;18:50;23446;RUA PAULO FIRMEZA;RUA ESV PINHEIRO;;0;;Engavetamento;Via Iluminada;Bom;Seca;Cruz;Pare;Residencial;0;0;3;1;0;0;0;0;0;0;0;0;-3,756694000000000;-38,507860000000000
306035;2;6;2017;11:23;0;AV JOAO PESSOA;;;6600;;Colis?úo Lateral;Luz do Dia;Bom;Seca;Meio de Quadra;Sem?íforo;Comercial;0;0;2;1;0;0;1;0;0;0;0;0;-3,767508000000000;-38,559916000000000
306036;2;6;2017;22:50;15367;RUA CEL JUCA;RUA PEREIRA VALENTE;;0;;Colis?úo Lateral;Via Iluminada;Bom;Seca;Cruz;N?úo H?í Controle;Residencial;0;2;0;1;0;0;0;0;0;1;0;0;-3,734439000000000;-38,490267000000000
306037;2;6;2017;22:10;0;AV GAL OSORIO DE PAIVA;;;476;;Colis?úo Traseira;Via Iluminada;Bom;Seca;Meio de Quadra;Sem?íforo;Escola;0;0;2;1;0;0;0;0;0;0;0;0;-3,775851000000000;-38,566882000000000
306038;2;6;2017;13:30;0;RUA DELMIRO FARIAS;;;1346;;Colis?úo Traseira;Luz do Dia;Bom;Seca;Meio de Quadra;Pare;Misto;0;0;2;1;0;0;0;0;0;0;0;0;-3,752251200000000;-38,545202100000000
306049;2;6;2017;19:00;19540;RUA CASIMIRO DE ABREU;RUA JULIO GASPAR;;0;;Colis?úo Transversal;Via Iluminada;Bom;Seca;Cruz;Pare;Residencial;0;0;3;1;0;0;1;0;0;0;0;0;-3,782426000000000;-38,563108000000000
306378;2;6;2017;12:05;1378;RUA DES LEITE ALBUQUERQUE;RUA OSVALDO CRUZ (ALDEOTA);;0;;Colis?úo Lateral;Luz do Dia;Bom;Seca;Cruz;Pare;Comercial;0;1;1;1;0;0;0;0;0;1;0;0;-3,736598000000000;-38,500640000000000
325076;2;6;2017;07:05;0;AV MAE LISBOA;;;8500;;Colis?úo;Luz do Dia;;Seca;Meio de Quadra;;;0;0;2;0;1;0;0;0;0;0;0;0;;
325080;2;6;2017;07:00;0;AV SEN CARLOS JEREISSATI (AEROPORTO);;;0;KM 01;Colis?úo;Luz do Dia;;Seca;Meio de Quadra;;;0;1;1;1;0;0;0;0;0;1;0;0;-3,783753000000000;-38,526850000000000
325833;2;6;2017;07:45;0;RD BR 116;;;500;KM-01;Queda;Luz do Dia;;Seca;Meio de Quadra;;;0;2;0;0;0;0;0;0;0;1;0;0;-3,796035900000000;-38,507192300000000
325834;2;6;2017;20:55;0;RD BR 116;;;11000;KM-11;Queda;N?úo Informado;;Seca;Meio de Quadra;;;0;2;1;0;0;0;0;0;0;1;0;0;-3,847160000000000;-38,497176000000000
325081;3;6;2017;07:30;0;AV SEN CARLOS JEREISSATI (AEROPORTO);;;0;KM 01;Colis?úo;Luz do Dia;;Seca;Meio de Quadra;;;0;0;1;1;0;0;0;0;0;0;0;0;-3,783753000000000;-38,526850000000000
306120;3;6;2017;11:50;8951;RUA ANTONIO POMPEU;RUA RUBIA SAMPAIO;;0;;Colis?úo Transversal;Luz do Dia;Bom;Seca;Cruz;Pare;Comercial;0;1;1;1;0;0;0;0;0;1;0;0;-3,731652000000000;-38,540544000000000
306160;3;6;2017;18:20;12712;RUA MAJ WEYNE;RUA JULIO CESAR D12;;0;;Colis?úo Transversal;Anoitecer;Bom;;Cruz;Pare;Comercial;0;0;2;1;0;0;0;0;0;0;0;0;-3,750019000000000;-38,542813000000000
306140;3;6;2017;12:24;12631;AV CEL CARVALHO;RUA ABELARDO FERREIRA;;0;;Colis?úo Lateral;Luz do Dia;Bom;Seca;T;Pare;Residencial;0;1;1;1;0;0;0;0;0;1;0;0;-3,719122000000000;-38,587509000000000
306188;3;6;2017;14:20;25124;AV AUGUSTO DOS ANJOS;RUA OLIVEIRA SOBRINHO;;0;;Colis?úo Transversal;Via Iluminada;Bom;Seca;Cruz;Pare;Comercial;0;0;2;1;0;0;0;0;0;1;0;0;;
306189;3;6;2017;16:30;0;AV SEN FERNANDES TAVORA;;;1000;;Colis?úo Traseira;Via Iluminada;Bom;Seca;Meio de Quadra;N?úo H?í Controle;Misto;0;0;2;1;0;0;0;0;0;0;0;0;-3,762214000000000;-38,582111000000000
306163;3;6;2017;13:20;0;AV N CJ JOSE WALTER;;;1780;;Colis?úo Lateral;Luz do Dia;Bom;Seca;Meio de Quadra;Pare;Comercial;0;1;1;0;1;0;0;0;0;1;0;0;;
306170;3;6;2017;16:20;3347;AV ENG HUMBERTO MONTE;RUA GOIAS;;0;;Colis?úo Traseira;Luz do Dia;Bom;Seca;T;Pare;Residencial;0;1;1;1;0;0;0;0;0;1;0;0;-3,750494000000000;-38,559425000000000
306172;3;6;2017;09:30;0;RUA QUINTINO CUNHA;;;1272;;Outros;Luz do Dia;Bom;Seca;Meio de Quadra;Pare;Residencial;0;0;1;1;0;0;0;0;0;0;0;0;-3,751973000000000;-38,545335000000000
306178;3;6;2017;05:50;0;RUA VITAL BRASIL;;;268;;Colis?úo Lateral;Amanhecer;Bom;Seca;Meio de Quadra;Pare;Residencial;0;1;1;0;1;0;0;0;0;1;0;0;-3,782040000000000;-38,583744000000000
306179;3;6;2017;08:30;0;RUA JAIME BENEVOLO;;;741;;Colis?úo Frontal;Luz do Dia;Bom;Seca;Meio de Quadra;Sem?íforo Intermitente;Residencial;0;2;0;1;0;0;0;0;0;1;0;0;-3,738619000000000;-38,527522000000000
306180;3;6;2017;10:05;0;AV DOMINGOS OLIMPIO;;;701;;Colis?úo Traseira;Luz do Dia;Bom;Seca;Meio de Quadra;Sem?íforo Intermitente;Comercial;0;0;2;1;0;0;0;0;0;0;0;0;-3,737065000000000;-38,530021000000000
306181;3;6;2017;13:35;0;RUA RIBEIRO LEITAO;;;350;;Colis?úo Lateral;Luz do Dia;Bom;Seca;Meio de Quadra;;Residencial;0;0;2;1;0;0;0;0;0;0;0;0;-3,761382000000000;-38,576633000000000
306182;3;6;2017;13:30;5051;RUA SEN POMPEU;RUA SEN JAGUARIBE;;0;;Colis?úo Lateral;Luz do Dia;Bom;Seca;Cruz;Pare;Comercial;0;0;2;1;0;0;0;0;0;0;0;0;-3,721667000000000;-38,528055000000000
306183;3;6;2017;16:00;18872;RUA 14 CJ HAB ST S JOAO;RUA 35 CJ HAB ST S JOAO;;0;;Colis?úo Traseira;Luz do Dia;Bom;Seca;T;N?úo H?í Controle;Residencial;0;0;2;1;0;0;0;0;0;0;0;0;-3,849397000000000;-38,512217000000000
306184;3;6;2017;10:30;5450;RUA ANTONIO POMPEU;RUA MAJ FACUNDO;;0;;Colis?úo Lateral;Luz do Dia;Bom;Seca;Cruz;Pare;Comercial;0;1;1;1;0;0;0;0;0;1;0;0;-3,734923000000000;-38,530216000000000
306185;3;6;2017;00:50;1425;AV BAR STUDART;RUA JOAO CARVALHO;;0;;Colis?úo Transversal;Via Iluminada;Bom;Seca;Cruz;Sem?íforo Intermitente;Comercial;0;0;2;1;1;0;0;0;0;0;0;0;-3,737632000000000;-38,507567000000000
306186;3;6;2017;15:40;0;AV DOLOR BARREIRA;;;1251;;Colis?úo Lateral;Luz do Dia;Bom;Seca;Meio de Quadra;Outros;Residencial;0;1;1;1;0;0;0;0;0;1;0;0;-3,736608000000000;-38,468932000000000
319796;3;6;2017;06:08;0;AV JOAO PESSOA;;;4204;;Colis?úo;Luz do Dia;;;Meio de Quadra;;;0;2;0;0;0;0;0;0;0;1;0;0;-3,750364000000000;-38,547615000000000
319813;3;6;2017;07:30;0;AV DR THEBERGE;;;1368;;Colis?úo;Luz do Dia;;;Meio de Quadra;;;0;1;0;1;0;0;0;0;0;1;0;0;-3,714540000000000;-38,564921000000000
319859;3;6;2017;19:45;23909;RUA ANTONIO CARNEIRO;RUA PIN ANTONIO BANDEIRA;;0;;Queda;;;;;;;0;1;0;0;0;1;0;0;0;0;0;0;-3,725133000000000;-38,463617000000000
319860;3;6;2017;20:35;5322;AV DUQ CAXIAS;AV IMPERADOR;;0;;Queda;;;;Cruz;Sem?íforo;Comercial;0;1;0;0;0;0;0;0;0;1;0;0;-3,730048000000000;-38,535297000000000
319861;3;6;2017;21:13;0;RUA JEQUITIBA;;;385;;Atropelamento;;;;Meio de Quadra;;;0;1;0;1;0;0;0;0;0;0;0;0;-3,828234922000000;-38,582837142000000
319862;3;6;2017;21:24;3336;RUA RIO GRANDE DO SUL;RUA VIRIATO RIBEIRO;;0;;Colis?úo;;;;Cruz;Pare;Escola;0;1;0;1;0;0;0;0;0;1;0;0;-3,750184000000000;-38,561355000000000
319863;3;6;2017;22:11;6800;RUA BATISTA DE OLIVEIRA;AV SANTOS DUMONT;;0;;Colis?úo;;;;Cruz;Sem?íforo;Comercial;0;1;0;0;0;0;0;0;0;0;0;0;-3,742258000000000;-38,479668000000000
319864;3;6;2017;22:28;21883;RUA DEP MATOSO FILHO;RUA EMILIA GONCALVES;;0;;Atropelamento;;;;Cruz;Pare;Residencial;0;1;0;1;0;0;0;0;0;0;0;0;-3,733400000000000;-38,592575000000000
319865;3;6;2017;22:29;0;RUA TRES CORACOES;;;0;;Colis?úo;;;;Meio de Quadra;;;0;1;0;0;0;0;0;0;0;0;0;0;;
319854;3;6;2017;17:13;0;AV GAL OSORIO DE PAIVA;;;0;;Colis?úo;Anoitecer;;;Meio de Quadra;;;0;1;0;1;0;1;0;0;0;0;0;0;;
319848;3;6;2017;14:51;0;AV GAL OSORIO DE PAIVA;;;4400;;Queda;Luz do Dia;;;Meio de Quadra;;;0;1;0;0;0;0;0;0;0;1;0;0;-3,796864000000000;-38,594459000000000
319849;3;6;2017;15:32;0;RUA EUZEBIO DE QUEIROS;;;1925;;Colis?úo;Luz do Dia;;;Meio de Quadra;;;0;2;0;1;0;0;0;0;0;0;0;0;-3,771816000000000;-38,555949000000000
319856;3;6;2017;17:57;0;RUA CREUSA ROQUE;;;1075;;Colis?úo;Anoitecer;;;Meio de Quadra;;;0;1;0;1;0;0;0;0;0;1;0;0;;
319857;3;6;2017;19:13;0;AV DOS EXPEDICIONARIOS;;;0;;Colis?úo;;;;Meio de Quadra;;;0;1;0;0;0;0;0;0;0;0;0;0;;
319844;3;6;2017;14:26;0;AV DR SILAS MUNGUBA;;;4376;;Colis?úo;Luz do Dia;;;Meio de Quadra;;;0;1;0;1;0;0;0;0;0;1;0;0;-3,791940000000000;-38,536489000000000
319840;3;6;2017;13:42;0;RUA LUIZA GUIMARAES;;;713;;Colis?úo;Luz do Dia;;;Meio de Quadra;;;0;1;0;1;0;0;0;0;0;1;0;0;-3,833733046000000;-38,462613641000000
319841;3;6;2017;14:02;0;AV ADENANTERAS;;;419;;Colis?úo;Luz do Dia;;;Meio de Quadra;;;0;1;0;0;0;0;0;0;0;0;0;0;-3,753734000000000;-38,472720000000000
319842;3;6;2017;14:09;0;AV GAL OSORIO DE PAIVA;;;4388;;Colis?úo;Luz do Dia;;;Meio de Quadra;;;0;1;0;1;0;0;0;0;0;1;0;0;-3,796657000000000;-38,594258000000000
319838;3;6;2017;13:05;0;RUA VALPARAISO;;;1362;;Colis?úo;Luz do Dia;;;Meio de Quadra;;;0;1;0;1;0;0;0;0;0;1;0;0;-3,840397000000000;-38,530423000000000
319832;3;6;2017;10:32;0;AV GAL OSORIO DE PAIVA;;;6807;;Queda;Luz do Dia;;;Meio de Quadra;;;0;1;0;0;0;0;0;0;0;1;0;0;-3,813664000000000;-38,610725000000000
319829;3;6;2017;10:16;25871;RUA CON DE CASTRO;RUA SAO MANUEL;;0;;Colis?úo;Luz do Dia;;;Outros;Pare;Residencial;0;1;0;0;0;0;0;0;0;1;0;0;-3,796271000000000;-38,583853000000000
319802;3;6;2017;06:50;5407;AV DUQ CAXIAS;RUA SOLON PINHEIRO;;0;;Queda;Luz do Dia;;;Cruz;Sem?íforo;Comercial;0;1;0;0;0;0;0;0;0;1;0;0;-3,732704000000000;-38,527034000000000
319799;3;6;2017;06:29;0;RUA VITAL BRASIL;;;2802;;Atropelamento;Luz do Dia;;;Meio de Quadra;;;0;1;0;1;0;0;0;0;0;0;0;0;-3,775755100000000;-38,605986600000000
319819;3;6;2017;08:43;0;RUA VITORIA;;;1568;;Colis?úo;Luz do Dia;;;Meio de Quadra;;;0;1;0;1;0;0;0;0;0;1;0;0;;
319805;3;6;2017;07:16;0;AV JOSE JATAHY;;;305;;Colis?úo;Luz do Dia;;;Meio de Quadra;;;0;1;0;1;0;0;0;0;0;1;0;0;-3,740633000000000;-38,543092000000000
319822;3;6;2017;09:27;0;AV PRUDENTE BRASIL;;;1154;;Colis?úo;Luz do Dia;;;Meio de Quadra;;;0;0;1;0;0;0;0;0;0;0;0;0;-3,811999000000000;-38,535206000000000
319826;3;6;2017;10:10;0;RUA AFONSO LOPES;;;159;;Colis?úo;Luz do Dia;;;Meio de Quadra;;;0;1;0;1;0;0;0;0;0;1;0;0;-3,789572000000000;-38,547142000000000
309359;3;6;2017;09:09;23433;RUA PRO CARVALHO;RUA MON SALAZAR;;0;;Colis?úo Traseira;Luz do Dia;Bom;Seca;Cruz;Pare;Comercial;0;0;2;1;0;0;0;0;0;0;0;0;-3,756300200000000;-38,514214000000000
309393;3;6;2017;20:26;15100;RUA JOAO CORDEIRO;AV HIS RAIMUNDO GIRAO;;0;;Colis?úo;Via Iluminada;Bom;Seca;Cruz;Sem?íforo;Comercial;0;1;0;1;0;0;0;0;0;1;0;0;-3,720791000000000;-38,511772000000000
309276;3;6;2017;00:56;0;AV DR SILAS MUNGUBA;;;5556;;Colis?úo Traseira;Via Iluminada;Bom;Seca;Meio de Quadra;Sem?íforo;Residencial;0;0;2;1;0;0;0;0;0;0;0;0;-3,802690000000000;-38,528893000000000
309277;3;6;2017;05:14;0;AV SEN VIRGILIO TAVORA;;;1001;;Choque c/ Obst?ículo Fixo;Via Iluminada;Chuva;Molhada;Meio de Quadra;Sem?íforo;Comercial;0;0;0;0;0;0;0;0;0;0;0;0;-3,735232800000000;-38,492725000000000
309278;3;6;2017;06:30;8000;AV JOAO PESSOA;RUA DELMIRO FARIAS;;0;;Choque c/ Obst?ículo Fixo;Luz do Dia;Bom;Seca;Cruz;Pare;Residencial;0;1;0;0;0;0;0;0;0;0;0;0;-3,750292300000000;-38,547432000000000
309279;3;6;2017;08:10;0;AV DA UNIVERSIDADE;;;2910;;Colis?úo Traseira;Luz do Dia;Bom;Seca;Meio de Quadra;N?úo H?í Controle;Escola;0;0;2;1;0;0;0;0;0;0;0;0;-3,741726000000000;-38,539820000000000
309280;3;6;2017;09:40;9124;AV VIS RIO BRANCO;RUA MON SALAZAR;;0;;Colis?úo Lateral;Luz do Dia;Bom;Seca;Cruz;Sem?íforo;Comercial;0;0;2;1;0;0;0;0;0;0;0;0;-3,756653500000000;-38,519980000000000
309282;3;6;2017;07:00;26083;AV BEZERRA DE MENEZES;AV JOSE JATAHY;;0;HIPER BOMPRE?çO;Colis?úo Transversal;Luz do Dia;Bom;Seca;Cruz;Sem?íforo;Comercial;0;0;2;1;0;0;0;0;0;0;0;0;-3,731493700000000;-38,545190000000000
309283;3;6;2017;09:00;0;RUA BAR RIO BRANCO;;;520;;Colis?úo Lateral;Luz do Dia;Bom;Seca;Meio de Quadra;N?úo H?í Controle;Comercial;0;0;2;1;0;0;0;0;0;0;0;0;-3,723094700000000;-38,527164000000000