COD_ACIDENTE;DIA;MES;ANO;HORA;INTERSECAO;LOG1;LOG2;LOG3;NUMERO;REFERENCIA;NATUREZA;ILUMINACAO;TEMPO;SUPERFICIEPISTA;TIPOCRUZAMENTO;CONTROLETRAFEGO;USOSOLO;MORTOS;FERIDOS;ILESOS;AUTOMOVEL;ONIBUS;BICICLETA;CAMINHAO;MICROONIBUS;CICLOMOTOR;MOTOCICLETA;TRACAOANIMAL;TREM;LATITUDE;LONGITUDE
309284;3;6;2017;10:40;0;AV DOM LUIS;;;1040;;Colis?úo Lateral;Luz do Dia;Bom;Seca;Meio de Quadra;N?úo H?í Controle;Comercial;0;0;2;1;0;0;0;0;0;0;0;0;-3,735107700000000;-38,491870000000000
309285;3;6;2017;13:28;12757;RUA DAMASCENO GIRAO;RUA MAJ WEYNE;;0;;Colis?úo Lateral;Luz do Dia;Bom;Seca;Cruz;Sem?íforo;Comercial;0;0;2;1;0;0;0;0;0;1;0;0;-3,752717700000000;-38,540050000000000
309286;3;6;2017;12:39;0;AV SEN CARLOS JEREISSATI (AEROPORTO);;;0;AEROPORTO;Colis?úo Lateral;Luz do Dia;Bom;Seca;Meio de Quadra;N?úo H?í Controle;Comercial;0;0;2;1;0;0;0;1;0;0;0;0;-3,779028700000000;-38,540165000000000
309287;3;6;2017;17:45;17275;RUA ALVARO FERNANDES;RUA BAR CANINDE;;0;;Colis?úo Transversal;Via Iluminada;Bom;Seca;Cruz;Pare;Residencial;0;1;2;1;0;0;0;0;0;0;0;0;-3,762230400000000;-38,552265000000000
309290;3;6;2017;17:11;1219;RUA JOAO CORDEIRO;RUA COSTA BARROS;;0;;Colis?úo Transversal;Via Iluminada;Bom;Seca;Cruz;Sem?íforo;Residencial;0;0;1;1;0;0;0;0;0;0;0;0;-3,729432600000000;-38,514454000000000
309291;3;6;2017;21:44;0;RUA MARIA TOMASIA;;;768;;Colis?úo Lateral;Via Iluminada;Bom;Seca;Meio de Quadra;N?úo H?í Controle;Comercial;0;0;1;1;0;0;0;0;0;0;0;0;-3,736211000000000;-38,495277000000000
309292;4;6;2017;07:47;5112;RUA BAR RIO BRANCO;RUA CASTRO E SILVA;;0;;Colis?úo Transversal;Luz do Dia;Bom;Seca;Cruz;Sem?íforo;Comercial;0;1;1;1;0;0;0;0;0;0;0;0;-3,723710300000000;-38,527393000000000
309293;4;6;2017;08:20;7992;AV JOAO PESSOA;RUA ANA NERY;;0;;Colis?úo Transversal;Luz do Dia;Bom;Seca;Cruz;Pare;Comercial;0;0;2;1;1;0;0;0;0;0;0;0;-3,749577800000000;-38,546707000000000
309294;4;6;2017;13:50;1519;RUA PDE VALDEVINO;RUA CARLOS VASCONCELOS;;0;;Colis?úo Transversal;Luz do Dia;Bom;Seca;Cruz;Sem?íforo;Comercial;0;0;2;1;0;0;0;0;0;0;0;0;-3,740051500000000;-38,513206000000000
309295;4;6;2017;13:00;23698;RUA PLACIDO DE CASTRO;RUA MON AGOSTINHO;;0;;Colis?úo Transversal;Luz do Dia;Bom;Seca;Cruz;N?úo H?í Controle;Residencial;0;1;1;0;1;0;0;0;0;0;0;0;-3,790388600000000;-38,585636000000000
309296;4;6;2017;16:00;0;RUA MOURA MATOS;;;0;;Colis?úo Lateral;Luz do Dia;Bom;Seca;T;N?úo H?í Controle;Comercial;0;0;2;1;0;0;0;0;0;0;0;0;-3,812121200000000;-38,544174000000000
309297;4;6;2017;19:42;65;RUA MARTINS NETO;RUA HUGO VITOR;;0;;Colis?úo Transversal;Via Iluminada;Bom;Seca;Cruz;Pare;Residencial;0;0;1;1;0;0;0;0;0;0;0;0;-3,740685000000000;-38,591354000000000
309298;4;6;2017;19:10;3833;RUA MAL DEODORO;RUA JUVENAL GALENO;;0;;Colis?úo Transversal;Via Iluminada;Bom;Seca;Cruz;Pare;Residencial;0;1;1;1;0;0;0;0;0;1;0;0;-3,741617200000000;-38,535915000000000
309299;4;6;2017;21:09;0;AV DR SILAS MUNGUBA;;;557;;Colis?úo Traseira;Via Iluminada;Bom;Molhada;Meio de Quadra;Sem?íforo;Residencial;0;0;2;1;1;0;0;0;0;0;0;0;-3,801108400000000;-38,530018000000000
309301;4;6;2017;21:56;0;AV JOSE SABOIA;AV LEITE BARBOSA;;0;;Choque c/ Obst?ículo Fixo;Mal Iluminada;Bom;Seca;T;Pare;Residencial;0;0;0;1;0;0;0;0;0;0;0;0;-3,714275600000000;-38,471737000000000
309374;4;6;2017;07:15;0;RUA EDUARDO PORTO;;;145;;Choque c/ Obst?ículo Fixo;Luz do Dia;Bom;Seca;Meio de Quadra;N?úo H?í Controle;Comercial;0;2;0;1;0;0;0;0;0;0;0;0;-3,832805000000000;-38,496330000000000
319873;4;6;2017;04:32;0;AV RECREIO D64;;;1930;;Choque c/ Obst?ículo Fixo;;;;Meio de Quadra;;;0;1;0;0;0;0;0;0;0;1;0;0;;
319871;4;6;2017;04:18;0;AV SEN FERNANDES TAVORA;;;0;;Choque c/ Obst?ículo Fixo;;;;Meio de Quadra;;;0;1;0;1;0;0;0;0;0;0;0;0;;
319883;4;6;2017;04:42;9168;AV LUCIANO CARNEIRO;AV BORGES DE MELO;;0;;Colis?úo;;;;Cruz;Sem?íforo;Comercial;0;2;0;0;0;0;0;0;0;0;0;0;-3,756465000000000;-38,534097000000000
319866;4;6;2017;00:06;0;AV LINEU MACHADO;;;400;;Queda;;;;Meio de Quadra;;;0;1;0;0;0;0;0;0;0;1;0;0;-3,763844000000000;-38,575815000000000
319867;4;6;2017;01:28;0;RUA DR JOSE ROBERTO SALES;;;109;;Queda;;;;Meio de Quadra;;;0;1;0;0;0;0;0;0;0;1;0;0;;
319868;4;6;2017;03:33;0;RUA SOCORRO GOMES;;;957;;Choque c/ Obst?ículo Fixo;;;;Meio de Quadra;;;0;1;0;1;0;0;0;0;0;0;0;0;;
319923;4;6;2017;21:47;0;RUA MIGUEL GURGEL;;;0;;Colis?úo;;;;Meio de Quadra;;;0;1;0;0;0;0;0;0;0;0;0;0;;
319924;4;6;2017;23:24;0;AV DR SILAS MUNGUBA;;;1199;;Colis?úo;;;;Meio de Quadra;;;0;1;0;1;0;0;0;0;0;1;0;0;-3,782416000000000;-38,555361000000000
319921;4;6;2017;21:35;0;RUA MARIA QUINTINO;;;994;;Colis?úo;;;;Meio de Quadra;;;0;1;0;0;0;0;0;0;0;0;0;0;-3,857266600000000;-38,501268100000000
319896;4;6;2017;09:31;2486;RUA SEN ROBERT KENNEDY;AV FRANCISCO SA;;0;;Queda;Luz do Dia;;;Cruz;Pare;Comercial;0;1;0;0;0;0;0;0;0;1;0;0;-3,709140000000000;-38,581426000000000
319919;4;6;2017;20:17;0;AV PRS CASTELO BRANCO;;;0;;Colis?úo;;;;Meio de Quadra;;;0;2;0;1;0;0;0;0;0;1;0;0;;
319910;4;6;2017;19:19;14891;RUA ALFREDO MAMEDE;RUA PDE RODOLFO;;0;;Colis?úo;;;;T;N?úo H?í Controle;Misto;0;1;0;0;0;0;0;0;0;1;0;0;-3,808290000000000;-38,580658000000000
319911;4;6;2017;19:34;0;AV JANGADEIROS (MUCURIPE);;;0;;Atropelamento;;;;Meio de Quadra;;;0;1;0;0;0;0;0;0;0;1;0;0;;
319912;4;6;2017;19:46;0;RUA MARIA QUINTINO;;;484;;Colis?úo;;;;Meio de Quadra;;;0;1;0;0;0;0;0;0;0;0;0;0;;
319913;4;6;2017;19:47;0;RUA HONORINA MAIA;;;1109;;Colis?úo;;;;Meio de Quadra;;;0;0;1;0;0;0;0;0;0;0;0;0;;
319914;4;6;2017;20:07;12956;AV A CJ JOSE WALTER;RUA 1 CJ JOSE WALTER;;0;;Colis?úo;;;;T;Pare;Residencial;0;0;1;0;0;0;0;0;0;0;0;0;-3,823548000000000;-38,558441000000000
319915;4;6;2017;20:12;0;AV COSTA OESTE;;;1163;;Colis?úo;;;;Meio de Quadra;;;0;2;0;1;0;0;0;0;0;1;0;0;;
319898;4;6;2017;09:37;5472;RUA ANTONIO POMPEU;RUA JAIME BENEVOLO;;0;;Colis?úo;Luz do Dia;;;Cruz;Sem?íforo;Residencial;0;1;0;1;0;0;0;0;0;0;0;0;-3,736033000000000;-38,526664000000000
319899;4;6;2017;11:28;0;RUA PORTO VELHO;;;433;;Colis?úo;Luz do Dia;;;Meio de Quadra;;;0;2;0;1;0;0;0;0;0;1;0;0;-3,767187260000000;-38,584839241000000
319900;4;6;2017;12:33;84;RUA PDE PERDIGAO SAMPAIO;AV MR HULL;;0;;Colis?úo;Luz do Dia;;;Cruz;Sem?íforo;Residencial;0;1;0;1;0;0;0;0;0;1;0;0;-3,740113000000000;-38,594635000000000
319901;4;6;2017;13:36;0;RUA BAR AQUIRAZ;;;0;;Colis?úo;Luz do Dia;;;Meio de Quadra;;;0;1;0;1;0;0;0;0;0;1;0;0;;
319902;4;6;2017;13:53;0;AV PERIMETRAL;;;0;;Atropelamento;Luz do Dia;;;Meio de Quadra;;;0;1;0;0;0;0;0;0;0;0;0;0;;
319903;4;6;2017;14:42;0;RUA WALDIR DIOGO;;;108;;Queda;Luz do Dia;;;Meio de Quadra;;;0;0;1;0;0;0;0;0;0;1;0;0;-3,807819000000000;-38,579270000000000
319904;4;6;2017;17:11;0;RUA PIAUI;;;1225;;Atropelamento;Anoitecer;;;Meio de Quadra;;;0;1;0;1;0;0;0;0;0;0;0;0;-3,754546000000000;-38,570131000000000
319905;4;6;2017;17:58;0;RUA PRC ISABEL;;;0;;Colis?úo;Anoitecer;;;Meio de Quadra;;;0;1;0;1;0;0;1;0;0;0;0;0;;
319906;4;6;2017;18:19;0;AV LAURO VIEIRA CHAVES;;;651;;Colis?úo;Anoitecer;;;Meio de Quadra;;;0;1;1;0;0;0;0;0;0;0;0;0;-3,773044000000000;-38,531773000000000
319907;4;6;2017;18:26;0;AV DEP PAULINO ROCHA;;;0;;Atropelamento;Anoitecer;;;Meio de Quadra;;;0;1;0;1;0;0;0;0;0;0;0;0;;
319894;4;6;2017;08:31;0;AV MON TABOSA;;;1152;;Atropelamento;Luz do Dia;;;Meio de Quadra;;;0;1;0;0;0;0;0;0;0;1;0;0;-3,724248000000000;-38,508763000000000
319887;4;6;2017;04:56;5112;RUA CASTRO E SILVA;RUA BAR RIO BRANCO;;0;;Colis?úo;;;;Cruz;Sem?íforo;Comercial;0;1;0;0;0;0;0;0;0;0;0;0;-3,723847000000000;-38,527429000000000
319888;4;6;2017;05:02;0;AV PRO JOSE ARTHUR CARVALHO;;;1930;;Queda;Amanhecer;;;Meio de Quadra;;;0;1;0;0;0;0;0;0;0;1;0;0;-3,825694000000000;-38,463337000000000
319889;4;6;2017;06:00;0;RUA JOR ANTONIO P TAVARES;;;1070;;Queda;Luz do Dia;;;Meio de Quadra;;;0;1;0;0;0;0;0;0;0;1;0;0;-3,814013000000000;-38,506754000000000
319890;4;6;2017;06:19;0;RD BR 222;;;900;KM-02;Atropelamento;Luz do Dia;;Seca;Meio de Quadra;;;0;2;0;0;0;0;0;0;0;1;0;0;;
306051;4;6;2017;04:00;3863;AV 13 DE MAIO;RUA SEN POMPEU;;0;;Colis?úo Frontal;Via Iluminada;Nublado;Seca;Cruz;Sem?íforo;Comercial;0;0;2;1;0;0;0;0;0;0;0;0;-3,744515000000000;-38,534969000000000
306053;4;6;2017;21:15;0;RUA NEREU RAMOS;;;945;;Colis?úo;Via Iluminada;Chuva;Molhada;Meio de Quadra;N?úo H?í Controle;Comercial;0;1;1;1;0;0;0;0;0;1;0;0;-3,783484000000000;-38,575085000000000
306056;4;6;2017;16:00;24257;RUA MANUEL JESUINO;RUA TAVARES COUTINHO;;0;;Colis?úo Lateral;Luz do Dia;Bom;Seca;Cruz;Sem?íforo;Residencial;0;0;2;1;0;0;0;0;0;0;0;0;-3,732500000000000;-38,484965000000000
306063;4;6;2017;15:00;1462;RUA NUNES VALENTE;RUA JOAO CARVALHO;;0;;Colis?úo Transversal;Luz do Dia;Bom;Seca;Cruz;Pare;Comercial;0;1;1;1;0;0;0;0;0;0;0;0;-3,738599000000000;-38,504491000000000
306061;4;6;2017;11:50;23342;RUA TIBURCIO CAVALCANTE;RUA EDUARDO BEZERRA;;0;;Colis?úo Transversal;Luz do Dia;Bom;Seca;Cruz;Pare;Residencial;0;1;1;1;0;0;0;0;0;0;0;0;-3,753329000000000;-38,508145000000000
325082;4;6;2017;00:05;0;RD CE-040;;;0;KM-03;Colis?úo;Via Iluminada;;Seca;Meio de Quadra;;;0;0;1;1;0;0;0;0;0;0;0;0;-3,782614325000000;-38,481083900000000
298087;4;6;2017;20:20;15269;RUA TEN BENEVOLO;AV RUI BARBOSA;;0;;Colis?úo Transversal;;;;Cruz;Sem?íforo;Residencial;1;1;1;1;0;0;0;0;0;1;0;0;-3,728685000000000;-38,507048000000000
298183;4;6;2017;03:00;0;RUA PEDRO DE SOUZA;;;266;;Queda;;;;Meio de Quadra;;;1;0;0;0;0;0;0;0;0;1;0;0;-3,852658000000000;-38,497980000000000
325836;5;6;2017;11:40;0;RD BR 222;;;0;KM-03;Colis?úo Traseira;Luz do Dia;;Molhada;Meio de Quadra;;;0;0;2;1;0;0;0;0;0;0;0;0;-3,740300848000000;-38,595940970000000
325838;5;6;2017;16:15;0;RD BR 116;;;500;KM-15;Colis?úo Lateral;Luz do Dia;;Seca;Meio de Quadra;;;0;1;1;0;0;1;1;0;0;0;0;0;-3,796035900000000;-38,507192300000000
306086;5;6;2017;07:25;3896;AV EDUARDO GIRAO;RUA CARLOS CAMARA;;0;;Colis?úo;Luz do Dia;Bom;Seca;Cruz;Pare;Comercial;0;2;0;1;0;0;0;0;0;1;0;0;-3,747043000000000;-38,543106000000000
306087;5;6;2017;06:30;0;AV FRANCISCO SA;;;2305;;Colis?úo Lateral;Luz do Dia;Bom;Seca;Meio de Quadra;N?úo H?í Controle;Comercial;0;0;2;1;0;0;1;0;0;0;0;0;-3,721103000000000;-38,546100000000000
306080;5;6;2017;06:30;5448;RUA METON DE ALENCAR;RUA BAR ARATANHA;;0;;Colis?úo Transversal;Luz do Dia;Bom;Seca;Cruz;Pare;Comercial;0;0;2;1;0;0;0;0;0;1;0;0;-3,734847000000000;-38,527028000000000
306117;5;6;2017;21:20;7990;RUA JOAO SORONGO;RUA CARLOS CAMARA;;0;;Colis?úo Transversal;Via Iluminada;Bom;Seca;Cruz;Pare;Residencial;0;2;0;1;0;0;0;0;0;1;0;0;-3,749406000000000;-38,545224000000000
306114;5;6;2017;00:40;1661;RUA JOAQUIM NABUCO;RUA VICENTE LINHARES;;0;;Colis?úo Lateral;Via Iluminada;Bom;Seca;Cruz;Sem?íforo;Residencial;0;0;2;1;0;0;0;0;0;1;0;0;-3,741195000000000;-38,503180000000000
306089;5;6;2017;07:50;7781;AV DES MOREIRA;AV ANTONIO SALES;;0;;Colis?úo Traseira;Luz do Dia;Bom;Seca;Meio de Quadra;Sem?íforo;Comercial;0;0;2;1;0;0;0;0;0;0;0;0;-3,745744000000000;-38,501410000000000
306084;5;6;2017;06:58;5137;RUA CASTRO E SILVA;RUA GAL BEZERRIL;;0;;Colis?úo Lateral;Luz do Dia;Bom;;Cruz;Pare;Comercial;0;0;2;1;0;0;0;0;0;0;0;0;-3,724461000000000;-38,525536000000000
306098;5;6;2017;06:40;18472;RUA FRE ODILON;RUA SEN ALVARO ADOLFO;;0;;Colis?úo Frontal;Luz do Dia;Bom;Seca;Outros;Outros;Residencial;0;0;2;1;0;0;0;0;0;0;0;0;;
306101;5;6;2017;11:30;17916;AV SGT HERMINIO SAMPAIO;RUA ALCANTARA BILHAR;;0;;Colis?úo Traseira;Luz do Dia;Bom;Seca;T;Pare;Comercial;0;0;3;1;0;0;0;0;0;0;0;0;-3,732807000000000;-38,582528000000000
306102;5;6;2017;12:50;21319;RUA JOSE SOMBRA;RUA GUSTAVO SAMPAIO;;0;;Colis?úo Lateral;Luz do Dia;Bom;Seca;Cruz;Pare;Residencial;0;0;2;1;0;0;0;0;0;1;0;0;-3,733349000000000;-38,547260000000000
306164;5;6;2017;18:00;1447;AV DES MOREIRA;RUA EDUARDO GARCIA;;0;;Colis?úo Traseira;Anoitecer;Bom;Seca;Cruz;Sem?íforo;Comercial;0;0;2;1;0;0;0;0;0;0;0;0;-3,738207000000000;-38,498980000000000
306155;5;6;2017;16:35;23380;RUA NUNES VALENTE;RUA CAP TIBURCIO DA FROTA;;0;;Colis?úo Transversal;Luz do Dia;Bom;Seca;Cruz;Pare;Residencial;0;0;2;1;0;0;0;0;0;1;0;0;-3,754506000000000;-38,509109000000000
306124;5;6;2017;08:45;1236;AV RUI BARBOSA;RUA COSTA BARROS;;0;;Colis?úo Traseira;Luz do Dia;Bom;Seca;Cruz;Sem?íforo;Comercial;0;0;2;1;0;0;0;0;0;0;0;0;-3,731526000000000;-38,507984000000000
306128;5;6;2017;10:10;0;RUA RIO BRANCO;;;2081;;Colis?úo Transversal;Luz do Dia;Bom;Seca;Meio de Quadra;Sem?íforo;Comercial;0;0;3;1;0;0;1;0;0;0;0;0;-3,739127600000000;-38,523407100000000
306145;5;6;2017;14:00;0;AV ZEZE DIOGO;;;74;;Colis?úo Traseira;Luz do Dia;Bom;Seca;Meio de Quadra;N?úo H?í Controle;Residencial;0;0;2;0;0;0;0;1;0;0;0;0;-3,708490000000000;-38,469407000000000
306119;5;6;2017;10:25;0;RUA CON DE CASTRO;;;3168;;Colis?úo Traseira;Luz do Dia;Bom;Seca;Meio de Quadra;Gesto;Residencial;0;0;2;0;0;0;0;0;0;1;0;0;-3,796119000000000;-38,583711000000000
306143;5;6;2017;23:43;5323;RUA PEDRO PEREIRA;RUA ASSUNCAO;;0;;Colis?úo Transversal;Via Iluminada;Bom;Seca;Cruz;Pare;Comercial;0;0;2;0;0;0;0;0;0;0;0;0;-3,730116000000000;-38,527197000000000
306152;5;6;2017;12:45;0;RUA COS TRISTAO;;;0;;Colis?úo Lateral;Luz do Dia;Bom;Seca;Meio de Quadra;Pare;Outros;0;0;2;1;0;0;0;0;0;0;0;0;;
319926;5;6;2017;08:19;0;RUA OITICICAS;;;640;;Atropelamento;Luz do Dia;;;Meio de Quadra;;;0;1;0;1;0;0;0;0;0;0;0;0;-3,808728000000000;-38,536941000000000
319931;5;6;2017;08:38;0;RUA FLORIANO PEIXOTO;;;427;;Colis?úo;Luz do Dia;;;Meio de Quadra;;;0;1;0;1;0;0;0;0;0;1;0;0;-3,726285700000000;-38,526758000000000
319928;5;6;2017;08:29;0;RD BR 116;;;2000;KM-02;Colis?úo;Luz do Dia;;;Meio de Quadra;;;0;0;1;1;0;0;0;0;0;1;0;0;-3,771391000000000;-38,516780000000000
319929;5;6;2017;08:33;0;RUA PDE ANTONINO;;;451;;Colis?úo;Luz do Dia;;;Meio de Quadra;;;0;0;1;1;0;0;0;0;0;1;0;0;;
319933;5;6;2017;11:02;0;RUA AQUIRAZ;;;300;;Queda;Luz do Dia;;;Meio de Quadra;;;0;1;0;0;0;0;0;0;0;1;0;0;-3,756790000000000;-38,546307000000000
319934;5;6;2017;11:38;0;RUA PESSOA ANTA;;;96;;Colis?úo;Luz do Dia;;;Meio de Quadra;;;0;1;0;1;0;0;0;0;0;1;0;0;-3,721141000000000;-38,522249000000000
319935;5;6;2017;12:37;0;AV 13 DE MAIO;;;0;;Atropelamento;Luz do Dia;;;Meio de Quadra;;;0;1;0;0;0;0;0;0;0;1;0;0;;
319936;5;6;2017;13:39;0;RUA STO AMARO (MUCURIPE);;;125;;Queda;Luz do Dia;;;Meio de Quadra;;;0;1;0;0;0;0;0;0;0;1;0;0;;
319937;5;6;2017;14:28;0;AV GAL OSORIO DE PAIVA;;;441;;Colis?úo;Luz do Dia;;;Meio de Quadra;;;0;0;1;0;0;0;0;0;0;1;0;0;-3,775758000000000;-38,566693000000000
319938;5;6;2017;14:58;18755;AV B CJ HAB ST SAO JOAO;RUA 35 CJ HAB ST S JOAO;;0;;Colis?úo;Luz do Dia;;;Cruz;Pare;Residencial;0;1;0;1;0;0;0;0;0;1;0;0;-3,847111000000000;-38,517948000000000
319939;5;6;2017;15:23;0;RUA JOSE MOREIRA;;;40;;Colis?úo;Luz do Dia;;;Meio de Quadra;;;0;1;0;0;0;0;0;0;0;0;0;0;-3,858559644000000;-38,496967060000000
319944;5;6;2017;16:31;0;RD BR 116;;;15000;KM-15;Atropelamento;Luz do Dia;;;Meio de Quadra;;;0;1;0;0;0;0;1;0;0;0;0;0;-3,882329000000000;-38,501113000000000
319958;5;6;2017;17:42;0;AV GODOFREDO MACIEL;;;5580;;Colis?úo;Anoitecer;;;Meio de Quadra;;;0;1;0;1;0;0;0;0;0;0;0;0;-3,822753000000000;-38,578274000000000
319959;5;6;2017;17:47;0;RUA MARIA JULIA;;;655;;Colis?úo;Anoitecer;;;Meio de Quadra;;;0;1;0;0;0;0;0;0;0;0;0;0;;
319960;5;6;2017;17:59;0;AV PERIMETRAL;;;0;;Queda;Anoitecer;;;Meio de Quadra;;;0;0;1;0;0;0;0;0;0;1;0;0;;
319961;5;6;2017;18:04;0;AV PERIMETRAL;;;0;;Colis?úo;Anoitecer;;;Meio de Quadra;;;0;2;0;1;0;0;0;0;0;1;0;0;;
319954;5;6;2017;17:01;0;AV DES MOREIRA;;;3048;;Colis?úo;Anoitecer;;;Meio de Quadra;;;0;2;0;0;0;0;0;0;0;1;0;0;;
319964;5;6;2017;18:29;0;AV CESAR CALS;;;6280;;Colis?úo;Anoitecer;;;Meio de Quadra;;;0;1;0;1;0;0;0;0;0;1;0;0;-3,725877322000000;-38,533963038000000
319956;5;6;2017;17:14;0;RUA CONDE D??EU;;;630;;Atropelamento;Anoitecer;;;Meio de Quadra;;;0;1;0;0;0;0;0;0;0;1;0;0;-3,726411000000000;-38,525843000000000
319966;5;6;2017;18:56;0;RUA CARNAUBAL;;;15;;Atropelamento;;;;Meio de Quadra;;;0;1;0;1;0;0;0;0;0;0;0;0;-3,722903000000000;-38,578896000000000
319967;5;6;2017;19:07;0;RUA MIGUEL ARAGAO;;;105;;Choque c/ Obst?ículo Fixo;;;;Meio de Quadra;;;0;1;0;1;0;0;0;0;0;0;0;0;-3,829756200000000;-38,591949700000000
319972;5;6;2017;21:21;0;RUA ANDRE REBOUCAS;;;310;;Colis?úo;;;;Meio de Quadra;;;0;2;0;0;0;0;0;0;0;0;0;0;-3,775565000000000;-38,590765000000000
309371;5;6;2017;08:10;15227;AV ABOLICAO;AV DES MOREIRA;;0;;Colis?úo Transversal;Luz do Dia;Bom;Seca;Cruz;Sem?íforo;Lazer;0;0;2;1;1;0;0;0;0;0;0;0;-3,804579000000000;-38,487220000000000
309345;5;6;2017;20:31;19833;AV ENG HUMBERTO MONTE;AV JOVITA FEITOSA;;0;;Colis?úo Lateral;Via Iluminada;Bom;Seca;Cruz;Sem?íforo;Comercial;0;2;1;1;0;0;0;0;0;1;0;0;-3,741973400000000;-38,566513000000000
309302;5;6;2017;00:23;4111;RUA LUCAS PINTO;RUA ENG JOAO NOGUEIRA;;0;;Colis?úo Transversal;Via Iluminada;Bom;Seca;Cruz;Pare;Residencial;0;0;2;1;0;0;0;0;0;0;0;0;-3,713271600000000;-38,558360000000000
309303;5;6;2017;09:10;0;RUA PINHO PESSOA;RUA PDE ANTONINO;;0;;Colis?úo Transversal;Luz do Dia;Bom;Seca;Cruz;Pare;Residencial;0;1;1;1;0;0;0;0;0;1;0;0;-3,749644800000000;-38,548490000000000
309304;5;6;2017;08:10;7855;RUA HENRIQUETA GALENO;RUA CEL JUCA;;0;;Colis?úo Transversal;Luz do Dia;Bom;Seca;Cruz;Pare;Comercial;0;1;1;1;0;0;0;0;0;0;0;0;-3,747309700000000;-38,494404000000000
309305;5;6;2017;09:26;12883;RUA JOAQUIM MAGALHAES;RUA COS TRISTAO;;0;;Colis?úo Lateral;Luz do Dia;Nublado;Seca;Cruz;D?¬ Prefer?¬ncia;Residencial;0;1;1;1;0;0;0;0;0;1;0;0;-3,740248200000000;-38,527107000000000
309306;5;6;2017;08:30;19165;RUA BATISTA DE OLIVEIRA;RUA PEREIRA DE MIRANDA;;1;;Colis?úo Lateral;Luz do Dia;Nublado;Seca;Cruz;Pare;Comercial;0;1;1;1;0;0;0;0;0;0;0;0;-3,740976800000000;-38,478806000000000
309307;5;6;2017;10:36;0;AV BORGES DE MELO;;;1309;;Colis?úo Lateral;Luz do Dia;Bom;Seca;Meio de Quadra;Sem?íforo;Comercial;0;0;2;1;0;0;0;0;0;0;0;0;-3,758850800000000;-38,531470000000000
309308;5;6;2017;09:49;0;AV JOAO PESSOA;;;7015;;Colis?úo Lateral;Luz do Dia;Bom;Seca;Meio de Quadra;Pare;Residencial;0;1;1;1;0;0;0;0;0;1;0;0;-3,771227400000000;-38,561300000000000
309309;5;6;2017;10:30;0;RUA BERNARDO MANUEL;;;11360;;Colis?úo Traseira;Luz do Dia;Bom;Seca;Meio de Quadra;N?úo H?í Controle;Comercial;0;1;1;1;0;0;0;0;0;0;0;0;-3,818788300000000;-38,557537000000000
309310;5;6;2017;13:23;0;RUA REV BOLIVAR P BANDEIRA;;;362;;Colis?úo Lateral;Luz do Dia;Bom;Seca;Meio de Quadra;N?úo H?í Controle;Residencial;0;1;1;0;0;0;0;0;0;1;0;0;-3,771096500000000;-38,492474000000000
309311;5;6;2017;12:45;5445;AV HERACLITO GRACA;RUA DNA LEOPOLDINA;;0;;Colis?úo Traseira;Luz do Dia;Bom;Seca;T;Sem?íforo;Comercial;0;0;2;1;0;0;0;0;0;0;0;0;-3,734731400000000;-38,520954000000000
309312;5;6;2017;13:37;0;RUA JOSE MENDONCA;;;167;;Colis?úo Frontal;Luz do Dia;Bom;Seca;T;Pare;Comercial;0;0;2;1;0;0;0;0;0;0;0;0;-3,760198000000000;-38,602802000000000
309313;5;6;2017;12:31;0;AV ALBERTO CRAVEIRO;;;1425;;Colis?úo Traseira;Luz do Dia;Bom;Seca;Meio de Quadra;N?úo H?í Controle;Residencial;0;1;1;0;0;0;0;0;0;1;0;0;-3,792604400000000;-38,517494000000000
309314;5;6;2017;14:35;25051;RUA CASTRO E SILVA;AV ALBERTO NEPOMUCENO;;0;;Colis?úo Lateral;Luz do Dia;Bom;Seca;T;Sem?íforo;Comercial;0;0;2;1;0;0;0;0;0;0;0;0;-3,724655000000000;-38,525166000000000
309315;5;6;2017;14:10;0;RUA JOAQUIM NABUCO;;;1850;;Colis?úo Lateral;Luz do Dia;Bom;Seca;Meio de Quadra;N?úo H?í Controle;Residencial;0;0;3;1;0;0;0;0;0;0;0;0;-3,742012000000000;-38,503400000000000
309316;5;6;2017;16:09;9139;RUA CEL PERGENTINO FERREIRA;RUA MON OTAVIO CASTRO;;0;;Colis?úo Transversal;Luz do Dia;Bom;Seca;Cruz;Pare;Residencial;0;1;1;1;0;0;0;0;0;1;0;0;-3,760277500000000;-38,602833000000000
309317;5;6;2017;16:15;6811;RUA DR GILBERTO STUDART;RUA JOSE BORBA VASCONCELOS;;0;;Colis?úo Transversal;Luz do Dia;Bom;Seca;Cruz;Pare;Residencial;0;0;1;1;0;0;0;0;0;0;0;0;-3,746549400000000;-38,471657000000000
309318;5;6;2017;16:58;0;RUA DEP OSWALDO STUDART;;;848;;Colis?úo Traseira;Luz do Dia;Bom;Seca;Meio de Quadra;N?úo H?í Controle;Comercial;0;0;2;1;1;0;0;0;0;0;0;0;-3,757244000000000;-38,531150000000000
309319;5;6;2017;16:59;0;RUA CON LIMA SUCUPIRA;;;0;;Colis?úo Transversal;Luz do Dia;Bom;Seca;N?úo Informado;Pare;Residencial;0;0;2;1;0;0;0;0;0;0;0;0;-3,780018800000000;-38,545807000000000
309320;5;6;2017;17:23;0;AV ALBERTO CRAVEIRO;;;0;;Colis?úo Traseira;Luz do Dia;Bom;Seca;Meio de Quadra;Sem?íforo;Comercial;0;1;1;1;0;0;0;0;0;1;0;0;-3,793490200000000;-38,517660000000000