COD_ACIDENTE;DIA;MES;ANO;HORA;INTERSECAO;LOG1;LOG2;LOG3;NUMERO;REFERENCIA;NATUREZA;ILUMINACAO;TEMPO;SUPERFICIEPISTA;TIPOCRUZAMENTO;CONTROLETRAFEGO;USOSOLO;MORTOS;FERIDOS;ILESOS;AUTOMOVEL;ONIBUS;BICICLETA;CAMINHAO;MICROONIBUS;CICLOMOTOR;MOTOCICLETA;TRACAOANIMAL;TREM;LATITUDE;LONGITUDE
309321;5;6;2017;07:56;17359;AV PRO GOMES DE MATOS;RUA IRM BAZET;;0;;Colis?úo Transversal;Luz do Dia;Bom;Seca;Cruz;Pare;Comercial;0;0;2;1;0;0;0;0;0;0;0;0;-3,766056800000000;-38,549637000000000
309322;5;6;2017;18:05;0;AV OLIVEIRA PAIVA;;;0;13 DP;Colis?úo Traseira;Luz do Dia;Bom;Seca;Meio de Quadra;Sem?íforo;Lazer;0;1;1;1;0;0;0;0;0;1;0;0;-3,797349200000000;-38,500675000000000
309323;5;6;2017;18:27;25311;RUA ANTENOR ROCHA ALEXANDRE;RUA JOAO REGINO;;0;;Colis?úo Lateral;Via Iluminada;Bom;Seca;Cruz;Pare;Residencial;0;0;2;1;0;0;0;0;0;0;0;0;-3,792180300000000;-38,482820000000000
309324;5;6;2017;18:25;17399;RUA PERU;RUA ISAIE BORIS;;0;;Colis?úo Lateral;Via Iluminada;Bom;Seca;Cruz;Sem?íforo;Comercial;0;1;1;1;0;0;0;0;0;1;0;0;-3,767470400000000;-38,549694000000000
309325;5;6;2017;18:30;0;AV OLIVEIRA PAIVA;;;535;;Colis?úo Traseira;Via Iluminada;Bom;Seca;Meio de Quadra;N?úo H?í Controle;Escola;0;0;2;1;0;0;0;0;0;0;0;0;-3,797681000000000;-38,501160000000000
309326;5;6;2017;18:15;0;AV ANTONIO JUSTA;;;2380;;Colis?úo Transversal;Via Iluminada;Bom;Seca;Meio de Quadra;Pare;Residencial;0;0;2;1;0;0;0;0;0;0;0;0;-3,731648400000000;-38,482582000000000
309328;5;6;2017;20:12;13537;RUA ILDEFONSO ALBANO;AV SORIANO ALBUQUERQUE;;0;;Colis?úo Lateral;Via Iluminada;Bom;Seca;Cruz;Sem?íforo;Residencial;0;0;2;1;0;0;0;0;0;0;0;0;-3,748040000000000;-38,518013000000000
309329;5;6;2017;20:20;7629;RUA ALAGOAS;RUA STA CATARINA (BELA VISTA / PAN AMERICANO);;0;;Colis?úo Transversal;Mal Iluminada;Bom;Seca;Cruz;Pare;Residencial;0;1;2;1;0;0;0;0;0;1;0;0;-3,760389000000000;-38,569576000000000
309330;5;6;2017;23:14;0;AV PENETRACAO OESTE I;;;1020;;Atropelamento;Via Iluminada;Bom;Seca;Meio de Quadra;N?úo H?í Controle;Residencial;0;1;0;0;0;0;0;0;0;1;0;0;-3,815502000000000;-38,590310000000000
309346;6;6;2017;12:53;0;AV FRE CIRILO;;;3000;;Colis?úo Traseira;Luz do Dia;Bom;Seca;Meio de Quadra;N?úo H?í Controle;Comercial;0;0;2;1;0;0;0;0;0;1;0;0;-3,830456500000000;-38,493710000000000
309347;6;6;2017;13:48;0;AV DR SILAS MUNGUBA;;;2593;;Engavetamento;Luz do Dia;Bom;Seca;N?úo Informado;Sem?íforo;Residencial;0;0;3;1;0;0;0;0;0;0;0;0;-3,786248700000000;-38,550156000000000
309348;6;6;2017;13:54;0;AV DOM MANUEL;;;145;;Colis?úo Traseira;Luz do Dia;Bom;Seca;Meio de Quadra;Sem?íforo;Comercial;0;0;2;1;0;0;0;0;0;0;0;0;-3,725513500000000;-38,520160000000000
309349;6;6;2017;14:32;0;AV FRE CIRILO;RUA FREDERICO SEVERO;;0;;Colis?úo Transversal;Luz do Dia;Bom;Seca;T;Pare;Comercial;0;0;2;1;0;0;0;0;0;0;0;0;-3,819652600000000;-38,496190000000000
309350;6;6;2017;16:14;1828;RUA JOSE MOREIRA;RUA HONORATO SILVA;;0;;Colis?úo Transversal;Luz do Dia;Bom;Seca;Cruz;N?úo H?í Controle;Comercial;0;0;2;1;0;0;0;0;0;1;0;0;-3,858003400000000;-38,499664000000000
309351;6;6;2017;16:05;0;AV DOS EXPEDICIONARIOS;;;0;;Colis?úo Traseira;Luz do Dia;Bom;Seca;Meio de Quadra;Sem?íforo;Comercial;0;1;1;0;1;0;0;0;0;1;0;0;-3,749503400000000;-38,536484000000000
309352;6;6;2017;16:32;25447;RUA HOLANDA;RUA FRANCISCO GLICERIO;;0;;Colis?úo Transversal;Luz do Dia;Bom;Seca;T;Pare;Comercial;0;0;3;1;0;0;0;0;0;0;0;0;-3,798150300000000;-38,562332000000000
309353;6;6;2017;16:48;22087;RUA CAP FRANCISCO PEDRO;RUA PRO COSTA MENDES;;0;;Colis?úo Lateral;Luz do Dia;Bom;Seca;Cruz;Sem?íforo;Residencial;0;0;2;1;0;0;0;0;0;0;0;0;-3,751163700000000;-38,551003000000000
309354;6;6;2017;17:01;0;AV OLIVEIRA PAIVA;;;1587;;Colis?úo Traseira;Luz do Dia;Bom;Seca;Meio de Quadra;N?úo H?í Controle;Comercial;0;0;2;1;0;0;0;0;0;1;0;0;-3,795638000000000;-38,492294000000000
309355;6;6;2017;11:39;7637;AV CARNEIRO DE MENDONCA;RUA NETUNO;;0;;Colis?úo Transversal;Luz do Dia;Bom;Seca;T;Pare;Comercial;0;2;1;1;0;0;0;0;0;1;0;0;-3,761504400000000;-38,571630000000000
309356;6;6;2017;17:11;0;AV BORGES DE MELO;;;0;;Colis?úo Lateral;Luz do Dia;Bom;Seca;Meio de Quadra;Sem?íforo;Comercial;0;1;1;0;1;0;0;0;0;1;0;0;-3,761539700000000;-38,518010000000000
309357;6;6;2017;15:50;23607;RUA BAR CRATO;RUA CAP NESTOR GOIS;;0;;Colis?úo Transversal;Luz do Dia;Bom;Seca;Cruz;Pare;Residencial;0;1;1;1;0;0;0;0;0;1;0;0;-3,721780800000000;-38,561756000000000
309358;6;6;2017;18:59;12930;RUA EUSEBIO DE SOUZA;AV DOMINGOS OLIMPIO;;0;;Colis?úo Lateral;Via Iluminada;Bom;Seca;Cruz;Pare;Comercial;0;0;2;1;0;0;0;0;0;0;0;0;-3,738521300000000;-38,525387000000000
309344;6;6;2017;11:10;0;AV FRANCISCO SA;;;6379;;Colis?úo Lateral;Luz do Dia;Bom;Seca;Meio de Quadra;N?úo H?í Controle;Residencial;0;0;1;1;0;0;0;0;0;0;0;0;-3,709483600000000;-38,580387000000000
309332;6;6;2017;06:50;9116;AV BORGES DE MELO;RUA GAL SILVA JUNIOR;;0;;Colis?úo Transversal;Luz do Dia;Bom;Seca;T;Pare;Comercial;0;0;2;1;0;0;0;0;0;0;0;0;-3,757109900000000;-38,533295000000000
309333;6;6;2017;07:52;0;AV JOAO PESSOA;;;5772;IMPARH;Colis?úo Traseira;Luz do Dia;Bom;Seca;Meio de Quadra;N?úo H?í Controle;Residencial;0;0;2;1;0;0;0;0;0;0;0;0;-3,761202000000000;-38,556930000000000
309334;6;6;2017;08:04;1279;AV DOM LUIS;RUA OSVALDO CRUZ (ALDEOTA);;0;;Colis?úo Transversal;Luz do Dia;Bom;Seca;Cruz;Sem?íforo;Comercial;0;0;2;1;0;0;0;0;0;0;0;0;-3,732937000000000;-38,499360000000000
309335;6;6;2017;08:12;0;AV GOV PARSIFAL BARROSO;RUA QUADRA D CJ C BRANCO;;0;;Colis?úo Lateral;Luz do Dia;Bom;Seca;T;Pare;Residencial;0;1;1;1;0;0;0;0;0;1;0;0;-3,728348700000000;-38,569542000000000
309336;6;6;2017;08:21;0;AV BORGES DE MELO;;;1677;;Colis?úo Lateral;Luz do Dia;Bom;Seca;Meio de Quadra;N?úo H?í Controle;Comercial;0;0;2;1;0;0;0;0;0;0;0;0;-3,756986000000000;-38,533360000000000
309337;6;6;2017;09:45;24235;RUA FAUSTO CABRAL;RUA JULIO AZEVEDO;;0;;Colis?úo Transversal;Luz do Dia;Bom;Seca;Cruz;Pare;Residencial;0;0;1;1;0;0;0;0;0;0;0;0;-3,733614200000000;-38,476770000000000
309338;6;6;2017;09:55;15258;RUA PEREIRA FILGUEIRAS;RUA ANTONIO AUGUSTO;;0;;Colis?úo Transversal;Luz do Dia;Bom;Seca;Cruz;Pare;Comercial;0;0;2;1;0;0;0;0;0;1;0;0;-3,728319400000000;-38,512836000000000
309339;6;6;2017;08:50;0;AV PRS CASTELO BRANCO;;;1001;;Colis?úo Traseira;Luz do Dia;Bom;Seca;Meio de Quadra;N?úo H?í Controle;Lazer;0;0;3;1;0;0;0;0;0;0;0;0;-3,718141800000000;-38,538310000000000
309340;6;6;2017;10:13;19009;RUA DES WALDETARIO P MOTA;RUA AVILA GOULART;;0;;Colis?úo Transversal;Luz do Dia;Bom;Seca;Cruz;Sem?íforo;Residencial;0;0;2;1;0;0;0;0;0;0;0;0;-3,734547100000000;-38,478992000000000
309341;6;6;2017;09:58;4099;RUA LUCAS PINTO;RUA OLIMPIO DE PAIVA;;0;;Colis?úo Transversal;Luz do Dia;Bom;Seca;Cruz;Pare;Residencial;0;2;1;1;0;0;0;0;0;1;0;0;-3,717794000000000;-38,559570000000000
309342;6;6;2017;12:03;0;AV PRO GOMES DE MATOS;;;1617;;Colis?úo Lateral;Luz do Dia;Bom;Seca;Outros;N?úo H?í Controle;Comercial;0;0;2;1;0;0;0;0;0;0;0;0;-3,766148800000000;-38,549760000000000
309370;6;6;2017;10:58;0;RUA CAP GUSTAVO;;;4437;;Atropelamento;Luz do Dia;Bom;Seca;Meio de Quadra;Pare;Residencial;0;2;0;0;0;0;0;0;0;1;0;0;-3,760375300000000;-38,515690000000000
309392;6;6;2017;18:28;5850;RUA SABINA AUGUSTA;RUA PEDRO FIRMEZA;;0;;Colis?úo Transversal;Mal Iluminada;Bom;Seca;Cruz;Pare;Residencial;0;0;1;1;0;0;0;0;0;0;0;0;-3,797791500000000;-38,492393000000000
309360;6;6;2017;19:05;0;AV PRS CASTELO BRANCO;;;0;;Colis?úo Traseira;Via Iluminada;Bom;Seca;T;Sem?íforo;Lazer;0;0;2;1;1;0;0;0;0;0;0;0;-3,715940500000000;-38,541733000000000
309361;6;6;2017;18:40;5076;RUA DR JOAO MOREIRA;RUA SEN POMPEU;;0;;Colis?úo Lateral;Via Iluminada;Bom;Seca;Cruz;Sem?íforo;Comercial;0;0;1;1;0;0;0;0;0;0;0;0;-3,722458000000000;-38,528122000000000
309362;6;6;2017;22:39;5403;RUA PINTO MADEIRA;RUA GONCALVES LEDO;;0;;Colis?úo Transversal;Via Iluminada;Bom;Seca;Cruz;Pare;Residencial;0;0;2;1;0;0;0;0;0;0;0;0;-3,732691300000000;-38,516495000000000
309364;6;6;2017;15:04;1269;RUA ANTONIO AUGUSTO;RUA PINTO MADEIRA;;0;;Colis?úo Lateral;Luz do Dia;Bom;Seca;Cruz;Pare;Comercial;0;0;2;1;0;0;0;0;0;0;0;0;-3,733352200000000;-38,514442000000000
309376;6;6;2017;12:32;0;AV GAL OSORIO DE PAIVA;;;911;;Colis?úo Traseira;Luz do Dia;Bom;Seca;T;Sem?íforo;Comercial;0;0;2;1;0;0;0;0;0;0;0;0;-3,778178200000000;-38,570350000000000
309524;6;6;2017;00:31;0;RUA TORRES CAMARA;RUA OSVALDO CRUZ;;0;;Colis?úo Transversal;Via Iluminada;Bom;Seca;Cruz;Sem?íforo;Residencial;0;0;1;0;0;0;0;0;0;1;0;0;-3,737581500000000;-38,500930000000000
319974;6;6;2017;06:38;0;AV DOMINGOS OLIMPIO;;;1779;;Atropelamento;Luz do Dia;;;Meio de Quadra;;;0;1;0;0;0;0;0;0;0;1;0;0;-3,734005000000000;-38,539154000000000
319975;6;6;2017;07:51;22102;RUA JOSE FACANHA;RUA MON FURTADO;;0;;Colis?úo;Luz do Dia;;;Cruz;Pare;Comercial;0;1;0;0;0;0;0;0;0;1;0;0;-3,753672000000000;-38,555590000000000
319980;6;6;2017;09:44;0;RUA SILVINHA TELES D69;;;750;;Atropelamento;Luz do Dia;;;Meio de Quadra;;;0;1;0;0;0;0;0;0;0;1;0;0;-3,846967000000000;-38,528334000000000
319977;6;6;2017;09:12;0;RUA 15 DE NOVEMBRO;;;600;;Colis?úo;Luz do Dia;;;Meio de Quadra;;;0;1;0;1;0;0;0;0;0;1;0;0;-3,769303000000000;-38,554935000000000
319984;6;6;2017;13:23;22055;AV JOSE BASTOS;RUA PDE CICERO;;0;;Colis?úo;Luz do Dia;;;T;N?úo H?í Controle;Residencial;0;1;0;0;0;0;0;0;0;0;0;0;-3,744462000000000;-38,544887000000000
319985;6;6;2017;13:42;3052;RUA ANDRE REBOUCAS;RUA ALBERTO MONTE;;0;;Colis?úo;Luz do Dia;;;;;;0;1;0;1;0;0;0;0;0;1;0;0;-3,775276000000000;-38,590347000000000
319986;6;6;2017;15:16;0;RUA PRC ISABEL;;;724;;Colis?úo;Luz do Dia;;;Meio de Quadra;;;0;1;0;1;0;0;0;0;0;1;0;0;-3,727274000000000;-38,535682000000000
319987;6;6;2017;15:54;0;AV 13 DE MAIO;;;497;;Colis?úo;Luz do Dia;;;Meio de Quadra;;;0;1;0;1;0;0;0;0;0;1;0;0;-3,752324000000000;-38,525813000000000
319988;6;6;2017;15:55;0;AV EDILSON B SOARES;;;0;;Queda;Luz do Dia;;;Meio de Quadra;;;0;0;1;0;0;0;0;0;0;1;0;0;;
319989;6;6;2017;15:59;0;AV JOR JOAO RAMOS;;;0;;Colis?úo;Luz do Dia;;;Meio de Quadra;;;0;1;0;0;0;0;0;0;0;0;0;0;;
319992;6;6;2017;17:54;0;RUA CRISTAIS PAULISTA;;;306;;Queda;Anoitecer;;;Meio de Quadra;;;0;1;0;0;0;0;0;0;0;1;0;0;-3,818875000000000;-38,522015000000000
319993;6;6;2017;20:11;0;AV GAL OSORIO DE PAIVA;;;0;;Queda;;;;Meio de Quadra;;;0;1;0;0;0;1;0;0;0;0;0;0;;
319994;6;6;2017;22:12;0;AV WASHINGTON SOARES;;;7700;;Queda;;;;Meio de Quadra;;;0;1;0;0;0;0;0;0;0;1;0;0;-3,822366000000000;-38,481264000000000
319982;6;6;2017;10:05;0;RUA DINAMARCA;;;203;;Atropelamento;Luz do Dia;;;Meio de Quadra;;;0;1;0;1;0;0;0;0;0;0;0;0;-3,784556000000000;-38,570959000000000
306090;6;6;2017;20:00;0;AV DIOGUINHO;;;0;PONTE DA SABIAGUABA;Colis?úo Traseira;;;;Meio de Quadra;;;0;1;1;1;0;0;0;0;0;1;0;0;-3,775261379000000;-38,437384814000000
306083;6;6;2017;14:15;0;RUA MARIA ISABEL;;;18;;Colis?úo Lateral;Luz do Dia;;;Meio de Quadra;;;0;0;2;1;0;0;0;0;0;0;0;0;-3,719653219000000;-38,545274339000000
306081;6;6;2017;13:20;20002;RUA DES OTACILIO PEIXOTO;RUA LAURO RODRIGUES;;0;;Colis?úo Traseira;Luz do Dia;;;T;Sem?íforo;Misto;0;0;2;1;0;0;0;0;0;0;0;0;-3,800322000000000;-38,532875000000000
306077;6;6;2017;14:15;0;RUA NEREU RAMOS;;;368;;Colis?úo Lateral;Luz do Dia;;;Meio de Quadra;;;0;0;2;1;0;0;0;0;0;0;0;0;-3,785941000000000;-38,570381000000000
306078;6;6;2017;16:09;26226;AV AMERICO BARREIRA;AV CARNEIRO DE MENDONCA;;0;;Colis?úo Traseira;Luz do Dia;;;;Sem?íforo;Comercial;0;0;2;1;0;0;0;0;0;0;0;0;-3,764083831000000;-38,566770171000000
306088;6;6;2017;20:05;5723;AV OLIVEIRA PAIVA;RUA MON ANTERO;;0;;Colis?úo Lateral;;;;Duplo T;Sem?íforo;Comercial;0;0;2;1;0;0;0;0;0;0;0;0;-3,795604000000000;-38,493198000000000
306070;6;6;2017;11:10;5249;RUA COSTA BARROS;RUA RODRIGUES JUNIOR;;0;;Colis?úo Lateral;Luz do Dia;;;;;;0;0;2;1;0;0;0;0;0;0;0;0;-3,727742000000000;-38,519688000000000
306072;6;6;2017;14:35;1558;RUA PDE VALDEVINO;AV BAR STUDART;;0;;Engavetamento;Luz do Dia;;;Cruz;Sem?íforo;Residencial;0;0;3;1;0;0;0;0;0;0;0;0;-3,741641000000000;-38,508855000000000
306075;6;6;2017;15:30;5445;RUA DNA LEOPOLDINA;AV HERACLITO GRACA;;0;;Colis?úo Traseira;Luz do Dia;;;Duplo T;Sem?íforo;Comercial;0;0;2;1;0;0;0;0;0;0;0;0;;
325855;6;6;2017;16:00;0;RD BR 116;;;7000;KM-07;Colis?úo Traseira;Luz do Dia;;Seca;Meio de Quadra;;;0;0;2;1;1;0;0;0;0;0;0;0;-3,786917000000000;-38,511279000000000
298125;6;6;2017;05:30;19667;AV BEZERRA DE MENEZES;RUA ERETIDES MARTINS;;0;;Colis?úo Transversal;Amanhecer;;;;;;1;0;1;1;0;0;0;0;1;0;0;0;-3,734232000000000;-38,557568000000000
325083;6;6;2017;08:55;0;AV SEN CARLOS JEREISSATI (AEROPORTO);;;0;KM 02;Colis?úo;Luz do Dia;;Seca;Meio de Quadra;;;0;0;2;1;0;0;0;0;0;0;0;0;-3,782194000000000;-38,535424000000000
325086;6;6;2017;07:00;0;RD CE-060;;;0;KM-01;Colis?úo;Luz do Dia;;Seca;Meio de Quadra;;;0;0;2;1;0;0;0;0;0;1;0;0;-3,826136000000000;-38,579500000000000
325089;7;6;2017;07:40;0;RD CE-040;;;0;KM-03;Colis?úo;Luz do Dia;;Seca;Meio de Quadra;;;0;0;2;1;0;0;0;0;0;0;0;0;-3,782614325000000;-38,481083900000000
325128;7;6;2017;13:06;0;RD CE-040;;;0;KM-08;Colis?úo;Luz do Dia;;Seca;Meio de Quadra;;;0;1;1;0;0;0;1;0;0;1;0;0;-3,825515822000000;-38,481538320000000
325124;7;6;2017;10:30;0;RD CE-060;;;0;KM-02;Colis?úo;Luz do Dia;;Seca;Meio de Quadra;;;0;0;3;1;0;0;0;0;0;0;0;0;-3,834064000000000;-38,582111000000000
298170;7;6;2017;15:50;0;RUA ALBERTO MAGNO;;;411;;Atropelamento;Luz do Dia;;;Meio de Quadra;;;1;1;0;0;0;0;0;0;0;1;0;0;-3,759383000000000;-38,545174000000000
298173;7;6;2017;22:00;0;RUA BOM JESUS (GRANJA LISBOA);;;2275;;Atropelamento;;;;Meio de Quadra;;;1;1;0;0;0;0;0;0;0;1;0;0;-3,790696000000000;-38,612708000000000
325856;7;6;2017;08:40;0;RD BR 116;;;4000;KM-04;Colis?úo Traseira;Luz do Dia;;Seca;Meio de Quadra;;;0;1;1;1;0;0;0;0;0;1;0;0;-3,788331000000000;-38,510646000000000
325857;7;6;2017;09:00;0;RD BR 116;;;2000;KM-02;Colis?úo Lateral;Luz do Dia;;Seca;Meio de Quadra;;;0;2;1;1;0;0;0;0;0;1;0;0;-3,771391000000000;-38,516780000000000
306091;7;6;2017;17:00;0;RUA PDE VALDEVINO;;;1650;;Colis?úo Traseira;Anoitecer;;;Meio de Quadra;;;0;0;2;1;0;0;0;0;0;0;0;0;-3,741283000000000;-38,510006000000000
306093;7;6;2017;06:35;638;RUA ANA FACO;RUA ENG JOAO NOGUEIRA;;0;;Colis?úo Lateral;Luz do Dia;;;Cruz;Pare;Residencial;0;0;2;1;0;0;0;0;0;0;0;0;-3,713608000000000;-38,562996000000000
306094;7;6;2017;20:20;3820;AV 13 DE MAIO;AV CARAPINIMA;;0;;Colis?úo Traseira;;;;Cruz;Sem?íforo;Comercial;0;0;2;1;0;0;0;0;0;0;0;0;-3,740001000000000;-38,540239000000000
306095;7;6;2017;15:30;11002;RUA ELCIAS LOPES;RUA EQUADOR;;0;;Colis?úo Lateral;Luz do Dia;;;Cruz;Pare;Lazer;0;0;2;1;1;0;0;0;0;0;0;0;-3,772451000000000;-38,551915000000000
306103;7;6;2017;13:00;13494;AV BAR STUDART;RUA PINHO PESSOA;;0;;Colis?úo Transversal;Luz do Dia;;;Cruz;Sem?íforo;Industrial;0;0;2;1;0;0;0;0;0;0;0;0;;
306104;7;6;2017;18:30;0;AV ROGACIANO LEITE;;;2909;;Colis?úo Traseira;Anoitecer;;;Meio de Quadra;;;0;1;1;1;0;0;0;0;1;0;0;0;-3,784478000000000;-38,502702000000000
306105;7;6;2017;20:45;0;RUA GUILHERME ROCHA;;;1676;;Colis?úo Lateral;;;;Meio de Quadra;;;0;0;2;0;1;0;0;0;0;1;0;0;-3,722887233000000;-38,540581546000000
306097;7;6;2017;20:50;0;AV JOAO PESSOA;;;6160;;Colis?úo Traseira;;;;Meio de Quadra;;;0;0;2;1;0;0;0;0;0;0;0;0;-3,764310000000000;-38,558607000000000
306107;7;6;2017;20:00;3336;RUA RIO GRANDE DO SUL;RUA VIRIATO RIBEIRO;;0;;Colis?úo Lateral;;;;Cruz;Pare;Residencial;0;0;2;1;1;0;0;0;0;0;0;0;-3,750184000000000;-38,561355000000000
320016;7;6;2017;12:29;26091;AV JOVITA FEITOSA;AV JOSE JATAHY;;0;;Colis?úo;Luz do Dia;;;Cruz;Sem?íforo;Comercial;0;1;0;0;0;0;0;0;0;0;0;0;-3,737273000000000;-38,543936000000000
320021;7;6;2017;12:37;0;RD CE-040;;;2434;;Colis?úo;Luz do Dia;;;Meio de Quadra;;;0;0;1;0;0;0;1;0;0;1;0;0;-3,847754700000000;-38,477232962000000
320022;7;6;2017;12:44;0;RUA BAR AQUIRAZ;;;2469;;Colis?úo;Luz do Dia;;;Meio de Quadra;;;0;1;0;0;0;0;1;0;0;1;0;0;;
320023;7;6;2017;13:07;713;RUA OMAR PAIVA;RUA CRUZ E SOUSA D21;;0;;Colis?úo;Luz do Dia;;;;;;0;1;0;0;0;0;0;0;0;0;0;0;-3,719553000000000;-38,565372000000000
320024;7;6;2017;13:56;0;RUA JOAO REGINO;;;820;;Atropelamento;Luz do Dia;;;Meio de Quadra;;;0;1;0;1;0;0;0;0;0;0;0;0;-3,794709000000000;-38,482591000000000
320035;7;6;2017;18:00;0;RUA NEWTON CRAVEIRO;;;200;;Colis?úo;Anoitecer;;;Meio de Quadra;;;0;1;0;0;0;0;0;0;0;0;0;0;-3,809361400000000;-38,498468700000000
320036;7;6;2017;18:30;7623;RUA RIO GRANDE DO SUL;RUA PERNAMBUCO;;0;;Colis?úo;Anoitecer;;;Cruz;Pare;Residencial;0;1;0;0;0;0;0;0;0;1;0;0;-3,760011000000000;-38,568467000000000
320032;7;6;2017;16:11;0;AV ENG LEAL LIMA VERDE (SAPIRANGA/COITE);;;2265;;Queda;Luz do Dia;;;Meio de Quadra;;;0;1;0;0;0;0;0;0;0;1;0;0;-3,807953000000000;-38,474649000000000
320033;7;6;2017;16:13;0;RUA DES FELIX CANDIDO;;;1376;;Colis?úo;Luz do Dia;;;Meio de Quadra;;;0;1;0;1;0;0;0;0;0;1;0;0;-3,776422000000000;-38,581340000000000
320043;7;6;2017;20:07;0;AV GAL OSORIO DE PAIVA;;;480;;Colis?úo;;;;Meio de Quadra;;;0;1;0;0;0;0;0;0;0;0;0;0;;
320030;7;6;2017;15:20;0;RUA JOSE MENDONCA;;;1041;;Atropelamento;Luz do Dia;;;Meio de Quadra;;;0;1;0;0;0;0;0;0;0;1;0;0;-3,754673000000000;-38,601730000000000
320027;7;6;2017;14:53;0;RUA DOM QUINTINO;;;528;;Atropelamento;Luz do Dia;;;Meio de Quadra;;;0;1;0;0;0;0;0;0;0;1;0;0;-3,711803000000000;-38,552436000000000
319995;7;6;2017;09:12;10050;RUA VITAL BRASIL;RUA BRAGANCA;;0;;Colis?úo;Luz do Dia;;;Com Via F?®rrea;Pare;Misto;0;1;0;1;0;0;0;0;0;1;0;0;-3,778580000000000;-38,595995000000000
319996;7;6;2017;09:50;0;RD BR 116;;;3000;KM-03;Colis?úo;Luz do Dia;;;Meio de Quadra;;;0;1;0;1;0;0;0;0;0;1;0;0;-3,779838000000000;-38,514372000000000
319997;7;6;2017;09:50;5348;RUA PDE MORORO;RUA METON DE ALENCAR;;0;;Queda;Luz do Dia;;;T;N?úo H?í Controle;Comercial;0;1;0;0;0;0;0;0;0;1;0;0;-3,730892000000000;-38,539143000000000
319998;7;6;2017;10:39;0;RD BR 116;;;2000;KM-02;Colis?úo;Luz do Dia;;;Meio de Quadra;;;0;1;0;1;0;0;0;0;0;1;0;0;-3,771391000000000;-38,516780000000000
319999;7;6;2017;11:22;0;RUA L CJ VILA VELHA;;;970;;Colis?úo;Luz do Dia;;;Meio de Quadra;;;0;1;0;1;0;0;0;0;0;1;0;0;-3,713716200000000;-38,600127200000000
320001;7;6;2017;11:40;0;AV GODOFREDO MACIEL;;;3374;;Queda;Luz do Dia;;;Meio de Quadra;;;0;0;1;0;0;0;0;0;0;1;0;0;-3,804733000000000;-38,572497000000000
320002;7;6;2017;11:43;6105;RUA 232 CJ CEARA;AV B CJ CEARA;;0;;Colis?úo;Luz do Dia;;;;;;0;0;1;1;0;0;0;0;0;1;0;0;-3,767703000000000;-38,606848000000000
320003;7;6;2017;11:55;0;RUA MAL BITENCOURT;;;1050;;Colis?úo;Luz do Dia;;;Meio de Quadra;;;0;1;0;1;0;0;0;0;0;1;0;0;-3,793166300000000;-38,530334600000000
320004;7;6;2017;11:55;0;AV PRS CASTELO BRANCO;;;0;;Atropelamento;Luz do Dia;;;Meio de Quadra;;;0;1;0;0;0;0;0;0;0;1;0;0;;
320038;7;6;2017;18:41;1432;AV SEN VIRGILIO TAVORA;AV SANTOS DUMONT;;0;;Colis?úo;;;;Cruz;Sem?íforo;Comercial;0;0;1;0;0;0;0;0;0;0;0;0;-3,737828000000000;-38,493482000000000
320048;7;6;2017;20:33;0;RUA ROMEU MARTINS;;;272;;Colis?úo;;;;Meio de Quadra;;;0;2;0;1;0;0;0;0;0;1;0;0;-3,764226000000000;-38,555649000000000
320049;7;6;2017;21:02;0;RUA RIO PARAGUAI;;;972;;Colis?úo;;;;Meio de Quadra;;;0;0;1;0;0;0;0;0;0;1;0;0;;
320050;7;6;2017;21:41;0;AV PRS CASTELO BRANCO;;;0;;Colis?úo;;;;Meio de Quadra;;;0;0;1;1;0;0;0;0;0;1;0;0;;
320051;7;6;2017;22:12;0;RUA SAO JOSE D03;;;1121;;Colis?úo;;;;Meio de Quadra;;;0;1;0;0;0;0;0;0;0;0;0;0;;
320052;7;6;2017;23:44;0;RUA CON DE CASTRO;;;4701;;Colis?úo;;;;Meio de Quadra;;;0;0;1;1;0;0;0;0;0;1;0;0;-3,806711203000000;-38,593516954000000
309377;7;6;2017;16:54;14588;AV EDILSON B SOARES;RUA JOAO REGINO;;0;;Colis?úo Transversal;Luz do Dia;Bom;Seca;Cruz;Pare;Residencial;0;0;2;1;0;0;0;0;0;0;0;0;-3,789718400000000;-38,482967000000000
309378;7;6;2017;16:15;22353;AV BEZERRA DE MENEZES;AV OLAVO BILAC;;0;;Engavetamento;Luz do Dia;Bom;Seca;Cruz;Sem?íforo;Comercial;0;0;4;1;0;0;0;0;0;0;0;0;-3,735483400000000;-38,564133000000000
309379;7;6;2017;17:15;0;RUA TORRES CAMARA;;;0;;Colis?úo Lateral;Via Iluminada;Bom;Seca;Meio de Quadra;N?úo H?í Controle;Comercial;0;1;1;1;0;0;0;0;0;1;0;0;-3,738158000000000;-38,499107000000000
309380;7;6;2017;18:36;20131;RUA PRO JOSE SILVEIRA;RUA CRISANTO ARRUDA;;0;;Colis?úo Transversal;Via Iluminada;Bom;Seca;Cruz;Pare;Industrial;0;0;2;1;0;0;0;0;0;0;0;0;-3,810283700000000;-38,522636000000000
309381;7;6;2017;19:00;0;RUA ISRAEL BEZERRA;;;0;;Colis?úo Traseira;Via Iluminada;Bom;Seca;Meio de Quadra;N?úo H?í Controle;Lazer;0;0;2;1;0;0;0;0;0;0;0;0;-3,751154400000000;-38,491350000000000