COD_ACIDENTE;DIA;MES;ANO;HORA;INTERSECAO;LOG1;LOG2;LOG3;NUMERO;REFERENCIA;NATUREZA;ILUMINACAO;TEMPO;SUPERFICIEPISTA;TIPOCRUZAMENTO;CONTROLETRAFEGO;USOSOLO;MORTOS;FERIDOS;ILESOS;AUTOMOVEL;ONIBUS;BICICLETA;CAMINHAO;MICROONIBUS;CICLOMOTOR;MOTOCICLETA;TRACAOANIMAL;TREM;LATITUDE;LONGITUDE
309382;7;6;2017;19:30;0;AV ABOLICAO;;;2950;;Colis?úo Traseira;Via Iluminada;Bom;Seca;Meio de Quadra;N?úo H?í Controle;Comercial;0;0;2;1;1;0;0;0;0;0;0;0;-3,727070300000000;-38,492863000000000
309383;7;6;2017;18:37;20042;AV ALBERTO CRAVEIRO;AV DR SILAS MUNGUBA;;0;;Colis?úo Traseira;Via Iluminada;Bom;Seca;T;D?¬ Prefer?¬ncia;Comercial;0;0;2;1;0;0;0;0;0;0;0;0;-3,806682600000000;-38,524605000000000
309384;7;6;2017;15:45;0;AV MOZART PINHEIRO DE LUCENA;;;820;;Colis?úo Traseira;Luz do Dia;Bom;Seca;Meio de Quadra;N?úo H?í Controle;Residencial;0;1;1;1;0;0;0;0;0;1;0;0;-3,709989000000000;-38,593292000000000
309386;7;6;2017;20:09;23436;RUA CAP GUSTAVO;RUA MON SALAZAR;;0;;Colis?úo Lateral;Via Iluminada;Bom;Seca;Cruz;Pare;Residencial;0;0;2;0;0;0;0;0;0;0;0;0;-3,756193600000000;-38,516470000000000
309365;7;6;2017;07:32;0;AV DES GONZAGA;RUA DES WALDEMAR ALVES PEREIRA;;0;;Colis?úo Traseira;Luz do Dia;Bom;Seca;Cruz;Pare;Residencial;0;0;2;1;0;0;0;0;0;0;0;0;-3,770454000000000;-38,498250000000000
309366;7;6;2017;08:06;13420;RUA BAR ARACATI;RUA JOAQUIM TORRES;;1;;Colis?úo Lateral;Luz do Dia;Bom;Seca;Cruz;Pare;Residencial;0;0;2;1;0;0;0;0;0;1;0;0;-3,742134800000000;-38,515064000000000
309367;7;6;2017;09:10;0;RUA EMILIO DE MENESES;;;1117;;Colis?úo Traseira;Luz do Dia;Bom;Seca;Meio de Quadra;N?úo H?í Controle;Comercial;0;0;2;0;0;0;0;0;0;0;0;0;-3,780586000000000;-38,591614000000000
309368;7;6;2017;08:58;0;AV BENJAMIM BRASIL;;;1600;;Colis?úo Traseira;Luz do Dia;Bom;Seca;Meio de Quadra;N?úo H?í Controle;Residencial;0;1;1;1;0;0;0;0;0;1;0;0;-3,806839200000000;-38,561047000000000
309369;7;6;2017;09:32;25056;RUA ALM JACEGUAI;RUA PESSOA ANTA;;0;;Colis?úo Traseira;Luz do Dia;Bom;Seca;T;Sem?íforo;Comercial;0;0;2;1;0;0;0;0;0;0;0;0;-3,721008500000000;-38,519424000000000
309363;7;6;2017;02:24;0;RUA JOAQUIM ALBANO;;;175;;Colis?úo Transversal;Via Iluminada;Bom;Seca;Meio de Quadra;N?úo H?í Controle;Residencial;0;1;0;1;0;0;0;0;0;0;0;0;-3,734909300000000;-38,577316000000000
309372;7;6;2017;13:17;12711;RUA MAJ WEYNE;RUA QUINTINO CUNHA;;0;;Colis?úo Transversal;Luz do Dia;Bom;Seca;Cruz;Pare;Residencial;0;1;2;1;0;0;0;0;0;0;0;0;-3,749618000000000;-38,543236000000000
309373;7;6;2017;13:22;15399;RUA ALMEIDA REGO;AV FRE CIRILO;;0;;Colis?úo Lateral;Luz do Dia;Bom;Seca;T;Sem?íforo;Comercial;0;0;2;1;0;0;0;0;0;0;0;0;-3,814967000000000;-38,498444000000000
309375;7;6;2017;15:17;0;AV DES MOREIRA;;;2687;;Colis?úo Lateral;Luz do Dia;Bom;Seca;Meio de Quadra;N?úo H?í Controle;Comercial;0;0;2;0;1;0;0;0;0;0;0;0;-3,727179500000000;-38,495777000000000
309395;7;6;2017;08:48;0;AV JOR THOMAZ COELHO;;;575;;Engavetamento;Luz do Dia;Bom;Seca;Meio de Quadra;Sem?íforo;Comercial;0;0;3;1;0;0;0;0;0;0;0;0;-3,832309500000000;-38,500114000000000
309396;8;6;2017;13:08;0;RUA NENEN GONCALVES;RUA JOSE MARTINIANO DE ALENCAR;;0;;Colis?úo Lateral;Luz do Dia;Bom;Seca;Cruz;Pare;Residencial;0;1;1;1;0;0;0;0;0;1;0;0;-3,810329200000000;-38,479980000000000
309397;8;6;2017;12:40;3992;RUA ALBERTO MAGNO;RUA RAUL UCHOA;;0;;Colis?úo Transversal;Luz do Dia;Bom;Seca;Cruz;Pare;Comercial;0;0;2;1;0;0;0;0;0;0;0;0;-3,760215000000000;-38,546020000000000
309398;8;6;2017;11:50;0;AV ENG HUMBERTO MONTE;;;1244;;Colis?úo Lateral;Luz do Dia;Bom;Seca;Meio de Quadra;N?úo H?í Controle;Comercial;0;0;1;1;1;0;0;0;0;0;0;0;-3,748094000000000;-38,561120000000000
309399;8;6;2017;13:15;9168;AV BORGES DE MELO;AV LUCIANO CARNEIRO;;0;;Colis?úo Transversal;Luz do Dia;Bom;Seca;Cruz;Sem?íforo;Comercial;0;0;2;1;0;0;0;0;0;0;0;0;-3,756110700000000;-38,534252000000000
309400;8;6;2017;14:27;0;RUA DEMETRIO MENEZES;;;3700;;Colis?úo Traseira;Luz do Dia;Bom;Seca;Meio de Quadra;Sem?íforo;Comercial;0;0;2;1;0;0;0;0;0;0;0;0;-3,735919000000000;-38,584248000000000
309401;8;6;2017;14:29;0;AV DOMINGOS OLIMPIO;;;0;;Colis?úo Traseira;Luz do Dia;Bom;Seca;Cruz;Sem?íforo;Comercial;0;0;2;1;0;0;0;0;0;0;0;0;-3,734775300000000;-38,536490000000000
309402;8;6;2017;13:10;1566;RUA SILVA PAULET;RUA PDE VALDEVINO;;1922;;Colis?úo Transversal;Luz do Dia;Bom;Seca;Cruz;Pare;Comercial;0;0;2;1;0;0;0;0;0;1;0;0;-3,742045600000000;-38,507843000000000
309404;8;6;2017;16:30;0;RUA RAIMUNDO NERY;;;798;;Colis?úo Lateral;Luz do Dia;Bom;Seca;Meio de Quadra;Sem?íforo;Comercial;0;0;2;1;0;0;0;0;0;0;0;0;-3,789873100000000;-38,588146000000000
309405;8;6;2017;18:50;1350;RUA TORRES CAMARA;RUA SILVA PAULET;;0;;Colis?úo Transversal;Via Iluminada;Bom;Seca;Cruz;Pare;Residencial;0;0;3;1;0;0;0;0;0;0;0;0;-3,736183000000000;-38,505770000000000
309394;8;6;2017;11:09;0;AV JOVITA FEITOSA;;;3184;;Colis?úo Traseira;Luz do Dia;Bom;Seca;Cruz;Sem?íforo;Comercial;0;1;1;1;0;0;0;0;0;0;0;0;-3,741861800000000;-38,566273000000000
309387;8;6;2017;06:30;26209;AV ROGACIANO LEITE;AV CHANC EDSON QUEIROZ;;0;;Colis?úo Traseira;Luz do Dia;Bom;Seca;Cruz;Sem?íforo;Comercial;0;0;2;1;0;0;0;0;0;0;0;0;-3,764447500000000;-38,495174000000000
309388;8;6;2017;07:05;9025;RUA DOM SEBASTIAO LEME;RUA PDE MATOS SERRA;;0;;Colis?úo Transversal;Luz do Dia;Bom;Seca;Cruz;Pare;Comercial;0;1;1;1;0;0;0;0;0;1;0;0;-3,744085000000000;-38,526540000000000
309389;8;6;2017;08:34;0;AV DR SILAS MUNGUBA;;;3950;;Colis?úo Lateral;Luz do Dia;Bom;Seca;Meio de Quadra;Sem?íforo;Comercial;0;0;1;1;0;0;0;0;0;1;0;0;-3,791143700000000;-38,538130000000000
309390;8;6;2017;06:59;0;RUA AQUILES BORIS;;;53;;Colis?úo Traseira;Luz do Dia;Bom;Seca;Meio de Quadra;N?úo H?í Controle;Residencial;0;0;2;1;0;0;0;0;0;0;0;0;-3,768699400000000;-38,547800000000000
309391;8;6;2017;09:58;1566;RUA PDE VALDEVINO;RUA SILVA PAULET;;0;;Colis?úo Transversal;Luz do Dia;Bom;Seca;Cruz;Pare;Comercial;0;0;3;1;1;0;0;0;0;0;0;0;-3,742099500000000;-38,507786000000000
320053;8;6;2017;06:37;0;RUA VALPARAISO;;;830;;Colis?úo;Luz do Dia;;;Meio de Quadra;;;0;1;0;0;0;0;0;0;0;0;0;0;-3,848580400000000;-38,512004000000000
320063;8;6;2017;10:13;0;RUA ALFREDO MAMEDE;;;1000;;Colis?úo;Luz do Dia;;;Meio de Quadra;;;0;1;0;1;0;0;0;0;0;1;0;0;-3,811234100000000;-38,584098300000000
320061;8;6;2017;09:06;0;RUA ANSELMO NOGUEIRA;;;616;;Colis?úo;Luz do Dia;;;Meio de Quadra;;;0;1;0;0;0;0;0;0;0;1;0;0;-3,783577000000000;-38,587885000000000
320055;8;6;2017;07:09;0;RUA PDE PEDRO DE ALENCAR;;;0;;Colis?úo;Luz do Dia;;;Meio de Quadra;;;0;1;0;1;0;0;0;0;0;1;0;0;;
320056;8;6;2017;08:16;25069;RUA RAUL CABRAL;AV DOS EXPEDICIONARIOS;;0;;Atropelamento;Luz do Dia;;;Cruz;Sem?íforo;Comercial;0;1;0;1;0;0;0;0;0;0;0;0;-3,769605000000000;-38,542595000000000
320057;8;6;2017;08:16;0;AV SEN CARLOS JEREISSATI (AEROPORTO);;;0;KM 02;Colis?úo;Luz do Dia;;Seca;Meio de Quadra;;;0;2;1;0;0;0;0;0;0;1;0;0;-3,782194000000000;-38,535424000000000
320058;8;6;2017;08:27;0;AV SANTOS DUMONT;;;0;;Queda;Luz do Dia;;;Meio de Quadra;;;0;0;1;0;0;0;0;0;0;1;0;0;;
320059;8;6;2017;08:41;0;RUA ERICO MOTA;;;220;;Atropelamento;Luz do Dia;;;Meio de Quadra;;;0;1;0;1;0;0;0;0;0;0;0;0;-3,737725000000000;-38,562505000000000
320065;8;6;2017;13:39;0;RUA HOMEM DE MELO;;;3748;;Colis?úo;Luz do Dia;;;Meio de Quadra;;;0;0;1;1;0;0;0;0;0;1;0;0;-3,815032700000000;-38,491627500000000
320067;8;6;2017;15:35;1292;AV DES MOREIRA;RUA MARCOS MACEDO;;0;;Queda;Luz do Dia;;;Meio de Quadra;N?úo H?í Controle;Comercial;0;0;1;0;0;0;0;0;0;1;0;0;-3,734244000000000;-38,497711000000000
320069;8;6;2017;16:36;0;RUA SGT JOAO PINHEIRO;;;0;;Atropelamento;Luz do Dia;;;Meio de Quadra;;;0;1;0;0;0;0;0;0;0;1;0;0;;
320073;8;6;2017;17:40;5129;RUA TEN BENEVOLO;RUA VINTE E CINCO DE MARCO;;0;;Colis?úo;Anoitecer;;;T;Pare;Residencial;0;1;0;1;0;1;0;0;0;0;0;0;-3,724242000000000;-38,520868000000000
320082;8;6;2017;20:02;5322;AV DUQ CAXIAS;AV IMPERADOR;;0;;Queda;;;;Cruz;Sem?íforo;Comercial;0;1;0;0;0;0;0;0;0;1;0;0;-3,730048000000000;-38,535297000000000
320083;8;6;2017;20:22;0;AV GAL OSORIO DE PAIVA;;;1127;;Atropelamento;;;;Meio de Quadra;;;0;1;0;0;0;0;0;0;0;1;0;0;-3,779151000000000;-38,572090000000000
320084;8;6;2017;21:03;0;RUA RUA SABINO LORETO (BARROSO);;;150;;Queda;;;;Meio de Quadra;;;0;0;1;0;0;0;0;0;0;1;0;0;;
320078;8;6;2017;18:33;0;AV ALBERTO CRAVEIRO;;;0;;Queda;;;;Meio de Quadra;;;0;0;1;0;0;0;0;0;0;1;0;0;;
320079;8;6;2017;18:38;0;RUA ARTUR DE SOUZA;;;975;;Colis?úo;;;;Meio de Quadra;;;0;1;0;0;0;0;0;0;0;0;0;0;-3,826516000000000;-38,574312000000000
320080;8;6;2017;18:43;25486;AV SEN CARLOS JEREISSATI (AEROPORTO);AV ALBERTO CRAVEIRO;;0;;Colis?úo;Mal Iluminada;;Seca;Y;N?úo H?í Controle;Comercial;0;2;0;1;0;0;0;0;0;1;0;0;-3,783767000000000;-38,516874000000000
320075;8;6;2017;17:47;0;RUA ANTONIO BANDEIRA D41;;;120;;Colis?úo;Anoitecer;;;Meio de Quadra;;;0;2;0;0;0;0;0;0;0;1;0;0;-3,783595000000000;-38,564834000000000
320076;8;6;2017;18:15;0;AV DA UNIVERSIDADE;;;2953;;Atropelamento;Anoitecer;;;Meio de Quadra;;;0;1;0;0;0;1;0;0;0;0;0;0;;
306116;8;6;2017;09:00;5370;RUA PRC ISABEL;RUA METON DE ALENCAR;;0;;Colis?úo Traseira;Luz do Dia;Bom;Seca;Cruz;Pare;Comercial;0;0;2;1;0;0;0;0;0;0;0;0;-3,731614000000000;-38,536973000000000
306123;8;6;2017;13:00;0;RUA ILDEFONSO ALBANO;;;1029;;Colis?úo Lateral;Luz do Dia;Bom;Seca;Meio de Quadra;Sem?íforo;Escola;0;1;1;1;0;0;0;0;0;0;0;0;-3,730056000000000;-38,512202000000000
306099;8;6;2017;19:45;5140;AV DOM MANUEL;RUA TEN BENEVOLO;;0;;Colis?úo Traseira;Via Iluminada;Bom;Seca;Cruz;Sem?íforo;Comercial;0;0;2;1;0;0;0;0;0;0;0;0;-3,724540000000000;-38,519888000000000
306100;8;6;2017;14:30;13070;AV JOAO DE ARAUJO LIMA;AV C CJ JOSE WALTER;;0;;Colis?úo Transversal;Via Iluminada;Bom;Seca;Outros;Sem?íforo;Residencial;0;1;1;1;0;0;1;0;0;0;0;0;-3,827604000000000;-38,559368000000000
306096;8;6;2017;03:00;0;AV ODILON GUIMARAES;;;0;;Choque c/ Obst?ículo Fixo;Via Iluminada;Bom;Seca;Meio de Quadra;Outros;Industrial;0;0;1;1;0;0;0;0;0;0;0;0;;
306129;8;6;2017;15:00;19161;RUA LAURO NOGUEIRA;RUA PRO OTAVIO LOBO;;0;;Colis?úo Lateral;Luz do Dia;Bom;Seca;Cruz;Sem?íforo;Residencial;0;0;2;1;1;0;0;0;0;0;0;0;-3,740673000000000;-38,476452000000000
306126;8;6;2017;19:00;13494;AV BAR STUDART;RUA PINHO PESSOA;;0;;Colis?úo Transversal;Via Iluminada;Bom;Seca;Cruz;Sem?íforo;Residencial;0;0;2;1;0;0;0;0;0;1;0;0;;
306142;8;6;2017;18:23;0;AV OLIVEIRA PAIVA;;;1599;;Atropelamento;Anoitecer;Bom;Seca;Meio de Quadra;N?úo H?í Controle;Residencial;0;1;2;1;0;0;0;0;0;1;0;0;-3,795730000000000;-38,492093000000000
306132;8;6;2017;07:00;0;AV GAL OSORIO DE PAIVA;;;2165;;Colis?úo Traseira;Luz do Dia;Bom;Seca;Meio de Quadra;Outros;Comercial;0;1;1;0;1;0;0;0;0;1;0;0;-3,785250000000000;-38,581677000000000
306133;8;6;2017;09:00;2830;AV GAL OSORIO DE PAIVA;RUA OSCAR FRANCA;;0;;Colis?úo Traseira;Luz do Dia;Bom;Seca;T;Sem?íforo;Residencial;0;0;2;1;0;0;0;0;0;0;0;0;-3,794473000000000;-38,592113000000000
306134;8;6;2017;19:30;0;AV PRS COSTA E SILVA;;;858;;Colis?úo Traseira;Via Iluminada;Bom;Seca;Meio de Quadra;N?úo H?í Controle;Comercial;0;0;2;1;0;0;0;0;0;0;0;0;-3,812675000000000;-38,572130000000000
298233;8;6;2017;09:45;0;RUA CEL MATOS DOURADO;;;454;;Atropelamento;Luz do Dia;;;Meio de Quadra;;;1;0;1;1;0;0;0;0;0;0;0;0;-3,742997000000000;-38,585057000000000
298185;8;6;2017;23:15;507;RUA MACAPA;RUA PORTO ALEGRE;;0;;Queda;Luz do Dia;;;Cruz;Pare;Residencial;1;0;0;0;0;1;0;0;0;0;0;0;-3,758260000000000;-38,594346000000000
325145;8;6;2017;07:40;0;AV MIN JOSE AMERICO;;;500;;Colis?úo;Luz do Dia;;Seca;Meio de Quadra;;;0;0;2;1;0;0;0;0;0;0;0;0;-3,810967000000000;-38,495206000000000
325141;8;6;2017;20:56;0;AV MIN JOSE AMERICO;;;1000;;Choque c/ Obst?ículo Fixo;Via Iluminada;;Seca;Meio de Quadra;;;0;0;1;1;0;0;0;0;0;0;0;0;-3,809107800000000;-38,490601700000000
325133;8;6;2017;08:10;0;RD CE-040;;;0;KM-08;Colis?úo;Luz do Dia;;Seca;Meio de Quadra;;;0;0;2;1;0;0;0;0;0;0;0;0;-3,825515822000000;-38,481538320000000
325117;9;6;2017;07:52;15175;AV ABOLICAO;RUA NUNES VALENTE;;0;;Colis?úo;Luz do Dia;;;Cruz;Sem?íforo;Residencial;0;1;1;1;0;0;0;0;0;1;0;0;-3,725750000000000;-38,500384000000000
325114;9;6;2017;03:54;0;AV GAL OSORIO DE PAIVA;;;4225;;Colis?úo;Luz do Dia;;;Meio de Quadra;;;0;1;1;1;0;0;0;0;0;1;0;0;-3,795608000000000;-38,593233000000000
325109;9;6;2017;07:24;2652;RUA RAIMUNDO FROTA;RUA AMOR PERFEITO;;0;;Colis?úo;Luz do Dia;;;Cruz;N?úo H?í Controle;Residencial;0;1;1;1;0;0;0;0;0;1;0;0;-3,715156000000000;-38,582332000000000
325102;9;6;2017;07:12;0;RUA BERNARDO MANUEL;;;9465;;Colis?úo;Luz do Dia;;;Meio de Quadra;N?úo H?í Controle;Residencial;0;1;1;1;0;0;0;0;0;1;0;0;-3,802959000000000;-38,552715000000000
325090;9;6;2017;04:54;0;AV CASTELO DE CASTRO;;;1165;;Queda;;;;Meio de Quadra;;;0;1;0;0;0;0;0;0;0;1;0;0;-3,839748000000000;-38,521769000000000
325096;9;6;2017;05:17;0;AV OLIVEIRA PAIVA;;;1591;;Queda;Amanhecer;;;Meio de Quadra;;;0;2;0;0;0;0;0;0;0;1;0;0;-3,795730000000000;-38,492093000000000
325099;9;6;2017;06:37;1709;RUA CAP OLAVO;RUA CAP ARAGAO;;0;;Colis?úo;Luz do Dia;;;Cruz;Sem?íforo;Comercial;0;1;1;1;0;0;0;0;0;1;0;0;-3,765348000000000;-38,515937000000000
325139;9;6;2017;08:06;0;AV PERIMETRAL;;;0;;Colis?úo;Luz do Dia;;;Meio de Quadra;;;0;1;1;0;0;0;1;0;0;1;0;0;;
325143;9;6;2017;08:55;0;RUA MANUEL NUNES;;;30;;Atropelamento;Luz do Dia;;;Meio de Quadra;;;0;1;1;0;0;0;0;0;0;1;0;0;-3,739054340000000;-38,590267038000000
325147;9;6;2017;09:40;0;RUA CEL JOSE FILOMENO GOMES;;;1552;;Colis?úo;Luz do Dia;;;Meio de Quadra;;;0;1;1;1;0;0;0;0;0;1;0;0;-3,781590176000000;-38,488438986000000
325157;9;6;2017;22:40;0;AV MIN JOSE AMERICO;;;1000;;Colis?úo;Via Iluminada;;Seca;Meio de Quadra;;;0;0;2;1;0;0;0;0;0;0;0;0;-3,809107800000000;-38,490601700000000
325152;9;6;2017;09:43;0;RUA DNA LUCIA PINHEIRO (QUINTINO CUNHA);;;60;;Queda;Luz do Dia;;;Meio de Quadra;;;0;2;0;0;0;0;0;0;0;1;0;0;-3,732031000000000;-38,597779000000000
325195;9;6;2017;10:44;0;AV BENJAMIM BRASIL;;;289;;Colis?úo;Luz do Dia;;;Meio de Quadra;;;0;1;1;1;0;0;0;0;0;1;0;0;-3,803915000000000;-38,569953000000000
325184;9;6;2017;10:39;0;AV DR THEBERGE;;;819;;Colis?úo;Luz do Dia;;;Meio de Quadra;;;0;1;1;0;0;0;0;0;0;0;0;0;-3,710493000000000;-38,563586000000000
325303;9;6;2017;18:00;0;AV CONTORNO LESTE;;;280;;Colis?úo;Anoitecer;;;Meio de Quadra;;;0;1;1;1;0;0;0;0;0;1;0;0;-3,808877000000000;-38,586857000000000
325298;9;6;2017;17:22;25231;AV PRS COSTA E SILVA;AV I CJ JOSE WALTER;;0;;Atropelamento;Anoitecer;;;Duplo T;Sem?íforo;Residencial;0;1;1;0;0;0;1;0;0;0;0;0;-3,823494000000000;-38,550232000000000
325291;9;6;2017;17:03;0;AV JOR THOMAZ COELHO;;;2812;;Colis?úo;Anoitecer;;;Meio de Quadra;;;0;1;1;0;0;0;0;0;0;1;0;0;-3,828469000000000;-38,519999000000000
325293;9;6;2017;17:10;0;AV JOSE BASTOS;;;2864;;Colis?úo;Anoitecer;;;Meio de Quadra;;;0;1;1;1;0;0;0;0;0;1;0;0;-3,745908000000000;-38,546329000000000
325324;9;6;2017;19:47;0;RUA DIONISIO ALENCAR FILHO;;;1115;;Colis?úo;;;;Meio de Quadra;;;0;1;1;0;0;0;0;0;0;0;0;0;-3,830860100000000;-38,485134800000000
325329;9;6;2017;19:52;0;RUA CEL JOAO OLIVEIRA;;;250;;Atropelamento;;;;Meio de Quadra;;;0;1;1;1;0;0;0;0;0;0;0;0;-3,822281000000000;-38,492463000000000
325335;9;6;2017;20:28;0;AV SIQUEIRA CAMPOS;;;1503;;Colis?úo;;;;Meio de Quadra;;;0;1;1;0;0;0;0;0;0;0;0;0;-3,812834000000000;-38,629322000000000
325336;9;6;2017;21:36;0;RUA SEN POMPEU;;;0;;Atropelamento;;;;Meio de Quadra;;;0;1;1;0;0;0;0;0;0;0;0;0;;
325340;9;6;2017;22:31;0;RUA ARARIPE PRATA;;;420;;Colis?úo;;;;Meio de Quadra;;;0;1;1;0;0;0;0;0;0;0;0;0;-3,773514000000000;-38,570271000000000
325342;9;6;2017;22:36;20451;RUA STA LUCRECIA;RUA PRO FRANCISCO CARLOS;;0;;Colis?úo;;;;;;;0;1;1;0;0;0;0;0;0;0;0;0;-3,850810000000000;-38,482891000000000
325346;9;6;2017;23:24;0;AV MR HULL;;;0;;Atropelamento;;;;Meio de Quadra;;;0;1;1;1;0;0;0;0;0;0;0;0;;
325348;9;6;2017;23:45;0;AV VIS RIO BRANCO;;;2931;;Colis?úo;;;;Meio de Quadra;;;0;1;1;1;0;0;0;0;0;1;0;0;-3,746579000000000;-38,521899000000000
325274;9;6;2017;15:49;1512;AV RUI BARBOSA;RUA ROCHA LIMA;;0;;Colis?úo;Luz do Dia;;;Cruz;Pare;Residencial;0;1;1;0;0;1;0;0;0;0;0;0;-3,740096000000000;-38,510753000000000
325269;9;6;2017;14:28;0;RUA 10 JD CASTELAO;;;319;;Queda;Luz do Dia;;;Meio de Quadra;;;0;1;0;0;0;0;0;0;0;1;0;0;-3,807283400000000;-38,522433100000000
325222;9;6;2017;11:40;0;AV GODOFREDO MACIEL;;;0;;Colis?úo;Luz do Dia;;;Meio de Quadra;;;0;1;1;0;0;0;1;0;0;1;0;0;;
325208;9;6;2017;11:03;0;RUA EUCLIDES O DE SOUSA;;;1450;;Colis?úo;Luz do Dia;;;Meio de Quadra;;;0;1;1;0;0;0;0;0;0;1;0;0;-3,797155000000000;-38,467007000000000
325234;9;6;2017;12:57;0;RUA PAULO FIRMEZA;;;59;;Atropelamento;Luz do Dia;;;Meio de Quadra;;;0;1;1;1;0;0;0;0;0;0;0;0;;
298120;9;6;2017;08:31;11981;AV CASTELO DE CASTRO;AV CONTORNO NORTE (SAO CRSITOVAO);;0;;Colis?úo Transversal;Luz do Dia;;;Cruz;Sem?íforo;Comercial;1;0;1;0;0;1;1;0;0;0;0;0;-3,831735000000000;-38,521519000000000
298121;9;6;2017;14:00;0;AV CONTORNO OESTE D71;;;466;;Choque c/ Obst?ículo Fixo;Luz do Dia;;;Meio de Quadra;;;1;1;0;0;0;0;0;0;0;1;0;0;-3,811655000000000;-38,595238000000000
306153;9;6;2017;08:45;17934;RUA GAL GOIS MONTEIRO;RUA BANVAR BEZERRA;;0;;Colis?úo Transversal;Luz do Dia;;;Cruz;Pare;Residencial;0;0;2;1;0;0;0;0;0;0;0;0;-3,733945000000000;-38,580171000000000
306154;9;6;2017;20:20;5303;AV SANTOS DUMONT;RUA DNA LEOPOLDINA;;0;;Colis?úo Traseira;;;;T;Sem?íforo;Comercial;0;0;2;1;0;0;0;0;0;0;0;0;-3,729515000000000;-38,519029000000000
306161;9;6;2017;16:00;17362;AV JOSE DO PATROCINIO;RUA VENEZUELA;;0;;Colis?úo Transversal;Luz do Dia;;;Cruz;Pare;Misto;0;0;2;1;0;0;0;0;0;0;0;0;-3,766178000000000;-38,546932000000000
306162;9;6;2017;18:20;1441;AV SANTOS DUMONT;RUA PRO DIAS DA ROCHA;;0;;Colis?úo Transversal;Anoitecer;;;Cruz;Pare;Comercial;0;1;1;1;0;0;0;0;0;1;0;0;-3,738113000000000;-38,492502000000000
306157;9;6;2017;10:48;12758;RUA DELMIRO FARIAS;RUA JULIO CESAR D12;;0;;Colis?úo Transversal;Luz do Dia;;;Cruz;Pare;Residencial;0;1;2;1;0;0;0;0;0;1;0;0;-3,752508000000000;-38,545070000000000
306168;9;6;2017;16:15;15821;AV JOR THOMAZ COELHO;RUA ANGELICA GURGEL;;0;;Colis?úo Lateral;Luz do Dia;;;T;Pare;Comercial;0;0;2;1;1;0;0;0;0;0;0;0;-3,832400000000000;-38,499058000000000
306110;9;6;2017;11:50;0;AV SANTOS DUMONT;;;2088;;Colis?úo Traseira;Luz do Dia;;;Meio de Quadra;;;0;1;2;1;0;0;0;0;0;1;0;0;-3,733959000000000;-38,505336000000000
306112;9;6;2017;11:00;12883;RUA JOAQUIM MAGALHAES;RUA COS TRISTAO;;0;;Colis?úo Lateral;Luz do Dia;;;Cruz;Pare;Residencial;0;0;2;1;0;0;0;0;0;0;0;0;-3,740231000000000;-38,527096000000000
309433;9;6;2017;08:00;1563;RUA VICENTE LINHARES;RUA VIS MAUA;;0;;Colis?úo Lateral;Luz do Dia;Bom;Seca;Cruz;Pare;Comercial;0;0;2;1;0;0;0;0;0;0;0;0;-3,741811300000000;-38,501300000000000
309406;9;6;2017;08:30;0;AV PRS CASTELO BRANCO;;;4126;;Colis?úo Lateral;Luz do Dia;Bom;Seca;T;Sem?íforo;Comercial;0;0;1;1;0;0;0;0;0;0;0;0;-3,707965100000000;-38,569430000000000
309407;9;6;2017;09:30;0;AV DUQ CAXIAS;;;1403;;Colis?úo Traseira;Luz do Dia;Bom;Seca;Meio de Quadra;Sem?íforo;Comercial;0;0;2;1;0;0;0;0;0;0;0;0;-3,732337500000000;-38,528240000000000
309409;9;6;2017;11:37;42;RUA PRO JOSE LEITE GONDIM;RUA HUGO VITOR;;0;;Colis?úo Transversal;Luz do Dia;Bom;Seca;Cruz;Pare;Residencial;0;0;2;1;0;0;0;0;0;0;0;0;-3,741808400000000;-38,591236000000000
309410;9;6;2017;08:40;0;RUA JULIO AZEVEDO;AV ENG ALBERTO SA;;0;;Colis?úo Lateral;Luz do Dia;Bom;Seca;Cruz;Pare;Residencial;0;0;2;1;0;0;0;0;0;0;0;0;-3,734188000000000;-38,476925000000000
309411;9;6;2017;13:45;3219;RUA ANSELMO NOGUEIRA;RUA EMILIO DE MENESES;;0;;Colis?úo Transversal;Luz do Dia;Bom;Seca;Cruz;Sem?íforo;Residencial;0;0;2;1;0;0;0;0;0;0;0;0;-3,781745000000000;-38,587240000000000
309412;9;6;2017;13:56;0;AV DEP PAULINO ROCHA;;;1343;;Colis?úo Transversal;Luz do Dia;Bom;Seca;T;Pare;Comercial;0;1;1;1;0;0;0;0;0;1;0;0;-3,809235300000000;-38,508590000000000
309413;9;6;2017;13:58;0;AV DOMINGOS OLIMPIO;;;581;;Engavetamento;Luz do Dia;Bom;Seca;Meio de Quadra;N?úo H?í Controle;Comercial;0;0;0;1;0;0;0;0;0;0;0;0;-3,737405300000000;-38,529037000000000
309414;9;6;2017;14:00;0;AV TRISTAO GONCALVES;;;912;;Colis?úo Traseira;Luz do Dia;Bom;Seca;Meio de Quadra;Sem?íforo;Comercial;0;0;2;1;0;0;0;0;0;0;0;0;-3,729048700000000;-38,533836000000000