COD_ACIDENTE;DIA;MES;ANO;HORA;INTERSECAO;LOG1;LOG2;LOG3;NUMERO;REFERENCIA;NATUREZA;ILUMINACAO;TEMPO;SUPERFICIEPISTA;TIPOCRUZAMENTO;CONTROLETRAFEGO;USOSOLO;MORTOS;FERIDOS;ILESOS;AUTOMOVEL;ONIBUS;BICICLETA;CAMINHAO;MICROONIBUS;CICLOMOTOR;MOTOCICLETA;TRACAOANIMAL;TREM;LATITUDE;LONGITUDE
309415;9;6;2017;15:32;11339;AV BENJAMIM BRASIL;AV GODOFREDO MACIEL;;0;;Colis?úo Lateral;Luz do Dia;Bom;Seca;Cruz;Sem?íforo;Comercial;0;0;2;0;1;0;0;0;0;0;0;0;-3,803337300000000;-38,571728000000000
309416;9;6;2017;16:06;0;ET DO GUAJERU;;;191;;Colis?úo Frontal;Luz do Dia;Bom;Seca;Meio de Quadra;N?úo H?í Controle;Comercial;0;0;2;1;0;0;0;0;0;1;0;0;-3,832119000000000;-38,475056000000000
309417;9;6;2017;16:49;0;AV GAL OSORIO DE PAIVA;;;7560;;Colis?úo Lateral;Luz do Dia;Bom;Seca;Meio de Quadra;Sem?íforo;Comercial;0;1;3;1;0;0;0;0;0;1;0;0;-3,818166700000000;-38,615204000000000
309418;9;6;2017;11:07;0;AV CASTELO DE CASTRO;;;0;;Colis?úo Traseira;Luz do Dia;Bom;Seca;Meio de Quadra;N?úo H?í Controle;Comercial;0;0;3;1;0;0;0;0;0;0;0;0;-3,710434400000000;-38,562130000000000
309419;9;6;2017;17:54;0;AV DR SILAS MUNGUBA;;;3666;;Colis?úo Traseira;Luz do Dia;Bom;Seca;Meio de Quadra;Sem?íforo;Comercial;0;0;2;1;0;0;0;0;0;1;0;0;-3,790163300000000;-38,541060000000000
309420;9;6;2017;18:47;11608;AV JOSE LEON;RD BR 116;;0;;Colis?úo Lateral;Via Iluminada;Bom;Seca;T;Pare;Comercial;0;0;2;1;0;0;0;0;0;0;0;0;-3,819265600000000;-38,450317000000000
309421;9;6;2017;17:50;0;AV AGUANAMBI;;;1827;;Colis?úo Lateral;Via Iluminada;Bom;Seca;Meio de Quadra;N?úo H?í Controle;Comercial;0;0;2;1;0;0;0;0;0;0;0;0;-3,754134400000000;-38,523810000000000
309422;9;6;2017;18:30;3876;AV DA UNIVERSIDADE;RUA JOAQUIM MAGALHAES;;0;;Colis?úo Lateral;Via Iluminada;Bom;Seca;T;N?úo H?í Controle;Residencial;0;2;1;1;0;0;0;0;0;1;0;0;-3,737111800000000;-38,535530000000000
309423;9;6;2017;17:20;0;RUA LEONARDO MOTA;;;1040;;Engavetamento;Luz do Dia;Bom;Seca;Meio de Quadra;Sem?íforo;Residencial;0;0;3;1;0;0;0;0;0;0;0;0;-3,735396100000000;-38,495876000000000
309424;9;6;2017;16:00;15293;AV BAR STUDART;RUA TEN BENEVOLO;;0;;Colis?úo Transversal;Luz do Dia;Bom;Seca;Cruz;Sem?íforo;Comercial;0;2;2;1;0;0;0;0;0;1;0;0;-3,819265600000000;-38,450317000000000
309425;9;6;2017;18:20;0;AV N CJ JOSE WALTER;;;541;;Colis?úo Transversal;Anoitecer;Bom;Seca;Meio de Quadra;Pare;Residencial;0;1;1;1;0;0;0;0;0;1;0;0;-3,833201600000000;-38,550415000000000
309426;9;6;2017;20:00;14615;RUA MARTINS DE JESUS;RUA LIDIA BRIGIDO;;0;;Colis?úo Lateral;Via Iluminada;Bom;Seca;Cruz;Pare;Residencial;0;0;2;1;0;0;0;0;0;0;0;0;-3,791143400000000;-38,484770000000000
309427;9;6;2017;20:50;1558;RUA PDE VALDEVINO;AV BAR STUDART;;0;;Colis?úo Traseira;Via Iluminada;Bom;Seca;Cruz;Sem?íforo;Comercial;0;0;1;1;0;0;0;0;0;0;0;0;-3,741671800000000;-38,508540000000000
309428;9;6;2017;19:43;0;RUA CEL TIBURCIO;;;5678;;Colis?úo Lateral;Anoitecer;Bom;Seca;Meio de Quadra;N?úo H?í Controle;Residencial;0;1;1;1;0;0;0;0;0;0;0;0;-3,814054500000000;-38,574333000000000
309429;9;6;2017;20:45;5464;AV HERACLITO GRACA;RUA GONCALVES LEDO;;0;;Choque c/ Obst?ículo Fixo;Via Iluminada;Bom;Seca;Cruz;Gesto;Escola;0;0;3;1;0;0;0;0;0;0;0;0;-3,735631200000000;-38,517628000000000
309430;9;6;2017;18:37;0;RUA BERNARDO MANUEL;;;7200;;Colis?úo Transversal;Via Iluminada;Bom;Seca;Meio de Quadra;;;0;1;1;1;0;0;0;0;0;1;0;0;-3,781235700000000;-38,545925000000000
309431;9;6;2017;21:54;0;AV FRE CIRILO;;;3611;;Colis?úo Transversal;Via Iluminada;Bom;Seca;Meio de Quadra;N?úo H?í Controle;Comercial;0;0;2;1;1;0;0;0;0;0;0;0;-3,815925100000000;-38,498135000000000
309442;9;6;2017;21:31;0;AV JOAO PESSOA;;;3820;;Colis?úo Traseira;Via Iluminada;Bom;Seca;Meio de Quadra;N?úo H?í Controle;Comercial;0;0;2;1;0;0;0;0;0;0;0;0;-3,754619800000000;-38,551556000000000
309443;10;6;2017;16:26;0;AV JOR THOMAZ COELHO;;;2100;;Engavetamento;Luz do Dia;Bom;Seca;Meio de Quadra;Sem?íforo;Residencial;0;0;3;1;0;0;0;0;0;0;0;0;-3,828285000000000;-38,513996000000000
309444;10;6;2017;17:53;1219;RUA JOAO CORDEIRO;RUA COSTA BARROS;;0;;Colis?úo Transversal;Anoitecer;Bom;Seca;Cruz;Gesto;Residencial;0;1;1;0;0;0;0;0;0;1;0;0;-3,729440200000000;-38,514320000000000
309445;10;6;2017;13:50;0;AV DES GONZAGA;;;190;;Colis?úo Lateral;Luz do Dia;Bom;Seca;Cruz;Pare;Residencial;0;0;2;1;0;0;0;0;0;0;0;0;-3,788742000000000;-38,503772000000000
309519;10;6;2017;14:55;23800;RUA COM GARCIA;RUA PLACIDO DE CASTRO;;0;;Colis?úo Transversal;Luz do Dia;Bom;Seca;Cruz;Pare;Comercial;0;2;1;1;0;0;0;0;0;1;0;0;-3,792694800000000;-38,582830000000000
309432;10;6;2017;00:19;11164;RUA FAGUNDES VARELA;RUA JULIO GASPAR;;0;;Colis?úo Frontal;Via Iluminada;Bom;Seca;Cruz;Pare;Residencial;0;0;2;1;0;0;0;0;0;0;0;0;-3,782994700000000;-38,562336000000000
309434;10;6;2017;06:52;19708;RUA GUSTAVO SAMPAIO;RUA PRO LINO ENCARNACAO;;0;;Colis?úo Transversal;Luz do Dia;Bom;Seca;Cruz;Pare;Comercial;0;1;1;1;0;0;0;0;0;1;0;0;-3,736371300000000;-38,561604000000000
309435;10;6;2017;09:45;0;AV DES MOREIRA;;;2930;;Colis?úo Traseira;Luz do Dia;Bom;Seca;Meio de Quadra;N?úo H?í Controle;Residencial;0;0;2;1;0;0;0;0;0;0;0;0;-3,752400000000000;-38,503650000000000
309437;10;6;2017;10:56;7818;RUA TIBURCIO CAVALCANTE;RUA FRANCISCO HOLANDA;;0;;Colis?úo Lateral;Luz do Dia;Bom;Seca;Cruz;Pare;Residencial;0;0;2;1;0;0;0;0;0;0;0;0;-3,748046900000000;-38,506490000000000
309438;10;6;2017;11:48;0;RUA PDE MORORO;;;525;;Colis?úo Traseira;Luz do Dia;Bom;Seca;Meio de Quadra;N?úo H?í Controle;Residencial;0;0;2;1;1;0;0;0;0;0;0;0;-3,721449600000000;-38,536198000000000
309439;10;6;2017;13:06;0;AV FILOMENO GOMES;;;793;;Colis?úo Traseira;Luz do Dia;Bom;Seca;Meio de Quadra;Sem?íforo;Residencial;0;0;1;1;0;0;0;0;0;0;0;0;-3,721799900000000;-38,541260000000000
309440;10;6;2017;13:20;0;AV LINEU MACHADO;RUA GEORGE ROCHA;;0;;Colis?úo Transversal;Luz do Dia;Bom;Seca;Cruz;Sem?íforo;Residencial;0;0;2;0;1;0;0;0;0;0;0;0;-3,763149300000000;-38,575428000000000
309441;10;6;2017;12:30;4016;RUA JULIO CESAR D12;RUA PRO COSTA MENDES;;0;;Colis?úo Lateral;Luz do Dia;Bom;Seca;Cruz;Pare;Comercial;0;0;2;1;0;0;0;0;0;0;0;0;-3,754600300000000;-38,547005000000000
309456;10;6;2017;07:12;0;RUA PESSOA ANTA;;;51;;Colis?úo Lateral;Luz do Dia;Nublado;Seca;Meio de Quadra;Sem?íforo;Comercial;0;1;1;1;0;0;0;0;0;1;0;0;-3,721176400000000;-38,522522000000000
304360;10;6;2017;10:39;0;AV ALBERTO CRAVEIRO;;;2770;CASTELAO;Queda;Luz do Dia;;;Meio de Quadra;;;1;0;0;0;0;1;0;0;0;0;0;0;-3,804198000000000;-38,522307000000000
306169;10;6;2017;12:00;12925;AV DOMINGOS OLIMPIO;AV AGUANAMBI;;0;;Colis?úo Lateral;Luz do Dia;Bom;Seca;Cruz;Sem?íforo;Comercial;0;0;2;1;1;0;0;0;0;0;0;0;-3,738683000000000;-38,524628000000000
306190;10;6;2017;09:20;3481;RUA CAP HUGO BEZERRA;RUA PARAISO;;0;;Colis?úo Transversal;Luz do Dia;Bom;Seca;Cruz;Pare;Residencial;0;0;2;1;0;0;0;0;0;1;0;0;-3,820611000000000;-38,510990000000000
306192;10;6;2017;00:10;0;AV ENG HUMBERTO MONTE;;;0;;Colis?úo Lateral;Via Iluminada;Bom;Seca;Meio de Quadra;N?úo H?í Controle;Comercial;0;0;2;1;1;0;0;0;0;0;0;0;;
306177;10;6;2017;10:34;23361;RUA EDUARDO BEZERRA;RUA FIS VIEIRA;;0;;Colis?úo Lateral;Luz do Dia;Bom;Seca;Cruz;N?úo H?í Controle;Residencial;0;0;2;1;0;0;0;0;0;0;0;0;-3,754030000000000;-38,515838000000000
306199;10;6;2017;14:10;0;AV PRS CASTELO BRANCO;;;4613;;Colis?úo Lateral;Luz do Dia;Bom;Seca;Meio de Quadra;Gesto;Residencial;0;1;1;1;0;0;0;0;0;1;0;0;-3,706692000000000;-38,573097000000000
306210;10;6;2017;10:34;5146;RUA GUILHERME ROCHA;RUA PRC ISABEL;;0;;Colis?úo Lateral;Luz do Dia;Bom;Seca;Cruz;Pare;Comercial;0;2;1;1;1;0;0;0;0;0;0;0;-3,724720000000000;-38,534931000000000
306213;10;6;2017;12:45;17412;RUA ALBERTO MAGNO;RUA BAR SOBRAL;;0;;Colis?úo Lateral;Luz do Dia;Bom;Seca;Cruz;Sem?íforo;Comercial;0;1;3;1;0;0;0;0;0;1;0;0;-3,767991000000000;-38,552417000000000
306301;10;6;2017;20:55;0;RUA BENI DE CARVALHO;;;487;;Colis?úo Lateral;Mal Iluminada;Bom;Seca;Meio de Quadra;Sem?íforo;Residencial;0;1;2;1;0;0;0;0;0;0;0;0;-3,745639078000000;-38,496230899000000
306310;10;6;2017;12:50;19389;RUA PERDIGAO DE OLIVEIRA;AV GAL OSORIO DE PAIVA;;0;;Colis?úo Lateral;Luz do Dia;Bom;Seca;Cruz;Sem?íforo;Residencial;0;1;1;1;0;0;0;0;0;1;0;0;-3,777906000000000;-38,570115000000000
306314;10;6;2017;04:15;5209;RUA JOAO CORDEIRO;RUA TEN BENEVOLO;;0;;Colis?úo Transversal;Amanhecer;Bom;Seca;Cruz;Sem?íforo;Residencial;0;0;2;1;0;0;1;0;0;0;0;0;-3,726514000000000;-38,513424000000000
298122;10;6;2017;02:58;0;AV PRS COSTA E SILVA;;;3423;;Colis?úo;Luz do Dia;;;Meio de Quadra;;;1;0;1;0;0;0;0;0;0;1;0;0;-3,823332600000000;-38,550718100000000
325351;10;6;2017;01:26;13037;AV L CJ JOSE WALTER;AV B CJ JOSE WALTER;;0;;Colis?úo;;;;Cruz;Pare;Residencial;0;1;1;0;0;0;0;0;0;0;0;0;-3,826451000000000;-38,556126000000000
325356;10;6;2017;02:58;0;AV PRS COSTA E SILVA;;;0;;Queda;;;;Meio de Quadra;;;0;1;0;0;0;0;0;0;0;1;0;0;;
325160;10;6;2017;17:40;0;AV MIN JOSE AMERICO;;;2000;;Colis?úo;Anoitecer;;Seca;Meio de Quadra;;;0;0;2;1;0;0;0;0;0;0;0;0;-3,810393000000000;-38,483622000000000
325858;10;6;2017;03:40;0;RD BR 116;;;500;KM-05;Colis?úo Traseira;N?úo Informado;;Seca;Meio de Quadra;;;0;1;1;1;0;0;1;0;0;0;0;0;-3,796035900000000;-38,507192300000000
325681;10;6;2017;23:43;0;RUA POMPILIO GOMES;;;0;;Queda;;;;Meio de Quadra;;;0;1;0;0;0;0;0;0;0;1;0;0;;
325677;10;6;2017;20:34;2755;RUA BOM JESUS (GRANJA LISBOA);RUA CEL VIRGILIO NOGUEIRA (BOM JARDIM);;0;;Colis?úo;;;;Cruz;Sem?íforo;Comercial;0;2;0;0;0;0;0;0;0;1;0;0;-3,791685983000000;-38,609766226000000
325646;10;6;2017;17:19;0;RUA JOAQUIM NABUCO;;;1208;;Atropelamento;Anoitecer;;;Meio de Quadra;;;0;1;1;1;0;0;0;0;0;0;0;0;-3,735787000000000;-38,501444000000000
325669;10;6;2017;18:06;0;AV A CJ CEARA;;;855;;Colis?úo;Anoitecer;;;Meio de Quadra;;;0;1;1;0;0;0;0;0;0;0;0;0;;
325670;10;6;2017;18:47;0;AV SEN FERNANDES TAVORA;;;3023;;Colis?úo;;;;Meio de Quadra;;;0;1;1;0;0;0;0;0;0;0;0;0;-3,754826400000000;-38,600272600000000
325671;10;6;2017;19:54;0;AV PRS CASTELO BRANCO;;;134;;Colis?úo;;;;Meio de Quadra;;;0;2;0;1;0;0;0;0;0;1;0;0;-3,723126000000000;-38,521528000000000
325649;10;6;2017;17:49;0;AV MACIEL BEZERRA;;;1970;;Atropelamento;Anoitecer;;;Meio de Quadra;;;0;1;1;0;0;0;0;0;0;1;0;0;;
325639;10;6;2017;16:56;0;RUA MARIA JULIA;;;208;;Colis?úo;Luz do Dia;;;Meio de Quadra;;;0;1;1;1;0;0;0;0;0;1;0;0;-3,805145200000000;-38,605238800000000
325630;10;6;2017;16:14;0;RUA MONTE PASCOAL;;;494;;Colis?úo;Luz do Dia;;;Meio de Quadra;;;0;1;1;1;0;0;0;0;0;1;0;0;;
325635;10;6;2017;16:45;0;RUA PAULO FIRMEZA;;;0;;Colis?úo;Luz do Dia;;;Meio de Quadra;;;0;1;1;0;0;0;0;0;0;0;0;0;;
325636;10;6;2017;16:45;0;RUA PDE LEOPOLDO FERNANDES;;;608;;Colis?úo;Luz do Dia;;;Meio de Quadra;;;0;1;1;1;0;0;0;0;0;1;0;0;-3,753634700000000;-38,531143400000000
325627;10;6;2017;16:12;22090;RUA FRE MARCELINO;RUA PRO COSTA MENDES;;0;;Colis?úo;Luz do Dia;;;Cruz;Pare;Comercial;0;1;1;0;0;0;0;0;0;0;0;0;-3,747005000000000;-38,555399000000000
325624;10;6;2017;15:36;12624;RUA ALBERTO FERREIRA;RUA COS LAFAYETE;;0;;Colis?úo;Luz do Dia;;;T;Pare;Residencial;0;1;1;0;0;1;0;0;0;1;0;0;-3,717979000000000;-38,582837000000000
325625;10;6;2017;15:38;0;RUA ALFREDO MAMEDE;;;335;;Colis?úo;Luz do Dia;;;Meio de Quadra;;;0;1;1;1;0;0;0;0;0;1;0;0;-3,808380000000000;-38,580717000000000
325366;10;6;2017;04:07;0;RD BR 116;;;0;;Capotamento;;;;Meio de Quadra;;;0;1;0;1;0;0;0;0;0;0;0;0;;
325367;10;6;2017;06:04;0;AV HEROIS DO ACRE;;;465;;Colis?úo;Luz do Dia;;;Meio de Quadra;;;0;1;1;1;0;0;0;0;0;1;0;0;-3,803198000000000;-38,534310000000000
325360;10;6;2017;03:33;10784;RUA PORTO VELHO;RUA TERESINA;;0;;Colis?úo;;;;Cruz;N?úo H?í Controle;Residencial;0;1;1;0;0;0;0;0;0;0;0;0;-3,762585000000000;-38,593428000000000
325370;10;6;2017;08:26;0;RUA LUIS VIEIRA;;;127;;Atropelamento;Luz do Dia;;;Meio de Quadra;;;0;1;1;0;0;0;1;0;0;0;0;0;-3,797173000000000;-38,586127000000000
325372;10;6;2017;09:01;11638;RUA BOA VISTA;RUA NOEL ROSA;;0;;Atropelamento;Luz do Dia;;;;;;0;1;1;0;0;0;1;0;0;0;0;0;-3,768742000000000;-38,586594000000000
325376;10;6;2017;09:24;0;AV PRS COSTA E SILVA;;;3300;;Colis?úo;Luz do Dia;;;Meio de Quadra;;;0;1;1;1;0;0;0;0;0;1;0;0;-3,829148000000000;-38,524324000000000
325378;10;6;2017;09:42;0;RUA AMELIA BENEBIEN;;;40;;Colis?úo;Luz do Dia;;;Meio de Quadra;;;0;1;1;1;0;0;0;0;0;1;0;0;-3,737318000000000;-38,472181900000000
325384;10;6;2017;10:13;0;RUA 11 UI 503;;;1008;;Colis?úo;Luz do Dia;;;Meio de Quadra;;;0;1;1;1;0;0;0;0;0;1;0;0;;
325391;10;6;2017;10:31;0;AV JOVITA FEITOSA;;;0;;Colis?úo;Luz do Dia;;;Meio de Quadra;;;0;1;1;1;0;0;0;0;0;1;0;0;;
325408;10;6;2017;11:05;0;AV DR THEBERGE;;;1930;;Colis?úo;Luz do Dia;;;Meio de Quadra;;;0;1;1;0;0;0;0;0;0;1;0;0;-3,717789000000000;-38,565989000000000
325412;10;6;2017;11:44;16224;RUA 11 LT ARVOREDO;RUA 8 LT ARVOREDO;;0;;Colis?úo;Luz do Dia;;;;;;0;2;1;1;0;0;0;0;0;1;0;0;-3,820694000000000;-38,564768000000000
325470;10;6;2017;12:08;0;RUA C (RES MARCOS FREIRE);;;358;;Colis?úo;Luz do Dia;;;Meio de Quadra;;;0;1;1;1;0;0;0;0;0;1;0;0;-3,822259900000000;-38,561259300000000
325473;10;6;2017;12:23;0;RUA PERNAMBUCO;;;2713;;Atropelamento;Luz do Dia;;;Meio de Quadra;;;0;3;0;0;0;0;0;0;0;1;0;0;-3,751309000000000;-38,578225000000000
325502;10;6;2017;14:49;25115;RUA AMAZONAS;RUA ESTADO DO RIO;;0;;Queda;Luz do Dia;;;Cruz;Pare;Residencial;0;1;0;0;0;0;0;0;0;1;0;0;-3,751778000000000;-38,566565000000000
325500;10;6;2017;14:03;0;RUA COS LAFAYETE;;;561;;Colis?úo;Luz do Dia;;;Meio de Quadra;;;0;1;1;1;0;0;0;0;0;1;0;0;-3,717934000000000;-38,583300000000000
325713;11;6;2017;07:08;0;RD BR 116;;;0;;Queda;Luz do Dia;;;Meio de Quadra;;;0;1;0;0;0;0;0;0;0;1;0;0;;
325706;11;6;2017;01:47;0;RUA JUVENCIO VASCONCELOS;;;272;;Colis?úo;;;;Meio de Quadra;;;0;1;1;0;0;0;0;0;0;0;0;0;-3,724662000000000;-38,479188000000000
325704;11;6;2017;00:49;0;AV GAL OSORIO DE PAIVA;;;0;;Colis?úo;;;;Meio de Quadra;;;0;1;1;0;0;0;0;0;0;0;0;0;;
325684;11;6;2017;00:39;0;RUA 541 B CJ CEARA;;;46;;Queda;;;;Meio de Quadra;;;0;1;0;0;0;0;0;0;0;1;0;0;-3,768676000000000;-38,609833000000000
325735;11;6;2017;08:48;0;LOGRADOURO SEM NOME;;;0;;Colis?úo;Luz do Dia;;;Meio de Quadra;;;0;1;1;0;0;0;0;0;0;0;0;0;;
325719;11;6;2017;07:26;0;RUA LAURO NOGUEIRA;;;1315;;Queda;Luz do Dia;;;Meio de Quadra;;;0;1;0;0;0;0;0;0;0;1;0;0;-3,741144500000000;-38,474583700000000
325756;11;6;2017;11:12;0;RUA CEL MATOS DOURADO;;;1220;;Queda;Luz do Dia;;;Meio de Quadra;;;0;1;0;0;0;0;0;0;0;1;0;0;-3,749092000000000;-38,584692000000000
325729;11;6;2017;08:29;0;RUA STA JULIA;;;0;;Colis?úo;Luz do Dia;;;Meio de Quadra;;;0;2;0;0;0;0;0;0;0;0;0;0;;
325723;11;6;2017;07:34;0;AV OLIVEIRA PAIVA;;;1205;;Atropelamento;Luz do Dia;;;Meio de Quadra;;;0;2;0;0;0;0;0;0;0;1;0;0;-3,795441000000000;-38,495884000000000
325825;11;6;2017;17:53;2975;AV GAL OSORIO DE PAIVA;RUA PEDRO MARTINS;;0;;Colis?úo;Anoitecer;;;Cruz;Sem?íforo;Residencial;0;1;1;1;0;0;0;0;0;1;0;0;-3,800862000000000;-38,598322000000000
325805;11;6;2017;14:58;0;RUA ALAGOAS;;;3062;;Atropelamento;Luz do Dia;;;Meio de Quadra;;;0;1;1;0;0;0;0;0;0;1;0;0;-3,752561000000000;-38,577688000000000
325815;11;6;2017;16:45;0;AV GAL OSORIO DE PAIVA;;;60;;Colis?úo;Luz do Dia;;;Meio de Quadra;;;0;1;1;0;0;0;0;0;0;0;0;0;-3,772569000000000;-38,562741000000000
325803;11;6;2017;14:30;0;AV SEN FERNANDES TAVORA;;;2997;;Atropelamento;Luz do Dia;;;Meio de Quadra;;;0;1;1;0;0;0;0;0;0;0;0;0;-3,754834000000000;-38,599884000000000
325749;11;6;2017;09:58;0;AV 13 DE MAIO;;;1367;;Queda;Luz do Dia;;;Meio de Quadra;;;0;1;0;0;0;0;0;0;0;1;0;0;-3,748068000000000;-38,530803000000000
325772;11;6;2017;12:55;0;RD QUARTO ANEL VIARIO;;;14000;;Queda;Luz do Dia;;;Meio de Quadra;;;0;1;0;0;0;0;0;0;0;1;0;0;;
325770;11;6;2017;12:52;16347;RUA NOVA FORTALEZA (MONDUBIM);RUA VINTE QUATRO DE MAIO;;0;;Colis?úo;Luz do Dia;;;;;;0;1;1;1;0;0;0;0;0;1;0;0;-3,839344000000000;-38,574658000000000
325766;11;6;2017;11:19;23644;RUA BAR CRATO;RUA DR GILBERTO CAMARA;;0;;Colis?úo;Luz do Dia;;;Cruz;Pare;Residencial;0;1;1;0;0;1;0;0;0;1;0;0;-3,722266000000000;-38,563395000000000
325784;11;6;2017;13:57;155;RUA ANARIO BRAGA;RUA PDE PERDIGAO SAMPAIO;;0;;Colis?úo;Luz do Dia;;;Cruz;Pare;Comercial;0;1;1;1;0;1;0;0;0;0;0;0;;
325832;11;6;2017;18:21;0;RUA SAO VICENTE D48;;;1701;;Colis?úo;Anoitecer;;;Meio de Quadra;;;0;1;1;0;0;0;0;0;0;1;0;0;;
325827;11;6;2017;18:09;0;AV AUGUSTO DOS ANJOS;;;0;;Queda;Anoitecer;;;Meio de Quadra;;;0;1;0;0;0;0;0;0;0;1;0;0;;
325829;11;6;2017;18:20;0;RUA OSCAR FRANCA;;;3351;;Colis?úo;Anoitecer;;;Meio de Quadra;;;0;1;1;0;0;0;0;0;0;1;0;0;-3,785061000000000;-38,621444000000000
325954;11;6;2017;21:50;0;AV GAL OSORIO DE PAIVA;;;5699;;Colis?úo;;;;Meio de Quadra;;;0;1;1;1;0;0;0;0;0;1;0;0;-3,806769000000000;-38,604067000000000
325964;11;6;2017;23:54;15652;RUA MEM DE SA;RUA AFONSO HENRIQUE;;0;;Capotamento;;;;Duplo T;Pare;;0;1;0;1;0;0;0;0;0;0;0;0;-3,825363000000000;-38,485067000000000
325959;11;6;2017;23:31;614;RUA ANA FACO;AV DR THEBERGE;;0;;Colis?úo;;;;T;N?úo H?í Controle;Residencial;0;1;1;1;0;0;0;0;0;1;0;0;-3,712143000000000;-38,564134000000000
325930;11;6;2017;19:41;0;AV JOSE BASTOS;;;4400;;Choque c/ Obst?ículo Fixo;;;;Meio de Quadra;;;0;1;0;0;0;0;0;0;0;1;0;0;-3,755030000000000;-38,555506000000000
325931;11;6;2017;21:30;12637;RUA GUILHERME MENDES;RUA MISERICORDIA;;0;;Colis?úo;;;;;;;0;1;1;1;0;0;0;0;0;1;0;0;-3,720811000000000;-38,585255000000000
325932;11;6;2017;21:41;17430;RUA PRO TEODORICO;RUA EDITE BRAGA;;0;;Colis?úo;;;;Cruz;Pare;Comercial;0;1;1;0;0;0;0;0;0;0;0;0;-3,768643000000000;-38,553772000000000
325167;11;6;2017;09:10;0;RD CE-040;;;0;KM-08;Colis?úo;Luz do Dia;;Molhada;Meio de Quadra;;;0;0;3;1;0;0;0;0;0;0;0;0;-3,825515822000000;-38,481538320000000
325164;11;6;2017;05:40;0;AV SEN CARLOS JEREISSATI (AEROPORTO);;;0;KM 03;Colis?úo;Amanhecer;;Molhada;Meio de Quadra;;;0;1;1;1;0;0;0;0;0;1;0;0;-3,779641000000000;-38,544038000000000
298133;11;6;2017;00:40;24956;AV ALM HENRIQUE SABOIA;AV ENG ALBERTO SA;;0;;Choque c/ Obst?ículo Fixo;;;;Cruz;Sem?íforo;Comercial;2;0;0;0;0;0;0;0;0;1;0;0;-3,732499000000000;-38,482890000000000
306217;11;6;2017;15:09;1422;RUA BARBOSA DE FREITAS;RUA DES LEITE ALBUQUERQUE;;0;;Colis?úo Lateral;Luz do Dia;Bom;Seca;Cruz;Sem?íforo;Comercial;0;1;2;1;0;0;0;0;0;0;0;0;-3,737545000000000;-38,497689000000000
306230;11;6;2017;11:02;17277;RUA SATIRO DIAS;AV PRO GOMES DE MATOS;;0;;Colis?úo Traseira;Luz do Dia;Bom;Seca;Cruz;Sem?íforo;Comercial;0;0;2;1;0;0;0;0;0;0;0;0;-3,762623000000000;-38,546868000000000
306243;11;6;2017;21:28;0;AV SANTOS DUMONT;;;8228;;Choque c/ Obst?ículo Fixo;Via Iluminada;Bom;Seca;Meio de Quadra;N?úo H?í Controle;Comercial;0;2;0;0;0;0;0;0;0;1;0;0;-3,747595000000000;-38,451507000000000
306244;11;6;2017;17:00;15182;AV BEIRA MAR;RUA VIS MAUA;;0;;Colis?úo Lateral;Anoitecer;Bom;Seca;;N?úo H?í Controle;Comercial;0;0;3;1;0;0;0;0;0;1;0;0;-3,725866000000000;-38,496115000000000
306237;11;6;2017;15:20;0;AV PRS CASTELO BRANCO;;;0;;Colis?úo Traseira;Luz do Dia;Bom;Seca;Meio de Quadra;Sem?íforo;Comercial;0;0;2;1;0;0;0;0;0;0;0;0;;
306241;11;6;2017;09:52;24987;AV ALM HENRIQUE SABOIA;AV ANTONIO SALES;;0;;Colis?úo Traseira;Luz do Dia;Nublado;Molhada;Meio de Quadra;N?úo H?í Controle;Escola;0;1;1;1;0;0;0;0;0;1;0;0;-3,748334000000000;-38,492911000000000
306256;11;6;2017;12:00;23458;RUA PRO CARVALHO;RUA PAULO FIRMEZA;;0;;Colis?úo Lateral;Luz do Dia;Chuva;Molhada;Cruz;Pare;Residencial;0;0;2;1;0;0;0;0;0;0;0;0;-3,757232000000000;-38,514078000000000
306259;11;6;2017;13:00;1649;RUA GAL TERTULIANO POTYGUARA;RUA CEL JUCA;;0;;Colis?úo Lateral;Luz do Dia;Bom;Seca;Cruz;Pare;Residencial;0;0;2;1;0;0;0;0;0;0;0;0;-3,745325000000000;-38,493766000000000
306260;11;6;2017;11:47;0;RUA CON DE CASTRO;;;5494;;Colis?úo;Luz do Dia;Bom;Seca;Meio de Quadra;Pare;Comercial;0;1;1;0;1;1;0;0;0;0;0;0;-3,811381000000000;-38,597106000000000
306194;11;6;2017;14:00;0;AV JOVITA FEITOSA;;;0;;Colis?úo Lateral;Luz do Dia;Nublado;Molhada;Meio de Quadra;N?úo H?í Controle;Comercial;0;0;3;1;0;0;0;0;0;1;0;0;;
306195;11;6;2017;10:42;24967;AV ALM HENRIQUE SABOIA;AV SANTOS DUMONT;;0;;Queda;Luz do Dia;Bom;Seca;T;Sem?íforo;Comercial;0;1;0;0;0;0;0;0;0;1;0;0;;
304307;11;6;2017;00:15;0;AV CASTELO DE CASTRO;;;1248;;Atropelamento;;;;Meio de Quadra;;;1;2;0;0;0;0;0;0;0;1;0;0;-3,840296000000000;-38,521784000000000
309446;11;6;2017;05:27;0;AV PRS CASTELO BRANCO;;;0;;Choque c/ Obst?ículo Fixo;Amanhecer;Chuva;Molhada;Meio de Quadra;N?úo H?í Controle;Comercial;0;1;0;1;0;0;0;0;0;0;0;0;-3,720636600000000;-38,529030000000000