COD_ACIDENTE;DIA;MES;ANO;HORA;INTERSECAO;LOG1;LOG2;LOG3;NUMERO;REFERENCIA;NATUREZA;ILUMINACAO;TEMPO;SUPERFICIEPISTA;TIPOCRUZAMENTO;CONTROLETRAFEGO;USOSOLO;MORTOS;FERIDOS;ILESOS;AUTOMOVEL;ONIBUS;BICICLETA;CAMINHAO;MICROONIBUS;CICLOMOTOR;MOTOCICLETA;TRACAOANIMAL;TREM;LATITUDE;LONGITUDE
309447;11;6;2017;02:36;0;RUA L (PASSARE);;;250;;Colis?úo Frontal;Luz do Dia;Bom;Seca;Meio de Quadra;N?úo H?í Controle;Residencial;0;0;1;1;0;0;0;0;0;0;0;0;-3,801866300000000;-38,540527000000000
309448;11;6;2017;07:40;15227;AV DES MOREIRA;AV ABOLICAO;;0;;Colis?úo Lateral;Luz do Dia;Bom;Seca;Cruz;Sem?íforo;Comercial;0;0;2;1;1;0;0;0;0;0;0;0;-3,727574600000000;-38,495148000000000
309449;11;6;2017;12:27;0;AV PRS COSTA E SILVA;;;2620;;Colis?úo Traseira;Luz do Dia;Chuva;Molhada;Meio de Quadra;Sem?íforo;Comercial;0;0;2;1;0;0;0;0;0;0;0;0;-3,820861300000000;-38,559006000000000
309450;11;6;2017;19:09;0;RUA PDE PERDIGAO SAMPAIO;;;330;;Colis?úo Traseira;Via Iluminada;Bom;Seca;Meio de Quadra;Sem?íforo;Residencial;0;0;2;1;0;0;0;0;0;1;0;0;-3,739269700000000;-38,594740000000000
309451;11;6;2017;17:27;24328;RUA ARMANDO MONTEIRO;RUA VICENTE PADILHA;;0;;Colis?úo Lateral;Anoitecer;Bom;Seca;Cruz;Pare;Residencial;0;1;1;1;0;0;0;0;0;1;0;0;-3,763336000000000;-38,536915000000000
309452;11;6;2017;22:27;22176;AV ENG HUMBERTO MONTE;AV JOSE BASTOS;;0;;Colis?úo Transversal;Via Iluminada;Bom;Seca;T;Sem?íforo;Comercial;0;0;2;1;0;0;0;0;0;0;0;0;-3,754937600000000;-38,555435000000000
309977;11;6;2017;09:20;1601;RUA VIS MAUA;RUA PDE VALDEVINO;;0;;Colis?úo Lateral;Luz do Dia;Bom;Seca;Cruz;Pare;Comercial;0;0;2;1;0;0;0;0;0;1;0;0;-3,743683800000000;-38,501820000000000
309453;12;6;2017;07:01;0;AV 13 DE MAIO;;;1251;;Engavetamento;Luz do Dia;Bom;Molhada;Meio de Quadra;N?úo H?í Controle;Comercial;0;0;3;1;0;0;0;0;0;0;0;0;-3,748820500000000;-38,530130000000000
309454;12;6;2017;07:00;0;AV DES MOREIRA;;;2960;;Colis?úo Traseira;Luz do Dia;Bom;Molhada;Meio de Quadra;Pare;Comercial;0;0;2;1;0;0;0;0;0;0;0;0;-3,753262000000000;-38,503937000000000
309455;12;6;2017;06:42;0;AV TRISTAO GONCALVES;;;1177;;Queda;Luz do Dia;Nublado;Molhada;Meio de Quadra;N?úo H?í Controle;Comercial;0;2;0;0;0;0;0;0;0;1;0;0;-3,731972700000000;-38,534687000000000
309477;12;6;2017;17:41;0;AV GAL OSORIO DE PAIVA;;;5081;;Colis?úo Lateral;Luz do Dia;Bom;Seca;Meio de Quadra;Pare;Comercial;0;1;1;1;0;0;0;0;0;0;0;0;-3,803035300000000;-38,600180000000000
309478;12;6;2017;21:18;0;RUA DOM SEBASTIAO LEME;;;512;;Colis?úo Transversal;Via Iluminada;Bom;Seca;Meio de Quadra;Pare;Residencial;0;2;0;1;0;0;0;0;0;0;0;0;-3,746499500000000;-38,526314000000000
309497;12;6;2017;20:30;0;AV DES GONZAGA;;;0;;Colis?úo Traseira;Mal Iluminada;Bom;Seca;Meio de Quadra;N?úo H?í Controle;Lazer;0;0;2;1;0;0;0;0;0;0;0;0;-3,796399600000000;-38,500458000000000
309543;12;6;2017;14:06;19108;RUA DES WALDETARIO P MOTA;RUA PRO SILAS RIBEIRO;;0;;Colis?úo Transversal;Luz do Dia;Bom;Seca;T;N?úo H?í Controle;Residencial;0;0;2;1;0;0;0;0;0;0;0;0;-3,738115500000000;-38,481472000000000
309617;12;6;2017;12:57;0;AV PRO GOMES DE MATOS;;;1540;;Colis?úo Lateral;Luz do Dia;Bom;Seca;Meio de Quadra;Sem?íforo;Comercial;0;1;1;1;0;0;0;0;0;1;0;0;-3,764772400000000;-38,548830000000000
309457;12;6;2017;07:42;22677;AV COS GOMES DE FREITAS (SAPIRANGA/COITE);RUA MARIO ALENCAR ARARIPE;;0;;Colis?úo Traseira;Luz do Dia;Bom;Seca;T;Pare;Comercial;0;2;1;1;0;0;0;0;0;1;0;0;-3,795615200000000;-38,478420000000000
309458;12;6;2017;06:40;0;AV ENG LUIS VIEIRA;AV GAL OSORIO DE PAIVA;;0;;Colis?úo Lateral;Luz do Dia;Nublado;Material Derrapante;Cruz;Sem?íforo;Comercial;0;0;2;0;0;0;0;0;0;1;0;0;-3,790918800000000;-38,588768000000000
309459;12;6;2017;08:14;25071;AV DOS EXPEDICIONARIOS;RUA TEODORICO BARROSO;;0;;Colis?úo Transversal;Luz do Dia;Bom;Molhada;Cruz;Pare;Comercial;0;1;0;1;0;0;0;0;0;0;0;0;-3,766529000000000;-38,541565000000000
309460;12;6;2017;09:07;1490;RUA CEL JUCA;RUA DES LEITE ALBUQUERQUE;;0;;Colis?úo Transversal;Luz do Dia;Bom;Seca;Cruz;Pare;Comercial;0;0;2;1;0;0;0;0;0;0;0;0;-3,739556300000000;-38,491960000000000
309461;12;6;2017;09:19;5801;AV DES GONZAGA;RUA ALICE;;0;;Colis?úo Transversal;Luz do Dia;Bom;Seca;Cruz;Pare;Residencial;0;1;1;1;0;0;0;0;0;1;0;0;-3,791282400000000;-38,502403000000000
309462;12;6;2017;09:30;0;AV DEP PAULINO ROCHA;;;1001;;Colis?úo Lateral;Luz do Dia;Bom;Seca;Meio de Quadra;N?úo H?í Controle;Residencial;0;0;2;1;0;0;0;0;0;0;0;0;-3,806211500000000;-38,508167000000000
309463;12;6;2017;10:00;0;RUA DR GILBERTO STUDART;;;55;;Colis?úo Lateral;Luz do Dia;Bom;Seca;Meio de Quadra;N?úo H?í Controle;Comercial;0;0;1;1;0;0;0;0;0;0;0;0;-3,741436200000000;-38,487564000000000
309464;12;6;2017;10:16;7479;AV ALBERTO CRAVEIRO;RUA PEDRO DANTAS;;0;;Engavetamento;Luz do Dia;Nublado;Seca;T;Sem?íforo;Comercial;0;0;3;1;0;0;0;0;0;0;0;0;-3,787061000000000;-38,517056000000000
309465;12;6;2017;10:43;13592;RUA PRO CARVALHO;AV PONTES VIEIRA;;1;;Colis?úo Lateral;Luz do Dia;Bom;Seca;Cruz;Sem?íforo;Comercial;0;0;2;0;0;0;0;0;0;1;0;0;-3,752782000000000;-38,515038000000000
309466;12;6;2017;09:50;0;RUA ISMAEL PORDEUS;AV ZEZE DIOGO;;0;;Colis?úo Lateral;Luz do Dia;Bom;Material Derrapante;T;Pare;Residencial;0;0;1;1;1;0;0;0;0;0;0;0;-3,719934200000000;-38,463276000000000
309467;12;6;2017;10:28;0;AV PRS JUSCELINO KUBITSCHEK (PASSAR?ë);;;3505;;Colis?úo Traseira;Luz do Dia;Bom;Seca;Meio de Quadra;N?úo H?í Controle;Comercial;0;0;3;1;0;0;0;0;0;0;0;0;-3,812182000000000;-38,528490000000000
309468;12;6;2017;14:04;0;RUA GERMANO FRANCK;RUA CARLOS AMORA;;0;;Colis?úo Lateral;Luz do Dia;Bom;Seca;Y;Sem?íforo;Comercial;0;0;1;1;0;0;0;0;0;0;0;0;-3,776962800000000;-38,562160000000000
309469;12;6;2017;13:53;2313;AV PRS CASTELO BRANCO;RUA MOACIR;;0;;Colis?úo Lateral;Luz do Dia;Bom;Seca;T;Pare;Comercial;0;0;1;1;0;0;0;0;0;0;0;0;-3,703704600000000;-38,579742000000000
309470;12;6;2017;14:57;5135;AV TRISTAO GONCALVES;RUA SAO PAULO;;0;;Colis?úo Lateral;Luz do Dia;Bom;Seca;Cruz;Sem?íforo;Comercial;0;0;2;1;1;0;0;0;0;0;0;0;-3,728309400000000;-38,533540000000000
309471;12;6;2017;15:40;0;RUA CARLOS CHAGAS;;;1217;;Colis?úo Lateral;Luz do Dia;Bom;Seca;Meio de Quadra;N?úo H?í Controle;Comercial;0;0;2;1;0;0;0;0;0;0;0;0;-3,778486000000000;-38,591225000000000
309472;12;6;2017;13:09;9021;AV FELINO BARROSO;RUA CEL SOLON;;0;;Colis?úo Transversal;Luz do Dia;Bom;Seca;Cruz;Pare;Comercial;0;0;2;1;0;0;0;0;0;0;0;0;-3,743085100000000;-38,528800000000000
309473;12;6;2017;16:53;24261;RUA MANUEL JESUINO;RUA REPUBLICA DO LIBANO;;0;;Colis?úo Lateral;Luz do Dia;Bom;Seca;Cruz;Pare;Residencial;0;0;2;1;0;0;0;0;0;0;0;0;-3,733588000000000;-38,485023000000000
309474;12;6;2017;17:08;25125;RUA DNA LEOPOLDINA;RUA ROCHA LIMA;;1351;;Colis?úo Lateral;Luz do Dia;Bom;Seca;Cruz;Pare;Residencial;0;0;2;1;0;0;0;0;0;0;0;0;-3,736741500000000;-38,521450000000000
309475;12;6;2017;16:55;19611;AV GODOFREDO MACIEL;RUA NEREU RAMOS;;0;;Colis?úo Traseira;Luz do Dia;Bom;Seca;T;Sem?íforo;Residencial;0;0;3;1;0;0;0;0;0;1;0;0;-3,787273600000000;-38,566704000000000
306196;12;6;2017;17:45;0;AV BORGES DE MELO;;;1881;;Colis?úo Transversal;Anoitecer;Bom;Seca;Meio de Quadra;;Comercial;0;2;0;1;0;0;0;0;0;1;0;0;-3,755342000000000;-38,535401000000000
306198;12;6;2017;12:25;12496;AV CARNEIRO DE MENDONCA;AV LINEU MACHADO;;0;;Colis?úo Transversal;Luz do Dia;Bom;Seca;Outros;Sem?íforo;Comercial;0;2;0;1;0;0;0;0;0;0;0;0;-3,760403000000000;-38,574021000000000
306193;12;6;2017;14:00;1598;RUA MON CATAO;RUA CAROLINA SUCUPIRA;;0;;Colis?úo Traseira;Luz do Dia;Bom;Seca;Cruz;Pare;Residencial;0;2;0;1;0;0;0;0;0;0;0;0;-3,743696000000000;-38,492167000000000
306191;12;6;2017;16:30;0;RUA JAPI;;;337;;Colis?úo Lateral;Luz do Dia;Bom;Seca;Meio de Quadra;N?úo H?í Controle;Residencial;0;1;0;1;0;0;0;0;0;0;0;0;-3,783712000000000;-38,547586000000000
306176;12;6;2017;18:00;1525;RUA BARBOSA DE FREITAS;AV PDE ANTONIO TOMAS;;0;;Colis?úo Lateral;;Bom;Seca;Cruz;N?úo H?í Controle;Comercial;0;2;0;1;0;0;0;0;0;1;0;0;-3,740495000000000;-38,498619000000000
306165;12;6;2017;08:00;0;AV ALM BARROSO;;;672;;Colis?úo;Luz do Dia;Bom;Seca;Meio de Quadra;Sem?íforo;Residencial;0;1;0;1;0;0;0;0;0;0;0;0;-3,720474000000000;-38,517259000000000
306166;12;6;2017;10:50;21319;RUA GUSTAVO SAMPAIO;RUA JOSE SOMBRA;;0;;Colis?úo Transversal;Luz do Dia;Bom;Seca;Cruz;Pare;Residencial;0;0;1;1;0;0;0;0;0;0;0;0;-3,733349000000000;-38,547260000000000
306173;12;6;2017;20:01;21569;RUA MON AGOSTINHO;RUA LUIS VIEIRA;;0;;Colis?úo Lateral;Via Iluminada;Bom;Seca;Cruz;Pare;Residencial;0;2;0;1;0;0;0;0;0;1;0;0;-3,793096000000000;-38,587761000000000
306174;12;6;2017;23:30;0;AV GODOFREDO MACIEL;;;2640;;Colis?úo Traseira;;Bom;Seca;Meio de Quadra;Sem?íforo;Residencial;0;2;0;1;0;0;0;0;0;0;0;0;-3,798534000000000;-38,570546000000000
306187;12;6;2017;18:30;0;AV DR THEBERGE;;;2314;;Colis?úo Traseira;Via Iluminada;Bom;Seca;Meio de Quadra;Pare;Comercial;0;1;1;1;0;0;0;0;0;1;0;0;-3,721823000000000;-38,567282000000000
306159;12;6;2017;07:23;0;RUA AQUILES BORIS;;;93;;Colis?úo;Luz do Dia;Bom;Seca;Meio de Quadra;;Residencial;0;1;0;1;0;0;0;0;0;1;0;0;-3,768776400000000;-38,548275400000000
306127;12;6;2017;12:30;0;AV PRS CASTELO BRANCO;;;1287;MARINHA;Atropelamento;Luz do Dia;;;Meio de Quadra;;;1;0;1;1;0;0;0;0;0;0;0;0;-3,714914000000000;-38,543758000000000
306200;12;6;2017;13:15;0;RUA L CJ VILA VELHA;;;0;;Colis?úo Traseira;Luz do Dia;Bom;Seca;Meio de Quadra;N?úo H?í Controle;Residencial;0;2;0;1;0;0;0;1;0;0;0;0;;
306202;12;6;2017;14:10;0;AV FRE CIRILO;;;1410;;Colis?úo Traseira;Luz do Dia;Bom;Seca;Meio de Quadra;Sem?íforo;Residencial;0;2;0;1;1;0;0;0;0;0;0;0;-3,814199500000000;-38,498906400000000
325203;12;6;2017;08:20;0;RD CE-040;;;0;KM-10;Colis?úo;Luz do Dia;;Seca;Meio de Quadra;;;0;1;1;0;1;0;0;0;0;1;0;0;-3,826387000000000;-38,481781000000000
325199;12;6;2017;07:30;0;AV SEN CARLOS JEREISSATI (AEROPORTO);;;0;KM 01;Colis?úo;Luz do Dia;;Seca;Meio de Quadra;;;0;0;2;1;0;0;1;0;0;0;0;0;-3,783753000000000;-38,526850000000000
325209;12;6;2017;17:00;0;AV SEN CARLOS JEREISSATI (AEROPORTO);;;0;KM 04;Colis?úo;Anoitecer;;Seca;Meio de Quadra;;;0;0;2;1;0;0;0;0;0;0;0;0;-3,774020000000000;-38,550907000000000
325211;12;6;2017;22:35;0;RD CE-040;;;0;KM-03;Colis?úo;Via Iluminada;;Seca;Meio de Quadra;;;0;1;1;1;0;0;0;0;0;1;0;0;-3,782614325000000;-38,481083900000000
325970;12;6;2017;06:26;17898;RUA DOM MAURICIO;AV SGT HERMINIO SAMPAIO;;0;;Queda;Luz do Dia;;;Cruz;Sem?íforo;Comercial;0;1;0;0;0;0;0;0;0;1;0;0;-3,730570000000000;-38,576842000000000
325971;12;6;2017;06:37;0;AV DR SILAS MUNGUBA;;;5130;CASTEL?âO;Colis?úo;Luz do Dia;;;Meio de Quadra;;;0;1;1;1;0;0;0;0;0;1;0;0;-3,798197000000000;-38,531205000000000
325967;12;6;2017;00:32;0;RUA 1147 CJ CEARA;;;86;;Queda;;;;Meio de Quadra;;;0;2;0;0;0;0;0;0;0;1;0;0;-3,760503000000000;-38,609446000000000
325968;12;6;2017;05:52;0;AV MOZART PINHEIRO DE LUCENA;;;1469;;Colis?úo;Amanhecer;;;Meio de Quadra;;;0;1;1;1;0;0;0;0;0;1;0;0;-3,715529000000000;-38,594909000000000
326133;12;6;2017;18:17;0;RUA PEDRO MARTINS;;;231;;Queda;Anoitecer;;;Meio de Quadra;;;0;1;0;0;0;0;0;0;0;1;0;0;-3,799932000000000;-38,600407000000000
326134;12;6;2017;19:15;0;AV MR HULL;;;0;;Atropelamento;;;;Meio de Quadra;;;0;3;0;0;0;0;0;0;0;1;0;0;;
326113;12;6;2017;17:35;0;AV CENTRAL CJ CEARA;;;1109;;Atropelamento;Anoitecer;;;Meio de Quadra;;;0;1;1;0;0;0;0;0;0;1;0;0;;
326105;12;6;2017;17:29;0;RUA CEL JOAO OLIVEIRA;;;432;;Colis?úo;Anoitecer;;;Meio de Quadra;;;0;1;1;1;0;0;0;0;0;1;0;0;-3,822522000000000;-38,490594000000000
326102;12;6;2017;17:10;1441;RUA PRO DIAS DA ROCHA;AV SANTOS DUMONT;;0;;Colis?úo;Anoitecer;;;Cruz;Pare;Comercial;0;1;1;1;0;0;0;0;0;1;0;0;-3,738113000000000;-38,492502000000000
326087;12;6;2017;16:47;0;AV DR SILAS MUNGUBA;;;0;;Colis?úo;Luz do Dia;;;Meio de Quadra;;;0;1;1;0;0;0;0;0;0;0;0;0;;
326082;12;6;2017;16:33;0;RUA LUIS DE CASTRO;;;92;;Queda;Luz do Dia;;;Meio de Quadra;;;0;1;0;0;0;0;0;0;0;1;0;0;-3,776139000000000;-38,577469000000000
326070;12;6;2017;16:15;0;RUA PEDRO DANTAS;;;299;;Atropelamento;Luz do Dia;;;Meio de Quadra;;;0;1;1;0;0;0;0;0;0;1;0;0;-3,786244000000000;-38,520056000000000
326073;12;6;2017;16:16;0;RUA EQUADOR;;;818;;Queda;Luz do Dia;;;Meio de Quadra;;;0;1;0;0;0;0;0;0;0;1;0;0;-3,774507000000000;-38,552547000000000
326065;12;6;2017;15:59;15271;RUA ILDEFONSO ALBANO;RUA PEREIRA FILGUEIRAS;;0;;Atropelamento;Luz do Dia;;;Cruz;Sem?íforo;Residencial;0;1;1;1;0;0;0;0;0;0;0;0;-3,728706000000000;-38,511864000000000
326056;12;6;2017;15:03;0;AV AUGUSTO DOS ANJOS;;;1000;;Colis?úo;Luz do Dia;;;Meio de Quadra;;;0;1;1;0;0;0;0;0;0;1;0;0;-3,776718000000000;-38,576139000000000
326052;12;6;2017;14:40;1393;AV RUI BARBOSA;RUA JOAO CARVALHO;;0;;Colis?úo;Luz do Dia;;;Cruz;Sem?íforo;Residencial;0;1;1;1;0;0;0;0;0;1;0;0;-3,736928000000000;-38,509731000000000
326048;12;6;2017;13:49;0;RUA OSCAR ARARIPE;;;1452;;Colis?úo;Luz do Dia;;;Meio de Quadra;;;0;1;1;1;0;0;0;0;0;1;0;0;-3,789692000000000;-38,604033000000000
326040;12;6;2017;13:02;7926;AV ANTONIO SALES;RUA BARBOSA DE FREITAS;;0;;Queda;Luz do Dia;;;Cruz;Sem?íforo;Comercial;0;1;0;0;0;0;0;0;0;1;0;0;-3,746051000000000;-38,500407000000000
326041;12;6;2017;13:24;0;RUA FONSECA LOBO;;;1115;;Queda;Luz do Dia;;;Meio de Quadra;;;0;1;0;0;0;1;0;0;0;0;0;0;-3,737814400000000;-38,489443200000000
326033;12;6;2017;10:10;0;RUA BENEDITO MACEDO;;;0;;Queda;Luz do Dia;;;Meio de Quadra;;;0;1;0;0;0;0;0;0;0;1;0;0;;
326034;12;6;2017;11:07;0;AV JOAO DE ARAUJO LIMA;;;0;;Atropelamento;Luz do Dia;;;Meio de Quadra;;;0;1;1;1;0;0;0;0;0;0;0;0;;
326035;12;6;2017;12:37;7417;RUA MACEIO;RUA MON HIPOLITO BRASIL;;0;;Colis?úo;Luz do Dia;;;;;;0;1;1;0;0;0;0;0;0;1;0;0;-3,755063000000000;-38,586016000000000
326028;12;6;2017;09:39;0;RUA PDE PEDRO DE ALENCAR;;;0;;Queda;Luz do Dia;;;Meio de Quadra;;;0;1;0;0;0;0;0;0;0;1;0;0;;
326015;12;6;2017;09:29;7923;RUA ISAC AMARAL;AV DES MOREIRA;;0;;Colis?úo;Luz do Dia;;;Cruz;Sem?íforo;Comercial;0;1;1;1;0;0;0;0;0;1;0;0;-3,753019000000000;-38,503726000000000
326006;12;6;2017;09:15;0;AV PRO JOSE ARTHUR CARVALHO;;;461;;Colis?úo;Luz do Dia;;;Meio de Quadra;;;0;1;2;1;0;0;0;0;0;1;0;0;-3,825979000000000;-38,476121000000000
326004;12;6;2017;07:51;0;RUA PRO TEODORICO;;;907;;Queda;Luz do Dia;;;Meio de Quadra;;;0;1;0;0;0;0;0;0;0;1;0;0;-3,769332000000000;-38,551821000000000
326146;12;6;2017;20:30;0;RUA DES PRAXEDES;;;311;;Queda;;;;Meio de Quadra;;;0;1;0;0;0;0;0;0;0;1;0;0;-3,758837800000000;-38,550485500000000
326148;12;6;2017;20:34;0;AV GODOFREDO MACIEL;;;5959;;Atropelamento;;;;Meio de Quadra;;;0;1;1;0;0;0;0;0;0;0;0;0;-3,826898000000000;-38,579636000000000
326149;12;6;2017;20:51;0;RUA SEN POMPEU;;;0;;Queda;;;;Meio de Quadra;;;0;1;0;0;0;0;0;0;0;1;0;0;;
326098;12;6;2017;17:05;0;RUA RIO GRANDE DO SUL;;;2045;;Queda;Anoitecer;;;Meio de Quadra;;;0;1;0;0;0;0;0;0;0;1;0;0;-3,765495000000000;-38,571510000000000
326151;12;6;2017;21:39;0;RUA CHICO LEMOS;;;321;;Colis?úo;;;;Meio de Quadra;;;0;1;1;1;0;0;0;0;0;1;0;0;-3,790830000000000;-38,499351000000000
326168;13;6;2017;02:08;0;RUA RIO VENTURA;;;61;;Colis?úo;;;;Meio de Quadra;;;0;1;1;0;0;0;0;0;0;0;0;0;-3,746549600000000;-38,599208300000000
326182;13;6;2017;07:05;0;AV PRS COSTA E SILVA;;;0;;Queda;Luz do Dia;;;Meio de Quadra;;;0;1;0;0;0;0;0;0;0;1;0;0;;
326193;13;6;2017;07:37;0;RUA ALAGOAS;;;3110;;Colis?úo;Luz do Dia;;;Meio de Quadra;;;0;1;1;1;0;0;0;0;0;1;0;0;-3,752471000000000;-38,577769000000000
326194;13;6;2017;08:05;0;AV SEN CARLOS JEREISSATI (AEROPORTO);;;0;;Colis?úo;Luz do Dia;;;Meio de Quadra;;;0;1;1;0;0;0;0;0;0;1;0;0;;
326191;13;6;2017;07:29;13449;RUA TOMAS ACIOLI;RUA CARLOS VASCONCELOS;;0;;Colis?úo;Luz do Dia;;;Cruz;Pare;Residencial;0;1;1;1;0;1;0;0;0;0;0;0;-3,743445000000000;-38,514219000000000
326202;13;6;2017;09:41;0;AV DIOGUINHO;;;500;;Colis?úo;Luz do Dia;;;Meio de Quadra;;;0;1;1;0;0;0;1;0;0;1;0;0;;
326215;13;6;2017;11:03;11628;RUA EURICO MEDINA;RUA CACILDA BECKER;;0;;Colis?úo;Luz do Dia;;;;;;0;1;1;1;0;0;0;0;0;1;0;0;-3,767921000000000;-38,590775000000000
326221;13;6;2017;11:06;0;AV SEN CARLOS JEREISSATI (AEROPORTO);;;0;;Colis?úo;Luz do Dia;;;Meio de Quadra;;;0;1;1;1;0;0;0;0;0;1;0;0;;
326232;13;6;2017;11:30;0;RUA VITAL BRASIL;;;921;;Queda;Luz do Dia;;;Meio de Quadra;;;0;1;0;0;0;1;0;0;0;0;0;0;-3,780476000000000;-38,589283000000000
326240;13;6;2017;11:53;25170;AV LINEU MACHADO;RUA PRO EDGAR DE ARRUDA;;0;;Queda;Luz do Dia;;;Cruz;Pare;Misto;0;1;0;0;0;0;0;0;0;1;0;0;-3,763209000000000;-38,575480000000000
326246;13;6;2017;12:15;0;AV PRS COSTA E SILVA;;;600;;Colis?úo;Luz do Dia;;;Meio de Quadra;;;0;2;0;0;0;0;0;0;0;1;0;0;-3,812137000000000;-38,573779000000000
326253;13;6;2017;13:15;0;AV FRANCISCO SA;;;2247;;Atropelamento;Luz do Dia;;;Meio de Quadra;;;0;1;1;0;0;0;0;0;0;1;0;0;-3,721265000000000;-38,545601000000000
326257;13;6;2017;13:30;7107;AV DR THEBERGE;RUA STA INES D22;;0;;Colis?úo;Luz do Dia;;;;;;0;1;1;1;0;0;0;0;0;1;0;0;;
326259;13;6;2017;13:40;0;AV CASTELO DE CASTRO;;;1570;;Colis?úo;Luz do Dia;;;Meio de Quadra;;;0;1;1;1;0;0;0;0;0;1;0;0;-3,843465000000000;-38,521547000000000
326270;13;6;2017;15:34;0;RUA CESAR ROSSAS;;;415;;Colis?úo;Luz do Dia;;;Meio de Quadra;;;0;1;1;1;0;0;0;0;0;1;0;0;;
326274;13;6;2017;15:34;0;AV AMERICO BARREIRA;;;0;;Atropelamento;Luz do Dia;;;Meio de Quadra;;;0;1;1;0;0;0;0;0;0;1;0;0;;
326290;13;6;2017;15:53;0;AV DES GONZAGA;;;776;;Colis?úo;Luz do Dia;;;Meio de Quadra;;;0;1;1;0;0;0;0;0;0;0;0;0;-3,794166541000000;-38,501446984000000
326295;13;6;2017;17:30;3863;AV 13 DE MAIO;RUA SEN POMPEU;;0;;Colis?úo;Anoitecer;;;Cruz;Sem?íforo;Comercial;0;1;1;0;0;0;0;0;0;1;0;0;-3,744515000000000;-38,534969000000000
326296;13;6;2017;17:38;0;AV BEZERRA DE MENEZES;;;0;;Colis?úo;Anoitecer;;;Meio de Quadra;;;0;1;1;1;0;0;0;0;0;1;0;0;;
326298;13;6;2017;18:05;5433;RUA MAJ FACUNDO;RUA METON DE ALENCAR;;0;;Queda;Anoitecer;;;Cruz;D?¬ Prefer?¬ncia;Comercial;0;1;0;0;0;0;0;0;0;1;0;0;-3,733917000000000;-38,529899000000000
326302;13;6;2017;18:32;0;AV BENJAMIM BRASIL;;;0;;Queda;;;;Meio de Quadra;;;0;1;0;0;0;0;0;0;0;1;0;0;;
326303;13;6;2017;19:10;0;AV OLIVEIRA PAIVA;;;0;;Queda;;;;Meio de Quadra;;;0;1;0;0;0;1;0;0;0;0;0;0;;
326304;13;6;2017;19:12;9115;RUA GAL SILVA JUNIOR;RUA DR ALFREDO WEYNE D14;;0;;Colis?úo;;;;Cruz;Pare;Residencial;0;1;1;1;0;0;0;0;0;1;0;0;-3,755893000000000;-38,532116000000000
326305;13;6;2017;19:48;0;AV GODOFREDO MACIEL;;;0;;Colis?úo;;;;Meio de Quadra;;;0;1;1;0;0;0;0;0;0;1;0;0;;
326306;13;6;2017;20:11;0;AV GAL OSORIO DE PAIVA;;;2955;;Queda;;;;Meio de Quadra;;;0;1;0;0;0;1;0;0;0;0;0;0;-3,789314000000000;-38,587085000000000
326348;13;6;2017;21:50;24886;AV MAJ ASSIS;AV MOZART PINHEIRO DE LUCENA;;0;;Colis?úo;;;;Duplo T;Sem?íforo;Comercial;0;1;1;1;0;0;0;0;0;1;0;0;-3,721514087000000;-38,596661554000000
326309;13;6;2017;20:58;0;AV AUGUSTO DOS ANJOS;;;1170;;Colis?úo;;;;Meio de Quadra;;;0;1;1;0;0;0;0;0;0;0;0;0;-3,777359000000000;-38,576697000000000
326300;13;6;2017;18:12;0;RUA PDE LEOPOLDO FERNANDES;;;926;;Colis?úo;Anoitecer;;;Meio de Quadra;;;0;1;1;0;0;0;0;0;0;0;0;0;-3,753634700000000;-38,531143400000000
325859;13;6;2017;08:20;0;RD BR 116;;;3000;KM-03;Queda;Luz do Dia;;Seca;Meio de Quadra;;;0;1;0;0;0;0;0;0;0;1;0;0;-3,779838000000000;-38,514372000000000
325860;13;6;2017;16:20;0;RD BR 116;;;7000;KM-07;Atropelamento;Luz do Dia;;Seca;Meio de Quadra;;;0;1;1;1;0;0;0;0;0;0;0;0;-3,786917000000000;-38,511279000000000
325861;13;6;2017;16:25;0;RD BR 116;;;3000;KM-03;Colis?úo Traseira;Luz do Dia;;Seca;Meio de Quadra;;;0;3;0;0;0;0;0;0;0;1;0;0;-3,779838000000000;-38,514372000000000
325214;13;6;2017;16:00;0;RD CE-040;;;0;KM-07;Colis?úo;Luz do Dia;;Seca;Meio de Quadra;;;0;0;3;1;0;0;0;0;0;1;0;0;-3,817159445000000;-38,483032860000000
298136;13;6;2017;06:30;0;RD BR 116;;;13000;KM-13;Colis?úo Lateral;Luz do Dia;;Seca;Meio de Quadra;;;1;1;1;0;1;0;0;0;0;1;0;0;-3,864670000000000;-38,497727000000000
298143;13;6;2017;07:00;9891;RUA MANUEL GALDINO;RUA PAULINO ROCHA D32;;0;;Colis?úo Transversal;Luz do Dia;;;;;;1;0;1;1;0;0;0;0;0;1;0;0;-3,789652000000000;-38,626254000000000
298148;13;6;2017;16:15;0;AV AUGUSTO DOS ANJOS;;;252;;Atropelamento;Luz do Dia;;;Meio de Quadra;;;1;0;1;0;1;0;0;0;0;0;0;0;-3,771565000000000;-38,571396000000000