COD_ACIDENTE;DIA;MES;ANO;HORA;INTERSECAO;LOG1;LOG2;LOG3;NUMERO;REFERENCIA;NATUREZA;ILUMINACAO;TEMPO;SUPERFICIEPISTA;TIPOCRUZAMENTO;CONTROLETRAFEGO;USOSOLO;MORTOS;FERIDOS;ILESOS;AUTOMOVEL;ONIBUS;BICICLETA;CAMINHAO;MICROONIBUS;CICLOMOTOR;MOTOCICLETA;TRACAOANIMAL;TREM;LATITUDE;LONGITUDE
306203;13;6;2017;08:15;10943;RUA DOM CARLOTO TAVORA;RUA ZACARIAS GONDIM;;0;;Colis?úo Transversal;Luz do Dia;Bom;Seca;Cruz;Pare;Comercial;0;2;0;1;0;0;0;0;0;0;0;0;-3,768945000000000;-38,558785000000000
306204;13;6;2017;07:23;1475;AV SANTOS DUMONT;RUA FONSECA LOBO;;0;;Colis?úo Frontal;Luz do Dia;Bom;Seca;Cruz;Pare;Comercial;0;2;0;1;0;1;0;0;0;0;0;0;-3,739062000000000;-38,489602000000000
306206;13;6;2017;08:45;17433;RUA PRO TEODORICO;RUA CESAR ROSSAS;;0;;Colis?úo Lateral;Luz do Dia;Bom;Seca;Cruz;Pare;Comercial;0;2;0;0;0;0;0;0;0;1;0;0;-3,768770000000000;-38,553473000000000
306212;13;6;2017;21:34;23364;RUA EDUARDO BEZERRA;RUA CAP GUSTAVO;;0;;Colis?úo Transversal;;;;Cruz;Sem?íforo;Residencial;0;2;0;1;0;0;0;0;0;0;0;0;-3,754148000000000;-38,516951000000000
306216;13;6;2017;21:25;19713;RUA AZEVEDO BOLAO;RUA DOM LINO;;0;;Colis?úo Lateral;Anoitecer;Bom;Seca;Cruz;Pare;Comercial;0;2;0;1;0;0;0;0;0;0;0;0;-3,736529000000000;-38,557088000000000
306208;13;6;2017;10:45;0;AV JOSE BASTOS;;;3132;;Colis?úo Traseira;Luz do Dia;Bom;Seca;Meio de Quadra;N?úo H?í Controle;Comercial;0;2;0;1;0;0;0;0;0;1;0;0;-3,747381000000000;-38,547836000000000
306209;13;6;2017;13:30;0;AV DR SILAS MUNGUBA;;;1700;;Colis?úo Traseira;Luz do Dia;Bom;Seca;Meio de Quadra;Sem?íforo;Comercial;0;1;1;1;0;0;0;0;0;1;0;0;-3,784842000000000;-38,552974000000000
306227;13;6;2017;11:30;25937;RUA CARNEIRO DA CUNHA (JACARECANGA);RUA ANTONIO BANDEIRA D04;;0;;Colis?úo Transversal;Luz do Dia;Bom;Seca;Outros;N?úo H?í Controle;Residencial;0;2;0;1;1;0;0;0;0;0;0;0;-3,724417000000000;-38,544207000000000
306233;13;6;2017;19:46;0;AV BAR STUDART;;;300;;Colis?úo Transversal;Via Iluminada;Bom;Seca;Meio de Quadra;;Residencial;0;2;0;1;0;0;0;0;0;1;0;0;-3,726791937000000;-38,504105468000000
306234;13;6;2017;20:40;1358;AV SANTOS DUMONT;AV DES MOREIRA;;0;;;Mal Iluminada;Bom;Seca;Cruz;Sem?íforo;Comercial;0;2;0;1;1;0;0;0;0;0;0;0;-3,736226000000000;-38,498365000000000
306229;13;6;2017;19:00;15343;RUA PEREIRA FILGUEIRAS;RUA NUNES VALENTE;;0;;Colis?úo Traseira;Via Iluminada;Bom;Seca;Cruz;Sem?íforo;Comercial;0;2;0;1;0;0;0;0;0;0;0;0;-3,731786000000000;-38,502310000000000
306236;13;6;2017;16:25;0;AV PRS COSTA E SILVA;;;0;;Colis?úo Traseira;Luz do Dia;Bom;Seca;Outros;Sem?íforo;Residencial;0;2;0;1;0;0;0;0;0;0;0;0;;
306218;13;6;2017;21:42;2830;AV GAL OSORIO DE PAIVA;RUA OSCAR FRANCA;;0;;Colis?úo Frontal;Anoitecer;Bom;Seca;Outros;Sem?íforo Intermitente;Comercial;0;2;0;1;0;0;0;0;0;1;0;0;-3,794473000000000;-38,592113000000000
306219;13;6;2017;12:40;10681;AV MIGUEL DIAS;RUA FIRMINO ROCHA AGUIAR;;0;;Colis?úo Transversal;Luz do Dia;Bom;Seca;Cruz;D?¬ Prefer?¬ncia;Residencial;0;2;0;1;0;0;0;0;0;0;0;0;-3,763517000000000;-38,487708000000000
306222;13;6;2017;14:40;0;AV SEN CARLOS JEREISSATI (AEROPORTO);;;3000;AEROPORTO;Colis?úo Lateral;Luz do Dia;Bom;Seca;Outros;Sem?íforo Intermitente;Outros;0;2;0;1;1;0;0;0;0;0;0;0;-3,780382000000000;-38,541414000000000
306224;13;6;2017;17:14;0;AV ALBERTO CRAVEIRO;;;2644;;Colis?úo Traseira;Anoitecer;Bom;Seca;Meio de Quadra;Outros;Comercial;0;3;0;0;0;0;0;0;0;1;0;0;-3,803094000000000;-38,521448000000000
306225;13;6;2017;14:00;12666;AV CEL CARVALHO;RUA ROSINHA SAMPAIO;;0;;Colis?úo Transversal;Luz do Dia;Bom;Seca;Cruz;N?úo H?í Controle;Comercial;0;2;0;0;0;0;0;0;0;1;0;0;-3,726938000000000;-38,585413000000000
309482;13;6;2017;07:55;0;RUA BERNARDO MANUEL;;;8095;;Colis?úo Transversal;Luz do Dia;Bom;Seca;Meio de Quadra;;;0;1;1;1;0;0;0;0;0;1;0;0;-3,790262700000000;-38,548744000000000
309483;13;6;2017;07:19;0;RUA MIN JOAQUIM BASTOS D14;;;830;;Colis?úo Lateral;Luz do Dia;Bom;Seca;Meio de Quadra;Sem?íforo;Escola;0;0;2;1;0;0;0;0;0;0;0;0;-3,750975100000000;-38,531525000000000
309484;13;6;2017;09:04;0;RUA NAPOLEAO LAUREANO;;;425;;Colis?úo Traseira;Luz do Dia;Bom;Seca;Cruz;Pare;Residencial;0;0;2;1;0;0;0;0;0;0;0;0;-3,751516800000000;-38,530330000000000
309485;13;6;2017;09:57;5039;RUA PESSOA ANTA;AV ALBERTO NEPOMUCENO;;0;;Engavetamento;Luz do Dia;Bom;Seca;T;Sem?íforo;Comercial;0;0;3;1;0;0;0;0;0;0;0;0;-3,721240000000000;-38,522770000000000
309486;13;6;2017;09:44;0;AV DOMINGOS OLIMPIO;;;1839;;Colis?úo Lateral;Luz do Dia;Bom;Seca;Cruz;Sem?íforo;Escola;0;0;2;1;0;0;0;0;0;0;0;0;-3,733680500000000;-38,539990000000000
309487;13;6;2017;07:20;2335;AV PRS CASTELO BRANCO;RUA CAUBI;;0;;Colis?úo Frontal;Luz do Dia;Bom;Seca;Meio de Quadra;N?úo H?í Controle;Comercial;0;1;3;1;0;1;0;0;0;0;0;0;-3,704485700000000;-38,578136000000000
309488;13;6;2017;05:55;0;RUA BERNARDO MANUEL;;;9229;;Colis?úo Traseira;Amanhecer;Bom;Seca;Meio de Quadra;N?úo H?í Controle;Comercial;0;1;1;0;1;0;0;0;0;1;0;0;-3,800511400000000;-38,551872000000000
309489;13;6;2017;11:21;5232;RUA FLORIANO PEIXOTO;RUA GUILHERME ROCHA;;0;;Colis?úo Lateral;Luz do Dia;Bom;Seca;Cruz;Outros;Comercial;0;1;1;1;0;0;0;0;0;1;0;0;-3,727395000000000;-38,527184000000000
309490;13;6;2017;13:37;3860;AV 13 DE MAIO;AV DA UNIVERSIDADE;;0;;Colis?úo Traseira;Luz do Dia;Bom;Seca;Cruz;Sem?íforo;Comercial;0;0;2;1;0;0;0;0;0;1;0;0;-3,740645400000000;-38,538986000000000
309491;13;6;2017;14:42;0;RUA JOAQUIM FELICIO;;;267;;Colis?úo Lateral;Luz do Dia;Bom;Seca;Meio de Quadra;N?úo H?í Controle;Comercial;0;0;2;1;0;0;0;0;0;0;0;0;-3,829908800000000;-38,492420000000000
309492;13;6;2017;16:45;9143;RUA JUVENAL DE CARVALHO;RUA DR JOSE VITOR;;0;;Colis?úo Lateral;Luz do Dia;Bom;Seca;Cruz;Pare;Residencial;0;0;2;1;0;0;0;0;0;0;0;0;-3,747632500000000;-38,525150000000000
309493;13;6;2017;16:11;25094;RUA PDE ROMA;RUA SEN POMPEU;;0;;Colis?úo Transversal;Luz do Dia;Bom;Seca;T;Pare;Comercial;0;1;1;1;0;0;0;0;0;1;0;0;-3,745448400000000;-38,535275000000000
309494;13;6;2017;17:25;0;RUA GAL SAMPAIO;;;678;;Colis?úo Lateral;Luz do Dia;Bom;Seca;Meio de Quadra;N?úo H?í Controle;Comercial;0;0;2;1;0;0;0;0;0;0;0;0;-3,724515700000000;-38,530125000000000
309495;13;6;2017;15:30;0;AV GOV RAUL BARBOSA;;;5380;;Colis?úo Lateral;Luz do Dia;Bom;Seca;Meio de Quadra;D?¬ Prefer?¬ncia;Comercial;0;2;1;1;0;0;0;0;0;1;0;0;-3,766830400000000;-38,509250000000000
309496;13;6;2017;17:10;15347;AV DOM LUIS;RUA TIBURCIO CAVALCANTE;;0;;Colis?úo Lateral;Luz do Dia;Bom;Seca;Duplo T;Sem?íforo;Residencial;0;0;2;1;1;0;0;0;0;0;0;0;-3,732006800000000;-38,501280000000000
309563;13;6;2017;21:31;5098;RUA SEN POMPEU;RUA CASTRO E SILVA;;0;;Colis?úo Transversal;Via Iluminada;Bom;Seca;Cruz;Sem?íforo;Comercial;0;1;1;1;0;0;0;0;0;1;0;0;-3,723464500000000;-38,528522000000000
309498;13;6;2017;21:03;0;RUA 15 DE NOVEMBRO;RUA BAR ARACATI;;0;;Colis?úo Transversal;Via Iluminada;Bom;Seca;Cruz;Sem?íforo;Comercial;0;0;1;1;1;0;0;0;0;0;0;0;-3,768814300000000;-38,556800000000000
309499;13;6;2017;15:00;0;RUA VITORIA (AV. PERIMETRAL);RUA EURICO MEDINA;;1719;;Colis?úo Frontal;Luz do Dia;Bom;Seca;T;Pare;Escola;0;0;2;1;0;0;0;0;0;1;0;0;-3,767965300000000;-38,590060000000000
309500;13;6;2017;09:18;15152;AV ABOLICAO;AV BAR STUDART;;0;;Colis?úo;Luz do Dia;Bom;Seca;Cruz;Sem?íforo;Comercial;0;1;1;0;1;1;0;0;0;0;0;0;-3,724427700000000;-38,503426000000000
309479;13;6;2017;01:31;15815;RUA MANUEL CASTELO BRANCO;RUA CEL GUILHERME ALENCAR;;0;;Colis?úo Transversal;Via Iluminada;Bom;Seca;Cruz;Pare;Comercial;0;1;1;0;0;0;0;0;0;1;0;0;-3,831963800000000;-38,491882000000000
309480;13;6;2017;07:16;0;AV AMERICO BARREIRA;;;6080;;Colis?úo Lateral;Luz do Dia;Bom;Seca;Meio de Quadra;N?úo H?í Controle;Comercial;0;0;2;1;0;0;0;0;0;0;0;0;-3,764669400000000;-38,567050000000000
304171;13;6;2017;08:30;0;AV GAL OSORIO DE PAIVA;;;0;;Atropelamento;Luz do Dia;;;Meio de Quadra;;;1;0;1;0;0;0;0;0;0;0;0;0;-3,797558561000000;-38,594955262000000
309520;14;6;2017;16:01;22094;AV JOSE BASTOS;RUA DELMIRO FARIAS;;0;;Colis?úo Lateral;Luz do Dia;Bom;Seca;Cruz;Sem?íforo;Comercial;0;0;2;1;1;0;0;0;0;0;0;0;-3,748843200000000;-38,549427000000000
309521;14;6;2017;17:50;0;RUA FORTALEZA UI 505;AV ALBERTO NEPOMUCENO;;0;;Colis?úo Lateral;Luz do Dia;Bom;Seca;Cruz;Pare;Comercial;0;0;2;1;1;0;0;0;0;0;0;0;-3,722723200000000;-38,523884000000000
309522;14;6;2017;18:20;0;RUA RAFAEL TOBIAS;RUA ROBERTO GRADVOHL;;0;;Colis?úo Transversal;Via Iluminada;Bom;Seca;Cruz;Pare;Residencial;0;0;2;1;0;0;0;0;0;0;0;0;-3,808925400000000;-38,471066000000000
309523;14;6;2017;20:40;0;AV ALBERTO NEPOMUCENO;RUA PAULA FRANCINETE;;0;;Colis?úo Lateral;Via Iluminada;Bom;Seca;T;Pare;Comercial;0;1;1;1;0;0;0;0;0;1;0;0;-3,795291400000000;-38,517982000000000
309501;14;6;2017;07:16;5211;AV IMPERADOR;RUA LIBERATO BARROSO;;0;;Colis?úo Transversal;Luz do Dia;Bom;Seca;Cruz;Sem?íforo;Comercial;0;1;1;1;0;0;0;0;0;1;0;0;-3,726624000000000;-38,534240000000000
309502;14;6;2017;07:25;0;RUA JOSE TORRES;;;928;;Colis?úo Traseira;Luz do Dia;Bom;Seca;Meio de Quadra;N?úo H?í Controle;Residencial;0;0;1;1;0;0;0;0;0;0;0;0;-3,779057500000000;-38,607080000000000
309503;14;6;2017;07:02;0;AV ALBERTO CRAVEIRO;;;2571;;Colis?úo Traseira;Luz do Dia;Bom;Seca;Meio de Quadra;N?úo H?í Controle;Comercial;0;1;1;0;0;0;0;0;0;1;0;0;-3,802753700000000;-38,520910000000000
309504;14;6;2017;07:53;7982;RUA MAJ WEYNE;RUA CARLOS CAMARA;;0;;Atropelamento;Luz do Dia;Bom;Seca;Cruz;Pare;Residencial;0;1;1;1;0;0;0;0;0;0;0;0;-3,748711000000000;-38,544400000000000
309505;14;6;2017;07:09;11792;RUA OLEGARIO MARIANO;AV TEN LISBOA;;0;;Colis?úo Transversal;Luz do Dia;Bom;Seca;T;N?úo H?í Controle;Residencial;0;1;1;1;0;0;0;0;0;1;0;0;-3,762762300000000;-38,546967000000000
309506;14;6;2017;08:10;0;AV COS GOMES DE FREITAS (SAPIRANGA/COITE);;;3188;;Colis?úo Traseira;Luz do Dia;Bom;Seca;Meio de Quadra;N?úo H?í Controle;Comercial;0;0;1;1;0;0;0;0;0;0;0;0;-3,795530300000000;-38,477930000000000
309507;14;6;2017;09:05;0;AV DA UNIVERSIDADE;;;1940;;Colis?úo Traseira;Luz do Dia;Bom;Seca;Meio de Quadra;Sem?íforo;Comercial;0;0;1;1;0;0;0;0;0;0;0;0;-3,735217300000000;-38,533806000000000
309508;14;6;2017;08:06;11582;AV ROGACIANO LEITE;RUA RICARDO A BRAGA;;0;;Colis?úo Transversal;Luz do Dia;Bom;Seca;Cruz;Pare;Comercial;0;1;1;0;0;0;0;0;0;1;0;0;-3,786639000000000;-38,503296000000000
309509;14;6;2017;09:51;0;RUA CASTRO E SILVA;;;26;;Colis?úo Traseira;Luz do Dia;Bom;Seca;Meio de Quadra;Sem?íforo;Comercial;0;0;1;1;0;0;0;0;0;0;0;0;-3,724466300000000;-38,525715000000000
309510;14;6;2017;09:46;0;RUA PEDRO PEREIRA;;;383;;Colis?úo Lateral;Luz do Dia;Bom;Seca;Meio de Quadra;N?úo H?í Controle;Comercial;0;0;2;1;0;0;0;0;0;0;0;0;-3,729872700000000;-38,528343000000000
309511;14;6;2017;08:30;5499;RUA PDE VALDEVINO;RUA J DA PENHA;;0;;Colis?úo Transversal;Luz do Dia;Bom;Seca;Cruz;Pare;Residencial;0;1;1;1;0;0;0;0;0;1;0;0;-3,737823200000000;-38,520687000000000
309512;14;6;2017;10:29;0;AV AGUANAMBI;;;94;;Colis?úo Lateral;Luz do Dia;Bom;Seca;Meio de Quadra;Sem?íforo;Comercial;0;0;2;1;0;0;0;0;0;0;0;0;-3,737578900000000;-38,524376000000000
309513;14;6;2017;11:30;0;AV GAL OSORIO DE PAIVA;;;4500;;Colis?úo Lateral;Luz do Dia;Bom;Seca;T;N?úo H?í Controle;Comercial;0;0;2;1;0;0;0;0;0;0;0;0;-3,797948000000000;-38,595753000000000
309514;14;6;2017;12:50;0;AV ALBERTO CRAVEIRO;;;0;;Colis?úo Lateral;Luz do Dia;Bom;Seca;Rotat??ria;D?¬ Prefer?¬ncia;Lazer;0;0;2;1;0;0;0;0;0;0;0;0;-3,807831800000000;-38,524654000000000
309515;14;6;2017;13:52;19651;AV GAL OSORIO DE PAIVA;RUA AFRANIO PEIXOTO;;0;;Colis?úo Lateral;Luz do Dia;Bom;Seca;T;Pare;Comercial;0;0;2;1;0;0;0;0;0;0;0;0;-3,779907500000000;-38,573296000000000
309516;14;6;2017;13:00;0;AV AUGUSTO DOS ANJOS;;;1000;;Colis?úo Traseira;Luz do Dia;Bom;Seca;Meio de Quadra;Sem?íforo;Comercial;0;0;2;1;0;0;0;0;0;0;0;0;-3,776599600000000;-38,576126000000000
309517;14;6;2017;14:36;2830;AV GAL OSORIO DE PAIVA;RUA OSCAR FRANCA;;0;;Colis?úo Traseira;Luz do Dia;Bom;Seca;T;Sem?íforo;Comercial;0;0;2;0;0;0;0;0;0;0;0;0;-3,794844200000000;-38,592280000000000
309518;14;6;2017;10:00;5406;RUA ANTONIO POMPEU;RUA PRC ISABEL;;0;;Colis?úo Traseira;Luz do Dia;Bom;Seca;Cruz;Pare;Comercial;0;0;2;1;0;0;0;0;0;0;0;0;-3,732682700000000;-38,537450000000000
309603;14;6;2017;14:30;0;AV PRO GOMES DE MATOS;;;1627;;Engavetamento;Luz do Dia;Bom;Seca;Meio de Quadra;N?úo H?í Controle;Comercial;0;0;3;1;0;0;0;0;0;0;0;0;-3,765841000000000;-38,549698000000000
306266;14;6;2017;13:20;0;AV SANTOS DUMONT;;;0;;Colis?úo Traseira;Luz do Dia;Bom;Seca;Meio de Quadra;N?úo H?í Controle;Residencial;0;2;0;0;0;0;0;1;0;1;0;0;;
306269;14;6;2017;15:20;1474;RUA TIBURCIO CAVALCANTE;RUA JOAO CARVALHO;;0;;Colis?úo Lateral;Luz do Dia;Bom;Seca;Cruz;Sem?íforo;Residencial;0;2;0;1;1;0;0;0;0;0;0;0;-3,738950000000000;-38,503547000000000
306257;14;6;2017;20:15;14422;AV SGT HERMINIO SAMPAIO;RUA MOZART PINTO;;0;;Colis?úo Transversal;Via Iluminada;Bom;Seca;T;Pare;Residencial;0;3;0;1;1;0;0;0;0;1;0;0;-3,724783000000000;-38,551753000000000
306258;14;6;2017;19:30;0;AV BAR STUDART;;;0;;Colis?úo Traseira;;Bom;;Meio de Quadra;;;0;2;0;0;0;0;0;0;0;0;0;0;;
306242;14;6;2017;07:30;5451;RUA BARBARA DE ALENCAR;AV DOM MANUEL;;0;;Colis?úo Lateral;Luz do Dia;Bom;Seca;Cruz;Sem?íforo;Comercial;0;2;0;1;0;0;0;0;0;0;0;0;-3,734972000000000;-38,523262000000000
306238;14;6;2017;22:00;1345;RUA LEONARDO MOTA;RUA MARIA TOMASIA;;0;;Colis?úo Lateral;Via Iluminada;;Seca;Cruz;Pare;Lazer;0;0;1;1;0;0;0;0;0;1;0;0;-3,735853000000000;-38,496070000000000
306239;14;6;2017;12:00;0;RUA GERONIMO BRIGIDO;;;30;;Outros;Luz do Dia;Bom;Seca;Meio de Quadra;N?úo H?í Controle;Comercial;0;1;0;1;0;0;0;0;0;0;0;0;;
306240;14;6;2017;08:30;22124;RUA PRO COSTA MENDES;RUA MAJ PEDRO SAMPAIO;;0;;Colis?úo Frontal;Luz do Dia;Bom;Seca;Cruz;Pare;Residencial;0;2;0;1;1;0;0;0;0;0;0;0;-3,747674000000000;-38,554665000000000
306245;14;6;2017;22:30;766;RUA MAJ GERARDO MENDES;RUA TEN WILSON  D46;;0;;Colis?úo Transversal;Via Iluminada;Bom;Seca;Cruz;Pare;Residencial;0;1;1;1;0;0;0;0;0;1;0;0;-3,769218000000000;-38,512647000000000
306246;14;6;2017;12:10;22317;RUA JOSE CANDIDO D08;RUA CASIMIRO MONTENEGRO;;0;;Colis?úo Traseira;Luz do Dia;Bom;Seca;Cruz;Pare;Residencial;0;2;0;1;0;0;0;0;0;0;0;0;-3,730492000000000;-38,551178000000000
306247;14;6;2017;20:10;25887;AV RAD JOSE LIMA VERDE;AV 20 DE JANEIRO;;0;;Colis?úo Transversal;Via Iluminada;Bom;Seca;T;Pare;Residencial;0;1;0;0;1;1;0;0;0;0;0;0;-3,702568000000000;-38,591295000000000
298231;14;6;2017;17:24;0;AV JOAO DE ARAUJO LIMA;;;551;DELEGACIA DO 8 DP;Atropelamento;Anoitecer;;;Meio de Quadra;;;1;0;1;0;0;0;0;0;0;1;0;0;-3,826451000000000;-38,559083000000000
325220;14;6;2017;13:25;0;RD CE-040;;;0;KM-10;Colis?úo;Luz do Dia;;Seca;Meio de Quadra;;;0;0;2;1;0;0;0;0;0;1;0;0;-3,826388000000000;-38,481782000000000
325862;14;6;2017;22:00;0;RD BR 116;;;11000;KM-11;Colis?úo Traseira;N?úo Informado;;Seca;Meio de Quadra;;;0;1;1;1;0;0;0;0;1;0;0;0;-3,847160000000000;-38,497176000000000
325863;14;6;2017;22:25;0;RD BR 222;;;300;KM-01;Colis?úo Traseira;N?úo Informado;;N?úo informada;Meio de Quadra;;;0;1;1;1;0;0;0;0;0;1;0;0;;
326364;14;6;2017;06:18;12440;AV AUGUSTO DOS ANJOS;ET PICI;;0;;Colis?úo;Luz do Dia;;;;;;0;2;0;1;0;0;0;0;0;1;0;0;-3,771936000000000;-38,571749000000000
326369;14;6;2017;07:01;0;AV JOAO PESSOA;;;6318;;Colis?úo;Luz do Dia;;;Meio de Quadra;;;0;1;1;1;0;0;0;0;0;1;0;0;-3,765575000000000;-38,559123000000000
326374;14;6;2017;07:41;0;AV WASHINGTON SOARES;;;417;;Colis?úo;Luz do Dia;;;Meio de Quadra;;;0;1;1;1;0;0;0;0;0;1;0;0;-3,757990000000000;-38,487366000000000
326376;14;6;2017;08:08;9033;RUA DOM SEBASTIAO LEME;RUA CEL SOLON;;0;;Colis?úo;Luz do Dia;;;Cruz;Pare;Residencial;0;1;1;1;0;0;0;0;0;1;0;0;-3,742963000000000;-38,526799000000000
326405;14;6;2017;17:24;0;RUA PERNAMBUCO;;;2941;;Colis?úo;Anoitecer;;;Meio de Quadra;;;0;1;1;1;0;0;0;0;0;1;0;0;-3,749896000000000;-38,579558000000000
326400;14;6;2017;17:00;0;AV E CJ CEARA;;;134;;Colis?úo;Anoitecer;;;Meio de Quadra;;;0;2;1;1;0;0;0;0;0;1;0;0;-3,759651000000000;-38,605063000000000
326402;14;6;2017;17:15;0;RUA PRO LINO ENCARNACAO;;;814;;Colis?úo;Anoitecer;;;Meio de Quadra;;;0;1;1;1;0;0;0;0;0;1;0;0;-3,742618600000000;-38,560387600000000
326382;14;6;2017;08:27;0;RUA CEL JOSE FILOMENO GOMES;;;1754;;Colis?úo;Luz do Dia;;;Meio de Quadra;;;0;1;1;0;0;0;0;0;0;0;0;0;-3,781818000000000;-38,488556000000000
326386;14;6;2017;08:46;0;RUA ANSELMO NOGUEIRA;;;523;;Colis?úo;Luz do Dia;;;Meio de Quadra;;;0;2;0;1;0;0;0;0;0;1;0;0;-3,783508000000000;-38,587636000000000
326388;14;6;2017;08:46;0;AV DR SILAS MUNGUBA;;;4880;;Atropelamento;Luz do Dia;;;Meio de Quadra;;;0;1;1;0;0;0;0;0;0;0;0;0;-3,795794000000000;-38,532294000000000
326392;14;6;2017;10:54;0;AV ENG HUMBERTO MONTE;;;2545;;Queda;Luz do Dia;;;Meio de Quadra;;;0;1;0;0;0;0;0;0;0;1;0;0;-3,740132000000000;-38,567994000000000
326393;14;6;2017;12:26;22930;RUA BERNARDO MANUEL;RUA LEAO TREZE;;0;;Colis?úo;Luz do Dia;;;Cruz;Sem?íforo;Residencial;0;1;1;0;0;0;0;0;0;1;0;0;-3,783394000000000;-38,546723000000000
326394;14;6;2017;13:27;0;AV ENG SERRAINE;;;314;;Colis?úo;Luz do Dia;;;Meio de Quadra;;;0;1;1;1;0;0;0;0;0;1;0;0;-3,736634739000000;-38,585388523000000
326397;14;6;2017;15:14;0;RUA DR SEIXAS;;;137;;Queda;Luz do Dia;;;Meio de Quadra;;;0;1;0;0;0;0;0;0;0;1;0;0;-3,774281000000000;-38,593448000000000
326508;14;6;2017;20:17;0;AV RAD JOSE LIMA VERDE;;;0;;Colis?úo;;;;Meio de Quadra;;;0;1;1;1;0;1;0;0;0;0;0;0;;
326518;14;6;2017;20:41;0;AV ALBERTO CRAVEIRO;;;0;;Colis?úo;;;;Meio de Quadra;;;0;1;1;0;0;0;0;0;0;0;0;0;;
326519;14;6;2017;21:05;12954;RUA BERNARDO MANUEL;AV PRS COSTA E SILVA;;0;;Queda;;;;Cruz;Sem?íforo;Comercial;0;1;0;0;0;0;0;0;0;1;0;0;-3,821079000000000;-38,558276000000000
326520;14;6;2017;22:23;0;AV JOSE BASTOS;;;6510;;Colis?úo;;;;Meio de Quadra;;;0;1;1;1;0;0;0;0;0;1;0;0;-3,767391000000000;-38,569576000000000
326521;14;6;2017;22:42;0;RUA TULIPA NEGRA;;;1919;COL. CASTRO ALVES;Colis?úo;;;;Meio de Quadra;;;0;2;1;1;0;0;0;0;0;1;0;0;-3,819925000000000;-38,596918000000000
326522;14;6;2017;23:36;7409;RUA AUDISIO PINHEIRO;RUA PRO PAULO LOPES;;0;;Colis?úo;;;;Cruz;Pare;Residencial;0;1;1;1;0;0;0;0;0;1;0;0;-3,755634000000000;-38,587319000000000
326523;14;6;2017;23:40;4612;RUA CRISANTO M DA ROCHA;AV WASHINGTON SOARES;;0;;Queda;;;;;;;0;1;0;0;0;0;0;0;0;1;0;0;-3,795695000000000;-38,479908000000000
326502;14;6;2017;17:45;0;AV PDE ANTONIO TOMAS;;;320;;Colis?úo;Anoitecer;;;Meio de Quadra;;;0;1;1;0;0;0;0;0;0;0;0;0;-3,739830000000000;-38,500705000000000
326503;14;6;2017;17:52;0;TR CEL PATRICIO;;;16;;Queda;Anoitecer;;;Meio de Quadra;;;0;1;0;0;0;1;0;0;0;0;0;0;;
326504;14;6;2017;18:08;0;AV JOSE BASTOS;;;5095;;Queda;Anoitecer;;;Meio de Quadra;;;0;2;0;0;0;0;0;0;0;1;0;0;-3,757774000000000;-38,562297000000000
326506;14;6;2017;19:08;0;AV SEN CARLOS JEREISSATI (AEROPORTO);;;0;AL?çA DE ACESSO;Queda;;;;Meio de Quadra;;;0;1;0;0;0;0;0;0;0;1;0;0;-3,779256000000000;-38,545049000000000
326526;15;6;2017;14:06;743;AV PRS CASTELO BRANCO;AV PASTEUR;;0;;Colis?úo;Luz do Dia;;;Cruz;Sem?íforo;Comercial;0;1;0;0;0;0;0;0;0;1;0;0;-3,711181000000000;-38,558856000000000
326529;15;6;2017;12:49;0;RUA BAR CANINDE;;;28;;Colis?úo;Luz do Dia;;;Meio de Quadra;;;0;1;0;0;0;0;0;0;0;1;0;0;-3,773639000000000;-38,558771000000000
326532;15;6;2017;12:48;0;AV UM (ARVOREDO);;;2371;;Colis?úo;Luz do Dia;;;Meio de Quadra;;;0;1;0;0;0;0;0;0;0;1;0;0;;
326534;15;6;2017;10:33;0;RUA VALPARAISO;;;724;;Colis?úo;Luz do Dia;;;Meio de Quadra;;;0;1;0;0;0;0;0;0;0;1;0;0;-3,843638000000000;-38,526493000000000
326536;15;6;2017;09:56;0;AV BEIRA MAR;;;3200;;Colis?úo;Luz do Dia;;;Meio de Quadra;;;0;1;0;0;0;1;0;0;0;0;0;0;-3,725732000000000;-38,492295000000000
326473;15;6;2017;14:52;0;RUA VIS ICO D20;;;132;;Colis?úo;Luz do Dia;;;Meio de Quadra;;;0;1;0;0;0;0;0;0;0;1;0;0;-3,720100000000000;-38,559322000000000
326461;15;6;2017;16:34;0;AV PERIMETRAL;;;0;;Colis?úo;Luz do Dia;;;Meio de Quadra;;;0;1;0;0;0;0;0;0;0;0;0;0;;
326462;15;6;2017;16:17;0;AV GAL OSORIO DE PAIVA;;;5360;;Colis?úo;Luz do Dia;;;Meio de Quadra;;;0;1;0;0;0;0;0;0;0;1;0;0;-3,804152000000000;-38,601530000000000
326458;15;6;2017;17:11;0;RUA NAPOLEAO QUEZADO;;;419;;Colis?úo;Anoitecer;;;Meio de Quadra;;;0;1;0;0;0;0;0;0;0;1;0;0;-3,777276000000000;-38,567308000000000
326471;15;6;2017;15:08;0;RUA VITAL BRASIL;;;0;;Colis?úo;Luz do Dia;;;Meio de Quadra;;;0;1;0;0;0;0;0;0;0;1;0;0;;