COD_ACIDENTE;DIA;MES;ANO;HORA;INTERSECAO;LOG1;LOG2;LOG3;NUMERO;REFERENCIA;NATUREZA;ILUMINACAO;TEMPO;SUPERFICIEPISTA;TIPOCRUZAMENTO;CONTROLETRAFEGO;USOSOLO;MORTOS;FERIDOS;ILESOS;AUTOMOVEL;ONIBUS;BICICLETA;CAMINHAO;MICROONIBUS;CICLOMOTOR;MOTOCICLETA;TRACAOANIMAL;TREM;LATITUDE;LONGITUDE
326561;15;6;2017;09:08;0;AV GODOFREDO MACIEL;;;5923;;Colis?úo;Luz do Dia;;;Meio de Quadra;;;0;1;0;0;0;0;0;0;0;1;0;0;-3,826493000000000;-38,579506000000000
326562;15;6;2017;07:12;0;RUA CON DE CASTRO;;;0;;Colis?úo;Luz do Dia;;;Meio de Quadra;;;0;1;0;1;0;0;0;0;0;0;0;0;;
326563;15;6;2017;07:07;0;AV RAD JOSE LIMA VERDE;;;1964;;Colis?úo;Luz do Dia;;;Meio de Quadra;;;0;1;0;0;0;0;0;0;0;1;0;0;;
326564;15;6;2017;06:53;10431;RUA 30 DE MAIO D73;RUA RICARDO PONTES;;0;;Colis?úo;Luz do Dia;;;Meio de Quadra;Pare;Residencial;0;1;0;0;0;0;0;0;0;1;0;0;-3,763194000000000;-38,599638000000000
326539;15;6;2017;09:25;0;RUA 107 CJ TUPAN MIRIM;;;0;;Colis?úo;Luz do Dia;;;Meio de Quadra;;;0;2;0;0;0;0;0;0;0;1;0;0;;
326566;15;6;2017;05:31;0;AV ENG LEAL LIMA VERDE (SAPIRANGA/COITE);;;0;;Queda;Amanhecer;;;Meio de Quadra;;;0;1;0;0;0;0;0;0;0;1;0;0;;
326567;15;6;2017;05:21;0;AV JOSE BASTOS;;;0;;Colis?úo;Amanhecer;;;Meio de Quadra;;;0;0;1;1;0;0;0;0;0;0;0;0;;
326568;15;6;2017;00:15;0;AV GAL OSORIO DE PAIVA;;;0;;Colis?úo;;;;Meio de Quadra;;;0;0;1;0;0;0;0;0;0;0;0;0;;
326442;15;6;2017;21:18;0;RUA STO AGOSTINHO D71;;;260;;Colis?úo;;;;Meio de Quadra;;;0;4;0;0;0;0;0;0;0;0;0;0;-3,790558245000000;-38,585900740000000
326443;15;6;2017;20:17;0;RUA AMAZONAS;;;1437;;Queda;;;;Meio de Quadra;;;0;1;0;0;0;0;0;0;0;0;0;0;-3,752131000000000;-38,566006000000000
326445;15;6;2017;19:45;0;AV MOZART PINHEIRO DE LUCENA;;;0;;Colis?úo;;;;Meio de Quadra;;;0;0;1;0;0;0;0;0;0;0;0;0;;
326452;15;6;2017;18:18;0;AV PRS COSTA E SILVA;;;0;;Colis?úo;Anoitecer;;;Meio de Quadra;;;0;1;0;0;0;0;0;0;0;0;0;0;;
326455;15;6;2017;18:04;0;AV PERIMETRAL;;;2590;;Atropelamento;Anoitecer;;;Meio de Quadra;;;0;2;0;0;0;0;0;0;0;1;0;0;;
306270;15;6;2017;14:00;22176;AV ENG HUMBERTO MONTE;AV JOSE BASTOS;;0;;Colis?úo Traseira;Luz do Dia;Bom;Seca;Duplo T;Sem?íforo;Comercial;0;2;0;1;0;0;0;0;0;1;0;0;-3,754966000000000;-38,555455000000000
306272;15;6;2017;15:40;675;AV PASTEUR;RUA CRUZEIRO DO SUL;;0;;Colis?úo Traseira;Luz do Dia;Bom;Seca;Cruz;Pare;Residencial;0;2;0;0;0;0;0;0;0;1;0;0;;
306274;15;6;2017;20:40;0;AV PRS COSTA E SILVA;;;60;;Colis?úo Traseira;Via Iluminada;Bom;Seca;Outros;Sem?íforo Intermitente;Residencial;0;2;0;1;0;0;0;0;0;0;0;0;-3,828555100000000;-38,531097800000000
306276;15;6;2017;09:30;0;AV JOSE BASTOS;;;5107;;Colis?úo Lateral;Luz do Dia;Bom;Seca;Meio de Quadra;Sem?íforo;Comercial;0;1;0;1;0;0;0;0;0;0;0;0;-3,757774000000000;-38,562297000000000
306277;15;6;2017;10:00;0;AV ENG HUMBERTO MONTE;;;1484;;Colis?úo Lateral;Luz do Dia;Bom;Seca;Meio de Quadra;Sem?íforo;Residencial;0;2;0;1;0;0;0;0;0;0;0;0;-3,747167000000000;-38,562091000000000
306279;15;6;2017;14:30;23749;RUA CON DE CASTRO;RUA LINS DO REGO;;0;;Colis?úo Traseira;Luz do Dia;Bom;Seca;T;Outros;Residencial;0;2;0;1;0;0;0;0;0;1;0;0;-3,785389000000000;-38,573794000000000
306280;15;6;2017;15:15;0;AV JOR THOMAZ COELHO;;;2880;;Colis?úo Traseira;Luz do Dia;Bom;Seca;Meio de Quadra;;Residencial;0;2;1;1;0;0;0;0;0;0;0;0;-3,828589000000000;-38,520747000000000
306282;15;6;2017;20:00;0;RUA JOAO CORDEIRO;;;739;;Colis?úo Lateral;Via Iluminada;Bom;Seca;Meio de Quadra;N?úo H?í Controle;Residencial;0;2;0;1;1;0;0;0;0;0;0;0;-3,726872000000000;-38,513533000000000
309573;15;6;2017;10:00;0;RUA 62 CJ JOSE WALTER;;;90;;Colis?úo Traseira;Luz do Dia;Bom;Seca;T;Pare;Comercial;0;0;2;1;0;0;0;0;0;0;0;0;-3,837364200000000;-38,558640000000000
309525;15;6;2017;05:30;0;RUA GAL TERTULIANO POTYGUARA;;;1064;;Choque c/ Obst?ículo Fixo;Amanhecer;Bom;Seca;Meio de Quadra;N?úo H?í Controle;Comercial;0;0;1;0;0;0;0;0;0;0;0;0;-3,744909500000000;-38,495300000000000
309526;15;6;2017;05:55;0;AV BEZERRA DE MENEZES;;;2461;;Colis?úo Transversal;Luz do Dia;Bom;Seca;Meio de Quadra;Sem?íforo;Comercial;0;0;2;1;1;0;0;0;0;0;0;0;-3,736463000000000;-38,567787000000000
309527;15;6;2017;10:45;5450;RUA ANTONIO POMPEU;RUA MAJ FACUNDO;;0;IJF;Colis?úo Transversal;Luz do Dia;Bom;Seca;Cruz;Pare;Comercial;0;0;2;1;0;0;0;0;0;0;0;0;-3,734991000000000;-38,530240000000000
309528;15;6;2017;12:00;0;AV DES GONZAGA;;;402;;Choque c/ Obst?ículo Fixo;Luz do Dia;Bom;Seca;Meio de Quadra;N?úo H?í Controle;Comercial;0;0;1;1;0;0;0;0;0;0;0;0;-3,790602700000000;-38,502846000000000
309529;15;6;2017;15:10;1447;AV DES MOREIRA;RUA TORRES CAMARA;;0;;Colis?úo Traseira;Luz do Dia;Bom;Seca;Meio de Quadra;Sem?íforo;Comercial;0;0;2;1;0;0;0;0;0;0;0;0;-3,727166200000000;-38,495075000000000
309530;15;6;2017;18:00;0;AV DR SILAS MUNGUBA;;;2673;;Colis?úo Lateral;Via Iluminada;Bom;Seca;Meio de Quadra;Sem?íforo;Residencial;0;0;2;1;0;0;0;0;0;0;0;0;-3,786695500000000;-38,549633000000000
309531;15;6;2017;20:18;0;AV PRS COSTA E SILVA;;;2403;;Colis?úo Traseira;Anoitecer;Bom;Seca;Outros;Sem?íforo;Comercial;0;0;1;0;1;0;0;0;0;1;0;0;-3,819765600000000;-38,560997000000000
309532;15;6;2017;19:30;9131;AV 13 DE MAIO;AV LUCIANO CARNEIRO;;0;;Colis?úo Traseira;Via Iluminada;Bom;Seca;Cruz;Sem?íforo;Comercial;0;0;2;1;0;0;0;0;0;0;0;0;-3,747842600000000;-38,531350000000000
309533;15;6;2017;20:16;0;RUA GAL BERNARDO FIGUEIREDO;;;2708;;Colis?úo Lateral;Via Iluminada;Bom;Seca;Meio de Quadra;Pare;Residencial;0;1;1;1;0;0;0;0;0;1;0;0;-3,741703700000000;-38,561775000000000
309833;15;6;2017;10:37;0;RUA 107 PQ DOIS IRMAOS;RUA 126 PQ DOIS IRMAOS;;0;;Colis?úo Transversal;Luz do Dia;Bom;Seca;Cruz;N?úo H?í Controle;Residencial;0;1;1;0;0;0;0;0;0;1;0;0;-3,800199000000000;-38,545800000000000
309534;16;6;2017;06:49;0;RUA NEREU RAMOS;;;90;;Colis?úo;Amanhecer;Nublado;Molhada;Meio de Quadra;Pare;Residencial;0;2;0;0;0;0;0;0;0;1;0;0;-3,786858600000000;-38,567870000000000
309535;16;6;2017;06:59;5709;AV DES GONZAGA;AV OLIVEIRA PAIVA;;0;;Colis?úo Transversal;Luz do Dia;Bom;Seca;Cruz;Sem?íforo;Comercial;0;1;1;1;0;0;0;0;0;1;0;0;-3,797322300000000;-38,499718000000000
309536;16;6;2017;06:40;7848;RUA JOSE VILAR;RUA MARCONDES PEREIRA;;0;;Colis?úo Transversal;Luz do Dia;Bom;Seca;Cruz;Pare;Residencial;0;0;2;1;0;0;0;0;0;0;0;0;-3,748768300000000;-38,508873000000000
309538;16;6;2017;07:14;22979;RUA FRE ALEMAO;RUA MAD ELISA BALDO;;0;;Colis?úo Lateral;Luz do Dia;Bom;Seca;Cruz;Pare;Comercial;0;1;1;1;0;0;0;0;0;1;0;0;-3,785808300000000;-38,544030000000000
309539;16;6;2017;06:35;19611;RUA NEREU RAMOS;AV GODOFREDO MACIEL;;0;;Colis?úo Traseira;Amanhecer;Nublado;Molhada;T;Sem?íforo;Comercial;0;0;2;1;0;0;0;0;0;0;0;0;-3,787111800000000;-38,567184000000000
309540;16;6;2017;08:39;0;RUA MARIA TOMASIA;;;72;;Colis?úo Lateral;Luz do Dia;Nublado;Seca;Meio de Quadra;N?úo H?í Controle;Residencial;0;0;2;1;0;0;0;0;0;0;0;0;-3,734213000000000;-38,501360000000000
309541;16;6;2017;10:57;24542;AV MOZART PINHEIRO DE LUCENA;RUA DR QUIXADA FELICIO;;0;;Colis?úo Transversal;Luz do Dia;Bom;Seca;T;Pare;Residencial;0;1;0;0;0;0;0;0;0;1;0;0;-3,710569600000000;-38,593456000000000
309542;16;6;2017;12:51;0;RUA JOR ANTONIO P TAVARES;;;900;;Colis?úo Lateral;Luz do Dia;Bom;Molhada;Meio de Quadra;N?úo H?í Controle;Residencial;0;1;1;1;0;0;0;0;0;1;0;0;-3,813572000000000;-38,507557000000000
309544;16;6;2017;13:51;5234;RUA NOGUEIRA ACIOLI;RUA PEREIRA FILGUEIRAS;;0;;Colis?úo Transversal;Luz do Dia;Bom;Seca;Cruz;Pare;Comercial;0;0;2;1;0;0;0;0;0;0;0;0;-3,727365000000000;-38,516026000000000
309545;16;6;2017;13:57;0;RUA CARLOS VASCONCELOS;;;1856;;Colis?úo Traseira;Luz do Dia;Bom;Seca;Meio de Quadra;N?úo H?í Controle;Comercial;0;0;2;1;0;0;0;0;0;0;0;0;-3,737871400000000;-38,512320000000000
309546;16;6;2017;14:00;26209;AV CHANC EDSON QUEIROZ;AV ROGACIANO LEITE;;0;;Colis?úo Traseira;Luz do Dia;Bom;Seca;T;Sem?íforo;Residencial;0;0;3;1;0;0;0;0;0;0;0;0;-3,764408000000000;-38,494656000000000
309547;16;6;2017;14:40;9227;RUA JAIME BENEVOLO;RUA MARIO MAMEDE;;0;;Engavetamento;Luz do Dia;Bom;Seca;Cruz;Sem?íforo;Residencial;0;0;3;1;0;0;0;0;0;0;0;0;-3,749143400000000;-38,531410000000000
309548;16;6;2017;13:51;0;RUA RIO TOCANTINS;;;359;;Colis?úo Frontal;Luz do Dia;Bom;Seca;Meio de Quadra;N?úo H?í Controle;Residencial;0;0;2;1;0;0;0;0;0;1;0;0;-3,719771000000000;-38,580900000000000
309549;16;6;2017;14:45;0;AV GODOFREDO MACIEL;;;0;LAGOA DA MARAPONGA;Colis?úo Lateral;Luz do Dia;Bom;Seca;Meio de Quadra;N?úo H?í Controle;Comercial;0;1;1;1;0;0;0;0;0;1;0;0;-3,787720200000000;-38,566853000000000
309550;16;6;2017;13:41;0;AV GAL OSORIO DE PAIVA;;;4642;;Colis?úo Traseira;Luz do Dia;Bom;Seca;Meio de Quadra;Sem?íforo;Comercial;0;0;2;1;0;0;0;0;0;0;0;0;-3,799440100000000;-38,597134000000000
309551;16;6;2017;16:33;0;RUA BAR SOBRAL;;;885;;Colis?úo Traseira;Luz do Dia;Bom;Seca;Meio de Quadra;Sem?íforo;Comercial;0;1;1;1;0;0;0;0;0;1;0;0;-3,765534600000000;-38,556990000000000
309552;16;6;2017;16:39;22158;AV JOSE BASTOS;RUA GUSTAVO BRAGA;;0;;Colis?úo Traseira;Luz do Dia;Bom;Seca;T;Sem?íforo;Comercial;0;0;2;1;0;0;0;0;0;0;0;0;-3,751639000000000;-38,552040000000000
309553;16;6;2017;21:54;0;AV OLIVEIRA PAIVA;;;444;;Colis?úo Traseira;Anoitecer;Bom;Seca;Outros;N?úo H?í Controle;Comercial;0;0;2;1;0;0;0;0;0;0;0;0;-3,797740500000000;-38,501380000000000
309554;16;6;2017;02:37;5711;RUA CHICO LEMOS;AV OLIVEIRA PAIVA;;0;;Colis?úo Transversal;Via Iluminada;Bom;Seca;Cruz;Sem?íforo;Comercial;0;0;2;1;0;0;0;0;0;0;0;0;-3,795864800000000;-38,497000000000000
309632;16;6;2017;23:47;14967;AV GODOFREDO MACIEL;RUA JULIO ALCIDES;;0;;Colis?úo Traseira;Via Iluminada;Bom;Seca;Meio de Quadra;Sem?íforo;Comercial;0;0;2;1;0;0;0;0;0;0;0;0;-3,787865600000000;-38,566513000000000
306283;16;6;2017;18:15;0;AV HEROIS DO ACRE;;;0;;Colis?úo;Via Iluminada;Bom;Seca;Meio de Quadra;Pare;Residencial;0;2;0;1;0;1;0;0;0;0;0;0;;
306284;16;6;2017;18:30;25096;RUA RODRIGUES JUNIOR;RUA ROCHA LIMA;;0;;Colis?úo Lateral;Anoitecer;Bom;Seca;Cruz;Pare;Comercial;0;2;0;1;0;0;0;0;0;0;0;0;-3,736320000000000;-38,522475000000000
306286;16;6;2017;15:30;0;AV DUQ CAXIAS;;;465;;Colis?úo Traseira;Luz do Dia;Bom;Seca;Meio de Quadra;Pare;Comercial;0;1;0;0;1;0;0;0;0;0;0;0;-3,732188000000000;-38,528653000000000
306287;16;6;2017;13:00;9132;AV 13 DE MAIO;RUA JAIME BENEVOLO;;0;;Colis?úo Traseira;Luz do Dia;Bom;Seca;Cruz;Sem?íforo;Comercial;0;2;0;1;0;0;0;0;0;1;0;0;-3,748122000000000;-38,530741000000000
306288;16;6;2017;09:20;0;AV JOSE BASTOS;;;2854;;Colis?úo Traseira;Luz do Dia;Bom;Seca;Meio de Quadra;Sem?íforo Intermitente;Comercial;0;2;0;0;0;0;0;0;0;1;0;0;-3,745768000000000;-38,546194000000000
306289;16;6;2017;16:05;0;RUA AMAZONAS;;;965;;Colis?úo Lateral;Luz do Dia;Bom;Seca;;;;0;2;0;1;0;0;0;0;0;0;0;0;;
306293;16;6;2017;14:50;0;AV LUCIANO CARNEIRO;;;841;;Engavetamento;Luz do Dia;Bom;Seca;Meio de Quadra;N?úo H?í Controle;Comercial;0;2;1;1;0;0;0;0;0;0;0;0;-3,754760000000000;-38,533580000000000
306294;16;6;2017;00:30;15399;AV FRE CIRILO;RUA ALMEIDA REGO;;0;;Colis?úo Transversal;Via Iluminada;Bom;Seca;T;Sem?íforo Intermitente;Comercial;0;2;0;1;0;0;0;0;0;1;0;0;-3,814967000000000;-38,498444000000000
306295;16;6;2017;15:55;19730;RUA CRUZ SALDANHA;RUA DOM MANUEL DE MEDEIROS;;0;;Colis?úo Transversal;Luz do Dia;Bom;Seca;Cruz;Pare;Residencial;0;2;0;1;0;0;0;0;0;1;0;0;-3,736980000000000;-38,553612000000000
306296;16;6;2017;03:00;19713;RUA DOM LINO;RUA AZEVEDO BOLAO;;0;;Colis?úo Lateral;Via Iluminada;Chuva;Molhada;Cruz;Pare;Residencial;0;2;0;1;0;0;0;0;0;1;0;0;-3,736529000000000;-38,557088000000000
326440;16;6;2017;13:46;0;AV SANTOS DUMONT;;;6997;;Colis?úo;Luz do Dia;;;Meio de Quadra;;;0;1;0;0;0;0;0;0;0;0;0;0;-3,745414000000000;-38,469927000000000
326436;16;6;2017;12:23;0;AV L CJ CEARA;;;12;;Colis?úo;Luz do Dia;;;Meio de Quadra;;;0;1;1;1;0;0;0;0;0;1;0;0;;
326437;16;6;2017;13:30;0;RD BR 116;;;0;;Atropelamento;Luz do Dia;;;Meio de Quadra;;;0;1;1;1;0;0;0;0;0;0;0;0;;
326422;16;6;2017;07:02;0;AV MOZART PINHEIRO DE LUCENA;;;2274;;Colis?úo;Luz do Dia;;;Meio de Quadra;;;0;1;1;1;0;0;0;0;0;1;0;0;-3,722930000000000;-38,597049000000000
326418;16;6;2017;06:31;0;AV PERIMETRAL;;;5479;;Colis?úo;Luz do Dia;;;Meio de Quadra;;;0;1;1;1;0;0;0;0;0;1;0;0;;
326420;16;6;2017;06:48;0;RUA BATISTA DE OLIVEIRA;;;920;;Colis?úo;Luz do Dia;;;Meio de Quadra;;;0;1;0;0;0;0;0;0;0;0;0;0;-3,745632900000000;-38,481830603000000
326431;16;6;2017;10:10;0;AV SANTOS DUMONT;;;1261;;Colis?úo;Luz do Dia;;;Meio de Quadra;;;0;1;0;0;0;0;0;0;0;0;0;0;-3,731590000000000;-38,512590000000000
326434;16;6;2017;11:54;0;AV PERIMETRAL;;;332;;Colis?úo;Luz do Dia;;;Meio de Quadra;;;0;1;1;1;0;0;0;0;0;1;0;0;;
326416;16;6;2017;02:28;0;RUA RAIMUNDO ARISTIDES;;;456;;Queda;;;;Meio de Quadra;;;0;1;0;0;0;1;0;0;0;0;0;0;-3,819309000000000;-38,590389000000000
326533;16;6;2017;20:54;0;AV DOMINGOS OLIMPIO;;;227;;Queda;;;;Meio de Quadra;;;0;1;0;0;0;1;0;0;0;0;0;0;-3,737922000000000;-38,526796000000000
326527;16;6;2017;18:02;0;RUA MARIA GOMES DE SA;;;0;;Queda;Anoitecer;;;Meio de Quadra;;;0;1;0;0;0;0;0;0;0;1;0;0;;
326528;16;6;2017;18:19;0;AV HEROIS DO ACRE;;;1001;;Colis?úo;Anoitecer;;;Meio de Quadra;;;0;1;0;0;0;0;0;0;0;0;0;0;-3,803155000000000;-38,537849000000000
326524;16;6;2017;17:30;0;RUA NUNES FEIJO;;;1506;;Atropelamento;Anoitecer;;;Meio de Quadra;;;0;1;0;0;0;0;0;0;0;1;0;0;-3,845990000000000;-38,507719000000000
326525;16;6;2017;17:34;1230;RUA COSTA BARROS;RUA BAR ARACATI;;0;;Colis?úo;Anoitecer;;;Cruz;Pare;Comercial;0;1;1;1;0;0;0;0;0;1;0;0;-3,730488000000000;-38,511153000000000
325223;16;6;2017;08:00;0;RD CE-040;;;4650;KM-05;Colis?úo;Luz do Dia;;Seca;Meio de Quadra;;;0;1;1;1;0;0;0;0;0;1;0;0;-3,799991400000000;-38,479839600000000
325227;16;6;2017;19:00;0;RD CE-060;;;0;KM-03;Atropelamento de Animal;Via Iluminada;;Seca;Meio de Quadra;;;0;1;0;0;0;0;0;0;0;1;0;0;-3,843038000000000;-38,585133000000000
325229;16;6;2017;05:45;0;AV MIN JOSE AMERICO;;;1000;;Colis?úo;Amanhecer;;Molhada;Meio de Quadra;;;0;0;2;0;0;0;0;0;0;0;0;0;-3,809107800000000;-38,490601700000000
325232;17;6;2017;22:20;0;AV SEN CARLOS JEREISSATI (AEROPORTO);;;0;KM 01;Colis?úo;Via Iluminada;;Seca;Meio de Quadra;;;0;1;1;1;0;0;0;0;0;0;0;0;-3,783753000000000;-38,526850000000000
325233;17;6;2017;18:00;0;AV MAE LISBOA;;;2000;;Colis?úo;Anoitecer;;Seca;Meio de Quadra;;;0;0;3;1;0;0;0;0;0;0;0;0;-3,807637342000000;-38,460647778000000
298172;17;6;2017;22:30;0;AV MR HULL;;;3835;COL?ëGIO DA POL?ìCIA MILITAR;Atropelamento;;;;Meio de Quadra;;;1;0;1;1;0;0;0;0;0;0;0;0;-3,737822000000000;-38,578514000000000
325864;17;6;2017;20:50;0;RD BR 222;;;500;KM-01;Colis?úo Traseira;N?úo Informado;;Seca;Meio de Quadra;;;0;1;1;0;1;0;0;0;0;1;0;0;;
306207;17;6;2017;20:00;0;RUA VERBENA;;;475;;Queda;;;;Meio de Quadra;;;0;1;0;0;0;0;0;0;0;1;0;0;-3,780387000000000;-38,588573000000000
306201;17;6;2017;08:40;11455;RUA CASTRO DE ALENCAR;AV PLACIDO CASTELO;;0;;Colis?úo Transversal;Luz do Dia;;;;;;0;0;2;1;0;0;0;0;0;0;0;0;-3,782123000000000;-38,505899000000000
306205;17;6;2017;13:30;15137;AV MON TABOSA;RUA ILDEFONSO ALBANO;;0;;Colis?úo Transversal;Luz do Dia;;;Cruz;Sem?íforo;Comercial;0;0;2;1;0;0;0;0;0;1;0;0;-3,724155000000000;-38,510333000000000
306175;17;6;2017;01:20;5396;RUA GAL CLARINDO DE QUEIROZ;RUA SEN POMPEU;;0;;Colis?úo Lateral;;;;Cruz;Sem?íforo;Comercial;0;1;1;0;0;0;0;0;0;1;0;0;-3,732353000000000;-38,531279000000000
306197;17;6;2017;16:10;13285;AV J CJ JOSE WALTER;AV G CJ JOSE WALTER;;0;;Colis?úo Transversal;Luz do Dia;;;;;;0;1;1;1;0;0;0;0;0;1;0;0;-3,838159000000000;-38,557818000000000
320779;17;6;2017;10:38;0;RUA JOSE ARAGAO;;;20;;Colis?úo;Luz do Dia;;;Meio de Quadra;;;0;2;0;0;0;0;0;0;0;0;0;0;;
320773;17;6;2017;00:29;0;RUA FERNAO MAGALHAES;;;505;;Colis?úo;;;;Meio de Quadra;;;0;1;0;0;0;0;0;0;0;0;0;0;-3,751348000000000;-38,571567000000000
320774;17;6;2017;06:43;0;AV PERIMETRAL;;;2329;;Queda;Luz do Dia;;;Meio de Quadra;;;0;1;0;0;0;0;0;0;0;1;0;0;;
320775;17;6;2017;07:40;7479;AV ALBERTO CRAVEIRO;RUA PEDRO DANTAS;;0;;Colis?úo;Luz do Dia;;;T;Sem?íforo;Comercial;0;1;1;1;0;0;0;0;0;1;0;0;-3,786753000000000;-38,517220000000000
320776;17;6;2017;08:58;0;RUA MIGUEL GURGEL;;;0;;Queda;Luz do Dia;;;Meio de Quadra;;;0;1;0;0;0;0;0;0;0;1;0;0;;
320777;17;6;2017;09:18;2431;RUA ESTEVAO DE CAMPOS;RUA JERONIMO ALBUQUERQUE;;0;;Colis?úo;Luz do Dia;;;Cruz;Pare;Misto;0;1;1;1;0;0;0;0;0;1;0;0;-3,706713000000000;-38,576292000000000
320812;17;6;2017;18:39;0;RUA VINTE E QUATRO DE MAIO;;;771;;Colis?úo;;;;Meio de Quadra;;;0;1;1;1;0;0;0;0;0;1;0;0;-3,728626000000000;-38,532561000000000
320813;17;6;2017;19:18;0;RUA MONTE PASCOAL;;;246;;Colis?úo;;;;Meio de Quadra;;;0;1;1;1;0;0;0;0;0;1;0;0;-3,804929500000000;-38,599538700000000
320810;17;6;2017;18:36;0;RUA JOSE HIPOLITO;;;0;;Colis?úo;;;;Meio de Quadra;;;0;1;1;1;0;0;0;0;0;1;0;0;;
320807;17;6;2017;17:00;0;AV CONTORNO SUL;;;0;;Colis?úo;Anoitecer;;;Meio de Quadra;;;0;1;1;0;0;0;0;0;0;1;0;0;;
320808;17;6;2017;18:29;0;RUA 23 DE JUNHO;;;2165;;Colis?úo;Anoitecer;;;Meio de Quadra;;;0;1;0;0;0;0;0;0;0;0;0;0;-3,781387000000000;-38,610076000000000
320781;17;6;2017;12:01;5394;RUA METON DE ALENCAR;AV TRISTAO GONCALVES;;0;;Colis?úo;Luz do Dia;;;Cruz;Sem?íforo;Comercial;0;1;1;1;0;0;0;0;0;1;0;0;-3,732327000000000;-38,534777000000000
320797;17;6;2017;13:30;0;RUA RIO VENTURA;;;1304;;Colis?úo;Luz do Dia;;;Meio de Quadra;;;0;1;1;1;0;0;0;0;0;1;0;0;;
320798;17;6;2017;13:37;10143;RUA VALDEMAR PAES;RUA JOAO VINTE TRES;;0;;Colis?úo;Luz do Dia;;;;;;0;1;1;0;0;0;0;0;0;1;0;0;-3,787910000000000;-38,600100000000000
320799;17;6;2017;15:40;0;AV GODOFREDO MACIEL;;;14;;Colis?úo;Luz do Dia;;;Meio de Quadra;;;0;1;1;1;0;0;0;0;0;1;0;0;-3,798249900000000;-38,570728300000000
320800;17;6;2017;15:54;0;RUA 448 CJ CEARA;;;161;;Colis?úo;Luz do Dia;;;Meio de Quadra;;;0;1;1;1;0;0;0;0;0;1;0;0;-3,762223000000000;-38,606477000000000
320801;17;6;2017;16:18;0;AV GODOFREDO MACIEL;;;5177;;Atropelamento;Luz do Dia;;;Meio de Quadra;;;0;1;1;0;0;0;0;0;0;1;0;0;-3,819789000000000;-38,577191000000000
320802;17;6;2017;16:21;0;RD BR 116;;;9000;KM-09;Colis?úo;Luz do Dia;;;Meio de Quadra;;;0;1;1;1;0;0;0;0;0;1;0;0;-3,830837000000000;-38,504865000000000
320788;17;6;2017;12:31;0;AV PRO GOMES DE MATOS;;;1184;;Colis?úo;Luz do Dia;;;Meio de Quadra;;;0;1;1;1;0;0;0;0;0;1;0;0;-3,762873000000000;-38,547083000000000
320789;17;6;2017;13:07;0;AV CARNEIRO DE MENDONCA;;;400;;Colis?úo;Luz do Dia;;;Meio de Quadra;;;0;1;1;1;0;0;0;0;0;1;0;0;-3,765659900000000;-38,563002000000000
320790;17;6;2017;13:08;5219;RUA LIBERATO BARROSO;AV TRISTAO GONCALVES;;0;;Colis?úo;Luz do Dia;;;Cruz;Sem?íforo;Comercial;0;1;1;1;0;0;0;0;0;1;0;0;-3,726826000000000;-38,533116000000000
320791;17;6;2017;13:11;0;AV GAL OSORIO DE PAIVA;;;1127;;Atropelamento;Luz do Dia;;;Meio de Quadra;;;0;1;0;0;0;0;0;0;0;0;0;0;-3,779151000000000;-38,572090000000000
320804;17;6;2017;16:37;0;AV G CJ CEARA;;;1674;;Colis?úo;Luz do Dia;;;Meio de Quadra;;;0;1;1;1;0;0;0;0;0;1;0;0;;
320817;17;6;2017;20:44;0;AV WASHINGTON SOARES;;;0;;Atropelamento;;;;Meio de Quadra;;;0;1;1;0;0;0;0;0;0;1;0;0;;
320818;17;6;2017;20:52;0;TERM TERMINAL DO ANTONIO BEZERRA;;;0;;Colis?úo;;;;Meio de Quadra;;;0;1;1;1;0;0;0;0;0;1;0;0;;
320819;17;6;2017;21:32;0;RUA ITATIAIA;;;995;;Colis?úo;;;;Meio de Quadra;;;0;1;0;0;0;0;0;0;0;0;0;0;;
320829;17;6;2017;23:16;0;RUA CEL MATOS DOURADO;;;385;;Atropelamento;;;;Meio de Quadra;;;0;2;0;0;0;0;0;0;0;1;0;0;-3,742285000000000;-38,585111000000000
320830;17;6;2017;23:23;0;AV PERIMETRAL;;;1674;;Queda;;;;Meio de Quadra;;;0;1;0;0;0;0;0;0;0;1;0;0;;
320826;17;6;2017;22:59;0;AV J CJ CEARA;;;2954;;Colis?úo;;;;Meio de Quadra;;;0;1;1;0;0;0;0;0;0;1;0;0;-3,774063000000000;-38,619897000000000
320827;17;6;2017;23:03;0;AV PRS COSTA E SILVA;;;1064;;Queda;;;;Meio de Quadra;;;0;1;0;0;0;0;0;0;0;1;0;0;-3,813656000000000;-38,570012000000000
309564;17;6;2017;22:09;0;AV DES GONZAGA;;;597;;Colis?úo Transversal;Via Iluminada;Bom;Seca;Cruz;Pare;Comercial;0;0;2;1;0;0;0;0;0;0;0;0;-3,796021700000000;-38,500492000000000
309570;17;6;2017;18:20;0;RUA JOSE ADAIL DOS SANTOS;;;70;;Colis?úo Lateral;Anoitecer;Bom;Seca;Meio de Quadra;N?úo H?í Controle;Residencial;0;0;2;1;0;0;0;0;0;0;0;0;-3,735734200000000;-38,568090000000000
309555;17;6;2017;09:07;3769;AV DOMINGOS OLIMPIO;RUA SEN POMPEU;;0;;Colis?úo Traseira;Luz do Dia;Bom;Seca;Cruz;Sem?íforo;Comercial;0;0;2;1;1;0;0;0;0;0;0;0;-3,736130200000000;-38,532630000000000