COD_ACIDENTE;DIA;MES;ANO;HORA;INTERSECAO;LOG1;LOG2;LOG3;NUMERO;REFERENCIA;NATUREZA;ILUMINACAO;TEMPO;SUPERFICIEPISTA;TIPOCRUZAMENTO;CONTROLETRAFEGO;USOSOLO;MORTOS;FERIDOS;ILESOS;AUTOMOVEL;ONIBUS;BICICLETA;CAMINHAO;MICROONIBUS;CICLOMOTOR;MOTOCICLETA;TRACAOANIMAL;TREM;LATITUDE;LONGITUDE
309556;17;6;2017;09:50;0;AV TRISTAO GONCALVES;;;812;;Colis?úo Lateral;Luz do Dia;Bom;Seca;Meio de Quadra;N?úo H?í Controle;Comercial;0;0;2;1;1;0;0;0;0;0;0;0;-3,728893000000000;-38,533714000000000
309557;17;6;2017;09:55;17359;AV PRO GOMES DE MATOS;RUA IRM BAZET;;0;;Colis?úo Traseira;Luz do Dia;Bom;Seca;Cruz;Pare;Comercial;0;0;2;0;0;0;0;0;0;0;0;0;-3,766065400000000;-38,549660000000000
309558;17;6;2017;14:52;18491;RUA EDGAR FALCAO;RUA TEN MARQUES;;0;;Colis?úo Transversal;Luz do Dia;Bom;Seca;Cruz;Pare;Residencial;0;0;2;1;0;0;0;0;0;0;0;0;-3,732641000000000;-38,573670000000000
309559;17;6;2017;15:25;19328;RUA EDUARDO PERDIGAO;RUA CON DE CASTRO;;0;;Colis?úo Transversal;Luz do Dia;Bom;Seca;Cruz;Pare;Comercial;0;0;2;1;0;0;0;0;0;0;0;0;-3,775700300000000;-38,564710000000000
309560;17;6;2017;15:30;0;RUA DR JOSE LOURENCO;;;2936;;Colis?úo Traseira;Luz do Dia;Bom;Seca;Meio de Quadra;N?úo H?í Controle;Residencial;0;0;1;1;0;0;0;0;0;0;0;0;-3,749287800000000;-38,512478000000000
309561;17;6;2017;16:49;0;AV JOR THOMAZ COELHO;;;575;;Colis?úo Frontal;Luz do Dia;Bom;Seca;Meio de Quadra;N?úo H?í Controle;Comercial;0;0;2;1;0;0;0;0;0;0;0;0;-3,832424000000000;-38,500023000000000
309562;17;6;2017;16:51;10981;RUA EQUADOR;RUA BOGARI;;0;;Colis?úo Traseira;Luz do Dia;Bom;Seca;Cruz;Pare;Comercial;0;0;2;1;0;0;0;0;0;0;0;0;-3,774466800000000;-38,552437000000000
309695;17;6;2017;14:46;11668;RUA PRO HERIBALDO COSTA;RUA CACILDA BECKER;;0;;Colis?úo Lateral;Luz do Dia;Nublado;Seca;Cruz;Pare;Comercial;0;0;2;1;0;0;0;0;0;0;0;0;-3,770715000000000;-38,589464000000000
309987;18;6;2017;19:31;0;AV ABOLICAO;;;0;;Colis?úo Lateral;Via Iluminada;Bom;Seca;Meio de Quadra;Sem?íforo;Comercial;0;0;2;1;0;0;0;0;0;0;0;0;-3,727445000000000;-38,495020000000000
309571;18;6;2017;20:24;7576;RUA XII UI 611;AV DR SILAS MUNGUBA;;0;;Colis?úo Lateral;Via Iluminada;Chuva;Molhada;T;Pare;Comercial;0;0;2;1;0;0;0;0;0;0;0;0;-3,794622000000000;-38,533413000000000
309572;18;6;2017;23:01;7694;RUA RIO GRANDE DO NORTE;RUA RIO GRANDE DO SUL;;0;;Colis?úo Transversal;Via Iluminada;Nublado;Molhada;Cruz;Pare;Comercial;0;0;2;1;0;0;0;0;0;0;0;0;-3,758673000000000;-38,567524000000000
309565;18;6;2017;03:42;0;AV ENG SANTANA JUNIOR;;;5000;;Capotamento;Via Iluminada;Bom;Seca;Outros;N?úo H?í Controle;Comercial;0;0;0;1;0;0;0;0;0;0;0;0;-3,750679300000000;-38,490295000000000
309566;18;6;2017;07:25;8954;AV DOMINGOS OLIMPIO;RUA DOM JERONIMO D06;;0;;Colis?úo Lateral;Luz do Dia;Bom;Seca;Cruz;Pare;Residencial;0;0;2;1;0;0;0;0;0;0;0;0;-3,733017000000000;-38,543495000000000
309567;18;6;2017;08:05;0;AV GOV RAUL BARBOSA;;;1100;;Colis?úo Lateral;Luz do Dia;Bom;Seca;Meio de Quadra;N?úo H?í Controle;Comercial;0;0;2;1;0;0;0;0;0;0;0;0;-3,761165100000000;-38,506058000000000
309568;18;6;2017;10:14;0;AV BEZERRA DE MENEZES;;;19;;Colis?úo Traseira;Luz do Dia;Bom;Seca;Meio de Quadra;Sem?íforo;Comercial;0;1;1;0;0;0;0;0;0;1;0;0;-3,731743600000000;-38,545036000000000
309569;18;6;2017;19:23;0;RUA PORTO VELHO;;;440;;Colis?úo Traseira;Via Iluminada;Bom;Seca;T;N?úo H?í Controle;Residencial;0;0;2;1;0;0;0;0;0;0;0;0;-3,767069300000000;-38,584900000000000
304309;18;6;2017;17:00;5553;AV CASTANHOLEIRAS;AL TULIPAS;;0;;Atropelamento;Anoitecer;;;;;;1;0;1;1;0;0;0;0;0;0;0;0;-3,752994000000000;-38,468510000000000
320854;18;6;2017;10:18;0;RUA BALDUINO FREIRE;;;991;;Atropelamento;Luz do Dia;;;Meio de Quadra;;;0;1;1;1;0;0;0;0;0;0;0;0;-3,735167341000000;-38,583893824000000
320855;18;6;2017;10:56;14067;RUA SAPICUA D64;RUA JILO (5713 D64);;0;;Colis?úo;Luz do Dia;;;;;;0;1;1;0;0;0;0;0;0;1;0;0;-3,819341000000000;-38,457354000000000
320847;18;6;2017;06:10;0;RUA JOAQUIM MARTINS;;;919;;Colis?úo;Luz do Dia;;;Meio de Quadra;;;0;1;0;0;0;0;0;0;0;0;0;0;;
320848;18;6;2017;07:38;10059;RUA TEODORO DE CASTRO;RUA TAUBATE;;0;;Colis?úo;Luz do Dia;;;;;;0;1;1;1;0;0;0;0;0;1;0;0;-3,781468000000000;-38,598943000000000
320849;18;6;2017;08:31;5146;RUA GUILHERME ROCHA;RUA PRC ISABEL;;0;;Colis?úo;Luz do Dia;;;Cruz;Pare;Comercial;0;1;1;1;1;0;0;0;0;0;0;0;-3,724720000000000;-38,534931000000000
320834;18;6;2017;00:01;0;RUA JULIO VERNE;;;460;;Queda;;;;Meio de Quadra;;;0;1;0;0;0;0;0;0;0;1;0;0;-3,775140000000000;-38,553707000000000
320835;18;6;2017;00:55;0;AV PERIMETRAL;;;0;;Colis?úo;;;;Meio de Quadra;;;0;1;0;0;0;0;0;0;0;0;0;0;;
320836;18;6;2017;02:11;0;RUA EQUADOR;;;271;;Queda;;;;Meio de Quadra;;;0;1;0;0;0;0;0;0;0;1;0;0;-3,770577400000000;-38,551329500000000
320837;18;6;2017;02:11;0;AV PRS COSTA E SILVA;;;0;;Queda;;;;Meio de Quadra;;;0;1;0;0;0;0;0;0;0;1;0;0;;
320838;18;6;2017;02:25;22849;RUA CON LIMA SUCUPIRA;RUA DR JUSTA ARAUJO D45;;0;;Colis?úo;;;;Cruz;Pare;Misto;0;1;0;0;0;0;0;0;0;0;0;0;-3,778167000000000;-38,550832000000000
320839;18;6;2017;03:50;0;AV OLIVEIRA PAIVA;;;0;;Choque c/ Obst?ículo Fixo;;;;Meio de Quadra;;;0;1;0;1;0;0;0;0;0;0;0;0;;
320840;18;6;2017;04:07;0;RUA RAQUEL FLORENCIO;;;2706;;Queda;;;;Meio de Quadra;;;0;1;0;0;0;0;0;0;0;1;0;0;-3,826683941000000;-38,456091403000000
320841;18;6;2017;05:53;0;AV OLIVEIRA PAIVA;;;444;;Colis?úo;Amanhecer;;;Meio de Quadra;;;0;1;0;0;0;0;0;0;0;0;0;0;-3,797777000000000;-38,501296000000000
320868;18;6;2017;17:20;0;AV GOV RAUL BARBOSA;;;0;;Queda;Anoitecer;;;Meio de Quadra;;;0;2;0;0;0;0;0;0;0;1;0;0;;
320869;18;6;2017;17:37;0;RUA REGINA DE FATIMA;;;3120;;Colis?úo;Anoitecer;;;Meio de Quadra;;;0;1;1;1;0;0;0;0;0;1;0;0;-3,812768000000000;-38,526179000000000
320870;18;6;2017;17:53;0;RUA BERNARDO MANUEL;;;0;;Atropelamento;Anoitecer;;;Meio de Quadra;;;0;2;0;0;0;0;0;0;0;1;0;0;;
320871;18;6;2017;18:10;0;RUA FRANCISCO DE SALES;;;360;;Colis?úo;Anoitecer;;;Meio de Quadra;;;0;1;0;0;0;0;0;0;0;0;0;0;-3,777034000000000;-38,584462000000000
320877;18;6;2017;19:01;0;RUA ACRE;;;297;;Colis?úo;;;;Meio de Quadra;;;0;1;0;0;0;0;0;0;0;0;0;0;-3,757569000000000;-38,563501000000000
320878;18;6;2017;19:02;0;AV GAL OSORIO DE PAIVA;;;0;;Atropelamento;;;;Meio de Quadra;;;0;1;0;0;0;0;0;0;0;0;0;0;;
320879;18;6;2017;19:22;0;AV DEP PAULINO ROCHA;;;0;;Colis?úo;;;;Meio de Quadra;;;0;1;1;0;0;0;0;0;0;1;0;0;;
320896;18;6;2017;21:30;0;AV EDUARDO BRIGIDO MONTEIRO;;;0;;Colis?úo;;;;Meio de Quadra;;;0;1;1;1;1;0;0;0;0;0;0;0;;
320859;18;6;2017;15:48;0;RUA DUAS NACOES;;;1681;;Queda;Luz do Dia;;;Meio de Quadra;;;0;1;0;0;0;0;0;0;0;1;0;0;-3,785011900000000;-38,604216100000000
320898;18;6;2017;21:41;0;AV PERIMETRAL;;;0;;Colis?úo;;;;Meio de Quadra;;;0;1;1;1;0;0;0;0;0;1;0;0;;
320886;18;6;2017;19:32;0;AV DR SILAS MUNGUBA;;;2257;;Queda;;;;Meio de Quadra;;;0;1;0;0;0;0;0;0;0;1;0;0;-3,785826000000000;-38,551254000000000
320887;18;6;2017;21:22;4167;AV FRANCISCO SA;RUA PLACIDO CARVALHO;;0;;Colis?úo;;;;T;N?úo H?í Controle;Industrial;0;1;1;1;0;0;0;0;0;1;0;0;-3,718081000000000;-38,555342000000000
320888;18;6;2017;21:30;0;RUA MARIA JULIA;;;2061;;Colis?úo;;;;Meio de Quadra;;;0;1;0;0;0;0;0;0;0;0;0;0;-3,803667000000000;-38,604161000000000
320902;18;6;2017;22:42;0;AV DOMINGOS OLIMPIO;;;247;;Colis?úo;;;;Meio de Quadra;;;0;1;0;0;0;0;0;0;0;0;0;0;-3,737804000000000;-38,527167000000000
320903;18;6;2017;23:50;0;RUA OSCAR FRANCA;;;189;;Queda;;;;Meio de Quadra;;;0;1;0;0;0;0;0;0;0;1;0;0;-3,793802000000000;-38,593931000000000
306281;18;6;2017;15:40;4006;RUA DES PRAXEDES;RUA EDITE BRAGA;;0;;Colis?úo Transversal;Luz do Dia;Bom;Seca;Cruz;Pare;Misto;0;1;1;1;0;0;0;0;0;1;0;0;-3,760633000000000;-38,547472000000000
298149;18;6;2017;21:30;0;AV WASHINGTON LUIS;;;3000;;Colis?úo Lateral;Via Iluminada;Nublado;Seca;Meio de Quadra;N?úo H?í Controle;Residencial;1;0;1;1;1;0;0;0;0;0;0;0;-3,717503300000000;-38,589712700000000
325235;18;6;2017;07:10;0;AV MAE LISBOA;;;3000;;Colis?úo;Luz do Dia;;Seca;Meio de Quadra;;;0;0;2;1;0;0;0;0;0;1;0;0;-3,805304000000000;-38,446782000000000
306408;18;6;2017;14:00;5146;RUA GUILHERME ROCHA;RUA PRC ISABEL;;0;;Colis?úo Lateral;Luz do Dia;Bom;Seca;Cruz;Pare;Comercial;0;1;1;1;1;0;0;0;0;0;0;0;-3,724720000000000;-38,534931000000000
306411;18;6;2017;16:20;1658;RUA BENI DE CARVALHO;RUA MON CATAO;;0;;Colis?úo Traseira;Luz do Dia;Bom;Seca;Cruz;N?úo Informado;Comercial;0;0;2;1;0;0;0;0;0;0;0;0;-3,746618000000000;-38,493113000000000
306440;18;6;2017;07:15;12818;RUA ALBERTO MAGNO;RUA ANDRE CHAVES;;0;;Colis?úo Lateral;Luz do Dia;Bom;Seca;Cruz;Pare;Comercial;0;0;2;1;0;0;0;0;0;0;0;0;-3,756035000000000;-38,542230000000000
306445;18;6;2017;20:25;22127;RUA GUSTAVO BRAGA;RUA MAJ PEDRO SAMPAIO;;0;;Colis?úo Lateral;Via Iluminada;Chuva;Molhada;Cruz;Pare;Residencial;0;1;1;1;0;0;0;0;0;1;0;0;-3,748479000000000;-38,555389000000000
306446;18;6;2017;22:50;12954;AV PRS COSTA E SILVA;RUA BERNARDO MANUEL;;0;;Colis?úo Lateral;Via Iluminada;Bom;Seca;Cruz;Sem?íforo;Comercial;0;0;2;1;0;0;0;0;0;0;0;0;-3,821079000000000;-38,558276000000000
306451;18;6;2017;21:45;0;RUA JOAO CORDEIRO;;;1268;;Colis?úo Traseira;Via Iluminada;Chuva;Molhada;Meio de Quadra;N?úo H?í Controle;Comercial;0;1;1;1;0;0;0;0;0;1;0;0;-3,731352000000000;-38,514933000000000
306452;18;6;2017;16:00;24913;AV MOZART PINHEIRO DE LUCENA;AV DA INDEPENDENCIA;;0;;Colis?úo Transversal;Via Iluminada;Bom;Seca;Cruz;Sem?íforo;Comercial;0;0;2;1;0;0;0;0;0;0;0;0;-3,724957000000000;-38,597615000000000
306453;18;6;2017;17:00;0;AV DR ALDY MENTOR;;;0;;Atropelamento;N?úo Iluminada;Bom;Seca;Meio de Quadra;;;0;1;1;1;0;0;0;0;0;0;0;0;;
306455;18;6;2017;19:30;0;AV ENG ALBERTO SA;;;450;LA MAISON;Colis?úo Traseira;Via Iluminada;Bom;Seca;Meio de Quadra;;Residencial;0;0;3;1;0;0;0;0;0;0;0;0;-3,734311000000000;-38,476721000000000
306456;18;6;2017;22:00;1445;RUA DES LEITE ALBUQUERQUE;RUA VICENTE LEITE;;0;;Colis?úo Transversal;Via Iluminada;Chuva;Molhada;Cruz;Pare;Residencial;0;0;3;1;0;0;0;0;0;0;0;0;-3,738178000000000;-38,495734000000000
306457;18;6;2017;20:50;4022;AV JOAO PESSOA;RUA OSCAR BEZERRA ARAUJO;;0;;Colis?úo Transversal;Via Iluminada;Bom;Seca;T;Pare;Residencial;0;0;2;1;1;0;0;0;0;0;0;0;-3,761747000000000;-38,557535000000000
325236;19;6;2017;21:30;0;AV MIN JOSE AMERICO;;;2000;;Colis?úo;Via Iluminada;;Seca;Meio de Quadra;;;0;0;2;0;0;0;0;0;0;0;0;0;-3,810393000000000;-38,483622000000000
325237;19;6;2017;07:00;0;AV SEN CARLOS JEREISSATI (AEROPORTO);;;0;KM 03;Colis?úo;Luz do Dia;;Seca;Meio de Quadra;;;0;0;3;1;0;0;0;0;0;0;0;0;-3,779641000000000;-38,544038000000000
325238;19;6;2017;18:40;0;ROD CE 010;;;2000;;Atropelamento;Mal Iluminada;;Seca;Meio de Quadra;;;0;2;1;0;0;0;0;0;0;0;0;0;;
306214;19;6;2017;10:00;24376;RUA JORGE ACURCIO;RUA DOMINGOS JAGUARIBE;;0;;Colis?úo Lateral;Luz do Dia;;;Cruz;Pare;Residencial;0;1;1;1;0;0;0;0;0;1;0;0;-3,766857000000000;-38,532384000000000
306215;19;6;2017;18:19;0;AV GOV RAUL BARBOSA;;;7496;;Colis?úo Lateral;Anoitecer;;;Meio de Quadra;;;0;0;2;1;0;0;0;0;0;0;0;0;-3,777266000000000;-38,513519000000000
306226;19;6;2017;21:50;5295;AV IMPERADOR;RUA PEDRO I;;0;;Colis?úo Lateral;;;;Cruz;Sem?íforo;Comercial;0;0;2;1;0;0;0;0;0;0;0;0;-3,729161000000000;-38,535035000000000
306223;19;6;2017;20:30;0;RUA GAL SILVA JUNIOR;;;281;;Colis?úo Lateral;;;;Meio de Quadra;;;0;0;2;1;0;0;0;0;0;0;0;0;-3,753672000000000;-38,530246000000000
306220;19;6;2017;17:10;9079;RUA LAURO MAIA;RUA BONFIM SOBRINHO;;0;;Colis?úo Transversal;Anoitecer;;;Cruz;Pare;Residencial;0;0;2;1;0;0;0;0;0;1;0;0;-3,750867000000000;-38,522154000000000
306221;19;6;2017;00:30;0;AV ROGACIANO LEITE;;;4000;IGUAUTO;Choque c/ Obst?ículo Fixo;;;;Meio de Quadra;;;0;1;0;1;0;0;0;0;0;0;0;0;-3,778511000000000;-38,501132000000000
306228;19;6;2017;16:30;0;RUA BERNARDO MANUEL;;;10241;;Colis?úo Transversal;Luz do Dia;;;Meio de Quadra;;;0;0;2;1;0;0;1;0;0;0;0;0;-3,808857000000000;-38,554535000000000
306231;19;6;2017;13:38;0;RUA PRO COSTA MENDES;;;1000;;Colis?úo Lateral;Luz do Dia;;;Meio de Quadra;;;0;0;2;1;0;0;0;0;0;0;0;0;-3,753199000000000;-38,548562000000000
306232;19;6;2017;22:30;19152;RUA LAURO NOGUEIRA;RUA BATISTA DE OLIVEIRA;;0;;Colis?úo Transversal;;;;Cruz;N?úo H?í Controle;Residencial;0;1;1;1;0;0;0;0;0;1;0;0;-3,740086000000000;-38,478301000000000
320906;19;6;2017;05:33;0;RUA NAT FEIJO;;;77;;Colis?úo;Amanhecer;;;Meio de Quadra;;;0;1;1;1;0;0;0;0;0;1;0;0;-3,723055000000000;-38,550149000000000
320907;19;6;2017;06:54;0;AV ODILON GUIMARAES;;;1745;;Colis?úo;Luz do Dia;;;Meio de Quadra;;;0;1;1;0;0;0;0;0;0;1;0;0;-3,822871000000000;-38,477512000000000
320913;19;6;2017;08:20;0;RUA FRANCO ROCHA;;;299;;Atropelamento de Animal;Luz do Dia;;;Meio de Quadra;;;0;1;0;0;0;0;0;0;0;1;0;0;-3,755580000000000;-38,579344000000000
320914;19;6;2017;08:23;0;RUA MON CATAO;;;1283;;Colis?úo;Luz do Dia;;;Meio de Quadra;;;0;1;1;1;0;0;0;0;0;1;0;0;-3,743618000000000;-38,492142000000000
320915;19;6;2017;08:28;4167;AV FRANCISCO SA;RUA PLACIDO CARVALHO;;0;;Colis?úo;Luz do Dia;;;T;N?úo H?í Controle;Industrial;0;1;1;1;0;0;0;0;0;1;0;0;-3,718081000000000;-38,555342000000000
320916;19;6;2017;09:27;0;RUA ALVES LIMA;;;437;;Colis?úo;Luz do Dia;;;Meio de Quadra;;;0;1;1;0;0;0;0;0;0;1;0;0;-3,704655000000000;-38,567903000000000
320917;19;6;2017;11:28;0;AV TRISTAO GONCALVES;;;0;;Colis?úo;Luz do Dia;;;Meio de Quadra;;;0;1;1;0;0;0;0;0;0;1;0;0;;
320918;19;6;2017;12:12;0;AV CARNEIRO DE MENDONCA;;;583;;Colis?úo;Luz do Dia;;;Meio de Quadra;;;0;1;1;1;0;0;0;0;0;1;0;0;-3,764986000000000;-38,565080000000000
320919;19;6;2017;12:45;0;RUA GAL BERNARDO FIGUEIREDO;;;2575;;Colis?úo;Luz do Dia;;;Meio de Quadra;;;0;1;1;0;0;0;0;0;0;1;0;0;-3,741429000000000;-38,560492000000000
320920;19;6;2017;12:49;0;AV MR HULL;;;0;;Colis?úo;Luz do Dia;;;Meio de Quadra;;;0;1;1;1;0;0;0;0;0;1;0;0;;
320932;19;6;2017;14:58;0;AV RAD JOSE LIMA VERDE;;;0;;Atropelamento;Luz do Dia;;;Meio de Quadra;;;0;1;0;0;0;0;0;0;0;0;0;0;;
320933;19;6;2017;15:08;0;RUA 20 DE JANEIRO;;;2500;;Atropelamento;Luz do Dia;;;Meio de Quadra;;;0;1;1;0;0;0;0;0;0;1;0;0;;
320926;19;6;2017;13:16;13490;AV RUI BARBOSA;RUA PINHO PESSOA;;0;;Colis?úo;Luz do Dia;;;Cruz;Pare;Comercial;0;1;1;1;0;0;0;0;0;1;0;0;-3,745389000000000;-38,512465000000000
320909;19;6;2017;06:57;0;RUA ALM RUBIM;;;1712;;Colis?úo;Luz do Dia;;;Meio de Quadra;;;0;1;1;1;0;0;0;0;0;1;0;0;-3,772350000000000;-38,557154000000000
320911;19;6;2017;07:36;0;AV GAL OSORIO DE PAIVA;;;4617;;Queda;Luz do Dia;;;Meio de Quadra;;;0;1;0;0;0;0;0;0;0;1;0;0;-3,799201000000000;-38,596697000000000
320961;19;6;2017;22:10;0;RUA DR RODRIGO C SANDOVAL;;;0;;Colis?úo;;;;Meio de Quadra;;;0;1;0;0;0;0;0;0;0;0;0;0;;
320964;19;6;2017;22:26;0;RUA MARIA QUINTINO;;;994;;Colis?úo;;;;Meio de Quadra;;;0;1;0;0;0;0;0;0;0;0;0;0;;
320974;19;6;2017;23:35;0;AV DES GONZAGA;;;45;;Queda;;;;Meio de Quadra;;;0;1;0;0;0;0;0;0;0;1;0;0;-3,787360000000000;-38,504397000000000
320975;19;6;2017;01:29;0;AV AUGUSTO DOS ANJOS;;;2088;;Colis?úo;;;;Meio de Quadra;;;0;1;0;0;0;0;0;0;0;0;0;0;-3,783955000000000;-38,582447000000000
320976;19;6;2017;07:15;0;AV SEN FERNANDES TAVORA;;;337;;Colis?úo;Luz do Dia;;;Meio de Quadra;;;0;1;1;1;0;0;0;0;0;1;0;0;-3,765895000000000;-38,575274000000000
320977;19;6;2017;07:48;0;AV FRE CIRILO;;;0;;Colis?úo;Luz do Dia;;;Meio de Quadra;;;0;1;0;0;0;0;0;0;0;0;0;0;;
320978;19;6;2017;08:18;0;AV DEP PAULINO ROCHA;;;2963;;Colis?úo;Luz do Dia;;;Meio de Quadra;;;0;1;1;1;0;0;0;0;0;1;0;0;-3,809545000000000;-38,521895000000000
320979;19;6;2017;09:51;0;RUA CON DE CASTRO;;;3842;;Colis?úo;Luz do Dia;;;Meio de Quadra;;;0;1;0;0;0;0;0;0;0;0;0;0;-3,800273000000000;-38,587608000000000
320980;19;6;2017;10:26;0;AV CARAPINIMA;;;1775;;Colis?úo;Luz do Dia;;;Meio de Quadra;;;0;1;0;0;0;0;0;0;0;0;0;0;-3,737219000000000;-38,537365000000000
320981;19;6;2017;10:49;5322;AV IMPERADOR;AV DUQ CAXIAS;;0;;Colis?úo;Luz do Dia;;;Cruz;Sem?íforo;Comercial;0;1;1;1;0;0;0;0;0;1;0;0;-3,730048000000000;-38,535297000000000
320938;19;6;2017;15:25;5191;AV DOM MANUEL;RUA PEREIRA FILGUEIRAS;;0;;Colis?úo;Luz do Dia;;;Cruz;Sem?íforo;Comercial;0;1;2;1;0;0;0;0;0;0;0;0;-3,725943000000000;-38,520338000000000
320939;19;6;2017;16:28;0;AV GAL OSORIO DE PAIVA;;;4545;;Atropelamento;Luz do Dia;;;Meio de Quadra;;;0;2;0;0;0;0;0;0;0;1;0;0;-3,798239000000000;-38,595764000000000
320940;19;6;2017;16:43;0;RUA NEREU RAMOS;;;1005;;Colis?úo;Luz do Dia;;;Meio de Quadra;;;0;1;1;1;0;0;0;0;0;1;0;0;-3,783210000000000;-38,575454000000000
320941;19;6;2017;17:33;0;AV MR HULL;;;2929;;Colis?úo;Anoitecer;;;Meio de Quadra;;;0;1;1;1;0;0;0;0;0;1;0;0;-3,736815000000000;-38,570645000000000
320942;19;6;2017;17:59;0;RUA GUSTAVO SAMPAIO;;;525;;Colis?úo;Anoitecer;;;Meio de Quadra;;;0;1;1;0;0;0;0;0;0;1;0;0;-3,733820000000000;-38,549483000000000
320943;19;6;2017;18:23;0;AV RUI BARBOSA;;;3153;;Colis?úo;Anoitecer;;;Meio de Quadra;;;0;1;0;0;0;0;0;0;0;0;0;0;-3,750524000000000;-38,514119000000000
320944;19;6;2017;18:27;0;RUA MANUEL DE CASTRO FEITOSA;;;716;;Colis?úo;Anoitecer;;;Meio de Quadra;;;0;1;0;0;0;0;0;0;0;0;0;0;;
320952;19;6;2017;18:35;0;RUA 15 DE NOVEMBRO;;;0;;Colis?úo;;;;Meio de Quadra;;;0;0;2;1;0;0;0;0;0;1;0;0;;
320953;19;6;2017;18:48;19695;RUA CRUZ SALDANHA;RUA AZEVEDO BOLAO;;0;;Colis?úo;;;;Cruz;Pare;Residencial;0;1;1;1;0;0;0;0;0;1;0;0;-3,735858000000000;-38,553848000000000
320954;19;6;2017;19:23;0;RUA CEL MATOS DOURADO;;;376;;Colis?úo;;;;Meio de Quadra;;;0;1;0;0;0;0;0;0;0;0;0;0;-3,742113000000000;-38,585124000000000
320956;19;6;2017;19:51;0;AV CEL CARVALHO;;;966;;Colis?úo;;;;Meio de Quadra;;;0;1;0;0;0;0;0;0;0;0;0;0;-3,750896059000000;-38,524549423000000
320959;19;6;2017;21:50;0;AV PRS CASTELO BRANCO;;;0;;Queda;;;;Meio de Quadra;;;0;1;0;0;0;1;0;0;0;0;0;0;;
320988;19;6;2017;11:23;0;AV A CJ CEARA;;;0;;Colis?úo;Luz do Dia;;;;;;0;1;1;1;0;0;0;0;0;1;0;0;;
320990;19;6;2017;11:29;0;RUA PDE ANTONINO;;;925;;Queda;Luz do Dia;;;Meio de Quadra;;;0;1;0;0;0;0;0;0;0;1;0;0;-3,748470000000000;-38,520371000000000
320993;19;6;2017;11:37;0;AV PERIMETRAL;;;2631;;Colis?úo;Luz do Dia;;;Meio de Quadra;;;0;1;0;0;0;0;0;0;0;0;0;0;;
321004;19;6;2017;12:50;0;RUA PRO RAIMUNDO ARRUDA;;;186;;Colis?úo;Luz do Dia;;;Meio de Quadra;;;0;1;1;1;0;0;0;0;0;1;0;0;-3,734758000000000;-38,551833000000000
321006;19;6;2017;15:11;0;RUA CEL ALEXANDRINO;;;579;;Atropelamento;Luz do Dia;;;Meio de Quadra;;;0;2;0;1;0;0;0;0;0;0;0;0;-3,764959000000000;-38,552917000000000
321008;19;6;2017;16:03;1531;RUA PDE VALDEVINO;RUA MON BRUNO;;0;;Colis?úo;Luz do Dia;;;Cruz;Pare;Residencial;0;1;1;1;0;0;0;0;0;1;0;0;-3,740621000000000;-38,512104000000000
321015;19;6;2017;16:34;0;AV FRANCISCO SA;;;4445;;Atropelamento;Luz do Dia;;;Meio de Quadra;;;0;2;0;0;0;0;0;0;0;1;0;0;-3,715011000000000;-38,564447000000000
321010;19;6;2017;16:20;0;AV AUGUSTO DOS ANJOS;;;1226;;Colis?úo;Luz do Dia;;;Meio de Quadra;;;0;1;1;1;0;0;0;0;0;1;0;0;-3,777729000000000;-38,577019000000000
321013;19;6;2017;16:27;0;RUA BAR AQUIRAZ;;;0;;Colis?úo;Luz do Dia;;;Meio de Quadra;;;0;1;1;1;0;0;0;0;0;1;0;0;;
309574;19;6;2017;07:46;0;RUA ALM RUBIM;;;1726;;Colis?úo Traseira;Luz do Dia;Bom;Seca;Meio de Quadra;N?úo H?í Controle;Comercial;0;0;2;1;0;0;0;0;0;1;0;0;-3,772510800000000;-38,557243000000000
309575;19;6;2017;08:30;11069;RUA EQUADOR;RUA SUECIA;;0;;Colis?úo Lateral;Luz do Dia;Bom;Seca;T;N?úo H?í Controle;Residencial;0;0;2;1;0;0;0;0;0;1;0;0;-3,784364500000000;-38,556984000000000
309576;19;6;2017;09:54;0;RUA JOSE HIPOLITO;;;213;;Colis?úo Lateral;Luz do Dia;Bom;Seca;Meio de Quadra;N?úo H?í Controle;Comercial;0;0;2;1;0;0;0;0;0;0;0;0;-3,832766000000000;-38,493473000000000
309577;19;6;2017;09:00;0;RUA ALM RUBIM;;;1763;;Colis?úo Lateral;Luz do Dia;Bom;Seca;Meio de Quadra;N?úo H?í Controle;Comercial;0;1;1;1;0;0;0;0;0;1;0;0;-3,772876500000000;-38,557330000000000
309578;19;6;2017;08:10;0;RUA MON CATAO;;;1283;;Colis?úo Lateral;Luz do Dia;Bom;Seca;Meio de Quadra;N?úo H?í Controle;Comercial;0;0;1;1;0;0;0;0;1;0;0;0;-3,743260100000000;-38,492012000000000
309579;19;6;2017;09:20;6738;RUA VILEBALDO AGUIAR;RUA DES WALDETARIO P MOTA;;0;;Colis?úo Transversal;Luz do Dia;Bom;Seca;Cruz;Pare;Residencial;0;0;2;1;0;0;0;0;0;0;0;0;-3,741841000000000;-38,483856000000000
309580;19;6;2017;11:18;13372;RUA JOAO BRIGIDO;RUA NOGUEIRA ACIOLI;;0;;Colis?úo Lateral;Luz do Dia;Bom;Seca;Cruz;Sem?íforo;Comercial;0;0;2;1;0;0;0;0;0;1;0;0;-3,739271900000000;-38,520107000000000