COD_ACIDENTE;DIA;MES;ANO;HORA;INTERSECAO;LOG1;LOG2;LOG3;NUMERO;REFERENCIA;NATUREZA;ILUMINACAO;TEMPO;SUPERFICIEPISTA;TIPOCRUZAMENTO;CONTROLETRAFEGO;USOSOLO;MORTOS;FERIDOS;ILESOS;AUTOMOVEL;ONIBUS;BICICLETA;CAMINHAO;MICROONIBUS;CICLOMOTOR;MOTOCICLETA;TRACAOANIMAL;TREM;LATITUDE;LONGITUDE
309581;19;6;2017;11:50;1324;RUA TORRES CAMARA;RUA DR JOSE LOURENCO;;0;;Colis?úo Lateral;Luz do Dia;Bom;Seca;Cruz;Pare;Comercial;0;0;2;1;0;0;0;0;0;0;0;0;-3,735339400000000;-38,508007000000000
309582;19;6;2017;13:05;0;AV BEZERRA DE MENEZES;;;172;;Colis?úo Transversal;Luz do Dia;Bom;Seca;Meio de Quadra;N?úo H?í Controle;Comercial;0;1;1;0;0;0;0;0;0;1;0;0;-3,730810400000000;-38,541756000000000
309583;19;6;2017;12:58;0;AV D CJ JOSE WALTER;;;4;;Colis?úo Transversal;Luz do Dia;Bom;Seca;Meio de Quadra;Sem?íforo;Comercial;0;0;2;0;0;0;0;0;0;0;0;0;-3,832393400000000;-38,553074000000000
309584;19;6;2017;13:59;15743;RUA HERBENE;RUA MANUEL ARRUDA;;0;;Colis?úo Transversal;Luz do Dia;Bom;Seca;Cruz;Pare;Comercial;0;1;1;1;1;0;0;0;0;0;0;0;-3,828867200000000;-38,504017000000000
309585;19;6;2017;16:23;15815;RUA MANUEL CASTELO BRANCO;RUA CEL GUILHERME ALENCAR;;0;;Colis?úo Transversal;Luz do Dia;Bom;Seca;Cruz;Pare;Comercial;0;0;2;1;0;0;0;0;0;1;0;0;-3,831995200000000;-38,491966000000000
309586;19;6;2017;17:24;0;RUA PRO TEODORICO;;;549;;Colis?úo Lateral;Luz do Dia;Bom;Seca;Cruz;Pare;Residencial;0;0;2;1;0;0;0;0;0;0;0;0;-3,768306500000000;-38,554680000000000
309587;19;6;2017;18:24;0;AV DEP PAULINO ROCHA;;;155;;Colis?úo Lateral;Via Iluminada;Bom;Seca;Meio de Quadra;N?úo H?í Controle;Comercial;0;0;2;1;0;0;0;0;0;0;0;0;-3,803577200000000;-38,507942000000000
309588;19;6;2017;19:01;10995;RUA ALM RUBIM;RUA 15 DE NOVEMBRO;;0;;Colis?úo Transversal;Via Iluminada;Bom;Seca;Cruz;Pare;Comercial;0;1;1;1;0;0;0;0;1;0;0;0;-3,768874200000000;-38,555910000000000
309589;19;6;2017;18:44;0;AV ANTONIO SALES;;;1795;;Engavetamento;Via Iluminada;Bom;Seca;Meio de Quadra;Sem?íforo;Comercial;0;0;3;1;0;0;0;0;0;0;0;0;-3,743726500000000;-38,508003000000000
309590;19;6;2017;20:19;0;AV 1 CANINDEZINHO;RUA MON AGOSTINHO;;0;;Colis?úo Traseira;Via Iluminada;Bom;Seca;Cruz;Pare;Residencial;0;0;2;1;0;0;0;0;0;0;0;0;-3,758999000000000;-38,588127000000000
309591;19;6;2017;20:23;7402;AV SEN FERNANDES TAVORA;RUA MACEIO;;0;;Colis?úo Lateral;Via Iluminada;Bom;Seca;Cruz;Pare;Comercial;0;0;2;0;0;0;0;1;0;0;0;0;-3,758975700000000;-38,588078000000000
309592;19;6;2017;20:47;25407;RUA CEL MATOS DOURADO;RUA CEL JOAQUIM FRANKLIN;;0;;Colis?úo Transversal;Mal Iluminada;Bom;Seca;T;Sem?íforo;Residencial;0;0;2;1;0;0;0;0;0;1;0;0;-3,741857300000000;-38,585175000000000
309593;19;6;2017;19:20;0;RUA PERNAMBUCO;;;2591;;Colis?úo Transversal;Via Iluminada;Bom;Seca;Meio de Quadra;N?úo H?í Controle;Residencial;0;0;2;1;0;0;0;0;0;1;0;0;-3,752176500000000;-38,577390000000000
309594;19;6;2017;20:31;12445;AV SEN FERNANDES TAVORA;TR HELENA DE MARIA;;0;;Colis?úo Transversal;Via Iluminada;Bom;Seca;Duplo T;Pare;Comercial;0;1;1;1;0;0;0;0;0;1;0;0;-3,766073200000000;-38,574840000000000
309595;19;6;2017;22:15;6164;RUA MIN ALBUQUERQUE LIMA;AV A CJ CEARA;;0;;Colis?úo Transversal;Via Iluminada;Bom;Seca;Cruz;Sem?íforo;Comercial;0;0;2;1;0;0;0;0;0;1;0;0;-3,770685000000000;-38,604790000000000
309654;19;6;2017;17:08;7762;AV ANTONIO SALES;RUA NUNES VALENTE;;0;;Colis?úo Frontal;Luz do Dia;Bom;Seca;Cruz;Sem?íforo;Residencial;0;0;2;1;0;0;0;0;0;0;0;0;-3,744286800000000;-38,506325000000000
309643;20;6;2017;17:16;0;AV ANTONIO SALES;;;1757;;Colis?úo Lateral;Luz do Dia;Bom;Seca;Y;N?úo H?í Controle;Comercial;0;0;2;1;0;0;0;0;0;0;0;0;-3,747301300000000;-38,493267000000000
309644;20;6;2017;18:24;0;RUA DR CARLOS R PAMPLONA;;;1000;;Colis?úo Lateral;Luz do Dia;Bom;Seca;Outros;Pare;Comercial;0;0;2;1;1;0;0;0;0;0;0;0;-3,774201000000000;-38,478283000000000
309596;20;6;2017;08:35;0;AV ABOLICAO;;;4792;;Colis?úo Lateral;Luz do Dia;Bom;Seca;Meio de Quadra;N?úo H?í Controle;Residencial;0;0;2;0;1;0;0;0;0;0;0;0;-3,722238000000000;-38,479380000000000
309597;20;6;2017;09:00;0;AV ODILON GUIMARAES;;;1351;;Colis?úo Traseira;Luz do Dia;Bom;Seca;T;N?úo H?í Controle;Comercial;0;0;1;1;0;0;0;0;0;1;0;0;-3,825974500000000;-38,479800000000000
309598;20;6;2017;09:17;0;AV DEP PAULINO ROCHA;;;46;;Colis?úo Lateral;Luz do Dia;Bom;Seca;Meio de Quadra;Sem?íforo;Residencial;0;0;2;0;0;0;0;0;0;0;0;0;-3,801570000000000;-38,507550000000000
309599;20;6;2017;09:40;14679;AV OLIVEIRA PAIVA;RUA PDE JANUARIO CAMPOS;;0;;Colis?úo Traseira;Luz do Dia;Bom;Seca;T;Sem?íforo;Comercial;0;0;2;1;0;0;0;0;0;0;0;0;-3,796077500000000;-38,489777000000000
309600;20;6;2017;10:51;5322;AV DUQ CAXIAS;AV IMPERADOR;;0;;Colis?úo Lateral;Luz do Dia;Bom;Seca;Cruz;Sem?íforo;Comercial;0;0;1;1;0;0;0;0;0;0;0;0;-3,730115400000000;-38,535270000000000
309601;20;6;2017;10:44;5322;AV IMPERADOR;AV DUQ CAXIAS;;0;COLEGIO  7 DE SETEMBRO;Colis?úo Lateral;Luz do Dia;Bom;Seca;Cruz;Sem?íforo;Comercial;0;0;2;1;1;0;0;0;0;0;0;0;-3,730015800000000;-38,535343000000000
309602;20;6;2017;12:30;12674;AV CEL CARVALHO;RUA GUILHERME MENDES;;0;;Colis?úo Lateral;Luz do Dia;Bom;Seca;Cruz;Pare;Comercial;0;0;2;1;0;0;0;0;0;0;0;0;-3,720638500000000;-38,587227000000000
309615;20;6;2017;19:12;3992;RUA ALBERTO MAGNO;RUA RAUL UCHOA;;0;;Colis?úo Traseira;Via Iluminada;Bom;Seca;Meio de Quadra;N?úo H?í Controle;Comercial;0;0;1;1;0;0;0;0;0;1;0;0;-3,760316600000000;-38,545950000000000
309616;20;6;2017;20:20;24981;RUA BENI DE CARVALHO;AV ALM HENRIQUE SABOIA;;0;;Engavetamento;Via Iluminada;Bom;Seca;T;Pare;Comercial;0;0;3;1;0;0;0;0;0;0;0;0;-3,747056200000000;-38,491814000000000
309604;20;6;2017;12:15;0;AV JOSE BASTOS;;;3602;;Engavetamento;Luz do Dia;Bom;Seca;Meio de Quadra;N?úo H?í Controle;Residencial;0;0;3;1;0;0;0;0;0;0;0;0;-3,750437000000000;-38,550922000000000
309605;20;6;2017;14:15;7922;RUA ISAC AMARAL;RUA VIS MAUA;;0;;Colis?úo Transversal;Luz do Dia;Bom;Seca;Duplo T;Pare;Residencial;0;0;0;1;0;0;0;0;0;0;0;0;;
309606;20;6;2017;13:00;1307;AV SANTOS DUMONT;RUA NUNES VALENTE;;0;;Colis?úo Lateral;Luz do Dia;Bom;Seca;Cruz;Sem?íforo;Comercial;0;1;0;1;0;0;0;0;0;1;0;0;-3,734828200000000;-38,503304000000000
309607;20;6;2017;16:12;0;RUA SEN POMPEU;;;1370;;Colis?úo Traseira;Luz do Dia;Bom;Seca;Meio de Quadra;Sem?íforo;Comercial;0;0;2;1;0;0;0;0;0;0;0;0;-3,730658000000000;-38,530746000000000
309608;20;6;2017;17:20;0;RUA PEDRO LUIZ SOBRINHO;;;180;;Colis?úo Lateral;Anoitecer;Bom;Seca;Meio de Quadra;N?úo H?í Controle;Residencial;0;0;2;1;0;0;0;0;0;0;0;0;-3,801704700000000;-38,502886000000000
309609;20;6;2017;16:00;1531;RUA PDE VALDEVINO;RUA MON BRUNO;;0;;Colis?úo Transversal;Via Iluminada;Bom;Seca;Cruz;Pare;Residencial;0;0;2;1;0;0;0;0;0;1;0;0;-3,740565000000000;-38,512104000000000
309610;20;6;2017;18:58;15195;AV ABOLICAO;RUA JOSE NAPOLEAO;;0;;Colis?úo Traseira;Via Iluminada;Bom;Seca;Outros;N?úo H?í Controle;Comercial;0;0;2;1;1;0;0;0;0;0;0;0;-3,726432800000000;-38,490257000000000
309611;20;6;2017;18:30;15227;AV ABOLICAO;AV DES MOREIRA;;0;;Colis?úo Lateral;Via Iluminada;Bom;Seca;Cruz;Sem?íforo;Comercial;0;0;2;1;1;0;0;0;0;0;0;0;-3,727476400000000;-38,495197000000000
309612;20;6;2017;18:50;7710;AV CARNEIRO DE MENDONCA;RUA PEDRO MUNIZ;;0;;Colis?úo Lateral;Anoitecer;Bom;Seca;Cruz;Pare;Comercial;0;0;2;1;0;0;0;0;0;0;0;0;-3,765638600000000;-38,563747000000000
309613;20;6;2017;20:00;13594;RUA CAP GUSTAVO;AV PONTES VIEIRA;;0;;Colis?úo Transversal;Via Iluminada;Bom;Seca;Cruz;Sem?íforo;Comercial;0;0;2;1;0;0;0;0;0;0;0;0;-3,753201500000000;-38,516922000000000
304160;20;6;2017;08:00;15437;AV FRE CIRILO;RUA HOMEM DE MELO;;0;;Colis?úo;Luz do Dia;;;Duplo T;Pare;Comercial;1;0;1;0;1;0;0;0;0;1;0;0;-3,817039000000000;-38,497528000000000
321021;20;6;2017;19:42;0;AV TEN LISBOA;;;2341;;Atropelamento;;;;Meio de Quadra;;;0;1;0;0;0;0;0;0;0;0;0;0;-3,718072765000000;-38,556477399000000
321018;20;6;2017;18:44;0;RUA EUZEBIO DE QUEIROS;;;1258;;Colis?úo;;;;Meio de Quadra;;;0;1;0;0;0;0;0;0;0;0;0;0;-3,765785000000000;-38,553121000000000
321036;20;6;2017;20:57;0;AV WASHINGTON SOARES;;;567;;Colis?úo;Via Iluminada;;Seca;Meio de Quadra;;;0;1;1;1;0;0;0;0;0;1;0;0;-3,758296000000000;-38,486129000000000
321037;20;6;2017;21:32;0;AV MR HULL;;;0;;Colis?úo;;;;Meio de Quadra;;;0;1;0;0;0;0;0;0;0;0;0;0;;
321038;20;6;2017;22:07;0;AV ABOLICAO;;;4001;;Colis?úo;;;;Meio de Quadra;;;0;1;0;0;0;0;0;0;0;0;0;0;-3,725056000000000;-38,483388000000000
321039;20;6;2017;22:40;0;RUA RIO GRANDE DO NORTE;;;0;;Colis?úo;;;;Meio de Quadra;;;0;1;0;0;0;0;0;0;0;0;0;0;;
320405;20;6;2017;20:43;0;RUA BOM JESUS (BARRA DO CEARA);;;401;;Colis?úo;;;;Meio de Quadra;;;0;1;0;0;0;0;0;0;0;0;0;0;;
320403;20;6;2017;20:32;3767;AV IMPERADOR;AV DOMINGOS OLIMPIO;;0;;Colis?úo;;;;Cruz;Sem?íforo;Comercial;0;1;0;0;0;0;0;0;0;0;0;0;-3,734790000000000;-38,536697000000000
320400;20;6;2017;20:00;0;AV FRANCISCO SA;;;6041;;Atropelamento;;;;Meio de Quadra;;;0;1;1;1;0;0;0;0;0;0;0;0;-3,709812000000000;-38,579510000000000
320401;20;6;2017;20:29;0;AV GAL OSORIO DE PAIVA;;;0;;Atropelamento;;;;Meio de Quadra;;;0;1;0;0;0;0;0;0;0;0;0;0;;
320330;20;6;2017;09:45;0;AV PRS COSTA E SILVA;;;1900;;Queda;Luz do Dia;;;Meio de Quadra;;;0;1;0;0;0;0;0;0;0;1;0;0;-3,818193000000000;-38,564409000000000
306235;20;6;2017;16:30;5161;RUA MAJ FACUNDO;RUA SEN ALENCAR;;0;;Colis?úo Transversal;Luz do Dia;;;Cruz;Pare;Comercial;0;0;2;1;0;0;1;0;0;0;0;0;-3,725114000000000;-38,527033000000000
306248;20;6;2017;10:50;25745;RUA FRANCISCO JOSE A PEREIRA;RUA DR WANDA SIDOU;;0;;Colis?úo Lateral;Luz do Dia;;;Cruz;N?úo H?í Controle;Residencial;0;0;2;1;0;0;0;0;0;0;0;0;;
306249;20;6;2017;15:00;0;AV AUGUSTO DOS ANJOS;;;1000;;Colis?úo Traseira;Luz do Dia;;;Meio de Quadra;;;0;0;2;1;0;0;0;0;0;0;0;0;-3,776718000000000;-38,576139000000000
306250;20;6;2017;09:45;0;AV SEN FERNANDES TAVORA;;;337;;Colis?úo Traseira;Luz do Dia;;;Meio de Quadra;;;0;1;1;1;0;0;0;0;0;1;0;0;-3,765895000000000;-38,575274000000000
306251;20;6;2017;21:10;5188;RUA TEN BENEVOLO;RUA NOGUEIRA ACIOLI;;0;;Colis?úo Lateral;;;;Cruz;Pare;Residencial;0;0;2;0;1;0;1;0;0;0;0;0;-3,725858000000000;-38,515591000000000
306252;20;6;2017;20:20;0;RUA FRANCISCA CLOTILDE;;;48;;Colis?úo Frontal;;;;Meio de Quadra;;;0;0;2;1;0;0;0;0;0;0;0;0;-3,739451000000000;-38,549946000000000
306253;20;6;2017;09:00;0;AV DEP PAULINO ROCHA;;;1473;;Colis?úo Traseira;Luz do Dia;;;Meio de Quadra;;;0;1;1;1;0;0;0;0;0;1;0;0;-3,811249000000000;-38,510432000000000
306254;20;6;2017;08:30;0;RUA HOLANDA;;;580;;Colis?úo Lateral;Luz do Dia;;;Meio de Quadra;;;0;1;1;1;0;0;0;0;0;1;0;0;-3,797651000000000;-38,562436000000000
306255;20;6;2017;19:10;5187;RUA SAO PAULO;RUA BAR RIO BRANCO;;0;;Colis?úo;;;;Cruz;Sem?íforo;Comercial;0;1;1;0;0;1;0;1;0;0;0;0;-3,725856000000000;-38,528071000000000
319692;20;6;2017;17:26;930;AV BORGES DE MELO;AV AGUANAMBI;;0;;Colis?úo;Anoitecer;;;T;Sem?íforo;Residencial;0;1;0;0;0;0;0;0;0;0;0;0;-3,760928000000000;-38,523880000000000
325239;20;6;2017;06:40;0;AV MIN JOSE AMERICO;;;2000;;Tombamento;Luz do Dia;;Seca;Meio de Quadra;;;0;0;1;1;0;0;0;0;0;0;0;0;-3,810393000000000;-38,483622000000000
325240;20;6;2017;16:20;0;RD CE-040;;;0;KM-11;Colis?úo;Luz do Dia;;Seca;Meio de Quadra;;;0;1;0;1;0;0;0;0;0;1;0;0;-3,849626230000000;-38,476069890000000
325241;20;6;2017;16:25;0;AV SEN CARLOS JEREISSATI (AEROPORTO);;;0;KM 03;Colis?úo;Luz do Dia;;Seca;Meio de Quadra;;;0;0;2;1;0;0;0;0;0;0;0;0;-3,779641000000000;-38,544038000000000
298153;20;6;2017;16:15;0;AV AUGUSTO DOS ANJOS;;;1264;;Colis?úo;Luz do Dia;;;Meio de Quadra;;;1;0;1;0;0;0;0;0;0;1;0;0;-3,777896300000000;-38,577398000000000
298154;20;6;2017;17:18;0;AV PRS CASTELO BRANCO;;;4695;;Atropelamento;Anoitecer;;;Meio de Quadra;;;1;0;1;1;0;0;0;0;0;0;0;0;-3,706524000000000;-38,573551000000000
325865;20;6;2017;21:30;0;RD BR 222;;;700;KM-01;Colis?úo Traseira;N?úo Informado;;Seca;Meio de Quadra;;;0;1;1;0;1;0;0;0;1;0;0;0;;
298287;21;6;2017;19:50;15238;RUA TEN BENEVOLO;RUA BAR ARACATI;;0;;Colis?úo Transversal;;;;Cruz;Pare;Comercial;1;2;1;1;1;0;0;0;0;0;0;0;-3,727628000000000;-38,510266000000000
325242;21;6;2017;09:50;0;AV SEN CARLOS JEREISSATI (AEROPORTO);;;0;KM 02;Colis?úo;Luz do Dia;;Seca;Meio de Quadra;;;0;0;2;1;0;0;0;0;0;0;0;0;-3,782194000000000;-38,535424000000000
325243;21;6;2017;18:00;0;RD CE-040;;;0;KM-05;Colis?úo;Anoitecer;;Seca;Meio de Quadra;;;0;2;1;1;0;0;0;0;0;1;0;0;-3,800595823000000;-38,479534630000000
325245;21;6;2017;18:40;0;AV MIN JOSE AMERICO;;;2000;;Colis?úo;Via Iluminada;;Seca;Meio de Quadra;;;0;0;2;1;0;0;0;0;0;0;0;0;-3,810393000000000;-38,483622000000000
306273;21;6;2017;14:20;0;RUA COSTA BARROS;;;629;;Colis?úo Transversal;Luz do Dia;;;Meio de Quadra;;;0;0;2;1;0;0;1;0;0;0;0;0;-3,728183000000000;-38,518296000000000
306261;21;6;2017;22:45;1479;RUA DES LEITE ALBUQUERQUE;RUA PRO DIAS DA ROCHA;;0;;Colis?úo Transversal;;;;Cruz;Pare;Comercial;0;0;2;1;0;0;0;0;0;0;0;0;-3,739126000000000;-38,492823000000000
306262;21;6;2017;17:30;15227;AV ABOLICAO;AV DES MOREIRA;;0;;Colis?úo Traseira;Anoitecer;;;Cruz;Sem?íforo;Comercial;0;0;2;1;0;0;0;0;0;0;0;0;-3,727331000000000;-38,495474000000000
306263;21;6;2017;11:40;5359;RUA TEREZA CRISTINA;RUA METON DE ALENCAR;;0;;Colis?úo Lateral;Luz do Dia;;;Cruz;N?úo H?í Controle;Comercial;0;0;2;0;0;0;0;0;0;0;0;0;-3,731262000000000;-38,538031000000000
306264;21;6;2017;14:30;7401;AV SEN FERNANDES TAVORA;RUA AUDISIO PINHEIRO;;0;;Colis?úo Lateral;Luz do Dia;;;Cruz;Sem?íforo;Residencial;0;0;2;1;0;0;1;0;0;0;0;0;-3,758593000000000;-38,588886000000000
306268;21;6;2017;07:40;2755;RUA CEL VIRGILIO NOGUEIRA (BOM JARDIM);RUA BOM JESUS (GRANJA LISBOA);;0;;Colis?úo Frontal;Luz do Dia;;;Cruz;Cancela;Misto;0;1;1;1;0;0;0;0;0;1;0;0;-3,791685983000000;-38,609766226000000
309618;21;6;2017;07:50;0;RUA VIA LACTEA;RUA SOL;;0;;Colis?úo Lateral;Luz do Dia;Bom;Seca;Outros;N?úo H?í Controle;Residencial;0;0;2;1;1;0;0;0;0;0;0;0;-3,761573300000000;-38,528830000000000
309619;21;6;2017;08:38;25796;AV H CJ CEARA;RUA SGT JOAO PINHEIRO;;0;;Colis?úo Lateral;Luz do Dia;Bom;Seca;Cruz;Pare;Comercial;0;0;2;1;0;0;0;0;0;0;0;0;-3,776934400000000;-38,621204000000000
309620;21;6;2017;08:01;4213;RUA RAQUEL HOLANDA;RUA BAR CRATO;;0;;Queda;Luz do Dia;Bom;Seca;Cruz;Pare;Comercial;0;1;1;0;0;0;0;0;0;1;0;0;-3,721069800000000;-38,558937000000000
309621;21;6;2017;08:30;5313;RUA PEDRO I;RUA VINTE E QUATRO DE MAIO;;0;;Colis?úo Lateral;Luz do Dia;Bom;Seca;Cruz;Pare;Comercial;0;1;1;1;0;0;0;0;0;1;0;0;-3,729956600000000;-38,532898000000000
309622;21;6;2017;09:40;0;AV FRANCISCO SA;;;4296;;Colis?úo Lateral;Luz do Dia;Bom;Seca;Meio de Quadra;N?úo H?í Controle;Residencial;0;0;2;1;0;0;0;0;0;0;0;0;-3,715637000000000;-38,563023000000000
309623;21;6;2017;11:08;0;AV DES GONZAGA;;;0;;Colis?úo Traseira;Luz do Dia;Bom;Seca;Cruz;Sem?íforo;Comercial;0;0;3;1;0;0;0;0;0;0;0;0;-3,738463200000000;-38,499027000000000
309624;21;6;2017;13:20;0;AV MON TABOSA;;;1160;;Colis?úo Lateral;Luz do Dia;Bom;Seca;Meio de Quadra;Sem?íforo;Comercial;0;0;2;0;1;0;0;0;0;0;0;0;-3,724210000000000;-38,508785000000000
309625;21;6;2017;14:51;0;RUA CAP ARAGAO;;;0;ESCOLA YOLANDA QUEIROZ;Colis?úo Lateral;Luz do Dia;Bom;Seca;Meio de Quadra;N?úo H?í Controle;Escola;0;0;1;1;0;0;0;0;0;0;0;0;-3,764314000000000;-38,510025000000000
309626;21;6;2017;16:29;22112;RUA FRE MARCELINO;RUA TAVARES IRACEMA;;0;;Colis?úo Transversal;Luz do Dia;Bom;Seca;Cruz;Pare;Escola;0;0;2;1;0;0;0;0;0;0;0;0;-3,748699200000000;-38,556995000000000
309627;21;6;2017;17:10;15245;AV ANTONIO JUSTA;RUA LEONARDO MOTA;;0;;Colis?úo Transversal;Luz do Dia;Bom;Seca;Cruz;Pare;Comercial;0;0;2;1;0;0;0;0;0;0;0;0;-3,727970400000000;-38,493440000000000
309628;21;6;2017;18:40;0;RUA GAL PIRAGIBE;;;1609;;Colis?úo Traseira;Via Iluminada;Bom;Seca;Meio de Quadra;N?úo H?í Controle;Residencial;0;0;2;1;1;0;0;0;0;0;0;0;-3,736807600000000;-38,558712000000000
309629;21;6;2017;21:39;0;RUA POMPEU CAVALCANTE;;;541;;Colis?úo Transversal;Via Iluminada;Bom;Seca;Meio de Quadra;N?úo H?í Controle;Residencial;0;0;2;1;0;0;0;0;0;0;0;0;-3,725122500000000;-38,563313000000000
309630;21;6;2017;22:41;0;AV LUCIANO CARNEIRO;;;1799;;Colis?úo Lateral;Via Iluminada;Bom;Seca;Cruz;Sem?íforo;Comercial;0;0;2;1;0;0;0;0;0;0;0;0;-3,760492600000000;-38,535442000000000
323247;21;6;2017;21:38;0;AV CONTORNO NORTE D71;;;1018;;Colis?úo;;;;Meio de Quadra;;;0;1;1;1;0;0;0;0;0;1;0;0;-3,814292000000000;-38,587359000000000
323244;21;6;2017;20:53;0;AV ABOLICAO;;;0;;Queda;;;;Meio de Quadra;;;0;1;0;0;0;0;0;0;0;1;0;0;;
323245;21;6;2017;21:07;0;AV HILDEBRANDO DE MELO;;;1420;;Atropelamento;;;;Meio de Quadra;;;0;2;0;0;0;0;0;0;0;1;0;0;-3,720973400000000;-38,588916500000000
323199;21;6;2017;07:16;0;RUA MOREIRA DA ROCHA;;;2500;;Colis?úo;Luz do Dia;;;Meio de Quadra;;;0;1;1;1;0;0;0;0;0;1;0;0;-3,808696700000000;-38,483812000000000
323201;21;6;2017;07:22;7629;RUA ALAGOAS;RUA STA CATARINA (BELA VISTA / PAN AMERICANO);;0;;Colis?úo;Luz do Dia;;;Cruz;Pare;Residencial;0;1;1;1;0;0;0;0;0;1;0;0;-3,760356000000000;-38,569550000000000
323214;21;6;2017;12:55;0;AV FRANCISCO SA;;;0;;Colis?úo;Luz do Dia;;;Meio de Quadra;;;0;1;1;0;0;0;0;0;0;1;0;0;;
323215;21;6;2017;12:56;0;RUA XAVIER DA SILVEIRA;;;3949;;Queda;Luz do Dia;;;Meio de Quadra;;;0;1;0;0;0;0;0;0;0;1;0;0;-3,789092000000000;-38,622865000000000
323216;21;6;2017;13:15;0;AV J CJ CEARA;;;0;;Queda;Luz do Dia;;;Meio de Quadra;;;0;1;0;0;0;0;0;0;0;1;0;0;;
323217;21;6;2017;14:55;0;RUA TULIPA NEGRA;;;1879;;Colis?úo;Luz do Dia;;;Meio de Quadra;;;0;1;1;1;0;0;0;0;0;1;0;0;-3,820237000000000;-38,596472000000000
323210;21;6;2017;11:33;0;RUA FRE MANSUETO;;;0;;Colis?úo;Luz do Dia;;;Meio de Quadra;;;0;1;1;1;0;0;0;0;0;1;0;0;;
323208;21;6;2017;08:17;0;RUA DEP OSWALDO STUDART;;;0;;Colis?úo;Luz do Dia;;;Meio de Quadra;;;0;1;1;0;0;0;0;0;0;1;0;0;;
323212;21;6;2017;12:05;12479;AV AUGUSTO DOS ANJOS;RUA PERDIGAO DE OLIVEIRA;;0;;Colis?úo;Luz do Dia;;;Cruz;Sem?íforo;Comercial;0;1;1;1;0;1;0;0;0;0;0;0;-3,775131000000000;-38,574712000000000
323220;21;6;2017;16:28;0;AV DR SILAS MUNGUBA;;;2261;;Colis?úo;Luz do Dia;;;Meio de Quadra;;;0;1;1;1;0;0;0;0;0;1;0;0;-3,785833000000000;-38,551242000000000
323221;21;6;2017;17:08;9154;RUA DOM SEBASTIAO LEME;AV 13 DE MAIO;;0;;Colis?úo;Anoitecer;;;;;;0;1;1;1;0;0;0;0;0;1;0;0;-3,752832000000000;-38,525221000000000
323222;21;6;2017;17:43;0;AV PRO JOSE ARTHUR CARVALHO;;;0;;Atropelamento;Anoitecer;;;Meio de Quadra;;;0;2;0;1;0;0;0;0;0;0;0;0;;
323223;21;6;2017;17:52;19675;RUA CRUZ SALDANHA;RUA GUSTAVO SAMPAIO;;0;;Colis?úo;Anoitecer;;;Cruz;Pare;Residencial;0;1;1;1;0;0;0;0;0;1;0;0;-3,734763000000000;-38,554069000000000
323224;21;6;2017;18:06;0;AV JOAO PESSOA;;;4407;;Colis?úo;Anoitecer;;;Meio de Quadra;;;0;1;1;1;0;0;0;0;0;1;0;0;-3,751804000000000;-38,548904000000000
323234;21;6;2017;18:55;0;AV ALM BARROSO;;;668;;Colis?úo;;;;Meio de Quadra;;;0;1;1;1;0;0;0;0;0;1;0;0;-3,720478000000000;-38,517085000000000
323235;21;6;2017;18:58;0;RUA ERETIDES MARTINS;;;1048;;Colis?úo;;;;Meio de Quadra;;;0;1;1;1;0;0;0;0;0;1;0;0;-3,728447000000000;-38,559701000000000
323236;21;6;2017;19:02;0;AV WASHINGTON SOARES;;;0;;Colis?úo;;;;Meio de Quadra;;;0;1;0;0;0;0;0;0;0;0;0;0;;
323226;21;6;2017;18:15;0;RUA GUSTAVO SAMPAIO;;;990;;Colis?úo;Anoitecer;;;Meio de Quadra;;;0;1;1;1;0;0;0;0;0;0;0;0;-3,734660000000000;-38,553542000000000
323227;21;6;2017;18:40;0;AV CEL CARVALHO;;;1700;;Colis?úo;;;;Meio de Quadra;;;0;1;1;1;0;0;0;0;0;1;0;0;-3,717592000000000;-38,587919000000000
323206;21;6;2017;08:00;0;RD BR 116;;;5000;KM-05;Colis?úo;Luz do Dia;;;Meio de Quadra;;;0;1;1;1;0;0;0;0;0;1;0;0;-3,796502000000000;-38,506787000000000
323240;21;6;2017;19:33;0;RUA CASTELO DE CASTRO (PICI);;;0;;Queda;;;;Meio de Quadra;;;0;1;0;0;0;0;0;0;0;1;0;0;;
323269;22;6;2017;10:31;0;AV PRS CASTELO BRANCO;;;2949;;Colis?úo;Luz do Dia;;;Meio de Quadra;;;0;1;1;1;0;0;0;0;0;1;0;0;-3,711956000000000;-38,555000000000000
323282;22;6;2017;14:22;13402;AV ANTONIO SALES;RUA ILDEFONSO ALBANO;;0;;Colis?úo;Luz do Dia;;;Cruz;Sem?íforo;Comercial;0;1;0;0;0;0;0;0;0;0;0;0;-3,741238000000000;-38,515947000000000
323278;22;6;2017;12:19;0;AV DIOGUINHO;;;501;;Colis?úo;Luz do Dia;;;Meio de Quadra;;;0;1;1;1;0;0;0;0;0;1;0;0;;
323279;22;6;2017;14:07;0;AV ENG SANTANA JUNIOR;;;0;;Queda;Luz do Dia;;;Meio de Quadra;;;0;1;0;0;0;1;0;0;0;0;0;0;;
323248;22;6;2017;00:53;0;RUA LAGO AZUL;;;371;;Colis?úo;;;;Meio de Quadra;;;0;1;0;0;0;0;0;0;0;0;0;0;-3,702810200000000;-38,574386900000000