COD_ACIDENTE;DIA;MES;ANO;HORA;INTERSECAO;LOG1;LOG2;LOG3;NUMERO;REFERENCIA;NATUREZA;ILUMINACAO;TEMPO;SUPERFICIEPISTA;TIPOCRUZAMENTO;CONTROLETRAFEGO;USOSOLO;MORTOS;FERIDOS;ILESOS;AUTOMOVEL;ONIBUS;BICICLETA;CAMINHAO;MICROONIBUS;CICLOMOTOR;MOTOCICLETA;TRACAOANIMAL;TREM;LATITUDE;LONGITUDE
323249;22;6;2017;05:34;0;RUA CESAR CORREIA;;;346;;Queda;Amanhecer;;;Meio de Quadra;;;0;1;0;0;0;0;0;0;0;1;0;0;-3,708743000000000;-38,572123000000000
323250;22;6;2017;07:20;0;RUA URUCUTUBA;;;0;;Colis?úo;Luz do Dia;;;Meio de Quadra;;;0;1;0;0;0;0;0;0;0;0;0;0;;
323251;22;6;2017;07:31;0;RUA BOM JESUS (BARRA DO CEARA);;;1653;;Colis?úo;Luz do Dia;;;Meio de Quadra;;;0;1;1;1;0;0;0;0;0;1;0;0;;
323252;22;6;2017;07:32;19662;RUA GUSTAVO SAMPAIO;RUA PRO NOGUEIRA;;0;;Colis?úo;Luz do Dia;;;Cruz;Pare;Comercial;0;1;1;1;0;0;0;0;0;1;0;0;-3,733875000000000;-38,549740000000000
323253;22;6;2017;08:02;0;RUA PRO COSTA MENDES;;;2152;;Atropelamento;Luz do Dia;;;Meio de Quadra;;;0;1;0;0;0;0;0;0;0;0;0;0;-3,745974000000000;-38,556537000000000
323266;22;6;2017;09:00;0;RUA PEDESTRE XII;;;360;;Queda;Luz do Dia;;;Meio de Quadra;;;0;1;0;0;0;0;0;0;0;1;0;0;;
323267;22;6;2017;09:05;12926;AV ANTONIO SALES;AV VIS RIO BRANCO;;0;;Colis?úo;Luz do Dia;;;Cruz;Sem?íforo;Comercial;0;1;1;1;0;0;0;0;0;1;0;0;-3,738574000000000;-38,523589000000000
323261;22;6;2017;08:28;0;RUA PRO COSTA MENDES;;;2152;;Atropelamento;Luz do Dia;;;Meio de Quadra;;;0;1;1;1;0;0;0;0;0;0;0;0;-3,745974000000000;-38,556537000000000
323263;22;6;2017;08:32;0;RUA OSORIO CORREIA;;;360;;Queda;Luz do Dia;;;Meio de Quadra;;;0;1;0;0;0;0;0;0;0;1;0;0;;
323296;22;6;2017;18:35;26075;AV JOSE JATAHY;AV SGT HERMINIO SAMPAIO;;0;;Colis?úo;;;;Cruz;Sem?íforo;Comercial;0;1;1;1;0;0;0;0;0;1;0;0;-3,724679297000000;-38,546275142000000
323286;22;6;2017;14:23;4080;AV JOSE BASTOS;RUA CEARA;;0;;Colis?úo;Luz do Dia;;;Cruz;Pare;Residencial;0;1;1;1;0;0;0;0;0;0;0;0;-3,760008000000000;-38,564112000000000
323287;22;6;2017;14:51;0;AV ALBERTO CRAVEIRO;;;0;;Colis?úo;Luz do Dia;;;Meio de Quadra;;;0;1;0;0;0;0;0;0;0;0;0;0;;
323292;22;6;2017;16:02;3768;AV DOMINGOS OLIMPIO;AV TRISTAO GONCALVES;;0;;Colis?úo;Luz do Dia;;;Cruz;Sem?íforo;Comercial;0;1;1;1;0;0;0;0;0;1;0;0;-3,735133000000000;-38,535613000000000
323318;22;6;2017;19:35;0;RUA VALPARAISO;;;1998;;Colis?úo;;;;Meio de Quadra;;;0;1;0;0;0;0;0;0;0;0;0;0;-3,846389000000000;-38,519633000000000
323330;22;6;2017;23:39;0;AV MR HULL;;;0;;Colis?úo;;;;Meio de Quadra;;;0;1;1;1;0;0;0;0;0;1;0;0;;
309631;22;6;2017;01:02;0;AV BEZERRA DE MENEZES;;;325;;Colis?úo Traseira;Via Iluminada;Bom;Seca;Meio de Quadra;Sem?íforo;Comercial;0;0;2;1;0;0;0;0;0;0;0;0;-3,732325000000000;-38,547720000000000
309633;22;6;2017;07:00;5307;AV DUQ CAXIAS;RUA PRC ISABEL;;0;;Choque c/ Obst?ículo Fixo;Luz do Dia;Bom;Seca;Cruz;Sem?íforo;Comercial;0;0;0;1;0;0;0;0;0;0;0;0;-3,729689600000000;-38,536366000000000
309634;22;6;2017;07:39;0;RUA LIVINO DE CARVALHO;RUA IPIRANGA D29;;0;;Colis?úo Transversal;Luz do Dia;Bom;Seca;Meio de Quadra;Pare;Residencial;0;2;0;0;1;0;0;0;0;1;0;0;-3,770571500000000;-38,560204000000000
309635;22;6;2017;08:00;25769;AV DR SILAS MUNGUBA;RUA CORUMBA;;0;;Colis?úo Transversal;Luz do Dia;Bom;Seca;Cruz;Pare;Comercial;0;2;0;0;0;0;0;0;0;1;0;0;-3,801213700000000;-38,530120000000000
309636;22;6;2017;08:16;17288;RUA ALBERTO MAGNO;RUA EDUARDO ANGELIM;;0;;Colis?úo Transversal;Luz do Dia;Bom;Seca;Cruz;Pare;Comercial;0;0;2;1;0;0;0;0;0;0;0;0;-3,763122600000000;-38,548540000000000
309637;22;6;2017;08:30;12880;RUA MES ROSA;RUA SOUSA GIRAO;;0;;Colis?úo Transversal;Luz do Dia;Bom;Seca;Cruz;Pare;Residencial;0;1;1;1;0;0;0;0;0;0;0;0;-3,741545700000000;-38,525190000000000
309638;22;6;2017;13:05;0;AV DUQ CAXIAS;;;233;;Colis?úo Traseira;Luz do Dia;Bom;Seca;Meio de Quadra;Sem?íforo;Comercial;0;0;2;1;0;0;0;0;0;0;0;0;-3,732932000000000;-38,526500000000000
309639;22;6;2017;11:15;7840;AV SORIANO ALBUQUERQUE;AV BAR STUDART;;0;;Colis?úo Traseira;Luz do Dia;Bom;Seca;Cruz;Sem?íforo;Residencial;0;0;2;0;0;0;0;0;0;0;0;0;-3,750027400000000;-38,511900000000000
309640;22;6;2017;14:05;7923;AV GOV RAUL BARBOSA;RUA ISAC AMARAL;;0;;Colis?úo Traseira;Luz do Dia;Bom;Seca;Cruz;Sem?íforo;Comercial;0;0;2;1;0;0;0;0;0;0;0;0;-3,753206700000000;-38,503704000000000
309641;22;6;2017;16:00;0;AV JOSE SABOIA;;;521;;Colis?úo Lateral;Luz do Dia;Bom;Seca;Meio de Quadra;N?úo H?í Controle;Comercial;0;1;1;1;0;0;0;0;0;1;0;0;-3,717119200000000;-38,467490000000000
309642;22;6;2017;17:22;15287;AV ANTONIO JUSTA;RUA PRO DIAS DA ROCHA;;0;;Colis?úo Transversal;Luz do Dia;Bom;Seca;T;N?úo H?í Controle;Residencial;0;0;1;1;1;0;0;0;0;0;0;0;-3,729158600000000;-38,489900000000000
309659;22;6;2017;16:43;4612;AV COS GOMES DE FREITAS (SAPIRANGA/COITE);AV WASHINGTON SOARES;;0;;Choque c/ Obst?ículo Fixo;Luz do Dia;Bom;Seca;Cruz;Sem?íforo;Comercial;0;0;0;0;0;0;0;0;0;0;0;0;-3,795731300000000;-38,479550000000000
309645;22;6;2017;18:56;0;AV JOAO DE ARAUJO LIMA;RUA LEITAO CERQUEIRA;;0;;Colis?úo Transversal;Via Iluminada;Bom;Seca;Cruz;Sem?íforo;Comercial;0;1;1;0;0;0;0;0;0;1;0;0;-3,830448400000000;-38,559845000000000
309646;22;6;2017;19:10;0;RUA PDE PEDRO DE ALENCAR;;;805;;Colis?úo Lateral;Anoitecer;Bom;Seca;Outros;Sem?íforo;Residencial;0;0;2;1;0;0;0;0;0;0;0;0;-3,836054600000000;-38,494200000000000
309647;22;6;2017;21:27;0;AV DOS EXPEDICIONARIOS;;;3622;;Colis?úo Traseira;Anoitecer;Bom;Seca;Outros;Sem?íforo;Comercial;0;0;2;0;1;0;0;0;0;1;0;0;-3,750181000000000;-38,536674000000000
306303;22;6;2017;10:30;0;RUA PEREIRA FILGUEIRAS;;;52;;Colis?úo Traseira;Luz do Dia;Bom;Seca;Meio de Quadra;Pare;Comercial;0;0;2;1;0;0;0;0;0;0;0;0;;
306306;22;6;2017;15:00;12892;AV DOMINGOS OLIMPIO;RUA BAR RIO BRANCO;;0;;Colis?úo Transversal;Luz do Dia;Bom;Seca;Cruz;Sem?íforo;Comercial;0;0;2;1;0;0;0;0;0;0;0;0;-3,736579000000000;-38,531494000000000
306299;22;6;2017;09:00;0;RUA PDE VALDEVINO;;;400;;Colis?úo Traseira;Luz do Dia;Bom;Seca;Meio de Quadra;Sem?íforo;Comercial;0;0;2;1;0;0;0;0;0;0;0;0;-3,737935000000000;-38,520616000000000
306291;22;6;2017;11:20;0;AV IMPERADOR;;;941;;Colis?úo Lateral;Luz do Dia;Bom;Seca;Meio de Quadra;Sem?íforo;Comercial;0;0;2;1;0;0;0;0;0;0;0;0;-3,729969000000000;-38,535275000000000
306292;22;6;2017;20:00;0;AV BORGES DE MELO;;;80;;Colis?úo Traseira;Via Iluminada;Bom;Seca;Meio de Quadra;Sem?íforo;Comercial;0;0;2;0;1;0;0;0;0;0;0;0;-3,761554000000000;-38,517930000000000
306285;22;6;2017;08:50;9197;RUA JAIME BENEVOLO;RUA COSTA ARAUJO;;0;;Colis?úo Lateral;Luz do Dia;Bom;Seca;Cruz;Pare;Residencial;0;1;1;1;0;0;0;0;0;1;0;0;-3,747162000000000;-38,530420000000000
306321;22;6;2017;09:25;0;AV DOM LUIS;;;300;;Colis?úo Traseira;Luz do Dia;Bom;Seca;Meio de Quadra;;Comercial;0;0;2;0;0;0;0;0;0;0;0;0;-3,732641000000000;-38,499274000000000
306326;22;6;2017;19:50;0;RUA DR JOSE LOURENCO;;;2096;;Colis?úo Transversal;Via Iluminada;Bom;Seca;Meio de Quadra;N?úo H?í Controle;Residencial;0;0;2;1;0;0;0;0;0;0;0;0;-3,742098000000000;-38,510182000000000
306339;22;6;2017;14:20;0;RUA STA LIDUINA D42;;;0;;Colis?úo Transversal;Luz do Dia;Bom;Seca;Meio de Quadra;Pare;Residencial;0;0;2;1;0;0;0;0;0;1;0;0;;
306343;22;6;2017;;23463;RUA PAULO FIRMEZA;RUA FIS VIEIRA;;0;;Colis?úo Lateral;Mal Iluminada;Bom;Seca;Cruz;Pare;Residencial;0;1;1;0;0;0;1;0;0;1;0;0;-3,757341000000000;-38,515176000000000
306346;22;6;2017;19:00;17362;AV JOSE DO PATROCINIO;RUA VENEZUELA;;0;;Colis?úo Transversal;Mal Iluminada;Bom;Seca;Cruz;Pare;Residencial;0;1;1;1;0;0;0;0;0;0;0;0;-3,766178000000000;-38,546932000000000
306348;22;6;2017;22:45;5420;RUA METON DE ALENCAR;RUA SEN POMPEU;;0;;Colis?úo Transversal;Via Iluminada;Bom;Seca;Cruz;Sem?íforo;Comercial;0;0;2;1;0;0;0;0;0;0;0;0;-3,733376000000000;-38,531575000000000
306349;22;6;2017;08:20;24991;AV GAL OSORIO DE PAIVA;RUA ABEL RIBEIRO;;0;;Colis?úo Lateral;Luz do Dia;Bom;Seca;Cruz;Pare;Comercial;0;0;2;0;1;0;1;0;0;0;0;0;-3,781799000000000;-38,576252000000000
306369;22;6;2017;07:20;0;AV PRS JUSCELINO KUBITSCHEK (PASSAR?ë);;;4500;;Colis?úo Traseira;Luz do Dia;Bom;Seca;Meio de Quadra;Outros;Comercial;0;0;3;1;0;0;0;0;0;0;0;0;-3,818562000000000;-38,533326000000000
306265;22;6;2017;21:20;17311;RUA JOAO FIRMINO;RUA ROMEU MARTINS;;0;;Colis?úo Frontal;Via Iluminada;Bom;Seca;Cruz;Pare;Residencial;0;1;1;1;0;0;0;0;0;1;0;0;-3,764274000000000;-38,555582000000000
306271;22;6;2017;09:50;0;RUA CARLOS AMORA;;;81;;Colis?úo Lateral;Luz do Dia;Bom;Seca;Meio de Quadra;N?úo H?í Controle;Comercial;0;0;2;0;1;0;0;0;0;1;0;0;-3,774634000000000;-38,563569000000000
306267;22;6;2017;12:20;25125;RUA DNA LEOPOLDINA;RUA ROCHA LIMA;;0;;Colis?úo Lateral;Luz do Dia;Bom;Seca;Cruz;Pare;Residencial;0;0;2;1;0;0;0;0;0;0;0;0;-3,736665000000000;-38,521427000000000
325246;22;6;2017;10:30;0;AV MAE LISBOA;;;3000;;Colis?úo;Luz do Dia;;Seca;Meio de Quadra;;;0;0;2;1;0;0;0;0;0;0;0;0;-3,805304000000000;-38,446782000000000
325247;22;6;2017;18:45;0;RD CE-040;;;0;KM-12;Colis?úo;Via Iluminada;;Seca;Meio de Quadra;;;0;0;2;1;0;0;0;0;0;1;0;0;-3,857690949000000;-38,472042540000000
325248;22;6;2017;17:45;0;RD CE-060;;;0;KM-02;Colis?úo;Anoitecer;;Seca;Meio de Quadra;;;0;0;2;1;0;0;1;0;0;0;0;0;-3,834064000000000;-38,582111000000000
298157;22;6;2017;15:30;0;RUA DR PIO SARAIVA;AV MR HULL;;0;;Choque c/ Obst?ículo Fixo;Luz do Dia;;;;;;1;0;0;0;0;0;0;0;0;1;0;0;-3,740740000000000;-38,599041000000000
298168;22;6;2017;08:00;0;AV BEIRA MAR;;;2982;CLUBE NAUTICO;Atropelamento;Luz do Dia;;;Meio de Quadra;;;1;0;1;0;0;1;0;0;0;0;0;0;-3,726083000000000;-38,495018000000000
306275;23;6;2017;01:10;7382;AV SEN FERNANDES TAVORA;RUA SAO LUIS D30;;0;;Colis?úo Lateral;;;;Cruz;Pare;Residencial;0;1;1;1;0;0;0;0;0;0;0;0;-3,757244000000000;-38,591428000000000
306278;23;6;2017;15:45;3059;RUA CACILDA BECKER;RUA JULIO BRAGA;;0;;Colis?úo Frontal;Luz do Dia;;;Cruz;Sem?íforo;Comercial;0;2;1;0;0;0;1;0;0;1;0;0;-3,773990000000000;-38,587823000000000
306332;23;6;2017;20:30;0;RUA DNA MENDINHA;;;5286;;Colis?úo Lateral;;;;Meio de Quadra;;;0;0;2;1;0;0;0;0;0;0;0;0;-3,711864600000000;-38,570958700000000
306334;23;6;2017;22:15;17387;RUA ZACARIAS GONDIM;RUA PRO TEODORICO;;0;;Colis?úo Lateral;;;;Cruz;Pare;Residencial;0;0;2;0;1;0;0;0;0;0;0;0;-3,767080000000000;-38,558121000000000
306327;23;6;2017;16:00;0;AV BEIRA MAR;;;2610;;Colis?úo Traseira;Luz do Dia;;;Meio de Quadra;;;0;0;2;1;0;0;0;0;0;0;0;0;-3,725628000000000;-38,497187000000000
306329;23;6;2017;06:20;0;RUA PEDESTRE I;;;995;;Queda;Luz do Dia;;;Meio de Quadra;;;0;1;0;0;0;0;0;0;0;1;0;0;-3,828537000000000;-38,462781200000000
306330;23;6;2017;15:37;0;RUA PRO JOSE DE BARCELOS;;;9359;;Colis?úo Lateral;Luz do Dia;;;Meio de Quadra;;;0;1;1;1;0;0;0;0;0;1;0;0;;
306324;23;6;2017;13:45;0;AV SANTOS DUMONT;;;3465;;Colis?úo Traseira;Luz do Dia;;;Meio de Quadra;;;0;0;2;1;0;0;0;0;0;0;0;0;-3,737783000000000;-38,493550000000000
306320;23;6;2017;17:25;12847;RUA SALDANHA MARINHO;RUA MAJ FACUNDO;;0;;Colis?úo Lateral;Anoitecer;;;Cruz;;Residencial;0;0;2;0;0;0;0;0;0;1;0;0;-3,741916000000000;-38,532454000000000
309648;23;6;2017;09:08;5451;RUA BARBARA DE ALENCAR;AV DOM MANUEL;;0;;Colis?úo Transversal;Luz do Dia;Bom;Seca;Cruz;Sem?íforo;Comercial;0;2;0;0;0;0;0;0;0;1;0;0;-3,735043300000000;-38,523403000000000
309649;23;6;2017;08:16;24346;RUA ARMANDO MONTEIRO;RUA ALBERTO MONTEZUMA;;0;;Colis?úo Lateral;Luz do Dia;Bom;Seca;Cruz;D?¬ Prefer?¬ncia;Residencial;0;0;1;1;0;0;0;0;0;0;0;0;-3,764797700000000;-38,532696000000000
309650;23;6;2017;08:44;0;RUA MAL RONDON;;;1100;;Colis?úo Lateral;Luz do Dia;Bom;Seca;Meio de Quadra;;;0;1;1;1;0;0;0;0;0;1;0;0;-3,741252400000000;-38,489304000000000
309651;23;6;2017;10:16;0;RUA CEL LINHARES;;;0;;Colis?úo Lateral;Luz do Dia;Bom;Seca;Meio de Quadra;N?úo H?í Controle;Residencial;0;1;1;1;0;0;0;0;0;1;0;0;-3,740833000000000;-38,495476000000000
309652;23;6;2017;09:40;0;AV DOS EXPEDICIONARIOS;;;4716;;Colis?úo Traseira;Luz do Dia;Bom;Seca;Meio de Quadra;Pare;Residencial;0;0;3;1;1;0;0;0;0;1;0;0;-3,759935900000000;-38,539690000000000
309653;23;6;2017;13:21;0;AV SEN CARLOS JEREISSATI (AEROPORTO);;;1;AEROPORTO;Colis?úo Lateral;Via Iluminada;Bom;Seca;Meio de Quadra;N?úo H?í Controle;Comercial;0;0;2;0;1;0;0;0;0;0;0;0;-3,778928000000000;-38,540424000000000
309682;23;6;2017;07:51;0;RUA JAIME BENEVOLO;;;1898;;Colis?úo Traseira;Luz do Dia;Bom;Seca;Meio de Quadra;N?úo H?í Controle;Residencial;0;0;2;1;0;0;0;0;0;1;0;0;-3,748633600000000;-38,531150000000000
309655;23;6;2017;14:31;0;RUA PRO RAIMUNDO VITOR;;;90;;Choque c/ Obst?ículo Fixo;Luz do Dia;Bom;Seca;Meio de Quadra;Pare;Residencial;0;0;1;1;0;0;0;0;0;0;0;0;-3,736923000000000;-38,566013000000000
309656;23;6;2017;14:41;0;RUA JOSE HIPOLITO;RUA G CJ MONTENEGRO I;;0;;Colis?úo Transversal;Luz do Dia;Bom;Seca;T;Pare;Residencial;0;0;2;1;0;0;0;0;0;0;0;0;-3,835262300000000;-38,486736000000000
309657;23;6;2017;15:28;5458;RUA BARBARA DE ALENCAR;RUA RODRIGUES JUNIOR;;0;;Colis?úo Transversal;Luz do Dia;Bom;Seca;Cruz;Pare;Comercial;0;0;2;1;0;0;0;0;0;1;0;0;-3,735158000000000;-38,522106000000000
309658;23;6;2017;16:05;25700;RUA J DA PENHA;RUA ROCHA LIMA;;0;;Colis?úo Lateral;Luz do Dia;Bom;Seca;Cruz;Pare;Comercial;0;0;0;1;0;0;0;0;0;0;0;0;-3,737008000000000;-38,520356000000000
309696;23;6;2017;14:07;21378;AV JOVITA FEITOSA;RUA PRO JOSE DE BARCELOS;;0;;Colis?úo Lateral;Luz do Dia;Bom;Seca;Cruz;Sem?íforo;Comercial;0;0;1;1;0;0;0;0;0;0;0;0;-3,738571600000000;-38,549976000000000
309660;23;6;2017;16:45;0;AV PRS JUSCELINO KUBITSCHEK (PASSAR?ë);;;3700;;Engavetamento;Anoitecer;Nublado;Seca;Meio de Quadra;Sem?íforo;Escola;0;0;3;1;0;0;0;0;0;0;0;0;-3,814188000000000;-38,530228000000000
309661;23;6;2017;17:30;0;RUA CORREIA LIMA D39;AV DOS FRANCESES;;0;;Colis?úo Transversal;Via Iluminada;Nublado;Seca;Cruz;Pare;Rural;0;0;3;1;0;0;0;0;0;1;0;0;-3,782453300000000;-38,467266000000000
309662;23;6;2017;17:14;0;AV LUCIANO CARNEIRO;;;1333;;Colis?úo Traseira;Anoitecer;Nublado;Seca;Meio de Quadra;Sem?íforo;Comercial;0;0;3;1;0;0;0;0;0;0;0;0;-3,759747000000000;-38,535156000000000
309663;23;6;2017;19:15;10681;AV MIGUEL DIAS;RUA FIRMINO ROCHA AGUIAR;;0;FIC;Colis?úo Transversal;Via Iluminada;Nublado;Seca;Rotat??ria;D?¬ Prefer?¬ncia;Escola;0;0;2;1;0;0;0;0;0;0;0;0;-3,764241000000000;-38,487710000000000
309664;23;6;2017;19:48;0;RUA BERNARDO MANUEL;;;8231;;Colis?úo Traseira;Via Iluminada;Bom;Seca;Meio de Quadra;N?úo H?í Controle;Comercial;0;1;3;1;0;0;0;0;0;0;0;0;-3,808340800000000;-38,554302000000000
309665;23;6;2017;22:12;0;AV DOM LUIS;;;0;PRACA PORTUGAL;Colis?úo Lateral;Via Iluminada;Bom;Seca;Rotat??ria;Gesto;Comercial;0;0;2;1;0;0;0;0;0;0;0;0;-3,733119500000000;-38,497690000000000
323331;23;6;2017;03:12;0;RUA SILVA PAULET;;;2500;;Colis?úo;;;;Meio de Quadra;;;0;1;1;1;0;0;0;0;0;1;0;0;-3,746228000000000;-38,509248000000000
323336;23;6;2017;03:24;0;AV SANTOS DUMONT;;;5515;;Colis?úo;;;;Meio de Quadra;;;0;1;1;1;0;0;0;0;0;1;0;0;-3,741381000000000;-38,482413000000000
323338;23;6;2017;05:04;0;RUA IRACEMA D71;;;1000;;Colis?úo;Amanhecer;;;Meio de Quadra;;;0;1;0;0;0;0;0;0;0;0;0;0;;
323339;23;6;2017;06:20;0;AV MAJ ASSIS;;;1476;;Queda;Luz do Dia;;;Meio de Quadra;;;0;1;0;0;0;0;0;0;0;1;0;0;-3,722606000000000;-38,592621000000000
323340;23;6;2017;07:32;23347;RUA EDUARDO BEZERRA;RUA JOSE VILAR;;0;;Colis?úo;Luz do Dia;;;Cruz;Pare;Residencial;0;1;1;1;0;1;0;0;0;0;0;0;-3,753529000000000;-38,510370000000000
323341;23;6;2017;07:35;0;RUA ARMANDO MONTEIRO;;;493;;Colis?úo;Luz do Dia;;;Meio de Quadra;;;0;1;1;1;0;0;0;0;0;1;0;0;-3,763534000000000;-38,536013000000000
323342;23;6;2017;07:46;0;AV CEL CARVALHO;;;1438;;Colis?úo;Luz do Dia;;;Meio de Quadra;;;0;1;1;1;0;0;0;0;0;1;0;0;-3,715357000000000;-38,588472000000000
323355;23;6;2017;08:27;1705;RUA TEN ROMA;RUA CAP VASCONCELOS D46;;0;;Colis?úo;Luz do Dia;;;Cruz;Pare;Residencial;0;1;1;1;0;0;0;0;0;1;0;0;-3,768197000000000;-38,516588000000000
323360;23;6;2017;08:53;0;RUA STA LUZIA;;;0;;Colis?úo;Luz do Dia;;;Meio de Quadra;;;0;1;0;0;0;0;0;0;0;0;0;0;;
323358;23;6;2017;08:35;0;RUA EQUADOR;;;0;;Atropelamento;Luz do Dia;;;Meio de Quadra;;;0;1;1;1;0;0;0;0;0;0;0;0;;
323386;23;6;2017;11:09;0;RUA PERU;;;173;;Colis?úo;Luz do Dia;;;Meio de Quadra;;;0;1;1;1;0;1;0;0;0;0;0;0;-3,769344000000000;-38,549838000000000
323383;23;6;2017;10:47;25047;RUA CIDADE PALHANO;RUA ANTONIO ARRUDA;;0;;Colis?úo;Luz do Dia;;;Cruz;Pare;Residencial;0;1;1;1;0;0;0;0;0;1;0;0;-3,717903000000000;-38,593359000000000
323384;23;6;2017;10:47;0;RUA DR AMADEU SA;;;527;;Colis?úo;Luz do Dia;;;Meio de Quadra;;;0;1;1;0;0;0;0;0;0;1;0;0;;
323399;23;6;2017;14:57;0;AV PERIMETRAL;;;1994;;Colis?úo;Luz do Dia;;;Meio de Quadra;;;0;1;0;0;0;0;0;0;0;0;0;0;;
323400;23;6;2017;15:40;0;AV JOVITA FEITOSA;;;0;;Colis?úo;Luz do Dia;;;Meio de Quadra;;;0;1;1;1;0;0;0;0;0;1;0;0;;
323401;23;6;2017;15:49;0;AV GAL OSORIO DE PAIVA;;;3349;;Colis?úo;Luz do Dia;;;Meio de Quadra;;;0;1;1;0;0;0;0;0;0;1;0;0;-3,790237000000000;-38,587997000000000
323391;23;6;2017;11:26;8000;AV JOAO PESSOA;RUA DELMIRO FARIAS;;0;;Colis?úo;Luz do Dia;;;Cruz;Pare;Comercial;0;1;0;0;0;0;0;0;0;0;0;0;-3,750275000000000;-38,547538000000000
323392;23;6;2017;11:40;0;RUA PEDRO DANTAS;;;98;;Colis?úo;Luz do Dia;;;Meio de Quadra;;;0;1;1;1;0;0;0;0;0;1;0;0;-3,786552000000000;-38,518345000000000
323393;23;6;2017;13:43;0;ET DO FIO (MESSEJANA);;;1055;;Colis?úo;Luz do Dia;;;Meio de Quadra;;;0;1;1;1;0;0;0;0;0;1;0;0;;
323394;23;6;2017;14:03;0;RUA JOSE HIPOLITO;;;1033;;Colis?úo;Luz do Dia;;;Meio de Quadra;;;0;1;0;0;0;0;0;0;0;0;0;0;-3,835266000000000;-38,486998000000000
323362;23;6;2017;09:38;11155;RUA ANTONIO BANDEIRA D41;RUA CAMBARA;;0;;Colis?úo;Luz do Dia;;;Cruz;Pare;Residencial;0;1;1;1;0;0;0;0;0;1;0;0;-3,783828000000000;-38,564114000000000
323411;23;6;2017;19:41;0;AV ANTONIO JUSTA;;;0;;Atropelamento;;;;Meio de Quadra;;;0;1;0;0;0;0;0;0;0;0;0;0;;
323417;23;6;2017;22:21;0;RUA ADARIAS DE LIMA;;;206;;Colis?úo;;;;Meio de Quadra;;;0;1;0;0;0;0;0;0;0;0;0;0;-3,720249281000000;-38,533517160000000
323418;23;6;2017;22:50;0;AV PERIMETRAL;;;217;;Colis?úo;;;;Meio de Quadra;;;0;1;1;1;0;0;0;0;0;1;0;0;;
323413;23;6;2017;20:47;0;AV MR HULL;;;0;;Colis?úo;;;;Meio de Quadra;;;0;1;0;0;0;0;0;0;0;0;0;0;;
323414;23;6;2017;21:31;0;RUA DEMETRIO MENEZES;;;0;;Colis?úo;;;;Meio de Quadra;;;0;1;0;0;0;0;0;0;0;0;0;0;;
323415;23;6;2017;21:48;20150;RUA ALENCAR OLIVEIRA;RUA PRO JOSE SILVEIRA;;0;;Colis?úo;;;;Cruz;Pare;Residencial;0;1;1;1;0;0;0;0;0;1;0;0;-3,811251000000000;-38,518965000000000
323403;23;6;2017;15:58;0;AV CASTELO DE CASTRO;;;550;;Atropelamento de Animal;Luz do Dia;;;Meio de Quadra;;;0;1;0;0;0;0;0;0;0;1;0;0;-3,834149000000000;-38,521599000000000
323407;23;6;2017;17:42;0;RUA EVILASIO A MIRANDA;;;0;;Colis?úo;Anoitecer;;;Meio de Quadra;;;0;1;1;1;0;0;0;0;0;1;0;0;;
323408;23;6;2017;18:28;0;AV PERIMETRAL;;;1861;;Colis?úo;Anoitecer;;;Meio de Quadra;;;0;2;1;1;0;0;0;0;0;1;0;0;;
323409;23;6;2017;18:49;0;AV DEP PAULINO ROCHA;;;2000;;Atropelamento;;;;Meio de Quadra;;;0;1;1;1;0;0;0;0;0;0;0;0;-3,811187000000000;-38,515144000000000
323428;23;6;2017;23:02;0;RUA DIOGO CORREIA;;;217;;Colis?úo;;;;Meio de Quadra;;;0;1;0;0;0;0;0;0;0;0;0;0;-3,772296000000000;-38,589471000000000
323405;23;6;2017;17:16;0;RUA TEODOMIRO DE CASTRO;;;4461;;Colis?úo;Anoitecer;;;Meio de Quadra;;;0;2;1;1;0;0;0;0;0;1;0;0;-3,718408000000000;-38,572978000000000
309666;24;6;2017;02:30;5160;RUA TEN BENEVOLO;RUA SEN ALMINO;;284;;Colis?úo Transversal;Via Iluminada;Bom;Seca;T;Pare;Residencial;0;1;0;1;0;0;0;0;0;0;0;0;-3,725036600000000;-38,518394000000000
309667;24;6;2017;08:27;0;AV JOR THOMAZ COELHO;;;2335;;Colis?úo Traseira;Luz do Dia;Bom;Seca;Meio de Quadra;N?úo H?í Controle;Residencial;0;1;1;0;0;0;0;0;0;1;0;0;-3,828122000000000;-38,517086000000000
309668;24;6;2017;08:46;0;AV BORGES DE MELO;;;80;;Colis?úo Lateral;Luz do Dia;Bom;Seca;Outros;Sem?íforo;Comercial;0;0;2;1;1;0;0;0;0;0;0;0;-3,761417400000000;-38,518410000000000
309669;24;6;2017;08:30;5436;RUA JAIME BENEVOLO;RUA GAL CLARINDO DE QUEIROZ;;0;;Colis?úo Transversal;Luz do Dia;Bom;Seca;Cruz;Pare;Comercial;0;0;2;1;0;0;0;0;0;0;0;0;-3,734175700000000;-38,525826000000000
309670;24;6;2017;09:17;19533;AV GAL OSORIO DE PAIVA;RUA NEREU RAMOS;;0;;Colis?úo Transversal;Luz do Dia;Bom;Seca;Cruz;Sem?íforo;Comercial;0;1;1;1;0;0;0;0;0;1;0;0;-3,782257000000000;-38,576786000000000
309671;24;6;2017;09:25;12889;RUA MES ROSA;RUA LAURO MAIA;;0;;Colis?úo Transversal;Luz do Dia;Nublado;Seca;T;Pare;Residencial;0;0;2;1;1;0;0;0;0;0;0;0;-3,741461300000000;-38,524174000000000