COD_ACIDENTE;DIA;MES;ANO;HORA;INTERSECAO;LOG1;LOG2;LOG3;NUMERO;REFERENCIA;NATUREZA;ILUMINACAO;TEMPO;SUPERFICIEPISTA;TIPOCRUZAMENTO;CONTROLETRAFEGO;USOSOLO;MORTOS;FERIDOS;ILESOS;AUTOMOVEL;ONIBUS;BICICLETA;CAMINHAO;MICROONIBUS;CICLOMOTOR;MOTOCICLETA;TRACAOANIMAL;TREM;LATITUDE;LONGITUDE
309672;24;6;2017;11:17;0;AV OLIVEIRA PAIVA;;;2288;;Colis?úo Traseira;Luz do Dia;Bom;Seca;Meio de Quadra;Sem?íforo;Comercial;0;0;4;1;0;0;0;0;0;0;0;0;-3,796215500000000;-38,485638000000000
309673;24;6;2017;12:48;0;RUA JORGE DUMAR;;;2003;;Colis?úo Traseira;Luz do Dia;Bom;Seca;Meio de Quadra;Sem?íforo;Comercial;0;1;1;1;0;0;0;0;0;1;0;0;-3,753255100000000;-38,539490000000000
309674;24;6;2017;14:40;15277;RUA JULIO IBIAPINA;AV ANTONIO JUSTA;;0;;Colis?úo Transversal;Luz do Dia;Nublado;Seca;Cruz;Sem?íforo;Residencial;0;2;1;1;0;0;0;0;1;0;0;0;-3,728819100000000;-38,490772000000000
309675;24;6;2017;16:50;0;RUA EDUARDO PORTO;;;163;;Colis?úo Traseira;Luz do Dia;Nublado;Seca;Meio de Quadra;N?úo H?í Controle;Comercial;0;0;2;1;0;0;0;0;0;1;0;0;-3,832536200000000;-38,496902000000000
309676;24;6;2017;19:29;7642;RUA RIO GRANDE DO NORTE;RUA ESTADO DO RIO;;0;;Colis?úo Lateral;Luz do Dia;Bom;Seca;Cruz;Pare;Comercial;0;0;1;1;0;0;0;0;0;0;0;0;-3,757023600000000;-38,570015000000000
309677;24;6;2017;20:29;7718;AV CARNEIRO DE MENDONCA;AV JOSE BASTOS;;0;;Colis?úo Transversal;Via Iluminada;Bom;Seca;Cruz;Sem?íforo;Comercial;0;2;0;0;0;0;0;0;0;1;0;0;-3,764208800000000;-38,566580000000000
309678;24;6;2017;20:50;504;AV SEN FERNANDES TAVORA;RUA CAR ARCO VERDE;;0;;Colis?úo Transversal;Via Iluminada;Bom;Seca;Cruz;Pare;Comercial;0;0;1;1;0;0;0;0;0;1;0;0;-3,755842200000000;-38,593840000000000
309679;24;6;2017;14:27;0;AV MON TABOSA;;;1446;;Colis?úo Lateral;Luz do Dia;Bom;Seca;Cruz;Sem?íforo;Lazer;0;0;2;1;0;0;0;0;0;0;0;0;-3,724398600000000;-38,506035000000000
306304;24;6;2017;19:10;15819;AV JOR THOMAZ COELHO;RUA STA EFIGENIA;;0;;Colis?úo Lateral;Via Iluminada;Nublado;Seca;Cruz;N?úo H?í Controle;Comercial;0;2;0;1;1;0;0;0;0;0;0;0;-3,832374000000000;-38,500550000000000
306305;24;6;2017;12:40;0;RUA BARROS LEAL;;;0;;Colis?úo Transversal;Luz do Dia;Bom;Seca;Outros;Pare;Outros;0;1;0;1;0;0;0;0;0;0;0;0;;
306307;24;6;2017;20:30;1312;AV DOM LUIS;RUA LEONARDO MOTA;;0;;Colis?úo Transversal;Via Iluminada;Bom;Seca;Cruz;Sem?íforo;Comercial;0;1;1;1;0;0;0;0;0;0;0;0;-3,733872000000000;-38,495445000000000
306308;24;6;2017;;1250;AV BAR STUDART;RUA COSTA BARROS;;0;;;Via Iluminada;Bom;Seca;Cruz;Sem?íforo;Comercial;0;1;0;1;0;0;0;0;0;0;0;0;-3,732231000000000;-38,505837000000000
306300;24;6;2017;09:30;17433;RUA CESAR ROSSAS;RUA PRO TEODORICO;;0;;Colis?úo Traseira;Luz do Dia;Bom;Seca;Cruz;Pare;Residencial;0;1;0;1;0;0;0;0;0;0;0;0;-3,768770000000000;-38,553473000000000
306302;24;6;2017;00:30;25107;RUA DEMETRIO MENEZES;RUA JOAQUIM ALBANO;;0;;Colis?úo Transversal;Via Iluminada;Bom;Seca;Y;Sem?íforo Intermitente;Comercial;0;2;0;0;1;0;0;0;0;1;0;0;-3,735910000000000;-38,584096000000000
306297;24;6;2017;01:00;20150;RUA PRO JOSE SILVEIRA;RUA ALENCAR OLIVEIRA;;0;;Colis?úo Lateral;Via Iluminada;Nublado;Seca;Cruz;Pare;Residencial;0;1;0;1;0;0;0;0;0;1;0;0;-3,811251000000000;-38,518965000000000
306298;24;6;2017;15:00;303;RUA ROTARY;RUA TIP SALES;;0;;Colis?úo;Luz do Dia;Bom;Seca;Cruz;Pare;Residencial;0;2;0;1;0;0;0;0;0;0;0;0;-3,743553000000000;-38,563564000000000
325249;24;6;2017;10:30;0;RD CE-040;;;400;KM-07;Colis?úo;Luz do Dia;;Seca;Meio de Quadra;;;0;0;3;1;0;0;0;0;0;0;0;0;-3,758145824000000;-38,486968281000000
325250;24;6;2017;06:40;0;AV SEN CARLOS JEREISSATI (AEROPORTO);;;0;KM 02;Choque c/ Obst?ículo Fixo;Luz do Dia;;Seca;Meio de Quadra;;;0;0;1;1;0;0;0;0;0;0;0;0;-3,782194000000000;-38,535424000000000
325252;24;6;2017;18:00;0;RD CE-040;;;0;KM-04;Colis?úo;Anoitecer;;Seca;Meio de Quadra;;;0;0;2;1;1;0;0;0;0;0;0;0;-3,791613156000000;-38,480330840000000
324826;24;6;2017;00:48;12541;RUA ROSINHA SAMPAIO;RUA MARIO CAMPOS;;0;;Colis?úo;;;;Cruz;Pare;Comercial;0;1;0;1;0;0;0;0;0;1;0;0;-3,726704000000000;-38,587920000000000
324827;24;6;2017;02:32;0;AV JANGADEIROS (MUCURIPE);;;512;;Colis?úo;;;;Meio de Quadra;;;0;1;0;1;0;0;0;0;0;1;0;0;-3,725632400000000;-38,478538000000000
324834;24;6;2017;04:01;9124;AV VIS RIO BRANCO;RUA MON SALAZAR;;0;;Colis?úo;;;;Cruz;Sem?íforo;Comercial;0;0;1;0;0;0;0;0;0;0;0;0;-3,756701000000000;-38,519870000000000
324832;24;6;2017;03:38;15355;RUA FRE MANSUETO;RUA CANUTO DE AGUIAR;;0;;Colis?úo;;;;Cruz;Sem?íforo;Comercial;0;0;1;1;0;0;0;0;0;0;0;0;;
324841;24;6;2017;09:38;0;AV SANTOS DUMONT;;;7800;;Colis?úo;Luz do Dia;;;Meio de Quadra;;;0;1;0;1;0;0;0;0;0;1;0;0;-3,747388000000000;-38,463740000000000
324839;24;6;2017;09:04;0;AV ALBERTO CRAVEIRO;;;2053;;Queda;Luz do Dia;;;Meio de Quadra;;;0;1;0;0;0;0;0;0;0;1;0;0;-3,798579000000000;-38,518754000000000
324837;24;6;2017;04:42;0;AV PERIMETRAL;;;0;;Queda;;;;Meio de Quadra;;;0;1;0;0;0;0;0;0;0;1;0;0;;
324861;24;6;2017;18:13;0;AV JOSE BASTOS;;;4160;;Colis?úo;Anoitecer;;;Meio de Quadra;;;0;2;0;1;0;0;0;0;0;1;0;0;-3,754300000000000;-38,554763000000000
324862;24;6;2017;18:20;0;AV MR HULL;;;5759;;Colis?úo;Anoitecer;;;Meio de Quadra;;;0;1;0;1;0;0;0;0;0;0;0;0;-3,740224000000000;-38,595421000000000
324863;24;6;2017;18:31;0;RUA VASCO BENICIO;;;80;;Colis?úo;;;;Meio de Quadra;;;0;1;0;0;0;0;0;0;0;0;0;0;-3,724079800000000;-38,571021300000000
324864;24;6;2017;18:55;0;ET DO JATOBA;;;2491;;Queda;;;;Meio de Quadra;;;0;1;0;0;0;0;0;0;0;1;0;0;-3,795350000000000;-38,626620000000000
324859;24;6;2017;17:08;5189;RUA PEDRO PEREIRA;RUA PDE IBIAPINA;;0;;Atropelamento;Anoitecer;;;;;;0;1;0;1;0;0;0;0;0;0;0;0;-3,725940000000000;-38,540601000000000
324856;24;6;2017;15:01;0;RUA CIDADE PALHANO;;;499;;Atropelamento;Luz do Dia;;;Meio de Quadra;;;0;1;0;1;0;0;0;0;0;0;0;0;;
324857;24;6;2017;16:50;0;AV MR HULL;;;5759;;Colis?úo;Luz do Dia;;;Meio de Quadra;;;0;1;0;0;0;0;0;0;0;0;0;0;-3,740224000000000;-38,595421000000000
324850;24;6;2017;13:07;0;RUA JOAQUIM TORRES;;;64;;Queda;Luz do Dia;;;Meio de Quadra;;;0;0;1;0;0;0;0;0;0;1;0;0;-3,740911000000000;-38,522701000000000
324848;24;6;2017;12:16;0;AV CEL CARVALHO;;;614;;Colis?úo;Luz do Dia;;;Meio de Quadra;;;0;1;0;0;0;0;0;0;0;1;0;0;-3,732714400000000;-38,526998100000000
324846;24;6;2017;11:08;3320;RUA ARGENTINA;RUA VIRIATO RIBEIRO;;0;;Colis?úo;Luz do Dia;;;Cruz;Pare;Residencial;0;1;0;1;0;0;0;0;0;1;0;0;-3,747181000000000;-38,564284000000000
324843;24;6;2017;10:21;0;RUA JOSE ABILIO;;;891;;Colis?úo;Luz do Dia;;;Meio de Quadra;;;0;1;0;0;0;0;0;0;0;0;0;0;;
324885;24;6;2017;20:30;0;AV C CJ JOSE WALTER;;;0;;Atropelamento;;;;Meio de Quadra;;;0;1;0;1;0;0;0;0;0;0;0;0;;
324908;24;6;2017;22:47;0;RUA CAP BRASIL;;;1366;;Colis?úo;;;;Meio de Quadra;;;0;1;0;0;0;0;0;0;0;0;0;0;;
324911;24;6;2017;22:47;0;RUA VALPARAISO;;;591;;Colis?úo;;;;Meio de Quadra;;;0;1;0;0;0;0;0;0;0;0;0;0;-3,849894700000000;-38,509654000000000
324913;24;6;2017;23:36;7211;AV PRS CASTELO BRANCO;AV DR THEBERGE;;0;;Colis?úo;;;;Cruz;Sem?íforo;Comercial;0;1;0;0;0;0;0;0;0;0;0;0;-3,710079000000000;-38,563456000000000
324901;24;6;2017;20:47;0;RUA SAO FRANCISCO D34;;;280;;Atropelamento;;;;Meio de Quadra;;;0;1;0;0;0;0;0;0;0;1;0;0;-3,784230000000000;-38,589042000000000
324898;24;6;2017;20:44;0;AV J CJ JOSE WALTER;;;0;;Atropelamento;;;;Meio de Quadra;;;0;1;0;0;0;0;0;0;0;1;0;0;;
325866;24;6;2017;17:10;0;RD BR 116;;;700;KM-12;Colis?úo Lateral;Anoitecer;;Seca;Meio de Quadra;;;0;0;2;1;0;0;0;0;0;0;0;0;-3,791713000000000;-38,509100000000000
325867;24;6;2017;16:50;0;RD BR 222;;;0;KM-03;Choque c/ Obst?ículo Fixo;Luz do Dia;;Seca;Meio de Quadra;;;0;1;0;1;0;0;0;0;0;0;0;0;-3,740300848000000;-38,595940970000000
325868;25;6;2017;13:30;0;RD BR 116;;;9000;KM-09;Colis?úo Frontal;Luz do Dia;;Seca;Meio de Quadra;;;0;1;1;1;0;0;0;0;0;1;0;0;-3,830837000000000;-38,504865000000000
325008;25;6;2017;14:26;0;AV GAL OSORIO DE PAIVA;;;11700;;Colis?úo;Luz do Dia;;;Meio de Quadra;;;0;2;0;1;0;0;0;0;0;1;0;0;;
324993;25;6;2017;12:37;10775;RUA TUPI D35;RUA JOCKEY CLUBE;;0;;Colis?úo;Luz do Dia;;;Cruz;Pare;Residencial;0;1;0;0;0;0;0;0;0;1;0;0;-3,762117000000000;-38,579897000000000
324996;25;6;2017;13:33;0;AV JOR THOMAZ COELHO;;;0;;Colis?úo;Luz do Dia;;;Meio de Quadra;;;0;1;0;1;0;0;0;0;0;1;0;0;;
324997;25;6;2017;13:40;0;RUA PRO GOMES BRASIL;;;413;;Colis?úo;Luz do Dia;;;Meio de Quadra;;;0;1;0;1;0;0;0;0;0;1;0;0;-3,772173000000000;-38,568958000000000
325053;25;6;2017;15:07;0;RUA 44 CJ HAB ST S JOAO;;;163;;Colis?úo;Luz do Dia;;;Meio de Quadra;;;0;1;0;1;0;0;0;0;0;1;0;0;-3,853218000000000;-38,512322000000000
325061;25;6;2017;16:12;0;AV FRE CIRILO;;;2300;;Colis?úo;Luz do Dia;;;Meio de Quadra;;;0;1;2;1;0;0;0;0;0;0;0;0;-3,805232500000000;-38,502906900000000
325057;25;6;2017;16:10;0;AV PERIMETRAL;;;0;;Queda;Luz do Dia;;;Meio de Quadra;;;0;1;0;0;0;0;0;0;0;1;0;0;;
325055;25;6;2017;15:10;10995;RUA ALM RUBIM;RUA 15 DE NOVEMBRO;;0;;Colis?úo;Luz do Dia;;;Cruz;Pare;Comercial;0;2;0;1;0;0;0;0;0;0;0;0;-3,768907000000000;-38,555939000000000
325051;25;6;2017;14:30;7529;RUA PEDRO DANTAS;RUA CHICO MOTA;;0;;Colis?úo;Luz do Dia;;;Cruz;Pare;Residencial;0;1;0;0;0;0;0;0;0;1;0;0;-3,785914000000000;-38,521908000000000
324987;25;6;2017;11:58;0;AV MOZART PINHEIRO DE LUCENA;;;2201;;Colis?úo;Luz do Dia;;;Meio de Quadra;;;0;1;0;1;0;0;0;0;0;1;0;0;-3,722774000000000;-38,597004000000000
324988;25;6;2017;12:20;0;RUA BAR CRATO;;;1700;;Colis?úo;Luz do Dia;;;Meio de Quadra;;;0;0;1;1;0;0;0;0;0;1;0;0;;
324983;25;6;2017;10:36;0;AV GAL OSORIO DE PAIVA;;;6800;;Queda;Luz do Dia;;;Meio de Quadra;;;0;1;0;0;0;0;0;0;0;1;0;0;-3,813664000000000;-38,610725000000000
324981;25;6;2017;09:14;0;RUA PDE MAXIMO FEITOSA;;;530;;Colis?úo;Luz do Dia;;;Meio de Quadra;;;0;1;0;1;0;0;0;0;0;1;0;0;-3,731868700000000;-38,574181400000000
324978;25;6;2017;07:46;0;AV FRANCISCO SA;;;2524;;Colis?úo;Luz do Dia;;;Meio de Quadra;;;0;1;0;1;0;0;0;0;0;1;0;0;-3,720500000000000;-38,547965000000000
324975;25;6;2017;05:47;0;RUA ANARIO BRAGA;;;622;;Queda;Amanhecer;;;Meio de Quadra;;;0;1;0;0;0;0;0;0;0;1;0;0;-3,737428000000000;-38,591477000000000
324963;25;6;2017;03:48;23443;RUA MON SALAZAR;RUA BARROS LEAL;;0;;Atropelamento;;;;Cruz;Pare;Residencial;0;1;0;0;0;0;0;0;0;0;0;0;-3,756583000000000;-38,518728000000000
324960;25;6;2017;02:38;0;RUA ALM RUBIM;;;1508;;Colis?úo;;;;Meio de Quadra;;;0;1;0;0;0;0;0;0;0;0;0;0;-3,770673000000000;-38,556566000000000
324957;25;6;2017;02:29;0;RUA SOUSA CARVALHO;;;1704;;Queda;;;;Meio de Quadra;;;0;0;1;0;0;0;0;0;0;1;0;0;-3,781240000000000;-38,597155000000000
324965;25;6;2017;04:28;0;AV ENG HUMBERTO MONTE;;;2677;;Colis?úo;;;;Meio de Quadra;;;0;0;1;1;0;0;0;0;0;0;0;0;-3,739038000000000;-38,568860000000000
324946;25;6;2017;01:47;0;RUA ESTADO DO RIO;;;682;;Colis?úo;;;;Meio de Quadra;;;0;1;0;1;0;0;0;1;0;0;0;0;-3,756820000000000;-38,569818000000000
324935;25;6;2017;00:35;0;AV J CJ JOSE WALTER;;;387;;Colis?úo;;;;Meio de Quadra;;;0;1;0;1;0;0;0;1;0;0;0;0;-3,828690000000000;-38,554949000000000
324920;25;6;2017;00:11;26215;RUA E CJ JOSE WALTER;AV D CJ JOSE WALTER;;0;;Capotamento;;;;Rotat??ria;D?¬ Prefer?¬ncia;Misto;0;1;0;1;0;0;0;0;0;0;0;0;;
325253;25;6;2017;12:45;0;RD CE-040;;;500;KM-02;Colis?úo;Luz do Dia;;Seca;Meio de Quadra;;;0;0;2;1;0;0;0;0;0;1;0;0;;
325254;25;6;2017;00:40;0;AV MAE LISBOA;;;3000;;Choque c/ Obst?ículo Fixo;Mal Iluminada;;Seca;Meio de Quadra;;;0;1;0;0;0;0;0;0;0;0;0;0;-3,805304000000000;-38,446782000000000
325093;25;6;2017;18:51;0;RUA LUCIANO DE QUEIROS;;;150;;Queda;;;;Meio de Quadra;;;0;1;0;0;0;0;0;0;0;1;0;0;-3,759562000000000;-38,579354000000000
325085;25;6;2017;18:01;5120;AV MON TABOSA;RUA JOAO CORDEIRO;;0;;Colis?úo;Anoitecer;;;Cruz;Sem?íforo;Comercial;0;2;0;1;0;0;0;0;0;1;0;0;-3,724009000000000;-38,512635000000000
325079;25;6;2017;17:08;0;AV D CJ JOSE WALTER;;;1136;;Colis?úo;Anoitecer;;;Meio de Quadra;;;0;1;0;1;0;0;0;0;0;1;0;0;;
325065;25;6;2017;16:39;0;RUA SAO FIDELIS D71;;;2;;Queda;Luz do Dia;;;Meio de Quadra;;;0;1;0;0;0;0;0;0;0;1;0;0;-3,823626000000000;-38,594337000000000
325110;25;6;2017;20:44;0;RUA ESTADO DO RIO;;;622;;Colis?úo;;;;Meio de Quadra;;;0;1;0;0;0;0;0;0;0;1;0;0;-3,756417000000000;-38,569549000000000
325107;25;6;2017;20:41;0;AV CASTELO DE CASTRO;;;0;;Atropelamento;;;;Meio de Quadra;;;0;1;0;0;0;0;0;0;0;1;0;0;;
325105;25;6;2017;19:32;0;RUA MORAUJO;;;361;;Atropelamento;;;;Meio de Quadra;;;0;1;0;0;0;0;0;0;0;1;0;0;-3,719116100000000;-38,591952400000000
325118;25;6;2017;20:59;0;RUA IRINEU MACHADO;;;2088;;Queda;;;;Meio de Quadra;;;0;0;1;0;0;0;0;0;0;1;0;0;-3,820193500000000;-38,628785400000000
325122;25;6;2017;21:20;0;AV GENIBAU;;;597;;Colis?úo;;;;Meio de Quadra;;;0;0;1;0;0;0;0;0;0;0;0;0;-3,760762000000000;-38,599968000000000
298158;25;6;2017;03:00;0;AV MOZART PINHEIRO DE LUCENA;;;3010;;Atropelamento;;;;Meio de Quadra;;;1;0;1;1;0;0;0;0;0;0;0;0;-3,731130000000000;-38,599340000000000
306309;25;6;2017;15:31;10995;RUA 15 DE NOVEMBRO;RUA ALM RUBIM;;0;;Colis?úo Lateral;Luz do Dia;Bom;Seca;Cruz;Pare;Residencial;0;2;0;0;0;0;1;0;0;0;0;0;-3,768907000000000;-38,555939000000000
306311;25;6;2017;04:00;0;AV MOZART PINHEIRO DE LUCENA;;;3000;;Atropelamento;Via Iluminada;Bom;Seca;Meio de Quadra;N?úo H?í Controle;Residencial;0;1;0;0;0;0;0;0;0;0;0;0;-3,730999000000000;-38,599304000000000
309680;25;6;2017;04:20;6970;AV F CJ ESPERANCA;AV D CJ ESPERANCA;;0;;Colis?úo Lateral;Via Iluminada;Bom;Seca;Cruz;Sem?íforo;Comercial;0;0;3;1;0;0;0;0;0;0;0;0;-3,817292000000000;-38,588337000000000
309681;25;6;2017;06:32;0;AV VIS RIO BRANCO;;;3937;;Colis?úo Lateral;Luz do Dia;Bom;Seca;Outros;D?¬ Prefer?¬ncia;Comercial;0;0;2;1;0;0;0;0;0;0;0;0;-3,755441700000000;-38,520195000000000
309683;25;6;2017;07:55;17937;RUA EVANDRO LUZ;RUA BALDUINO FREIRE;;0;;Colis?úo Lateral;Luz do Dia;Bom;Seca;Cruz;Pare;Residencial;0;0;2;1;0;0;0;0;0;0;0;0;-3,734146600000000;-38,577072000000000
309684;25;6;2017;05:30;0;AV AMERICO BARREIRA;AV SEN FERNANDES TAVORA;;0;;Engavetamento;Amanhecer;Bom;Seca;Meio de Quadra;;;0;3;1;1;1;0;0;0;0;0;0;0;-3,769777000000000;-38,570362000000000
309685;25;6;2017;09:21;0;RUA VISCONDE DA BAHIA;;;3334;;Colis?úo Traseira;Luz do Dia;Bom;Seca;Meio de Quadra;N?úo H?í Controle;Residencial;0;0;2;1;0;0;0;0;0;0;0;0;-3,750344000000000;-38,521152000000000
309686;25;6;2017;10:19;0;AV ANTONIO SALES;;;3443;;Colis?úo Lateral;Luz do Dia;Bom;Seca;Meio de Quadra;N?úo H?í Controle;Comercial;0;0;2;1;0;0;0;0;0;0;0;0;-3,753514000000000;-38,539780000000000
309687;25;6;2017;10:27;0;AV PRS CASTELO BRANCO;;;4357;;Colis?úo Frontal;Luz do Dia;Bom;Seca;Outros;Pare;Comercial;0;0;2;0;0;0;0;1;0;1;0;0;-3,707315000000000;-38,571500000000000
309688;25;6;2017;11:17;5366;RUA SEN POMPEU;AV DUQ CAXIAS;;0;;Colis?úo Lateral;Luz do Dia;Bom;Seca;Cruz;Sem?íforo;Comercial;0;1;2;1;1;0;0;0;0;0;0;0;-3,731454400000000;-38,530910000000000
309689;25;6;2017;13:49;144;RUA RUI MONTE;RUA TEN QUEIROZ;;0;;Colis?úo Lateral;Luz do Dia;Bom;Seca;T;N?úo H?í Controle;Residencial;0;0;1;1;0;0;0;0;0;0;0;0;-3,744634000000000;-38,587055000000000
309690;25;6;2017;14:22;5323;RUA PEDRO PEREIRA;RUA EDGAR BORGES;;0;;Colis?úo Lateral;Luz do Dia;Bom;Seca;Cruz;Pare;Comercial;0;0;1;1;0;0;0;0;0;0;0;0;-3,730063400000000;-38,527220000000000
309691;25;6;2017;09:39;0;RUA SEN POMPEU;;;2720;;Colis?úo Traseira;Luz do Dia;Bom;Seca;Meio de Quadra;Pare;Comercial;0;0;3;1;0;0;0;0;0;0;0;0;-3,742375000000000;-38,534290000000000
309692;25;6;2017;16:56;5724;RUA VIRGILIO PAES;RUA MON ANTERO;;0;;Colis?úo Lateral;Luz do Dia;Bom;Seca;Cruz;N?úo H?í Controle;Residencial;0;0;2;1;0;0;0;0;0;0;0;0;-3,796642800000000;-38,493244000000000
309707;25;6;2017;18:10;0;AV RAD JOSE LIMA VERDE;RUA 20 DE JANEIRO;;0;;Colis?úo Lateral;Mal Iluminada;Bom;Seca;T;N?úo H?í Controle;Comercial;0;0;1;1;0;0;0;0;0;1;0;0;-3,701952500000000;-38,589830000000000
309937;25;6;2017;01:20;13937;RUA IEDA PEREIRA;RUA VER PEDRO PAULO MOREIRA;;0;;Colis?úo Frontal;Via Iluminada;Bom;Seca;Cruz;Pare;Comercial;0;2;0;1;0;0;0;0;0;0;0;0;-3,787182000000000;-38,488148000000000
309842;26;6;2017;14:08;0;RUA DEMETRIO MENEZES;;;3750;;Colis?úo Lateral;Luz do Dia;Bom;Seca;Meio de Quadra;N?úo H?í Controle;Comercial;0;0;0;1;1;0;0;0;0;0;0;0;-3,737200700000000;-38,584965000000000
309693;26;6;2017;08:09;0;RUA DEP OSWALDO STUDART;;;0;;Colis?úo Lateral;Luz do Dia;Bom;Seca;Meio de Quadra;N?úo H?í Controle;Comercial;0;0;2;1;0;0;0;0;0;0;0;0;-3,756126400000000;-38,530693000000000
309694;26;6;2017;08:25;12534;AV MAJ ASSIS;RUA MARIO CAMPOS;;0;;Colis?úo Lateral;Luz do Dia;Bom;Seca;Cruz;N?úo H?í Controle;Residencial;0;3;0;1;0;0;0;0;0;1;0;0;-3,723604000000000;-38,587738000000000
309697;26;6;2017;09:57;21319;RUA JOSE SOMBRA;RUA GUSTAVO SAMPAIO;;0;;Colis?úo Transversal;Luz do Dia;Bom;Seca;Cruz;Pare;Residencial;0;1;1;0;0;0;0;0;0;1;0;0;-3,733355000000000;-38,547302000000000
309698;26;6;2017;14:19;0;RUA GERMANO FRANCK;;;860;;Engavetamento;Luz do Dia;Bom;Seca;Meio de Quadra;Sem?íforo;Comercial;0;0;3;1;0;0;0;0;0;0;0;0;-3,778104300000000;-38,563084000000000
309699;26;6;2017;14:34;0;RUA PDE PEDRO DE ALENCAR;;;632;;Colis?úo Traseira;Luz do Dia;Bom;Seca;Meio de Quadra;N?úo H?í Controle;Comercial;0;0;2;1;0;0;0;0;0;0;0;0;-3,833487700000000;-38,494144000000000
309700;26;6;2017;15:45;1572;AV DES MOREIRA;RUA VICENTE LINHARES;;0;;Colis?úo Traseira;Luz do Dia;Bom;Seca;Cruz;Sem?íforo;Comercial;0;0;2;1;0;0;0;0;0;0;0;0;-3,742092400000000;-38,500220000000000
309701;26;6;2017;17:56;9028;RUA DEP JOAO PONTES;RUA SOLON PINHEIRO;;0;;Colis?úo Lateral;Anoitecer;Bom;Seca;Cruz;Pare;Residencial;0;1;0;1;0;0;0;0;0;1;0;0;-3,745653200000000;-38,531437000000000
309702;26;6;2017;18:20;0;RUA BERNARDO MANUEL;;;9981;;Colis?úo Traseira;Via Iluminada;Bom;Seca;Meio de Quadra;N?úo H?í Controle;Comercial;0;0;2;1;0;0;0;0;0;0;0;0;-3,806112000000000;-38,553623000000000
309703;26;6;2017;19:00;7888;AV DES MOREIRA;RUA ISRAEL BEZERRA;;0;;Colis?úo Lateral;Via Iluminada;Bom;Seca;Cruz;Sem?íforo;Comercial;0;0;1;1;0;0;0;0;0;0;0;0;-3,747648000000000;-38,501995000000000
309704;26;6;2017;20:10;0;AV FRANCISCO SA;;;3907;;Colis?úo Transversal;Via Iluminada;Bom;Seca;Meio de Quadra;Gesto;Comercial;0;1;1;1;0;1;0;0;0;0;0;0;-3,716593300000000;-38,559900000000000
309705;26;6;2017;15:20;12479;AV AUGUSTO DOS ANJOS;RUA PERDIGAO DE OLIVEIRA;;0;;Capotamento;Luz do Dia;Bom;Seca;Cruz;Sem?íforo;Residencial;0;0;2;1;0;0;0;0;0;0;0;0;-3,775080000000000;-38,574818000000000
309746;26;6;2017;12:57;5709;AV OLIVEIRA PAIVA;AV DES GONZAGA;;0;IGREJA DA GL?ôRIA;Colis?úo Traseira;Luz do Dia;Bom;Seca;Meio de Quadra;Sem?íforo;Comercial;0;0;2;1;1;0;0;0;0;0;0;0;-3,796702900000000;-38,499180000000000
306312;26;6;2017;13:30;15242;RUA OSVALDO CRUZ (ALDEOTA);RUA SILVA JATAHY;;0;;Colis?úo Lateral;Luz do Dia;Bom;Seca;Cruz;Pare;Residencial;0;1;0;1;0;0;0;0;0;1;0;0;-3,727694000000000;-38,497767000000000
306313;26;6;2017;16:05;17265;RUA SATIRO DIAS;RUA ALBERTO MAGNO;;0;;Colis?úo Lateral;Luz do Dia;Bom;Seca;Cruz;;Comercial;0;3;0;0;0;0;0;0;0;1;0;0;-3,762063000000000;-38,547531000000000
306315;26;6;2017;00:30;26269;AV DIOGUINHO;AV DR ALDY MENTOR;;0;;Colis?úo Transversal;Via Iluminada;Bom;Seca;Cruz;Pare;Comercial;0;2;0;1;0;0;0;0;0;0;0;0;;
306317;26;6;2017;03:10;8030;RUA PRO COSTA MENDES;RUA CARLOS CAMARA;;0;;Outros;;Bom;Seca;T;;Residencial;0;2;0;1;0;0;0;0;0;1;0;0;-3,753143000000000;-38,548622000000000
306318;26;6;2017;08:30;0;RUA DNA LEOPOLDINA;;;805;;Colis?úo;Luz do Dia;Bom;Seca;Meio de Quadra;;;0;2;0;0;0;0;0;0;0;1;0;0;-3,732202000000000;-38,519833000000000
306319;26;6;2017;14:00;17270;RUA JOAO FIRMINO;RUA ALAN KARDEC;;0;;Colis?úo Lateral;Luz do Dia;Bom;Seca;T;N?úo H?í Controle;Residencial;0;2;0;1;1;0;0;0;0;0;0;0;-3,762094000000000;-38,553643000000000
306325;26;6;2017;12:50;23041;AV DR SILAS MUNGUBA;RUA BRUNO VALENTE;;0;;Colis?úo Transversal;Luz do Dia;Bom;Seca;Cruz;Pare;Comercial;0;2;0;1;0;0;0;0;0;1;0;0;-3,790483000000000;-38,540009000000000
306322;26;6;2017;08:50;0;AV PRS COSTA E SILVA;;;0;;Colis?úo Traseira;Luz do Dia;Bom;Seca;Meio de Quadra;Sem?íforo;Comercial;0;1;1;1;0;0;0;0;0;0;0;0;;
306323;26;6;2017;19:24;7401;AV SEN FERNANDES TAVORA;RUA AUDISIO PINHEIRO;;0;;Colis?úo Lateral;Via Iluminada;Bom;Seca;Cruz;Sem?íforo;Comercial;0;2;0;1;0;0;0;0;0;1;0;0;-3,758593000000000;-38,588886000000000