COD_ACIDENTE;DIA;MES;ANO;HORA;INTERSECAO;LOG1;LOG2;LOG3;NUMERO;REFERENCIA;NATUREZA;ILUMINACAO;TEMPO;SUPERFICIEPISTA;TIPOCRUZAMENTO;CONTROLETRAFEGO;USOSOLO;MORTOS;FERIDOS;ILESOS;AUTOMOVEL;ONIBUS;BICICLETA;CAMINHAO;MICROONIBUS;CICLOMOTOR;MOTOCICLETA;TRACAOANIMAL;TREM;LATITUDE;LONGITUDE
306331;26;6;2017;18:45;0;RUA BENTO ALBUQUERQUE;;;333;;Colis?úo Lateral;Via Iluminada;Bom;Seca;Meio de Quadra;;;0;2;0;1;0;0;0;0;0;1;0;0;-3,742703000000000;-38,486459000000000
306328;26;6;2017;15:30;24334;RUA DES PRAXEDES;RUA TIANGUA;;0;;Colis?úo Transversal;Luz do Dia;Bom;Seca;Cruz;Pare;Comercial;0;1;0;1;0;0;0;0;0;0;0;0;-3,763913000000000;-38,540070000000000
298162;26;6;2017;13:50;0;AV H CJ CEARA;;;1965;;Atropelamento;Luz do Dia;;;Meio de Quadra;N?úo H?í Controle;Comercial;1;1;1;1;0;0;0;0;0;0;0;0;-3,776412000000000;-38,615509000000000
325123;26;6;2017;00:17;0;AV DR SILAS MUNGUBA;;;5252;;Colis?úo;;;;Meio de Quadra;;;0;2;0;0;0;0;0;0;0;0;0;0;-3,799208000000000;-38,530801000000000
325126;26;6;2017;01:23;0;AV AGUANAMBI;;;0;;Colis?úo;;;;Meio de Quadra;;;0;2;0;1;0;0;0;0;0;0;0;0;;
325134;26;6;2017;03:16;0;AV JOAO PESSOA;;;6153;;Colis?úo;;;;Meio de Quadra;;;0;2;0;0;0;0;0;0;0;0;0;0;-3,764253000000000;-38,558584000000000
325132;26;6;2017;01:32;0;AV PRS CASTELO BRANCO;;;5304;;Colis?úo;;;;Meio de Quadra;;;0;1;0;1;0;0;0;0;0;1;0;0;-3,704154000000000;-38,578969000000000
325189;26;6;2017;15:29;0;AV PERIMETRAL;;;337;;Colis?úo;Luz do Dia;;;Meio de Quadra;;;0;1;0;1;0;0;0;0;0;1;0;0;;
325192;26;6;2017;16:51;0;AV DEP PAULINO ROCHA;;;1091;;Atropelamento;Luz do Dia;;;Meio de Quadra;;;0;1;0;1;0;0;0;0;0;0;0;0;;
325185;26;6;2017;14:36;0;RUA VALPARAISO;;;1540;;Colis?úo;Luz do Dia;;;Meio de Quadra;;;0;0;1;1;0;0;0;0;0;1;0;0;-3,838951000000000;-38,532189000000000
325178;26;6;2017;13:02;0;AV DEP PAULINO ROCHA;;;3791;;Colis?úo;Luz do Dia;;;Meio de Quadra;;;0;0;1;1;0;0;0;0;0;1;0;0;;
325182;26;6;2017;13:43;0;RUA PEDRO MARTINS;;;584;;Atropelamento;Luz do Dia;;;Meio de Quadra;;;0;1;0;0;0;0;0;0;0;1;0;0;-3,798441000000000;-38,603768000000000
325180;26;6;2017;13:19;0;AV DR SILAS MUNGUBA;;;0;;Colis?úo;Luz do Dia;;;Meio de Quadra;;;0;1;0;0;0;0;0;0;0;0;0;0;;
325176;26;6;2017;12:42;0;AV DOM LUIS;;;880;;Atropelamento;Luz do Dia;;;Meio de Quadra;;;0;1;0;1;0;0;0;0;0;0;0;0;-3,734487000000000;-38,493581000000000
325173;26;6;2017;09:44;0;AV MIN JOSE AMERICO;;;150;;Colis?úo;Luz do Dia;;Molhada;Meio de Quadra;;;0;0;2;1;0;0;0;0;0;1;0;0;-3,811959000000000;-38,497411000000000
325162;26;6;2017;08:18;8030;RUA CARLOS CAMARA;RUA PRO COSTA MENDES;;0;;Colis?úo;Luz do Dia;;;T;;Residencial;0;1;0;1;0;0;0;0;0;1;0;0;-3,753143000000000;-38,548622000000000
325144;26;6;2017;08:15;0;RUA EMILIANO DE ALMEIDA BRAGA;;;1166;;Colis?úo;Luz do Dia;;;Meio de Quadra;;;0;1;0;0;0;0;0;0;0;0;0;0;;
325140;26;6;2017;06:48;0;RUA EMILIO DE MENESES;;;0;;Colis?úo;Luz do Dia;;;Meio de Quadra;;;0;1;0;1;0;0;0;0;0;1;0;0;;
325142;26;6;2017;07:27;0;AV CASTELO DE CASTRO;;;808;;Atropelamento;Luz do Dia;;;Meio de Quadra;;;0;1;0;0;0;0;0;0;0;1;0;0;-3,839613359000000;-38,521814622000000
325138;26;6;2017;06:41;0;AV GOV RAUL BARBOSA;;;0;;Colis?úo;Luz do Dia;;;Meio de Quadra;;;0;2;0;1;0;0;0;0;0;1;0;0;;
325136;26;6;2017;04:25;0;AV JOSE BASTOS;;;5535;;Atropelamento;;;;Meio de Quadra;;;0;1;0;1;0;0;0;0;0;0;0;0;-3,760225000000000;-38,564250000000000
325255;26;6;2017;07:50;0;ROD CE 010;;;4000;;Colis?úo;Luz do Dia;;Molhada;Meio de Quadra;;;0;1;1;0;0;0;0;0;0;1;0;0;;
325256;27;6;2017;06:50;0;RD CE-060;;;0;KM-02;Colis?úo;Luz do Dia;;Seca;Meio de Quadra;;;0;1;1;0;1;0;0;0;0;1;0;0;-3,834064000000000;-38,582111000000000
325257;27;6;2017;11:15;0;RD CE-040;;;0;KM-05;Colis?úo;Luz do Dia;;Seca;Meio de Quadra;;;0;0;2;1;0;0;0;0;0;0;0;0;-3,800595823000000;-38,479534630000000
325258;27;6;2017;09:45;0;RUA CACHOEIRA ALEGRE;;;187;;Colis?úo;Luz do Dia;;;Meio de Quadra;;;0;1;0;1;0;0;0;0;0;1;0;0;-3,824856300000000;-38,581981500000000
325259;27;6;2017;10:03;0;RUA SGT JOAO PINHEIRO;;;0;;Atropelamento;Luz do Dia;;;Meio de Quadra;;;0;1;0;0;0;0;0;0;0;0;0;0;;
325260;27;6;2017;11:10;0;AV SEN CARLOS JEREISSATI (AEROPORTO);;;0;KM 01;Colis?úo;Luz do Dia;;Seca;Meio de Quadra;;;0;0;2;0;0;0;1;0;0;0;0;0;-3,783753000000000;-38,526850000000000
325261;27;6;2017;15:11;0;RD CE-040;;;0;KM-07;Colis?úo;Luz do Dia;;Seca;Meio de Quadra;;;0;0;2;1;0;0;0;0;0;0;0;0;-3,817159445000000;-38,483032860000000
325264;27;6;2017;10:21;0;AV C CJ CEARA;;;185;;Colis?úo;Luz do Dia;;;Meio de Quadra;;;0;1;0;0;0;0;0;0;0;1;0;0;-3,760265000000000;-38,608601000000000
325270;27;6;2017;10:52;7775;AV ANTONIO SALES;AV BAR STUDART;;0;;Colis?úo;Luz do Dia;;;Cruz;Sem?íforo;Comercial;0;1;0;0;0;0;0;0;0;1;0;0;-3,743288000000000;-38,509378000000000
325271;27;6;2017;10:59;0;RUA ALFREDO MAMEDE;;;308;;Colis?úo;Luz do Dia;;;Meio de Quadra;;;0;1;0;1;0;0;0;0;0;1;0;0;-3,808219000000000;-38,580614000000000
325277;27;6;2017;11:09;9654;RUA OSCAR ARARIPE;RUA FRANCISCO PAIVA;;0;;Colis?úo;Luz do Dia;;;Cruz;Pare;;0;0;1;1;0;0;0;0;0;1;0;0;-3,786795000000000;-38,612966000000000
325282;27;6;2017;11:29;12563;AV MAJ ASSIS;RUA GEORGE CAVALCANTE;;0;;Colis?úo;Luz do Dia;;;Rotat??ria;Pare;Residencial;0;1;0;1;0;0;0;0;0;1;0;0;-3,722625000000000;-38,592541000000000
325287;27;6;2017;13:09;0;AV CASTELO DE CASTRO;;;1701;;Colis?úo;Luz do Dia;;;Meio de Quadra;;;0;1;0;0;0;0;0;0;0;0;0;0;-3,844192300000000;-38,521528700000000
325284;27;6;2017;12:53;0;RUA AGAMENON;;;575;;Atropelamento;Luz do Dia;;;Meio de Quadra;;;0;1;0;1;0;0;0;0;0;0;0;0;-3,791451000000000;-38,587141000000000
325280;27;6;2017;11:15;17898;AV SGT HERMINIO SAMPAIO;RUA DOM MAURICIO;;0;;Colis?úo;Luz do Dia;;;Cruz;Sem?íforo;Comercial;0;1;0;1;0;0;0;0;0;1;0;0;-3,730570000000000;-38,576842000000000
325251;27;6;2017;09:24;0;RUA SAFIRA;;;101;;Queda;Luz do Dia;;;Meio de Quadra;;;0;1;0;0;0;0;0;0;0;1;0;0;-3,721354000000000;-38,565015000000000
325244;27;6;2017;08:23;21504;RUA EDUARDO ARAUJO;RUA LUIS GUEDES;;0;;Colis?úo;Luz do Dia;;;;;;0;1;0;1;0;0;0;0;0;1;0;0;-3,817345000000000;-38,598007000000000
325206;27;6;2017;07:48;0;AV WASHINGTON SOARES;;;6301;;Colis?úo;Luz do Dia;;Seca;Meio de Quadra;;;0;1;1;1;0;0;0;0;0;1;0;0;-3,814295000000000;-38,480839000000000
325215;27;6;2017;08:19;7693;RUA RIO GRANDE DO SUL;RUA CEARA;;0;;Colis?úo;Luz do Dia;;;Cruz;Sem?íforo;Comercial;0;1;0;1;0;0;0;0;0;1;0;0;-3,758036000000000;-38,567187000000000
325212;27;6;2017;07:57;0;AV GAL OSORIO DE PAIVA;;;0;;Atropelamento;Luz do Dia;;;Meio de Quadra;;;0;1;0;0;0;0;0;0;0;1;0;0;;
325333;27;6;2017;22:30;0;RUA C (LOT PRQ ARACAPE);;;0;;Colis?úo;;;;Meio de Quadra;;;0;1;0;1;0;0;0;0;0;1;0;0;;
325330;27;6;2017;21:45;0;RUA CON DE CASTRO;;;3636;;Colis?úo;;;;Meio de Quadra;;;0;0;1;0;0;0;0;0;0;0;0;0;-3,799046000000000;-38,586445000000000
325321;27;6;2017;18:00;0;AV SEN FERNANDES TAVORA;;;2870;;Atropelamento;Anoitecer;;;Meio de Quadra;;;0;1;0;0;0;0;0;0;0;0;0;0;-3,755270000000000;-38,597501000000000
325325;27;6;2017;20:14;0;AV BEIRA MAR;;;3068;;Colis?úo;;;;Meio de Quadra;;;0;0;2;0;0;0;0;0;0;0;0;0;-3,725908000000000;-38,493589000000000
325316;27;6;2017;16:42;17315;RUA DES PRAXEDES;RUA PDE JOAO PIAMARTA;;0;;Colis?úo;Luz do Dia;;;Cruz;Pare;Residencial;0;1;0;1;0;0;0;0;0;1;0;0;-3,762866000000000;-38,543546000000000
325318;27;6;2017;17:50;68;RUA PEDRO MELO;RUA PRO JOAQUIM NOGUEIRA D29;;0;;Colis?úo;Anoitecer;;;Cruz;Pare;Misto;0;1;0;0;0;0;0;0;0;1;0;0;-3,743857000000000;-38,589881000000000
325308;27;6;2017;15:51;0;ET DO FIO (MESSEJANA);;;4100;;Colis?úo;Luz do Dia;;;Meio de Quadra;;;0;1;0;1;0;0;0;0;0;1;0;0;;
325309;27;6;2017;16:13;0;AV DOMINGOS OLIMPIO;;;657;;Colis?úo;Luz do Dia;;;Meio de Quadra;;;0;1;0;1;0;0;0;0;0;1;0;0;-3,737170000000000;-38,529627000000000
325296;27;6;2017;14:21;0;RUA BERNARDO MANUEL;;;10632;;Colis?úo;Luz do Dia;;;Meio de Quadra;;;0;1;0;1;0;0;0;0;0;1;0;0;-3,812286000000000;-38,555537000000000
325198;27;6;2017;06:43;0;AV MAE LISBOA;;;2181;;Queda;Luz do Dia;;Seca;Meio de Quadra;;;0;1;0;0;0;0;0;0;0;1;0;0;-3,807415000000000;-38,460257000000000
325204;27;6;2017;07:47;25653;RUA PRO JOSE DE BARCELOS;RUA GAL BERNARDO FIGUEIREDO;;0;;Colis?úo;Luz do Dia;;;Y;Pare;Residencial;0;0;1;1;0;0;0;0;0;1;0;0;-3,739248000000000;-38,549779000000000
298163;27;6;2017;07:50;9287;AV DOS EXPEDICIONARIOS;AV BORGES DE MELO;;0;;Colis?úo Transversal;Luz do Dia;;;Cruz;Sem?íforo;Residencial;1;0;1;1;0;0;0;0;0;1;0;0;-3,753391000000000;-38,537674000000000
325350;27;6;2017;22:39;0;AV JOSE LEON;;;934;;Queda;;;;Meio de Quadra;;;0;1;0;0;0;0;0;0;0;1;0;0;;
306340;27;6;2017;11:13;19664;RUA GUSTAVO SAMPAIO;RUA PRO JOSE DE BARCELOS;;0;;Colis?úo Lateral;Luz do Dia;Bom;Seca;Cruz;Pare;Residencial;0;2;0;1;0;0;0;0;0;0;0;0;-3,734101000000000;-38,550829000000000
306337;27;6;2017;15:30;0;AV ANTONIO SALES;;;0;;Atropelamento;Luz do Dia;Bom;Seca;Meio de Quadra;;;0;2;0;0;0;0;0;0;0;1;0;0;;
306363;27;6;2017;09:43;3398;RUA AMAZONAS;RUA PAPI JUNIOR;;0;;Colis?úo;Luz do Dia;Bom;Seca;Duplo T;Pare;Residencial;0;2;0;0;0;0;0;0;0;1;0;0;-3,755547000000000;-38,560679000000000
306371;27;6;2017;11:20;9043;RUA BAR ARATANHA;RUA PDE MIGUELINHO;;0;;Colis?úo Transversal;Luz do Dia;Bom;Seca;Cruz;Pare;Comercial;0;2;0;1;0;0;0;0;0;0;0;0;-3,743861000000000;-38,530045000000000
306342;27;6;2017;12:09;589;AV PASTEUR;RUA FRE TEOBALDO;;0;;Colis?úo Traseira;Luz do Dia;Bom;Seca;;N?úo H?í Controle;Residencial;0;2;0;1;0;0;0;0;0;0;0;0;;
306385;27;6;2017;13:40;5374;AV DUQ CAXIAS;RUA BAR RIO BRANCO;;0;;Colis?úo Traseira;Luz do Dia;Bom;Seca;Cruz;Sem?íforo;Comercial;0;2;0;1;0;0;0;0;0;0;0;0;-3,731774000000000;-38,529947000000000
306396;27;6;2017;18:50;0;RUA JAIME CALADO;;;73;;Outros;Via Iluminada;Bom;Seca;Meio de Quadra;N?úo H?í Controle;Residencial;0;2;0;1;0;0;0;0;0;0;0;0;-3,751787000000000;-38,527497000000000
309712;27;6;2017;07:22;0;AV PRS JUSCELINO KUBITSCHEK (PASSAR?ë);;;5461;;Colis?úo Lateral;Luz do Dia;Bom;Seca;Meio de Quadra;N?úo H?í Controle;Residencial;0;1;1;1;0;0;0;0;0;1;0;0;-3,821275500000000;-38,535236000000000
309713;27;6;2017;08:03;5729;AV OLIVEIRA PAIVA;RUA TEOFREDO GOIANA;;0;;Colis?úo Transversal;Luz do Dia;Bom;Seca;Cruz;Pare;Comercial;0;1;0;0;0;0;0;0;0;1;0;0;-3,797865900000000;-38,501180000000000
309714;27;6;2017;08:36;0;AV DA UNIVERSIDADE;;;2056;;Colis?úo Lateral;Luz do Dia;Bom;Seca;Meio de Quadra;Sem?íforo;Comercial;0;0;1;0;1;0;0;0;0;1;0;0;-3,736005000000000;-38,534500000000000
309715;27;6;2017;07:30;25653;RUA GAL BERNARDO FIGUEIREDO;RUA PRO JOSE DE BARCELOS;;0;;Colis?úo Transversal;Luz do Dia;Bom;Seca;Y;Pare;Residencial;0;1;1;1;0;0;0;0;0;1;0;0;-3,739202700000000;-38,549800000000000
309716;27;6;2017;10:29;0;AV PRS CASTELO BRANCO;;;855;;Colis?úo Lateral;Luz do Dia;Bom;Seca;Meio de Quadra;N?úo H?í Controle;Comercial;0;0;2;1;0;0;0;0;0;0;0;0;-3,719945000000000;-38,530968000000000
309717;27;6;2017;10:34;19672;AV BEZERRA DE MENEZES;RUA GAL PIRAGIBE;;0;CASAS FREITAS;Colis?úo Transversal;Luz do Dia;Bom;Seca;Cruz;Sem?íforo;Comercial;0;0;2;0;0;0;0;0;0;1;0;0;-3,734729800000000;-38,558548000000000
309718;27;6;2017;10:35;0;AV NORTE;AV PINTO BANDEIRA D56;;0;;Colis?úo Traseira;Luz do Dia;Bom;Seca;Rotat??ria;D?¬ Prefer?¬ncia;Comercial;0;0;2;1;0;0;0;0;0;0;0;0;-3,776805000000000;-38,487930000000000
309719;27;6;2017;11:07;0;RUA MARCOS MACEDO;;;644;;Colis?úo Lateral;Luz do Dia;Bom;Seca;Cruz;Sem?íforo;Comercial;0;0;2;1;0;0;0;0;0;0;0;0;-3,767409000000000;-38,496820000000000
309720;27;6;2017;11:04;20129;AV DEP PAULINO ROCHA;RUA POMPILIO GOMES;;0;;Colis?úo Lateral;Luz do Dia;Bom;Seca;Cruz;Sem?íforo;Comercial;0;0;2;1;0;0;0;0;0;1;0;0;-3,810064300000000;-38,519420000000000
309721;27;6;2017;10:30;0;AV AUGUSTO DOS ANJOS;;;2207;;Colis?úo Lateral;Luz do Dia;Bom;Seca;Meio de Quadra;N?úo H?í Controle;Comercial;0;0;1;1;0;0;0;0;0;0;0;0;-3,791407600000000;-38,567550000000000
309722;27;6;2017;08:40;805;RUA TEN AURELIO SAMPAIO;RUA ASP MENDES;;0;;Colis?úo Transversal;Luz do Dia;Bom;Seca;Cruz;Pare;Residencial;0;1;1;0;1;0;0;0;0;0;0;0;-3,772942500000000;-38,513370000000000
309723;27;6;2017;12:30;0;RUA BENI DE CARVALHO;;;479;;Colis?úo Traseira;Luz do Dia;Bom;Seca;Meio de Quadra;N?úo H?í Controle;Residencial;0;0;2;1;0;0;0;0;0;0;0;0;-3,745698500000000;-38,496357000000000
309724;27;6;2017;12:00;0;AV ANTONIO SALES;;;989;;Colis?úo Traseira;Luz do Dia;Nublado;Seca;Meio de Quadra;N?úo H?í Controle;Comercial;0;0;3;1;0;0;0;0;0;0;0;0;-3,742065400000000;-38,513040000000000
309725;27;6;2017;14:14;0;AV FRE CIRILO;;;3840;;Colis?úo Traseira;Luz do Dia;Bom;Seca;Meio de Quadra;N?úo H?í Controle;Comercial;0;1;1;0;1;0;0;0;0;1;0;0;-3,817782000000000;-38,497260000000000
309726;27;6;2017;14:49;0;RUA NUNES VALENTE;;;598;;Colis?úo Traseira;Luz do Dia;Bom;Seca;Meio de Quadra;N?úo H?í Controle;Residencial;0;0;2;1;0;0;0;0;0;0;0;0;-3,729850300000000;-38,501537000000000
309727;27;6;2017;14:30;5189;RUA PDE IBIAPINA;RUA JULIO PINTO D04;;0;;Colis?úo Frontal;Luz do Dia;Bom;Seca;Cruz;Pare;Residencial;0;1;1;1;0;0;0;0;0;1;0;0;-3,725980000000000;-38,540720000000000
309728;27;6;2017;15:15;0;RUA BAR RIO BRANCO;;;1782;;Colis?úo Traseira;Luz do Dia;Bom;Seca;Meio de Quadra;N?úo H?í Controle;Comercial;0;0;2;1;0;0;0;0;0;0;0;0;-3,733875000000000;-38,530620000000000
309729;27;6;2017;16:57;1312;RUA LEONARDO MOTA;AV DOM LUIS;;0;;Colis?úo Transversal;Luz do Dia;Bom;Seca;Cruz;Sem?íforo;Comercial;0;0;1;1;0;0;0;0;0;1;0;0;-3,733915300000000;-38,495365000000000
309730;27;6;2017;17:41;16057;AV WENEFRIDO MELO;AV GODOFREDO MACIEL;;0;;Colis?úo Traseira;Anoitecer;Bom;Seca;Cruz;Sem?íforo;Comercial;0;0;2;1;0;0;0;0;0;0;0;0;-3,811893000000000;-38,574917000000000
309731;27;6;2017;16:40;0;AV DR SILAS MUNGUBA;;;0;;Colis?úo Lateral;Luz do Dia;Bom;Seca;Meio de Quadra;N?úo H?í Controle;Residencial;0;0;2;1;1;0;0;0;0;0;0;0;-3,786194600000000;-38,550343000000000
309732;27;6;2017;19:47;0;RUA PRO GOMES BRASIL;;;0;LAGOA DA PARANGABA;Colis?úo Lateral;Via Iluminada;Bom;Seca;Meio de Quadra;N?úo H?í Controle;Comercial;0;0;2;1;0;0;0;0;0;1;0;0;-3,774404800000000;-38,566920000000000
309733;27;6;2017;21:32;10995;RUA 15 DE NOVEMBRO;RUA ALM RUBIM;;0;;Colis?úo Transversal;Via Iluminada;Bom;Seca;Cruz;Pare;Comercial;0;1;1;1;0;0;0;0;0;0;0;0;-3,768898700000000;-38,555824000000000
309752;27;6;2017;17:20;0;AV HERACLITO GRACA;;;300;BANCO CENTRAL;Colis?úo Traseira;Luz do Dia;Bom;Seca;Meio de Quadra;N?úo H?í Controle;Comercial;0;0;2;1;0;0;0;0;0;1;0;0;-3,734260000000000;-38,521780000000000
309708;27;6;2017;06:25;19570;RUA ESPANHA;RUA NEREU RAMOS;;0;;Colis?úo Lateral;Luz do Dia;Bom;Seca;T;Pare;Residencial;0;0;2;1;0;0;0;0;0;0;0;0;-3,784375000000000;-38,574730000000000
309709;27;6;2017;07:50;0;AV ROGACIANO LEITE;;;1040;;Engavetamento;Luz do Dia;Bom;Seca;T;Sem?íforo;Comercial;0;0;3;1;0;0;0;0;0;0;0;0;-3,766649500000000;-38,496574000000000
309753;28;6;2017;18:33;0;AV ENG ALBERTO SA;;;448;;Colis?úo Traseira;Anoitecer;Bom;Seca;Meio de Quadra;;;0;0;2;1;0;0;0;0;0;1;0;0;-3,734266500000000;-38,476677000000000
309754;28;6;2017;18:27;0;AV DEP PAULINO ROCHA;;;155;;Colis?úo Lateral;Mal Iluminada;Bom;Seca;Meio de Quadra;N?úo H?í Controle;Residencial;0;0;3;1;0;0;0;0;0;0;0;0;-3,803086800000000;-38,507854000000000
309755;28;6;2017;19:28;5308;RUA FRANKLIN TAVORA;RUA VINTE E CINCO DE MARCO;;0;;Colis?úo Transversal;Via Iluminada;Bom;Seca;Cruz;Gesto;Escola;0;0;2;1;0;0;0;0;0;0;0;0;-3,729586100000000;-38,522644000000000
309756;28;6;2017;19:57;15360;AV DOM LUIS;AV DES MOREIRA;;0;;Colis?úo Transversal;Via Iluminada;Bom;Seca;Rotat??ria;Sem?íforo;Comercial;0;0;2;1;1;0;0;0;0;0;0;0;-3,733637000000000;-38,497017000000000
309757;28;6;2017;19:00;0;AV BEZERRA DE MENEZES;;;2630;;Atropelamento;Mal Iluminada;Bom;Seca;Meio de Quadra;N?úo H?í Controle;Comercial;0;1;1;1;0;0;0;0;0;0;0;0;-3,736317000000000;-38,567757000000000
309758;28;6;2017;21:18;19331;RUA PRO GOMES BRASIL;AV GAL OSORIO DE PAIVA;;0;;Engavetamento;Via Iluminada;Bom;Seca;Cruz;Sem?íforo;Lazer;0;0;3;1;0;0;0;0;0;0;0;0;-3,774486500000000;-38,565710000000000
309767;28;6;2017;14:50;0;AV GAL MURILO BORGES;;;0;;Colis?úo Transversal;Luz do Dia;Bom;Seca;Rotat??ria;D?¬ Prefer?¬ncia;Residencial;0;0;2;1;1;0;0;0;0;0;0;0;-3,763685500000000;-38,508507000000000
309734;28;6;2017;06:50;5407;AV DUQ CAXIAS;RUA SOLON PINHEIRO;;0;;Colis?úo Traseira;Luz do Dia;Bom;Seca;Cruz;Sem?íforo;Comercial;0;0;1;1;0;0;0;0;0;1;0;0;-3,732719000000000;-38,527195000000000
309735;28;6;2017;07:07;0;RUA ALFREDO WEYNE (A. WEYNE);RUA GAL SILVA JUNIOR;;0;;Colis?úo Traseira;Luz do Dia;Bom;Seca;Cruz;Pare;Residencial;0;0;2;1;0;0;0;0;0;0;0;0;-3,755919700000000;-38,532040000000000
309736;28;6;2017;07:20;4016;RUA PRO COSTA MENDES;RUA JULIO CESAR D12;;0;;Colis?úo Traseira;Luz do Dia;Bom;Seca;Cruz;N?úo H?í Controle;Residencial;0;0;2;1;0;0;0;0;0;0;0;0;-3,754753000000000;-38,546810000000000
309737;28;6;2017;07:06;3209;RUA VITAL BRASIL;RUA ANSELMO NOGUEIRA;;0;;Colis?úo Lateral;Luz do Dia;Bom;Seca;Cruz;Sem?íforo;Residencial;0;0;2;1;1;0;0;0;0;0;0;0;-3,780974900000000;-38,587070000000000
309738;28;6;2017;07:59;9154;RUA MARTINHO RODRIGUES;AV 13 DE MAIO;;0;;Colis?úo Traseira;Luz do Dia;Bom;Seca;Cruz;Sem?íforo;Comercial;0;0;2;1;0;0;0;0;0;0;0;0;-3,752817200000000;-38,525210000000000
309739;28;6;2017;07:07;0;AV DOM LUIS;;;0;PRACA PORTUGAL;Colis?úo Traseira;Luz do Dia;Bom;Seca;Rotat??ria;Sem?íforo;Comercial;0;1;1;1;0;0;0;0;0;1;0;0;-3,733573200000000;-38,497234000000000
309740;28;6;2017;08:00;15359;RUA PEREIRA VALENTE;RUA VICENTE LEITE;;0;;Colis?úo Transversal;Luz do Dia;Bom;Seca;Cruz;Pare;Comercial;0;0;2;1;0;0;0;0;0;0;0;0;-3,733224400000000;-38,494064000000000
309741;28;6;2017;08:20;18440;AV SGT HERMINIO SAMPAIO;RUA CARLINDO CRUZ;;0;;Colis?úo Lateral;Luz do Dia;Bom;Seca;Meio de Quadra;N?úo H?í Controle;Residencial;0;2;0;0;0;0;0;0;0;1;0;0;-3,729571000000000;-38,574450000000000
309742;28;6;2017;10:22;17296;AV JOSE DO PATROCINIO;RUA BENJAMIN CARNEIRO GIRAO;;0;;Colis?úo Lateral;Luz do Dia;Bom;Seca;Cruz;Pare;Residencial;0;1;1;1;0;0;0;1;0;0;0;0;-3,763737700000000;-38,544680000000000
309743;28;6;2017;10:00;1327;RUA JOSE VILAR;RUA DES LEITE ALBUQUERQUE;;0;;Colis?úo Traseira;Luz do Dia;Bom;Seca;Meio de Quadra;Pare;Residencial;0;0;1;1;0;0;0;0;0;0;0;0;-3,735113000000000;-38,504456000000000
309744;28;6;2017;09:35;0;AV MOZART PINHEIRO DE LUCENA;;;2660;;Colis?úo Traseira;Luz do Dia;Bom;Seca;Meio de Quadra;N?úo H?í Controle;Residencial;0;1;1;1;0;0;0;0;0;1;0;0;-3,724286600000000;-38,597492000000000
309745;28;6;2017;13:46;0;AV DR SILAS MUNGUBA;RUA PAISAGISTA;;0;;Colis?úo Transversal;Luz do Dia;Bom;Seca;T;Pare;Comercial;0;0;1;0;0;0;0;0;0;1;0;0;-3,792321700000000;-38,535670000000000
309747;28;6;2017;14:33;0;AV VIS RIO BRANCO;;;3901;;Colis?úo Lateral;Luz do Dia;Bom;Seca;Meio de Quadra;Sem?íforo;Comercial;0;0;2;1;0;0;0;0;0;0;0;0;-3,756754900000000;-38,519928000000000
309748;28;6;2017;14:56;0;AV ALM HENRIQUE SABOIA;AV DOM LUIS;;0;;Colis?úo Traseira;Luz do Dia;Bom;Seca;T;Pare;Comercial;0;0;2;1;0;0;0;0;0;0;0;0;-3,736369000000000;-38,485220000000000
309749;28;6;2017;15:19;8643;AV ENG LEAL LIMA VERDE (SAPIRANGA/COITE);AV EDILSON B SOARES;;0;;Colis?úo Transversal;Luz do Dia;Bom;Seca;Cruz;Sem?íforo;Residencial;0;0;2;1;0;0;0;0;0;0;0;0;-3,789286600000000;-38,476270000000000
309750;28;6;2017;17:40;0;AV GAL OSORIO DE PAIVA;;;110;;Colis?úo Traseira;Luz do Dia;Bom;Seca;Meio de Quadra;N?úo H?í Controle;Comercial;0;0;2;1;0;0;0;0;0;0;0;0;-3,773214600000000;-38,563900000000000
309751;28;6;2017;18:12;0;AV VIS RIO BRANCO;;;3879;;Colis?úo Transversal;Via Iluminada;Bom;Seca;Meio de Quadra;N?úo H?í Controle;Comercial;0;0;2;0;1;0;0;0;0;0;0;0;-3,755257100000000;-38,520176000000000
310303;28;6;2017;14:14;1716;AV GAL MURILO BORGES;AV GOV RAUL BARBOSA;;0;;Colis?úo Lateral;Luz do Dia;Bom;Seca;Rotat??ria;D?¬ Prefer?¬ncia;Residencial;0;0;2;1;0;0;0;0;0;0;0;0;-3,764388800000000;-38,508860000000000
306365;28;6;2017;21:05;0;AV ANTONIO JUSTA;;;3440;;Colis?úo Lateral;Via Iluminada;Bom;Seca;;;;0;0;2;0;0;0;0;0;0;1;0;0;-3,728900000000000;-38,490613000000000
306341;28;6;2017;14:02;0;AV AMERICO BARREIRA;;;5435;;Engavetamento;Luz do Dia;Bom;Seca;Meio de Quadra;Sem?íforo;Comercial;0;0;2;1;0;0;0;0;0;0;0;0;-3,759778100000000;-38,563780400000000
306333;28;6;2017;15:45;0;RUA BAR SOBRAL;;;768;;Colis?úo Traseira;Luz do Dia;Bom;Seca;Meio de Quadra;N?úo H?í Controle;Residencial;0;0;2;1;0;0;0;0;0;0;0;0;-3,765869000000000;-38,556246000000000