COD_ACIDENTE;DIA;MES;ANO;HORA;INTERSECAO;LOG1;LOG2;LOG3;NUMERO;REFERENCIA;NATUREZA;ILUMINACAO;TEMPO;SUPERFICIEPISTA;TIPOCRUZAMENTO;CONTROLETRAFEGO;USOSOLO;MORTOS;FERIDOS;ILESOS;AUTOMOVEL;ONIBUS;BICICLETA;CAMINHAO;MICROONIBUS;CICLOMOTOR;MOTOCICLETA;TRACAOANIMAL;TREM;LATITUDE;LONGITUDE
306344;28;6;2017;10:10;11161;RUA JULIO GASPAR;RUA MANUEL TEOFILO;;0;;Colis?úo Lateral;Luz do Dia;Bom;Seca;Cruz;Pare;Residencial;0;0;2;1;0;0;0;0;0;0;0;0;-3,783745000000000;-38,561561000000000
306345;28;6;2017;23:05;15279;RUA ANA BILHAR;RUA VIS MAUA;;0;;Colis?úo Traseira;Via Iluminada;Bom;Molhada;Cruz;N?úo H?í Controle;Residencial;0;0;2;1;0;0;0;0;0;0;0;0;-3,729006000000000;-38,497138000000000
306352;28;6;2017;00:35;0;RUA C (LOT PRQ ARACAPE);;;354;;Colis?úo Lateral;Via Iluminada;Bom;Seca;Meio de Quadra;N?úo H?í Controle;Residencial;0;1;1;1;0;0;0;0;0;0;0;0;;
306353;28;6;2017;12:10;5343;RUA PDE IBIAPINA;AV BEZERRA DE MENEZES;;0;;Colis?úo Lateral;Luz do Dia;Bom;Seca;T;Sem?íforo;Comercial;0;0;2;0;1;0;1;0;0;0;0;0;-3,730548000000000;-38,539973000000000
306354;28;6;2017;14:30;0;RUA JOAQUIM LIMA;;;1320;;Colis?úo Traseira;Luz do Dia;Bom;Seca;Meio de Quadra;Pare;Residencial;0;0;2;1;0;0;0;0;0;0;0;0;-3,742861000000000;-38,474971000000000
306355;28;6;2017;19:55;0;AV 13 DE MAIO;;;2400;;Atropelamento;Via Iluminada;Bom;Seca;Meio de Quadra;Sem?íforo;Comercial;0;1;1;0;1;0;0;0;0;0;0;0;-3,741992000000000;-38,537898000000000
306356;28;6;2017;07:40;0;AV H CJ CEARA;;;2280;;Colis?úo Lateral;Luz do Dia;Bom;Seca;Meio de Quadra;Outros;Residencial;0;1;1;1;0;0;0;0;0;1;0;0;-3,776683000000000;-38,618124000000000
306357;28;6;2017;15:35;0;AV PRS CASTELO BRANCO;;;70;;Engavetamento;Luz do Dia;Bom;Seca;Outros;N?úo H?í Controle;Outros;0;0;3;1;0;0;0;0;0;0;0;0;-3,722850000000000;-38,522837000000000
294498;28;6;2017;22:06;5433;RUA MAJ FACUNDO;RUA METON DE ALENCAR;;0;;Colis?úo;;;;Cruz;D?¬ Prefer?¬ncia;Comercial;0;1;1;0;0;0;0;0;0;1;0;0;-3,733917000000000;-38,529899000000000
325368;28;6;2017;06:57;0;RD CE-040;;;2401;;Colis?úo;Luz do Dia;;;Meio de Quadra;;;0;1;0;0;0;0;0;0;0;0;0;0;-3,847148400000000;-38,477339700000000
325374;28;6;2017;07:04;0;RUA CEL FABRICIANO;;;2430;;Colis?úo;Luz do Dia;;;Meio de Quadra;;;0;3;0;1;0;0;0;0;0;1;0;0;-3,781378000000000;-38,612884000000000
325392;28;6;2017;07:25;26252;RUA ANTONIO BARROS;RUA PERGENTINO MAIA;;0;;Colis?úo;Luz do Dia;;;Cruz;Sem?íforo;Comercial;0;1;0;1;0;0;0;0;0;1;0;0;-3,831373751000000;-38,488962643000000
325364;28;6;2017;06:49;0;AV GODOFREDO MACIEL;;;5076;;Colis?úo;Luz do Dia;;;Meio de Quadra;;;0;1;0;1;0;0;0;0;0;1;0;0;-3,818695000000000;-38,576069000000000
325428;28;6;2017;15:21;1716;AV GAL MURILO BORGES;AV GOV RAUL BARBOSA;;0;;Colis?úo;Luz do Dia;;;;;;0;0;1;1;1;0;0;0;0;0;0;0;-3,763977000000000;-38,508802000000000
325429;28;6;2017;17:02;0;RUA PORTO ALEGRE;;;1460;;Queda;Anoitecer;;;Meio de Quadra;;;0;1;0;0;0;0;0;0;0;1;0;0;-3,759875000000000;-38,591294000000000
325430;28;6;2017;17:55;0;AV BEZERRA DE MENEZES;;;0;;Atropelamento;Anoitecer;;;Meio de Quadra;;;0;1;0;0;0;1;0;0;0;0;0;0;;
325431;28;6;2017;17:57;16713;RUA PARAISO;RUA JOAQUIM CORREIA;;0;;Atropelamento;Anoitecer;;;;;;0;1;0;0;0;0;0;0;0;1;0;0;-3,834673000000000;-38,571217000000000
325409;28;6;2017;15:00;0;AV SGT HERMINIO SAMPAIO;;;423;;Colis?úo;Luz do Dia;;;Meio de Quadra;;;0;1;0;0;0;1;0;0;0;1;0;0;-3,728748500000000;-38,572246800000000
325406;28;6;2017;14:45;17365;RUA EUZEBIO DE QUEIROS;RUA TEN MOACIR MATOS;;0;;Colis?úo;Luz do Dia;;;Cruz;Pare;Residencial;0;1;0;1;0;0;0;0;0;1;0;0;-3,766390000000000;-38,553728000000000
325402;28;6;2017;10:23;0;RUA JOSE VILAR;;;1212;;Colis?úo;Luz do Dia;;;Meio de Quadra;;;0;1;0;1;0;0;0;0;0;0;0;0;-3,735054000000000;-38,504439000000000
325389;28;6;2017;07:12;0;AV CEL CARVALHO;;;0;;Colis?úo;Luz do Dia;;;Meio de Quadra;;;0;2;0;1;0;0;0;0;0;1;0;0;;
325395;28;6;2017;08:36;0;AV MOZART PINHEIRO DE LUCENA;;;2653;;Colis?úo;Luz do Dia;;;Meio de Quadra;;;0;1;0;1;0;0;0;0;0;1;0;0;-3,727543000000000;-38,598339000000000
325397;28;6;2017;08:47;0;AV DR SILAS MUNGUBA;;;6447;;Queda;Luz do Dia;;;Meio de Quadra;;;0;0;1;0;0;0;0;0;0;1;0;0;-3,800195200000000;-38,530246900000000
325453;28;6;2017;21:40;0;AV SANTOS DUMONT;;;0;;Colis?úo;;;;Meio de Quadra;;;0;1;0;0;0;0;0;0;0;0;0;0;;
325454;28;6;2017;23:11;0;RUA DOMINGOS JAGUARIBE;;;446;;Queda;;;;Meio de Quadra;;;0;0;1;0;0;0;0;0;0;1;0;0;-3,765575000000000;-38,535772000000000
325456;28;6;2017;23:59;19469;AV AUGUSTO DOS ANJOS;AV GAL OSORIO DE PAIVA;;0;;Queda;;;;;N?úo H?í Controle;Residencial;0;0;1;0;0;0;0;0;0;1;0;0;-3,787349000000000;-38,584939000000000
325451;28;6;2017;20:36;0;AV DES MOREIRA;;;2211;;Atropelamento;;;;Meio de Quadra;;;0;1;0;0;0;0;0;0;0;0;0;0;-3,745134000000000;-38,501209000000000
325444;28;6;2017;19:57;2896;AV GAL OSORIO DE PAIVA;RUA BOM JESUS (GRANJA LISBOA);;0;;Colis?úo;;;;T;N?úo H?í Controle;Comercial;0;1;0;0;0;0;0;0;0;0;0;0;-3,796709000000000;-38,594321000000000
325437;28;6;2017;18:51;0;AV BEZERRA DE MENEZES;;;0;;Atropelamento;;;;Meio de Quadra;;;0;1;0;1;0;0;0;0;0;0;0;0;;
325357;28;6;2017;06:48;0;RUA I CIDADE OESTE;;;460;;Colis?úo;Luz do Dia;;;Meio de Quadra;;;0;1;0;1;0;0;0;0;0;1;0;0;-3,724961778000000;-38,599825790000000
325352;28;6;2017;05:43;0;RUA VITAL BRASIL;;;0;;Colis?úo;Amanhecer;;;Meio de Quadra;;;0;0;1;0;0;0;0;0;0;0;0;0;;
325353;28;6;2017;06:40;0;AV I CJ CEARA;;;0;;Colis?úo;Luz do Dia;;;Meio de Quadra;;;0;0;1;0;0;0;0;0;0;0;0;0;;
325279;28;6;2017;06:40;0;RD CE-060;;;0;KM-02;Colis?úo;Luz do Dia;;Seca;Meio de Quadra;;;0;2;1;1;0;0;0;0;1;0;0;0;-3,834064000000000;-38,582111000000000
325275;28;6;2017;16:00;0;AV SEN CARLOS JEREISSATI (AEROPORTO);;;0;KM 03;Colis?úo;Luz do Dia;;Seca;Meio de Quadra;;;0;0;2;1;0;0;0;0;0;0;0;0;-3,779641000000000;-38,544038000000000
325268;28;6;2017;12:20;0;AV MIN JOSE AMERICO;;;300;;Engavetamento;Luz do Dia;;Seca;Meio de Quadra;;;0;0;3;1;0;0;0;0;0;0;0;0;-3,811516100000000;-38,496294100000000
325272;28;6;2017;14:20;0;RD CE-040;;;0;KM-06;Colis?úo;Luz do Dia;;Seca;Meio de Quadra;;;0;0;2;1;0;0;1;0;0;0;0;0;-3,809596804000000;-38,478733480000000
325265;28;6;2017;10:50;0;RD CE-040;;;0;KM-07;Colis?úo;Luz do Dia;;Seca;Meio de Quadra;;;0;0;2;1;0;0;1;0;0;0;0;0;-3,817159445000000;-38,483032860000000
325262;28;6;2017;06:50;0;RD CE-040;;;0;KM-09;Colis?úo;Luz do Dia;;Seca;Meio de Quadra;;;0;1;2;1;0;0;0;0;0;1;0;0;-3,834450897000000;-38,482465820000000
298164;29;6;2017;00:50;0;AV ALBERTO CRAVEIRO;;;515;;Choque c/ Obst?ículo Fixo;;;;Meio de Quadra;;;2;2;0;1;0;0;0;0;0;0;0;0;-3,783067000000000;-38,516662000000000
325466;29;6;2017;06:14;0;AV PERIMETRAL;;;0;;Colis?úo;Luz do Dia;;;Meio de Quadra;;;0;1;0;1;0;0;0;0;0;1;0;0;;
325411;29;6;2017;19:00;0;RD CE-040;;;0;KM-02;Outros;Via Iluminada;;Seca;Meio de Quadra;;;0;0;2;1;0;0;0;0;0;0;0;0;-3,773616148000000;-38,481799400000000
325480;29;6;2017;07:45;0;RUA PRO TEODORICO;;;891;;Colis?úo;Luz do Dia;;;Meio de Quadra;;;0;1;0;1;0;0;0;0;0;1;0;0;-3,769275000000000;-38,551975000000000
325494;29;6;2017;13:59;5338;RUA VINTE E CINCO DE MARCO;RUA PINTO MADEIRA;;0;;Colis?úo;Luz do Dia;;;Cruz;Pare;Comercial;0;1;0;1;0;0;0;0;0;1;0;0;-3,730648000000000;-38,522925000000000
325507;29;6;2017;15:51;0;AV GAL OSORIO DE PAIVA;;;4699;;Colis?úo;Luz do Dia;;;Meio de Quadra;;;0;1;0;1;0;0;0;0;0;1;0;0;-3,800230000000000;-38,597713000000000
325508;29;6;2017;16:06;0;RUA HUMBERTO LOMEU;;;1092;;Colis?úo;Luz do Dia;;;Meio de Quadra;;;0;1;0;0;0;0;0;0;0;1;0;0;-3,782238174000000;-38,601671939000000
325513;29;6;2017;18:47;0;AV AUGUSTO DOS ANJOS;;;810;;Atropelamento;;;;Meio de Quadra;;;0;1;0;0;0;0;0;0;0;1;0;0;-3,775070000000000;-38,574655000000000
325517;29;6;2017;19:24;25486;AV SEN CARLOS JEREISSATI (AEROPORTO);AV ALBERTO CRAVEIRO;;0;;Colis?úo;;;;Y;N?úo H?í Controle;Comercial;0;2;0;1;0;0;0;0;0;1;0;0;-3,783767000000000;-38,516874000000000
325488;29;6;2017;10:55;0;RUA TAILANDIA;;;100;;Queda;Luz do Dia;;;Meio de Quadra;;;0;1;0;0;0;0;0;0;0;1;0;0;;
325489;29;6;2017;11:02;0;AV WASHINGTON SOARES;;;0;;Colis?úo;Luz do Dia;;;Meio de Quadra;;;0;1;0;1;0;0;0;0;0;1;0;0;;
325490;29;6;2017;11:10;0;RUA JOSE FACANHA;;;685;;Queda;Luz do Dia;;;Meio de Quadra;;;0;1;0;0;0;0;0;0;0;1;0;0;-3,751996000000000;-38,557416000000000
325491;29;6;2017;13:46;0;AV PERIMETRAL;;;0;;Colis?úo;Luz do Dia;;;Meio de Quadra;;;0;1;0;0;0;0;0;0;0;0;0;0;;
325492;29;6;2017;13:49;12873;RUA MAJ FACUNDO;RUA JOAQUIM MAGALHAES;;0;;Colis?úo;Luz do Dia;;;Cruz;N?úo H?í Controle;Residencial;0;1;0;1;0;0;0;0;0;1;0;0;-3,738795000000000;-38,531466000000000
325484;29;6;2017;08:04;0;AV JOSE BASTOS;;;6670;;Atropelamento;Luz do Dia;;;Meio de Quadra;;;0;1;0;0;0;0;0;0;0;1;0;0;-3,769089000000000;-38,570173000000000
325485;29;6;2017;09:42;0;AV SEN VIRGILIO TAVORA;;;2164;;Colis?úo;Luz do Dia;;;Meio de Quadra;;;0;0;1;1;0;0;0;0;0;1;0;0;-3,745129000000000;-38,495817000000000
325486;29;6;2017;10:22;0;RUA TEN BENEVOLO;;;1032;;Queda;Luz do Dia;;;Meio de Quadra;;;0;1;0;0;0;0;0;0;0;1;0;0;-3,727037000000000;-38,512075000000000
325399;29;6;2017;10:50;0;RD CE-040;;;0;KM-03;Colis?úo;Luz do Dia;;Seca;Meio de Quadra;;;0;1;1;1;0;0;0;0;0;1;0;0;-3,782614325000000;-38,481083900000000
325404;29;6;2017;17:05;0;RD CE-040;;;8375;KM-10;Colis?úo;Anoitecer;;Seca;Meio de Quadra;;;0;2;1;0;0;0;0;0;0;1;0;0;-3,824657200000000;-38,481234700000000
325415;29;6;2017;19:20;0;RD CE-040;;;2434;KM-09;Colis?úo;Via Iluminada;;Seca;Meio de Quadra;;;0;1;1;1;0;0;0;0;0;1;0;0;;
325418;29;6;2017;21:30;0;RD CE-040;;;0;KM-07;Colis?úo;Via Iluminada;;Seca;Meio de Quadra;;;0;0;2;0;1;1;0;0;0;0;0;0;-3,817159445000000;-38,483032860000000
325522;29;6;2017;20:15;0;AV A CJ JOSE WALTER;;;130;;Atropelamento;;;;Meio de Quadra;;;0;1;0;1;0;0;0;0;0;0;0;0;-3,825505000000000;-38,552014000000000
325520;29;6;2017;19:45;0;AV A CJ JOSE WALTER;;;170;;Colis?úo;;;;Meio de Quadra;;;0;1;0;1;0;0;0;0;0;1;0;0;-3,825431000000000;-38,552267000000000
325527;29;6;2017;21:14;25256;AV WASHINGTON SOARES;RUA JOAQUIM DE FIGUEIREDO FILHO;;0;;Colis?úo;;;;;;;0;1;0;0;0;0;0;0;0;0;0;0;;
325528;29;6;2017;21:19;18743;RUA CATOLE;RUA VALPARAISO;;0;;Queda;;;;Cruz;Pare;Misto;0;1;0;0;0;0;0;0;0;1;0;0;-3,846407000000000;-38,520171000000000
325524;29;6;2017;20:33;0;RUA DR FERNANDO AUGUSTO;;;1340;;Atropelamento;;;;Meio de Quadra;;;0;1;0;0;0;0;0;0;0;0;0;0;-3,792602000000000;-38,604513000000000
325532;29;6;2017;23:06;0;AV 13 DE MAIO;;;0;;Atropelamento;;;;Meio de Quadra;;;0;1;0;0;0;0;0;0;0;0;0;0;;
325533;29;6;2017;23:06;0;AV 13 DE MAIO;;;1220;;Queda;;;;Meio de Quadra;;;0;1;0;0;0;0;0;0;0;1;0;0;-3,748867000000000;-38,529858000000000
325869;29;6;2017;08:15;0;RD BR 116;;;400;KM-05;Colis?úo Traseira;Luz do Dia;;Seca;Meio de Quadra;;;0;1;2;1;0;0;0;0;0;1;0;0;-3,796015900000000;-38,507200500000000
306610;29;6;2017;08:00;1370;RUA CEL JUCA;RUA MARCOS MACEDO;;0;;Colis?úo Lateral;Luz do Dia;;;Cruz;Pare;Misto;0;1;1;1;0;0;0;0;0;1;0;0;-3,736456000000000;-38,490901000000000
306358;29;6;2017;08:15;25352;AV DEP PAULINO ROCHA;RUA MANOEL AGUIAR PONTES;;0;;Colis?úo Lateral;Luz do Dia;;;Duplo T;Sem?íforo;Comercial;0;0;2;1;0;0;0;0;0;1;0;0;-3,810811000000000;-38,516682000000000
306359;29;6;2017;18:30;0;AV PONTES VIEIRA;;;832;SERPRO;Atropelamento;Anoitecer;;;Meio de Quadra;;;0;1;1;1;0;0;0;0;0;0;0;0;-3,752724000000000;-38,513460000000000
306347;29;6;2017;14:00;0;RUA PERU;;;1235;;Colis?úo Lateral;Luz do Dia;;;Meio de Quadra;;;0;0;2;1;0;0;0;0;0;0;0;0;-3,778005000000000;-38,552776000000000
306350;29;6;2017;15:10;9111;RUA DEP OSWALDO STUDART;AV EDUARDO GIRAO;;0;;Colis?úo Lateral;Luz do Dia;;;Cruz;Sem?íforo Intermitente;Comercial;0;0;2;1;0;0;0;0;0;0;0;0;-3,755323000000000;-38,529775000000000
306351;29;6;2017;15:18;19285;RUA ARARIPE PRATA;RUA MARACANA;;0;;Colis?úo Transversal;Luz do Dia;;;T;Pare;Residencial;0;2;1;1;0;0;0;0;0;1;0;0;-3,773944000000000;-38,569939000000000
306335;29;6;2017;11:30;12925;AV DOMINGOS OLIMPIO;AV AGUANAMBI;;0;;Colis?úo Lateral;Luz do Dia;;;Cruz;Sem?íforo;Comercial;0;0;2;1;0;0;0;0;0;0;0;0;-3,738683000000000;-38,524628000000000
306336;29;6;2017;17:30;0;RUA DEP OSWALDO STUDART;;;0;;Colis?úo Lateral;Anoitecer;;;;;;0;2;1;0;1;0;0;0;0;1;0;0;;
306338;29;6;2017;18:55;0;AV DEP PAULINO ROCHA;;;1001;CONDOM?ìNIO MORADA DOS BOSQUES;Choque c/ Obst?ículo Fixo;;;;Meio de Quadra;;;0;0;1;1;0;0;0;0;0;0;0;0;-3,808089000000000;-38,508524000000000
309768;29;6;2017;13:44;15821;AV JOR THOMAZ COELHO;RUA ANGELICA GURGEL;;0;;Colis?úo Transversal;Luz do Dia;Bom;Seca;T;Gesto;Comercial;0;0;0;0;1;0;0;0;0;0;0;0;-3,832390000000000;-38,499040000000000
309769;29;6;2017;14:20;26227;AV GAL OSORIO DE PAIVA;RUA AGAMENON;;0;;Colis?úo Traseira;Luz do Dia;Bom;Seca;Cruz;Sem?íforo;Comercial;0;0;2;1;0;0;0;0;0;0;0;0;-3,790096000000000;-38,588040000000000
309770;29;6;2017;13:55;0;AV RUI BARBOSA;RUA MARCONDES PEREIRA;;0;;Colis?úo Traseira;Luz do Dia;Bom;Seca;T;Pare;Residencial;0;0;2;1;0;0;0;0;0;0;0;0;-3,747102500000000;-38,513016000000000
309771;29;6;2017;11:09;7923;AV DES MOREIRA;RUA ISAC AMARAL;;0;;Colis?úo Traseira;Luz do Dia;Nublado;Molhada;Cruz;Sem?íforo;Comercial;0;0;2;1;0;0;0;0;0;0;0;0;-3,753176500000000;-38,503872000000000
309772;29;6;2017;15:06;0;AV JOSE BASTOS;;;2426;;Colis?úo Traseira;Luz do Dia;Bom;Seca;Meio de Quadra;N?úo H?í Controle;Comercial;0;0;2;1;1;0;0;0;0;0;0;0;-3,743075000000000;-38,543823000000000
309773;29;6;2017;14:15;0;AV PRS COSTA E SILVA;;;1347;;Colis?úo Traseira;Luz do Dia;Nublado;Seca;Meio de Quadra;Gesto;Comercial;0;3;1;0;0;0;0;0;0;1;0;0;-3,824405000000000;-38,545680000000000
309774;29;6;2017;17:07;15135;AV HIS RAIMUNDO GIRAO;RUA FRANCISCO DIAS RIBEIRO;;0;;Colis?úo Transversal;Luz do Dia;Bom;Seca;Cruz;Pare;Residencial;0;0;2;1;0;0;0;0;0;0;0;0;-3,723959200000000;-38,504406000000000
309775;29;6;2017;18:13;24211;RUA DES WALDETARIO P MOTA;RUA PASCOAL CASTRO ALVES;;0;;Colis?úo Transversal;Via Iluminada;Bom;Seca;Cruz;Pare;Residencial;0;1;1;1;0;1;0;0;0;0;0;0;-3,732460300000000;-38,477856000000000
309776;29;6;2017;19:07;0;RUA JAIME BENEVOLO;;;1900;;Colis?úo Traseira;Via Iluminada;Bom;Seca;T;N?úo H?í Controle;Residencial;0;1;1;0;0;0;0;0;0;1;0;0;-3,748777600000000;-38,531090000000000
309777;29;6;2017;19:04;1375;AV SANTOS DUMONT;RUA BARBOSA DE FREITAS;;0;;Colis?úo Lateral;Via Iluminada;Bom;Seca;Cruz;Sem?íforo;Comercial;0;0;2;1;0;0;0;0;0;0;0;0;-3,736663800000000;-38,497585000000000
309778;29;6;2017;19:36;1453;AV RUI BARBOSA;AV HERACLITO GRACA;;0;;Colis?úo Lateral;Via Iluminada;Nublado;Seca;Meio de Quadra;Sem?íforo;Comercial;0;0;2;1;0;0;0;0;0;0;0;0;-3,738132500000000;-38,510204000000000
309779;29;6;2017;20:25;0;AV ALBERTO CRAVEIRO;;;0;;Colis?úo Transversal;Via Iluminada;Chuva;Molhada;Rotat??ria;D?¬ Prefer?¬ncia;Lazer;0;0;2;1;0;0;0;0;0;0;0;0;-3,807759300000000;-38,524822000000000
309780;29;6;2017;21:38;13500;RUA CEL ALVES TEIXEIRA;RUA CARLOS VASCONCELOS;;0;;Colis?úo Lateral;Via Iluminada;Nublado;Molhada;Cruz;Gesto;Residencial;0;1;1;1;0;0;0;0;0;1;0;0;-3,745880100000000;-38,515038000000000
309759;29;6;2017;06:00;21319;RUA JOSE SOMBRA;RUA GUSTAVO SAMPAIO;;0;;Colis?úo Transversal;Luz do Dia;Bom;Seca;Cruz;Pare;Comercial;0;1;1;1;0;0;0;0;0;1;0;0;-3,733263300000000;-38,547260000000000
309760;29;6;2017;07:54;1310;RUA TORRES CAMARA;RUA GAL JOAQUIM DE ANDRADE;;0;;Colis?úo Transversal;Luz do Dia;Bom;Seca;Cruz;Pare;Comercial;0;1;1;1;0;0;0;0;0;1;0;0;-3,734956500000000;-38,509674000000000
309761;29;6;2017;07:05;0;AV PRS CASTELO BRANCO;;;777;;Colis?úo Traseira;Luz do Dia;Bom;Seca;Meio de Quadra;N?úo H?í Controle;Residencial;0;0;2;1;0;0;0;0;0;0;0;0;-3,720858800000000;-38,529150000000000
309762;29;6;2017;08:10;0;RUA SAO JOSE UI 208;RUA SOBRAL D03;;0;;Colis?úo Lateral;Luz do Dia;Bom;Seca;T;N?úo H?í Controle;Comercial;0;0;2;1;0;0;0;0;0;0;0;0;-3,725346600000000;-38,523690000000000
309763;29;6;2017;09:52;0;AV ANTONIO SALES;;;2850;;Colis?úo Traseira;Luz do Dia;Nublado;Seca;Meio de Quadra;N?úo H?í Controle;Comercial;0;0;2;1;1;0;0;0;0;0;0;0;-3,746658000000000;-38,498825000000000
309764;29;6;2017;10:42;0;AV EDILSON B SOARES;;;2600;;Colis?úo Traseira;Luz do Dia;Chuva;Molhada;Outros;N?úo H?í Controle;Residencial;0;0;2;1;0;0;0;0;0;0;0;0;-3,787976700000000;-38,462635000000000
309765;29;6;2017;10:59;25334;AV D CJ CEARA;AV B CJ CEARA;;0;;Colis?úo Lateral;Luz do Dia;Bom;Molhada;Cruz;Pare;Comercial;0;0;2;0;0;0;0;0;0;1;0;0;-3,763578200000000;-38,602210000000000
309766;29;6;2017;11:49;0;AV LUCIANO CARNEIRO;;;840;;Colis?úo Lateral;Luz do Dia;Bom;Seca;Meio de Quadra;N?úo H?í Controle;Comercial;0;1;0;1;0;0;0;0;0;1;0;0;-3,755125500000000;-38,533783000000000
309805;30;6;2017;18:00;0;AV BORGES DE MELO;;;448;;Colis?úo Lateral;Via Iluminada;Bom;Seca;Meio de Quadra;N?úo H?í Controle;Residencial;0;0;2;1;0;0;0;0;0;0;0;0;-3,760957500000000;-38,522890000000000
309781;30;6;2017;08:30;7830;RUA SILVA PAULET;RUA PINHO PESSOA;;0;;Colis?úo Lateral;Luz do Dia;Nublado;Molhada;Cruz;Pare;Residencial;0;0;2;1;0;0;0;0;0;0;0;0;-3,745859900000000;-38,509056000000000
309782;30;6;2017;08:33;0;RUA COSTA BARROS;RUA SAO JOSE D03;;0;;Colis?úo Lateral;Luz do Dia;Nublado;Seca;Cruz;Pare;Comercial;0;0;2;1;0;0;0;0;0;0;0;0;-3,726158100000000;-38,523727000000000
309783;30;6;2017;08:42;0;AV ABOLICAO;;;2194;;Colis?úo Lateral;Luz do Dia;Nublado;Molhada;Meio de Quadra;Sem?íforo;Comercial;0;1;1;1;0;0;0;0;0;1;0;0;-3,726260700000000;-38,499230000000000
309784;30;6;2017;08:00;19713;RUA DOM LINO;RUA AZEVEDO BOLAO;;0;;Colis?úo Transversal;Luz do Dia;Nublado;Seca;Cruz;Pare;Comercial;0;0;2;1;0;0;0;0;0;0;0;0;-3,736463800000000;-38,557140000000000
309785;30;6;2017;14:52;0;AV WENEFRIDO MELO;;;309;;Colis?úo Lateral;Luz do Dia;Bom;Seca;Meio de Quadra;N?úo H?í Controle;Comercial;0;0;1;0;0;1;0;0;0;0;0;0;-3,810463000000000;-38,576008000000000
309786;30;6;2017;16:37;22947;RUA LEAO TREZE;RUA FRE ALEMAO;;0;;Colis?úo Lateral;Luz do Dia;Bom;Seca;Cruz;Pare;Residencial;0;0;2;1;0;0;0;0;0;1;0;0;-3,784372000000000;-38,543686000000000
309787;30;6;2017;16:37;1587;RUA PRO DIAS DA ROCHA;RUA CAROLINA SUCUPIRA;;0;;Colis?úo Lateral;Luz do Dia;Nublado;Molhada;Cruz;Pare;Residencial;0;0;2;1;0;0;0;0;0;0;0;0;-3,743001500000000;-38,494110000000000
309788;30;6;2017;18:27;0;RUA PINHO PESSOA;;;100;;Colis?úo Traseira;Anoitecer;Bom;Seca;Cruz;Pare;Residencial;0;0;2;1;0;0;0;0;0;0;0;0;-3,745831000000000;-38,509144000000000
309789;30;6;2017;18:57;0;RUA PRO SILAS RIBEIRO;;;3497;;Colis?úo Traseira;Via Iluminada;Bom;Seca;Meio de Quadra;N?úo H?í Controle;Comercial;0;0;2;1;0;0;0;0;0;0;0;0;-3,789522200000000;-38,542725000000000
309790;30;6;2017;18:50;0;RUA ALM JACEGUAI;AV PRS CASTELO BRANCO;;0;;Colis?úo Traseira;Via Iluminada;Bom;Seca;Meio de Quadra;Sem?íforo;Comercial;0;0;2;1;0;0;0;0;0;0;0;0;-3,723529000000000;-38,519840000000000
309791;30;6;2017;18:23;4319;AV VICENTE DE CASTRO;AV JOSE SABOIA;;0;MOINHO DIAS BRANCO;Colis?úo Transversal;Via Iluminada;Nublado;Seca;Cruz;Sem?íforo;Industrial;0;0;2;0;1;0;0;0;0;0;0;0;-3,713763700000000;-38,473010000000000
309792;30;6;2017;15:51;0;AV JOVITA FEITOSA;;;809;;Colis?úo Traseira;Luz do Dia;Nublado;Seca;Meio de Quadra;Sem?íforo;Comercial;0;0;2;1;0;0;0;0;0;0;0;0;-3,738854000000000;-38,551186000000000
309793;30;6;2017;20:30;5379;RUA SOLON PINHEIRO;RUA PEDRO I;;0;;Colis?úo Transversal;Via Iluminada;Bom;Seca;Cruz;N?úo H?í Controle;Comercial;0;0;2;1;0;0;0;0;0;0;0;0;-3,731851000000000;-38,526740000000000
309794;30;6;2017;22:25;7479;AV ALBERTO CRAVEIRO;RUA PEDRO DANTAS;;0;;Colis?úo Lateral;Via Iluminada;Nublado;Seca;T;Sem?íforo;Residencial;0;0;2;1;1;0;0;0;0;0;0;0;-3,786332000000000;-38,517240000000000
306360;30;6;2017;19:00;0;RUA TULIPA NEGRA;;;0;;Colis?úo Lateral;;;;Meio de Quadra;;;0;0;2;1;0;0;0;0;0;0;0;0;;
306361;30;6;2017;17:47;25287;AV AUGUSTO DOS ANJOS;RUA PRIMEIRO DE MAIO D34;;0;;Colis?úo;Anoitecer;;;Duplo T;N?úo H?í Controle;Comercial;0;1;1;1;0;0;0;0;0;1;0;0;-3,784490000000000;-38,582915000000000
306362;30;6;2017;16:50;5159;AV IMPERADOR;RUA GUILHERME ROCHA;;0;;Colis?úo Lateral;Luz do Dia;;;Cruz;Sem?íforo;Comercial;0;2;1;0;0;0;0;0;1;0;0;0;-3,725081000000000;-38,533829000000000
306366;30;6;2017;10:30;0;RUA RAUL UCHOA;;;177;;Colis?úo Lateral;Luz do Dia;;;Meio de Quadra;;;0;0;2;1;0;0;1;0;0;0;0;0;-3,760822000000000;-38,545232000000000
306367;30;6;2017;20:00;22296;RUA PDE ANCHIETA;RUA SOARES BULCAO;;0;;Colis?úo Traseira;;;;Cruz;Pare;Residencial;0;0;2;1;0;0;0;0;0;0;0;0;-3,731832000000000;-38,552133000000000