COD_ACIDENTE;DIA;MES;ANO;HORA;INTERSECAO;LOG1;LOG2;LOG3;NUMERO;REFERENCIA;NATUREZA;ILUMINACAO;TEMPO;SUPERFICIEPISTA;TIPOCRUZAMENTO;CONTROLETRAFEGO;USOSOLO;MORTOS;FERIDOS;ILESOS;AUTOMOVEL;ONIBUS;BICICLETA;CAMINHAO;MICROONIBUS;CICLOMOTOR;MOTOCICLETA;TRACAOANIMAL;TREM;LATITUDE;LONGITUDE
306368;30;6;2017;12:40;5777;RUA JOSE A CAVALCANTE;RUA CHICO LEMOS;;0;;Colis?úo Transversal;Luz do Dia;;;Cruz;Pare;Residencial;0;1;1;1;0;0;0;0;1;0;0;0;-3,790905000000000;-38,499317000000000
306364;30;6;2017;14:30;0;RUA NEREU RAMOS;;;0;;Colis?úo Traseira;Luz do Dia;;;Meio de Quadra;;;0;0;2;1;0;0;0;0;0;0;0;0;;
325538;30;6;2017;03:12;6285;AV C CJ CEARA;AV G CJ CEARA;;0;;Queda;;;;T;N?úo H?í Controle;Residencial;0;1;0;0;0;0;0;0;0;1;0;0;-3,770049259000000;-38,613813257000000
325539;30;6;2017;06:02;0;AV ALM HENRIQUE SABOIA;;;700;;Queda;Luz do Dia;;;Meio de Quadra;;;0;1;0;0;0;0;0;0;0;1;0;0;-3,727849000000000;-38,480432000000000
325536;30;6;2017;01:59;0;AV I CJ JOSE WALTER;;;1400;;Queda;;;;Meio de Quadra;;;0;1;0;0;0;0;0;0;0;1;0;0;;
325544;30;6;2017;06:52;0;RUA NAT FEIJO;;;342;;Queda;Luz do Dia;;;Meio de Quadra;;;0;1;0;0;0;0;0;0;0;1;0;0;-3,722486000000000;-38,551959000000000
325547;30;6;2017;07:41;0;AV JOVITA FEITOSA;;;115;;Colis?úo;Luz do Dia;;;Meio de Quadra;;;0;1;0;1;0;0;0;0;0;1;0;0;-3,737421000000000;-38,544668000000000
325558;30;6;2017;08:01;0;AV ROGACIANO LEITE;;;1140;;Atropelamento;Luz do Dia;;;Meio de Quadra;;;0;1;0;1;0;0;0;0;0;0;0;0;-3,767863000000000;-38,497002000000000
325563;30;6;2017;09:15;0;AV DR SILAS MUNGUBA;;;800;;Colis?úo;Luz do Dia;;;Meio de Quadra;;;0;1;0;0;0;0;0;0;0;1;0;0;-3,780517000000000;-38,558873000000000
325573;30;6;2017;09:29;5115;RUA SEN ALENCAR;RUA VINTE E QUATRO DE MAIO;;0;;Atropelamento;Luz do Dia;;;Cruz;Sem?íforo;Comercial;0;1;0;0;0;0;0;0;0;0;0;0;-3,723868000000000;-38,531018000000000
325575;30;6;2017;09:35;0;AV BAR STUDART;;;0;;Colis?úo;Luz do Dia;;;Meio de Quadra;;;0;1;0;0;0;0;0;0;0;1;0;0;;
325578;30;6;2017;09:37;0;AV MR HULL;;;4895;;Colis?úo;Luz do Dia;;;Meio de Quadra;;;0;1;0;0;0;0;0;0;0;0;0;0;-3,739147000000000;-38,588196000000000
325583;30;6;2017;10:22;0;AV C CJ CEARA;;;816;;Colis?úo;Luz do Dia;;;Meio de Quadra;;;0;1;0;1;0;0;0;0;0;1;0;0;-3,765575000000000;-38,611128000000000
325585;30;6;2017;10:36;0;RUA EMILIO DE MENESES;;;1460;;Colis?úo;Luz do Dia;;;Meio de Quadra;;;0;3;0;0;0;0;0;0;0;1;0;0;-3,779733000000000;-38,594576000000000
325586;30;6;2017;11:12;0;AV DES FAUSTINO ALBUQUERQUE;;;990;;Colis?úo;Luz do Dia;;;Meio de Quadra;;;0;1;0;1;0;0;0;0;0;1;0;0;-3,788208600000000;-38,500141900000000
325587;30;6;2017;11:30;0;RUA TEODORO DE CASTRO;;;2032;;Queda;Luz do Dia;;;Meio de Quadra;;;0;1;0;0;0;0;0;0;0;1;0;0;-3,778597000000000;-38,609205000000000
325588;30;6;2017;11:57;0;AV 13 DE MAIO;;;825;;Queda;Luz do Dia;;;Meio de Quadra;;;0;1;0;0;0;0;0;0;0;1;0;0;-3,751214000000000;-38,527120000000000
325589;30;6;2017;12:40;0;RUA CEL FABRICIANO;;;2529;;Atropelamento;Luz do Dia;;;Meio de Quadra;;;0;1;0;0;0;0;0;0;0;1;0;0;-3,781194000000000;-38,613578000000000
325593;30;6;2017;14:47;7926;AV ANTONIO SALES;RUA BARBOSA DE FREITAS;;0;;Queda;Luz do Dia;;;Cruz;Sem?íforo;Comercial;0;0;1;0;0;0;0;0;0;1;0;0;-3,746051000000000;-38,500407000000000
325594;30;6;2017;15:30;0;RUA SAO PAULO;;;1437;;Colis?úo;Luz do Dia;;;Meio de Quadra;;;0;1;0;0;0;0;0;0;0;0;0;0;-3,722328000000000;-38,538783000000000
325595;30;6;2017;16:54;0;RUA ANA BRITO;;;711;;Colis?úo;Luz do Dia;;;Meio de Quadra;;;0;1;0;1;0;0;0;0;0;1;0;0;-3,830129400000000;-38,585990500000000
325596;30;6;2017;17:29;0;AV PAROARAS;;;1200;;Atropelamento;Anoitecer;;;Meio de Quadra;;;0;1;0;1;0;0;0;0;0;0;0;0;-3,808536000000000;-38,545427000000000
325597;30;6;2017;18:05;7884;AV ANTONIO SALES;RUA VICENTE LEITE;;0;;Colis?úo;Anoitecer;;;Cruz;Pare;Comercial;0;1;1;1;0;0;0;0;0;1;0;0;-3,746656000000000;-38,498468000000000
325591;30;6;2017;13:46;0;AV PERIMETRAL;;;339;;Atropelamento;Luz do Dia;;;Meio de Quadra;;;0;1;0;0;0;0;1;0;0;0;0;0;;
325599;30;6;2017;18:25;0;AV GAL MURILO BORGES;;;0;;Queda;Anoitecer;;;Meio de Quadra;;;0;1;0;0;0;0;0;0;0;1;0;0;;
325601;30;6;2017;18:28;9216;RUA MARIO MAMEDE;RUA NAPOLEAO LAUREANO;;0;;Colis?úo;Anoitecer;;;Cruz;Pare;Residencial;0;0;2;0;0;0;0;0;0;1;0;0;-3,750799000000000;-38,529662000000000
325602;30;6;2017;18:48;3901;AV EDUARDO GIRAO;RUA JORGE DUMAR;;0;;Queda;;;;Cruz;Sem?íforo;Residencial;0;1;0;0;0;0;0;0;0;1;0;0;-3,749691000000000;-38,538695000000000
325603;30;6;2017;19:02;19944;RUA TERTULIANO SALES;RUA FRANCISCO LORDA;;0;;Atropelamento;;;;Cruz;Sem?íforo;Comercial;0;1;0;1;0;0;0;0;0;0;0;0;-3,762118000000000;-38,531234000000000
325605;30;6;2017;19:51;84;AV MR HULL;RUA PDE PERDIGAO SAMPAIO;;0;;Colis?úo;;;;Cruz;Sem?íforo;Residencial;0;1;0;0;0;0;0;0;0;0;0;0;-3,740113000000000;-38,594635000000000
325606;30;6;2017;20:12;0;RUA GOIANIA;;;1402;;Atropelamento;;;;Meio de Quadra;;;0;1;0;0;0;0;0;0;0;1;0;0;-3,759979000000000;-38,593474000000000
325607;30;6;2017;20:15;0;AV HEROIS DO ACRE;;;465;;Colis?úo;;;;Meio de Quadra;;;0;1;0;0;0;0;0;0;0;0;0;0;-3,803198000000000;-38,534310000000000
325608;30;6;2017;20:38;0;AV D CJ JOSE WALTER;;;504;HOSP. GONZAGUINHA;Queda;;;;Meio de Quadra;;;0;1;0;0;0;0;0;0;0;1;0;0;;
325609;30;6;2017;22:50;13021;AV I CJ JOSE WALTER;AV A CJ JOSE WALTER;;0;;Colis?úo;;;;Cruz;Pare;Residencial;0;1;0;1;0;0;0;0;0;1;0;0;-3,825834000000000;-38,550935000000000
325610;30;6;2017;23:42;0;AV GAL OSORIO DE PAIVA;;;909;;Colis?úo;;;;Meio de Quadra;;;0;1;0;0;0;0;0;0;0;0;0;0;-3,777974000000000;-38,570223000000000
325424;30;6;2017;08:20;0;AV SEN CARLOS JEREISSATI (AEROPORTO);;;0;KM 01;Colis?úo;Luz do Dia;;Seca;Meio de Quadra;;;0;0;2;1;0;0;0;0;0;1;0;0;-3,783753000000000;-38,526850000000000
324814;1;7;2017;;0;RD CE-040;;;0;KM-05;Engavetamento;;;Seca;Meio de Quadra;;;0;0;4;1;0;0;0;0;0;0;0;0;-3,800595823000000;-38,479534630000000
324815;1;7;2017;09:30;0;AV MIN JOSE AMERICO;;;0;;Colis?úo;Luz do Dia;;Seca;Meio de Quadra;;;0;0;2;1;0;0;0;0;0;0;0;0;;
324739;1;7;2017;11:30;0;RD CE-040;;;0;KM-10;Colis?úo;Luz do Dia;;Seca;Meio de Quadra;;;0;0;2;1;0;0;0;0;0;1;0;0;-3,826389000000000;-38,481783000000000
324736;1;7;2017;06:30;0;RD CE-040;;;0;KM-07;Choque c/ Obst?ículo Fixo;Luz do Dia;;Seca;Meio de Quadra;;;0;0;1;1;0;0;0;0;0;0;0;0;-3,817159445000000;-38,483032860000000
324737;1;7;2017;08:45;0;RD CE-040;;;0;KM-08;Colis?úo;Luz do Dia;;Seca;Meio de Quadra;;;0;0;2;1;0;0;0;0;0;0;0;0;-3,825515822000000;-38,481538320000000
305892;1;7;2017;05:30;0;AV ENG ALBERTO SA;;;1142;;Colis?úo;Amanhecer;;;Meio de Quadra;;;1;0;1;0;1;0;0;0;0;1;0;0;-3,735395000000000;-38,472885000000000
306465;1;7;2017;00:45;5504;RUA JOAO CORDEIRO;RUA PDE VALDEVINO;;0;;Colis?úo Transversal;Via Iluminada;Bom;Seca;Cruz;Sem?íforo;Comercial;0;0;2;1;0;0;0;0;0;0;0;0;-3,738896000000000;-38,517550000000000
306467;1;7;2017;05:00;0;AV RUI BARBOSA;;;3275;;Capotamento;Amanhecer;Nublado;Seca;Meio de Quadra;N?úo H?í Controle;Residencial;0;0;1;1;0;0;0;0;0;0;0;0;-3,751166000000000;-38,514087000000000
306477;1;7;2017;07:20;17513;AV ABOLICAO;RUA PEDRO RUFINO D48;;0;;Colis?úo Transversal;Luz do Dia;Nublado;Seca;Cruz;Pare;Residencial;0;1;1;1;0;0;0;0;0;1;0;0;-3,726087000000000;-38,487572000000000
306436;1;7;2017;02:30;0;RUA JULIO VERNE;;;490;;Colis?úo Frontal;Via Iluminada;Bom;Seca;Meio de Quadra;N?úo H?í Controle;Residencial;0;0;2;1;0;0;1;0;0;0;0;0;-3,775029000000000;-38,554044000000000
306443;1;7;2017;01:20;23646;RUA CAP NESTOR GOIS;RUA DR ATUALPA (V. ELERY);;0;;Colis?úo Transversal;Via Iluminada;Nublado;Seca;Cruz;Pare;Residencial;0;2;0;1;0;0;0;0;0;0;0;0;-3,722879000000000;-38,561421000000000
306433;1;7;2017;08:30;0;AV LUCIANO CARNEIRO;;;1400;;Colis?úo Traseira;Luz do Dia;Bom;Seca;Meio de Quadra;Sem?íforo;Comercial;0;0;2;1;0;0;0;0;0;0;0;0;-3,760913000000000;-38,535455000000000
306410;1;7;2017;20:15;0;AV GAL OSORIO DE PAIVA;;;1280;;Colis?úo Frontal;Via Iluminada;Chuva;Molhada;Meio de Quadra;Outros;Residencial;0;0;2;1;0;0;0;0;0;0;0;0;-3,779873000000000;-38,573244000000000
306423;1;7;2017;08:00;0;AV JOAO PESSOA;;;6167;;Colis?úo Lateral;Luz do Dia;Bom;Molhada;Meio de Quadra;Outros;Comercial;0;0;1;0;1;0;0;0;0;0;0;0;-3,764442000000000;-38,558662000000000
306492;1;7;2017;10:23;13073;RUA 45 CJ JOSE WALTER;RUA 34 CJ JOSE WALTER;;0;;Colis?úo Lateral;Luz do Dia;Bom;Seca;Cruz;Outros;Residencial;0;0;2;1;0;0;0;0;0;0;0;0;-3,827681000000000;-38,555582000000000
306498;1;7;2017;02:00;0;AV A CJ CEARA;;;135;;Colis?úo Lateral;Via Iluminada;Nublado;Seca;Meio de Quadra;N?úo H?í Controle;Residencial;0;0;2;1;1;0;0;0;0;0;0;0;;
306486;1;7;2017;06:20;0;RUA BERNARDO MANUEL;;;9967;;Colis?úo Lateral;Luz do Dia;Bom;Seca;Meio de Quadra;Outros;Comercial;0;1;1;0;1;0;0;0;0;1;0;0;-3,803392462000000;-38,552849735000000
306511;1;7;2017;02:20;0;RUA BAR SOBRAL;;;515;;Colis?úo Traseira;Via Iluminada;Bom;Seca;Meio de Quadra;N?úo H?í Controle;Residencial;0;0;2;1;0;0;0;0;0;0;0;0;-3,767354000000000;-38,553584000000000
306514;1;7;2017;21:00;13366;RUA DNA LEOPOLDINA;RUA JOAO BRIGIDO;;0;;Colis?úo Transversal;Via Iluminada;Bom;Seca;Cruz;Sem?íforo;Comercial;0;0;2;1;0;0;0;0;0;0;0;0;-3,738646000000000;-38,522203000000000
306370;1;7;2017;09:40;1280;RUA PINTO MADEIRA;RUA ILDEFONSO ALBANO;;0;;Colis?úo Lateral;Luz do Dia;Nublado;Seca;Cruz;Sem?íforo;Residencial;0;1;1;0;0;0;0;0;0;1;0;0;-3,733610000000000;-38,513317000000000
306372;1;7;2017;15:25;5051;RUA SEN POMPEU;RUA SEN JAGUARIBE;;0;;Colis?úo Lateral;Luz do Dia;Bom;Seca;Cruz;Pare;Comercial;0;0;2;1;0;0;0;0;0;0;0;0;-3,721667000000000;-38,528055000000000
306373;1;7;2017;11:15;5158;RUA CONDE D??EU;RUA SOBRAL D03;;0;;Colis?úo Lateral;Luz do Dia;Bom;Seca;T;N?úo H?í Controle;Comercial;0;0;2;1;1;0;0;0;0;0;0;0;-3,725059000000000;-38,525264000000000
306399;1;7;2017;10:30;9123;AV VIS RIO BRANCO;RUA CEL JOAO CARNEIRO;;0;;Colis?úo Lateral;Luz do Dia;Bom;Seca;T;N?úo H?í Controle;Comercial;0;0;2;1;1;0;0;0;0;0;0;0;-3,754974000000000;-38,520203000000000
306402;1;7;2017;08:30;0;RUA ALUISIO AZEVEDO;;;533;;Colis?úo Lateral;Luz do Dia;Nublado;Seca;Meio de Quadra;D?¬ Prefer?¬ncia;Residencial;0;0;1;1;0;0;0;0;0;0;0;0;-3,771088400000000;-38,577669100000000
306403;1;7;2017;00:40;0;AV EDUARDO GIRAO;;;88;;Colis?úo Traseira;Via Iluminada;Bom;Seca;Meio de Quadra;N?úo H?í Controle;Comercial;0;0;1;1;0;0;0;0;0;0;0;0;-3,750682000000000;-38,536901000000000
320129;1;7;2017;13:28;0;RUA COELHO DA FONSECA;;;353;;Atropelamento;Luz do Dia;;;Meio de Quadra;;;0;1;0;1;0;0;0;0;0;0;0;0;-3,713118300000000;-38,561315800000000
320125;1;7;2017;11:45;0;AV CONTORNO SUL;;;42;;Colis?úo;Luz do Dia;;;Meio de Quadra;;;0;1;0;1;0;1;0;0;0;0;0;0;-3,835430000000000;-38,514986000000000
320127;1;7;2017;13:07;0;RUA PORTO ALEGRE;;;1276;;Colis?úo;Luz do Dia;;;Meio de Quadra;;;0;0;2;1;0;0;0;0;0;0;0;0;-3,760640000000000;-38,589869000000000
320123;1;7;2017;11:40;0;RUA 9 CJ HAB ST SAO JOAO;;;431;;Queda;Luz do Dia;;;Meio de Quadra;;;0;1;0;0;0;0;0;0;0;1;0;0;;
320136;1;7;2017;13:32;0;RUA NAPOLEAO QUEZADO;;;40;;Colis?úo;Luz do Dia;;;Meio de Quadra;;;0;0;1;0;0;0;0;0;0;0;0;0;-3,779049000000000;-38,565156000000000
320140;1;7;2017;14:42;0;RUA OSCAR BEZERRA ARAUJO;;;44;;Colis?úo;Luz do Dia;;;Meio de Quadra;;;0;0;1;1;0;0;0;0;0;1;0;0;-3,761446000000000;-38,557849000000000
320148;1;7;2017;16:54;0;AV GAL OSORIO DE PAIVA;;;1466;;Colis?úo;Luz do Dia;;;Meio de Quadra;;;0;1;0;1;0;0;0;0;0;1;0;0;-3,780853000000000;-38,574762000000000
320149;1;7;2017;17:11;0;AV A CJ CEARA;;;1570;;Colis?úo;Anoitecer;;;Meio de Quadra;;;0;0;1;1;0;0;0;0;0;1;0;0;-3,775806000000000;-38,606111000000000
320144;1;7;2017;16:49;0;RUA MARIA GOMES DE SA;;;506;;Atropelamento;Luz do Dia;;;Meio de Quadra;;;0;1;0;1;0;0;0;0;0;0;0;0;;
320142;1;7;2017;15:49;0;AV JOSE BASTOS;;;2673;;Colis?úo;Luz do Dia;;;Meio de Quadra;;;0;1;0;0;0;0;0;0;0;0;0;0;-3,748840200000000;-38,549915300000000
320159;1;7;2017;18:08;0;RUA OSCAR ARARIPE;;;3500;;Colis?úo;Anoitecer;;;Meio de Quadra;;;0;1;0;1;0;0;0;0;0;1;0;0;;
320160;1;7;2017;18:12;5627;AV ROGACIANO LEITE;AV JOSE LEON;;0;;Colis?úo;Anoitecer;;;Cruz;Sem?íforo;Comercial;0;1;0;1;0;0;0;0;0;1;0;0;-3,787355000000000;-38,503527000000000
320161;1;7;2017;18:39;0;RUA CAP URUGUAI D46;;;185;;Atropelamento;;;;Meio de Quadra;;;0;2;0;0;0;0;0;0;0;1;0;0;-3,767170000000000;-38,516148000000000
320152;1;7;2017;17:44;0;RUA PRO VIRGILIO DE MORAIS;;;967;;Colis?úo;Anoitecer;;;Meio de Quadra;;;0;1;0;1;0;0;0;0;0;0;0;0;-3,757236000000000;-38,597820000000000
320153;1;7;2017;17:51;0;RUA PRO TEODORICO;;;0;;Colis?úo;Anoitecer;;;Meio de Quadra;;;0;1;0;0;0;0;0;0;0;0;0;0;;
320154;1;7;2017;17:57;0;RUA URUCUTUBA;;;0;;Colis?úo;Anoitecer;;;Meio de Quadra;;;0;1;0;1;0;0;0;0;0;1;0;0;;
320163;1;7;2017;19:16;0;RD BR 116;;;2000;KM-02;Atropelamento;;;;Meio de Quadra;;;0;1;0;1;0;0;0;0;0;0;0;0;-3,771391000000000;-38,516780000000000
320164;1;7;2017;19:18;5364;RUA GAL CLARINDO DE QUEIROZ;AV TRISTAO GONCALVES;;0;;Colis?úo;;;;Cruz;Pare;Comercial;0;1;0;0;0;0;0;0;0;0;0;0;-3,731314000000000;-38,534472000000000
320165;1;7;2017;19:32;0;AV PRS CASTELO BRANCO;;;4688;;Colis?úo;;;;Meio de Quadra;;;0;1;0;1;0;0;0;0;0;0;0;0;-3,706512000000000;-38,573585000000000
320167;1;7;2017;19:43;0;AV H CJ JOSE WALTER;;;2285;;Atropelamento;;;;Meio de Quadra;;;0;1;0;0;0;0;0;0;0;1;0;0;;
320173;1;7;2017;21:07;19833;AV ENG HUMBERTO MONTE;AV JOVITA FEITOSA;;0;;Colis?úo;;;;Cruz;Sem?íforo;Comercial;0;1;0;1;0;0;0;0;0;1;0;0;-3,741963000000000;-38,566544000000000
320174;1;7;2017;21:15;9287;AV BORGES DE MELO;AV DOS EXPEDICIONARIOS;;0;;Colis?úo;;;;Cruz;N?úo H?í Controle;Comercial;0;1;0;0;0;0;0;0;0;0;0;0;-3,753391000000000;-38,537674000000000
320176;1;7;2017;22:16;0;RUA DR HUGO ROCHA;;;900;;Colis?úo;;;;Meio de Quadra;;;0;1;0;0;0;0;0;0;0;1;0;0;-3,720269000000000;-38,568907000000000
320177;1;7;2017;23:10;0;AV CONTORNO SUL;;;128;;Colis?úo;;;;Meio de Quadra;;;0;1;0;0;0;0;0;0;0;0;0;0;-3,837731000000000;-38,519768000000000
320087;1;7;2017;03:19;0;RUA JULIA SALES;;;0;;Colis?úo;;;;Meio de Quadra;;;0;1;0;0;0;0;0;0;0;0;0;0;;
320089;1;7;2017;05:29;0;AV ENG ALBERTO SA;;;1120;;Colis?úo;Amanhecer;;;Meio de Quadra;;;0;1;0;0;0;0;0;0;0;0;0;0;-3,735338000000000;-38,473066000000000
320090;1;7;2017;06:51;0;RUA ANA NERY;;;399;;Atropelamento;Luz do Dia;;;Meio de Quadra;;;0;1;0;1;0;0;0;0;0;0;0;0;-3,753250600000000;-38,542859700000000
320091;1;7;2017;07:29;0;AV DR SILAS MUNGUBA;;;275;;Colis?úo;Luz do Dia;;;Meio de Quadra;;;0;0;1;1;0;0;0;0;0;1;0;0;-3,777616000000000;-38,561771000000000
320095;1;7;2017;08:33;0;AV ISABEL BEZERRA;;;558;;Colis?úo;Luz do Dia;;;Meio de Quadra;;;0;1;0;1;0;0;0;0;0;1;0;0;;
320093;1;7;2017;08:04;0;RUA DR JOSE FROTA;;;255;;Queda;Luz do Dia;;;Meio de Quadra;;;0;1;0;0;0;0;0;0;0;1;0;0;-3,728066000000000;-38,481666000000000
320121;1;7;2017;11:33;0;RUA MIGUEL ARAGAO;;;1160;;Colis?úo;Luz do Dia;;;Meio de Quadra;;;0;1;0;0;0;0;0;0;0;0;0;0;-3,831000297000000;-38,590239837000000
320117;1;7;2017;11:04;0;RUA JULIO VERNE;;;360;;Atropelamento;Luz do Dia;;;Meio de Quadra;;;0;1;0;1;0;0;0;0;0;0;0;0;;
320118;1;7;2017;11:05;0;RUA CAP FRANCISCO PEDRO;;;1566;;Colis?úo;Luz do Dia;;;Meio de Quadra;;;0;1;0;1;0;0;0;0;0;1;0;0;-3,751191300000000;-38,552607400000000
320103;1;7;2017;08:44;0;RUA MES ANDRE;;;165;;Colis?úo;Luz do Dia;;;Meio de Quadra;;;0;1;0;0;0;0;0;0;0;1;0;0;;
320110;1;7;2017;08:52;0;AV 13 DE MAIO;;;1271;;Queda;Luz do Dia;;;Meio de Quadra;;;0;1;0;0;0;0;0;0;0;1;0;0;-3,748355000000000;-38,530460000000000
320113;1;7;2017;10:08;0;RUA SAO LEOPOLDO D69;;;833;;Colis?úo;Luz do Dia;;;Meio de Quadra;;;0;1;0;0;0;0;0;0;0;0;0;0;-3,777559200000000;-38,496093600000000
320085;1;7;2017;03:07;0;AV DR SILAS MUNGUBA;;;0;;Queda;;;;Meio de Quadra;;;0;0;1;0;0;0;0;0;0;1;0;0;;
309795;1;7;2017;08:18;9197;RUA JAIME BENEVOLO;RUA COSTA ARAUJO;;1711;;Colis?úo Lateral;Luz do Dia;Bom;Seca;Cruz;Pare;Residencial;0;0;2;1;0;0;0;0;0;0;0;0;-3,747039800000000;-38,530407000000000
309796;1;7;2017;07:15;0;AV PRS COSTA E SILVA;;;2615;;Colis?úo Frontal;Luz do Dia;Bom;Seca;T;Pare;Comercial;0;0;1;1;0;0;0;0;0;0;0;0;-3,820542800000000;-38,559143000000000
309798;1;7;2017;10:28;0;RUA PDE PEDRO DE ALENCAR;;;1620;;Colis?úo Lateral;Luz do Dia;Bom;Seca;T;Pare;Comercial;0;0;2;1;0;0;0;0;0;0;0;0;-3,842142600000000;-38,494263000000000
309799;1;7;2017;10:30;5158;RUA CONDE D??EU;RUA SOBRAL D03;;0;;Colis?úo Lateral;Luz do Dia;Bom;Seca;T;N?úo H?í Controle;Comercial;0;0;2;1;0;0;0;0;0;0;0;0;-3,724802500000000;-38,524986000000000
309800;1;7;2017;15:15;15819;AV JOR THOMAZ COELHO;RUA STA EFIGENIA;;0;;Colis?úo Lateral;Luz do Dia;Bom;Seca;T;N?úo H?í Controle;Comercial;0;0;2;1;0;0;0;0;0;0;0;0;-3,832487600000000;-38,500610000000000
309801;1;7;2017;13:50;0;AV I CJ JOSE WALTER;;;1740;;Colis?úo Traseira;Luz do Dia;Bom;Seca;Meio de Quadra;N?úo H?í Controle;Comercial;0;0;0;1;0;0;0;0;0;0;0;0;-3,839355200000000;-38,555070000000000
309802;1;7;2017;18:10;0;RUA OSCAR BEZERRA ARAUJO;;;68;;Colis?úo Frontal;Via Iluminada;Chuva;Molhada;Meio de Quadra;N?úo H?í Controle;Residencial;0;0;1;0;0;0;0;0;0;1;0;0;-3,761035700000000;-38,558506000000000
309803;1;7;2017;21:14;0;AV 13 DE MAIO;;;1016;;Colis?úo Traseira;Via Iluminada;Bom;Seca;Meio de Quadra;Sem?íforo;Comercial;0;1;1;1;0;0;0;0;0;1;0;0;-3,750157000000000;-38,528355000000000
303777;1;7;2017;19:14;0;RD BR 116;;;2000;KM-02;Atropelamento;N?úo Informado;;Seca;Meio de Quadra;;;1;0;1;1;0;0;0;0;0;0;0;0;-3,771391000000000;-38,516780000000000
303780;1;7;2017;23:46;577;AV FRANCISCO SA;AV DR THEBERGE;;0;;Colis?úo;;;;Cruz;Sem?íforo;Comercial;1;0;1;1;0;0;0;0;0;1;0;0;-3,714822000000000;-38,565016000000000
309804;2;7;2017;01:58;25729;AV TRISTAO GONCALVES;RUA ANTONIO POMPEU;;0;;Colis?úo Lateral;Via Iluminada;Bom;Seca;Cruz;Sem?íforo;Comercial;0;1;1;0;1;0;0;0;0;1;0;0;-3,733231500000000;-38,535145000000000
309806;2;7;2017;12:25;21397;AV DES GONZAGA;RUA JOAOZITO ARRUDA;;0;;Colis?úo Lateral;Luz do Dia;Bom;Seca;Rotat??ria;Pare;Comercial;0;0;2;1;0;0;0;0;0;0;0;0;-3,801427000000000;-38,496918000000000
309807;2;7;2017;15:50;3990;AV PRO GOMES DE MATOS;RUA PRO COSTA MENDES;;0;;Colis?úo Traseira;Luz do Dia;Bom;Seca;Cruz;Sem?íforo;Comercial;0;0;2;1;1;0;0;0;0;0;0;0;-3,758177800000000;-38,543022000000000
309808;2;7;2017;17:34;0;AV ROGACIANO LEITE;;;2206;;Choque c/ Obst?ículo Fixo;Luz do Dia;Bom;Seca;Meio de Quadra;N?úo H?í Controle;Residencial;0;0;0;1;0;0;0;0;0;0;0;0;-3,774186100000000;-38,499294000000000
309809;2;7;2017;18:48;0;AV MON TABOSA;;;1108;;Colis?úo Lateral;Via Iluminada;Bom;Seca;Meio de Quadra;N?úo H?í Controle;Comercial;0;0;2;1;0;0;0;0;0;0;0;0;-3,724250000000000;-38,509330000000000
309810;2;7;2017;20:45;0;RUA PDE VALDEVINO;;;1778;;Colis?úo Lateral;Via Iluminada;Bom;Seca;Meio de Quadra;Sem?íforo;Comercial;0;0;2;0;0;0;0;0;0;1;0;0;-3,741662500000000;-38,508614000000000
309811;2;7;2017;20:15;23342;RUA TIBURCIO CAVALCANTE;RUA EDUARDO BEZERRA;;0;;Colis?úo Transversal;Via Iluminada;Bom;Seca;Cruz;Pare;Residencial;0;0;2;1;0;0;0;0;0;0;0;0;-3,753262800000000;-38,508247000000000
320179;2;7;2017;01:12;0;RUA MON SABINO FEIJAO;;;1430;;Queda;;;;Meio de Quadra;;;0;1;0;0;0;0;0;0;0;1;0;0;-3,797966441000000;-38,597847381000000
320189;2;7;2017;02:07;3420;RUA DES PRAXEDES;AV JOAO PESSOA;;0;;Colis?úo;;;;Cruz;Sem?íforo;Comercial;0;5;0;0;0;0;0;0;0;0;0;0;-3,756946000000000;-38,553504000000000
320201;2;7;2017;03:46;0;AV GAL OSORIO DE PAIVA;;;6090;;Queda;;;;Meio de Quadra;;;0;1;0;0;0;0;0;0;0;1;0;0;-3,809628000000000;-38,606783000000000
320202;2;7;2017;04:22;0;RUA CEL FABRICIANO;;;805;;Colis?úo;;;;Meio de Quadra;;;0;1;0;0;0;0;0;0;0;0;0;0;-3,785318000000000;-38,598799000000000
320241;2;7;2017;19:25;0;AV ISABEL BEZERRA;;;558;;Colis?úo;;;;Meio de Quadra;;;0;1;0;0;0;0;0;0;0;1;0;0;-3,855026000000000;-38,500720000000000
320242;2;7;2017;19:33;0;RUA PRO MIRAMAR DA PONTE;;;0;;Colis?úo;;;;Meio de Quadra;;;0;0;1;0;0;0;0;0;0;0;0;0;;
320246;2;7;2017;20:27;0;RUA PRO COSTA MENDES;;;1440;VIADUTO JOSE BASTOS;Queda;;;;Meio de Quadra;;;0;1;0;0;0;0;0;0;0;1;0;0;-3,750386000000000;-38,551644000000000
320255;2;7;2017;21:37;1604;RUA VICENTE LEITE;RUA GAL TERTULIANO POTYGUARA;;0;;Colis?úo;;;;Cruz;Pare;Residencial;0;1;0;1;0;0;0;0;0;1;0;0;-3,744078000000000;-38,497657000000000
320256;2;7;2017;23:13;0;RUA LAURO NOGUEIRA;;;941;;Colis?úo;;;;Meio de Quadra;;;0;0;1;1;0;0;0;0;0;1;0;0;-3,740421300000000;-38,477181800000000
320257;2;7;2017;23:20;0;AV JOR THOMAZ COELHO;;;551;;Queda;;;;Meio de Quadra;;;0;1;0;0;0;0;0;0;0;1;0;0;-3,832403000000000;-38,499140000000000