COD_ACIDENTE;DIA;MES;ANO;HORA;INTERSECAO;LOG1;LOG2;LOG3;NUMERO;REFERENCIA;NATUREZA;ILUMINACAO;TEMPO;SUPERFICIEPISTA;TIPOCRUZAMENTO;CONTROLETRAFEGO;USOSOLO;MORTOS;FERIDOS;ILESOS;AUTOMOVEL;ONIBUS;BICICLETA;CAMINHAO;MICROONIBUS;CICLOMOTOR;MOTOCICLETA;TRACAOANIMAL;TREM;LATITUDE;LONGITUDE
320258;2;7;2017;23:59;0;AV JOAO PESSOA;;;0;;Colis?úo;;;;Meio de Quadra;;;0;1;0;1;0;0;0;0;0;1;0;0;;
320251;2;7;2017;20:53;0;AV D CJ CEARA;;;0;;Colis?úo;;;;Meio de Quadra;;;0;0;1;0;0;0;0;0;0;1;0;0;;
320249;2;7;2017;20:43;0;AV CASTELO DE CASTRO;;;766;;Colis?úo;;;;Meio de Quadra;;;0;1;0;1;0;0;0;0;0;1;0;0;-3,836266359000000;-38,521599124000000
320233;2;7;2017;19:09;242;RUA GAL BERNARDO FIGUEIREDO;RUA COS ALVARO DE OLIVEIRA;;0;;Colis?úo;;;;Cruz;Pare;Residencial;0;1;0;1;0;0;0;0;0;1;0;0;-3,740373000000000;-38,555261000000000
320229;2;7;2017;18:46;0;RUA CON DE CASTRO;;;0;;Atropelamento;;;;Meio de Quadra;;;0;1;0;0;0;0;0;0;0;1;0;0;;
320213;2;7;2017;13:03;0;AV PRS CASTELO BRANCO;;;138;;Colis?úo;Luz do Dia;;;Meio de Quadra;;;0;1;0;1;0;0;0;0;0;1;0;0;-3,723136000000000;-38,521481000000000
320191;2;7;2017;03:25;0;AV GOV RAUL BARBOSA;;;8568;;Choque c/ Obst?ículo Fixo;;;;Meio de Quadra;;;0;1;0;1;0;0;0;0;0;0;0;0;-3,777146100000000;-38,513426900000000
320216;2;7;2017;13:50;0;RUA JACINTO MATOS;;;0;;Queda;Luz do Dia;;;Meio de Quadra;;;0;1;0;0;0;0;0;0;0;1;0;0;;
320217;2;7;2017;14:22;0;RUA ANGELICA GURGEL;;;0;;Atropelamento;Luz do Dia;;;Meio de Quadra;;;0;1;0;1;0;0;0;0;0;0;0;0;;
320218;2;7;2017;15:43;0;AV JOR THOMAZ COELHO;;;410;;Atropelamento;Luz do Dia;;;Meio de Quadra;;;0;1;0;1;0;0;0;0;0;0;0;0;-3,832393614000000;-38,500009000000000
320219;2;7;2017;16:07;19669;RUA GUSTAVO SAMPAIO;RUA PRO RAIMUNDO ARRUDA;;0;;Colis?úo;Luz do Dia;;;Cruz;Pare;Comercial;0;2;0;1;0;0;0;0;0;1;0;0;-3,734328000000000;-38,551915000000000
320220;2;7;2017;16:12;0;AV SEN FERNANDES TAVORA;;;0;;Colis?úo;Luz do Dia;;;Meio de Quadra;;;0;1;0;1;0;0;0;0;0;1;0;0;;
320221;2;7;2017;17:07;0;RUA FERREIRA DOS SANTOS;;;221;;Colis?úo;Anoitecer;;;Meio de Quadra;;;0;1;0;0;0;0;0;0;0;0;0;0;-3,717507800000000;-38,568473900000000
320222;2;7;2017;17:19;16294;RUA CEL QUEIROZ;RUA LUCAS AVELINO;;0;;Atropelamento;Anoitecer;;;;;;0;1;0;1;0;0;0;0;0;0;0;0;-3,835331000000000;-38,564343000000000
320209;2;7;2017;05:48;0;RD BR 116;;;2000;KM-02;Colis?úo;Amanhecer;;;Meio de Quadra;;;0;1;0;1;0;0;0;0;0;1;0;0;-3,771391000000000;-38,516780000000000
320210;2;7;2017;09:18;0;AV CONTORNO SUL;;;235;;Queda;Luz do Dia;;;Meio de Quadra;;;0;2;0;0;0;0;0;0;0;1;0;0;-3,835527000000000;-38,515382000000000
320211;2;7;2017;11:16;25227;AV I CJ CEARA;AV A CJ CEARA;;0;;Colis?úo;Luz do Dia;;;;;;0;1;0;1;0;0;0;0;0;1;0;0;-3,766922000000000;-38,601152000000000
320207;2;7;2017;05:43;0;AV GODOFREDO MACIEL;;;0;;Colis?úo;Amanhecer;;;Meio de Quadra;;;0;1;0;0;0;0;0;0;0;0;0;0;;
320253;2;7;2017;21:06;0;RUA BAR CRATO;;;1575;;Colis?úo;;;;Meio de Quadra;;;0;1;0;1;0;0;0;0;0;1;0;0;;
306395;2;7;2017;22:32;16204;RUA MONTE LIBANO;RUA 5 CJ PEQ MONDUBIM;;0;;Colis?úo Frontal;;;;Duplo T;Pare;Misto;0;1;1;1;0;0;0;0;0;1;0;0;-3,823957000000000;-38,561359000000000
306384;2;7;2017;09:00;1270;RUA PINTO MADEIRA;RUA JOAO CORDEIRO;;0;;Colis?úo Lateral;Luz do Dia;Bom;Seca;Cruz;Sem?íforo;Residencial;0;0;2;1;0;0;0;0;0;0;0;0;-3,732960000000000;-38,515428000000000
306382;2;7;2017;19:30;26274;RUA FAUSTO AGUIAR;RUA INACIO VASCONCELOS;;0;;Colis?úo Lateral;Via Iluminada;Bom;Seca;;N?úo H?í Controle;Residencial;0;0;2;1;0;0;0;0;0;0;0;0;;
306379;2;7;2017;17:00;0;AV JOSE BASTOS;;;4041;;Colis?úo Transversal;Via Iluminada;Bom;Seca;Meio de Quadra;N?úo H?í Controle;Comercial;0;0;5;1;1;0;0;0;0;0;0;0;;
306380;2;7;2017;19:20;0;AV PRS JUSCELINO KUBITSCHEK (PASSAR?ë);;;5800;;Capotamento;Via Iluminada;Bom;Seca;Meio de Quadra;N?úo H?í Controle;Comercial;0;1;2;1;0;0;0;0;0;0;0;0;;
324853;2;7;2017;14:30;0;RD CE-060;;;0;;Choque c/ Obst?ículo Fixo;Luz do Dia;;Seca;Meio de Quadra;;;0;0;1;1;0;0;0;0;0;0;0;0;;
324855;3;7;2017;06:35;0;RD CE-060;;;0;;Colis?úo;Luz do Dia;;Seca;Meio de Quadra;;;0;0;3;0;1;0;0;0;0;1;0;0;;
306405;3;7;2017;16:50;1661;RUA JOAQUIM NABUCO;RUA VICENTE LINHARES;;0;;Colis?úo Lateral;Luz do Dia;;;Cruz;Sem?íforo;Residencial;0;0;2;0;0;0;0;0;0;1;0;0;-3,741195000000000;-38,503180000000000
306406;3;7;2017;14:30;24893;AV MAJ ASSIS;RUA ANTONIO ARRUDA;;0;;Colis?úo Transversal;Luz do Dia;;;Cruz;Pare;Residencial;0;0;2;1;0;0;0;0;0;0;0;0;-3,722056000000000;-38,594566000000000
306381;3;7;2017;20:00;0;AV PRS JUSCELINO KUBITSCHEK (PASSAR?ë);;;5451;;Colis?úo Frontal;;;;Meio de Quadra;;;0;1;1;1;0;0;0;0;0;1;0;0;-3,823401000000000;-38,536831000000000
306383;3;7;2017;17:30;0;AV PONTES VIEIRA;;;2050;;Colis?úo Traseira;Anoitecer;;;Meio de Quadra;;;0;0;2;1;0;0;0;0;0;0;0;0;-3,751567000000000;-38,503325000000000
306386;3;7;2017;15:46;17359;AV PRO GOMES DE MATOS;RUA IRM BAZET;;0;;Colis?úo Lateral;Luz do Dia;;;Cruz;Sem?íforo;Comercial;0;0;2;1;0;0;0;0;0;0;0;0;-3,766045000000000;-38,549810000000000
306397;3;7;2017;19:40;10302;AV SEN FERNANDES TAVORA;RUA PERILIO TEIXEIRA;;0;;Colis?úo Lateral;;;;Cruz;Pare;Comercial;0;1;1;0;0;0;0;0;0;1;0;0;-3,754628000000000;-38,600984000000000
306390;3;7;2017;15:22;0;RUA PRO GOMES BRASIL;;;320;;Colis?úo Lateral;Luz do Dia;;;Meio de Quadra;;;0;2;1;1;0;0;0;0;0;1;0;0;-3,772774000000000;-38,568488000000000
306393;3;7;2017;20:30;5364;AV TRISTAO GONCALVES;RUA GAL CLARINDO DE QUEIROZ;;0;;Colis?úo Lateral;;;;Cruz;Pare;Comercial;0;0;2;1;1;0;0;0;0;0;0;0;-3,731314000000000;-38,534472000000000
306404;3;7;2017;18:15;1547;AV DES MOREIRA;RUA CAROLINA SUCUPIRA;;0;;Colis?úo Traseira;Anoitecer;;;Cruz;Sem?íforo;Comercial;0;0;2;1;1;0;0;0;0;0;0;0;-3,741192000000000;-38,499948000000000
320284;3;7;2017;12:21;0;RUA FRANCISCO PAIVA;;;981;;Colis?úo;Luz do Dia;;;Meio de Quadra;;;0;1;0;0;0;0;1;0;0;1;0;0;;
320293;3;7;2017;15:38;15207;AV RUI BARBOSA;RUA DEP MOREIRA DA ROCHA;;0;;Colis?úo;Luz do Dia;;;Cruz;Sem?íforo;Residencial;0;1;0;1;0;0;0;0;0;1;0;0;-3,726748000000000;-38,506454000000000
320294;3;7;2017;15:46;0;AV DOMINGOS OLIMPIO;;;1112;;Atropelamento;Luz do Dia;;;Meio de Quadra;;;0;1;0;0;1;0;0;0;0;0;0;0;-3,735821000000000;-38,533438000000000
320288;3;7;2017;13:13;0;RUA CRUZ SALDANHA;;;485;;Queda;Luz do Dia;;;Meio de Quadra;;;0;1;0;0;0;0;0;0;0;1;0;0;;
320289;3;7;2017;14:12;6128;RUA MIN ALBUQUERQUE LIMA;AV B CJ CEARA;;0;;Colis?úo;Luz do Dia;;;Cruz;Sem?íforo;Residencial;0;1;0;1;0;0;0;0;0;1;0;0;-3,768744000000000;-38,607506000000000
320290;3;7;2017;14:41;0;RUA ALVES BEZERRA;;;180;;Colis?úo;Luz do Dia;;;Meio de Quadra;;;0;1;0;1;0;0;0;0;0;1;0;0;;
320296;3;7;2017;16:28;0;RUA JACINTO MATOS;;;944;;Colis?úo;Luz do Dia;;;Meio de Quadra;;;0;0;1;0;0;0;0;0;0;0;0;0;-3,719410200000000;-38,546957800000000
320327;3;7;2017;17:20;0;ET DO ITAPERI;;;0;;Colis?úo;Anoitecer;;;Meio de Quadra;;;0;1;0;1;0;0;0;0;0;1;0;0;;
320306;3;7;2017;16:35;0;AV GOV RAUL BARBOSA;;;0;;Atropelamento;Luz do Dia;;;Meio de Quadra;;;0;1;0;1;0;0;0;0;0;0;0;0;;
320351;3;7;2017;19:19;0;RUA MANAUS;;;1349;;Queda;;;;Meio de Quadra;;;0;0;1;0;0;1;0;0;0;0;0;0;-3,758969862000000;-38,594069035000000
320358;3;7;2017;21:50;0;RUA BOM JESUS (GRANJA LISBOA);;;1749;;Colis?úo;;;;Meio de Quadra;;;0;1;0;0;1;0;0;0;0;1;0;0;-3,792213000000000;-38,608052000000000
320353;3;7;2017;20:17;0;AV PRS COSTA E SILVA;;;0;;Queda;;;;Meio de Quadra;;;0;2;0;0;0;0;0;0;0;1;0;0;;
320344;3;7;2017;17:45;0;RUA BERNARDO MANUEL;;;8920;;Colis?úo;Anoitecer;;;Meio de Quadra;;;0;1;0;1;0;0;0;0;0;1;0;0;-3,798138000000000;-38,551245000000000
320259;3;7;2017;01:08;0;RUA EMILIO DE MENESES;;;0;;Capotamento;;;;Meio de Quadra;;;0;3;0;1;0;0;0;0;0;0;0;0;;
320279;3;7;2017;10:23;0;RUA CON DE CASTRO;;;2792;;Atropelamento;Luz do Dia;;;Meio de Quadra;;;0;1;0;0;0;0;0;0;0;1;0;0;-3,793704000000000;-38,581472000000000
320269;3;7;2017;05:37;0;AV AUGUSTO DOS ANJOS;;;1713;;Colis?úo;Amanhecer;;;Meio de Quadra;;;0;1;0;0;0;0;0;0;0;0;0;0;-3,781006000000000;-38,579887000000000
320270;3;7;2017;05:40;10995;RUA 15 DE NOVEMBRO;RUA ALM RUBIM;;0;;Colis?úo;Amanhecer;;;Cruz;Pare;Comercial;0;1;0;0;0;0;0;0;0;0;0;0;-3,768907000000000;-38,555939000000000
320271;3;7;2017;06:54;0;AV GODOFREDO MACIEL;;;5915;;Colis?úo;Luz do Dia;;;Meio de Quadra;;;0;1;0;0;0;0;0;0;0;0;0;0;-3,826403000000000;-38,579477000000000
320272;3;7;2017;06:57;0;AV DR SILAS MUNGUBA;;;999;;Colis?úo;Luz do Dia;;;Meio de Quadra;;;0;2;0;1;0;0;0;0;0;1;0;0;-3,781561000000000;-38,556938000000000
320273;3;7;2017;07:51;0;AV ENG HUMBERTO MONTE;;;935;;Colis?úo;Luz do Dia;;;Meio de Quadra;;;0;0;1;0;0;0;0;0;0;0;0;0;-3,750667000000000;-38,559281000000000
309812;3;7;2017;08:28;7923;AV DES MOREIRA;RUA ISAC AMARAL;;0;;Colis?úo Traseira;Luz do Dia;Bom;Seca;Cruz;Sem?íforo;Residencial;0;1;1;1;0;0;0;0;0;1;0;0;-3,753061000000000;-38,503870000000000
309813;3;7;2017;10:15;5077;AV ALBERTO NEPOMUCENO;AV PRS CASTELO BRANCO;;199;;Colis?úo Lateral;Luz do Dia;Bom;Seca;Cruz;Pare;Comercial;0;0;2;1;0;0;0;0;0;0;0;0;-3,722526600000000;-38,523870000000000
309814;3;7;2017;10:11;1282;AV BAR STUDART;AV SANTOS DUMONT;;0;;Colis?úo Transversal;Luz do Dia;Bom;Seca;Cruz;Sem?íforo;Comercial;0;0;1;1;0;0;0;0;0;1;0;0;-3,733596800000000;-38,506165000000000
309815;3;7;2017;09:45;1557;RUA BARBOSA DE FREITAS;RUA CAROLINA SUCUPIRA;;0;;Colis?úo Transversal;Luz do Dia;Bom;Seca;Cruz;Pare;Comercial;0;0;2;1;0;0;0;0;0;0;0;0;-3,741512500000000;-38,499016000000000
309817;3;7;2017;15:35;5258;RUA PDE MORORO;RUA PEDRO I;;0;;Colis?úo Lateral;Luz do Dia;Bom;Seca;Cruz;Pare;Comercial;0;0;1;1;0;0;0;0;0;0;0;0;-3,728047100000000;-38,538300000000000
309818;3;7;2017;16:10;15359;RUA VICENTE LEITE;RUA PEREIRA VALENTE;;0;;Colis?úo Transversal;Luz do Dia;Bom;Seca;Cruz;Pare;Comercial;0;0;2;1;0;0;0;0;0;0;0;0;-3,733121200000000;-38,494110000000000
309819;3;7;2017;16:31;15359;RUA PEREIRA VALENTE;RUA VICENTE LEITE;;0;;Colis?úo Traseira;Luz do Dia;Bom;Seca;Cruz;Pare;Residencial;0;0;2;1;0;0;0;0;0;0;0;0;-3,733200600000000;-38,494220000000000
309820;3;7;2017;16:43;0;RUA ANTONIO POMPEU;;;765;;Colis?úo Lateral;Luz do Dia;Bom;Seca;Meio de Quadra;Sem?íforo;Comercial;0;0;2;1;0;0;0;0;0;0;0;0;-3,735046900000000;-38,530487000000000
309821;3;7;2017;16:27;0;AV DOMINGOS OLIMPIO;;;1112;;Atropelamento;Luz do Dia;Bom;Seca;Meio de Quadra;N?úo H?í Controle;Comercial;0;1;1;0;1;0;0;0;0;0;0;0;-3,735724000000000;-38,533413000000000
309822;3;7;2017;17:30;0;RUA ISAC AMARAL;;;590;;Colis?úo Lateral;Luz do Dia;Bom;Seca;Meio de Quadra;Pare;Residencial;0;0;2;1;0;0;0;0;0;1;0;0;-3,752822200000000;-38,504505000000000
309823;3;7;2017;17:50;147;RUA ANARIO BRAGA;TR SELETA;;0;;Choque c/ Obst?ículo Fixo;Via Iluminada;Bom;Seca;N?úo Informado;N?úo H?í Controle;Escola;0;0;0;1;1;0;0;0;0;0;0;0;-3,738213300000000;-38,588066000000000
309824;3;7;2017;15:16;5269;RUA PDE IBIAPINA;AV DUQ CAXIAS;;0;;Colis?úo Transversal;Luz do Dia;Bom;Seca;Cruz;Sem?íforo;Comercial;0;1;2;0;1;1;0;0;0;0;0;0;-3,728102400000000;-38,540222000000000
309825;3;7;2017;17:55;0;AV DES MOREIRA;;;2960;;Engavetamento;Luz do Dia;Bom;Seca;Meio de Quadra;Sem?íforo;Comercial;0;0;3;1;0;0;0;0;0;0;0;0;-3,752671200000000;-38,503624000000000
309826;3;7;2017;18:14;0;AV LUCIANO CARNEIRO;;;2092;;Colis?úo Lateral;Via Iluminada;Bom;Seca;Cruz;Sem?íforo;Comercial;0;1;0;1;0;0;0;0;0;1;0;0;-3,766422300000000;-38,537247000000000
309827;3;7;2017;18:04;0;RUA DO CONTORNO UI 302;;;0;;Queda;Anoitecer;Bom;Seca;Meio de Quadra;N?úo H?í Controle;Residencial;0;0;1;1;0;0;0;0;0;0;0;0;-3,805842400000000;-38,519352000000000
309828;3;7;2017;18:52;0;AV DR SILAS MUNGUBA;;;614;;Colis?úo Traseira;Via Iluminada;Bom;Seca;Meio de Quadra;N?úo H?í Controle;Comercial;0;0;2;1;0;0;0;0;0;0;0;0;-3,779117300000000;-38,560646000000000
309829;3;7;2017;19:31;1279;RUA OSVALDO CRUZ (ALDEOTA);AV DOM LUIS;;0;;Colis?úo Transversal;Via Iluminada;Bom;Seca;Cruz;Sem?íforo;Comercial;0;1;1;0;0;0;0;0;0;1;0;0;-3,732608800000000;-38,499424000000000
309830;3;7;2017;14:55;5758;AV OLIVEIRA PAIVA;RUA VALTER DE CASTRO;;0;;Colis?úo Lateral;Luz do Dia;Bom;Seca;Duplo T;Sem?íforo;Comercial;0;1;1;1;0;0;0;0;0;1;0;0;-3,795496200000000;-38,493410000000000
309831;3;7;2017;17:16;0;RUA CEL PERGENTINO FERREIRA;;;210;;Colis?úo Lateral;Anoitecer;Bom;Seca;Meio de Quadra;Sem?íforo;Comercial;0;1;1;0;1;0;0;0;0;1;0;0;-3,748236700000000;-38,523243000000000
309839;3;7;2017;19:42;15138;RUA ANTONIO LIMA;AV HIS RAIMUNDO GIRAO;;0;;Colis?úo Transversal;Via Iluminada;Bom;Seca;T;Pare;Comercial;0;0;2;1;0;0;0;0;0;0;0;0;-3,724245500000000;-38,503970000000000
309843;3;7;2017;17:25;25453;RUA DR JOSE FURTADO;RUA PEDRO FIRMEZA;;0;;Colis?úo Transversal;Luz do Dia;Bom;Seca;T;Pare;Residencial;0;0;2;0;0;0;0;0;0;0;0;0;-3,798475300000000;-38,488403000000000
303801;3;7;2017;08:30;25460;RUA TABULEIRO DO NORTE;AV JOSE BASTOS;;0;;Colis?úo Transversal;Luz do Dia;;;T;Sem?íforo;Comercial;1;0;1;0;0;0;0;0;0;1;0;0;-3,757256000000000;-38,559489000000000
309844;4;7;2017;15:01;15875;RUA ANGELICA GURGEL;RUA GUARUJA;;0;;Colis?úo Transversal;Luz do Dia;Bom;Seca;Cruz;Pare;Comercial;0;0;2;1;0;0;0;0;0;0;0;0;-3,834628800000000;-38,499190000000000
309845;4;7;2017;15:50;0;RUA FRE ALEMAO;;;136;;Colis?úo Traseira;Luz do Dia;Bom;Seca;Meio de Quadra;Pare;Residencial;0;0;2;1;0;0;0;0;0;0;0;0;-3,782947000000000;-38,543270000000000
309846;4;7;2017;15:57;17315;RUA DES PRAXEDES;RUA JOAQUIM PIMENTA;;0;;Colis?úo Lateral;Luz do Dia;Bom;Seca;Cruz;Pare;Residencial;0;0;2;1;1;0;0;0;0;0;0;0;-3,762983300000000;-38,543630000000000
309847;4;7;2017;14:36;16057;AV PRS COSTA E SILVA;AV GODOFREDO MACIEL;;0;;Colis?úo Lateral;Luz do Dia;Bom;Seca;Cruz;Sem?íforo;Residencial;0;1;0;0;0;0;0;0;0;1;0;0;-3,811787800000000;-38,574627000000000
309848;4;7;2017;16:15;10897;AV LINEU MACHADO;RUA MOZART FIRMEZA;;905;;Colis?úo Lateral;Luz do Dia;Bom;Seca;T;Pare;Comercial;0;0;1;1;0;0;0;0;0;1;0;0;-3,767713300000000;-38,577965000000000
309849;4;7;2017;14:15;0;RUA FREDERICO BORGES;;;266;;Colis?úo Lateral;Luz do Dia;Bom;Seca;Meio de Quadra;N?úo H?í Controle;Residencial;0;1;2;1;0;0;0;0;0;1;0;0;-3,731901400000000;-38,489320000000000
309850;4;7;2017;16:40;17298;RUA ALBERTO MAGNO;RUA ALFREDO DE CASTRO;;0;;Colis?úo Transversal;Via Iluminada;Bom;Seca;Cruz;Pare;Comercial;0;0;2;1;0;1;0;0;0;0;0;0;-3,763834700000000;-38,548855000000000
309851;4;7;2017;18:50;15701;RUA BRAS VIDAL;RUA GUILHERME PESSOA;;0;;Colis?úo Transversal;Anoitecer;Bom;Seca;Cruz;Pare;Residencial;0;1;1;1;0;0;0;0;0;1;0;0;-3,827644000000000;-38,483970000000000
309852;4;7;2017;13:15;9671;RUA OSCAR FRANCA;RUA ARI MAIA;;0;;Colis?úo Lateral;Anoitecer;Bom;Seca;Cruz;Pare;Residencial;0;1;1;0;1;0;0;0;0;1;0;0;-3,784931400000000;-38,621952000000000
309853;4;7;2017;19:10;0;AV JOAO PESSOA;;;5286;;Colis?úo Traseira;Via Iluminada;Bom;Seca;Meio de Quadra;Sem?íforo;Residencial;0;0;2;1;0;0;0;0;0;0;0;0;-3,757670900000000;-38,554188000000000
309880;4;7;2017;09:45;0;RUA ROTARY;;;787;;Colis?úo Lateral;Luz do Dia;Bom;Seca;Meio de Quadra;N?úo H?í Controle;Residencial;0;0;2;1;0;0;0;0;0;0;0;0;-3,743167400000000;-38,562134000000000
309840;4;7;2017;11:07;17326;RUA ALBERTO MAGNO;RUA ALAN KARDEC;;0;;Colis?úo Lateral;Luz do Dia;Bom;Seca;Cruz;Pare;Comercial;0;0;2;1;1;0;0;0;0;0;0;0;-3,764859000000000;-38,549896000000000
309841;4;7;2017;13:19;13423;AV ANTONIO SALES;RUA MON BRUNO;;0;OTOCLINICA;Colis?úo Transversal;Luz do Dia;Bom;Seca;Cruz;Pare;Comercial;0;0;2;1;0;0;0;0;0;0;0;0;-3,742304800000000;-38,512512000000000
309834;4;7;2017;06:15;24289;RUA JULIO ABREU;RUA 8 DE SETEMBRO;;0;;Colis?úo Lateral;Luz do Dia;Bom;Seca;Cruz;Sem?íforo;Comercial;0;0;2;0;0;0;0;1;0;0;0;0;-3,735904500000000;-38,486850000000000
309835;4;7;2017;08:10;15211;AV ABOLICAO;RUA PAULA BARROS;;0;;Colis?úo Transversal;Luz do Dia;Bom;Seca;Cruz;Sem?íforo;Comercial;0;0;2;1;0;0;0;0;0;0;0;0;-3,726890300000000;-38,492294000000000
309836;4;7;2017;07:50;3769;AV DOMINGOS OLIMPIO;RUA SEN POMPEU;;0;;Colis?úo Transversal;Luz do Dia;Bom;Seca;Cruz;Sem?íforo;Escola;0;0;2;1;1;0;0;0;0;0;0;0;-3,726644800000000;-38,533910000000000
309837;4;7;2017;09:29;5099;AV TRISTAO GONCALVES;RUA SEN ALENCAR;;174;;Colis?úo Lateral;Luz do Dia;Bom;Seca;Cruz;Pare;Comercial;0;0;2;1;0;0;0;0;0;0;0;0;-3,723387500000000;-38,532017000000000
309838;4;7;2017;10:06;9212;AV 13 DE MAIO;RUA MONTEIRO LOBATO;;0;;Colis?úo Traseira;Luz do Dia;Bom;Seca;T;Pare;Comercial;0;0;2;1;0;0;0;0;0;0;0;0;-3,750935000000000;-38,527534000000000
309832;4;7;2017;07:21;17315;RUA DES PRAXEDES;RUA PDE JOAO PIAMARTA;;0;;Colis?úo Transversal;Luz do Dia;Bom;Seca;Cruz;Pare;Residencial;0;0;1;1;0;0;0;0;0;0;0;0;-3,762851200000000;-38,543606000000000
320369;4;7;2017;06:38;0;AV PRS CASTELO BRANCO;;;0;;Queda;Luz do Dia;;;Meio de Quadra;;;0;1;0;0;0;0;0;0;0;1;0;0;;
320363;4;7;2017;06:31;0;RUA DOM XISTO ALBANO;;;100;;Colis?úo;Luz do Dia;;;Meio de Quadra;;;0;2;0;0;0;0;0;0;0;1;0;0;-3,787480000000000;-38,576845000000000
320376;4;7;2017;07:53;0;RUA CARLOS AMORA;;;24;;Atropelamento;Luz do Dia;;;Meio de Quadra;;;0;1;0;0;0;0;0;0;0;1;0;0;-3,774097000000000;-38,564511000000000
320377;4;7;2017;08:03;0;AV PERIMETRAL;;;712;;Colis?úo;Luz do Dia;;;Meio de Quadra;;;0;0;1;0;0;0;0;0;0;0;0;0;;
320374;4;7;2017;07:51;0;AV AUGUSTO DOS ANJOS;;;0;;Colis?úo;Luz do Dia;;;Meio de Quadra;;;0;1;0;1;0;0;0;0;0;1;0;0;;
320372;4;7;2017;06:54;0;AV JOR THOMAZ COELHO;;;0;;Queda;Luz do Dia;;;Meio de Quadra;;;0;1;0;0;0;0;0;0;0;1;0;0;;
320392;4;7;2017;08:27;0;AV DOMINGOS OLIMPIO;;;880;;Colis?úo;Luz do Dia;;;Meio de Quadra;;;0;1;0;1;0;0;0;0;0;1;0;0;-3,736552000000000;-38,531572000000000
320393;4;7;2017;08:55;0;AV 13 DE MAIO;;;0;;Queda;Luz do Dia;;;Meio de Quadra;;;0;1;0;0;0;0;0;0;0;1;0;0;;
320404;4;7;2017;13:13;26083;AV JOSE JATAHY;AV BEZERRA DE MENEZES;;0;;Colis?úo;Luz do Dia;;;Cruz;Sem?íforo;Comercial;0;0;1;1;0;0;0;0;0;1;0;0;-3,731558666000000;-38,544826854000000
320399;4;7;2017;11:32;0;AV MAJ ASSIS;;;2198;;Colis?úo;Luz do Dia;;;Meio de Quadra;;;0;1;0;1;0;0;0;0;0;1;0;0;-3,720927000000000;-38,599273000000000
320380;4;7;2017;08:09;0;RD BR 116;;;2000;KM-02;Colis?úo;Luz do Dia;;Seca;Meio de Quadra;;;0;1;1;1;0;0;0;0;0;1;0;0;-3,771391000000000;-38,516780000000000
320395;4;7;2017;11:11;0;AV H CJ JOSE WALTER;;;1280;;Atropelamento;Luz do Dia;;;Meio de Quadra;;;0;1;0;0;0;0;0;0;0;1;0;0;-3,841899000000000;-38,556555000000000
320396;4;7;2017;11:14;0;RUA BERNARDO MANUEL;;;0;;Atropelamento;Luz do Dia;;;Meio de Quadra;;;0;1;0;0;0;0;0;0;0;1;0;0;;
320397;4;7;2017;11:29;0;AV PRS COSTA E SILVA;;;0;;Queda;Luz do Dia;;;Meio de Quadra;;;0;1;0;0;0;1;0;0;0;0;0;0;;
320419;4;7;2017;14:19;0;AV HEROIS DO ACRE;;;5700;;Colis?úo;Luz do Dia;;;Meio de Quadra;;;0;1;0;0;0;0;0;0;0;1;0;0;-3,803188900000000;-38,535008600000000
320414;4;7;2017;14:12;0;RD BR 116;;;3000;KM-03;Colis?úo;Luz do Dia;;;Meio de Quadra;;;0;0;1;1;0;0;0;0;0;1;0;0;-3,779838000000000;-38,514372000000000
320411;4;7;2017;13:17;0;AV AUGUSTO DOS ANJOS;;;0;;Colis?úo;Luz do Dia;;;Meio de Quadra;;;0;1;0;1;0;0;0;0;0;1;0;0;;
320428;4;7;2017;16:42;0;AV OLIVEIRA PAIVA;;;1631;;Colis?úo;Luz do Dia;;;Meio de Quadra;;;0;1;0;0;0;0;1;0;0;1;0;0;-3,795748000000000;-38,491946000000000
320426;4;7;2017;15:42;6810;RUA BENTO ALBUQUERQUE;RUA JOSE BORBA VASCONCELOS;;0;;Colis?úo;Luz do Dia;;;Cruz;Pare;Residencial;0;1;0;1;0;0;0;0;0;1;0;0;-3,747266000000000;-38,472258000000000
320421;4;7;2017;14:38;0;AV GAL OSORIO DE PAIVA;;;4653;;Colis?úo;Luz do Dia;;;Meio de Quadra;;;0;1;0;0;0;0;0;0;0;1;0;0;-3,799744000000000;-38,597235000000000
320422;4;7;2017;14:45;0;RUA DELMIRO GOUVEIA;;;372;;Colis?úo;Luz do Dia;;;Meio de Quadra;;;0;1;0;0;0;0;0;0;0;0;0;0;-3,730630000000000;-38,488352000000000
320423;4;7;2017;15:36;0;AV BEIRA MAR;;;4320;;Atropelamento;Luz do Dia;;;Meio de Quadra;;;0;1;0;1;0;0;0;0;0;0;0;0;-3,722792000000000;-38,482371000000000
320439;4;7;2017;19:26;0;RUA JOSE MENDONCA;;;0;;Colis?úo;;;;Meio de Quadra;;;0;1;0;1;0;0;0;0;0;1;0;0;;
320447;4;7;2017;20:29;0;AV FRANCISCO SA;;;5816;;Colis?úo;;;;Meio de Quadra;;;0;0;1;0;0;0;0;0;0;0;0;0;-3,710870000000000;-38,576462000000000
320444;4;7;2017;19:35;0;RD BR 116;;;9701;VIADUTO MESSEJANA;Atropelamento;;;;Meio de Quadra;;;0;1;0;1;0;0;0;0;0;0;0;0;-3,831154000000000;-38,504803000000000
320437;4;7;2017;19:22;0;RD BR 116;;;10000;KM-10;Atropelamento;;;;Meio de Quadra;;;0;1;0;0;0;0;0;0;0;1;0;0;-3,834435000000000;-38,503373000000000
320435;4;7;2017;17:30;0;AV AUGUSTO DOS ANJOS;;;1170;;Colis?úo;Anoitecer;;;Meio de Quadra;;;0;0;1;0;0;0;0;0;0;1;0;0;-3,777359000000000;-38,576697000000000