COD_ACIDENTE;DIA;MES;ANO;HORA;INTERSECAO;LOG1;LOG2;LOG3;NUMERO;REFERENCIA;NATUREZA;ILUMINACAO;TEMPO;SUPERFICIEPISTA;TIPOCRUZAMENTO;CONTROLETRAFEGO;USOSOLO;MORTOS;FERIDOS;ILESOS;AUTOMOVEL;ONIBUS;BICICLETA;CAMINHAO;MICROONIBUS;CICLOMOTOR;MOTOCICLETA;TRACAOANIMAL;TREM;LATITUDE;LONGITUDE
320433;4;7;2017;17:27;0;AV PRS COSTA E SILVA;;;1578;;Colis?úo;Anoitecer;;;Meio de Quadra;;;0;1;0;1;0;0;0;0;0;1;0;0;;
320431;4;7;2017;17:01;0;RUA CEARA;;;810;;Colis?úo;Anoitecer;;;Meio de Quadra;;;0;0;2;0;0;0;0;0;0;1;0;0;-3,759617000000000;-38,564716000000000
320456;4;7;2017;20:34;0;AV ALBERTO CRAVEIRO;;;0;;Colis?úo;;;;Meio de Quadra;;;0;1;1;1;0;0;0;0;0;1;0;0;;
320457;4;7;2017;21:15;0;AV ENG SANTANA JUNIOR;;;684;;Atropelamento;;;;Meio de Quadra;;;0;1;0;0;0;0;0;0;0;1;0;0;-3,735069000000000;-38,481736000000000
320459;4;7;2017;21:03;0;RUA PDE VALDEVINO;;;176;;Capotamento;;;;Meio de Quadra;;;0;1;0;1;0;0;0;0;0;0;0;0;-3,737416000000000;-38,522267000000000
320461;4;7;2017;21:42;0;AV AREIA BRANCA;;;630;;Queda;;;;Meio de Quadra;;;0;1;0;0;0;1;0;0;0;0;0;0;-3,726845000000000;-38,476929000000000
306394;4;7;2017;19:30;25980;AV SANTOS DUMONT;RUA JOAQUIM GENU;;0;;Engavetamento;Via Iluminada;Bom;Seca;T;N?úo H?í Controle;Comercial;0;0;4;1;0;0;0;0;0;0;0;0;-3,740773000000000;-38,484292000000000
306391;4;7;2017;14:20;0;AV LUCIANO CARNEIRO;;;2132;;Colis?úo Lateral;Luz do Dia;Bom;Seca;Meio de Quadra;Sem?íforo;Comercial;0;0;2;1;0;0;0;0;0;0;0;0;-3,766648000000000;-38,537215000000000
306392;4;7;2017;19:15;0;AV JOVITA FEITOSA;;;428;;Colis?úo Traseira;Via Iluminada;Bom;Seca;Meio de Quadra;N?úo H?í Controle;Residencial;0;0;2;1;0;0;0;0;0;0;0;0;-3,737998000000000;-38,547503000000000
306400;4;7;2017;20:00;15367;RUA PEREIRA VALENTE;RUA CEL JUCA;;0;;Colis?úo Transversal;Via Iluminada;Bom;Seca;Cruz;Pare;Residencial;0;0;3;0;0;0;0;0;0;0;0;0;-3,734439000000000;-38,490267000000000
306387;4;7;2017;17:30;0;RUA 147 CJ CEARA;;;146;;Atropelamento;Anoitecer;Bom;Seca;Meio de Quadra;Outros;Residencial;0;1;1;0;0;0;0;0;0;1;0;0;-3,770610000000000;-38,607274000000000
306388;4;7;2017;16:20;24956;RUA TAVARES COUTINHO;AV ALM HENRIQUE SABOIA;;0;;Colis?úo Lateral;Luz do Dia;Bom;Seca;Cruz;Sem?íforo;Residencial;0;0;2;1;0;0;0;0;0;1;0;0;-3,732499000000000;-38,482890000000000
306449;4;7;2017;09:43;0;RUA PRO COSTA MENDES;;;1290;;Colis?úo;Luz do Dia;Bom;Seca;Meio de Quadra;Pare;Residencial;0;3;0;1;0;0;0;0;0;0;0;0;-3,751136000000000;-38,550855000000000
324860;4;7;2017;13:20;0;AV SEN CARLOS JEREISSATI (AEROPORTO);;;0;KM 02;Colis?úo;Luz do Dia;;Seca;Meio de Quadra;;;0;0;2;1;0;0;0;0;0;0;0;0;-3,782194000000000;-38,535424000000000
324866;4;7;2017;13:30;0;RD CE-040;;;0;KM-06;Choque c/ Obst?ículo Fixo;Luz do Dia;;Seca;Meio de Quadra;;;0;0;1;1;0;0;0;0;0;0;0;0;-3,809596804000000;-38,478733480000000
325935;4;7;2017;07:33;0;RD BR 116;;;2000;KM-02;Colis?úo Lateral;Luz do Dia;;Seca;Meio de Quadra;;;0;1;1;1;0;0;0;0;0;1;0;0;-3,771391000000000;-38,516780000000000
325936;4;7;2017;13:30;0;RD BR 116;;;100;KM-02;Colis?úo Traseira;Luz do Dia;;Seca;Meio de Quadra;;;0;1;1;0;0;0;0;0;0;1;0;0;-3,795955900000000;-38,507225300000000
325937;4;7;2017;19:25;0;RD BR 116;;;11000;KM-11;Atropelamento;N?úo Informado;;Seca;Meio de Quadra;;;0;1;1;0;0;0;0;0;0;1;0;0;-3,847160000000000;-38,497176000000000
324872;5;7;2017;09:00;0;RD CE-040;;;0;KM-06;Colis?úo;Luz do Dia;;Seca;Meio de Quadra;;;0;0;2;1;1;0;0;0;0;0;0;0;-3,809596804000000;-38,478733480000000
324878;5;7;2017;18:00;0;RD CE-040;;;0;KM-05;Colis?úo;Anoitecer;;Seca;Meio de Quadra;;;0;0;2;0;0;1;0;0;0;1;0;0;-3,800595823000000;-38,479534630000000
306416;5;7;2017;15:30;10995;RUA 15 DE NOVEMBRO;RUA ALM RUBIM;;0;;Colis?úo Lateral;Luz do Dia;Bom;Seca;Cruz;Sem?íforo Intermitente;Comercial;0;2;0;1;0;0;0;0;0;1;0;0;-3,768907000000000;-38,555939000000000
306417;5;7;2017;16:00;19442;AV GODOFREDO MACIEL;RUA NAPOLEAO QUEZADO;;0;;Colis?úo Traseira;Luz do Dia;Bom;Seca;Cruz;Sem?íforo;Comercial;0;3;0;1;1;0;0;0;0;0;0;0;-3,779396000000000;-38,564677000000000
306419;5;7;2017;21:30;1600;RUA LEONARDO MOTA;RUA GAL TERTULIANO POTYGUARA;;0;;Colis?úo Transversal;Via Iluminada;Bom;Seca;Cruz;Sem?íforo;Residencial;0;2;0;1;0;0;0;0;0;0;0;0;-3,743762000000000;-38,498626000000000
306428;5;7;2017;00:30;17434;RUA EDITE BRAGA;RUA CESAR ROSSAS;;0;;Atropelamento;Luz do Dia;Bom;Seca;Cruz;Pare;Comercial;0;3;0;1;0;0;0;0;0;0;0;0;-3,768906000000000;-38,553869000000000
306594;5;7;2017;19:00;24344;RUA DES PRAXEDES;RUA VICENTE PADILHA;;0;;Colis?úo Lateral;Anoitecer;Bom;Seca;Cruz;Pare;Residencial;0;2;0;0;1;0;0;0;0;0;0;0;-3,764753000000000;-38,537358000000000
306401;5;7;2017;18:30;12839;RUA SEN POMPEU;RUA CARLOS GOMES;;0;;Colis?úo Lateral;Anoitecer;Bom;Seca;T;Outros;Residencial;0;2;0;1;0;0;0;0;0;1;0;0;-3,739312000000000;-38,533382000000000
306398;5;7;2017;13:00;5709;AV OLIVEIRA PAIVA;AV DES GONZAGA;;0;;Engavetamento;Luz do Dia;Bom;Seca;Cruz;Sem?íforo;Residencial;0;2;1;1;0;0;1;1;0;0;0;0;-3,797165000000000;-38,499953000000000
320462;5;7;2017;00:18;0;RUA JOSE CAVALCANTE SOBR;;;120;;Capotamento;;;;Meio de Quadra;;;0;1;0;1;0;0;0;0;0;0;0;0;-3,836663000000000;-38,486682000000000
320464;5;7;2017;06:14;0;AV GAL OSORIO DE PAIVA;;;2821;;Atropelamento;Luz do Dia;;;Meio de Quadra;;;0;1;0;0;0;0;0;0;0;1;0;0;-3,788189000000000;-38,585939000000000
320485;5;7;2017;07:33;26272;RUA VALPARAISO;RUA RECANTO VERDE;;0;;Atropelamento;Luz do Dia;;;T;Pare;Comercial;0;1;0;1;0;0;0;0;0;0;0;0;;
320476;5;7;2017;07:05;5458;RUA RODRIGUES JUNIOR;RUA BARBARA DE ALENCAR;;0;;Colis?úo;Luz do Dia;;;Cruz;Pare;Comercial;0;0;1;0;0;0;0;0;0;0;0;0;-3,735343000000000;-38,522156000000000
320471;5;7;2017;07:00;0;AV SEN CARLOS JEREISSATI (AEROPORTO);;;0;;Colis?úo;Luz do Dia;;Seca;Meio de Quadra;;;0;1;1;1;0;0;0;0;0;1;0;0;;
320473;5;7;2017;07:04;0;AV GODOFREDO MACIEL;;;5600;;Colis?úo;Luz do Dia;;Seca;Meio de Quadra;;;0;1;1;1;0;0;0;0;0;1;0;0;-3,823593900000000;-38,578811100000000
320482;5;7;2017;07:24;0;RUA ERETIDES MARTINS;;;0;;Queda;Luz do Dia;;;Meio de Quadra;;;0;1;0;0;0;0;0;0;0;1;0;0;;
320492;5;7;2017;08:30;0;AV WASHINGTON SOARES;;;1433;;Atropelamento;Luz do Dia;;Seca;Meio de Quadra;;;0;2;0;0;0;0;0;0;0;1;0;0;-3,771564000000000;-38,482009000000000
320494;5;7;2017;10:39;0;RUA BERNARDO MANUEL;;;8591;;Colis?úo;Luz do Dia;;;Meio de Quadra;;;0;0;1;1;0;0;0;0;0;1;0;0;-3,794640000000000;-38,550173000000000
320497;5;7;2017;10:48;0;RUA CAETANO SILVA (PASSAR?ë);;;68;;Queda;Luz do Dia;;;Meio de Quadra;;;0;1;0;0;0;0;0;0;0;1;0;0;;
320534;5;7;2017;17:30;9172;RUA PAULA RODRIGUES;RUA MIN JOAQUIM BASTOS D14;;0;;Colis?úo;Anoitecer;;;Cruz;Pare;Residencial;0;1;0;1;0;0;0;0;0;1;0;0;-3,754299000000000;-38,527598000000000
320530;5;7;2017;14:41;14757;RUA ALBANO AMARAL;RUA MANUEL DA NOBREGA;;0;;Colis?úo;Luz do Dia;;;;;;0;2;0;0;0;0;0;0;0;1;0;0;-3,797907000000000;-38,583913000000000
320526;5;7;2017;14:23;0;RUA RISO DO PRADO;;;2139;;Queda;Luz do Dia;;;Meio de Quadra;;;0;0;1;0;0;0;0;0;0;1;0;0;-3,778680800000000;-38,582370600000000
320545;5;7;2017;18:32;0;RUA BAR RIO BRANCO;;;0;;Colis?úo;;;;Meio de Quadra;;;0;1;0;1;0;0;0;0;0;1;0;0;;
320542;5;7;2017;18:07;23685;RUA DOM HENRIQUE;RUA COSTA FREIRE;;0;;Colis?úo;Anoitecer;;;Cruz;Pare;Residencial;0;1;0;0;0;0;0;0;0;1;0;0;-3,788134000000000;-38,580887000000000
320536;5;7;2017;17:53;0;RUA ENG EDMUNDO ALMEIDA FILHO;;;368;;Atropelamento;Anoitecer;;;Meio de Quadra;;;0;1;0;1;0;0;0;0;0;0;0;0;-3,764013000000000;-38,530270000000000
320519;5;7;2017;11:31;0;AV CEL CARVALHO;;;0;;Colis?úo;Luz do Dia;;;Meio de Quadra;;;0;1;0;1;0;0;0;0;0;1;0;0;;
320520;5;7;2017;11:34;0;RUA CESAR ROSSAS;;;181;;Atropelamento;Luz do Dia;;;Meio de Quadra;;;0;1;0;1;0;0;0;0;0;0;0;0;-3,768807000000000;-38,553584000000000
320513;5;7;2017;10:57;0;RD BR 116;;;15000;KM-15;Colis?úo;Luz do Dia;;Seca;Meio de Quadra;;;0;1;1;1;0;1;0;0;0;0;0;0;-3,882329000000000;-38,501113000000000
320515;5;7;2017;11:30;0;AV EDILSON B SOARES;;;790;;Colis?úo;Luz do Dia;;;Meio de Quadra;;;0;1;0;1;0;0;0;0;0;1;0;0;-3,789371000000000;-38,479547000000000
320554;5;7;2017;20:33;0;AV WASHINGTON SOARES;;;7241;;Colis?úo;Mal Iluminada;;Seca;Meio de Quadra;;;0;1;2;1;0;0;0;0;0;1;0;0;-3,819370000000000;-38,482396000000000
320555;5;7;2017;23:48;0;AV DR THEBERGE;;;0;;Queda;;;;Meio de Quadra;;;0;1;0;0;0;0;0;0;0;1;0;0;;
320548;5;7;2017;18:33;16241;RUA JABUTICABA;RUA MONTE LIBANO;;0;;Atropelamento;;;;;;;0;1;0;0;0;0;0;0;0;1;0;0;;
320550;5;7;2017;19:17;13334;AV H CJ JOSE WALTER;AV L CJ JOSE WALTER;;0;;Colis?úo;;;;Cruz;Pare;Residencial;0;1;0;0;0;0;0;0;0;0;0;0;-3,840720000000000;-38,560432000000000
320551;5;7;2017;20:07;0;RUA JULIO SILVA;;;440;;Queda;;;;Meio de Quadra;;;0;1;0;0;0;1;0;0;0;0;0;0;;
320552;5;7;2017;20:26;2848;RUA RAIMUNDO PINHEIRO;RUA BOM JESUS (GRANJA LISBOA);;0;;Colis?úo;;;;;;;0;1;0;0;0;0;0;0;0;0;0;0;-3,795174000000000;-38,598962000000000
309854;5;7;2017;06:46;25066;AV LAURO VIEIRA CHAVES;AV DOS EXPEDICIONARIOS;;0;;Colis?úo Transversal;Luz do Dia;Bom;Seca;T;Pare;Comercial;0;1;1;1;0;0;0;0;0;1;0;0;-3,770885000000000;-38,543026000000000
309855;5;7;2017;08:10;0;AV DUQ CAXIAS;;;235;;Colis?úo Traseira;Luz do Dia;Bom;Seca;Cruz;Sem?íforo;Comercial;0;0;2;1;0;0;0;1;0;0;0;0;-3,732692700000000;-38,526894000000000
309856;5;7;2017;06:55;0;AV ENG AGRONOMO JOSE GUIMARAES DUQUE;RUA PEDRO LAZAR;;997;;Colis?úo Transversal;Luz do Dia;Bom;Seca;Meio de Quadra;Pare;Residencial;0;2;1;1;0;0;0;0;0;1;0;0;-3,804956400000000;-38,488342000000000
309857;5;7;2017;09:55;0;AV AMERICO BARREIRA;;;5592;;Colis?úo Transversal;Luz do Dia;Bom;Seca;Meio de Quadra;Sem?íforo;Comercial;0;0;2;1;1;0;0;0;0;0;0;0;-3,760764400000000;-38,564423000000000
309858;5;7;2017;09:49;0;RUA PRO GOMES BRASIL;;;320;;Colis?úo Frontal;Luz do Dia;Bom;Seca;Meio de Quadra;N?úo H?í Controle;Comercial;0;0;2;0;0;0;0;0;0;1;0;0;-3,772567300000000;-38,568630000000000
309859;5;7;2017;07:00;0;AV ALBERTO CRAVEIRO;RUA ADEMAR PAULA;;0;;Colis?úo Transversal;Luz do Dia;Bom;Seca;Meio de Quadra;N?úo H?í Controle;Comercial;0;1;0;0;0;0;0;0;0;1;0;0;-3,801362500000000;-38,519947000000000
309860;5;7;2017;10:00;5201;RUA SAO PAULO;RUA FLORIANO PEIXOTO;;0;;Colis?úo Lateral;Luz do Dia;Bom;Seca;Cruz;Sem?íforo;Comercial;0;0;2;0;0;0;0;0;0;0;0;0;-3,726437300000000;-38,526283000000000
309861;5;7;2017;10:30;25463;RUA EDUARDO PORTO;RUA JOAO IVO;;0;;Colis?úo Transversal;Luz do Dia;Bom;Seca;T;N?úo H?í Controle;Comercial;0;0;2;1;0;0;0;0;0;0;0;0;-3,832504300000000;-38,497433000000000
309862;5;7;2017;10:38;12954;AV PRS COSTA E SILVA;RUA BERNARDO MANUEL;;0;;Colis?úo Lateral;Luz do Dia;Bom;Seca;Cruz;Sem?íforo;Comercial;0;0;2;1;0;0;0;0;0;0;0;0;-3,821079000000000;-38,558276000000000
309863;5;7;2017;11:06;17412;RUA ALBERTO MAGNO;RUA BAR SOBRAL;;0;;Colis?úo Transversal;Luz do Dia;Bom;Seca;Cruz;Sem?íforo;Comercial;0;0;2;1;0;0;0;0;0;0;0;0;-3,768004700000000;-38,552340000000000
309864;5;7;2017;13:24;0;RUA PRO JACINTO BOTELHO;;;41;;Colis?úo Traseira;Luz do Dia;Bom;Seca;Meio de Quadra;N?úo H?í Controle;Comercial;0;0;2;1;0;0;0;0;0;0;0;0;-3,753209400000000;-38,546110000000000
309865;5;7;2017;13:34;0;RUA ARAQUEM SILVA;RUA VICENTE LEITE;;149;;Colis?úo Traseira;Luz do Dia;Bom;Seca;T;N?úo H?í Controle;Comercial;0;0;1;1;0;0;0;0;0;0;0;0;-3,750609000000000;-38,499725000000000
309866;5;7;2017;15:10;0;AV JOR THOMAZ COELHO;;;609;;Colis?úo Lateral;Luz do Dia;Bom;Seca;Meio de Quadra;N?úo H?í Controle;Comercial;0;0;2;0;0;0;0;0;0;0;0;0;-3,832177600000000;-38,501797000000000
309867;5;7;2017;15:27;0;AV SEN FERNANDES TAVORA;;;597;;Colis?úo Traseira;Luz do Dia;Bom;Seca;Meio de Quadra;Pare;Comercial;0;0;2;1;0;0;0;0;0;1;0;0;-3,764454800000000;-38,578070000000000
309868;5;7;2017;15:38;9155;AV EDUARDO GIRAO;AV LUCIANO CARNEIRO;;0;;Colis?úo Lateral;Luz do Dia;Bom;Seca;Cruz;Sem?íforo;Comercial;0;0;2;1;0;0;0;0;0;0;0;0;-3,752163000000000;-38,532740000000000
309869;5;7;2017;16:04;0;AV CARNEIRO DE MENDONCA;;;583;;Colis?úo Lateral;Luz do Dia;Bom;Seca;Meio de Quadra;N?úo H?í Controle;Comercial;0;0;2;1;0;0;0;0;0;0;0;0;-3,765129300000000;-38,564930000000000
309870;5;7;2017;16:12;0;AV VIS RIO BRANCO;;;3901;IBAMA;Colis?úo Traseira;Luz do Dia;Bom;Seca;Meio de Quadra;N?úo H?í Controle;Comercial;0;0;2;1;0;0;0;0;0;0;0;0;-3,755510000000000;-38,520123000000000
309871;5;7;2017;15:17;1456;AV SANTOS DUMONT;RUA CEL JUCA;;0;;Colis?úo Lateral;Luz do Dia;Bom;Seca;Cruz;Sem?íforo;Comercial;0;0;3;1;1;0;0;0;0;0;0;0;-3,738390700000000;-38,491714000000000
309872;5;7;2017;17:15;5099;AV TRISTAO GONCALVES;RUA SEN ALENCAR;;0;;Colis?úo Transversal;Anoitecer;Bom;Seca;Cruz;Pare;Comercial;0;2;1;1;0;0;0;0;0;1;0;0;-3,723423200000000;-38,532135000000000
309873;5;7;2017;19:13;0;AV AMERICO BARREIRA;RUA PIAUI;;0;;Choque c/ Obst?ículo Fixo;Via Iluminada;Bom;Seca;Meio de Quadra;Pare;Comercial;0;2;0;0;0;0;0;0;0;1;0;0;-3,758841500000000;-38,563130000000000
309874;5;7;2017;20:50;0;RUA FLORIANO PEIXOTO;;;1211;;Colis?úo Transversal;Via Iluminada;Bom;Seca;Cruz;Pare;Comercial;0;0;2;1;0;0;0;0;0;1;0;0;-3,733041500000000;-38,529037000000000
309875;5;7;2017;21:30;0;AV OLIVEIRA PAIVA;;;223;;Colis?úo Traseira;Via Iluminada;Bom;Seca;Meio de Quadra;N?úo H?í Controle;Comercial;0;0;2;1;0;0;0;0;0;0;0;0;-3,798489600000000;-38,503130000000000
309876;5;7;2017;22:38;3975;RUA PRO COSTA MENDES;RUA ALBERTO MAGNO;;0;;Colis?úo Transversal;Via Iluminada;Bom;Seca;Cruz;Sem?íforo;Comercial;0;0;2;1;0;0;0;0;0;0;0;0;-3,757640100000000;-38,543660000000000
309877;6;7;2017;01:35;21801;RUA DEP MATOSO FILHO;RUA GONCALO BEZERRA;;59;;Colis?úo Traseira;Via Iluminada;Chuva;Molhada;Cruz;Pare;Residencial;0;0;2;1;1;0;0;0;0;0;0;0;-3,730114000000000;-38,585220000000000
309878;6;7;2017;03:28;0;RUA TULIPA;;;762;;Colis?úo Traseira;Via Iluminada;Chuva;Molhada;Meio de Quadra;N?úo H?í Controle;Residencial;0;0;1;1;0;0;0;0;0;0;0;0;-3,716830700000000;-38,580440000000000
309879;6;7;2017;07:06;1238;AV SANTOS DUMONT;RUA ILDEFONSO ALBANO;;1;;Colis?úo Transversal;Luz do Dia;Nublado;Seca;Cruz;Sem?íforo;Comercial;0;0;2;1;0;0;0;0;0;0;0;0;-3,731675900000000;-38,512670000000000
309881;6;7;2017;08:07;0;AV GOV RAUL BARBOSA;;;6983;;Colis?úo Lateral;Luz do Dia;Nublado;Seca;Meio de Quadra;N?úo H?í Controle;Residencial;0;0;2;0;1;0;0;0;0;0;0;0;-3,774414800000000;-38,512802000000000
309882;6;7;2017;09:07;0;AV PRO GOMES DE MATOS;;;1326;;Atropelamento;Luz do Dia;Nublado;Seca;Meio de Quadra;N?úo H?í Controle;Comercial;0;1;0;1;0;0;0;0;0;0;0;0;-3,763901500000000;-38,547886000000000
309883;6;7;2017;08:40;0;AV BORGES DE MELO;;;0;;Colis?úo Traseira;Luz do Dia;Bom;Seca;Y;Pare;Comercial;0;0;2;1;0;0;0;0;0;0;0;0;-3,760889800000000;-38,523380000000000
309884;6;7;2017;11:00;0;AV MAJ ASSIS;AV J CJ NOVA ASSUNCAO;;2209;;Colis?úo Lateral;Luz do Dia;Bom;Seca;Meio de Quadra;;;0;2;1;1;0;0;0;0;0;0;0;0;-3,720777000000000;-38,599564000000000
309885;6;7;2017;13:10;0;AV DR SILAS MUNGUBA;;;2333;;Colis?úo Lateral;Luz do Dia;Nublado;Seca;Meio de Quadra;N?úo H?í Controle;Comercial;0;1;1;1;0;0;0;0;0;1;0;0;-3,785997900000000;-38,550930000000000
309886;6;7;2017;13:10;22727;RUA MIN ABNER VASCONCELOS;RUA EUCLIDES O DE SOUSA;;0;;Colis?úo Transversal;Luz do Dia;Bom;Seca;Cruz;Pare;Comercial;0;2;1;1;0;0;0;0;0;0;0;0;-3,798110000000000;-38,478844000000000
309887;6;7;2017;15:09;5402;RUA METON DE ALENCAR;RUA VINTE E QUATRO DE MAIO;;0;;Colis?úo Lateral;Luz do Dia;Bom;Seca;Cruz;Pare;Comercial;0;1;1;0;0;0;0;0;0;1;0;0;-3,732767300000000;-38,533936000000000
309888;6;7;2017;15:15;13402;AV ANTONIO SALES;RUA ILDEFONSO ALBANO;;636;;Colis?úo Traseira;Luz do Dia;Bom;Seca;Cruz;Sem?íforo;Comercial;0;0;2;0;1;0;0;0;0;0;0;0;-3,741272200000000;-38,516150000000000
309889;6;7;2017;16:40;0;RUA 15 DE NOVEMBRO;;;483;;Colis?úo Lateral;Luz do Dia;Bom;Seca;Cruz;Pare;Comercial;0;0;2;0;0;0;0;0;0;0;0;0;-3,832295400000000;-38,501102000000000
309890;6;7;2017;19:36;0;AV BEZERRA DE MENEZES;;;1084;;Colis?úo Traseira;Via Iluminada;Bom;Seca;Meio de Quadra;Sem?íforo;Comercial;0;0;2;1;0;0;0;0;0;1;0;0;-3,733437000000000;-38,554527000000000
309891;6;7;2017;19:35;0;AV PRS COSTA E SILVA;;;801;;Engavetamento;Via Iluminada;Bom;Seca;Meio de Quadra;N?úo H?í Controle;Comercial;0;0;3;1;0;0;0;0;0;0;0;0;-3,812806100000000;-38,572056000000000
320557;6;7;2017;00:26;10070;RUA DUAS NACOES;RUA 23 DE JUNHO;;0;;Colis?úo;;;;;;;0;1;0;0;0;0;0;0;0;1;0;0;-3,783144000000000;-38,603759000000000
320559;6;7;2017;04:59;0;AV DR SILAS MUNGUBA;;;0;;Colis?úo;;;;Meio de Quadra;;;0;1;0;1;0;0;0;0;0;1;0;0;;
320560;6;7;2017;06:07;0;RUA PDE PERDIGAO SAMPAIO;;;0;;Colis?úo;Luz do Dia;;;Meio de Quadra;;;0;3;0;0;0;0;0;0;0;0;0;0;;
320561;6;7;2017;07:17;0;RUA PROF. MANOEL LOURENCO;;;50;;Colis?úo;Luz do Dia;;;Meio de Quadra;;;0;1;0;1;0;1;0;0;0;0;0;0;;
320562;6;7;2017;07:49;0;AV FRANCISCO SA;;;7630;;Colis?úo;Luz do Dia;;;Meio de Quadra;;;0;1;0;0;0;0;0;0;0;0;0;0;-3,706312000000000;-38,586168000000000
320563;6;7;2017;08:11;0;RUA MONTE PASCOAL;;;691;;Colis?úo;Luz do Dia;;;Meio de Quadra;;;0;1;0;0;0;0;0;0;0;1;0;0;-3,806097200000000;-38,596947800000000
320564;6;7;2017;08:45;0;AV GAL OSORIO DE PAIVA;;;5450;;Colis?úo;Luz do Dia;;;Meio de Quadra;;;0;1;0;0;0;0;0;0;0;0;0;0;-3,805014000000000;-38,602378000000000
320565;6;7;2017;09:13;0;AV DA INDEPENDENCIA;;;1196;;Colis?úo;Luz do Dia;;;Meio de Quadra;;;0;0;1;1;0;0;0;0;0;1;0;0;-3,726770000000000;-38,591463000000000
320566;6;7;2017;10:36;0;AV ABOLICAO;;;3207;;Colis?úo;Luz do Dia;;;Meio de Quadra;;;0;1;0;0;0;0;0;0;0;0;0;0;-3,726643000000000;-38,491062000000000
320567;6;7;2017;11:08;0;AV SEN FERNANDES TAVORA;;;1827;;Colis?úo;Luz do Dia;;;Meio de Quadra;;;0;2;0;0;0;0;0;0;0;1;0;0;-3,758970000000000;-38,588184000000000
320568;6;7;2017;12:10;0;AV WASHINGTON SOARES;;;0;;Colis?úo;Luz do Dia;;;Meio de Quadra;;;0;1;0;0;0;0;0;0;0;0;0;0;;
320569;6;7;2017;13:10;0;AV JOSE BASTOS;;;5290;;Atropelamento;Luz do Dia;;;Meio de Quadra;;;0;1;0;0;0;0;0;0;0;1;0;0;-3,758727000000000;-38,563306000000000
320570;6;7;2017;13:21;0;AV GAL OSORIO DE PAIVA;;;7001;;Colis?úo;Luz do Dia;;;Meio de Quadra;;;0;1;0;1;0;0;0;0;0;1;0;0;-3,814354000000000;-38,611416000000000
320571;6;7;2017;14:45;16245;RUA DO SOL (MONDUBIM);RUA DAS PALMAS;;0;;Colis?úo;Luz do Dia;;;;;;0;0;1;1;0;0;0;0;0;1;0;0;-3,835230000000000;-38,579539000000000
320572;6;7;2017;15:47;9172;RUA MIN JOAQUIM BASTOS D14;RUA PAULA RODRIGUES;;0;;Colis?úo;Luz do Dia;;;Cruz;Pare;Residencial;0;1;0;0;0;0;0;0;0;1;0;0;-3,754299000000000;-38,527598000000000
320573;6;7;2017;17:13;0;AV DR SILAS MUNGUBA;;;0;;Colis?úo;Anoitecer;;;Meio de Quadra;;;0;1;0;0;0;0;0;0;0;0;0;0;;
320574;6;7;2017;18:05;9757;RUA OSCAR FRANCA;RUA TRES CORACOES;;0;;Colis?úo;Anoitecer;;;;;;0;1;0;0;0;0;0;0;0;0;0;0;-3,788440000000000;-38,610300000000000
320575;6;7;2017;18:51;0;AV PERIMETRAL;;;853;;Colis?úo;;;;Meio de Quadra;;;0;1;0;0;0;0;0;0;0;0;0;0;;
320576;6;7;2017;18:52;0;RUA PRO GOMES BRASIL;;;0;;Colis?úo;;;;Meio de Quadra;;;0;1;0;1;0;0;0;0;0;1;0;0;;
320577;6;7;2017;19:50;0;RUA QUINZE (CANINDEZINHO);;;0;;Colis?úo;;;;Meio de Quadra;;;0;1;0;0;1;1;0;0;0;0;0;0;;
320578;6;7;2017;20:00;0;AV DOS JANGADEIROS;;;0;;Colis?úo;;;;Meio de Quadra;;;0;0;1;0;0;0;0;0;0;0;0;0;;
320579;6;7;2017;21:58;0;RUA RIO GRANDE DO SUL;;;1820;;Queda;;;;Meio de Quadra;;;0;1;0;0;0;0;0;0;0;1;0;0;-3,763861000000000;-38,570789000000000
320580;6;7;2017;22:22;3998;RUA ALBERTO MAGNO;RUA SAMUEL UCHOA;;0;;Colis?úo;;;;Cruz;Pare;Comercial;0;1;0;1;0;0;0;0;0;1;0;0;-3,756713000000000;-38,542824000000000
306429;6;7;2017;10:10;22104;RUA CEL NUNES DE MELO;RUA JOSE FACANHA;;0;;Colis?úo Lateral;;Nublado;Seca;Cruz;;Residencial;0;1;1;1;0;0;0;0;0;0;0;0;-3,752858000000000;-38,556484000000000
306434;6;7;2017;15:45;19651;AV GAL OSORIO DE PAIVA;RUA AFRANIO PEIXOTO;;0;;Colis?úo Lateral;Luz do Dia;Bom;Seca;T;Sem?íforo;Residencial;0;1;0;1;0;0;0;0;0;0;0;0;-3,780072000000000;-38,573584000000000
306439;6;7;2017;22:45;17587;RUA ACRE;RUA PARA;;0;;Colis?úo Frontal;Via Iluminada;Bom;Seca;Cruz;N?úo H?í Controle;Residencial;0;1;0;1;0;0;0;0;0;0;0;0;-3,756037000000000;-38,562527000000000
324886;6;7;2017;11:00;0;RD CE-040;;;0;KM-08;Colis?úo;Luz do Dia;;Seca;Meio de Quadra;;;0;0;3;1;0;0;0;1;0;0;0;0;-3,825515822000000;-38,481538320000000
324889;6;7;2017;11:00;0;RD CE-040;;;0;KM-10;Colis?úo;Luz do Dia;;Seca;Meio de Quadra;;;0;0;2;1;0;0;0;0;0;0;0;0;-3,826390000000000;-38,481784000000000