COD_ACIDENTE;DIA;MES;ANO;HORA;INTERSECAO;LOG1;LOG2;LOG3;NUMERO;REFERENCIA;NATUREZA;ILUMINACAO;TEMPO;SUPERFICIEPISTA;TIPOCRUZAMENTO;CONTROLETRAFEGO;USOSOLO;MORTOS;FERIDOS;ILESOS;AUTOMOVEL;ONIBUS;BICICLETA;CAMINHAO;MICROONIBUS;CICLOMOTOR;MOTOCICLETA;TRACAOANIMAL;TREM;LATITUDE;LONGITUDE
325939;6;7;2017;06:30;0;RD BR 222;;;0;KM-03;Queda;Luz do Dia;;Seca;Meio de Quadra;;;0;3;0;0;0;1;0;0;0;1;0;0;-3,740300848000000;-38,595940970000000
325941;7;7;2017;14:00;0;RD BR 222;;;800;KM-02;Colis?úo Traseira;Luz do Dia;;Seca;Meio de Quadra;;;0;1;1;1;0;0;0;0;0;1;0;0;;
324890;7;7;2017;09:50;0;RD CE-040;;;0;KM-06;Colis?úo;Luz do Dia;;Seca;Meio de Quadra;;;0;0;2;0;0;0;0;0;0;0;0;0;-3,809596804000000;-38,478733480000000
324895;7;7;2017;19:00;0;RD CE-040;;;0;KM-06;Colis?úo;Via Iluminada;;Seca;Meio de Quadra;;;0;0;2;1;0;0;0;1;0;0;0;0;-3,809596804000000;-38,478733480000000
324893;7;7;2017;11:20;0;RD CE-040;;;0;KM-08;Colis?úo;Luz do Dia;;Seca;Meio de Quadra;;;0;0;3;1;0;0;0;0;0;0;0;0;-3,825515822000000;-38,481538320000000
305869;7;7;2017;08:50;1716;AV GOV RAUL BARBOSA;AV GAL MURILO BORGES;;0;;Colis?úo;Luz do Dia;;;Meio de Quadra;N?úo H?í Controle;Comercial;1;1;1;1;0;0;0;0;1;0;0;0;-3,763977000000000;-38,508802000000000
306450;7;7;2017;17:00;0;AV JOAO PESSOA;;;5839;;Colis?úo Traseira;Anoitecer;Bom;Seca;Meio de Quadra;;Comercial;0;3;0;1;0;0;0;0;0;0;0;0;-3,761677000000000;-38,557493000000000
306454;7;7;2017;12:27;0;AV DR SILAS MUNGUBA;;;1520;;Colis?úo Traseira;Luz do Dia;Bom;Seca;Meio de Quadra;Sem?íforo Intermitente;Comercial;0;2;0;1;0;0;0;0;0;0;0;0;-3,783869000000000;-38,553965000000000
306458;7;7;2017;10:57;25943;RUA PDE IBIAPINA;RUA CARNEIRO DA CUNHA (JACARECANGA);;0;;Colis?úo Traseira;Luz do Dia;Bom;Seca;T;;Comercial;0;2;0;1;0;0;0;0;0;0;0;0;-3,724914000000000;-38,540752000000000
306448;7;7;2017;08:35;0;AV AMERICO BARREIRA;;;455;;Colis?úo Traseira;Luz do Dia;Bom;Seca;Meio de Quadra;Sem?íforo;Comercial;0;2;0;1;0;0;0;0;0;1;0;0;-3,767170800000000;-38,569354900000000
306475;7;7;2017;13:57;0;AV FRANCISCO SA;;;3944;;Engavetamento;Luz do Dia;Bom;Seca;Meio de Quadra;;Comercial;0;3;0;1;0;0;0;0;0;0;0;0;-3,716420000000000;-38,560274000000000
306482;7;7;2017;14:00;0;AV DUQ CAXIAS;;;235;;Colis?úo Lateral;Luz do Dia;Bom;Seca;Meio de Quadra;Sem?íforo;Comercial;0;2;0;1;0;0;0;0;0;1;0;0;-3,732892000000000;-38,526457000000000
306489;7;7;2017;21:30;1414;RUA NUNES VALENTE;RUA PDE QUINDERE;;0;;Colis?úo Transversal;Via Iluminada;Bom;Seca;Cruz;Pare;Residencial;0;2;0;1;0;0;0;0;0;0;0;0;-3,737396000000000;-38,504153000000000
306485;7;7;2017;00:05;313;RUA PRO LINO ENCARNACAO;RUA DAMIAO FERNANDES;;0;;Colis?úo Lateral;Via Iluminada;Bom;Seca;Cruz;Pare;Residencial;0;2;0;1;0;0;0;0;0;0;0;0;-3,744248000000000;-38,560037000000000
320581;7;7;2017;02:15;0;AV PRS CASTELO BRANCO;;;4541;;Colis?úo;;;;Meio de Quadra;;;0;1;0;1;0;0;0;0;0;1;0;0;-3,706701024000000;-38,572705181000000
320582;7;7;2017;04:43;0;RUA PRO GOMES BRASIL;;;0;;Choque c/ Obst?ículo Fixo;;;;Meio de Quadra;;;0;3;0;1;0;0;0;0;0;0;0;0;;
320583;7;7;2017;06:02;0;AV DUQ CAXIAS;;;101;;Colis?úo;Luz do Dia;;;Meio de Quadra;;;0;1;0;0;0;0;0;0;0;0;0;0;-3,733161000000000;-38,525626000000000
320584;7;7;2017;06:14;0;RUA BOM JESUS (GRANJA LISBOA);;;2400;;Colis?úo;Luz do Dia;;;Meio de Quadra;;;0;1;0;0;0;0;0;0;0;1;0;0;-3,790267000000000;-38,614011000000000
320585;7;7;2017;07:46;0;RUA GAL CLARINDO DE QUEIROZ;;;0;;Colis?úo;Luz do Dia;;;Meio de Quadra;;;0;0;1;1;0;0;0;0;0;1;0;0;;
320586;7;7;2017;08:44;10045;RUA EMILIO DE MENESES;RUA TAUBATE;;0;;Colis?úo;Luz do Dia;;;Cruz;Pare;Misto;0;2;0;0;0;0;0;0;0;1;0;0;-3,778717000000000;-38,598188000000000
320587;7;7;2017;08:45;0;RUA LEANDRO HENRIQUE;;;1139;;Colis?úo;Luz do Dia;;;Meio de Quadra;;;0;1;0;1;0;0;0;0;0;1;0;0;;
320588;7;7;2017;08:57;0;AV PERIMETRAL;;;0;;Queda;Luz do Dia;;;Meio de Quadra;;;0;1;0;0;0;0;0;0;0;1;0;0;;
320589;7;7;2017;09:43;0;RUA CEL JOAO OLIVEIRA;;;804;;Queda;Luz do Dia;;;Meio de Quadra;;;0;1;0;0;0;0;0;0;0;1;0;0;;
320590;7;7;2017;10:13;26192;AV SIQUEIRA CAMPOS;AV GAL OSORIO DE PAIVA;;0;;Colis?úo;Luz do Dia;;;Cruz;N?úo H?í Controle;Residencial;0;1;0;1;0;0;0;0;0;1;0;0;-3,821821000000000;-38,618651000000000
320591;7;7;2017;10:15;0;AV ALBERTO CRAVEIRO;;;430;;Atropelamento;Luz do Dia;;;Meio de Quadra;;;0;1;0;0;0;0;0;0;0;1;0;0;-3,782668000000000;-38,516505000000000
320592;7;7;2017;11:22;0;RUA 1018 CJ CEARA;;;148;;Queda;Luz do Dia;;;Meio de Quadra;;;0;1;0;0;0;0;0;0;0;1;0;0;-3,770193000000000;-38,616421000000000
320593;7;7;2017;12:47;0;AV CONTORNO SUL;;;51;;Colis?úo;Luz do Dia;;;Meio de Quadra;;;0;1;0;0;0;0;0;0;0;0;0;0;-3,835394000000000;-38,514937000000000
320594;7;7;2017;13:54;12404;AV SEN FERNANDES TAVORA;AV LINEU MACHADO;;0;;Colis?úo;Luz do Dia;;;Cruz;Sem?íforo;Comercial;0;1;0;1;0;0;0;0;0;1;0;0;-3,765199000000000;-38,576540000000000
320595;7;7;2017;14:19;0;RUA PRO GOMES BRASIL;;;290;;Queda;Luz do Dia;;;Meio de Quadra;;;0;0;1;0;0;0;0;0;0;1;0;0;-3,773269000000000;-38,568142000000000
320596;7;7;2017;15:03;0;RUA CEL FABRICIANO;;;1350;;Colis?úo;Luz do Dia;;;Meio de Quadra;;;0;1;0;1;0;0;0;0;0;1;0;0;-3,783871000000000;-38,603861000000000
320597;7;7;2017;15:35;0;RUA DR JURANDYR NUNES;;;1127;;Colis?úo;Luz do Dia;;;Meio de Quadra;;;0;1;0;1;0;0;0;0;0;1;0;0;-3,798099600000000;-38,472866500000000
320598;7;7;2017;16:05;0;RUA UM (SUMARE);;;880;;Colis?úo;Luz do Dia;;;Meio de Quadra;;;0;1;0;0;0;0;0;0;0;0;0;0;;
320599;7;7;2017;16:28;0;RUA JULIO SILVA;;;440;;Atropelamento;Luz do Dia;;;Meio de Quadra;;;0;1;0;1;0;0;0;0;0;0;0;0;-3,745296074000000;-38,454521370000000
320600;7;7;2017;16:40;0;AV AGUANAMBI;;;668;;Colis?úo;Luz do Dia;;;Meio de Quadra;;;0;1;0;1;1;0;0;0;0;0;0;0;-3,742773000000000;-38,525831000000000
320603;7;7;2017;17:27;0;AV LINEU MACHADO;;;976;;Colis?úo;Anoitecer;;;Meio de Quadra;;;0;1;0;1;0;0;0;0;0;1;0;0;-3,768377000000000;-38,578203000000000
320617;7;7;2017;18:08;0;RUA CON DE CASTRO;;;3495;;Colis?úo;Anoitecer;;;Meio de Quadra;;;0;1;0;1;0;0;0;0;0;1;0;0;-3,798218000000000;-38,585662000000000
320623;7;7;2017;22:01;0;RUA MOREIRA GOMES;;;58;;Queda;;;;Meio de Quadra;;;0;1;0;0;0;0;0;0;0;1;0;0;-3,761771000000000;-38,534171000000000
320621;7;7;2017;20:26;0;AV JOAO PESSOA;;;0;;Colis?úo;;;;Meio de Quadra;;;0;2;0;1;0;0;0;0;0;1;0;0;;
309892;7;7;2017;08:00;0;RUA BAR RIO BRANCO;;;1975;;Colis?úo Lateral;Luz do Dia;Bom;Seca;Meio de Quadra;N?úo H?í Controle;Comercial;0;2;2;1;0;0;0;0;0;1;0;0;-3,735557800000000;-38,531170000000000
309893;7;7;2017;09:14;0;RUA DOM SEBASTIAO LEME;RUA CARLOS RIBEIRO;;1;;Colis?úo Transversal;Luz do Dia;Bom;Seca;Cruz;Pare;Comercial;0;0;3;1;0;0;0;0;0;0;0;0;-3,746500300000000;-38,526245000000000
309894;7;7;2017;10:00;5028;AV ALBERTO NEPOMUCENO;RUA GERSON GRADWOHL;;0;;Colis?úo Lateral;Luz do Dia;Bom;Seca;Cruz;N?úo H?í Controle;Comercial;0;0;2;1;0;0;0;0;0;0;0;0;-3,720886000000000;-38,522896000000000
309895;7;7;2017;09:00;0;RUA FLORIANO PEIXOTO;;;591;;Colis?úo Lateral;Luz do Dia;Bom;Seca;Meio de Quadra;N?úo H?í Controle;Comercial;0;0;1;1;0;0;0;0;0;0;0;0;-3,727720300000000;-38,527220000000000
309897;7;7;2017;09:40;18028;AV DIOGUINHO;RUA RENATO BRAGA;;0;;Colis?úo Lateral;Luz do Dia;Bom;Seca;Cruz;Sem?íforo;Comercial;0;1;1;0;0;0;0;0;0;1;0;0;-3,731521600000000;-38,459072000000000
309898;7;7;2017;13:09;15832;RUA PDE PEDRO DE ALENCAR;RUA EDUARDO PORTO;;0;;Colis?úo Lateral;Luz do Dia;Bom;Molhada;Cruz;Sem?íforo;Comercial;0;0;2;0;0;0;0;1;0;0;0;0;-3,832722200000000;-38,493786000000000
309899;7;7;2017;13:23;0;AV TRISTAO GONCALVES;;;1250;;Colis?úo Traseira;Luz do Dia;Bom;Seca;Meio de Quadra;N?úo H?í Controle;Comercial;0;0;1;1;0;0;0;0;0;0;0;0;-3,732663000000000;-38,534813000000000
309900;7;7;2017;13:14;0;RUA BENTO ALBUQUERQUE;;;470;;Colis?úo Lateral;Luz do Dia;Bom;Seca;Cruz;Pare;Residencial;0;0;2;1;0;0;0;0;0;0;0;0;-3,748790300000000;-38,467445000000000
309901;7;7;2017;13:40;0;AV PRO GOMES DE MATOS;;;1010;;Colis?úo Lateral;Luz do Dia;Bom;Seca;Meio de Quadra;Sem?íforo;Comercial;0;0;2;1;0;0;0;0;0;1;0;0;-3,761608000000000;-38,546050000000000
309902;7;7;2017;12:50;15821;AV JOR THOMAZ COELHO;RUA ANGELICA GURGEL;;0;;Colis?úo Lateral;Luz do Dia;Bom;Seca;T;N?úo H?í Controle;Comercial;0;0;2;1;0;0;0;0;0;0;0;0;-3,832348600000000;-38,499054000000000
309903;7;7;2017;14:27;22955;RUA MAD ELISA BALDO;RUA BERNARDO MANUEL;;0;;Colis?úo Lateral;Luz do Dia;Bom;Seca;T;Pare;Residencial;0;0;2;1;0;0;0;0;0;0;0;0;-3,785116700000000;-38,546390000000000
309904;7;7;2017;12:00;7751;RUA ESTADO DO RIO;RUA CEARA;;0;;Colis?úo Transversal;Luz do Dia;Bom;Seca;Cruz;Pare;Comercial;0;0;1;1;0;0;0;0;0;0;0;0;-3,756555800000000;-38,569435000000000
309905;7;7;2017;14:37;0;AV ABOLICAO;;;3340;;Colis?úo Transversal;Luz do Dia;Bom;Seca;Meio de Quadra;N?úo H?í Controle;Comercial;0;0;2;0;0;0;0;0;0;0;0;0;-3,726477100000000;-38,489647000000000
309906;7;7;2017;15:52;9222;RUA GRACILIANO RAMOS;RUA GAL SILVA JUNIOR;;146;;Colis?úo Transversal;Luz do Dia;Bom;Seca;Cruz;Pare;Comercial;0;0;2;1;0;0;0;0;0;0;0;0;-3,753314300000000;-38,529995000000000
309907;7;7;2017;16:10;0;RUA EMILIO DE MENESES;AV PERIMETRAL;;0;;Colis?úo Lateral;Luz do Dia;Bom;Seca;Cruz;Sem?íforo;Residencial;0;0;2;1;1;0;0;0;0;0;0;0;-3,767268400000000;-38,587635000000000
309908;7;7;2017;16:23;0;AV BORGES DE MELO;;;0;RODOVIARIA;Colis?úo Traseira;Luz do Dia;Bom;Seca;Meio de Quadra;Sem?íforo;Comercial;0;0;2;1;0;0;0;0;0;0;0;0;-3,758480500000000;-38,531960000000000
309909;7;7;2017;16:10;0;RUA CEL DIONISIO ALENCAR;RUA JOSE BELCHIOR;;0;;Colis?úo Transversal;Luz do Dia;Bom;Seca;T;Pare;Comercial;0;1;1;1;0;0;0;0;0;0;0;0;-3,828663800000000;-38,484940000000000
309910;7;7;2017;16:49;0;RUA TEODOMIRO DE CASTRO;;;4264;;Colis?úo Lateral;Luz do Dia;Bom;Seca;Meio de Quadra;N?úo H?í Controle;Residencial;0;1;1;1;0;0;0;0;0;1;0;0;-3,717221300000000;-38,576073000000000
309911;7;7;2017;18:09;9034;RUA CEL SOLON;AV AGUANAMBI;;0;;Colis?úo Lateral;Via Iluminada;Bom;Seca;Cruz;Pare;Residencial;0;0;2;0;1;0;0;0;0;0;0;0;-3,742811700000000;-38,525660000000000
309912;7;7;2017;14:23;0;AV F CJ CEARA;;;780;;Capotamento;Luz do Dia;Bom;Seca;;;;0;1;0;1;0;0;0;0;0;0;0;0;-3,767725000000000;-38,603370000000000
309913;7;7;2017;17:30;0;RUA JOSE VILAR;;;1675;;Colis?úo Traseira;Via Iluminada;Bom;Seca;Meio de Quadra;Sem?íforo;Comercial;0;0;2;1;0;0;0;0;0;0;0;0;-3,738689200000000;-38,505610000000000
309914;7;7;2017;18:59;0;AV ENG ALBERTO SA;;;153;;Colis?úo Frontal;Via Iluminada;Bom;Seca;Meio de Quadra;N?úo H?í Controle;Comercial;0;1;1;0;0;0;0;0;0;1;0;0;-3,733540000000000;-38,479763000000000
309915;7;7;2017;19:05;17446;RUA EQUADOR;RUA PRO TEODORICO;;0;;Colis?úo Transversal;Via Iluminada;Bom;Seca;Cruz;Pare;Comercial;0;1;1;1;0;0;0;0;0;1;0;0;-3,769582700000000;-38,551075000000000
309916;7;7;2017;19:23;0;RUA MANUEL TEOFILO;;;955;;Colis?úo Transversal;Via Iluminada;Bom;Seca;Meio de Quadra;Pare;Residencial;0;0;2;1;0;0;0;0;0;0;0;0;-3,785994300000000;-38,562565000000000
309917;7;7;2017;17:30;25119;RUA MIGUEL COUTO;RUA BAR AQUIRAZ;;0;;Colis?úo Transversal;Via Iluminada;Bom;Seca;Cruz;Pare;Residencial;0;1;1;1;0;0;0;0;0;1;0;0;-3,837425200000000;-38,488060000000000
309918;7;7;2017;19:30;1598;RUA CAROLINA SUCUPIRA;RUA MON CATAO;;0;;Colis?úo Transversal;Via Iluminada;Bom;Seca;Cruz;Pare;Residencial;0;0;2;1;0;0;0;0;0;0;0;0;-3,743754100000000;-38,492080000000000
309919;7;7;2017;20:42;23607;RUA CAP NESTOR GOIS;RUA BAR CRATO;;0;;Colis?úo Transversal;Via Iluminada;Bom;Seca;Cruz;Pare;Residencial;0;0;2;1;0;0;0;0;0;0;0;0;-3,721845600000000;-38,561626000000000
309920;7;7;2017;19:20;0;AV GAL OSORIO DE PAIVA;;;3957;;Choque c/ Obst?ículo Fixo;Via Iluminada;Bom;Seca;Meio de Quadra;D?¬ Prefer?¬ncia;Comercial;0;1;1;1;0;0;0;0;0;1;0;0;-3,792405100000000;-38,590126000000000
309921;7;7;2017;21:24;0;RUA CAIO CID;;;1000;;Colis?úo Lateral;Anoitecer;Bom;Seca;Cruz;Sem?íforo;Comercial;0;0;2;1;1;0;0;0;0;0;0;0;-3,771595500000000;-38,483944000000000
309922;7;7;2017;21:22;0;AV EDUARDO GIRAO;RUA DEP OSWALDO STUDART;;0;;Colis?úo Transversal;Via Iluminada;Bom;Seca;Cruz;Sem?íforo;Comercial;0;0;2;1;0;0;0;0;0;0;0;0;-3,755074700000000;-38,529520000000000
309923;7;7;2017;20:00;12682;AV CEL CARVALHO;RUA DEP MATOSO FILHO;;0;;Colis?úo Transversal;Via Iluminada;Bom;Seca;T;Pare;Comercial;0;1;2;1;0;0;0;0;0;1;0;0;-3,729941600000000;-38,584938000000000
309924;7;7;2017;21:28;0;AV FILOMENO GOMES;RUA GUILHERME ROCHA;;0;;Colis?úo Transversal;Via Iluminada;Bom;Seca;Cruz;Sem?íforo;Comercial;0;0;1;1;0;0;0;0;0;0;0;0;-3,722777800000000;-38,541023000000000
309950;7;7;2017;13:51;0;AV SANTOS DUMONT;;;6022;;Colis?úo Lateral;Luz do Dia;Bom;Seca;Meio de Quadra;N?úo H?í Controle;Comercial;0;0;2;1;0;0;0;0;0;0;0;0;-3,742713200000000;-38,478634000000000
303802;7;7;2017;17:59;0;AV BENJAMIM BRASIL;;;1350;;Colis?úo Traseira;Anoitecer;;;Meio de Quadra;;;1;0;1;1;0;0;0;0;0;1;0;0;-3,806064000000000;-38,563354000000000
309925;8;7;2017;06:53;0;RUA BARTOLOMEU DE GUSMAO;;;1135;;Choque c/ Obst?ículo Fixo;Amanhecer;Bom;Seca;Meio de Quadra;N?úo H?í Controle;Residencial;0;0;1;1;0;0;0;0;0;0;0;0;-3,758803000000000;-38,527790000000000
309926;8;7;2017;08:30;5323;RUA PEDRO PEREIRA;RUA ASSUNCAO;;0;;Colis?úo Transversal;Luz do Dia;Bom;Seca;Cruz;Pare;Comercial;0;0;2;1;0;0;0;0;0;0;0;0;-3,730313300000000;-38,527184000000000
309927;8;7;2017;09:25;0;AV TRISTAO GONCALVES;;;744;;Colis?úo Traseira;Luz do Dia;Bom;Seca;Meio de Quadra;Sem?íforo;Comercial;0;0;2;1;0;0;0;0;0;0;0;0;-3,728239800000000;-38,533604000000000
309928;8;7;2017;10:03;5292;RUA COSTA BARROS;RUA GONCALVES LEDO;;0;;Colis?úo Transversal;Luz do Dia;Bom;Seca;Cruz;Pare;Comercial;0;0;2;1;0;0;0;0;0;0;0;0;-3,728960000000000;-38,515377000000000
309929;8;7;2017;04:30;0;AV PRS CASTELO BRANCO;;;2982;;Choque c/ Obst?ículo Fixo;Amanhecer;Bom;Seca;Meio de Quadra;N?úo H?í Controle;Residencial;0;0;1;1;0;0;0;0;0;0;0;0;-3,711686800000000;-38,556053000000000
309930;8;7;2017;09:50;5246;RUA PEREIRA FILGUEIRAS;RUA GONCALVES LEDO;;0;;Colis?úo Transversal;Luz do Dia;Bom;Seca;Cruz;Pare;Residencial;0;0;2;0;0;0;0;0;0;0;0;0;-3,727622000000000;-38,514965000000000
309931;8;7;2017;11:18;12882;RUA CARLOS GOMES;RUA COS TRISTAO;;0;;Colis?úo Transversal;Luz do Dia;Bom;Seca;Cruz;Pare;Residencial;0;0;2;1;0;0;0;0;0;0;0;0;-3,741201000000000;-38,527493000000000
309932;8;7;2017;11:56;7884;AV ANTONIO SALES;RUA VICENTE LEITE;;0;;Colis?úo Transversal;Luz do Dia;Bom;Seca;Cruz;Pare;Comercial;0;1;1;1;0;0;0;0;0;0;0;0;-3,746676000000000;-38,498580000000000
309933;8;7;2017;14:45;0;AV ABOLICAO;;;3090;;Engavetamento;Luz do Dia;Bom;Seca;Meio de Quadra;N?úo H?í Controle;Comercial;0;0;4;1;0;0;0;0;0;0;0;0;-3,726817600000000;-38,491850000000000
309934;8;7;2017;16:20;1380;RUA NUNES VALENTE;RUA TORRES CAMARA;;0;;Colis?úo Transversal;Luz do Dia;Bom;Seca;Cruz;Pare;Residencial;0;0;2;1;0;0;0;0;0;0;0;0;-3,736618000000000;-38,503746000000000
309935;8;7;2017;20:15;0;AV GAL OSORIO DE PAIVA;;;0;;Colis?úo Traseira;Via Iluminada;Bom;Seca;Meio de Quadra;N?úo H?í Controle;Comercial;0;0;2;1;0;0;0;0;0;0;0;0;-3,807813600000000;-38,605152000000000
309936;8;7;2017;21:18;0;AV PRS COSTA E SILVA;;;0;PIR?éMIDE MOTEL;Colis?úo Traseira;Via Iluminada;Bom;Seca;Meio de Quadra;N?úo H?í Controle;Comercial;0;0;2;1;0;0;0;0;0;0;0;0;-3,824912800000000;-38,542797000000000
320626;8;7;2017;00:25;0;AV DEP PAULINO ROCHA;;;40;;Colis?úo;;;;Meio de Quadra;;;0;1;0;0;0;0;0;0;0;0;0;0;-3,801112000000000;-38,507330000000000
320655;8;7;2017;12:40;0;RUA BUENO;;;657;;Queda;Luz do Dia;;;Meio de Quadra;;;0;1;0;0;0;0;0;0;0;1;0;0;;
320656;8;7;2017;12:43;7403;AV SEN FERNANDES TAVORA;RUA ARACAJU;;0;;Colis?úo;Luz do Dia;;;Cruz;Pare;Comercial;0;1;0;1;0;0;0;0;0;1;0;0;-3,759398000000000;-38,587377000000000
320658;8;7;2017;13:17;0;RUA JOSE HIPOLITO;;;485;;Colis?úo;Luz do Dia;;;Meio de Quadra;;;0;0;1;1;0;0;0;0;0;1;0;0;-3,833195000000000;-38,491210000000000
320649;8;7;2017;12:13;0;AV PRO JOSE ARTHUR CARVALHO;;;1100;;Colis?úo;Luz do Dia;;;Meio de Quadra;;;0;1;0;1;0;0;0;0;0;1;0;0;-3,827132000000000;-38,469724000000000
320641;8;7;2017;10:11;0;AV CENTRAL;;;0;;Colis?úo;Luz do Dia;;;Meio de Quadra;;;0;0;1;1;0;0;0;0;0;1;0;0;;
320639;8;7;2017;10:09;0;RUA PDE FRANCISCO PITA;;;0;;Colis?úo;Luz do Dia;;;Meio de Quadra;;;0;1;0;0;0;0;0;0;0;0;0;0;;
320643;8;7;2017;11:20;0;AV MAE LISBOA;;;3455;;Colis?úo;Luz do Dia;;;Meio de Quadra;;;0;1;0;1;0;0;0;0;0;1;0;0;-3,805474000000000;-38,449358000000000
320631;8;7;2017;02:08;0;RUA CEL JOSE FILOMENO GOMES;;;0;;Queda;;;;Meio de Quadra;;;0;1;0;0;0;0;0;0;0;1;0;0;;
320632;8;7;2017;06:33;0;RUA LUIZ GONZAGA;;;21;;Queda;Luz do Dia;;;Meio de Quadra;;;0;0;1;0;0;0;0;0;0;1;0;0;;
320637;8;7;2017;09:11;0;RUA TEN BOTELHO;;;335;;Queda;Luz do Dia;;;Meio de Quadra;;;0;1;0;0;0;1;0;0;0;0;0;0;-3,760291900000000;-38,490389200000000
320635;8;7;2017;08:08;0;AV PRS CASTELO BRANCO;;;0;;Queda;Luz do Dia;;;Meio de Quadra;;;0;1;0;0;0;0;0;0;0;1;0;0;;
320688;8;7;2017;20:02;0;RUA JOAQUIM PINTO;;;591;;Acidente Pessoal;;;;Meio de Quadra;;;0;0;1;0;0;0;0;0;0;1;0;0;-3,812020000000000;-38,507542000000000
320689;8;7;2017;20:28;0;RUA STA FILOMENA;;;832;;Colis?úo;;;;Meio de Quadra;;;0;1;0;1;0;0;0;0;0;1;0;0;-3,761640000000000;-38,591330000000000
320690;8;7;2017;20:52;0;RUA DOS SABIAS;;;350;;Queda;;;;Meio de Quadra;;;0;0;1;0;0;0;0;0;0;1;0;0;-3,806203000000000;-38,538780000000000
320691;8;7;2017;21:08;17265;RUA SATIRO DIAS;RUA ALBERTO MAGNO;;0;;Colis?úo;;;;Cruz;N?úo H?í Controle;Residencial;0;0;1;0;0;0;0;0;0;0;0;0;-3,762063000000000;-38,547531000000000
320692;8;7;2017;22:13;0;RUA LARA;;;1617;;Queda;;;;Meio de Quadra;;;0;1;0;0;0;0;0;0;0;1;0;0;-3,714165843000000;-38,579819000000000
320693;8;7;2017;22:57;3320;RUA ARGENTINA;RUA VIRIATO RIBEIRO;;0;;Colis?úo;;;;Cruz;Pare;Residencial;0;1;0;0;0;0;0;0;0;1;0;0;-3,747181000000000;-38,564284000000000
320694;8;7;2017;23:09;0;RUA MARIA GOMES DE SA;;;407;;Colis?úo;;;;Meio de Quadra;;;0;2;0;0;0;0;0;0;0;1;0;0;;
320695;8;7;2017;23:46;0;AV GODOFREDO MACIEL;;;5618;;Colis?úo;Via Iluminada;;Seca;Meio de Quadra;;;0;1;1;1;0;0;0;0;0;1;0;0;-3,824240000000000;-38,578749000000000
320696;8;7;2017;23:56;0;RUA EDUARDO PERDIGAO;;;0;;Atropelamento;;;;Meio de Quadra;;;0;1;0;0;1;0;0;0;0;0;0;0;;
320669;8;7;2017;16:08;6750;RUA BATISTA DE OLIVEIRA;RUA VILEBALDO AGUIAR;;0;;Colis?úo;Luz do Dia;;;Cruz;Pare;Comercial;0;1;0;0;0;0;0;0;0;0;0;0;-3,743019000000000;-38,480134000000000
320670;8;7;2017;16:31;0;AV BENJAMIM BRASIL;;;1330;;Colis?úo;Luz do Dia;;;Meio de Quadra;;;0;1;0;1;0;0;0;0;0;1;0;0;-3,806031000000000;-38,563451000000000
320671;8;7;2017;17:51;1289;AV SANTOS DUMONT;RUA SILVA PAULET;;0;;Colis?úo;Anoitecer;;;Cruz;Pare;Residencial;0;1;0;0;0;1;0;0;0;1;0;0;-3,733985000000000;-38,505258000000000
320672;8;7;2017;18:17;0;AV SIQUEIRA CAMPOS;;;836;;Colis?úo;Anoitecer;;;Meio de Quadra;;;0;1;0;1;0;0;0;0;0;1;0;0;-3,817630000000000;-38,622777000000000
320662;8;7;2017;13:39;0;AV I CJ JOSE WALTER;;;160;;Colis?úo;Luz do Dia;;;Meio de Quadra;;;0;1;0;1;0;0;0;0;0;1;0;0;-3,825755000000000;-38,550912000000000
320663;8;7;2017;13:52;24390;RUA ALM RUFINO;RUA ALBERTO MONTEZUMA;;0;;Colis?úo;Luz do Dia;;;Cruz;Pare;Comercial;0;1;0;1;0;0;0;0;0;1;0;0;-3,767836000000000;-38,533978000000000
320664;8;7;2017;14:25;0;RUA MIRTES CORDEIRO;;;1690;;Colis?úo;Luz do Dia;;;Meio de Quadra;;;0;2;0;0;0;0;0;0;0;0;0;0;-3,786700500000000;-38,605979600000000
320665;8;7;2017;14:44;0;RUA MORADA NOVA;;;534;;Queda;Luz do Dia;;;Meio de Quadra;;;0;0;1;0;0;0;0;0;0;1;0;0;-3,845689278000000;-38,511308065000000
320666;8;7;2017;15:00;0;AV JOSE BASTOS;;;0;;Colis?úo;Luz do Dia;;;Meio de Quadra;;;0;1;0;1;0;0;0;0;0;1;0;0;;
320667;8;7;2017;15:49;0;AV AGUANAMBI;;;0;;Colis?úo;Luz do Dia;;;Meio de Quadra;;;0;0;1;0;0;0;0;0;0;0;0;0;;
320679;8;7;2017;18:35;0;AV ALM HENRIQUE SABOIA;;;2207;;Queda;;;;Meio de Quadra;;;0;1;0;0;0;1;0;0;0;0;0;0;-3,730169000000000;-38,481448000000000
320680;8;7;2017;18:35;0;AV GAL OSORIO DE PAIVA;;;0;;Atropelamento;;;;Meio de Quadra;;;0;1;0;0;1;0;0;0;0;0;0;0;;
320681;8;7;2017;19:07;0;AV GOV RAUL BARBOSA;;;0;;Atropelamento;;;;Meio de Quadra;;;0;1;0;1;0;0;0;0;0;0;0;0;;
320682;8;7;2017;19:26;11069;RUA SUECIA;RUA EQUADOR;;0;;Atropelamento;;;;Cruz;Pare;Residencial;0;1;0;0;0;0;0;0;0;1;0;0;-3,784449000000000;-38,557111000000000
320685;8;7;2017;19:36;0;RUA COS LAFAYETE;;;798;;Atropelamento;;;;Meio de Quadra;;;0;1;0;0;0;0;0;0;0;1;0;0;-3,717733000000000;-38,585522000000000