COD_ACIDENTE;DIA;MES;ANO;HORA;INTERSECAO;LOG1;LOG2;LOG3;NUMERO;REFERENCIA;NATUREZA;ILUMINACAO;TEMPO;SUPERFICIEPISTA;TIPOCRUZAMENTO;CONTROLETRAFEGO;USOSOLO;MORTOS;FERIDOS;ILESOS;AUTOMOVEL;ONIBUS;BICICLETA;CAMINHAO;MICROONIBUS;CICLOMOTOR;MOTOCICLETA;TRACAOANIMAL;TREM;LATITUDE;LONGITUDE
306521;8;7;2017;;24344;RUA DES PRAXEDES;RUA VICENTE PADILHA;;0;;Colis?úo Frontal;Luz do Dia;Bom;Seca;Cruz;Pare;Residencial;0;0;2;1;0;0;0;0;0;0;0;0;-3,764753000000000;-38,537358000000000
306519;8;7;2017;10:30;14588;AV EDILSON B SOARES;RUA JOAO REGINO;;0;;Colis?úo Lateral;Luz do Dia;Bom;Seca;Cruz;Pare;Comercial;0;0;2;1;0;0;0;0;0;0;0;0;-3,789663000000000;-38,483001000000000
306480;8;7;2017;14:00;16230;AV PRS COSTA E SILVA;ET PAVUNA;;0;;Colis?úo Traseira;Luz do Dia;Bom;Seca;Outros;Outros;Comercial;0;0;3;1;0;0;0;0;0;0;0;0;-3,820898000000000;-38,558802000000000
306462;8;7;2017;10:30;0;AV PRS COSTA E SILVA;;;2596;;Colis?úo Lateral;Luz do Dia;Bom;Seca;Outros;Outros;Comercial;0;1;1;1;0;0;0;0;0;1;0;0;-3,820780000000000;-38,559043000000000
306442;8;7;2017;14:30;0;AV DES MOREIRA;;;700;;Colis?úo Frontal;Luz do Dia;Bom;Seca;Meio de Quadra;Sem?íforo;Residencial;0;0;2;0;1;0;0;0;0;1;0;0;-3,732174000000000;-38,497049000000000
306421;8;7;2017;11:30;352;RUA XAVIER DE OLIVEIRA;RUA PEDRO DE QUEIROZ;;0;;Colis?úo Lateral;Via Iluminada;Bom;Seca;Cruz;Pare;Residencial;0;0;2;1;0;0;0;0;0;0;0;0;-3,746834000000000;-38,558367000000000
306424;8;7;2017;10:00;6811;RUA JOSE BORBA VASCONCELOS;RUA DR GILBERTO STUDART;;0;;Colis?úo Transversal;Luz do Dia;Bom;Seca;Cruz;Pare;Residencial;0;1;1;1;0;0;0;0;0;1;0;0;-3,746506000000000;-38,472016000000000
306415;8;7;2017;00:10;19469;AV GAL OSORIO DE PAIVA;AV AUGUSTO DOS ANJOS;;0;;Colis?úo Traseira;Via Iluminada;Bom;Seca;;Sem?íforo;Residencial;0;0;2;1;0;0;0;0;0;0;0;0;-3,787349000000000;-38,584939000000000
306412;8;7;2017;11:50;19252;AV JOAO PESSOA;RUA LIVINO DE CARVALHO;;0;;Colis?úo Lateral;Luz do Dia;Nublado;;T;Pare;Residencial;0;0;2;1;0;0;0;0;0;0;0;0;-3,770275000000000;-38,561062000000000
310550;8;7;2017;15:21;0;AV PRS CASTELO BRANCO;;;4333;;Colis?úo Transversal;Luz do Dia;Bom;Seca;Meio de Quadra;N?úo H?í Controle;Comercial;0;0;2;1;0;0;0;0;0;0;0;0;-3,707417000000000;-38,571022000000000
325943;8;7;2017;03:50;0;RD BR 116;;;8000;KM-08;Choque c/ Obst?ículo Fixo;N?úo Informado;;Seca;Meio de Quadra;;;0;0;1;1;0;0;0;0;0;0;0;0;-3,822018000000000;-38,503269000000000
325717;9;7;2017;22:56;0;RUA BERNARDO MANUEL;;;0;;Colis?úo;;;;Meio de Quadra;;;0;1;0;0;0;0;0;0;0;0;0;0;;
325676;9;7;2017;21:10;0;RUA BOM JESUS (BARRA DO CEARA);;;1650;;Atropelamento;;;;Meio de Quadra;;;0;1;0;1;0;0;0;0;0;0;0;0;;
325709;9;7;2017;21:39;0;AV 1 CANINDEZINHO;;;0;;Atropelamento;;;;Meio de Quadra;;;0;1;0;0;0;0;0;0;0;0;0;0;;
325711;9;7;2017;22:44;0;AV DR THEBERGE;;;300;;Colis?úo;;;;Meio de Quadra;;;0;1;0;0;0;0;0;0;0;0;0;0;-3,707061000000000;-38,562456000000000
325614;9;7;2017;00:24;744;AV TEN LISBOA;AV PASTEUR;;0;;Colis?úo;;;;Com Via F?®rrea;Pare;Residencial;0;1;0;0;0;0;0;0;0;1;0;0;-3,719333000000000;-38,561572000000000
325615;9;7;2017;03:22;0;RUA JULIO SILVA;;;440;;Colis?úo;;;;Meio de Quadra;;;0;1;0;0;0;0;0;0;0;0;0;0;;
325616;9;7;2017;03:40;0;AV DUQ CAXIAS;;;403;;Colis?úo;;;;Meio de Quadra;;;0;1;0;0;0;0;0;0;0;0;0;0;-3,732252000000000;-38,528462000000000
325617;9;7;2017;03:38;0;RUA DR JURANDYR NUNES;;;180;;Colis?úo;;;;Meio de Quadra;;;0;1;0;1;0;0;0;0;0;1;0;0;-3,790777000000000;-38,473561000000000
325626;9;7;2017;10:31;16796;RUA APOCALIPSE (MONDUBIM);RUA PLANALTINA (PL AYRTON SENNA);;0;;Colis?úo;Luz do Dia;;;Cruz;;Residencial;0;1;0;1;0;0;0;0;0;1;0;0;;
325619;9;7;2017;07:13;0;RUA ARTUR DE CARVALHO;;;2709;;Colis?úo;Luz do Dia;;;Meio de Quadra;;;0;1;0;0;0;0;0;0;0;0;0;0;-3,761113400000000;-38,534731300000000
325620;9;7;2017;08:48;0;AV GENIBAU;;;2017;;Colis?úo;Luz do Dia;;;Meio de Quadra;;;0;1;0;0;0;0;0;0;0;1;0;0;-3,757870600000000;-38,602368600000000
325621;9;7;2017;08:50;0;RUA CEL MATOS DOURADO;;;0;;Colis?úo;Luz do Dia;;;Meio de Quadra;;;0;1;0;1;0;0;0;0;0;1;0;0;;
325622;9;7;2017;08:57;0;AV RAD JOSE LIMA VERDE;;;0;;Atropelamento;Luz do Dia;;;Meio de Quadra;;;0;1;0;0;0;0;0;0;0;1;0;0;;
325628;9;7;2017;12:03;0;RUA URUCUTUBA;;;1498;;Atropelamento;Luz do Dia;;;Meio de Quadra;;;0;1;0;0;0;0;0;0;0;1;0;0;-3,797578000000000;-38,608216000000000
325651;9;7;2017;15:24;4612;AV OLIVEIRA PAIVA;AV WASHINGTON SOARES;;0;;Colis?úo;Luz do Dia;;;;;;0;1;0;1;0;0;0;0;0;1;0;0;-3,795695000000000;-38,479908000000000
325653;9;7;2017;17:59;0;AV LINEU MACHADO;;;288;;Queda;Anoitecer;;;Meio de Quadra;;;0;1;0;0;0;0;0;0;0;1;0;0;-3,762240000000000;-38,574974000000000
325668;9;7;2017;19:54;0;AV CASTELO DE CASTRO;;;0;;Colis?úo;;;;Meio de Quadra;;;0;2;0;0;0;0;0;0;0;1;0;0;;
325666;9;7;2017;19:31;0;RUA EVILASIO A MIRANDA;;;1121;;Queda;;;;Meio de Quadra;;;0;1;0;0;0;0;0;0;0;1;0;0;-3,795999300000000;-38,467004800000000
325658;9;7;2017;18:39;10798;RUA PORTO VELHO;RUA STA FILOMENA;;0;;Colis?úo;;;;Cruz;N?úo H?í Controle;Residencial;0;1;0;1;0;1;0;0;0;0;0;0;-3,763217000000000;-38,592165000000000
325659;9;7;2017;18:44;0;RUA RIO BRANCO;;;0;;Colis?úo;;;;Meio de Quadra;;;0;1;0;0;0;0;0;0;0;0;0;0;;
325660;9;7;2017;18:46;0;AV BEZERRA DE MENEZES;;;0;;Atropelamento;;;;Meio de Quadra;;;0;1;1;0;0;0;0;0;0;1;0;0;;
325662;9;7;2017;19:10;0;RUA AFONSO LOPES;;;65;;Colis?úo;;;;Meio de Quadra;;;0;0;1;1;0;0;0;0;0;1;0;0;-3,786260900000000;-38,546465400000000
325664;9;7;2017;19:28;0;RUA AFONSO HENRIQUE;;;70;;Atropelamento;;;;Meio de Quadra;;;0;1;0;0;0;0;0;0;0;0;0;0;-3,824483000000000;-38,492057000000000
324902;9;7;2017;15:05;0;RD CE-040;;;0;KM-06;Colis?úo;Luz do Dia;;Seca;Meio de Quadra;;;0;1;1;0;0;0;0;0;0;1;0;0;-3,809596804000000;-38,478733480000000
324904;9;7;2017;16:00;0;RD CE-040;;;0;KM-11;Choque c/ Obst?ículo Fixo;Luz do Dia;;Seca;Meio de Quadra;;;0;0;1;1;0;0;0;0;0;0;0;0;-3,849626230000000;-38,476069890000000
324905;9;7;2017;18:15;0;RD CE-040;;;0;KM-11;Colis?úo;Anoitecer;;Seca;Meio de Quadra;;;0;0;2;1;0;0;0;0;0;0;0;0;-3,849626230000000;-38,476069890000000
306414;9;7;2017;13:15;0;AV ALBERTO NEPOMUCENO;;;0;;Colis?úo Traseira;Luz do Dia;;;Meio de Quadra;;;0;0;2;1;1;0;0;0;0;0;0;0;;
306407;9;7;2017;21:29;12097;AV CASTELO DE CASTRO;RUA 305 CJ SAO CRISTOVAO;;0;;Colis?úo Lateral;;;;Cruz;Pare;Residencial;0;1;1;1;0;0;0;0;0;1;0;0;-3,836195000000000;-38,521668000000000
306409;9;7;2017;07:50;10963;RUA 15 DE NOVEMBRO;RUA ANTONIO FIUZA;;0;;Colis?úo Lateral;Luz do Dia;;;Cruz;Sem?íforo;Residencial;0;1;1;1;0;0;0;0;0;1;0;0;-3,770252000000000;-38,552228000000000
309964;9;7;2017;15:58;0;AV BAR STUDART;;;2770;;Colis?úo Traseira;Luz do Dia;Bom;Seca;Meio de Quadra;N?úo H?í Controle;Comercial;0;0;2;1;0;0;0;0;0;0;0;0;-3,748198300000000;-38,511020000000000
309938;9;7;2017;07:59;0;AV I CJ JOSE WALTER;;;330;;Choque c/ Obst?ículo Fixo;Luz do Dia;Bom;Seca;Meio de Quadra;N?úo H?í Controle;Residencial;0;0;0;1;0;0;0;0;0;0;0;0;-3,827143400000000;-38,551254000000000
309939;9;7;2017;06:38;18299;RUA SEN ALMINO;RUA JOSE AVELINO;;0;;Colis?úo Transversal;Luz do Dia;Bom;Seca;Cruz;Pare;Comercial;0;0;2;1;0;0;0;0;0;1;0;0;-3,722611400000000;-38,517920000000000
309940;9;7;2017;09:11;1469;AV SEN VIRGILIO TAVORA;RUA DES LEITE ALBUQUERQUE;;0;;Colis?úo Lateral;Luz do Dia;Bom;Seca;Cruz;Sem?íforo;Comercial;0;0;2;1;0;0;0;0;0;0;0;0;-3,738770200000000;-38,493694000000000
309941;9;7;2017;08:59;0;AV ANTONIO JUSTA;;;3946;;Colis?úo Lateral;Luz do Dia;Bom;Seca;Meio de Quadra;N?úo H?í Controle;Residencial;0;0;1;1;0;0;0;0;1;0;0;0;-3,730564400000000;-38,486343000000000
309942;9;7;2017;09:00;0;AV PRS CASTELO BRANCO;;;3670;;Colis?úo Traseira;Luz do Dia;Bom;Seca;Meio de Quadra;N?úo H?í Controle;Residencial;0;0;2;1;0;0;0;0;0;0;0;0;-3,709427800000000;-38,564804000000000
309943;9;7;2017;15:29;0;RUA PRO GOMES BRASIL;;;421;;Acidente Pessoal;Luz do Dia;Bom;Seca;Outros;N?úo H?í Controle;Comercial;0;0;2;1;0;0;0;0;0;0;0;0;-3,772132000000000;-38,569210000000000
309944;9;7;2017;17:00;9216;RUA MARIO MAMEDE;RUA NAPOLEAO LAUREANO;;0;;Colis?úo Lateral;Luz do Dia;Bom;Seca;Cruz;Pare;Residencial;0;0;2;1;0;0;0;0;0;1;0;0;-3,750837300000000;-38,529655000000000
309945;9;7;2017;19:50;0;RUA PAULA BARROS;;;45;;Engavetamento;Via Iluminada;Bom;Seca;Meio de Quadra;Sem?íforo;Residencial;0;0;4;1;0;0;0;0;0;0;0;0;-3,726512400000000;-38,492325000000000
309946;9;7;2017;17:13;0;RUA MIN ALBUQUERQUE LIMA;AV C CJ CEARA;;0;;Colis?úo Transversal;Luz do Dia;Bom;Seca;Cruz;Sem?íforo;Residencial;0;0;2;1;0;0;0;0;0;0;0;0;-3,766239400000000;-38,611053000000000
309947;9;7;2017;20:36;0;RUA ALBERTO MAGNO;;;744;;Colis?úo Transversal;Via Iluminada;Bom;Seca;Cruz;Pare;Comercial;0;0;2;1;0;0;0;0;0;0;0;0;-3,762094700000000;-38,547626000000000
309948;9;7;2017;23:57;0;AV PRS COSTA E SILVA;;;566;;Colis?úo Traseira;Via Iluminada;Bom;Seca;Meio de Quadra;Sem?íforo;Comercial;0;1;1;1;0;0;0;0;0;1;0;0;-3,811824300000000;-38,574505000000000
303805;9;7;2017;12:03;0;RUA URUCUTUBA;;;1498;;Atropelamento;Luz do Dia;;;Meio de Quadra;;;1;0;1;0;0;0;0;0;0;1;0;0;-3,797578000000000;-38,608216000000000
303806;9;7;2017;20:10;0;AV WASHINGTON SOARES;;;50;CASAS FREITAS;Choque c/ Obst?ículo Fixo;;;;Meio de Quadra;;;1;0;0;0;0;0;0;0;0;1;0;0;-3,756560000000000;-38,491450000000000
309949;10;7;2017;10:01;0;AV DOMINGOS OLIMPIO;;;1297;;Colis?úo Traseira;Luz do Dia;Bom;Seca;Meio de Quadra;N?úo H?í Controle;Comercial;0;0;2;0;0;0;0;0;0;1;0;0;-3,735340600000000;-38,535152000000000
309970;10;7;2017;19:42;579;RUA CRUZEIRO DO SUL;AV FRANCISCO SA;;0;;Colis?úo Transversal;Via Iluminada;Bom;Seca;Cruz;Pare;Comercial;0;0;2;1;1;0;0;0;0;0;0;0;-3,715431200000000;-38,563210000000000
309951;10;7;2017;11:08;0;RUA GAL CLARINDO DE QUEIROZ;;;218;;Colis?úo Traseira;Luz do Dia;Bom;Seca;;;;0;0;2;1;0;0;0;0;0;0;0;0;-3,734003300000000;-38,526270000000000
309952;10;7;2017;11:24;1557;RUA CAROLINA SUCUPIRA;RUA BARBOSA DE FREITAS;;0;;Colis?úo Transversal;Luz do Dia;Bom;Seca;Cruz;Pare;Residencial;0;0;3;1;0;0;0;0;0;0;0;0;-3,741615500000000;-38,498955000000000
309953;10;7;2017;11:39;0;AV DOMINGOS OLIMPIO;;;1112;;Atropelamento;Luz do Dia;Bom;Seca;Meio de Quadra;N?úo H?í Controle;Comercial;0;1;0;0;1;0;0;0;0;0;0;0;-3,735935200000000;-38,533337000000000
309954;10;7;2017;13:00;0;RUA TIBURCIO CAVALCANTE;RUA CAP TIBURCIO DA FROTA;;0;;Colis?úo Transversal;Luz do Dia;Bom;Seca;;;;0;1;1;1;0;0;0;0;0;1;0;0;-3,754460800000000;-38,508510000000000
309955;10;7;2017;13:53;12818;RUA ALBERTO MAGNO;RUA ANDRE CHAVES;;0;;Colis?úo Lateral;Luz do Dia;Bom;Seca;Cruz;Pare;Comercial;0;0;2;1;0;0;0;0;0;0;0;0;-3,756112000000000;-38,542370000000000
309956;10;7;2017;15:10;0;RUA PDE PEDRO DE ALENCAR;RUA AVELEDO;;0;;Colis?úo Transversal;Luz do Dia;Bom;Seca;Duplo T;Sem?íforo;Comercial;0;0;2;1;0;0;0;0;0;0;0;0;-3,753229100000000;-38,546085000000000
309957;10;7;2017;16:20;0;AV DR SILAS MUNGUBA;;;2555;;Colis?úo Traseira;Luz do Dia;Bom;Seca;Meio de Quadra;Sem?íforo;Residencial;0;0;2;1;0;0;0;0;0;0;0;0;-3,786002900000000;-38,550663000000000
309958;10;7;2017;16:33;0;RUA TOMAS POMPEU;;;325;;Colis?úo Lateral;Luz do Dia;Bom;Seca;Meio de Quadra;N?úo H?í Controle;Residencial;0;0;1;1;0;0;0;0;0;0;0;0;-3,726044200000000;-38,505646000000000
309959;10;7;2017;21:01;25311;RUA JOAO REGINO;RUA ANTENOR ROCHA ALEXANDRE;;0;;Colis?úo Transversal;Via Iluminada;Bom;Seca;Cruz;Pare;Residencial;0;0;2;1;0;0;0;0;0;0;0;0;-3,792266600000000;-38,482773000000000
309960;10;7;2017;20:24;0;RUA VERBENA;;;1009;;Colis?úo Traseira;Via Iluminada;Bom;Seca;Meio de Quadra;N?úo H?í Controle;Residencial;0;1;1;1;0;0;0;0;0;1;0;0;-3,785174100000000;-38,589947000000000
309961;10;7;2017;20:30;0;AV JOAO PESSOA;;;4782;;Atropelamento;Via Iluminada;Bom;Seca;Meio de Quadra;Pare;Comercial;0;1;1;1;0;0;0;0;0;0;0;0;-3,754233100000000;-38,551020000000000
306425;10;7;2017;19:00;17362;AV JOSE DO PATROCINIO;RUA VENEZUELA;;0;;Colis?úo Lateral;;;;Cruz;Pare;Residencial;0;1;1;0;0;0;0;0;0;1;0;0;-3,766178000000000;-38,546932000000000
306426;10;7;2017;13:30;17951;RUA JOAQUIM ALBANO;RUA DRACON BARRETO;;0;;Colis?úo Transversal;Luz do Dia;;;Cruz;Pare;Residencial;0;0;2;1;0;0;0;0;0;0;0;0;-3,735122000000000;-38,578990000000000
306427;10;7;2017;16:00;0;RUA ANDRADE FURTADO;;;601;;Colis?úo Traseira;Luz do Dia;;;Meio de Quadra;;;0;0;2;1;0;0;0;0;0;0;0;0;-3,744365000000000;-38,484026000000000
306420;10;7;2017;06:25;12666;AV CEL CARVALHO;RUA ROSINHA SAMPAIO;;0;;Colis?úo Traseira;Luz do Dia;;;Cruz;N?úo H?í Controle;Comercial;0;0;3;1;1;0;0;0;0;0;0;0;-3,726938000000000;-38,585413000000000
306418;10;7;2017;11:30;0;AV SEN CARLOS JEREISSATI (AEROPORTO);;;3000;AEROPORTO;Colis?úo Lateral;Luz do Dia;;;Meio de Quadra;;;0;0;2;1;0;0;0;0;0;0;0;0;-3,780382000000000;-38,541414000000000
306422;10;7;2017;15:30;5406;RUA PRC ISABEL;RUA ANTONIO POMPEU;;0;;Colis?úo Transversal;Luz do Dia;;;Cruz;Pare;Comercial;0;0;2;1;0;0;0;0;0;1;0;0;-3,732693000000000;-38,537283000000000
324918;10;7;2017;17:30;0;RD CE-040;;;0;KM-05;Colis?úo;Anoitecer;;Seca;Meio de Quadra;;;0;0;2;1;0;0;0;0;0;0;0;0;-3,800595823000000;-38,479534630000000
325721;10;7;2017;01:07;0;AV DR SILAS MUNGUBA;;;0;;Colis?úo;;;;Meio de Quadra;;;0;1;0;1;0;0;0;0;0;1;0;0;;
325724;10;7;2017;01:24;0;RUA BOM JESUS (BARRA DO CEARA);;;1326;;Colis?úo;;;;Meio de Quadra;;;0;2;0;1;0;0;0;0;0;1;0;0;;
325726;10;7;2017;08:07;0;AV CEL CARVALHO;;;2650;;Colis?úo;Luz do Dia;;;Meio de Quadra;;;0;1;0;1;0;0;0;0;0;1;0;0;-3,725790000000000;-38,585708000000000
325730;10;7;2017;10:36;0;RUA CEL FRANCISCO PEREIRA (MESSEJANA);;;144;;Atropelamento;Luz do Dia;;;Meio de Quadra;;;0;1;0;0;0;0;0;0;0;1;0;0;-3,830424319000000;-38,492722648000000
325794;10;7;2017;12:41;0;AV GODOFREDO MACIEL;;;233;;Colis?úo;Luz do Dia;;;Meio de Quadra;;;0;1;0;0;0;0;0;0;0;0;0;0;-3,778815000000000;-38,564502000000000
325908;10;7;2017;21:22;0;AV DA INDEPENDENCIA;;;1544;;Colis?úo;;;;Meio de Quadra;;;0;1;0;1;0;0;0;0;0;1;0;0;-3,725872000000000;-38,594559000000000
325893;10;7;2017;16:13;0;RUA BOM JESUS (BARRA DO CEARA);;;981;;Colis?úo;Luz do Dia;;;Meio de Quadra;;;0;1;0;1;0;0;0;0;0;1;0;0;;
325903;10;7;2017;18:55;17362;AV JOSE DO PATROCINIO;RUA VENEZUELA;;0;;Colis?úo;;;;Cruz;Pare;Comercial;0;1;0;0;0;0;0;0;0;0;0;0;-3,766178000000000;-38,546932000000000
325904;10;7;2017;20:49;0;AV JOAO PESSOA;;;0;;Atropelamento;;;;Meio de Quadra;;;0;1;0;0;0;0;0;0;0;0;0;0;;
325889;10;7;2017;14:17;9410;RUA CARNAUBAL;RUA RIO TOCANTINS;;0;;Colis?úo;Luz do Dia;;;Cruz;Pare;Residencial;0;2;0;1;0;0;0;0;0;1;0;0;-3,722720000000000;-38,581132000000000
325890;10;7;2017;15:28;0;AV DUQ CAXIAS;;;1584;;Colis?úo;Luz do Dia;;;Meio de Quadra;;;0;1;0;1;0;0;0;0;0;1;0;0;-3,729008000000000;-38,538474000000000
325891;10;7;2017;15:31;0;AV SEN FERNANDES TAVORA;;;1241;;Colis?úo;Luz do Dia;;;Meio de Quadra;;;0;1;0;0;0;0;0;0;0;0;0;0;-3,761389000000000;-38,583662000000000
325895;10;7;2017;18:44;0;RUA XXIX CIDADE OESTE;;;17;;Queda;Anoitecer;;;Meio de Quadra;;;0;1;0;0;0;1;0;0;0;0;0;0;-3,729609000000000;-38,596019000000000
325887;10;7;2017;13:26;0;AV 13 DE MAIO;;;0;;Colis?úo;Luz do Dia;;;Meio de Quadra;;;0;1;0;1;0;0;0;0;0;1;0;0;;
325944;11;7;2017;09:16;0;AV JOR THOMAZ COELHO;;;0;;Colis?úo;Luz do Dia;;;Meio de Quadra;;;0;1;0;1;0;0;0;0;0;1;0;0;;
325945;11;7;2017;14:00;0;RD BR 222;;;600;KM-03;Engavetamento;Luz do Dia;;Seca;Meio de Quadra;;;0;1;5;1;0;0;0;0;0;1;0;0;;
325942;11;7;2017;09:04;0;AV PRS COSTA E SILVA;;;1878;;Queda;Luz do Dia;;;Meio de Quadra;;;0;1;0;0;0;0;0;0;0;1;0;0;;
325940;11;7;2017;07:16;0;AV RUI BARBOSA;;;0;;Queda;Luz do Dia;;;Meio de Quadra;;;0;1;0;0;0;0;0;0;0;1;0;0;;
325938;11;7;2017;07:14;0;AV ENG HUMBERTO MONTE;;;0;;Queda;Luz do Dia;;;Meio de Quadra;;;0;1;0;0;0;0;0;0;0;1;0;0;;
325966;11;7;2017;17:26;0;RUA EDUARDO ARAUJO;;;2146;;Colis?úo;Anoitecer;;;Meio de Quadra;;;0;1;0;1;0;0;0;0;0;1;0;0;;
325983;11;7;2017;18:16;12665;RUA CARNAUBAL;RUA RIO ARAGUAIA;;0;;Colis?úo;Anoitecer;;;Cruz;Pare;Residencial;0;1;0;0;0;0;0;0;0;0;0;0;-3,722657000000000;-38,581848000000000
325984;11;7;2017;18:16;0;RUA ESPIRITO SANTO;;;535;;Colis?úo;Anoitecer;;;Meio de Quadra;;;0;1;0;0;0;0;0;0;0;0;0;0;-3,753021000000000;-38,568224000000000
325960;11;7;2017;16:08;12665;RUA CARNAUBAL;RUA RIO ARAGUAIA;;0;;Colis?úo;Luz do Dia;;;Cruz;Pare;Residencial;0;1;0;0;0;0;0;0;0;0;0;0;-3,722657000000000;-38,581848000000000
325963;11;7;2017;16:22;23246;RUA URUCUTUBA;ET DO JATOBA;;0;;Colis?úo;Luz do Dia;;;Cruz;N?úo H?í Controle;Rural;0;1;0;0;0;0;0;0;0;0;0;0;-3,798271000000000;-38,626914000000000
325951;11;7;2017;14:16;0;AV AUGUSTO DOS ANJOS;;;1170;;Colis?úo;Luz do Dia;;;Meio de Quadra;;;0;1;0;1;0;0;0;0;0;1;0;0;-3,777359000000000;-38,576697000000000
325952;11;7;2017;15:01;0;TR SAO PAULO;;;701;;Colis?úo;Luz do Dia;;;Meio de Quadra;;;0;1;0;0;0;0;0;0;0;0;0;0;-3,724605102000000;-38,531964041000000
325947;11;7;2017;12:14;0;RUA COM GARCIA;;;879;;Colis?úo;Luz do Dia;;;Meio de Quadra;;;0;1;0;0;0;0;0;0;0;1;0;0;-3,791961000000000;-38,582128000000000
325948;11;7;2017;12:15;10863;RUA PRO HERIBALDO COSTA;RUA PORTO VELHO;;0;;Colis?úo;Luz do Dia;;;Cruz;Sem?íforo;Residencial;0;1;0;0;0;0;0;0;0;0;0;0;-3,765974000000000;-38,587014000000000
325997;11;7;2017;18:31;17357;RUA ALAN KARDEC;RUA QUEIROZ RIBEIRO;;0;;Colis?úo;;;;Cruz;Pare;Residencial;0;1;0;0;0;0;0;0;0;1;0;0;-3,765962000000000;-38,548436000000000
325994;11;7;2017;18:30;0;AV CEL CARVALHO;;;605;;Colis?úo;Anoitecer;;;Meio de Quadra;;;0;1;0;1;0;0;0;0;0;1;0;0;-3,708342000000000;-38,590264000000000
326017;11;7;2017;18:35;0;RUA ESPIRITO SANTO;;;530;;Colis?úo;;;;Meio de Quadra;;;0;1;0;0;0;0;0;0;0;0;0;0;-3,752766000000000;-38,568060000000000
326020;11;7;2017;20:14;0;AV WASHINGTON SOARES;;;0;;Colis?úo;;;;Meio de Quadra;;;0;1;0;0;0;0;0;0;0;0;0;0;;
326022;11;7;2017;20:26;0;RUA JOSE ABILIO;;;0;;Colis?úo;;;;Meio de Quadra;;;0;1;0;1;0;0;0;0;0;1;0;0;;
326029;11;7;2017;22:10;1450;RUA JOAO CARVALHO;RUA JOSE VILAR;;0;;Colis?úo;;;;Meio de Quadra;Sem?íforo;Residencial;0;1;0;0;0;0;0;0;0;0;0;0;-3,738318000000000;-38,505477000000000
326026;11;7;2017;21:36;0;RUA PDE RODOLFO;;;751;;Atropelamento;;;;Meio de Quadra;;;0;1;0;0;0;0;0;0;0;1;0;0;-3,804690000000000;-38,586231000000000
326032;11;7;2017;22:13;0;AV WASHINGTON SOARES;;;8752;;Colis?úo;;;;Meio de Quadra;;;0;1;0;0;0;0;0;0;0;0;0;0;;
326132;11;7;2017;22:17;0;RUA C (LOT PRQ ARACAPE);;;6220;;Colis?úo;;;;Meio de Quadra;;;0;1;0;0;0;0;0;0;0;0;0;0;;
324927;11;7;2017;16:50;0;AV SEN CARLOS JEREISSATI (AEROPORTO);;;0;KM 03;Colis?úo;Luz do Dia;;Seca;Meio de Quadra;;;0;0;2;1;0;0;0;0;0;0;0;0;-3,779641000000000;-38,544038000000000
324922;11;7;2017;08:00;0;AV SEN CARLOS JEREISSATI (AEROPORTO);;;0;KM 04;Colis?úo;Luz do Dia;;Seca;Meio de Quadra;;;0;0;2;0;0;0;0;0;0;1;0;0;-3,774020000000000;-38,550907000000000
306435;11;7;2017;12:58;5146;RUA GUILHERME ROCHA;RUA PRC ISABEL;;0;;Colis?úo Lateral;Luz do Dia;;;Cruz;Pare;Comercial;0;1;1;1;0;0;0;0;1;0;0;0;-3,724720000000000;-38,534931000000000
306430;11;7;2017;09:57;12814;RUA DELMIRO FARIAS;RUA ALBERTO MAGNO;;0;;Colis?úo Lateral;Luz do Dia;;;Cruz;Pare;Comercial;0;1;1;1;0;0;0;0;0;1;0;0;-3,755375000000000;-38,541633000000000
306431;11;7;2017;08:59;0;AV BEIRA MAR;;;4753;;Colis?úo Lateral;Luz do Dia;;;Meio de Quadra;;;0;0;2;1;0;0;0;0;0;0;0;0;-3,721616000000000;-38,478830000000000
306432;11;7;2017;14:00;1494;RUA DR JOSE LOURENCO;RUA BARBARA DE ALENCAR;;0;;Colis?úo Lateral;Luz do Dia;;;Cruz;Pare;Misto;0;1;1;1;0;0;0;0;0;1;0;0;-3,739552000000000;-38,509356000000000
306444;11;7;2017;16:05;12665;RUA RIO ARAGUAIA;RUA CARNAUBAL;;0;;Colis?úo Lateral;Luz do Dia;;;Cruz;Pare;Residencial;0;1;1;0;1;0;0;0;0;1;0;0;-3,722657000000000;-38,581848000000000
306437;11;7;2017;11:12;0;RUA DAMASCENO GIRAO;;;1586;;Choque c/ Obst?ículo Fixo;Luz do Dia;;;Meio de Quadra;;;0;0;1;1;0;0;0;0;0;0;0;0;-3,749861000000000;-38,539431000000000
306438;11;7;2017;16:40;15226;AV ABOLICAO;AV ANTONIO JUSTA;;0;;Colis?úo Lateral;Luz do Dia;;;Y;Sem?íforo;Comercial;0;0;2;1;0;0;0;0;0;0;0;0;-3,727331000000000;-38,495474000000000
306441;11;7;2017;12:10;22297;RUA PDE ANCHIETA;AV BEZERRA DE MENEZES;;0;;Colis?úo Traseira;Luz do Dia;;;Cruz;Sem?íforo;Comercial;0;0;2;1;0;0;0;0;0;1;0;0;-3,733155000000000;-38,552298000000000
309962;11;7;2017;08:56;19829;AV ENG HUMBERTO MONTE;RUA PDE GUERRA;;0;;Engavetamento;Luz do Dia;Bom;Seca;T;Pare;Comercial;0;0;3;1;0;0;0;0;0;0;0;0;-3,740886400000000;-38,567660000000000