COD_ACIDENTE;DIA;MES;ANO;HORA;INTERSECAO;LOG1;LOG2;LOG3;NUMERO;REFERENCIA;NATUREZA;ILUMINACAO;TEMPO;SUPERFICIEPISTA;TIPOCRUZAMENTO;CONTROLETRAFEGO;USOSOLO;MORTOS;FERIDOS;ILESOS;AUTOMOVEL;ONIBUS;BICICLETA;CAMINHAO;MICROONIBUS;CICLOMOTOR;MOTOCICLETA;TRACAOANIMAL;TREM;LATITUDE;LONGITUDE
309963;11;7;2017;09:17;0;AV ABOLICAO;;;2377;;Colis?úo Traseira;Luz do Dia;Bom;Seca;Meio de Quadra;N?úo H?í Controle;Comercial;0;0;2;1;0;0;0;0;0;0;0;0;-3,726534000000000;-38,497710000000000
309971;11;7;2017;15:30;577;AV FRANCISCO SA;AV DR THEBERGE;;0;;Colis?úo Transversal;Luz do Dia;Bom;Seca;Cruz;Sem?íforo;Comercial;0;0;2;1;0;0;0;0;0;0;0;0;-3,714833000000000;-38,564790000000000
309972;11;7;2017;16:33;1394;RUA TORRES CAMARA;RUA TIBURCIO CAVALCANTE;;0;;Colis?úo Transversal;Luz do Dia;Bom;Seca;Cruz;Sem?íforo;Residencial;0;0;2;1;0;0;0;0;0;1;0;0;-3,736656200000000;-38,503850000000000
309973;11;7;2017;17:06;0;AV SANTOS DUMONT;;;5425;;Colis?úo Lateral;Luz do Dia;Bom;Seca;Meio de Quadra;N?úo H?í Controle;Comercial;0;0;2;1;1;0;0;0;0;1;0;0;-3,741176000000000;-38,482930000000000
309974;11;7;2017;15:50;1716;AV GOV RAUL BARBOSA;RUA CAP ARAGAO;;0;;Colis?úo Lateral;Luz do Dia;Bom;Seca;Rotat??ria;D?¬ Prefer?¬ncia;Residencial;0;0;1;0;0;0;0;0;0;1;0;0;-3,763877600000000;-38,509018000000000
309975;11;7;2017;12:08;0;AV DEP PAULINO ROCHA;;;0;;Colis?úo Lateral;Luz do Dia;Bom;Seca;Outros;D?¬ Prefer?¬ncia;Comercial;0;0;2;1;0;0;0;0;0;0;0;0;-3,809404000000000;-38,522865000000000
309976;11;7;2017;17:30;10807;RUA PORTO VELHO;RUA AUDISIO PINHEIRO;;0;;Colis?úo Lateral;Luz do Dia;Bom;Seca;Cruz;Pare;Residencial;0;1;1;1;0;0;0;0;0;1;0;0;-3,763557400000000;-38,591557000000000
309965;11;7;2017;13:56;25242;RUA FAUSTO CABRAL;RUA PRISCO BEZERRA;;0;;Colis?úo Transversal;Luz do Dia;Bom;Seca;Cruz;Pare;Residencial;0;0;2;1;1;0;0;0;0;0;0;0;-3,735071700000000;-38,471460000000000
309966;11;7;2017;12:30;9897;RUA SGT JOAO PINHEIRO;RUA CEL JOAO CORREIA;;0;;Colis?úo Lateral;Luz do Dia;Bom;Seca;Cruz;Pare;Residencial;0;1;1;0;0;0;0;0;0;1;0;0;-3,785923000000000;-38,623658000000000
309967;11;7;2017;15:00;0;AV GODOFREDO MACIEL;;;3033;;Colis?úo Lateral;Luz do Dia;Bom;Seca;Meio de Quadra;D?¬ Prefer?¬ncia;Comercial;0;0;2;1;0;0;0;0;0;1;0;0;-3,802128000000000;-38,571587000000000
309968;11;7;2017;15:07;15366;RUA PEREIRA VALENTE;RUA PRO DIAS DA ROCHA;;0;;Colis?úo Transversal;Luz do Dia;Bom;Seca;Cruz;Pare;Comercial;0;0;2;1;0;0;0;0;0;0;0;0;-3,734252200000000;-38,491352000000000
309969;11;7;2017;14:53;614;AV DR THEBERGE;RUA ANA FACO;;0;;Colis?úo Traseira;Luz do Dia;Bom;Seca;Cruz;Pare;Comercial;0;0;2;1;0;0;0;0;0;0;0;0;-3,712566100000000;-38,564020000000000
309978;11;7;2017;14:49;15290;RUA CANUTO DE AGUIAR;RUA JOAQUIM NABUCO;;0;;Colis?úo Traseira;Luz do Dia;Bom;Seca;Cruz;Pare;Residencial;0;0;2;1;0;0;0;0;0;0;0;0;-3,729442100000000;-38,499508000000000
303808;11;7;2017;16:30;0;AV JOSE BASTOS;;;5290;;Atropelamento;Luz do Dia;;;Meio de Quadra;;;1;0;1;0;0;0;0;0;0;1;0;0;-3,758727000000000;-38,563306000000000
309979;12;7;2017;09:10;0;AV PRS CASTELO BRANCO;;;1215;MARINA PARK;Colis?úo Lateral;Luz do Dia;Bom;Seca;Meio de Quadra;N?úo H?í Controle;Comercial;0;0;3;1;0;0;0;0;0;1;0;0;-3,718112200000000;-38,538260000000000
309980;12;7;2017;08:40;0;RUA BENI DE CARVALHO;;;455;;Colis?úo Traseira;Luz do Dia;Bom;Seca;Meio de Quadra;N?úo H?í Controle;Residencial;0;0;2;1;0;0;0;0;0;0;0;0;-3,745539000000000;-38,496600000000000
309981;12;7;2017;08:30;1605;RUA BENI DE CARVALHO;AV DES MOREIRA;;0;;Colis?úo Lateral;Luz do Dia;Bom;Seca;Cruz;Sem?íforo;Residencial;0;1;1;1;0;0;0;0;0;0;0;0;-3,744034800000000;-38,500790000000000
309982;12;7;2017;10:48;0;AV PRS CASTELO BRANCO;;;400;;Colis?úo Lateral;Luz do Dia;Bom;Seca;Meio de Quadra;N?úo H?í Controle;Comercial;0;1;1;1;0;0;0;0;0;1;0;0;-3,720923700000000;-38,528440000000000
309983;12;7;2017;10:50;0;AV PRS CASTELO BRANCO;;;134;;Colis?úo Traseira;Luz do Dia;Bom;Seca;Meio de Quadra;N?úo H?í Controle;Comercial;0;0;2;1;0;0;0;0;0;0;0;0;-3,723159300000000;-38,521835000000000
309984;12;7;2017;13:09;19753;RUA AZEVEDO BOLAO;RUA ERICO MOTA;;0;;Colis?úo Transversal;Luz do Dia;Bom;Seca;Cruz;Pare;Residencial;0;0;1;0;0;0;0;0;0;1;0;0;-3,737517800000000;-38,562603000000000
309985;12;7;2017;14:48;13277;RUA 62 CJ JOSE WALTER;AV J CJ JOSE WALTER;;0;;Colis?úo Transversal;Luz do Dia;Bom;Seca;Cruz;Pare;Residencial;0;0;2;1;0;0;0;0;0;0;0;0;-3,837670000000000;-38,557922000000000
309986;12;7;2017;13:56;5258;RUA PDE MORORO;RUA PEDRO I;;0;;Colis?úo Transversal;Luz do Dia;Bom;Seca;Cruz;Pare;Comercial;0;0;2;1;0;0;0;0;0;0;0;0;-3,728058800000000;-38,538292000000000
309988;12;7;2017;16:45;1601;RUA PDE VALDEVINO;RUA VIS MAUA;;0;;Colis?úo Transversal;Luz do Dia;Bom;Seca;Cruz;Pare;Residencial;0;0;2;1;0;0;0;0;0;0;0;0;-3,743729800000000;-38,501920000000000
309989;12;7;2017;18:29;0;AV DES GONZAGA;;;532;;Colis?úo Lateral;Via Iluminada;Bom;Seca;Meio de Quadra;N?úo H?í Controle;Comercial;0;1;1;1;0;0;0;0;0;1;0;0;-3,791415000000000;-38,502560000000000
309990;12;7;2017;19:14;0;AV PRS COSTA E SILVA;AV UM (ARVOREDO);;0;;Colis?úo Traseira;Via Iluminada;Bom;Seca;T;Sem?íforo;Residencial;0;0;2;1;1;0;0;0;0;0;0;0;-3,817880400000000;-38,564990000000000
309991;12;7;2017;20:20;15203;RUA DEP MOREIRA DA ROCHA;RUA MON BRUNO;;0;;Colis?úo Transversal;Via Iluminada;Bom;Seca;Cruz;Pare;Residencial;0;2;0;0;0;0;0;0;0;1;0;0;-3,726721500000000;-38,507553000000000
310194;12;7;2017;09:24;0;RUA BOA VISTA;;;769;;Colis?úo Lateral;Luz do Dia;Bom;Seca;Meio de Quadra;N?úo H?í Controle;Residencial;0;0;1;1;0;0;0;0;0;1;0;0;-3,758494900000000;-38,563280000000000
306545;12;7;2017;12:50;19155;RUA PEREIRA DE MIRANDA;RUA JULIO AZEVEDO;;0;;Colis?úo Traseira;Luz do Dia;Bom;Seca;Cruz;Pare;Residencial;0;0;2;1;0;0;0;0;0;0;0;0;-3,740205000000000;-38,480558000000000
306547;12;7;2017;09:30;0;RUA RIO TAPAJOS;;;107;;Colis?úo Transversal;Luz do Dia;Bom;Seca;Meio de Quadra;N?úo H?í Controle;Residencial;0;0;2;1;0;0;0;0;0;1;0;0;-3,707675462000000;-38,591992341000000
306552;12;7;2017;16:36;15214;RUA LEONARDO MOTA;AV ABOLICAO;;0;;Colis?úo Lateral;Luz do Dia;Bom;Seca;Outros;Pare;Comercial;0;0;2;1;0;0;0;0;0;0;0;0;-3,726977000000000;-38,493236000000000
306553;12;7;2017;19:00;6722;AV ENG SANTANA JUNIOR;RUA DR GILBERTO STUDART;;0;;Colis?úo Lateral;Via Iluminada;Bom;Seca;Cruz;Gesto;Residencial;0;0;2;1;0;0;0;0;0;0;0;0;-3,741972000000000;-38,486048000000000
306554;12;7;2017;22:40;15189;AV ABOLICAO;RUA FRE MANSUETO;;0;;Colis?úo Lateral;Via Iluminada;Bom;Seca;Cruz;N?úo H?í Controle;Residencial;0;1;1;1;0;0;0;0;0;0;0;0;-3,726368000000000;-38,489324000000000
306549;12;7;2017;10:55;12819;RUA ANDRE CHAVES;AV PRO GOMES DE MATOS;;0;;Colis?úo Lateral;Luz do Dia;Bom;Seca;Cruz;Sem?íforo Intermitente;Comercial;0;0;2;1;0;0;0;0;0;0;0;0;-3,756396000000000;-38,541533000000000
324930;12;7;2017;13:30;0;RD CE-040;;;0;KM-03;Colis?úo;Luz do Dia;;Seca;Meio de Quadra;;;0;0;2;1;0;0;1;0;0;0;0;0;-3,782614325000000;-38,481083900000000
324931;12;7;2017;16:20;0;RD CE-060;;;0;KM-01;Atropelamento;Luz do Dia;;Seca;Meio de Quadra;;;0;2;0;0;0;0;0;0;0;1;0;0;-3,826136000000000;-38,579500000000000
324932;12;7;2017;22:20;0;AV MIN JOSE AMERICO;;;1000;;Queda;Via Iluminada;;Seca;Meio de Quadra;;;0;1;0;0;0;0;0;0;0;1;0;0;-3,809107800000000;-38,490601700000000
324928;12;7;2017;08:00;0;AV SEN CARLOS JEREISSATI (AEROPORTO);;;0;KM 03;Colis?úo;Luz do Dia;;Seca;Meio de Quadra;;;0;0;3;1;0;0;0;0;0;0;0;0;-3,779641000000000;-38,544038000000000
326135;12;7;2017;06:20;0;RUA JARDIM PARUARA;;;2472;;Queda;Luz do Dia;;;Meio de Quadra;;;0;1;0;0;0;0;0;0;0;1;0;0;-3,800323000000000;-38,608806500000000
326136;12;7;2017;07:02;0;AV AUGUSTO DOS ANJOS;;;1477;;Colis?úo;Luz do Dia;;;Meio de Quadra;;;0;1;0;1;0;1;0;0;0;0;0;0;-3,779473000000000;-38,578550000000000
326137;12;7;2017;07:22;0;AV CENTRAL;;;1111;;Colis?úo;Luz do Dia;;;Meio de Quadra;;;0;1;0;0;0;0;0;0;0;0;0;0;-3,815320200000000;-38,538056900000000
326138;12;7;2017;07:47;0;AV PRS CASTELO BRANCO;;;1025;;Colis?úo;Luz do Dia;;;Meio de Quadra;;;0;1;0;1;0;0;0;0;0;1;0;0;-3,719021000000000;-38,532818000000000
326141;12;7;2017;09:10;0;RUA BOA VISTA;;;773;;Queda;Luz do Dia;;;Meio de Quadra;;;0;1;0;0;0;0;0;0;0;1;0;0;-3,768504000000000;-38,587043000000000
326142;12;7;2017;09:15;0;RUA IRM BAZET;;;153;;Atropelamento;Luz do Dia;;;Meio de Quadra;;;0;1;0;0;1;0;0;0;0;0;0;0;-3,761390000000000;-38,555623000000000
326254;12;7;2017;23:04;1332;AV DOM LUIS;RUA CEL LINHARES;;0;;Colis?úo;;;;Cruz;Pare;Comercial;0;1;0;1;0;0;0;0;0;1;0;0;-3,734513000000000;-38,493503000000000
326249;12;7;2017;20:50;0;AV BORGES DE MELO;;;1295;;Colis?úo;;;;Meio de Quadra;;;0;1;0;0;0;0;0;0;0;0;0;0;-3,759485000000000;-38,530578000000000
326247;12;7;2017;19:02;0;RUA CON DE CASTRO;;;1034;;Atropelamento;;;;Meio de Quadra;;;0;1;0;0;0;0;0;0;0;1;0;0;-3,781036256000000;-38,569799066000000
326243;12;7;2017;17:25;0;AV ALBERTO CRAVEIRO;;;0;;Colis?úo;Anoitecer;;;Meio de Quadra;;;0;1;0;1;0;0;0;0;0;1;0;0;;
326239;12;7;2017;17:18;10300;RUA JOSE MENDONCA;AV SEN FERNANDES TAVORA;;0;;Colis?úo;Anoitecer;;;Cruz;Outros;Residencial;0;1;0;0;0;0;0;0;0;0;0;0;-3,754492000000000;-38,601696000000000
326233;12;7;2017;16:50;0;AV WASHINGTON SOARES;;;0;;Colis?úo;Luz do Dia;;;Meio de Quadra;;;0;1;0;0;0;0;0;0;0;0;0;0;;
326235;12;7;2017;17:02;0;AV COS GOMES DE FREITAS (SAPIRANGA/COITE);;;3568;;Colis?úo;Anoitecer;;;Meio de Quadra;;;0;1;0;1;0;0;0;0;0;1;0;0;-3,795265000000000;-38,474942000000000
326224;12;7;2017;12:17;0;RUA PAULA FRANCINETE;;;489;;Queda;Luz do Dia;;;Meio de Quadra;;;0;1;0;0;0;1;0;0;0;0;0;0;-3,795156000000000;-38,518113000000000
326229;12;7;2017;15:32;0;RUA BELO HORIZONTE;;;2942;;Colis?úo;Luz do Dia;;;Meio de Quadra;;;0;1;0;0;0;0;0;0;0;0;0;0;-3,765905200000000;-38,569657000000000
326222;12;7;2017;10:40;0;AV PRS CASTELO BRANCO;;;0;;Colis?úo;Luz do Dia;;;Meio de Quadra;;;0;1;0;1;0;0;0;0;0;1;0;0;;
326219;12;7;2017;10:25;0;AV PONTES VIEIRA;;;430;;Atropelamento;Luz do Dia;;;Meio de Quadra;;;0;1;0;0;0;0;0;0;0;1;0;0;-3,753106000000000;-38,516749000000000
326144;12;7;2017;09:32;0;AV ALBERTO CRAVEIRO;;;0;;Colis?úo;Luz do Dia;;;Meio de Quadra;;;0;1;0;1;0;0;0;0;0;1;0;0;;
326145;12;7;2017;10:00;0;AV SEN VIRGILIO TAVORA;;;200;;Queda;Luz do Dia;;;Meio de Quadra;;;0;1;0;0;0;0;0;0;0;1;0;0;-3,730790000000000;-38,491229000000000
326260;13;7;2017;04:16;25328;RUA PORTO VELHO;RUA TUPI D35;;0;;Colis?úo;;;;Cruz;Pare;Residencial;0;1;0;0;0;0;0;0;0;0;0;0;-3,768111000000000;-38,583018000000000
326262;13;7;2017;06:08;26251;RUA CEARA;AV AMERICO BARREIRA;;0;;Colis?úo;Luz do Dia;;;Cruz;Sem?íforo;Comercial;0;1;0;0;0;0;0;0;0;0;0;0;;
326263;13;7;2017;07:08;0;RUA MARIA JULIA;;;340;;Colis?úo;Luz do Dia;;;Meio de Quadra;;;0;1;0;0;0;0;0;0;0;0;0;0;-3,788771000000000;-38,598764000000000
326265;13;7;2017;07:10;0;RUA GAL RABELO;;;312;;Colis?úo;Luz do Dia;;;Meio de Quadra;;;0;2;0;1;0;0;0;0;0;1;0;0;-3,805988000000000;-38,605802000000000
326291;13;7;2017;11:56;0;RUA PERNAMBUCO;;;0;;Colis?úo;Luz do Dia;;;Meio de Quadra;;;0;1;0;1;0;0;0;0;0;1;0;0;;
326292;13;7;2017;12:04;11069;RUA EQUADOR;RUA SUECIA;;0;;Colis?úo;Luz do Dia;;;Cruz;Pare;Residencial;0;2;0;1;0;0;0;0;0;1;0;0;-3,784449000000000;-38,557111000000000
326293;13;7;2017;12:39;0;AV SEN FERNANDES TAVORA;;;1987;;Colis?úo;Luz do Dia;;;Meio de Quadra;;;0;1;0;1;0;0;0;0;0;1;0;0;-3,758006000000000;-38,589998000000000
326286;13;7;2017;09:11;0;AV ALBERTO CRAVEIRO;;;0;;Queda;Luz do Dia;;;Meio de Quadra;;;0;1;0;0;0;0;0;0;0;1;0;0;;
326288;13;7;2017;10:44;0;AV FRANCISCO SA;;;5445;;Colis?úo;Luz do Dia;;;Meio de Quadra;;;0;1;0;1;0;0;0;0;0;1;0;0;-3,712093000000000;-38,572912000000000
326289;13;7;2017;11:41;17311;RUA ROMEU MARTINS;RUA JOAO FIRMINO;;0;;Colis?úo;Luz do Dia;;;Cruz;Pare;Residencial;0;1;0;1;0;0;0;0;0;1;0;0;-3,764274000000000;-38,555582000000000
326271;13;7;2017;07:52;0;AV MON TABOSA;;;368;;Colis?úo;Luz do Dia;;;Meio de Quadra;;;0;1;0;0;0;0;0;0;0;0;0;0;-3,723786000000000;-38,516076000000000
326272;13;7;2017;08:18;0;AV MR HULL;;;0;;Colis?úo;Luz do Dia;;;Meio de Quadra;;;0;1;0;0;0;0;1;0;0;1;0;0;;
326280;13;7;2017;08:44;0;AV JOAO PESSOA;;;4976;;Colis?úo;Luz do Dia;;;Meio de Quadra;;;0;1;0;0;0;0;0;0;0;0;0;0;-3,755504000000000;-38,552208000000000
326282;13;7;2017;08:55;0;AV JOSE LEON;AV DES FAUSTINO ALBUQUERQUE;;298;;Colis?úo;Luz do Dia;;;Meio de Quadra;;;0;2;0;1;0;0;0;0;0;1;0;0;;
326326;13;7;2017;13:27;0;AV JOSE LEON;;;2259;;Colis?úo;Luz do Dia;;;;;;0;1;0;1;0;0;0;0;0;1;0;0;-3,790254000000000;-38,491466000000000
326327;13;7;2017;13:43;0;AV LUCIANO CARNEIRO;;;635;;Colis?úo;Luz do Dia;;;Meio de Quadra;;;0;1;0;1;0;0;0;0;0;1;0;0;-3,754604000000000;-38,533531000000000
326328;13;7;2017;13:52;4119;RUA LUCAS PINTO;RUA CRUZEIRO DO SUL;;0;;Colis?úo;Luz do Dia;;;Cruz;Pare;Residencial;0;1;0;0;0;0;0;0;0;0;0;0;-3,714293000000000;-38,558600000000000
326331;13;7;2017;16:47;0;RUA CEL JOAO CORREIA;;;3582;;Colis?úo;Luz do Dia;;;Meio de Quadra;;;0;1;0;1;0;1;0;0;0;0;0;0;-3,785530000000000;-38,625039000000000
326332;13;7;2017;17:38;0;AV GAL OSORIO DE PAIVA;;;4666;;Atropelamento;Anoitecer;;;Meio de Quadra;;;0;1;0;1;0;0;0;0;0;0;0;0;-3,799744000000000;-38,597235000000000
326334;13;7;2017;18:05;0;RUA PAU BRASIL;;;0;;Colis?úo;Anoitecer;;;Meio de Quadra;;;0;1;0;0;0;0;0;0;0;0;0;0;;
326336;13;7;2017;21:12;0;AV BEZERRA DE MENEZES;;;0;;Colis?úo;;;;Meio de Quadra;;;0;1;0;1;0;0;0;0;0;1;0;0;;
326338;13;7;2017;22:38;0;AV LUCIANO CARNEIRO;;;1782;;Colis?úo;;;;Meio de Quadra;;;0;1;0;0;0;0;0;0;0;0;0;0;-3,763647000000000;-38,536278000000000
326339;13;7;2017;23:08;11761;AV PRS CASTELO BRANCO;RUA JACINTO MATOS;;0;;Colis?úo;;;;T;Sem?íforo;Comercial;0;1;0;1;0;0;0;0;0;1;0;0;-3,714630000000000;-38,546333000000000
325949;13;7;2017;08:15;0;RD BR 222;;;0;KM-02;Colis?úo Traseira;Luz do Dia;;Seca;Meio de Quadra;;;0;1;1;0;0;0;1;0;0;1;0;0;-3,739009045000000;-38,587039670000000
325950;13;7;2017;09:10;0;RD BR 116;;;3000;KM-03;Queda;Luz do Dia;;Seca;Meio de Quadra;;;0;2;0;0;0;0;0;0;0;1;0;0;-3,779838000000000;-38,514372000000000
325953;13;7;2017;23:25;0;RD BR 116;;;16000;KM-16;Colis?úo Traseira;N?úo Informado;;Seca;Meio de Quadra;;;0;1;1;1;0;0;0;0;0;1;0;0;-3,761165700000000;-38,519056700000000
324933;13;7;2017;10:00;0;AV SEN CARLOS JEREISSATI (AEROPORTO);;;0;KM 01;Colis?úo;Luz do Dia;;Seca;Meio de Quadra;;;0;0;2;1;0;0;0;0;0;0;0;0;-3,783753000000000;-38,526850000000000
324936;13;7;2017;10:00;0;AV SEN CARLOS JEREISSATI (AEROPORTO);;;0;KM 03;Colis?úo;Luz do Dia;;Seca;Meio de Quadra;;;0;0;2;1;0;0;0;0;0;0;0;0;-3,779641000000000;-38,544038000000000
306484;13;7;2017;20:00;25404;AV HEROIS DO ACRE;RUA A UI 309;;0;;Colis?úo Transversal;;;;;;;0;1;1;1;0;0;0;0;0;1;0;0;;
306494;13;7;2017;01:25;19328;RUA EDUARDO PERDIGAO;RUA CON DE CASTRO;;0;;Colis?úo Transversal;;;;Cruz;Pare;Residencial;0;1;1;1;1;0;0;0;0;0;0;0;-3,775579000000000;-38,564769000000000
306464;13;7;2017;17:25;22127;RUA MAJ PEDRO SAMPAIO;RUA GUSTAVO BRAGA;;0;;Colis?úo Lateral;Anoitecer;;;Cruz;Pare;Residencial;0;0;2;1;0;0;0;1;0;0;0;0;-3,748479000000000;-38,555389000000000
306459;13;7;2017;11:40;17311;RUA ROMEU MARTINS;RUA JOAO FIRMINO;;0;;Colis?úo Transversal;Luz do Dia;;;Cruz;Pare;Residencial;0;1;1;0;0;0;0;0;0;1;0;0;-3,764274000000000;-38,555582000000000
306460;13;7;2017;17:30;0;AV EDUARDO GIRAO;;;399;;Colis?úo Traseira;Anoitecer;;;Meio de Quadra;;;0;0;2;1;0;0;0;0;0;0;0;0;-3,748502000000000;-38,539950000000000
306476;13;7;2017;13:30;0;AV BEZERRA DE MENEZES;;;2375;;Colis?úo Traseira;Luz do Dia;;;Meio de Quadra;;;0;0;2;1;0;0;0;0;0;0;0;0;-3,735956000000000;-38,565816000000000
306478;13;7;2017;06:00;20135;RUA PRO JOSE SILVEIRA;RUA AMANCIO PEREIRA;;0;;Colis?úo Transversal;Luz do Dia;;;Cruz;Pare;Residencial;0;0;2;1;0;0;0;0;0;0;0;0;-3,810520000000000;-38,521662000000000
306470;13;7;2017;15:00;25455;RUA PEDRO LAZAR;AV ENG JOS?ë GUIMAR?âES;;0;;Colis?úo Lateral;Luz do Dia;;;Cruz;Pare;Residencial;0;3;1;1;0;0;0;0;0;0;0;0;;
306472;13;7;2017;12:13;19664;RUA GUSTAVO SAMPAIO;RUA PRO JOSE DE BARCELOS;;0;;Colis?úo Lateral;Luz do Dia;;;Cruz;Pare;Residencial;0;0;3;1;1;0;1;0;0;0;0;0;-3,734101000000000;-38,550829000000000
306473;13;7;2017;16:02;0;AV BEZERRA DE MENEZES;;;2231;;Colis?úo Lateral;Luz do Dia;;;Meio de Quadra;;;0;1;1;1;0;0;0;0;0;1;0;0;-3,735720000000000;-38,564685000000000
310115;13;7;2017;00:39;1332;AV DOM LUIS;RUA CEL LINHARES;;0;;Colis?úo Lateral;Via Iluminada;Bom;Seca;Cruz;Pare;Comercial;0;1;1;1;1;0;0;0;0;0;0;0;-3,734513000000000;-38,493503000000000
310015;13;7;2017;20:08;0;AV BEZERRA DE MENEZES;;;1820;;Colis?úo Traseira;Luz do Dia;Bom;Seca;Meio de Quadra;N?úo H?í Controle;Comercial;0;0;0;1;0;0;0;0;0;0;0;0;-3,734865400000000;-38,561394000000000
309992;13;7;2017;08:07;25186;RUA VER PEDRO PAULO MOREIRA;RUA REPUBLICA ARMENIA;;0;;Colis?úo Lateral;Luz do Dia;Bom;Seca;Cruz;Pare;Comercial;0;0;2;1;0;0;0;0;0;0;0;0;-3,786975400000000;-38,481422000000000
309993;13;7;2017;08:27;1557;RUA BARBOSA DE FREITAS;RUA CAROLINA SUCUPIRA;;0;;Colis?úo Transversal;Luz do Dia;Bom;Seca;Cruz;Pare;Comercial;0;1;1;1;0;0;0;0;0;1;0;0;-3,741509700000000;-38,499010000000000
309994;13;7;2017;08:15;0;AV DEP PAULINO ROCHA;;;1341;;Colis?úo Transversal;Luz do Dia;Bom;Seca;Meio de Quadra;N?úo H?í Controle;Comercial;0;1;1;0;0;0;0;0;0;1;0;0;-3,811030900000000;-38,509945000000000
309995;13;7;2017;11:15;25318;RUA PDE FRANCISCO PITA;RUA CARLOS JEREISSATI (JD DAS OLIVEIRAS);;0;;Colis?úo Transversal;Luz do Dia;Bom;Seca;Cruz;Pare;Residencial;0;0;2;1;0;0;0;0;0;0;0;0;-3,782555300000000;-38,496246000000000
309996;13;7;2017;12:00;5504;RUA PDE VALDEVINO;RUA JOAO CORDEIRO;;0;;Colis?úo Transversal;Luz do Dia;Bom;Seca;Cruz;Sem?íforo;Comercial;0;0;2;1;0;0;0;0;0;0;0;0;-3,738773800000000;-38,517520000000000
309997;13;7;2017;13:44;0;RUA PDE VALDEVINO;;;766;;Colis?úo Lateral;Luz do Dia;Bom;Seca;Meio de Quadra;Sem?íforo;Comercial;0;0;2;1;1;0;0;0;0;0;0;0;-3,738840800000000;-38,517563000000000
309998;13;7;2017;14:33;0;AV DR SILAS MUNGUBA;;;0;;Colis?úo Traseira;Luz do Dia;Bom;Seca;Meio de Quadra;Sem?íforo;Residencial;0;0;2;1;0;0;0;0;0;0;0;0;-3,786175500000000;-38,550430000000000
309999;13;7;2017;14:00;1479;RUA PRO DIAS DA ROCHA;RUA DES LEITE ALBUQUERQUE;;0;;Colis?úo Traseira;Luz do Dia;Bom;Seca;Cruz;Pare;Residencial;0;0;2;1;0;0;0;0;0;0;0;0;-3,739207300000000;-38,492920000000000
310000;13;7;2017;14:45;1437;RUA JOAO CARVALHO;RUA SILVA PAULET;;0;;Colis?úo Transversal;Luz do Dia;Bom;Seca;Cruz;Pare;Escola;0;0;2;1;0;0;0;0;0;0;0;0;-3,737979200000000;-38,506588000000000
310001;13;7;2017;18:00;0;AV PRS COSTA E SILVA;;;898;;Colis?úo Transversal;Via Iluminada;Bom;Seca;Meio de Quadra;D?¬ Prefer?¬ncia;Comercial;0;0;2;1;0;0;0;0;0;0;0;0;-3,813004300000000;-38,571438000000000
310002;13;7;2017;15:32;0;AV PONTES VIEIRA;;;80;;Colis?úo Traseira;Luz do Dia;Bom;Seca;Meio de Quadra;N?úo H?í Controle;Comercial;0;0;2;1;0;0;0;0;0;0;0;0;-3,753496000000000;-38,519688000000000
310003;13;7;2017;15:05;0;AV A CJ CEARA;;;678;;Colis?úo Traseira;Via Iluminada;Bom;Seca;Meio de Quadra;N?úo H?í Controle;Residencial;0;0;2;1;0;0;0;0;0;0;0;0;-3,767377400000000;-38,602430000000000
310005;13;7;2017;18:30;18027;AV DIOGUINHO;RUA COM FCO FRANCESCO ANGELO;;0;;Colis?úo Lateral;Via Iluminada;Bom;Seca;Cruz;Pare;Comercial;0;0;1;0;0;0;0;0;0;1;0;0;-3,732469600000000;-38,458454000000000
303810;13;7;2017;11:50;0;AV ROGACIANO LEITE;;;2001;;Atropelamento;Luz do Dia;;;Meio de Quadra;;;1;0;1;0;0;0;0;0;0;1;0;0;-3,772065000000000;-38,498551000000000
303813;14;7;2017;22:27;0;RUA CEL MATOS DOURADO;;;1280;;Atropelamento;Anoitecer;;;Meio de Quadra;;;1;0;1;1;0;0;0;0;0;0;0;0;-3,749789000000000;-38,584353000000000
310006;14;7;2017;08:49;0;AV ROGACIANO LEITE;;;2659;;Colis?úo Transversal;Luz do Dia;Bom;Seca;Meio de Quadra;N?úo H?í Controle;Comercial;0;0;1;0;0;0;0;0;0;1;0;0;-3,781684600000000;-38,502000000000000
310007;14;7;2017;08:30;0;RUA VINTE E QUATRO DE MAIO;;;985;;Colis?úo Lateral;Luz do Dia;Bom;Seca;Meio de Quadra;N?úo H?í Controle;Comercial;0;1;1;0;0;0;0;0;0;1;0;0;-3,730222200000000;-38,533073000000000
310008;14;7;2017;10:36;11737;RUA DIOGO CORREIA;RUA JULIO BRAGA;;0;;Colis?úo Lateral;Luz do Dia;Bom;Seca;Cruz;Sem?íforo;Comercial;0;0;3;1;0;0;0;0;0;1;0;0;-3,774081700000000;-38,588520000000000
310009;14;7;2017;10:28;14680;AV OLIVEIRA PAIVA;RUA LIDIA BRIGIDO;;0;;Colis?úo Traseira;Luz do Dia;Bom;Seca;Cruz;Sem?íforo;Comercial;0;0;2;1;0;0;0;0;0;1;0;0;-3,796245800000000;-38,484170000000000