COD_ACIDENTE;DIA;MES;ANO;HORA;INTERSECAO;LOG1;LOG2;LOG3;NUMERO;REFERENCIA;NATUREZA;ILUMINACAO;TEMPO;SUPERFICIEPISTA;TIPOCRUZAMENTO;CONTROLETRAFEGO;USOSOLO;MORTOS;FERIDOS;ILESOS;AUTOMOVEL;ONIBUS;BICICLETA;CAMINHAO;MICROONIBUS;CICLOMOTOR;MOTOCICLETA;TRACAOANIMAL;TREM;LATITUDE;LONGITUDE
310010;14;7;2017;11:20;7762;AV ANTONIO SALES;RUA NUNES VALENTE;;0;;Colis?úo Lateral;Luz do Dia;Bom;Seca;Cruz;Pare;Residencial;0;0;2;1;0;0;0;0;0;0;0;0;-3,744301800000000;-38,506413000000000
310011;14;7;2017;13:40;0;RUA CARLOS AMORA;;;150;;Colis?úo Lateral;Luz do Dia;Bom;Seca;Meio de Quadra;N?úo H?í Controle;Comercial;0;0;2;0;0;0;0;0;0;0;0;0;-3,775991700000000;-38,563007000000000
310012;14;7;2017;13:40;0;RUA SILVA PAULET;;;736;;Colis?úo Traseira;Luz do Dia;Bom;Seca;Meio de Quadra;N?úo H?í Controle;Residencial;0;0;1;1;0;0;0;0;0;0;0;0;-3,730685700000000;-38,504227000000000
310013;14;7;2017;14:10;22090;RUA PRO COSTA MENDES;RUA FRE MARCELINO;;0;;Colis?úo Transversal;Luz do Dia;Bom;Seca;Cruz;Pare;Comercial;0;0;2;1;0;0;0;0;0;0;0;0;-3,746973300000000;-38,555470000000000
310014;14;7;2017;14:15;0;AV GODOFREDO MACIEL;;;0;;Colis?úo Traseira;Luz do Dia;Bom;Seca;Meio de Quadra;N?úo H?í Controle;Comercial;0;0;2;1;0;0;0;0;0;0;0;0;-3,792199100000000;-38,567883000000000
310004;14;7;2017;07:36;25068;AV DOS EXPEDICIONARIOS;RUA STA QUITERIA;;0;;Colis?úo Transversal;Luz do Dia;Bom;Seca;Cruz;Sem?íforo;Comercial;0;1;1;1;0;0;0;0;0;1;0;0;-3,759233500000000;-38,539300000000000
310016;14;7;2017;15:20;17412;RUA ALBERTO MAGNO;RUA BAR SOBRAL;;0;;Colis?úo Lateral;Luz do Dia;Bom;Seca;Cruz;Sem?íforo;Comercial;0;0;2;1;0;0;0;0;0;0;0;0;-3,768094800000000;-38,552513000000000
310017;14;7;2017;15:35;0;RUA GERMANO FRANCK;;;267;EWERTON CAR;Colis?úo Lateral;Via Iluminada;Bom;Seca;Meio de Quadra;Sem?íforo;Comercial;0;0;2;1;1;0;0;0;0;0;0;0;-3,774999400000000;-38,559628000000000
310018;14;7;2017;15:10;0;AV PRS COSTA E SILVA;;;151;;Colis?úo Traseira;Luz do Dia;Bom;Seca;Meio de Quadra;N?úo H?í Controle;Residencial;0;1;1;0;0;0;0;0;0;1;0;0;-3,823069000000000;-38,551834000000000
310019;14;7;2017;13:40;12814;RUA ALBERTO MAGNO;RUA DELMIRO FARIAS;;0;;Colis?úo Transversal;Luz do Dia;Bom;Seca;Cruz;Pare;Comercial;0;1;0;1;0;0;0;0;0;1;0;0;-3,755394500000000;-38,541595000000000
310020;14;7;2017;16:27;0;ET PICI;;;1011;;Colis?úo Frontal;Luz do Dia;Bom;Seca;Meio de Quadra;N?úo H?í Controle;Residencial;0;1;0;0;0;0;0;0;0;1;0;0;-3,765707500000000;-38,578243000000000
310021;14;7;2017;16:55;26255;AV HIS RAIMUNDO GIRAO;RUA HIS GUARINO ALVES;;0;;Colis?úo Lateral;Luz do Dia;Bom;Seca;T;Pare;Comercial;0;0;1;1;1;0;0;0;0;0;0;0;-3,720324000000000;-38,514687000000000
310022;14;7;2017;16:30;22672;AV COS GOMES DE FREITAS (SAPIRANGA/COITE);RUA ELISEU ORIA;;0;;Colis?úo Transversal;Luz do Dia;Bom;Seca;Cruz;Pare;Comercial;0;0;2;0;0;0;0;0;0;1;0;0;-3,795639300000000;-38,477480000000000
310023;14;7;2017;17:53;0;AV DUQ CAXIAS;;;137;;Colis?úo Traseira;Anoitecer;Bom;Seca;Meio de Quadra;N?úo H?í Controle;Comercial;0;1;1;1;0;0;0;0;0;0;0;0;-3,733094700000000;-38,526010000000000
310024;14;7;2017;17:14;0;AV PDE ANTONIO TOMAS;;;2400;;Colis?úo Lateral;Via Iluminada;Bom;Seca;Meio de Quadra;N?úo H?í Controle;Residencial;0;0;2;1;1;0;0;0;0;0;0;0;-3,743091300000000;-38,490800000000000
310025;14;7;2017;19:40;1383;RUA MARCOS MACEDO;RUA MON CATAO;;0;;Colis?úo Transversal;Via Iluminada;Bom;Seca;Cruz;Pare;Comercial;0;0;2;1;0;0;0;0;0;0;0;0;-3,715782600000000;-38,560300000000000
310026;14;7;2017;20:30;0;AV DOMINGOS OLIMPIO;;;179;;Colis?úo Traseira;Via Iluminada;Bom;Seca;Meio de Quadra;Sem?íforo;Comercial;0;0;2;1;0;0;0;0;0;0;0;0;-3,738316500000000;-38,525707000000000
310027;14;7;2017;21:04;1527;RUA OSVALDO CRUZ (ALDEOTA);RUA CAROLINA SUCUPIRA;;0;;Colis?úo Transversal;Via Iluminada;Bom;Seca;Cruz;Pare;Residencial;0;0;2;1;0;0;0;0;0;0;0;0;-3,740580300000000;-38,501950000000000
306471;14;7;2017;08:00;0;RUA GOV SAMPAIO;;;362;;;Luz do Dia;Bom;Seca;Meio de Quadra;N?úo H?í Controle;Comercial;0;0;2;0;0;0;1;0;0;0;0;0;-3,728474000000000;-38,524199000000000
306468;14;7;2017;16:05;0;RUA CONDE D??EU;;;466;;Colis?úo Lateral;Luz do Dia;Bom;Seca;Meio de Quadra;Sem?íforo Intermitente;Comercial;0;0;2;1;0;0;0;0;0;0;0;0;-3,724955000000000;-38,525294000000000
306469;14;7;2017;14:30;1336;RUA JOAO CORDEIRO;RUA PERO COELHO;;0;;Colis?úo Transversal;Luz do Dia;Bom;Seca;Cruz;Pare;Misto;0;1;1;1;0;0;0;0;0;1;0;0;-3,735240000000000;-38,516137000000000
306466;14;7;2017;15:00;0;RUA JOAO ARARIPE;;;338;;Outros;Luz do Dia;Bom;Seca;Meio de Quadra;;Residencial;0;0;1;1;0;0;0;0;0;0;0;0;-3,761242000000000;-38,533266000000000
306461;14;7;2017;16:50;5100;RUA ALM JACEGUAI;AV MON TABOSA;;0;;Colis?úo;Luz do Dia;Bom;Seca;Cruz;Sem?íforo;Comercial;0;0;3;1;0;0;1;0;0;1;0;0;-3,723554000000000;-38,519439000000000
306463;14;7;2017;20:50;3209;RUA VITAL BRASIL;RUA ANSELMO NOGUEIRA;;0;;Colis?úo Frontal;Via Iluminada;Bom;Seca;Cruz;Sem?íforo;Comercial;0;0;2;1;0;0;0;0;0;0;0;0;-3,781072000000000;-38,587181000000000
324947;14;7;2017;16:40;0;RD CE-040;;;0;KM-08;Colis?úo;Luz do Dia;;Seca;Meio de Quadra;;;0;0;2;1;0;0;0;0;0;0;0;0;-3,825515822000000;-38,481538320000000
324939;14;7;2017;09:10;0;RD CE-040;;;0;KM-02;Colis?úo;Luz do Dia;;Seca;Meio de Quadra;;;0;0;3;1;0;0;0;0;0;0;0;0;-3,773616148000000;-38,481799400000000
324952;14;7;2017;10:00;0;RD CE-040;;;0;KM-02;Colis?úo;Luz do Dia;;Seca;Meio de Quadra;;;0;0;2;0;0;0;0;0;0;0;0;0;-3,773616148000000;-38,481799400000000
324955;14;7;2017;15:30;0;RD CE-040;;;0;KM-02;Colis?úo;Luz do Dia;;Seca;Meio de Quadra;;;0;0;2;1;0;0;0;0;0;0;0;0;-3,773616148000000;-38,481799400000000
325956;14;7;2017;11:40;0;RD BR 116;;;1000;KM-01;Colis?úo Traseira;Luz do Dia;;Seca;Meio de Quadra;;;0;0;2;1;0;0;0;0;0;0;0;0;-3,762554000000000;-38,518702000000000
325961;14;7;2017;20:50;0;RD BR 222;;;0;KM-03;Atropelamento;N?úo Informado;;Seca;Meio de Quadra;;;0;3;0;0;0;0;0;0;0;1;0;0;-3,740300848000000;-38,595940970000000
326378;14;7;2017;16:51;5385;RUA GAL CLARINDO DE QUEIROZ;RUA GAL SAMPAIO;;0;;Colis?úo;Luz do Dia;;;Cruz;Sem?íforo;Comercial;0;1;0;1;0;0;0;0;0;1;0;0;-3,732028000000000;-38,532308000000000
326349;14;7;2017;09:50;0;RUA PEDRO SAMPAIO;;;775;;Colis?úo;Luz do Dia;;;Meio de Quadra;;;0;1;0;1;0;0;0;0;0;1;0;0;;
326350;14;7;2017;10:22;0;AV JOR THOMAZ COELHO;;;2216;;Queda;Luz do Dia;;;Meio de Quadra;;;0;1;0;0;0;0;0;0;0;1;0;0;-3,827955000000000;-38,515174000000000
326343;14;7;2017;08:47;0;RUA EDUARDO PORTO;;;0;;Colis?úo;Luz do Dia;;;Meio de Quadra;;;0;1;0;0;0;0;0;0;0;1;0;0;;
326344;14;7;2017;09:02;1321;RUA MARCOS MACEDO;RUA VICENTE LEITE;;0;;Colis?úo;Luz do Dia;;;Cruz;Pare;Comercial;0;1;0;1;0;0;0;0;0;1;0;0;-3,735201000000000;-38,494787000000000
326352;14;7;2017;10:26;0;AV ALM HENRIQUE SABOIA;;;0;;Queda;Luz do Dia;;;Meio de Quadra;;;0;1;0;0;0;1;0;0;0;0;0;0;;
326353;14;7;2017;11:12;0;RUA BERNARDO MANUEL;;;0;;Queda;Luz do Dia;;;Meio de Quadra;;;0;1;0;0;0;0;0;0;0;1;0;0;;
326359;14;7;2017;15:54;24574;RUA CEL ABELARDO RODRIGUES;RUA ANTONIO ARRUDA;;0;;Colis?úo;Luz do Dia;;;Cruz;Pare;Residencial;0;1;0;1;0;0;0;0;0;1;0;0;-3,711615000000000;-38,591522000000000
326407;14;7;2017;20:04;0;AV PRS CASTELO BRANCO;;;0;;Atropelamento;;;;Meio de Quadra;;;0;1;0;1;0;0;0;0;0;0;0;0;;
326408;14;7;2017;21:12;0;AV MR HULL;;;0;;Colis?úo;;;;Meio de Quadra;;;0;3;0;0;0;0;0;0;0;0;0;0;;
326409;14;7;2017;22:21;0;RUA MOURA MATOS;;;1240;;Colis?úo;;;;Meio de Quadra;;;0;1;0;0;0;0;0;0;0;0;0;0;-3,816282000000000;-38,539162000000000
326385;14;7;2017;18:17;3376;AV ENG HUMBERTO MONTE;RUA CEL NUNES DE MELO;;0;;Colis?úo;Anoitecer;;;Cruz;Pare;Residencial;0;1;0;0;0;0;0;0;0;0;0;0;-3,753384000000000;-38,556940000000000
326391;14;7;2017;18:44;0;AV PRS CASTELO BRANCO;;;3795;;Atropelamento;Anoitecer;;;Meio de Quadra;;;0;2;0;0;0;0;0;0;0;1;0;0;-3,709189000000000;-38,566120000000000
326395;14;7;2017;19:22;0;AV RAD JOSE LIMA VERDE;;;663;;Colis?úo;;;;Meio de Quadra;;;0;1;0;1;0;0;0;0;0;1;0;0;-3,696343000000000;-38,586407000000000
326389;14;7;2017;18:25;0;RUA 103 CJ SAO CRISTOVAO;;;647;;Colis?úo;Anoitecer;;;Meio de Quadra;;;0;1;0;0;0;0;0;0;0;1;0;0;;
326383;14;7;2017;17:49;0;AV DUQ CAXIAS;;;153;;Colis?úo;Anoitecer;;;Meio de Quadra;;;0;1;0;1;0;0;0;0;0;0;0;0;-3,733061000000000;-38,525922000000000
326380;14;7;2017;17:22;0;RUA RAIMUNDO BIZARRIA;;;1130;;Atropelamento;Anoitecer;;;Meio de Quadra;;;0;1;0;0;0;0;0;0;0;1;0;0;-3,729679000000000;-38,580554000000000
326381;14;7;2017;17:34;0;RUA BAR RIO BRANCO;;;1391;;Colis?úo;Anoitecer;;;Meio de Quadra;;;0;1;0;0;0;0;0;0;0;0;0;0;-3,730438000000000;-38,529533000000000
326497;14;7;2017;23:26;0;RUA NETUNO;;;186;;Atropelamento;;;;Meio de Quadra;;;0;1;0;0;0;0;0;0;0;0;0;0;;
326498;14;7;2017;23:50;0;RUA PDE PERDIGAO SAMPAIO;;;0;;Colis?úo;;;;Meio de Quadra;;;0;1;0;0;0;0;0;0;0;0;0;0;;
326499;15;7;2017;00:12;0;AV DR SILAS MUNGUBA;;;3403;;Colis?úo;;;;Meio de Quadra;;;0;3;0;0;0;0;0;0;0;0;0;0;-3,789345000000000;-38,543360000000000
326500;15;7;2017;01:40;0;RUA ELCIAS LOPES;;;140;;Colis?úo;;;;;;;0;2;0;0;0;0;0;0;0;0;0;0;-3,769997000000000;-38,558760000000000
326501;15;7;2017;02:58;0;RUA CEL FABRICIANO;;;0;;Queda;;;;Meio de Quadra;;;0;1;0;0;0;0;0;0;0;1;0;0;;
326510;15;7;2017;09:29;0;AV ALM HENRIQUE SABOIA;;;0;;Colis?úo;Luz do Dia;;;Meio de Quadra;;;0;1;0;1;0;0;0;0;0;1;0;0;;
326511;15;7;2017;09:49;0;AV DR SILAS MUNGUBA;;;0;;Queda;Luz do Dia;;;Meio de Quadra;;;0;1;0;0;0;1;0;0;0;0;0;0;;
326512;15;7;2017;09:54;0;RUA JOAQUIM NABUCO;;;2986;;Colis?úo;Luz do Dia;;;Meio de Quadra;;;0;1;0;1;0;0;0;0;0;1;0;0;-3,750779000000000;-38,506262000000000
326513;15;7;2017;11:40;13556;AV SORIANO ALBUQUERQUE;AV RUI BARBOSA;;0;;Colis?úo;Luz do Dia;;;Cruz;N?úo H?í Controle;Residencial;0;1;0;1;0;0;0;0;0;0;0;0;-3,749460000000000;-38,513767000000000
326514;15;7;2017;12:57;0;AV WASHINGTON SOARES;;;0;;Colis?úo;Luz do Dia;;;Meio de Quadra;;;0;1;0;1;0;0;0;0;0;1;0;0;;
326515;15;7;2017;13:15;12514;RUA JULIO BRAGA;AV LINEU MACHADO;;0;;Colis?úo;Luz do Dia;;;Outros;Sem?íforo;Residencial;0;1;0;1;0;0;0;0;0;1;0;0;-3,775335000000000;-38,581790000000000
326516;15;7;2017;13:15;0;RUA DR CATUNDA GONDIM;;;134;;Colis?úo;Luz do Dia;;;Meio de Quadra;;;0;1;0;0;0;0;0;0;0;1;0;0;-3,737599601000000;-38,585765294000000
326517;15;7;2017;13:26;0;AV CEL CARVALHO;;;134;;Atropelamento;Luz do Dia;;;Meio de Quadra;;;0;1;0;0;0;0;0;0;0;1;0;0;-3,704000000000000;-38,591412000000000
326507;15;7;2017;08:32;0;AV ENG HUMBERTO MONTE;;;2774;;Queda;Luz do Dia;;;Meio de Quadra;;;0;1;0;0;0;0;0;0;0;1;0;0;-3,739301000000000;-38,568632000000000
326530;15;7;2017;14:43;577;AV FRANCISCO SA;AV DR THEBERGE;;0;;Colis?úo;Luz do Dia;;;Cruz;Sem?íforo;Comercial;0;1;0;1;0;0;0;0;0;1;0;0;-3,714822000000000;-38,565016000000000
326531;15;7;2017;15:46;0;RUA SEN ALMIR PINTO;;;1613;;Colis?úo;Luz do Dia;;;Meio de Quadra;;;0;1;0;1;0;0;0;0;0;1;0;0;;
326538;15;7;2017;16:43;0;TR TEN BEZERRA;;;340;;Colis?úo;Luz do Dia;;;Meio de Quadra;;;0;1;0;1;0;0;0;0;0;1;0;0;;
326535;15;7;2017;16:33;0;RUA VIRIATO RIBEIRO;;;805;;Colis?úo;Luz do Dia;;;Meio de Quadra;;;0;1;0;1;0;0;0;0;0;1;0;0;-3,750490000000000;-38,561047000000000
326540;15;7;2017;16:50;0;RUA JARDIM FLUMINENSE;;;963;;Colis?úo;Luz do Dia;;;Meio de Quadra;;;0;2;0;1;0;0;0;0;0;1;0;0;-3,812745462000000;-38,598176499000000
326541;15;7;2017;17:09;0;RUA CEL FABRICIANO;;;1816;;Colis?úo;Anoitecer;;;Meio de Quadra;;;0;1;0;1;0;0;0;0;0;1;0;0;-3,782653000000000;-38,608185000000000
326542;15;7;2017;18:23;5331;AV SANTOS DUMONT;RUA GONCALVES LEDO;;0;;Colis?úo;Anoitecer;;;Cruz;Pare;Comercial;0;1;0;1;0;0;0;0;0;1;0;0;-3,730535000000000;-38,515848000000000
326543;15;7;2017;18:24;18091;RUA JULIO SILVA;AV DIOGUINHO;;0;;Colis?úo;Anoitecer;;;;;;0;1;0;1;0;0;0;0;0;1;0;0;-3,744071000000000;-38,451997000000000
326544;15;7;2017;19:08;0;AV WASHINGTON SOARES;;;1475;;Colis?úo;;;;Meio de Quadra;;;0;1;0;0;0;0;0;0;0;0;0;0;-3,772326000000000;-38,481947000000000
326546;15;7;2017;19:30;0;AV PRS COSTA E SILVA;;;1138;;Colis?úo;;;;Meio de Quadra;;;0;1;0;0;0;0;0;0;0;1;0;0;-3,814199000000000;-38,569660000000000
326547;15;7;2017;19:30;0;AV MAJ ASSIS;;;284;;Atropelamento;;;;Meio de Quadra;;;0;1;0;0;0;0;0;0;0;0;0;0;-3,724376000000000;-38,579935000000000
326548;15;7;2017;19:47;0;RUA MARANHAO;;;530;;Atropelamento;;;;Meio de Quadra;;;0;1;0;1;0;0;0;0;0;0;0;0;-3,755431000000000;-38,566099000000000
326549;15;7;2017;21:17;0;AV C CJ NOVA ASSUNCAO;;;1070;;Queda;;;;Meio de Quadra;;;0;1;0;0;0;1;0;0;0;0;0;0;;
326550;15;7;2017;21:19;0;AV GAL OSORIO DE PAIVA;;;6120;;Queda;;;;Meio de Quadra;;;0;1;0;0;0;0;0;0;0;1;0;0;-3,809751000000000;-38,606905000000000
326551;15;7;2017;22:33;0;RUA VILA VELHA;;;113;;Atropelamento;;;;Meio de Quadra;;;0;1;0;0;0;0;0;0;0;0;0;0;;
326552;15;7;2017;23:48;0;RUA CON DE CASTRO;;;4665;;Colis?úo;;;;Meio de Quadra;;;0;1;0;0;0;0;0;0;0;0;0;0;-3,806247000000000;-38,593063000000000
324959;15;7;2017;11:00;0;RD CE-025;;;0;KM-02;Colis?úo;Luz do Dia;;Seca;Meio de Quadra;;;0;0;2;1;0;0;0;0;0;1;0;0;-3,807634505000000;-38,461084520000000
306474;15;7;2017;19:36;0;AV PRS CASTELO BRANCO;;;0;;Colis?úo Traseira;Via Iluminada;Bom;Seca;Meio de Quadra;Outros;Comercial;0;1;1;1;0;0;0;0;0;0;0;0;;
306479;15;7;2017;23:20;9021;RUA CEL SOLON;AV FELINO BARROSO;;0;;Colis?úo Transversal;Via Iluminada;Bom;Seca;Cruz;Pare;Comercial;0;0;2;1;0;0;0;0;0;0;0;0;-3,743154000000000;-38,528653000000000
306481;15;7;2017;11:55;0;AV DIOGUINHO;;;1331;;Colis?úo Transversal;Luz do Dia;Bom;Seca;Meio de Quadra;N?úo H?í Controle;Misto;0;0;2;1;0;0;1;0;0;0;0;0;-3,743056700000000;-38,452589100000000
306483;15;7;2017;07:00;10935;RUA BAR CANINDE;RUA ELCIAS LOPES;;0;;Colis?úo Transversal;Luz do Dia;Bom;Seca;Cruz;Pare;Misto;0;2;2;1;0;0;0;0;0;1;0;0;-3,770473000000000;-38,557426000000000
310028;15;7;2017;12:41;1589;AV DES MOREIRA;RUA GAL TERTULIANO POTYGUARA;;0;;Colis?úo Lateral;Luz do Dia;Bom;Seca;Cruz;Sem?íforo;Comercial;0;0;2;1;0;0;0;0;0;0;0;0;-3,743109500000000;-38,500610000000000
310029;15;7;2017;13:54;0;AV HERACLITO GRACA;;;300;;Colis?úo Traseira;Luz do Dia;Bom;Seca;Meio de Quadra;Sem?íforo;Comercial;0;0;2;1;0;0;0;0;0;0;0;0;-3,734254800000000;-38,522053000000000
310030;15;7;2017;13:30;15190;AV ABOLICAO;RUA JOAQUIM NABUCO;;0;;Colis?úo Transversal;Luz do Dia;Nublado;Seca;Cruz;Sem?íforo;Comercial;0;0;2;0;1;0;0;0;0;0;0;0;-3,726234400000000;-38,498737000000000
310031;15;7;2017;08:50;0;AV PRS COSTA E SILVA;;;151;;Colis?úo Traseira;Luz do Dia;Bom;Seca;Meio de Quadra;N?úo H?í Controle;Residencial;0;1;1;1;0;0;0;0;0;1;0;0;-3,823182300000000;-38,551900000000000
310032;15;7;2017;15:22;0;AV BEZERRA DE MENEZES;;;1465;;Colis?úo Traseira;Luz do Dia;Bom;Seca;Meio de Quadra;Sem?íforo;Comercial;0;0;2;1;0;0;0;0;0;0;0;0;-3,734403800000000;-38,557810000000000
310033;15;7;2017;17:29;1501;RUA ROCHA LIMA;RUA MON BRUNO;;0;;Colis?úo Lateral;Luz do Dia;Bom;Seca;Cruz;Pare;Residencial;0;1;1;1;0;0;0;0;0;1;0;0;-3,739809000000000;-38,511833000000000
310034;15;7;2017;18:45;0;AV BEZERRA DE MENEZES;;;1583;;Colis?úo Traseira;Via Iluminada;Bom;Seca;Meio de Quadra;Sem?íforo;Comercial;0;1;1;1;0;0;0;0;0;1;0;0;-3,734615800000000;-38,558804000000000
310035;15;7;2017;16:30;0;RUA PRISCO BEZERRA;;;2180;;Colis?úo Transversal;Luz do Dia;Bom;Seca;Meio de Quadra;N?úo H?í Controle;Residencial;0;1;1;1;0;0;0;0;0;1;0;0;-3,737844500000000;-38,470230000000000
303812;15;7;2017;18:28;0;AV PRS CASTELO BRANCO;;;3370;;Atropelamento;Anoitecer;;;Meio de Quadra;;;1;0;1;0;0;0;0;0;0;1;0;0;-3,710389000000000;-38,561361000000000
303820;16;7;2017;18:29;5433;RUA METON DE ALENCAR;RUA MAJ FACUNDO;;0;;Colis?úo Transversal;Anoitecer;;;Cruz;D?¬ Prefer?¬ncia;Comercial;1;0;1;1;0;0;0;0;0;1;0;0;-3,733917000000000;-38,529899000000000
303817;16;7;2017;10:00;0;RUA POMPILIO GOMES;;;1743;;Colis?úo;Luz do Dia;;;Meio de Quadra;;;1;0;1;0;1;0;0;0;0;1;0;0;-3,827019000000000;-38,521207000000000
303818;16;7;2017;15:23;0;RUA BOM JESUS (GRANJA LISBOA);;;3206;;Colis?úo;Luz do Dia;;;Meio de Quadra;;;1;0;1;0;1;0;0;0;0;1;0;0;-3,787734000000000;-38,622461000000000
310036;16;7;2017;06:05;15205;AV ABOLICAO;RUA OSVALDO CRUZ (ALDEOTA);;0;;Colis?úo Transversal;Luz do Dia;Bom;Seca;Cruz;Sem?íforo;Comercial;0;0;1;0;0;0;0;0;0;1;0;0;-3,726808300000000;-38,497444000000000
310037;16;7;2017;06:15;6756;AV ANTONIO SALES;AV ENG SANTANA JUNIOR;;0;;Choque c/ Obst?ículo Fixo;Luz do Dia;Bom;Seca;Outros;N?úo H?í Controle;Residencial;0;0;1;1;0;0;0;0;0;0;0;0;-3,749112100000000;-38,490532000000000
310038;16;7;2017;07:15;4007;RUA ALBERTO MAGNO;RUA DES PRAXEDES;;628;;Colis?úo Transversal;Luz do Dia;Bom;Seca;Cruz;Sem?íforo;Comercial;0;0;2;1;0;0;0;0;0;0;0;0;-3,760640100000000;-38,547440000000000
310039;16;7;2017;10:13;1358;AV SANTOS DUMONT;AV DES MOREIRA;;0;;Colis?úo Lateral;Luz do Dia;Bom;Seca;Cruz;Sem?íforo;Comercial;0;0;2;1;0;0;0;0;0;0;0;0;-3,736175800000000;-38,498127000000000
310040;16;7;2017;09:38;20023;AV DR SILAS MUNGUBA;AV HEROIS DO ACRE;;5556;;Colis?úo Traseira;Luz do Dia;Bom;Seca;T;Sem?íforo;Comercial;0;0;2;1;0;0;0;0;0;0;0;0;-3,802788700000000;-38,528767000000000
310041;16;7;2017;08:24;5473;RUA JOAO CORDEIRO;AV HERACLITO GRACA;;0;;Colis?úo Traseira;Luz do Dia;Bom;Seca;T;Sem?íforo;Comercial;0;0;2;1;0;0;0;0;0;0;0;0;-3,736196800000000;-38,516693000000000
310042;16;7;2017;12:59;25136;AV ENG HUMBERTO MONTE;RUA CHILE;;0;;Colis?úo Lateral;Luz do Dia;Bom;Seca;T;Pare;Residencial;0;1;1;1;0;0;0;0;0;0;0;0;-3,745131700000000;-38,564037000000000
310043;16;7;2017;16:32;0;RUA BOM JESUS (GRANJA LISBOA);;;3202;;Colis?úo Frontal;Luz do Dia;Bom;Seca;Meio de Quadra;N?úo H?í Controle;Residencial;0;1;1;0;1;0;0;0;0;1;0;0;-3,787806300000000;-38,622050000000000
310044;16;7;2017;15:02;15821;AV JOR THOMAZ COELHO;RUA ANGELICA GURGEL;;0;;Colis?úo Traseira;Luz do Dia;Bom;Seca;T;Pare;Comercial;0;0;2;0;1;0;0;0;0;1;0;0;-3,832617000000000;-38,499100000000000
310045;16;7;2017;13:15;0;RUA VINTE E QUATRO DE MAIO;;;34;PRA?çA DA ESTA?ç?âO;Colis?úo Lateral;Luz do Dia;Bom;Seca;T;D?¬ Prefer?¬ncia;Comercial;0;0;2;0;1;0;0;0;0;0;0;0;-3,722029000000000;-38,530310000000000
310046;16;7;2017;20:50;5281;RUA PEDRO PEREIRA;RUA GAL SAMPAIO;;0;;Colis?úo Transversal;Via Iluminada;Bom;Seca;Cruz;Sem?íforo;Comercial;0;0;2;1;0;0;0;0;0;0;0;0;-3,728720400000000;-38,531326000000000
310052;16;7;2017;13:21;5246;RUA GONCALVES LEDO;RUA PEREIRA FILGUEIRAS;;0;;Colis?úo Transversal;Luz do Dia;Bom;Seca;Cruz;Pare;Residencial;0;1;2;1;0;0;0;0;0;1;0;0;-3,727789600000000;-38,515045000000000
310056;16;7;2017;14:49;6737;AV ENG SANTANA JUNIOR;AV PDE ANTONIO TOMAS;;0;;Colis?úo Traseira;Luz do Dia;Bom;Seca;Meio de Quadra;N?úo H?í Controle;Residencial;0;0;2;1;0;0;0;0;0;0;0;0;-3,743981000000000;-38,488012000000000
310077;16;7;2017;18:40;26148;RUA POMPILIO GOMES;RUA CRISTAIS PAULISTA;;0;;Colis?úo Transversal;Via Iluminada;Bom;Seca;T;N?úo H?í Controle;Residencial;0;0;1;0;1;0;0;0;0;1;0;0;-3,819308500000000;-38,521100000000000
310113;16;7;2017;19:11;0;AV GAL OSORIO DE PAIVA;;;6554;;Colis?úo Transversal;Via Iluminada;Bom;Seca;Meio de Quadra;N?úo H?í Controle;Comercial;0;1;1;0;0;0;0;0;0;1;0;0;-3,811347200000000;-38,608757000000000
306495;16;7;2017;18:58;0;AV DR SILAS MUNGUBA;;;7500;BNB;Colis?úo Traseira;Via Iluminada;Bom;Seca;Meio de Quadra;Outros;Comercial;0;0;2;1;0;0;0;0;0;0;0;0;-3,804187000000000;-38,527608000000000
306500;16;7;2017;11:50;0;RUA DR JOAO MOREIRA;;;433;;Atropelamento;Luz do Dia;Bom;Seca;Meio de Quadra;Sem?íforo;Comercial;0;1;1;0;0;0;0;0;0;0;0;0;-3,722374000000000;-38,528353000000000
306501;16;7;2017;13:15;3820;AV CARAPINIMA;AV 13 DE MAIO;;0;;Colis?úo Lateral;Luz do Dia;Bom;Seca;Cruz;Sem?íforo Intermitente;Comercial;0;0;2;0;1;0;0;0;0;0;0;0;-3,740001000000000;-38,540239000000000
306504;16;7;2017;22:30;26252;RUA ANTONIO BARROS;RUA PERGENTINO MAIA;;0;;Colis?úo Frontal;Via Iluminada;Bom;Seca;Cruz;Pare;Residencial;0;0;2;1;0;0;0;0;0;0;0;0;-3,831373751000000;-38,488962643000000
306505;16;7;2017;00:50;26283;AV FRE CIRILO;RUA VASCO DE ATAIDE;;0;;Colis?úo Transversal;Via Iluminada;Bom;Seca;;;;0;0;2;1;0;0;1;0;0;0;0;0;;
306507;16;7;2017;04:00;0;AV DOS EXPEDICIONARIOS;;;3420;;Choque c/ Obst?ículo Fixo;Via Iluminada;Bom;Seca;Meio de Quadra;N?úo H?í Controle;Comercial;0;1;0;1;0;0;0;0;0;0;0;0;-3,748391000000000;-38,536126000000000
306508;16;7;2017;21:27;26083;AV BEZERRA DE MENEZES;AV JOSE JATAHY;;0;;Colis?úo Traseira;Via Iluminada;Bom;Seca;Cruz;Sem?íforo;Comercial;0;0;2;1;1;0;0;0;0;0;0;0;-3,731558666000000;-38,544826854000000