COD_ACIDENTE;DIA;MES;ANO;HORA;INTERSECAO;LOG1;LOG2;LOG3;NUMERO;REFERENCIA;NATUREZA;ILUMINACAO;TEMPO;SUPERFICIEPISTA;TIPOCRUZAMENTO;CONTROLETRAFEGO;USOSOLO;MORTOS;FERIDOS;ILESOS;AUTOMOVEL;ONIBUS;BICICLETA;CAMINHAO;MICROONIBUS;CICLOMOTOR;MOTOCICLETA;TRACAOANIMAL;TREM;LATITUDE;LONGITUDE
324971;16;7;2017;09:40;0;RD CE-040;;;0;KM-10;Colis?úo;Luz do Dia;;Seca;Meio de Quadra;;;0;0;3;1;0;0;0;0;0;0;0;0;-3,826391000000000;-38,481785000000000
324974;16;7;2017;10:15;0;AV SEN CARLOS JEREISSATI (AEROPORTO);;;0;KM 03;Colis?úo;Luz do Dia;;Seca;Meio de Quadra;;;0;0;2;1;0;0;0;0;0;0;0;0;-3,779641000000000;-38,544038000000000
324977;16;7;2017;12:10;0;RD CE-060;;;0;KM-01;Colis?úo;Luz do Dia;;Seca;Meio de Quadra;;;0;0;4;1;0;0;0;0;0;1;0;0;-3,826136000000000;-38,579500000000000
326554;16;7;2017;01:19;0;RUA CANGURU;;;47;;Queda;;;;Meio de Quadra;;;0;1;0;0;0;1;0;0;0;0;0;0;-3,845987300000000;-38,524875700000000
326555;16;7;2017;01:19;0;AV ODILON GUIMARAES;;;1946;YPIOCA;Colis?úo;;;;Meio de Quadra;;;0;1;0;0;0;0;0;0;0;0;0;0;-3,819783600000000;-38,475350200000000
326556;16;7;2017;02:49;0;AV RAD JOSE LIMA VERDE;;;916;;Queda;;;;Meio de Quadra;;;0;1;0;0;0;0;0;0;0;1;0;0;;
326557;16;7;2017;05:20;0;AV DOS EXPEDICIONARIOS;;;3420;;Colis?úo;Amanhecer;;;Meio de Quadra;;;0;1;0;0;0;0;0;0;0;0;0;0;-3,748391000000000;-38,536126000000000
326558;16;7;2017;06:24;0;AV ENG SANTANA JUNIOR;;;0;;Colis?úo;Luz do Dia;;;Meio de Quadra;;;0;1;0;0;0;0;0;0;0;0;0;0;;
326559;16;7;2017;08:52;15498;RUA CECILIA MEIRELES;RUA JOHN LENNON;;0;;Colis?úo;Luz do Dia;;;;;;0;1;0;1;0;0;0;0;0;1;0;0;-3,819684000000000;-38,490336000000000
326560;16;7;2017;09:43;0;AV PDE ANTONIO TOMAS;;;3433;;Colis?úo;Luz do Dia;;;Meio de Quadra;;;0;1;0;1;0;1;0;0;0;0;0;0;-3,746108000000000;-38,481299000000000
326569;16;7;2017;11:49;5076;RUA DR JOAO MOREIRA;RUA SEN POMPEU;;0;;Colis?úo;Luz do Dia;;;Cruz;Sem?íforo;Comercial;0;1;0;1;0;0;0;0;0;0;0;0;-3,722400000000000;-38,528275000000000
326570;16;7;2017;13:31;0;RUA MANUEL ARRUDA;;;100;;Colis?úo;Luz do Dia;;;Meio de Quadra;;;0;1;0;0;0;0;0;0;0;0;0;0;-3,828730000000000;-38,504846000000000
326571;16;7;2017;13:44;12514;RUA JULIO BRAGA;AV LINEU MACHADO;;0;;Colis?úo;Luz do Dia;;;Outros;Sem?íforo;Residencial;0;1;0;1;0;0;0;0;0;1;0;0;-3,775335000000000;-38,581790000000000
326572;16;7;2017;15:21;0;RUA BOM JESUS (BARRA DO CEARA);;;3207;;Colis?úo;Luz do Dia;;;Meio de Quadra;;;0;1;0;0;0;0;0;0;0;0;0;0;;
326574;16;7;2017;15:59;3844;RUA JOAO GENTIL;RUA ADOLFO HERBSTER;;0;;Colis?úo;Luz do Dia;;;Cruz;Pare;Residencial;0;1;0;0;0;0;0;0;0;1;0;0;-3,745475000000000;-38,539577000000000
326575;16;7;2017;16:05;0;RUA CESAR FONSECA;;;500;;Colis?úo;Luz do Dia;;;Meio de Quadra;;;0;1;0;1;0;0;0;0;0;0;0;0;-3,746449000000000;-38,474015000000000
326576;16;7;2017;16:05;6808;RUA DR GILBERTO STUDART;RUA CESAR FONSECA;;0;;Colis?úo;Luz do Dia;;;Cruz;Pare;Residencial;0;1;0;1;0;0;0;0;0;0;0;0;-3,745919000000000;-38,473843000000000
326577;16;7;2017;16:16;3851;AV DA UNIVERSIDADE;RUA ADOLFO HERBSTER;;0;;Colis?úo;Luz do Dia;;;T;Pare;Misto;0;1;0;0;0;0;0;0;0;0;0;0;-3,743649000000000;-38,541551000000000
326578;16;7;2017;16:25;0;VL DO MAR;;;1467;;Colis?úo;Luz do Dia;;;Meio de Quadra;;;0;1;0;0;0;0;0;0;0;0;0;0;-3,722489001000000;-38,511688296000000
326579;16;7;2017;16:47;0;AL ANA ELISA;;;1463;;Queda;Luz do Dia;;;Meio de Quadra;;;0;1;0;0;0;1;0;0;0;0;0;0;-3,749638800000000;-38,469571500000000
326580;16;7;2017;17:05;0;AV GAL OSORIO DE PAIVA;;;0;;Colis?úo;Anoitecer;;;Meio de Quadra;;;0;1;0;0;0;0;0;0;0;0;0;0;;
326581;16;7;2017;18:46;0;AV JOSE BASTOS;;;6510;;Colis?úo;Anoitecer;;;Meio de Quadra;;;0;1;0;1;0;0;0;0;0;1;0;0;-3,767391000000000;-38,569576000000000
326582;16;7;2017;19:01;0;RUA VALDEMAR PAES;;;0;;Colis?úo;;;;Meio de Quadra;;;0;1;0;0;0;0;0;0;0;0;0;0;;
326583;16;7;2017;19:02;0;RUA HOLANDA;;;177;;Queda;;;;Meio de Quadra;;;0;1;0;0;0;0;0;0;0;1;0;0;-3,720252700000000;-38,559081300000000
326585;16;7;2017;19:27;0;AV BEZERRA DE MENEZES;;;1161;;Colis?úo;;;;Meio de Quadra;;;0;1;0;0;0;0;0;0;0;0;0;0;-3,733757000000000;-38,555218000000000
326586;16;7;2017;19:28;25178;RUA JOAO BRIGIDO;RUA TIBURCIO CAVALCANTE;;0;;Colis?úo;;;;Cruz;Pare;Residencial;0;1;0;0;0;0;0;0;0;0;0;0;;
326587;16;7;2017;20:16;0;AV DUQ CAXIAS;;;2037;;Atropelamento;;;;Meio de Quadra;;;0;1;0;0;0;0;0;0;0;0;0;0;-3,727663000000000;-38,542622000000000
326588;16;7;2017;21:57;0;VL DIOGO (D04);;;875;;Queda;;;;Meio de Quadra;;;0;1;0;0;0;0;0;0;0;1;0;0;;
326589;16;7;2017;23:02;0;AV FRANCISCO SA;;;3680;;Colis?úo;;;;Meio de Quadra;;;0;1;0;0;0;0;0;0;0;0;0;0;-3,717226000000000;-38,557879000000000
326565;16;7;2017;11:15;0;RUA EUCLIDES O DE SOUSA;;;1562;;Colis?úo;Luz do Dia;;;Meio de Quadra;;;0;2;0;0;0;0;0;0;0;0;0;0;-3,797176900000000;-38,466659800000000
326340;17;7;2017;07:44;0;AV ROGACIANO LEITE;;;2667;;Colis?úo;Luz do Dia;;;Meio de Quadra;;;0;1;0;1;0;0;0;0;0;1;0;0;-3,781813000000000;-38,501955000000000
324984;17;7;2017;07:30;0;RD CE-040;;;0;KM-01;Colis?úo;Luz do Dia;;Seca;Meio de Quadra;;;0;0;3;1;0;0;0;0;0;0;0;0;-3,764650449000000;-38,482583040000000
324991;17;7;2017;09:30;0;RD CE-040;;;0;KM-07;Colis?úo;Luz do Dia;;Seca;Outros;;;0;0;2;1;0;0;0;0;0;0;0;0;-3,817159445000000;-38,483032860000000
306536;17;7;2017;07:50;0;AV LUCIANO CARNEIRO;;;0;;;Luz do Dia;Bom;Seca;Meio de Quadra;N?úo H?í Controle;Comercial;0;2;0;1;0;0;0;0;0;1;0;0;;
306567;17;7;2017;13:00;0;AV ABOLICAO;;;4022;;Colis?úo Traseira;Luz do Dia;Bom;Seca;Meio de Quadra;Sem?íforo;Residencial;0;1;0;1;0;0;0;0;0;0;0;0;-3,724355000000000;-38,482277000000000
306564;17;7;2017;06:00;5247;AV IMPERADOR;RUA PEDRO PEREIRA;;0;;Colis?úo Transversal;Luz do Dia;Bom;Seca;Cruz;Sem?íforo;Comercial;0;2;0;1;1;0;0;0;0;0;0;0;-3,727714000000000;-38,534609000000000
306583;17;7;2017;15:10;15322;RUA BARBOSA DE FREITAS;RUA CANUTO DE AGUIAR;;0;;Colis?úo Transversal;Luz do Dia;Bom;Seca;Cruz;Pare;Residencial;0;2;1;1;0;0;0;0;0;0;0;0;-3,730624000000000;-38,495453000000000
310114;17;7;2017;21:07;0;AV AMERICO BARREIRA;;;6510;;Colis?úo Transversal;Via Iluminada;Bom;Seca;T;D?¬ Prefer?¬ncia;Comercial;0;1;1;1;0;0;0;0;0;1;0;0;-3,767271800000000;-38,569405000000000
310091;17;7;2017;06:50;3419;AV JOAO PESSOA;RUA MIGUEL GONCALVES;;0;;Colis?úo Lateral;Luz do Dia;Bom;Seca;Cruz;Pare;Residencial;0;0;2;1;0;0;0;0;0;1;0;0;-3,758634800000000;-38,555180000000000
310057;17;7;2017;18:23;0;RUA TIBURCIO CAVALCANTE;;;1324;;Colis?úo Lateral;Anoitecer;Bom;Seca;Duplo T;Gesto;Comercial;0;0;2;1;0;0;0;0;0;0;0;0;-3,736349000000000;-38,502850000000000
310058;17;7;2017;18:16;23439;RUA FRE VIDAL;RUA MON SALAZAR;;0;;Colis?úo Lateral;Via Iluminada;Bom;Seca;Cruz;Pare;Comercial;0;1;1;1;0;0;0;0;0;1;0;0;-3,756432300000000;-38,517616000000000
310059;17;7;2017;20:21;0;RUA FRANCISCO GLICERIO;;;807;;Colis?úo Traseira;Via Iluminada;Bom;Seca;Meio de Quadra;N?úo H?í Controle;Residencial;0;1;1;1;0;0;0;0;0;1;0;0;-3,796127600000000;-38,569355000000000
310060;17;7;2017;20:54;0;RUA DAMIAO FERNANDES;RUA DR JOSE LOURENCO;;0;;Colis?úo Transversal;Via Iluminada;Bom;Seca;Cruz;Pare;Residencial;0;0;2;1;0;0;0;0;0;0;0;0;-3,743678000000000;-38,557774000000000
310053;17;7;2017;14:42;0;AV GAL OSORIO DE PAIVA;;;0;TERMINAL SIQUEIRA;Colis?úo Transversal;Luz do Dia;Bom;Seca;Outros;N?úo H?í Controle;Comercial;0;0;2;1;0;0;0;0;0;0;0;0;-3,790354500000000;-38,586980000000000
310054;17;7;2017;15:50;3789;AV 13 DE MAIO;RUA WALDERY UCHOA;;0;;Colis?úo Transversal;Luz do Dia;Nublado;Seca;Cruz;N?úo H?í Controle;Comercial;0;1;1;1;0;0;0;0;0;1;0;0;-3,742289300000000;-38,537365000000000
310055;17;7;2017;16:26;0;RUA MARIA TOMASIA;;;838;;Colis?úo Lateral;Luz do Dia;Bom;Seca;Meio de Quadra;Pare;Residencial;0;0;2;1;0;0;0;0;0;0;0;0;-3,736300200000000;-38,494324000000000
310062;17;7;2017;21:27;0;AV A CJ CEARA;;;1028;;Colis?úo Transversal;Via Iluminada;Bom;Seca;N?úo Informado;Sem?íforo;Comercial;0;1;1;1;0;0;0;0;0;1;0;0;-3,800933100000000;-38,498450000000000
310047;17;7;2017;07:39;9190;AV 13 DE MAIO;RUA CAMPO AMOR ROCHA;;0;;Colis?úo Transversal;Luz do Dia;Bom;Seca;T;Pare;Comercial;0;0;1;0;0;0;0;0;0;1;0;0;-3,753508800000000;-38,524506000000000
310048;17;7;2017;10:19;0;RUA 836 CJ CEARA;;;181;;Queda;Luz do Dia;Bom;Seca;Meio de Quadra;Pare;Residencial;0;1;0;0;0;0;0;0;0;1;0;0;-3,770476300000000;-38,603630000000000
310049;17;7;2017;11:05;15301;RUA TEN BENEVOLO;RUA SILVA PAULET;;0;;Colis?úo Lateral;Luz do Dia;Bom;Seca;Cruz;Pare;Residencial;0;0;2;1;0;0;0;0;0;0;0;0;-3,729753500000000;-38,503910000000000
310050;17;7;2017;11:45;0;RUA TEODOMIRO DE CASTRO;;;3945;;Colis?úo Lateral;Luz do Dia;Bom;Seca;Meio de Quadra;D?¬ Prefer?¬ncia;Comercial;0;0;1;0;0;0;0;0;0;1;0;0;-3,720429700000000;-38,568920000000000
310051;17;7;2017;12:30;0;RUA EDUARDO SALGADO;;;401;;Colis?úo Lateral;Luz do Dia;Bom;Seca;Meio de Quadra;N?úo H?í Controle;Comercial;0;0;2;1;0;0;0;0;0;0;0;0;-3,734556000000000;-38,507400000000000
323442;17;7;2017;04:05;0;RUA BAR SOBRAL;;;655;;Colis?úo;;;;Meio de Quadra;;;0;1;0;0;0;0;0;0;0;0;0;0;-3,766612000000000;-38,554900000000000
323443;17;7;2017;06:42;0;AV AGUANAMBI;;;0;;Colis?úo;Luz do Dia;;;Meio de Quadra;;;0;1;1;1;0;0;0;0;0;1;0;0;;
323444;17;7;2017;06:46;0;AV PERIMETRAL;;;351;;Colis?úo;Luz do Dia;;;Meio de Quadra;;;0;1;1;1;0;0;0;0;0;1;0;0;;
323469;17;7;2017;07:08;0;RUA OSCAR ARARIPE;;;1264;;Atropelamento;Luz do Dia;;;Meio de Quadra;;;0;2;0;0;0;0;0;0;0;1;0;0;-3,790153000000000;-38,602580000000000
323470;17;7;2017;07:17;0;AV PONTES VIEIRA;;;177;VIADUTO;Colis?úo;Luz do Dia;;;Meio de Quadra;;;0;1;0;0;0;0;0;0;0;0;0;0;-3,753338000000000;-38,518720000000000
323471;17;7;2017;07:18;7693;RUA RIO GRANDE DO SUL;RUA CEARA;;0;;Colis?úo;Luz do Dia;;;Cruz;Sem?íforo;Comercial;0;1;1;1;0;0;0;0;0;1;0;0;-3,758036000000000;-38,567187000000000
323473;17;7;2017;07:49;9169;AV LUCIANO CARNEIRO;RUA DR ALFREDO WEYNE D14;;0;;Colis?úo;Luz do Dia;;;T;Pare;Comercial;0;2;1;1;0;0;0;0;0;1;0;0;-3,754682000000000;-38,533556000000000
323476;17;7;2017;07:58;0;RUA RIO TOCANTINS;;;357;;Colis?úo;Luz do Dia;;;Meio de Quadra;;;0;1;1;1;0;1;0;0;0;0;0;0;-3,719641000000000;-38,580847000000000
323446;17;7;2017;06:50;0;AV DR SILAS MUNGUBA;;;4956;;Colis?úo;Luz do Dia;;;Meio de Quadra;;;0;1;1;0;0;0;0;0;0;1;0;0;-3,797162900000000;-38,531801200000000
323504;17;7;2017;10:27;2486;AV FRANCISCO SA;RUA SEN ROBERT KENNEDY;;0;;Colis?úo;Luz do Dia;;;Cruz;Pare;Comercial;0;2;1;0;0;0;0;0;0;1;0;0;-3,709140000000000;-38,581426000000000
323515;17;7;2017;12:37;17414;RUA 15 DE NOVEMBRO;RUA ZACARIAS GONDIM;;0;;Colis?úo;Luz do Dia;;;Cruz;Pare;Comercial;0;1;0;0;0;0;0;0;0;0;0;0;-3,768021000000000;-38,558445000000000
323516;17;7;2017;13:24;0;AV DR SILAS MUNGUBA;;;0;;Colis?úo;Luz do Dia;;;Meio de Quadra;;;0;1;1;0;0;0;0;0;0;1;0;0;;
323517;17;7;2017;13:55;0;RUA VALPARAISO;;;864;;Queda;Luz do Dia;;;Meio de Quadra;;;0;1;0;0;0;0;0;0;0;1;0;0;-3,843114000000000;-38,527135000000000
323509;17;7;2017;10:55;0;RUA TEODOMIRO DE CASTRO;;;3945;;Colis?úo;Luz do Dia;;;Meio de Quadra;;;0;1;1;1;0;0;0;0;0;1;0;0;-3,720456000000000;-38,568992000000000
323510;17;7;2017;11:04;0;AV FRANCISCO SA;;;6460;;Colis?úo;Luz do Dia;;;Meio de Quadra;;;0;1;1;1;0;0;0;0;0;1;0;0;-3,708659100000000;-38,582106000000000
323511;17;7;2017;11:12;0;AV CASTELO DE CASTRO;;;527;;Colis?úo;Luz do Dia;;;Meio de Quadra;;;0;1;1;1;0;0;0;0;0;1;0;0;-3,833771000000000;-38,521584000000000
323512;17;7;2017;11:00;0;AV MAE LISBOA;;;5000;;Colis?úo;Luz do Dia;;Seca;Meio de Quadra;;;0;1;1;0;0;0;0;0;0;1;0;0;-3,810138000000000;-38,433130000000000
323478;17;7;2017;08:00;0;RUA GUSTAVO SAMPAIO;;;1784;;Colis?úo;Luz do Dia;;;Meio de Quadra;;;0;1;1;1;0;0;0;0;0;1;0;0;-3,736074000000000;-38,560462000000000
323524;17;7;2017;17:37;0;AV GAL OSORIO DE PAIVA;;;0;;Colis?úo;Anoitecer;;;Meio de Quadra;;;0;1;1;1;0;0;0;0;0;1;0;0;;
323525;17;7;2017;17:40;0;RUA ALFREDO MAMEDE;;;880;;Colis?úo;Anoitecer;;;Meio de Quadra;;;0;1;0;0;0;0;0;0;0;0;0;0;-3,814068000000000;-38,584807000000000
323519;17;7;2017;16:33;0;AV CAP WALDEMAR PAULA LIMA;;;810;;Colis?úo;Luz do Dia;;;Meio de Quadra;;;0;1;1;0;0;0;0;0;0;1;0;0;-3,820627000000000;-38,508490000000000
323520;17;7;2017;16:55;0;AV GODOFREDO MACIEL;;;5923;;Colis?úo;Luz do Dia;;;Meio de Quadra;;;0;0;1;0;0;0;0;0;0;0;0;0;-3,826493000000000;-38,579506000000000
323521;17;7;2017;16:56;0;RUA SAO MARCOS;;;40;;Queda;Luz do Dia;;;Meio de Quadra;;;0;1;0;0;0;1;0;0;0;0;0;0;;
323507;17;7;2017;10:34;0;RUA OSCAR ARARIPE;;;1473;;Colis?úo;Luz do Dia;;;Meio de Quadra;;;0;1;0;0;0;0;0;0;0;0;0;0;-3,789554000000000;-38,604457000000000
323549;17;7;2017;18:43;0;AV JOSE BASTOS;;;0;;Colis?úo;;;;Meio de Quadra;;;0;1;1;1;0;0;0;0;0;1;0;0;;
323550;17;7;2017;20:07;0;AV ODILON GUIMARAES;;;1650;;Colis?úo;;;;Meio de Quadra;;;0;1;1;1;0;0;0;0;0;1;0;0;-3,823490000000000;-38,477984000000000
323551;17;7;2017;20:48;0;AV MR HULL;;;400;;Atropelamento;N?úo Informado;;Seca;Meio de Quadra;;;0;2;0;0;0;0;0;0;0;1;0;0;-3,740943900000000;-38,600688900000000
323554;17;7;2017;21:18;22017;RUA CANDIDO JUCA;RUA PAPI JUNIOR;;0;;Colis?úo;;;;;;;0;1;0;0;0;0;0;0;0;0;0;0;-3,741137000000000;-38,547446000000000
323591;18;7;2017;17:39;0;AV LAURO VIEIRA CHAVES;;;826;;Atropelamento;Anoitecer;;;Meio de Quadra;;;0;1;1;0;1;0;0;0;0;0;0;0;-3,772338900000000;-38,532838900000000
323595;18;7;2017;18:20;0;AV PRS COSTA E SILVA;;;0;;Atropelamento;Anoitecer;;;Meio de Quadra;;;0;1;0;0;0;0;0;0;0;0;0;0;;
323607;18;7;2017;20:38;0;RUA CARLOS CAMARA;;;0;;Queda;;;;Meio de Quadra;;;0;1;0;0;0;0;0;0;0;1;0;0;;
323608;18;7;2017;21:48;0;RUA COS LAFAYETE;;;0;;Atropelamento;;;;Meio de Quadra;;;0;1;0;0;0;0;0;0;0;0;0;0;;
323609;18;7;2017;21:52;12614;AV CEL CARVALHO;AV WASHINGTON LUIS;;0;;Atropelamento;;;;;;;0;1;0;0;0;0;0;0;0;0;0;0;;
323610;18;7;2017;23:24;0;RUA CEL MANUEL ANTONIO LEITE;;;150;;Queda;;;;Meio de Quadra;;;0;0;1;0;0;0;0;0;0;1;0;0;-3,773227000000000;-38,591813000000000
323602;18;7;2017;18:53;0;RUA EMILIANO DE ALMEIDA BRAGA;;;103;;Atropelamento;;;;Meio de Quadra;;;0;1;0;0;0;0;0;0;0;0;0;0;-3,819967561000000;-38,523492701000000
323603;18;7;2017;19:04;0;RUA MONTE PASCOAL;;;0;;Colis?úo;;;;Meio de Quadra;;;0;1;0;0;0;0;0;0;0;0;0;0;;
323604;18;7;2017;19:57;0;AV BEZERRA DE MENEZES;;;892;;Colis?úo;;;;Meio de Quadra;;;0;1;0;0;0;0;0;0;0;0;0;0;-3,733171000000000;-38,552378000000000
323574;18;7;2017;11:25;0;RUA DR QUIXADA FELICIO;;;180;;Colis?úo;Luz do Dia;;;Meio de Quadra;;;0;1;1;0;0;0;0;0;0;1;0;0;-3,710130600000000;-38,594914300000000
323571;18;7;2017;09:52;0;RUA ALM RUBIM;;;118;;Colis?úo;Luz do Dia;;;Meio de Quadra;;;0;1;1;1;0;0;0;0;0;1;0;0;-3,760445000000000;-38,549731000000000
323572;18;7;2017;10:36;0;AV CASTELO DE CASTRO;;;724;;Atropelamento de Animal;Luz do Dia;;;Meio de Quadra;;;0;1;0;0;0;0;0;0;0;1;0;0;-3,835864000000000;-38,521656000000000
323586;18;7;2017;11:40;0;RUA THOMPSON GONCALVES;;;529;;Colis?úo;Luz do Dia;;;Meio de Quadra;;;0;1;1;0;0;0;0;0;0;1;0;0;-3,782925000000000;-38,582856000000000
323587;18;7;2017;11:54;2614;AV CEL CARVALHO;RUA DES HERMES PARAHYBA;;0;;Colis?úo;Luz do Dia;;;Cruz;Sem?íforo;Comercial;0;1;1;1;0;0;0;0;0;1;0;0;-3,713855000000000;-38,588830000000000
323588;18;7;2017;12:45;0;AV ODILON GUIMARAES;;;1956;;Atropelamento de Animal;Luz do Dia;;;Meio de Quadra;;;0;1;0;0;0;0;0;0;0;1;0;0;-3,821360000000000;-38,476448000000000
323589;18;7;2017;12:49;0;AV GODOFREDO MACIEL;;;0;;Colis?úo;Luz do Dia;;;Meio de Quadra;;;0;1;0;0;0;0;0;0;0;0;0;0;;
323569;18;7;2017;08:21;0;RUA OSVALDO CRUZ;;;2615;;Colis?úo;Luz do Dia;;;Meio de Quadra;;;0;1;1;1;0;0;0;0;0;1;0;0;-3,748737000000000;-38,504330000000000
323566;18;7;2017;08:20;0;AV JOAO PESSOA;;;6220;;Colis?úo;Luz do Dia;;;Meio de Quadra;;;0;1;1;1;0;0;0;0;0;1;0;0;-3,764688000000000;-38,558760000000000
323558;18;7;2017;06:27;0;AV PRO JOSE ARTHUR CARVALHO;;;0;;Atropelamento;Luz do Dia;;;Meio de Quadra;;;0;1;0;0;0;0;0;0;0;0;0;0;;
323559;18;7;2017;07:30;6564;AV H CJ CEARA;AV G CJ CEARA;;0;;Colis?úo;Luz do Dia;;;T;Pare;Misto;0;1;1;1;0;0;0;0;0;1;0;0;;
323564;18;7;2017;07:45;0;RUA MARIO DA SILVEIRA;;;140;;Colis?úo;Luz do Dia;;;Meio de Quadra;;;0;1;1;1;0;0;0;0;0;1;0;0;-3,766698000000000;-38,569293000000000
323598;18;7;2017;18:29;650;RUA COS GOUVEIA;RUA FREDERICO ANDRADE;;0;;Colis?úo;Anoitecer;;;Cruz;Pare;Residencial;0;1;0;0;0;0;0;0;0;0;0;0;-3,717218000000000;-38,565142000000000
310063;18;7;2017;07:28;25665;RUA MARVIN;RUA ANTENOR ROCHA ALEXANDRE;;0;;Colis?úo Transversal;Luz do Dia;Nublado;Seca;Cruz;Pare;Residencial;0;1;1;1;0;0;0;0;0;0;0;0;-3,792349600000000;-38,483665000000000
310064;18;7;2017;09:15;5174;RUA GUILHERME ROCHA;AV TRISTAO GONCALVES;;0;;Colis?úo Lateral;Luz do Dia;Nublado;Seca;Cruz;Sem?íforo;Comercial;0;1;1;1;0;0;0;0;0;1;0;0;-3,725486500000000;-38,532490000000000
310065;18;7;2017;10:00;0;RUA MON CARNEIRO DA CUNHA;RUA ADRIANO MARTINS;;0;;Colis?úo Traseira;Luz do Dia;Bom;Seca;T;Pare;Residencial;0;1;1;1;0;0;0;0;0;1;0;0;-3,724423600000000;-38,544260000000000
310066;18;7;2017;11:05;0;RUA GERMANO FRANCK;;;76;;Colis?úo Traseira;Luz do Dia;Bom;Seca;Meio de Quadra;N?úo H?í Controle;Residencial;0;0;3;1;0;0;0;0;0;0;0;0;-3,773772000000000;-38,557938000000000
310067;18;7;2017;13:00;12865;RUA JOAQUIM MAGALHAES;RUA EUSEBIO DE SOUZA;;0;;Colis?úo Traseira;Luz do Dia;Bom;Seca;Cruz;Pare;Residencial;0;0;2;1;0;0;0;1;0;0;0;0;-3,740501200000000;-38,526250000000000
310068;18;7;2017;16:29;13735;RUA NELSON STUDART;RUA CAIO CID;;0;;Colis?úo Transversal;Luz do Dia;Bom;Seca;Cruz;Pare;Residencial;0;0;2;1;0;0;0;0;0;0;0;0;-3,773562000000000;-38,484730000000000
310069;18;7;2017;16:57;0;AV JOAO PESSOA;;;7189;;Colis?úo Transversal;Luz do Dia;Bom;Seca;Meio de Quadra;N?úo H?í Controle;Comercial;0;0;2;1;0;0;0;0;0;0;0;0;-3,772958800000000;-38,562122000000000
310070;18;7;2017;17:21;0;AV FRE CIRILO;;;4340;;Engavetamento;Via Iluminada;Bom;Seca;Meio de Quadra;N?úo H?í Controle;Comercial;0;0;3;1;0;0;0;0;0;0;0;0;-3,821702200000000;-38,495594000000000
310071;18;7;2017;21:50;13907;RUA GAL CAIADO DE CASTRO;RUA EVARISTO DE CASTRO;;0;;Colis?úo Transversal;Via Iluminada;Bom;Seca;Cruz;Pare;Residencial;0;1;1;1;0;0;0;0;0;0;0;0;-3,784128200000000;-38,488518000000000
310061;18;7;2017;00:01;0;AV DA UNIVERSIDADE;;;2210;;Queda;Via Iluminada;Bom;Seca;Meio de Quadra;N?úo H?í Controle;Comercial;0;1;0;0;0;0;0;0;0;1;0;0;-3,736977000000000;-38,535465000000000
306544;18;7;2017;16:10;0;RUA PRO DIAS DA ROCHA;;;203;;Outros;Luz do Dia;;;Meio de Quadra;;;0;0;2;1;0;0;0;0;0;0;0;0;-3,731130000000000;-38,490275000000000
306542;18;7;2017;14:42;10050;RUA VITAL BRASIL;RUA BRAGANCA;;0;;Colis?úo Traseira;Luz do Dia;;;Com Via F?®rrea;Pare;Misto;0;1;1;1;0;0;0;0;0;1;0;0;-3,778580000000000;-38,595995000000000
306546;18;7;2017;13:35;0;AV ALM MAXIMIANO DA FONSECA;;;1395;;Colis?úo Transversal;Luz do Dia;;;Meio de Quadra;;;0;0;2;1;0;0;0;0;0;1;0;0;-3,771533000000000;-38,484027000000000
306529;18;7;2017;20:41;25081;AV SANTOS DUMONT;RUA DEP ALFREDO BARREIRA FILHO;;0;;Colis?úo Lateral;;;;T;N?úo H?í Controle;Comercial;0;1;1;1;0;0;0;0;0;1;0;0;;
306531;18;7;2017;13:30;5265;RUA PEDRO PEREIRA;RUA VINTE E QUATRO DE MAIO;;0;;Colis?úo Lateral;Luz do Dia;;;Cruz;Pare;Comercial;0;1;1;0;0;0;0;0;0;1;0;0;-3,728400000000000;-38,532486000000000
306532;18;7;2017;13:50;12646;RUA GUILHERME MENDES;RUA ERETIDES ALENCAR;;0;;Colis?úo Transversal;Luz do Dia;;;Cruz;Pare;Residencial;0;1;1;1;0;0;0;0;0;1;0;0;-3,721082000000000;-38,582412000000000
306527;18;7;2017;16:35;12614;AV CEL CARVALHO;RUA COS LAFAYETE;;0;;Colis?úo Lateral;Luz do Dia;;;Cruz;Sem?íforo;Comercial;0;1;1;0;0;0;0;0;0;1;0;0;-3,717512000000000;-38,587938000000000
306534;18;7;2017;15:40;3819;RUA JUVENAL GALENO;AV CARAPINIMA;;0;;Colis?úo Lateral;Luz do Dia;;;Cruz;Sem?íforo;Residencial;0;0;2;1;0;0;0;0;0;0;0;0;-3,738998000000000;-38,539176000000000
306538;18;7;2017;23:30;0;AV AUGUSTO DOS ANJOS;;;1717;;Colis?úo;;;;Meio de Quadra;;;0;1;1;1;0;0;0;0;0;1;0;0;-3,781049000000000;-38,579924000000000
306637;19;7;2017;16:00;0;RUA JOAQUIM NABUCO;;;2300;;Colis?úo Traseira;Luz do Dia;Bom;Seca;Meio de Quadra;N?úo H?í Controle;Residencial;0;0;2;1;0;0;0;0;0;1;0;0;-3,745435000000000;-38,504553000000000
306638;19;7;2017;11:23;12892;AV DOMINGOS OLIMPIO;RUA BAR RIO BRANCO;;0;;Colis?úo Traseira;Luz do Dia;Bom;Seca;Cruz;Sem?íforo;Comercial;0;0;2;1;1;0;0;0;0;0;0;0;-3,736579000000000;-38,531494000000000