COD_ACIDENTE;DIA;MES;ANO;HORA;INTERSECAO;LOG1;LOG2;LOG3;NUMERO;REFERENCIA;NATUREZA;ILUMINACAO;TEMPO;SUPERFICIEPISTA;TIPOCRUZAMENTO;CONTROLETRAFEGO;USOSOLO;MORTOS;FERIDOS;ILESOS;AUTOMOVEL;ONIBUS;BICICLETA;CAMINHAO;MICROONIBUS;CICLOMOTOR;MOTOCICLETA;TRACAOANIMAL;TREM;LATITUDE;LONGITUDE
306561;20;7;2017;07:00;11332;AV GODOFREDO MACIEL;RUA ROSA CRUZ;;0;;Colis?úo Lateral;Luz do Dia;;;Cruz;N?úo H?í Controle;Comercial;0;1;1;1;0;0;0;0;0;1;0;0;-3,797817000000000;-38,570334000000000
306548;20;7;2017;12:15;0;RUA OSVALDO CRUZ (ALDEOTA);;;1901;;Queda;Luz do Dia;;;Meio de Quadra;;;0;1;0;0;0;0;0;0;0;1;0;0;;
306555;20;7;2017;15:06;0;AV ENG HUMBERTO MONTE;;;1789;;Engavetamento;Luz do Dia;;;Meio de Quadra;;;0;0;3;1;0;0;0;1;0;0;0;0;-3,745147000000000;-38,563782000000000
306556;20;7;2017;14:40;0;AV 13 DE MAIO;;;360;VIADUTO AGUANAMBI;Engavetamento;Luz do Dia;;;Meio de Quadra;;;0;0;3;1;0;0;0;0;0;0;0;0;-3,753242000000000;-38,524750000000000
306557;20;7;2017;14:10;0;AV IMPERADOR;;;243;;Colis?úo Traseira;Luz do Dia;;;Meio de Quadra;;;0;0;2;1;0;0;0;0;0;0;0;0;-3,723344000000000;-38,533309000000000
306574;21;7;2017;12:00;0;RUA PRO GOMES BRASIL;;;486;;Colis?úo Lateral;Luz do Dia;Chuva;Molhada;Meio de Quadra;N?úo H?í Controle;Comercial;0;1;1;1;0;0;0;0;0;1;0;0;-3,771507000000000;-38,569473000000000
306580;21;7;2017;15:40;10960;RUA ELCIAS LOPES;RUA EUZEBIO DE QUEIROS;;0;;Outros;Luz do Dia;Nublado;Seca;Cruz;Pare;Residencial;0;0;2;0;0;0;0;0;0;1;0;0;-3,771096000000000;-38,555685000000000
306581;21;7;2017;09:00;0;AV SEN FERNANDES TAVORA;;;912;;Choque c/ Obst?ículo Fixo;Luz do Dia;;;Meio de Quadra;;;0;0;1;0;0;0;0;0;0;0;0;0;-3,762861000000000;-38,580899000000000
306587;21;7;2017;09:40;0;RUA SERGIPE;;;1203;;Queda;Luz do Dia;Chuva;Molhada;Meio de Quadra;N?úo H?í Controle;Rural;0;0;1;0;0;0;0;0;0;0;0;0;-3,761219000000000;-38,569825000000000
306609;21;7;2017;18:00;0;RUA PDE PEDRO DE ALENCAR;;;0;;Colis?úo Traseira;Anoitecer;Bom;Seca;Meio de Quadra;N?úo H?í Controle;Residencial;0;0;2;0;1;0;0;0;0;0;0;0;;
306591;21;7;2017;16:30;12904;AV AGUANAMBI;RUA SOUSA GIRAO;;0;;Colis?úo Lateral;Luz do Dia;Bom;Seca;T;Pare;Comercial;0;0;2;1;0;0;0;0;0;0;0;0;-3,740908000000000;-38,525284000000000
306602;21;7;2017;23:30;0;AV JOAO PESSOA;;;5453;;Choque c/ Obst?ículo Fixo;Via Iluminada;Chuva;Molhada;Meio de Quadra;N?úo H?í Controle;Residencial;0;1;0;1;0;0;0;0;0;0;0;0;-3,758771000000000;-38,555134000000000
306603;21;7;2017;14:00;0;RUA L CJ VILA VELHA;;;1306;;Colis?úo Transversal;Luz do Dia;Bom;Seca;Meio de Quadra;N?úo H?í Controle;Residencial;0;1;1;1;0;0;0;0;0;1;0;0;-3,711699400000000;-38,599545200000000
325010;21;7;2017;11:00;0;RD CE-060;;;0;KM-03;Colis?úo;Luz do Dia;;Seca;Meio de Quadra;;;0;0;2;1;0;0;1;0;0;0;0;0;-3,843038000000000;-38,585133000000000
325012;21;7;2017;13:00;0;AV SEN CARLOS JEREISSATI (AEROPORTO);;;0;KM 01;Colis?úo;Luz do Dia;;Molhada;Meio de Quadra;;;0;0;2;1;0;0;0;0;0;0;0;0;-3,783753000000000;-38,526850000000000
325972;21;7;2017;05:30;0;RD BR 222;;;100;KM-03;Choque c/ Obst?ículo Fixo;Amanhecer;;Seca;Meio de Quadra;;;0;2;0;0;0;0;0;0;0;1;0;0;;
325973;21;7;2017;22:20;0;RD BR 116;;;12000;KM-12;Queda;N?úo Informado;;Molhada;Meio de Quadra;;;0;1;0;0;0;0;0;0;0;1;0;0;-3,855740000000000;-38,496066000000000
310118;21;7;2017;00:55;1437;RUA SILVA PAULET;RUA JOAO CARVALHO;;0;;Colis?úo Transversal;Via Iluminada;Chuva;Molhada;Cruz;Pare;Comercial;0;0;2;1;0;0;0;0;0;0;0;0;-3,738040000000000;-38,506450000000000
310119;21;7;2017;05:55;7775;AV BAR STUDART;AV ANTONIO SALES;;0;;Colis?úo Transversal;Amanhecer;Nublado;Molhada;Cruz;Sem?íforo;Comercial;0;0;2;1;0;0;0;0;0;0;0;0;-3,743517900000000;-38,509254000000000
310121;21;7;2017;09:12;3336;RUA VIRIATO RIBEIRO;RUA RIO GRANDE DO SUL;;0;;Colis?úo Transversal;Luz do Dia;Chuva;Molhada;Cruz;Pare;Escola;0;0;2;1;0;0;0;0;0;0;0;0;-3,750201700000000;-38,561360000000000
310122;21;7;2017;10:19;9222;RUA GAL SILVA JUNIOR;RUA GRACILIANO RAMOS;;0;;Colis?úo Transversal;Luz do Dia;Chuva;Molhada;Cruz;Pare;Comercial;0;0;2;1;0;0;0;0;0;0;0;0;-3,753395600000000;-38,530098000000000
310123;21;7;2017;10:15;3779;RUA VINTE E QUATRO DE MAIO;RUA ANTONIO POMPEU;;0;;Colis?úo Transversal;Luz do Dia;Chuva;Molhada;Cruz;Pare;Comercial;0;1;0;0;0;0;0;0;0;1;0;0;-3,733625200000000;-38,534310000000000
310124;21;7;2017;09:30;7871;RUA PRO FRANCISCO GONCALVES;RUA LEONARDO MOTA;;0;;Colis?úo Transversal;Luz do Dia;Chuva;Molhada;Cruz;Pare;Comercial;0;0;2;0;0;0;0;0;0;0;0;0;-3,747151400000000;-38,499756000000000
310125;21;7;2017;10:30;0;AV DR SILAS MUNGUBA;;;4384;;Colis?úo Transversal;Luz do Dia;Chuva;Molhada;T;Gesto;Comercial;0;0;2;1;0;0;0;0;0;1;0;0;-3,792090400000000;-38,536390000000000
310126;21;7;2017;09:30;21369;AV JOVITA FEITOSA;RUA CARVALHO MOTA;;0;;Colis?úo Transversal;Luz do Dia;Chuva;Molhada;Cruz;Pare;Comercial;0;1;1;0;0;0;0;0;0;1;0;0;-3,737446300000000;-38,544834000000000
310127;21;7;2017;10:48;0;RUA DIAMANTINA;AV AMERICO BARREIRA;;0;;Colis?úo Traseira;Luz do Dia;Nublado;Molhada;T;Sem?íforo;Comercial;0;0;2;0;0;0;0;0;0;0;0;0;-3,764855900000000;-38,567265000000000
310128;21;7;2017;13:29;0;RUA JOAQUIM NABUCO;;;1559;;Colis?úo Traseira;Luz do Dia;Nublado;Molhada;Cruz;Sem?íforo;Comercial;0;0;2;1;0;0;0;0;0;0;0;0;-3,739070000000000;-38,502567000000000
310129;21;7;2017;11:51;2699;RUA CEL VIRGILIO NOGUEIRA (BOM JARDIM);RUA OSCAR ARARIPE;;0;;Colis?úo Transversal;Luz do Dia;Chuva;Molhada;Cruz;Sem?íforo;Comercial;0;0;1;0;1;0;0;0;0;1;0;0;-3,788710400000000;-38,608730000000000
310130;21;7;2017;14:05;0;RUA ALBERTO MAGNO;;;1323;;Colis?úo Transversal;Luz do Dia;Nublado;Seca;Meio de Quadra;N?úo H?í Controle;Comercial;0;0;2;1;0;0;0;0;0;0;0;0;-3,765720800000000;-38,550860000000000
310131;21;7;2017;15:57;0;AV PRS CASTELO BRANCO;;;0;10?? REGI?âO MILITAR;Colis?úo Traseira;Luz do Dia;Bom;Seca;Meio de Quadra;D?¬ Prefer?¬ncia;Residencial;0;0;2;1;0;0;0;0;0;0;0;0;-3,721780800000000;-38,526142000000000
310132;21;7;2017;15:59;0;AV JOR THOMAZ COELHO;;;3300;;Colis?úo Lateral;Luz do Dia;Chuva;Molhada;Meio de Quadra;N?úo H?í Controle;Comercial;0;1;1;0;0;0;0;0;0;1;0;0;-3,828978500000000;-38,523655000000000
310133;21;7;2017;16:08;22127;RUA GUSTAVO BRAGA;RUA MAJ PEDRO SAMPAIO;;413;;Colis?úo Transversal;Luz do Dia;Nublado;Seca;Cruz;Pare;Comercial;0;0;2;1;0;0;0;0;0;0;0;0;-3,748582600000000;-38,555290000000000
310134;21;7;2017;17:20;0;AV BAR STUDART;;;626;;Colis?úo Traseira;Via Iluminada;Bom;Seca;Meio de Quadra;Sem?íforo;Comercial;0;0;2;1;1;0;0;0;0;0;0;0;-3,729448300000000;-38,505074000000000
310135;21;7;2017;19:24;0;AV RUI BARBOSA;;;2100;;Engavetamento;Via Iluminada;Bom;Seca;Meio de Quadra;Gesto;Comercial;0;0;3;1;0;0;0;0;0;0;0;0;-3,741376600000000;-38,511173000000000
310136;21;7;2017;19:30;0;AV DES GONZAGA;;;316;;Colis?úo Traseira;Via Iluminada;Bom;Seca;Meio de Quadra;N?úo H?í Controle;Comercial;0;0;2;1;0;0;0;0;0;0;0;0;-3,789816400000000;-38,503403000000000
310140;21;7;2017;13:24;12884;RUA COS TRISTAO;RUA MES ROSA;;0;;Colis?úo Transversal;Luz do Dia;Bom;Seca;Cruz;Pare;Comercial;0;0;2;1;0;0;0;0;0;1;0;0;-3,741933600000000;-38,527660000000000
304114;21;7;2017;05:27;0;AV MR HULL;;;0;;Atropelamento;Amanhecer;;;Meio de Quadra;;;1;0;1;0;0;0;0;0;0;1;0;0;-3,739500161000000;-38,590566313000000
323833;21;7;2017;01:14;0;AV ALBERTO CRAVEIRO;;;0;;Colis?úo;;;;Meio de Quadra;;;0;1;1;1;0;0;0;0;0;1;0;0;;
323834;21;7;2017;01:45;0;AV CASTELO DE CASTRO;;;0;;Colis?úo;;;;Meio de Quadra;;;0;1;1;1;0;0;0;0;0;1;0;0;;
323838;21;7;2017;02:40;0;AV BEZERRA DE MENEZES;;;0;;Queda;;;;Meio de Quadra;;;0;1;0;0;0;0;0;0;0;1;0;0;;
323842;21;7;2017;03:24;0;AV OLIVEIRA PAIVA;;;0;;Colis?úo;;;;Meio de Quadra;;;0;1;1;1;0;0;0;0;0;1;0;0;;
323843;21;7;2017;05:30;310;RUA AMADEU FURTADO;RUA NELSON MACHADO;;0;;Queda;Amanhecer;;;Cruz;Pare;Misto;0;1;0;0;0;0;0;0;0;1;0;0;-3,743996000000000;-38,562335000000000
323844;21;7;2017;07:48;5203;RUA PEDRO PEREIRA;RUA AGAPITO DOS SANTOS;;0;;Colis?úo;Luz do Dia;;;Cruz;Pare;Comercial;0;1;1;1;0;0;0;0;0;1;0;0;-3,726324000000000;-38,538907000000000
323847;21;7;2017;08:12;3336;RUA RIO GRANDE DO SUL;RUA VIRIATO RIBEIRO;;0;;Atropelamento;Luz do Dia;;;Cruz;Pare;Escola;0;1;1;1;0;0;0;0;0;0;0;0;-3,750184000000000;-38,561355000000000
323850;21;7;2017;10:13;26086;AV JOSE JATAHY;RUA AZEVEDO BOLAO;;0;;Atropelamento;Luz do Dia;;;Cruz;Sem?íforo;Residencial;0;1;1;0;0;0;0;0;0;1;0;0;-3,733663000000000;-38,544494000000000
323951;21;7;2017;08:06;1305;RUA MARIA TOMASIA;RUA OSVALDO CRUZ (ALDEOTA);;0;;Colis?úo;Luz do Dia;;;Cruz;Pare;Comercial;0;1;1;1;0;0;0;0;0;1;0;0;-3,734580000000000;-38,499989000000000
323952;21;7;2017;08:50;0;RUA SUECIA;;;721;;Colis?úo;Luz do Dia;;;Meio de Quadra;;;0;1;0;0;0;0;0;0;0;0;0;0;;
323953;21;7;2017;09:06;0;AV RAD JOSE LIMA VERDE;;;520;;Colis?úo;Luz do Dia;;;Meio de Quadra;;;0;1;0;0;0;0;0;0;0;0;0;0;-3,696343000000000;-38,586407000000000
323943;21;7;2017;07:37;0;RUA COM GARCIA;;;1815;;Colis?úo;Luz do Dia;;;Meio de Quadra;;;0;1;1;1;0;0;0;0;0;1;0;0;-3,798687000000000;-38,588198000000000
323913;21;7;2017;22:05;4259;RUA PLACIDO CARVALHO;RUA NAT FEIJO;;0;;Colis?úo;;;;Cruz;Pare;Residencial;0;1;1;1;0;0;0;0;0;1;0;0;-3,721655000000000;-38,555624000000000
323914;21;7;2017;22:16;0;AV GODOFREDO MACIEL;;;0;;Colis?úo;;;;Meio de Quadra;;;0;1;0;0;0;0;0;0;0;0;0;0;;
323915;21;7;2017;22:19;10954;RUA EUZEBIO DE QUEIROS;RUA DOM CARLOTO TAVORA;;0;;Colis?úo;;;;Cruz;Pare;Residencial;0;1;0;0;0;0;0;0;0;0;0;0;-3,770181000000000;-38,555338000000000
323898;21;7;2017;18:42;0;RUA CEL MATOS DOURADO;;;485;;Atropelamento;;;;Meio de Quadra;;;0;2;0;0;0;0;0;0;0;1;0;0;-3,742935000000000;-38,585061000000000
323895;21;7;2017;17:57;0;RUA RIO TOCANTINS;;;540;;Atropelamento;Anoitecer;;;Meio de Quadra;;;0;1;0;0;0;0;0;0;0;0;0;0;-3,721134000000000;-38,580996000000000
323896;21;7;2017;18:38;0;RUA CEL QUEIROZ;;;571;;Queda;;;;Meio de Quadra;;;0;1;0;0;0;0;0;0;0;1;0;0;;
323901;21;7;2017;20:15;0;AV GAL OSORIO DE PAIVA;;;1880;;Atropelamento;;;;Meio de Quadra;;;0;1;0;0;0;0;0;0;0;0;0;0;-3,783560000000000;-38,579075000000000
323902;21;7;2017;20:49;0;AV DR THEBERGE;;;1708;;Atropelamento;;;;Meio de Quadra;;;0;1;0;0;0;0;0;0;0;0;0;0;-3,716360000000000;-38,565509000000000
323869;21;7;2017;15:08;0;AV FRANCISCO SA;;;2235;;Colis?úo;Luz do Dia;;;Meio de Quadra;;;0;1;0;0;0;0;0;0;0;0;0;0;-3,721301000000000;-38,545486000000000
323922;21;7;2017;01:52;0;AV JOSE BASTOS;;;0;;Queda;;;;Meio de Quadra;;;0;1;0;0;0;0;0;0;0;1;0;0;;
323917;21;7;2017;22:38;0;RD BR 116;;;14000;KM-14;Colis?úo;;;;Meio de Quadra;;;0;1;0;0;0;0;0;0;0;0;0;0;-3,873523000000000;-38,499242000000000
323918;21;7;2017;01:35;0;RUA EDESIO MONTEIRO;;;1130;;Colis?úo;;;;Meio de Quadra;;;0;1;0;0;0;0;0;0;0;0;0;0;;
323910;21;7;2017;20:51;0;RUA BRAGANCA;;;0;;Colis?úo;;;;Meio de Quadra;;;0;1;1;0;0;0;0;0;0;1;0;0;;
323924;21;7;2017;01:53;0;RUA ALM JACEGUAI;;;0;;Atropelamento;;;;Meio de Quadra;;;0;1;0;0;0;0;0;0;0;0;0;0;;
323925;21;7;2017;06:22;0;RUA TIBURCIO PEREIRA;;;13;;Queda;Luz do Dia;;;Meio de Quadra;;;0;1;0;0;0;0;0;0;0;1;0;0;-3,796015000000000;-38,508909000000000
323926;21;7;2017;07:03;0;RUA JORGE ACURCIO;;;740;;Queda;Luz do Dia;;;Meio de Quadra;;;0;1;0;0;0;0;0;0;0;1;0;0;-3,766654000000000;-38,532311000000000
323864;21;7;2017;13:17;0;AV MAE LISBOA;;;2000;;Choque c/ Obst?ículo Fixo;Luz do Dia;;Seca;Meio de Quadra;;;0;1;0;0;0;1;0;0;0;0;0;0;-3,807625662000000;-38,460694497000000
323862;21;7;2017;13:14;0;AV LUCIANO CARNEIRO;;;0;;Colis?úo;Luz do Dia;;;Meio de Quadra;;;0;1;0;0;0;0;0;0;0;0;0;0;;
323859;21;7;2017;11:53;2706;RUA OSCAR FRANCA;RUA CEL VIRGILIO NOGUEIRA (BOM JARDIM);;0;;Colis?úo;Luz do Dia;;;Cruz;Sem?íforo;Residencial;0;1;0;0;0;0;0;0;0;0;0;0;-3,788935404000000;-38,608855206000000
323852;21;7;2017;10:16;0;RUA FRANCISCO GLICERIO;;;839;;Colis?úo;Luz do Dia;;;Meio de Quadra;;;0;1;1;1;0;0;0;0;0;1;0;0;-3,796221000000000;-38,568943000000000
323856;21;7;2017;11:32;0;AV AUGUSTO DOS ANJOS;;;0;;Colis?úo;Luz do Dia;;;Meio de Quadra;;;0;1;1;1;0;0;0;0;0;1;0;0;;
323892;21;7;2017;15:30;0;RUA OSCAR ARARIPE;;;2096;;Colis?úo;Luz do Dia;;;Meio de Quadra;;;0;1;1;1;0;0;0;0;0;1;0;0;-3,787802000000000;-38,609894000000000
323893;21;7;2017;16:12;0;RUA ANA GONCALVES;;;947;;Colis?úo;Luz do Dia;;;Meio de Quadra;;;0;1;1;1;0;0;0;0;0;1;0;0;-3,759111000000000;-38,507717000000000
323960;22;7;2017;10:32;0;RUA DR JOAQUIM BENTO;;;0;;Queda;Luz do Dia;;;Meio de Quadra;;;0;1;0;0;0;0;0;0;0;1;0;0;;
323956;22;7;2017;10:00;0;AV CARNEIRO DE MENDONCA;;;0;;Atropelamento;Luz do Dia;;;Meio de Quadra;;;0;1;1;1;0;0;0;0;0;0;0;0;;
323957;22;7;2017;10:30;5352;AV DOM MANUEL;RUA PINTO MADEIRA;;0;;Atropelamento;Luz do Dia;;;Cruz;Sem?íforo;Comercial;0;2;0;0;0;0;0;0;0;1;0;0;-3,730964000000000;-38,521957000000000
323971;22;7;2017;12:36;0;AV ROGACIANO LEITE;;;400;;Atropelamento;Luz do Dia;;;Meio de Quadra;;;0;1;1;1;0;0;0;0;0;0;0;0;-3,761667000000000;-38,493409000000000
323972;22;7;2017;12:42;0;AV OLIVEIRA PAIVA;;;0;;Colis?úo;Luz do Dia;;;Meio de Quadra;;;0;1;1;1;0;0;0;0;0;1;0;0;;
323973;22;7;2017;13:26;0;RUA EMILIO DE MENESES;;;977;;Atropelamento;Luz do Dia;;;Meio de Quadra;;;0;1;1;1;0;0;0;0;0;0;0;0;-3,780913800000000;-38,590326500000000
323974;22;7;2017;13:47;0;RUA CARLOS CHAGAS;;;130;;Colis?úo;Luz do Dia;;;Meio de Quadra;;;0;1;0;0;0;0;0;0;0;0;0;0;-3,781204000000000;-38,581440000000000
323975;22;7;2017;15:13;0;AV PRS CASTELO BRANCO;;;3043;;Colis?úo;Luz do Dia;;;Meio de Quadra;;;0;1;1;1;0;0;0;0;0;1;0;0;-3,711636000000000;-38,557149000000000
323962;22;7;2017;11:14;0;RUA JULIO BRAGA;;;168;;Colis?úo;Luz do Dia;;;Meio de Quadra;;;0;1;1;1;0;0;0;0;0;1;0;0;-3,778192000000000;-38,572644000000000
323980;22;7;2017;15:21;0;AV SEN FERNANDES TAVORA;;;0;;Colis?úo;Luz do Dia;;;Meio de Quadra;;;0;1;0;0;0;0;0;0;0;0;0;0;;
323969;22;7;2017;12:31;5402;RUA METON DE ALENCAR;RUA VINTE E QUATRO DE MAIO;;0;;Colis?úo;Luz do Dia;;;Cruz;Pare;Comercial;0;1;1;1;0;0;0;0;0;1;0;0;-3,732626000000000;-38,533848000000000
323987;22;7;2017;15:30;0;AV GAL OSORIO DE PAIVA;;;4666;;Colis?úo;Luz do Dia;;;Meio de Quadra;;;0;1;0;0;0;0;0;0;0;0;0;0;-3,799744000000000;-38,597235000000000
323992;22;7;2017;16:27;0;AV JOAO PESSOA;;;5520;;Queda;Luz do Dia;;;Meio de Quadra;;;0;1;0;0;0;0;0;0;0;1;0;0;-3,759265000000000;-38,555585000000000
324001;22;7;2017;18:18;0;AV DOMINGOS OLIMPIO;;;180;;Colis?úo;Anoitecer;;;Meio de Quadra;;;0;1;0;0;0;0;0;0;0;0;0;0;-3,738102000000000;-38,526273000000000
323996;22;7;2017;17:59;0;RD BR 116;;;0;;Colis?úo;Anoitecer;;;Meio de Quadra;;;0;1;1;1;0;0;0;0;0;1;0;0;;
324012;22;7;2017;18:22;0;AV FRE CIRILO;;;4810;;Colis?úo;Anoitecer;;;Meio de Quadra;;;0;1;1;0;0;0;0;0;0;1;0;0;-3,825645000000000;-38,493800000000000
324013;22;7;2017;18:29;0;AV BEZERRA DE MENEZES;;;0;;Queda;Anoitecer;;;Meio de Quadra;;;0;1;0;0;0;1;0;0;0;0;0;0;;
324014;22;7;2017;18:51;0;RUA RAIMUNDO NERY;;;355;;Capotamento;;;;Meio de Quadra;;;0;1;0;1;0;0;0;0;0;0;0;0;-3,794990000000000;-38,586074000000000
324015;22;7;2017;19:00;0;RUA EMILIO DE MENESES;;;0;;Queda;;;;Meio de Quadra;;;0;1;0;0;0;1;0;0;0;0;0;0;;
324025;22;7;2017;20:15;0;AV JOVITA FEITOSA;;;410;;Colis?úo;;;;Meio de Quadra;;;0;1;0;0;0;0;0;0;0;1;0;0;-3,737959000000000;-38,547289000000000
324028;22;7;2017;20:42;0;AV FRANCISCO SA;;;7905;;Atropelamento;;;;Meio de Quadra;;;0;1;0;0;0;0;0;0;0;0;0;0;-3,704578000000000;-38,589011000000000
324022;22;7;2017;19:31;15204;AV ABOLICAO;RUA JULIO IBIAPINA;;0;;Colis?úo;;;;Cruz;Sem?íforo;Comercial;0;1;0;0;0;0;0;0;0;0;0;0;-3,726679000000000;-38,491290000000000
324023;22;7;2017;19:37;0;RUA TOME DE SOUZA;;;538;;Colis?úo;;;;Meio de Quadra;;;0;1;1;1;0;0;0;0;0;1;0;0;-3,827732000000000;-38,486137000000000
324018;22;7;2017;19:03;0;AV BEZERRA DE MENEZES;;;495;;Queda;;;;Meio de Quadra;;;0;1;0;0;0;1;0;0;0;0;0;0;-3,732517000000000;-38,549245000000000
323990;22;7;2017;15:41;0;RUA ANGELA DINIZ;;;1309;;Colis?úo;Luz do Dia;;;Meio de Quadra;;;0;1;0;0;0;0;0;0;0;0;0;0;-3,844309000000000;-38,530070000000000
324020;22;7;2017;19:26;15696;RUA TOME DE SOUZA;RUA GUILHERME PESSOA;;0;;Colis?úo;;;;Cruz;Pare;Residencial;0;1;1;1;0;0;0;0;0;1;0;0;-3,827336000000000;-38,486033000000000
324033;22;7;2017;22:49;0;AV JOR THOMAZ COELHO;;;2730;;Colis?úo;;;;Meio de Quadra;;;0;1;0;0;0;0;0;0;0;0;0;0;-3,828354000000000;-38,519092000000000
324034;22;7;2017;22:51;0;RUA URUCUTUBA;;;1539;;Colis?úo;;;;Meio de Quadra;;;0;1;0;0;0;0;0;0;0;0;0;0;-3,797676000000000;-38,608883000000000
324035;22;7;2017;22:57;0;RUA LONDRINA;;;1475;;Colis?úo;;;;Meio de Quadra;;;0;1;1;1;0;0;0;0;0;1;0;0;-3,780665000000000;-38,604569000000000
324036;22;7;2017;23:45;0;RUA ESPIRITO SANTO;;;251;;Colis?úo;;;;Meio de Quadra;;;0;1;1;1;0;0;0;0;0;1;0;0;-3,750777000000000;-38,566808000000000
324031;22;7;2017;22:22;0;RUA URUCUTUBA;;;1537;;Atropelamento;;;;Meio de Quadra;;;0;2;0;0;0;0;0;0;0;1;0;0;-3,797672000000000;-38,608854000000000
310141;22;7;2017;11:18;8025;RUA PRO COSTA MENDES;AV JOAO PESSOA;;0;;Colis?úo Traseira;Luz do Dia;Bom;Seca;Cruz;Sem?íforo;Comercial;0;1;1;0;0;0;0;0;0;1;0;0;-3,752287100000000;-38,549564000000000
310142;22;7;2017;13:03;0;AV RUI BARBOSA;RUA MARCONDES PEREIRA;;0;;Choque c/ Obst?ículo Fixo;Luz do Dia;Bom;Seca;T;N?úo H?í Controle;Residencial;0;0;0;0;0;0;0;0;0;0;0;0;-3,747163500000000;-38,513230000000000
310143;22;7;2017;12:15;0;RUA CAP MELO;;;3720;;Engavetamento;Luz do Dia;Bom;Seca;Meio de Quadra;N?úo H?í Controle;Residencial;0;0;3;1;0;0;0;0;0;0;0;0;-3,755157500000000;-38,513447000000000
310144;22;7;2017;13:27;0;AV ROGACIANO LEITE;;;409;GERARDO BASTOS;Colis?úo Lateral;Luz do Dia;Bom;Seca;Meio de Quadra;N?úo H?í Controle;Comercial;0;0;2;1;0;0;0;0;0;0;0;0;-3,761993000000000;-38,493610000000000
310145;22;7;2017;13:51;0;AV GAL OSORIO DE PAIVA;;;0;;Engavetamento;Luz do Dia;Bom;Seca;T;Sem?íforo;Comercial;0;0;0;1;0;0;0;0;0;0;0;0;-3,794619300000000;-38,592285000000000
310146;22;7;2017;14:48;3204;RUA ACACIAS D34;RUA EMILIO DE MENESES;;0;;Atropelamento;Luz do Dia;Bom;Seca;Cruz;Pare;Residencial;0;1;0;1;0;0;0;0;0;0;0;0;-3,780762700000000;-38,590294000000000
310147;22;7;2017;14:00;0;AV SANTOS DUMONT;;;7750;;Colis?úo Transversal;Luz do Dia;Bom;Seca;Meio de Quadra;D?¬ Prefer?¬ncia;Residencial;0;0;2;1;0;0;0;0;0;0;0;0;-3,748998200000000;-38,458610000000000
310148;22;7;2017;15:52;0;AV SEN FERNANDES TAVORA;;;337;;Colis?úo Lateral;Luz do Dia;Bom;Seca;Meio de Quadra;N?úo H?í Controle;Comercial;0;1;1;1;0;0;0;0;0;1;0;0;-3,766041000000000;-38,574860000000000
310149;22;7;2017;15:22;26083;AV BEZERRA DE MENEZES;AV JOSE JATAHY;;0;;Colis?úo Lateral;Luz do Dia;Bom;Seca;Cruz;Sem?íforo;Comercial;0;0;2;1;0;0;0;0;0;0;0;0;-3,731907400000000;-38,544870000000000
310150;22;7;2017;16:07;0;RUA CEL MATOS DOURADO;;;0;;Colis?úo Traseira;Luz do Dia;Bom;Seca;Meio de Quadra;Sem?íforo;Escola;0;0;2;1;0;0;0;0;0;0;0;0;-3,753214100000000;-38,582993000000000
310151;22;7;2017;17:22;0;AV PRS CASTELO BRANCO;;;1223;;Colis?úo Traseira;Luz do Dia;Bom;Seca;Meio de Quadra;Sem?íforo;Lazer;0;0;2;1;0;0;0;0;0;0;0;0;-3,718155100000000;-38,534870000000000
310152;22;7;2017;16:35;17378;RUA ALBERTO MAGNO;RUA ROMEU MARTINS;;0;;Colis?úo Lateral;Luz do Dia;Bom;Seca;Cruz;Sem?íforo;Comercial;0;0;2;1;0;0;0;0;0;0;0;0;-3,766911300000000;-38,551735000000000
310153;22;7;2017;16:30;0;AV PRS COSTA E SILVA;;;641;;Colis?úo Traseira;Luz do Dia;Bom;Seca;Meio de Quadra;N?úo H?í Controle;Comercial;0;0;3;1;0;0;0;0;0;0;0;0;-3,821545400000000;-38,556450000000000
310154;22;7;2017;20:17;0;AV ABOLICAO;;;3201;;Atropelamento;Via Iluminada;Bom;Seca;Meio de Quadra;N?úo H?í Controle;Residencial;0;1;0;0;0;0;0;1;0;0;0;0;-3,726671000000000;-38,491250000000000
310155;22;7;2017;18:30;15104;AV HIS RAIMUNDO GIRAO;RUA ILDEFONSO ALBANO;;0;;Colis?úo Frontal;Anoitecer;Bom;Seca;Cruz;Sem?íforo;Comercial;0;2;1;1;1;0;0;0;0;0;0;0;-3,721663500000000;-38,509293000000000
310158;22;7;2017;11:28;15204;AV ABOLICAO;RUA JULIO IBIAPINA;;0;;Colis?úo Transversal;Luz do Dia;Bom;Seca;Cruz;Sem?íforo;Comercial;0;0;2;1;0;0;0;0;0;1;0;0;-3,726608300000000;-38,491310000000000
310137;22;7;2017;07:10;0;RUA MARIO MAMEDE;RUA EUZEBIO DE QUEIROS;;0;;Colis?úo Lateral;Luz do Dia;Bom;Seca;Cruz;N?úo H?í Controle;Residencial;0;0;1;1;0;0;0;0;0;0;0;0;-3,750205300000000;-38,530167000000000
310138;22;7;2017;08:45;3771;AV DA UNIVERSIDADE;AV DOMINGOS OLIMPIO;;0;;Colis?úo Lateral;Luz do Dia;Bom;Seca;Cruz;Sem?íforo;Comercial;0;0;2;1;0;0;0;0;0;1;0;0;-3,735494600000000;-38,534004000000000