COD_ACIDENTE;DIA;MES;ANO;HORA;INTERSECAO;LOG1;LOG2;LOG3;NUMERO;REFERENCIA;NATUREZA;ILUMINACAO;TEMPO;SUPERFICIEPISTA;TIPOCRUZAMENTO;CONTROLETRAFEGO;USOSOLO;MORTOS;FERIDOS;ILESOS;AUTOMOVEL;ONIBUS;BICICLETA;CAMINHAO;MICROONIBUS;CICLOMOTOR;MOTOCICLETA;TRACAOANIMAL;TREM;LATITUDE;LONGITUDE
310139;22;7;2017;06:30;15373;RUA FRE MANSUETO;AV DOM LUIS;;0;;Colis?úo Traseira;Luz do Dia;Bom;Seca;Cruz;Sem?íforo;Comercial;0;0;2;1;0;0;0;0;0;0;0;0;-3,735775000000000;-38,488564000000000
310341;22;7;2017;13:56;0;AV GAL OSORIO DE PAIVA;;;0;;Colis?úo Traseira;Luz do Dia;Bom;Seca;Meio de Quadra;N?úo H?í Controle;Comercial;0;0;2;1;0;0;0;0;0;0;0;0;-3,794813200000000;-38,592480000000000
325017;22;7;2017;16:50;0;AV SEN CARLOS JEREISSATI (AEROPORTO);;;0;KM 03;Colis?úo;Luz do Dia;;Seca;Meio de Quadra;;;0;0;2;1;0;0;0;0;0;0;0;0;-3,779641000000000;-38,544038000000000
325015;22;7;2017;06:40;0;AV SEN CARLOS JEREISSATI (AEROPORTO);;;0;KM 03;Colis?úo;Luz do Dia;;Seca;Meio de Quadra;;;0;0;2;1;0;0;0;0;0;0;0;0;-3,779641000000000;-38,544038000000000
325019;22;7;2017;17:45;0;RD CE-040;;;0;KM-14;Outros;Anoitecer;;Seca;Meio de Quadra;;;0;0;1;1;0;0;0;0;0;0;0;0;-3,752392518000000;-38,490747350000000
325020;22;7;2017;17:55;0;AV SEN CARLOS JEREISSATI (AEROPORTO);;;0;KM 03;Colis?úo;Anoitecer;;Seca;Meio de Quadra;;;0;0;2;1;0;0;0;0;0;0;0;0;-3,779641000000000;-38,544038000000000
325022;22;7;2017;19:50;0;RD CE-060;;;0;KM-01;Colis?úo;Via Iluminada;;Seca;Meio de Quadra;;;0;1;1;0;0;1;1;0;0;0;0;0;-3,826136000000000;-38,579500000000000
306579;22;7;2017;21:00;0;AV ALBERTO CRAVEIRO;;;0;;Colis?úo Lateral;Via Iluminada;Bom;Seca;Meio de Quadra;N?úo H?í Controle;Residencial;0;0;2;1;0;0;0;0;0;0;0;0;;
306592;22;7;2017;02:00;0;AV JOSE BASTOS;;;0;;Queda;;Bom;;Meio de Quadra;;Residencial;0;1;0;0;0;0;0;0;0;1;0;0;;
306593;22;7;2017;02:00;0;AV CASTELO DE CASTRO;;;915;;Colis?úo Traseira;Via Iluminada;Chuva;Molhada;Meio de Quadra;N?úo H?í Controle;;0;0;2;1;0;0;0;0;0;1;0;0;-3,837834000000000;-38,521714000000000
306577;22;7;2017;18:25;0;AV FRE CIRILO;;;4810;;Colis?úo Transversal;Mal Iluminada;Bom;Seca;Outros;Pare;Comercial;0;1;1;0;1;0;0;0;0;1;0;0;-3,825645000000000;-38,493800000000000
306575;22;7;2017;19:30;0;RUA PERNAMBUCO;;;2591;;Colis?úo Lateral;Via Iluminada;Bom;Seca;Meio de Quadra;N?úo H?í Controle;Residencial;0;1;1;0;0;0;0;0;0;1;0;0;-3,752038000000000;-38,577536000000000
306562;22;7;2017;11:00;22142;RUA GUSTAVO BRAGA;RUA CEL NUNES DE MELO;;0;;Colis?úo Transversal;Luz do Dia;Bom;Seca;Cruz;Pare;Residencial;0;0;2;1;0;0;0;0;0;0;0;0;-3,749809000000000;-38,553931000000000
306601;23;7;2017;08:15;0;AV PRO JOSE ARTHUR CARVALHO;;;1750;;Colis?úo Lateral;Luz do Dia;Bom;Seca;Meio de Quadra;N?úo H?í Controle;Comercial;0;1;1;1;0;0;0;0;0;1;0;0;-3,825955000000000;-38,464078000000000
306616;23;7;2017;13:30;9020;RUA JAIME BENEVOLO;RUA SALDANHA MARINHO;;0;;Colis?úo Lateral;Luz do Dia;Bom;Seca;Cruz;Sem?íforo;Residencial;0;0;2;1;0;0;0;0;0;0;0;0;-3,743046000000000;-38,528994000000000
306617;23;7;2017;03:00;19469;AV AUGUSTO DOS ANJOS;AV GAL OSORIO DE PAIVA;;0;;Colis?úo Frontal;Via Iluminada;;;;N?úo H?í Controle;Residencial;0;2;0;0;0;0;0;0;0;1;0;0;-3,787349000000000;-38,584939000000000
325021;23;7;2017;01:20;0;AV MIN JOSE AMERICO;;;0;;Colis?úo;Via Iluminada;;Seca;Meio de Quadra;;;0;0;2;1;0;0;0;0;0;0;0;0;;
325024;23;7;2017;17:20;0;RD CE-025;;;0;KM-05;Queda;Anoitecer;;Seca;Meio de Quadra;;;0;0;1;0;0;0;0;0;0;1;0;0;-3,809573817000000;-38,435948220000000
325974;23;7;2017;17:50;0;RD BR 116;;;3000;KM-03;Choque c/ Obst?ículo Fixo;Anoitecer;;Seca;Meio de Quadra;;;0;0;1;1;0;0;0;0;0;0;0;0;-3,779838000000000;-38,514372000000000
315284;23;7;2017;23:07;0;AV AUGUSTO DOS ANJOS;;;240;;Queda;;;;Meio de Quadra;;;0;1;0;0;0;0;0;0;0;1;0;0;-3,771423000000000;-38,571264000000000
310212;23;7;2017;13:18;17562;RUA ESPIRITO SANTO;RUA PARA;;0;;Colis?úo Lateral;Luz do Dia;Bom;Seca;Cruz;Pare;Residencial;0;0;1;1;0;0;0;0;0;0;0;0;-3,752508900000000;-38,567940000000000
310159;23;7;2017;15:09;0;RUA JOAQUIM ALBANO;RUA DEP MATOSO FILHO;;0;;Colis?úo Transversal;Luz do Dia;Bom;Seca;Cruz;N?úo H?í Controle;Residencial;0;1;1;1;0;0;0;0;0;1;0;0;-3,730196700000000;-38,584717000000000
310160;23;7;2017;15:51;0;AV DOM MANUEL;AV PRS CASTELO BRANCO;;0;;Atropelamento;Luz do Dia;Bom;Seca;Meio de Quadra;Sem?íforo;Comercial;0;1;0;1;0;0;0;0;0;0;0;0;-3,723391500000000;-38,519672000000000
310161;23;7;2017;19:29;0;AV GODOFREDO MACIEL;;;3440;;Colis?úo Transversal;Luz do Dia;Bom;Seca;Cruz;Pare;Comercial;0;0;1;1;0;0;0;0;0;0;0;0;-3,805556300000000;-38,572742000000000
310162;23;7;2017;20:54;0;AV ALBERTO CRAVEIRO;;;1975;;Colis?úo Traseira;Via Iluminada;Bom;Seca;Meio de Quadra;Sem?íforo;Residencial;0;0;1;1;0;0;0;0;0;0;0;0;-3,796894600000000;-38,518660000000000
310163;23;7;2017;20:52;1394;RUA TORRES CAMARA;RUA TIBURCIO CAVALCANTE;;0;;Colis?úo Transversal;Via Iluminada;Bom;Seca;Cruz;Sem?íforo;Residencial;0;0;2;1;0;0;0;0;0;1;0;0;-3,737145400000000;-38,502910000000000
310156;23;7;2017;01:02;0;RUA BERNARDO MANUEL;;;13120;;Colis?úo Traseira;Via Iluminada;Bom;Seca;Meio de Quadra;N?úo H?í Controle;Residencial;0;1;1;1;0;0;0;0;0;1;0;0;-3,832718600000000;-38,561710000000000
310157;23;7;2017;06:15;10749;AV SEN FERNANDES TAVORA;RUA PRO HERIBALDO COSTA;;0;;Colis?úo Transversal;Luz do Dia;Bom;Seca;Cruz;Sem?íforo;Comercial;0;0;2;1;0;0;0;0;0;0;0;0;-3,760879000000000;-38,584534000000000
324040;23;7;2017;00:22;13594;AV PONTES VIEIRA;RUA CAP GUSTAVO;;0;;Colis?úo;;;;Cruz;Gesto;Comercial;0;1;1;1;0;0;0;0;0;1;0;0;-3,753153000000000;-38,517125000000000
324037;23;7;2017;00:07;9655;RUA OSCAR ARARIPE;RUA MANOEL B DOS SANTOS;;0;;Colis?úo;;;;Meio de Quadra;Pare;Residencial;0;1;1;1;0;1;0;0;0;0;0;0;-3,787274000000000;-38,611512000000000
324049;23;7;2017;01:16;0;AV PRS CASTELO BRANCO;;;3032;;Colis?úo;;;;Meio de Quadra;;;0;1;1;1;0;0;0;0;0;1;0;0;-3,711761000000000;-38,556314000000000
324050;23;7;2017;03:32;0;AV H CJ CEARA;;;1969;;Colis?úo;;;;Meio de Quadra;;;0;3;0;0;0;0;0;0;0;0;0;0;-3,776426000000000;-38,615643000000000
324051;23;7;2017;03:56;17573;RUA MARANHAO;RUA ESTADO DO RIO;;0;;Atropelamento;;;;;;;0;1;0;0;0;0;0;0;0;0;0;0;-3,754149000000000;-38,568106000000000
324052;23;7;2017;04:49;6573;AV H CJ CEARA;AV C CJ CEARA;;0;;Colis?úo;;;;Outros;Pare;Residencial;0;1;0;0;0;0;0;0;0;0;0;0;-3,776484798000000;-38,616412000000000
324053;23;7;2017;06:21;0;RUA CAP HUGO BEZERRA;;;1068;;Queda;Luz do Dia;;;Meio de Quadra;;;0;1;0;0;0;0;0;0;0;1;0;0;-3,820475000000000;-38,512536000000000
324054;23;7;2017;08:23;0;AV WASHINGTON SOARES;;;0;;Colis?úo;Luz do Dia;;;Meio de Quadra;;;0;2;1;1;0;0;0;0;0;1;0;0;;
324055;23;7;2017;08:37;0;AV CEL CARVALHO;;;0;;Choque c/ Obst?ículo Fixo;Luz do Dia;;;Meio de Quadra;;;0;1;0;0;0;0;0;0;0;1;0;0;;
324056;23;7;2017;11:00;0;AV ABOLICAO;;;0;;Colis?úo;Luz do Dia;;;Meio de Quadra;;;0;1;1;1;0;0;0;0;0;1;0;0;;
324057;23;7;2017;11:13;15204;RUA JULIO IBIAPINA;AV ABOLICAO;;0;;Colis?úo;Luz do Dia;;;Cruz;Sem?íforo;Comercial;0;1;1;1;0;0;0;0;0;1;0;0;-3,726679000000000;-38,491290000000000
324058;23;7;2017;11:48;0;RUA EMILIO DE MENESES;;;1301;;Colis?úo;Luz do Dia;;;Meio de Quadra;;;0;1;1;1;0;0;0;0;0;1;0;0;-3,780140000000000;-38,593139000000000
324030;23;7;2017;22:04;0;RUA VALPARAISO;;;1362;;Colis?úo;;;;Meio de Quadra;;;0;1;0;0;0;0;0;0;0;0;0;0;-3,840397000000000;-38,530423000000000
324042;23;7;2017;00:27;0;AV GAL OSORIO DE PAIVA;;;0;;Colis?úo;;;;Meio de Quadra;;;0;1;1;0;0;0;0;0;0;1;0;0;;
324043;23;7;2017;00:27;0;RUA MARIA QUINTELA;;;381;;Colis?úo;;;;Meio de Quadra;;;0;1;0;0;0;0;0;0;0;0;0;0;-3,776843000000000;-38,584325000000000
324060;23;7;2017;12:33;7141;RUA FRANCISCO CALACA;AV PRS CASTELO BRANCO;;0;;Colis?úo;Luz do Dia;;;Cruz;Pare;Residencial;0;1;0;0;0;0;0;0;0;0;0;0;-3,707642000000000;-38,570498000000000
324061;23;7;2017;12:54;23443;RUA BARROS LEAL;RUA MON SALAZAR;;0;;Colis?úo;Luz do Dia;;;Cruz;Pare;Residencial;0;1;1;1;0;0;0;0;0;1;0;0;-3,756583000000000;-38,518728000000000
324084;23;7;2017;14:43;0;AV FRANCISCO SA;;;0;;Colis?úo;Luz do Dia;;;Meio de Quadra;;;0;1;0;0;0;0;0;0;0;0;0;0;;
324080;23;7;2017;11:48;0;RUA EMILIO DE MENESES;;;1301;;Colis?úo;Luz do Dia;;;Meio de Quadra;;;0;1;1;1;0;0;0;0;0;1;0;0;-3,780140000000000;-38,593139000000000
324082;23;7;2017;14:37;0;AV MR HULL;;;0;;Atropelamento;Luz do Dia;;;Meio de Quadra;;;0;1;1;1;0;0;0;0;0;0;0;0;;
324086;23;7;2017;16:11;14421;AV SGT HERMINIO SAMPAIO;RUA PDE ANCHIETA;;0;;Colis?úo;Luz do Dia;;;Cruz;Sem?íforo;Comercial;0;1;1;1;0;0;0;0;0;1;0;0;-3,724693000000000;-38,551079000000000
324092;23;7;2017;17:11;0;AV SIQUEIRA CAMPOS;;;1061;;Colis?úo;Anoitecer;;;Meio de Quadra;;;0;1;0;0;0;0;0;0;0;0;0;0;-3,815833000000000;-38,625327000000000
324114;23;7;2017;21:27;0;AV 20 DE JANEIRO;;;1991;;Colis?úo;;;;Meio de Quadra;;;0;1;0;0;0;0;0;0;0;0;0;0;-3,704455000000000;-38,583824000000000
324115;23;7;2017;21:56;2103;RUA SILVA ROCHA;RUA JOSE VILAR;;0;;Colis?úo;;;;;;;0;1;1;1;0;0;0;0;0;1;0;0;;
324111;23;7;2017;21:19;0;AV BEIRA MAR;;;0;;Atropelamento;;;;Meio de Quadra;;;0;1;1;1;0;0;0;0;0;0;0;0;;
324105;23;7;2017;19:58;0;RUA LOURIVAL C PINHO;;;147;;Queda;;;;Meio de Quadra;;;0;1;0;0;0;0;0;0;0;1;0;0;-3,793324000000000;-38,481482000000000
324108;23;7;2017;20:49;1519;RUA CARLOS VASCONCELOS;RUA PDE VALDEVINO;;0;;Atropelamento;;;;Cruz;Sem?íforo;Comercial;0;2;0;0;0;0;0;0;0;1;0;0;-3,740277000000000;-38,513190000000000
324109;23;7;2017;20:49;0;RUA CON DE CASTRO;;;6056;;Colis?úo;;;;Meio de Quadra;;;0;2;0;0;0;0;0;0;0;0;0;0;-3,815485000000000;-38,599443000000000
324102;23;7;2017;18:46;0;AV CONTORNO OESTE D71;;;18;;Atropelamento;;;;Meio de Quadra;;;0;1;1;1;0;0;0;0;0;0;0;0;-3,809185000000000;-38,592095000000000
324103;23;7;2017;19:32;0;RUA CON DE CASTRO;;;1570;;Atropelamento;;;;Meio de Quadra;;;0;2;0;0;0;0;0;0;0;1;0;0;-3,785118000000000;-38,573556000000000
324094;23;7;2017;18:03;0;RUA SALETE QUEIROZ;;;0;;Atropelamento;Anoitecer;;;Meio de Quadra;;;0;1;0;0;0;0;0;0;0;0;0;0;;
324098;23;7;2017;18:22;0;RUA CAP HUGO BEZERRA;;;747;;Colis?úo;Anoitecer;;;Meio de Quadra;;;0;1;1;1;0;0;0;0;0;1;0;0;-3,820681000000000;-38,510183000000000
303825;23;7;2017;01:30;0;AV AUGUSTO DOS ANJOS;;;0;;Colis?úo;;;;Meio de Quadra;;;1;0;1;0;0;0;0;0;0;1;0;0;-3,774021487000000;-38,573619675000000
303826;24;7;2017;16:20;0;RUA DEMETRIO MENEZES;;;840;;Colis?úo;Luz do Dia;;;Meio de Quadra;;;1;0;1;0;1;0;0;0;1;0;0;0;-3,736282615000000;-38,584244870000000
324121;24;7;2017;01:49;0;AV PRS CASTELO BRANCO;;;4341;;Queda;;;;Meio de Quadra;;;0;1;0;0;0;0;0;0;0;1;0;0;-3,707361000000000;-38,571261000000000
324118;24;7;2017;00:07;0;RUA PORTO ALEGRE;;;23;;Queda;;;;Meio de Quadra;;;0;0;1;0;0;0;0;0;0;1;0;0;-3,765800000000000;-38,579794000000000
324119;24;7;2017;00:22;0;RUA SAO JOAO D20;;;70;;Queda;;;;Meio de Quadra;;;0;1;0;0;0;0;0;0;0;1;0;0;-3,715523000000000;-38,549840000000000
324133;24;7;2017;07:31;10696;RUA ANTONIO IVO;RUA SILVA BAIMA;;0;;Colis?úo;Luz do Dia;;;Cruz;N?úo H?í Controle;Residencial;0;1;1;1;0;0;0;0;0;1;0;0;-3,757168000000000;-38,579692000000000
324135;24;7;2017;07:49;0;RUA MOREIRA DE SOUSA;;;397;;Colis?úo;Luz do Dia;;;Meio de Quadra;;;0;1;1;1;0;0;0;0;0;1;0;0;-3,739549000000000;-38,566787000000000
324136;24;7;2017;07:57;0;RD BR 116;;;5000;KM-05;Atropelamento;Luz do Dia;;;Meio de Quadra;;;0;1;1;1;0;0;0;0;0;0;0;0;-3,796502000000000;-38,506787000000000
324137;24;7;2017;08:41;0;AV JOSE BASTOS;;;3203;;Colis?úo;Luz do Dia;;;Meio de Quadra;;;0;1;1;1;0;0;0;0;0;1;0;0;-3,768024000000000;-38,569890000000000
324128;24;7;2017;03:49;0;AV DEP PAULINO ROCHA;;;0;;Queda;;;;Meio de Quadra;;;0;1;0;0;0;0;0;0;0;1;0;0;;
324129;24;7;2017;06:21;0;AV DR SILAS MUNGUBA;;;5541;;Colis?úo;Luz do Dia;;;Meio de Quadra;;;0;1;1;1;0;0;0;0;0;1;0;0;-3,800821000000000;-38,530157000000000
324130;24;7;2017;06:53;17582;RUA MARANHAO;RUA STA CATARINA (BELA VISTA / PAN AMERICANO);;0;;Colis?úo;Luz do Dia;;;;;;0;1;1;1;0;0;0;0;0;1;0;0;-3,755315000000000;-38,566283000000000
324139;24;7;2017;08:51;21267;RUA NOSSA SRA DAS GRACAS;RUA STA ROSA D20/21 (JACARECANGA);;0;;Colis?úo;Luz do Dia;;;Cruz;N?úo H?í Controle;Residencial;0;1;0;0;0;0;0;0;0;0;0;0;-3,710282000000000;-38,552963000000000
324141;24;7;2017;10:04;0;RUA BERNARDO MANUEL;;;0;;Colis?úo;Luz do Dia;;;Meio de Quadra;;;0;1;1;1;0;0;0;0;0;1;0;0;;
324147;24;7;2017;11:16;0;AV SEN CARLOS JEREISSATI (AEROPORTO);;;0;;Colis?úo;Luz do Dia;;Seca;Meio de Quadra;;;0;1;1;1;0;0;0;0;0;1;0;0;;
324157;24;7;2017;14:44;0;AV SEN FERNANDES TAVORA;;;2985;;Colis?úo;Luz do Dia;;;Meio de Quadra;;;0;1;1;0;0;0;0;0;0;1;0;0;-3,754862000000000;-38,599691000000000
324158;24;7;2017;15:38;0;AV PERIMETRAL;;;3876;;Colis?úo;Luz do Dia;;;Meio de Quadra;;;0;1;1;1;0;0;0;0;0;1;0;0;;
324159;24;7;2017;15:49;7619;RUA RIO GRANDE DO SUL;RUA SERGIPE;;0;;Colis?úo;Luz do Dia;;;Cruz;Pare;Rural;0;1;0;0;0;0;0;0;0;0;0;0;-3,761450000000000;-38,569452000000000
324160;24;7;2017;16:19;0;AV PERIMETRAL;;;840;;Colis?úo;Luz do Dia;;;Meio de Quadra;;;0;1;0;0;0;0;0;0;0;0;0;0;;
324161;24;7;2017;16:51;0;AV COS GOMES DE FREITAS (SAPIRANGA/COITE);;;3339;;Colis?úo;Luz do Dia;;;Meio de Quadra;;;0;1;0;0;0;0;0;0;0;0;0;0;-3,795480900000000;-38,478282200000000
324162;24;7;2017;16:52;0;AV DIOGUINHO;;;1626;;Colis?úo;Luz do Dia;;;Meio de Quadra;;;0;1;0;0;0;0;0;0;0;0;0;0;-3,731460600000000;-38,458934600000000
324163;24;7;2017;16:55;0;RUA DARCY VARGAS;;;593;;Colis?úo;Luz do Dia;;;Meio de Quadra;;;0;1;0;0;0;0;0;0;0;0;0;0;;
324164;24;7;2017;17:55;0;RUA PERNAMBUCO;;;2791;;Colis?úo;Anoitecer;;;Meio de Quadra;;;0;1;1;0;0;0;0;0;0;1;0;0;-3,750825000000000;-38,578676000000000
324165;24;7;2017;18:04;0;RUA CON DE CASTRO;;;3628;;Atropelamento;Anoitecer;;;Meio de Quadra;;;0;1;1;0;0;0;0;0;0;1;0;0;-3,798981000000000;-38,586385000000000
324166;24;7;2017;18:35;0;AV PRO GOMES DE MATOS;;;33;;Queda;;;;Meio de Quadra;;;0;1;0;0;0;0;0;0;0;1;0;0;-3,754671000000000;-38,540058000000000
324167;24;7;2017;20:04;0;AV ALANIS MARIA LAURINDO DE OLIVEIRA;;;460;;Atropelamento;;;;Meio de Quadra;;;0;1;0;0;0;0;0;0;0;0;0;0;-3,765897099000000;-38,605653943000000
324168;24;7;2017;20:15;1476;AV JULIO VENTURA;AV BAR STUDART;;0;;Atropelamento;;;;Cruz;Sem?íforo;Comercial;0;1;1;1;0;0;0;0;0;0;0;0;-3,739072000000000;-38,508029000000000
324169;24;7;2017;20:49;13937;RUA VER PEDRO PAULO MOREIRA;RUA IEDA PEREIRA;;0;;Colis?úo;;;;Cruz;Pare;Comercial;0;1;1;1;0;0;0;0;0;1;0;0;-3,787070000000000;-38,488151000000000
324170;24;7;2017;21:18;0;RUA PRO EDGAR DE ARRUDA;;;0;;Colis?úo;;;;Meio de Quadra;;;0;1;0;0;0;0;0;0;0;0;0;0;;
324153;24;7;2017;11:55;0;AV PRS CASTELO BRANCO;;;0;;Colis?úo;Luz do Dia;;;Meio de Quadra;;;0;1;0;0;0;0;0;0;0;0;0;0;;
324154;24;7;2017;12:41;0;RUA PRO HERIBALDO COSTA;;;1010;;Colis?úo;Luz do Dia;;;Meio de Quadra;;;0;1;0;0;0;0;0;0;0;0;0;0;-3,761079000000000;-38,584422000000000
324155;24;7;2017;14:13;0;AV RAD JOSE LIMA VERDE;;;520;;Atropelamento;Luz do Dia;;;Meio de Quadra;;;0;1;0;0;0;0;0;0;0;0;0;0;-3,696343000000000;-38,586407000000000
324151;24;7;2017;11:45;0;RUA WALDIR DIOGO;;;507;;Colis?úo;Luz do Dia;;;Meio de Quadra;;;0;1;0;0;0;0;0;0;0;0;0;0;-3,806220000000000;-38,582487000000000
324172;24;7;2017;22:34;0;AV DES GONZAGA;;;1726;;Atropelamento;;;;Meio de Quadra;;;0;1;1;1;0;0;0;0;0;0;0;0;-3,800293800000000;-38,498010500000000
310164;24;7;2017;00:42;0;RUA LAURO NOGUEIRA;;;0;;Colis?úo Transversal;Via Iluminada;Bom;Seca;Meio de Quadra;Sem?íforo;Comercial;0;0;2;1;1;0;0;0;0;0;0;0;-3,741798600000000;-38,471977000000000
310165;24;7;2017;05:30;17395;RUA ALBERTO MAGNO;RUA TEN MOACIR MATOS;;0;;Colis?úo Transversal;Amanhecer;Bom;Seca;Cruz;Gesto;Comercial;0;1;1;1;0;0;0;0;0;1;0;0;-3,767439400000000;-38,552080000000000
310166;24;7;2017;09:15;0;RUA BENI DE CARVALHO;;;190;;Colis?úo Traseira;Luz do Dia;Bom;Seca;Cruz;Sem?íforo;Residencial;0;0;2;1;0;0;0;0;0;0;0;0;-3,744846000000000;-38,498750000000000
310167;24;7;2017;10:30;24229;AV ENG SANTANA JUNIOR;AV ENG ALBERTO SA;;0;;Colis?úo Transversal;Luz do Dia;Bom;Seca;Cruz;Sem?íforo;Comercial;0;0;2;0;0;0;0;0;0;0;0;0;-3,732996200000000;-38,481102000000000
310168;24;7;2017;13:09;15236;RUA BARBOSA DE FREITAS;AV ANTONIO JUSTA;;0;;Colis?úo Transversal;Luz do Dia;Bom;Seca;Cruz;Pare;Comercial;0;0;3;1;0;0;0;0;0;0;0;0;-3,727660000000000;-38,494404000000000
310169;24;7;2017;13:19;1258;AV SANTOS DUMONT;RUA MON BRUNO;;0;;Colis?úo Lateral;Luz do Dia;Bom;Seca;Cruz;Pare;Comercial;0;0;2;1;0;0;0;0;0;0;0;0;-3,732630500000000;-38,509840000000000
310170;24;7;2017;13:40;0;RUA GAL TERTULIANO POTYGUARA;;;481;;Colis?úo Lateral;Luz do Dia;Bom;Seca;N?úo Informado;N?úo H?í Controle;Comercial;0;0;2;1;0;0;0;0;0;1;0;0;-3,743301600000000;-38,499912000000000
310171;24;7;2017;14:44;15104;RUA ILDEFONSO ALBANO;AV HIS RAIMUNDO GIRAO;;0;;Colis?úo Lateral;Luz do Dia;Bom;Seca;Cruz;Sem?íforo;Comercial;0;0;2;1;0;0;0;0;0;0;0;0;-3,722350400000000;-38,509735000000000
310172;24;7;2017;16:20;0;RUA BAR SOBRAL;;;1012;;Colis?úo Traseira;Luz do Dia;Bom;Seca;Meio de Quadra;N?úo H?í Controle;Residencial;0;2;0;1;0;0;0;0;0;0;0;0;-3,765044000000000;-38,557747000000000
310173;24;7;2017;18:57;0;RUA PRO SILAS RIBEIRO;;;340;;Colis?úo Traseira;Via Iluminada;Bom;Seca;Meio de Quadra;Gesto;Comercial;0;1;1;1;0;0;0;0;0;0;0;0;-3,737433200000000;-38,482365000000000
310183;24;7;2017;17:31;15531;AV FRE CIRILO;RUA PAULO SETUBAL;;0;;Colis?úo Transversal;Luz do Dia;Bom;Seca;T;Pare;Comercial;0;0;2;1;0;0;0;0;0;0;0;0;-3,820459100000000;-38,496193000000000
325975;24;7;2017;16:40;0;RD BR 116;;;9000;KM-09;Colis?úo Traseira;Luz do Dia;;Seca;Meio de Quadra;;;0;0;4;0;0;0;1;0;0;0;0;0;-3,830837000000000;-38,504865000000000
325295;24;7;2017;06:40;0;RD CE-040;;;0;KM-07;Colis?úo;Luz do Dia;;Seca;Meio de Quadra;;;0;0;2;1;0;0;0;0;0;0;0;0;-3,817159445000000;-38,483032860000000
325301;24;7;2017;11:30;0;RD CE-040;;;0;KM-02;Engavetamento;Luz do Dia;;Seca;Meio de Quadra;;;0;0;4;1;0;0;0;0;0;0;0;0;-3,773616148000000;-38,481799400000000
325304;24;7;2017;10:30;0;AV MIN JOSE AMERICO;;;500;;Colis?úo;Luz do Dia;;Seca;Meio de Quadra;;;0;0;2;1;0;0;0;0;0;0;0;0;-3,810967000000000;-38,495206000000000
306563;24;7;2017;07:00;25119;RUA BAR AQUIRAZ;RUA MIGUEL COUTO;;0;;Colis?úo Transversal;Luz do Dia;;;T;N?úo H?í Controle;Comercial;0;1;1;0;0;0;0;0;0;1;0;0;-3,837441000000000;-38,487996000000000
306576;24;7;2017;14:50;5146;RUA PRC ISABEL;RUA GUILHERME ROCHA;;0;;Colis?úo Transversal;Luz do Dia;;;Cruz;Pare;Comercial;0;0;2;1;0;0;0;0;0;0;0;0;-3,724720000000000;-38,534931000000000
306565;24;7;2017;19:30;24340;RUA DES PRAXEDES;RUA SAO MATEUS D14;;0;;Colis?úo;;;;Cruz;Pare;Residencial;0;0;1;1;0;0;0;0;0;0;0;0;-3,764329000000000;-38,538730000000000
306566;24;7;2017;09:10;0;AV AMERICO BARREIRA;;;3203;;Colis?úo Lateral;Luz do Dia;;;Meio de Quadra;;;0;1;1;1;0;0;0;0;0;1;0;0;-3,768187000000000;-38,569559400000000
306568;24;7;2017;14:10;376;RUA PRO ANACLETO;RUA GAL BERNARDO FIGUEIREDO;;0;;Colis?úo Transversal;Luz do Dia;;;Duplo T;Pare;Residencial;0;1;1;0;0;0;0;0;0;1;0;0;-3,739693000000000;-38,551931000000000
306569;24;7;2017;16:00;10811;RUA NOEL ROSA;RUA PORTO ALEGRE;;0;;Colis?úo Transversal;Luz do Dia;;;;;;0;0;2;1;0;0;0;1;0;0;0;0;-3,763784000000000;-38,583972000000000
306570;24;7;2017;17:10;0;RUA PRO HERIBALDO COSTA;;;2391;;Colis?úo Lateral;Anoitecer;;;Meio de Quadra;;;0;0;2;0;1;0;0;0;0;0;0;0;-3,771746800000000;-38,590456900000000
306571;24;7;2017;13:30;9200;RUA JAIME BENEVOLO;RUA DEP JOAO PONTES;;0;;Colis?úo Lateral;Luz do Dia;;;Cruz;Pare;Residencial;0;1;1;1;0;0;0;0;0;0;0;0;-3,746140000000000;-38,530076000000000
306572;24;7;2017;13:00;19696;RUA GUSTAVO SAMPAIO;RUA DOM JOSE LOURENCO  D27;;0;;Colis?úo Transversal;Luz do Dia;;;Cruz;Pare;Comercial;0;0;2;1;0;0;0;0;0;0;0;0;-3,735880000000000;-38,559501000000000
306573;24;7;2017;11:30;11768;AV PRS CASTELO BRANCO;AV FILOMENO GOMES;;0;;Colis?úo Lateral;Luz do Dia;;;Meio de Quadra;N?úo H?í Controle;Escola;0;0;2;1;0;0;0;0;0;0;0;0;-3,715542000000000;-38,541982000000000
306578;24;7;2017;15:25;0;AV GAL OSORIO DE PAIVA;;;1401;;Colis?úo Traseira;Luz do Dia;;;Meio de Quadra;;;0;0;2;1;0;0;0;0;0;0;0;0;-3,780206000000000;-38,573799000000000
306582;24;7;2017;10:40;0;AV GAL OSORIO DE PAIVA;;;4505;;Colis?úo Lateral;Luz do Dia;;;Meio de Quadra;;;0;1;1;0;0;0;0;0;0;1;0;0;-3,798017000000000;-38,595561000000000
306584;24;7;2017;02:00;0;AV HIS RAIMUNDO GIRAO;;;92;;Colis?úo Lateral;;;;Meio de Quadra;;;0;0;2;1;0;0;0;0;0;1;0;0;-3,720352200000000;-38,515020200000000