COD_ACIDENTE;DIA;MES;ANO;HORA;INTERSECAO;LOG1;LOG2;LOG3;NUMERO;REFERENCIA;NATUREZA;ILUMINACAO;TEMPO;SUPERFICIEPISTA;TIPOCRUZAMENTO;CONTROLETRAFEGO;USOSOLO;MORTOS;FERIDOS;ILESOS;AUTOMOVEL;ONIBUS;BICICLETA;CAMINHAO;MICROONIBUS;CICLOMOTOR;MOTOCICLETA;TRACAOANIMAL;TREM;LATITUDE;LONGITUDE
306585;24;7;2017;12:35;10749;RUA PRO HERIBALDO COSTA;AV SEN FERNANDES TAVORA;;0;;Colis?úo;Luz do Dia;;;Cruz;Sem?íforo;Comercial;0;1;1;0;1;1;0;0;0;0;0;0;-3,761006000000000;-38,584384000000000
306588;24;7;2017;10:40;19252;AV JOAO PESSOA;RUA LIVINO DE CARVALHO;;0;;Colis?úo Lateral;Luz do Dia;;;T;Pare;Residencial;0;1;1;1;0;0;0;0;0;1;0;0;-3,770275000000000;-38,561062000000000
306595;25;7;2017;19:00;0;AV JOVITA FEITOSA;;;409;;Colis?úo Traseira;;;;Meio de Quadra;;;0;0;2;1;0;0;0;0;0;0;0;0;-3,737992000000000;-38,547467000000000
306586;25;7;2017;21:00;25067;AV DOS EXPEDICIONARIOS;RUA DES PRAXEDES;;0;;Colis?úo Lateral;Via Iluminada;Bom;Seca;Cruz;Sem?íforo;Comercial;0;2;0;1;0;0;0;0;0;0;0;0;-3,763679000000000;-38,540839000000000
306612;25;7;2017;20:00;0;AV ALM HENRIQUE SABOIA;;;0;;Colis?úo Traseira;Via Iluminada;Bom;Seca;Meio de Quadra;;Residencial;0;2;0;1;0;0;0;0;0;0;0;0;;
306605;25;7;2017;11:00;0;RUA JAIME BENEVOLO;;;1400;;Choque c/ Obst?ículo Fixo;Luz do Dia;Bom;Seca;Meio de Quadra;N?úo H?í Controle;Comercial;0;2;0;1;0;0;0;0;0;0;0;0;-3,744163000000000;-38,529375000000000
306607;25;7;2017;20:30;0;AV AGUANAMBI;;;332;;Colis?úo;Via Iluminada;Bom;Seca;Meio de Quadra;N?úo H?í Controle;Comercial;0;2;0;1;0;0;0;0;0;1;0;0;-3,739839000000000;-38,524882000000000
306598;25;7;2017;13:30;0;RUA CAIO PRADO;;;41;;Colis?úo;Luz do Dia;Bom;Seca;Meio de Quadra;Sem?íforo;Comercial;0;1;0;1;0;0;0;0;0;0;0;0;-3,773059000000000;-38,563545000000000
306600;25;7;2017;13:10;0;AV DR SILAS MUNGUBA;;;1500;;Colis?úo Frontal;Luz do Dia;Bom;Seca;Outros;N?úo H?í Controle;Residencial;0;1;0;0;1;0;0;0;0;1;0;0;-3,783745000000000;-38,554051000000000
325312;25;7;2017;20:00;0;RD CE-040;;;0;KM-07;Colis?úo;Via Iluminada;;Seca;Meio de Quadra;;;0;0;2;1;0;0;0;0;0;0;0;0;-3,817159445000000;-38,483032860000000
325314;25;7;2017;20:00;0;RD CE-060;;;0;KM-03;Colis?úo;Via Iluminada;;Seca;Meio de Quadra;;;0;0;2;1;0;0;0;0;0;0;0;0;-3,843038000000000;-38,585133000000000
325317;25;7;2017;19:45;0;RD CE-040;;;0;KM-07;Colis?úo;Via Iluminada;;Seca;Meio de Quadra;;;0;0;3;1;0;0;0;0;0;0;0;0;-3,817159445000000;-38,483032860000000
325307;25;7;2017;09:20;0;AV SEN CARLOS JEREISSATI (AEROPORTO);;;0;KM 03;Colis?úo;Luz do Dia;;Seca;Meio de Quadra;;;0;0;2;1;0;0;0;0;0;0;0;0;-3,779641000000000;-38,544038000000000
305859;25;7;2017;14:00;0;RD BR 116;;;11000;MOTEL CHALEX;Atropelamento;Luz do Dia;;Seca;Meio de Quadra;;;1;0;1;1;0;0;0;0;0;0;0;0;-3,847160000000000;-38,497176000000000
310184;25;7;2017;13:01;0;AV JOSE BASTOS;;;4756;;Colis?úo Traseira;Luz do Dia;Bom;Seca;Meio de Quadra;D?¬ Prefer?¬ncia;Comercial;0;0;2;1;0;0;0;0;0;1;0;0;-3,757108200000000;-38,559097000000000
310185;25;7;2017;18:54;0;AV JOSE BASTOS;RUA MINERVINO DE CASTRO;;0;;Colis?úo Traseira;Via Iluminada;Bom;Seca;T;N?úo H?í Controle;Comercial;0;0;2;1;1;0;0;0;0;0;0;0;-3,743251800000000;-38,544117000000000
310186;25;7;2017;16:50;24967;AV SANTOS DUMONT;AV ALM HENRIQUE SABOIA;;0;;Colis?úo Traseira;Anoitecer;Bom;Seca;Cruz;Sem?íforo;Comercial;0;0;2;1;1;0;0;0;0;0;0;0;-3,739635000000000;-38,486866000000000
310187;25;7;2017;20:53;1338;AV BAR STUDART;RUA TORRES CAMARA;;0;;Colis?úo Transversal;Via Iluminada;Bom;Seca;Cruz;Sem?íforo;Comercial;0;1;1;1;0;0;0;0;0;1;0;0;-3,735622200000000;-38,507046000000000
310188;25;7;2017;16:32;14359;RUA NAT FEIJO;RUA VIANA DE CARVALHO;;0;;Colis?úo Lateral;Luz do Dia;Bom;Seca;T;Pare;Residencial;0;1;1;1;0;0;0;0;0;1;0;0;-3,721896400000000;-38,554550000000000
310192;25;7;2017;16:30;7861;AV ANTONIO SALES;RUA CEL JUCA;;0;;Colis?úo Traseira;Luz do Dia;Bom;Seca;Meio de Quadra;Sem?íforo;Comercial;0;0;2;0;0;0;0;0;0;0;0;0;-3,747991000000000;-38,494580000000000
310200;25;7;2017;15:54;5716;RUA CON BRAVEZA;RUA ULISSES BEZERRA;;0;;Choque c/ Obst?ículo Fixo;Luz do Dia;Bom;Seca;Outros;Pare;Comercial;0;0;3;1;0;0;0;0;0;0;0;0;-3,797203500000000;-38,498130000000000
310174;25;7;2017;07:57;25974;RUA TRES MARIAS D39 (MONTESE);RUA PERU;;0;;Atropelamento;Luz do Dia;Bom;Seca;T;N?úo H?í Controle;Residencial;0;1;1;0;0;0;0;0;0;1;0;0;-3,769413200000000;-38,550056000000000
310175;25;7;2017;06:40;15815;RUA MANUEL CASTELO BRANCO;RUA CEL GUILHERME ALENCAR;;0;;Colis?úo Transversal;Luz do Dia;Bom;Seca;Cruz;Pare;Comercial;0;1;1;1;0;0;0;0;0;1;0;0;-3,831882500000000;-38,491745000000000
310176;25;7;2017;08:25;0;AV DES MOREIRA;;;3055;;Colis?úo Lateral;Luz do Dia;Bom;Seca;Meio de Quadra;N?úo H?í Controle;Residencial;0;0;1;1;0;0;0;0;0;0;0;0;-3,752131200000000;-38,503334000000000
310177;25;7;2017;09:53;15170;AV ABOLICAO;RUA JOSE VILAR;;0;;Colis?úo Lateral;Luz do Dia;Bom;Seca;Cruz;N?úo H?í Controle;Residencial;0;0;2;0;1;0;0;0;0;0;0;0;-3,725416200000000;-38,501297000000000
310178;25;7;2017;10:09;1611;RUA CEL JUCA;RUA VICENTE LINHARES;;0;;Colis?úo Transversal;Luz do Dia;Bom;Seca;Cruz;Pare;Residencial;0;1;1;1;0;0;0;0;0;1;0;0;-3,747590800000000;-38,466934000000000
310179;25;7;2017;09:13;0;RUA MES JERONIMO D48;AV ALM HENRIQUE SABOIA;;0;;Colis?úo Frontal;Luz do Dia;Bom;Seca;T;Pare;Residencial;0;0;2;1;0;0;0;0;0;0;0;0;-3,727386500000000;-38,480600000000000
310180;25;7;2017;11:28;0;AV PRO GOMES DE MATOS;;;1375;;Colis?úo Lateral;Luz do Dia;Bom;Seca;Meio de Quadra;N?úo H?í Controle;Comercial;0;0;2;1;0;0;0;0;0;0;0;0;-3,764003300000000;-38,548077000000000
310181;25;7;2017;13:36;0;RUA VALPARAISO;RUA IRACEMA D71;;0;;Colis?úo Transversal;Luz do Dia;Bom;Seca;Cruz;Pare;Residencial;0;0;2;1;0;0;0;0;0;0;0;0;-3,843294400000000;-38,527187000000000
310182;25;7;2017;13:30;5279;RUA COSTA BARROS;RUA NOGUEIRA ACIOLI;;0;;Capotamento;Luz do Dia;Bom;Seca;Cruz;Pare;Comercial;0;1;3;1;0;0;0;0;0;0;0;0;-3,728611200000000;-38,516445000000000
324173;25;7;2017;07:05;0;RUA TRES MARIAS D39 (MONTESE);;;19;;Atropelamento;Luz do Dia;;;Meio de Quadra;;;0;1;0;0;0;0;0;0;0;1;0;0;-3,769499400000000;-38,550094200000000
324174;25;7;2017;07:56;0;RUA OSCAR ARARIPE;;;3611;;Colis?úo;Luz do Dia;;;Meio de Quadra;;;0;1;0;0;0;0;0;0;0;0;0;0;-3,783870000000000;-38,622939000000000
324156;25;7;2017;06:20;0;AV MR HULL;;;0;;Queda;Luz do Dia;;;Meio de Quadra;;;0;1;0;0;0;0;0;0;0;1;0;0;;
324171;25;7;2017;06:40;0;AV JOSE BASTOS;;;58560;;Queda;Luz do Dia;;;Meio de Quadra;;;0;1;0;0;0;0;0;0;0;1;0;0;;
324237;25;7;2017;17:46;0;AV PERIMETRAL;;;4107;;Colis?úo;Anoitecer;;;Meio de Quadra;;;0;1;0;0;0;0;0;0;0;0;0;0;;
324233;25;7;2017;16:42;0;RUA 101 CJ TUPAN MIRIM;;;0;;Colis?úo;Luz do Dia;;;Meio de Quadra;;;0;1;0;0;0;0;0;0;0;1;0;0;;
324223;25;7;2017;15:43;0;AV CEL CARVALHO;;;614;;Colis?úo;Luz do Dia;;;Meio de Quadra;;;0;1;0;1;0;0;0;0;0;1;0;0;-3,737841739000000;-38,507623162000000
324224;25;7;2017;16:13;0;RUA SAMUEL UCHOA;;;985;;Colis?úo;Luz do Dia;;;Meio de Quadra;;;0;2;0;1;0;0;0;0;0;1;0;0;-3,752353000000000;-38,548298000000000
324202;25;7;2017;13:45;5247;RUA PEDRO PEREIRA;AV IMPERADOR;;0;;Colis?úo;Luz do Dia;;;Cruz;Sem?íforo;Comercial;0;1;0;1;0;0;0;0;0;1;0;0;-3,727714000000000;-38,534609000000000
324220;25;7;2017;15:15;19006;RUA JULIO AZEVEDO;AV ENG ALBERTO SA;;0;;Colis?úo;Luz do Dia;;;Cruz;Pare;Residencial;0;1;0;1;0;0;0;0;0;1;0;0;-3,734278000000000;-38,476848000000000
324216;25;7;2017;14:17;0;RUA STA TEREZINHA DO MEN JES E DA SAG FACE;;;0;;Colis?úo;Luz do Dia;;;Meio de Quadra;;;0;1;0;0;0;0;0;0;0;1;0;0;;
324245;25;7;2017;19:39;0;AV J CJ JOSE WALTER;;;1035;;Colis?úo;;;;Meio de Quadra;;;0;1;0;0;0;0;0;0;0;1;0;0;-3,834169000000000;-38,556610000000000
324240;25;7;2017;17:58;0;RUA PEDRO PEREIRA;;;1005;;Colis?úo;Anoitecer;;;Meio de Quadra;;;0;1;0;0;0;0;0;0;0;0;0;0;-3,727793000000000;-38,534370000000000
324241;25;7;2017;18:32;0;AV PAROARAS;;;1150;;Colis?úo;;;;Meio de Quadra;;;0;1;0;0;0;0;0;0;0;0;0;0;-3,808531000000000;-38,544935000000000
324242;25;7;2017;18:57;15792;RUA CEL FRANCISCO PEREIRA (MESSEJANA);RUA PERGENTINO MAIA;;0;;Colis?úo;;;;Cruz;Pare;Comercial;0;0;1;0;0;0;0;0;0;0;0;0;-3,830868000000000;-38,492803000000000
324235;25;7;2017;17:12;0;RUA TAQUATIARA;;;582;;Colis?úo;Anoitecer;;;Meio de Quadra;;;0;1;0;0;0;0;0;0;0;0;0;0;-3,829114000000000;-38,507137000000000
324250;25;7;2017;20:22;0;RUA TABAJARAS;;;0;;Queda;;;;Meio de Quadra;;;0;0;1;0;0;1;0;0;0;0;0;0;;
324247;25;7;2017;19:39;0;RUA SABINO MONTE;;;0;;Queda;;;;Meio de Quadra;;;0;1;0;0;0;0;0;0;0;1;0;0;;
324248;25;7;2017;20:04;0;AV ABOLICAO;;;3273;;Colis?úo;;;;Meio de Quadra;;;0;1;0;1;0;0;0;0;0;1;0;0;-3,726509000000000;-38,490220000000000
324254;25;7;2017;21:30;0;RUA AQUILES BORIS;;;39;;Queda;;;;Meio de Quadra;;;0;1;0;0;0;0;0;0;0;1;0;0;-3,768726900000000;-38,547804200000000
324252;25;7;2017;20:40;0;RUA URUCUTUBA;;;1984;;Colis?úo;;;;Meio de Quadra;;;0;2;0;1;0;0;0;0;0;1;0;0;-3,798560000000000;-38,614479000000000
324210;25;7;2017;14:08;0;AV DR THEBERGE;;;868;;Colis?úo;Luz do Dia;;;Meio de Quadra;;;0;1;0;1;0;0;0;0;0;1;0;0;-3,710864000000000;-38,563705000000000
324184;25;7;2017;11:27;0;AV SANTOS DUMONT;;;8228;;Queda;Luz do Dia;;;Meio de Quadra;;;0;0;1;0;0;0;0;0;0;1;0;0;-3,747595000000000;-38,451507000000000
324185;25;7;2017;11:58;11060;RUA AFONSO LOPES;RUA DR PEDRO WILSON D45;;0;;Colis?úo;Luz do Dia;;;Cruz;Pare;Residencial;0;1;0;1;0;0;0;0;0;1;0;0;-3,790604000000000;-38,547462000000000
324179;25;7;2017;09:31;4189;AV PRS CASTELO BRANCO;RUA FRANCISCO CORDEIRO;;0;;Atropelamento;Luz do Dia;;;Cruz;Sem?íforo;Comercial;0;1;0;0;0;0;0;0;0;0;0;0;-3,713113000000000;-38,550593000000000
324181;25;7;2017;10:34;0;AV DES MOREIRA;;;1661;;Atropelamento;Luz do Dia;;;Meio de Quadra;;;0;1;0;0;0;0;0;0;0;1;0;0;-3,740239000000000;-38,499642000000000
324188;25;7;2017;12:00;7999;RUA CARLOS CAMARA;RUA ANA NERY;;0;;Colis?úo;Luz do Dia;;;Cruz;Pare;Comercial;0;0;1;1;0;0;0;0;0;1;0;0;-3,750211000000000;-38,545958000000000
324190;25;7;2017;12:06;0;RUA ERBENIA ARAUJO (BARROSO);;;425;;Colis?úo;Luz do Dia;;;Meio de Quadra;;;0;1;0;0;0;0;0;0;0;0;0;0;;
324191;25;7;2017;12:57;0;AV LUCIANO CARNEIRO;;;2186;;Colis?úo;Luz do Dia;;;Meio de Quadra;;;0;2;0;1;0;0;0;0;0;0;0;0;-3,767402000000000;-38,537451000000000
324257;26;7;2017;09:23;0;AV OLIVEIRA PAIVA;;;2555;;Colis?úo;Luz do Dia;;;Meio de Quadra;;;0;1;0;1;0;0;0;0;0;1;0;0;-3,796056000000000;-38,483793000000000
324259;26;7;2017;10:46;13410;RUA JOAQUIM TORRES;RUA ANTONIO AUGUSTO;;0;;Colis?úo;Luz do Dia;;;Cruz;Pare;Comercial;0;1;0;1;0;0;0;0;0;1;0;0;-3,741755000000000;-38,517263000000000
324260;26;7;2017;11:42;0;RUA DOM MANUEL DE MEDEIROS;;;0;;Capotamento;Luz do Dia;;;Meio de Quadra;;;0;1;0;0;0;0;0;0;0;0;0;0;;
324261;26;7;2017;12:53;0;RUA PRO DIAS DA ROCHA;;;1418;;Colis?úo;Luz do Dia;;;Meio de Quadra;;;0;1;0;1;0;0;0;0;0;1;0;0;-3,741140000000000;-38,493472000000000
324271;26;7;2017;13:48;0;AV LUCIANO CARNEIRO;;;0;;Colis?úo;Luz do Dia;;;Meio de Quadra;;;0;1;0;0;0;0;0;0;0;0;0;0;;
324275;26;7;2017;15:50;0;AV GAL OSORIO DE PAIVA;;;0;;Queda;Luz do Dia;;;Meio de Quadra;;;0;0;1;0;0;0;0;0;0;1;0;0;;
324278;26;7;2017;16:33;22103;AV JOSE BASTOS;RUA MAJ WEYNE;;0;;Colis?úo;Luz do Dia;;;Cruz;Pare;Comercial;0;1;0;0;0;0;0;0;0;0;0;0;-3,746466000000000;-38,546895000000000
324279;26;7;2017;16:53;23246;RUA URUCUTUBA;ET DO JATOBA;;0;;Colis?úo;Luz do Dia;;;Cruz;N?úo H?í Controle;Rural;0;1;0;0;0;0;0;0;0;0;0;0;-3,798271000000000;-38,626914000000000
324280;26;7;2017;18:00;0;RUA BAR DE LUCENA D64;;;18;;Colis?úo;Anoitecer;;;Meio de Quadra;;;0;2;0;0;0;0;0;0;0;0;0;0;-3,720085100000000;-38,596173900000000
324281;26;7;2017;18:18;0;RUA BRAZ DE FRANCESCO;;;486;;Atropelamento;Anoitecer;;;Meio de Quadra;;;0;1;0;0;0;0;0;0;0;1;0;0;-3,735739080000000;-38,567350842000000
324291;26;7;2017;21:26;0;AV LINEU MACHADO;;;1668;;Queda;;;;;;;0;1;0;0;0;0;0;0;0;1;0;0;-3,774135000000000;-38,581180000000000
324292;26;7;2017;22:28;1583;RUA VICENTE LINHARES;RUA LEONARDO MOTA;;0;;Colis?úo;;;;Cruz;Sem?íforo;Residencial;0;1;0;0;0;0;0;0;0;0;0;0;-3,742785000000000;-38,498309000000000
324288;26;7;2017;20:08;0;RUA PARAIBA;;;793;;Atropelamento;;;;Meio de Quadra;;;0;1;0;0;0;0;0;0;0;0;0;0;-3,759906000000000;-38,567010000000000
324289;26;7;2017;21:08;0;AV JANGADEIROS (MUCURIPE);;;1122;;Colis?úo;;;;Meio de Quadra;;;0;1;0;1;0;1;0;0;0;0;0;0;;
324285;26;7;2017;19:43;12395;AV LINEU MACHADO;RUA CUIABA;;0;;Colis?úo;;;;Cruz;Pare;Comercial;0;2;0;0;0;0;0;0;0;0;0;0;-3,769181000000000;-38,578620000000000
324294;26;7;2017;22:54;0;AV ODILON GUIMARAES;;;1427;;Colis?úo;;;;Meio de Quadra;;;0;1;0;1;0;0;0;0;0;1;0;0;-3,825424000000000;-38,479326000000000
324303;26;7;2017;23:52;19664;RUA PRO JOSE DE BARCELOS;RUA GUSTAVO SAMPAIO;;0;;Colis?úo;;;;Cruz;Pare;Residencial;0;1;0;1;0;0;0;0;0;1;0;0;-3,734101000000000;-38,550829000000000
310201;26;7;2017;16:22;0;AV ABOLICAO;;;2910;PAO DE ACUCAR;Colis?úo Transversal;Luz do Dia;Bom;Seca;Meio de Quadra;N?úo H?í Controle;Comercial;0;0;0;0;0;0;0;0;0;0;0;0;-3,727025700000000;-38,493350000000000
310202;26;7;2017;19:46;6968;AV F CJ ESPERANCA;AV A CJ ESPERANCA;;0;;Colis?úo Transversal;Via Iluminada;Bom;Seca;Cruz;Sem?íforo;Comercial;0;0;1;1;0;0;0;0;0;1;0;0;-3,817413300000000;-38,588345000000000
310203;26;7;2017;21:14;0;RUA CEL JOAO CORREIA;;;4231;;Queda;Mal Iluminada;Bom;Seca;Outros;N?úo H?í Controle;Lazer;0;1;0;0;0;0;0;0;0;1;0;0;-3,783850000000000;-38,630623000000000
310204;26;7;2017;19:00;15743;RUA MANUEL ARRUDA;RUA HERBENE;;0;;Colis?úo Transversal;Via Iluminada;Bom;Seca;Cruz;Pare;Comercial;0;1;0;1;0;0;0;0;0;0;0;0;-3,828911300000000;-38,504036000000000
310193;26;7;2017;10:50;0;AV OLIVEIRA PAIVA;;;2541;;Colis?úo Lateral;Luz do Dia;Bom;Seca;Meio de Quadra;N?úo H?í Controle;Comercial;0;0;1;0;1;0;0;0;0;1;0;0;-3,796021700000000;-38,483673000000000
310195;26;7;2017;10:06;0;RUA LUIS VIEIRA;AV DOLOR BARREIRA;;0;;Colis?úo Frontal;Luz do Dia;Bom;Seca;Meio de Quadra;N?úo H?í Controle;Comercial;0;1;1;1;0;0;0;0;0;1;0;0;-3,735215200000000;-38,469566000000000
310196;26;7;2017;13:25;0;AV VIS RIO BRANCO;;;3450;;Colis?úo Lateral;Luz do Dia;Bom;Seca;Meio de Quadra;N?úo H?í Controle;Comercial;0;0;2;1;0;0;0;0;0;0;0;0;-3,751649000000000;-38,520924000000000
310197;26;7;2017;14:21;0;AV BEZERRA DE MENEZES;;;2323;NORTH SHOPPING;Colis?úo Lateral;Luz do Dia;Bom;Seca;Meio de Quadra;N?úo H?í Controle;Comercial;0;1;0;0;0;0;0;0;0;1;0;0;-3,736070900000000;-38,565426000000000
310198;26;7;2017;14:53;4542;RUA CEL ZACARIAS J FRANCA;AV DEP PAULINO ROCHA;;0;;Colis?úo Traseira;Luz do Dia;Bom;Seca;T;Pare;Residencial;0;0;2;1;0;0;0;0;0;1;0;0;-3,805473800000000;-38,508144000000000
310199;26;7;2017;14:20;0;AV ANTONIO SALES;;;2020;;Colis?úo Traseira;Luz do Dia;Bom;Seca;Meio de Quadra;Sem?íforo;Comercial;0;0;2;1;0;0;0;0;0;0;0;0;-3,744378600000000;-38,505867000000000
310189;26;7;2017;08:38;12758;RUA JULIO CESAR D12;RUA DELMIRO FARIAS;;0;;Colis?úo Transversal;Luz do Dia;Bom;Seca;Cruz;Pare;Residencial;0;0;2;1;0;0;0;0;0;0;0;0;-3,752654300000000;-38,545110000000000
310190;26;7;2017;09:19;1653;RUA MON CATAO;RUA GAL TERTULIANO POTYGUARA;;0;;Colis?úo Lateral;Luz do Dia;Bom;Seca;Cruz;Pare;Residencial;0;1;1;1;0;0;0;0;0;1;0;0;-3,745499000000000;-38,492844000000000
310191;26;7;2017;09:45;0;RUA BENI DE CARVALHO;;;393;;Colis?úo Traseira;Luz do Dia;Bom;Seca;Meio de Quadra;N?úo H?í Controle;Residencial;0;0;2;1;0;0;0;0;0;0;0;0;-3,745255700000000;-38,497437000000000
325328;26;7;2017;07:50;0;AV SEN CARLOS JEREISSATI (AEROPORTO);;;0;KM 04;Colis?úo;Luz do Dia;;Seca;Meio de Quadra;;;0;0;2;1;0;0;0;0;0;0;0;0;-3,774020000000000;-38,550907000000000
325331;26;7;2017;14:00;0;RD CE-040;;;0;KM-07;Colis?úo;Luz do Dia;;Seca;Meio de Quadra;;;0;0;2;0;0;0;0;0;0;1;0;0;-3,817159445000000;-38,483032860000000
325334;26;7;2017;08:00;0;RD CE-040;;;0;KM-07;Colis?úo;Luz do Dia;;Seca;Meio de Quadra;;;0;0;2;1;0;0;0;0;0;0;0;0;-3,817159445000000;-38,483032860000000
306614;26;7;2017;09:25;356;RUA FRANCISCA CLOTILDE;RUA GUSTAVO BRAGA;;0;;Colis?úo Lateral;Luz do Dia;Bom;Seca;Cruz;Pare;Residencial;0;2;0;1;0;0;0;0;0;0;0;0;-3,747141000000000;-38,556863000000000
306618;26;7;2017;19:10;6813;RUA VILEBALDO AGUIAR;RUA JOSE BORBA VASCONCELOS;;0;;Colis?úo Transversal;Via Iluminada;Bom;Seca;Cruz;Pare;Residencial;0;2;0;1;0;0;0;0;0;0;0;0;-3,745728000000000;-38,471771000000000
306621;26;7;2017;16:00;0;AV MOZART PINHEIRO DE LUCENA;;;0;;Colis?úo Traseira;Via Iluminada;Bom;Seca;;Outros;Residencial;0;2;0;1;0;0;0;0;0;0;0;0;;
306622;26;7;2017;09:00;0;AV JOSE BASTOS;;;1866;;Colis?úo Traseira;;Bom;Seca;Meio de Quadra;Outros;Comercial;0;2;0;1;0;0;0;0;0;0;0;0;;
306623;26;7;2017;21:42;11617;RUA PORTO VELHO;RUA ANTONIO IVO;;0;;Colis?úo Frontal;Via Iluminada;Bom;Seca;T;N?úo H?í Controle;Residencial;0;2;0;1;0;0;0;0;0;1;0;0;-3,767085000000000;-38,584920000000000
306625;26;7;2017;17:10;25165;AV ROGACIANO LEITE;RUA HENRIQUE DE CASTRO;;0;;Colis?úo Lateral;Anoitecer;Bom;Seca;Cruz;Sem?íforo;Residencial;0;2;0;1;1;0;0;0;0;0;0;0;-3,776997000000000;-38,500639000000000
306626;26;7;2017;18:00;5457;RUA ANTONIO POMPEU;RUA ASSUNCAO;;0;;Colis?úo Lateral;;Bom;Seca;Cruz;Sem?íforo Intermitente;Comercial;0;1;0;1;0;0;0;0;0;1;0;0;-3,735329000000000;-38,528927000000000
306447;26;7;2017;19:00;14434;AV SGT HERMINIO SAMPAIO;RUA CEL RIBEIRO DA SILVA;;0;;Colis?úo Lateral;Via Iluminada;Bom;Seca;T;Pare;Comercial;0;2;0;1;0;0;0;0;0;1;0;0;-3,724573000000000;-38,547436000000000
306596;27;7;2017;20:30;0;AV ABOLICAO;;;3406;;Colis?úo Transversal;;;;Meio de Quadra;;;0;0;2;0;0;0;0;1;0;0;0;0;-3,726344000000000;-38,489173000000000
306589;27;7;2017;18:00;5030;RUA ALM JACEGUAI;AV ALM BARROSO;;0;;Colis?úo Traseira;Anoitecer;;;T;Sem?íforo Intermitente;Lazer;0;0;2;1;0;0;1;0;0;0;0;0;-3,720749000000000;-38,519363000000000
306590;27;7;2017;12:10;7479;AV ALBERTO CRAVEIRO;RUA PEDRO DANTAS;;0;;Colis?úo Traseira;Luz do Dia;;;Meio de Quadra;N?úo H?í Controle;Residencial;0;0;2;1;0;0;0;0;0;0;0;0;-3,786753000000000;-38,517220000000000
325988;27;7;2017;15:55;0;RD BR 116;;;6000;KM-06;Colis?úo Lateral;Luz do Dia;;Seca;Meio de Quadra;;;0;1;2;0;0;0;0;0;0;1;0;0;-3,804691000000000;-38,503053000000000
305897;27;7;2017;06:15;0;AV MOZART PINHEIRO DE LUCENA;;;1684;;Atropelamento;Luz do Dia;;;Meio de Quadra;;;1;0;1;0;0;0;0;0;0;1;0;0;-3,717377000000000;-38,595442000000000
310205;27;7;2017;08:08;0;AV DUQ CAXIAS;;;425;;Colis?úo Transversal;Luz do Dia;Bom;Seca;Meio de Quadra;N?úo H?í Controle;Comercial;0;0;2;1;1;0;0;0;0;0;0;0;-3,732261000000000;-38,528410000000000
310206;27;7;2017;08:55;26227;AV GAL OSORIO DE PAIVA;RUA AGAMENON;;0;;Colis?úo Lateral;Luz do Dia;Bom;Seca;Cruz;Sem?íforo;Comercial;0;0;2;0;0;0;0;0;0;1;0;0;-3,790229600000000;-38,588013000000000
310207;27;7;2017;10:07;0;RUA CEL NUNES DE MELO;;;0;;Colis?úo Lateral;Luz do Dia;Bom;Seca;Meio de Quadra;Pare;Comercial;0;0;1;1;0;0;0;0;0;0;0;0;-3,747729500000000;-38,552097000000000
310208;27;7;2017;11:40;0;AV SANTOS DUMONT;;;7771;;Colis?úo Transversal;Luz do Dia;Bom;Seca;N?úo Informado;N?úo H?í Controle;Comercial;0;1;1;1;0;0;0;0;0;0;0;0;-3,747429000000000;-38,463370000000000
310209;27;7;2017;14:03;0;AV DEP PAULINO ROCHA;;;2700;;Colis?úo Traseira;Luz do Dia;Bom;Seca;Meio de Quadra;N?úo H?í Controle;Comercial;0;0;2;1;0;0;0;0;0;0;0;0;-3,810083000000000;-38,520145000000000
310210;27;7;2017;16:14;0;RUA MARCOS MACEDO;;;0;;Colis?úo Traseira;Luz do Dia;Bom;Seca;Meio de Quadra;N?úo H?í Controle;Comercial;0;0;2;1;0;0;0;0;0;0;0;0;-3,734592700000000;-38,497230000000000
310211;27;7;2017;14:24;10957;RUA VILA LOBOS;RUA ALM RUBIM;;0;;Colis?úo Transversal;Luz do Dia;Bom;Seca;Cruz;Pare;Residencial;0;1;1;1;0;0;0;0;0;1;0;0;-3,772167700000000;-38,556930000000000
310213;27;7;2017;17:10;20005;AV DR SILAS MUNGUBA;RUA DES OTACILIO PEIXOTO;;0;;Colis?úo Traseira;Luz do Dia;Bom;Seca;T;Sem?íforo;Residencial;0;0;2;1;0;0;0;0;0;0;0;0;-3,800417400000000;-38,530490000000000
310214;27;7;2017;16:08;8937;RUA CARLOS SEVERO;RUA ANTONIO POMPEU;;0;;Colis?úo Transversal;Luz do Dia;Bom;Seca;Cruz;Pare;Comercial;0;0;2;1;0;0;0;0;0;0;0;0;-3,731954600000000;-38,541885000000000
310215;27;7;2017;16:30;7812;RUA JOAQUIM NABUCO;RUA JULIO SIQUEIRA;;0;;Colis?úo Transversal;Luz do Dia;Bom;Seca;Cruz;Pare;Comercial;0;1;2;1;0;0;0;0;0;1;0;0;-3,750347400000000;-38,506218000000000