COD_ACIDENTE;DIA;MES;ANO;HORA;INTERSECAO;LOG1;LOG2;LOG3;NUMERO;REFERENCIA;NATUREZA;ILUMINACAO;TEMPO;SUPERFICIEPISTA;TIPOCRUZAMENTO;CONTROLETRAFEGO;USOSOLO;MORTOS;FERIDOS;ILESOS;AUTOMOVEL;ONIBUS;BICICLETA;CAMINHAO;MICROONIBUS;CICLOMOTOR;MOTOCICLETA;TRACAOANIMAL;TREM;LATITUDE;LONGITUDE
310216;27;7;2017;17:59;0;AV FRE CIRILO;;;0;;Colis?úo Traseira;Mal Iluminada;Bom;Seca;Meio de Quadra;Sem?íforo;Comercial;0;0;2;1;0;0;0;0;0;1;0;0;-3,820612200000000;-38,495900000000000
310217;27;7;2017;16:00;0;RUA TRES CORACOES (PASSAR?ë);;;757;;Colis?úo Transversal;Luz do Dia;Bom;Seca;Meio de Quadra;N?úo H?í Controle;Residencial;0;0;1;1;0;0;0;0;0;1;0;0;-3,818512700000000;-38,541573000000000
310218;27;7;2017;17:00;0;AV MON TABOSA;;;1600;;Engavetamento;Via Iluminada;Bom;Seca;Meio de Quadra;N?úo H?í Controle;Comercial;0;0;3;1;0;0;0;0;0;1;0;0;-3,724547100000000;-38,504658000000000
310219;27;7;2017;18:14;0;AV EDUARDO GIRAO;;;410;;Colis?úo Lateral;Via Iluminada;Bom;Seca;Meio de Quadra;N?úo H?í Controle;Comercial;0;0;2;1;0;0;0;0;0;0;0;0;-3,748061700000000;-38,539944000000000
310220;27;7;2017;20:50;0;AV DR SILAS MUNGUBA;;;565;;Colis?úo Traseira;Via Iluminada;Bom;Seca;Meio de Quadra;N?úo H?í Controle;Comercial;0;0;3;1;0;0;0;0;0;1;0;0;-3,779687400000000;-38,560210000000000
324324;27;7;2017;12:32;6285;AV C CJ CEARA;AV G CJ CEARA;;0;;Colis?úo;Luz do Dia;;;T;N?úo H?í Controle;Residencial;0;1;0;0;0;0;0;0;0;0;0;0;-3,770049259000000;-38,613813257000000
324331;27;7;2017;14:09;0;AV VIENA WEYNE;;;1005;;Colis?úo;Luz do Dia;;;Meio de Quadra;;;0;1;0;1;0;0;0;0;0;1;0;0;-3,802036000000000;-38,485560000000000
324320;27;7;2017;09:03;0;RUA FRANCISCA MARIA DA CONCEICAO;;;104;;Queda;Luz do Dia;;;Meio de Quadra;;;0;1;0;0;0;0;0;0;0;1;0;0;-3,842169000000000;-38,565864000000000
324321;27;7;2017;11:58;24347;RUA DES PRAXEDES;AV LUCIANO CARNEIRO;;0;;Colis?úo;Luz do Dia;;;Outros;Sem?íforo;Comercial;0;1;0;1;0;0;0;0;0;1;0;0;-3,764934000000000;-38,536679000000000
324318;27;7;2017;07:29;0;RD BR 116;;;2000;KM-02;Colis?úo;Luz do Dia;;Seca;Meio de Quadra;;;0;1;2;1;0;0;0;0;0;1;0;0;-3,771391000000000;-38,516780000000000
324316;27;7;2017;06:15;0;AV JOAO PESSOA;;;4680;;Colis?úo;Luz do Dia;;;Meio de Quadra;;;0;1;0;0;0;0;0;0;0;0;0;0;-3,753569000000000;-38,550484000000000
324314;27;7;2017;00:43;12514;RUA JULIO BRAGA;AV LINEU MACHADO;;0;;Queda;;;;Outros;Sem?íforo;Residencial;0;1;0;0;0;0;0;0;0;1;0;0;-3,775335000000000;-38,581790000000000
324349;27;7;2017;14:49;0;AV ALANIS MARIA LAURINDO DE OLIVEIRA;;;0;;Colis?úo;Luz do Dia;;;Meio de Quadra;;;0;0;1;0;0;0;0;0;0;0;0;0;;
324354;27;7;2017;17:37;0;RUA BAR AQUIRAZ;;;1337;;Colis?úo;Anoitecer;;;Meio de Quadra;;;0;1;0;1;0;0;0;0;0;1;0;0;;
324355;27;7;2017;18:02;0;AV MR HULL;;;5100;;Colis?úo;Anoitecer;;;Meio de Quadra;;;0;1;0;1;0;0;0;0;0;1;0;0;-3,739434000000000;-38,589985000000000
324351;27;7;2017;15:43;0;AV DO PASSARE;;;757;;Colis?úo;Luz do Dia;;;Meio de Quadra;;;0;1;0;1;0;0;0;0;0;1;0;0;;
324352;27;7;2017;16:04;0;AV FRE CIRILO;;;0;;Colis?úo;Luz do Dia;;;Meio de Quadra;;;0;1;0;0;0;0;0;0;0;0;0;0;;
324358;27;7;2017;18:23;0;RUA JUSTINIANO DE SERPA;;;0;;Colis?úo;Anoitecer;;;Meio de Quadra;;;0;1;0;0;0;0;0;0;0;0;0;0;;
324359;27;7;2017;19:31;0;AV MAE LISBOA;;;2279;;Colis?úo;Via Iluminada;;Seca;Meio de Quadra;;;0;0;3;0;0;0;1;0;0;1;0;0;-3,807236000000000;-38,459389000000000
324364;27;7;2017;20:23;10005;RUA TAQUARI;RUA DUAS NACOES;;0;;Colis?úo;;;;Cruz;Pare;Residencial;0;2;0;1;0;0;0;0;0;1;0;0;-3,776149000000000;-38,601822000000000
324365;27;7;2017;20:56;0;AV PRS CASTELO BRANCO;;;2700;;Colis?úo;;;;Meio de Quadra;;;0;0;1;0;0;0;0;0;0;0;0;0;-3,712717000000000;-38,551950000000000
324366;27;7;2017;21:24;0;RUA GAL GOIS MONTEIRO;;;450;;Colis?úo;;;;Meio de Quadra;;;0;0;1;0;0;0;0;0;0;0;0;0;-3,733766617000000;-38,578997501000000
324362;27;7;2017;19:32;0;RUA ENG PLACIDO C JUNIOR D56;;;70;;Atropelamento;;;;Meio de Quadra;;;0;1;0;1;0;0;0;0;0;0;0;0;-3,779516000000000;-38,504399000000000
324369;27;7;2017;21:44;0;AV VIS RIO BRANCO;;;2623;;Atropelamento;;;;Meio de Quadra;;;0;1;0;1;0;0;0;0;0;0;0;0;-3,743934000000000;-38,522463000000000
324370;27;7;2017;23:28;0;RUA VITAL BRASIL;;;1375;;Queda;;;;Meio de Quadra;;;0;1;0;0;0;1;0;0;0;0;0;0;-3,779315000000000;-38,593390000000000
324384;28;7;2017;05:45;13345;AV J CJ JOSE WALTER;AV H CJ JOSE WALTER;;0;;Colis?úo;Amanhecer;;;T;Pare;Residencial;0;1;0;0;0;0;0;0;0;0;0;0;-3,841244000000000;-38,558743000000000
324386;28;7;2017;07:17;0;AV FRE CIRILO;;;0;;Colis?úo;Luz do Dia;;;Meio de Quadra;;;0;0;1;0;0;0;0;0;0;0;0;0;;
324395;28;7;2017;09:02;0;AV BEIRA MAR;;;2380;;Colis?úo;Luz do Dia;;;Meio de Quadra;;;0;0;2;0;0;0;0;0;0;0;0;0;-3,725105000000000;-38,499188000000000
324393;28;7;2017;07:50;0;RUA SEN ROBERT KENNEDY;;;147;;Atropelamento;Luz do Dia;;;Meio de Quadra;;;0;1;0;0;0;0;0;0;0;1;0;0;-3,700538000000000;-38,577369000000000
324399;28;7;2017;09:57;24970;AV ALM HENRIQUE SABOIA;RUA VICENTE LEITE;;0;;Colis?úo;Luz do Dia;;;Cruz;Pare;Comercial;0;1;0;0;0;0;0;0;0;0;0;0;-3,752102000000000;-38,499821000000000
324413;28;7;2017;10:27;0;RUA EVILASIO A MIRANDA;;;1028;;Colis?úo;Luz do Dia;;;Meio de Quadra;;;0;1;0;0;0;0;0;0;0;0;0;0;-3,795070800000000;-38,467339600000000
324414;28;7;2017;10:30;1485;RUA PDE VALDEVINO;RUA ANTONIO AUGUSTO;;0;;Colis?úo;Luz do Dia;;;Cruz;Pare;Comercial;0;1;0;1;0;0;0;0;0;1;0;0;-3,739239000000000;-38,516489000000000
324421;28;7;2017;12:08;0;AV MOZART PINHEIRO DE LUCENA;;;2310;;Colis?úo;Luz do Dia;;;Meio de Quadra;;;0;1;0;1;0;0;0;0;0;1;0;0;-3,723435000000000;-38,597201000000000
324423;28;7;2017;12:28;0;RUA VALDEMAR FIGUEIREDO;;;419;;Queda;Luz do Dia;;;Meio de Quadra;;;0;1;0;0;0;0;0;0;0;1;0;0;-3,811944400000000;-38,560373300000000
324418;28;7;2017;11:00;0;AV ALM HENRIQUE SABOIA;;;32;;Queda;Luz do Dia;;;Meio de Quadra;;;0;1;0;0;0;0;0;0;0;1;0;0;-3,723485900000000;-38,480176700000000
324433;28;7;2017;15:49;0;AV CEL CARVALHO;;;0;;Colis?úo;Luz do Dia;;;Meio de Quadra;;;0;1;0;0;0;0;0;0;0;0;0;0;;
324431;28;7;2017;15:14;0;RUA GAL ALIPIO DOS SANTOS;;;1309;;Colis?úo;Luz do Dia;;;Meio de Quadra;;;0;1;0;1;0;0;0;0;0;1;0;0;-3,733591000000000;-38,596706000000000
324427;28;7;2017;13:17;9131;AV 13 DE MAIO;RUA BAR ARATANHA;;0;;Queda;Luz do Dia;;;;;;0;1;0;0;0;0;0;0;0;1;0;0;-3,747615000000000;-38,531331000000000
324436;28;7;2017;16:02;0;AV SGT HERMINIO SAMPAIO;;;1460;;Colis?úo;Luz do Dia;;;Meio de Quadra;;;0;1;0;1;0;0;0;0;0;1;0;0;-3,725125000000000;-38,553645000000000
324444;28;7;2017;18:11;0;RD BR 116;;;8000;KM-08;Atropelamento;Anoitecer;;;Meio de Quadra;;;0;1;0;0;0;0;0;0;0;0;0;0;-3,822018000000000;-38,503269000000000
324440;28;7;2017;16:15;0;AV CEL CARVALHO;;;0;;Colis?úo;Luz do Dia;;;Meio de Quadra;;;0;1;0;1;0;0;0;0;0;1;0;0;;
324441;28;7;2017;17:43;0;AV AREIA BRANCA;;;135;;Atropelamento;Anoitecer;;;Meio de Quadra;;;0;1;0;0;0;0;0;0;0;1;0;0;-3,728436000000000;-38,473984000000000
324470;28;7;2017;22:35;0;RUA BAR AQUIRAZ;;;587;;Colis?úo;;;;Meio de Quadra;;;0;1;0;1;0;0;0;0;0;1;0;0;;
324467;28;7;2017;22:32;0;RD QUARTO ANEL VIARIO;;;0;;Queda;;;;Meio de Quadra;;;0;2;0;0;0;0;0;0;0;1;0;0;;
324464;28;7;2017;22:27;0;AV SIQUEIRA CAMPOS;;;836;;Colis?úo;;;;Meio de Quadra;;;0;0;1;1;0;0;0;0;0;1;0;0;-3,817630000000000;-38,622777000000000
324451;28;7;2017;18:26;0;AV PRS COSTA E SILVA;;;0;;Queda;Anoitecer;;;Meio de Quadra;;;0;1;0;0;0;0;0;0;0;1;0;0;;
324458;28;7;2017;18:32;0;AV AUGUSTO DOS ANJOS;;;0;;Colis?úo;;;;Meio de Quadra;;;0;1;0;1;0;0;0;0;0;1;0;0;;
324459;28;7;2017;18:48;5308;RUA VINTE E CINCO DE MARCO;RUA FRANKLIN TAVORA;;0;;Atropelamento;;;;Cruz;N?úo H?í Controle;Comercial;0;1;0;1;0;0;0;0;0;0;0;0;-3,729680000000000;-38,522616000000000
324460;28;7;2017;19:54;0;RUA PAULO SETUBAL;;;698;;Colis?úo;;;;Meio de Quadra;;;0;0;1;0;0;0;0;0;0;0;0;0;-3,822023000000000;-38,501925000000000
310221;28;7;2017;06:59;15353;RUA BARBOSA DE FREITAS;RUA PEREIRA VALENTE;;0;;Colis?úo Transversal;Luz do Dia;Bom;Seca;Cruz;Pare;Residencial;0;0;2;1;0;0;0;0;0;0;0;0;-3,732574700000000;-38,496037000000000
310222;28;7;2017;09:20;25041;RUA JOSE HIPOLITO;RUA BAR AQUIRAZ;;0;;Colis?úo Transversal;Luz do Dia;Bom;Seca;Cruz;Sem?íforo;Comercial;0;0;2;0;1;0;0;0;0;0;0;0;-3,833695700000000;-38,490060000000000
310223;28;7;2017;09:36;0;RUA VIS MAUA;;;1205;;Colis?úo Transversal;Luz do Dia;Bom;Seca;Meio de Quadra;N?úo H?í Controle;Comercial;0;0;2;1;0;0;0;0;0;1;0;0;-3,731108700000000;-38,514072000000000
310224;28;7;2017;08:00;7816;RUA MARCONDES PEREIRA;RUA TIBURCIO CAVALCANTE;;0;;Choque c/ Obst?ículo Fixo;Luz do Dia;Bom;Seca;Cruz;Pare;Residencial;0;0;3;1;0;0;0;0;0;0;0;0;-3,749518600000000;-38,506775000000000
310225;28;7;2017;13:05;21312;RUA JOSE SOMBRA;AV BEZERRA DE MENEZES;;0;;Colis?úo Lateral;Luz do Dia;Bom;Seca;T;Pare;Comercial;0;0;2;1;0;0;0;0;0;0;0;0;-3,732366300000000;-38,547504000000000
310226;28;7;2017;13:56;9072;AV VIS RIO BRANCO;AV 13 DE MAIO;;0;;Colis?úo Traseira;Luz do Dia;Bom;Seca;Cruz;Sem?íforo;Comercial;0;0;2;1;0;0;0;0;0;1;0;0;-3,753309000000000;-38,520650000000000
310227;28;7;2017;14:00;0;AV AUGUSTO DOS ANJOS;TR JARDIM HORIZONTAL;;0;;Colis?úo Lateral;Luz do Dia;Bom;Seca;Meio de Quadra;Pare;Comercial;0;1;1;1;0;0;0;0;0;1;0;0;-3,778933000000000;-38,578160000000000
310228;28;7;2017;13:01;24369;RUA ALBERTO MONTEZUMA;RUA DOMINGOS JAGUARIBE;;0;;Colis?úo Lateral;Luz do Dia;Bom;Seca;Cruz;Pare;Residencial;0;0;2;1;0;0;0;0;0;0;0;0;-3,766419600000000;-38,533400000000000
310229;28;7;2017;09:00;0;AV DIOGUINHO;;;0;;Capotamento;Luz do Dia;Bom;Seca;Outros;N?úo H?í Controle;Lazer;0;0;1;1;0;0;0;0;0;0;0;0;-3,734854000000000;-38,457021000000000
310230;28;7;2017;16:26;23045;AV DR SILAS MUNGUBA;RUA MALMEQUER;;0;;Engavetamento;Luz do Dia;Bom;Seca;Cruz;Sem?íforo;Comercial;0;0;3;1;0;0;0;0;0;0;0;0;-3,791241400000000;-38,538715000000000
310231;28;7;2017;16:30;17550;RUA MERUOCA;RUA JAIME VASCONCELOS;;0;;Colis?úo Transversal;Via Iluminada;Bom;Seca;Cruz;Pare;Residencial;0;0;2;1;0;0;0;0;0;0;0;0;-3,729933000000000;-38,483030000000000
310232;28;7;2017;21:01;17327;RUA ALM RUFINO;RUA ANTONIO CORREIA LIMA;;0;;Colis?úo Transversal;Via Iluminada;Bom;Seca;Cruz;Pare;Residencial;0;1;0;1;0;0;0;0;0;1;0;0;-3,764986500000000;-38,542744000000000
310270;28;7;2017;17:05;6738;RUA DES WALDETARIO P MOTA;RUA VILEBALDO AGUIAR;;1479;;Colis?úo Transversal;Luz do Dia;Bom;Seca;Cruz;N?úo H?í Controle;Comercial;0;0;1;1;0;0;0;0;0;0;0;0;-3,746595900000000;-38,493122000000000
325339;28;7;2017;12:20;0;AV MIN JOSE AMERICO;;;0;;Colis?úo;Luz do Dia;;Seca;Meio de Quadra;;;0;0;2;1;1;0;0;0;0;0;0;0;;
325343;28;7;2017;15:50;0;RD CE-040;;;0;KM-01;Colis?úo;Luz do Dia;;Seca;Meio de Quadra;;;0;0;2;0;0;0;0;0;0;1;0;0;-3,764650449000000;-38,482583040000000
306597;28;7;2017;07:50;0;AV GOV RAUL BARBOSA;;;1100;;Atropelamento;Luz do Dia;;;Meio de Quadra;;;0;1;1;0;0;0;0;0;0;1;0;0;-3,761287000000000;-38,506022000000000
306604;28;7;2017;09:20;5246;RUA PEREIRA FILGUEIRAS;RUA GONCALVES LEDO;;0;;Colis?úo Transversal;Luz do Dia;;;Cruz;Pare;Residencial;0;0;2;1;0;0;0;0;0;0;0;0;-3,727667000000000;-38,515004000000000
306599;28;7;2017;05:40;6584;AV H CJ CEARA;AV J CJ CEARA;;0;;Colis?úo Transversal;Amanhecer;;;Cruz;Outros;Residencial;0;1;1;0;1;0;0;0;0;1;0;0;-3,777092000000000;-38,621543000000000
306608;28;7;2017;13:40;5743;RUA MANUEL MONTEIRO;RUA VIRGILIO PAES;;0;;Colis?úo Transversal;Luz do Dia;;;Cruz;Pare;Residencial;0;0;2;1;0;0;0;0;0;0;0;0;-3,796546000000000;-38,494302000000000
306606;28;7;2017;15:30;0;AV PDE ANTONIO TOMAS;;;3223;;Colis?úo Traseira;Luz do Dia;;;Meio de Quadra;;;0;0;2;1;0;0;0;0;0;0;0;0;-3,745648000000000;-38,482738000000000
306611;29;7;2017;15:00;0;RUA NIGERIA;;;140;;Choque c/ Obst?ículo Fixo;Luz do Dia;;;Meio de Quadra;;;0;0;1;1;0;0;0;0;0;0;0;0;-3,792887000000000;-38,567039000000000
306628;29;7;2017;14:30;0;AV ZEZE DIOGO;;;4189;;Colis?úo Traseira;Luz do Dia;;;Meio de Quadra;;;0;0;3;1;0;0;0;0;0;0;0;0;-3,742734400000000;-38,451484500000000
306613;29;7;2017;08:50;19732;RUA GUSTAVO SAMPAIO;RUA TIP SALES;;0;;Colis?úo Lateral;Luz do Dia;;;Cruz;Pare;Residencial;0;2;1;1;0;0;0;0;0;1;0;0;-3,737013000000000;-38,564917000000000
306632;29;7;2017;12:36;0;AV DR SILAS MUNGUBA;;;1295;;Colis?úo Lateral;Luz do Dia;;;Meio de Quadra;;;0;1;1;0;0;0;0;0;0;1;0;0;-3,782895000000000;-38,554688000000000
306633;29;7;2017;13:30;0;RUA EQUADOR;;;775;;Colis?úo Traseira;Luz do Dia;;;Meio de Quadra;;;0;0;3;1;0;0;0;0;0;0;0;0;-3,774326000000000;-38,552489000000000
306634;29;7;2017;15:30;1453;AV RUI BARBOSA;AV HERACLITO GRACA;;0;;Colis?úo Traseira;Luz do Dia;;;Cruz;Sem?íforo;Comercial;0;0;3;1;0;0;0;0;0;0;0;0;-3,738357000000000;-38,510199000000000
325349;29;7;2017;05:35;0;RD CE-040;;;0;KM-03;Choque c/ Obst?ículo Fixo;Amanhecer;;Seca;Meio de Quadra;;;0;0;1;0;0;0;0;0;0;0;0;0;-3,782614325000000;-38,481083900000000
325347;29;7;2017;02:00;0;RD CE-060;;;0;KM-02;Choque c/ Obst?ículo Fixo;Via Iluminada;;Seca;Meio de Quadra;;;0;0;1;1;0;0;0;0;0;0;0;0;-3,834064000000000;-38,582111000000000
325354;29;7;2017;16:10;0;RD CE-025;;;0;KM-00;Capotamento;Luz do Dia;;Seca;Meio de Quadra;;;0;0;1;0;0;0;0;0;0;0;0;0;-3,808327262000000;-38,479123640000000
310233;29;7;2017;00:36;0;AV GAL OSORIO DE PAIVA;;;2450;;Colis?úo Traseira;Via Iluminada;Bom;Seca;Meio de Quadra;N?úo H?í Controle;Comercial;0;0;2;0;0;0;0;0;0;0;0;0;-3,787181900000000;-38,584630000000000
310234;29;7;2017;06:45;0;AV GAL MURILO BORGES;;;0;;Colis?úo Lateral;Luz do Dia;Bom;Seca;Meio de Quadra;D?¬ Prefer?¬ncia;Residencial;0;0;2;1;0;0;0;0;0;0;0;0;-3,763735500000000;-38,508427000000000
310235;29;7;2017;07:55;0;AV GAL MURILO BORGES;;;0;;Colis?úo Traseira;Luz do Dia;Bom;Seca;Meio de Quadra;D?¬ Prefer?¬ncia;Residencial;0;0;3;1;0;0;0;0;0;1;0;0;-3,763764600000000;-38,508423000000000
310236;29;7;2017;09:04;1380;RUA TORRES CAMARA;RUA NUNES VALENTE;;0;;Colis?úo Transversal;Luz do Dia;Bom;Seca;Cruz;Pare;Residencial;0;1;1;1;0;0;0;0;0;1;0;0;-3,736738700000000;-38,503933000000000
310237;29;7;2017;07:40;9034;AV AGUANAMBI;RUA CEL SOLON;;0;;Colis?úo Transversal;Luz do Dia;Bom;Seca;Cruz;Pare;Comercial;0;1;1;1;0;0;0;0;0;1;0;0;-3,742735000000000;-38,525673000000000
310238;29;7;2017;10:06;0;RUA POCINHO;;;197;;Colis?úo Lateral;Luz do Dia;Bom;Seca;Meio de Quadra;N?úo H?í Controle;Comercial;0;0;1;1;0;0;0;0;0;0;0;0;-3,727926300000000;-38,524010000000000
310239;29;7;2017;10:24;0;AV GODOFREDO MACIEL;;;2575;;Colis?úo Traseira;Luz do Dia;Bom;Seca;Meio de Quadra;Sem?íforo;Comercial;0;1;1;1;0;0;0;0;0;1;0;0;-3,798274800000000;-38,570390000000000
310240;29;7;2017;16:28;5965;AV C CJ CEARA;AV F CJ CEARA;;0;;Colis?úo Lateral;Luz do Dia;Bom;Seca;Cruz;D?¬ Prefer?¬ncia;Residencial;0;0;2;1;0;0;0;0;0;0;0;0;-3,762597300000000;-38,609436000000000
310241;29;7;2017;16:46;371;RUA ERICO MOTA;RUA ZEMARIO MAMEDE;;0;;Colis?úo Transversal;Luz do Dia;Bom;Seca;Cruz;Pare;Residencial;0;1;1;1;0;0;0;0;0;1;0;0;-3,748661500000000;-38,560276000000000
310313;29;7;2017;19:35;25943;RUA CARNEIRO DA CUNHA (JACARECANGA);RUA PDE IBIAPINA;;0;;Colis?úo Lateral;Via Iluminada;Bom;Seca;T;Sem?íforo;Comercial;0;0;1;1;1;0;0;0;0;0;0;0;-3,724890200000000;-38,540855000000000
304175;29;7;2017;12:06;23607;RUA CAP NESTOR GOIS;RUA BAR CRATO;;0;;Colis?úo;Luz do Dia;;;Cruz;Pare;Misto;1;0;1;1;0;0;0;0;0;1;0;0;-3,721812000000000;-38,561703000000000
304179;29;7;2017;10:53;0;AV J CJ CEARA;;;933;;Colis?úo;Luz do Dia;;;Meio de Quadra;;;1;0;0;1;0;0;0;0;0;0;0;1;-3,765415000000000;-38,615185000000000
304180;29;7;2017;18:00;0;AV MAE MANOEL MAVIGNIER;;;5000;;Atropelamento;Anoitecer;;;Meio de Quadra;;;1;0;1;0;0;0;0;0;0;0;0;0;-3,810070000000000;-38,433120000000000
324473;29;7;2017;00:00;0;AV 13 DE MAIO;;;2955;;Atropelamento;;;;Meio de Quadra;;;0;1;0;0;0;0;0;0;0;0;0;0;-3,738869400000000;-38,541905700000000
324477;29;7;2017;00:45;0;AV MAJ ASSIS;;;303;;Atropelamento;;;;Meio de Quadra;;;0;1;0;0;0;0;0;0;0;0;0;0;-3,724330000000000;-38,580433000000000
324479;29;7;2017;01:24;0;AV MR HULL;;;0;;Queda;;;;Meio de Quadra;;;0;1;0;0;0;0;0;0;0;1;0;0;;
324622;29;7;2017;22:25;0;RUA VITORIANO BORGES;;;506;;Colis?úo;;;;Meio de Quadra;;;0;1;0;1;0;0;0;0;0;1;0;0;-3,781004000000000;-38,552923000000000
324629;29;7;2017;23:23;0;AV ENG ALBERTO SA;;;740;;Colis?úo;;;;Meio de Quadra;;;0;1;0;0;0;0;0;0;0;0;0;0;-3,734943000000000;-38,474506000000000
324631;29;7;2017;23:30;0;RUA PRO OTAVIO LOBO;;;1075;;Colis?úo;;;;Meio de Quadra;;;0;0;1;1;0;0;0;0;0;1;0;0;;
324607;29;7;2017;20:32;0;AV GAL OSORIO DE PAIVA;;;0;;Colis?úo;;;;Meio de Quadra;;;0;0;1;0;0;0;0;0;0;1;0;0;;
324604;29;7;2017;20:21;0;AV C CJ JOSE WALTER;;;227;;Queda;;;;Meio de Quadra;;;0;2;0;0;0;0;0;0;0;1;0;0;;
324593;29;7;2017;18:12;0;AV MR HULL;;;5169;;Colis?úo;Anoitecer;;;Meio de Quadra;;;0;0;1;0;0;0;0;0;0;0;0;0;-3,739543000000000;-38,590729000000000
324596;29;7;2017;18:13;0;ROD CE 010;;;0;;Atropelamento;Anoitecer;;;Meio de Quadra;;;0;1;0;1;0;0;0;0;0;0;0;0;;
324598;29;7;2017;18:28;0;RUA EMILIO DE MENESES;;;612;;Colis?úo;Anoitecer;;;Meio de Quadra;;;0;1;0;0;0;0;0;0;0;0;0;0;-3,781874000000000;-38,586969000000000
324599;29;7;2017;18:59;0;RUA PE CARLOS DE ALENCAR;;;95;;Acidente Pessoal;;;;Meio de Quadra;;;0;1;0;0;0;0;0;0;0;1;0;0;-3,828749000000000;-38,493104000000000
324601;29;7;2017;19:07;0;RUA JOSE VILAR;;;2021;;Atropelamento;;;;Meio de Quadra;;;0;1;0;0;0;0;0;0;0;0;0;0;-3,741560000000000;-38,506539000000000
324612;29;7;2017;21:47;0;RUA ALUISIO AZEVEDO;;;887;;Colis?úo;;;;Meio de Quadra;;;0;1;0;1;0;0;0;0;0;1;0;0;-3,769495000000000;-38,580527000000000
324619;29;7;2017;22:19;0;AV DEP PAULINO ROCHA;;;0;;Colis?úo;;;;Meio de Quadra;;;0;0;1;0;0;0;0;0;0;0;0;0;;
324625;29;7;2017;22:26;0;RUA URUCUTUBA;;;2455;;Queda;;;;Meio de Quadra;;;0;1;0;0;0;0;0;0;0;1;0;0;-3,799119000000000;-38,620143000000000
324617;29;7;2017;21:55;0;RUA OLIVEIRA SOBRINHO;;;726;;Colis?úo;;;;Meio de Quadra;;;0;1;0;1;0;0;0;0;0;1;0;0;-3,782045000000000;-38,588836000000000
324585;29;7;2017;17:42;0;RUA RIO VENTURA;;;0;;Queda;Anoitecer;;;Meio de Quadra;;;0;1;0;0;0;0;0;0;0;1;0;0;;
324589;29;7;2017;18:09;0;RUA SEN ROBERT KENNEDY;;;888;;Colis?úo;Anoitecer;;;Meio de Quadra;;;0;2;0;0;0;0;0;0;0;0;0;0;-3,707566000000000;-38,580682000000000
324557;29;7;2017;16:25;0;RUA CEL FRANCISCO ALVES RIBEIRO;;;200;;Colis?úo;Luz do Dia;;;Meio de Quadra;;;0;1;0;1;0;0;0;0;0;1;0;0;-3,831234800000000;-38,509551618000000
324563;29;7;2017;16:54;0;RUA NOVA ESPERANCA;;;156;;Colis?úo;Luz do Dia;;;Meio de Quadra;;;0;0;1;1;0;1;0;0;0;0;0;0;;
324559;29;7;2017;16:27;0;RUA VALPARAISO;;;1665;;Colis?úo;Luz do Dia;;;Meio de Quadra;;;0;1;0;0;0;0;0;0;0;0;0;0;-3,840032000000000;-38,530868000000000
324560;29;7;2017;16:31;10734;RUA FLORIANOPOLIS;RUA ARACAJU;;0;;Queda;Luz do Dia;;;;Pare;Residencial;0;1;0;0;0;0;0;0;0;1;0;0;-3,760411000000000;-38,587913000000000
324561;29;7;2017;16:44;0;RUA RETIRO DA FELICIDADE;;;237;;Atropelamento;Luz do Dia;;;Meio de Quadra;;;0;1;0;0;0;0;0;0;0;1;0;0;;
324494;29;7;2017;05:15;0;RUA IEDA PEREIRA;;;2016;;Colis?úo;Amanhecer;;;Meio de Quadra;;;0;1;0;0;0;0;0;0;0;0;0;0;-3,787244100000000;-38,488224800000000
324496;29;7;2017;05:38;0;AV ALBERTO NEPOMUCENO;;;199;;Queda;Amanhecer;;;Meio de Quadra;;;0;1;0;0;0;0;0;0;0;1;0;0;-3,723056000000000;-38,524182000000000
324497;29;7;2017;07:23;0;AV JOSE BASTOS;;;2876;;Colis?úo;Luz do Dia;;;Meio de Quadra;;;0;1;0;0;0;0;0;0;0;1;0;0;-3,745970000000000;-38,546428000000000
324498;29;7;2017;07:53;0;RUA NUNES VALENTE;;;1365;;Acidente Pessoal;Luz do Dia;;;Meio de Quadra;;;0;2;0;0;0;0;0;0;0;1;0;0;-3,736696000000000;-38,503881000000000
324500;29;7;2017;08:05;0;RUA LONDRINA;;;845;;Colis?úo;Luz do Dia;;;Meio de Quadra;;;0;1;0;1;0;0;0;0;0;1;0;0;-3,782298000000000;-38,598706000000000
324490;29;7;2017;02:38;0;AV CONTORNO NORTE D71;;;0;;Capotamento;;;;Meio de Quadra;;;0;1;0;1;0;0;0;0;0;0;0;0;;
324491;29;7;2017;04:37;1312;AV DOM LUIS;RUA LEONARDO MOTA;;0;;Colis?úo;;;;Cruz;Sem?íforo;Comercial;0;1;0;1;0;0;0;0;0;1;0;0;-3,733872000000000;-38,495445000000000
324485;29;7;2017;02:33;0;AV AUGUSTO DOS ANJOS;;;1659;;Colis?úo;;;;Meio de Quadra;;;0;2;0;0;0;0;0;0;0;1;0;0;-3,780861000000000;-38,579762000000000
324509;29;7;2017;12:26;0;AV ROGACIANO LEITE;;;1140;;Atropelamento;Luz do Dia;;;Meio de Quadra;;;0;1;0;0;0;0;0;0;0;1;0;0;-3,767863000000000;-38,497002000000000
324511;29;7;2017;13:22;0;AV DOS EXPEDICIONARIOS;;;5360;;Queda;Luz do Dia;;;Meio de Quadra;;;0;1;0;0;0;0;0;0;0;1;0;0;-3,766725000000000;-38,541720000000000