COD_ACIDENTE;DIA;MES;ANO;HORA;INTERSECAO;LOG1;LOG2;LOG3;NUMERO;REFERENCIA;NATUREZA;ILUMINACAO;TEMPO;SUPERFICIEPISTA;TIPOCRUZAMENTO;CONTROLETRAFEGO;USOSOLO;MORTOS;FERIDOS;ILESOS;AUTOMOVEL;ONIBUS;BICICLETA;CAMINHAO;MICROONIBUS;CICLOMOTOR;MOTOCICLETA;TRACAOANIMAL;TREM;LATITUDE;LONGITUDE
324505;29;7;2017;12:06;18192;AV DIOGUINHO;RUA ALBERTO MONTEIRO;;0;;Colis?úo;Luz do Dia;;;Cruz;N?úo H?í Controle;Comercial;0;1;0;1;0;0;0;0;0;1;0;0;-3,767983000000000;-38,440075000000000
324502;29;7;2017;10:50;0;AV J CJ JOSE WALTER;;;0;;Atropelamento;Luz do Dia;;;Meio de Quadra;;;0;1;0;0;0;0;0;0;0;0;0;0;;
324514;29;7;2017;13:26;0;RUA VIS CAUIPE;;;400;;Queda;Luz do Dia;;;Meio de Quadra;;;0;1;0;0;0;0;0;0;0;1;0;0;-3,774246000000000;-38,581393000000000
324515;29;7;2017;14:23;0;AV AUGUSTO DOS ANJOS;;;0;;Colis?úo;Luz do Dia;;;Meio de Quadra;;;0;0;1;0;0;0;0;0;0;0;0;0;;
324521;29;7;2017;14:33;0;RUA TEODORO CABRAL;;;707;;Colis?úo;Luz do Dia;;;Meio de Quadra;;;0;1;0;0;0;0;0;0;0;0;0;0;-3,715298046000000;-38,566377438000000
324531;29;7;2017;15:20;20039;AV PALESTINA D68;RUA CARNAUBAS;;0;;Colis?úo;Luz do Dia;;;Cruz;Pare;Residencial;0;1;0;1;0;0;0;0;0;1;0;0;-3,806492000000000;-38,534764000000000
324527;29;7;2017;14:49;5045;RUA SAO PAULO;AV FILOMENO GOMES;;0;;Colis?úo;Luz do Dia;;;Cruz;Sem?íforo;Residencial;0;1;0;0;0;0;0;0;0;1;0;0;-3,721539000000000;-38,541200000000000
324537;29;7;2017;15:44;17563;RUA ESPIRITO SANTO;RUA AMAZONAS;;0;;Colis?úo;Luz do Dia;;;Cruz;Pare;Residencial;0;1;0;1;0;0;0;0;0;1;0;0;-3,751391000000000;-38,567217000000000
324534;29;7;2017;15:31;0;RUA TEN BENEVOLO;;;1755;;Colis?úo;Luz do Dia;;;Meio de Quadra;;;0;2;0;1;0;0;0;0;0;1;0;0;-3,729053000000000;-38,505931000000000
324529;29;7;2017;14:56;0;RUA LONDRINA;;;2186;;Queda;Luz do Dia;;;Meio de Quadra;;;0;1;0;0;0;1;0;0;0;0;0;0;-3,779140176000000;-38,610230661000000
303827;29;7;2017;08:00;0;AV GODOFREDO MACIEL;;;5119;;Atropelamento;Luz do Dia;;Seca;Meio de Quadra;;;1;0;1;1;0;0;0;0;0;0;0;0;-3,819503000000000;-38,576975000000000
303828;30;7;2017;16:30;0;RUA CEL FABRICIANO;;;2132;;Colis?úo Frontal;Luz do Dia;;;Meio de Quadra;;;1;0;1;1;0;0;0;0;0;1;0;0;-3,782059100000000;-38,610229200000000
303831;30;7;2017;15:22;0;AV PRO JOSE ARTHUR CARVALHO;;;2209;;Choque c/ Obst?ículo Fixo;Luz do Dia;;;Meio de Quadra;;;1;0;0;0;0;0;0;0;0;1;0;0;-3,824533000000000;-38,459345000000000
324651;30;7;2017;01:21;13285;AV J CJ JOSE WALTER;AV G CJ JOSE WALTER;;0;;Atropelamento;;;;;;;0;1;0;1;0;0;0;0;0;0;0;0;-3,838159000000000;-38,557818000000000
324647;30;7;2017;00:45;0;RUA PRO ALVARO COSTA;;;855;;Colis?úo;;;;Meio de Quadra;;;0;1;0;1;0;0;0;0;0;1;0;0;-3,725524085000000;-38,469640118000000
324649;30;7;2017;00:58;5372;RUA DNA LEOPOLDINA;RUA PINTO MADEIRA;;0;;Capotamento;;;;Cruz;Sem?íforo;Comercial;0;2;0;1;0;0;0;0;0;0;0;0;-3,731650000000000;-38,519664000000000
324657;30;7;2017;04:52;0;AV JOR THOMAZ COELHO;;;3260;;Colis?úo;;;;Meio de Quadra;;;0;1;0;0;0;0;0;0;0;0;0;0;-3,829282000000000;-38,525015000000000
324659;30;7;2017;06:03;0;RUA JULIO SILVA;;;440;;Queda;Luz do Dia;;;Meio de Quadra;;;0;1;0;0;0;0;0;0;0;1;0;0;;
310242;30;7;2017;06:31;17370;RUA BAR SOBRAL;RUA ALM RUBIM;;0;;Colis?úo Transversal;Luz do Dia;Bom;Seca;Cruz;Pare;Residencial;0;0;2;1;0;0;0;0;0;0;0;0;-3,766519800000000;-38,555134000000000
310243;30;7;2017;08:45;1261;AV RUI BARBOSA;AV SANTOS DUMONT;;0;;Colis?úo Lateral;Luz do Dia;Bom;Seca;Cruz;Sem?íforo;Comercial;0;0;2;1;0;0;0;0;0;0;0;0;-3,732932000000000;-38,508343000000000
310244;30;7;2017;09:50;0;AV ROGACIANO LEITE;;;2525;;Colis?úo Traseira;Luz do Dia;Bom;Seca;Meio de Quadra;N?úo H?í Controle;Residencial;0;1;1;1;0;0;0;0;0;1;0;0;-3,779661700000000;-38,501390000000000
310245;30;7;2017;11:05;5240;RUA CEL FERRAZ;RUA VIS SABOIA;;0;;Colis?úo Lateral;Luz do Dia;Bom;Seca;T;Pare;Residencial;0;0;2;1;0;0;0;0;0;0;0;0;-3,756377200000000;-38,524296000000000
310246;30;7;2017;13:10;1605;AV DES MOREIRA;RUA BENI DE CARVALHO;;0;PRACA DA IMPRENSA;Colis?úo Traseira;Luz do Dia;Bom;Seca;Cruz;Sem?íforo;Comercial;0;0;2;1;0;0;0;0;0;0;0;0;-3,743852900000000;-38,500880000000000
310247;30;7;2017;13:51;1360;RUA DES LEITE ALBUQUERQUE;RUA JOAQUIM NABUCO;;0;;Colis?úo Lateral;Luz do Dia;Bom;Seca;Cruz;Pare;Comercial;0;1;1;1;0;0;0;0;0;1;0;0;-3,736046800000000;-38,501690000000000
310248;30;7;2017;15:02;0;RUA RIO GRANDE DO NORTE;RUA ACRE;;0;;Colis?úo Transversal;Luz do Dia;Bom;Seca;Cruz;Pare;Residencial;0;0;1;1;0;0;0;0;0;1;0;0;-3,760027200000000;-38,565460000000000
310249;30;7;2017;14:10;12508;AV LINEU MACHADO;RUA ALUISIO AZEVEDO;;0;;Colis?úo Transversal;Luz do Dia;Bom;Seca;Cruz;Sem?íforo;Comercial;0;0;1;1;0;0;0;0;0;0;0;0;-3,770100000000000;-38,579260000000000
310250;30;7;2017;15:20;17288;RUA ALBERTO MAGNO;RUA EDUARDO ANGELIM;;0;;Colis?úo Transversal;Luz do Dia;Bom;Seca;Cruz;Pare;Residencial;0;1;1;1;0;0;0;0;0;1;0;0;-3,763172000000000;-38,548573000000000
310251;30;7;2017;18:19;1519;RUA PDE VALDEVINO;RUA CARLOS VASCONCELOS;;0;;Colis?úo Transversal;Via Iluminada;Bom;Seca;Cruz;Gesto;Comercial;0;0;2;1;0;0;0;0;0;0;0;0;-3,740278000000000;-38,513240000000000
310252;30;7;2017;21:38;5052;RUA GAL SAMPAIO;RUA SEN JAGUARIBE;;0;;Colis?úo Transversal;Via Iluminada;Bom;Seca;Cruz;Gesto;Comercial;0;1;1;1;0;0;0;0;1;0;0;0;-3,721297000000000;-38,529141000000000
310264;30;7;2017;19:54;0;AV JOAO PESSOA;RUA ALFREDO WEYNE (A. WEYNE);;0;;Colis?úo Lateral;Via Iluminada;Bom;Seca;Meio de Quadra;;;0;2;1;1;1;0;0;0;0;1;0;0;-3,747830600000000;-38,545364000000000
325355;30;7;2017;05:30;0;AV SEN CARLOS JEREISSATI (AEROPORTO);;;0;KM 03;Colis?úo;Amanhecer;;Seca;Meio de Quadra;;;0;0;2;1;0;0;0;0;0;0;0;0;-3,779641000000000;-38,544038000000000
325358;30;7;2017;21:00;0;RD CE-040;;;0;KM-12;Colis?úo;Via Iluminada;;Seca;Meio de Quadra;;;0;0;2;1;0;0;0;0;0;0;0;0;-3,857690949000000;-38,472042540000000
324710;30;7;2017;19:10;0;AV DOS EXPEDICIONARIOS;;;4717;;Queda;;;;Meio de Quadra;;;0;2;0;0;0;0;0;0;0;1;0;0;-3,759336000000000;-38,539488000000000
324711;30;7;2017;19:29;0;RUA RAIMUNDO GOMES;;;146;;Queda;;;;Meio de Quadra;;;0;1;0;0;0;0;0;0;0;1;0;0;-3,714380000000000;-38,589971000000000
324694;30;7;2017;11:56;21531;RUA EDUARDO ARAUJO;RUA PRO CABRAL;;0;;Colis?úo;Luz do Dia;;;;;;0;0;1;1;0;0;0;0;0;1;0;0;-3,819560000000000;-38,594991000000000
324695;30;7;2017;12:23;0;RUA JOSE ARAGAO;;;12;;Colis?úo;Luz do Dia;;;Meio de Quadra;;;0;0;1;1;0;0;0;0;0;1;0;0;;
324691;30;7;2017;09:36;6760;AV ENG SANTANA JUNIOR;RUA GAL TERTULIANO POTYGUARA;;0;;Colis?úo;Luz do Dia;;;T;Sem?íforo;Comercial;0;1;0;1;0;0;0;0;0;1;0;0;-3,746669000000000;-38,489463000000000
324703;30;7;2017;16:38;0;AV ENG HUMBERTO MONTE;;;1244;;Atropelamento;Luz do Dia;;;Meio de Quadra;;;0;1;0;1;0;0;0;0;0;0;0;0;-3,748498000000000;-38,560963000000000
324705;30;7;2017;18:15;0;AV I CJ JOSE WALTER;;;1480;;Queda;Anoitecer;;;Meio de Quadra;;;0;1;0;0;0;0;0;0;0;1;0;0;-3,836949000000000;-38,554316000000000
324707;30;7;2017;18:33;0;RUA BENJAMIN BARRETO;;;6;;Atropelamento;;;;Meio de Quadra;;;0;1;0;0;0;0;0;0;0;1;0;0;-3,706235000000000;-38,566005000000000
324708;30;7;2017;18:56;25020;RUA TEODOMIRO DE CASTRO;RUA FRE ODILON;;0;;Atropelamento;;;;T;Pare;Residencial;0;1;0;0;0;0;0;0;0;1;0;0;-3,720052000000000;-38,569787000000000
324714;30;7;2017;19:30;0;AV ENG HUMBERTO MONTE;;;1957;;Atropelamento;;;;Meio de Quadra;;;0;1;0;1;0;0;0;0;0;0;0;0;-3,743930000000000;-38,564738000000000
324683;30;7;2017;09:20;0;RUA VINTE E QUATRO DE MAIO;;;114;;Colis?úo;Luz do Dia;;;Meio de Quadra;;;0;2;0;0;0;1;0;0;0;1;0;0;;
324685;30;7;2017;04:38;0;RUA ESC TOM JOBIM;;;21;;Queda;;;;Meio de Quadra;;;0;2;0;0;0;0;0;0;0;1;0;0;;
306615;30;7;2017;17:30;0;AV BENJAMIM BRASIL;;;1685;;Choque c/ Obst?ículo Fixo;Anoitecer;Bom;Seca;Meio de Quadra;N?úo H?í Controle;Comercial;0;0;1;1;0;0;0;0;0;0;0;0;-3,807022000000000;-38,560749000000000
306619;30;7;2017;01:00;19018;AV ENG ALBERTO SA;RUA JOSE CARLOS GURGEL NOGUEIRA;;0;;Colis?úo Transversal;Via Iluminada;Bom;Seca;Cruz;Sem?íforo Intermitente;Residencial;0;2;0;0;0;0;0;0;0;0;0;0;-3,734800000000000;-38,475012000000000
306624;31;7;2017;06:45;5328;AV TRISTAO GONCALVES;AV DUQ CAXIAS;;0;;Colis?úo Lateral;Luz do Dia;Bom;Seca;Cruz;Sem?íforo;Comercial;0;0;2;1;0;0;0;0;0;1;0;0;-3,730400000000000;-38,534196000000000
306635;31;7;2017;14:45;708;AV DR THEBERGE;RUA CRUZ E SOUSA D21;;0;;Colis?úo Lateral;Luz do Dia;Bom;Seca;Cruz;Sem?íforo;Comercial;0;0;2;1;0;0;0;0;0;0;0;0;-3,719218000000000;-38,566456000000000
306641;31;7;2017;08:10;0;AV GODOFREDO MACIEL;;;0;;Choque c/ Obst?ículo Fixo;Luz do Dia;Bom;Seca;Meio de Quadra;Sem?íforo;Residencial;0;0;1;1;0;0;0;0;0;0;0;0;;
306639;31;7;2017;10:15;0;RUA PEREIRA DE MIRANDA;;;56;;Colis?úo Lateral;Luz do Dia;Bom;Seca;Meio de Quadra;N?úo H?í Controle;Residencial;0;0;1;1;0;0;0;0;0;0;0;0;-3,738514000000000;-38,485746000000000
306658;31;7;2017;03:30;0;AV SEN FERNANDES TAVORA;;;337;;Choque c/ Obst?ículo Fixo;Via Iluminada;Bom;Seca;Meio de Quadra;N?úo H?í Controle;Residencial;0;0;1;1;0;0;0;0;0;0;0;0;-3,765895000000000;-38,575274000000000
306659;31;7;2017;18:48;0;RUA DR GILBERTO STUDART;;;357;;Colis?úo Lateral;Via Iluminada;Bom;Seca;Meio de Quadra;N?úo H?í Controle;Comercial;0;0;2;1;1;0;0;0;0;0;0;0;-3,742369000000000;-38,484821000000000
306656;31;7;2017;17:20;19137;RUA BATISTA DE OLIVEIRA;RUA ANDRE DALL OLIO;;0;;Colis?úo;Via Iluminada;Bom;Seca;Cruz;Pare;Residencial;0;1;1;1;0;1;0;0;0;0;0;0;-3,739190000000000;-38,477454000000000
324742;31;7;2017;01:24;0;RUA ANTERO QUENTAL;;;0;;Colis?úo;;;;Meio de Quadra;;;0;0;1;0;0;0;0;0;0;0;0;0;;
324764;31;7;2017;11:29;0;AV DUQ CAXIAS;;;0;;Atropelamento;Luz do Dia;;;Meio de Quadra;;;0;1;0;0;0;0;0;0;0;1;0;0;;
324765;31;7;2017;12:05;0;AV PERIMETRAL;;;685;;Queda;Luz do Dia;;;Meio de Quadra;;;0;1;0;0;0;0;0;0;0;1;0;0;;
324762;31;7;2017;09:57;0;AV TEN LISBOA;;;2827;;Colis?úo;Luz do Dia;;;Meio de Quadra;;;0;1;0;0;0;0;0;0;0;0;0;0;-3,719248138000000;-38,560935461000000
324753;31;7;2017;06:19;0;RUA MARIA JULIA;;;236;;Colis?úo;Luz do Dia;;;Meio de Quadra;;;0;1;0;0;0;0;0;0;0;0;0;0;-3,787894000000000;-38,598501000000000
324754;31;7;2017;06:53;0;RUA ELESBAO VELOSO;;;256;;Atropelamento;Luz do Dia;;;Meio de Quadra;;;0;1;0;0;0;0;0;0;0;1;0;0;-3,752434500000000;-38,593024700000000
324755;31;7;2017;06:56;19544;RUA NEREU RAMOS;RUA COSTA FREIRE;;0;;Queda;Luz do Dia;;;Cruz;Pare;Comercial;0;1;0;0;0;0;0;0;0;1;0;0;-3,782632000000000;-38,576238000000000
324756;31;7;2017;07:22;0;RUA DOM MAURICIO;;;642;;Queda;Luz do Dia;;;Meio de Quadra;;;0;1;0;0;0;1;0;0;0;0;0;0;-3,734056681000000;-38,575508802000000
324757;31;7;2017;07:34;0;AV WASHINGTON SOARES;;;0;;Colis?úo;Luz do Dia;;Seca;Meio de Quadra;;;0;1;1;1;0;1;0;0;0;0;0;0;;
324751;31;7;2017;06:08;0;RUA ANA BRITO;;;1228;;Queda;Luz do Dia;;;Meio de Quadra;;;0;1;0;0;0;0;0;0;0;1;0;0;-3,827544800000000;-38,589133200000000
324816;31;7;2017;23:55;0;RUA MARIA QUINTINO;;;0;;Atropelamento;;;;Meio de Quadra;;;0;1;0;0;0;0;0;0;0;1;0;0;;
324812;31;7;2017;21:19;0;AV GAL OSORIO DE PAIVA;;;5723;;Colis?úo;;;;Meio de Quadra;;;0;1;0;0;0;0;0;0;0;0;0;0;-3,806982000000000;-38,604272000000000
324813;31;7;2017;22:24;14698;RUA CON DE CASTRO;RUA MAJ MONTENEGRO;;0;;Colis?úo;;;;;;;0;1;0;0;0;0;0;0;0;0;0;0;-3,792522000000000;-38,580380000000000
324808;31;7;2017;20:32;0;AV DES GONZAGA;;;1580;;Atropelamento;;;;Meio de Quadra;;;0;1;0;0;0;0;0;0;0;0;0;0;-3,799946700000000;-38,498448400000000
324802;31;7;2017;19:08;0;AV RAD JOSE LIMA VERDE;;;691;;Atropelamento;;;;Meio de Quadra;;;0;1;0;0;0;0;0;0;0;0;0;0;-3,697894000000000;-38,586885000000000
324800;31;7;2017;18:49;0;AV DIOGUINHO;;;2171;;Colis?úo;;;;Meio de Quadra;;;0;0;1;0;0;0;0;0;0;0;0;0;-3,736192000000000;-38,456289000000000
324804;31;7;2017;19:32;0;RUA 731 CJ CEARA;;;1260;;Colis?úo;;;;Meio de Quadra;;;0;1;0;1;0;0;0;0;0;1;0;0;;
324805;31;7;2017;20:13;0;RUA JOSE MENDONCA;;;167;;Colis?úo;;;;Meio de Quadra;;;0;1;0;0;0;0;0;0;0;1;0;0;-3,760155000000000;-38,602755000000000
324806;31;7;2017;20:30;0;AV JOSE BASTOS;;;3504;;Queda;;;;Meio de Quadra;;;0;1;0;0;0;1;0;0;0;0;0;0;-3,749551000000000;-38,550013000000000
324783;31;7;2017;16:13;0;AV SGT HERMINIO SAMPAIO;;;1326;;Colis?úo;Luz do Dia;;;Meio de Quadra;;;0;1;0;0;0;0;0;0;0;0;0;0;-3,724893000000000;-38,552455000000000
324792;31;7;2017;17:28;0;RUA CON DE CASTRO;;;1001;;Colis?úo;Anoitecer;;;Meio de Quadra;;;0;1;0;0;0;0;0;0;0;1;0;0;-3,780301000000000;-38,569104000000000
324797;31;7;2017;18:30;0;RUA DO CANAL (TAUAPE);;;130;;Colis?úo;Anoitecer;;;Meio de Quadra;;;0;1;0;1;0;0;0;0;0;1;0;0;;
324794;31;7;2017;17:55;0;AV JOSE JATAHY;;;40;;Queda;Anoitecer;;;Meio de Quadra;;;0;0;1;0;0;0;0;0;0;1;0;0;-3,739724000000000;-38,543257000000000
324795;31;7;2017;18:09;0;RUA VALPARAISO;;;179;;Queda;Anoitecer;;;Meio de Quadra;;;0;0;1;0;0;0;0;0;0;1;0;0;-3,851239100000000;-38,506315600000000
324788;31;7;2017;17:03;0;RUA FRANCISCO JOSE A PEREIRA;;;620;;Atropelamento;Anoitecer;;;Meio de Quadra;;;0;1;0;0;0;0;0;0;0;0;0;0;-3,811891000000000;-38,506254000000000
324789;31;7;2017;17:09;0;RUA COS LAFAYETE;;;272;;Colis?úo;Anoitecer;;;Meio de Quadra;;;0;1;0;1;0;1;0;0;0;0;0;0;-3,718199000000000;-38,580525000000000
324785;31;7;2017;16:24;0;RUA TEN JOSE NEWTON;;;465;;Queda;Luz do Dia;;;Meio de Quadra;;;0;1;0;0;0;1;0;0;0;0;0;0;;
324780;31;7;2017;15:33;7341;RUA ARACAJU;RUA SILVA BAIMA;;0;;Colis?úo;Luz do Dia;;;;;;0;1;0;1;0;0;0;0;0;1;0;0;-3,754457000000000;-38,584746000000000
324778;31;7;2017;15:13;13495;RUA CEL ALVES TEIXEIRA;RUA ILDEFONSO ALBANO;;0;;Colis?úo;Luz do Dia;;;Cruz;Pare;Residencial;0;1;0;1;0;0;0;0;0;1;0;0;-3,745590000000000;-38,517296000000000
324773;31;7;2017;12:58;0;RUA CEL MATOS DOURADO;;;454;;Colis?úo;Luz do Dia;;;Meio de Quadra;;;0;1;0;0;0;0;0;0;0;0;0;0;-3,742997000000000;-38,585057000000000
325362;31;7;2017;15:00;0;RD CE-060;;;0;KM-03;Colis?úo;Luz do Dia;;Seca;Meio de Quadra;;;0;0;2;1;0;0;0;0;0;0;0;0;-3,843038000000000;-38,585133000000000
310265;31;7;2017;10:30;5402;RUA VINTE E QUATRO DE MAIO;RUA METON DE ALENCAR;;0;;Colis?úo Transversal;Luz do Dia;Bom;Seca;Cruz;Pare;Comercial;0;0;2;1;0;0;0;0;0;0;0;0;-3,732607600000000;-38,533913000000000
310266;31;7;2017;13:35;11078;AV DR SILAS MUNGUBA;RUA EST JUCA D45;;0;;Colis?úo Lateral;Luz do Dia;Bom;Seca;Cruz;Pare;Comercial;0;0;3;1;0;0;0;0;0;0;0;0;-3,789294000000000;-38,543960000000000
310267;31;7;2017;08:40;99;RUA MARTINS NETO;RUA TOMAS RODRIGUES;;0;;Colis?úo Transversal;Luz do Dia;Bom;Seca;Cruz;Pare;Residencial;0;0;2;1;0;0;0;0;0;0;0;0;-3,741063000000000;-38,593771000000000
310268;31;7;2017;14:38;5458;RUA BARBARA DE ALENCAR;RUA RODRIGUES JUNIOR;;238;;Colis?úo Lateral;Luz do Dia;Bom;Seca;Cruz;Pare;Comercial;0;0;2;1;0;0;0;0;0;0;0;0;-3,735381800000000;-38,522076000000000
310269;31;7;2017;15:46;0;AV AGUANAMBI;;;0;;Colis?úo Traseira;Luz do Dia;Bom;Seca;Rotat??ria;Sem?íforo;Comercial;0;0;1;1;0;0;0;0;0;0;0;0;-3,756552700000000;-38,523660000000000
310293;31;7;2017;16:08;1658;RUA MON CATAO;RUA BENI DE CARVALHO;;0;;Colis?úo;Luz do Dia;Bom;Seca;Cruz;N?úo H?í Controle;Comercial;0;2;1;1;0;1;0;0;0;0;0;0;-3,746624700000000;-38,493050000000000
310253;31;7;2017;06:05;3975;RUA ALBERTO MAGNO;RUA PRO COSTA MENDES;;0;;Colis?úo Transversal;Amanhecer;Bom;Seca;Cruz;Sem?íforo;Comercial;0;1;1;1;0;0;0;0;0;0;0;0;-3,757547600000000;-38,543537000000000
310254;31;7;2017;06:30;0;RUA VICENTE SPINDOLA;;;196;;Colis?úo Traseira;Luz do Dia;Bom;Seca;Meio de Quadra;N?úo H?í Controle;Residencial;0;0;2;0;0;0;0;0;0;1;0;0;-3,768631000000000;-38,539597000000000
310255;31;7;2017;07:40;15169;RUA JOAQUIM NABUCO;AV BEIRA MAR;;0;;Colis?úo Lateral;Luz do Dia;Bom;Seca;T;Pare;Lazer;0;0;2;1;0;0;0;0;0;0;0;0;-3,725440000000000;-38,498158000000000
310256;31;7;2017;08:21;20963;RUA ALAGOAS;RUA CARLOS JEREISSATI (PICI);;0;;Colis?úo Transversal;Luz do Dia;Bom;Seca;Cruz;Pare;Comercial;0;0;2;1;0;0;0;0;0;0;0;0;-3,750075000000000;-38,580067000000000
310257;31;7;2017;08:41;0;RUA MAL DEODORO;;;658;;Colis?úo Traseira;Luz do Dia;Bom;Seca;Meio de Quadra;N?úo H?í Controle;Residencial;0;0;2;1;0;0;0;0;0;0;0;0;-3,741473200000000;-38,535843000000000
310258;31;7;2017;08:12;0;RUA CEL MATOS DOURADO;;;963;;Colis?úo Traseira;Luz do Dia;Bom;Seca;Meio de Quadra;Sem?íforo;Residencial;0;0;2;1;0;0;0;0;0;1;0;0;-3,748267200000000;-38,584580000000000
310259;31;7;2017;09:04;0;AV OLIVEIRA PAIVA;;;1463;;Colis?úo Traseira;Luz do Dia;Bom;Seca;Duplo T;Sem?íforo;Comercial;0;1;1;1;0;0;0;0;0;1;0;0;-3,795625400000000;-38,493366000000000
310260;31;7;2017;09:00;7897;RUA HENRIQUETA GALENO;RUA MON CATAO;;0;;Colis?úo Transversal;Amanhecer;Bom;Seca;Y;N?úo H?í Controle;Comercial;0;0;2;1;0;0;0;0;0;0;0;0;-3,747144500000000;-38,493700000000000
310261;31;7;2017;09:32;19707;AV BEZERRA DE MENEZES;RUA ARMANDO OLIVEIRA;;0;;Colis?úo Frontal;Luz do Dia;Bom;Seca;T;Pare;Comercial;0;0;2;1;0;0;0;0;0;0;0;0;-3,736558400000000;-38,567150000000000
310262;31;7;2017;10:10;0;AV BAR STUDART;;;505;PAL?üCIO DA ABOLI?ç?âO;Colis?úo Lateral;Luz do Dia;Bom;Seca;Meio de Quadra;N?úo H?í Controle;Comercial;0;0;2;1;0;0;0;0;0;0;0;0;-3,728658400000000;-38,504593000000000
310263;31;7;2017;10:50;7983;AV JOAO PESSOA;RUA JOAO SORONGO;;0;;Colis?úo Transversal;Luz do Dia;Bom;Seca;Cruz;Pare;Comercial;0;0;2;1;1;0;0;0;0;0;0;0;-3,748672200000000;-38,546180000000000
310271;31;7;2017;16:52;0;RUA SEN ALENCAR;;;377;;Colis?úo Lateral;Luz do Dia;Bom;Seca;Meio de Quadra;N?úo H?í Controle;Comercial;0;0;3;1;0;0;0;0;0;0;0;0;-3,724430300000000;-38,529213000000000
310272;31;7;2017;16:43;7923;AV DES MOREIRA;RUA ISAC AMARAL;;0;;Colis?úo Traseira;Luz do Dia;Bom;Seca;Cruz;Sem?íforo;Residencial;0;0;2;1;0;0;0;0;0;0;0;0;-3,752963500000000;-38,503930000000000
310273;31;7;2017;19:10;0;AV DOS EXPEDICIONARIOS;;;4469;;Colis?úo Traseira;Via Iluminada;Bom;Seca;Meio de Quadra;Sem?íforo;Residencial;0;0;2;1;0;0;0;0;0;1;0;0;-3,757434000000000;-38,538900000000000
310274;31;7;2017;17:13;22110;RUA MON FURTADO;RUA TAVARES IRACEMA;;0;;Colis?úo Transversal;Anoitecer;Bom;Seca;Cruz;Pare;Residencial;0;1;1;1;0;0;0;0;0;1;0;0;-3,751352800000000;-38,553898000000000
310275;31;7;2017;16:00;0;AV ALM HENRIQUE SABOIA;;;2471;;Colis?úo Traseira;Luz do Dia;Bom;Seca;Meio de Quadra;N?úo H?í Controle;Comercial;0;0;2;1;0;0;0;0;0;0;0;0;-3,732025600000000;-38,482680000000000
310276;31;7;2017;21:32;0;RUA OSVALDO CRUZ;;;2130;;Colis?úo Transversal;Via Iluminada;Bom;Seca;Meio de Quadra;Pare;Residencial;0;1;1;0;0;0;0;0;0;1;0;0;-3,744379800000000;-38,503307000000000
310277;31;7;2017;19:30;0;AV CEL CARVALHO;;;2120;;Colis?úo Lateral;Via Iluminada;Bom;Seca;Meio de Quadra;N?úo H?í Controle;Residencial;0;1;1;0;1;1;0;0;0;0;0;0;-3,720799000000000;-38,587120000000000
310279;31;7;2017;09:30;5473;AV HERACLITO GRACA;RUA JOAO CORDEIRO;;0;;Colis?úo Transversal;Luz do Dia;Bom;Seca;Duplo T;Sem?íforo;Comercial;0;0;2;1;0;0;0;0;0;0;0;0;-3,735928300000000;-38,516710000000000
310280;1;8;2017;09:40;0;AV MOZART PINHEIRO DE LUCENA;;;683;;Colis?úo Transversal;Luz do Dia;Bom;Seca;Meio de Quadra;N?úo H?í Controle;Residencial;0;1;2;1;0;0;0;0;0;1;0;0;-3,708566400000000;-38,592860000000000
310281;1;8;2017;10:00;0;RUA SOLON PINHEIRO;;;1070;;Colis?úo Traseira;Luz do Dia;Bom;Seca;Meio de Quadra;N?úo H?í Controle;Residencial;0;0;2;1;0;0;0;0;0;0;0;0;-3,735720600000000;-38,506924000000000
310282;1;8;2017;10:33;0;RUA ADOLFO SALES D24;RUA ANTONIO ARRUDA;;0;;Colis?úo Transversal;Luz do Dia;Bom;Seca;Cruz;Pare;Residencial;0;0;2;1;0;0;0;0;0;0;0;0;-3,708819000000000;-38,590805000000000
310283;1;8;2017;10:24;0;RUA B CJ JARDIM DAS OLIVEIRAS;RUA O CJ JD DAS OLIVEIRAS;;0;;Colis?úo Transversal;Luz do Dia;Bom;Seca;Cruz;N?úo H?í Controle;Residencial;0;1;1;1;0;0;0;0;0;1;0;0;-3,769824300000000;-38,493680000000000
310284;1;8;2017;11:42;0;RUA HENRIQUE DE CASTRO;RUA ARNALDO OSORIO;;0;;Colis?úo Lateral;Luz do Dia;Bom;Seca;Meio de Quadra;Pare;Residencial;0;1;1;0;1;0;0;0;0;1;0;0;-3,777040200000000;-38,500916000000000
310285;1;8;2017;13:12;0;AV DEP PAULINO ROCHA;;;0;;Colis?úo Traseira;Luz do Dia;Bom;Seca;Meio de Quadra;Sem?íforo;Lazer;0;0;2;1;0;0;0;0;0;0;0;0;-3,809408700000000;-38,521713000000000
310286;1;8;2017;14:01;1333;RUA MARIA TOMASIA;RUA BARBOSA DE FREITAS;;0;;Colis?úo Lateral;Luz do Dia;Bom;Seca;Cruz;Pare;Comercial;0;0;2;1;0;0;0;0;0;0;0;0;-3,735671500000000;-38,497112000000000
310287;1;8;2017;14:06;0;RUA MOGNO;RUA 442 CJ CEARA;;162;;Colis?úo Lateral;Luz do Dia;Bom;Seca;T;Pare;Residencial;0;1;1;1;0;0;0;0;0;1;0;0;-3,763728600000000;-38,604206000000000