COD_ACIDENTE;DIA;MES;ANO;HORA;INTERSECAO;LOG1;LOG2;LOG3;NUMERO;REFERENCIA;NATUREZA;ILUMINACAO;TEMPO;SUPERFICIEPISTA;TIPOCRUZAMENTO;CONTROLETRAFEGO;USOSOLO;MORTOS;FERIDOS;ILESOS;AUTOMOVEL;ONIBUS;BICICLETA;CAMINHAO;MICROONIBUS;CICLOMOTOR;MOTOCICLETA;TRACAOANIMAL;TREM;LATITUDE;LONGITUDE
310288;1;8;2017;14:27;8994;RUA ANTONIO DRUMONT;RUA PDE FROTA;;0;;Colis?úo Transversal;Luz do Dia;Bom;Seca;Cruz;Pare;Residencial;0;2;0;1;0;0;0;0;0;1;0;0;-3,728667500000000;-38,548600000000000
310289;1;8;2017;18:49;0;AV N CJ JOSE WALTER;;;621;;Colis?úo Transversal;Via Iluminada;Bom;Seca;Meio de Quadra;N?úo H?í Controle;Lazer;0;1;1;0;1;0;0;0;0;1;0;0;-3,826979000000000;-38,559330000000000
310290;1;8;2017;18:55;0;RUA METON DE ALENCAR;;;457;;Queda;Via Iluminada;Bom;Seca;Meio de Quadra;N?úo H?í Controle;Comercial;0;0;2;1;0;0;0;0;0;0;0;0;-3,734466800000000;-38,528236000000000
310291;1;8;2017;18:30;7992;AV JOAO PESSOA;RUA ANA NERY;;0;;Colis?úo Transversal;Via Iluminada;Bom;Seca;Cruz;Pare;Residencial;0;0;1;1;1;0;0;0;0;0;0;0;-3,749387500000000;-38,546850000000000
310292;1;8;2017;21:16;0;AV FRANCISCO SA;RUA 24 DE JUNHO;;5514;;Colis?úo Lateral;Via Iluminada;Bom;Seca;T;Pare;Comercial;0;0;2;1;1;0;0;0;0;0;0;0;-3,711822000000000;-38,573555000000000
310295;1;8;2017;11:03;0;AV ALM BARROSO;RUA TOMAS LOPES;;0;;Colis?úo Lateral;Luz do Dia;Bom;Seca;T;Pare;Comercial;0;0;1;1;0;0;0;0;0;0;0;0;-3,720373400000000;-38,515710000000000
310278;1;8;2017;09:50;17899;AV SGT HERMINIO SAMPAIO;RUA EVANDRO LUZ;;0;;Colis?úo Traseira;Luz do Dia;Bom;Seca;T;Pare;Comercial;0;1;1;1;0;0;0;0;0;0;0;0;-3,730829000000000;-38,577515000000000
310375;1;8;2017;21:26;17282;RUA ALAN KARDEC;RUA BAR CANINDE;;0;;Colis?úo Lateral;Anoitecer;Bom;Seca;Cruz;Pare;Comercial;0;1;1;1;0;0;0;0;0;0;0;0;-3,762749400000000;-38,552776000000000
310332;1;8;2017;16:59;9021;RUA CEL SOLON;AV FELINO BARROSO;;0;;Colis?úo Transversal;Luz do Dia;Bom;Seca;Cruz;Pare;Comercial;0;0;2;1;0;0;0;0;0;0;0;0;-3,743169300000000;-38,528595000000000
324535;1;8;2017;14:00;0;RD CE-040;;;0;KM-05;Colis?úo;Luz do Dia;;Seca;Meio de Quadra;;;0;0;2;1;0;0;0;0;0;0;0;0;-3,800595823000000;-38,479534630000000
324528;1;8;2017;08:10;0;RD CE-040;;;0;KM-03;Colis?úo;Luz do Dia;;Seca;Meio de Quadra;;;0;0;2;1;0;0;0;0;0;0;0;0;-3,782614325000000;-38,481083900000000
324532;1;8;2017;13:30;0;RD CE-040;;;0;KM-05;Colis?úo;Luz do Dia;;Seca;Meio de Quadra;;;0;0;2;0;1;0;0;0;0;0;0;0;-3,800595823000000;-38,479534630000000
324525;1;8;2017;09:00;0;RD CE-040;;;0;KM-09;Colis?úo;Luz do Dia;;Seca;Meio de Quadra;;;0;0;1;1;0;0;0;0;0;0;0;0;-3,834450897000000;-38,482465820000000
324522;1;8;2017;09:00;0;RD CE-060;;;0;KM-02;Colis?úo;Luz do Dia;;Seca;Meio de Quadra;;;0;0;3;1;0;0;0;0;0;0;0;0;-3,834064000000000;-38,582111000000000
323552;1;8;2017;22:09;18861;RUA 35 CJ HAB ST S JOAO;AV C CJ HAB ST SAO JOAO;;0;;Colis?úo;;;;;;;0;0;1;1;0;0;0;0;0;0;0;0;-3,849171000000000;-38,512791000000000
323553;1;8;2017;22:34;0;RUA ORIENTE;;;137;;Colis?úo;;;;Meio de Quadra;;;0;1;0;0;0;0;0;0;0;0;0;0;-3,727190700000000;-38,475033300000000
323547;1;8;2017;20:17;9653;RUA FRANCISCO PAIVA;RUA BOM JESUS (GRANJA LISBOA);;0;;Atropelamento;;;;Cruz;Pare;Residencial;0;1;0;1;0;0;0;0;0;0;0;0;-3,790241000000000;-38,614088000000000
323537;1;8;2017;18:36;0;RUA B (CJ RESIDENCIAL UBIRATAN AGUIAR);;;0;;Atropelamento;;;;Meio de Quadra;;;0;1;0;1;0;0;0;0;0;0;0;0;;
323541;1;8;2017;20:12;0;AV DR SILAS MUNGUBA;;;0;;Atropelamento;;;;Meio de Quadra;;;0;1;0;0;1;0;0;0;0;0;0;0;;
323539;1;8;2017;19:58;0;AV SEN FERNANDES TAVORA;;;3264;;Colis?úo;;;;Meio de Quadra;;;0;1;0;1;0;0;0;0;0;1;0;0;-3,754598000000000;-38,601137000000000
323534;1;8;2017;18:07;0;AV PERIMETRAL;;;0;;Colis?úo;Anoitecer;;;Meio de Quadra;;;0;1;0;1;0;0;0;0;0;1;0;0;;
323530;1;8;2017;17:57;0;AV PRS CASTELO BRANCO;;;3141;;Colis?úo;Anoitecer;;;Meio de Quadra;;;0;1;0;0;0;0;0;0;0;0;0;0;-3,711284000000000;-38,558476000000000
323479;1;8;2017;09:25;0;RUA MON BRUNO;;;1153;;Queda;Luz do Dia;;;Meio de Quadra;;;0;0;1;0;0;0;0;0;0;1;0;0;;
323480;1;8;2017;11:27;0;AV ROGACIANO LEITE;;;2450;;Colis?úo;Luz do Dia;;;Meio de Quadra;;;0;1;0;1;0;0;0;0;0;1;0;0;-3,777076000000000;-38,500662000000000
323481;1;8;2017;11:50;0;RUA BAR RIO BRANCO;;;2858;;Queda;Luz do Dia;;;Meio de Quadra;;;0;1;0;0;0;0;0;0;0;1;0;0;-3,743137000000000;-38,533584000000000
323482;1;8;2017;12:41;10988;RUA EQUADOR;RUA CON LIMA SUCUPIRA;;0;;Queda;Luz do Dia;;;Cruz;Pare;Residencial;0;1;0;0;0;0;0;0;0;1;0;0;-3,777318000000000;-38,553469000000000
323486;1;8;2017;13:08;0;AV ODILON GUIMARAES;;;2200;;Colis?úo;Luz do Dia;;;Meio de Quadra;;;0;0;1;1;0;0;0;0;0;1;0;0;-3,819356000000000;-38,475006000000000
323487;1;8;2017;13:20;0;RUA PEDRO CARDONIO UCHOA;;;130;;Colis?úo;Luz do Dia;;;Meio de Quadra;;;0;1;0;1;0;0;0;0;0;1;0;0;-3,791162000000000;-38,589805000000000
323489;1;8;2017;13:37;0;AV A CJ JOSE WALTER;;;1330;;Acidente Pessoal;Luz do Dia;;;Meio de Quadra;;;0;0;1;0;0;0;0;0;0;1;0;0;;
323491;1;8;2017;15:02;0;RUA OSCARITO;;;691;;Queda;Luz do Dia;;;Meio de Quadra;;;0;1;0;0;0;1;0;0;0;0;0;0;-3,846738000000000;-38,527978000000000
323492;1;8;2017;15:06;0;AV HEROIS DO ACRE;;;716;;Queda;Luz do Dia;;;Meio de Quadra;;;0;0;1;0;0;0;0;0;0;1;0;0;-3,803173000000000;-38,535105000000000
323493;1;8;2017;16:10;0;AV CASTELO DE CASTRO;;;326;;Colis?úo;Luz do Dia;;;Meio de Quadra;;;0;1;0;0;0;1;0;0;0;1;0;0;-3,831843000000000;-38,521521000000000
323494;1;8;2017;16:50;0;AV BENJAMIM BRASIL;;;396;;Colis?úo;Luz do Dia;;;Meio de Quadra;;;0;1;0;0;0;0;0;0;0;0;0;0;-3,804010000000000;-38,569645000000000
323495;1;8;2017;16:51;0;AV FRANCISCO SA;;;0;;Colis?úo;Luz do Dia;;;Meio de Quadra;;;0;1;0;1;0;0;0;0;0;1;0;0;;
323496;1;8;2017;16:56;0;RUA JOSE MENDONCA;;;901;;Colis?úo;Luz do Dia;;;Meio de Quadra;;;0;1;0;0;0;0;0;0;0;0;0;0;-3,755456000000000;-38,601877000000000
323497;1;8;2017;17:01;0;AV WASHINGTON SOARES;;;6500;;Atropelamento;Anoitecer;;;Meio de Quadra;;;0;1;0;1;0;0;0;0;0;0;0;0;-3,815698000000000;-38,481975000000000
323500;1;8;2017;17:07;0;AV CARAPINIMA;;;2668;;Acidente Pessoal;Anoitecer;;;Meio de Quadra;;;0;1;0;0;0;0;0;0;0;1;0;0;-3,742418000000000;-38,542710000000000
323501;1;8;2017;17:13;0;RUA MONTE LIBANO;;;710;;Colis?úo;Anoitecer;;;Meio de Quadra;;;0;1;0;1;0;0;0;0;0;1;0;0;-3,826737000000000;-38,563483000000000
323477;1;8;2017;08:49;0;RUA GAL GOIS MONTEIRO;;;525;;Colis?úo;Luz do Dia;;;Meio de Quadra;;;0;1;0;0;0;0;0;0;0;0;0;0;-3,733886901000000;-38,579794659000000
323474;1;8;2017;07:48;0;AV ENG LUIS VIEIRA;;;555;;Queda;Luz do Dia;;;Meio de Quadra;;;0;0;1;0;0;1;0;0;0;0;0;0;-3,732652000000000;-38,466804000000000
323472;1;8;2017;07:22;0;AV DES GONZAGA;;;190;;Queda;Luz do Dia;;;Meio de Quadra;;;0;1;0;0;0;0;0;0;0;1;0;0;-3,788742000000000;-38,503772000000000
325993;1;8;2017;02:30;0;RD BR 116;;;2000;KM-02;Colis?úo Traseira;N?úo Informado;;Seca;Meio de Quadra;;;0;0;2;1;0;0;0;0;0;0;0;0;-3,771391000000000;-38,516780000000000
306506;1;8;2017;12:55;0;RUA CONDE D??EU;;;599;;Colis?úo Lateral;Luz do Dia;;;Meio de Quadra;;;0;0;2;0;0;0;1;0;0;0;0;0;-3,726016000000000;-38,525675000000000
306512;1;8;2017;18:00;17387;RUA ZACARIAS GONDIM;RUA PRO TEODORICO;;0;;Colis?úo Lateral;Anoitecer;;;Cruz;Pare;Residencial;0;0;2;1;0;0;0;0;0;0;0;0;-3,767080000000000;-38,558121000000000
306510;1;8;2017;19:40;0;AV DOMINGOS OLIMPIO;;;127;;Colis?úo Traseira;;;;Meio de Quadra;;;0;0;2;1;0;0;0;0;0;0;0;0;-3,738658000000000;-38,524691000000000
306502;1;8;2017;12:10;6812;AV SANTOS DUMONT;RUA CESAR FONSECA;;0;;Colis?úo Transversal;Luz do Dia;;;T;Pare;Comercial;0;0;2;1;0;0;0;0;0;0;0;0;-3,744308000000000;-38,473320000000000
306503;1;8;2017;14:55;24287;RUA CASTRO MONTE;RUA TAVARES COUTINHO;;0;;Colis?úo Traseira;Luz do Dia;;;Cruz;Pare;Comercial;0;0;2;1;0;0;0;0;0;0;0;0;-3,732564000000000;-38,486062000000000
306499;1;8;2017;21:00;23380;RUA NUNES VALENTE;RUA CAP TIBURCIO DA FROTA;;0;;Colis?úo Lateral;;;;Cruz;Pare;Residencial;0;1;1;1;0;0;0;0;0;1;0;0;-3,754506000000000;-38,509109000000000
306496;1;8;2017;14:00;0;AV FRANCISCO SA;;;4091;;Colis?úo Lateral;Luz do Dia;;;Meio de Quadra;;;0;0;2;1;0;0;0;0;0;0;0;0;-3,716086000000000;-38,561276000000000
306497;1;8;2017;15:20;15317;RUA TEN BENEVOLO;RUA NUNES VALENTE;;0;;Colis?úo Frontal;Luz do Dia;;;Cruz;Pare;Residencial;0;0;2;1;0;0;0;0;0;0;0;0;-3,730365000000000;-38,501859000000000
296750;1;8;2017;15:17;0;RD BR 116;;;2000;KM-02;Colis?úo Traseira;Luz do Dia;;;Meio de Quadra;;;0;1;2;1;0;0;0;0;0;0;0;0;-3,771391000000000;-38,516780000000000
306558;2;8;2017;18:01;19540;RUA JULIO GASPAR;RUA CASIMIRO DE ABREU;;0;;Colis?úo Frontal;Anoitecer;Bom;Seca;Cruz;Pare;Residencial;0;1;1;1;0;0;0;0;0;1;0;0;-3,782426000000000;-38,563108000000000
306559;2;8;2017;07:00;0;RUA MONTE LIBANO;;;433;;Colis?úo;Luz do Dia;Bom;Seca;Meio de Quadra;Outros;Residencial;0;1;1;1;0;0;0;0;0;1;0;0;-3,824455000000000;-38,561738000000000
306543;2;8;2017;12:20;0;AV PRO GOMES DE MATOS;;;409;;Colis?úo Lateral;Luz do Dia;Bom;Seca;Meio de Quadra;Outros;Comercial;0;0;2;1;0;0;0;0;0;0;0;0;-3,757566000000000;-38,542534000000000
306525;2;8;2017;11:00;0;AV AGUANAMBI;;;282;;Colis?úo Lateral;Luz do Dia;Bom;Seca;Meio de Quadra;Sem?íforo;Comercial;0;1;2;1;0;0;0;0;0;1;0;0;-3,739335000000000;-38,524772000000000
306550;2;8;2017;14:50;17303;RUA VASCO DA GAMA;RUA QUEIROZ RIBEIRO;;0;;Colis?úo Transversal;Luz do Dia;Bom;Seca;Cruz;Pare;Residencial;0;0;2;1;0;0;0;0;0;0;0;0;-3,763817000000000;-38,546571000000000
310629;2;8;2017;13:48;0;AV FRE CIRILO;;;3930;;Colis?úo Traseira;Luz do Dia;Bom;Seca;Meio de Quadra;Pare;Comercial;0;1;1;0;0;0;0;0;1;0;0;0;-3,818841000000000;-38,496704000000000
323614;2;8;2017;15:05;0;AV L CJ JOSE WALTER;;;0;;Colis?úo;Luz do Dia;;;Meio de Quadra;;;0;1;0;0;0;0;0;0;0;0;0;0;;
323617;2;8;2017;15:09;0;RUA BAR RIO BRANCO;;;984;;Atropelamento;Luz do Dia;;;Meio de Quadra;;;0;1;0;0;0;0;0;0;0;1;0;0;-3,726933000000000;-38,528417000000000
323618;2;8;2017;15:55;0;AV PRO GOMES DE MATOS;;;0;;Colis?úo;Luz do Dia;;;Meio de Quadra;;;0;1;0;1;0;0;0;0;0;1;0;0;;
323619;2;8;2017;16:21;0;RUA VALPARAISO;;;1336;;Colis?úo;Luz do Dia;;;Meio de Quadra;;;0;2;0;0;0;0;0;0;0;0;0;0;-3,840538000000000;-38,530253000000000
323620;2;8;2017;18:01;0;AV AUGUSTO DOS ANJOS;;;838;;Colis?úo;Anoitecer;;;Meio de Quadra;;;0;1;0;1;0;0;0;0;0;1;0;0;-3,775193000000000;-38,574766000000000
323625;2;8;2017;18:14;26246;RUA ANTONIO NERY;RUA JOSE ABILIO;;0;;Colis?úo;Anoitecer;;;;;;0;1;0;0;0;0;0;0;0;0;0;0;-3,783013774000000;-38,601558286000000
323630;2;8;2017;18:21;0;AV MAJ ASSIS;;;2227;;Colis?úo;Anoitecer;;;Meio de Quadra;;;0;1;0;1;0;0;0;0;0;1;0;0;-3,720805000000000;-38,599683000000000
323627;2;8;2017;18:17;0;RUA CEL VIRGILIO NOGUEIRA (BOM JARDIM);;;470;;Atropelamento;Anoitecer;;;Meio de Quadra;;;0;1;0;0;0;0;0;0;0;1;0;0;;
323605;2;8;2017;14:07;0;RUA CON DE CASTRO;;;8826;;Acidente Pessoal;Luz do Dia;;;Meio de Quadra;;;0;0;1;0;0;0;0;0;0;1;0;0;-3,821846700000000;-38,604416000000000
323597;2;8;2017;11:05;0;RUA PROF GLAUCO LOBO;;;130;;Colis?úo;Luz do Dia;;;Meio de Quadra;;;0;1;0;0;0;0;0;0;0;1;0;0;;
323592;2;8;2017;10:40;0;AV WENEFRIDO MELO;;;0;;Atropelamento;Luz do Dia;;;Meio de Quadra;;;0;1;0;0;0;0;0;0;0;1;0;0;;
323556;2;8;2017;04:53;0;AV DUQ CAXIAS;;;1800;;Atropelamento;;;;Meio de Quadra;;;0;1;0;0;0;0;0;0;0;0;0;0;-3,728471000000000;-38,540147000000000
323570;2;8;2017;06:51;10740;RUA AUDISIO PINHEIRO;RUA PORTO ALEGRE;;0;;Colis?úo;Luz do Dia;;;Cruz;Pare;Residencial;0;1;0;0;0;0;0;0;0;0;0;0;-3,760602000000000;-38,589942000000000
323575;2;8;2017;07:02;0;AV PRS COSTA E SILVA;;;4241;;Atropelamento;Luz do Dia;;;Meio de Quadra;;;0;1;0;0;0;0;0;0;0;1;0;0;-3,825014000000000;-38,542294000000000
323577;2;8;2017;07:08;0;AV GODOFREDO MACIEL;;;5628;;Colis?úo;Luz do Dia;;;Meio de Quadra;;;0;1;0;1;0;0;0;0;0;1;0;0;-3,824396000000000;-38,578802000000000
323578;2;8;2017;07:46;0;AV DR SILAS MUNGUBA;;;4300;;Colis?úo;Luz do Dia;;;Meio de Quadra;;;0;1;0;0;0;0;0;0;0;1;0;0;-3,791475000000000;-38,537307000000000
323579;2;8;2017;07:48;0;AV JOSE BASTOS;;;2426;;Colis?úo;Luz do Dia;;;Meio de Quadra;;;0;1;0;1;0;0;0;0;0;1;0;0;-3,742853000000000;-38,543333000000000
323580;2;8;2017;07:57;5709;AV DES GONZAGA;AV OLIVEIRA PAIVA;;0;;Colis?úo;Luz do Dia;;;Cruz;Sem?íforo;Comercial;0;1;0;0;0;0;0;0;0;1;0;0;-3,797165000000000;-38,499953000000000
323581;2;8;2017;08:12;8045;RUA QUINTINO CUNHA;RUA PRO COSTA MENDES;;0;;Colis?úo;Luz do Dia;;;Cruz;Pare;Residencial;0;0;1;1;0;0;0;0;0;1;0;0;-3,754282000000000;-38,547377000000000
323582;2;8;2017;08:46;0;AV DA UNIVERSIDADE;;;3057;;Colis?úo;Luz do Dia;;;Meio de Quadra;;;0;1;0;1;0;0;0;0;0;1;0;0;-3,742738000000000;-38,540721000000000
323583;2;8;2017;09:13;0;AV CONTORNO OESTE D71;;;0;;Atropelamento;Luz do Dia;;;Meio de Quadra;;;0;1;0;0;0;0;0;0;0;1;0;0;;
323584;2;8;2017;09:27;0;AV MIN JOSE AMERICO;;;2223;;Colis?úo;Luz do Dia;;Seca;Meio de Quadra;;;0;1;1;1;0;0;0;0;0;1;0;0;-3,811544000000000;-38,481365000000000
323585;2;8;2017;09:55;0;RUA MARIA JULIA;;;251;;Colis?úo;Luz do Dia;;;Meio de Quadra;;;0;1;0;1;0;0;0;0;0;1;0;0;-3,787928000000000;-38,598511000000000
323643;2;8;2017;18:40;0;AV PERIMETRAL;;;2880;;Colis?úo;;;;Meio de Quadra;;;0;1;0;0;0;0;0;0;0;0;0;0;;
323645;2;8;2017;18:48;0;RUA FRANCISCO CALACA;;;1303;;Colis?úo;;;;Meio de Quadra;;;0;1;0;1;0;0;0;0;0;1;0;0;-3,713261000000000;-38,572655000000000
323651;2;8;2017;18:55;0;RUA CON DE CASTRO;;;0;;Colis?úo;;;;Meio de Quadra;;;0;1;0;0;0;0;0;0;0;0;0;0;;
323654;2;8;2017;18:56;0;RUA CON DE CASTRO;;;0;;Colis?úo;;;;Meio de Quadra;;;0;1;0;0;0;0;0;0;0;0;0;0;;
323656;2;8;2017;19:15;0;AV MIN JOSE AMERICO;;;720;;Colis?úo;;;;Meio de Quadra;;;0;1;0;1;0;0;0;0;0;1;0;0;-3,810228000000000;-38,493405000000000
323659;2;8;2017;21:23;9703;RUA BOM JESUS (GRANJA LISBOA);RUA BARRA VERMELHA;;0;;Colis?úo;;;;;;;0;1;0;0;0;0;0;0;0;0;0;0;-3,789808000000000;-38,615448000000000
303834;2;8;2017;15:02;1437;RUA SILVA PAULET;RUA JOAO CARVALHO;;0;;Colis?úo;Luz do Dia;;;Cruz;Pare;Comercial;1;0;1;0;0;0;0;0;0;1;0;0;-3,737966000000000;-38,506557000000000
310304;2;8;2017;13:18;0;RUA 12 PQ SANTANA;RUA 2 PQ SANTANA;;0;;Colis?úo Lateral;Luz do Dia;Bom;Seca;Cruz;N?úo H?í Controle;Comercial;0;0;2;1;0;0;0;0;0;0;0;0;-3,814297000000000;-38,580330000000000
310305;2;8;2017;11:10;5463;RUA BARBARA DE ALENCAR;RUA DNA LEOPOLDINA;;0;;Colis?úo Lateral;Luz do Dia;Bom;Seca;Cruz;Pare;Residencial;0;3;1;1;1;0;0;0;0;0;0;0;-3,735681000000000;-38,521040000000000
310306;2;8;2017;11:51;0;AV CESAR CALS;;;844;;Colis?úo Frontal;Luz do Dia;Bom;Seca;Meio de Quadra;N?úo H?í Controle;Residencial;0;1;1;1;0;0;0;0;0;1;0;0;-3,725015900000000;-38,462364000000000
310307;2;8;2017;09:45;17898;AV SGT HERMINIO SAMPAIO;RUA DOM MAURICIO;;0;;Colis?úo Lateral;Luz do Dia;Bom;Seca;Cruz;Sem?íforo;Comercial;0;7;1;1;0;0;0;0;0;0;0;0;-3,730476600000000;-38,576817000000000
310308;2;8;2017;10:46;0;AV ENG HUMBERTO MONTE;;;1934;;Colis?úo Lateral;Luz do Dia;Bom;Seca;Cruz;Pare;Comercial;0;0;2;0;0;0;0;0;0;0;0;0;-3,743963500000000;-38,564663000000000
310309;2;8;2017;14:40;17363;RUA CEL ALEXANDRINO;RUA ALBERTO MAGNO;;0;;Colis?úo Transversal;Luz do Dia;Bom;Seca;Cruz;Sem?íforo;Comercial;0;0;1;1;0;0;0;0;0;0;0;0;-3,766207000000000;-38,551212000000000
310310;2;8;2017;14:37;16458;RUA DR MANOEL MOREIRA;RUA GASTAO JUSTA;;0;;Colis?úo Traseira;Luz do Dia;Bom;Seca;Cruz;Pare;Residencial;0;0;2;1;0;0;0;0;0;0;0;0;-3,809342900000000;-38,570488000000000
310311;2;8;2017;15:17;9170;AV EDUARDO GIRAO;RUA GAL SILVA JUNIOR;;0;;Colis?úo Traseira;Luz do Dia;Bom;Seca;Cruz;Sem?íforo;Comercial;0;0;2;1;0;0;0;0;0;0;0;0;-3,754279000000000;-38,530530000000000
310312;2;8;2017;16:05;7747;AV CARNEIRO DE MENDONCA;RUA ESTADO DO RIO;;0;;Colis?úo Lateral;Luz do Dia;Bom;Seca;T;N?úo H?í Controle;Comercial;0;2;1;0;1;0;0;0;0;1;0;0;-3,760990900000000;-38,572384000000000
310294;2;8;2017;07:45;0;AV DA UNIVERSIDADE;;;3056;;Colis?úo Traseira;Luz do Dia;Nublado;Seca;Meio de Quadra;N?úo H?í Controle;Escola;0;1;1;1;0;0;0;0;0;1;0;0;-3,742671700000000;-38,540680000000000
310296;2;8;2017;07:00;0;AV JOR THOMAZ COELHO;;;4241;;Atropelamento;Luz do Dia;Bom;Seca;Meio de Quadra;Sem?íforo;Comercial;0;1;1;0;0;0;0;0;0;1;0;0;-3,825236000000000;-38,541910000000000
310297;2;8;2017;10:45;3814;RUA WALDERY UCHOA;RUA PAULINO NOGUEIRA;;0;;Colis?úo Transversal;Luz do Dia;Bom;Seca;Cruz;Pare;Residencial;0;0;2;1;0;0;0;0;0;0;0;0;-3,743528100000000;-38,538480000000000
310298;2;8;2017;10:37;1447;AV DES MOREIRA;RUA EDUARDO GARCIA;;0;;Colis?úo Lateral;Luz do Dia;Bom;Seca;Cruz;Sem?íforo;Comercial;0;0;2;1;1;0;0;0;0;0;0;0;-3,738301000000000;-38,498910000000000
310299;2;8;2017;11:24;0;RUA ILDEFONSO ALBANO;;;0;GIN?üSIO PAULO SARASATE;Colis?úo Transversal;Luz do Dia;Bom;Seca;Duplo T;N?úo H?í Controle;Comercial;0;0;1;1;0;0;0;0;0;0;0;0;-3,737278200000000;-38,514710000000000
310300;2;8;2017;11:10;9192;RUA PAULA RODRIGUES;RUA MARIO MAMEDE;;0;;Colis?úo Transversal;Luz do Dia;Bom;Seca;Cruz;Pare;Escola;0;0;2;1;0;0;0;0;0;0;0;0;-3,753343000000000;-38,526610000000000
310301;2;8;2017;12:00;0;AV WENEFRIDO MELO;;;294;;Atropelamento;Luz do Dia;Bom;Seca;Outros;Sem?íforo;Comercial;0;1;1;1;0;0;0;0;0;1;0;0;-3,811074700000000;-38,575570000000000
310302;2;8;2017;12:46;0;AV PRO GOMES DE MATOS;;;1896;;Colis?úo Traseira;Luz do Dia;Bom;Seca;Meio de Quadra;N?úo H?í Controle;Comercial;0;0;2;1;0;0;0;0;0;0;0;0;-3,767807200000000;-38,551308000000000
310314;2;8;2017;16:40;1514;RUA PRO DIAS DA ROCHA;RUA EDUARDO GARCIA;;0;;Colis?úo Transversal;Luz do Dia;Bom;Seca;Cruz;Pare;Residencial;0;0;2;1;0;0;0;0;0;0;0;0;-3,740066800000000;-38,493060000000000
310315;2;8;2017;16:47;12864;AV DOMINGOS OLIMPIO;RUA ASSUNCAO;;0;;Colis?úo Traseira;Luz do Dia;Bom;Seca;Cruz;Sem?íforo;Comercial;0;0;2;1;0;0;0;0;0;0;0;0;-3,737310200000000;-38,529630000000000
310316;2;8;2017;16:30;246;AV JOVITA FEITOSA;RUA DOM LINO;;0;;Colis?úo Traseira;Luz do Dia;Bom;Seca;Cruz;Sem?íforo;Comercial;0;0;2;1;0;0;0;0;0;0;0;0;-3,739879800000000;-38,556274000000000
310317;2;8;2017;17:42;0;AV PRS COSTA E SILVA;;;0;CASA DO PEIXE VIVO;Colis?úo Traseira;Luz do Dia;Bom;Seca;Meio de Quadra;Sem?íforo;Residencial;0;0;2;1;0;0;0;0;0;0;0;0;-3,787204300000000;-38,517357000000000
310318;2;8;2017;16:23;23344;RUA EDUARDO BEZERRA;RUA NUNES VALENTE;;0;;Colis?úo Lateral;Luz do Dia;Bom;Seca;Cruz;Pare;Residencial;0;0;2;1;0;0;0;0;0;0;0;0;-3,753375000000000;-38,509280000000000
310319;2;8;2017;19:40;2958;AV GAL OSORIO DE PAIVA;RUA URUCUTUBA;;0;;Colis?úo Traseira;Via Iluminada;Bom;Seca;T;Sem?íforo;Comercial;0;2;0;0;0;0;0;0;0;1;0;0;-3,798620000000000;-38,596129000000000
310320;2;8;2017;20:52;0;AV PONTES VIEIRA;;;52;;Colis?úo Traseira;Via Iluminada;Bom;Seca;Meio de Quadra;N?úo H?í Controle;Comercial;0;0;1;1;0;0;0;0;0;1;0;0;-3,753438000000000;-38,520103000000000
310321;2;8;2017;20:40;0;AV UM (PLANALTO AIRTON SENA);RUA ONZE (PLANALTO AIRTON SENA);;0;;Colis?úo Lateral;Luz do Dia;Bom;Seca;Cruz;N?úo H?í Controle;Residencial;0;1;1;1;0;0;0;0;0;1;0;0;-3,820376600000000;-38,566128000000000
310322;2;8;2017;22:34;9703;RUA BOM JESUS (GRANJA LISBOA);RUA BARRA VERMELHA;;0;;Colis?úo Transversal;Via Iluminada;Bom;Seca;Cruz;N?úo H?í Controle;Residencial;0;0;1;0;1;0;0;0;0;0;0;0;-3,789765000000000;-38,615570000000000
310323;3;8;2017;07:25;0;AV PRS CASTELO BRANCO;;;0;MARINA PARK;Colis?úo Traseira;Luz do Dia;Bom;Seca;Meio de Quadra;N?úo H?í Controle;Comercial;0;0;2;1;0;0;0;0;0;0;0;0;-3,721359300000000;-38,528122000000000
310324;3;8;2017;07:20;5146;RUA PRC ISABEL;RUA GUILHERME ROCHA;;0;;Tombamento;Luz do Dia;Bom;Seca;Cruz;Pare;Comercial;0;1;1;1;1;0;0;0;0;0;0;0;-3,724678000000000;-38,535000000000000
310325;3;8;2017;08:19;19313;RUA GERMANO FRANCK;RUA CON LIMA SUCUPIRA;;0;;Colis?úo Traseira;Luz do Dia;Bom;Seca;Cruz;Sem?íforo;Comercial;0;0;2;1;0;0;0;0;0;0;0;0;-3,775286700000000;-38,559742000000000
310326;3;8;2017;08:26;7780;RUA LEONARDO MOTA;RUA HENRIQUETA GALENO;;1;;Colis?úo Transversal;Luz do Dia;Bom;Seca;Cruz;Pare;Residencial;0;1;1;1;0;0;0;0;0;0;0;0;-3,745258300000000;-38,499043000000000
310327;3;8;2017;09:25;0;AV DUQ CAXIAS;;;821;;Colis?úo Traseira;Luz do Dia;Bom;Seca;Meio de Quadra;N?úo H?í Controle;Comercial;0;0;2;1;0;0;0;0;0;0;0;0;-3,731264800000000;-38,531693000000000
310328;3;8;2017;10:08;1300;RUA JOAO CORDEIRO;RUA FIUZA DE PONTES;;0;;Colis?úo Transversal;Luz do Dia;Bom;Seca;Cruz;Pare;Comercial;0;0;1;1;0;0;0;0;0;0;0;0;-3,733966400000000;-38,515670000000000