COD_ACIDENTE;DIA;MES;ANO;HORA;INTERSECAO;LOG1;LOG2;LOG3;NUMERO;REFERENCIA;NATUREZA;ILUMINACAO;TEMPO;SUPERFICIEPISTA;TIPOCRUZAMENTO;CONTROLETRAFEGO;USOSOLO;MORTOS;FERIDOS;ILESOS;AUTOMOVEL;ONIBUS;BICICLETA;CAMINHAO;MICROONIBUS;CICLOMOTOR;MOTOCICLETA;TRACAOANIMAL;TREM;LATITUDE;LONGITUDE
310329;3;8;2017;10:09;16051;AV GODOFREDO MACIEL;RUA OSCAR BENEVIDES;;0;;Colis?úo Lateral;Luz do Dia;Bom;Seca;T;Sem?íforo;Comercial;0;0;2;1;0;0;0;0;0;0;0;0;-3,810115000000000;-38,574192000000000
310330;3;8;2017;10:20;9020;RUA JAIME BENEVOLO;RUA SALDANHA MARINHO;;0;;Colis?úo Transversal;Luz do Dia;Bom;Seca;Cruz;Sem?íforo;Comercial;0;1;1;0;0;0;0;0;0;1;0;0;-3,742992600000000;-38,529034000000000
310331;3;8;2017;09:30;0;AV JOSE JATAHY;;;2573;;Colis?úo Traseira;Luz do Dia;Bom;Seca;;;;0;1;1;1;0;0;0;0;0;1;0;0;-3,744909500000000;-38,544006000000000
310342;3;8;2017;17:05;1306;RUA TORRES CAMARA;RUA MON BRUNO;;0;;Colis?úo Transversal;Luz do Dia;Bom;Seca;Cruz;Pare;Comercial;0;1;1;0;0;0;0;0;0;1;0;0;-3,734315900000000;-38,510075000000000
310343;3;8;2017;20:05;0;AV DEP PAULINO ROCHA;;;2026;;Colis?úo Traseira;Via Iluminada;Bom;Seca;Meio de Quadra;N?úo H?í Controle;Residencial;0;0;2;0;1;0;0;0;0;1;0;0;-3,811047800000000;-38,516094000000000
310344;3;8;2017;20:04;614;AV DR THEBERGE;RUA ANA FACO;;0;;Colis?úo Transversal;Mal Iluminada;Bom;Seca;T;N?úo H?í Controle;Residencial;0;0;2;1;0;0;0;0;0;0;0;0;-3,712394500000000;-38,564140000000000
310345;3;8;2017;20:34;0;RUA PRO GOMES BRASIL;;;0;;Colis?úo Lateral;Via Iluminada;Bom;Seca;Meio de Quadra;Pare;Residencial;0;0;2;0;0;0;0;0;0;0;0;0;-3,774316000000000;-38,565890000000000
310346;3;8;2017;21:16;0;AV DR SILAS MUNGUBA;;;5454;;Colis?úo Lateral;Via Iluminada;Bom;Seca;Meio de Quadra;Pare;Residencial;0;0;2;1;0;0;0;0;0;0;0;0;-3,801809500000000;-38,529728000000000
310347;3;8;2017;20:30;25006;RUA LEONARDO MOTA;RUA BENI DE CARVALHO;;0;;Colis?úo Transversal;Via Iluminada;Bom;Seca;Cruz;Sem?íforo;Comercial;0;0;2;1;0;0;0;0;0;0;0;0;-3,744668200000000;-38,498928000000000
310348;3;8;2017;11:07;24990;AV PRS COSTA E SILVA;AV PRS JUSCELINO KUBITSCHEK (PASSAR?ë);;0;;Colis?úo Traseira;Luz do Dia;Bom;Seca;T;Sem?íforo;Comercial;0;0;2;1;0;0;0;0;0;0;0;0;-3,825271000000000;-38,538914000000000
310472;3;8;2017;11:45;15227;AV ABOLICAO;AV DES MOREIRA;;0;;Colis?úo Traseira;Luz do Dia;Bom;Seca;Cruz;Sem?íforo;Comercial;0;0;3;1;1;0;0;0;0;0;0;0;-3,727502600000000;-38,495180000000000
310333;3;8;2017;09:29;0;AV DOM MANUEL;;;150;;Colis?úo Traseira;Luz do Dia;Bom;Seca;Meio de Quadra;N?úo H?í Controle;Comercial;0;0;2;1;0;0;0;0;0;0;0;0;-3,738105500000000;-38,524487000000000
310334;3;8;2017;13:42;17436;RUA EQUADOR;RUA TRES MARIAS D39 (MONTESE);;0;;Colis?úo Transversal;Luz do Dia;Bom;Seca;Cruz;Sem?íforo;Comercial;0;0;1;1;1;0;0;0;0;0;0;0;-3,768838000000000;-38,550858000000000
310335;3;8;2017;08:29;3800;AV 13 DE MAIO;RUA CAIO CARLOS;;0;;Colis?úo Traseira;Luz do Dia;Bom;Seca;Y;Pare;Comercial;0;0;3;1;1;0;0;0;0;0;0;0;-3,738198300000000;-38,541943000000000
310336;3;8;2017;14:10;0;AV BAR STUDART;;;0;;Colis?úo Traseira;Luz do Dia;Bom;Seca;Meio de Quadra;Sem?íforo;Comercial;0;1;0;1;0;0;0;0;0;1;0;0;-3,730893600000000;-38,505222000000000
310337;3;8;2017;15:00;0;AV GOV RAUL BARBOSA;;;0;;Colis?úo Traseira;Luz do Dia;Bom;Seca;Rotat??ria;N?úo H?í Controle;Residencial;0;0;2;1;0;0;0;0;0;0;0;0;-3,764562000000000;-38,508846000000000
310338;3;8;2017;14:31;0;AV SANTOS DUMONT;;;0;;Colis?úo Transversal;Luz do Dia;Bom;Seca;Meio de Quadra;N?úo H?í Controle;Comercial;0;2;1;1;0;1;0;0;0;0;0;0;-3,733780400000000;-38,505947000000000
310339;3;8;2017;16:42;6810;RUA JOSE BORBA VASCONCELOS;RUA BENTO ALBUQUERQUE;;0;;Colis?úo Transversal;Luz do Dia;Bom;Seca;Cruz;Pare;Residencial;0;0;1;1;0;0;0;0;0;0;0;0;-3,754017400000000;-38,511463000000000
310340;3;8;2017;12:49;0;AV SANTOS DUMONT;;;6211;;Colis?úo Traseira;Luz do Dia;Bom;Seca;;;;0;0;2;1;0;0;0;0;0;0;0;0;-3,743310700000000;-38,476448000000000
303836;3;8;2017;14:43;10791;RUA PORTO VELHO;RUA NATAL;;0;;Colis?úo;Luz do Dia;;;Cruz;N?úo H?í Controle;Residencial;1;0;1;0;1;0;0;0;0;1;0;0;-3,762901000000000;-38,592785000000000
303837;3;8;2017;15:23;0;AV ENG SANTANA JUNIOR;;;0;TERMINAL DO PAPICU;Capotamento;Luz do Dia;;;Meio de Quadra;;;1;3;1;1;0;0;1;0;0;0;0;0;-3,738657065000000;-38,484010348000000
306798;3;8;2017;08:10;0;AV DOS EXPEDICIONARIOS;;;5151;;Colis?úo Transversal;Luz do Dia;Bom;Seca;Meio de Quadra;Sem?íforo;Comercial;0;0;2;1;0;0;0;0;0;0;0;0;-3,764789600000000;-38,541058000000000
323660;3;8;2017;02:47;0;AV PRO GOMES DE MATOS;;;302;;Queda;;;;Meio de Quadra;;;0;0;1;0;0;0;0;0;0;1;0;0;-3,756890000000000;-38,541952000000000
323662;3;8;2017;05:12;0;AV CEL CARVALHO;;;2741;;Queda;Amanhecer;;;Meio de Quadra;;;0;1;0;0;0;0;0;0;0;1;0;0;-3,727527000000000;-38,585254000000000
323663;3;8;2017;06:37;0;RUA PRO HERIBALDO COSTA;;;1730;;Colis?úo;Luz do Dia;;;Meio de Quadra;;;0;1;0;1;0;0;0;0;0;1;0;0;-3,766905000000000;-38,587495000000000
323667;3;8;2017;07:02;10054;RUA OLIVEIRA SOBRINHO;RUA ANTONIO NERY;;0;;Colis?úo;Luz do Dia;;;Cruz;Pare;Comercial;0;2;0;1;0;0;0;0;0;1;0;0;-3,778827000000000;-38,600388000000000
323674;3;8;2017;07:20;5123;RUA CASTRO E SILVA;RUA MAJ FACUNDO;;0;;Colis?úo;Luz do Dia;;;Cruz;Sem?íforo;Comercial;0;1;0;1;0;0;0;0;0;1;0;0;-3,724082000000000;-38,526703000000000
323685;3;8;2017;08:48;2742;RUA MARIA JULIA;RUA OSCAR ARARIPE;;0;;Colis?úo;Luz do Dia;;;Cruz;Sem?íforo;Comercial;0;1;0;0;0;0;0;0;0;0;0;0;-3,791130000000000;-38,599484000000000
323686;3;8;2017;10:52;0;RUA CON DE CASTRO;;;7134;;Colis?úo;Luz do Dia;;;Meio de Quadra;;;0;1;0;1;0;0;0;0;0;1;0;0;-3,817220000000000;-38,600720000000000
323687;3;8;2017;13:11;24886;AV MAJ ASSIS;AV MOZART PINHEIRO DE LUCENA;;0;;Colis?úo;Luz do Dia;;;Duplo T;Sem?íforo;Comercial;0;1;0;1;0;0;0;0;0;1;0;0;-3,721514087000000;-38,596661554000000
323671;3;8;2017;07:04;0;RUA FERREIRA LIMA;;;77;;Colis?úo;Luz do Dia;;;Meio de Quadra;;;0;1;0;0;0;0;0;0;0;0;0;0;;
323681;3;8;2017;07:37;0;AV PRS JUSCELINO KUBITSCHEK (PASSAR?ë);;;0;;Colis?úo;Luz do Dia;;;Meio de Quadra;;;0;1;0;0;0;0;1;0;0;1;0;0;;
323699;3;8;2017;15:21;0;AV ENG SANTANA JUNIOR;;;1133;;Colis?úo;Luz do Dia;;;Meio de Quadra;;;0;1;0;1;0;0;1;0;0;0;0;0;-3,737613000000000;-38,483306000000000
323701;3;8;2017;15:43;0;AV SEN FERNANDES TAVORA;;;1226;;Colis?úo;Luz do Dia;;;Meio de Quadra;;;0;1;0;0;0;0;0;0;0;0;0;0;-3,761441435000000;-38,583636378000000
323702;3;8;2017;15:57;0;RUA VITORIA;;;860;;Queda;Luz do Dia;;;Meio de Quadra;;;0;0;1;0;0;1;0;0;0;0;0;0;-3,760456300000000;-38,586105100000000
323706;3;8;2017;16:50;0;ROD CE 010;;;0;;Colis?úo;Luz do Dia;;;Meio de Quadra;;;0;1;0;1;0;1;0;0;0;0;0;0;;
323704;3;8;2017;16:00;0;AV PERIMETRAL;;;676;;Colis?úo;Luz do Dia;;;Meio de Quadra;;;0;0;1;1;0;1;0;0;0;0;0;0;;
323697;3;8;2017;15:15;0;RUA CUIABA;;;591;;Colis?úo;Luz do Dia;;;Meio de Quadra;;;0;1;0;1;0;0;0;0;0;1;0;0;-3,768427000000000;-38,579970000000000
323692;3;8;2017;14:57;0;RUA TEODOMIRO DE CASTRO;;;4034;;Colis?úo Frontal;Luz do Dia;;;Meio de Quadra;;;0;1;0;1;0;0;0;0;0;1;0;0;-3,720124000000000;-38,569645000000000
323745;3;8;2017;22:32;0;AV GOV RAUL BARBOSA;;;5280;;Atropelamento;;;;Meio de Quadra;;;0;1;0;1;0;0;0;0;0;0;0;0;-3,765712000000000;-38,508988000000000
323717;3;8;2017;18:15;0;AV WASHINGTON SOARES;;;0;;Colis?úo;Anoitecer;;Seca;Meio de Quadra;;;0;1;1;1;0;0;0;0;0;1;0;0;;
323718;3;8;2017;18:24;3364;RUA PAPI JUNIOR;RUA VIRIATO RIBEIRO;;0;;Colis?úo;Anoitecer;;;Cruz;Pare;Residencial;0;1;0;1;0;0;0;0;0;1;0;0;-3,753212000000000;-38,558360000000000
323719;3;8;2017;18:44;0;AV LIBERDADE;;;396;;Colis?úo;;;;Meio de Quadra;;;0;1;0;1;0;0;0;0;0;1;0;0;;
323743;3;8;2017;21:21;0;RUA DR PEDRO WILSON D45;;;573;;Atropelamento;;;;Meio de Quadra;;;0;1;0;0;0;0;0;0;0;0;0;0;;
323730;3;8;2017;19:42;0;RUA GAL GOIS MONTEIRO;;;969;;Colis?úo;;;;Meio de Quadra;;;0;0;1;0;0;0;0;0;0;0;0;0;-3,734435341000000;-38,583204500000000
323731;3;8;2017;20:00;0;RUA MON ROSA D20/21;;;920;;Colis?úo;;;;Meio de Quadra;;;0;0;1;0;0;0;0;0;0;0;0;0;-3,712859000000000;-38,554951000000000
323741;3;8;2017;21:19;0;ET DO FIO (MESSEJANA);;;1008;;Queda;;;;Meio de Quadra;;;0;0;1;0;0;0;0;0;0;1;0;0;-3,840205225000000;-38,477374187000000
323710;3;8;2017;17:03;0;RUA ALVARO GARRIDO;;;540;;Colis?úo;Anoitecer;;;Meio de Quadra;;;0;1;0;0;0;0;1;0;0;1;0;0;;
323712;3;8;2017;17:24;0;AV MR HULL;;;0;;Colis?úo;Anoitecer;;;Meio de Quadra;;;0;1;0;1;0;1;0;0;0;0;0;0;;
323715;3;8;2017;17:33;10992;RUA DOM CARLOTO TAVORA;RUA BAR CANINDE;;0;;Colis?úo;Anoitecer;;;Cruz;Pare;Residencial;0;2;0;1;0;0;0;0;0;1;0;0;-3,769531000000000;-38,557103000000000
323726;3;8;2017;18:57;0;AV PRO JOSE ARTHUR CARVALHO;;;1920;;Colis?úo;;;;Meio de Quadra;;;0;1;0;0;0;0;0;0;0;0;0;0;-3,825709000000000;-38,463378000000000
323727;3;8;2017;19:14;26083;AV JOSE JATAHY;AV BEZERRA DE MENEZES;;0;;Queda;;;;Cruz;Sem?íforo;Comercial;0;1;0;0;0;1;0;0;0;0;0;0;-3,731558666000000;-38,544826854000000
323728;3;8;2017;19:21;0;AV FILOMENO GOMES;;;855;;Colis?úo;;;;Meio de Quadra;;;0;1;0;0;0;0;0;0;0;0;0;0;-3,722600000000000;-38,541058000000000
324556;3;8;2017;11:20;0;RD CE-040;;;0;KM-04;Colis?úo;Luz do Dia;;Seca;Meio de Quadra;;;0;0;2;0;0;0;0;0;0;0;0;0;-3,791613156000000;-38,480330840000000
324569;3;8;2017;10:50;0;AV SEN CARLOS JEREISSATI (AEROPORTO);;;0;;Colis?úo;Luz do Dia;;Seca;Meio de Quadra;;;0;0;2;0;0;0;1;0;0;0;0;0;;
324574;3;8;2017;08:30;0;ROD CE 010;;;0;;Outros;Luz do Dia;;Seca;Meio de Quadra;;;0;0;1;1;0;0;0;0;0;0;0;0;;
306537;3;8;2017;14:39;0;AV PDE ANTONIO TOMAS;;;410;;Colis?úo Lateral;Luz do Dia;;;Meio de Quadra;;;0;0;2;1;0;0;0;0;0;0;0;0;-3,740141000000000;-38,499695000000000
306533;4;8;2017;09:13;0;RUA DNA LEOPOLDINA;;;1165;;Colis?úo Transversal;Luz do Dia;Bom;Seca;Meio de Quadra;N?úo H?í Controle;Comercial;0;0;2;1;0;0;0;1;0;0;0;0;-3,734786000000000;-38,520804000000000
306539;4;8;2017;12:20;25495;AV DES FELICIANO DE ATAIDE (EDSON QUEIROZ);RUA PRO SOLON FARIAS;;0;;Colis?úo Transversal;Luz do Dia;Bom;Seca;Cruz;Pare;Residencial;0;0;2;1;0;0;0;0;0;0;0;0;-3,786647000000000;-38,477346000000000
306540;4;8;2017;10:40;23009;RUA ANITA GARIBALDI;RUA BRUNO VALENTE;;0;;Colis?úo Transversal;Luz do Dia;Bom;Seca;Cruz;Pare;Residencial;0;1;2;1;0;0;0;0;0;1;0;0;-3,788221000000000;-38,539228000000000
306541;4;8;2017;12:50;5191;AV DOM MANUEL;RUA PEREIRA FILGUEIRAS;;0;;Colis?úo Transversal;Luz do Dia;Bom;Seca;Cruz;Sem?íforo;Comercial;0;2;1;1;0;0;0;0;0;1;0;0;-3,725943000000000;-38,520338000000000
306535;4;8;2017;09:30;5436;RUA JAIME BENEVOLO;RUA GAL CLARINDO DE QUEIROZ;;0;;Colis?úo Transversal;Luz do Dia;Bom;Seca;Cruz;Pare;Comercial;0;1;2;1;0;0;0;0;0;0;0;0;-3,734060000000000;-38,526017000000000
306528;4;8;2017;15:50;5364;AV TRISTAO GONCALVES;RUA GAL CLARINDO DE QUEIROZ;;0;;Colis?úo Lateral;Luz do Dia;Bom;Seca;Cruz;Pare;Comercial;0;0;2;1;0;0;1;0;0;0;0;0;-3,731314000000000;-38,534472000000000
306509;4;8;2017;13:00;5407;AV DUQ CAXIAS;RUA SOLON PINHEIRO;;0;;Colis?úo Lateral;Luz do Dia;Bom;Seca;Cruz;Sem?íforo;Comercial;0;0;2;1;0;0;0;0;0;0;0;0;-3,732704000000000;-38,527034000000000
306522;4;8;2017;14:13;0;AV DR THEBERGE;;;1588;;Colis?úo Lateral;Luz do Dia;Bom;Seca;Meio de Quadra;Sem?íforo;Comercial;0;0;2;1;0;0;1;0;0;0;0;0;-3,715292000000000;-38,565167000000000
306515;4;8;2017;07:10;1474;RUA JOAO CARVALHO;RUA TIBURCIO CAVALCANTE;;0;;Colis?úo Lateral;Luz do Dia;Bom;Seca;Cruz;Sem?íforo;Misto;0;0;2;0;1;0;0;0;0;0;0;0;-3,738950000000000;-38,503547000000000
306516;4;8;2017;16:26;26282;RUA TABAJARAS;RUA ARARIUS;;0;;Colis?úo Lateral;Luz do Dia;Bom;Seca;;;;0;0;2;1;0;0;0;0;0;0;0;0;-3,719932000000000;-38,513101000000000
306517;4;8;2017;17:30;0;RUA PRO GOMES BRASIL;;;345;;Colis?úo Lateral;Luz do Dia;Bom;Seca;Meio de Quadra;N?úo H?í Controle;Residencial;0;2;1;1;0;0;0;0;0;1;0;0;-3,772756000000000;-38,568501000000000
305904;4;8;2017;11:15;6818;RUA DR GILBERTO STUDART;RUA FRANCISCO MATOS;;0;;Atropelamento;Luz do Dia;;;Cruz;Pare;Residencial;1;0;2;1;0;0;0;0;0;0;0;0;-3,747084000000000;-38,470191000000000
323746;4;8;2017;06:23;0;AV SEN CARLOS JEREISSATI (AEROPORTO);;;0;;Colis?úo;Luz do Dia;;Seca;Meio de Quadra;;;0;2;1;1;0;0;0;0;0;1;0;0;;
323747;4;8;2017;06:50;0;RUA GAL RABELO;;;246;;Atropelamento;Luz do Dia;;;Meio de Quadra;;;0;3;0;0;0;0;0;0;0;1;0;0;-3,805430000000000;-38,605327000000000
323751;4;8;2017;07:00;0;RUA TEODOMIRO DE CASTRO;;;6290;;Colis?úo;Luz do Dia;;;Meio de Quadra;;;0;1;0;1;0;1;0;0;0;0;0;0;-3,716948000000000;-38,576545000000000
323749;4;8;2017;07:00;0;RUA COSTA BARROS;;;833;;Colis?úo;Luz do Dia;;;Meio de Quadra;;;0;1;0;1;0;0;0;0;0;1;0;0;-3,728780000000000;-38,516408000000000
323759;4;8;2017;07:50;16797;RUA APOCALIPSE (MONDUBIM);RUA QUIXADA D06;;0;;Colis?úo;Luz do Dia;;;Cruz;N?úo H?í Controle;Residencial;0;2;0;0;0;0;0;0;0;1;0;0;-3,833073000000000;-38,572363000000000
323774;4;8;2017;07:56;0;RUA ANTONIO BENTO;;;889;;Atropelamento;Luz do Dia;;;Meio de Quadra;;;0;1;0;1;0;0;0;0;0;0;0;0;-3,786850000000000;-38,548985000000000
323780;4;8;2017;07:58;12404;AV LINEU MACHADO;AV SEN FERNANDES TAVORA;;0;;Colis?úo;Luz do Dia;;;Cruz;Sem?íforo;Comercial;0;1;0;1;0;0;0;0;0;1;0;0;-3,765199000000000;-38,576540000000000
323851;4;8;2017;23:16;0;RUA URUCUTUBA;;;164;;Colis?úo;;;;Meio de Quadra;;;0;0;1;0;0;0;0;0;0;0;0;0;-3,798273000000000;-38,597297000000000
323854;4;8;2017;23:28;0;RUA CARLOS AMORA;;;54;;Atropelamento;;;;Meio de Quadra;;;0;1;0;0;0;0;0;0;0;0;0;0;-3,774537000000000;-38,564173000000000
323855;4;8;2017;23:33;0;RUA VITAL BRASIL;;;510;;Colis?úo;;;;Meio de Quadra;;;0;1;0;0;0;0;0;0;0;0;0;0;-3,781474000000000;-38,585799000000000
323848;4;8;2017;23:10;0;RUA BETEL;;;1671;;Colis?úo;;;;Meio de Quadra;;;0;1;0;0;0;0;0;0;0;0;0;0;-3,793771400000000;-38,553316800000000
323841;4;8;2017;21:58;10720;RUA PORTO ALEGRE;RUA TERESINA;;0;;Colis?úo;;;;Cruz;Pare;;0;1;0;0;0;0;0;0;0;1;0;0;-3,759580000000000;-38,591844000000000
323845;4;8;2017;22:38;0;AV ENG SANTANA JUNIOR;;;0;;Colis?úo;;;;Meio de Quadra;;;0;1;0;1;0;0;0;0;0;1;0;0;;
323846;4;8;2017;22:41;0;RUA MANUEL CASTELO BRANCO;;;769;;Colis?úo;;;;Meio de Quadra;;;0;1;0;1;0;0;0;0;0;1;0;0;-3,833014000000000;-38,488086000000000
323839;4;8;2017;20:29;0;RUA DO POENTE;;;80;;Colis?úo;;;;Meio de Quadra;;;0;0;1;0;0;0;0;0;0;0;0;0;-3,701010000000000;-38,581867000000000
323837;4;8;2017;20:26;9126;RD BR 116;AV VIS RIO BRANCO;;0;;Colis?úo;;;;Y;N?úo H?í Controle;Comercial;0;1;0;1;0;0;0;0;0;1;0;0;-3,758673000000000;-38,519417000000000
323829;4;8;2017;19:36;9115;RUA DR ALFREDO WEYNE D14;RUA GAL SILVA JUNIOR;;0;;Colis?úo;;;;Cruz;Pare;Residencial;0;1;0;1;0;0;0;0;0;1;0;0;-3,755893000000000;-38,532116000000000
323794;4;8;2017;08:46;2706;RUA OSCAR FRANCA;RUA CEL VIRGILIO NOGUEIRA (BOM JARDIM);;0;;Colis?úo;Luz do Dia;;;Cruz;Sem?íforo;Residencial;0;1;0;1;0;0;0;0;0;1;0;0;-3,788935404000000;-38,608855206000000
323798;4;8;2017;11:53;14463;RUA HENRIQUE AUTRAN;AV BENJAMIM BARROSO;;0;;Colis?úo;Luz do Dia;;;Cruz;Pare;Residencial;0;1;0;1;0;0;0;0;0;1;0;0;-3,727342000000000;-38,549978000000000
323796;4;8;2017;09:13;24235;RUA FAUSTO CABRAL;RUA JULIO AZEVEDO;;0;;Queda;Luz do Dia;;;Cruz;Pare;Residencial;0;1;0;0;0;0;0;0;0;1;0;0;-3,733662000000000;-38,476448000000000
323816;4;8;2017;19:08;0;RUA DO CANAL (CJ ESPERANCA);;;210;;Queda;;;;Meio de Quadra;;;0;1;0;0;0;1;0;0;0;0;0;0;-3,813009000000000;-38,593536000000000
323805;4;8;2017;13:49;252;RUA DOM JOSE LOURENCO  D27;AV JOVITA FEITOSA;;0;;Atropelamento;Luz do Dia;;;Cruz;Pare;Comercial;0;1;0;1;0;0;0;0;0;0;0;0;-3,740276000000000;-38,558594000000000
323802;4;8;2017;13:29;0;RUA JOSE HIPOLITO;;;1075;;Colis?úo;Luz do Dia;;;Meio de Quadra;;;0;1;0;1;0;0;0;0;0;1;0;0;-3,835444000000000;-38,486657000000000
323800;4;8;2017;13:05;0;RUA L CJ VILA VELHA;;;0;;Colis?úo;Luz do Dia;;;Meio de Quadra;;;0;2;0;1;0;0;0;0;0;1;0;0;;
323808;4;8;2017;15:46;0;RD BR 116;;;0;;Colis?úo;Luz do Dia;;;Meio de Quadra;;;0;1;0;1;0;0;0;0;0;1;0;0;;
323809;4;8;2017;15:51;0;RUA URUBURETAMA;;;253;;Colis?úo;Luz do Dia;;;Meio de Quadra;;;0;1;0;1;0;0;0;0;0;1;0;0;-3,758623000000000;-38,542392000000000
323811;4;8;2017;16:34;0;AV AUGUSTO DOS ANJOS;;;1000;;Colis?úo;Luz do Dia;;;Meio de Quadra;;;0;1;0;1;0;0;0;0;0;1;0;0;-3,776718000000000;-38,576139000000000
323812;4;8;2017;17:18;0;RUA ALM RUFINO;;;909;;Colis?úo;Anoitecer;;;Meio de Quadra;;;0;1;0;1;0;1;0;0;0;0;0;0;-3,766380000000000;-38,537775000000000
323813;4;8;2017;17:32;0;RUA MOURA MATOS;;;1311;;Colis?úo;Anoitecer;;;Meio de Quadra;;;0;1;0;0;0;0;0;0;0;1;0;0;-3,815113000000000;-38,540515000000000
323814;4;8;2017;17:59;0;RUA LUIS VIEIRA;;;555;;Colis?úo;Anoitecer;;;Meio de Quadra;;;0;1;0;1;0;0;0;0;0;1;0;0;-3,793335000000000;-38,587669000000000
303840;4;8;2017;15:45;0;AV MAE LISBOA;;;1510;;Atropelamento;Luz do Dia;;;Meio de Quadra;;;1;0;1;1;0;0;0;0;0;0;0;0;-3,807923000000000;-38,465625000000000
310376;4;8;2017;20:23;0;AV FRE CIRILO;;;0;;Colis?úo Lateral;Via Iluminada;Bom;Seca;T;Pare;Comercial;0;0;2;1;0;0;0;0;0;0;0;0;-3,812834000000000;-38,499440000000000
310377;4;8;2017;18:58;0;RUA TAVARES COUTINHO;;;0;;Colis?úo Lateral;Via Iluminada;Bom;Seca;Meio de Quadra;N?úo H?í Controle;Comercial;0;0;0;1;0;0;0;0;0;1;0;0;-3,732457400000000;-38,484310000000000
310379;4;8;2017;20:10;0;AV VIS RIO BRANCO;;;4317;;Colis?úo Transversal;Via Iluminada;Bom;Seca;T;N?úo H?í Controle;Residencial;0;1;1;1;0;0;0;0;0;1;0;0;-3,758013500000000;-38,519646000000000
310380;4;8;2017;00:31;12840;RUA SOLON PINHEIRO;RUA CARLOS GOMES;;0;;Colis?úo Transversal;Via Iluminada;Bom;Seca;Cruz;Pare;Residencial;0;1;1;1;0;0;0;0;0;1;0;0;-3,740569400000000;-38,529747000000000
310386;4;8;2017;10:03;0;AV PRS COSTA E SILVA;RUA E (LOT PRQ ARACAPE);;0;;Colis?úo Traseira;Luz do Dia;Bom;Seca;T;Sem?íforo;Residencial;0;0;2;1;0;0;0;0;0;0;0;0;-3,821932300000000;-38,555786000000000
310390;4;8;2017;13:09;0;AV ENG SANTANA JUNIOR;;;1205;;Colis?úo Traseira;Luz do Dia;Bom;Seca;Meio de Quadra;N?úo H?í Controle;Residencial;0;0;1;1;0;0;0;0;0;0;0;0;-3,737919800000000;-38,483433000000000
310391;4;8;2017;16:18;13565;RUA JOAO CORDEIRO;RUA CASTRO ALVES;;0;;Colis?úo Lateral;Luz do Dia;Bom;Seca;Cruz;N?úo H?í Controle;Residencial;0;1;1;1;0;0;0;0;0;1;0;0;-3,750100600000000;-38,519490000000000
310349;4;8;2017;08:05;15437;AV FRE CIRILO;RUA HOMEM DE MELO;;0;;Colis?úo Lateral;Luz do Dia;Bom;Seca;Cruz;Pare;Comercial;0;0;2;1;0;0;0;0;0;0;0;0;-3,816872100000000;-38,497242000000000
310350;4;8;2017;08:38;13564;RUA CAP GUSTAVO;RUA CASTRO ALVES;;0;;Colis?úo Lateral;Luz do Dia;Bom;Seca;Cruz;Pare;Comercial;0;0;2;1;0;0;0;0;0;0;0;0;-3,749992600000000;-38,517673000000000
310351;4;8;2017;08:14;0;AV VIS RIO BRANCO;;;2441;;Colis?úo Lateral;Luz do Dia;Bom;Seca;Meio de Quadra;N?úo H?í Controle;Residencial;0;0;2;1;0;0;0;0;0;0;0;0;-3,742314000000000;-38,522713000000000
310352;4;8;2017;09:08;5415;RUA FLORIANO PEIXOTO;RUA GAL CLARINDO DE QUEIROZ;;0;;Colis?úo Transversal;Luz do Dia;Bom;Seca;Cruz;Pare;Comercial;0;0;2;1;0;0;0;0;0;0;0;0;-3,733646400000000;-38,529217000000000
310353;4;8;2017;09:31;0;AV ROGACIANO LEITE;;;0;;Colis?úo Traseira;Luz do Dia;Bom;Seca;Meio de Quadra;N?úo H?í Controle;Comercial;0;0;2;0;0;0;0;0;0;0;0;0;-3,772548700000000;-38,498750000000000
310354;4;8;2017;09:21;0;AV DR SILAS MUNGUBA;;;858;;Colis?úo Lateral;Luz do Dia;Bom;Seca;Meio de Quadra;Sem?íforo;Comercial;0;1;1;1;0;0;0;0;0;1;0;0;-3,781145300000000;-38,558132000000000
310355;4;8;2017;10:03;0;RUA GOV SAMPAIO;;;190;;Colis?úo Lateral;Luz do Dia;Bom;Seca;N?úo Informado;Pare;Comercial;0;0;2;0;0;0;0;0;0;0;0;0;-3,726989000000000;-38,524406000000000
310356;4;8;2017;09:43;15359;RUA PEREIRA VALENTE;RUA VICENTE LEITE;;0;;Colis?úo Lateral;Luz do Dia;Bom;Seca;Cruz;Pare;Residencial;0;1;0;1;0;0;0;0;0;1;0;0;-3,733178100000000;-38,494160000000000
310357;4;8;2017;09:23;0;AV ANTONIO SALES;;;3510;;Colis?úo Traseira;Luz do Dia;Bom;Seca;Meio de Quadra;N?úo H?í Controle;Comercial;0;0;2;1;0;0;0;0;0;0;0;0;-3,748455300000000;-38,492060000000000
310358;4;8;2017;10:09;25034;AV DES MOREIRA;AV ANTONIO JUSTA;;0;;Colis?úo Lateral;Luz do Dia;Bom;Seca;Outros;Sem?íforo;Comercial;0;0;2;0;0;0;0;0;0;1;0;0;-3,727379600000000;-38,495415000000000
310359;4;8;2017;10:27;0;RUA MIGUEL ARAGAO;RUA NOSSA SRA APARECIDA;;0;;Colis?úo Lateral;Luz do Dia;Bom;Seca;Cruz;Pare;Residencial;0;1;1;1;0;0;0;0;0;1;0;0;-3,833595500000000;-38,586887000000000