COD_ACIDENTE;DIA;MES;ANO;HORA;INTERSECAO;LOG1;LOG2;LOG3;NUMERO;REFERENCIA;NATUREZA;ILUMINACAO;TEMPO;SUPERFICIEPISTA;TIPOCRUZAMENTO;CONTROLETRAFEGO;USOSOLO;MORTOS;FERIDOS;ILESOS;AUTOMOVEL;ONIBUS;BICICLETA;CAMINHAO;MICROONIBUS;CICLOMOTOR;MOTOCICLETA;TRACAOANIMAL;TREM;LATITUDE;LONGITUDE
310360;4;8;2017;05:30;13735;RUA CAIO CID;RUA NELSON STUDART;;0;;Colis?úo Transversal;Luz do Dia;Bom;Seca;Cruz;Pare;Residencial;0;1;1;1;1;0;0;0;0;0;0;0;-3,773486100000000;-38,484615000000000
310361;4;8;2017;09:05;18301;RUA DRAGAO DO MAR;RUA ITAPIPOCA;;0;;Choque c/ Obst?ículo Fixo;Luz do Dia;Bom;Seca;T;N?úo H?í Controle;Residencial;0;0;2;1;1;0;0;0;0;0;0;0;-3,721784600000000;-38,516810000000000
310362;4;8;2017;10:45;15816;RUA PERGENTINO MAIA;RUA INACIO ORIA;;0;;Colis?úo Transversal;Luz do Dia;Bom;Seca;Cruz;Pare;Comercial;0;1;1;0;0;0;0;0;0;0;0;0;-3,831950400000000;-38,484314000000000
310363;4;8;2017;13:28;0;AV 13 DE MAIO;;;1025;;Engavetamento;Luz do Dia;Bom;Seca;Meio de Quadra;Sem?íforo;Comercial;0;0;3;1;0;0;0;0;0;0;0;0;-3,750120200000000;-38,528553000000000
310364;4;8;2017;13:51;1394;RUA TORRES CAMARA;RUA TIBURCIO CAVALCANTE;;0;;Choque c/ Obst?ículo Fixo;Luz do Dia;Bom;Seca;Cruz;Sem?íforo;Comercial;0;1;0;0;0;0;0;0;0;0;0;0;-3,736996700000000;-38,502842000000000
310365;4;8;2017;14:20;22093;AV JOSE BASTOS;RUA ALEXANDRE BARAUNA;;0;;Colis?úo Lateral;Luz do Dia;Bom;Seca;T;N?úo H?í Controle;Comercial;0;0;2;0;1;0;0;0;0;0;0;0;-3,749609700000000;-38,550210000000000
310366;4;8;2017;14:20;0;RUA ZACARIAS GONDIM;;;1115;;Colis?úo Lateral;Luz do Dia;Bom;Seca;Outros;N?úo H?í Controle;Residencial;0;0;2;1;0;0;0;0;0;0;0;0;-3,772974300000000;-38,560078000000000
310367;4;8;2017;14:52;0;AV DUQ CAXIAS;;;2001;;Colis?úo Transversal;Luz do Dia;Bom;Seca;Duplo T;N?úo H?í Controle;Comercial;0;0;2;1;0;0;0;0;0;0;0;0;-3,727783200000000;-38,541977000000000
310368;4;8;2017;15:21;0;AV SGT HERMINIO SAMPAIO;;;1628;;Colis?úo Traseira;Luz do Dia;Bom;Seca;T;N?úo H?í Controle;Comercial;0;0;2;1;0;0;0;0;0;0;0;0;-3,725374700000000;-38,555264000000000
310369;4;8;2017;14:59;0;AV H CJ CEARA;AV C CJ CEARA;;0;;Engavetamento;Luz do Dia;Bom;Seca;Meio de Quadra;Pare;Residencial;0;0;4;0;0;0;0;0;0;1;0;0;-3,774985300000000;-38,617620000000000
310370;4;8;2017;16:23;23606;RUA MAJ VERISSIMO;RUA BAR CRATO;;0;;Colis?úo Lateral;Luz do Dia;Bom;Seca;Cruz;Pare;Residencial;0;0;2;1;1;0;0;0;0;0;0;0;-3,722034500000000;-38,562706000000000
310371;4;8;2017;16:25;7866;RUA ISRAEL BEZERRA;RUA LEONARDO MOTA;;0;;Colis?úo Transversal;Luz do Dia;Bom;Seca;Cruz;Pare;Residencial;0;0;2;1;0;0;0;0;0;0;0;0;-3,748187500000000;-38,500023000000000
310372;4;8;2017;14:59;5750;RUA CON BRAVEZA;RUA JULIO LIMA;;0;;Colis?úo Transversal;Luz do Dia;Bom;Seca;Cruz;Pare;Residencial;0;1;1;0;0;0;0;0;0;1;0;0;-3,795354400000000;-38,498837000000000
310373;4;8;2017;17:27;6968;AV F CJ ESPERANCA;AV A CJ ESPERANCA;;0;;Colis?úo Transversal;Luz do Dia;Bom;Seca;Cruz;Sem?íforo;Residencial;0;0;2;1;0;0;0;0;0;0;0;0;-3,817597200000000;-38,588444000000000
310374;4;8;2017;17:57;24367;RUA VICENTE PADILHA;RUA ALM RUFINO;;0;;Atropelamento;Anoitecer;Bom;Seca;Cruz;Pare;Residencial;0;2;0;0;0;0;0;0;0;0;0;0;-3,766378200000000;-38,537850000000000
310392;5;8;2017;09:18;0;RUA BADY MIGUEL;RUA CESARIO LANGE;;0;;Colis?úo Transversal;Luz do Dia;Bom;Seca;Meio de Quadra;Pare;Residencial;0;0;1;1;0;0;0;0;0;1;0;0;-3,828183000000000;-38,490580000000000
310393;5;8;2017;14:00;0;AV BEIRA MAR;;;4400;;Colis?úo Traseira;Luz do Dia;Bom;Seca;Meio de Quadra;N?úo H?í Controle;Lazer;0;0;2;1;0;0;0;0;0;0;0;0;-3,722617400000000;-38,481922000000000
310394;5;8;2017;16:05;5130;RUA CASTRO E SILVA;RUA FLORIANO PEIXOTO;;0;;Colis?úo Lateral;Luz do Dia;Bom;Seca;Cruz;Pare;Comercial;0;0;2;0;0;0;0;0;0;1;0;0;-3,724296000000000;-38,526264000000000
310395;5;8;2017;18:00;15100;AV HIS RAIMUNDO GIRAO;RUA JOAO CORDEIRO;;0;;Atropelamento;Anoitecer;Bom;Seca;Cruz;Sem?íforo;Comercial;0;1;1;1;0;0;0;0;0;0;0;0;-3,720773200000000;-38,511620000000000
310396;5;8;2017;07:41;0;AV ANTONIO JUSTA;;;3330;;Colis?úo Traseira;Luz do Dia;Bom;Seca;Outros;N?úo H?í Controle;Residencial;0;0;2;1;0;0;0;0;0;0;0;0;-3,728880400000000;-38,491215000000000
310397;5;8;2017;18:43;0;AV ANTONIO SALES;;;1031;;Colis?úo Traseira;Anoitecer;Bom;Seca;Outros;N?úo H?í Controle;Comercial;0;0;1;1;0;0;0;0;0;0;0;0;-3,742359200000000;-38,512370000000000
310398;5;8;2017;18:39;3211;RUA EMILIO DE MENESES;RUA VERBENA;;0;;Colis?úo Transversal;Via Iluminada;Bom;Seca;Cruz;Sem?íforo;Comercial;0;3;0;0;0;0;0;0;0;1;0;0;-3,781399500000000;-38,588810000000000
310426;5;8;2017;14:29;1589;AV DES MOREIRA;RUA GAL TERTULIANO POTYGUARA;;0;;Colis?úo Transversal;Luz do Dia;Bom;Seca;Cruz;Sem?íforo;Comercial;0;1;1;1;0;0;0;0;0;0;0;0;-3,743130000000000;-38,500568000000000
310403;5;8;2017;19:30;1464;RUA DR JOSE LOURENCO;AV HERACLITO GRACA;;0;;Colis?úo Transversal;Via Iluminada;Bom;Seca;Cruz;Sem?íforo;Comercial;0;0;2;1;0;0;0;0;0;0;0;0;-3,738589500000000;-38,509018000000000
310387;5;8;2017;10:15;15881;RUA PDE PEDRO DE ALENCAR;RUA GUARUJA;;0;;Colis?úo Transversal;Luz do Dia;Bom;Seca;T;Sem?íforo;Comercial;0;0;2;1;0;0;0;0;0;0;0;0;-3,835045600000000;-38,494297000000000
310388;5;8;2017;12:31;13396;RUA JOAO BRIGIDO;RUA BAR ARACATI;;0;;Colis?úo Lateral;Luz do Dia;Bom;Seca;Cruz;Pare;Residencial;0;2;1;1;0;0;0;0;0;1;0;0;-3,740956800000000;-38,514725000000000
310389;5;8;2017;13:20;1035;RUA JOAQUIM FROTA;RUA MARIO ALENCAR ARARIPE;;0;;Colis?úo Lateral;Luz do Dia;Bom;Seca;Cruz;Pare;Residencial;0;0;1;1;0;0;0;0;0;0;0;0;-3,801872700000000;-38,477882000000000
310381;5;8;2017;06:40;246;AV JOVITA FEITOSA;RUA DOM LINO;;0;;Colis?úo Transversal;Luz do Dia;Bom;Seca;Cruz;Sem?íforo;Comercial;0;1;1;1;0;0;0;0;0;1;0;0;-3,739875000000000;-38,556374000000000
310382;5;8;2017;09:25;5158;RUA SOBRAL D03;RUA CONDE D??EU;;16;;Colis?úo Lateral;Luz do Dia;Bom;Seca;T;Sem?íforo;Comercial;0;0;2;1;1;0;0;0;0;0;0;0;-3,724990400000000;-38,525110000000000
310383;5;8;2017;07:30;14455;RUA PDE FROTA;RUA DEMOCRITO ROCHA;;0;;Colis?úo Transversal;Luz do Dia;Bom;Seca;Cruz;Pare;Residencial;0;1;1;1;0;0;0;0;0;1;0;0;-3,726406300000000;-38,548218000000000
310384;5;8;2017;08:00;0;AV ROGACIANO LEITE;RUA FRANCISCO C MENDES;;0;;Colis?úo Traseira;Luz do Dia;Bom;Seca;Meio de Quadra;N?úo H?í Controle;Comercial;0;0;2;1;0;0;0;0;0;0;0;0;-3,776178400000000;-38,500410000000000
310385;5;8;2017;10:30;5256;RUA COSTA BARROS;RUA DNA LEOPOLDINA;;0;;Colis?úo Traseira;Luz do Dia;Bom;Seca;Cruz;Sem?íforo;Residencial;0;1;1;1;0;0;0;0;0;1;0;0;-3,728102400000000;-38,518417000000000
310440;5;8;2017;19:13;0;AV ENG HUMBERTO MONTE;;;0;;Colis?úo Traseira;Via Iluminada;Bom;Seca;Outros;N?úo H?í Controle;Comercial;0;0;2;1;0;0;0;0;0;0;0;0;-3,737512400000000;-38,569134000000000
310441;5;8;2017;20:49;19833;AV JOVITA FEITOSA;AV ENG HUMBERTO MONTE;;0;;Colis?úo Traseira;Via Iluminada;Bom;Seca;Cruz;Sem?íforo;Comercial;0;0;2;1;0;0;0;0;0;0;0;0;-3,741811500000000;-38,565968000000000
304270;5;8;2017;02:00;1476;AV JULIO VENTURA;AV BAR STUDART;;0;;Colis?úo Transversal;;Bom;Seca;Cruz;Sem?íforo;Comercial;0;2;0;1;0;0;0;0;0;0;0;0;-3,739072000000000;-38,508029000000000
303841;5;8;2017;09:59;0;AV DOMINGOS OLIMPIO;;;387;;Atropelamento;Luz do Dia;;;Meio de Quadra;;;1;0;1;0;1;0;0;0;0;0;0;0;-3,737754000000000;-38,527323000000000
303844;5;8;2017;17:50;15269;AV RUI BARBOSA;RUA TEN BENEVOLO;;0;;Colis?úo;Anoitecer;;;Cruz;Sem?íforo;Residencial;1;1;1;1;0;0;0;0;0;1;0;0;-3,728685000000000;-38,507048000000000
324584;5;8;2017;06:00;0;AV SEN CARLOS JEREISSATI (AEROPORTO);;;0;;Colis?úo;Luz do Dia;;Seca;Meio de Quadra;;;0;0;2;1;0;0;0;0;0;0;0;0;;
323970;5;8;2017;22:47;0;AV ALBERTO CRAVEIRO;;;1341;;Colis?úo;;;;Meio de Quadra;;;0;1;0;0;0;0;0;0;0;0;0;0;-3,792122000000000;-38,517394000000000
323963;5;8;2017;20:54;0;AV DR SILAS MUNGUBA;;;3059;;Colis?úo;;;;Meio de Quadra;;;0;2;0;1;0;0;0;0;0;0;0;0;-3,788379000000000;-38,546038000000000
323964;5;8;2017;21:32;7790;AV PONTES VIEIRA;AV DES MOREIRA;;0;;Colis?úo;;;;Cruz;Sem?íforo;Comercial;0;1;0;0;0;0;0;0;0;0;0;0;-3,751526000000000;-38,503254000000000
323965;5;8;2017;21:51;13410;RUA JOAQUIM TORRES;RUA ANTONIO AUGUSTO;;0;;Colis?úo;;;;Cruz;Pare;Comercial;0;1;0;0;0;0;0;0;0;0;0;0;-3,741755000000000;-38,517263000000000
323966;5;8;2017;21:57;0;AV GAL OSORIO DE PAIVA;;;0;;Colis?úo;;;;Meio de Quadra;;;0;1;0;0;0;0;0;0;0;0;0;0;;
323967;5;8;2017;22:03;0;RUA JULIO SILVA;;;440;;Atropelamento;;;;Meio de Quadra;;;0;1;0;0;0;0;0;0;0;0;0;0;;
323968;5;8;2017;22:42;0;AV ABOLICAO;;;0;;Atropelamento;;;;Meio de Quadra;;;0;1;0;0;1;0;0;0;0;0;0;0;;
323958;5;8;2017;20:00;0;RUA PDE RODOLFO;;;839;;Colis?úo;;;;Meio de Quadra;;;0;2;0;0;0;0;0;0;0;0;0;0;-3,804215000000000;-38,586959000000000
323959;5;8;2017;20:09;22084;RUA ANA NERY;RUA CAP FRANCISCO PEDRO;;0;;Colis?úo;;;;Cruz;Pare;Residencial;0;1;0;1;0;0;0;0;0;1;0;0;-3,747399000000000;-38,549085000000000
323949;5;8;2017;18:44;0;RUA PORTO FELIZ;;;320;;Colis?úo;;;;Meio de Quadra;;;0;1;0;0;0;0;0;0;0;0;0;0;;
323950;5;8;2017;19:17;0;AV GODOFREDO MACIEL;;;0;;Colis?úo;;;;Meio de Quadra;;;0;1;0;0;0;0;0;0;0;0;0;0;;
323944;5;8;2017;17:16;0;AV BEZERRA DE MENEZES;;;2450;;Queda;Anoitecer;;;Meio de Quadra;;;0;1;0;0;0;1;0;0;0;0;0;0;-3,736062000000000;-38,566326000000000
323937;5;8;2017;15:37;9143;RUA JUVENAL DE CARVALHO;RUA DR JOSE VITOR;;0;;Colis?úo;Luz do Dia;;;Cruz;Pare;Residencial;0;1;0;0;0;0;0;0;0;1;0;0;-3,747585000000000;-38,525101000000000
323954;5;8;2017;19:36;0;AV UM (ARVOREDO);;;1381;;Colis?úo;;;;Meio de Quadra;;;0;1;0;0;0;1;0;0;0;1;0;0;;
323955;5;8;2017;19:49;0;AV SGT HERMINIO SAMPAIO;;;1520;;Colis?úo;;;;Meio de Quadra;;;0;1;1;1;0;0;0;0;0;1;0;0;-3,725233000000000;-38,554236000000000
323947;5;8;2017;17:35;7752;AV CARNEIRO DE MENDONCA;AV JOAO PESSOA;;0;;Queda;Anoitecer;;;T;Sem?íforo;Comercial;0;1;0;0;0;1;0;0;0;0;0;0;-3,767222000000000;-38,559808000000000
323940;5;8;2017;15:52;5130;RUA CASTRO E SILVA;RUA FLORIANO PEIXOTO;;0;;Colis?úo;Luz do Dia;;;Cruz;Pare;Comercial;0;2;0;0;0;0;0;0;0;0;0;0;-3,724272000000000;-38,526110000000000
323890;5;8;2017;11:12;0;RUA VER PEDRO PAULO MOREIRA;;;455;;Colis?úo;Luz do Dia;;;Meio de Quadra;;;0;1;0;0;0;0;0;0;0;0;0;0;-3,786833795000000;-38,491491641000000
323891;5;8;2017;11:44;0;AV CEL CARVALHO;;;581;;Colis?úo;Luz do Dia;;;Meio de Quadra;;;0;1;0;1;0;0;0;0;0;1;0;0;-3,707281000000000;-38,590548000000000
323887;5;8;2017;09:39;0;RUA SEN ROBERT KENNEDY;;;427;;Colis?úo;Luz do Dia;;;Meio de Quadra;;;0;1;0;0;0;0;0;0;0;1;0;0;-3,704043000000000;-38,579006000000000
323888;5;8;2017;11:01;0;RUA CATOLE;;;2900;;Colis?úo;Luz do Dia;;;Meio de Quadra;;;0;1;0;1;0;0;0;0;0;0;0;0;-3,860634900000000;-38,523184700000000
323881;5;8;2017;07:33;5627;AV ROGACIANO LEITE;AV JOSE LEON;;0;;Colis?úo;Luz do Dia;;;Cruz;Sem?íforo;Residencial;0;1;0;1;0;0;0;0;0;1;0;0;-3,787355000000000;-38,503527000000000
323883;5;8;2017;08:26;0;AV MR HULL;;;5660;;Atropelamento;Luz do Dia;;;Meio de Quadra;;;0;1;0;0;0;0;0;0;0;1;0;0;-3,740177000000000;-38,595064000000000
323884;5;8;2017;09:30;0;AV BEIRA MAR;;;0;;Queda;Luz do Dia;;;Meio de Quadra;;;0;1;0;0;0;1;0;0;0;0;0;0;;
323885;5;8;2017;09:38;0;RUA TEN JOSE NEWTON;;;186;;Colis?úo;Luz do Dia;;;Meio de Quadra;;;0;1;0;1;0;0;0;0;0;1;0;0;-3,824451000000000;-38,491626000000000
323877;5;8;2017;07:02;19006;AV ENG ALBERTO SA;RUA JULIO AZEVEDO;;0;;Colis?úo;Luz do Dia;;;Cruz;Pare;Residencial;0;1;0;1;0;0;0;0;0;1;0;0;-3,734278000000000;-38,476848000000000
323878;5;8;2017;07:12;8660;AV WASHINGTON SOARES;AV EDILSON B SOARES;;0;;Colis?úo;Luz do Dia;;;Outros;Sem?íforo;Comercial;0;1;1;1;0;0;0;0;0;1;0;0;-3,789444000000000;-38,480489000000000
323858;5;8;2017;00:59;24886;AV MOZART PINHEIRO DE LUCENA;AV MAJ ASSIS;;0;;Colis?úo;;;;Duplo T;Sem?íforo;Comercial;0;1;0;1;0;0;0;0;0;1;0;0;-3,721514087000000;-38,596661554000000
323860;5;8;2017;04:02;0;AV HEROIS DO ACRE;;;100;;Colis?úo;;;;Meio de Quadra;;;0;1;0;0;0;0;0;0;0;0;0;0;-3,802993900000000;-38,535125700000000
323865;5;8;2017;05:41;0;AV CENTRAL CJ CEARA;;;227;;Queda;Amanhecer;;;Meio de Quadra;;;0;1;0;0;0;0;0;0;0;1;0;0;;
323867;5;8;2017;06:18;0;RUA MIGUEL GURGEL;;;0;;Queda;Luz do Dia;;;Meio de Quadra;;;0;1;0;0;0;0;0;0;0;1;0;0;;
323868;5;8;2017;06:31;0;RUA SAO LEOPOLDO D69;;;621;;Colis?úo;Luz do Dia;;;Meio de Quadra;;;0;1;0;0;0;0;0;0;0;0;0;0;-3,862249700000000;-38,504568200000000
323874;5;8;2017;06:51;0;AV GAL OSORIO DE PAIVA;;;35;;Colis?úo;Luz do Dia;;;Meio de Quadra;;;0;2;0;0;0;1;0;0;0;1;0;0;-3,772257000000000;-38,562608000000000
323871;5;8;2017;06:45;0;AV ANTONIO SALES;;;3500;;Queda;Luz do Dia;;;Meio de Quadra;;;0;1;0;0;0;1;0;0;0;0;0;0;-3,748361000000000;-38,492833000000000
323927;5;8;2017;13:18;0;RD BR 116;;;8000;KM-08;Colis?úo;Luz do Dia;;Seca;Meio de Quadra;;;0;1;1;1;0;1;0;0;0;0;0;0;-3,822018000000000;-38,503269000000000
323928;5;8;2017;13:22;0;AV WASHINGTON SOARES;;;4527;;Colis?úo;Luz do Dia;;Seca;Meio de Quadra;;;0;0;2;0;0;0;0;0;0;1;0;0;-3,798302000000000;-38,479742000000000
323933;5;8;2017;14:38;0;AV PRS CASTELO BRANCO;;;4310;;Atropelamento;Luz do Dia;;;Meio de Quadra;;;0;1;0;0;0;0;0;0;0;1;0;0;-3,707560000000000;-38,570717000000000
323930;5;8;2017;14:07;0;AV FRANCISCO SA;;;4487;;Colis?úo;Luz do Dia;;;Meio de Quadra;;;0;1;0;1;0;0;0;0;0;1;0;0;-3,714878000000000;-38,564843000000000
323920;5;8;2017;12:59;0;AV PERIMETRAL;;;0;;Colis?úo;Luz do Dia;;;Meio de Quadra;;;0;1;0;1;0;0;0;0;0;1;0;0;;
323921;5;8;2017;13:07;0;RUA QUINZE (CANINDEZINHO);;;0;;Colis?úo;Luz do Dia;;;Meio de Quadra;;;0;1;0;1;0;0;0;0;0;1;0;0;;
323903;5;8;2017;12:19;11338;AV GODOFREDO MACIEL;RUA FRANCISCO GLICERIO;;0;;Colis?úo;Luz do Dia;;;Cruz;Sem?íforo;Comercial;0;1;0;1;0;0;0;0;0;1;0;0;-3,795981000000000;-38,569757000000000
323907;5;8;2017;12:34;0;RUA BETEL;;;0;;Atropelamento;Luz do Dia;;;Meio de Quadra;;;0;1;0;0;0;0;0;0;0;1;0;0;;
323908;5;8;2017;12:46;0;RUA LIVINO DE CARVALHO;;;800;;Atropelamento;Luz do Dia;;;Meio de Quadra;;;0;1;0;0;0;0;0;0;0;1;0;0;-3,773442000000000;-38,552965000000000
323905;5;8;2017;12:25;24766;RUA ANTONIO ARRUDA;RUA PALMACIA;;0;;Colis?úo;Luz do Dia;;;Cruz;Pare;Residencial;0;0;1;1;0;0;0;0;0;1;0;0;-3,717225000000000;-38,593159000000000
306518;5;8;2017;17:00;0;AV CEL CARVALHO;;;210;TERMINAL ANTONIO BEZERRA;Colis?úo Frontal;Anoitecer;;;Meio de Quadra;;;0;0;2;1;0;0;0;0;0;0;0;0;-3,704697000000000;-38,591232000000000
306523;5;8;2017;04:10;0;AV GAL OSORIO DE PAIVA;;;4153;PONTE DO SIQUEIRA;Colis?úo Traseira;;;;Meio de Quadra;;;0;1;1;0;1;0;0;0;0;1;0;0;-3,793987000000000;-38,591630000000000
306524;5;8;2017;10:20;3240;RUA OLIVEIRA SOBRINHO;RUA ARACA;;0;;Colis?úo Transversal;Luz do Dia;;;;;;0;1;1;1;0;0;0;0;0;1;0;0;-3,783359000000000;-38,584227000000000
306526;5;8;2017;07:30;12514;AV LINEU MACHADO;RUA JULIO BRAGA;;0;;Atropelamento;Luz do Dia;;;Outros;Sem?íforo;Residencial;0;1;1;1;0;0;0;0;0;0;0;0;-3,775335000000000;-38,581790000000000
306520;5;8;2017;13:00;1294;RUA TORRES CAMARA;RUA CARLOS VASCONCELOS;;0;;Colis?úo Traseira;Luz do Dia;;;Cruz;Sem?íforo;Comercial;0;2;0;1;0;0;0;0;0;0;0;0;-3,734251000000000;-38,511204000000000
305374;5;8;2017;20:00;0;AV DR SILAS MUNGUBA;;;550;;Colis?úo Traseira;Via Iluminada;Bom;Seca;Meio de Quadra;Sem?íforo;Lazer;0;3;0;1;0;0;0;0;0;0;0;0;-3,779775000000000;-38,560165000000000
306620;6;8;2017;16:00;24987;AV ALM HENRIQUE SABOIA;AV ANTONIO SALES;;0;;Choque c/ Obst?ículo Fixo;Luz do Dia;Bom;Seca;Meio de Quadra;N?úo H?í Controle;Comercial;0;1;0;0;0;0;0;0;0;0;0;0;-3,748334000000000;-38,492911000000000
306672;6;8;2017;19:15;12673;RUA CARNAUBAL;RUA ANA BATISTA;;0;;Colis?úo Frontal;Via Iluminada;Bom;Seca;Cruz;Pare;Residencial;0;2;0;0;0;0;0;0;0;1;0;0;;
306675;6;8;2017;12:00;2392;RUA AMADEU DE CASTRO;RUA PARQUE VILA VELHA II;;0;;Colis?úo Lateral;Luz do Dia;Bom;Seca;T;N?úo H?í Controle;Comercial;0;0;2;1;0;0;0;0;0;0;0;0;-3,705870000000000;-38,590517000000000
306683;6;8;2017;16:00;15538;AV FRE CIRILO;RUA ALVES RIBEIRO;;0;;Colis?úo Transversal;Luz do Dia;Bom;Seca;T;Sem?íforo;Comercial;0;1;1;0;0;0;0;0;0;1;0;0;-3,820819000000000;-38,495888000000000
323961;6;8;2017;20:27;0;RUA ANTONIO BENTO;;;585;;Atropelamento;;;;Meio de Quadra;;;0;1;0;0;0;0;0;0;0;1;0;0;-3,784426000000000;-38,548239000000000
323976;6;8;2017;00:57;0;AV PERIMETRAL;;;136;;Queda;;;;Meio de Quadra;;;0;1;0;0;0;0;0;0;0;1;0;0;-3,806537000000000;-38,580576000000000
323977;6;8;2017;01:54;0;RUA BARTOLOMEU DE GUSMAO;;;92;;Queda;;;;Meio de Quadra;;;0;0;1;0;0;1;0;0;0;0;0;0;-3,777546100000000;-38,589498500000000
323978;6;8;2017;04:16;0;RD BR 116;;;0;MAKRO;Colis?úo;;;;Meio de Quadra;;;0;1;0;1;0;0;0;0;0;1;0;0;-3,781941000000000;-38,513732000000000
323979;6;8;2017;06:07;0;AV WASHINGTON SOARES;;;0;;Colis?úo;Luz do Dia;;Seca;Meio de Quadra;;;0;1;1;1;0;1;0;0;0;0;0;0;;
323981;6;8;2017;08:07;0;AV PRS CASTELO BRANCO;;;6293;;Queda;Luz do Dia;;;Meio de Quadra;;;0;2;0;0;0;0;0;0;0;1;0;0;-3,700750000000000;-38,586263000000000
323982;6;8;2017;09:21;0;AV SGT HERMINIO SAMPAIO;;;0;;Queda;Luz do Dia;;;Meio de Quadra;;;0;0;1;0;0;1;0;0;0;0;0;0;;
323983;6;8;2017;09:25;0;RUA 12 DE MARCO UI 408;;;129;;Queda;Luz do Dia;;;Meio de Quadra;;;0;1;0;0;0;0;0;0;0;1;0;0;;
323984;6;8;2017;11:09;0;AV WASHINGTON SOARES;;;9160;;Colis?úo;Luz do Dia;;Seca;Meio de Quadra;;;0;0;2;0;0;0;0;0;0;1;0;0;-3,831687000000000;-38,482417000000000
323985;6;8;2017;11:17;0;AV DR ALDY MENTOR;;;0;;Capotamento;Luz do Dia;;;Meio de Quadra;;;0;2;0;1;0;0;0;0;0;0;0;0;;
323986;6;8;2017;13:17;0;RUA CEL JUSTINO F RAMOS;;;89;;Queda;Luz do Dia;;;Meio de Quadra;;;0;1;0;0;0;0;0;0;0;1;0;0;-3,827244441000000;-38,474573119000000
323988;6;8;2017;16:02;0;AV ALM HENRIQUE SABOIA;;;0;;Colis?úo;Luz do Dia;;;Meio de Quadra;;;0;1;0;0;0;0;0;0;0;0;0;0;;
323989;6;8;2017;16:20;0;AV JOSE JATAHY;;;0;;Colis?úo;Luz do Dia;;;Meio de Quadra;;;0;1;0;0;0;0;0;0;0;0;0;0;;
323993;6;8;2017;16:52;0;RUA JARDIM FLUMINENSE;;;1396;;Atropelamento;Luz do Dia;;;Meio de Quadra;;;0;1;0;1;0;0;0;0;0;0;0;0;-3,810445919000000;-38,601790678000000
323994;6;8;2017;17:14;0;RUA EST JUCA D45;;;0;;Queda;Anoitecer;;;Meio de Quadra;;;0;0;1;0;0;0;0;0;0;1;0;0;;
323995;6;8;2017;17:41;1716;AV GOV RAUL BARBOSA;AV GAL MURILO BORGES;;0;;Colis?úo;Anoitecer;;;;;;0;1;0;1;0;0;0;0;0;1;0;0;-3,763977000000000;-38,508802000000000
323997;6;8;2017;17:59;0;RUA EVILASIO A MIRANDA;;;920;;Queda;Anoitecer;;;Meio de Quadra;;;0;1;0;0;0;0;0;0;0;1;0;0;-3,741108100000000;-38,478324900000000
323998;6;8;2017;18:29;0;AV EDILSON B SOARES;;;0;;Queda;Anoitecer;;;Meio de Quadra;;;0;1;0;0;0;0;0;0;0;1;0;0;;
323999;6;8;2017;18:52;0;RUA URUCUTUBA;;;1039;;Queda;;;;Meio de Quadra;;;0;1;0;0;0;0;0;0;0;1;0;0;-3,796986000000000;-38,604177000000000
324000;6;8;2017;19:56;0;RUA VINTE E QUATRO DE MAIO;;;0;;Colis?úo;;;;Meio de Quadra;;;0;1;0;1;0;0;0;0;0;1;0;0;;
324002;6;8;2017;20:01;0;AV WASHINGTON SOARES;;;2131;;Colis?úo;Via Iluminada;;Seca;Meio de Quadra;;;0;1;0;0;0;0;0;0;0;1;0;0;-3,777546000000000;-38,481499000000000
324003;6;8;2017;20:08;0;RUA JAIME BENEVOLO;;;875;;Atropelamento;;;;Meio de Quadra;;;0;1;0;0;0;0;0;0;0;1;0;0;-3,739864000000000;-38,527936000000000
324004;6;8;2017;21:07;0;RUA DO GELO;;;156;;Queda;;;;Meio de Quadra;;;0;0;1;0;0;0;0;0;0;1;0;0;-3,770582000000000;-38,471778000000000
324005;6;8;2017;21:33;0;AV SEN FERNANDES TAVORA;;;0;;Atropelamento;;;;Meio de Quadra;;;0;1;0;0;0;0;0;0;0;1;0;0;;
324006;6;8;2017;22:23;0;RUA CEL AMANCIO CAVALCANTE;;;195;;Atropelamento;;;;Meio de Quadra;;;0;1;0;0;0;0;0;0;0;0;0;0;-3,757127000000000;-38,537132000000000
324007;6;8;2017;22:23;0;RUA DR FERNANDO AUGUSTO;;;3774;;Colis?úo;;;;Meio de Quadra;;;0;1;0;1;0;0;0;0;0;1;0;0;-3,785768000000000;-38,626788000000000
324008;6;8;2017;22:38;0;TR OSORIO DE PAIVA;;;2395;;Colis?úo;;;;Meio de Quadra;;;0;1;0;0;0;0;0;0;0;0;0;0;;
324009;6;8;2017;22:59;0;RUA STA MARIA GORETE;;;2618;;Colis?úo;;;;Meio de Quadra;;;0;0;1;1;0;0;0;0;0;1;0;0;;
324010;6;8;2017;23:20;1297;AV SANTOS DUMONT;RUA JOSE VILAR;;0;;Colis?úo;;;;Cruz;Sem?íforo;Comercial;0;1;0;1;0;0;0;0;0;1;0;0;-3,734337000000000;-38,504194000000000
323991;6;8;2017;16:42;0;RUA PRO HERIBALDO COSTA;;;680;;Colis?úo;Luz do Dia;;;Meio de Quadra;;;0;1;0;1;0;0;0;0;0;1;0;0;-3,758858000000000;-38,583280000000000
324603;6;8;2017;22:30;0;RD CE-040;;;0;KM-04;Colis?úo;N?úo Informado;;Seca;Meio de Quadra;;;0;0;2;1;0;0;0;0;0;0;0;0;-3,791613156000000;-38,480330840000000