COD_ACIDENTE;DIA;MES;ANO;HORA;INTERSECAO;LOG1;LOG2;LOG3;NUMERO;REFERENCIA;NATUREZA;ILUMINACAO;TEMPO;SUPERFICIEPISTA;TIPOCRUZAMENTO;CONTROLETRAFEGO;USOSOLO;MORTOS;FERIDOS;ILESOS;AUTOMOVEL;ONIBUS;BICICLETA;CAMINHAO;MICROONIBUS;CICLOMOTOR;MOTOCICLETA;TRACAOANIMAL;TREM;LATITUDE;LONGITUDE
303855;6;8;2017;15:48;25008;RUA TEODOMIRO DE CASTRO;RUA SILVIO ROMERO;;0;;Colis?úo;Luz do Dia;Bom;Seca;Cruz;N?úo H?í Controle;Residencial;1;2;0;0;0;0;0;0;0;1;0;0;-3,719538000000000;-38,570794000000000
303856;6;8;2017;09:00;0;AV DR SILAS MUNGUBA;;;3388;;Atropelamento;Luz do Dia;;;Meio de Quadra;;;1;1;0;0;0;0;0;0;0;1;0;0;-3,789208000000000;-38,543737000000000
304316;6;8;2017;07:50;5170;RUA SAO JOSE D03;RUA SOBRAL D03;;0;;Colis?úo Lateral;Luz do Dia;Bom;Seca;T;Sem?íforo;Comercial;0;2;0;1;0;0;0;1;0;0;0;0;-3,725302000000000;-38,523726000000000
310423;6;8;2017;10:26;1273;AV SANTOS DUMONT;RUA DR JOSE LOURENCO;;0;;Colis?úo Lateral;Luz do Dia;Bom;Seca;Cruz;Pare;Comercial;0;0;2;1;0;0;0;0;0;0;0;0;-3,733327000000000;-38,507270000000000
310378;6;8;2017;20:00;13529;AV SORIANO ALBUQUERQUE;RUA PDE ANTONINO;;0;;Colis?úo Lateral;Via Iluminada;Bom;Seca;Cruz;Pare;Comercial;0;0;2;1;0;0;0;0;0;0;0;0;-3,747593600000000;-38,520380000000000
310404;6;8;2017;08:50;24191;RUA DES WALDETARIO P MOTA;RUA PRO HERACLITO;;0;;Colis?úo Transversal;Luz do Dia;Bom;Seca;Cruz;Pare;Residencial;0;1;1;1;0;0;0;0;0;1;0;0;-3,732085000000000;-38,477615000000000
310405;6;8;2017;11:10;10999;RUA ALBERTO MAGNO;RUA 15 DE NOVEMBRO;;0;;Colis?úo Transversal;Luz do Dia;Bom;Seca;Cruz;Pare;Residencial;0;0;1;1;0;0;0;0;0;0;0;0;-3,769905800000000;-38,553220000000000
310406;6;8;2017;13:04;0;RUA SEBASTIAO DE ABREU;;;350;;Colis?úo Transversal;Luz do Dia;Bom;Seca;T;Pare;Residencial;0;0;1;1;0;0;0;0;0;0;0;0;-3,794632200000000;-38,567543000000000
310407;6;8;2017;12:32;0;AV JOAO PESSOA;;;6261;;Engavetamento;Luz do Dia;Bom;Seca;Meio de Quadra;N?úo H?í Controle;Comercial;0;0;3;1;1;0;0;0;0;0;0;0;-3,764881000000000;-38,558964000000000
310408;6;8;2017;14:43;0;RUA DARIO PEREIRA;;;90;;Colis?úo Lateral;Luz do Dia;Bom;Seca;Meio de Quadra;N?úo H?í Controle;Residencial;0;0;3;1;0;0;0;0;0;1;0;0;-3,858344000000000;-38,480885000000000
310409;6;8;2017;16:09;5047;RUA DR JOAO MOREIRA;RUA VINTE E QUATRO DE MAIO;;0;;Colis?úo Lateral;Luz do Dia;Bom;Seca;N?úo Informado;N?úo H?í Controle;Comercial;0;0;2;0;1;0;0;0;0;0;0;0;-3,722155800000000;-38,529797000000000
310410;6;8;2017;19:05;0;AV FRE CIRILO;;;4211;;Colis?úo Lateral;Via Iluminada;Bom;Seca;Meio de Quadra;Sem?íforo;Residencial;0;0;2;1;0;0;0;0;0;0;0;0;-3,820766400000000;-38,495808000000000
310411;6;8;2017;18:49;0;AV GODOFREDO MACIEL;;;2900;;Colis?úo Lateral;Anoitecer;Bom;Seca;Meio de Quadra;Sem?íforo;Comercial;0;0;1;1;0;0;0;0;0;1;0;0;-3,800537600000000;-38,571262000000000
310412;6;8;2017;20:10;2706;RUA CEL VIRGILIO NOGUEIRA (BOM JARDIM);RUA OSCAR FRANCA;;0;;Colis?úo Transversal;Via Iluminada;Bom;Seca;Cruz;Sem?íforo;Comercial;0;0;2;1;0;0;0;0;0;0;0;0;-3,789014600000000;-38,608852000000000
310413;6;8;2017;20:13;0;RUA PRO HERIBALDO COSTA;;;681;;Colis?úo Transversal;Via Iluminada;Bom;Seca;Meio de Quadra;N?úo H?í Controle;Residencial;0;1;1;1;0;0;0;0;0;1;0;0;-3,758704400000000;-38,583233000000000
310414;6;8;2017;21:02;26208;RUA GEORGE ROCHA;RUA PRO EDGAR DE ARRUDA;;0;;Colis?úo Lateral;Via Iluminada;Bom;Seca;Rotat??ria;D?¬ Prefer?¬ncia;Residencial;0;0;2;1;0;0;0;0;0;0;0;0;-3,763769000000000;-38,573364000000000
310400;6;8;2017;00:20;0;AV AUGUSTO DOS ANJOS;;;1536;;Colis?úo Frontal;Via Iluminada;Bom;Seca;Meio de Quadra;Pare;Comercial;0;1;1;1;0;0;0;0;0;0;0;0;-3,779962300000000;-38,578987000000000
310401;6;8;2017;06:53;12479;AV AUGUSTO DOS ANJOS;RUA PERDIGAO DE OLIVEIRA;;0;;Colis?úo Traseira;Luz do Dia;Bom;Seca;Cruz;Sem?íforo;Comercial;0;1;1;1;0;0;0;0;0;1;0;0;-3,775248000000000;-38,574776000000000
310427;7;8;2017;14:03;0;RUA DES LEITE ALBUQUERQUE;;;503;;Colis?úo Lateral;Luz do Dia;Bom;Seca;Meio de Quadra;N?úo H?í Controle;Comercial;0;0;2;1;0;0;0;0;0;0;0;0;-3,736809500000000;-38,500015000000000
310428;7;8;2017;14:53;0;AV OLIVEIRA PAIVA;RUA LIGIA MONTE;;0;;Engavetamento;Luz do Dia;Bom;Seca;Meio de Quadra;Sem?íforo;Comercial;0;0;3;1;0;0;0;0;0;0;0;0;-3,796143500000000;-38,484657000000000
310429;7;8;2017;14:29;0;AV PRS COSTA E SILVA;;;1251;ACADEMIA DE POLICIA;Colis?úo Traseira;Luz do Dia;Bom;Seca;Meio de Quadra;N?úo H?í Controle;Residencial;0;2;1;0;0;0;0;0;0;0;0;0;-3,816563400000000;-38,567520000000000
310430;7;8;2017;15:30;42;RUA PRO JOSE LEITE GONDIM;RUA HUGO VITOR;;0;;Colis?úo Transversal;Luz do Dia;Bom;Seca;Cruz;Pare;Residencial;0;0;2;1;0;0;0;0;0;0;0;0;-3,741805300000000;-38,591446000000000
310431;7;8;2017;16:40;0;RUA VICENTE LOPES;;;1040;;Colis?úo Lateral;Luz do Dia;Bom;Seca;Meio de Quadra;Pare;Comercial;0;0;1;0;0;0;0;0;0;1;0;0;-3,795579700000000;-38,495205000000000
310432;7;8;2017;17:13;5364;AV TRISTAO GONCALVES;RUA GAL CLARINDO DE QUEIROZ;;1101;;Colis?úo Lateral;Luz do Dia;Bom;Seca;Cruz;Pare;Comercial;0;0;2;1;0;0;0;0;0;0;0;0;-3,731424300000000;-38,534546000000000
310433;7;8;2017;16:34;5310;RUA PEDRO PEREIRA;RUA MAJ FACUNDO;;0;;Colis?úo Lateral;Luz do Dia;Bom;Seca;Cruz;Sem?íforo;Comercial;0;1;1;0;0;0;0;0;0;1;0;0;-3,729635700000000;-38,529022000000000
310434;7;8;2017;14:30;0;RUA JULIO PINTO D04;;;1984;;Colis?úo Transversal;Luz do Dia;Bom;Seca;Meio de Quadra;N?úo H?í Controle;Residencial;0;0;2;1;0;0;0;0;0;1;0;0;-3,726086400000000;-38,543100000000000
310435;7;8;2017;16:30;13526;RUA BAR ARACATI;RUA PDE CHEVALIER;;0;;Colis?úo Transversal;Via Iluminada;Bom;Seca;Cruz;Pare;Residencial;0;0;2;1;0;0;0;0;0;0;0;0;-3,747390500000000;-38,516724000000000
310436;7;8;2017;18:43;0;RUA PEREIRA FILGUEIRAS;;;1310;;Colis?úo Traseira;Via Iluminada;Bom;Seca;Meio de Quadra;Pare;Comercial;0;0;2;1;0;0;0;0;0;0;0;0;-3,728871800000000;-38,511158000000000
310437;7;8;2017;19:28;0;AV SANTOS DUMONT;;;6355;;Colis?úo Lateral;Via Iluminada;Bom;Seca;Meio de Quadra;Sem?íforo;Residencial;0;0;2;1;0;0;0;0;0;0;0;0;-3,743486600000000;-38,476044000000000
310438;7;8;2017;19:08;19105;RUA ALMEIDA PRADO;RUA JOSE RANGEL;;0;;Colis?úo Transversal;Via Iluminada;Bom;Seca;Cruz;Pare;Residencial;0;1;0;1;0;0;0;0;0;0;0;0;-3,737872800000000;-38,473446000000000
310439;7;8;2017;16:53;17617;RUA ACRE;RUA CEARA;;0;;Colis?úo Traseira;Luz do Dia;Bom;Seca;T;Pare;Residencial;0;1;0;0;0;0;0;0;0;1;0;0;-3,759575100000000;-38,564716000000000
310415;7;8;2017;08:15;25497;RUA CAP MELO;RUA CAP TIBURCIO DA FROTA;;3711;;Colis?úo Transversal;Luz do Dia;Bom;Seca;Cruz;Pare;Residencial;0;0;2;1;0;0;0;0;0;0;0;0;-3,754839400000000;-38,513460000000000
310416;7;8;2017;07:00;0;AV ANTONIO SALES;;;3510;;Colis?úo Transversal;Luz do Dia;Bom;Seca;Meio de Quadra;N?úo H?í Controle;Residencial;0;0;2;1;0;0;0;0;0;1;0;0;-3,748805000000000;-38,491700000000000
310417;7;8;2017;07:31;0;RUA CARLOS VASCONCELOS;;;1701;;Atropelamento;Luz do Dia;Bom;Seca;Meio de Quadra;N?úo H?í Controle;Comercial;0;1;1;0;0;0;0;0;0;0;0;0;-3,736795000000000;-38,512012000000000
310418;7;8;2017;10:09;11462;RUA PDE FRANCISCO PITA;RUA ATAULFO ALVES;;0;;Colis?úo Transversal;Luz do Dia;Bom;Seca;Cruz;Pare;Comercial;0;1;1;1;0;0;0;0;0;1;0;0;-3,782506500000000;-38,496952000000000
310419;7;8;2017;09:58;0;AV ANTONIO JUSTA;;;3113;;Colis?úo Lateral;Luz do Dia;Bom;Seca;Meio de Quadra;N?úo H?í Controle;Residencial;0;0;2;1;0;0;0;0;0;0;0;0;-3,728061000000000;-38,493240000000000
310420;7;8;2017;08:49;0;AV BORGES DE MELO;RUA MARTINHO RODRIGUES;;0;;Colis?úo Transversal;Luz do Dia;Bom;Seca;Meio de Quadra;Pare;Residencial;0;1;1;1;0;0;0;0;0;1;0;0;-3,759263300000000;-38,530697000000000
310421;7;8;2017;09:51;0;RUA MAJ FACUNDO;;;716;;Atropelamento;Luz do Dia;Bom;Seca;Meio de Quadra;N?úo H?í Controle;Comercial;0;2;0;0;0;0;0;0;0;1;0;0;-3,729313600000000;-38,528490000000000
310422;7;8;2017;10:15;121;RUA RUI MONTE;RUA CEL JOAQUIM FRANKLIN;;0;;Colis?úo Transversal;Luz do Dia;Bom;Seca;Cruz;Pare;Residencial;0;2;1;1;0;0;0;0;0;1;0;0;-3,742362300000000;-38,587350000000000
310424;7;8;2017;12:45;0;RUA JAPI;;;425;;Colis?úo Traseira;Luz do Dia;Bom;Seca;Meio de Quadra;N?úo H?í Controle;Residencial;0;1;1;0;0;0;0;0;1;0;0;0;-3,783976300000000;-38,547215000000000
310425;7;8;2017;13:22;22665;AV COS GOMES DE FREITAS (SAPIRANGA/COITE);AV ENG LEAL LIMA VERDE (SAPIRANGA/COITE);;0;;Colis?úo Lateral;Luz do Dia;Bom;Seca;Rotat??ria;D?¬ Prefer?¬ncia;Escola;0;0;2;1;0;0;0;0;0;0;0;0;-3,795402800000000;-38,475826000000000
303858;7;8;2017;07:30;0;RUA CARLOS VASCONCELOS;;;1701;;Queda;Luz do Dia;;;Meio de Quadra;;;1;0;0;0;0;1;0;0;0;0;0;0;-3,736747000000000;-38,512007000000000
324609;7;8;2017;16:10;0;AV MIN JOSE AMERICO;;;0;;Colis?úo;Luz do Dia;;Seca;Meio de Quadra;;;0;0;2;1;0;0;0;1;0;0;0;0;;
324615;7;8;2017;07:00;0;AV MIN JOSE AMERICO;;;0;;Colis?úo;Luz do Dia;;Seca;Meio de Quadra;;;0;0;3;1;0;0;0;0;0;1;0;0;;
324611;7;8;2017;16:50;0;AV MIN JOSE AMERICO;;;0;;Colis?úo;Luz do Dia;;Seca;Meio de Quadra;;;0;0;2;1;0;0;0;0;0;0;0;0;;
324021;7;8;2017;08:19;0;RUA LEONEL CHAVES;;;155;;Colis?úo;Luz do Dia;;;Meio de Quadra;;;0;1;0;1;0;0;0;0;0;1;0;0;-3,774802000000000;-38,568075000000000
324019;7;8;2017;08:18;20042;AV ALBERTO CRAVEIRO;AV DR SILAS MUNGUBA;;0;;Atropelamento;Luz do Dia;;;;;;0;1;0;1;0;0;0;0;0;0;0;0;-3,807229000000000;-38,524782000000000
324024;7;8;2017;09:16;22748;RUA ELISEU ORIA;RUA WALDEMAR ALCANTARA;;0;;Colis?úo;Luz do Dia;;;;;;0;1;0;1;0;0;0;0;0;1;0;0;-3,799259000000000;-38,477097000000000
324027;7;8;2017;10:07;0;AV PRS COSTA E SILVA;;;1822;;Atropelamento;Luz do Dia;;;Meio de Quadra;;;0;1;0;0;1;0;0;0;0;0;0;0;;
324059;7;8;2017;14:21;4292;RUA HENRIQUE ELERY;AV TEN LISBOA;;0;;Colis?úo;Luz do Dia;;;;;;0;1;0;0;0;1;0;0;0;1;0;0;-3,719497000000000;-38,561537000000000
324038;7;8;2017;11:05;0;AV DR SILAS MUNGUBA;;;0;;Colis?úo;Luz do Dia;;;Meio de Quadra;;;0;1;0;0;0;0;0;0;0;0;0;0;;
324039;7;8;2017;11:07;0;RUA CEL DIONISIO ALENCAR;;;250;;Colis?úo;Luz do Dia;;;Meio de Quadra;;;0;1;0;1;0;0;0;0;0;1;0;0;;
324041;7;8;2017;11:08;0;AV SEN CARLOS JEREISSATI (AEROPORTO);;;0;;Colis?úo;Luz do Dia;;Seca;Meio de Quadra;;;0;1;1;0;0;0;0;0;0;1;0;0;;
324032;7;8;2017;10:34;10404;AV E CJ CEARA;AV D CJ CEARA;;0;;Colis?úo;Luz do Dia;;;Cruz;;Residencial;0;0;1;1;0;0;0;0;0;1;0;0;-3,759930000000000;-38,603746000000000
324093;7;8;2017;23:48;0;AV PERIMETRAL;;;0;;Colis?úo;;;;Meio de Quadra;;;0;0;1;1;0;0;0;0;0;1;0;0;;
324091;7;8;2017;23:44;0;RUA MON SABINO FEIJAO;;;1398;;Colis?úo;;;;Meio de Quadra;;;0;1;0;0;0;0;0;0;0;1;0;0;-3,797739080000000;-38,597763361000000
324087;7;8;2017;22:22;13085;AV C CJ JOSE WALTER;RUA 39 CJ JOSE WALTER;;0;;Colis?úo;;;;;;;0;1;0;0;0;0;0;0;0;0;0;0;-3,828162000000000;-38,557555000000000
324088;7;8;2017;22:31;0;AV BEZERRA DE MENEZES;;;0;;Queda;;;;Meio de Quadra;;;0;0;1;0;0;0;0;0;0;1;0;0;;
324081;7;8;2017;20:15;0;RD BR 116;;;683;;Colis?úo;;;;Meio de Quadra;;;0;0;1;1;0;0;0;0;0;1;0;0;-3,762931800000000;-38,518537200000000
324085;7;8;2017;22:16;116;RUA PRO JOSE LEITE GONDIM;RUA RUI MONTE;;0;;Colis?úo;;;;Cruz;Pare;Residencial;0;2;0;0;0;0;0;0;0;1;0;0;-3,741250000000000;-38,587413000000000
324078;7;8;2017;19:41;0;AV 13 DE MAIO;;;733;;Atropelamento;;;;Meio de Quadra;;;0;1;0;1;0;0;0;0;0;0;0;0;-3,751684000000000;-38,526569000000000
324079;7;8;2017;20:02;0;AV AGUANAMBI;;;0;EXTRA;Colis?úo;;;;Meio de Quadra;;;0;0;1;1;0;0;0;0;0;1;0;0;-3,748717703000000;-38,523940470000000
324076;7;8;2017;19:11;0;AV 13 DE MAIO;;;1331;;Colis?úo;;;;Meio de Quadra;;;0;1;0;1;0;0;0;0;0;1;0;0;-3,748174000000000;-38,530677000000000
324062;7;8;2017;15:02;15807;RUA CEL DIONISIO ALENCAR;RUA PERGENTINO MAIA;;0;;Colis?úo;Luz do Dia;;;Cruz;Pare;Comercial;0;1;1;1;0;0;0;0;0;1;0;0;-3,831561000000000;-38,487711000000000
324063;7;8;2017;15:38;0;AV FRANCISCO SA;;;7460;;Colis?úo;Luz do Dia;;;Meio de Quadra;;;0;1;0;0;0;0;0;0;0;0;0;0;-3,706734000000000;-38,585461000000000
324064;7;8;2017;16:23;10101;RUA MARIA JULIA;RUA NEREIDE;;0;;Colis?úo;Luz do Dia;;;Cruz;N?úo H?í Controle;Residencial;0;1;0;0;0;0;0;0;0;0;0;0;-3,787683000000000;-38,598438000000000
324065;7;8;2017;17:46;0;AV BEZERRA DE MENEZES;;;1665;;Colis?úo;Anoitecer;;;Meio de Quadra;;;0;0;1;1;0;0;0;0;0;1;0;0;-3,734661000000000;-38,559660000000000
324066;7;8;2017;17:55;0;AV ROGACIANO LEITE;;;0;;Colis?úo;Anoitecer;;;Meio de Quadra;;;0;0;1;1;0;0;0;0;0;1;0;0;;
324067;7;8;2017;18:01;0;AV SGT HERMINIO SAMPAIO;;;691;;Queda;Anoitecer;;;Meio de Quadra;;;0;2;0;0;0;0;0;0;0;1;0;0;-3,724645000000000;-38,546313000000000
324044;7;8;2017;11:21;0;RUA RODRIGUES ANDRADE;;;300;;Atropelamento;Luz do Dia;;;Meio de Quadra;;;0;1;0;1;0;0;0;0;0;0;0;0;-3,763638000000000;-38,564101000000000
324045;7;8;2017;11:27;14725;RUA BULGARIA;RUA UIRAPURU;;0;;Colis?úo;Luz do Dia;;;Cruz;N?úo H?í Controle;Residencial;0;2;0;1;0;0;0;0;0;0;0;0;-3,795588000000000;-38,579417000000000
324046;7;8;2017;12:33;0;AV GOV RAUL BARBOSA;;;5482;;Colis?úo;Luz do Dia;;;Meio de Quadra;;;0;2;0;1;0;0;0;0;0;1;0;0;-3,767486000000000;-38,509382000000000
324047;7;8;2017;13:03;0;RUA FRANCISCO VILELA;;;0;;Colis?úo;Luz do Dia;;;Meio de Quadra;;;0;1;0;1;0;0;0;0;0;1;0;0;;
324048;7;8;2017;13:26;0;RUA 106 CJ ESPERANCA;;;345;;Colis?úo;Luz do Dia;;;Meio de Quadra;;;0;1;0;1;0;0;0;0;0;1;0;0;-3,814043000000000;-38,591455000000000
324073;7;8;2017;18:29;0;RUA 35 CJ HAB ST S JOAO;;;1331;;Atropelamento;Anoitecer;;;Meio de Quadra;;;0;1;0;0;0;0;0;0;0;1;0;0;-3,846777000000000;-38,518595000000000
324074;7;8;2017;18:55;577;AV DR THEBERGE;AV FRANCISCO SA;;0;;Colis?úo;;;;Cruz;Sem?íforo;Comercial;0;3;0;1;0;0;0;0;0;1;0;0;-3,714822000000000;-38,565016000000000
324095;7;8;2017;23:48;0;RUA ANTONIO COSTA MENDES (PQ S?âO JOS?ë);;;0;;Colis?úo;;;;Meio de Quadra;;;0;0;1;0;0;0;0;0;0;0;0;0;;
324011;7;8;2017;06:25;0;AV MR HULL;;;0;;Colis?úo;Luz do Dia;;;Meio de Quadra;;;0;1;0;1;0;0;0;0;0;1;0;0;;
306670;7;8;2017;18:10;0;RUA CARNEIRO DA CUNHA (JACARECANGA);;;0;;;Via Iluminada;Bom;Seca;Meio de Quadra;N?úo H?í Controle;Residencial;0;3;0;1;1;0;0;0;0;0;0;0;;
306646;7;8;2017;16:50;0;AV ENG AGRONOMO JOSE GUIMARAES DUQUE;;;993;;Colis?úo;;Bom;Seca;Meio de Quadra;;;0;1;0;0;0;0;0;0;0;1;0;0;;
306647;7;8;2017;11:20;14725;RUA UIRAPURU;RUA BULGARIA;;0;;Colis?úo Transversal;Luz do Dia;Bom;Seca;Cruz;N?úo H?í Controle;Residencial;0;2;0;1;0;0;0;0;0;0;0;0;-3,795588000000000;-38,579417000000000
306648;7;8;2017;18:50;0;AV HERACLITO GRACA;;;0;;Colis?úo Transversal;Via Iluminada;Bom;Seca;Meio de Quadra;N?úo H?í Controle;Comercial;0;2;0;1;0;0;0;0;0;0;0;0;;
306629;7;8;2017;09:30;0;AV ABOLICAO;;;3659;;Colis?úo Lateral;Luz do Dia;Bom;Seca;Meio de Quadra;Sem?íforo;Residencial;0;0;2;1;0;0;0;0;0;1;0;0;-3,725923000000000;-38,486693000000000
306630;7;8;2017;12:45;1243;RUA DR JOSE LOURENCO;RUA PEREIRA FILGUEIRAS;;0;;Colis?úo Frontal;Luz do Dia;Bom;Seca;Cruz;Pare;Residencial;0;2;0;1;0;0;0;0;0;1;0;0;-3,730449000000000;-38,506470000000000
306627;7;8;2017;02:00;19328;RUA EDUARDO PERDIGAO;RUA CON DE CASTRO;;0;;Colis?úo Transversal;Via Iluminada;Bom;Seca;Cruz;Pare;Comercial;0;2;0;1;0;0;0;0;0;0;0;0;-3,775579000000000;-38,564769000000000
310521;7;8;2017;17:27;0;RUA PDE PERDIGAO SAMPAIO;;;115;;Colis?úo Lateral;Anoitecer;Bom;Seca;Meio de Quadra;Pare;Comercial;0;1;1;0;0;0;0;0;0;1;0;0;-3,734101300000000;-38,595990000000000
310518;7;8;2017;14:43;5392;RUA PINTO MADEIRA;RUA NOGUEIRA ACIOLI;;0;;Colis?úo Transversal;Luz do Dia;Bom;Seca;Cruz;Pare;Comercial;0;0;2;0;0;0;0;0;0;0;0;0;-3,732431700000000;-38,517654000000000
325999;7;8;2017;18:40;0;RD BR 116;;;16000;KM-16;Colis?úo Transversal;N?úo Informado;;Seca;Meio de Quadra;;;0;1;1;0;0;1;0;0;0;0;0;0;-3,761165700000000;-38,519056700000000
326010;8;8;2017;16:30;0;RD BR 116;;;3000;KM-03;Colis?úo Traseira;Luz do Dia;;Seca;Meio de Quadra;;;0;2;1;1;0;0;0;0;0;1;0;0;-3,779838000000000;-38,514372000000000
306677;8;8;2017;00:00;17379;RUA TEN MOACIR MATOS;RUA EDITE BRAGA;;0;;Colis?úo Transversal;Via Iluminada;Bom;Seca;Cruz;Pare;Residencial;0;0;2;1;0;0;0;0;0;0;0;0;-3,766915000000000;-38,552921000000000
306679;8;8;2017;21:50;19539;AV DR SILAS MUNGUBA;RUA EQUADOR;;0;;Colis?úo Lateral;Luz do Dia;;Seca;Cruz;Sem?íforo;Residencial;0;1;0;0;0;0;0;0;0;1;0;0;-3,782377000000000;-38,555434000000000
306688;8;8;2017;20:15;0;AV SEN FERNANDES TAVORA;;;0;;Engavetamento;Via Iluminada;Bom;Seca;Meio de Quadra;Sem?íforo;Comercial;0;4;0;1;0;0;0;0;0;0;0;0;;
306704;8;8;2017;17:40;0;AV FRE CIRILO;;;4000;;Engavetamento;Luz do Dia;Bom;Seca;Meio de Quadra;Outros;Comercial;0;3;0;1;0;0;0;0;0;0;0;0;-3,819105000000000;-38,496644000000000
306712;8;8;2017;01:20;21573;RUA LUIS VIEIRA;RUA ANTONIO COSTA MENDES (PQ S?âO JOS?ë);;0;;Colis?úo Transversal;Via Iluminada;Bom;Seca;Cruz;Pare;Comercial;0;1;0;1;0;0;0;0;0;0;0;0;;
324099;8;8;2017;01:03;0;RUA CAP PORFIRIO;;;609;;Colis?úo;;;;Meio de Quadra;;;0;1;0;1;0;0;0;0;0;1;0;0;;
324100;8;8;2017;05:39;0;RUA VALPARAISO;;;0;;Colis?úo;Amanhecer;;;Meio de Quadra;;;0;1;0;1;0;0;0;0;0;1;0;0;;
324112;8;8;2017;07:05;0;RUA GUILHERME ROCHA;;;748;;Colis?úo;Luz do Dia;;;Meio de Quadra;;;0;1;0;1;0;0;0;0;0;1;0;0;-3,724915058000000;-38,534347778000000
324134;8;8;2017;14:24;5063;AV PRS CASTELO BRANCO;RUA BAR RIO BRANCO;;0;;Colis?úo;Luz do Dia;;;T;Pare;Comercial;0;0;1;0;0;0;0;0;0;0;0;0;-3,721459000000000;-38,526642000000000
324124;8;8;2017;07:16;0;RUA CON DE CASTRO;;;1000;;Colis?úo;Luz do Dia;;;Meio de Quadra;;;0;3;0;0;0;0;0;0;0;1;0;0;-3,781854000000000;-38,570532000000000
324125;8;8;2017;08:04;0;AV DOS EXPEDICIONARIOS;;;0;;Colis?úo;Luz do Dia;;;Meio de Quadra;;;0;0;1;1;0;0;0;0;0;1;0;0;;
324126;8;8;2017;08:08;0;RUA RIO GRANDE DO SUL;;;1986;;Colis?úo;Luz do Dia;;;Meio de Quadra;;;0;0;2;0;0;0;0;0;0;0;0;0;-3,765304000000000;-38,571460000000000
324127;8;8;2017;11:29;0;RUA MARIA JULIA;;;2058;;Colis?úo;Luz do Dia;;;Meio de Quadra;;;0;1;0;0;0;0;0;0;0;1;0;0;-3,803566200000000;-38,604156100000000
324117;8;8;2017;07:15;0;AV PERIMETRAL;;;0;;Colis?úo;Luz do Dia;;;Meio de Quadra;;;0;1;0;1;0;0;0;0;0;1;0;0;;
324152;8;8;2017;22:05;13091;AV C CJ JOSE WALTER;AV L CJ JOSE WALTER;;0;;Colis?úo;;;;Rotat??ria;D?¬ Prefer?¬ncia;Comercial;0;1;0;0;0;0;0;0;0;1;0;0;-3,828424000000000;-38,556737000000000
324148;8;8;2017;18:17;0;RUA 7 DE SETEMBRO;;;221;;Colis?úo;Anoitecer;;;Meio de Quadra;;;0;2;0;0;0;0;0;0;0;1;0;0;-3,774545000000000;-38,564062000000000
324149;8;8;2017;18:25;4007;RUA ALBERTO MAGNO;RUA DES PRAXEDES;;0;;Colis?úo;Anoitecer;;;Cruz;Sem?íforo;Comercial;0;1;0;0;0;0;0;0;0;0;0;0;-3,761230000000000;-38,546795000000000
324150;8;8;2017;21:09;0;RUA ARISTOTELES BEZERRA;;;211;;Colis?úo;;;;Meio de Quadra;;;0;1;0;0;0;0;0;0;0;1;0;0;-3,719874000000000;-38,555934000000000
324142;8;8;2017;16:16;0;RD BR 116;;;13000;KM-13;Colis?úo;Luz do Dia;;;Meio de Quadra;;;0;0;2;0;0;0;0;0;0;0;0;0;-3,864670000000000;-38,497727000000000
324143;8;8;2017;16:40;0;RUA EDUARDO PERDIGAO;;;0;;Colis?úo;Luz do Dia;;;Meio de Quadra;;;0;0;1;1;0;0;0;0;0;1;0;0;;
324144;8;8;2017;16:53;8790;RUA ELISEU ORIA;RUA CRISANTO M DA ROCHA;;0;;Colis?úo;Luz do Dia;;;;;;0;0;1;1;0;0;0;0;0;1;0;0;-3,792999000000000;-38,477633000000000
324145;8;8;2017;17:03;0;RUA DA SAUDADE D04;;;1280;;Colis?úo;Anoitecer;;;Meio de Quadra;;;0;0;1;1;0;0;0;0;0;1;0;0;-3,816062100000000;-38,536160500000000
324146;8;8;2017;17:41;0;AV DOM MANUEL;;;1329;;Colis?úo;Anoitecer;;;Meio de Quadra;;;0;2;0;1;0;0;0;0;0;1;0;0;-3,735697000000000;-38,523502000000000
324140;8;8;2017;16:09;0;RUA BERNARDO MANUEL;;;8245;;Colis?úo;Luz do Dia;;;Meio de Quadra;;;0;1;0;0;0;0;0;0;0;0;0;0;-3,791601000000000;-38,549248000000000
324138;8;8;2017;15:32;0;RUA TAQUATIARA;;;100;;Atropelamento;Luz do Dia;;;Meio de Quadra;;;0;1;0;0;0;0;0;0;0;0;0;0;-3,830708000000000;-38,500709000000000
324624;8;8;2017;07:20;0;RD CE-060;;;0;KM-03;Colis?úo;Luz do Dia;;Seca;Meio de Quadra;;;0;0;2;1;0;0;0;0;0;1;0;0;-3,843038000000000;-38,585133000000000
324632;8;8;2017;11:15;0;AV MIN JOSE AMERICO;;;0;;Colis?úo;Luz do Dia;;Seca;Meio de Quadra;;;0;0;2;1;1;0;0;0;0;0;0;0;;
310476;8;8;2017;14:36;13582;RUA DR JOSE LOURENCO;RUA ANTONIO FURTADO;;0;;Colis?úo Transversal;Luz do Dia;Bom;Seca;Cruz;Pare;Residencial;0;0;2;1;0;0;0;0;0;1;0;0;-3,751634100000000;-38,513283000000000
310442;8;8;2017;06:20;0;RUA PEDRO DANTAS;;;673;;Colis?úo Lateral;Luz do Dia;Bom;Seca;Meio de Quadra;N?úo H?í Controle;Residencial;0;0;2;1;0;0;0;0;0;0;0;0;-3,785565000000000;-38,523840000000000