COD_ACIDENTE;DIA;MES;ANO;HORA;INTERSECAO;LOG1;LOG2;LOG3;NUMERO;REFERENCIA;NATUREZA;ILUMINACAO;TEMPO;SUPERFICIEPISTA;TIPOCRUZAMENTO;CONTROLETRAFEGO;USOSOLO;MORTOS;FERIDOS;ILESOS;AUTOMOVEL;ONIBUS;BICICLETA;CAMINHAO;MICROONIBUS;CICLOMOTOR;MOTOCICLETA;TRACAOANIMAL;TREM;LATITUDE;LONGITUDE
310443;8;8;2017;07:55;0;RUA PDE VALDEVINO;;;1688;;Colis?úo Traseira;Luz do Dia;Bom;Seca;Meio de Quadra;N?úo H?í Controle;Comercial;0;0;2;1;0;0;0;0;0;0;0;0;-3,741448200000000;-38,509445000000000
310444;8;8;2017;07:24;0;AV GAL OSORIO DE PAIVA;;;0;;Colis?úo Traseira;Luz do Dia;Bom;Seca;Meio de Quadra;N?úo H?í Controle;Comercial;0;0;3;1;0;0;0;0;0;1;0;0;-3,777744500000000;-38,569794000000000
310445;8;8;2017;09:02;24604;RUA ANTONIO ARRUDA;RUA TRAJANO DE AGUIAR (JD IRACEMA);;0;;Colis?úo Lateral;Luz do Dia;Bom;Seca;Cruz;Pare;Escola;0;0;2;1;0;0;0;0;0;0;0;0;-3,712288900000000;-38,591686000000000
310446;8;8;2017;08:44;0;AV DOS EXPEDICIONARIOS;;;3260;;Colis?úo Lateral;Luz do Dia;Bom;Seca;T;Pare;Comercial;0;0;2;1;0;0;0;0;0;0;0;0;-3,747658500000000;-38,535830000000000
310447;8;8;2017;09:20;0;AV PDE ANTONIO TOMAS;;;3206;;Colis?úo Lateral;Luz do Dia;Bom;Seca;Meio de Quadra;Sem?íforo;Residencial;0;0;2;1;0;0;0;0;0;0;0;0;-3,745725900000000;-38,482643000000000
310448;8;8;2017;09:37;19683;RUA PRO JOSE DE BARCELOS;RUA AZEVEDO BOLAO;;0;;Colis?úo Transversal;Luz do Dia;Bom;Seca;Cruz;Pare;Comercial;0;1;1;1;0;0;0;0;0;0;0;0;-3,735258300000000;-38,550552000000000
310449;8;8;2017;10:40;25149;AV DOM LUIS;RUA MON CATAO;;0;;Colis?úo Transversal;Luz do Dia;Bom;Seca;T;Pare;Comercial;0;0;2;1;0;0;0;0;0;0;0;0;-3,735882500000000;-38,489610000000000
310450;8;8;2017;12:53;0;RUA MON CATAO;;;1655;;Colis?úo Traseira;Luz do Dia;Bom;Seca;Meio de Quadra;N?úo H?í Controle;Escola;0;0;2;1;0;0;0;0;0;0;0;0;-3,745958800000000;-38,492590000000000
310451;8;8;2017;13:42;0;RUA CASTRO E SILVA;;;30;;Colis?úo Lateral;Luz do Dia;Bom;Seca;Meio de Quadra;Sem?íforo;Comercial;0;0;2;1;0;0;0;0;0;0;0;0;-3,724454200000000;-38,525642000000000
310452;8;8;2017;13:25;5473;RUA JOAO CORDEIRO;AV HERACLITO GRACA;;0;;Colis?úo Traseira;Luz do Dia;Bom;Seca;Duplo T;Sem?íforo;Comercial;0;0;2;1;0;0;0;0;0;0;0;0;-3,736044000000000;-38,516376000000000
310453;8;8;2017;12:57;0;AV ALM HENRIQUE SABOIA;;;2151;;Colis?úo Lateral;Luz do Dia;Bom;Seca;Meio de Quadra;N?úo H?í Controle;Rural;0;1;1;1;0;0;0;0;0;1;0;0;-3,755777100000000;-38,504227000000000
310454;8;8;2017;14:30;0;RUA NAPOLEAO LAUREANO;;;0;;Colis?úo Transversal;Luz do Dia;Nublado;Seca;Meio de Quadra;Sem?íforo;Comercial;0;0;2;1;0;0;0;0;0;0;0;0;-3,749462400000000;-38,528706000000000
310455;8;8;2017;15:31;25063;AV DOS EXPEDICIONARIOS;RUA ARMANDO MONTEIRO;;0;;Colis?úo Lateral;Luz do Dia;Bom;Seca;Cruz;Pare;Comercial;0;0;2;1;0;0;0;0;0;0;0;0;-3,762146500000000;-38,540462000000000
310456;8;8;2017;14:00;25062;AV DOS EXPEDICIONARIOS;RUA PDE AMBROSIO MACHADO;;0;;Colis?úo Lateral;Luz do Dia;Bom;Seca;Cruz;Pare;Comercial;0;1;1;1;0;0;0;0;0;0;0;0;-3,760753600000000;-38,539883000000000
310457;8;8;2017;16:31;0;RUA FORTALEZA UI 505;AV ALBERTO NEPOMUCENO;;0;;Colis?úo Transversal;Luz do Dia;Bom;Seca;T;Pare;Comercial;0;0;2;1;0;0;0;0;0;0;0;0;-3,722515800000000;-38,523994000000000
310458;8;8;2017;16:35;0;RUA PRC ISABEL;;;1111;;Colis?úo Traseira;Luz do Dia;Bom;Seca;Meio de Quadra;Pare;Comercial;0;0;1;0;0;0;0;0;0;0;0;0;-3,730383400000000;-38,536552000000000
310459;8;8;2017;15:54;20230;RUA POMPILIO GOMES;RUA PRO MOREIRA DE SOUSA (PASSARE);;0;;Colis?úo Lateral;Luz do Dia;Bom;Seca;Cruz;Pare;Residencial;0;0;2;1;0;0;0;0;0;0;0;0;-3,814603000000000;-38,520878000000000
310460;8;8;2017;10:00;0;AV VIS RIO BRANCO;;;2188;;Colis?úo Lateral;Luz do Dia;Bom;Seca;Meio de Quadra;N?úo H?í Controle;Residencial;0;1;2;1;0;0;0;0;0;1;0;0;-3,740123300000000;-38,523304000000000
310461;8;8;2017;18:15;0;AV DR SILAS MUNGUBA;;;1199;;Colis?úo Lateral;Mal Iluminada;Bom;Seca;Cruz;Sem?íforo;Comercial;0;0;1;1;0;0;0;0;0;1;0;0;-3,782227300000000;-38,555317000000000
310462;8;8;2017;19:20;20226;AV PAROARAS;AV SAUDADE D68;;0;;Colis?úo Lateral;Via Iluminada;Bom;Seca;Cruz;Pare;Residencial;0;1;1;0;0;0;0;0;0;1;0;0;-3,814564200000000;-38,534320000000000
310463;8;8;2017;20:30;3205;RUA CARLOS CHAGAS;RUA THOMPSON GONCALVES;;0;;Colis?úo Transversal;Via Iluminada;Bom;Seca;Cruz;Pare;Residencial;0;1;0;1;0;0;0;0;0;1;0;0;-3,780943000000000;-38,582290000000000
310464;8;8;2017;11:03;0;AV PRS COSTA E SILVA;;;0;CIALNE;Colis?úo Transversal;Luz do Dia;Bom;Seca;Outros;N?úo H?í Controle;Rural;0;1;1;1;0;0;0;0;0;0;0;0;-3,827297000000000;-38,535244000000000
310465;8;8;2017;23:40;15101;AV HIS RAIMUNDO GIRAO;RUA JOAQUIM ALVES;;0;;Colis?úo Lateral;Via Iluminada;Bom;Seca;T;Pare;Residencial;0;1;1;0;0;0;0;0;0;1;0;0;-3,720768000000000;-38,511177000000000
310466;9;8;2017;07:49;17501;AV ABOLICAO;RUA MANUEL JESUINO;;0;;Colis?úo Transversal;Luz do Dia;Bom;Seca;Cruz;Sem?íforo;Comercial;0;1;0;1;0;1;0;0;0;0;0;0;-3,725424300000000;-38,484406000000000
310467;9;8;2017;08:11;11836;RUA MON DANTAS;RUA JACINTO MATOS;;0;;Colis?úo Transversal;Luz do Dia;Bom;Seca;Cruz;Pare;Residencial;0;0;2;1;0;0;0;0;0;0;0;0;-3,719726800000000;-38,546562000000000
310468;9;8;2017;07:05;17311;RUA ROMEU MARTINS;RUA JOAO FIRMINO;;0;;Colis?úo Lateral;Luz do Dia;Bom;Seca;Cruz;Pare;Residencial;0;0;2;1;0;0;0;0;0;0;0;0;-3,764313000000000;-38,555435000000000
310469;9;8;2017;08:39;0;AV PRO GOMES DE MATOS;;;516;;Colis?úo Lateral;Luz do Dia;Bom;Seca;Meio de Quadra;N?úo H?í Controle;Comercial;0;0;2;1;0;0;0;0;0;0;0;0;-3,758219500000000;-38,542970000000000
310470;9;8;2017;11:00;0;AV BEIRA MAR;;;4777;;Choque c/ Obst?ículo Fixo;Luz do Dia;Bom;Material Derrapante;Meio de Quadra;N?úo H?í Controle;Comercial;0;0;2;1;0;0;0;0;0;0;0;0;-3,721395300000000;-38,478558000000000
310471;9;8;2017;11:45;0;AV AGUANAMBI;;;0;ROTAT?ôRIA;Colis?úo Lateral;Luz do Dia;Bom;Seca;Rotat??ria;N?úo H?í Controle;Comercial;0;0;2;1;1;0;0;0;0;0;0;0;-3,756700000000000;-38,523624000000000
310477;9;8;2017;15:20;0;AV BEZERRA DE MENEZES;;;581;;Colis?úo Traseira;Luz do Dia;Bom;Seca;Meio de Quadra;Sem?íforo;Comercial;0;0;2;1;0;0;0;0;0;1;0;0;-3,732810300000000;-38,550480000000000
310478;9;8;2017;15:53;25519;AV ALM HENRIQUE SABOIA;AV GOV RAUL BARBOSA;;0;;Engavetamento;Luz do Dia;Bom;Seca;Meio de Quadra;N?úo H?í Controle;Residencial;0;0;4;1;0;0;0;0;0;0;0;0;-3,757613700000000;-38,504936000000000
310479;9;8;2017;16:35;0;RUA GUILHERME MOREIRA;;;403;;Colis?úo Traseira;Luz do Dia;Bom;Seca;Cruz;Pare;Residencial;0;0;2;1;0;0;0;0;0;0;0;0;-3,750170200000000;-38,526318000000000
310480;9;8;2017;18:34;5259;RUA SENA MADUREIRA;RUA POCINHO;;0;;Colis?úo Lateral;Via Iluminada;Bom;Seca;T;Gesto;Comercial;0;0;1;1;1;0;0;0;0;0;0;0;-3,728093900000000;-38,525944000000000
310481;9;8;2017;17:40;0;RUA VITAL BRASIL;;;1355;;Colis?úo Lateral;Luz do Dia;Bom;Molhada;Meio de Quadra;N?úo H?í Controle;Residencial;0;1;1;0;0;0;0;0;0;1;0;0;-3,779323300000000;-38,593350000000000
310482;9;8;2017;23:01;14682;AV OLIVEIRA PAIVA;RUA DR JOSE FURTADO;;0;;Colis?úo Transversal;Via Iluminada;Bom;Seca;T;Sem?íforo;Comercial;0;1;0;0;0;0;0;0;0;1;0;0;-3,796301000000000;-38,488220000000000
310473;9;8;2017;13:00;0;AV ROGACIANO LEITE;;;1773;;Colis?úo Lateral;Luz do Dia;Bom;Seca;Meio de Quadra;N?úo H?í Controle;Residencial;0;0;2;1;0;0;0;0;0;0;0;0;-3,770150200000000;-38,497856000000000
310474;9;8;2017;12:00;7810;RUA JOAQUIM NABUCO;RUA LIVIO BARRETO;;3033;;Colis?úo Lateral;Luz do Dia;Bom;Seca;Cruz;Pare;Residencial;0;0;2;1;0;0;0;0;0;0;0;0;-3,751245500000000;-38,506397000000000
310475;9;8;2017;12:30;5363;RUA PINTO MADEIRA;RUA RODRIGUES JUNIOR;;0;;Colis?úo Transversal;Luz do Dia;Bom;Seca;Cruz;Pare;Comercial;0;1;2;1;0;0;0;0;0;1;0;0;-3,731423400000000;-38,520800000000000
310486;9;8;2017;08:44;0;RUA PDE IBIAPINA;;;1684;;Colis?úo Traseira;Luz do Dia;Bom;Seca;Meio de Quadra;N?úo H?í Controle;Comercial;0;2;0;0;0;0;0;0;0;1;0;0;-3,729952300000000;-38,540062000000000
324633;9;8;2017;11:16;0;AV PERIMETRAL;;;2560;;Colis?úo;Luz do Dia;;;Meio de Quadra;;;0;1;0;1;0;0;0;0;0;1;0;0;;
324636;9;8;2017;12:00;0;RD CE-040;;;2377;CHICA SINH?ü;Colis?úo;Luz do Dia;;Seca;Meio de Quadra;;;0;0;2;1;0;0;0;0;0;0;0;0;-3,846781300000000;-38,477647900000000
324637;9;8;2017;12:40;12954;RUA BERNARDO MANUEL;AV PRS COSTA E SILVA;;0;;Colis?úo;Luz do Dia;;;Cruz;Sem?íforo;Comercial;0;1;0;1;0;0;0;0;0;1;0;0;-3,821079000000000;-38,558276000000000
324639;9;8;2017;18:30;0;RD CE-040;;;800;;Colis?úo;Anoitecer;;Seca;Meio de Quadra;;;0;0;2;1;0;0;0;0;0;0;0;0;-3,759991600000000;-38,483369000000000
324640;9;8;2017;11:48;0;AV FRANCISCO SA;;;1903;;Atropelamento;Luz do Dia;;;Meio de Quadra;;;0;1;0;0;1;0;0;0;0;0;0;0;-3,722146000000000;-38,542891000000000
324658;9;8;2017;13:56;9188;RUA NAPOLEAO LAUREANO;RUA PDE BARBOSA DE JESUS;;0;;Colis?úo;Luz do Dia;;;Cruz;Pare;Residencial;0;1;0;0;0;0;0;0;0;1;0;0;-3,748917000000000;-38,528540000000000
324664;9;8;2017;14:34;1288;RUA TIBURCIO CAVALCANTE;RUA MARIA TOMASIA;;0;;Colis?úo;Luz do Dia;;;Cruz;Pare;Comercial;0;1;0;1;0;0;0;0;0;1;0;0;-3,733956000000000;-38,501926000000000
324665;9;8;2017;16:03;0;AV FRANCISCO SA;;;3667;;Colis?úo;Luz do Dia;;;Meio de Quadra;;;0;2;0;0;0;0;0;0;0;1;0;0;-3,717132000000000;-38,558159000000000
324650;9;8;2017;12:40;12794;AV PRO GOMES DE MATOS;RUA JORGE DUMAR;;0;;Colis?úo;Luz do Dia;;;Y;D?¬ Prefer?¬ncia;Escola;0;1;0;0;0;0;0;0;0;0;0;0;-3,754269000000000;-38,539734000000000
324655;9;8;2017;13:46;21604;RUA DOM XISTO ALBANO;RUA DARCY VARGAS;;0;;Colis?úo;Luz do Dia;;;Cruz;Pare;Residencial;0;1;0;1;0;0;0;0;0;1;0;0;-3,798206000000000;-38,586618000000000
324621;9;8;2017;10:00;17311;RUA ROMEU MARTINS;RUA JOAO FIRMINO;;0;;Colis?úo Transversal;Luz do Dia;;;Cruz;Pare;Residencial;0;1;0;1;0;0;0;0;0;1;0;0;-3,764274000000000;-38,555582000000000
324628;9;8;2017;10:25;19791;RUA COS VIEIRA DA SILVA;RUA FRANCISCA RANGEL;;0;;Colis?úo;Luz do Dia;;;;;;0;1;0;1;0;0;0;0;0;1;0;0;-3,738835000000000;-38,554354000000000
324613;9;8;2017;09:34;0;RUA HUMAITA D29;;;850;;Colis?úo;Luz do Dia;;;Meio de Quadra;;;0;1;0;0;0;0;0;0;0;1;0;0;-3,760269100000000;-38,600546900000000
324595;9;8;2017;08:12;0;RUA ALUYSIO SORIANO ADERALDO;;;100;;;Luz do Dia;;;Meio de Quadra;;;0;1;0;1;0;0;0;0;0;1;0;0;-3,744971000000000;-38,482382000000000
324580;9;8;2017;07:29;7629;RUA STA CATARINA (BELA VISTA / PAN AMERICANO);RUA ALAGOAS;;0;;Colis?úo Transversal;Luz do Dia;;;Cruz;Pare;Residencial;0;1;0;1;0;0;0;0;0;1;0;0;-3,760356000000000;-38,569550000000000
324576;9;8;2017;06:47;0;RUA JACINTO MATOS;;;944;;Colis?úo;Luz do Dia;;;Meio de Quadra;;;0;1;0;0;0;0;0;0;0;0;0;0;;
324592;9;8;2017;07:31;25544;RUA JUVENTUDE;AV 1 LOT ARVOREDO;;0;;Queda;Luz do Dia;;;;;;0;1;0;0;0;0;0;0;0;1;0;0;-3,828668000000000;-38,571858000000000
324573;9;8;2017;06:38;0;AV ODILON GUIMARAES;;;3525;;Atropelamento;Luz do Dia;;;Meio de Quadra;;;0;1;0;1;0;0;0;0;0;0;0;0;-3,815893000000000;-38,469806000000000
306678;9;8;2017;15:15;15121;RUA JOAO CORDEIRO;RUA DR ATUALPA BARBOSA LIMA (P. IRACEMA);;0;;Colis?úo Transversal;Luz do Dia;;;Cruz;Pare;Residencial;0;2;0;0;0;0;0;0;0;1;0;0;-3,723378000000000;-38,512434000000000
306676;9;8;2017;11:30;26228;RUA ANTENOR ROCHA ALEXANDRE;RUA NUBIA BARROCAS;;0;;Colis?úo Lateral;Luz do Dia;;;Cruz;Pare;Residencial;0;1;1;1;0;0;0;0;0;1;0;0;;
306681;9;8;2017;07:40;22862;RUA ANTONIO SIMOES;RUA EFREN GONDIM;;0;;Colis?úo Lateral;Luz do Dia;;;Cruz;N?úo H?í Controle;Residencial;0;1;1;1;0;0;0;0;0;1;0;0;-3,779633000000000;-38,549883000000000
306682;9;8;2017;08:00;0;AV LINEU MACHADO;;;435;;Colis?úo Traseira;Luz do Dia;;;Meio de Quadra;;;0;0;2;1;0;0;0;0;0;0;0;0;-3,763828326000000;-38,575794109000000
306674;9;8;2017;09:20;10730;AV SEN FERNANDES TAVORA;RUA VITORIA (AV. PERIMETRAL);;0;;Colis?úo Lateral;Luz do Dia;;;Cruz;Sem?íforo Intermitente;Comercial;0;0;2;1;0;0;0;0;0;1;0;0;-3,760193000000000;-38,585903000000000
306644;9;8;2017;18:45;13544;RUA DR JOSE LOURENCO;RUA JULIO SIQUEIRA;;0;;Colis?úo Transversal;;;;Cruz;Pare;Residencial;0;1;1;0;0;0;0;0;0;1;0;0;-3,748473000000000;-38,512200000000000
306636;9;8;2017;06:30;15975;AV GODOFREDO MACIEL;RUA CEL MANUEL ALBANO;;0;;Colis?úo Transversal;Luz do Dia;;;Cruz;Pare;Comercial;0;1;1;1;0;0;0;0;0;1;0;0;-3,805644000000000;-38,572780000000000
306657;9;8;2017;12:10;0;RUA ENG LUIS MONTENEGRO;;;300;;Colis?úo Lateral;Luz do Dia;;;Meio de Quadra;;;0;1;1;0;0;0;0;0;0;1;0;0;-3,814902097000000;-38,616011319000000
306650;9;8;2017;18:15;0;RUA PEDRO I;;;1106;;Atropelamento;Anoitecer;;;Meio de Quadra;;;0;2;0;0;0;0;0;0;0;1;0;0;-3,729497000000000;-38,534005000000000
306653;9;8;2017;07:30;0;AV PDE ANTONIO TOMAS;;;100;;Colis?úo Lateral;Luz do Dia;;;Meio de Quadra;;;0;1;1;1;0;0;0;0;0;1;0;0;-3,739274700000000;-38,502591100000000
324992;9;8;2017;20:12;0;AV RECREIO D64;;;1335;;Colis?úo;;;;Meio de Quadra;;;0;1;0;1;0;1;0;0;0;0;0;0;-3,817681000000000;-38,450523000000000
324995;9;8;2017;21:54;0;RUA FRANCISCO LEANDRO;;;272;;Colis?úo;;;;Meio de Quadra;;;0;1;0;1;0;0;0;0;0;1;0;0;-3,822536000000000;-38,481506000000000
324999;9;8;2017;23:02;15205;AV ABOLICAO;RUA OSVALDO CRUZ (ALDEOTA);;0;;Colis?úo;;;;Cruz;Sem?íforo;Comercial;0;1;0;1;0;0;0;0;0;1;0;0;-3,726690000000000;-38,497445000000000
324990;9;8;2017;20:05;0;RUA ALFREDO MAMEDE;;;150;;Colis?úo;;;;Meio de Quadra;;;0;1;0;1;0;0;0;0;0;1;0;0;-3,807202000000000;-38,580022600000000
324982;9;8;2017;19:21;0;AV JOVITA FEITOSA;;;0;;Colis?úo;;;;Meio de Quadra;;;0;1;0;1;0;0;0;0;0;0;0;0;;
324976;9;8;2017;19:10;0;AV GAL OSORIO DE PAIVA;;;1665;PADARIA PERY;Colis?úo;;;;Meio de Quadra;;;0;1;0;1;0;0;0;0;0;1;0;0;-3,782269000000000;-38,576941000000000
324972;9;8;2017;18:30;0;AV PASTEUR;;;1440;MERCANTIL OP?ç?âO;Colis?úo;Anoitecer;;;Meio de Quadra;;;0;2;0;1;0;0;0;0;0;1;0;0;-3,718422000000000;-38,561271000000000
324967;9;8;2017;18:22;0;RUA DES LEITE ALBUQUERQUE;;;1822;;Queda;Anoitecer;;;Meio de Quadra;;;0;1;0;0;0;0;0;0;0;1;0;0;-3,740644100000000;-38,488106100000000
324954;9;8;2017;16:46;0;AV E CJ CEARA;;;197;;Colis?úo;Luz do Dia;;;Meio de Quadra;;;0;2;0;0;0;0;0;0;0;1;0;0;-3,759434000000000;-38,605642000000000
324948;9;8;2017;16:38;0;RUA MON HIPOLITO BRASIL;;;244;;Colis?úo;Luz do Dia;;;Meio de Quadra;;;0;1;0;0;0;0;1;0;0;1;0;0;-3,760321000000000;-38,576183000000000
324678;9;8;2017;16:18;0;AV GAL OSORIO DE PAIVA;;;0;;Colis?úo;Luz do Dia;;;Meio de Quadra;;;0;1;0;0;0;0;0;0;0;1;0;0;;
325359;10;8;2017;13:46;0;AV JOSE BASTOS;;;4000;;Colis?úo;Luz do Dia;;;Meio de Quadra;;;0;1;0;0;0;0;0;0;0;1;0;0;-3,752996000000000;-38,553458000000000
325322;10;8;2017;10:03;0;RUA SABIA;;;430;;Colis?úo;Luz do Dia;;;Meio de Quadra;;;0;1;0;0;0;0;0;0;1;0;0;0;-3,778087000000000;-38,579484000000000
325323;10;8;2017;12:26;0;RUA ANGELICA GURGEL;;;50;;Colis?úo;Luz do Dia;;;Meio de Quadra;;;0;1;0;0;0;0;0;0;0;1;0;0;-3,832860000000000;-38,499047000000000
325326;10;8;2017;13:12;5039;RUA PESSOA ANTA;AV ALBERTO NEPOMUCENO;;0;;Colis?úo Transversal;Luz do Dia;;;Cruz;Sem?íforo;Comercial;0;1;0;1;0;0;0;0;0;1;0;0;-3,721257000000000;-38,523212000000000
325313;10;8;2017;09:11;0;AV DES GONZAGA;;;178;;Colis?úo;Luz do Dia;;;Meio de Quadra;;;0;0;1;0;0;0;0;0;0;1;0;0;-3,788660000000000;-38,503810000000000
325310;10;8;2017;08:16;11736;RUA JULIO BRAGA;RUA ELISEU VIANA;;0;;Colis?úo Transversal;Luz do Dia;;;;;;0;1;0;1;0;0;0;0;0;1;0;0;-3,773944000000000;-38,587072000000000
325305;10;8;2017;08:07;0;RUA JOAO BATISTA RIOS;;;240;;Queda;Luz do Dia;;;Meio de Quadra;;;0;0;1;0;0;1;0;0;0;0;0;0;-3,801172000000000;-38,536698000000000
325299;10;8;2017;07:21;19146;RUA BATISTA DE OLIVEIRA;RUA PAULO MORAIS;;0;;Colis?úo;Luz do Dia;;;;;;0;1;0;0;0;0;0;0;0;1;0;0;-3,739743000000000;-38,477985000000000
325218;10;8;2017;06:05;26075;AV SGT HERMINIO SAMPAIO;AV JOSE JATAHY;;0;;Colis?úo Transversal;Luz do Dia;;;Cruz;Sem?íforo;Comercial;0;2;0;1;0;0;0;0;0;1;0;0;-3,724679297000000;-38,546275142000000
325230;10;8;2017;06:45;0;RUA ELESBAO VELOSO;;;1204;;Queda;Luz do Dia;;;Meio de Quadra;;;0;1;0;0;0;1;0;0;0;0;0;0;-3,751153300000000;-38,592312600000000
325228;10;8;2017;06:38;26025;RUA CON DE CASTRO;RUA JOAO AMORA;;0;;Colis?úo;Luz do Dia;;;T;Sem?íforo;Comercial;0;1;0;1;0;0;0;0;0;1;0;0;-3,799546000000000;-38,586909000000000
310509;10;8;2017;19:53;0;RUA DNA LIBANIA R. MELO NUNES;AV WENEFRIDO MELO;;0;;Colis?úo Transversal;Via Iluminada;Bom;Seca;T;Pare;Residencial;0;0;2;1;0;0;0;0;0;0;0;0;-3,810807500000000;-38,575954000000000
310510;10;8;2017;15:23;0;AV ENG AGRONOMO JOSE GUIMARAES DUQUE;AV DEP JOAQUIM F CORREIA;;0;;Colis?úo Transversal;Luz do Dia;Bom;Seca;Cruz;Pare;Residencial;0;0;1;1;0;0;0;0;0;0;0;0;-3,802960400000000;-38,494316000000000
310766;10;8;2017;03:08;7766;AV ANTONIO SALES;RUA TIBURCIO CAVALCANTE;;0;;Colis?úo Lateral;Via Iluminada;Bom;Seca;Cruz;N?úo H?í Controle;Residencial;0;0;2;1;0;0;0;0;0;0;0;0;-3,744557900000000;-38,505306000000000
325363;10;8;2017;15:50;7897;RUA MON CATAO;RUA HENRIQUETA GALENO;;0;;Colis?úo Transversal;Luz do Dia;;;;N?úo H?í Controle;Residencial;0;1;0;1;0;0;0;0;0;1;0;0;-3,747287000000000;-38,493338000000000
325371;10;8;2017;16:21;9019;RUA BAR ARATANHA;RUA SALDANHA MARINHO;;0;;Colis?úo Transversal;Luz do Dia;;;Cruz;Sem?íforo;Comercial;0;1;0;1;0;0;0;0;0;1;0;0;-3,742820000000000;-38,529697000000000
325375;10;8;2017;17:55;0;AV JOSE BASTOS;;;2830;;Colis?úo;Anoitecer;;;Meio de Quadra;;;0;1;0;1;0;0;0;0;0;1;0;0;-3,745517000000000;-38,545937000000000
325373;10;8;2017;17:39;25719;RUA HOLANDA;RUA BELGICA;;0;;Colis?úo;Anoitecer;;;Outros;Pare;Residencial;0;1;0;1;0;0;0;0;0;1;0;0;-3,791938000000000;-38,566597000000000
325361;10;8;2017;15:19;0;AV JOAO PESSOA;;;5767;;Choque c/ Obst?ículo Fixo;Luz do Dia;;;Meio de Quadra;;;0;1;0;0;0;0;0;0;0;1;0;0;-3,760969000000000;-38,557038000000000
325369;10;8;2017;16:09;0;RUA FIRMINO ROCHA AGUIAR;;;800;;;Luz do Dia;;;Meio de Quadra;;;0;1;0;0;0;0;0;0;0;1;0;0;-3,763348000000000;-38,484668000000000
325383;10;8;2017;19:57;0;RUA CON DE CASTRO;;;5226;;Colis?úo;;;;Meio de Quadra;;;0;1;0;0;0;0;0;0;0;1;0;0;-3,809006000000000;-38,595477000000000
325380;10;8;2017;18:32;3998;RUA SAMUEL UCHOA;RUA ALBERTO MAGNO;;0;;Colis?úo Transversal;;;;Cruz;N?úo H?í Controle;Comercial;0;1;0;1;0;0;0;0;0;1;0;0;-3,756713000000000;-38,542824000000000
325381;10;8;2017;18:52;0;RUA STA LUCRECIA;;;1501;;Colis?úo;;;;Meio de Quadra;;;0;1;0;0;0;0;0;0;0;1;0;0;;
325377;10;8;2017;18:06;0;RUA GOMES PASSOS;;;584;;Colis?úo;Anoitecer;;;Meio de Quadra;;;0;3;0;1;0;0;0;0;0;1;0;0;-3,711110000000000;-38,561479000000000
325386;10;8;2017;20:14;0;AV BEIRA MAR;;;2982;CLUBE NAUTICO;Atropelamento;;;;Meio de Quadra;;;0;1;0;0;0;1;0;0;0;0;0;0;-3,726083000000000;-38,495018000000000
325387;10;8;2017;20:56;0;RUA NELSON COELHO;;;364;;Queda;;;;Meio de Quadra;;;0;1;0;0;0;0;0;0;0;1;0;0;-3,828856000000000;-38,463463000000000
325420;10;8;2017;07:35;0;AV DA UNIVERSIDADE;;;2683;;;Luz do Dia;;;Meio de Quadra;;;0;1;0;1;0;0;0;0;0;1;0;0;-3,739954000000000;-38,538198000000000
306664;10;8;2017;17:12;7771;RUA SILVA PAULET;RUA TOMAS ACIOLI;;0;;Colis?úo Lateral;Anoitecer;Bom;Seca;Cruz;Pare;Residencial;0;0;4;1;0;0;0;0;0;0;0;0;-3,745151000000000;-38,508890000000000
306685;10;8;2017;10:15;5295;AV IMPERADOR;RUA PEDRO I;;0;;Colis?úo Traseira;Luz do Dia;Bom;Seca;Cruz;Sem?íforo;Comercial;0;0;2;1;0;0;1;0;0;0;0;0;-3,729161000000000;-38,535035000000000
306673;10;8;2017;06:30;23658;AV SGT HERMINIO SAMPAIO;RUA POMPEU CAVALCANTE;;0;;Colis?úo Lateral;Luz do Dia;Bom;Seca;Cruz;Sem?íforo;Comercial;0;1;2;1;0;0;0;0;0;1;0;0;-3,726772000000000;-38,562833000000000
306691;10;8;2017;17:00;0;AV PRS COSTA E SILVA;;;0;;Colis?úo Traseira;Anoitecer;Bom;Seca;Meio de Quadra;Outros;Rural;0;0;2;0;0;0;0;0;0;0;0;0;;
324641;10;8;2017;07:30;0;AV SEN CARLOS JEREISSATI (AEROPORTO);;;0;;Colis?úo;Luz do Dia;;Seca;Meio de Quadra;;;0;0;2;1;0;0;1;0;0;0;0;0;;
306721;10;8;2017;18:35;0;RUA GAL AFONSO A LIMA;;;0;;Colis?úo Traseira;Anoitecer;Bom;Seca;Meio de Quadra;Pare;Comercial;0;0;2;1;1;0;0;0;0;0;0;0;;
306731;10;8;2017;12:50;20226;AV PAROARAS;AV SAUDADE D68;;0;;Colis?úo Transversal;Luz do Dia;Bom;Seca;Y;Pare;Residencial;0;0;2;1;1;0;0;0;0;0;0;0;-3,814399000000000;-38,534257000000000
306749;10;8;2017;16:30;0;AV DEP PAULINO ROCHA;;;0;ROTAT?ôRIA;Colis?úo Traseira;Luz do Dia;Bom;Seca;Meio de Quadra;D?¬ Prefer?¬ncia;Outros;0;0;2;1;0;0;0;0;0;0;0;0;-3,807735445000000;-38,524617895000000
306758;10;8;2017;10:05;6756;AV ANTONIO SALES;AV ENG SANTANA JUNIOR;;0;;Colis?úo Traseira;Luz do Dia;Bom;Seca;Outros;Outros;Residencial;0;0;2;1;1;0;0;0;0;0;0;0;-3,749257000000000;-38,490039000000000