COD_ACIDENTE;DIA;MES;ANO;HORA;INTERSECAO;LOG1;LOG2;LOG3;NUMERO;REFERENCIA;NATUREZA;ILUMINACAO;TEMPO;SUPERFICIEPISTA;TIPOCRUZAMENTO;CONTROLETRAFEGO;USOSOLO;MORTOS;FERIDOS;ILESOS;AUTOMOVEL;ONIBUS;BICICLETA;CAMINHAO;MICROONIBUS;CICLOMOTOR;MOTOCICLETA;TRACAOANIMAL;TREM;LATITUDE;LONGITUDE
306778;10;8;2017;19:20;0;AV SANTOS DUMONT;;;6000;;Colis?úo Traseira;Via Iluminada;Bom;Seca;Meio de Quadra;N?úo H?í Controle;Comercial;0;0;2;1;0;0;0;0;0;0;0;0;-3,742604000000000;-38,478610000000000
310487;10;8;2017;07:19;0;RUA TAQUARI;;;2375;;Colis?úo Lateral;Luz do Dia;Bom;Seca;;;;0;2;1;1;0;0;0;0;0;1;0;0;-3,776089700000000;-38,601910000000000
310488;10;8;2017;09:25;0;AV PRS COSTA E SILVA;;;5750;;Colis?úo Traseira;Luz do Dia;Nublado;Seca;Meio de Quadra;Gesto;Comercial;0;1;1;1;0;0;0;0;0;1;0;0;-3,829237200000000;-38,529076000000000
310489;10;8;2017;09:42;5146;RUA PRC ISABEL;RUA GUILHERME ROCHA;;0;;Colis?úo Transversal;Luz do Dia;Bom;Seca;Cruz;Pare;Comercial;0;0;2;1;1;0;0;0;0;0;0;0;-3,724667000000000;-38,535000000000000
310490;10;8;2017;09:56;26268;RUA COS TRISTAO;RUA PDE BARBOSA DE JESUS;;0;;Colis?úo Lateral;Luz do Dia;Bom;Seca;Cruz;Pare;Comercial;0;0;2;1;0;0;0;0;0;0;0;0;-3,748592600000000;-38,529922000000000
310491;10;8;2017;09:09;1360;RUA JOAQUIM NABUCO;RUA DES LEITE ALBUQUERQUE;;0;;Colis?úo Transversal;Luz do Dia;Bom;Seca;Cruz;Pare;Comercial;0;1;1;1;0;0;0;0;0;1;0;0;-3,736133300000000;-38,501420000000000
310492;10;8;2017;10:29;0;AV ANTONIO SALES;;;2830;;Colis?úo Lateral;Luz do Dia;Bom;Seca;Meio de Quadra;N?úo H?í Controle;Comercial;0;0;0;1;0;0;0;0;0;0;0;0;-3,746621800000000;-38,498700000000000
310493;10;8;2017;09:45;5174;AV TRISTAO GONCALVES;RUA GUILHERME ROCHA;;0;;Colis?úo Transversal;Luz do Dia;Bom;Seca;Cruz;Sem?íforo;Comercial;0;0;2;0;0;0;0;0;0;1;0;0;-3,725453000000000;-38,532800000000000
310494;10;8;2017;11:05;1381;RUA ILDEFONSO ALBANO;AV HERACLITO GRACA;;0;;Colis?úo Traseira;Luz do Dia;Bom;Seca;Cruz;Sem?íforo;Comercial;0;0;2;1;0;0;0;0;0;0;0;0;-3,736661700000000;-38,514313000000000
310495;10;8;2017;11:40;9045;RUA CEL SOLON;RUA COS TRISTAO;;0;;Colis?úo Transversal;Luz do Dia;Bom;Seca;Cruz;Pare;Comercial;0;1;1;1;0;0;0;0;0;0;0;0;-3,743053200000000;-38,528065000000000
310496;10;8;2017;13:17;12844;RUA JAIME BENEVOLO;AV FELINO BARROSO;;0;;Colis?úo Lateral;Luz do Dia;Bom;Seca;Outros;Pare;Residencial;0;0;2;1;0;0;0;0;0;0;0;0;-3,742044700000000;-38,528680000000000
310497;10;8;2017;13:17;0;AV ROGACIANO LEITE;RUA MON CARNEIRO DA CUNHA;;2113;;Colis?úo Transversal;Luz do Dia;Bom;Seca;Meio de Quadra;Sem?íforo;Residencial;0;0;1;1;0;0;0;0;0;0;0;0;-3,773452400000000;-38,498895800000000
310498;10;8;2017;14:01;0;AV ENG ALBERTO SA;;;1149;;Colis?úo Traseira;Luz do Dia;Bom;Seca;N?úo Informado;N?úo H?í Controle;Comercial;0;0;2;1;0;0;0;0;0;0;0;0;-3,735413600000000;-38,472134000000000
310499;10;8;2017;14:59;0;AV OLIVEIRA PAIVA;;;0;;Colis?úo Traseira;Luz do Dia;Bom;Seca;Meio de Quadra;N?úo H?í Controle;Lazer;0;0;1;1;1;0;0;0;0;0;0;0;-3,797510100000000;-38,500435000000000
310500;10;8;2017;15:38;0;AV GAL OSORIO DE PAIVA;;;5854;;Colis?úo Traseira;Luz do Dia;Bom;Seca;Meio de Quadra;D?¬ Prefer?¬ncia;Comercial;0;0;2;1;0;0;0;0;0;0;0;0;-3,807703500000000;-38,604546000000000
310501;10;8;2017;16:16;8790;RUA ELISEU ORIA;RUA MARCELINO LOPES;;0;;Colis?úo Transversal;Luz do Dia;Bom;Seca;Outros;Pare;Residencial;0;0;2;0;0;0;0;0;0;1;0;0;-3,792907700000000;-38,477710000000000
310502;10;8;2017;16:45;1735;RUA CAP CLOVIS MAIA;RUA MAJ GERARDO MENDES;;0;;Colis?úo Transversal;Luz do Dia;Bom;Seca;Cruz;Pare;Residencial;0;0;2;1;0;0;0;0;0;0;0;0;-3,768316700000000;-38,512810000000000
310503;10;8;2017;16:35;3814;RUA PAULINO NOGUEIRA;RUA WALDERY UCHOA;;0;;Atropelamento;Luz do Dia;Bom;Seca;Cruz;Pare;Residencial;0;1;1;1;0;0;0;0;0;0;0;0;-3,743579100000000;-38,538470000000000
310504;10;8;2017;17:46;0;AV AGUANAMBI;;;710;;Colis?úo Lateral;Luz do Dia;Bom;Seca;Cruz;Sem?íforo;Residencial;0;0;2;0;1;0;0;0;0;0;0;0;-3,743594400000000;-38,525917000000000
310505;10;8;2017;18:10;0;AV EDUARDO GIRAO;;;0;;Colis?úo Traseira;Via Iluminada;Bom;Seca;Meio de Quadra;N?úo H?í Controle;Comercial;0;0;2;1;0;0;0;0;0;0;0;0;-3,756109700000000;-38,527412000000000
310506;10;8;2017;18:25;0;AV AGUANAMBI;;;0;ROTAT?ôRIA;Colis?úo Lateral;Via Iluminada;Bom;Material Derrapante;Rotat??ria;Sem?íforo;Comercial;0;0;2;1;0;0;0;0;0;0;0;0;-3,755254000000000;-38,523766000000000
310507;10;8;2017;18:45;0;AV RUI BARBOSA;;;2730;;Colis?úo Traseira;Via Iluminada;Bom;Seca;Meio de Quadra;N?úo H?í Controle;Comercial;0;0;0;1;0;0;0;0;0;1;0;0;-3,743135200000000;-38,511760000000000
310508;10;8;2017;17:55;5067;RUA SEN ALENCAR;RUA PDE MORORO;;0;;Colis?úo Lateral;Anoitecer;Bom;Seca;Cruz;Pare;Comercial;0;2;1;0;1;0;0;0;0;0;0;0;-3,722229000000000;-38,536266000000000
310483;10;8;2017;06:00;5504;RUA PDE VALDEVINO;RUA JOAO CORDEIRO;;0;;Colis?úo Transversal;Luz do Dia;Bom;Seca;Cruz;Sem?íforo;Comercial;0;1;1;1;0;0;0;0;0;1;0;0;-3,738902300000000;-38,517525000000000
310484;10;8;2017;08:40;0;RUA BAR SOBRAL;;;1180;;Colis?úo Transversal;Luz do Dia;Bom;Seca;Meio de Quadra;N?úo H?í Controle;Residencial;0;0;2;1;0;0;0;0;0;0;0;0;-3,764231200000000;-38,559326000000000
310485;10;8;2017;07:40;4650;RUA PEDRO LAZAR;RUA DES JOSE GIL DE CARVALHO;;0;;Colis?úo Transversal;Luz do Dia;Bom;Seca;Cruz;Pare;Residencial;0;1;2;1;0;0;0;0;0;1;0;0;-3,802908000000000;-38,488530000000000
324644;11;8;2017;07:55;0;RD CE-040;;;0;KM-09;Colis?úo;Luz do Dia;;Seca;Meio de Quadra;;;0;0;2;0;0;0;0;0;0;1;0;0;-3,834450897000000;-38,482465820000000
324645;11;8;2017;18:00;0;RD CE-040;;;0;KM-03;Colis?úo;Anoitecer;;Seca;Meio de Quadra;;;0;0;2;0;0;0;0;1;0;0;0;0;-3,782614325000000;-38,481083900000000
324646;11;8;2017;19:45;0;AV WASHINGTON SOARES;;;1880;;Colis?úo;Anoitecer;;Seca;Meio de Quadra;;;0;1;1;0;1;1;0;0;0;0;0;0;;
306654;11;8;2017;15:00;2884;RUA MARIA JULIA;RUA MARTINS CARVALHO;;0;;Colis?úo Transversal;Luz do Dia;Bom;Seca;Cruz;Pare;Comercial;0;0;2;1;0;0;0;0;0;1;0;0;-3,796333000000000;-38,600949000000000
306655;11;8;2017;17:20;3419;AV JOAO PESSOA;RUA MIGUEL GONCALVES;;0;;Engavetamento;Anoitecer;Bom;Seca;Cruz;Pare;Residencial;0;0;3;1;0;0;0;0;0;0;0;0;-3,758710000000000;-38,555080000000000
306651;11;8;2017;14:09;12818;RUA ANDRE CHAVES;RUA ALBERTO MAGNO;;0;;Atropelamento;Luz do Dia;Bom;Seca;Cruz;Pare;Comercial;0;1;1;0;0;0;0;0;0;1;0;0;-3,756035000000000;-38,542230000000000
306652;11;8;2017;13:16;0;AV PRUDENTE BRASIL;;;770;;Colis?úo Lateral;Luz do Dia;Bom;Seca;Meio de Quadra;N?úo H?í Controle;Comercial;0;1;1;1;0;0;0;0;0;1;0;0;-3,809503000000000;-38,534366000000000
306660;11;8;2017;21:00;0;AV ENG HUMBERTO MONTE;;;1487;;Colis?úo Traseira;Via Iluminada;Bom;Seca;Meio de Quadra;N?úo H?í Controle;Comercial;0;0;2;1;0;0;0;0;0;0;0;0;-3,747013000000000;-38,562225000000000
306645;11;8;2017;16:10;9199;RUA BAR ARATANHA;RUA DEP JOAO PONTES;;0;;Colis?úo Lateral;Luz do Dia;Bom;Seca;Cruz;Pare;Residencial;0;0;2;1;0;0;1;0;0;0;0;0;-3,745923000000000;-38,530746000000000
306649;11;8;2017;10:41;8025;RUA PRO COSTA MENDES;AV JOAO PESSOA;;0;;Colis?úo Lateral;Luz do Dia;Bom;Seca;Cruz;Sem?íforo;Comercial;0;2;1;1;0;0;0;0;0;1;0;0;-3,752393000000000;-38,549441000000000
325400;11;8;2017;07:29;24952;RUA ALVARO CORREIA;AV ALM HENRIQUE SABOIA;;0;;Queda;Luz do Dia;;;T;Pare;Residencial;0;1;1;0;0;0;0;0;0;1;0;0;-3,729930000000000;-38,481304000000000
325482;11;8;2017;14:23;0;AV H CJ CEARA;;;180;;Atropelamento de Animal;Luz do Dia;;;Meio de Quadra;;;0;1;0;0;0;0;0;0;0;1;0;0;;
325483;11;8;2017;14:31;7922;RUA ISAC AMARAL;RUA VIS MAUA;;0;;Colis?úo;Luz do Dia;;;Duplo T;Pare;Residencial;0;1;0;0;0;0;0;0;0;1;0;0;;
325479;11;8;2017;14:08;0;AV LUCIANO CARNEIRO;;;1770;;Colis?úo;Luz do Dia;;;Meio de Quadra;;;0;1;0;1;0;0;0;0;0;1;0;0;-3,763532000000000;-38,536243000000000
325472;11;8;2017;10:51;0;AV BEZERRA DE MENEZES;;;1588;;Colis?úo;Luz do Dia;;;Meio de Quadra;Sem?íforo;Comercial;0;2;0;1;0;0;0;0;0;1;0;0;-3,734476000000000;-38,558787000000000
325499;11;8;2017;14:52;0;AV PERIMETRAL;;;0;;Colis?úo;Luz do Dia;;;Meio de Quadra;;;0;1;0;1;0;0;0;0;0;1;0;0;;
325495;11;8;2017;14:39;9168;AV BORGES DE MELO;AV LUCIANO CARNEIRO;;0;;Colis?úo;Luz do Dia;;;Cruz;Sem?íforo;Residencial;0;1;0;1;0;0;0;0;0;1;0;0;-3,756465000000000;-38,534097000000000
325469;11;8;2017;10:33;19656;AV BEZERRA DE MENEZES;RUA PRO JOSE DE BARCELOS;;0;;Colis?úo Transversal;Luz do Dia;;;Cruz;N?úo H?í Controle;Comercial;0;2;0;1;0;0;0;0;0;1;0;0;-3,732898000000000;-38,551066000000000
325474;11;8;2017;11:25;0;AV DA UNIVERSIDADE;;;2210;;Atropelamento;Luz do Dia;;;Meio de Quadra;;;0;1;0;0;0;1;0;0;0;0;0;0;-3,737016000000000;-38,535527000000000
325475;11;8;2017;11:50;0;AV PRS COSTA E SILVA;;;978;;Colis?úo;Luz do Dia;;;Meio de Quadra;;;0;1;0;1;0;0;0;0;0;1;0;0;-3,813161000000000;-38,570633000000000
325476;11;8;2017;12:51;0;RUA VASCO DE ATAIDE;;;869;;Colis?úo;Luz do Dia;;;Meio de Quadra;;;0;1;0;1;0;0;0;0;0;1;0;0;-3,824171000000000;-38,485803000000000
325463;11;8;2017;09:48;0;RUA 442 CJ CEARA;;;71;;Atropelamento;Luz do Dia;;;Meio de Quadra;;;0;1;0;0;0;0;0;0;0;1;0;0;-3,763250000000000;-38,604400000000000
325457;11;8;2017;08:55;0;AV A CJ CEARA;;;840;;Atropelamento;Luz do Dia;;;Meio de Quadra;;;0;1;0;0;0;0;0;0;0;1;0;0;;
325458;11;8;2017;09:20;0;AV CEL CARVALHO;;;368;;Atropelamento;Luz do Dia;;;Meio de Quadra;;;0;1;0;0;1;0;0;0;0;0;0;0;-3,706128000000000;-38,590859000000000
325459;11;8;2017;09:20;0;AV ALBERTO CRAVEIRO;;;822;;Colis?úo;Luz do Dia;;;Meio de Quadra;;;0;1;0;1;0;0;0;0;0;1;0;0;-3,785395000000000;-38,517093000000000
325460;11;8;2017;09:32;0;RUA JOSE MENDONCA;;;130;;Colis?úo;Luz do Dia;;;Meio de Quadra;;;0;2;0;0;0;0;0;0;0;1;0;0;-3,760741000000000;-38,602864000000000
325422;11;8;2017;08:28;0;AV MAJ ASSIS;;;2083;;Colis?úo;Luz do Dia;;;Meio de Quadra;;;0;1;0;1;0;0;0;0;0;1;0;0;-3,721190000000000;-38,598399000000000
325638;11;8;2017;16:12;5090;RUA GUILHERME ROCHA;RUA OTO DE ALENCAR;;0;;Colis?úo Transversal;Luz do Dia;;;Cruz;Sem?íforo;Comercial;0;1;1;1;0;0;0;0;0;1;0;0;-3,723058000000000;-38,540079000000000
325643;11;8;2017;16:24;0;AV EDILSON B SOARES;;;2271;;Colis?úo Transversal;Luz do Dia;;;Meio de Quadra;;;0;1;0;1;0;0;0;0;0;1;0;0;-3,788153000000000;-38,465528000000000
325640;11;8;2017;16:15;0;RUA DR VALE COSTA;;;1240;;Queda;Luz do Dia;;;Meio de Quadra;;;0;1;0;0;0;1;0;0;0;0;0;0;-3,747351700000000;-38,588640900000000
325732;11;8;2017;19:48;0;AV ANTONIO SALES;;;997;;Atropelamento;;;;Meio de Quadra;;;0;1;0;1;0;0;0;0;0;0;0;0;-3,742201000000000;-38,512876000000000
325738;11;8;2017;21:50;0;AV DR SILAS MUNGUBA;;;3395;;Colis?úo;;;;Meio de Quadra;;;0;1;0;0;0;0;0;0;0;1;0;0;-3,789314000000000;-38,543445000000000
325727;11;8;2017;19:29;0;RUA MIGUEL COUTO;;;643;;Colis?úo;;;;Meio de Quadra;;;0;1;0;1;0;0;0;0;0;0;0;0;-3,837796000000000;-38,488369000000000
325741;11;8;2017;23:48;5079;RUA AGAPITO DOS SANTOS;RUA SAO PAULO;;0;;Colis?úo Transversal;;;;Cruz;Pare;Residencial;0;1;0;1;0;0;0;0;0;1;0;0;-3,722650000000000;-38,537811000000000
325736;11;8;2017;21:07;16050;AV GODOFREDO MACIEL;RUA CARLOS PIMENTA;;0;;Queda;;;;;;;0;1;0;0;0;0;0;0;0;1;0;0;;
325715;11;8;2017;18:00;0;RUA POMPILIO GOMES;;;1160;;Atropelamento;Anoitecer;;;Meio de Quadra;;;0;1;0;0;0;0;0;0;0;1;0;0;-3,822261600000000;-38,521335700000000
325679;11;8;2017;17:19;0;RUA BENTO GONCALVES;;;152;;Colis?úo Transversal;Anoitecer;;;Meio de Quadra;;;0;1;0;1;0;0;0;0;0;1;0;0;-3,811818000000000;-38,587556000000000
326019;11;8;2017;06:20;0;RD BR 116;;;3000;KM-03;Tombamento;Luz do Dia;;Seca;Meio de Quadra;;;0;1;0;0;0;0;1;0;0;0;0;0;-3,779838000000000;-38,514372000000000
310647;11;8;2017;21:15;25047;RUA ANTONIO ARRUDA;RUA CIDADE PALHANO;;0;;Colis?úo Transversal;Via Iluminada;Bom;Seca;Cruz;Pare;Residencial;0;0;2;1;0;0;0;0;0;0;0;0;-3,717966300000000;-38,593388000000000
310511;11;8;2017;07:30;0;AV SGT HERMINIO SAMPAIO;;;1511;;Colis?úo Transversal;Luz do Dia;Bom;Seca;Meio de Quadra;Sem?íforo;Comercial;0;1;1;1;0;0;0;0;0;1;0;0;-3,725175900000000;-38,553910000000000
310512;11;8;2017;09:12;0;RUA PROF GLAUCO LOBO;;;343;;Colis?úo Traseira;Luz do Dia;Bom;Seca;Meio de Quadra;N?úo H?í Controle;Comercial;0;1;0;1;0;0;0;0;0;1;0;0;-3,804972200000000;-38,582930000000000
310513;11;8;2017;08:00;0;RUA PORTO VELHO;;;657;;Colis?úo Traseira;Luz do Dia;Bom;Seca;Meio de Quadra;N?úo H?í Controle;Residencial;0;1;1;1;0;0;0;0;0;1;0;0;-3,766175300000000;-38,586710000000000
310514;11;8;2017;08:56;0;RUA PORTO VELHO;;;550;;Colis?úo Transversal;Luz do Dia;Bom;Seca;Meio de Quadra;N?úo H?í Controle;Residencial;0;1;1;0;1;0;0;0;0;1;0;0;-3,766555500000000;-38,585865000000000
310515;11;8;2017;10:07;0;RUA VILA VELHA;;;43;;Colis?úo Traseira;Luz do Dia;Bom;Seca;Meio de Quadra;Pare;Lazer;0;0;2;0;1;0;0;0;0;0;0;0;-3,700888900000000;-38,587030000000000
310516;11;8;2017;13:35;9048;RUA CEL SOLON;RUA MON OTAVIO CASTRO;;0;;Colis?úo Transversal;Luz do Dia;Bom;Seca;Cruz;Pare;Residencial;0;1;1;1;0;0;0;0;0;0;0;0;-3,743179300000000;-38,527725000000000
310517;11;8;2017;08:45;0;AV 13 DE MAIO;;;2072;;Colis?úo Lateral;Luz do Dia;Bom;Seca;Meio de Quadra;Sem?íforo;Comercial;0;1;1;1;0;0;0;0;0;1;0;0;-3,744084000000000;-38,535470000000000
310519;11;8;2017;13:30;0;RUA ISRAEL BEZERRA;AV ENG SANTANA JUNIOR;RUA PRO FRANCISCO GONCALVES;0;;Engavetamento;Luz do Dia;Bom;Seca;Meio de Quadra;N?úo H?í Controle;Comercial;0;0;3;1;0;0;0;0;0;0;0;0;-3,751264800000000;-38,491272000000000
310520;11;8;2017;14:50;0;RUA NUBIA BARROCAS;RUA LOURIVAL C PINHO;;0;;Colis?úo Transversal;Luz do Dia;Bom;Seca;Cruz;N?úo H?í Controle;Comercial;0;0;2;1;0;0;0;0;0;0;0;0;-3,793313000000000;-38,481926000000000
310568;11;8;2017;17:20;0;AV PRS COSTA E SILVA;;;5560;;Colis?úo Lateral;Anoitecer;Bom;Seca;Meio de Quadra;Sem?íforo;Comercial;0;3;0;0;0;0;0;0;0;1;0;0;-3,828795000000000;-38,530807000000000
310522;11;8;2017;16:45;1527;RUA OSVALDO CRUZ (ALDEOTA);RUA CAROLINA SUCUPIRA;;0;;Colis?úo Transversal;Luz do Dia;Bom;Seca;Cruz;Gesto;Escola;0;1;1;1;0;0;0;0;0;1;0;0;-3,740654700000000;-38,501972000000000
310523;11;8;2017;18:23;7774;AV ANTONIO SALES;RUA JOAQUIM NABUCO;;0;;Colis?úo Lateral;Luz do Dia;Bom;Seca;Cruz;N?úo H?í Controle;Comercial;0;0;2;1;0;0;0;0;0;0;0;0;-3,744765800000000;-38,504482000000000
310524;11;8;2017;16:20;24235;RUA FAUSTO CABRAL;RUA JULIO AZEVEDO;;0;;Colis?úo Transversal;Luz do Dia;Bom;Seca;Cruz;Pare;Residencial;0;0;2;1;0;0;0;0;0;1;0;0;-3,733614000000000;-38,476480000000000
310525;11;8;2017;16:40;7674;RUA BAR SOBRAL;AV JOSE BASTOS;;0;;Colis?úo Transversal;Luz do Dia;Bom;Seca;Cruz;Pare;Residencial;0;1;1;1;0;0;0;0;0;1;0;0;-3,762977100000000;-38,561302000000000
310526;11;8;2017;19:58;0;AV PRS COSTA E SILVA;;;5556;;Colis?úo Traseira;Via Iluminada;Bom;Seca;Meio de Quadra;Sem?íforo;Comercial;0;0;2;1;0;0;0;0;0;0;0;0;-3,828728400000000;-38,531128000000000
310527;11;8;2017;17:12;0;RUA ALBERTO FEITOSA LIMA;RUA GERALDO MAGALHAES;;0;;Colis?úo Lateral;Luz do Dia;Bom;Seca;Cruz;Pare;Residencial;0;1;1;1;0;0;0;0;1;0;0;0;-3,769571800000000;-38,484283000000000
310528;11;8;2017;21:19;0;AV ALM MAXIMIANO DA FONSECA;;;1395;;Engavetamento;Via Iluminada;Bom;Seca;Meio de Quadra;N?úo H?í Controle;Escola;0;0;2;1;0;0;0;0;0;0;0;0;-3,771543300000000;-38,483044000000000
310529;11;8;2017;22:06;15152;AV MON TABOSA;AV BAR STUDART;;0;;Colis?úo Transversal;Via Iluminada;Bom;Seca;Cruz;Sem?íforo;Comercial;0;0;2;1;1;0;0;0;0;0;0;0;-3,724897900000000;-38,503563000000000
310530;12;8;2017;06:48;17501;AV ABOLICAO;RUA MANUEL JESUINO;;0;;Colis?úo Transversal;Luz do Dia;Nublado;Molhada;Cruz;Sem?íforo;Comercial;0;0;2;0;1;0;0;0;0;0;0;0;-3,725432000000000;-38,484040000000000
310531;12;8;2017;07:04;0;AV DOMINGOS OLIMPIO;;;1;;Colis?úo Traseira;Luz do Dia;Bom;Seca;Cruz;Sem?íforo;Comercial;0;0;2;1;1;0;0;0;0;0;0;0;-3,737747200000000;-38,527943000000000
310532;12;8;2017;06:51;11339;AV BENJAMIM BRASIL;AV GODOFREDO MACIEL;;0;;Colis?úo Transversal;Luz do Dia;Bom;Molhada;Cruz;Sem?íforo;Comercial;0;0;1;1;0;0;0;0;0;0;0;0;-3,803425000000000;-38,571780000000000
310533;12;8;2017;08:00;0;RUA PDE PEDRO DE ALENCAR;;;1564;;Colis?úo Traseira;Luz do Dia;Bom;Seca;Meio de Quadra;Gesto;Comercial;0;0;2;1;0;0;0;0;0;0;0;0;-3,841664000000000;-38,494350000000000
310534;12;8;2017;09:29;0;AV VIS RIO BRANCO;;;3350;;Colis?úo Traseira;Luz do Dia;Bom;Seca;Meio de Quadra;N?úo H?í Controle;Comercial;0;0;3;1;0;0;0;0;0;0;0;0;-3,750573900000000;-38,521120000000000
310535;12;8;2017;10:30;0;RUA BERNARDO MANUEL;;;10921;;Colis?úo Traseira;Luz do Dia;Bom;Seca;Meio de Quadra;Sem?íforo;Comercial;0;0;2;1;0;0;0;0;0;0;0;0;-3,814652000000000;-38,556260000000000
310536;12;8;2017;10:42;12712;RUA MAJ WEYNE;RUA JULIO CESAR D12;;0;;Colis?úo Transversal;Luz do Dia;Bom;Seca;Cruz;Pare;Residencial;0;0;2;1;0;0;0;0;0;0;0;0;-3,749955200000000;-38,542824000000000
310537;12;8;2017;10:57;17297;AV PRO GOMES DE MATOS;RUA EDUARDO ANGELIM;;0;;Colis?úo Transversal;Luz do Dia;Bom;Seca;Cruz;Pare;Comercial;0;0;2;1;0;0;0;0;0;1;0;0;-3,763654500000000;-38,547813000000000
310538;12;8;2017;11:17;0;RUA JORGE DUMAR;;;2055;;Colis?úo Traseira;Luz do Dia;Bom;Seca;Meio de Quadra;N?úo H?í Controle;Residencial;0;0;2;1;0;0;0;0;0;0;0;0;-3,753711000000000;-38,539654000000000
310539;12;8;2017;09:45;12954;AV PRS COSTA E SILVA;RUA BERNARDO MANUEL;;0;;Colis?úo Traseira;Luz do Dia;Bom;Seca;Cruz;N?úo H?í Controle;Comercial;0;1;1;0;0;0;0;0;0;1;0;0;-3,821352200000000;-38,558144000000000
310540;12;8;2017;12:41;1271;RUA JOAQUIM NABUCO;RUA MARCOS MACEDO;;0;;Colis?úo Traseira;Luz do Dia;Bom;Seca;Cruz;Pare;Residencial;0;0;2;1;0;0;0;0;0;1;0;0;-3,733457800000000;-38,500590000000000
310541;12;8;2017;13:55;0;AV SEN FERNANDES TAVORA;;;337;;Colis?úo Traseira;Luz do Dia;Bom;Seca;Meio de Quadra;N?úo H?í Controle;Comercial;0;0;1;1;0;0;0;0;0;1;0;0;-3,765806400000000;-38,575450000000000
310542;12;8;2017;18:13;0;AV JOSE BASTOS;;;0;;Colis?úo Traseira;Via Iluminada;Bom;Seca;Cruz;N?úo H?í Controle;Comercial;0;0;2;1;1;0;0;0;0;0;0;0;-3,760500200000000;-38,564240000000000
310543;12;8;2017;15:54;0;RUA ANTENOR ROCHA ALEXANDRE;;;151;;Colis?úo Traseira;Luz do Dia;Bom;Seca;Meio de Quadra;N?úo H?í Controle;Residencial;0;1;2;1;0;0;0;0;0;0;0;0;-3,792301400000000;-38,484913000000000
310544;12;8;2017;20:31;0;AV PRS COSTA E SILVA;;;4305;;Engavetamento;Via Iluminada;Bom;Seca;Meio de Quadra;Sem?íforo;Comercial;0;0;3;1;0;0;0;0;0;1;0;0;-3,825172000000000;-38,541642000000000
310626;12;8;2017;17:01;24766;RUA PALMACIA;RUA ANTONIO ARRUDA;;0;;Colis?úo Lateral;Anoitecer;Bom;Seca;Cruz;Pare;Residencial;0;1;0;1;0;0;0;0;0;1;0;0;-3,796041000000000;-38,537086000000000
310602;12;8;2017;19:25;0;RUA MINAS GERAIS;;;1156;;Colis?úo Traseira;Via Iluminada;Bom;Seca;Cruz;N?úo H?í Controle;Residencial;0;0;2;1;0;0;0;0;0;1;0;0;-3,759647400000000;-38,567400000000000
310596;12;8;2017;16:35;0;RUA PRA HELOISA F LIMA;;;614;;Colis?úo Transversal;Luz do Dia;Bom;Seca;Meio de Quadra;Pare;Residencial;0;1;1;1;0;0;0;0;0;1;0;0;-3,785539900000000;-38,544987000000000
326027;12;8;2017;10:20;0;RD BR 116;;;11000;KM-11;Colis?úo Transversal;Luz do Dia;;Molhada;Meio de Quadra;;;0;2;1;1;0;0;0;0;0;1;0;0;-3,847160000000000;-38,497176000000000
326024;12;8;2017;06:00;0;RD BR 222;;;700;KM-02;Colis?úo Lateral;Luz do Dia;;Seca;Meio de Quadra;;;0;1;1;0;0;0;0;0;0;1;0;0;;
326283;12;8;2017;19:20;6737;AV ENG SANTANA JUNIOR;AV PDE ANTONIO TOMAS;;0;;Colis?úo;;;;Meio de Quadra;N?úo H?í Controle;Comercial;0;1;0;0;0;0;0;0;0;0;0;0;-3,743981000000000;-38,488012000000000
326284;12;8;2017;19:35;0;AV GAL OSORIO DE PAIVA;;;0;;Atropelamento;;;;Meio de Quadra;;;0;1;0;0;0;0;0;0;0;1;0;0;;
326285;12;8;2017;19:35;0;AV CARNEIRO DE MENDONCA;;;2278;;Atropelamento;;;;Meio de Quadra;;;0;1;0;0;0;0;0;0;0;1;0;0;-3,758246000000000;-38,578305000000000
326281;12;8;2017;19:17;0;RUA FERREIRA DOS SANTOS;;;44;;Atropelamento;;;;Meio de Quadra;;;0;1;0;1;0;0;0;0;0;0;0;0;-3,718048800000000;-38,566570600000000
326268;12;8;2017;17:14;0;AV PRS CASTELO BRANCO;;;2770;;Colis?úo;Anoitecer;;;Meio de Quadra;;;0;1;0;0;0;0;0;0;0;1;0;0;-3,712559000000000;-38,552503000000000
326269;12;8;2017;18:09;0;AV BEIRA MAR;;;2380;;Atropelamento;Anoitecer;;;Meio de Quadra;;;0;1;0;1;0;0;0;0;0;0;0;0;-3,725105000000000;-38,499188000000000
326275;12;8;2017;18:22;0;AV CEL CARVALHO;;;1423;;Colis?úo;Anoitecer;;;Meio de Quadra;;;0;1;0;1;0;1;0;0;0;0;0;0;-3,715188000000000;-38,588514000000000