COD_ACIDENTE;DIA;MES;ANO;HORA;INTERSECAO;LOG1;LOG2;LOG3;NUMERO;REFERENCIA;NATUREZA;ILUMINACAO;TEMPO;SUPERFICIEPISTA;TIPOCRUZAMENTO;CONTROLETRAFEGO;USOSOLO;MORTOS;FERIDOS;ILESOS;AUTOMOVEL;ONIBUS;BICICLETA;CAMINHAO;MICROONIBUS;CICLOMOTOR;MOTOCICLETA;TRACAOANIMAL;TREM;LATITUDE;LONGITUDE
326276;12;8;2017;18:52;0;AV ENG LEAL LIMA VERDE (SAPIRANGA/COITE);;;396;;Colis?úo;;;;Meio de Quadra;;;0;1;0;1;0;0;0;0;0;1;0;0;-3,791688000000000;-38,476038000000000
326277;12;8;2017;18:58;0;RUA ANA BILHAR;;;1167;;Colis?úo;;;;Meio de Quadra;;;0;1;0;1;0;0;0;0;0;1;0;0;-3,731481000000000;-38,489443000000000
326278;12;8;2017;19:09;0;AV DR SILAS MUNGUBA;;;3850;;Atropelamento;;;;Meio de Quadra;;;0;1;0;0;0;0;0;0;0;1;0;0;-3,790708000000000;-38,539368000000000
326279;12;8;2017;19:13;7660;RUA MINAS GERAIS;RUA PARAIBA;;0;;Colis?úo;;;;Cruz;Pare;Residencial;0;1;0;0;0;0;0;0;0;0;0;0;-3,759658000000000;-38,567385000000000
326287;12;8;2017;20:15;0;AV N CJ JOSE WALTER;;;2110;;Queda;;;;Meio de Quadra;;;0;0;1;0;0;0;0;0;0;1;0;0;;
326294;12;8;2017;20:55;0;RUA 7 NOVO MONDUBIM;;;225;;Atropelamento;;;;Meio de Quadra;;;0;1;0;1;0;0;0;0;0;0;0;0;;
326307;12;8;2017;23:08;0;RUA LINEU JUCA;;;388;;Colis?úo;;;;Meio de Quadra;;;0;1;0;1;0;0;0;0;0;1;0;0;-3,768356000000000;-38,534600000000000
326308;12;8;2017;23:56;7409;RUA PRO PAULO LOPES;RUA AUDISIO PINHEIRO;;0;;Colis?úo;;;;Cruz;Pare;Residencial;0;1;0;0;0;0;0;0;0;0;0;0;-3,755634000000000;-38,587319000000000
326299;12;8;2017;21:54;0;AV ENG HUMBERTO MONTE;;;1001;;Colis?úo;;;;Meio de Quadra;;;0;1;0;0;0;0;0;0;0;0;0;0;-3,750164000000000;-38,559686000000000
326297;12;8;2017;21:10;0;AV B CJ HAB ST SAO JOAO;;;150;;Colis?úo;;;;Meio de Quadra;;;0;1;0;0;0;0;0;0;0;1;0;0;-3,846588000000000;-38,517754000000000
326266;12;8;2017;17:11;7623;RUA PERNAMBUCO;RUA RIO GRANDE DO SUL;;0;;Colis?úo;Anoitecer;;;Cruz;Pare;Residencial;0;1;0;1;0;0;0;0;0;1;0;0;-3,760011000000000;-38,568467000000000
326231;12;8;2017;16:32;0;AV CENTRAL;;;899;;Colis?úo;Luz do Dia;;;Meio de Quadra;;;0;1;0;1;0;0;0;0;0;0;0;0;-3,809556500000000;-38,512288900000000
326226;12;8;2017;15:31;0;AV JOAO PESSOA;;;5508;;Colis?úo;Luz do Dia;;;Meio de Quadra;;;0;1;0;1;1;0;0;0;0;0;0;0;-3,759120000000000;-38,555446000000000
326227;12;8;2017;16:11;0;AV DEP PAULINO ROCHA;;;0;;Atropelamento;Luz do Dia;;;Meio de Quadra;;;0;1;0;0;1;0;0;0;0;0;0;0;;
326234;12;8;2017;16:42;0;RUA EMILIO DE MENESES;;;1513;;Colis?úo;Luz do Dia;;;Meio de Quadra;;;0;1;0;1;0;0;0;0;0;1;0;0;-3,779766500000000;-38,594748700000000
326179;12;8;2017;07:15;25125;RUA DNA LEOPOLDINA;RUA ROCHA LIMA;;0;;Colis?úo;Luz do Dia;;;Cruz;Pare;Residencial;0;0;1;0;0;0;0;0;0;0;0;0;-3,736665000000000;-38,521427000000000
326180;12;8;2017;07:25;0;RUA BERNARDO MANUEL;;;10798;;Atropelamento;Luz do Dia;;;Meio de Quadra;;;0;1;0;1;0;0;0;0;0;0;0;0;-3,813871000000000;-38,556039000000000
326174;12;8;2017;05:54;0;RUA DAS PEDRINHAS;;;610;;Colis?úo;Amanhecer;;;Meio de Quadra;;;0;1;0;0;0;0;0;0;0;0;0;0;-3,761798500000000;-38,599961800000000
326175;12;8;2017;06:01;0;AV MR HULL;;;5260;;Colis?úo;Luz do Dia;;;Meio de Quadra;;;0;1;0;1;0;0;0;0;0;1;0;0;-3,739647000000000;-38,591439000000000
326176;12;8;2017;06:03;0;RUA NEREU RAMOS;;;400;;Queda;Luz do Dia;;;Meio de Quadra;;;0;1;0;0;0;0;0;0;0;1;0;0;-3,785884000000000;-38,570535000000000
326169;12;8;2017;04:18;0;AV JOR THOMAZ COELHO;;;0;;Atropelamento;;;;Meio de Quadra;;;0;1;0;1;0;0;0;0;0;0;0;0;;
326171;12;8;2017;05:04;0;RUA DAS PEDRINHAS;;;507;;Colis?úo;Amanhecer;;;Meio de Quadra;;;0;1;0;1;0;0;0;0;0;1;0;0;-3,762976000000000;-38,600333000000000
326172;12;8;2017;05:15;0;AV PRS CASTELO BRANCO;;;4310;;Colis?úo;Amanhecer;;;Meio de Quadra;;;0;1;0;1;0;0;0;0;0;1;0;0;-3,707560000000000;-38,570717000000000
326166;12;8;2017;01:32;0;AV RAD JOSE LIMA VERDE;;;1268;;Queda;;;;Meio de Quadra;;;0;2;0;0;0;0;0;0;0;1;0;0;-3,703420000000000;-38,591564000000000
326220;12;8;2017;15:16;14705;RUA CON DE CASTRO;RUA SUICA;;0;;Colis?úo;Luz do Dia;;;Outros;N?úo H?í Controle;Residencial;0;1;0;0;0;0;1;0;0;1;0;0;-3,793645000000000;-38,581416000000000
326223;12;8;2017;15:28;14359;RUA NAT FEIJO;RUA VIANA DE CARVALHO;;0;;Colis?úo;Luz do Dia;;;T;Pare;Residencial;0;0;1;1;0;0;0;0;0;1;0;0;-3,721917000000000;-38,554465000000000
326216;12;8;2017;15:06;0;AV PRS CASTELO BRANCO;;;3034;;Queda;Luz do Dia;;;Meio de Quadra;;;0;1;0;0;0;0;0;0;0;1;0;0;-3,711756000000000;-38,556345000000000
326208;12;8;2017;14:36;1175;RUA ISABEL MAIA ALENCAR;AV ODILON GUIMARAES;;0;;Colis?úo;Luz do Dia;;;;;;0;2;0;1;0;0;0;0;0;1;0;0;-3,817893000000000;-38,473680000000000
326209;12;8;2017;14:45;0;AV CASTELO DE CASTRO;;;278;;Queda;Luz do Dia;;;Meio de Quadra;;;0;1;0;0;0;0;0;0;0;1;0;0;-3,831563000000000;-38,521514000000000
326211;12;8;2017;14:48;0;RUA JACINTO MATOS;;;906;;Colis?úo;Luz do Dia;;;Meio de Quadra;;;0;2;0;0;0;0;0;0;0;1;0;0;-3,719410200000000;-38,546957800000000
326192;12;8;2017;09:44;20226;AV PAROARAS;AV SAUDADE D68;;0;;Colis?úo;Luz do Dia;;;Y;Pare;Residencial;0;1;0;1;0;0;0;0;0;1;0;0;-3,814399000000000;-38,534257000000000
326190;12;8;2017;09:42;0;RUA GAL SAMPAIO;;;0;;Atropelamento;Luz do Dia;;;Meio de Quadra;;;0;1;0;1;0;0;0;0;0;0;0;0;;
326185;12;8;2017;09:32;0;RUA GERALDO BARBOSA;;;1562;;Queda;Luz do Dia;;;Meio de Quadra;;;0;0;1;0;0;0;0;0;0;1;0;0;-3,790669000000000;-38,605707000000000
326195;12;8;2017;10:21;0;RUA PDE PEDRO DE ALENCAR;;;0;;Colis?úo;Luz do Dia;;;Meio de Quadra;;;0;2;0;1;0;0;0;0;0;1;0;0;;
326196;12;8;2017;10:29;8294;AV WASHINGTON SOARES;RUA MARTA MARIA;;0;;Colis?úo;Luz do Dia;;;;;;0;1;0;1;0;0;0;0;0;0;0;0;-3,758608000000000;-38,484859000000000
326197;12;8;2017;13:37;10795;AV SEN FERNANDES TAVORA;RUA TUPI D35;;0;;Colis?úo;Luz do Dia;;;Cruz;Sem?íforo;Residencial;0;1;0;1;0;0;0;0;0;1;0;0;-3,763130000000000;-38,580410000000000
326301;12;8;2017;22:30;0;AV PRS CASTELO BRANCO;;;4763;;Atropelamento;;;;Meio de Quadra;;;0;1;0;1;0;0;0;0;0;0;0;0;-3,706154000000000;-38,574531000000000
325710;12;8;2017;17:58;0;AV DIOGUINHO;;;4128;;Colis?úo;Anoitecer;;;Meio de Quadra;;;0;1;0;0;0;0;0;0;0;1;0;0;-3,750137000000000;-38,448754000000000
306661;12;8;2017;14:53;25062;AV DOS EXPEDICIONARIOS;RUA PDE AMBROSIO MACHADO;;0;;Colis?úo Lateral;Luz do Dia;Bom;Seca;Cruz;Pare;Residencial;0;1;1;1;0;0;0;0;0;1;0;0;-3,760838000000000;-38,539946000000000
306662;12;8;2017;16:40;15246;RUA CARLOS VASCONCELOS;RUA TEN BENEVOLO;;0;;Colis?úo Transversal;Luz do Dia;Bom;Seca;Cruz;Sem?íforo;Misto;0;1;1;1;0;0;0;0;0;0;0;0;-3,727989000000000;-38,509174000000000
306663;12;8;2017;13:58;19899;RUA STA QUITERIA;RUA TIANGUA;;0;;Colis?úo Lateral;Luz do Dia;Bom;Seca;Cruz;Pare;Residencial;0;0;2;1;0;0;0;0;0;0;0;0;-3,759489000000000;-38,538768000000000
306665;12;8;2017;09:54;7926;AV ANTONIO SALES;RUA BARBOSA DE FREITAS;;0;;Colis?úo Lateral;Luz do Dia;Bom;Seca;Cruz;Sem?íforo Intermitente;Residencial;0;1;1;0;0;0;0;0;0;1;0;0;-3,746051000000000;-38,500407000000000
306666;12;8;2017;11:20;0;RUA COS TRISTAO;;;932;;Colis?úo Traseira;Luz do Dia;Bom;Seca;Meio de Quadra;Outros;Misto;0;1;1;1;0;0;0;0;0;1;0;0;;
306667;12;8;2017;23:30;0;RUA BENTO ALBUQUERQUE;;;1122;;Colis?úo Traseira;Via Iluminada;Bom;Seca;Meio de Quadra;N?úo H?í Controle;Residencial;0;0;2;1;0;0;0;0;0;0;0;0;-3,745323203000000;-38,478595641000000
324652;12;8;2017;19:30;0;RD CE-040;;;0;KM-07;Colis?úo;N?úo Informado;;Seca;Meio de Quadra;;;0;0;3;1;0;0;0;0;0;0;0;0;-3,817159445000000;-38,483032860000000
324648;12;8;2017;10:20;0;RD CE-040;;;0;KM-06;Outros;Luz do Dia;;Seca;Meio de Quadra;;;0;0;3;1;0;0;0;0;0;0;0;0;-3,809596804000000;-38,478733480000000
303860;12;8;2017;21:00;5394;AV TRISTAO GONCALVES;RUA METON DE ALENCAR;;0;;Colis?úo Transversal;;;;Cruz;Sem?íforo;Comercial;1;0;0;0;0;0;0;0;0;1;0;0;-3,732327000000000;-38,534777000000000
324654;13;8;2017;11:55;0;AV SEN CARLOS JEREISSATI (AEROPORTO);;;0;;Colis?úo;Luz do Dia;;Seca;Meio de Quadra;;;0;0;2;1;0;0;0;0;0;1;0;0;;
324663;13;8;2017;00:20;0;RD CE-040;;;0;KM-04;Colis?úo;N?úo Informado;;Seca;Meio de Quadra;;;0;0;3;1;0;0;1;0;0;0;0;0;-3,791613156000000;-38,480330840000000
306668;13;8;2017;07:00;15347;RUA TIBURCIO CAVALCANTE;AV DOM LUIS;;0;;Choque c/ Obst?ículo Fixo;Luz do Dia;Bom;Seca;T;Sem?íforo;Residencial;0;1;0;1;0;0;0;0;0;0;0;0;-3,732021000000000;-38,501313000000000
306669;13;8;2017;10:40;0;AV 13 DE MAIO;RUA PAULA RODRIGUES;;0;;Colis?úo Traseira;Luz do Dia;Bom;Seca;Meio de Quadra;N?úo H?í Controle;Comercial;0;0;3;1;0;0;0;0;0;0;0;0;;
306671;13;8;2017;16:40;19436;AV AUGUSTO DOS ANJOS;RUA SEIXAS CORREIA;;0;;Colis?úo Lateral;Anoitecer;Bom;Seca;Cruz;Sem?íforo;Comercial;0;1;1;0;0;0;0;0;0;1;0;0;-3,779412000000000;-38,578496000000000
326318;13;8;2017;06:22;0;RUA VALPARAISO;;;0;;Colis?úo;Luz do Dia;;;Meio de Quadra;;;0;1;0;0;0;0;0;0;0;0;0;0;;
326320;13;8;2017;06:30;0;AV COSTA OESTE;;;567;;Queda;Luz do Dia;;;Meio de Quadra;;;0;1;0;0;0;0;0;0;0;1;0;0;;
326321;13;8;2017;07:36;0;RUA RAIMUNDO MAIA;;;90;;Queda;Luz do Dia;;;Meio de Quadra;;;0;1;0;0;0;0;0;0;0;1;0;0;-3,815405416000000;-38,559239178000000
326322;13;8;2017;08:17;0;AV PRS COSTA E SILVA;;;1578;;Queda;Luz do Dia;;;Meio de Quadra;;;0;1;0;0;0;0;0;0;0;1;0;0;-3,814919400000000;-38,569342300000000
326323;13;8;2017;09:02;0;RUA CARLINDO CRUZ;;;89;;Atropelamento;Luz do Dia;;;Meio de Quadra;;;0;1;0;1;0;0;0;0;0;0;0;0;-3,728235000000000;-38,574883000000000
326310;13;8;2017;00:33;0;RUA DR ESTENIO GOMES;;;1655;;Queda;;;;Meio de Quadra;;;0;1;0;0;0;0;0;0;0;1;0;0;-3,796835000000000;-38,587618000000000
326311;13;8;2017;01:30;0;RUA BERNARDO MANUEL;;;9415;;Colis?úo;;;;Meio de Quadra;;;0;1;0;0;0;0;0;0;0;0;0;0;-3,802735000000000;-38,552645000000000
326312;13;8;2017;03:23;0;AV CEL CARVALHO;;;2652;;Colis?úo;;;;Meio de Quadra;;;0;1;0;0;0;0;0;0;0;0;0;0;-3,725800000000000;-38,585706000000000
326313;13;8;2017;04:59;0;AV EDILSON B SOARES;;;955;;Queda;;;;Meio de Quadra;;;0;1;0;0;0;0;0;0;0;1;0;0;-3,789986800000000;-38,486874800000000
326314;13;8;2017;05:57;0;RUA VALPARAISO;;;25;;Queda;Amanhecer;;;Meio de Quadra;;;0;2;0;0;0;0;0;0;0;1;0;0;-3,851675600000000;-38,505140300000000
326341;13;8;2017;16:51;0;AV AUGUSTO DOS ANJOS;;;1477;;Colis?úo;Luz do Dia;;;Meio de Quadra;;;0;1;0;0;0;0;0;0;0;0;0;0;-3,779473000000000;-38,578550000000000
326342;13;8;2017;17:11;3033;RUA ANDRE REBOUCAS;RUA DECIO DE CASTRO;;0;;Colis?úo;Anoitecer;;;Com Via F?®rrea;Pare;Residencial;0;1;0;1;0;0;0;0;0;1;0;0;-3,774642000000000;-38,589480000000000
326337;13;8;2017;16:40;0;RUA STA LUZIA;;;40;;Queda;Luz do Dia;;;Meio de Quadra;;;0;1;0;0;0;0;0;0;0;1;0;0;;
326335;13;8;2017;16:37;3819;RUA JUVENAL GALENO;AV CARAPINIMA;;0;;Atropelamento;Luz do Dia;;;Cruz;Sem?íforo;Comercial;0;1;0;1;0;0;0;0;0;0;0;0;-3,738998000000000;-38,539176000000000
326333;13;8;2017;13:44;0;AV DUQ CAXIAS;;;1400;;Queda;Luz do Dia;;;Meio de Quadra;;;0;1;0;0;0;0;0;0;0;1;0;0;-3,729660000000000;-38,536484000000000
326325;13;8;2017;09:35;0;AV PERIMETRAL;;;220;;Atropelamento;Luz do Dia;;;Meio de Quadra;;;0;1;0;1;0;0;0;0;0;0;0;0;;
326329;13;8;2017;09:55;7340;RUA AUDISIO PINHEIRO;RUA SILVA BAIMA;;0;;Colis?úo;Luz do Dia;;;T;N?úo H?í Controle;Residencial;0;2;0;0;0;0;0;0;0;0;0;0;-3,753661000000000;-38,586246000000000
326330;13;8;2017;12:58;17583;RUA ESTADO DO RIO;RUA PIAUI;;0;;Colis?úo;Luz do Dia;;;Cruz;Pare;Residencial;0;2;0;1;0;0;0;0;0;1;0;0;-3,755344000000000;-38,568847000000000
326358;13;8;2017;18:26;0;RUA CEL DIONISIO ALENCAR;;;1113;;Queda;Anoitecer;;;Meio de Quadra;;;0;1;0;0;0;0;0;0;0;1;0;0;-3,844906900000000;-38,501788300000000
326361;13;8;2017;18:32;0;RUA OSCAR ARARIPE;;;298;;Queda;;;;Meio de Quadra;;;0;1;0;0;0;0;0;0;0;1;0;0;-3,792866000000000;-38,594062000000000
326345;13;8;2017;17:18;0;AV PRS CASTELO BRANCO;;;0;;Colis?úo;Anoitecer;;;Meio de Quadra;;;0;1;0;1;0;0;0;0;0;1;0;0;;
326347;13;8;2017;17:59;0;RUA TEODORO DE CASTRO;;;2356;;Colis?úo;Anoitecer;;;Meio de Quadra;;;0;2;0;1;0;0;0;0;0;1;0;0;-3,777789600000000;-38,612009200000000
326351;13;8;2017;18:12;0;RUA MIGUEL GURGEL;;;0;;Queda;Anoitecer;;;Meio de Quadra;;;0;1;0;0;0;0;0;0;0;1;0;0;;
326377;13;8;2017;23:37;0;AV I CJ CEARA;;;1210;;Colis?úo;;;;Meio de Quadra;;;0;2;0;0;0;0;0;0;0;0;0;0;-3,772908000000000;-38,598094000000000
326375;13;8;2017;22:17;11609;RUA CIDADE RIO BRANCO;RUA VITORIA (AV. PERIMETRAL);;0;;Colis?úo;;;;;;;0;1;0;1;0;0;0;0;0;1;0;0;-3,766165000000000;-38,589066000000000
326372;13;8;2017;20:18;0;RUA PARANAI;;;1241;;Colis?úo;;;;Meio de Quadra;;;0;1;0;0;0;0;0;0;0;0;0;0;;
326373;13;8;2017;21:36;0;RUA PEDRO DE SOUZA;;;400;;Colis?úo;;;;Meio de Quadra;;;0;1;0;0;0;0;0;0;0;0;0;0;-3,852468000000000;-38,499124000000000
326366;13;8;2017;19:47;0;RUA JORGE FIGUEIREDO (ANCURI);;;3529;;Queda;;;;Meio de Quadra;;;0;1;0;0;0;0;0;0;0;1;0;0;-3,880880400000000;-38,529508500000000
326363;13;8;2017;19:43;25777;RUA OSCAR ARARIPE;RUA A CJ PALMARES (G. LISBOA);;0;;Colis?úo;;;;Cruz;D?¬ Prefer?¬ncia;Residencial;0;1;0;0;0;0;0;0;0;0;0;0;;
326031;13;8;2017;10:45;0;RD BR 116;;;15000;KM-15;Colis?úo Transversal;Luz do Dia;;Molhada;Meio de Quadra;;;0;1;1;1;0;0;0;0;0;1;0;0;-3,882329000000000;-38,501113000000000
310545;13;8;2017;10:03;15211;AV ABOLICAO;RUA PAULA BARROS;;0;;Colis?úo Traseira;Luz do Dia;Bom;Seca;Cruz;Sem?íforo;Comercial;0;0;2;1;0;0;0;0;0;0;0;0;-3,726977600000000;-38,492275000000000
310546;13;8;2017;14:59;5450;RUA MAJ FACUNDO;RUA ANTONIO POMPEU;;0;;Colis?úo Transversal;Luz do Dia;Bom;Seca;Cruz;Pare;Comercial;0;0;2;1;0;0;0;0;0;0;0;0;-3,734880000000000;-38,530247000000000
310547;13;8;2017;14:59;0;RUA ESTADO DO RIO;;;562;;Colis?úo Transversal;Luz do Dia;Bom;Seca;Meio de Quadra;N?úo H?í Controle;Residencial;0;0;3;1;0;0;0;0;1;0;0;0;-3,755155300000000;-38,568775000000000
310548;13;8;2017;15:37;26209;AV ROGACIANO LEITE;AV CHANC EDSON QUEIROZ;;0;;Colis?úo Traseira;Luz do Dia;Bom;Seca;Cruz;Sem?íforo;Residencial;0;0;2;1;0;0;0;0;0;0;0;0;-3,764387400000000;-38,495080000000000
310549;13;8;2017;15:30;0;RUA 108 CJ ESPERANCA;AV H CJ ESPERANCA;;347;;Colis?úo Transversal;Luz do Dia;Bom;Seca;Cruz;N?úo H?í Controle;Residencial;0;0;2;1;0;0;0;0;0;0;0;0;-3,812836600000000;-38,592087000000000
310551;13;8;2017;20:17;5364;AV TRISTAO GONCALVES;RUA GAL CLARINDO DE QUEIROZ;;0;;Colis?úo Lateral;Via Iluminada;Bom;Seca;Cruz;Pare;Comercial;0;0;2;1;1;0;0;0;0;0;0;0;-3,731269600000000;-38,534378000000000
310552;14;8;2017;06:50;15601;RUA TEN JOSE NEWTON;RUA VASCO DE ATAIDE;;0;;Colis?úo Lateral;Luz do Dia;Bom;Seca;Cruz;Pare;Residencial;0;0;2;1;0;0;0;0;0;0;0;0;-3,823323200000000;-38,491524000000000
310553;14;8;2017;08:00;15134;AV BEIRA MAR;AV BAR STUDART;;0;;Colis?úo Traseira;Luz do Dia;Bom;Seca;T;Pare;Residencial;0;0;2;1;0;0;0;0;0;0;0;0;-3,724054000000000;-38,502987000000000
310554;14;8;2017;09:43;19692;RUA AZEVEDO BOLAO;RUA PRO ANACLETO;;0;;Colis?úo Transversal;Luz do Dia;Bom;Seca;Cruz;Pare;Residencial;0;0;2;1;0;0;0;0;0;0;0;0;-3,735623800000000;-38,552853000000000
310555;14;8;2017;09:46;0;AV DOMINGOS OLIMPIO;;;2281;;Colis?úo Traseira;Luz do Dia;Bom;Seca;Meio de Quadra;N?úo H?í Controle;Residencial;0;0;1;1;0;0;0;0;0;0;0;0;-3,733247000000000;-38,543580000000000
310556;14;8;2017;08:20;11009;RUA JULIO VERNE;RUA EQUADOR;;0;;Colis?úo Transversal;Luz do Dia;Bom;Seca;Cruz;Pare;Residencial;0;1;1;1;0;0;0;0;0;1;0;0;-3,775588000000000;-38,552917000000000
310557;14;8;2017;09:51;22990;RUA AMERICO VESPUCIO;AV DR SILAS MUNGUBA;;0;;Colis?úo Lateral;Luz do Dia;Bom;Seca;T;N?úo H?í Controle;Comercial;0;1;2;1;0;0;0;0;0;1;0;0;-3,786606800000000;-38,549900000000000
310558;14;8;2017;10:09;0;AV ALBERTO NEPOMUCENO;;;2;;Colis?úo Lateral;Luz do Dia;Bom;Seca;Meio de Quadra;N?úo H?í Controle;Comercial;0;0;2;1;0;0;0;0;0;0;0;0;-3,720997300000000;-38,522892000000000
310559;14;8;2017;07:50;1393;AV RUI BARBOSA;RUA JOAO CARVALHO;;0;;Colis?úo Lateral;Luz do Dia;Bom;Seca;Cruz;Sem?íforo;Comercial;0;1;1;1;0;0;0;0;0;1;0;0;-3,737041500000000;-38,509940000000000
310560;14;8;2017;09:09;0;AV SGT HERMINIO SAMPAIO;;;1253;;Atropelamento;Luz do Dia;Bom;Seca;Meio de Quadra;Sem?íforo;Comercial;0;1;0;0;0;0;0;0;0;1;0;0;-3,724815100000000;-38,551860000000000
310561;14;8;2017;10:15;19062;RUA DES WALDETARIO P MOTA;RUA PAULO MORAIS;;0;;Colis?úo Transversal;Luz do Dia;Bom;Seca;Cruz;Pare;Residencial;0;0;2;1;0;0;0;0;0;0;0;0;-3,736513400000000;-38,480656000000000
310562;14;8;2017;11:38;0;AV SANTOS DUMONT;;;1383;;Colis?úo Lateral;Luz do Dia;Bom;Seca;Meio de Quadra;N?úo H?í Controle;Comercial;0;1;1;1;0;0;0;0;0;1;0;0;-3,731911200000000;-38,511322000000000
310563;14;8;2017;11:48;0;RUA SOLON PINHEIRO;;;1143;;Colis?úo Traseira;Luz do Dia;Bom;Seca;Meio de Quadra;D?¬ Prefer?¬ncia;Comercial;0;0;1;1;0;0;0;0;0;1;0;0;-3,740043900000000;-38,529503000000000
310564;14;8;2017;11:53;9197;RUA JAIME BENEVOLO;RUA COSTA ARAUJO;;0;;Colis?úo Transversal;Luz do Dia;Bom;Seca;Cruz;Pare;Residencial;0;1;1;1;0;0;0;0;0;1;0;0;-3,746938700000000;-38,530365000000000
310565;14;8;2017;13:23;25311;RUA JOAO REGINO;RUA ANTENOR ROCHA ALEXANDRE;;0;;Colis?úo Transversal;Luz do Dia;Bom;Seca;Cruz;Pare;Residencial;0;0;2;1;0;0;0;0;0;0;0;0;-3,792111400000000;-38,482723000000000
310566;14;8;2017;14:14;0;TR PARA;;;20;;Colis?úo Traseira;Luz do Dia;Bom;Seca;Meio de Quadra;N?úo H?í Controle;Comercial;0;0;2;1;0;0;0;0;0;0;0;0;-3,726981400000000;-38,527325000000000
310567;14;8;2017;14:26;0;AV DA INDEPENDENCIA;;;570;;Colis?úo Traseira;Luz do Dia;Bom;Seca;Meio de Quadra;N?úo H?í Controle;Residencial;0;0;2;1;0;0;0;0;0;0;0;0;-3,728438000000000;-38,585857000000000
310569;14;8;2017;15:47;0;AV DES MOREIRA;;;0;;Colis?úo Lateral;Luz do Dia;Bom;Seca;Rotat??ria;Sem?íforo;Comercial;0;0;2;0;1;0;0;0;0;0;0;0;-3,732871300000000;-38,497830000000000
310570;14;8;2017;16:04;24980;AV ALM HENRIQUE SABOIA;RUA GAL TERTULIANO POTYGUARA;;0;;Colis?úo Traseira;Luz do Dia;Bom;Seca;T;N?úo H?í Controle;Residencial;0;0;2;0;0;0;0;0;0;0;0;0;-3,746266400000000;-38,491165000000000
310572;14;8;2017;16:33;0;AV PRS COSTA E SILVA;;;0;;Engavetamento;Luz do Dia;Bom;Seca;Meio de Quadra;N?úo H?í Controle;Residencial;0;1;3;1;0;0;0;0;0;1;0;0;-3,824311000000000;-38,545260000000000
310573;14;8;2017;17:10;0;AV PRS COSTA E SILVA;;;1733;;Colis?úo Traseira;Luz do Dia;Bom;Seca;Cruz;Sem?íforo;Comercial;0;0;2;1;0;0;0;0;0;0;0;0;-3,727083400000000;-38,492313000000000
310574;14;8;2017;08:50;5695;RUA CHICO LEMOS;RUA MARGARIDA DE QUEIROZ;;0;;Colis?úo Transversal;Luz do Dia;Bom;Seca;Cruz;Pare;Residencial;0;1;1;1;0;0;0;0;0;1;0;0;-3,791934700000000;-38,498787000000000
310575;14;8;2017;18:30;0;AV GOV RAUL BARBOSA;;;7486;;Colis?úo Lateral;Via Iluminada;Bom;Seca;Meio de Quadra;N?úo H?í Controle;Comercial;0;0;2;1;0;0;0;0;0;0;0;0;-3,777135100000000;-38,513580000000000
310576;14;8;2017;20:15;0;AV GAL OSORIO DE PAIVA;;;3398;;Atropelamento;Via Iluminada;Bom;Seca;Meio de Quadra;Sem?íforo;Comercial;0;1;1;0;1;0;0;0;0;0;0;0;-3,790649400000000;-38,588432000000000
310592;14;8;2017;12:15;0;AV GAL OSORIO DE PAIVA;;;1470;;Colis?úo Lateral;Luz do Dia;Bom;Seca;Meio de Quadra;Sem?íforo;Comercial;0;1;1;1;0;0;0;0;0;1;0;0;-3,780762200000000;-38,574863000000000
324670;14;8;2017;16:35;0;AV SEN CARLOS JEREISSATI (AEROPORTO);;;0;KM 03;Colis?úo;Luz do Dia;;Seca;Meio de Quadra;;;0;0;2;1;0;0;0;0;0;0;0;0;-3,779641000000000;-38,544038000000000
326379;14;8;2017;01:33;13591;AV PONTES VIEIRA;AV RUI BARBOSA;;0;;Colis?úo;;;;Cruz;Gesto;Comercial;0;1;0;0;0;0;0;0;0;0;0;0;-3,752762000000000;-38,513797000000000
326384;14;8;2017;02:13;0;AV GAL OSORIO DE PAIVA;;;2373;;Colis?úo;;;;Meio de Quadra;;;0;1;0;1;0;0;0;0;0;1;0;0;-3,786347000000000;-38,583413000000000
326387;14;8;2017;07:43;0;RD BR 116;;;7000;KM-07;Colis?úo;Luz do Dia;;;Meio de Quadra;;;0;1;0;1;0;0;0;0;0;1;0;0;-3,786917000000000;-38,511279000000000
326396;14;8;2017;08:46;0;AV SGT HERMINIO SAMPAIO;;;1253;;Atropelamento;Luz do Dia;;;Meio de Quadra;;;0;1;0;0;0;0;0;0;0;1;0;0;-3,724794000000000;-38,551834000000000
326410;14;8;2017;09:35;183;AV SGT HERMINIO SAMPAIO;RUA DEMETRIO MENEZES;;0;;Atropelamento;Luz do Dia;;;Cruz;Sem?íforo;Comercial;0;1;0;1;0;0;0;0;0;0;0;0;-3,733867000000000;-38,584316000000000
326411;14;8;2017;09:50;0;RUA LIV LUIZ MAIA;;;39;;Colis?úo;Luz do Dia;;;Meio de Quadra;;;0;0;1;1;0;0;0;0;0;1;0;0;-3,770039000000000;-38,497155000000000
326417;14;8;2017;14:02;0;RUA 15 DE NOVEMBRO;;;0;;Queda;Luz do Dia;;;Meio de Quadra;;;0;1;0;0;0;0;0;0;0;1;0;0;;