COD_ACIDENTE;DIA;MES;ANO;HORA;INTERSECAO;LOG1;LOG2;LOG3;NUMERO;REFERENCIA;NATUREZA;ILUMINACAO;TEMPO;SUPERFICIEPISTA;TIPOCRUZAMENTO;CONTROLETRAFEGO;USOSOLO;MORTOS;FERIDOS;ILESOS;AUTOMOVEL;ONIBUS;BICICLETA;CAMINHAO;MICROONIBUS;CICLOMOTOR;MOTOCICLETA;TRACAOANIMAL;TREM;LATITUDE;LONGITUDE
326414;14;8;2017;11:38;0;RUA VINTE E CINCO DE MARCO;;;882;;Colis?úo;Luz do Dia;;;Meio de Quadra;;;0;1;0;1;0;0;0;0;0;1;0;0;-3,731723000000000;-38,523267000000000
326415;14;8;2017;13:34;0;AV PRS COSTA E SILVA;;;771;;Colis?úo;Luz do Dia;;;Meio de Quadra;;;0;1;0;1;0;0;0;0;0;1;0;0;-3,812484000000000;-38,572720000000000
326421;14;8;2017;17:09;0;RUA JORGE ACURCIO;;;798;;Colis?úo;Anoitecer;;;Meio de Quadra;;;0;1;0;1;0;0;0;0;0;1;0;0;-3,767242000000000;-38,532545000000000
326419;14;8;2017;17:08;0;ET DO ANCURI;;;1703;;Colis?úo;Anoitecer;;;Meio de Quadra;;;0;0;1;1;0;0;0;0;0;1;0;0;;
326423;14;8;2017;17:09;0;RUA PEDRO RUFINO D48;;;38;;Queda;Anoitecer;;;Meio de Quadra;;;0;0;1;0;0;0;0;0;0;1;0;0;-3,728741000000000;-38,488266000000000
326424;14;8;2017;19:17;0;AV GAL OSORIO DE PAIVA;;;0;;Colis?úo;;;;Meio de Quadra;;;0;1;0;0;0;0;0;0;0;0;0;0;;
326425;14;8;2017;19:40;0;AV ODILON GUIMARAES;;;1745;;Atropelamento;;;;Meio de Quadra;;;0;1;0;0;0;0;0;0;0;1;0;0;-3,822871000000000;-38,477512000000000
326426;14;8;2017;21:15;0;AV MAE LISBOA;;;800;;Colis?úo;;;;Meio de Quadra;;;0;1;0;0;0;0;0;0;0;0;0;0;-3,807878000000000;-38,474739000000000
326427;14;8;2017;22:23;0;RUA GEORGE ROCHA;;;0;;Colis?úo;;;;Meio de Quadra;;;0;2;0;0;0;0;0;0;0;0;0;0;;
326505;14;8;2017;19:03;0;RUA CAP HERMINIO;;;190;;Colis?úo;;;;Meio de Quadra;;;0;1;1;0;0;0;0;0;0;0;0;0;;
324667;14;8;2017;10:00;0;AV SEN CARLOS JEREISSATI (AEROPORTO);;;0;;Colis?úo;Luz do Dia;;Seca;Meio de Quadra;;;0;0;2;1;0;0;0;0;0;0;0;0;;
303862;14;8;2017;17:50;0;AV SORIANO ALBUQUERQUE;;;843;;Atropelamento;Anoitecer;;;Meio de Quadra;;;1;0;1;0;0;0;0;0;0;1;0;0;-3,749111700000000;-38,514348700000000
303865;14;8;2017;13:27;12426;RUA RIBEIRO LEITAO;AV SEN FERNANDES TAVORA;;0;;Colis?úo;Luz do Dia;;;Cruz;Pare;Comercial;1;0;1;1;0;0;0;0;0;1;0;0;-3,764304000000000;-38,578199000000000
304413;14;8;2017;14:10;0;RUA PIERRE LUZ;;;900;;Colis?úo Transversal;Luz do Dia;Bom;Seca;Meio de Quadra;N?úo H?í Controle;Residencial;0;2;0;1;0;0;0;0;0;0;0;0;-3,725487580000000;-38,588528901000000
303871;15;8;2017;15:00;0;RUA ARARIPE MACEDO;;;241;;Colis?úo;Luz do Dia;;;Meio de Quadra;;;1;0;1;1;0;0;0;0;0;1;0;0;-3,772655000000000;-38,576810000000000
326459;15;8;2017;20:39;0;RUA TAILANDIA;;;97;;Colis?úo;;;;Meio de Quadra;;;0;1;0;0;0;0;0;0;0;1;0;0;;
326460;15;8;2017;20:45;0;AV SGT HERMINIO SAMPAIO;;;0;;Colis?úo;;;;Meio de Quadra;;;0;0;1;0;0;0;0;0;0;0;0;0;;
326463;15;8;2017;21:40;0;RUA CAETANO SILVA (A. NUNES);;;0;;Colis?úo;;;;Meio de Quadra;;;0;1;0;0;0;0;0;0;0;0;0;0;;
326465;15;8;2017;21:55;0;AV MACIEL BEZERRA;;;2290;;Queda;;;;Meio de Quadra;;;0;1;0;0;0;0;0;0;0;1;0;0;;
326466;15;8;2017;21:58;0;RUA GABRIEL FIUZA;;;387;;Colis?úo;;;;Meio de Quadra;;;0;1;0;1;0;0;0;0;0;1;0;0;-3,787039000000000;-38,579937000000000
326468;15;8;2017;22:10;0;RUA JACINTO MATOS;;;944;;Colis?úo;;;;Meio de Quadra;;;0;0;1;0;0;0;0;0;0;0;0;0;-3,719410200000000;-38,546957800000000
326469;15;8;2017;22:49;0;AV MR HULL;;;0;;Atropelamento;;;;Meio de Quadra;;;0;1;0;0;0;0;0;0;0;0;0;0;;
326470;15;8;2017;23:51;0;AV DOLOR BARREIRA;;;688;;Colis?úo;;;;Meio de Quadra;;;0;1;0;0;0;0;0;0;0;0;0;0;-3,732729400000000;-38,470853800000000
326428;15;8;2017;01:08;0;AV JOSE BASTOS;;;3250;;Queda;;;;Meio de Quadra;;;0;0;1;0;0;0;0;0;0;1;0;0;-3,748698000000000;-38,549161000000000
326429;15;8;2017;03:53;0;AV CEL CARVALHO;;;3152;;Colis?úo;;;;Meio de Quadra;;;0;1;0;1;0;0;0;0;0;1;0;0;-3,732714400000000;-38,526998100000000
326430;15;8;2017;04:38;22176;AV JOSE BASTOS;AV ENG HUMBERTO MONTE;;0;;Colis?úo;;;;T;Sem?íforo;Comercial;0;1;0;1;1;0;0;0;0;0;0;0;-3,754966000000000;-38,555455000000000
326435;15;8;2017;05:52;2741;RUA VALVERDE;RUA GERALDO BARBOSA;;0;;Colis?úo;Amanhecer;;;;;;0;1;0;0;0;0;1;0;0;1;0;0;-3,791087000000000;-38,604297000000000
326432;15;8;2017;05:31;0;AV DEP PAULINO ROCHA;;;1853;;Queda;Amanhecer;;;Meio de Quadra;;;0;1;0;0;0;0;0;0;0;1;0;0;-3,811523000000000;-38,513767000000000
326433;15;8;2017;05:37;0;AV PRS CASTELO BRANCO;;;2889;;Queda;Amanhecer;;;Meio de Quadra;;;0;2;0;0;0;0;0;0;0;1;0;0;-3,712253000000000;-38,553630000000000
326438;15;8;2017;06:50;0;RUA CEL VIRGILIO NOGUEIRA (BOM JARDIM);;;1255;;Queda;Luz do Dia;;;Meio de Quadra;;;0;2;0;0;0;0;0;0;0;1;0;0;;
326439;15;8;2017;06:58;0;AV PERIMETRAL;;;3298;;Queda;Luz do Dia;;;Meio de Quadra;;;0;1;0;0;0;0;0;0;0;1;0;0;;
326441;15;8;2017;10:34;0;AV FRANCISCO SA;;;6055;;Queda;Luz do Dia;;;Meio de Quadra;;;0;1;0;0;0;0;0;0;0;1;0;0;-3,709954000000000;-38,579082000000000
326444;15;8;2017;12:44;0;RUA HIL MORAES;;;1032;;Queda;Luz do Dia;;;Meio de Quadra;;;0;1;0;0;0;0;0;0;0;1;0;0;-3,771731600000000;-38,474671100000000
326456;15;8;2017;19:48;0;AV A CJ CEARA;;;774;;Colis?úo;;;;Meio de Quadra;;;0;2;0;1;0;0;0;0;0;1;0;0;-3,767890000000000;-38,603263000000000
326457;15;8;2017;20:33;0;RUA TEN JAIME ANDRADE;;;549;;Queda;;;;Meio de Quadra;;;0;0;1;0;0;0;0;0;0;1;0;0;-3,770865000000000;-38,511870000000000
326453;15;8;2017;19:37;0;AV PRS CASTELO BRANCO;;;0;;Atropelamento;;;;Meio de Quadra;;;0;1;0;0;0;1;0;0;0;0;0;0;;
326454;15;8;2017;19:40;0;AV DA INDEPENDENCIA;;;1505;;Atropelamento;;;;Meio de Quadra;;;0;1;0;0;0;0;0;0;0;0;0;0;-3,725992000000000;-38,594169000000000
326446;15;8;2017;15:56;0;RUA ARARIPE MACEDO;;;280;;Colis?úo;Luz do Dia;;;Meio de Quadra;;;0;1;0;1;0;0;0;0;0;1;0;0;-3,772785000000000;-38,576564000000000
326447;15;8;2017;16:37;0;RUA RICARDO PONTES;;;407;;Colis?úo;Luz do Dia;;;Meio de Quadra;;;0;1;0;0;0;0;0;0;0;1;0;0;;
326448;15;8;2017;16:56;0;RUA CHICO FRANCA;;;650;;Colis?úo;Luz do Dia;;;Meio de Quadra;;;0;0;1;1;0;0;0;0;0;1;0;0;;
326449;15;8;2017;17:04;9559;RUA BARRA VERMELHA;RUA TEODORO DE CASTRO;;0;;Colis?úo;Anoitecer;;;Cruz;Pare;Comercial;0;1;0;1;0;0;0;0;0;1;0;0;-3,777820000000000;-38,612011000000000
326450;15;8;2017;17:09;0;RUA GUARUJA;;;659;;Colis?úo;Anoitecer;;;Meio de Quadra;;;0;0;1;1;0;0;0;0;0;1;0;0;-3,834901800000000;-38,495356200000000
326451;15;8;2017;18:04;0;AV C CJ JOSE WALTER;;;401;;Atropelamento;Anoitecer;;;Meio de Quadra;;;0;1;0;0;0;0;0;0;0;1;0;0;;
324673;15;8;2017;11:00;0;RD CE-025;;;0;KM-07;Colis?úo;Luz do Dia;;Seca;Meio de Quadra;;;0;0;2;1;0;0;0;0;0;0;0;0;-3,817237437000000;-38,422915570000000
324674;15;8;2017;15:30;0;RD CE-060;;;0;KM-02;Colis?úo;Luz do Dia;;Seca;Meio de Quadra;;;0;0;2;1;0;0;0;0;0;0;0;0;-3,834064000000000;-38,582111000000000
310577;15;8;2017;04:00;0;RUA PDE MORORO;;;980;;Choque c/ Obst?ículo Fixo;Via Iluminada;Bom;Seca;Meio de Quadra;Pare;Comercial;0;1;0;1;0;0;0;0;0;0;0;0;-3,725421000000000;-38,537453000000000
310578;15;8;2017;12:10;7496;RUA JOAO FONSECA;RUA PEDRO DANTAS;;0;;Atropelamento;Luz do Dia;Bom;Seca;Cruz;Pare;Comercial;0;1;1;1;0;0;0;0;0;0;0;0;-3,785809500000000;-38,523000000000000
310579;15;8;2017;12:32;24990;AV PRS COSTA E SILVA;AV PRS JUSCELINO KUBITSCHEK (PASSAR?ë);;0;;Colis?úo Traseira;Luz do Dia;Bom;Seca;T;Sem?íforo;Comercial;0;0;2;1;1;0;0;0;0;0;0;0;-3,825478300000000;-38,539780000000000
310580;15;8;2017;12:05;0;RUA PEDRO DANTAS;;;805;;Colis?úo Transversal;Luz do Dia;Bom;Seca;Meio de Quadra;Pare;Residencial;0;0;2;1;0;0;0;0;0;1;0;0;-3,785414500000000;-38,524857000000000
310581;15;8;2017;16:13;0;RUA PRO HERIBALDO COSTA;;;0;;Engavetamento;Luz do Dia;Bom;Seca;Meio de Quadra;N?úo H?í Controle;Residencial;0;0;1;1;1;0;0;0;0;0;0;0;-3,765744000000000;-38,586860000000000
310582;15;8;2017;15:50;0;AV ENG ALBERTO SA;RUA SOLON ONOFRE;;0;;Colis?úo Transversal;Luz do Dia;Bom;Seca;Meio de Quadra;Pare;Comercial;0;1;1;1;0;0;0;0;0;1;0;0;-3,735439800000000;-38,473263000000000
310583;15;8;2017;19:46;15538;AV FRE CIRILO;RUA ALVES RIBEIRO;;0;;Colis?úo Lateral;Via Iluminada;Bom;Seca;Cruz;Sem?íforo;Comercial;0;0;1;1;0;0;0;0;0;0;0;0;-3,820951200000000;-38,495840000000000
310584;15;8;2017;19:00;0;AV CARNEIRO DE MENDONCA;;;509;;Colis?úo Frontal;Via Iluminada;Bom;Seca;Meio de Quadra;N?úo H?í Controle;Comercial;0;2;2;1;0;0;0;0;0;1;0;0;-3,765361800000000;-38,564260000000000
306680;15;8;2017;14:00;15225;RUA TEN BENEVOLO;RUA ILDEFONSO ALBANO;;0;;Colis?úo Lateral;Luz do Dia;Bom;Seca;Cruz;Sem?íforo;Residencial;0;0;2;1;0;0;0;0;0;0;0;0;-3,727294000000000;-38,511332000000000
306687;15;8;2017;18:20;19790;RUA AZEVEDO BOLAO;RUA JOSE PONTES;;0;;Colis?úo Transversal;Anoitecer;Bom;Seca;Cruz;Pare;Residencial;0;0;2;1;0;0;0;0;0;0;0;0;-3,738833000000000;-38,568505000000000
306684;15;8;2017;21:15;24235;RUA JULIO AZEVEDO;RUA FAUSTO CABRAL;;0;;Colis?úo Traseira;Via Iluminada;Bom;Seca;Cruz;Pare;Residencial;0;0;2;1;0;0;0;0;0;0;0;0;-3,733662000000000;-38,476448000000000
306690;15;8;2017;00:50;17370;RUA ALM RUBIM;RUA BAR SOBRAL;;0;;Colis?úo Lateral;Luz do Dia;Nublado;Seca;Cruz;Pare;Residencial;0;1;1;1;0;0;0;0;0;0;0;0;-3,766572000000000;-38,554972000000000
306686;16;8;2017;11:25;3824;RUA JUVENAL GALENO;RUA CONFUCIO PAMPLONA;;0;;Colis?úo Traseira;Luz do Dia;;;T;Pare;Outros;0;0;2;1;0;0;0;0;0;0;0;0;-3,740617000000000;-38,537300000000000
306692;16;8;2017;13:40;26216;AV DEP PAULINO ROCHA;AV CONTORNO (CASTEL?âO);;0;;Colis?úo Traseira;Luz do Dia;;;T;Sem?íforo;Residencial;0;0;2;1;1;0;0;0;0;0;0;0;;
306695;16;8;2017;16:50;20118;AV DEP PAULINO ROCHA;RUA AMANCIO PEREIRA;;0;;Colis?úo Traseira;Luz do Dia;;;T;Pare;Comercial;0;0;3;1;0;0;0;0;0;0;0;0;-3,809624000000000;-38,521431000000000
306697;16;8;2017;07:00;12824;RUA ANDRE CHAVES;RUA JORGE DUMAR;;0;;Colis?úo Lateral;Luz do Dia;;;Cruz;Pare;Comercial;0;1;1;1;0;0;0;0;0;1;0;0;-3,756975000000000;-38,540361000000000
310585;16;8;2017;05:48;0;AV JOAO PESSOA;;;6510;;Colis?úo Traseira;Amanhecer;Nublado;Seca;Meio de Quadra;Sem?íforo;Comercial;0;0;2;1;1;0;0;0;0;0;0;0;-3,766160200000000;-38,559452000000000
310586;16;8;2017;06:20;4007;RUA ALBERTO MAGNO;RUA DES PRAXEDES;;0;;Colis?úo Traseira;Luz do Dia;Bom;Seca;Cruz;Sem?íforo;Comercial;0;0;2;1;0;0;0;0;0;0;0;0;-3,761081000000000;-38,546710000000000
310587;16;8;2017;07:43;19009;RUA AVILA GOULART;RUA DES WALDETARIO P MOTA;;0;;Colis?úo Transversal;Luz do Dia;Bom;Seca;Cruz;Sem?íforo;Residencial;0;1;1;0;0;0;0;0;0;1;0;0;-3,734604100000000;-38,479110000000000
310588;16;8;2017;10:05;3768;AV DOMINGOS OLIMPIO;AV TRISTAO GONCALVES;;0;;Colis?úo Transversal;Luz do Dia;Bom;Seca;Cruz;Sem?íforo;Comercial;0;0;3;1;0;0;0;0;0;1;0;0;-3,735124000000000;-38,535748000000000
310589;16;8;2017;10:28;0;RUA TIBURCIO CAVALCANTE;;;837;;Colis?úo Lateral;Luz do Dia;Bom;Seca;T;Sem?íforo;Residencial;0;0;3;1;0;0;0;0;0;0;0;0;-3,732194200000000;-38,501340000000000
310590;16;8;2017;10:38;17414;RUA 15 DE NOVEMBRO;RUA ZACARIAS GONDIM;;0;;Colis?úo Transversal;Luz do Dia;Bom;Seca;Cruz;Pare;Residencial;0;0;2;0;1;0;0;0;0;0;0;0;-3,768058300000000;-38,558487000000000
310591;16;8;2017;11:10;0;AV MON TABOSA;;;679;;Colis?úo Traseira;Luz do Dia;Bom;Seca;Meio de Quadra;N?úo H?í Controle;Comercial;0;0;2;1;0;0;0;0;0;0;0;0;-3,723965000000000;-38,513290000000000
310593;16;8;2017;13:25;25134;RUA VALMIR PONTES;RUA FRANCISCO SEGUNDO DA COSTA;;0;;Colis?úo Traseira;Luz do Dia;Bom;Seca;T;Pare;Escola;0;0;2;1;0;0;0;0;0;0;0;0;-3,771303400000000;-38,479576000000000
310594;16;8;2017;11:45;25134;RUA VALMIR PONTES;RUA FRANCISCO SEGUNDO DA COSTA;;0;;Colis?úo Traseira;Luz do Dia;Bom;Seca;T;D?¬ Prefer?¬ncia;Residencial;0;0;2;1;0;0;0;0;0;0;0;0;-3,771109800000000;-38,478520000000000
310595;16;8;2017;15:23;15821;AV JOR THOMAZ COELHO;RUA ANGELICA GURGEL;;0;;Colis?úo Lateral;Luz do Dia;Bom;Seca;Cruz;N?úo H?í Controle;Residencial;0;0;2;1;0;0;0;0;0;0;0;0;-3,832332400000000;-38,499058000000000
310597;16;8;2017;13:33;15317;RUA NUNES VALENTE;RUA TEN BENEVOLO;;0;;Colis?úo Lateral;Luz do Dia;Bom;Seca;Cruz;Pare;Comercial;0;0;2;1;0;0;0;0;0;0;0;0;-3,730446000000000;-38,501858000000000
310598;16;8;2017;14:47;15298;RUA BARBOSA DE FREITAS;RUA ANA BILHAR;;0;;Colis?úo Transversal;Luz do Dia;Bom;Seca;Cruz;Pare;Residencial;0;0;2;1;0;0;0;0;0;0;0;0;-3,729536000000000;-38,495132000000000
310599;16;8;2017;14:25;0;AV LUCIANO CARNEIRO;;;1991;;Engavetamento;Luz do Dia;Bom;Seca;Meio de Quadra;N?úo H?í Controle;Comercial;0;0;3;1;0;0;0;0;0;0;0;0;-3,765350600000000;-38,536900000000000
310600;16;8;2017;16:26;0;AV DUQ CAXIAS;;;460;;Colis?úo Lateral;Luz do Dia;Bom;Seca;Meio de Quadra;Cancela;Comercial;0;0;2;1;0;0;0;1;0;0;0;0;-3,732158000000000;-38,528570000000000
310601;16;8;2017;17:03;9250;RUA PDE MIGUELINHO;AV FELINO BARROSO;;0;;Colis?úo Traseira;Luz do Dia;Bom;Seca;Y;Pare;Comercial;0;0;1;1;0;0;0;0;0;0;0;0;-3,744361200000000;-38,528503000000000
310613;16;8;2017;16:52;0;RUA CEL MATOS DOURADO;;;0;;Engavetamento;Luz do Dia;Bom;Seca;Outros;N?úo H?í Controle;Comercial;0;0;3;1;0;0;0;0;0;0;0;0;-3,735631200000000;-38,537240000000000
310603;16;8;2017;18:23;1479;RUA PRO DIAS DA ROCHA;RUA DES LEITE ALBUQUERQUE;;0;;Colis?úo Transversal;Via Iluminada;Bom;Seca;Cruz;Gesto;Comercial;0;0;2;1;0;0;0;0;0;0;0;0;-3,739181000000000;-38,492900000000000
310604;16;8;2017;17:43;6725;RUA JULIO AZEVEDO;RUA BENTO ALBUQUERQUE;;0;;Colis?úo Traseira;Via Iluminada;Bom;Seca;Cruz;N?úo H?í Controle;Residencial;0;0;1;1;0;0;0;0;0;1;0;0;-3,744145000000000;-38,482876000000000
310605;16;8;2017;19:09;17412;RUA BAR SOBRAL;RUA ALBERTO MAGNO;;0;;Colis?úo Lateral;Via Iluminada;Bom;Seca;Cruz;Sem?íforo;Comercial;0;0;2;1;1;0;0;0;0;0;0;0;-3,767912600000000;-38,552532000000000
310606;16;8;2017;18:49;0;AV ROGACIANO LEITE;;;524;;Colis?úo Traseira;Via Iluminada;Bom;Seca;Meio de Quadra;N?úo H?í Controle;Residencial;0;0;2;1;0;0;0;0;0;0;0;0;-3,763526200000000;-38,494540000000000
310607;16;8;2017;19:37;5364;AV TRISTAO GONCALVES;RUA GAL CLARINDO DE QUEIROZ;;0;;Colis?úo Transversal;Via Iluminada;Bom;Seca;Cruz;Pare;Comercial;0;0;2;1;0;0;0;0;0;0;0;0;-3,731006900000000;-38,534306000000000
310608;16;8;2017;19:30;0;RUA DOM PEDRO II;RUA EDUARDO PERDIGAO;;0;;Colis?úo Lateral;Anoitecer;Bom;Seca;T;Sem?íforo;Comercial;0;0;1;1;1;0;0;0;0;0;0;0;-3,776348000000000;-38,564520000000000
310609;16;8;2017;20:01;0;RUA DOM SEBASTIAO LEME;;;662;;Colis?úo Frontal;Via Iluminada;Bom;Seca;Cruz;Pare;Residencial;0;0;2;1;0;0;0;0;0;1;0;0;-3,747720200000000;-38,526047000000000
310610;16;8;2017;17:45;0;AV PRS CASTELO BRANCO;;;0;MARINHA;Colis?úo Lateral;Anoitecer;Bom;Seca;Meio de Quadra;N?úo H?í Controle;Lazer;0;0;2;1;0;0;0;0;0;0;0;0;-3,715637000000000;-38,541718000000000
310611;16;8;2017;19:21;0;RUA ANSELMO NOGUEIRA;;;336;;Colis?úo Lateral;Mal Iluminada;Bom;Seca;Meio de Quadra;Sem?íforo;Comercial;0;0;2;1;0;0;0;0;0;0;0;0;-3,780934300000000;-38,587140000000000
310619;16;8;2017;15:58;0;AV ANTONIO SALES;;;645;;Colis?úo Traseira;Luz do Dia;Bom;Seca;Cruz;Sem?íforo;Comercial;0;0;2;0;0;0;0;0;0;0;0;0;-3,741281000000000;-38,515780000000000
310638;16;8;2017;10:03;0;AV DR SILAS MUNGUBA;;;4300;;Colis?úo Traseira;Luz do Dia;Bom;Seca;Meio de Quadra;N?úo H?í Controle;Comercial;0;0;2;1;0;0;0;0;0;0;0;0;-3,754502800000000;-38,530926000000000
324675;16;8;2017;10:20;0;RD CE-040;;;0;KM-09;Colis?úo;Luz do Dia;;Seca;Meio de Quadra;;;0;0;2;1;0;0;0;0;0;0;0;0;-3,834450897000000;-38,482465820000000
324679;16;8;2017;16:00;0;AV SEN CARLOS JEREISSATI (AEROPORTO);;;0;KM 01;Colis?úo;Luz do Dia;;Seca;Meio de Quadra;;;0;0;3;0;0;0;0;0;0;1;0;0;-3,783753000000000;-38,526850000000000
324686;16;8;2017;22:50;0;AV SEN CARLOS JEREISSATI (AEROPORTO);;;0;KM 03;Choque c/ Obst?ículo Fixo;Via Iluminada;;Seca;Meio de Quadra;;;0;1;0;0;0;0;0;0;0;1;0;0;-3,779641000000000;-38,544038000000000
324682;16;8;2017;16:40;0;RD CE-040;;;0;KM-05;Colis?úo;Luz do Dia;;Seca;Meio de Quadra;;;0;0;2;1;0;0;0;0;0;0;0;0;-3,800595823000000;-38,479534630000000
326472;16;8;2017;05:51;0;AV GAL OSORIO DE PAIVA;;;5563;;Colis?úo;Amanhecer;;;Meio de Quadra;;;0;1;0;1;0;1;0;0;0;0;0;0;-3,805558000000000;-38,602908000000000
326474;16;8;2017;06:14;23347;RUA EDUARDO BEZERRA;RUA JOSE VILAR;;0;;Colis?úo;Luz do Dia;;;Cruz;Pare;Residencial;0;1;0;0;0;0;0;0;0;0;0;0;-3,753529000000000;-38,510370000000000
326475;16;8;2017;07:46;0;AV GODOFREDO MACIEL;;;538;;Colis?úo;Luz do Dia;;;Meio de Quadra;;;0;1;0;0;0;0;0;0;0;1;0;0;-3,781007000000000;-38,565158000000000
326476;16;8;2017;07:47;2754;RUA OSCAR ARARIPE;RUA RAIMUNDO PINHEIRO;;0;;Colis?úo;Luz do Dia;;;Cruz;Pare;Residencial;0;1;0;0;0;0;0;0;0;0;0;0;-3,791645000000000;-38,597876000000000
326477;16;8;2017;08:41;0;AV DR SILAS MUNGUBA;;;3170;;Colis?úo;Luz do Dia;;;Meio de Quadra;;;0;1;0;1;0;0;0;0;0;1;0;0;-3,788931000000000;-38,544483000000000
326478;16;8;2017;08:49;25636;RUA PORTO VELHO;RUA SAO LUIS D30;;0;;Colis?úo;Luz do Dia;;;Cruz;Outros;Residencial;0;1;0;1;0;0;0;0;0;1;0;0;;
326479;16;8;2017;09:21;0;RUA JOSE MENELEU D41;;;531;;Atropelamento;Luz do Dia;;;Meio de Quadra;;;0;1;0;0;0;0;0;0;0;1;0;0;-3,784439000000000;-38,560854000000000
326480;16;8;2017;12:26;0;AV SANTOS DUMONT;;;6022;;Colis?úo;Luz do Dia;;;Meio de Quadra;;;0;1;0;1;0;0;0;0;0;1;0;0;-3,742683000000000;-38,478352000000000
326481;16;8;2017;12:43;5258;RUA PDE MORORO;RUA PEDRO I;;0;;Colis?úo;Luz do Dia;;;Cruz;Pare;Comercial;0;1;0;0;0;0;0;0;0;1;0;0;-3,728123000000000;-38,538290000000000
326482;16;8;2017;12:49;0;AV GOV RAUL BARBOSA;;;5280;;Colis?úo;Luz do Dia;;;Meio de Quadra;;;0;1;0;1;0;0;0;0;0;0;0;0;-3,765712000000000;-38,508988000000000
326483;16;8;2017;14:56;0;AV GOV RAUL BARBOSA;;;0;;Colis?úo;Luz do Dia;;;Meio de Quadra;;;0;1;0;1;0;0;0;0;0;1;0;0;;
326484;16;8;2017;15:05;5235;RUA PRC ISABEL;RUA PEDRO PEREIRA;;0;;Colis?úo;Luz do Dia;;;Cruz;Pare;Comercial;0;1;0;0;0;0;0;0;0;1;0;0;-3,727353000000000;-38,535705000000000
326485;16;8;2017;16:05;0;RUA PORTO VELHO;;;1113;;Colis?úo;Luz do Dia;;;Meio de Quadra;;;0;1;0;1;0;0;0;0;0;1;0;0;-3,764324000000000;-38,590063000000000
326486;16;8;2017;17:06;0;AV WASHINGTON SOARES;;;0;;Colis?úo;Anoitecer;;;Meio de Quadra;;;0;1;0;0;0;0;0;0;0;1;0;0;;
326487;16;8;2017;17:12;0;AV CASTELO DE CASTRO;;;1547;;Colis?úo;Anoitecer;;;Meio de Quadra;;;0;2;0;0;0;0;0;0;0;1;0;0;-3,842979000000000;-38,521593000000000
326488;16;8;2017;17:18;6725;RUA JULIO AZEVEDO;RUA BENTO ALBUQUERQUE;;0;;Colis?úo;Anoitecer;;;Cruz;Pare;Residencial;0;1;0;1;0;0;0;0;0;1;0;0;-3,743861000000000;-38,482854000000000
326489;16;8;2017;18:13;0;AV SEN CARLOS JEREISSATI (AEROPORTO);;;0;;Colis?úo;Anoitecer;;;Meio de Quadra;;;0;1;0;1;0;0;0;0;0;1;0;0;;
326490;16;8;2017;19:11;0;RUA WALDIR DIOGO;;;878;;Colis?úo;;;;Meio de Quadra;;;0;3;0;0;0;0;0;0;0;0;0;0;-3,803904000000000;-38,586069000000000
326491;16;8;2017;19:25;0;AV ALBERTO CRAVEIRO;;;0;;Colis?úo;;;;Meio de Quadra;;;0;1;0;1;0;0;0;0;0;1;0;0;;
326492;16;8;2017;19:47;0;AV FILOMENO GOMES;;;0;;Colis?úo;;;;Meio de Quadra;;;0;1;0;0;0;0;0;0;0;0;0;0;;
326493;16;8;2017;20:17;0;AV JOAO PESSOA;;;6525;BAR AVI?âO;Atropelamento;;;;Meio de Quadra;;;0;1;0;0;0;0;0;0;0;0;0;1;-3,767307000000000;-38,559839000000000
326494;16;8;2017;20:31;0;RUA NOVA ESPERANCA;;;457;;Queda;;;;Meio de Quadra;;;0;1;0;0;0;1;0;0;0;0;0;0;;
326495;16;8;2017;21:52;0;RUA URUCUTUBA;;;2800;;Colis?úo;;;;Meio de Quadra;;;0;1;0;1;0;0;0;0;0;1;0;0;-3,798689000000000;-38,623380000000000
326496;16;8;2017;23:35;7211;AV PRS CASTELO BRANCO;AV DR THEBERGE;;0;;Colis?úo;;;;Cruz;Sem?íforo;Comercial;0;1;0;1;0;0;0;0;0;1;0;0;-3,710079000000000;-38,563456000000000
306775;16;8;2017;20:10;0;RUA LINHA FERREA;;;0;;Atropelamento;;;;Meio de Quadra;;;1;0;0;0;0;0;0;0;0;0;0;1;-3,761496000000000;-38,561204000000000
303875;17;8;2017;22:24;0;AV MR HULL;;;4035;;Queda;;;;Meio de Quadra;;;1;0;0;0;0;0;0;0;0;1;0;0;-3,738105000000000;-38,580937000000000
324299;17;8;2017;08:39;26150;RUA CRISTAIS PAULISTA;RUA AMANCIO PEREIRA;;0;;Colis?úo;Luz do Dia;;;Cruz;Pare;Comercial;0;1;1;1;0;0;0;0;0;1;0;0;-3,818428000000000;-38,523860000000000
324286;17;8;2017;01:56;0;AV ENG SANTANA JUNIOR;;;1345;;Capotamento;;;;Meio de Quadra;;;0;1;0;1;0;0;0;0;0;0;0;0;-3,739685000000000;-38,484614000000000
324284;17;8;2017;23:50;0;RUA NOSSA SRA DAS GRACAS;;;128;;Queda;;;;Meio de Quadra;;;0;1;0;0;0;1;0;0;0;0;0;0;-3,711495000000000;-38,549650000000000
324282;17;8;2017;22:46;5283;AV DOM MANUEL;AV SANTOS DUMONT;;0;;Colis?úo;;;;Cruz;Gesto;Comercial;0;1;0;0;0;0;0;0;0;0;0;0;-3,728774000000000;-38,521250000000000
324276;17;8;2017;19:39;0;RUA FRANCISCA CLOTILDE;;;1598;;Queda;;;;Meio de Quadra;;;0;1;0;0;0;1;0;0;0;0;0;0;-3,749932000000000;-38,559365000000000