COD_ACIDENTE;DIA;MES;ANO;HORA;INTERSECAO;LOG1;LOG2;LOG3;NUMERO;REFERENCIA;NATUREZA;ILUMINACAO;TEMPO;SUPERFICIEPISTA;TIPOCRUZAMENTO;CONTROLETRAFEGO;USOSOLO;MORTOS;FERIDOS;ILESOS;AUTOMOVEL;ONIBUS;BICICLETA;CAMINHAO;MICROONIBUS;CICLOMOTOR;MOTOCICLETA;TRACAOANIMAL;TREM;LATITUDE;LONGITUDE
324277;17;8;2017;20:32;4259;RUA NAT FEIJO;RUA PLACIDO CARVALHO;;0;;Colis?úo;;;;Cruz;Pare;Residencial;0;1;1;1;0;0;0;0;0;1;0;0;-3,721655000000000;-38,555624000000000
324272;17;8;2017;18:25;0;AV PERIMETRAL;;;104;;Colis?úo;Anoitecer;;;Meio de Quadra;;;0;1;0;0;0;0;0;0;0;0;0;0;;
324273;17;8;2017;18:56;0;RUA ROBERTO SILVA;;;261;;Atropelamento;;;;Meio de Quadra;;;0;1;1;1;0;0;0;0;0;0;0;0;-3,772471000000000;-38,474055000000000
324274;17;8;2017;19:23;0;RUA LUIS DE CASTRO;;;223;;Colis?úo;;;;Meio de Quadra;;;0;1;0;0;0;0;0;0;0;0;0;0;-3,777237000000000;-38,578013000000000
324192;17;8;2017;09:01;5463;RUA DNA LEOPOLDINA;RUA BARBARA DE ALENCAR;;0;;Colis?úo;Luz do Dia;;;Cruz;Pare;Comercial;0;1;1;1;0;0;0;0;0;1;0;0;-3,735695000000000;-38,521102000000000
324195;17;8;2017;10:16;0;RUA LUIS GUIMARAES;;;220;;Queda;Luz do Dia;;;Meio de Quadra;;;0;1;0;0;0;1;0;0;0;0;0;0;-3,722638800000000;-38,569809700000000
324189;17;8;2017;07:26;0;AV GODOFREDO MACIEL;;;6330;;Colis?úo;Luz do Dia;;;Meio de Quadra;;;0;1;1;1;0;0;0;0;0;1;0;0;-3,830962000000000;-38,580948000000000
324177;17;8;2017;05:18;0;AV SGT HERMINIO SAMPAIO;;;1310;;Queda;Amanhecer;;;Meio de Quadra;;;0;1;1;0;0;0;0;0;0;1;0;0;-3,724871000000000;-38,552335000000000
324186;17;8;2017;05:25;0;AV WASHINGTON SOARES;;;6920;;Queda;Amanhecer;;;Meio de Quadra;;;0;1;0;0;0;0;0;0;0;1;0;0;-3,816937000000000;-38,482947000000000
324187;17;8;2017;06:46;0;AV DOS EXPEDICIONARIOS;;;0;;Atropelamento;Luz do Dia;;;Meio de Quadra;;;0;1;0;0;0;0;0;0;0;0;0;0;;
324215;17;8;2017;11:06;0;RUA LUIS GUIMARAES;;;640;;Queda;Luz do Dia;;;Meio de Quadra;;;0;1;0;0;0;1;0;0;0;0;0;0;-3,720195203000000;-38,574348562000000
324198;17;8;2017;10:29;0;AV JOSE BASTOS;;;0;;Colis?úo;Luz do Dia;;;Meio de Quadra;;;0;1;1;1;0;0;0;0;0;1;0;0;;
324199;17;8;2017;10:32;0;RUA JULIO BRAGA;;;1635;;Colis?úo;Luz do Dia;;;Meio de Quadra;;;0;1;1;0;0;0;0;0;0;1;0;0;-3,773182000000000;-38,585181000000000
324236;17;8;2017;17:34;0;RUA PDE RODOLFO;;;800;;Colis?úo;Anoitecer;;;Meio de Quadra;;;0;1;0;0;0;0;0;0;0;0;0;0;-3,804394000000000;-38,586685000000000
324239;17;8;2017;17:55;3771;AV DOMINGOS OLIMPIO;AV DA UNIVERSIDADE;;0;;Queda;Anoitecer;;;Cruz;Sem?íforo;Comercial;0;1;0;0;0;1;0;0;0;0;0;0;-3,735594000000000;-38,534216000000000
324217;17;8;2017;12:11;19688;RUA AZEVEDO BOLAO;RUA PRO RAIMUNDO ARRUDA;;0;;Colis?úo;Luz do Dia;;;Cruz;Pare;Residencial;0;1;1;1;0;0;0;0;0;1;0;0;-3,735414000000000;-38,551701000000000
324218;17;8;2017;12:15;0;AV WASHINGTON SOARES;;;1400;;Colis?úo;Luz do Dia;;;Meio de Quadra;;;0;1;1;1;0;0;0;0;0;1;0;0;-3,771402000000000;-38,482033000000000
324219;17;8;2017;12:26;0;RUA ALAGOAS;;;3731;;Colis?úo;Luz do Dia;;;Meio de Quadra;;;0;1;1;1;0;0;0;0;0;1;0;0;-3,750234000000000;-38,580052000000000
324221;17;8;2017;13:03;0;RUA CON DE CASTRO;;;0;;Capotamento;Luz do Dia;;;Meio de Quadra;;;0;1;0;1;0;0;0;0;0;0;0;0;;
324222;17;8;2017;13:07;0;RUA SALVADOR CORREIA SA;;;948;;Colis?úo;Luz do Dia;;;Meio de Quadra;;;0;1;1;1;0;0;0;0;0;1;0;0;-3,796769000000000;-38,474722000000000
324225;17;8;2017;13:10;1358;AV SANTOS DUMONT;AV DES MOREIRA;;0;;Colis?úo;Luz do Dia;;;Cruz;Sem?íforo;Comercial;0;1;0;0;0;0;0;0;0;0;0;0;-3,736226000000000;-38,498365000000000
324227;17;8;2017;13:47;0;AV CARNEIRO DE MENDONCA;;;456;;Capotamento;Luz do Dia;;;Meio de Quadra;;;0;1;0;1;0;0;0;0;0;0;0;0;-3,765863000000000;-38,563075000000000
324228;17;8;2017;15:49;0;AV PERIMETRAL;;;0;;Colis?úo;Luz do Dia;;;Meio de Quadra;;;0;1;0;0;0;0;0;0;0;0;0;0;;
324230;17;8;2017;16:23;0;AV ODILON GUIMARAES;;;0;;Queda;Luz do Dia;;;Meio de Quadra;;;0;1;0;0;0;0;0;0;0;1;0;0;;
324690;17;8;2017;06:40;0;RD CE-040;;;0;KM-09;Colis?úo;Luz do Dia;;Seca;Meio de Quadra;;;0;0;2;1;0;0;0;0;0;1;0;0;-3,834450897000000;-38,482465820000000
324692;17;8;2017;11:55;0;RD CE-040;;;0;KM-06;Colis?úo;Luz do Dia;;Seca;Meio de Quadra;;;0;0;2;1;1;0;0;0;0;0;0;0;-3,809596804000000;-38,478733480000000
324693;17;8;2017;12:40;0;RD CE-040;;;0;KM-03;Colis?úo;Luz do Dia;;Seca;Meio de Quadra;;;0;1;2;1;0;0;0;0;0;0;0;0;-3,782614325000000;-38,481083900000000
310620;17;8;2017;12:05;0;RUA ARQ REGINALDO RANGEL;;;55;;Colis?úo Frontal;Luz do Dia;Bom;Seca;Meio de Quadra;N?úo H?í Controle;Residencial;0;0;2;1;0;0;0;0;0;0;0;0;-3,745524400000000;-38,483670000000000
310621;17;8;2017;14:12;0;AV OLIVEIRA PAIVA;;;0;;Queda;Luz do Dia;Bom;Seca;Meio de Quadra;N?úo H?í Controle;Comercial;0;0;1;1;0;0;0;0;0;0;0;0;-3,796250800000000;-38,486233000000000
310622;17;8;2017;15:00;0;RUA PRO DIAS DA ROCHA;;;579;;Colis?úo Lateral;Luz do Dia;Bom;Seca;Meio de Quadra;N?úo H?í Controle;Comercial;0;1;1;1;0;0;0;0;0;1;0;0;-3,734784800000000;-38,491486000000000
310623;17;8;2017;16:28;0;RUA CEARA;;;6008;;Colis?úo Traseira;Luz do Dia;Bom;Seca;Meio de Quadra;N?úo H?í Controle;Residencial;0;0;2;1;0;0;0;1;0;0;0;0;-3,763258000000000;-38,558580000000000
310624;17;8;2017;16:51;0;RUA LEONARDO MOTA;;;722;;Colis?úo Lateral;Luz do Dia;Bom;Seca;Cruz;Pare;Comercial;0;0;2;1;0;0;0;0;0;0;0;0;-3,732919700000000;-38,495064000000000
310625;17;8;2017;18:38;0;AV PRS COSTA E SILVA;RUA 11 CJ JOSE WALTER;;0;;Colis?úo Lateral;Anoitecer;Bom;Seca;T;Sem?íforo;Residencial;0;1;1;0;1;1;0;0;0;0;0;0;-3,815255900000000;-38,569187000000000
310612;17;8;2017;00:41;7754;RUA JOSE VILAR;AV ANTONIO SALES;;0;;Colis?úo Traseira;Via Iluminada;Bom;Seca;Meio de Quadra;Sem?íforo;Comercial;0;0;2;1;0;0;0;0;0;0;0;0;-3,744298700000000;-38,507385000000000
310614;17;8;2017;07:48;1576;RUA CEL JUCA;AV PDE ANTONIO TOMAS;;0;;Colis?úo Traseira;Luz do Dia;Bom;Seca;Outros;N?úo H?í Controle;Comercial;0;0;2;1;0;0;0;0;0;0;0;0;-3,742392000000000;-38,492803000000000
310615;17;8;2017;08:38;5709;AV OLIVEIRA PAIVA;AV DES GONZAGA;;0;;Colis?úo Traseira;Luz do Dia;Bom;Seca;Cruz;Sem?íforo;Lazer;0;0;2;1;0;0;0;0;0;0;0;0;-3,797170400000000;-38,500298000000000
310616;17;8;2017;08:46;0;AV ALBERTO CRAVEIRO;;;822;;Colis?úo Traseira;Luz do Dia;Bom;Seca;Meio de Quadra;N?úo H?í Controle;Comercial;0;0;2;1;0;0;0;0;0;0;0;0;-3,785864400000000;-38,516968000000000
310617;17;8;2017;08:51;1337;AV SANTOS DUMONT;RUA OSVALDO CRUZ (ALDEOTA);;0;;Colis?úo Lateral;Luz do Dia;Bom;Seca;Cruz;Sem?íforo;Comercial;0;0;2;1;1;0;0;0;0;0;0;0;-3,735681500000000;-38,500362000000000
310618;17;8;2017;10:59;5284;RUA PEDRO I;RUA PRC ISABEL;;0;;Colis?úo Transversal;Luz do Dia;Bom;Seca;Cruz;Pare;Comercial;0;1;0;0;0;0;0;0;0;1;0;0;-3,728715400000000;-38,536125000000000
310627;17;8;2017;20:17;0;RUA PDE VALDEVINO;;;810;;Colis?úo Traseira;Mal Iluminada;Bom;Seca;;;;0;1;1;1;0;0;0;0;0;1;0;0;-3,739128400000000;-38,516870000000000
310628;17;8;2017;19:38;26223;AV CHANC EDSON QUEIROZ;RUA ALBERTO FEITOSA LIMA;;0;;Colis?úo Lateral;Via Iluminada;Bom;Seca;Cruz;Pare;Comercial;0;0;2;1;0;0;0;0;0;0;0;0;-3,767065800000000;-38,484417000000000
310637;17;8;2017;07:30;12737;RUA MAJ WEYNE;RUA GRIJALVA COSTA;;0;;Colis?úo Lateral;Luz do Dia;Bom;Seca;Cruz;Pare;Comercial;0;0;2;1;0;0;0;0;0;0;0;0;-3,751506600000000;-38,541080000000000
310781;17;8;2017;13:31;0;RUA CON DE CASTRO;;;4126;;Tombamento;Luz do Dia;Bom;Seca;N?úo Informado;Sem?íforo;Residencial;0;0;2;1;0;0;0;0;0;0;0;0;-3,802160300000000;-38,589466000000000
306696;17;8;2017;15:10;0;AV CARNEIRO DE MENDONCA;;;333;;Colis?úo Lateral;Luz do Dia;Bom;Seca;Meio de Quadra;N?úo H?í Controle;Comercial;0;0;3;1;0;0;0;1;0;0;0;0;-3,766049000000000;-38,562630000000000
306689;17;8;2017;13:45;0;RUA RAIMUNDO NERY;;;810;;Colis?úo Lateral;Luz do Dia;Bom;Seca;Meio de Quadra;Sem?íforo;Comercial;0;0;2;1;0;0;0;0;0;0;0;0;-3,790611900000000;-38,587837600000000
306711;17;8;2017;08:20;0;AV PONTES VIEIRA;;;3675;;Colis?úo Traseira;Luz do Dia;Bom;Seca;Meio de Quadra;Sem?íforo;Comercial;0;0;2;1;0;0;0;0;0;0;0;0;-3,753519000000000;-38,520162000000000
306717;17;8;2017;19:00;0;AV OLAVO BILAC;;;0;;Colis?úo Frontal;Via Iluminada;Bom;Seca;Meio de Quadra;Sem?íforo Manual;Residencial;0;0;2;0;0;0;0;0;0;1;0;0;;
306706;17;8;2017;15:38;4021;AV PRO GOMES DE MATOS;RUA DES PRAXEDES;;0;;Colis?úo Traseira;Luz do Dia;Bom;Seca;Cruz;Sem?íforo Intermitente;Comercial;0;0;3;1;0;0;0;0;0;0;0;0;-3,761872000000000;-38,546229000000000
310648;18;8;2017;18:45;15269;AV RUI BARBOSA;RUA TEN BENEVOLO;;0;;Colis?úo Transversal;Via Iluminada;Bom;Seca;Cruz;Sem?íforo;Residencial;0;0;2;1;0;0;0;0;0;0;0;0;-3,728673500000000;-38,507133000000000
310649;18;8;2017;19:11;0;AV PRS COSTA E SILVA;;;0;;Colis?úo Traseira;Via Iluminada;Bom;Seca;Meio de Quadra;N?úo H?í Controle;Comercial;0;0;2;1;0;0;0;0;0;0;0;0;-3,825477800000000;-38,540756000000000
310650;18;8;2017;19:40;502;AV SEN FERNANDES TAVORA;RUA PRO VIRGILIO DE MORAIS;;0;;Colis?úo Transversal;Via Iluminada;Bom;Seca;Cruz;Sem?íforo;Comercial;0;1;1;1;0;0;0;0;0;1;0;0;-3,755232600000000;-38,597350000000000
310651;18;8;2017;19:57;1475;AV SANTOS DUMONT;RUA FONSECA LOBO;;0;;Colis?úo Transversal;Via Iluminada;Bom;Seca;Cruz;Pare;Comercial;0;0;2;1;0;0;0;0;0;0;0;0;-3,739006800000000;-38,489510000000000
310652;18;8;2017;21:27;10044;RUA EMILIO DE MENESES;RUA ANTONIO NERY;;0;;Colis?úo Transversal;Via Iluminada;Bom;Seca;Cruz;Sem?íforo;Comercial;0;1;1;0;0;0;0;0;0;1;0;0;-3,778111500000000;-38,600166000000000
310653;18;8;2017;21:59;17283;RUA QUEIROZ RIBEIRO;RUA BENJAMIN CARNEIRO GIRAO;;0;;Colis?úo Transversal;Via Iluminada;Bom;Seca;Cruz;Pare;Residencial;0;0;2;1;0;0;0;0;0;0;0;0;-3,762764000000000;-38,545704000000000
310630;18;8;2017;07:35;0;AV DEP PAULINO ROCHA;;;0;;Colis?úo Traseira;Luz do Dia;Nublado;Seca;Meio de Quadra;N?úo H?í Controle;Comercial;0;0;2;1;0;0;0;0;0;0;0;0;-3,811343700000000;-38,514950000000000
310631;18;8;2017;08:18;5395;RUA ANTONIO POMPEU;RUA TEREZA CRISTINA;;0;;Colis?úo Transversal;Luz do Dia;Bom;Seca;Cruz;Pare;Comercial;0;1;1;1;0;0;0;0;0;0;0;0;-3,732212500000000;-38,538380000000000
310633;18;8;2017;08:51;5187;RUA BAR RIO BRANCO;RUA SAO PAULO;;0;;Colis?úo Lateral;Luz do Dia;Bom;Seca;Cruz;Sem?íforo;Comercial;0;0;2;1;0;0;0;0;0;0;0;0;-3,725804800000000;-38,527885000000000
310634;18;8;2017;09:05;0;AV JOSE BASTOS;;;3390;HEMOCE;Atropelamento;Luz do Dia;Bom;Seca;Meio de Quadra;Sem?íforo;Comercial;0;1;2;1;0;0;0;0;0;1;0;0;-3,749170000000000;-38,549644000000000
310635;18;8;2017;08:42;0;AV PRS COSTA E SILVA;;;1736;;Colis?úo Lateral;Luz do Dia;Bom;Seca;Meio de Quadra;Sem?íforo;Comercial;0;0;2;1;0;0;0;0;0;0;0;0;-3,817638000000000;-38,565480000000000
310636;18;8;2017;09:04;0;RUA GAL SILVA JUNIOR;;;610;;Colis?úo Lateral;Luz do Dia;Bom;Seca;Meio de Quadra;N?úo H?í Controle;Comercial;0;0;2;1;0;0;0;0;0;0;0;0;-3,754523000000000;-38,530926000000000
310639;18;8;2017;08:55;0;AV MON TABOSA;;;287;;Colis?úo Lateral;Luz do Dia;Bom;Seca;Meio de Quadra;N?úo H?í Controle;Comercial;0;0;2;1;0;0;0;0;0;0;0;0;-3,723740300000000;-38,516770000000000
310640;18;8;2017;09:51;19539;AV DR SILAS MUNGUBA;RUA EQUADOR;;0;;Colis?úo Lateral;Luz do Dia;Nublado;Seca;Cruz;Sem?íforo;Comercial;0;0;2;1;0;0;0;0;0;0;0;0;-3,782234000000000;-38,555320000000000
310641;18;8;2017;08:55;0;AV JOAO PESSOA;;;5994;;Atropelamento;Luz do Dia;Bom;Seca;Meio de Quadra;N?úo H?í Controle;Comercial;0;1;1;0;1;0;0;0;0;0;0;0;-3,763080000000000;-38,558120000000000
310642;18;8;2017;11:10;5186;RUA SEN ALMIR PINTO;RUA CONDE D??EU;;0;;Colis?úo Traseira;Luz do Dia;Bom;Seca;Outros;Pare;Comercial;0;0;2;1;0;0;0;0;0;0;0;0;-3,725855400000000;-38,525610000000000
310643;18;8;2017;13:38;1347;RUA BAR ARACATI;RUA JOAO CARVALHO;;0;;Colis?úo Transversal;Luz do Dia;Bom;Seca;T;Pare;Residencial;0;0;2;1;0;0;0;0;0;0;0;0;-3,735911100000000;-38,512928000000000
310644;18;8;2017;15:09;0;AV JOR THOMAZ COELHO;;;55;;Colis?úo Traseira;Luz do Dia;Bom;Seca;Meio de Quadra;N?úo H?í Controle;Residencial;0;0;2;1;0;0;0;0;0;1;0;0;-3,831845000000000;-38,495800000000000
310645;18;8;2017;16:23;0;AV RUI BARBOSA;;;1691;;Colis?úo Traseira;Luz do Dia;Bom;Seca;Cruz;Pare;Comercial;0;0;1;1;0;0;0;0;0;0;0;0;-3,737721400000000;-38,510014000000000
310646;18;8;2017;15:21;25125;RUA DNA LEOPOLDINA;RUA ROCHA LIMA;;0;;Colis?úo Transversal;Luz do Dia;Bom;Seca;Cruz;Pare;Residencial;0;1;2;1;0;0;0;0;0;0;0;0;-3,736689000000000;-38,521370000000000
310868;18;8;2017;23:55;10999;RUA 15 DE NOVEMBRO;RUA ALBERTO MAGNO;;0;;Colis?úo Transversal;Via Iluminada;Bom;Seca;Cruz;Pare;Residencial;0;2;0;0;0;0;0;0;0;1;0;0;-3,778298600000000;-38,597170000000000
324698;18;8;2017;11:22;0;AV SEN CARLOS JEREISSATI (AEROPORTO);;;0;KM 03;Colis?úo;Luz do Dia;;Seca;Meio de Quadra;;;0;0;2;1;0;0;0;0;0;0;0;0;-3,779641000000000;-38,544038000000000
324696;18;8;2017;07:50;0;RD CE-040;;;0;KM-09;Colis?úo;Luz do Dia;;Seca;Meio de Quadra;;;0;0;2;1;0;0;0;0;0;0;0;0;-3,834450897000000;-38,482465820000000
324287;18;8;2017;08:00;0;AV JOSE BASTOS;;;0;;Atropelamento;Luz do Dia;;;Meio de Quadra;;;0;1;1;0;0;0;0;0;0;1;0;0;;
324305;18;8;2017;08:56;0;AV JOR THOMAZ COELHO;;;0;;Colis?úo;Luz do Dia;;;Meio de Quadra;;;0;1;1;0;0;0;1;0;0;1;0;0;;
324301;18;8;2017;08:51;0;AV JOAO PESSOA;;;3000;;Atropelamento;Luz do Dia;;;Meio de Quadra;;;0;1;1;0;1;0;0;0;0;0;0;0;;
324296;18;8;2017;08:07;0;AV JOSE BASTOS;;;0;;Atropelamento;Luz do Dia;;;Meio de Quadra;;;0;2;0;0;0;0;0;0;0;1;0;0;;
324298;18;8;2017;08:33;0;AV SGT HERMINIO SAMPAIO;;;4454;;Atropelamento;Luz do Dia;;;Meio de Quadra;;;0;1;0;0;0;0;0;0;0;0;0;0;-3,731745000000000;-38,579822000000000
324313;18;8;2017;13:08;0;RUA JULIO SILVA;;;440;;Atropelamento;Luz do Dia;;;Meio de Quadra;;;0;1;1;0;0;1;0;0;0;0;0;0;;
324311;18;8;2017;12:24;0;RUA PDE GUERRA;;;1120;;Queda;Luz do Dia;;;Meio de Quadra;;;0;1;0;0;0;1;0;0;0;0;0;0;-3,738317000000000;-38,554544000000000
324308;18;8;2017;09:26;0;AV ENG HUMBERTO MONTE;;;0;;Queda;Luz do Dia;;;Meio de Quadra;;;0;1;0;0;0;1;0;0;0;0;0;0;;
324309;18;8;2017;12:09;0;AV GAL OSORIO DE PAIVA;;;7732;;Colis?úo;Luz do Dia;;;Meio de Quadra;;;0;1;1;1;0;0;0;0;0;1;0;0;-3,820281000000000;-38,617139000000000
324348;18;8;2017;22:03;0;AV ENG SANTANA JUNIOR;;;0;;Colis?úo;;;;Meio de Quadra;;;0;1;0;0;0;0;0;0;0;0;0;0;;
324343;18;8;2017;17:55;0;AV N CJ CEARA;;;1580;;Colis?úo;Anoitecer;;;Meio de Quadra;;;0;1;0;0;0;0;0;0;0;0;0;0;;
324344;18;8;2017;21:09;0;RUA RISO DO PRADO;;;2335;;Queda;;;;Meio de Quadra;;;0;1;0;0;0;1;0;0;0;0;0;0;-3,778680800000000;-38,582370600000000
324346;18;8;2017;21:12;0;RUA INACIO VASCONCELOS;;;263;;Colis?úo;;;;Meio de Quadra;;;0;1;0;0;0;0;0;0;0;0;0;0;-3,813037000000000;-38,497060000000000
324341;18;8;2017;17:31;23685;RUA DOM HENRIQUE;RUA COSTA FREIRE;;0;;Colis?úo;Anoitecer;;;Cruz;Pare;Residencial;0;1;0;0;0;0;0;0;0;0;0;0;-3,788134000000000;-38,580887000000000
324338;18;8;2017;16:27;0;AV ANTONIO JUSTA;;;3517;;Atropelamento;Luz do Dia;;;Meio de Quadra;;;0;1;1;1;0;0;0;0;0;0;0;0;-3,729285600000000;-38,489385300000000
324339;18;8;2017;17:30;0;AV JOSE BASTOS;;;5300;;Atropelamento;Anoitecer;;;Meio de Quadra;;;0;1;1;0;0;0;0;0;0;1;0;0;-3,758866000000000;-38,563394000000000
324336;18;8;2017;15:32;0;AV ENG ALBERTO SA;;;920;;Colis?úo;Luz do Dia;;;Meio de Quadra;;;0;1;0;0;0;0;0;0;0;0;0;0;-3,735127000000000;-38,473868000000000
306732;18;8;2017;09:33;0;AV RUI BARBOSA;;;1677;;Engavetamento;Luz do Dia;Bom;Seca;Meio de Quadra;Sem?íforo;Residencial;0;0;3;1;0;0;0;0;0;0;0;0;-3,737601000000000;-38,509952000000000
306738;18;8;2017;15:40;7983;AV JOAO PESSOA;RUA JOAO SORONGO;;0;;Colis?úo Transversal;Luz do Dia;Bom;Seca;Cruz;Pare;Residencial;0;0;2;1;1;0;0;0;0;0;0;0;-3,748663000000000;-38,546069000000000
306743;18;8;2017;14:40;19689;RUA DOM LINO;RUA GUSTAVO SAMPAIO;;0;;Colis?úo Transversal;Luz do Dia;Bom;Seca;Cruz;Pare;Residencial;0;1;1;1;0;0;0;0;0;0;0;0;-3,735435000000000;-38,557313000000000
306736;18;8;2017;10:00;1332;AV DOM LUIS;RUA CEL LINHARES;;0;;Colis?úo Lateral;Luz do Dia;Bom;Seca;Cruz;Outros;Comercial;0;0;2;1;0;0;0;0;0;0;0;0;-3,734513000000000;-38,493503000000000
306728;18;8;2017;08:50;0;AV 13 DE MAIO;;;1251;;Colis?úo Lateral;Luz do Dia;Bom;Seca;Meio de Quadra;N?úo H?í Controle;Comercial;0;0;2;1;1;0;0;0;0;0;0;0;-3,748709000000000;-38,530043000000000
306729;18;8;2017;15:17;3199;RUA VITAL BRASIL;RUA VERBENA;;0;;Colis?úo Lateral;Luz do Dia;Bom;Seca;Cruz;Sem?íforo;Comercial;0;1;1;1;0;0;0;0;0;1;0;0;-3,780666000000000;-38,588650000000000
324401;19;8;2017;09:54;0;RUA PLACIDO CARVALHO;;;391;;Colis?úo;Luz do Dia;;;Meio de Quadra;;;0;1;0;0;0;0;0;0;0;0;0;0;-3,721834700000000;-38,555522000000000
324407;19;8;2017;12:47;0;RUA COSTA BARROS;;;225;;Atropelamento;Luz do Dia;;;Meio de Quadra;;;0;1;0;0;0;0;0;0;0;0;0;0;-3,727081000000000;-38,521708000000000
324408;19;8;2017;15:50;0;RUA VITAL BRASIL;;;1971;;Colis?úo;Luz do Dia;;;Meio de Quadra;;;0;1;0;0;0;0;0;0;0;0;0;0;-3,777796000000000;-38,598794000000000
324409;19;8;2017;16:23;0;RUA RAUL CABRAL;;;622;;Colis?úo;Luz do Dia;;;Meio de Quadra;;;0;1;1;1;0;0;0;0;0;1;0;0;-3,769138000000000;-38,544103000000000
324394;19;8;2017;07:23;0;RD BR 116;;;15000;KM-15;Colis?úo;Luz do Dia;;Seca;Meio de Quadra;;;0;2;0;1;0;0;0;0;0;1;0;0;-3,882329000000000;-38,501113000000000
324391;19;8;2017;05:16;0;AV ENG SANTANA JUNIOR;;;2900;;Atropelamento;Amanhecer;;;Meio de Quadra;;;0;1;1;1;0;0;0;0;0;0;0;0;-3,746749000000000;-38,489480000000000
324397;19;8;2017;08:37;0;RUA ESTADO DO RIO;;;751;;Colis?úo;Luz do Dia;;;Meio de Quadra;;;0;1;1;1;0;0;0;0;0;1;0;0;-3,757695000000000;-38,570349000000000
324389;19;8;2017;02:59;0;AV MR HULL;;;3836;;Colis?úo;;;;Meio de Quadra;;;0;1;0;0;0;0;0;0;0;0;0;0;-3,737842000000000;-38,578725000000000
324372;19;8;2017;00:38;0;RUA JOSE CANDIDO D08;;;396;;Colis?úo;;;;Meio de Quadra;;;0;1;1;1;0;1;0;0;0;0;0;0;-3,728401000000000;-38,550919000000000
324373;19;8;2017;01:17;0;RUA JOSE GOMES DE MOURA;;;404;;Colis?úo;;;;Meio de Quadra;;;0;1;0;0;0;0;0;0;0;0;0;0;;
324375;19;8;2017;01:36;0;AV GAL OSORIO DE PAIVA;;;7000;;Queda;;;;Meio de Quadra;;;0;1;0;0;0;0;0;0;0;1;0;0;-3,814205000000000;-38,611278000000000
324471;19;8;2017;22:23;0;AV AUGUSTO DOS ANJOS;;;0;;Colis?úo;;;;Meio de Quadra;;;0;1;1;1;0;0;0;0;0;1;0;0;;
324463;19;8;2017;19:57;10007;RUA ANTONIO NERY;RUA TEODORO DE CASTRO;;0;;Colis?úo;;;;Cruz;Pare;Residencial;0;1;1;1;0;0;0;0;0;1;0;0;-3,780899000000000;-38,600953000000000
324469;19;8;2017;21:19;0;RUA MARIA GOMES DE SA;;;991;;Colis?úo;;;;Meio de Quadra;;;0;1;0;0;0;0;0;0;0;0;0;0;-3,826585000000000;-38,580537000000000
324454;19;8;2017;19:38;0;AV PERIMETRAL;;;2670;;Atropelamento;;;;Meio de Quadra;;;0;1;0;0;0;0;0;0;0;0;0;0;;
324456;19;8;2017;19:54;0;AV CASTELO DE CASTRO;;;0;;Colis?úo;;;;Meio de Quadra;;;0;1;0;0;0;0;0;0;0;0;0;0;;
324452;19;8;2017;19:36;0;AV JOR THOMAZ COELHO;;;1890;;Colis?úo;;;;Meio de Quadra;;;0;1;0;0;0;0;0;0;0;0;0;0;-3,829011353000000;-38,511983059000000
324446;19;8;2017;19:07;0;AV 20 DE JANEIRO;;;2482;;Colis?úo;;;;Meio de Quadra;;;0;1;1;1;0;0;0;0;0;1;0;0;-3,702274000000000;-38,588901000000000
324447;19;8;2017;19:19;0;RUA VITAL BRASIL;;;1911;;Colis?úo;;;;Meio de Quadra;;;0;1;0;0;0;0;0;0;0;0;0;0;-3,778033000000000;-38,597916000000000
324448;19;8;2017;19:29;0;RUA TIM MAIA;;;313;;Queda;;;;Meio de Quadra;;;0;1;0;0;0;1;0;0;0;0;0;0;-3,749837500000000;-38,568438700000000
324429;19;8;2017;18:40;0;RUA DOM HENRIQUE;;;0;;Colis?úo;;;;Meio de Quadra;;;0;1;1;1;0;0;0;0;0;1;0;0;;
324434;19;8;2017;18:57;0;AV BEIRA MAR;;;3821;;Queda;;;;Meio de Quadra;;;0;1;0;0;0;0;0;0;0;1;0;0;;
324411;19;8;2017;16:46;0;AV PRO JOSE ARTHUR CARVALHO;;;516;;Atropelamento;Luz do Dia;;;Meio de Quadra;;;0;1;1;0;0;0;0;0;0;1;0;0;-3,826391324000000;-38,473941341000000
324403;19;8;2017;10:38;0;RUA SEN ROBERT KENNEDY;;;601;;Queda;Luz do Dia;;;Meio de Quadra;;;0;1;0;0;0;0;0;0;0;1;0;0;-3,705628000000000;-38,579759000000000
324404;19;8;2017;10:57;1576;AV PDE ANTONIO TOMAS;RUA CEL JUCA;;0;;Colis?úo;Luz do Dia;;;Cruz;Sem?íforo;Escola;0;1;0;0;0;0;0;0;0;0;0;0;-3,742392000000000;-38,492803000000000
324424;19;8;2017;18:27;0;RD QUARTO ANEL VIARIO;;;0;;Queda;Anoitecer;;;Meio de Quadra;;;0;1;0;0;0;0;0;0;0;1;0;0;;
324426;19;8;2017;18:29;0;RUA JORGE DUMAR;;;2089;;Colis?úo;Anoitecer;;;Meio de Quadra;;;0;1;0;0;0;0;0;0;0;0;0;0;-3,754197000000000;-38,539717000000000
324422;19;8;2017;18:07;0;RUA JACAUNA;;;263;;Queda;Anoitecer;;;Meio de Quadra;;;0;1;0;0;0;0;0;0;0;1;0;0;-3,702193323000000;-38,581347332000000