COD_ACIDENTE;DIA;MES;ANO;HORA;INTERSECAO;LOG1;LOG2;LOG3;NUMERO;REFERENCIA;NATUREZA;ILUMINACAO;TEMPO;SUPERFICIEPISTA;TIPOCRUZAMENTO;CONTROLETRAFEGO;USOSOLO;MORTOS;FERIDOS;ILESOS;AUTOMOVEL;ONIBUS;BICICLETA;CAMINHAO;MICROONIBUS;CICLOMOTOR;MOTOCICLETA;TRACAOANIMAL;TREM;LATITUDE;LONGITUDE
324700;19;8;2017;09:30;0;RD CE-040;;;0;KM-02;Colis?úo;Luz do Dia;;Seca;Meio de Quadra;;;0;0;2;1;0;0;0;0;0;0;0;0;-3,773616148000000;-38,481799400000000
311300;19;8;2017;21:10;24816;AV MOZART PINHEIRO DE LUCENA;RUA 24 CJ BEIRA RIO;;0;;Colis?úo Transversal;Via Iluminada;Bom;Seca;Cruz;Pare;Comercial;0;0;1;1;0;0;0;0;0;0;0;0;-3,718672500000000;-38,595905000000000
310662;19;8;2017;09:00;0;RUA CHICO LEMOS;RUA AMADEU DE CASTRO;;0;;Colis?úo Transversal;Luz do Dia;Nublado;Seca;Meio de Quadra;Pare;Comercial;0;1;1;1;0;0;0;0;0;0;0;0;-3,793971300000000;-38,497948000000000
310654;19;8;2017;03:42;0;RUA PDE VALDEVINO;RUA OSVALDO CRUZ;;0;;Choque c/ Obst?ículo Fixo;Via Iluminada;Bom;Seca;Cruz;Sem?íforo;Comercial;0;0;1;1;0;0;0;0;0;0;0;0;-3,743490000000000;-38,502903000000000
310655;19;8;2017;10:18;12518;AV AUGUSTO DOS ANJOS;RUA CUIABA;;0;;Colis?úo Lateral;Luz do Dia;Nublado;Seca;Meio de Quadra;N?úo H?í Controle;Comercial;0;0;2;1;0;0;0;0;0;0;0;0;-3,742422300000000;-38,565147000000000
310656;19;8;2017;11:13;1884;RUA DOCA SALES;RUA PDE PEDRO DE ALENCAR;;0;;Colis?úo Traseira;Luz do Dia;Bom;Seca;T;Pare;Residencial;0;0;1;1;0;0;0;0;0;1;0;0;-3,843634800000000;-38,494453000000000
310657;19;8;2017;14:38;0;AV FILOMENO GOMES;RUA MARIA LUIZA;;0;;Colis?úo Transversal;Luz do Dia;Bom;Seca;T;N?úo H?í Controle;Comercial;0;0;1;1;0;0;0;0;0;0;0;0;-3,718535700000000;-38,541805000000000
310658;19;8;2017;14:16;0;AV GAL OSORIO DE PAIVA;;;48;;Colis?úo Lateral;Luz do Dia;Bom;Seca;Meio de Quadra;N?úo H?í Controle;Residencial;0;0;2;1;0;0;0;1;0;0;0;0;-3,772487900000000;-38,562725000000000
310659;19;8;2017;15:48;5364;AV TRISTAO GONCALVES;RUA GAL CLARINDO DE QUEIROZ;;0;;Colis?úo Transversal;Luz do Dia;Bom;Seca;Cruz;Pare;Comercial;0;1;1;0;1;0;0;0;0;1;0;0;-3,731246000000000;-38,534490000000000
310660;19;8;2017;20:00;0;RUA VINTE QUATRO DE MAIO;RUA ANTONIO POMPEU;;0;;Colis?úo Transversal;Via Iluminada;Bom;Seca;Cruz;Pare;Comercial;0;0;2;0;0;0;0;0;0;0;0;0;-3,733677900000000;-38,534157000000000
306693;19;8;2017;09:00;0;RUA JULIO IBIAPINA;;;50;;Colis?úo Transversal;Luz do Dia;Bom;Seca;Meio de Quadra;Outros;Comercial;0;0;2;1;0;0;0;0;0;0;0;0;;
306694;19;8;2017;08:20;2614;AV CEL CARVALHO;RUA DES HERMES PARAHYBA;;0;;Colis?úo Traseira;Luz do Dia;Bom;Seca;Cruz;Sem?íforo;Comercial;0;0;2;1;0;0;0;0;0;0;0;0;-3,713855000000000;-38,588830000000000
306699;19;8;2017;13:00;25024;RUA COSTA BARROS;RUA VINTE E CINCO DE MARCO;;0;;Atropelamento;Luz do Dia;Bom;Seca;Cruz;Sem?íforo;Misto;0;1;1;1;0;0;0;0;0;0;0;0;-3,727056000000000;-38,521787000000000
306700;19;8;2017;12:05;0;RUA JUNIOR ROCHA;;;1261;;Colis?úo Frontal;Luz do Dia;Bom;Seca;Meio de Quadra;N?úo H?í Controle;Residencial;0;1;0;0;0;0;0;0;0;1;0;0;;
306701;19;8;2017;21:10;0;RUA DEP OSWALDO STUDART;;;888;;Colis?úo Lateral;Via Iluminada;Bom;Seca;Meio de Quadra;N?úo H?í Controle;Comercial;0;0;2;1;0;0;0;0;0;0;0;0;-3,758085000000000;-38,532090000000000
306702;20;8;2017;14:20;21801;RUA DEP MATOSO FILHO;RUA GONCALO BEZERRA;;0;;Colis?úo Lateral;Luz do Dia;;;Cruz;Pare;Residencial;0;0;2;1;0;0;0;0;0;1;0;0;-3,730140000000000;-38,585256000000000
306703;20;8;2017;21:30;18510;RUA TEN MARQUES;RUA MEXICO;;0;;Colis?úo Frontal;;;;Cruz;Pare;Residencial;0;2;1;1;0;0;0;0;0;1;0;0;-3,734792000000000;-38,573257000000000
306698;20;8;2017;17:30;5039;RUA PESSOA ANTA;AV ALBERTO NEPOMUCENO;;0;;Colis?úo Traseira;Anoitecer;;;Cruz;Sem?íforo;Comercial;0;0;3;0;1;0;0;0;0;1;0;0;-3,721257000000000;-38,523212000000000
306705;20;8;2017;23:20;25872;AV 13 DE MAIO;RUA STO ANTONIO D12;;0;;Colis?úo Transversal;;;;T;Outros;Residencial;0;0;2;1;0;0;0;0;0;0;0;0;-3,742945000000000;-38,536795000000000
310661;20;8;2017;01:37;0;AV FRANCISCO SA;;;5814;;Colis?úo Frontal;Via Iluminada;Bom;Seca;Outros;N?úo H?í Controle;Comercial;0;0;1;1;0;0;0;0;0;0;0;0;-3,711143000000000;-38,575800000000000
310688;20;8;2017;10:25;25447;RUA HOLANDA;RUA FRANCISCO GLICERIO;;0;;Colis?úo Traseira;Luz do Dia;Bom;Seca;T;N?úo H?í Controle;Comercial;0;0;2;1;0;0;0;0;0;0;0;0;-3,798180600000000;-38,562435000000000
310663;20;8;2017;07:34;0;RUA ALM RUBIM;;;1723;;Choque c/ Obst?ículo Fixo;Via Iluminada;Bom;Seca;Meio de Quadra;N?úo H?í Controle;Comercial;0;0;0;1;0;0;0;0;0;0;0;0;-3,772492400000000;-38,557236000000000
310665;20;8;2017;09:40;9155;AV EDUARDO GIRAO;AV LUCIANO CARNEIRO;;0;;Colis?úo Traseira;Luz do Dia;Bom;Seca;Cruz;Sem?íforo;Comercial;0;0;2;1;0;0;0;0;0;0;0;0;-3,752075700000000;-38,532978000000000
310666;20;8;2017;13:00;22052;RUA CAP FRANCISCO PEDRO;RUA DOM JOAQUIM DE MELO;;0;;Colis?úo Transversal;Luz do Dia;Bom;Seca;Cruz;Pare;Residencial;0;0;2;1;1;0;0;0;0;0;0;0;-3,742009900000000;-38,544327000000000
310667;20;8;2017;13:50;17583;RUA ESTADO DO RIO;RUA PIAUI;;0;;Colis?úo Transversal;Luz do Dia;Bom;Seca;Cruz;Pare;Residencial;0;0;0;1;0;0;0;0;0;0;0;0;-3,755341800000000;-38,568790000000000
310668;20;8;2017;13:46;0;RUA EVILASIO A MIRANDA;;;1232;;Colis?úo Frontal;Luz do Dia;Bom;Seca;Meio de Quadra;Pare;Residencial;0;0;1;1;0;0;0;0;0;1;0;0;-3,797087400000000;-38,467068000000000
310669;20;8;2017;16:00;0;ET ANTIGA PARA AQUIRAZ;;;1540;;Colis?úo Transversal;Luz do Dia;Bom;Seca;Meio de Quadra;Pare;Residencial;0;1;0;1;0;0;0;0;0;1;0;0;-3,840723300000000;-38,485040000000000
310670;20;8;2017;19:11;5122;RUA SAO PAULO;AV IMPERADOR;;0;;Colis?úo Transversal;Via Iluminada;Bom;Seca;Cruz;Sem?íforo;Comercial;0;0;1;1;0;0;0;0;0;0;0;0;-3,724148300000000;-38,533436000000000
310671;20;8;2017;20:13;0;RUA ANTONIO ALEXANDRINO DOS REIS;RUA YASMIM CARDOSO;;245;;Colis?úo Transversal;Via Iluminada;Bom;Seca;Meio de Quadra;Pare;Residencial;0;1;1;1;0;0;0;0;0;1;0;0;-3,801874200000000;-38,537884000000000
310672;20;8;2017;19:30;0;RUA RAIMUNDO NERY;;;0;;Colis?úo Lateral;Via Iluminada;Bom;Seca;Cruz;Pare;Residencial;0;0;2;1;0;0;0;0;0;0;0;0;-3,792431800000000;-38,587097000000000
324702;20;8;2017;19:20;0;RD CE-040;;;0;KM-07;Colis?úo;N?úo Informado;;Seca;Meio de Quadra;;;0;0;2;0;1;0;0;0;0;0;0;0;-3,817159445000000;-38,483032860000000
324474;20;8;2017;00:06;0;AV JOAO DE ARAUJO LIMA;;;1237;;Atropelamento;;;;Meio de Quadra;;;0;1;1;1;0;0;0;0;0;0;0;0;-3,832509000000000;-38,560495000000000
324630;20;8;2017;23:01;0;RUA PERNAMBUCO;;;1901;;Queda;;;;Meio de Quadra;;;0;1;0;0;0;0;0;0;0;1;0;0;-3,755375000000000;-38,574387000000000
324634;20;8;2017;23:24;0;AV WASHINGTON SOARES;;;0;;Colis?úo;;;;Meio de Quadra;;;0;1;1;1;0;0;0;0;0;1;0;0;;
324572;20;8;2017;12:50;14786;RUA JOAO AMORA;RUA STA LIDUINA D42;;0;;Colis?úo;Luz do Dia;;;Cruz;Sem?íforo;Residencial;0;1;1;0;0;0;0;0;0;1;0;0;-3,799663000000000;-38,585104000000000
324570;20;8;2017;11:28;0;AV DR SILAS MUNGUBA;;;0;;Colis?úo;Luz do Dia;;;Meio de Quadra;;;0;1;1;1;0;0;0;0;0;1;0;0;;
324568;20;8;2017;11:22;15973;RUA GAL ONOFRE;AV GODOFREDO MACIEL;;0;;Colis?úo;Luz do Dia;;;T;Pare;Comercial;0;1;1;1;0;0;0;0;0;1;0;0;-3,807218000000000;-38,573268000000000
324566;20;8;2017;11:09;0;AV PDE ANTONIO TOMAS;;;0;;Queda;Luz do Dia;;;Meio de Quadra;;;0;1;0;0;0;1;0;0;0;0;0;0;;
324590;20;8;2017;18:16;0;AV RAD JOSE LIMA VERDE;;;991;;Atropelamento;Anoitecer;;;Meio de Quadra;;;0;1;1;0;0;0;0;0;0;1;0;0;-3,700777000000000;-38,588902000000000
324591;20;8;2017;18:17;0;AV PRS COSTA E SILVA;;;0;;Colis?úo;Anoitecer;;;Meio de Quadra;;;0;1;0;0;0;0;0;0;0;1;0;0;;
324586;20;8;2017;16:04;0;RUA AQUIRAZ;;;1540;;Colis?úo;Luz do Dia;;;Meio de Quadra;;;0;1;1;1;0;0;0;0;0;1;0;0;;
324588;20;8;2017;;0;RUA LUIZ AZEVEDO;;;231;;Atropelamento;;;;Meio de Quadra;;;0;1;1;1;0;0;0;0;0;0;0;0;-3,772439800000000;-38,575063900000000
324577;20;8;2017;12:55;22709;RUA EUCLIDES O DE SOUSA;RUA EVILASIO A MIRANDA;;0;;Colis?úo;Luz do Dia;;;Cruz;Pare;Residencial;0;1;1;1;0;0;0;0;0;1;0;0;-3,797165000000000;-38,467055000000000
324579;20;8;2017;13:29;0;RUA BETEL;;;769;;Colis?úo;Luz do Dia;;;Meio de Quadra;;;0;1;1;1;0;0;0;0;0;1;0;0;-3,785338000000000;-38,549835000000000
324581;20;8;2017;15:06;0;RUA DEMOSTENES CARVALHO;;;27;;Queda;Luz do Dia;;;Meio de Quadra;;;0;2;0;0;0;0;0;0;0;1;0;0;-3,720092000000000;-38,560656000000000
324600;20;8;2017;19:34;0;RUA ANTONIO NERY;;;115;;Colis?úo;;;;Meio de Quadra;;;0;1;1;1;0;0;0;0;0;1;0;0;-3,774214000000000;-38,599110000000000
324597;20;8;2017;19:05;0;RUA ALBERTO DE OLIVEIRA;;;173;;Colis?úo;;;;Meio de Quadra;;;0;1;0;0;0;0;0;0;0;0;0;0;-3,705957000000000;-38,574824000000000
324594;20;8;2017;19:02;0;AV SEN FERNANDES TAVORA;;;746;;Atropelamento;;;;Meio de Quadra;;;0;1;1;1;0;0;0;0;0;0;0;0;-3,763570000000000;-38,579576000000000
324608;20;8;2017;20:31;0;RUA TEBAS;;;226;;Colis?úo;;;;Meio de Quadra;;;0;0;2;1;0;0;0;0;0;1;0;0;;
324606;20;8;2017;19:34;0;RUA MONTE LIBANO;;;529;;Colis?úo;;;;Meio de Quadra;;;0;1;0;0;0;0;0;0;0;0;0;0;-3,825019700000000;-38,562094700000000
324614;20;8;2017;20:43;0;RUA BERNARDO MANUEL;;;10935;;Atropelamento;;;;Meio de Quadra;;;0;1;1;1;0;0;0;0;0;0;0;0;-3,814653000000000;-38,556275000000000
324616;20;8;2017;20:57;0;RUA CEL MATOS DOURADO;;;693;;Colis?úo;;;;Meio de Quadra;;;0;1;1;1;0;0;0;0;0;1;0;0;-3,745067000000000;-38,584867000000000
324620;20;8;2017;21:32;16022;AV BENJAMIM BRASIL;RUA ENG JAIME ROLEMBERG;;0;;Colis?úo;;;;Cruz;Pare;Residencial;0;1;0;0;0;0;0;0;0;0;0;0;;
324626;20;8;2017;22:13;1494;RUA BARBARA DE ALENCAR;RUA DR JOSE LOURENCO;;0;;Colis?úo;;;;Cruz;Pare;Misto;0;1;1;1;0;0;0;0;0;1;0;0;-3,739552000000000;-38,509356000000000
324546;20;8;2017;09:49;0;RUA BERNARDO MANUEL;;;8754;;Colis?úo;Luz do Dia;;;Meio de Quadra;;;0;1;1;1;0;0;0;0;0;1;0;0;-3,796270000000000;-38,550679000000000
324543;20;8;2017;07:44;0;RUA CON DE CASTRO;;;2242;;Queda;Luz do Dia;;;Meio de Quadra;;;0;1;0;0;0;0;0;0;0;1;0;0;-3,789450000000000;-38,577530000000000
324549;20;8;2017;09:53;0;RUA CEL VIRGILIO NOGUEIRA (BOM JARDIM);;;654;;Colis?úo;Luz do Dia;;;Meio de Quadra;;;0;1;1;1;0;0;0;0;0;1;0;0;;
324550;20;8;2017;10:26;0;RUA GAL ONOFRE;;;0;;Colis?úo;Luz do Dia;;;Meio de Quadra;;;0;1;0;0;0;0;0;0;0;0;0;0;;
324551;20;8;2017;10:37;25019;RUA TEODOMIRO DE CASTRO;RUA DNA MENDINHA;;0;;Colis?úo;Luz do Dia;;;Cruz;Pare;Residencial;0;1;1;1;0;0;0;0;0;1;0;0;-3,718209000000000;-38,573357000000000
324524;20;8;2017;06:06;0;RUA ESV AZEVEDO;;;229;;Colis?úo;Luz do Dia;;;Meio de Quadra;;;0;1;1;1;0;0;0;0;0;1;0;0;-3,797301000000000;-38,509370000000000
324519;20;8;2017;05:19;8949;AV BEZERRA DE MENEZES;RUA JUSTINIANO DE SERPA;;0;;Queda;Amanhecer;;;Cruz;Sem?íforo;Comercial;0;1;0;0;0;0;0;0;0;1;0;0;-3,731156000000000;-38,542857000000000
324516;20;8;2017;00:32;9296;AV FRANCISCO SA;RUA ADOLFO B DE MENEZES;;0;;Colis?úo;;;;T;Pare;Comercial;0;1;1;1;0;0;0;0;0;1;0;0;-3,711246000000000;-38,575397000000000
303881;20;8;2017;23:30;0;RD BR 020;;;0;;Queda;;;;Meio de Quadra;;;1;0;0;0;0;0;0;0;0;1;0;0;-3,740259265000000;-38,595114508000000
304312;21;8;2017;21:00;0;RUA PRO GOMES BRASIL;;;296;;Atropelamento;;;;Meio de Quadra;;;1;1;0;0;0;0;0;0;0;1;0;0;-3,773178000000000;-38,568204000000000
324760;21;8;2017;18:17;0;AV DR SILAS MUNGUBA;;;1925;;Atropelamento;Anoitecer;;;Meio de Quadra;;;0;2;0;0;0;0;0;0;0;1;0;0;-3,785247000000000;-38,552267000000000
324758;21;8;2017;17:55;0;RUA CARLOS CHAGAS;;;346;;Colis?úo;Anoitecer;;;Meio de Quadra;;;0;1;0;0;0;0;0;0;0;1;0;0;-3,780651300000000;-38,583359600000000
324743;21;8;2017;16:23;5371;RUA GAL CLARINDO DE QUEIROZ;RUA VINTE E QUATRO DE MAIO;;0;;Queda;Luz do Dia;;;Cruz;Pare;Comercial;0;1;0;0;0;0;0;0;0;1;0;0;-3,731621000000000;-38,533532000000000
324744;21;8;2017;16:44;0;AV ALBERTO CRAVEIRO;;;430;;Queda;Luz do Dia;;;Meio de Quadra;;;0;1;0;0;0;0;0;0;0;1;0;0;-3,782668000000000;-38,516505000000000
324746;21;8;2017;17:09;0;RUA MAL DEODORO;;;305;;Colis?úo;Anoitecer;;;Meio de Quadra;;;0;1;1;1;0;1;0;0;0;0;0;0;-3,738451800000000;-38,534414400000000
324747;21;8;2017;17:14;0;RD BR 116;;;7000;KM-07;Queda;Anoitecer;;;Meio de Quadra;;;0;1;0;0;0;0;0;0;0;1;0;0;-3,786917000000000;-38,511279000000000
324701;21;8;2017;16:05;0;AV GOV RAUL BARBOSA;;;5380;;Atropelamento;Luz do Dia;;;Meio de Quadra;;;0;1;1;1;0;0;0;0;0;0;0;0;-3,766647000000000;-38,509023000000000
324704;21;8;2017;07:45;0;RD CE-025;;;0;KM-03;Colis?úo;Luz do Dia;;Seca;Meio de Quadra;;;0;0;2;1;0;0;0;0;0;1;0;0;-3,805889179000000;-38,452246560000000
324709;21;8;2017;17:30;0;AV SEN CARLOS JEREISSATI (AEROPORTO);;;0;KM 04;Colis?úo;Anoitecer;;Seca;Meio de Quadra;;;0;1;1;0;0;0;0;0;0;1;0;0;-3,774020000000000;-38,550907000000000
324706;21;8;2017;17:20;0;AV SEN CARLOS JEREISSATI (AEROPORTO);;;0;KM 04;Colis?úo;Anoitecer;;Seca;Meio de Quadra;;;0;0;2;1;0;0;0;0;0;0;0;0;-3,774020000000000;-38,550907000000000
324697;21;8;2017;15:42;0;RUA MIGUEL GURGEL;;;0;;Queda;Luz do Dia;;;Meio de Quadra;;;0;1;0;0;0;1;0;0;0;0;0;0;;
324699;21;8;2017;15:48;0;RD BR 116;;;5000;KM-05;Tombamento;Luz do Dia;;Seca;Meio de Quadra;;;0;1;0;0;0;0;0;0;0;1;0;0;-3,796502000000000;-38,506787000000000
324689;21;8;2017;15:13;0;RUA JOSE MENDONCA;;;170;;Colis?úo;Luz do Dia;;;Meio de Quadra;;;0;1;0;0;0;0;0;0;0;0;0;0;-3,760155000000000;-38,602755000000000
324687;21;8;2017;14:12;0;AV ABOLICAO;;;0;;Queda;Luz do Dia;;;Meio de Quadra;;;0;1;0;0;0;0;0;0;0;1;0;0;;
324684;21;8;2017;12:38;0;RUA 218 CJ CEARA;;;630;;Colis?úo;Luz do Dia;;;Meio de Quadra;;;0;2;1;1;0;0;0;0;0;1;0;0;;
324680;21;8;2017;11:00;0;AV JOSE BASTOS;;;5300;;Queda;Luz do Dia;;;Meio de Quadra;;;0;1;0;0;0;0;0;0;0;1;0;0;-3,758866000000000;-38,563394000000000
324681;21;8;2017;12:19;0;AV IMPERADOR;;;1287;;Colis?úo;Luz do Dia;;;Meio de Quadra;;;0;1;1;1;0;0;0;0;0;1;0;0;-3,732454000000000;-38,536009000000000
324668;21;8;2017;07:36;0;RD BR 116;;;11000;KM-11;Colis?úo;Luz do Dia;;;Meio de Quadra;;;0;1;1;1;0;0;0;0;0;1;0;0;-3,847160000000000;-38,497176000000000
324669;21;8;2017;07:43;4542;RUA CEL ZACARIAS J FRANCA;AV DEP PAULINO ROCHA;;0;;Queda;Luz do Dia;;;T;Pare;Residencial;0;1;0;0;0;0;0;0;0;1;0;0;-3,805266000000000;-38,508111000000000
324774;21;8;2017;18:41;0;AV SEN CARLOS JEREISSATI (AEROPORTO);;;0;;Colis?úo;;;;Meio de Quadra;;;0;1;1;1;0;0;0;0;0;1;0;0;;
324779;21;8;2017;19:39;0;AV SANTOS DUMONT;;;1275;;Colis?úo;;;;Meio de Quadra;;;0;1;0;0;0;0;0;0;0;0;0;0;-3,731716335000000;-38,512249177000000
324777;21;8;2017;18:43;0;AV GAL OSORIO DE PAIVA;;;0;;Colis?úo;;;;Meio de Quadra;;;0;1;0;0;0;0;0;0;0;0;0;0;;
324781;21;8;2017;22:10;0;AV SGT HERMINIO SAMPAIO;;;1415;;Colis?úo;;;;Meio de Quadra;;;0;1;1;1;0;0;0;0;0;1;0;0;-3,724999000000000;-38,552995000000000
324782;21;8;2017;06:32;11069;RUA EQUADOR;RUA SUECIA;;0;;Colis?úo;Luz do Dia;;;Cruz;Pare;Residencial;0;1;1;1;0;0;0;0;0;1;0;0;-3,784449000000000;-38,557111000000000
324786;21;8;2017;06:49;0;AV DR THEBERGE;;;529;;Atropelamento;Luz do Dia;;;Meio de Quadra;;;0;1;0;0;0;0;0;0;0;0;0;0;-3,708654000000000;-38,562968000000000
324790;21;8;2017;07:07;0;RUA MIN JOAQUIM BASTOS D14;;;0;;Colis?úo;Luz do Dia;;;Meio de Quadra;;;0;1;1;1;0;0;0;0;0;1;0;0;;
324791;21;8;2017;07:17;0;AV GODOFREDO MACIEL;;;5628;;Colis?úo;Luz do Dia;;;Meio de Quadra;;;0;1;0;0;0;0;0;0;0;0;0;0;-3,824396000000000;-38,578802000000000
324796;21;8;2017;07:41;0;RUA JULIO BRAGA;;;1639;;Colis?úo;Luz do Dia;;;Meio de Quadra;;;0;1;1;1;0;0;0;0;0;1;0;0;-3,773288000000000;-38,585435000000000
324799;21;8;2017;10:33;0;AV PRS CASTELO BRANCO;;;0;;Atropelamento;Luz do Dia;;;Meio de Quadra;;;0;1;0;1;0;0;0;0;0;0;0;0;;
324810;21;8;2017;10:52;7403;AV SEN FERNANDES TAVORA;RUA ARACAJU;;0;;Colis?úo;Luz do Dia;;;Cruz;Pare;Comercial;0;1;1;0;0;0;0;0;0;1;0;0;-3,759398000000000;-38,587377000000000
310673;21;8;2017;06:17;5109;AV ALBERTO NEPOMUCENO;RUA DR JOAO MOREIRA;;0;;Choque c/ Obst?ículo Fixo;Luz do Dia;Bom;Seca;T;Sem?íforo;Comercial;0;0;1;1;0;0;0;0;0;0;0;0;-3,723811000000000;-38,524690000000000
310674;21;8;2017;08:31;9132;AV 13 DE MAIO;RUA JAIME BENEVOLO;;0;;Colis?úo Lateral;Luz do Dia;Bom;Seca;Cruz;Sem?íforo;Comercial;0;0;2;1;0;0;0;0;0;0;0;0;-3,748006000000000;-38,530700000000000
310675;21;8;2017;08:35;0;AV H CJ CEARA;AV L CJ CEARA;;0;;Colis?úo Traseira;Luz do Dia;Bom;Seca;T;Sem?íforo;Comercial;0;0;2;1;1;0;0;0;0;0;0;0;-3,775578700000000;-38,607662000000000
310676;21;8;2017;08:45;22955;RUA BERNARDO MANUEL;RUA MAD ELISA BALDO;;0;;Colis?úo Transversal;Luz do Dia;Bom;Seca;T;Pare;Comercial;0;0;2;1;0;0;0;0;0;0;0;0;-3,784988400000000;-38,547060000000000
310677;21;8;2017;08:27;15371;RUA PRO DIAS DA ROCHA;AV DOM LUIS;;0;;Colis?úo Lateral;Luz do Dia;Bom;Seca;Cruz;Pare;Comercial;0;0;2;1;1;0;0;0;0;0;0;0;-3,735256700000000;-38,491684000000000
310678;21;8;2017;11:13;22201;AV SGT HERMINIO SAMPAIO;RUA DR GILBERTO CAMARA;;0;;Colis?úo Transversal;Luz do Dia;Bom;Seca;Cruz;Pare;Comercial;0;1;1;1;0;0;0;0;0;0;0;0;-3,726609200000000;-38,562008000000000
310679;21;8;2017;10:11;16051;RUA OSCAR BENEVIDES;AV GODOFREDO MACIEL;;0;;Colis?úo Traseira;Luz do Dia;Bom;Seca;T;Sem?íforo;Comercial;0;0;2;1;0;0;0;0;0;0;0;0;-3,810084000000000;-38,573948000000000
310680;21;8;2017;13:28;5127;RUA GAL SAMPAIO;RUA SEN ALENCAR;;0;;Colis?úo Lateral;Luz do Dia;Bom;Seca;Cruz;Sem?íforo;Comercial;0;0;2;1;0;0;0;0;0;0;0;0;-3,724062700000000;-38,530090000000000
310681;21;8;2017;14:22;0;RUA JOAQUIM ALBANO;;;0;;Colis?úo Traseira;Luz do Dia;Bom;Seca;Meio de Quadra;Sem?íforo;Comercial;0;0;2;1;0;0;0;0;0;0;0;0;-3,736299300000000;-38,584000000000000
310682;21;8;2017;14:38;0;RUA EDUARDO GARCIA;;;322;;Colis?úo Lateral;Luz do Dia;Bom;Seca;Outros;N?úo H?í Controle;Comercial;0;0;2;1;0;0;0;0;0;0;0;0;-3,739072800000000;-38,496310000000000
310683;21;8;2017;15:56;22124;RUA PRO COSTA MENDES;RUA MAJ PEDRO SAMPAIO;;0;;Colis?úo Transversal;Luz do Dia;Bom;Seca;Cruz;Pare;Residencial;0;0;1;1;0;0;0;0;0;0;0;0;-3,747632000000000;-38,554768000000000
310684;21;8;2017;15:48;7645;RUA ESTADO DO RIO;RUA PERNAMBUCO;;0;;Colis?úo Transversal;Luz do Dia;Bom;Seca;Cruz;N?úo H?í Controle;Comercial;0;0;1;1;0;0;0;0;0;0;0;0;-3,758380000000000;-38,570990000000000
310685;21;8;2017;16:40;0;RUA SAO PAULO;;;666;;Colis?úo Traseira;Luz do Dia;Bom;Seca;Meio de Quadra;N?úo H?í Controle;Comercial;0;1;1;1;0;0;0;0;0;1;0;0;-3,724702800000000;-38,531586000000000
310686;21;8;2017;16:56;1325;AV SANTOS DUMONT;RUA JOAQUIM NABUCO;;0;;Colis?úo Traseira;Luz do Dia;Bom;Seca;Cruz;Sem?íforo;Comercial;0;2;0;1;0;0;0;0;0;0;0;0;-3,735351600000000;-38,501358000000000
310687;21;8;2017;17:52;10624;AV ROGACIANO LEITE;RUA ATILANO MOURA;;0;;Colis?úo Transversal;Via Iluminada;Bom;Seca;Cruz;Sem?íforo;Comercial;0;1;1;1;0;0;0;0;0;1;0;0;-3,759552500000000;-38,492115000000000
310689;21;8;2017;21:24;17412;RUA ALBERTO MAGNO;RUA BAR SOBRAL;;0;;Colis?úo Lateral;Anoitecer;Bom;Seca;Cruz;Sem?íforo;Comercial;0;0;0;1;1;0;0;0;0;0;0;0;-3,767763100000000;-38,552258000000000
310690;21;8;2017;18:45;15368;RUA FREDERICO BORGES;RUA PEREIRA VALENTE;;0;;Colis?úo Lateral;Via Iluminada;Bom;Seca;Cruz;Pare;Comercial;0;0;2;1;0;0;0;0;0;0;0;0;-3,734856600000000;-38,489120000000000
310691;21;8;2017;19:35;23557;AV GOV RAUL BARBOSA;RUA BELISARIO TAVORA;;0;;Colis?úo Transversal;Mal Iluminada;Bom;Seca;T;N?úo H?í Controle;Comercial;0;0;2;1;0;0;0;0;0;0;0;0;-3,761035200000000;-38,505720000000000
310717;21;8;2017;17:37;0;AV DOM LUIS;;;0;;Colis?úo Lateral;Via Iluminada;Bom;Seca;Rotat??ria;Sem?íforo;Comercial;0;0;2;0;1;0;0;0;0;0;0;0;-3,733445200000000;-38,496920000000000
306707;21;8;2017;07:00;7624;RUA RIO GRANDE DO NORTE;RUA STA CATARINA (BELA VISTA / PAN AMERICANO);;0;;Colis?úo Transversal;Luz do Dia;;;Cruz;Pare;Misto;0;1;1;0;0;0;0;0;0;1;0;0;-3,758238000000000;-38,568164000000000
306708;21;8;2017;14:40;0;RUA 218 A CJ CEARA;;;630;;Colis?úo Frontal;Luz do Dia;;;Meio de Quadra;;;0;1;1;1;0;0;0;0;0;1;0;0;;
306713;21;8;2017;20:00;0;AV GAL OSORIO DE PAIVA;;;0;;Colis?úo Lateral;;;;Meio de Quadra;;;0;0;2;0;1;0;0;0;0;1;0;0;;
306710;21;8;2017;16:40;0;RUA DEMETRIO MENEZES;;;3750;TERM. ANTONIO BEZERRA;Colis?úo Lateral;Luz do Dia;;;Meio de Quadra;;;0;0;2;1;0;0;1;0;0;0;0;0;-3,736494000000000;-38,584041000000000
306716;22;8;2017;16:30;5313;RUA PEDRO I;RUA VINTE E QUATRO DE MAIO;;0;;Colis?úo Lateral;Luz do Dia;Bom;Seca;Cruz;Pare;Comercial;0;1;1;0;1;0;0;0;0;1;0;0;-3,729830000000000;-38,532952000000000