COD_ACIDENTE;DIA;MES;ANO;HORA;INTERSECAO;LOG1;LOG2;LOG3;NUMERO;REFERENCIA;NATUREZA;ILUMINACAO;TEMPO;SUPERFICIEPISTA;TIPOCRUZAMENTO;CONTROLETRAFEGO;USOSOLO;MORTOS;FERIDOS;ILESOS;AUTOMOVEL;ONIBUS;BICICLETA;CAMINHAO;MICROONIBUS;CICLOMOTOR;MOTOCICLETA;TRACAOANIMAL;TREM;LATITUDE;LONGITUDE
306718;22;8;2017;14:40;8025;AV JOAO PESSOA;RUA PRO COSTA MENDES;;0;;Colis?úo Lateral;Luz do Dia;Bom;Seca;Cruz;Sem?íforo;Comercial;0;0;2;0;0;0;0;1;0;0;0;0;-3,752393000000000;-38,549441000000000
306714;22;8;2017;19:40;0;RUA CEL MATOS DOURADO;;;1349;;Colis?úo Traseira;Via Iluminada;Bom;Seca;Meio de Quadra;Sem?íforo;Escola;0;1;1;0;0;0;0;0;0;1;0;0;-3,748446000000000;-38,584735000000000
306709;22;8;2017;20:35;0;AV PRS JUSCELINO KUBITSCHEK (PASSAR?ë);;;4500;;Colis?úo Lateral;Via Iluminada;Bom;Seca;Meio de Quadra;N?úo H?í Controle;Comercial;0;1;1;0;0;0;0;0;0;1;0;0;-3,818562000000000;-38,533326000000000
310718;22;8;2017;18:10;0;AV DUQ CAXIAS;;;101;;Colis?úo Lateral;Via Iluminada;Bom;Seca;Meio de Quadra;N?úo H?í Controle;Escola;0;0;2;0;0;0;0;0;0;0;0;0;-3,733357000000000;-38,525124000000000
310719;22;8;2017;19:15;0;AV PONTES VIEIRA;;;488;;Colis?úo Traseira;Via Iluminada;Bom;Seca;Meio de Quadra;N?úo H?í Controle;Comercial;0;0;2;1;1;0;0;0;0;0;0;0;-3,752968300000000;-38,516685000000000
310720;22;8;2017;20:42;19261;AV GAL OSORIO DE PAIVA;RUA MON LEOPOLDO FEITOSA;;0;;Colis?úo Transversal;Mal Iluminada;Bom;Seca;Cruz;Pare;Residencial;0;0;2;1;0;0;0;0;0;0;0;0;-3,771718500000000;-38,562120000000000
310721;22;8;2017;20:05;15370;AV SEN VIRGILIO TAVORA;AV DOM LUIS;;0;;Colis?úo Frontal;Via Iluminada;Bom;Seca;Cruz;Sem?íforo;Comercial;0;1;1;1;0;0;0;0;0;1;0;0;-3,734847000000000;-38,492550000000000
310722;22;8;2017;20:38;26259;RUA BRAGANCA;RUA JOSE ABILIO;;0;;Colis?úo Transversal;Via Iluminada;Bom;Seca;Cruz;Pare;Residencial;0;1;1;0;1;0;0;0;0;1;0;0;-3,784154400000000;-38,597580000000000
310741;22;8;2017;16:13;0;AV GOV RAUL BARBOSA;;;6730;;Colis?úo Lateral;Luz do Dia;Bom;Seca;Meio de Quadra;N?úo H?í Controle;Comercial;0;0;3;1;0;0;0;1;0;0;0;0;-3,773400800000000;-38,512820000000000
310692;22;8;2017;05:55;19068;AV ENG SANTANA JUNIOR;RUA PRO SILAS RIBEIRO;;0;;Colis?úo Lateral;Luz do Dia;Bom;Seca;Cruz;Sem?íforo;Comercial;0;0;2;0;1;0;0;0;0;0;0;0;-3,737076000000000;-38,482990000000000
310694;22;8;2017;08:20;0;AV EDILSON B SOARES;;;1430;;Colis?úo Traseira;Luz do Dia;Bom;Seca;Meio de Quadra;N?úo H?í Controle;Residencial;0;0;2;1;0;0;0;0;0;0;0;0;-3,788819000000000;-38,472897000000000
310695;22;8;2017;08:20;19306;RUA EDUARDO PERDIGAO;AV GAL OSORIO DE PAIVA;;0;;Colis?úo Traseira;Luz do Dia;Bom;Seca;Cruz;Sem?íforo;Comercial;0;0;2;1;0;0;0;0;0;0;0;0;-3,774286300000000;-38,565140000000000
310696;22;8;2017;07:14;11069;RUA SUECIA;RUA EQUADOR;;0;;Colis?úo Transversal;Luz do Dia;Bom;Seca;Cruz;Pare;Residencial;0;0;2;1;0;0;0;0;0;0;0;0;-3,784421700000000;-38,557000000000000
310697;22;8;2017;10:01;0;RUA JORGE ACURCIO;;;1035;;Colis?úo Lateral;Luz do Dia;Bom;Seca;Com Via F?®rrea;Pare;Residencial;0;0;1;1;0;0;0;0;0;0;0;0;-3,769258000000000;-38,533356000000000
310698;22;8;2017;08:49;4107;RUA PRO DOMINGOS BONIFACIO;RUA GOMES PASSOS;;0;;Colis?úo Transversal;Luz do Dia;Bom;Seca;T;Pare;Residencial;0;0;2;1;0;0;0;0;0;0;0;0;-3,712145600000000;-38,558636000000000
310699;22;8;2017;09:44;10385;AV E CJ CEARA;AV F CJ CEARA;;0;;Colis?úo Transversal;Luz do Dia;Bom;Seca;T;Pare;Residencial;0;1;1;1;1;0;0;0;0;0;0;0;-3,758746900000000;-38,607860000000000
310700;22;8;2017;11:29;643;RUA CRUZEIRO DO SUL;RUA ASSIS BEZERRA;;0;;Colis?úo Transversal;Luz do Dia;Bom;Seca;Cruz;N?úo H?í Controle;Residencial;0;0;2;1;0;0;0;0;0;0;0;0;-3,717988500000000;-38,562473000000000
310701;22;8;2017;07:40;0;RUA URUCUTUBA;;;1541;;Colis?úo Lateral;Luz do Dia;Bom;Seca;Meio de Quadra;N?úo H?í Controle;Comercial;0;0;2;1;0;0;0;0;0;0;0;0;-3,797727000000000;-38,608837000000000
310702;22;8;2017;13:05;23508;RUA ESV PINHEIRO;RUA ANA GONCALVES;;0;;Colis?úo Frontal;Luz do Dia;Bom;Seca;Cruz;Pare;Residencial;0;1;1;1;0;0;0;0;0;1;0;0;-3,759184000000000;-38,507893000000000
310703;22;8;2017;13:06;13526;RUA BAR ARACATI;RUA PDE CHEVALIER;;0;;Colis?úo Transversal;Luz do Dia;Bom;Seca;Cruz;Pare;Residencial;0;0;2;0;0;0;0;0;0;0;0;0;-3,747549800000000;-38,516550000000000
310704;22;8;2017;13:57;1375;AV SANTOS DUMONT;RUA BARBOSA DE FREITAS;;0;;Colis?úo Traseira;Luz do Dia;Bom;Seca;Cruz;Sem?íforo;Comercial;0;0;2;0;0;0;0;0;0;0;0;0;-3,736610400000000;-38,497260000000000
310705;22;8;2017;14:06;0;RUA VINTE QUATRO DE MAIO;RUA METON DE ALENCAR;;0;;Colis?úo Transversal;Luz do Dia;Bom;Seca;Cruz;Pare;Comercial;0;0;2;1;0;0;0;0;0;0;0;0;-3,732569000000000;-38,533890000000000
310706;22;8;2017;11:45;0;AV ALANIS MARIA LAURINDO DE OLIVEIRA;RUA MIN ALBUQUERQUE LIMA;;0;;Colis?úo Lateral;Luz do Dia;Bom;Seca;Cruz;Sem?íforo;Comercial;0;0;1;0;0;0;0;0;0;0;0;0;-3,768921000000000;-38,607540000000000
310707;22;8;2017;14:36;0;RUA OTO DE ALENCAR;;;215;;Colis?úo Lateral;Luz do Dia;Bom;Seca;Meio de Quadra;Sem?íforo;Residencial;0;0;2;1;0;0;0;0;0;1;0;0;-3,724020500000000;-38,540510000000000
310708;22;8;2017;14:34;12883;RUA COS TRISTAO;RUA JOAQUIM MAGALHAES;;0;;Colis?úo Transversal;Luz do Dia;Bom;Seca;Cruz;Pare;Residencial;0;0;1;1;0;0;0;0;0;0;0;0;-3,740116000000000;-38,527184000000000
310709;22;8;2017;15:05;12895;AV AGUANAMBI;RUA ABAIARA;;0;;Colis?úo Traseira;Luz do Dia;Bom;Seca;T;Pare;Residencial;0;0;2;1;0;0;0;0;0;0;0;0;-3,740177200000000;-38,524727000000000
310710;22;8;2017;13:55;7477;AV ALBERTO CRAVEIRO;RUA SAO PEDRO D40;;0;;Colis?úo Transversal;Luz do Dia;Bom;Seca;T;Pare;Comercial;0;2;1;1;0;0;0;0;0;1;0;0;-3,785836700000000;-38,517420000000000
310711;22;8;2017;16:17;2463;RUA CANDIDO CASTELO BRANCO;RUA SEN ROBERT KENNEDY;;0;;Colis?úo Transversal;Luz do Dia;Bom;Seca;Cruz;Sem?íforo;Comercial;0;0;1;1;0;0;0;0;0;0;0;0;-3,703833300000000;-38,578880000000000
310712;22;8;2017;16:40;19306;AV GAL OSORIO DE PAIVA;RUA EDUARDO PERDIGAO;;0;;Colis?úo Traseira;Luz do Dia;Bom;Seca;Cruz;Sem?íforo;Comercial;0;0;2;1;0;0;0;0;0;0;0;0;-3,775031000000000;-38,565420000000000
310713;22;8;2017;16:39;1451;RUA ROCHA LIMA;RUA ANTONIO AUGUSTO;;0;;Colis?úo Transversal;Luz do Dia;Bom;Seca;Cruz;Pare;Residencial;0;1;1;1;0;0;0;0;0;1;0;0;-3,738418600000000;-38,516150000000000
310714;22;8;2017;16:49;0;RUA BAR AQUIRAZ;;;510;;Colis?úo Lateral;Luz do Dia;Bom;Seca;Meio de Quadra;N?úo H?í Controle;Comercial;0;0;2;1;0;0;0;0;0;0;0;0;-3,833506000000000;-38,489980000000000
310715;22;8;2017;17:17;1471;RUA EDUARDO GARCIA;RUA LEONARDO MOTA;;0;;Colis?úo Lateral;Luz do Dia;Bom;Seca;Cruz;N?úo H?í Controle;Comercial;0;0;1;1;0;0;0;0;0;0;0;0;-3,739146700000000;-38,498207000000000
310716;22;8;2017;17:30;23784;RUA RAIMUNDO NERY;RUA MON AGOSTINHO;;0;;Colis?úo Traseira;Anoitecer;Bom;Seca;Cruz;N?úo H?í Controle;Residencial;0;0;2;1;0;0;0;0;0;0;0;0;-3,792501700000000;-38,587140000000000
324836;22;8;2017;11:10;0;RUA TIBURCIO CAVALCANTE;;;2100;;Colis?úo;Luz do Dia;;;Meio de Quadra;;;0;1;1;1;0;0;0;0;0;1;0;0;-3,742993000000000;-38,504840000000000
324943;22;8;2017;11:26;6285;AV G CJ CEARA;AV C CJ CEARA;;0;;Colis?úo;Luz do Dia;;;T;N?úo H?í Controle;Residencial;0;1;1;1;0;0;0;0;0;1;0;0;-3,770049259000000;-38,613813257000000
324953;22;8;2017;13:07;0;RUA TEODORICO BARROSO;;;677;;Colis?úo;Luz do Dia;;;Meio de Quadra;;;0;1;1;1;0;0;0;0;0;1;0;0;-3,766036000000000;-38,543640000000000
324951;22;8;2017;13:02;0;RUA MARIA JULIA;;;0;;Queda;Luz do Dia;;;Meio de Quadra;;;0;1;0;0;0;0;0;0;0;1;0;0;;
324966;22;8;2017;17:06;0;AV ALBERTO CRAVEIRO;;;900;;Colis?úo;Anoitecer;;;Meio de Quadra;;;0;1;0;0;0;0;0;0;0;0;0;0;-3,785967000000000;-38,517167000000000
324969;22;8;2017;17:18;0;AV CEL CARVALHO;;;1149;;Colis?úo;Anoitecer;;;Meio de Quadra;;;0;1;1;1;0;0;0;0;0;1;0;0;-3,712540000000000;-38,589148000000000
324956;22;8;2017;14:27;8025;AV JOAO PESSOA;RUA PRO COSTA MENDES;;0;;Colis?úo;Luz do Dia;;;Cruz;Sem?íforo;Comercial;0;1;0;0;0;0;0;0;0;0;0;0;-3,752393000000000;-38,549441000000000
324958;22;8;2017;14:33;0;RUA DES PRAXEDES;;;178;;Colis?úo;Luz do Dia;;;Meio de Quadra;;;0;1;1;1;0;0;0;0;0;1;0;0;-3,757329000000000;-38,552946000000000
324961;22;8;2017;15:30;0;AV BORGES DE MELO;;;0;;Colis?úo;Luz do Dia;;;Meio de Quadra;;;0;1;1;1;0;0;0;0;0;1;0;0;;
325062;22;8;2017;17:18;0;RUA DR JOSE LOURENCO;;;0;;Atropelamento;Anoitecer;;;Meio de Quadra;;;0;1;1;1;0;0;0;0;0;0;0;0;;
325068;22;8;2017;17:31;0;RUA NEREU RAMOS;;;400;;Queda;Anoitecer;;;Meio de Quadra;;;0;1;0;0;0;0;0;0;0;1;0;0;-3,785884000000000;-38,570535000000000
325070;22;8;2017;17:57;0;RUA ANA BRITO;;;902;;Queda;Anoitecer;;;Meio de Quadra;;;0;1;0;0;0;0;0;0;0;1;0;0;-3,828856000000000;-38,587466000000000
325091;22;8;2017;18:23;0;AV ODILON GUIMARAES;;;4420;;Colis?úo;Anoitecer;;;Meio de Quadra;;;0;1;0;0;0;0;0;0;0;0;0;0;-3,810717000000000;-38,462474000000000
325095;22;8;2017;18:37;0;AV MOZART PINHEIRO DE LUCENA;;;2858;;Colis?úo;;;;Meio de Quadra;;;0;1;1;1;0;0;0;0;0;1;0;0;-3,729533000000000;-38,598892000000000
325098;22;8;2017;19:38;0;AV PRS CASTELO BRANCO;;;2028;;Queda;;;;Meio de Quadra;;;0;1;0;0;0;0;0;0;0;1;0;0;-3,714657000000000;-38,546256000000000
325106;22;8;2017;20:02;15370;AV SEN VIRGILIO TAVORA;AV DOM LUIS;;0;;Colis?úo;;;;Cruz;Sem?íforo;Comercial;0;1;0;0;0;0;0;0;0;0;0;0;-3,734829000000000;-38,492507000000000
325113;22;8;2017;22:30;0;RUA ANTONIO BENTO;;;45;;Colis?úo;;;;Meio de Quadra;;;0;1;0;0;0;0;0;0;0;0;0;0;-3,779806000000000;-38,546883000000000
325116;22;8;2017;22:38;17513;AV ABOLICAO;RUA MANUEL JACARE;;0;;Atropelamento;;;;Duplo T;Pare;Residencial;0;1;1;1;0;0;0;0;0;0;0;0;-3,726087000000000;-38,487572000000000
325111;22;8;2017;20:23;0;AV PRS JUSCELINO KUBITSCHEK (PASSAR?ë);;;0;;Queda;;;;Meio de Quadra;;;0;1;0;0;0;0;0;0;0;1;0;0;;
325104;22;8;2017;20:02;0;RUA CEL MATOS DOURADO;;;0;;Choque c/ Obst?ículo Fixo;;;;Meio de Quadra;;;0;1;0;0;0;0;0;0;0;0;0;0;;
325101;22;8;2017;19:42;0;AV GOV RAUL BARBOSA;;;7406;;Colis?úo;;;;Meio de Quadra;;;0;1;0;0;0;0;0;0;0;0;0;0;-3,775882000000000;-38,513076000000000
324712;22;8;2017;07:40;0;AV SEN CARLOS JEREISSATI (AEROPORTO);;;0;;Colis?úo;Luz do Dia;;Seca;Meio de Quadra;;;0;0;2;1;0;0;1;0;0;0;0;0;;
324713;22;8;2017;13:30;0;AV SEN CARLOS JEREISSATI (AEROPORTO);;;0;KM 01;Colis?úo;Luz do Dia;;Molhada;Meio de Quadra;;;0;0;2;1;0;0;0;0;0;0;0;0;-3,783753000000000;-38,526850000000000
303889;22;8;2017;22:43;25700;RUA ROCHA LIMA;RUA J DA PENHA;;0;;Colis?úo;;;;Cruz;Pare;Residencial;1;2;0;0;0;0;0;0;0;1;0;0;-3,737008000000000;-38,520356000000000
306720;22;8;2017;00:10;0;AV SGT HERMINIO SAMPAIO;;;1415;;Colis?úo Lateral;Via Iluminada;Bom;Seca;Meio de Quadra;N?úo H?í Controle;Residencial;0;1;1;1;0;0;0;0;0;1;0;0;-3,724999000000000;-38,552995000000000
306744;23;8;2017;14:20;22147;RUA PAPI JUNIOR;RUA GUSTAVO BRAGA;;0;;Colis?úo Transversal;Luz do Dia;Bom;Seca;Cruz;Pare;Residencial;0;2;0;0;0;0;0;0;0;1;0;0;-3,749148000000000;-38,554656000000000
306748;23;8;2017;13:40;0;RUA ERICO MOTA;;;56;;;Luz do Dia;Bom;Seca;Meio de Quadra;N?úo H?í Controle;Residencial;0;2;0;1;0;0;0;0;0;0;0;0;-3,736089000000000;-38,562840000000000
306757;23;8;2017;13:00;0;TR VIS ICO D26;;;72;;Colis?úo Transversal;Luz do Dia;Bom;Seca;Meio de Quadra;;Comercial;0;2;0;1;0;0;0;0;0;0;0;0;-3,720711000000000;-38,563656000000000
306751;23;8;2017;13:15;0;RUA ERICO MOTA;;;0;;Colis?úo Transversal;Luz do Dia;Bom;Seca;Meio de Quadra;;Residencial;0;0;1;1;0;0;0;0;0;0;0;0;;
306768;23;8;2017;09:20;1380;RUA TORRES CAMARA;RUA NUNES VALENTE;;0;;;Luz do Dia;Bom;Seca;Cruz;Pare;Residencial;0;1;0;1;0;0;0;0;0;0;0;0;-3,736618000000000;-38,503856000000000
306770;23;8;2017;19:30;19528;RUA JULIO GASPAR;RUA CAMBARA;;0;;Colis?úo Lateral;Via Iluminada;Bom;Seca;Cruz;Pare;Residencial;0;2;0;1;0;0;0;0;0;0;0;0;-3,782019000000000;-38,563574000000000
306773;23;8;2017;22:30;26209;AV ROGACIANO LEITE;AV CHANC EDSON QUEIROZ;;0;;Colis?úo Traseira;Via Iluminada;Bom;Seca;T;Sem?íforo;Residencial;0;1;0;1;0;0;0;0;0;1;0;0;;
319316;23;8;2017;16:45;0;RUA RIO GRANDE DO NORTE;;;0;;Colis?úo;Luz do Dia;;;Meio de Quadra;;;0;1;1;1;0;0;0;0;0;1;0;0;;
319317;23;8;2017;17:06;12648;RUA MARIA CLARA;RUA RIO ARAGUAIA;;0;;Colis?úo;Anoitecer;;;Cruz;N?úo H?í Controle;Comercial;0;1;1;1;0;0;0;0;0;1;0;0;-3,725741000000000;-38,582119000000000
319312;23;8;2017;14:33;0;AV JOSE BASTOS;;;5750;;Colis?úo;Luz do Dia;;;Meio de Quadra;;;0;1;1;1;0;0;0;0;0;1;0;0;-3,762086000000000;-38,565463000000000
319313;23;8;2017;15:50;0;AV SEN FERNANDES TAVORA;;;1208;;Colis?úo;Luz do Dia;;;Meio de Quadra;;;0;1;1;1;0;0;0;0;0;1;0;0;-3,761550000000000;-38,583363000000000
319310;23;8;2017;14:31;0;AV VICENTE DE CASTRO;;;6940;;Colis?úo;Luz do Dia;;;Meio de Quadra;;;0;1;1;1;0;0;0;0;0;1;0;0;-3,709781000000000;-38,471504000000000
319308;23;8;2017;14:09;0;AV JOSE JATAHY;;;0;;Colis?úo;Luz do Dia;;;Meio de Quadra;;;0;1;1;1;0;1;0;0;0;0;0;0;;
319304;23;8;2017;11:57;19179;AV SANTOS DUMONT;RUA JULIO AZEVEDO;;0;;Colis?úo;Luz do Dia;;;Cruz;N?úo H?í Controle;Comercial;0;1;1;1;0;0;0;0;0;1;0;0;-3,741662000000000;-38,481471000000000
319305;23;8;2017;12:54;0;AV SGT HERMINIO SAMPAIO;;;0;;Colis?úo;Luz do Dia;;;Meio de Quadra;;;0;1;0;0;0;0;0;0;0;0;0;0;;
319306;23;8;2017;13:31;0;RUA SAO LAZARO;;;585;;Colis?úo;Luz do Dia;;;Meio de Quadra;;;0;1;0;0;0;0;0;0;0;0;0;0;-3,801645000000000;-38,582559000000000
319289;23;8;2017;10:04;0;AV SANTOS DUMONT;;;0;;Queda;Luz do Dia;;;Meio de Quadra;;;0;1;0;0;0;0;0;0;0;1;0;0;;
319290;23;8;2017;10:30;0;AV FRE CIRILO;;;0;;Colis?úo;Luz do Dia;;;Meio de Quadra;;;0;1;1;1;0;0;0;0;0;1;0;0;;
319286;23;8;2017;09:43;0;AV ABOLICAO;;;2480;;Colis?úo;Luz do Dia;;;Meio de Quadra;;;0;1;1;1;0;0;0;0;0;1;0;0;-3,726981000000000;-38,496555000000000
319287;23;8;2017;10:01;15216;RUA VIS MAUA;AV ABOLICAO;;0;;Atropelamento;Luz do Dia;;;Cruz;Pare;Comercial;0;1;0;0;0;0;0;0;0;0;0;0;-3,727006000000000;-38,496477000000000
319280;23;8;2017;09:14;0;AV CEL CARVALHO;;;0;;Colis?úo;Luz do Dia;;;Meio de Quadra;;;0;1;1;1;0;0;0;0;0;1;0;0;;
319281;23;8;2017;09:32;0;AV GODOFREDO MACIEL;;;0;;Colis?úo;Luz do Dia;;;Meio de Quadra;;;0;1;0;0;0;0;0;0;0;0;0;0;;
324715;23;8;2017;09:10;0;RD CE-060;;;500;;Colis?úo;Luz do Dia;;Seca;Meio de Quadra;;;0;8;1;1;0;0;1;1;0;0;0;0;;
324716;23;8;2017;17:40;0;RD CE-040;;;0;KM-02;Atropelamento;Anoitecer;;Seca;Meio de Quadra;;;0;2;0;0;0;0;0;0;0;1;0;0;-3,773616148000000;-38,481799400000000
325205;23;8;2017;17:12;0;RUA LUIZA MIRANDA COELHO;;;470;;Colis?úo;Anoitecer;;;Meio de Quadra;;;0;2;1;1;0;0;0;0;0;1;0;0;-3,773600000000000;-38,491762000000000
325201;23;8;2017;16:03;0;AV SEN FERNANDES TAVORA;;;0;;Atropelamento;Luz do Dia;;;Meio de Quadra;;;0;1;1;0;0;0;0;0;0;1;0;0;;
325196;23;8;2017;15:08;12512;RUA DES GOMES PARENTE;RUA DES FELIX CANDIDO;;0;;Colis?úo;Luz do Dia;;;Cruz;Pare;Comercial;0;1;1;1;0;0;0;0;0;1;0;0;-3,772962000000000;-38,579448000000000
325193;23;8;2017;15:03;4080;AV JOSE BASTOS;RUA CEARA;;0;;Colis?úo;Luz do Dia;;;Cruz;Pare;Residencial;0;2;0;0;0;0;0;0;0;0;0;0;-3,760008000000000;-38,564112000000000
325191;23;8;2017;14:19;0;AV AUGUSTO DOS ANJOS;;;0;;Colis?úo;Luz do Dia;;;Meio de Quadra;;;0;1;0;0;0;0;0;0;0;0;0;0;;
325174;23;8;2017;10:54;0;AV CEL CARVALHO;;;854;;Colis?úo;Luz do Dia;;;Meio de Quadra;;;0;1;1;1;0;0;0;0;0;1;0;0;-3,710006000000000;-38,589810000000000
325172;23;8;2017;10:18;0;RUA CAJAZEIRAS;;;501;;Colis?úo;Luz do Dia;;;Meio de Quadra;;;0;1;1;1;0;0;0;0;0;1;0;0;-3,801153600000000;-38,507494300000000
325177;23;8;2017;11:30;0;AV 20 DE JANEIRO;;;1015;;Colis?úo;Luz do Dia;;;Meio de Quadra;;;0;1;1;1;0;0;0;0;0;1;0;0;-3,706651000000000;-38,578896000000000
325181;23;8;2017;12:26;0;RUA VINICIUS DE MORAES;;;500;;Atropelamento;Luz do Dia;;;Meio de Quadra;;;0;1;1;0;1;0;0;0;0;0;0;0;;
325188;23;8;2017;13:24;5451;AV DOM MANUEL;RUA BARBARA DE ALENCAR;;0;;Queda;Luz do Dia;;;Cruz;Sem?íforo;Comercial;0;1;0;0;0;0;0;0;0;1;0;0;-3,734972000000000;-38,523262000000000
325186;23;8;2017;12:58;0;AV PERIMETRAL;;;149;;Colis?úo;Luz do Dia;;;Meio de Quadra;;;0;1;1;1;0;0;0;0;0;1;0;0;;
325148;23;8;2017;06:31;0;RUA MON CARNEIRO DA CUNHA;;;118;;Queda;Luz do Dia;;;Meio de Quadra;;;0;1;0;0;0;0;0;0;0;1;0;0;-3,774569000000000;-38,494914000000000
325150;23;8;2017;07:01;0;AV PRS COSTA E SILVA;;;0;;Colis?úo;Luz do Dia;;;Meio de Quadra;;;0;1;1;0;0;0;0;0;0;1;0;0;;
325165;23;8;2017;08:34;0;AV FRANCISCO SA;;;7540;;Colis?úo;Luz do Dia;;;Meio de Quadra;;;0;1;1;0;0;0;0;0;0;1;0;0;-3,706398000000000;-38,586029000000000
325169;23;8;2017;09:58;0;AV LAURO VIEIRA CHAVES;;;291;;Atropelamento;Luz do Dia;;;Meio de Quadra;;;0;1;1;1;0;0;0;0;0;0;0;0;-3,773476000000000;-38,529693000000000
325153;23;8;2017;07:52;0;AV BORGES DE MELO;;;528;;Colis?úo;Luz do Dia;;;Meio de Quadra;;;0;1;1;1;0;0;0;0;0;0;0;0;-3,760936000000000;-38,523798000000000
325155;23;8;2017;08:10;0;AV JOVITA FEITOSA;;;2460;;Queda;Luz do Dia;;;Meio de Quadra;;;0;1;0;0;0;0;0;0;0;1;0;0;-3,740501000000000;-38,559742000000000
325231;23;8;2017;18:55;0;RUA PDE PEDRO DE ALENCAR;;;2013;;Colis?úo;;;;Meio de Quadra;;;0;1;1;1;0;0;0;0;0;1;0;0;-3,846699000000000;-38,494592000000000
325225;23;8;2017;18:36;0;AV GODOFREDO MACIEL;;;4035;;Colis?úo;;;;Meio de Quadra;;;0;1;0;0;0;0;0;0;0;0;0;0;-3,810165000000000;-38,574205000000000
325226;23;8;2017;18:52;0;AV BEIRA MAR;;;0;;Colis?úo;;;;Meio de Quadra;;;0;1;1;1;0;1;0;0;0;0;0;0;;
325217;23;8;2017;17:16;0;RUA SEN ALENCAR;;;284;;Colis?úo;Anoitecer;;;Meio de Quadra;;;0;1;0;0;0;0;0;0;0;0;0;0;-3,724694000000000;-38,528361000000000
325281;23;8;2017;19:05;0;RUA MACEIO;;;75;;Colis?úo;;;;Meio de Quadra;;;0;1;1;1;0;0;0;0;0;1;0;0;-3,753369562000000;-38,585131235000000
325286;23;8;2017;19:30;0;RUA JULIO GASPAR;;;481;;Colis?úo;;;;Meio de Quadra;;;0;1;0;0;0;0;0;0;0;0;0;0;-3,782371000000000;-38,563170000000000
325300;23;8;2017;22:10;0;AV CARAPINIMA;;;0;;Atropelamento;;;;Meio de Quadra;;;0;1;0;0;0;0;0;0;0;0;0;0;;
325306;23;8;2017;22:22;0;AV PERIMETRAL;;;0;;Colis?úo;;;;Meio de Quadra;;;0;1;0;0;0;0;0;0;0;0;0;0;;
325297;23;8;2017;21:59;0;AV ROGACIANO LEITE;;;0;;Colis?úo;;;;Meio de Quadra;;;0;1;0;0;0;0;0;0;0;0;0;0;;
325294;23;8;2017;21:06;0;AV BORGES DE MELO;;;0;;Colis?úo;;;;Meio de Quadra;;;0;1;0;0;0;0;0;0;0;0;0;0;;
325292;23;8;2017;21:00;15835;RUA MANUEL CASTELO BRANCO;RUA CEL DIONISIO ALENCAR;;0;;Colis?úo;;;;Cruz;Pare;Residencial;0;1;1;1;0;0;0;0;0;1;0;0;-3,832973000000000;-38,488281000000000
325289;23;8;2017;20:48;21378;AV JOVITA FEITOSA;RUA PRO JOSE DE BARCELOS;;0;;Colis?úo;;;;Cruz;Sem?íforo;Comercial;0;1;1;1;0;1;0;0;0;0;0;0;-3,738516000000000;-38,549933000000000
325311;23;8;2017;22:45;26209;AV ROGACIANO LEITE;AV CHANC EDSON QUEIROZ;;0;;Colis?úo;;;;T;Sem?íforo;Residencial;0;1;1;1;0;0;0;0;0;1;0;0;;
325315;23;8;2017;23:15;0;AV MR HULL;;;0;;Colis?úo;;;;Meio de Quadra;;;0;1;0;0;0;0;0;0;0;0;0;0;;
310765;23;8;2017;19:00;0;AV DES MOREIRA;;;0;PRA?çA PORTUGAL;Colis?úo Transversal;Via Iluminada;Bom;Seca;Rotat??ria;N?úo H?í Controle;Comercial;0;0;1;1;0;0;0;0;0;0;0;0;-3,733174300000000;-38,497780000000000
310742;23;8;2017;17:40;7992;AV JOAO PESSOA;RUA ANA NERY;;0;;Colis?úo Transversal;Via Iluminada;Bom;Seca;Cruz;Pare;Residencial;0;0;2;1;1;0;0;0;0;0;0;0;-3,749393000000000;-38,546806000000000
310743;23;8;2017;18:55;20131;RUA PRO JOSE SILVEIRA;RUA CRISANTO ARRUDA;;0;;Colis?úo Transversal;Via Iluminada;Bom;Seca;Cruz;Pare;Residencial;0;1;1;1;0;0;0;0;0;1;0;0;-3,810289100000000;-38,522488000000000
310744;23;8;2017;19:31;7884;AV ANTONIO SALES;RUA VICENTE LEITE;;0;;Colis?úo Transversal;Via Iluminada;Bom;Seca;Cruz;Gesto;Comercial;0;1;1;1;0;0;0;0;0;1;0;0;-3,746758700000000;-38,498344000000000
310745;23;8;2017;08:25;0;RUA BERNARDO MANUEL;;;10935;;Colis?úo Traseira;Luz do Dia;Bom;Seca;Meio de Quadra;Sem?íforo;Comercial;0;1;0;1;0;0;0;0;0;1;0;0;-3,814986500000000;-38,556290000000000
310746;23;8;2017;18:22;0;RUA PDE PEDRO DE ALENCAR;;;2021;;Colis?úo Transversal;Via Iluminada;Bom;Seca;Meio de Quadra;Pare;Residencial;0;1;1;1;0;0;0;0;0;1;0;0;-3,845532400000000;-38,494484000000000
310747;23;8;2017;20:34;1279;AV DOM LUIS;RUA OSVALDO CRUZ (ALDEOTA);;0;;Colis?úo Traseira;Via Iluminada;Bom;Seca;Cruz;Sem?íforo;Comercial;0;1;1;1;0;0;0;0;0;1;0;0;-3,732660000000000;-38,499150000000000
310748;23;8;2017;21:17;502;AV SEN FERNANDES TAVORA;RUA PRO VIRGILIO DE MORAIS;;0;;Colis?úo Transversal;Via Iluminada;Bom;Seca;Cruz;Sem?íforo;Residencial;0;0;2;1;0;0;0;0;0;1;0;0;-3,755051100000000;-38,597300000000000