COD_ACIDENTE;DIA;MES;ANO;HORA;INTERSECAO;LOG1;LOG2;LOG3;NUMERO;REFERENCIA;NATUREZA;ILUMINACAO;TEMPO;SUPERFICIEPISTA;TIPOCRUZAMENTO;CONTROLETRAFEGO;USOSOLO;MORTOS;FERIDOS;ILESOS;AUTOMOVEL;ONIBUS;BICICLETA;CAMINHAO;MICROONIBUS;CICLOMOTOR;MOTOCICLETA;TRACAOANIMAL;TREM;LATITUDE;LONGITUDE
310723;23;8;2017;08:05;17495;AV ABOLICAO;RUA UMARI;;0;;Colis?úo Traseira;Luz do Dia;Bom;Seca;Cruz;Pare;Comercial;0;0;2;1;0;0;0;0;0;0;0;0;-3,725139100000000;-38,483604000000000
310724;23;8;2017;08:26;0;RUA CON DE CASTRO;;;780;;Colis?úo Transversal;Luz do Dia;Bom;Seca;Meio de Quadra;N?úo H?í Controle;Residencial;0;3;0;0;0;0;0;0;0;1;0;0;-3,779862900000000;-38,568680000000000
310725;23;8;2017;08:35;19669;RUA PRO RAIMUNDO ARRUDA;RUA GUSTAVO SAMPAIO;;0;;Colis?úo Lateral;Luz do Dia;Bom;Seca;Cruz;Pare;Residencial;0;0;3;1;0;0;0;0;0;0;0;0;-3,734276300000000;-38,551850000000000
310726;23;8;2017;09:03;83;RUA PDE PERDIGAO SAMPAIO;RUA SAO VICENTE DE PAULA D29;;0;;Colis?úo Transversal;Luz do Dia;Bom;Seca;Cruz;N?úo H?í Controle;Residencial;0;0;2;1;0;0;0;0;0;0;0;0;-3,738615500000000;-38,594822000000000
310727;23;8;2017;08:33;0;AV ODILON GUIMARAES;;;0;;Colis?úo Traseira;Luz do Dia;Bom;Seca;Meio de Quadra;N?úo H?í Controle;Industrial;0;0;2;0;0;0;0;0;0;1;0;0;-3,827305600000000;-38,480694000000000
310728;23;8;2017;07:40;13408;AV ANTONIO SALES;RUA BAR ARACATI;;0;;Colis?úo Transversal;Luz do Dia;Bom;Seca;Cruz;Pare;Comercial;0;1;1;0;0;0;0;0;0;1;0;0;-3,741596000000000;-38,515022000000000
310729;23;8;2017;08:07;13500;RUA CARLOS VASCONCELOS;RUA CEL ALVES TEIXEIRA;;0;;Colis?úo Transversal;Luz do Dia;Bom;Seca;Cruz;Pare;Residencial;0;0;1;1;0;0;0;0;0;0;0;0;-3,745851000000000;-38,515005000000000
310730;23;8;2017;13:19;0;RUA VINTE E CINCO DE MARCO;;;407;;Colis?úo Lateral;Luz do Dia;Bom;Seca;Meio de Quadra;N?úo H?í Controle;Comercial;0;2;1;1;0;0;0;0;0;0;0;0;-3,727583600000000;-38,521954000000000
310731;23;8;2017;13:45;5188;RUA NOGUEIRA ACIOLI;RUA TEN BENEVOLO;;0;;Colis?úo Transversal;Luz do Dia;Bom;Seca;Cruz;Pare;Comercial;0;0;1;1;0;0;0;0;0;0;0;0;-3,725819300000000;-38,515580000000000
310732;23;8;2017;14:00;0;RUA RIO GRANDE DO SUL;;;194;;Colis?úo Lateral;Luz do Dia;Bom;Seca;Meio de Quadra;Pare;Comercial;0;0;2;1;0;0;0;0;0;1;0;0;-3,751001000000000;-38,562244000000000
310733;23;8;2017;14:11;5685;RUA ESV AZEVEDO;RUA CEZIDIO ALBUQUERQUE;;0;;Colis?úo Transversal;Luz do Dia;Bom;Seca;Cruz;Pare;Residencial;0;1;1;1;0;0;0;0;0;1;0;0;-3,795882700000000;-38,505436000000000
310734;23;8;2017;14:26;0;RUA GAL TERTULIANO POTYGUARA;RUA BENI DE CARVALHO;;0;;Colis?úo Lateral;Luz do Dia;Bom;Seca;T;Pare;Residencial;0;0;2;1;0;0;0;0;0;1;0;0;-3,746574900000000;-38,490128000000000
310735;23;8;2017;15:39;0;AV DR SILAS MUNGUBA;;;6070;;Colis?úo Lateral;Luz do Dia;Bom;Seca;Outros;N?úo H?í Controle;Comercial;0;0;2;0;1;0;0;0;0;0;0;0;-3,805998800000000;-38,526200000000000
310736;23;8;2017;16:11;0;AV ENG SANTANA JUNIOR;;;2977;;Colis?úo Traseira;Luz do Dia;Bom;Seca;Meio de Quadra;Sem?íforo;Comercial;0;0;2;1;0;0;0;0;0;0;0;0;-3,746461400000000;-38,489174000000000
310737;23;8;2017;10:30;0;RUA DOM PEDRO II;RUA PRO JOSE HENRIQUE;;0;;Colis?úo Transversal;Luz do Dia;Bom;Seca;Cruz;Pare;Residencial;0;0;2;1;0;0;0;0;0;1;0;0;-3,829557700000000;-38,487816000000000
310738;23;8;2017;17:22;0;RUA CON DE CASTRO;;;4800;;Colis?úo Transversal;Luz do Dia;Bom;Seca;Meio de Quadra;N?úo H?í Controle;Escola;0;0;2;0;1;0;0;0;0;1;0;0;-3,807189700000000;-38,594048000000000
310739;23;8;2017;18:25;0;RUA TIBURCIO CAVALCANTE;;;2780;;Colis?úo Lateral;Via Iluminada;Bom;Seca;Outros;Pare;Comercial;0;1;1;1;0;0;0;0;0;1;0;0;-3,749146000000000;-38,506737000000000
310740;23;8;2017;18:58;0;RUA RAIMUNDO NERY;;;729;;Colis?úo Traseira;Mal Iluminada;Bom;Seca;Meio de Quadra;N?úo H?í Controle;Residencial;0;0;2;1;0;0;0;0;0;1;0;0;-3,791469600000000;-38,587498000000000
311301;23;8;2017;22:30;0;AV PRS COSTA E SILVA;RUA PAU BRASIL;;0;;Colis?úo Traseira;Via Iluminada;Bom;Seca;Meio de Quadra;Sem?íforo;Residencial;0;0;2;1;0;0;0;0;0;1;0;0;-3,823951000000000;-38,548004000000000
310806;23;8;2017;15:02;0;AV DR SILAS MUNGUBA;;;1524;;Colis?úo Transversal;Luz do Dia;Bom;Seca;T;Sem?íforo;Comercial;0;0;0;1;0;0;0;0;0;1;0;0;-3,783928600000000;-38,554207000000000
326037;23;8;2017;23:00;0;RD BR 222;;;100;KM-04;Colis?úo Traseira;N?úo Informado;;Seca;Meio de Quadra;;;0;3;2;1;0;0;0;1;0;1;0;0;;
326039;24;8;2017;08:00;0;RD BR 116;;;800;KM-02;Engavetamento;Luz do Dia;;Seca;Meio de Quadra;;;0;1;4;1;1;0;0;0;0;1;0;0;-3,793082000000000;-38,508470000000000
325423;24;8;2017;21:52;0;TR JORGE DUMAR;;;4549;;Colis?úo;;;;Meio de Quadra;;;0;1;1;1;0;0;0;0;0;1;0;0;-3,758828300000000;-38,540830700000000
325401;24;8;2017;14:23;9168;AV BORGES DE MELO;AV LUCIANO CARNEIRO;;0;;Colis?úo;Luz do Dia;;;Cruz;Sem?íforo;Residencial;0;1;0;0;0;0;0;0;0;0;0;0;-3,756465000000000;-38,534097000000000
325398;24;8;2017;13:03;4036;AV JOSE BASTOS;RUA TELES DE SOUZA;;0;;Colis?úo;Luz do Dia;;;Duplo T;Sem?íforo;Comercial;0;1;0;0;0;0;0;0;0;0;0;0;-3,757230000000000;-38,559736000000000
325396;24;8;2017;12:49;9287;AV DOS EXPEDICIONARIOS;AV BORGES DE MELO;;0;;Colis?úo;Luz do Dia;;;Cruz;N?úo H?í Controle;Comercial;0;1;0;0;0;0;0;0;0;0;0;0;-3,753391000000000;-38,537674000000000
325390;24;8;2017;11:52;0;RUA URUCUTUBA;;;1541;;Colis?úo;Luz do Dia;;;Meio de Quadra;;;0;1;1;0;0;0;0;0;0;1;0;0;-3,797681000000000;-38,608913000000000
325405;24;8;2017;14:43;7358;RUA COS ARAUJO LIMA;RUA TARCISIO PEIXOTO;;0;;Colis?úo;Luz do Dia;;;Cruz;Pare;Residencial;0;1;1;1;0;1;0;0;0;0;0;0;-3,751437000000000;-38,587451000000000
325403;24;8;2017;14:36;19683;RUA PRO JOSE DE BARCELOS;RUA AZEVEDO BOLAO;;0;;Colis?úo;Luz do Dia;;;Cruz;Pare;Comercial;0;1;1;1;0;0;0;0;0;1;0;0;-3,735196000000000;-38,550610000000000
325407;24;8;2017;15:14;0;RUA EUCLIDES O DE SOUSA;;;1558;;Colis?úo;Luz do Dia;;;Meio de Quadra;;;0;1;1;1;0;1;0;0;0;0;0;0;-3,797171700000000;-38,466673400000000
325410;24;8;2017;16:01;0;RUA MIRTES CORDEIRO;;;1527;;Colis?úo;Luz do Dia;;;Meio de Quadra;;;0;1;1;1;0;0;0;0;0;1;0;0;-3,787279300000000;-38,604619400000000
325421;24;8;2017;19:11;22990;AV DR SILAS MUNGUBA;RUA AMERICO VESPUCIO;;0;;Colis?úo;;;;T;Gesto;Comercial;0;1;1;1;0;0;0;0;0;1;0;0;;
325419;24;8;2017;18:06;3320;RUA ARGENTINA;RUA VIRIATO RIBEIRO;;0;;Colis?úo;Anoitecer;;;Cruz;Pare;Residencial;0;1;0;0;0;0;0;0;0;0;0;0;-3,747181000000000;-38,564284000000000
325416;24;8;2017;17:06;0;RUA JOSE IVO;;;396;;Queda;Anoitecer;;;Meio de Quadra;;;0;1;0;0;0;0;0;0;0;1;0;0;-3,835312800000000;-38,496126300000000
325417;24;8;2017;17:27;21770;AV GODOFREDO PIMENTEL;RUA JOAO TINOCO;;0;;Colis?úo;Anoitecer;;;;;;0;1;1;1;0;0;0;0;0;1;0;0;-3,729093000000000;-38,590500000000000
325413;24;8;2017;16:07;0;AV GOV RAUL BARBOSA;;;0;;Colis?úo;Luz do Dia;;;Meio de Quadra;;;0;1;0;0;0;0;0;0;0;0;0;0;;
325414;24;8;2017;16:44;0;AV ABOLICAO;;;1300;;Colis?úo;Luz do Dia;;;Meio de Quadra;;;0;1;0;0;0;0;0;0;0;0;0;0;;
325425;24;8;2017;22:02;0;AV F CJ CEARA;;;1425;;Colis?úo;;;;Meio de Quadra;;;0;1;0;0;0;0;0;0;0;0;0;0;;
325426;24;8;2017;23:06;0;RUA 73 CJ JOSE WALTER;;;0;;Queda;;;;Meio de Quadra;;;0;1;0;0;0;0;0;0;0;1;0;0;;
325427;24;8;2017;23:13;0;RUA MIGUEL GURGEL;;;0;;Queda;;;;Meio de Quadra;;;0;1;0;0;0;0;0;0;0;1;0;0;;
325388;24;8;2017;11:12;0;AV IMPERADOR;;;0;;Atropelamento;Luz do Dia;;;Meio de Quadra;;;0;1;1;1;0;0;0;0;0;0;0;0;;
325385;24;8;2017;10:46;0;AV DOS EXPEDICIONARIOS;;;3420;;Colis?úo;Luz do Dia;;;Meio de Quadra;;;0;1;1;1;0;0;0;0;0;1;0;0;-3,748391000000000;-38,536126000000000
325393;24;8;2017;11:58;0;RUA UM (SUMARE);;;62;;Colis?úo;Luz do Dia;;;Meio de Quadra;;;0;1;0;0;0;0;0;0;0;0;0;0;;
325394;24;8;2017;12:17;0;RUA RIO GRANDE DO NORTE;;;512;;Queda;Luz do Dia;;;Meio de Quadra;;;0;1;0;0;0;0;0;0;0;1;0;0;-3,761814600000000;-38,562374500000000
325379;24;8;2017;09:49;0;RUA EDUARDO ANGELIM;;;1098;;Colis?úo;Luz do Dia;;;Meio de Quadra;;;0;1;1;1;0;0;0;0;0;1;0;0;-3,768028000000000;-38,544895000000000
325382;24;8;2017;10:21;8953;RUA TEOFILO GURGEL;AV BEZERRA DE MENEZES;;0;;Queda;Luz do Dia;;;;;;0;1;0;0;0;0;0;0;0;1;0;0;-3,731856000000000;-38,546109000000000
310791;24;8;2017;17:10;6345;AV A CJ CEARA;RUA 101 CJ CEARA;;0;;Choque c/ Obst?ículo Fixo;Anoitecer;Bom;Seca;T;Pare;Residencial;0;0;0;1;0;0;0;0;0;0;0;0;-3,771185900000000;-38,604893000000000
310749;24;8;2017;08:32;0;RUA JORGE DUMAR;;;1712;;Colis?úo Traseira;Luz do Dia;Bom;Seca;Meio de Quadra;N?úo H?í Controle;Residencial;0;0;3;1;0;0;0;0;0;0;0;0;-3,750890000000000;-38,539047000000000
310750;24;8;2017;08:33;0;RUA 13 DE ABRIL;;;270;;Choque c/ Obst?ículo Fixo;Luz do Dia;Bom;Seca;Meio de Quadra;N?úo H?í Controle;Comercial;0;0;1;0;0;0;0;0;0;0;0;0;-3,764616000000000;-38,530678000000000
310751;24;8;2017;08:50;15142;AV MON TABOSA;RUA MON BRUNO;;0;;Colis?úo Lateral;Luz do Dia;Bom;Seca;Cruz;Pare;Comercial;0;0;2;1;0;0;0;0;0;0;0;0;-3,724291300000000;-38,506893000000000
310752;24;8;2017;08:10;5403;RUA PINTO MADEIRA;RUA GONCALVES LEDO;;0;;Colis?úo Transversal;Luz do Dia;Bom;Seca;Cruz;Pare;Residencial;0;1;1;1;0;0;0;0;0;1;0;0;-3,732684000000000;-38,516470000000000
310753;24;8;2017;09:53;17277;AV PRO GOMES DE MATOS;RUA SATIRO DIAS;;0;;Colis?úo Transversal;Amanhecer;Bom;Seca;Cruz;Sem?íforo;Comercial;0;1;1;1;0;0;0;0;0;1;0;0;-3,762368700000000;-38,547054000000000
310754;24;8;2017;10:08;0;AV ABOLICAO;;;3877;;Engavetamento;Luz do Dia;Bom;Seca;Meio de Quadra;N?úo H?í Controle;Comercial;0;0;4;1;0;0;0;0;0;0;0;0;-3,724970600000000;-38,483460000000000
310755;24;8;2017;10:54;19957;AV LUCIANO CARNEIRO;RUA STA QUITERIA;;0;;Engavetamento;Luz do Dia;Bom;Seca;Duplo T;Sem?íforo;Comercial;0;0;3;1;0;0;0;0;0;0;0;0;-3,760424400000000;-38,535500000000000
310756;24;8;2017;11:38;5474;RUA BARBARA DE ALENCAR;RUA J DA PENHA;;0;;Colis?úo Lateral;Luz do Dia;Bom;Seca;Cruz;Pare;Comercial;0;0;2;1;0;0;0;0;0;0;0;0;-3,736223200000000;-38,520107000000000
310757;24;8;2017;11:48;0;RUA 15 DE NOVEMBRO;;;1094;;Colis?úo Traseira;Luz do Dia;Bom;Seca;Cruz;Pare;Residencial;0;0;2;1;0;0;0;0;0;1;0;0;-3,770827500000000;-38,550385000000000
310758;24;8;2017;12:20;0;RUA OSVALDO CRUZ;RUA GAL TERTULIANO POTYGUARA;;0;;Colis?úo Transversal;Luz do Dia;Bom;Seca;Cruz;Pare;Residencial;0;0;2;1;0;0;0;0;0;0;0;0;-3,742453800000000;-38,502586000000000
310759;24;8;2017;14:14;0;AV AGUANAMBI;;;0;;Colis?úo Traseira;Luz do Dia;Bom;Seca;Meio de Quadra;Sem?íforo;Comercial;0;0;2;1;0;0;0;0;0;1;0;0;-3,755611400000000;-38,522705000000000
310760;24;8;2017;13:10;9287;AV DOS EXPEDICIONARIOS;AV BORGES DE MELO;;0;;Colis?úo Lateral;Luz do Dia;Bom;Seca;Cruz;N?úo H?í Controle;Comercial;0;0;0;0;0;0;0;0;0;1;0;0;-3,753230800000000;-38,537674000000000
310761;24;8;2017;15:21;0;AV JOSE BASTOS;;;5899;;Colis?úo Traseira;Luz do Dia;Bom;Seca;Meio de Quadra;N?úo H?í Controle;Comercial;0;0;2;1;0;0;0;0;0;0;0;0;-3,763709800000000;-38,566494000000000
310762;24;8;2017;15:30;0;RUA ANTONIO POMPEU;RUA VINTE QUATRO DE MAIO;;0;;Colis?úo Transversal;Luz do Dia;Bom;Seca;Cruz;Pare;Comercial;0;0;2;1;0;0;0;0;0;0;0;0;-3,733704000000000;-38,534172000000000
310763;24;8;2017;16:37;0;RUA EUCLIDES O DE SOUSA;;;1568;;Atropelamento;Luz do Dia;Bom;Seca;Meio de Quadra;Pare;Residencial;0;1;0;1;0;1;0;0;0;0;0;0;-3,796985000000000;-38,465540000000000
310764;24;8;2017;17:15;0;AV DES GONZAGA;;;1726;;Colis?úo Traseira;Luz do Dia;Bom;Seca;Meio de Quadra;Sem?íforo;Comercial;0;0;2;1;0;0;0;0;0;0;0;0;-3,800248000000000;-38,497944000000000
310787;24;8;2017;14:55;19683;RUA AZEVEDO BOLAO;RUA PRO JOSE DE BARCELOS;;0;;Colis?úo Lateral;Luz do Dia;Bom;Seca;Cruz;Pare;Comercial;0;1;0;1;0;0;0;0;0;1;0;0;-3,735196000000000;-38,550610000000000
310767;24;8;2017;16:00;0;AV SANTOS DUMONT;;;2828;;Colis?úo Traseira;Via Iluminada;Bom;Seca;Meio de Quadra;Sem?íforo;Comercial;0;0;2;1;0;0;0;0;0;0;0;0;-3,736125700000000;-38,499653000000000
310768;24;8;2017;18:55;1480;RUA VICENTE LEITE;RUA EDUARDO GARCIA;;0;;Colis?úo Lateral;Via Iluminada;Bom;Seca;N?úo Informado;Pare;Escola;0;0;1;1;0;0;0;0;0;0;0;0;-3,739136200000000;-38,496080000000000
310769;24;8;2017;18:30;1441;AV SANTOS DUMONT;RUA PRO DIAS DA ROCHA;;0;;Colis?úo Transversal;Via Iluminada;Bom;Seca;Cruz;Pare;Comercial;0;0;2;1;0;0;0;0;0;0;0;0;-3,738120000000000;-38,492382000000000
310770;24;8;2017;21:35;0;AV EDUARDO GIRAO;RUA JORGE DUMAR;;0;;Colis?úo Transversal;Via Iluminada;Bom;Seca;;;;0;2;1;1;0;0;0;0;0;1;0;0;-3,749433300000000;-38,538647000000000
325327;24;8;2017;00:14;0;AV CENTRAL UI 503;;;1038;;Colis?úo;;;;Meio de Quadra;;;0;1;0;0;0;0;0;0;0;0;0;0;;
325320;24;8;2017;00:07;0;AV CONTORNO SUL;;;1310;;Colis?úo;;;;Meio de Quadra;;;0;1;0;0;0;0;0;0;0;0;0;0;-3,812443511000000;-38,595444346000000
325332;24;8;2017;05:24;17277;AV PRO GOMES DE MATOS;RUA SATIRO DIAS;;0;;Colis?úo;Amanhecer;;;Cruz;Sem?íforo;Comercial;0;1;1;1;0;0;0;0;0;1;0;0;-3,762623000000000;-38,546868000000000
325341;24;8;2017;07:50;0;RUA JOSE FACANHA;;;474;;Colis?úo;Luz do Dia;;;Meio de Quadra;;;0;1;1;1;0;0;0;0;0;1;0;0;-3,753185000000000;-38,556120000000000
325337;24;8;2017;06:43;0;RUA JOSE NOGUEIRA FREIRE;;;0;;Colis?úo;Luz do Dia;;;Meio de Quadra;;;0;1;0;0;0;0;0;0;0;0;0;0;;
325338;24;8;2017;06:55;0;AV C CJ CEARA;;;0;;Colis?úo;Luz do Dia;;;Meio de Quadra;;;0;1;1;1;0;1;0;0;0;0;0;0;;
325344;24;8;2017;07:51;0;RUA CON LIMA SUCUPIRA;;;105;;Colis?úo;Luz do Dia;;;Meio de Quadra;;;0;1;1;1;0;0;0;0;0;1;0;0;-3,778170700000000;-38,550849100000000
325345;24;8;2017;07:58;0;RUA ALBERTO FEITOSA LIMA;;;0;;Colis?úo;Luz do Dia;;;;;;0;1;1;1;0;0;0;0;0;1;0;0;;
324717;24;8;2017;08:50;0;AV SEN CARLOS JEREISSATI (AEROPORTO);;;0;KM 03;Colis?úo;Luz do Dia;;Seca;Meio de Quadra;;;0;0;2;1;0;0;1;0;0;0;0;0;-3,779641000000000;-38,544038000000000
324718;24;8;2017;05:40;0;AV MIN JOSE AMERICO;;;0;;Colis?úo;Amanhecer;;Seca;Meio de Quadra;;;0;1;1;0;0;0;0;0;0;1;0;0;;
324719;24;8;2017;17:50;0;AV MIN JOSE AMERICO;;;0;;Colis?úo;Anoitecer;;Seca;Meio de Quadra;;;0;0;2;0;1;0;0;0;0;0;0;0;;
313240;24;8;2017;08:22;17300;RUA ROMEU MARTINS;RUA ZACARIAS GONDIM;;0;;Colis?úo Lateral;Luz do Dia;Bom;Seca;Cruz;Pare;Residencial;0;2;0;1;0;0;0;0;0;0;0;0;-3,763760000000000;-38,556313000000000
313250;24;8;2017;15:30;0;RUA LEITAO CERQUEIRA;;;0;;Colis?úo;Luz do Dia;Bom;Seca;Meio de Quadra;N?úo H?í Controle;Residencial;0;2;0;1;0;0;0;0;0;1;0;0;;
306774;24;8;2017;17:30;0;AV ANTONIO SALES;;;2000;;Colis?úo Traseira;Via Iluminada;Bom;Seca;Meio de Quadra;N?úo H?í Controle;Residencial;0;2;0;1;0;0;0;0;0;0;0;0;-3,744261000000000;-38,506235000000000
306786;24;8;2017;18:30;0;AV PRS COSTA E SILVA;;;0;;Colis?úo Traseira;Anoitecer;Bom;Seca;Meio de Quadra;Pare;Comercial;0;2;0;1;0;0;1;0;0;0;0;0;;
303896;25;8;2017;18:16;0;RD CE-040;;;0;KM-10;Atropelamento;Anoitecer;;Seca;Meio de Quadra;;;1;0;1;1;0;0;0;0;0;0;0;0;-3,826392000000000;-38,481786000000000
320707;25;8;2017;12:42;0;AV JOAO PESSOA;;;3427;;Colis?úo;Luz do Dia;;;Meio de Quadra;;;0;1;0;0;1;0;0;0;0;1;0;0;;
320709;25;8;2017;12:57;0;RUA CEREJEIRAS;;;503;;Colis?úo;Luz do Dia;;;Meio de Quadra;;;0;1;0;1;0;1;0;0;0;0;0;0;-3,816203000000000;-38,595270000000000
320710;25;8;2017;13:03;0;AV PINTO BANDEIRA D56;;;709;;Colis?úo;Luz do Dia;;;Meio de Quadra;;;0;1;0;1;0;0;0;0;0;1;0;0;-3,775444500000000;-38,487375900000000
320712;25;8;2017;13:52;0;RUA BAR CRATO;;;252;;Colis?úo;Luz do Dia;;;Meio de Quadra;;;0;2;0;0;0;0;0;0;0;1;0;0;;
320724;25;8;2017;15:32;0;RD BR 116;;;5000;KM-05;Colis?úo;Luz do Dia;;Seca;Meio de Quadra;;;0;1;1;0;0;0;0;0;0;1;0;0;-3,796502000000000;-38,506787000000000
320720;25;8;2017;14:18;0;AV SGT HERMINIO SAMPAIO;;;0;;Colis?úo;Luz do Dia;;;Meio de Quadra;;;0;2;0;0;0;0;0;0;0;1;0;0;;
320738;25;8;2017;17:14;0;AV LUCIANO CARNEIRO;;;0;;Colis?úo;Anoitecer;;;Meio de Quadra;;;0;1;0;0;0;0;0;0;0;1;0;0;;
320739;25;8;2017;17:19;0;AV WENEFRIDO MELO;;;28;;Colis?úo;Anoitecer;;;Meio de Quadra;;;0;1;0;0;0;0;0;0;0;1;0;0;-3,808471000000000;-38,578345000000000
320740;25;8;2017;17:25;0;AV N CJ JOSE WALTER;;;1474;;Colis?úo;Anoitecer;;;Meio de Quadra;;;0;1;0;1;0;0;0;0;0;1;0;0;;
320734;25;8;2017;17:09;0;RUA ALUISIO AZEVEDO;;;468;;Colis?úo;Anoitecer;;;Meio de Quadra;;;0;1;0;0;0;0;0;0;0;1;0;0;-3,771136000000000;-38,577413000000000
320730;25;8;2017;16:50;0;AV PRS COSTA E SILVA;;;0;;Colis?úo;Luz do Dia;;;Meio de Quadra;;;0;0;1;0;0;0;0;0;0;1;0;0;;
320731;25;8;2017;17:02;0;AV MAJ ASSIS;;;2205;;Colis?úo;Anoitecer;;;Meio de Quadra;;;0;1;0;1;0;0;0;0;0;1;0;0;-3,720884000000000;-38,599415000000000
320728;25;8;2017;16:37;0;RUA CON DE CASTRO;;;0;;Colis?úo;Luz do Dia;;;Meio de Quadra;;;0;1;0;1;0;0;0;0;0;1;0;0;;
320714;25;8;2017;14:13;5742;AV OLIVEIRA PAIVA;RUA MANUEL MONTEIRO;;0;;Colis?úo;Luz do Dia;;;Cruz;Sem?íforo;Comercial;0;1;0;1;0;0;0;0;0;0;0;0;-3,795496000000000;-38,494140000000000
320704;25;8;2017;09:12;0;RD CE-040;;;0;KM-08;Colis?úo;Luz do Dia;;;Meio de Quadra;;;0;1;0;1;0;0;0;0;0;1;0;0;-3,825515822000000;-38,481538320000000
320705;25;8;2017;10:54;0;RUA ARTUR DE SOUZA;;;810;;Colis?úo;Luz do Dia;;;Meio de Quadra;;;0;1;0;1;0;0;0;0;0;1;0;0;-3,827064000000000;-38,573221000000000
320700;25;8;2017;07:38;0;RUA PDE FRANCISCO PITA;;;664;;Colis?úo;Luz do Dia;;;Meio de Quadra;;;0;1;0;0;0;1;0;0;0;1;0;0;-3,781636000000000;-38,499475000000000
320792;25;8;2017;20:04;0;AV GODOFREDO MACIEL;;;3511;;Colis?úo;;;;Meio de Quadra;;;0;0;1;0;0;0;0;0;0;0;0;0;-3,806283000000000;-38,572978000000000
320793;25;8;2017;20:46;0;RUA PEDRO MARTINS;;;149;;Colis?úo;;;;Meio de Quadra;;;0;2;0;0;0;0;0;0;0;0;0;0;-3,800428000000000;-38,599300000000000
320794;25;8;2017;21:01;0;RUA 105 CJ CEARA;;;12;;Colis?úo;;;;Meio de Quadra;;;0;1;0;0;0;0;0;0;0;0;0;0;-3,771717000000000;-38,606806000000000
320803;25;8;2017;21:19;0;AV DUQ CAXIAS;;;430;;Queda;;;;Meio de Quadra;;;0;0;1;0;0;1;0;0;0;0;0;0;-3,732252000000000;-38,528462000000000
320806;25;8;2017;22:18;0;AV PERIMETRAL;;;0;;Colis?úo;;;;Meio de Quadra;;;0;2;0;1;0;0;0;0;0;1;0;0;;
320784;25;8;2017;19:16;0;AV DIOGUINHO;;;3896;P?çA.31 DE MAR?çO;Atropelamento;;;;Meio de Quadra;;;0;1;0;1;0;0;0;0;0;0;0;0;-3,747462000000000;-38,450139000000000
320786;25;8;2017;19:32;22951;AV DR SILAS MUNGUBA;RUA DR JUSTA ARAUJO D45;;0;;Colis?úo;;;;Cruz;Sem?íforo;Comercial;0;1;0;0;0;0;0;0;0;0;0;0;-3,784586000000000;-38,553426000000000
320814;25;8;2017;22:44;0;RUA BAIXA DO MILAGRE;;;3284;;Atropelamento;;;;Meio de Quadra;;;0;1;0;1;0;0;0;0;0;0;0;0;-3,731286000000000;-38,603320000000000
320778;25;8;2017;18:27;0;RD BR 116;;;2000;KM-02;Colis?úo;Anoitecer;;;Meio de Quadra;;;0;1;0;1;0;0;0;0;0;1;0;0;-3,771391000000000;-38,516780000000000
320747;25;8;2017;18:03;0;AV SEN FERNANDES TAVORA;;;0;;Queda;Anoitecer;;;Meio de Quadra;;;0;1;0;0;0;1;0;0;0;0;0;0;;
313258;25;8;2017;19:00;1611;RUA CEL JUCA;RUA VICENTE LINHARES;;0;;Colis?úo Transversal;Via Iluminada;Bom;Seca;Cruz;Pare;Residencial;0;2;0;1;0;0;0;0;0;0;0;0;-3,744356000000000;-38,493430000000000
313252;25;8;2017;23:03;5178;RUA LIBERATO BARROSO;RUA PDE MORORO;;0;;Colis?úo Lateral;Via Iluminada;Bom;Seca;Cruz;N?úo H?í Controle;Residencial;0;2;0;1;0;0;0;0;0;1;0;0;-3,725509000000000;-38,537495000000000
313253;25;8;2017;10:00;5331;AV SANTOS DUMONT;RUA GONCALVES LEDO;;0;;Colis?úo Lateral;Luz do Dia;Bom;Seca;Cruz;Pare;Comercial;0;2;0;1;0;0;0;0;0;0;0;0;-3,730535000000000;-38,515848000000000
313254;25;8;2017;08:30;0;AV DOS EXPEDICIONARIOS;;;4886;;Colis?úo Lateral;;Bom;Seca;Meio de Quadra;;Residencial;0;2;0;1;0;0;0;0;0;1;0;0;-3,762150000000000;-38,540347000000000
313255;25;8;2017;15:27;0;RUA CEL MATOS DOURADO;;;378;;Colis?úo Lateral;Luz do Dia;Bom;Seca;Meio de Quadra;Sem?íforo Intermitente;Comercial;0;3;0;0;0;0;0;0;0;1;0;0;-3,742136000000000;-38,585122000000000
313256;25;8;2017;11:40;0;AV ALM BARROSO;;;727;;Colis?úo Lateral;Luz do Dia;Bom;Seca;Meio de Quadra;N?úo H?í Controle;Comercial;0;2;0;1;0;0;1;0;0;0;0;0;-3,720324000000000;-38,516169000000000
313262;25;8;2017;16:30;7637;AV CARNEIRO DE MENDONCA;RUA NETUNO;;0;;Colis?úo;Via Iluminada;Bom;Seca;T;N?úo H?í Controle;Residencial;0;1;0;0;1;0;0;0;0;0;0;0;-3,761518000000000;-38,571592000000000
313260;25;8;2017;15:00;1425;AV BAR STUDART;RUA JOAO CARVALHO;;0;;Colis?úo Transversal;Luz do Dia;Bom;Seca;Cruz;Sem?íforo;Comercial;0;1;1;0;0;0;0;0;0;1;0;0;-3,737632000000000;-38,507567000000000
324720;25;8;2017;07:54;0;RD CE-040;;;0;KM-08;Colis?úo;Luz do Dia;;Seca;Outros;;;0;1;1;0;0;0;0;0;0;1;0;0;-3,825515822000000;-38,481538320000000
324721;25;8;2017;20:20;0;RD CE-040;;;0;KM-07;Colis?úo;N?úo Informado;;Seca;Meio de Quadra;;;0;0;2;1;0;0;0;0;0;0;0;0;-3,817159445000000;-38,483032860000000