COD_ACIDENTE;DIA;MES;ANO;HORA;INTERSECAO;LOG1;LOG2;LOG3;NUMERO;REFERENCIA;NATUREZA;ILUMINACAO;TEMPO;SUPERFICIEPISTA;TIPOCRUZAMENTO;CONTROLETRAFEGO;USOSOLO;MORTOS;FERIDOS;ILESOS;AUTOMOVEL;ONIBUS;BICICLETA;CAMINHAO;MICROONIBUS;CICLOMOTOR;MOTOCICLETA;TRACAOANIMAL;TREM;LATITUDE;LONGITUDE
324722;25;8;2017;19:10;0;RD CE-040;;;0;KM-04;Colis?úo;Via Iluminada;;Seca;Meio de Quadra;;;0;0;2;1;0;0;0;0;0;0;0;0;-3,791613156000000;-38,480330840000000
310771;25;8;2017;00:16;11164;RUA JULIO GASPAR;RUA FAGUNDES VARELA;;0;;Colis?úo Lateral;Via Iluminada;Bom;Seca;Cruz;Pare;Residencial;0;0;1;1;0;0;0;0;0;0;0;0;-3,783094200000000;-38,562412000000000
310772;25;8;2017;07:00;18233;AV DIOGUINHO;RUA DES GERMINIANO JUREMA;;0;;Colis?úo;Luz do Dia;Bom;Seca;T;N?úo H?í Controle;Comercial;0;1;1;0;1;0;0;0;0;1;0;0;-3,769036800000000;-38,439575000000000
310773;25;8;2017;07:36;0;RUA JORGE DUMAR;;;1841;;Colis?úo Transversal;Luz do Dia;Bom;Seca;Meio de Quadra;N?úo H?í Controle;Escola;0;0;2;1;1;0;0;0;0;0;0;0;-3,752092400000000;-38,539227000000000
310774;25;8;2017;08:07;14412;RUA GERSON FARIAS;RUA AMARO CAVALCANTI;;0;;Colis?úo Transversal;Luz do Dia;Bom;Seca;Cruz;Pare;Residencial;0;0;3;1;0;0;0;0;0;0;0;0;-3,724236000000000;-38,552727000000000
310775;25;8;2017;08:10;0;RUA PRO GOMES BRASIL;;;50;;Colis?úo Lateral;Luz do Dia;Bom;Seca;Meio de Quadra;N?úo H?í Controle;Comercial;0;1;1;1;0;0;0;0;0;1;0;0;-3,775213200000000;-38,566696000000000
310776;25;8;2017;09:35;15353;RUA BARBOSA DE FREITAS;RUA PEREIRA VALENTE;;0;;Colis?úo Transversal;Luz do Dia;Bom;Seca;Cruz;Pare;Residencial;0;0;2;0;0;0;0;0;0;0;0;0;-3,732602000000000;-38,496070000000000
310777;25;8;2017;07:39;19081;RUA DES WALDETARIO P MOTA;RUA EDUARDO SABOIA;;0;;Colis?úo Transversal;Luz do Dia;Bom;Seca;Cruz;Pare;Comercial;0;1;1;0;0;0;0;0;0;1;0;0;-3,737450000000000;-38,480900000000000
310778;25;8;2017;11:27;0;AV AUGUSTO DOS ANJOS;;;150;;Colis?úo Traseira;Luz do Dia;Bom;Seca;Meio de Quadra;Sem?íforo;Comercial;0;0;2;1;1;0;0;0;0;0;0;0;-3,770374000000000;-38,570522000000000
310779;25;8;2017;12:00;14668;RUA JUNIOR ROCHA;RUA DES AVELAR;;0;;Colis?úo Frontal;Luz do Dia;Bom;Seca;Cruz;Pare;Comercial;0;2;0;0;0;0;0;0;0;1;0;0;-3,794426400000000;-38,488110000000000
310780;25;8;2017;13:00;0;AV PINTO BANDEIRA D56;AV NORTE;;0;;Colis?úo Transversal;Luz do Dia;Bom;Seca;Rotat??ria;Pare;Residencial;0;0;2;0;0;0;0;0;0;1;0;0;-3,776823300000000;-38,487940000000000
310788;25;8;2017;18:33;0;RUA MANUEL JESUINO;;;945;;Colis?úo Frontal;Luz do Dia;Bom;Seca;Meio de Quadra;N?úo H?í Controle;Residencial;0;0;2;1;0;0;0;0;0;0;0;0;-3,734081500000000;-38,484867000000000
310789;25;8;2017;18:52;0;RUA FRANCISCO V DE VASCONCELOS;AV HIS RAIMUNDO GIRAO;;0;;Colis?úo Transversal;Via Iluminada;Bom;Seca;T;N?úo H?í Controle;Residencial;0;0;2;1;0;0;0;0;0;0;0;0;-3,722384000000000;-38,508114000000000
310790;25;8;2017;19:07;0;AV PDE ANTONIO TOMAS;;;1595;;Colis?úo Traseira;Via Iluminada;Bom;Seca;Meio de Quadra;Sem?íforo;Lazer;0;0;2;1;0;0;0;0;0;0;0;0;-3,740144500000000;-38,498413000000000
310782;25;8;2017;12:30;0;AV ANTONIO SALES;;;3443;;Colis?úo Lateral;Luz do Dia;Bom;Seca;Meio de Quadra;N?úo H?í Controle;Residencial;0;0;2;1;0;0;0;0;0;0;0;0;-3,776808300000000;-38,487965000000000
310783;25;8;2017;14:58;19043;AV ENG ALBERTO SA;RUA NOVA PETROPOLES;;0;;Colis?úo Traseira;Luz do Dia;Bom;Seca;T;Sem?íforo;Comercial;0;0;2;1;0;0;0;0;0;0;0;0;-3,735812000000000;-38,471382000000000
310784;25;8;2017;13:05;8011;AV JOAO PESSOA;RUA ALEXANDRE BARAUNA;;0;;Colis?úo Transversal;Luz do Dia;Bom;Seca;Cruz;Sem?íforo;Residencial;0;1;1;0;1;0;0;0;0;1;0;0;-3,751146600000000;-38,548280000000000
310785;25;8;2017;15:58;0;RUA LEITAO CERQUEIRA;;;1010;;Colis?úo Lateral;Luz do Dia;Bom;Seca;Meio de Quadra;Sem?íforo;Comercial;0;0;2;1;0;0;0;0;0;0;0;0;-3,830289000000000;-38,560250000000000
310786;25;8;2017;14:30;0;RUA GAL TERTULIANO POTYGUARA;RUA OSVALDO CRUZ;;0;;Colis?úo Traseira;Luz do Dia;Bom;Seca;Cruz;Pare;Comercial;0;0;2;1;0;0;0;0;0;0;0;0;-3,742599500000000;-38,502380000000000
310792;25;8;2017;17:50;1516;AV DES MOREIRA;AV PDE ANTONIO TOMAS;;0;;Colis?úo Traseira;Via Iluminada;Bom;Seca;Cruz;Sem?íforo;Comercial;0;1;1;1;0;0;0;0;0;1;0;0;-3,740280000000000;-38,499714000000000
310793;25;8;2017;18:36;22644;AV ENG LEAL LIMA VERDE (SAPIRANGA/COITE);RUA JOSE VILAR DE ANDRADE;;0;;Colis?úo Lateral;Luz do Dia;Bom;Seca;Cruz;D?¬ Prefer?¬ncia;Escola;0;1;1;1;0;0;0;0;0;1;0;0;-3,794121500000000;-38,475807000000000
310863;25;8;2017;14:34;0;RUA MARTINS DE SOUZA;RUA JUVENTUDE;;0;;Colis?úo Lateral;Luz do Dia;Bom;Seca;Meio de Quadra;N?úo H?í Controle;Residencial;0;0;2;1;0;0;0;0;0;1;0;0;-3,827278600000000;-38,573032000000000
310822;25;8;2017;11:43;3347;AV ENG HUMBERTO MONTE;RUA GOIAS;;0;;Colis?úo Traseira;Luz do Dia;Bom;Seca;Cruz;Pare;Comercial;0;1;1;0;0;0;0;0;0;1;0;0;-3,750661100000000;-38,559383000000000
326049;25;8;2017;19:05;0;RD BR 116;;;2000;KM-02;Colis?úo Traseira;;;Seca;Meio de Quadra;;;0;0;4;1;0;0;0;0;0;0;0;0;-3,771391000000000;-38,516780000000000
326044;25;8;2017;18:20;0;RD BR 116;;;500;KM-02;Colis?úo Traseira;Anoitecer;;Seca;Meio de Quadra;;;0;1;2;1;0;0;0;0;0;1;0;0;-3,796035900000000;-38,507192300000000
310807;26;8;2017;18:59;0;RUA VICENTE LINHARES;AV DES MOREIRA;RUA VIS MAUA;0;;Colis?úo Traseira;Anoitecer;Bom;Seca;Meio de Quadra;Sem?íforo;Comercial;0;0;1;1;0;0;0;0;0;0;0;0;-3,742187700000000;-38,500618000000000
310808;26;8;2017;18:55;0;AV FRANCISCO SA;RUA SILVA JATAHY;;0;;Colis?úo Lateral;Mal Iluminada;Bom;Seca;Cruz;Sem?íforo;Residencial;0;0;2;1;0;0;0;0;0;0;0;0;-3,720781600000000;-38,546963000000000
310809;26;8;2017;17:19;22051;RUA CAP FRANCISCO PEDRO;RUA PRO JOAO BOSCO;;0;;Colis?úo Transversal;Via Iluminada;Bom;Seca;Cruz;Pare;Residencial;0;0;2;0;1;0;0;0;0;1;0;0;-3,741256500000000;-38,543570000000000
310810;26;8;2017;16:43;0;AV ANTONIO JUSTA;;;3330;;Colis?úo Transversal;Anoitecer;Bom;Seca;Meio de Quadra;Sem?íforo;Residencial;0;1;1;1;0;0;0;0;0;1;0;0;-3,728740500000000;-38,491203000000000
310794;26;8;2017;08:44;0;AV IMPERADOR;;;1612;;Colis?úo Transversal;Luz do Dia;Bom;Seca;Meio de Quadra;Sem?íforo;Comercial;0;0;1;0;1;0;0;0;0;1;0;0;-3,735094800000000;-38,536743000000000
310795;26;8;2017;09:32;0;RUA ILDEFONSO ALBANO;;;1708;;Engavetamento;Luz do Dia;Bom;Seca;Meio de Quadra;Sem?íforo;Residencial;0;0;2;1;0;0;0;0;0;0;0;0;-3,736142400000000;-38,514225000000000
310796;26;8;2017;08:25;15821;AV JOR THOMAZ COELHO;RUA ANGELICA GURGEL;;0;;Colis?úo Lateral;Luz do Dia;Bom;Seca;T;Pare;Residencial;0;1;1;0;1;0;0;0;0;1;0;0;-3,832461600000000;-38,499146000000000
310797;26;8;2017;10:30;7903;AV ANTONIO SALES;RUA CEL LINHARES;;0;;Colis?úo Transversal;Luz do Dia;Bom;Seca;Cruz;Pare;Residencial;0;1;0;1;0;0;0;0;0;0;0;0;-3,746966000000000;-38,497498000000000
310798;26;8;2017;11:15;0;AV SEN FERNANDES TAVORA;;;101;;Colis?úo Lateral;Luz do Dia;Bom;Seca;Meio de Quadra;N?úo H?í Controle;Comercial;0;1;1;1;0;0;0;0;0;0;0;0;-3,766511400000000;-38,574196000000000
310799;26;8;2017;12:05;0;AV PRS CASTELO BRANCO;;;830;;Colis?úo Traseira;Luz do Dia;Bom;Seca;Meio de Quadra;N?úo H?í Controle;Comercial;0;0;2;1;0;0;0;0;0;0;0;0;-3,720208000000000;-38,530680000000000
310800;26;8;2017;14:00;12954;RUA BERNARDO MANUEL;AV PRS COSTA E SILVA;;0;;Colis?úo Traseira;Luz do Dia;Bom;Seca;Com Via F?®rrea;N?úo H?í Controle;Escola;0;0;1;1;0;0;0;0;0;0;0;0;-3,820773600000000;-38,558277000000000
310801;26;8;2017;15:12;0;AV SANTOS DUMONT;;;6130;;Colis?úo Traseira;Luz do Dia;Bom;Seca;Meio de Quadra;Sem?íforo;Comercial;0;0;2;1;0;0;0;0;0;0;0;0;-3,743126600000000;-38,477604000000000
310802;26;8;2017;15:00;26077;AV DUQ CAXIAS;AV JOSE JATAHY;;0;;Colis?úo Traseira;Luz do Dia;Bom;Seca;Cruz;Sem?íforo;Residencial;0;0;2;0;0;0;0;0;0;0;0;0;-3,726638600000000;-38,545610000000000
310804;26;8;2017;16:26;0;AV JOR THOMAZ COELHO;;;1449;;Colis?úo Traseira;Luz do Dia;Bom;Seca;Meio de Quadra;N?úo H?í Controle;Comercial;0;0;2;1;0;0;0;0;0;0;0;0;-3,830157300000000;-38,508442000000000
310805;26;8;2017;17:28;0;RUA CEL FRANCISCO ALVES RIBEIRO;RUA ANTONIO ALVES RIBEIRO;;0;;Engavetamento;Luz do Dia;Bom;Seca;Meio de Quadra;N?úo H?í Controle;Residencial;0;2;2;1;0;0;0;0;0;1;0;0;-3,832744000000000;-38,509846000000000
310841;26;8;2017;08:29;0;AV HERACLITO GRACA;;;342;;Colis?úo Lateral;Luz do Dia;Bom;Seca;Meio de Quadra;N?úo H?í Controle;Comercial;0;1;2;1;0;0;0;0;0;1;0;0;-3,734423900000000;-38,521670000000000
310855;26;8;2017;20:32;16557;AV GODOFREDO MACIEL;RUA MIRTYL MEYER;;0;;Colis?úo Traseira;Via Iluminada;Bom;Seca;Cruz;N?úo H?í Controle;Comercial;0;1;1;0;1;0;0;0;0;0;0;0;-3,809415600000000;-38,573925000000000
311010;26;8;2017;13:05;13564;RUA CAP GUSTAVO;RUA CASTRO ALVES;;0;;Colis?úo Lateral;Luz do Dia;Bom;Seca;Cruz;Pare;Comercial;0;2;1;0;1;0;0;0;0;1;0;0;-3,749871700000000;-38,517838000000000
311302;26;8;2017;02:00;277;AV JOVITA FEITOSA;RUA TIP SALES;;0;;Choque c/ Obst?ículo Fixo;Via Iluminada;Bom;Seca;Cruz;Pare;Comercial;0;0;0;1;0;0;0;0;0;0;0;0;-3,741332300000000;-38,563976000000000
324723;26;8;2017;17:40;0;RD CE-040;;;0;KM-05;Colis?úo;Anoitecer;;Seca;Meio de Quadra;;;0;0;2;1;1;0;0;0;0;0;0;0;-3,800595823000000;-38,479534630000000
305901;26;8;2017;14:45;0;RUA CON DE CASTRO;;;5731;;Colis?úo;Luz do Dia;;;Meio de Quadra;;;1;0;2;1;1;0;0;0;0;1;0;0;-3,813729200000000;-38,598276100000000
306715;26;8;2017;13:39;0;RUA EMILIO DE MENESES;;;1578;;Colis?úo Traseira;Luz do Dia;;;Meio de Quadra;;;0;2;1;1;0;0;0;0;0;1;0;0;-3,779229400000000;-38,596008800000000
320891;26;8;2017;11:46;0;AV VIS RIO BRANCO;;;3350;;Colis?úo;Luz do Dia;;;Meio de Quadra;;;0;1;0;1;0;0;0;0;0;1;0;0;-3,750567000000000;-38,521067000000000
320885;26;8;2017;11:03;0;AV AUGUSTO DOS ANJOS;;;1915;;Atropelamento;Luz do Dia;;;Meio de Quadra;;;0;1;0;0;0;0;0;0;0;1;0;0;-3,782139000000000;-38,580876000000000
320897;26;8;2017;14:48;0;AV SEN FERNANDES TAVORA;;;1694;;Colis?úo;Luz do Dia;;;Meio de Quadra;;;0;1;0;0;0;0;0;0;0;0;0;0;-3,759257000000000;-38,587647000000000
320894;26;8;2017;13:27;0;ROD CE 010;;;3000;;Queda;Luz do Dia;;Seca;Meio de Quadra;;;0;1;0;0;0;0;0;0;0;1;0;0;;
320895;26;8;2017;14:18;0;RUA PROF. MANOEL LOURENCO;;;0;;Colis?úo;Luz do Dia;;;Meio de Quadra;;;0;1;0;0;0;0;0;0;0;1;0;0;;
320881;26;8;2017;10:28;0;RUA COM GARCIA;;;1031;;Colis?úo;Luz do Dia;;;Meio de Quadra;;;0;0;1;0;0;0;0;0;0;1;0;0;-3,793133000000000;-38,583187000000000
320873;26;8;2017;08:06;0;AV H CJ CEARA;;;1809;;Atropelamento;Luz do Dia;;;Meio de Quadra;;;0;2;0;0;0;0;0;0;0;1;0;0;-3,776281000000000;-38,614170000000000
320867;26;8;2017;07:53;16033;RUA FRANCISCO BENTO;RUA CEL TIBURCIO;;0;;Colis?úo;Luz do Dia;;;Cruz;Pare;Comercial;0;1;0;1;0;0;0;0;0;1;0;0;-3,813136000000000;-38,574012000000000
320833;26;8;2017;02:51;0;AV WASHINGTON SOARES;;;0;;Queda;;;;Meio de Quadra;;;0;2;0;0;0;0;0;0;0;1;0;0;;
320864;26;8;2017;07:25;26075;AV JOSE JATAHY;AV SGT HERMINIO SAMPAIO;;0;;Colis?úo;Luz do Dia;;;Cruz;Sem?íforo;Comercial;0;1;0;0;0;0;0;0;0;1;0;0;-3,724679297000000;-38,546275142000000
320856;26;8;2017;04:39;3767;AV IMPERADOR;AV DOMINGOS OLIMPIO;;0;;Colis?úo;;;;Cruz;Sem?íforo;Comercial;0;1;0;0;0;0;0;0;0;0;0;0;-3,734790000000000;-38,536697000000000
320828;26;8;2017;02:47;0;RUA MAJ JOSE ARAUJO AGUIAR;;;202;;Acidente Pessoal;;;;Meio de Quadra;;;0;1;0;0;0;0;0;0;0;1;0;0;-3,775606000000000;-38,513642000000000
320824;26;8;2017;02:12;3820;AV 13 DE MAIO;AV CARAPINIMA;;0;;Choque c/ Obst?ículo Fixo;;;;Cruz;Sem?íforo;Comercial;0;1;0;1;0;0;0;0;0;0;0;0;-3,740001000000000;-38,540239000000000
320912;26;8;2017;20:30;0;RUA TRAJANO DE MORAES;;;324;;Queda;;;;Meio de Quadra;;;0;1;0;0;0;0;0;0;0;1;0;0;;
320910;26;8;2017;20:19;0;AV GAL OSORIO DE PAIVA;;;302;;Colis?úo;;;;Meio de Quadra;;;0;0;1;1;0;0;0;0;0;1;0;0;-3,774881000000000;-38,565506000000000
320927;26;8;2017;21:59;0;AV CEL CARVALHO;;;0;;Colis?úo;;;;Meio de Quadra;;;0;1;0;0;0;0;0;0;0;0;0;0;;
320929;26;8;2017;22:16;0;RUA CARLOS AMORA;;;0;;Colis?úo;;;;Meio de Quadra;;;0;1;0;0;0;0;0;0;0;0;0;0;;
320934;26;8;2017;22:55;0;AV IMPERADOR;;;545;;Atropelamento;;;;Meio de Quadra;;;0;1;0;0;0;0;0;0;0;1;0;0;-3,725657000000000;-38,534000000000000
320935;26;8;2017;23:26;0;AV MR HULL;;;0;;Colis?úo;;;;Meio de Quadra;;;0;1;0;1;0;0;0;0;0;1;0;0;;
320921;26;8;2017;20:39;0;AV GAL OSORIO DE PAIVA;;;0;;Colis?úo;;;;Meio de Quadra;;;0;1;0;1;0;0;0;0;0;1;0;0;;
320922;26;8;2017;20:44;0;AV DOMINGOS OLIMPIO;;;0;;Colis?úo;;;;Meio de Quadra;;;0;1;0;0;0;0;0;0;0;0;0;0;;
320923;26;8;2017;21:17;0;RUA CON DE CASTRO;;;9684;;Colis?úo;;;;Meio de Quadra;;;0;1;0;0;0;0;0;0;0;1;0;0;-3,828097000000000;-38,607415000000000
320924;26;8;2017;21:24;0;RUA MINERVINO DE CASTRO;;;2522;;Capotamento;;;;Meio de Quadra;;;0;1;0;1;0;0;0;0;0;0;0;0;-3,743215402000000;-38,544162478000000
320925;26;8;2017;21:45;0;AV 13 DE MAIO;;;2120;;Atropelamento;;;;Meio de Quadra;;;0;1;0;0;0;0;0;0;0;1;0;0;-3,743785000000000;-38,535814000000000
320908;26;8;2017;19:25;3990;AV PRO GOMES DE MATOS;RUA PRO COSTA MENDES;;0;;Colis?úo;;;;;N?úo H?í Controle;Comercial;0;1;0;0;0;0;0;0;0;0;0;0;-3,758035000000000;-38,542936000000000
320905;26;8;2017;16:00;0;RUA BERNARDO MANUEL;;;1460;;Colis?úo;Luz do Dia;;;Meio de Quadra;;;0;1;0;0;0;0;0;0;0;0;0;0;-3,780103918000000;-38,545782481000000
320900;26;8;2017;15:02;12757;RUA DAMASCENO GIRAO;RUA MAJ WEYNE;;0;;Colis?úo;Luz do Dia;;;Cruz;Sem?íforo;Comercial;0;1;0;0;0;0;0;0;0;0;0;0;-3,752487000000000;-38,540018000000000
306719;26;8;2017;15:00;5188;RUA TEN BENEVOLO;RUA NOGUEIRA ACIOLI;;0;;Colis?úo Transversal;Luz do Dia;;;Cruz;Pare;Residencial;0;0;2;1;0;0;0;0;0;1;0;0;-3,725858000000000;-38,515591000000000
306730;27;8;2017;08:50;19732;RUA GUSTAVO SAMPAIO;RUA TIP SALES;;0;;Colis?úo Lateral;Luz do Dia;;;Cruz;Pare;Residencial;0;1;1;1;0;0;0;0;0;1;0;0;-3,737013000000000;-38,564917000000000
306725;27;8;2017;03:00;0;RUA BERNARDO MANUEL;;;8959;;Queda;;;;Meio de Quadra;;;0;1;0;0;0;0;0;0;0;1;0;0;-3,797980000000000;-38,551199000000000
306722;27;8;2017;07:10;0;RUA PRO VICENTE SILVEIRA;;;800;;Choque c/ Obst?ículo Fixo;Luz do Dia;;;Meio de Quadra;;;0;0;1;1;0;0;0;0;0;0;0;0;-3,768140000000000;-38,539147000000000
306723;27;8;2017;21:25;0;RUA BERNARDO MANUEL;;;9970;;Colis?úo Traseira;;;;Meio de Quadra;;;0;1;1;1;0;0;0;0;0;1;0;0;-3,804543000000000;-38,553161000000000
306733;27;8;2017;15:00;20117;RUA PRO JOSE SILVEIRA;RUA REGINA DE FATIMA;;0;;Colis?úo Transversal;Luz do Dia;;;Cruz;Pare;Residencial;0;2;0;1;0;0;1;0;0;0;0;0;-3,809617000000000;-38,524013000000000
303900;27;8;2017;10:30;0;AV CARNEIRO DE MENDONCA;;;650;;Atropelamento;Luz do Dia;;;Meio de Quadra;;;1;0;1;1;0;0;0;0;0;0;0;0;-3,764957000000000;-38,565143000000000
303903;27;8;2017;01:52;0;RD BR 116;;;3000;KM-03;Capotamento;;;;Meio de Quadra;;;1;0;0;1;0;0;0;0;0;0;0;0;-3,779838000000000;-38,514372000000000
320936;27;8;2017;01:49;0;RUA ALM RUFINO;;;0;;Atropelamento;;;;Meio de Quadra;;;0;1;0;0;0;0;0;0;0;1;0;0;;
320937;27;8;2017;02:25;0;AV DR SILAS MUNGUBA;;;2952;;Colis?úo;;;;Meio de Quadra;;;0;1;0;1;0;0;0;0;0;1;0;0;-3,787915000000000;-38,547283000000000
320960;27;8;2017;17:05;0;VL JOAO XXIII;;;879;;Queda;Anoitecer;;;Meio de Quadra;;;0;0;1;0;0;0;0;0;0;1;0;0;;
320957;27;8;2017;16:26;0;AV SEN FERNANDES TAVORA;;;2435;;Queda;Luz do Dia;;;Meio de Quadra;;;0;1;0;0;0;1;0;0;0;0;0;0;-3,755827000000000;-38,594511000000000
320955;27;8;2017;16:07;0;AV CARNEIRO DE MENDONCA;;;558;;Atropelamento;Luz do Dia;;;Meio de Quadra;;;0;1;0;1;0;0;0;0;0;0;0;0;-3,765284000000000;-38,564441000000000
320945;27;8;2017;10:24;0;AV WASHINGTON SOARES;;;0;;Queda;Luz do Dia;;;Meio de Quadra;;;0;1;0;0;0;1;0;0;0;0;0;0;;
320946;27;8;2017;10:31;0;AV GODOFREDO MACIEL;;;321;;Queda;Luz do Dia;;;Meio de Quadra;;;0;1;0;0;0;0;0;0;0;1;0;0;-3,779398800000000;-38,564716300000000
320947;27;8;2017;12:12;22905;RUA DR JUSTA ARAUJO D45;RUA PDE NOBREGA;;0;;Colis?úo;Luz do Dia;;;Cruz;Pare;Residencial;0;1;0;1;0;0;0;0;0;1;0;0;-3,782321000000000;-38,552507000000000
320948;27;8;2017;12:14;0;AV AUGUSTO DOS ANJOS;;;636;;Colis?úo;Luz do Dia;;;Meio de Quadra;;;0;2;0;1;0;0;0;0;0;1;0;0;-3,773987000000000;-38,573674000000000
320949;27;8;2017;14:28;0;RUA PEDRO DANTAS;;;673;;Colis?úo;Luz do Dia;;;Meio de Quadra;;;0;1;0;1;0;0;0;0;0;1;0;0;-3,785576000000000;-38,523804000000000
320950;27;8;2017;14:54;15204;AV ABOLICAO;RUA JULIO IBIAPINA;;0;;Colis?úo;Luz do Dia;;;Cruz;Sem?íforo;Comercial;0;1;0;1;0;0;0;0;0;1;0;0;-3,726679000000000;-38,491290000000000
320951;27;8;2017;16:04;15258;RUA ANTONIO AUGUSTO;RUA PEREIRA FILGUEIRAS;;0;;Colis?úo;Luz do Dia;;;Cruz;Pare;Comercial;0;1;0;1;0;0;0;0;0;1;0;0;-3,728380000000000;-38,512866000000000
320982;27;8;2017;20:46;0;AV HIS RAIMUNDO GIRAO;;;600;;Queda;;;;Meio de Quadra;;;0;0;1;0;0;1;0;0;0;0;0;0;-3,721178000000000;-38,510435000000000
320983;27;8;2017;21:40;0;RUA LAURO MAIA;;;34;;Atropelamento;;;;Meio de Quadra;;;0;1;0;1;0;0;0;0;0;0;0;0;-3,740700000000000;-38,524278000000000
320984;27;8;2017;21:52;0;AV DEP PAULINO ROCHA;;;0;;Colis?úo;;;;Meio de Quadra;;;0;2;0;1;0;0;0;0;0;1;0;0;;
320965;27;8;2017;20:32;0;RUA BERNARDO MANUEL;;;621;;Colis?úo;;;;Meio de Quadra;;;0;2;0;0;0;1;0;0;0;1;0;0;-3,785431300000000;-38,547191100000000
320962;27;8;2017;18:30;0;RUA VITAL BRASIL;;;2737;;Queda;Anoitecer;;;Meio de Quadra;;;0;0;1;0;0;1;0;0;0;0;0;0;-3,776017000000000;-38,605039000000000
320963;27;8;2017;19:23;0;RUA DOM QUINTINO;;;1421;;Colis?úo;;;;Meio de Quadra;;;0;1;0;0;0;0;0;0;0;0;0;0;;
320991;27;8;2017;23:22;0;AV ALBERTO CRAVEIRO;;;0;;Queda;;;;Meio de Quadra;;;0;1;0;0;0;0;0;0;0;1;0;0;;
320992;27;8;2017;23:54;0;RUA CEREJEIRAS;;;540;;Colis?úo;;;;Meio de Quadra;;;0;1;0;0;0;0;0;0;0;0;0;0;-3,815971000000000;-38,595113000000000
320989;27;8;2017;22:31;0;AV 13 DE MAIO;;;1806;;Colis?úo;;;;Meio de Quadra;;;0;1;0;0;0;0;0;0;0;0;0;0;-3,745477000000000;-38,533845000000000
320987;27;8;2017;22:02;0;AV CEL CARVALHO;;;760;;Colis?úo;;;;Meio de Quadra;;;0;1;0;1;0;0;0;0;0;1;0;0;-3,709070000000000;-38,590071000000000
324724;27;8;2017;15:00;0;AV MIN JOSE AMERICO;;;1000;;Colis?úo;Luz do Dia;;Seca;Meio de Quadra;;;0;0;2;1;0;0;0;0;0;0;0;0;-3,809107800000000;-38,490601700000000
310811;27;8;2017;00:53;1576;AV PDE ANTONIO TOMAS;RUA CEL JUCA;;0;;Colis?úo Transversal;Via Iluminada;Bom;Seca;Cruz;Sem?íforo;Residencial;0;0;2;1;0;0;0;0;0;0;0;0;-3,742390600000000;-38,492870000000000
310812;27;8;2017;06:35;19611;AV GODOFREDO MACIEL;RUA NEREU RAMOS;;0;;Colis?úo Traseira;Via Iluminada;Bom;Seca;T;Sem?íforo;Comercial;0;1;0;1;0;0;0;0;0;1;0;0;-3,787325400000000;-38,566956000000000
310813;27;8;2017;09:00;5436;RUA GAL CLARINDO DE QUEIROZ;RUA JAIME BENEVOLO;;0;;Colis?úo Lateral;Amanhecer;Bom;Seca;Cruz;Pare;Comercial;0;0;2;1;0;0;0;0;0;0;0;0;-3,734085300000000;-38,526123000000000
310814;27;8;2017;15:22;7765;RUA TIBURCIO CAVALCANTE;RUA DOM EXPEDITO LOPES;;0;;Colis?úo Transversal;Luz do Dia;Bom;Seca;Cruz;Sem?íforo;Residencial;0;0;2;1;0;0;0;0;0;0;0;0;-3,743883600000000;-38,505184000000000
310815;27;8;2017;16:02;23039;AV DR SILAS MUNGUBA;RUA PARAGUACU D45;;0;;Colis?úo Transversal;Luz do Dia;Bom;Seca;Cruz;Sem?íforo;Comercial;0;1;1;1;0;0;0;0;0;1;0;0;-3,790284400000000;-38,540920000000000
310816;27;8;2017;16:48;9708;RUA FRANCISCO PAIVA;RUA DR FERNANDO AUGUSTO;;0;;Colis?úo Transversal;Luz do Dia;Bom;Seca;Cruz;Pare;Residencial;0;0;1;1;0;0;0;0;0;0;0;0;-3,789709300000000;-38,613888000000000
310817;27;8;2017;18:31;0;RUA DR THOMPSON BULCAO;;;728;;Colis?úo Lateral;Via Iluminada;Bom;Seca;Meio de Quadra;N?úo H?í Controle;Residencial;0;0;2;0;1;0;0;0;0;0;0;0;-3,768657200000000;-38,494960000000000
310818;27;8;2017;18:38;0;AV ABOLICAO;;;2026;;Engavetamento;Via Iluminada;Bom;Seca;Meio de Quadra;Gesto;Comercial;0;0;7;1;0;0;0;0;0;0;0;0;-3,725574700000000;-38,501167000000000
310819;27;8;2017;19:18;0;AV DR SILAS MUNGUBA;RUA DOZE;;0;;Colis?úo Traseira;Via Iluminada;Bom;Seca;Cruz;N?úo H?í Controle;Residencial;0;0;2;1;0;0;0;0;0;0;0;0;-3,794704400000000;-38,533474000000000
310820;27;8;2017;20:17;8014;RUA MACHADO DE ASSIS;RUA PRO COSTA MENDES;;0;;Colis?úo Lateral;Via Iluminada;Bom;Seca;Cruz;Sem?íforo;Comercial;0;0;2;1;1;0;0;0;0;0;0;0;-3,751661800000000;-38,550335000000000
326051;27;8;2017;03:10;0;RD BR 116;;;500;KM-03;Colis?úo;N?úo Informado;;Seca;Meio de Quadra;;;0;1;1;1;0;0;0;0;0;0;0;0;-3,796035900000000;-38,507192300000000