COD_ACIDENTE;DIA;MES;ANO;HORA;INTERSECAO;LOG1;LOG2;LOG3;NUMERO;REFERENCIA;NATUREZA;ILUMINACAO;TEMPO;SUPERFICIEPISTA;TIPOCRUZAMENTO;CONTROLETRAFEGO;USOSOLO;MORTOS;FERIDOS;ILESOS;AUTOMOVEL;ONIBUS;BICICLETA;CAMINHAO;MICROONIBUS;CICLOMOTOR;MOTOCICLETA;TRACAOANIMAL;TREM;LATITUDE;LONGITUDE
310821;28;8;2017;03:25;0;RUA CARLOS AMORA;;;0;;Choque c/ Obst?ículo Fixo;Via Iluminada;Bom;Seca;N?úo Informado;N?úo H?í Controle;Comercial;0;1;0;1;0;0;0;0;0;0;0;0;-3,776124000000000;-38,562954000000000
310823;28;8;2017;08:23;26278;RUA MILTON BARBOSA DE SOUZA;RUA PRIMEIRO DE JANEIRO;;0;;Colis?úo Lateral;Luz do Dia;Bom;Seca;Cruz;Pare;Residencial;0;0;2;1;0;0;0;0;0;0;0;0;-3,784812200000000;-38,567230000000000
310824;28;8;2017;07:44;9176;AV AGUANAMBI;AV EDUARDO GIRAO;;0;;Colis?úo Transversal;Luz do Dia;Bom;Seca;Rotat??ria;Sem?íforo;Residencial;0;0;2;1;0;0;0;0;0;0;0;0;-3,755444300000000;-38,524105000000000
310825;28;8;2017;08:22;0;AV DOM LUIS;;;0;;Colis?úo Transversal;Luz do Dia;Bom;Seca;Rotat??ria;Sem?íforo;Comercial;0;0;2;1;0;0;0;0;0;0;0;0;-3,733001500000000;-38,498100000000000
310826;28;8;2017;08:02;770;RUA CAP VASCONCELOS D46;RUA TEN WILSON  D46;;0;;Colis?úo Transversal;Luz do Dia;Bom;Seca;Cruz;Pare;Residencial;0;1;1;1;0;0;0;0;0;1;0;0;-3,769910800000000;-38,516357000000000
310827;28;8;2017;06:40;0;RUA ANDRADE FURTADO;;;1100;;Colis?úo Lateral;Luz do Dia;Nublado;Seca;Meio de Quadra;Gesto;Residencial;0;0;2;1;1;0;0;0;0;0;0;0;-3,745777000000000;-38,479340000000000
310828;28;8;2017;07:45;669;AV PRS CASTELO BRANCO;RUA PRO JOSE BONIFACIO;;0;;Colis?úo Transversal;Luz do Dia;Bom;Seca;T;Pare;Residencial;0;0;2;1;0;0;0;0;0;1;0;0;-3,710367000000000;-38,562267000000000
310829;28;8;2017;09:50;15778;RUA TAQUATIARA;RUA STA CLARA DE ASSIS;;0;;Colis?úo Transversal;Luz do Dia;Bom;Seca;Cruz;Pare;Comercial;0;0;2;1;1;0;0;0;0;0;0;0;-3,830372800000000;-38,502563000000000
310830;28;8;2017;10:58;0;RUA JOAQUIM MARTINS;;;0;;Colis?úo Traseira;Luz do Dia;Bom;Seca;Meio de Quadra;N?úo H?í Controle;Residencial;0;0;2;1;0;0;0;0;0;0;0;0;-3,807620800000000;-38,542168000000000
310831;28;8;2017;10:58;0;RUA ANA NERY;TR CAP VASCONCELOS D46;;0;;Colis?úo Lateral;Luz do Dia;Bom;Seca;Cruz;Pare;Residencial;0;0;1;1;0;0;0;0;0;0;0;0;-3,747678800000000;-38,548670000000000
310832;28;8;2017;10:10;0;AV FRANCISCO SA;;;3680;;Colis?úo Frontal;Luz do Dia;Bom;Seca;Meio de Quadra;N?úo H?í Controle;Residencial;0;1;1;1;0;0;0;0;0;1;0;0;-3,717285600000000;-38,558050000000000
310833;28;8;2017;10:45;25307;AV JOSE LEON;AV DES GONZAGA;;0;;Colis?úo Transversal;Luz do Dia;Bom;Seca;Y;Pare;Comercial;0;1;1;1;0;0;0;0;0;0;0;0;-3,787127700000000;-38,504528000000000
310834;28;8;2017;14:03;0;RUA LIDIA BRIGIDO;;;0;;Colis?úo Transversal;Luz do Dia;Bom;Seca;Meio de Quadra;N?úo H?í Controle;Industrial;0;0;2;1;0;0;0;0;0;0;0;0;-3,796370300000000;-38,484110000000000
310835;28;8;2017;12:00;3767;AV DOMINGOS OLIMPIO;AV IMPERADOR;;0;;Colis?úo Traseira;Luz do Dia;Bom;Seca;Cruz;Sem?íforo;Comercial;0;0;2;1;0;0;0;0;0;0;0;0;-3,734193300000000;-38,537750000000000
310836;28;8;2017;14:46;12826;RUA ANDRE CHAVES;AV DOS EXPEDICIONARIOS;;0;;Colis?úo Lateral;Luz do Dia;Bom;Seca;Cruz;Sem?íforo;Comercial;0;0;2;1;0;0;0;0;0;0;0;0;-3,757268000000000;-38,538948000000000
310837;28;8;2017;15:11;14467;RUA JOAO TOME;RUA HENRIQUE AUTRAN;;0;;Colis?úo Transversal;Luz do Dia;Bom;Seca;Cruz;Pare;Residencial;0;0;2;1;0;0;0;0;0;0;0;0;-3,727633500000000;-38,547398000000000
310838;28;8;2017;15:30;0;RUA BERNARDO MANUEL;;;7730;;Colis?úo Lateral;Luz do Dia;Bom;Seca;Meio de Quadra;Sem?íforo;Comercial;0;1;1;1;0;0;0;0;0;1;0;0;-3,785861500000000;-38,547485000000000
310839;28;8;2017;16:55;0;AV PRS CASTELO BRANCO;;;2028;;Colis?úo Lateral;Luz do Dia;Bom;Seca;Cruz;Sem?íforo;Comercial;0;0;2;1;0;0;0;0;0;0;0;0;-3,714503800000000;-38,546227000000000
310840;28;8;2017;14:32;22990;AV DR SILAS MUNGUBA;RUA AMERICO VESPUCIO;;0;;Colis?úo Transversal;Luz do Dia;Bom;Seca;T;Pare;Residencial;0;1;2;1;1;0;0;0;0;0;0;0;-3,786549000000000;-38,549950000000000
310842;28;8;2017;18:54;0;RUA ULISSES BEZERRA;;;2200;;Colis?úo Transversal;Via Iluminada;Bom;Seca;Meio de Quadra;N?úo H?í Controle;Escola;0;0;2;1;0;0;0;0;0;0;0;0;-3,796756300000000;-38,496330000000000
310843;28;8;2017;19:10;0;AV BEIRA MAR;;;3678;;Colis?úo Traseira;Via Iluminada;Bom;Seca;Meio de Quadra;N?úo H?í Controle;Comercial;0;0;2;1;0;0;0;0;0;0;0;0;-3,723459000000000;-38,488247000000000
310844;28;8;2017;20:19;0;AV SANTOS DUMONT;;;2122;;Colis?úo Traseira;Via Iluminada;Bom;Seca;Meio de Quadra;Gesto;Comercial;0;0;2;1;0;0;0;0;0;0;0;0;-3,734125000000000;-38,504750000000000
310845;28;8;2017;20:00;0;RUA MARANHAO;;;344;;Colis?úo Lateral;Via Iluminada;Bom;Seca;Meio de Quadra;N?úo H?í Controle;Residencial;0;0;2;0;0;0;0;0;0;0;0;0;-3,755936600000000;-38,565310000000000
310846;28;8;2017;18:40;5292;RUA GONCALVES LEDO;RUA COSTA BARROS;;0;;Colis?úo Transversal;Via Iluminada;Bom;Seca;Cruz;Pare;Comercial;0;1;1;0;0;0;0;0;0;1;0;0;-3,729060600000000;-38,515553000000000
310847;28;8;2017;20:50;0;RUA DOM SEBASTIAO LEME;;;1091;;Colis?úo Traseira;Via Iluminada;Bom;Seca;Meio de Quadra;N?úo H?í Controle;Comercial;0;0;2;1;0;0;0;0;0;0;0;0;-3,751960300000000;-38,525276000000000
310857;28;8;2017;16:16;15337;RUA PEREIRA FILGUEIRAS;RUA JOSE VILAR;;0;;Colis?úo Traseira;Luz do Dia;Bom;Seca;Cruz;Sem?íforo;Comercial;0;0;1;1;0;0;0;0;0;0;0;0;-3,731505200000000;-38,503162000000000
310895;28;8;2017;19:06;3970;RUA PRO COSTA MENDES;RUA AQUIRAZ;;0;;Colis?úo Lateral;Via Iluminada;Bom;Seca;Cruz;Pare;Residencial;0;0;1;1;0;0;0;0;0;0;0;0;-3,755780500000000;-38,545628000000000
310949;28;8;2017;20:00;0;AV PRS COSTA E SILVA;ET DO ITAPERI;;0;;Colis?úo Transversal;Via Iluminada;Bom;Seca;Meio de Quadra;Pare;Comercial;0;0;2;1;0;0;0;0;0;0;0;0;-3,828486000000000;-38,531303000000000
324725;28;8;2017;07:00;0;AV SEN CARLOS JEREISSATI (AEROPORTO);;;0;KM 01;Colis?úo;Luz do Dia;;Seca;Meio de Quadra;;;0;0;2;1;0;0;0;0;0;0;0;0;-3,783753000000000;-38,526850000000000
320994;28;8;2017;01:11;0;RUA ULLISSES GUIMARAES;;;0;;Capotamento;;;;Meio de Quadra;;;0;1;0;1;0;0;0;0;0;0;0;0;;
321005;28;8;2017;10:02;22151;RUA ANA NERY;RUA BAR VASCONCELOS D10;;0;;Colis?úo;Luz do Dia;;;Cruz;Pare;Residencial;0;1;0;1;0;0;0;0;0;1;0;0;-3,747761000000000;-38,548694000000000
321001;28;8;2017;07:57;0;AV ENG HUMBERTO MONTE;;;2754;;Colis?úo;Luz do Dia;;;Meio de Quadra;;;0;1;0;1;0;0;0;0;0;1;0;0;-3,739883000000000;-38,568167000000000
320996;28;8;2017;02:05;0;AV MR HULL;;;4900;;Colis?úo;;;;Meio de Quadra;;;0;1;0;0;0;0;0;0;0;0;0;0;-3,739128000000000;-38,588083000000000
320997;28;8;2017;06:40;0;AV PRS COSTA E SILVA;;;1950;;Queda;Luz do Dia;;;Meio de Quadra;;;0;1;0;0;0;0;0;0;0;1;0;0;-3,818277000000000;-38,564268000000000
320998;28;8;2017;07:35;0;AV BEIRA MAR;;;4260;;Queda;Luz do Dia;;;Meio de Quadra;;;0;1;0;0;0;1;0;0;0;0;0;0;-3,722914000000000;-38,482859000000000
321011;28;8;2017;15:33;0;RUA ANTONIO POMPEU;;;1711;;Colis?úo;Luz do Dia;;;Meio de Quadra;;;0;1;0;1;0;0;0;0;0;1;0;0;-3,732322000000000;-38,538431000000000
321012;28;8;2017;15:37;0;AV CASTELO DE CASTRO;;;486;;Colis?úo;Luz do Dia;;;Meio de Quadra;;;0;1;0;0;0;0;1;0;0;1;0;0;-3,833606000000000;-38,521578000000000
321017;28;8;2017;15:46;0;AV TRISTAO GONCALVES;;;1386;;Queda;Luz do Dia;;;Meio de Quadra;;;0;1;0;0;0;1;0;0;0;0;0;0;-3,733699000000000;-38,535179000000000
321009;28;8;2017;15:05;0;AV PRS CASTELO BRANCO;;;5932;;Colis?úo;Luz do Dia;;;Meio de Quadra;;;0;1;0;1;0;0;0;0;0;1;0;0;-3,702028000000000;-38,583540000000000
321028;28;8;2017;18:59;0;AV FRANCISCO SA;;;4410;;Atropelamento;;;;Meio de Quadra;;;0;1;0;1;0;0;0;0;0;0;0;0;-3,715120000000000;-38,564127000000000
321029;28;8;2017;19:02;0;RUA CON DE CASTRO;;;4359;;Colis?úo;;;;Meio de Quadra;;;0;1;0;0;0;0;0;0;0;0;0;0;-3,803512000000000;-38,590603000000000
321030;28;8;2017;19:27;0;AV GAL OSORIO DE PAIVA;;;8399;;Colis?úo;;;;Meio de Quadra;;;0;1;0;0;0;0;0;0;0;0;0;0;-3,825510000000000;-38,622265000000000
321019;28;8;2017;17:01;0;AV DR SILAS MUNGUBA;;;2670;;Atropelamento;Anoitecer;;;Meio de Quadra;;;0;1;0;0;0;0;0;0;0;1;0;0;;
321020;28;8;2017;17:30;0;AV GAL OSORIO DE PAIVA;;;0;;Colis?úo;Anoitecer;;;Meio de Quadra;;;0;1;0;1;0;0;0;0;0;1;0;0;;
321034;28;8;2017;22:31;5501;RUA PDE VALDEVINO;RUA GONCALVES LEDO;;0;;Colis?úo;;;;Cruz;Pare;Comercial;0;1;0;1;0;0;0;0;0;1;0;0;-3,738571000000000;-38,518610000000000
321035;28;8;2017;23:04;0;RUA REV BOLIVAR P BANDEIRA;;;0;;Colis?úo;;;;Meio de Quadra;;;0;0;1;0;0;0;0;0;0;0;0;0;;
321032;28;8;2017;21:23;0;RUA BERNARDO MANUEL;;;8631;;Colis?úo;;;;Meio de Quadra;;;0;2;0;0;0;0;0;0;0;0;0;0;-3,795085000000000;-38,550309000000000
306724;28;8;2017;15:45;5206;RUA SEN ALMIR PINTO;RUA SAO JOSE D03;;0;;Colis?úo Lateral Sentido Oposto;Luz do Dia;Bom;Seca;Cruz;Pare;Comercial;0;2;1;1;0;0;0;0;0;1;0;0;-3,726414000000000;-38,523664000000000
306726;28;8;2017;18:00;13408;AV ANTONIO SALES;RUA BAR ARACATI;;0;;Colis?úo Transversal;Anoitecer;Bom;Seca;Cruz;Pare;Comercial;0;0;3;1;1;0;0;0;0;0;0;0;-3,741563000000000;-38,514894000000000
306727;28;8;2017;13:59;6725;RUA BENTO ALBUQUERQUE;RUA JULIO AZEVEDO;;0;;Colis?úo Transversal;Luz do Dia;Bom;Seca;Cruz;Pare;Residencial;0;1;1;1;0;0;0;0;0;0;0;0;-3,743861000000000;-38,482854000000000
323200;28;8;2017;23:46;0;AV GODOFREDO MACIEL;;;2560;;Colis?úo;;;;Meio de Quadra;;;0;1;0;0;0;0;0;0;0;0;0;0;-3,797896000000000;-38,570357000000000
323202;29;8;2017;01:14;0;RUA COS LAFAYETE;;;1078;;Atropelamento;;;;Meio de Quadra;;;0;1;0;1;0;0;0;0;0;0;0;0;;
323205;29;8;2017;06:41;3250;AV PERIMETRAL;RUA VERBENA;;0;;Colis?úo;Luz do Dia;;;;;;0;1;0;0;0;0;0;0;0;0;0;0;-3,784113000000000;-38,589619000000000
323243;29;8;2017;09:30;0;AV ALBERTO CRAVEIRO;;;0;;Colis?úo;Luz do Dia;;;Meio de Quadra;;;0;1;0;0;0;0;0;0;0;1;0;0;;
323238;29;8;2017;07:28;0;RUA STA MARIA GORETE;;;2808;;Colis?úo;Luz do Dia;;;Meio de Quadra;;;0;1;0;1;0;1;0;0;0;0;0;0;;
323239;29;8;2017;08:23;0;AV SEN CARLOS JEREISSATI (AEROPORTO);;;0;;Colis?úo;Luz do Dia;;Seca;Meio de Quadra;;;0;1;1;0;0;0;0;0;0;1;0;0;;
323231;29;8;2017;07:16;0;AV D CJ JOSE WALTER;;;1425;;Atropelamento;Luz do Dia;;;Meio de Quadra;;;0;1;0;0;0;0;0;0;0;1;0;0;;
323229;29;8;2017;07:08;7951;AV PONTES VIEIRA;RUA OSVALDO CRUZ (ALDEOTA);;0;;Colis?úo;Luz do Dia;;;Cruz;Sem?íforo;Comercial;0;1;0;1;0;0;0;0;0;1;0;0;-3,751781000000000;-38,505539000000000
323219;29;8;2017;07:06;0;AV GAL OSORIO DE PAIVA;;;0;;Colis?úo;Luz do Dia;;;Meio de Quadra;;;0;0;1;0;0;0;0;0;0;0;0;0;;
323293;29;8;2017;14:32;0;AV FRANCISCO SA;;;4331;;Colis?úo;Luz do Dia;;;Meio de Quadra;;;0;1;0;1;0;0;0;0;0;1;0;0;-3,715412000000000;-38,563284000000000
323294;29;8;2017;15:01;0;RUA ISAC AMARAL;;;3190;;Colis?úo;Luz do Dia;;;Meio de Quadra;;;0;0;1;1;0;0;0;0;0;1;0;0;-3,752333682000000;-38,506258261000000
323295;29;8;2017;15:19;0;AV WASHINGTON SOARES;;;0;;Colis?úo;Luz do Dia;;Seca;Meio de Quadra;;;0;1;2;0;0;0;0;0;0;1;0;0;;
323285;29;8;2017;13:16;0;AV GAL MURILO BORGES;;;0;;Queda;Luz do Dia;;;Meio de Quadra;;;0;1;0;0;0;0;0;0;0;1;0;0;;
323290;29;8;2017;13:46;0;AV I CJ JOSE WALTER;;;0;;Queda;Luz do Dia;;;Meio de Quadra;;;0;1;0;0;0;0;0;0;0;1;0;0;;
323291;29;8;2017;14:20;0;AV PERIMETRAL;;;0;;Colis?úo;Luz do Dia;;;Meio de Quadra;;;0;1;0;1;0;0;0;0;0;1;0;0;;
323302;29;8;2017;16:06;0;RUA JOSE VILAR;;;3190;;Colis?úo;Luz do Dia;;;Meio de Quadra;;;0;1;0;1;0;0;0;0;0;1;0;0;;
323303;29;8;2017;16:06;0;RUA BERNARDO MANUEL;;;0;;Colis?úo;Luz do Dia;;;Meio de Quadra;;;0;1;0;1;0;1;0;0;0;0;0;0;;
323307;29;8;2017;18:04;0;RUA CRISANTO M DA ROCHA;;;2500;;Colis?úo;Anoitecer;;;Meio de Quadra;;;0;1;0;1;0;0;0;0;0;1;0;0;-3,809191000000000;-38,483282000000000
323308;29;8;2017;18:24;0;AV FRANCISCO SA;;;3447;;Colis?úo;Anoitecer;;;Meio de Quadra;;;0;1;0;0;0;0;0;0;0;0;0;0;-3,717896000000000;-38,555887000000000
323309;29;8;2017;18:30;0;RUA VALPARAISO;;;715;;Colis?úo;Anoitecer;;;Meio de Quadra;;;0;1;0;1;0;0;0;0;0;1;0;0;-3,843658000000000;-38,526468000000000
323322;29;8;2017;22:30;0;AV FRE CIRILO;;;0;;Colis?úo;;;;Meio de Quadra;;;0;1;0;1;0;0;0;0;0;1;0;0;;
323317;29;8;2017;19:59;0;RUA CON DE CASTRO;;;7105;;Queda;;;;Meio de Quadra;;;0;1;0;0;0;0;0;0;0;1;0;0;-3,817192000000000;-38,600699000000000
323262;29;8;2017;11:43;0;AV EDUARDO GIRAO;;;1143;;Queda;Luz do Dia;;;Meio de Quadra;;;0;1;0;0;0;0;0;0;0;1;0;0;-3,752937000000000;-38,532149000000000
323280;29;8;2017;13:05;21581;RUA DES FROTA D71;RUA MON AGOSTINHO;;0;;Colis?úo;Luz do Dia;;;Cruz;Pare;Residencial;0;2;0;1;0;0;0;0;0;1;0;0;-3,794834000000000;-38,589329000000000
323283;29;8;2017;13:14;0;RUA COSTA BARROS;;;2223;;Colis?úo;Luz do Dia;;;Meio de Quadra;;;0;1;0;0;0;0;0;0;0;0;0;0;-3,733035000000000;-38,503364000000000
323277;29;8;2017;12:53;0;AV DEP PAULINO ROCHA;;;0;;Colis?úo;Luz do Dia;;;Meio de Quadra;;;0;1;0;1;0;0;0;0;0;1;0;0;;
323246;29;8;2017;09:37;0;RUA NAT FEIJO;;;395;;Colis?úo;Luz do Dia;;;Meio de Quadra;;;0;1;0;1;0;0;0;0;0;1;0;0;-3,722404000000000;-38,552318000000000
323273;29;8;2017;11:51;7747;AV CARNEIRO DE MENDONCA;RUA ESTADO DO RIO;;0;;Atropelamento;Luz do Dia;;;T;N?úo H?í Controle;Comercial;0;1;0;1;0;0;0;0;0;0;0;0;-3,761099000000000;-38,572390000000000
303905;29;8;2017;14:48;0;RUA JOSIAS PAULA DE SOUZA;;;280;;Colis?úo;Luz do Dia;;;Meio de Quadra;;;1;0;1;0;0;0;0;0;0;1;0;0;-3,728067000000000;-38,470368000000000
306787;29;8;2017;08:20;0;AV JOVITA FEITOSA;;;280;;Colis?úo Traseira;Luz do Dia;Bom;Seca;Outros;Outros;Comercial;0;0;2;1;0;0;0;0;0;1;0;0;-3,737634000000000;-38,545733000000000
324726;29;8;2017;02:40;0;RD CE-065;;;0;KM-01;Choque c/ Obst?ículo Fixo;Via Iluminada;;Seca;Meio de Quadra;;;0;1;0;1;0;0;0;0;0;0;0;0;;
324727;29;8;2017;11:30;0;RD CE-040;;;0;KM-10;Colis?úo;Luz do Dia;;Seca;Meio de Quadra;;;0;0;2;1;0;0;0;0;0;0;0;0;-3,826393000000000;-38,481787000000000
310882;29;8;2017;12:40;0;AV GOV PARSIFAL BARROSO;;;0;;Colis?úo Traseira;Luz do Dia;Bom;Seca;Meio de Quadra;Sem?íforo;Comercial;0;1;1;1;0;0;0;0;0;1;0;0;-3,733780400000000;-38,568977000000000
310858;29;8;2017;10:30;15653;RUA EUDES CARDOSO;RUA FRE HENRIQUE D60;;0;;Colis?úo Lateral;Luz do Dia;Bom;Seca;Cruz;Pare;Residencial;0;1;0;0;0;0;0;0;0;1;0;0;-3,825316200000000;-38,493140000000000
310859;29;8;2017;13:34;0;AV JOSE BASTOS;;;3834;;Engavetamento;Luz do Dia;Bom;Seca;Meio de Quadra;N?úo H?í Controle;Comercial;0;0;3;1;1;0;0;0;0;0;0;0;-3,752094500000000;-38,552757000000000
310860;29;8;2017;11:00;15623;RUA VASCO DE ATAIDE;RUA VICENTE NOBRE MACEDO;;0;;Colis?úo Lateral;Luz do Dia;Bom;Seca;Cruz;Gesto;Residencial;0;1;1;1;0;0;0;0;0;1;0;0;-3,824307200000000;-38,484370000000000
310861;29;8;2017;14:03;6788;AV SANTOS DUMONT;RUA DES WALDETARIO P MOTA;;0;;Colis?úo Transversal;Luz do Dia;Bom;Seca;Cruz;Pare;Comercial;0;0;2;1;0;0;0;0;0;0;0;0;-3,741045700000000;-38,483350000000000
310862;29;8;2017;14:30;17555;RUA MERUOCA;RUA DR JOSE LINO;;0;;Choque c/ Obst?ículo Fixo;Luz do Dia;Bom;Seca;Cruz;Pare;Residencial;0;0;1;0;0;0;0;0;0;0;0;0;-3,730708400000000;-38,482860000000000
310864;29;8;2017;17:58;15136;AV MON TABOSA;RUA ANTONIO AUGUSTO;;0;;Colis?úo Lateral;Anoitecer;Bom;Seca;Cruz;Pare;Comercial;0;1;0;1;0;0;0;0;0;1;0;0;-3,724168800000000;-38,511444000000000
310865;29;8;2017;18:05;1316;AV SANTOS DUMONT;RUA TIBURCIO CAVALCANTE;;0;;Colis?úo Lateral;Via Iluminada;Bom;Seca;Cruz;N?úo H?í Controle;Comercial;0;0;2;1;0;0;0;0;0;0;0;0;-3,735046400000000;-38,502308000000000
310866;29;8;2017;18:46;0;RUA SILVA PAULET;;;800;;Colis?úo Traseira;Via Iluminada;Bom;Seca;Meio de Quadra;Pare;Residencial;0;0;3;1;0;0;0;0;0;0;0;0;-3,732333400000000;-38,504670000000000
310867;29;8;2017;17:46;1573;RUA JOAQUIM NABUCO;RUA GAL TERTULIANO POTYGUARA;;0;;Colis?úo Lateral;Anoitecer;Bom;Seca;Cruz;Pare;Residencial;0;1;1;1;0;0;0;0;0;1;0;0;-3,742132000000000;-38,503517000000000
310869;29;8;2017;17:48;10051;RUA VITAL BRASIL;RUA TAUBATE;;0;;Colis?úo Transversal;Anoitecer;Bom;Seca;Cruz;N?úo H?í Controle;Residencial;0;1;1;1;0;0;0;0;0;1;0;0;-3,778299800000000;-38,597206000000000
310848;29;8;2017;22:50;13659;RUA DR THOMPSON BULCAO;RUA REV BOLIVAR P BANDEIRA;;0;;Colis?úo Transversal;Via Iluminada;Bom;Seca;Cruz;Sem?íforo;Residencial;0;0;2;1;1;0;0;0;0;0;0;0;-3,770093700000000;-38,492040000000000
310849;29;8;2017;01:02;17265;RUA ALBERTO MAGNO;RUA SATIRO DIAS;;0;;Colis?úo Lateral;Via Iluminada;Bom;Seca;Cruz;N?úo H?í Controle;Residencial;0;0;2;1;1;0;0;0;0;0;0;0;-3,762063000000000;-38,547531000000000
310850;29;8;2017;05:40;3993;RUA ALBERTO MAGNO;RUA DULCINEIA GONDIM;;0;;Colis?úo Transversal;Amanhecer;Bom;Seca;Cruz;Pare;Comercial;0;0;2;1;0;0;0;0;0;0;0;0;-3,759358200000000;-38,545100000000000
310851;29;8;2017;08:30;0;AV JOSE BASTOS;;;3250;;Colis?úo Lateral;Luz do Dia;Bom;Seca;T;Sem?íforo;Comercial;0;0;2;1;0;0;0;0;0;0;0;0;-3,748551100000000;-38,549004000000000
310852;29;8;2017;08:05;3376;RUA CEL NUNES DE MELO;AV ENG HUMBERTO MONTE;;0;;Colis?úo Traseira;Luz do Dia;Bom;Seca;Cruz;Pare;Comercial;0;0;2;1;1;0;0;0;0;0;0;0;-3,753336700000000;-38,557034000000000
310853;29;8;2017;11:07;0;VL JD PRINCESA ISABEL;RUA ANTONIO POMPEU;;0;;Colis?úo Frontal;Luz do Dia;Bom;Seca;Cruz;Pare;Comercial;0;0;2;1;0;0;0;0;0;0;0;0;-3,732735200000000;-38,537285000000000
310854;29;8;2017;10:50;0;AV ENG LEAL LIMA VERDE (SAPIRANGA/COITE);;;2479;;Colis?úo Transversal;Luz do Dia;Bom;Seca;Meio de Quadra;N?úo H?í Controle;Residencial;0;1;0;0;0;1;0;0;0;1;0;0;-3,815319800000000;-38,474365000000000
310856;29;8;2017;11:25;25451;AV VIS RIO BRANCO;RUA CASTRO ALVES;;0;;Colis?úo Lateral;Luz do Dia;Bom;Seca;T;N?úo H?í Controle;Residencial;0;0;2;0;1;0;0;0;0;0;0;0;-3,750253000000000;-38,521194000000000
310923;29;8;2017;22:14;0;RUA LUIZA MIRANDA COELHO;;;760;;Colis?úo Lateral;Via Iluminada;Bom;Seca;Meio de Quadra;N?úo H?í Controle;Comercial;0;2;1;1;0;0;0;0;0;1;0;0;-3,774192600000000;-38,489887000000000
313202;29;8;2017;15:00;0;RUA JAIME BENEVOLO;;;690;;Colis?úo Traseira;Luz do Dia;Bom;Seca;Meio de Quadra;Sem?íforo Intermitente;Residencial;0;0;2;1;0;0;1;0;0;0;0;0;-3,738127000000000;-38,527359000000000
313199;29;8;2017;14:35;0;AV I CJ CEARA;;;896;;Choque c/ Obst?ículo Fixo;Luz do Dia;Bom;Seca;Meio de Quadra;N?úo H?í Controle;Residencial;0;0;1;0;0;0;0;0;0;1;0;0;;
311034;30;8;2017;14:40;25006;RUA BENI DE CARVALHO;RUA LEONARDO MOTA;;0;;Colis?úo Traseira;Luz do Dia;Bom;Seca;Cruz;Sem?íforo;Comercial;0;0;2;1;0;0;0;0;0;0;0;0;-3,744870200000000;-38,498753000000000
311053;30;8;2017;16:20;15768;RUA CEL FRANCISCO PEREIRA (MESSEJANA);RUA PE CARLOS DE ALENCAR;;0;;Colis?úo Lateral;Luz do Dia;Bom;Seca;Outros;N?úo H?í Controle;Comercial;0;0;2;0;1;0;0;0;0;1;0;0;-3,828207500000000;-38,493397000000000
310870;30;8;2017;08:08;0;RUA ANTONIO POMPEU;RUA VINTE QUATRO DE MAIO;;0;;Colis?úo Lateral;Luz do Dia;Bom;Seca;Cruz;Pare;Comercial;0;0;2;1;0;0;0;0;0;0;0;0;-3,733552200000000;-38,534290000000000
310871;30;8;2017;08:10;15423;AV FRE CIRILO;RUA ALBERTO TORRES;;0;;Colis?úo Transversal;Luz do Dia;Bom;Seca;Cruz;D?¬ Prefer?¬ncia;Comercial;0;0;2;1;0;0;0;0;0;0;0;0;-3,816048100000000;-38,498035000000000
310872;30;8;2017;09:04;0;AV PRS COSTA E SILVA;;;1734;;Colis?úo Traseira;Luz do Dia;Bom;Seca;Meio de Quadra;Sem?íforo;Comercial;0;1;0;0;0;0;0;0;0;1;0;0;-3,821284800000000;-38,557960000000000
310873;30;8;2017;09:18;15778;RUA TAQUATIARA;RUA STA CLARA DE ASSIS;;0;;Colis?úo Transversal;Luz do Dia;Bom;Seca;Cruz;Pare;Comercial;0;0;2;1;1;0;0;0;0;0;0;0;-3,830367000000000;-38,502228000000000
310874;30;8;2017;09:50;12674;AV CEL CARVALHO;RUA GUILHERME MENDES;;0;;Colis?úo Transversal;Luz do Dia;Bom;Seca;Cruz;Pare;Comercial;0;1;1;0;0;0;0;0;0;1;0;0;-3,720773000000000;-38,587055000000000
310875;30;8;2017;10:25;19305;RUA CON DE CASTRO;RUA CARLOS AMORA;;0;;Colis?úo Lateral;Luz do Dia;Bom;Seca;T;Sem?íforo;Residencial;0;1;1;0;0;0;0;0;0;1;0;0;-3,774845600000000;-38,564137000000000
310876;30;8;2017;10:00;0;AV BEZERRA DE MENEZES;;;1001;;Colis?úo Traseira;Luz do Dia;Bom;Seca;Meio de Quadra;Sem?íforo;Comercial;0;0;2;1;0;0;0;0;0;0;0;0;-3,733578200000000;-38,553654000000000
310877;30;8;2017;08:15;12508;RUA ALUISIO AZEVEDO;AV LINEU MACHADO;;0;;Colis?úo Transversal;Luz do Dia;Bom;Seca;Cruz;Sem?íforo;Comercial;0;2;0;1;0;0;0;0;0;1;0;0;-3,770067500000000;-38,579334000000000
310878;30;8;2017;11:30;12837;AV DOMINGOS OLIMPIO;RUA JAIME BENEVOLO;;0;;Colis?úo Transversal;Luz do Dia;Bom;Seca;Cruz;Sem?íforo;Comercial;0;0;3;1;0;0;0;0;0;0;0;0;-3,737699700000000;-38,527214000000000