COD_ACIDENTE;DIA;MES;ANO;HORA;INTERSECAO;LOG1;LOG2;LOG3;NUMERO;REFERENCIA;NATUREZA;ILUMINACAO;TEMPO;SUPERFICIEPISTA;TIPOCRUZAMENTO;CONTROLETRAFEGO;USOSOLO;MORTOS;FERIDOS;ILESOS;AUTOMOVEL;ONIBUS;BICICLETA;CAMINHAO;MICROONIBUS;CICLOMOTOR;MOTOCICLETA;TRACAOANIMAL;TREM;LATITUDE;LONGITUDE
310879;30;8;2017;11:17;5407;RUA SOLON PINHEIRO;AV DUQ CAXIAS;;0;;Colis?úo Traseira;Luz do Dia;Bom;Seca;Cruz;Sem?íforo;Comercial;0;0;2;1;0;0;0;0;0;0;0;0;-3,732537000000000;-38,527040000000000
310880;30;8;2017;13:17;0;AV ENG SANTANA JUNIOR;;;0;;Colis?úo Traseira;Luz do Dia;Bom;Seca;Meio de Quadra;N?úo H?í Controle;Comercial;0;0;2;1;0;0;0;0;0;0;0;0;-3,752421600000000;-38,490726000000000
310881;30;8;2017;13:25;0;AV ENG SANTANA JUNIOR;;;0;;Colis?úo Traseira;Luz do Dia;Bom;Seca;Meio de Quadra;N?úo H?í Controle;Residencial;0;0;2;1;0;0;0;0;0;0;0;0;-3,752474500000000;-38,490680000000000
310883;30;8;2017;14:42;1458;RUA CEL LINHARES;RUA DES LEITE ALBUQUERQUE;;0;;Colis?úo Transversal;Luz do Dia;Bom;Seca;Cruz;Pare;Escola;0;2;1;1;0;0;0;0;0;1;0;0;-3,738576700000000;-38,494762000000000
310884;30;8;2017;15:35;0;RUA BAR RIO BRANCO;;;1835;;Colis?úo Transversal;Luz do Dia;Bom;Seca;Meio de Quadra;Sem?íforo;Comercial;0;0;2;1;0;0;0;0;0;0;0;0;-3,734245300000000;-38,530754000000000
310885;30;8;2017;11:50;0;AV VICENTE DE CASTRO;;;4813;;Colis?úo Lateral;Luz do Dia;Bom;Seca;Meio de Quadra;Sem?íforo;Comercial;0;0;1;1;0;0;0;0;0;0;0;0;-3,721144400000000;-38,478060000000000
310886;30;8;2017;15:40;0;RUA HOLANDA;;;701;;Colis?úo Lateral;Luz do Dia;Bom;Seca;T;D?¬ Prefer?¬ncia;Comercial;0;0;3;1;0;0;0;0;0;1;0;0;-3,758795300000000;-38,565132000000000
310887;30;8;2017;13:36;0;AV 13 DE MAIO;;;366;;Colis?úo Lateral;Luz do Dia;Bom;Seca;Meio de Quadra;N?úo H?í Controle;Comercial;0;1;2;1;0;0;0;0;0;1;0;0;-3,753229900000000;-38,524742000000000
310888;30;8;2017;15:48;3831;AV 13 DE MAIO;RUA MAL DEODORO;;0;;Colis?úo Traseira;Luz do Dia;Bom;Seca;Cruz;Sem?íforo;Comercial;0;1;2;1;0;0;0;0;0;1;0;0;-3,743175500000000;-38,536522000000000
310889;30;8;2017;15:20;0;RUA BARTOLOMEU DE GUSMAO;;;1261;;Colis?úo Lateral;Luz do Dia;Bom;Seca;Meio de Quadra;N?úo H?í Controle;Comercial;0;1;1;1;0;0;0;0;0;1;0;0;-3,759680300000000;-38,528675000000000
310890;30;8;2017;16:20;0;RUA CAROLINA SUCUPIRA;;;835;;Colis?úo Lateral;Luz do Dia;Bom;Seca;Meio de Quadra;N?úo H?í Controle;Comercial;0;1;1;1;0;0;0;0;0;1;0;0;-3,742309000000000;-38,496586000000000
310891;30;8;2017;16:20;0;RUA IRM BAZET;;;1011;;Colis?úo Lateral;Luz do Dia;Bom;Seca;Meio de Quadra;N?úo H?í Controle;Comercial;0;0;2;1;0;0;0;0;0;0;0;0;-3,766526200000000;-38,549255000000000
310892;30;8;2017;16:43;1297;RUA JOSE VILAR;AV SANTOS DUMONT;;0;;Colis?úo Transversal;Luz do Dia;Bom;Seca;Cruz;Sem?íforo;Comercial;0;0;2;0;0;0;0;0;0;0;0;0;-3,734281800000000;-38,504333000000000
310893;30;8;2017;16:44;5249;RUA COSTA BARROS;RUA RODRIGUES JUNIOR;;0;;Colis?úo Lateral;Luz do Dia;Bom;Seca;Cruz;Pare;Residencial;0;0;2;1;1;0;0;0;0;0;0;0;-3,727714800000000;-38,519720000000000
310894;30;8;2017;16:30;0;AV C CJ CEARA;RUA 1084 CJ CEARA;;0;;Colis?úo Transversal;Luz do Dia;Bom;Seca;Meio de Quadra;Pare;Residencial;0;1;0;1;0;0;0;0;0;1;0;0;-3,771319900000000;-38,614680000000000
310896;30;8;2017;18:46;0;AV AGUANAMBI;;;880;;Colis?úo Traseira;Via Iluminada;Bom;Seca;Meio de Quadra;N?úo H?í Controle;Comercial;0;1;1;0;1;0;0;0;0;1;0;0;-3,744184000000000;-38,525673000000000
310897;30;8;2017;19:27;0;RUA CANUTO DE AGUIAR;;;1169;;Colis?úo Traseira;Via Iluminada;Bom;Seca;;;;0;1;2;1;0;0;0;0;0;0;0;0;-3,731604800000000;-38,492386000000000
324728;30;8;2017;16:10;0;RD CE-040;;;0;KM-10;Colis?úo;Luz do Dia;;Seca;Meio de Quadra;;;0;1;1;0;0;0;0;0;0;1;0;0;-3,826394000000000;-38,481788000000000
326055;30;8;2017;07:50;0;RD BR 116;;;12000;KM-12;Atropelamento;Luz do Dia;;Seca;Meio de Quadra;;;0;2;0;0;0;0;0;0;0;1;0;0;-3,855740000000000;-38,496066000000000
323323;30;8;2017;05:55;0;AV DR SILAS MUNGUBA;;;3049;;Colis?úo;Amanhecer;;;Meio de Quadra;;;0;2;0;0;0;1;0;0;0;1;0;0;-3,788347000000000;-38,546127000000000
323365;30;8;2017;10:30;0;AV DOMINGOS OLIMPIO;;;0;;Colis?úo;Luz do Dia;;;Meio de Quadra;;;0;0;1;1;0;0;0;0;0;1;0;0;;
323369;30;8;2017;11:57;0;AV PRS CASTELO BRANCO;;;4813;;Colis?úo;Luz do Dia;;;Meio de Quadra;;;0;0;1;1;0;0;0;0;0;0;0;0;-3,705956000000000;-38,575048000000000
323370;30;8;2017;11:59;0;RUA ARACA;;;733;;Colis?úo;Luz do Dia;;;Meio de Quadra;;;0;0;1;1;0;0;0;0;0;1;0;0;-3,784404000000000;-38,584531000000000
323367;30;8;2017;10:41;0;RUA DES FRANCISCO BARROS FONTENELE;;;1630;;Queda;Luz do Dia;;;Meio de Quadra;;;0;1;0;0;0;0;0;0;0;1;0;0;-3,784849397000000;-38,501552841000000
323377;30;8;2017;16:25;0;RUA OSCAR ARARIPE;;;1843;;Colis?úo;Luz do Dia;;;Meio de Quadra;;;0;1;0;0;0;0;1;0;0;1;0;0;-3,788503000000000;-38,607718000000000
323374;30;8;2017;15:21;5295;AV IMPERADOR;RUA PEDRO I;;0;;Atropelamento;Luz do Dia;;;Cruz;Sem?íforo;Comercial;0;1;0;0;0;0;0;0;0;1;0;0;-3,729161000000000;-38,535035000000000
323395;30;8;2017;20:36;0;RUA DOM HENRIQUE;;;73;;Colis?úo;;;;Meio de Quadra;;;0;1;0;1;0;0;0;0;0;1;0;0;-3,789924000000000;-38,578987000000000
323396;30;8;2017;21:33;0;RUA MARIA JULIA;;;680;;Atropelamento;;;;Meio de Quadra;;;0;1;0;1;0;0;0;0;0;0;0;0;-3,791710000000000;-38,599668000000000
323397;30;8;2017;21:33;10180;RUA JOSE TORRES;RUA CEL FABRICIANO;;0;;Atropelamento;;;;Cruz;Pare;Comercial;0;1;0;0;0;0;0;0;0;1;0;0;-3,782694000000000;-38,608037000000000
323385;30;8;2017;17:49;2486;RUA SEN ROBERT KENNEDY;AV FRANCISCO SA;;0;;Colis?úo;Anoitecer;;;Cruz;Pare;Comercial;0;1;0;1;0;0;0;0;0;1;0;0;-3,709140000000000;-38,581426000000000
323382;30;8;2017;17:48;10680;RUA GONTRAN GIFFONI;RUA REV BOLIVAR P BANDEIRA;;0;;Colis?úo;Anoitecer;;;Cruz;Pare;Residencial;0;1;0;1;0;0;0;0;0;1;0;0;-3,768527000000000;-38,491413000000000
323388;30;8;2017;17:52;0;AV MOZART PINHEIRO DE LUCENA;;;523;;Atropelamento;Anoitecer;;;Meio de Quadra;;;0;1;0;1;0;0;0;0;0;0;0;0;-3,706935781000000;-38,592408316000000
323348;30;8;2017;09:47;0;RUA CATOLE;;;2520;;Queda;Luz do Dia;;;Meio de Quadra;;;0;1;0;0;0;0;0;0;0;1;0;0;-3,850550000000000;-38,521347000000000
323349;30;8;2017;09:56;0;AV GAL OSORIO DE PAIVA;;;1372;;Colis?úo;Luz do Dia;;;Meio de Quadra;;;0;1;0;0;0;0;0;0;0;1;0;0;-3,780117000000000;-38,573660000000000
323345;30;8;2017;08:41;0;RUA CACILDA BECKER;;;285;;Colis?úo;Luz do Dia;;;Meio de Quadra;;;0;2;0;0;0;0;0;0;0;1;0;0;-3,773008000000000;-38,588332000000000
323343;30;8;2017;07:58;0;RD BR 116;;;12000;KM-12;Atropelamento;Luz do Dia;;;Meio de Quadra;;;0;1;0;0;0;0;0;0;0;1;0;0;-3,855740000000000;-38,496066000000000
323337;30;8;2017;07:23;0;RUA ANSELMO NOGUEIRA;;;765;;Colis?úo;Luz do Dia;;;Meio de Quadra;;;0;1;0;1;0;0;0;0;0;1;0;0;;
323335;30;8;2017;07:20;0;RUA BERNARDO MANUEL;;;0;;Colis?úo;Luz do Dia;;;Meio de Quadra;;;0;1;0;0;0;0;0;0;0;0;0;0;;
323328;30;8;2017;07:15;5255;AV TRISTAO GONCALVES;RUA PEDRO PEREIRA;;0;;Atropelamento;Luz do Dia;;;Cruz;Sem?íforo;Comercial;0;1;0;1;0;0;0;0;0;0;0;0;-3,728075000000000;-38,533489000000000
323406;30;8;2017;22:38;9155;AV EDUARDO GIRAO;AV LUCIANO CARNEIRO;;0;;Colis?úo;;;;Meio de Quadra;Sem?íforo;Escola;0;2;0;0;0;0;0;0;0;0;0;0;-3,752275000000000;-38,532811000000000
323410;30;8;2017;22:46;0;RUA URUCUTUBA;;;2437;;Queda;;;;Meio de Quadra;;;0;1;0;0;0;0;0;0;0;1;0;0;-3,799155000000000;-38,619837000000000
323390;30;8;2017;18:11;0;AV PERIMETRAL;;;0;;Colis?úo;Anoitecer;;;Meio de Quadra;;;0;2;0;1;0;0;0;0;0;1;0;0;;
323419;30;8;2017;23:36;0;RUA BOLEVAR;;;991;;Atropelamento;;;;Meio de Quadra;;;0;1;0;0;0;0;0;0;0;0;0;0;;
323421;31;8;2017;03:44;0;AV PERIMETRAL;;;3422;;Colis?úo;;;;Meio de Quadra;;;0;2;0;0;0;0;0;0;0;0;0;0;;
323426;31;8;2017;06:50;0;RUA CEL MATOS DOURADO;;;1349;;Queda;Luz do Dia;;;Meio de Quadra;;;0;1;0;0;0;0;0;0;0;1;0;0;-3,748446000000000;-38,584735000000000
323429;31;8;2017;08:08;0;RUA PDE PERDIGAO SAMPAIO;;;820;;Queda;Luz do Dia;;;Meio de Quadra;;;0;2;0;0;0;0;0;0;0;1;0;0;;
323437;31;8;2017;10:21;0;RUA SGT JOAO PINHEIRO;;;1455;;Colis?úo;Luz do Dia;;;Meio de Quadra;;;0;1;0;1;0;0;0;0;0;1;0;0;-3,785844000000000;-38,623636000000000
323438;31;8;2017;10:32;0;RUA CONRADO MALTA;;;368;;Colis?úo;Luz do Dia;;;Meio de Quadra;;;0;1;0;1;0;0;0;0;0;1;0;0;-3,835145124000000;-38,502124000000000
323434;31;8;2017;08:26;13233;AV L CJ JOSE WALTER;AV F CJ JOSE WALTER;;0;;Colis?úo;Luz do Dia;;;Rotat??ria;D?¬ Prefer?¬ncia;Residencial;0;1;0;1;0;0;0;0;0;1;0;0;-3,835328000000000;-38,558805000000000
323435;31;8;2017;08:43;0;AV H CJ JOSE WALTER;;;1630;;Colis?úo;Luz do Dia;;;Meio de Quadra;;;0;1;0;0;0;0;0;0;0;1;0;0;;
323445;31;8;2017;11:34;401;RUA CURITIBA;RUA PRO VIRGILIO DE MORAIS;;0;;Colis?úo;Luz do Dia;;;;;;0;1;0;1;0;1;0;0;0;0;0;0;-3,754164000000000;-38,597214000000000
323466;31;8;2017;19:29;0;RD BR 116;;;2000;KM-02;Colis?úo;;;;Meio de Quadra;;;0;0;1;1;0;0;0;0;0;1;0;0;-3,771391000000000;-38,516780000000000
323467;31;8;2017;20:56;0;AV ABOLICAO;;;3235;;Atropelamento;;;;Meio de Quadra;;;0;1;0;0;0;0;0;0;0;0;0;0;-3,726536000000000;-38,490383000000000
323468;31;8;2017;23:37;17311;RUA ROMEU MARTINS;RUA JOAO FIRMINO;;0;;Colis?úo;;;;Cruz;Pare;Residencial;0;1;0;0;0;0;0;0;0;0;0;0;-3,764274000000000;-38,555582000000000
323447;31;8;2017;12:10;0;RUA BERNARDO MANUEL;;;10919;;Colis?úo;Luz do Dia;;;Meio de Quadra;;;0;1;0;1;0;0;0;0;0;1;0;0;-3,814481000000000;-38,556217000000000
323448;31;8;2017;12:36;0;AV MR HULL;;;5764;;Colis?úo;Luz do Dia;;;Meio de Quadra;;;0;1;0;1;0;0;0;0;0;1;0;0;-3,740224000000000;-38,595421000000000
323449;31;8;2017;12:48;0;AV NOVE;;;86;;Colis?úo;Luz do Dia;;;Meio de Quadra;;;0;1;0;0;0;0;0;0;0;1;0;0;;
323450;31;8;2017;14:02;9670;RUA OSCAR ARARIPE;RUA ARI MAIA;;0;;Colis?úo;Luz do Dia;;;Cruz;N?úo H?í Controle;Residencial;0;0;1;0;0;0;0;0;0;0;0;0;-3,784266000000000;-38,621576000000000
323451;31;8;2017;14:36;0;AV SANTOS DUMONT;;;0;;Colis?úo;Luz do Dia;;;Meio de Quadra;;;0;1;0;1;0;0;0;0;0;1;0;0;;
323452;31;8;2017;14:43;0;AV ABOLICAO;;;2651;;Colis?úo;Luz do Dia;;;Meio de Quadra;;;0;1;0;1;0;1;0;0;0;0;0;0;-3,727132000000000;-38,496063000000000
323453;31;8;2017;14:46;0;RD QUARTO ANEL VIARIO;;;0;;Colis?úo;Luz do Dia;;;Meio de Quadra;;;0;2;0;1;0;0;0;0;0;1;0;0;;
323454;31;8;2017;15:03;0;RUA CEL MATOS DOURADO;;;820;;Colis?úo;Luz do Dia;;;Meio de Quadra;;;0;1;0;1;0;0;0;0;0;1;0;0;-3,746573000000000;-38,584826000000000
323455;31;8;2017;15:19;0;AV ISABEL BEZERRA;;;907;;Colis?úo;Luz do Dia;;;Meio de Quadra;;;0;1;0;0;0;0;0;0;0;0;0;0;;
323456;31;8;2017;15:34;9115;RUA GAL SILVA JUNIOR;RUA DR ALFREDO WEYNE D14;;0;;Colis?úo;Luz do Dia;;;Cruz;Pare;Residencial;0;1;0;1;0;1;0;0;0;0;0;0;-3,755893000000000;-38,532116000000000
323457;31;8;2017;15:37;1493;RUA OSVALDO CRUZ (ALDEOTA);AV PDE ANTONIO TOMAS;;0;;Queda;Luz do Dia;;;Cruz;Sem?íforo;Comercial;0;0;1;0;0;0;0;0;0;1;0;0;-3,739538000000000;-38,501588000000000
323458;31;8;2017;15:57;0;RUA LERISSE PORTO;;;302;;Queda;Luz do Dia;;;Meio de Quadra;;;0;1;0;0;0;0;0;0;0;1;0;0;-3,832623600000000;-38,496504700000000
323459;31;8;2017;16:44;0;RUA TEN LIRA;;;41;;Colis?úo;Luz do Dia;;;Meio de Quadra;;;0;1;0;1;0;0;0;0;0;1;0;0;-3,799237200000000;-38,624967100000000
323460;31;8;2017;17:03;0;AV JOSE LEON;;;230;;Colis?úo;Anoitecer;;;Meio de Quadra;;;0;1;0;0;0;0;0;0;0;1;0;0;-3,786809000000000;-38,509165000000000
323461;31;8;2017;18:13;12672;AV MAJ ASSIS;RUA ANA BATISTA;;0;;Atropelamento;Anoitecer;;;Cruz;;Residencial;0;1;0;0;0;0;0;0;0;1;0;0;;
323462;31;8;2017;18:39;0;AV PRS COSTA E SILVA;;;0;;Colis?úo;;;;Meio de Quadra;;;0;1;0;1;0;0;0;0;0;1;0;0;;
323463;31;8;2017;19:10;0;RUA BERNARDO MANUEL;;;7201;;Colis?úo;;;;Meio de Quadra;;;0;1;0;1;0;0;0;0;0;1;0;0;-3,781281100000000;-38,546002900000000
323464;31;8;2017;18:51;0;AV JOSE BASTOS;;;298;;Atropelamento;;;;Meio de Quadra;;;0;1;0;0;0;0;0;0;0;1;0;0;;
303906;31;8;2017;14:55;3302;AV GAL OSORIO DE PAIVA;RUA LUIS VIEIRA;;0;;Colis?úo;Luz do Dia;;;Cruz;Sem?íforo Intermitente;Comercial;1;0;1;0;1;0;0;0;0;1;0;0;-3,790879000000000;-38,588616000000000
324729;31;8;2017;05:50;0;RD CE-040;;;0;KM-03;Colis?úo;Amanhecer;;Seca;Meio de Quadra;;;0;0;2;1;0;0;1;0;0;0;0;0;-3,782614325000000;-38,481083900000000
324730;31;8;2017;11:30;0;RD CE-040;;;0;KM-08;Engavetamento;Luz do Dia;;Seca;Meio de Quadra;;;0;0;3;1;0;0;0;0;0;0;0;0;-3,825515822000000;-38,481538320000000
324731;31;8;2017;10:50;0;RD CE-040;;;0;KM-08;Colis?úo;Luz do Dia;;Seca;Meio de Quadra;;;0;0;2;1;0;0;0;0;0;0;0;0;-3,825515822000000;-38,481538320000000
310898;31;8;2017;07:15;19805;AV ENG HUMBERTO MONTE;RUA JOSE PONTES;;0;;Colis?úo Traseira;Luz do Dia;Bom;Seca;Cruz;Sem?íforo;Comercial;0;1;2;1;0;0;0;0;0;1;0;0;-3,739066600000000;-38,568974000000000
310899;31;8;2017;09:10;0;AV DOM LUIS;;;0;PRACA PORTUGAL;Colis?úo Lateral;Luz do Dia;Bom;Seca;Rotat??ria;Sem?íforo;Comercial;0;0;1;1;0;0;0;0;0;0;0;0;-3,733276400000000;-38,497900000000000
310900;31;8;2017;10:21;5460;AV HERACLITO GRACA;RUA NOGUEIRA ACIOLI;;0;;Colis?úo Lateral;Luz do Dia;Bom;Seca;Cruz;Sem?íforo;Comercial;0;1;1;1;0;0;0;0;0;1;0;0;-3,735423800000000;-38,518593000000000
310901;31;8;2017;13:18;0;RUA DOM SEBASTIAO LEME;;;985;;Choque c/ Obst?ículo Fixo;Luz do Dia;Bom;Seca;Meio de Quadra;N?úo H?í Controle;Residencial;0;0;1;1;0;0;0;0;0;0;0;0;-3,750638000000000;-38,525585000000000
310902;31;8;2017;13:25;0;RUA JULIO BRAGA;RUA VERBENA;;0;;Colis?úo Transversal;Luz do Dia;Bom;Seca;Cruz;Sem?íforo;Comercial;0;0;2;1;0;0;0;0;0;0;0;0;-3,773944400000000;-38,587955000000000
310903;31;8;2017;15:00;0;RUA CEL MATOS DOURADO;;;820;;Colis?úo Lateral;Luz do Dia;Bom;Seca;Meio de Quadra;N?úo H?í Controle;Comercial;0;1;0;0;0;0;0;0;0;1;0;0;-3,746019100000000;-38,584980000000000
310904;31;8;2017;14:45;19833;AV JOVITA FEITOSA;AV ENG HUMBERTO MONTE;;0;;Colis?úo Transversal;Luz do Dia;Bom;Seca;Cruz;Sem?íforo;Comercial;0;0;2;1;0;0;0;0;0;0;0;0;-3,742112400000000;-38,566647000000000
310905;31;8;2017;14:31;0;RUA ANTONIO COSTA MENDES;RUA DES FROTA D71;;0;;Colis?úo Lateral;Luz do Dia;Bom;Seca;Cruz;Pare;Residencial;0;0;2;0;1;0;0;0;0;1;0;0;-3,795518200000000;-38,588810000000000
310906;31;8;2017;18:37;15345;RUA LEONARDO MOTA;RUA REPUBLICA DO LIBANO;;0;;Colis?úo Frontal;Via Iluminada;Bom;Seca;Cruz;Pare;Residencial;0;1;1;1;0;0;0;0;0;1;0;0;-3,731816800000000;-38,494762000000000
310907;31;8;2017;18:35;0;AV DEP PAULINO ROCHA;;;1551;;Engavetamento;Via Iluminada;Bom;Seca;Meio de Quadra;Sem?íforo;Comercial;0;0;0;1;0;0;0;0;0;1;0;0;-3,811488400000000;-38,510925000000000
310908;31;8;2017;18:43;0;AV ODILON GUIMARAES;;;1111;;Colis?úo Frontal;Anoitecer;Bom;Seca;Meio de Quadra;;;0;1;1;0;1;0;0;0;0;1;0;0;-3,824464600000000;-38,478760000000000
310909;31;8;2017;19:26;5081;RUA CASTRO E SILVA;RUA VINTE E QUATRO DE MAIO;;0;;Colis?úo Lateral;Via Iluminada;Bom;Seca;Cruz;Sem?íforo;Comercial;0;1;1;0;1;0;0;0;0;1;0;0;-3,722818600000000;-38,530590000000000
310910;31;8;2017;18:40;0;AV LINEU MACHADO;;;0;;Colis?úo Traseira;Via Iluminada;Bom;Seca;Meio de Quadra;Sem?íforo;Comercial;0;3;0;1;0;0;0;0;0;1;0;0;-3,761063600000000;-38,574360000000000
310913;31;8;2017;10:28;0;AV JOR THOMAZ COELHO;;;480;;Colis?úo Traseira;Luz do Dia;Bom;Seca;Meio de Quadra;Sem?íforo;Comercial;0;0;2;1;0;0;0;0;0;0;0;0;-3,832562400000000;-38,503513000000000
310919;31;8;2017;16:15;0;AV SANTOS DUMONT;;;5500;;Colis?úo Traseira;Luz do Dia;Bom;Seca;Meio de Quadra;N?úo H?í Controle;Comercial;0;0;2;1;0;0;0;0;0;0;0;0;-3,740935300000000;-38,483997000000000
310920;1;9;2017;13:00;0;AV VIS RIO BRANCO;;;3891;;Colis?úo Lateral;Luz do Dia;Bom;Seca;Meio de Quadra;Sem?íforo;Comercial;0;0;2;1;0;0;0;0;0;0;0;0;-3,755295500000000;-38,520195000000000
310921;1;9;2017;09:09;12196;RUA JABORANDI;RUA CAROA CJ A TAMANDARE;;0;;Colis?úo Transversal;Luz do Dia;Bom;Seca;T;Pare;Residencial;0;0;2;1;0;0;0;0;0;0;0;0;-3,840020700000000;-38,516502000000000
310922;1;9;2017;10:00;0;RUA HONORIO VIEIRA;;;61;;Colis?úo Lateral;Luz do Dia;Bom;Seca;Meio de Quadra;N?úo H?í Controle;Residencial;0;0;2;1;0;0;0;0;0;0;0;0;-3,792290000000000;-38,487076000000000
310914;1;9;2017;07:31;0;AV GODOFREDO MACIEL;;;375;;Colis?úo Traseira;Luz do Dia;Bom;Seca;Meio de Quadra;Sem?íforo;Comercial;0;1;1;0;0;0;0;0;0;1;0;0;-3,779570300000000;-38,564575000000000
310915;1;9;2017;07:47;0;AV DR THEBERGE;;;1367;;Colis?úo Transversal;Luz do Dia;Bom;Seca;Meio de Quadra;N?úo H?í Controle;Residencial;0;0;2;1;0;0;0;0;0;0;0;0;-3,714590000000000;-38,564870000000000
310916;1;9;2017;08:18;0;AV JOSE JATAHY;;;2145;;Colis?úo Lateral;Luz do Dia;Bom;Seca;Meio de Quadra;N?úo H?í Controle;Residencial;0;1;1;1;0;0;0;0;0;1;0;0;-3,740867900000000;-38,543290000000000
310917;1;9;2017;06:10;0;AV EDUARDO GIRAO;RUA JORGE DUMAR;;0;;Colis?úo Lateral;Luz do Dia;Bom;Seca;Cruz;Sem?íforo;Comercial;0;0;2;0;1;0;0;0;0;0;0;0;-3,749126400000000;-38,538500000000000
310918;1;9;2017;09:20;5351;AV IMPERADOR;RUA GAL CLARINDO DE QUEIROZ;;0;;Colis?úo Transversal;Luz do Dia;Bom;Seca;Cruz;Sem?íforo;Comercial;0;0;2;1;0;0;0;0;0;0;0;0;-3,730955000000000;-38,535526000000000
310911;1;9;2017;01:59;3903;AV JOAO PESSOA;RUA PDE CICERO;;0;;Colis?úo Transversal;Via Iluminada;Bom;Seca;Cruz;Sem?íforo;Comercial;0;0;0;0;0;0;0;0;0;0;0;0;-3,745834400000000;-38,543446000000000
310912;1;9;2017;02:11;3903;AV JOAO PESSOA;RUA PDE CICERO;;0;;Colis?úo Transversal;Via Iluminada;Bom;Seca;Cruz;Sem?íforo;Comercial;0;1;0;0;0;0;0;0;0;1;0;0;-3,745881000000000;-38,543390000000000
310945;1;9;2017;10:44;17397;AV PRO GOMES DE MATOS;RUA ROMEU MARTINS;;0;;Colis?úo Transversal;Luz do Dia;Bom;Seca;Cruz;Pare;Comercial;0;0;1;1;0;0;0;0;0;0;0;0;-3,767539500000000;-38,550920000000000
310924;1;9;2017;14:10;9132;AV 13 DE MAIO;RUA JAIME BENEVOLO;;0;;Colis?úo Traseira;Luz do Dia;Bom;Seca;Meio de Quadra;Sem?íforo;Comercial;0;0;2;1;0;0;0;0;0;0;0;0;-3,748105800000000;-38,530922000000000
310925;1;9;2017;13:40;12068;AV CASTELO DE CASTRO;AV MON AMARILIO RODRIGUES;;0;;Colis?úo Lateral;Luz do Dia;Bom;Seca;Cruz;Sem?íforo;Comercial;0;0;1;1;0;0;0;0;1;0;0;0;-3,835010800000000;-38,521680000000000
310926;1;9;2017;16:12;0;RUA SEN POMPEU;;;1183;;Colis?úo Traseira;Luz do Dia;Bom;Seca;Meio de Quadra;Sem?íforo;Comercial;0;0;2;1;0;0;0;0;0;0;0;0;-3,728956200000000;-38,530197000000000
310927;1;9;2017;16:24;0;AV BEZERRA DE MENEZES;;;25;;Colis?úo Traseira;Luz do Dia;Bom;Seca;Cruz;Sem?íforo;Comercial;0;0;2;1;0;0;0;0;0;0;0;0;-3,728661300000000;-38,546585000000000
310928;1;9;2017;18:33;0;AV ENG ALBERTO SA;;;298;;Colis?úo Transversal;Via Iluminada;Bom;Seca;Meio de Quadra;N?úo H?í Controle;Comercial;0;0;2;1;0;0;0;0;0;0;0;0;-3,734020500000000;-38,478090000000000
310929;1;9;2017;18:31;0;AV PERIMETRAL;;;4241;;Colis?úo Transversal;Via Iluminada;Bom;Seca;Meio de Quadra;N?úo H?í Controle;Comercial;0;0;0;1;0;0;0;0;0;0;0;0;-3,824903500000000;-38,542500000000000
310930;1;9;2017;18:20;0;RUA FRE ALEMAO;RUA PDE ASCENCO GAGO;;0;;Colis?úo Lateral;Via Iluminada;Bom;Seca;T;Pare;Residencial;0;0;2;1;0;0;0;0;0;1;0;0;-3,781727600000000;-38,542850000000000
310931;1;9;2017;18:17;0;AV ALBERTO CRAVEIRO;;;600;;Colis?úo Lateral;Via Iluminada;Bom;Seca;Meio de Quadra;N?úo H?í Controle;Comercial;0;0;2;1;0;0;0;0;0;0;0;0;-3,801924000000000;-38,520570000000000
310932;1;9;2017;20:35;3778;RUA GAL SAMPAIO;RUA ANTONIO POMPEU;;0;;Colis?úo Lateral;Via Iluminada;Bom;Seca;Cruz;Sem?íforo;Comercial;0;3;0;0;0;0;0;0;0;1;0;0;-3,733021300000000;-38,532500000000000
310933;1;9;2017;21:13;25542;RUA CEL MATOS DOURADO;RUA PIRACICABA;;0;;Colis?úo Traseira;Via Iluminada;Bom;Seca;Meio de Quadra;N?úo H?í Controle;Comercial;0;3;0;1;0;0;0;0;0;1;0;0;-3,752001500000000;-38,583305000000000
310934;1;9;2017;10:10;0;AV GOV RAUL BARBOSA;;;3059;;Colis?úo Lateral;Luz do Dia;Bom;Seca;Meio de Quadra;Sem?íforo;Comercial;0;0;2;1;0;0;0;0;0;0;0;0;-3,754215000000000;-38,504243000000000
311257;1;9;2017;07:45;3783;RUA JOAO GENTIL;AV 13 DE MAIO;;0;;Colis?úo Traseira;Luz do Dia;Bom;Seca;T;Pare;Escola;0;0;2;1;0;0;0;0;0;0;0;0;-3,742823800000000;-38,537193000000000
310948;1;9;2017;16:25;0;RUA FRANCISCO GLICERIO;;;347;;Colis?úo Lateral;Luz do Dia;Bom;Seca;Meio de Quadra;N?úo H?í Controle;Comercial;0;0;2;1;1;0;0;0;0;0;0;0;-3,797685600000000;-38,564354000000000
315431;1;9;2017;00:52;0;AV PERIMETRAL;;;1712;;Queda;;;;Meio de Quadra;;;0;1;0;0;0;0;0;0;0;1;0;0;;
315448;1;9;2017;05:45;0;RUA 1141 CJ CEARA;;;225;;Colis?úo;Amanhecer;;;Meio de Quadra;;;0;1;0;0;0;0;0;0;0;0;0;0;;
315444;1;9;2017;01:01;3903;AV DA UNIVERSIDADE;RUA PDE CICERO;;0;;Colis?úo;;;;;;;0;1;0;0;0;0;0;0;0;0;0;0;-3,745741000000000;-38,543442000000000