COD_ACIDENTE;DIA;MES;ANO;HORA;INTERSECAO;LOG1;LOG2;LOG3;NUMERO;REFERENCIA;NATUREZA;ILUMINACAO;TEMPO;SUPERFICIEPISTA;TIPOCRUZAMENTO;CONTROLETRAFEGO;USOSOLO;MORTOS;FERIDOS;ILESOS;AUTOMOVEL;ONIBUS;BICICLETA;CAMINHAO;MICROONIBUS;CICLOMOTOR;MOTOCICLETA;TRACAOANIMAL;TREM;LATITUDE;LONGITUDE
315456;1;9;2017;05:53;0;AV CEL CARVALHO;;;51;;Colis?úo;Amanhecer;;;Meio de Quadra;;;0;2;0;0;0;0;0;0;0;1;0;0;-3,702770600000000;-38,591517100000000
315467;1;9;2017;06:10;1709;RUA CAP ARAGAO;RUA CAP OLAVO;;0;;Colis?úo;Luz do Dia;;;Cruz;Sem?íforo;Comercial;0;1;0;1;0;0;0;0;0;1;0;0;-3,765348000000000;-38,515937000000000
315474;1;9;2017;06:46;0;AV CASTELO DE CASTRO;;;721;;Colis?úo;Luz do Dia;;;Meio de Quadra;;;0;0;1;0;0;0;0;0;0;0;0;0;-3,835847700000000;-38,521483500000000
315483;1;9;2017;07:32;2412;AV FRANCISCO SA;RUA IRAPUA;;0;;Colis?úo;Luz do Dia;;;Cruz;Pare;Residencial;0;1;0;1;0;0;0;0;0;1;0;0;-3,706356000000000;-38,586099000000000
315490;1;9;2017;08:05;0;AV MACIEL BEZERRA;;;1900;;Colis?úo;Luz do Dia;;;Meio de Quadra;;;0;1;0;0;0;0;0;0;0;1;0;0;;
315488;1;9;2017;07:57;0;AV PRS CASTELO BRANCO;;;5708;;Colis?úo;Luz do Dia;;;Meio de Quadra;;;0;1;0;1;0;0;0;0;0;1;0;0;-3,702687478000000;-38,581838278000000
315494;1;9;2017;10:52;0;AV AREIA BRANCA;;;117;;Queda;Luz do Dia;;;Meio de Quadra;;;0;1;0;0;0;1;0;0;0;0;0;0;-3,728436000000000;-38,473984000000000
315500;1;9;2017;11:35;0;AV CASTELO DE CASTRO;;;642;;Colis?úo;Luz do Dia;;;Meio de Quadra;;;0;2;0;1;0;0;0;0;0;1;0;0;-3,835134000000000;-38,521632000000000
315505;1;9;2017;11:50;3318;RUA 21 DE ABRIL D27;RUA ARGENTINA;;0;;Colis?úo;Luz do Dia;;;Cruz;Pare;Residencial;0;1;0;1;0;0;0;0;0;1;0;0;-3,746683000000000;-38,563799000000000
315509;1;9;2017;12:35;0;AV GAL MURILO BORGES;;;73;;Atropelamento;Luz do Dia;;;Meio de Quadra;;;0;1;0;0;0;0;0;0;0;1;0;0;;
315512;1;9;2017;14:04;4080;RUA CEARA;AV JOSE BASTOS;;0;;Queda;Luz do Dia;;;Cruz;Pare;Residencial;0;1;0;0;0;0;0;0;0;1;0;0;-3,760008000000000;-38,564112000000000
315513;1;9;2017;14:13;0;AV PRS COSTA E SILVA;;;0;;Colis?úo;Luz do Dia;;;Meio de Quadra;;;0;1;0;0;0;0;0;0;0;0;0;0;;
315521;1;9;2017;16:00;0;AV SGT HERMINIO SAMPAIO;;;1415;;Colis?úo;Luz do Dia;;;Meio de Quadra;;;0;1;0;1;0;0;0;0;0;1;0;0;-3,724999000000000;-38,552995000000000
315530;1;9;2017;16:16;23342;RUA TIBURCIO CAVALCANTE;RUA EDUARDO BEZERRA;;0;;Colis?úo;Luz do Dia;;;Cruz;Pare;Residencial;0;1;0;1;0;1;0;0;0;0;0;0;-3,753329000000000;-38,508145000000000
315532;1;9;2017;17:01;0;RUA BAR ARATANHA;;;1489;;Colis?úo;Anoitecer;;;Meio de Quadra;;;0;1;0;1;0;0;0;0;0;1;0;0;-3,746050000000000;-38,530789000000000
315534;1;9;2017;18:23;0;AV GOV RAUL BARBOSA;;;0;;Colis?úo;Anoitecer;;;Meio de Quadra;;;0;1;0;0;0;0;0;0;0;1;0;0;;
315537;1;9;2017;18:43;10105;RUA MARIA JULIA;RUA GUSTAVO BARROSO;;0;;Colis?úo;;;;Cruz;Pare;Comercial;0;1;0;1;0;0;0;0;0;1;0;0;-3,786307000000000;-38,598031000000000
315538;1;9;2017;19:16;0;RUA GOV JOAO CARLOS;;;940;;Colis?úo;;;;Meio de Quadra;;;0;1;0;1;0;0;0;0;0;1;0;0;-3,783655000000000;-38,553791000000000
315541;1;9;2017;19:56;0;AV AUGUSTO DOS ANJOS;;;1530;;Colis?úo;;;;Meio de Quadra;;;0;1;0;1;0;0;0;0;0;1;0;0;-3,779969000000000;-38,578975000000000
315543;1;9;2017;20:28;0;AV PERIMETRAL;;;0;;Colis?úo;;;;Meio de Quadra;;;0;1;0;1;0;0;0;0;0;1;0;0;;
315550;1;9;2017;20:28;0;AV DA INDEPENDENCIA;;;1310;;Colis?úo;;;;Meio de Quadra;;;0;1;0;1;0;1;0;0;0;0;0;0;-3,726446000000000;-38,592567000000000
315571;1;9;2017;21:08;7694;RUA RIO GRANDE DO NORTE;RUA RIO GRANDE DO SUL;;0;;Queda;;;;Cruz;Pare;Comercial;0;1;0;0;0;0;0;0;0;1;0;0;-3,758617000000000;-38,567559000000000
315574;1;9;2017;23:30;0;RD CE-040;;;7600;KM-05;Colis?úo;;Bom;Seca;Meio de Quadra;;;0;1;1;1;0;0;0;0;0;1;0;0;-3,821274919000000;-38,481213590000000
315576;1;9;2017;22:26;0;RUA MARIA JULIA;;;1190;;Colis?úo;;;;Meio de Quadra;;;0;1;0;0;0;0;0;0;0;0;0;0;-3,795696800000000;-38,600803700000000
315580;1;9;2017;22:38;0;RUA BERNARDO MANUEL;;;13515;;Colis?úo;;;;Meio de Quadra;;;0;1;0;1;0;0;0;0;0;1;0;0;-3,836294000000000;-38,562909000000000
315591;1;9;2017;23:10;14385;RUA SABINO BATISTA;RUA GERSON FARIAS;;0;;Colis?úo;;;;;;;0;1;0;1;0;0;0;0;0;1;0;0;-3,723350000000000;-38,552625000000000
315593;1;9;2017;23:11;0;AV ABOLICAO;;;3839;;Queda;;;;Meio de Quadra;;;0;1;0;0;0;0;0;0;0;1;0;0;-3,725540000000000;-38,485082000000000
315687;1;9;2017;20:25;0;RD BR 116;;;2000;KM-02;Colis?úo Traseira;;Bom;Seca;Meio de Quadra;;;0;0;3;1;0;0;1;0;0;0;0;0;-3,771391000000000;-38,516780000000000
315684;1;9;2017;18:28;0;RD BR 116;;;2000;KM-02;Colis?úo;Anoitecer;Bom;Seca;Meio de Quadra;;;0;0;2;1;0;0;0;0;0;0;0;0;-3,771391000000000;-38,516780000000000
313491;1;9;2017;10:26;0;RD CE-060;;;0;;Colis?úo;Luz do Dia;Bom;Seca;Meio de Quadra;;;0;0;2;1;0;0;0;1;0;0;0;0;;
315105;1;9;2017;06:15;0;AV SEN CARLOS JEREISSATI (AEROPORTO);;;0;KM 01;Colis?úo;Luz do Dia;Bom;Seca;Meio de Quadra;;;0;0;2;1;0;0;0;0;0;0;0;0;-3,783753000000000;-38,526850000000000
315106;1;9;2017;07:40;0;RD CE-025;;;0;KM-02;Colis?úo;Luz do Dia;Bom;Seca;Meio de Quadra;;;0;0;3;1;0;0;0;0;0;0;0;0;-3,807634505000000;-38,461084520000000
315119;1;9;2017;16:00;0;RD CE-040;;;0;KM-10;Colis?úo;Luz do Dia;Bom;Seca;Meio de Quadra;;;0;0;2;1;0;0;0;0;0;0;0;0;-3,826395000000000;-38,481789000000000
315125;1;9;2017;18:00;0;RD CE-040;;;0;KM-04;Colis?úo;Anoitecer;Bom;Seca;Meio de Quadra;;;0;1;1;1;0;0;0;0;0;1;0;0;-3,791613156000000;-38,480330840000000
315128;1;9;2017;22:45;0;RD CE-040;;;0;KM-07;Choque c/ Obst?ículo Fixo;;Bom;Seca;Meio de Quadra;;;0;0;1;1;0;0;0;0;0;0;0;0;-3,817159445000000;-38,483032860000000
315130;1;9;2017;21:45;0;RD CE-040;;;0;KM-02;Colis?úo;;Bom;Seca;Meio de Quadra;;;0;0;3;1;1;0;0;0;0;0;0;0;-3,773616148000000;-38,481799400000000
315108;1;9;2017;14:40;0;RD CE-040;;;0;KM-11;Colis?úo;Luz do Dia;Bom;Seca;Meio de Quadra;;;0;0;2;1;0;0;0;0;0;1;0;0;-3,849626230000000;-38,476069890000000
315109;1;9;2017;16:50;0;RD CE-040;;;0;KM-09;Colis?úo;Luz do Dia;Bom;Seca;Meio de Quadra;;;0;0;2;1;0;0;0;0;0;0;0;0;-3,834450897000000;-38,482465820000000
303911;1;9;2017;06:30;0;RUA 114 CJ ESPERANCA;;;222;;Colis?úo;Luz do Dia;;;Meio de Quadra;;;1;0;1;0;0;0;1;0;0;1;0;0;-3,851552600000000;-38,508460800000000
306742;1;9;2017;14:48;0;AV VIENA WEYNE;;;740;;Outros;Luz do Dia;Bom;Seca;Meio de Quadra;N?úo H?í Controle;Comercial;0;0;2;1;0;0;0;0;0;0;0;0;-3,801376000000000;-38,487226000000000
306747;1;9;2017;15:15;5458;RUA BARBARA DE ALENCAR;RUA RODRIGUES JUNIOR;;0;;Colis?úo Lateral;Luz do Dia;Bom;Seca;Cruz;Pare;Residencial;0;2;1;1;0;0;0;0;0;1;0;0;-3,735343000000000;-38,522156000000000
306750;1;9;2017;08:50;19650;RUA CON DE CASTRO;RUA AFRANIO PEIXOTO;;0;;Outros;Luz do Dia;Bom;Seca;T;N?úo H?í Controle;Residencial;0;0;2;1;0;0;0;0;0;1;0;0;-3,781914000000000;-38,570588000000000
306753;1;9;2017;11:30;0;AV D CJ CEARA;;;1250;;Colis?úo Lateral;Luz do Dia;Bom;Seca;Outros;Outros;Comercial;0;0;2;1;0;0;0;0;0;0;0;0;-3,763109000000000;-38,602527000000000
306755;1;9;2017;16:10;20042;AV DEP PAULINO ROCHA;AV ALBERTO CRAVEIRO;;0;;Colis?úo Traseira;Luz do Dia;Bom;Seca;Rotat??ria;D?¬ Prefer?¬ncia;Comercial;0;0;2;1;0;0;0;0;0;0;0;0;-3,807229000000000;-38,524782000000000
306759;1;9;2017;16:00;15366;RUA PEREIRA VALENTE;RUA PRO DIAS DA ROCHA;;0;;Colis?úo Lateral;Luz do Dia;Bom;Seca;Cruz;Pare;Residencial;0;0;2;1;0;0;0;0;0;0;0;0;-3,734132000000000;-38,491243000000000
306761;1;9;2017;15:50;0;RUA OSVALDO CRUZ (ALDEOTA);;;2500;;Colis?úo Traseira;Luz do Dia;Bom;Seca;Meio de Quadra;Pare;Residencial;0;0;2;1;0;0;0;0;0;0;0;0;-3,747577000000000;-38,504185000000000
306763;1;9;2017;23:50;11022;RUA MUNDICA PAULA;RUA BAR CANINDE;;0;;Colis?úo Lateral;;Bom;Seca;Cruz;Pare;Residencial;0;0;2;1;0;0;0;0;0;0;0;0;-3,773214000000000;-38,558309000000000
306769;1;9;2017;18:30;1735;RUA CAP CLOVIS MAIA;RUA MAJ GERARDO MENDES;;0;;Colis?úo Transversal;Via Iluminada;Bom;Seca;Cruz;Pare;Residencial;0;0;2;1;0;0;0;0;0;0;0;0;-3,768322000000000;-38,512820000000000
306766;1;9;2017;12:05;25136;AV ENG HUMBERTO MONTE;RUA CHILE;;0;;Colis?úo Transversal;Luz do Dia;Bom;Seca;T;N?úo H?í Controle;Residencial;0;0;2;1;0;0;0;0;0;0;0;0;-3,744928000000000;-38,563951000000000
306767;1;9;2017;14:30;16230;AV PRS COSTA E SILVA;ET PAVUNA;;0;;Colis?úo Transversal;Luz do Dia;Bom;Seca;Outros;Pare;Misto;0;0;2;1;0;0;0;0;0;0;0;0;-3,820898000000000;-38,558802000000000
306737;2;9;2017;08:30;8000;AV JOAO PESSOA;RUA DELMIRO FARIAS;;0;;Colis?úo Lateral;Luz do Dia;;;Cruz;Pare;Comercial;0;0;2;1;1;0;0;0;0;0;0;0;-3,750275000000000;-38,547538000000000
306745;2;9;2017;04:25;26091;AV JOSE JATAHY;AV JOVITA FEITOSA;;0;;Colis?úo Frontal;;;;;;;0;1;1;1;0;0;0;0;0;1;0;0;-3,737273000000000;-38,543936000000000
306746;2;9;2017;02:30;0;RUA PEDRO LAZAR;;;1289;;Colis?úo Frontal;;;;Meio de Quadra;;;0;2;1;1;0;0;0;0;0;0;0;0;;
306734;2;9;2017;01:25;0;RUA FRANCISCO C MENDES;;;454;;Colis?úo Frontal;;;;Meio de Quadra;;;0;1;1;0;0;0;0;0;0;1;0;0;;
306735;2;9;2017;21:05;0;AV DR SILAS MUNGUBA;;;3770;;Colis?úo Frontal;;;;Meio de Quadra;;;0;1;1;0;0;0;0;0;0;1;0;0;-3,790457000000000;-38,540087000000000
306739;2;9;2017;10:30;0;AV DR SILAS MUNGUBA;;;4384;;Engavetamento;Luz do Dia;;;Meio de Quadra;;;0;0;3;1;0;0;0;0;0;0;0;0;-3,792492000000000;-38,535681000000000
306740;2;9;2017;14:40;0;AV CEL CARVALHO;;;1751;;Colis?úo Frontal;Luz do Dia;;;Meio de Quadra;;;0;1;1;1;0;0;0;0;0;1;0;0;-3,717592000000000;-38,587919000000000
306741;2;9;2017;23:15;17414;RUA 15 DE NOVEMBRO;RUA ZACARIAS GONDIM;;0;;Colis?úo Lateral;;;;Cruz;Pare;Comercial;0;0;2;1;0;0;0;0;0;0;0;0;-3,768021000000000;-38,558445000000000
315132;2;9;2017;10:00;0;AV SEN CARLOS JEREISSATI (AEROPORTO);;;0;KM 01;Colis?úo;Luz do Dia;Bom;Seca;Meio de Quadra;;;0;0;2;1;0;0;0;0;0;0;0;0;-3,783753000000000;-38,526850000000000
315133;2;9;2017;14:00;0;RD CE-040;;;0;KM-08;Colis?úo;Luz do Dia;Bom;Seca;Meio de Quadra;;;0;0;2;1;0;0;0;0;0;0;0;0;-3,825515822000000;-38,481538320000000
315135;2;9;2017;02:15;0;AV SEN CARLOS JEREISSATI (AEROPORTO);;;0;KM 0;Colis?úo;;Bom;Seca;Meio de Quadra;;;0;0;2;1;0;0;0;0;0;0;0;0;-3,784360000000000;-38,518098000000000
315138;2;9;2017;21:20;0;AV MAE LISBOA;;;281;;Colis?úo;;Bom;Seca;Meio de Quadra;;;0;2;0;1;0;0;0;0;0;1;0;0;;
313551;2;9;2017;07:30;0;RD CE-040;;;0;KM-04;Colis?úo;Luz do Dia;Bom;Seca;Meio de Quadra;;;0;1;2;1;0;0;0;0;0;1;0;0;-3,791613156000000;-38,480330840000000
315685;2;9;2017;10:35;0;AV ALBERTO CRAVEIRO;;;2292;;Colis?úo;Luz do Dia;;;Meio de Quadra;;;0;1;0;1;0;0;0;0;0;1;0;0;-3,799845200000000;-38,519242300000000
315686;2;9;2017;10:43;0;RUA MON BRUNO;;;650;;Colis?úo;Luz do Dia;;;Meio de Quadra;;;0;1;0;1;1;0;0;0;0;0;0;0;;
315695;2;9;2017;11:24;5459;RUA COS TRISTAO;RUA METON DE ALENCAR;;0;;Colis?úo;Luz do Dia;;;Cruz;Pare;Residencial;0;1;0;1;0;0;0;0;0;1;0;0;-3,735373000000000;-38,525394000000000
315683;2;9;2017;09:57;0;RUA TEN JOSE NEWTON;;;231;;Colis?úo;Luz do Dia;;;Meio de Quadra;;;0;1;0;1;0;0;0;0;0;1;0;0;-3,824616000000000;-38,491645000000000
315698;2;9;2017;12:25;0;AV PRS CASTELO BRANCO;;;4666;;Colis?úo;Luz do Dia;;;Meio de Quadra;;;0;1;0;1;0;0;0;0;0;1;0;0;-3,706827000000000;-38,572732000000000
315699;2;9;2017;12:52;0;AV MOZART PINHEIRO DE LUCENA;;;2291;;Colis?úo;Luz do Dia;;;Meio de Quadra;;;0;1;0;1;0;0;0;0;0;1;0;0;-3,723468922000000;-38,597166235000000
315702;2;9;2017;13:09;0;RD BR 116;;;2660;;Queda;Luz do Dia;;;Meio de Quadra;;;0;1;0;0;0;0;0;0;0;1;0;0;-3,807950000000000;-38,501567000000000
315705;2;9;2017;14:15;5499;RUA PDE VALDEVINO;RUA J DA PENHA;;0;;Colis?úo;Luz do Dia;;;Cruz;Pare;Comercial;0;1;0;1;0;0;0;0;0;1;0;0;-3,737911000000000;-38,520695000000000
315706;2;9;2017;14:45;0;AV DIOGUINHO;;;4740;;Colis?úo;Luz do Dia;;;Meio de Quadra;;;0;1;0;0;0;0;0;0;0;0;0;0;-3,756047000000000;-38,445893000000000
315708;2;9;2017;16:09;0;AV SEN FERNANDES TAVORA;;;0;;Atropelamento;Luz do Dia;;;Meio de Quadra;;;0;1;0;0;0;0;0;0;0;1;0;0;;
315709;2;9;2017;17:59;0;RUA VALPARAISO;;;0;;Colis?úo;Anoitecer;;;Meio de Quadra;;;0;1;0;0;0;0;0;0;0;1;0;0;;
315710;2;9;2017;18:01;0;AV GAL OSORIO DE PAIVA;;;5445;;Queda;Anoitecer;;;Meio de Quadra;;;0;1;0;0;0;0;0;0;0;1;0;0;-3,805014000000000;-38,602378000000000
315711;2;9;2017;18:22;14511;RUA INES BRASIL;RUA ADELIA FEIJO;;0;;Colis?úo;Anoitecer;;;Cruz;Pare;Residencial;0;1;0;1;0;1;0;0;0;0;0;0;-3,803544000000000;-38,518970000000000
315715;2;9;2017;18:46;0;AV GODOFREDO MACIEL;;;0;;Queda;;;;Meio de Quadra;;;0;1;0;0;0;1;0;0;0;0;0;0;;
315716;2;9;2017;18:48;0;AV DR SILAS MUNGUBA;;;1231;;Colis?úo;;;;Meio de Quadra;;;0;1;0;1;0;0;0;0;0;1;0;0;-3,782524000000000;-38,555167000000000
315721;2;9;2017;19:15;0;AV PRS CASTELO BRANCO;;;0;;Colis?úo;;;;Meio de Quadra;;;0;1;0;0;0;0;0;0;0;0;0;0;;
315722;2;9;2017;19:18;6545;AV A CJ CEARA;AV H CJ CEARA;;0;;Colis?úo;;;;Cruz;Sem?íforo;Comercial;0;1;0;1;0;0;0;0;0;1;0;0;-3,775146000000000;-38,605924000000000
315731;2;9;2017;19:51;0;RUA CAP DAKIR;;;7353;;Atropelamento;;;;Meio de Quadra;;;0;1;0;0;0;0;0;0;0;1;0;0;;
315732;2;9;2017;19:53;0;RUA EQUADOR;;;1199;;Colis?úo;;;;Meio de Quadra;;;0;1;0;0;0;0;0;0;0;1;0;0;-3,778186000000000;-38,553751000000000
315736;2;9;2017;20:28;0;AV JOSE LEON;;;1500;;Colis?úo;;;;Meio de Quadra;;;0;1;0;0;0;0;0;0;0;0;0;0;;
315743;2;9;2017;20:36;0;RD BR 116;;;16000;KM-16;Colis?úo;;;;Meio de Quadra;;;0;1;0;0;0;0;0;0;0;0;0;0;-3,761165700000000;-38,519056700000000
315748;2;9;2017;21:20;0;RUA ANTONIO AUGUSTO;;;2586;;Atropelamento;;;;Meio de Quadra;;;0;1;0;0;0;0;0;0;0;1;0;0;-3,743464000000000;-38,517815000000000
315749;2;9;2017;21:33;0;RUA SABARA;;;1148;;Colis?úo;;;;Meio de Quadra;;;0;1;0;0;0;0;0;0;0;0;0;0;-3,781400900000000;-38,506522000000000
315750;2;9;2017;21:44;0;AV LUCIANO CARNEIRO;;;2585;;Colis?úo;;;;Meio de Quadra;;;0;2;0;1;0;0;0;1;0;0;0;0;-3,770921000000000;-38,538518000000000
315751;2;9;2017;21:46;0;AV GAL OSORIO DE PAIVA;;;1880;;Colis?úo;;;;Meio de Quadra;;;0;1;0;1;0;0;0;0;0;1;0;0;-3,783560000000000;-38,579075000000000
315752;2;9;2017;22:49;0;AV 13 DE MAIO;;;0;;Colis?úo;;;;Meio de Quadra;;;0;1;0;0;0;0;0;0;0;0;0;0;;
315753;2;9;2017;22:50;0;AV CEL CARVALHO;;;2570;;Colis?úo;;;;Meio de Quadra;;;0;1;0;0;0;0;0;0;0;1;0;0;-3,725303000000000;-38,585839000000000
315754;2;9;2017;23:18;0;RUA CANDIDO MAIA;;;294;;Queda;;;;Meio de Quadra;;;0;1;0;0;0;1;0;0;0;0;0;0;-3,734444100000000;-38,589958100000000
315688;2;9;2017;20:30;0;RD BR 116;;;15000;KM-15;Colis?úo Transversal;;Bom;Seca;Meio de Quadra;;;0;0;3;0;0;0;0;0;0;1;0;0;-3,882329000000000;-38,501113000000000
315639;2;9;2017;07:44;0;AV JOSE BASTOS;;;0;;Colis?úo;Luz do Dia;;;Meio de Quadra;;;0;1;0;0;0;0;0;0;0;1;0;0;;
315640;2;9;2017;08:09;0;AV CARNEIRO DE MENDONCA;;;1850;;Colis?úo;Luz do Dia;;;Meio de Quadra;;;0;1;0;0;0;0;0;0;0;1;0;0;-3,759973000000000;-38,574962000000000
315646;2;9;2017;08:49;0;AV PRS CASTELO BRANCO;;;4353;;Colis?úo;Luz do Dia;;;Meio de Quadra;;;0;1;0;0;0;0;0;0;0;0;0;0;-3,707311000000000;-38,571402000000000
315654;2;9;2017;09:18;0;RUA DA SAUDADE;;;1280;;Colis?úo;Luz do Dia;;;Meio de Quadra;;;0;1;0;0;0;0;1;0;0;1;0;0;-3,814616000000000;-38,534151000000000
315655;2;9;2017;09:22;0;RUA JOSE TORRES;;;844;;Colis?úo;Luz do Dia;;;Meio de Quadra;;;0;1;0;0;0;0;0;0;0;0;0;0;-3,778543000000000;-38,606852000000000
315656;2;9;2017;09:27;0;AV AUGUSTO DOS ANJOS;;;1226;;Colis?úo;Luz do Dia;;;Meio de Quadra;;;0;1;0;1;0;0;0;0;0;1;0;0;-3,777729000000000;-38,577019000000000
315657;2;9;2017;09:45;11847;RUA JACINTO MATOS;AV FRANCISCO SA;;0;;Colis?úo;Luz do Dia;;;Cruz;;Residencial;0;2;0;1;0;0;0;0;0;1;0;0;-3,720881000000000;-38,546796000000000
315609;2;9;2017;03:58;0;RUA TEN BEZERRA D68;;;104;;Atropelamento;;;;Meio de Quadra;;;0;1;0;1;0;0;0;0;0;0;0;0;;
315621;2;9;2017;04:31;0;TR RINCAO;;;89;;Colis?úo;;;;Meio de Quadra;;;0;2;0;0;0;1;0;0;0;1;0;0;-3,723990000000000;-38,578218000000000
315624;2;9;2017;06:50;6112;AV A CJ CEARA;AV F CJ CEARA;;0;;Colis?úo;Luz do Dia;;;Cruz;N?úo H?í Controle;Misto;0;1;0;1;0;0;0;0;0;1;0;0;-3,767855000000000;-38,603189000000000
315628;2;9;2017;07:06;16281;RUA ANTONIO BARBOSA;RUA ANTONIO PEREIRA;;0;;Colis?úo;Luz do Dia;;;Cruz;Pare;Residencial;0;2;0;1;0;0;0;0;0;1;0;0;-3,832952000000000;-38,565289000000000
315631;2;9;2017;07:33;0;AV JOSE JATAHY;;;2114;;Atropelamento;Luz do Dia;;;Meio de Quadra;;;0;2;0;0;0;0;0;0;0;1;0;0;-3,738667000000000;-38,543660000000000
315635;2;9;2017;07:34;0;RUA PRIMEIRO DE MAIO D34;;;156;;Colis?úo;Luz do Dia;;;Meio de Quadra;;;0;1;0;1;0;0;0;0;0;1;0;0;;
315637;2;9;2017;07:39;0;RD BR 116;;;9000;KM-09;Colis?úo;Luz do Dia;;;Meio de Quadra;;;0;1;0;0;0;0;0;0;0;0;0;0;-3,830837000000000;-38,504865000000000
315642;2;9;2017;08:31;0;RUA VALPARAISO;;;2000;;Colis?úo;Luz do Dia;;;Meio de Quadra;;;0;1;0;1;0;0;0;0;0;1;0;0;-3,846389000000000;-38,519766000000000
315595;2;9;2017;00:28;0;AV ABOLICAO;;;264;;Colis?úo;;;;Meio de Quadra;;;0;1;0;0;1;0;0;0;0;1;0;0;;
315600;2;9;2017;00:38;0;RUA FRANCISCO C MENDES;;;463;;Colis?úo;;;;Meio de Quadra;;;0;1;0;1;0;0;0;0;0;1;0;0;;
315746;2;9;2017;20:43;0;RUA JOAO VITOR;;;0;;Colis?úo;;;;Meio de Quadra;;;0;1;0;0;0;0;0;0;0;0;0;0;;
310935;2;9;2017;04:31;0;AV 13 DE MAIO;;;2072;;Capotamento;Via Iluminada;Bom;Seca;Meio de Quadra;Sem?íforo;Escola;0;1;0;1;0;0;0;0;0;0;0;0;-3,744031700000000;-38,535410000000000
310936;2;9;2017;05:55;0;RUA MIN ALBUQUERQUE LIMA;AV C CJ CEARA;;0;;Colis?úo Lateral;Amanhecer;Bom;Seca;Meio de Quadra;Sem?íforo;Residencial;0;1;1;1;0;0;0;0;0;0;0;0;-3,766293000000000;-38,611095000000000
310937;2;9;2017;10:39;0;RUA EDUARDO PERDIGAO;;;160;;Colis?úo Traseira;Luz do Dia;Bom;Seca;Meio de Quadra;Sem?íforo;Comercial;0;0;3;1;0;0;0;0;0;0;0;0;-3,775837200000000;-38,564564000000000
310938;2;9;2017;13:11;13261;AV JOAO DE ARAUJO LIMA;AV G CJ JOSE WALTER;;0;;Colis?úo Lateral;Luz do Dia;Bom;Seca;Cruz;Sem?íforo;Comercial;0;0;2;1;0;0;0;0;0;0;0;0;-3,836868500000000;-38,561460000000000
310939;2;9;2017;12:20;0;RUA MARIO MAMEDE;;;1300;;Colis?úo Lateral;Luz do Dia;Bom;Seca;Meio de Quadra;N?úo H?í Controle;Residencial;0;0;2;0;0;0;0;1;0;1;0;0;-3,749220100000000;-38,531628000000000
310940;2;9;2017;13:30;0;AV DEP PAULINO ROCHA;;;77;;Tombamento;Luz do Dia;Bom;Seca;Meio de Quadra;N?úo H?í Controle;Comercial;0;2;0;1;0;0;0;0;0;0;0;0;-3,802760000000000;-38,507850000000000
310941;2;9;2017;14:29;0;AV ABOLICAO;;;1894;;Colis?úo Traseira;Luz do Dia;Bom;Seca;Meio de Quadra;Sem?íforo;Comercial;0;0;2;1;1;0;0;0;0;0;0;0;-3,725111700000000;-38,502210000000000
310942;2;9;2017;14:00;0;RUA DELMIRO FARIAS;;;130;;Colis?úo Lateral;Luz do Dia;Bom;Seca;Meio de Quadra;N?úo H?í Controle;Residencial;0;0;3;1;0;0;0;0;0;0;0;0;-3,754989600000000;-38,541973000000000
310943;2;9;2017;13:16;19829;AV ENG HUMBERTO MONTE;RUA PDE GUERRA;;0;;Colis?úo Lateral;Luz do Dia;Bom;Seca;T;Pare;Residencial;0;0;2;1;0;0;0;0;0;0;0;0;-3,784011100000000;-38,587994000000000
310944;2;9;2017;15:19;3302;AV GAL OSORIO DE PAIVA;RUA LUIS VIEIRA;;0;;Colis?úo Lateral;Luz do Dia;Bom;Seca;Cruz;Sem?íforo;Comercial;0;0;2;1;1;0;0;0;0;0;0;0;-3,790977700000000;-38,588830000000000
310946;2;9;2017;15:20;19165;RUA PEREIRA DE MIRANDA;RUA BATISTA DE OLIVEIRA;;0;;Colis?úo Transversal;Luz do Dia;Bom;Seca;Cruz;Pare;Residencial;0;0;1;1;0;0;0;0;0;0;0;0;-3,741002000000000;-38,478954000000000
310947;2;9;2017;15:40;0;AV ABOLICAO;;;4813;;Colis?úo Traseira;Luz do Dia;Bom;Seca;Meio de Quadra;N?úo H?í Controle;Comercial;0;0;2;1;0;0;0;0;0;1;0;0;-3,720486400000000;-38,477257000000000
310950;2;9;2017;23:10;0;AV DEP PAULINO ROCHA;;;1001;;Colis?úo Transversal;Via Iluminada;Bom;Seca;Meio de Quadra;Sem?íforo;Comercial;0;2;0;0;0;0;0;0;0;1;0;0;-3,803099900000000;-38,507800000000000
310951;3;9;2017;04:15;5405;RUA BAR RIO BRANCO;RUA GAL CLARINDO DE QUEIROZ;;0;;Colis?úo Transversal;Amanhecer;Bom;Seca;Cruz;Sem?íforo;Comercial;0;1;1;1;0;0;0;0;0;1;0;0;-3,732691500000000;-38,530132000000000
310952;3;9;2017;10:48;22181;RUA PDE CICERO;RUA MON FURTADO;;0;;Colis?úo Lateral;Luz do Dia;Bom;Seca;Cruz;Pare;Residencial;0;0;1;0;0;0;0;0;0;1;0;0;-3,743027200000000;-38,546390000000000
310953;3;9;2017;13:47;0;RUA PRO HERIBALDO COSTA;;;0;;Colis?úo Transversal;Luz do Dia;Bom;Seca;T;Pare;Residencial;0;0;2;1;0;0;0;0;0;0;0;0;-3,758929300000000;-38,583416000000000
310954;3;9;2017;15:44;4530;AV DEP PAULINO ROCHA;RUA TEN TITO BARROS;;0;;Colis?úo Transversal;Luz do Dia;Bom;Seca;T;Pare;Residencial;0;0;3;1;0;0;0;0;0;0;0;0;-3,801115300000000;-38,507410000000000