COD_ACIDENTE;DIA;MES;ANO;HORA;INTERSECAO;LOG1;LOG2;LOG3;NUMERO;REFERENCIA;NATUREZA;ILUMINACAO;TEMPO;SUPERFICIEPISTA;TIPOCRUZAMENTO;CONTROLETRAFEGO;USOSOLO;MORTOS;FERIDOS;ILESOS;AUTOMOVEL;ONIBUS;BICICLETA;CAMINHAO;MICROONIBUS;CICLOMOTOR;MOTOCICLETA;TRACAOANIMAL;TREM;LATITUDE;LONGITUDE
310955;3;9;2017;14:08;25036;RUA CAP MELO;RUA EDUARDO BEZERRA;;0;;Colis?úo Transversal;Luz do Dia;Bom;Seca;Cruz;Sem?íforo;Comercial;0;1;0;1;0;0;0;0;0;1;0;0;-3,753920300000000;-38,513630000000000
310956;3;9;2017;18:50;0;AV EDILSON B SOARES;;;333;;Colis?úo Lateral;Via Iluminada;Bom;Seca;Meio de Quadra;N?úo H?í Controle;Residencial;0;0;2;1;0;0;0;0;0;0;0;0;-3,789598700000000;-38,482640000000000
310957;3;9;2017;17:51;0;AV SGT HERMINIO SAMPAIO;;;4230;;Choque c/ Obst?ículo Fixo;Anoitecer;Bom;Seca;Meio de Quadra;N?úo H?í Controle;Residencial;0;0;1;1;0;0;0;0;0;0;0;0;-3,730994700000000;-38,578060000000000
310958;3;9;2017;21:27;0;AV SGT HERMINIO SAMPAIO;;;2755;;Colis?úo Lateral;Via Iluminada;Bom;Seca;Meio de Quadra;N?úo H?í Controle;Comercial;0;0;1;1;0;0;0;0;0;1;0;0;-3,726999300000000;-38,564540000000000
315756;3;9;2017;03:26;0;RUA BERNARDO MANUEL;;;14210;;Colis?úo;;;;Meio de Quadra;;;0;1;0;1;0;0;0;0;0;0;0;0;-3,841994800000000;-38,565018700000000
315757;3;9;2017;03:37;0;AV SGT HERMINIO SAMPAIO;;;3800;;Colis?úo;;;;Meio de Quadra;;;0;2;0;0;0;0;0;0;0;0;0;0;-3,729681000000000;-38,574555000000000
315769;3;9;2017;12:21;0;RUA FRANCO ROCHA;;;322;;Colis?úo;Luz do Dia;;;Meio de Quadra;;;0;1;0;1;0;0;0;0;0;1;0;0;-3,755368000000000;-38,579634000000000
315770;3;9;2017;12:22;0;RUA JULIO LIMA;;;485;;Atropelamento;Luz do Dia;;;Meio de Quadra;;;0;1;0;1;0;0;0;0;0;0;0;0;-3,796292000000000;-38,500727000000000
315771;3;9;2017;12:56;0;AV ALM BARROSO;;;600;;Colis?úo;Luz do Dia;;;Meio de Quadra;;;0;1;0;0;0;0;0;0;0;0;0;0;-3,720538000000000;-38,517776000000000
315767;3;9;2017;11:25;0;RUA PRO ALVARO COSTA;;;1610;;Colis?úo;Luz do Dia;;;Meio de Quadra;;;0;1;0;0;0;0;0;0;0;0;0;0;;
315773;3;9;2017;13:35;0;RUA JOSE DO NASCIMENTO;;;660;;Queda;Luz do Dia;;;Meio de Quadra;;;0;2;0;0;0;0;0;0;0;1;0;0;;
315775;3;9;2017;15:47;0;AV COSTA OESTE;;;1467;;Colis?úo;Luz do Dia;;;Meio de Quadra;;;0;1;0;1;0;0;0;0;0;1;0;0;;
315785;3;9;2017;16:48;0;RUA JULIO VERNE;;;148;;Colis?úo;Luz do Dia;;;Meio de Quadra;;;0;1;0;0;0;0;0;0;0;0;0;0;-3,776161000000000;-38,550797000000000
315786;3;9;2017;17:56;0;RUA TAUBATE;;;895;;Colis?úo;Anoitecer;;;Meio de Quadra;;;0;1;0;1;0;0;0;0;0;1;0;0;-3,781250000000000;-38,598884000000000
315789;3;9;2017;18:57;0;AV CEL CARVALHO;;;0;;Queda;;;;Meio de Quadra;;;0;1;0;0;0;0;0;0;0;1;0;0;;
315803;3;9;2017;19:32;0;RUA ALVARO FERNANDES;;;348;;Queda;;;;Meio de Quadra;;;0;1;0;0;0;1;0;0;0;0;0;0;-3,761795000000000;-38,552753000000000
315804;3;9;2017;19:36;0;AV PRS CASTELO BRANCO;;;311;;Colis?úo;;;;Meio de Quadra;;;0;1;0;1;0;0;0;0;0;1;0;0;-3,719950842000000;-38,531177822000000
315805;3;9;2017;20:53;0;AV 13 DE MAIO;;;3030;;Atropelamento;;;;Meio de Quadra;;;0;1;0;1;0;0;0;0;0;0;0;0;-3,737511600000000;-38,542768000000000
315807;3;9;2017;21:06;26083;AV JOSE JATAHY;AV BEZERRA DE MENEZES;;0;;Queda;;;;Cruz;Sem?íforo;Comercial;0;1;0;0;0;0;0;0;0;1;0;0;-3,731558666000000;-38,544826854000000
315809;3;9;2017;22:46;0;RUA CON DE CASTRO;;;5480;;Colis?úo;;;;Meio de Quadra;;;0;2;0;0;0;0;0;0;0;0;0;0;-3,810888000000000;-38,596799000000000
315810;3;9;2017;23:12;0;RUA RAIMUNDO BIZARRIA;;;0;;Colis?úo;;;;Meio de Quadra;;;0;1;0;1;0;0;0;0;0;0;0;0;;
315811;3;9;2017;23:24;0;RUA JOSE MENDONCA;;;238;;Atropelamento;;;;Meio de Quadra;;;0;2;0;0;0;0;0;0;0;1;0;0;-3,759320000000000;-38,602597000000000
315759;3;9;2017;04:30;0;RUA TOMAS EDSON;;;196;;Queda;;;;Meio de Quadra;;;0;1;0;0;0;0;0;0;0;1;0;0;-3,780254000000000;-38,555474000000000
315760;3;9;2017;04:43;0;AV GAL OSORIO DE PAIVA;;;7430;;Colis?úo;;;;Meio de Quadra;;;0;1;0;0;0;0;0;0;0;0;0;0;;
315761;3;9;2017;04:54;15834;RUA TEN JURANDIR ALENCAR;RUA CEL FRANCISCO PEREIRA (MESSEJANA);;0;;Colis?úo;;;;Cruz;Sem?íforo Intermitente;Comercial;0;1;0;1;0;0;0;0;0;1;0;0;-3,831773000000000;-38,492929000000000
315762;3;9;2017;05:15;0;AV AUGUSTO DOS ANJOS;;;0;;Atropelamento;Amanhecer;;;Meio de Quadra;;;0;1;0;1;0;0;0;0;0;0;0;0;;
315763;3;9;2017;06:27;0;RUA VALPARAISO;;;1520;;Colis?úo;Luz do Dia;;;Meio de Quadra;;;0;1;0;0;0;0;0;0;0;1;0;0;-3,838742000000000;-38,532445000000000
315764;3;9;2017;07:34;6573;AV H CJ CEARA;AV C CJ CEARA;;0;;Colis?úo;Luz do Dia;;;Outros;Pare;Residencial;0;1;0;0;0;0;0;0;0;0;0;0;-3,776484798000000;-38,616412000000000
313554;3;9;2017;00:00;0;RD CE-040;;;0;KM-08;Colis?úo;;Bom;Seca;Meio de Quadra;;;0;0;3;1;0;0;0;0;0;0;0;0;-3,825515822000000;-38,481538320000000
296657;3;9;2017;20:37;0;RUA MOURA MATOS;;;1105;;Colis?úo;;;;Meio de Quadra;;;0;1;0;0;0;0;0;0;0;0;0;0;-3,816420300000000;-38,538994100000000
306752;3;9;2017;02:30;0;RUA PORTO VELHO;;;184;;Colis?úo;Via Iluminada;Bom;Seca;Meio de Quadra;Pare;Residencial;0;1;0;0;0;0;0;0;0;1;0;0;-3,768385000000000;-38,582502000000000
303923;3;9;2017;09:12;44;RUA PDE PERDIGAO SAMPAIO;RUA PEDRO MELO;;0;;Atropelamento;Luz do Dia;Bom;Seca;Cruz;Pare;Residencial;1;0;2;1;0;0;0;0;0;0;0;0;-3,744482000000000;-38,594019000000000
306776;4;9;2017;15:40;23340;RUA EDUARDO BEZERRA;RUA JOAQUIM NABUCO;;0;;Colis?úo Lateral;Luz do Dia;Bom;Seca;Cruz;Pare;Residencial;0;1;1;1;0;0;0;0;0;1;0;0;-3,753238000000000;-38,507115000000000
306777;4;9;2017;14:09;0;AV PONTES VIEIRA;;;329;;Colis?úo Traseira;Luz do Dia;Bom;Seca;Meio de Quadra;N?úo H?í Controle;Comercial;0;0;2;1;0;0;0;0;0;0;0;0;-3,753196000000000;-38,517492000000000
306782;4;9;2017;13:00;1574;RUA PDE VALDEVINO;RUA JOSE VILAR;;0;;Colis?úo Transversal;Luz do Dia;Bom;Seca;Cruz;Sem?íforo Manual;Residencial;0;1;1;1;0;0;0;0;0;1;0;0;-3,742300000000000;-38,506779000000000
306783;4;9;2017;11:40;15357;RUA LEONARDO MOTA;RUA PEREIRA VALENTE;;0;;Colis?úo Lateral;Luz do Dia;Bom;Seca;Cruz;Pare;Comercial;0;0;2;1;0;0;0;0;0;1;0;0;-3,732885000000000;-38,495134000000000
306780;4;9;2017;21:35;0;AV GODOFREDO MACIEL;;;4572;;Colis?úo Traseira;Via Iluminada;Bom;Seca;Meio de Quadra;Outros;Comercial;0;1;1;1;0;0;0;0;0;1;0;0;-3,814933000000000;-38,574911000000000
313216;4;9;2017;12:05;24308;RUA DELMIRO GOUVEIA;RUA ALFREDO LADISLAU;;0;;Colis?úo Transversal;Luz do Dia;Bom;Seca;Cruz;Pare;Comercial;0;0;2;1;0;0;0;0;0;0;0;0;-3,738147000000000;-38,487986000000000
315812;4;9;2017;00:43;0;RUA PIN ANTONIO BANDEIRA;;;379;;Queda;;;;Meio de Quadra;;;0;1;0;0;0;1;0;0;0;0;0;0;;
315813;4;9;2017;04:21;0;AV DR SILAS MUNGUBA;;;5700;;Colis?úo;;;;Meio de Quadra;;;0;2;0;0;0;0;0;0;0;0;0;0;-3,803141000000000;-38,528485000000000
315817;4;9;2017;05:50;0;RUA PROF. MANOEL LOURENCO;;;0;;Colis?úo;Amanhecer;;;Meio de Quadra;;;0;1;0;0;0;0;0;0;0;0;0;0;;
315825;4;9;2017;06:37;0;AV ALM HENRIQUE SABOIA;;;0;;Colis?úo;Luz do Dia;;;Meio de Quadra;;;0;1;0;0;0;0;0;0;0;0;0;0;;
315844;4;9;2017;07:24;0;AV DEP PAULINO ROCHA;;;2052;;Colis?úo;Luz do Dia;;;Meio de Quadra;;;0;1;0;1;0;0;0;0;0;1;0;0;-3,810891000000000;-38,516364000000000
315845;4;9;2017;07:33;0;AV ROGACIANO LEITE;;;2150;;Colis?úo;Luz do Dia;;;Meio de Quadra;;;0;1;0;1;0;0;0;0;0;1;0;0;-3,773643000000000;-38,499058000000000
315846;4;9;2017;07:42;0;RUA MARTINS CARVALHO;;;3456;;Colis?úo;Luz do Dia;;;Meio de Quadra;;;0;1;0;1;0;0;0;0;0;1;0;0;-3,788986000000000;-38,625999000000000
315847;4;9;2017;08:42;0;RUA PORTO VELHO;;;1550;;Colis?úo;Luz do Dia;;;Meio de Quadra;;;0;1;0;1;0;0;0;0;0;1;0;0;-3,762935000000000;-38,592711000000000
315830;4;9;2017;07:24;0;RUA STA ROSA (Q. CUNHA);;;596;;Colis?úo;Luz do Dia;;;Meio de Quadra;;;0;1;0;1;0;0;0;0;0;1;0;0;;
315849;4;9;2017;10:51;0;AV PRS CASTELO BRANCO;;;0;;Colis?úo;Luz do Dia;;;Meio de Quadra;;;0;1;0;0;0;0;0;0;0;0;0;0;;
315851;4;9;2017;11:49;0;AV ALBERTO CRAVEIRO;;;2644;;Colis?úo;Luz do Dia;;;Meio de Quadra;;;0;1;0;1;0;0;0;0;0;1;0;0;-3,803094000000000;-38,521448000000000
315857;4;9;2017;11:50;0;RUA PEREIRA VALENTE;;;705;;Colis?úo;Luz do Dia;;;Meio de Quadra;;;0;1;0;1;0;0;0;0;0;1;0;0;-3,732910000000000;-38,495055000000000
315862;4;9;2017;11:50;0;RUA MARTINS NETO;;;618;;Atropelamento;Luz do Dia;;;Meio de Quadra;;;0;1;0;0;0;0;0;0;0;1;0;0;-3,740662000000000;-38,590976000000000
315867;4;9;2017;12:22;0;TR RINCAO;;;371;;Queda;Luz do Dia;;;Meio de Quadra;;;0;1;0;0;0;0;0;0;0;1;0;0;-3,726493400000000;-38,578497800000000
315877;4;9;2017;12:50;5062;RUA GAL SAMPAIO;RUA DR JOAO MOREIRA;;0;;Colis?úo;Luz do Dia;;;Cruz;Sem?íforo Intermitente;Comercial;0;1;0;1;0;0;0;0;0;1;0;0;-3,722030000000000;-38,529364000000000
315875;4;9;2017;12:29;0;RUA DR JOAQUIM BENTO;;;675;;Atropelamento;Luz do Dia;;;Meio de Quadra;;;0;1;0;1;0;0;0;0;0;0;0;0;-3,828294000000000;-38,485528000000000
315885;4;9;2017;14:07;0;RUA SATIRO DIAS;;;377;;Tombamento;Luz do Dia;;;Meio de Quadra;;;0;1;0;1;0;0;0;0;0;0;0;0;-3,761939000000000;-38,547670000000000
315886;4;9;2017;14:21;0;RUA AFONSO LOPES;;;753;;Colis?úo;Luz do Dia;;;Meio de Quadra;;;0;1;0;1;0;0;0;0;0;1;0;0;-3,794375000000000;-38,548607000000000
315887;4;9;2017;15:27;0;AV TRISTAO GONCALVES;;;730;;Colis?úo;Luz do Dia;;;;;;0;1;0;1;0;0;0;0;0;1;0;0;-3,728154000000000;-38,533512000000000
315883;4;9;2017;14:00;0;AV PRS COSTA E SILVA;;;0;;Colis?úo;Luz do Dia;;;Meio de Quadra;;;0;1;0;0;0;0;0;0;0;1;0;0;;
315889;4;9;2017;16:15;0;RUA AUSTRIA;;;69;;Queda;Luz do Dia;;;Meio de Quadra;;;0;1;0;0;0;0;0;0;0;1;0;0;-3,786158000000000;-38,573381000000000
315894;4;9;2017;16:39;17370;RUA ALM RUBIM;RUA BAR SOBRAL;;0;;Atropelamento;Luz do Dia;;;Cruz;Pare;Comercial;0;1;0;1;0;0;0;0;0;0;0;0;-3,766572000000000;-38,554972000000000
315896;4;9;2017;16:47;2755;RUA BOM JESUS (GRANJA LISBOA);RUA CEL VIRGILIO NOGUEIRA (BOM JARDIM);;0;;Colis?úo;Luz do Dia;;;Cruz;Sem?íforo;Comercial;0;1;0;0;0;0;0;0;0;0;0;0;-3,791685983000000;-38,609766226000000
315900;4;9;2017;17:30;0;AV PERIMETRAL;;;0;;Colis?úo;Anoitecer;;;Meio de Quadra;;;0;1;0;0;0;0;0;0;0;0;0;0;;
315902;4;9;2017;18:10;0;RUA CARLOS JUACABA;;;667;;Colis?úo;Anoitecer;;;Meio de Quadra;;;0;2;0;0;0;0;0;0;0;1;0;0;-3,791132100000000;-38,561239500000000
315911;4;9;2017;20:14;0;AV GODOFREDO MACIEL;;;0;;Colis?úo;;;;Meio de Quadra;;;0;1;0;1;0;0;0;0;0;1;0;0;;
315912;4;9;2017;22:04;26075;AV SGT HERMINIO SAMPAIO;AV JOSE JATAHY;;0;;Colis?úo;;;;Cruz;Sem?íforo;Comercial;0;1;0;0;0;0;0;0;0;0;0;0;-3,724679297000000;-38,546275142000000
315905;4;9;2017;18:19;0;RUA JAIME BENEVOLO;;;1711;;Colis?úo;Anoitecer;;;Meio de Quadra;;;0;1;0;1;0;0;0;0;0;1;0;0;-3,747083000000000;-38,530393000000000
315906;4;9;2017;18:20;0;RUA CAP NESTOR GOIS;;;1355;;Colis?úo;Anoitecer;;;Meio de Quadra;;;0;1;0;1;0;0;0;0;0;1;0;0;;
315907;4;9;2017;19:02;0;RUA CON DE CASTRO;;;1920;;Colis?úo;;;;Meio de Quadra;;;0;1;0;0;0;1;0;0;0;1;0;0;-3,787622000000000;-38,575844000000000
315908;4;9;2017;19:16;0;RUA RIO GRANDE DO NORTE;;;1195;;Colis?úo;;;;Meio de Quadra;;;0;1;0;1;0;0;0;0;0;1;0;0;-3,758971000000000;-38,567016000000000
315909;4;9;2017;20:01;0;AV VICENTE DE CASTRO;;;0;;Queda;;;;Meio de Quadra;;;0;1;0;0;0;0;0;0;0;1;0;0;;
315146;4;9;2017;13:50;0;RD CE-040;;;0;KM-09;Colis?úo;Luz do Dia;Bom;Seca;Meio de Quadra;;;0;0;2;1;0;0;0;0;0;0;0;0;-3,834450897000000;-38,482465820000000
310959;4;9;2017;08:15;7834;RUA TIBURCIO CAVALCANTE;RUA CEL ALVES TEIXEIRA;;0;;Colis?úo Transversal;Luz do Dia;Bom;Seca;Cruz;Pare;Residencial;0;1;1;1;0;0;0;0;0;0;0;0;-3,743347000000000;-38,505238000000000
310960;4;9;2017;08:34;0;AV FRANCISCO SA;;;3175;;Colis?úo Lateral;Luz do Dia;Bom;Seca;Meio de Quadra;N?úo H?í Controle;Comercial;0;1;1;1;0;0;0;0;0;1;0;0;-3,718665400000000;-38,553337000000000
310961;4;9;2017;09:01;0;AV TEN LISBOA;RUA STA ROSA (Q. CUNHA);;0;;Colis?úo Transversal;Luz do Dia;Bom;Seca;Meio de Quadra;N?úo H?í Controle;Residencial;0;2;0;0;0;0;0;0;0;1;0;0;-3,717447800000000;-38,553890000000000
310962;4;9;2017;09:10;1231;RUA CARLOS VASCONCELOS;RUA COSTA BARROS;;0;;Colis?úo Transversal;Luz do Dia;Bom;Seca;Cruz;Sem?íforo;Comercial;0;1;1;1;0;0;0;0;0;1;0;0;-3,730641600000000;-38,509995000000000
310963;4;9;2017;08:54;0;AV DOMINGOS OLIMPIO;;;247;;Capotamento;Luz do Dia;Bom;Seca;Meio de Quadra;Sem?íforo;Comercial;0;0;2;1;1;0;0;0;0;0;0;0;-3,737943000000000;-38,527150000000000
310964;4;9;2017;09:54;0;AV PRS JUSCELINO KUBITSCHEK (PASSAR?ë);;;0;ROTAT?ôRIA CASTEL?âO;Colis?úo Lateral;Luz do Dia;Bom;Seca;Rotat??ria;D?¬ Prefer?¬ncia;Comercial;0;0;2;1;1;0;0;0;0;0;0;0;-3,809128500000000;-38,526493000000000
310965;4;9;2017;09:50;5127;RUA GAL SAMPAIO;RUA SEN ALENCAR;;0;;Colis?úo Lateral;Luz do Dia;Bom;Seca;Cruz;Sem?íforo;Comercial;0;2;0;1;0;0;0;0;0;1;0;0;-3,724285000000000;-38,529972000000000
310966;4;9;2017;08:00;14673;RUA LIDIA BRIGIDO;RUA PRO CARLOS LOBO;;0;;Colis?úo Lateral;Luz do Dia;Bom;Seca;Cruz;Pare;Comercial;0;0;2;1;0;0;0;0;0;0;0;0;-3,795275000000000;-38,484120000000000
310967;4;9;2017;10:27;0;AV DR SILAS MUNGUBA;;;0;;Colis?úo Traseira;Luz do Dia;Bom;Seca;Meio de Quadra;N?úo H?í Controle;Comercial;0;0;2;0;1;0;0;0;0;0;0;0;-3,795285200000000;-38,532787000000000
310968;4;9;2017;13:40;7479;RUA PEDRO DANTAS;AV ALBERTO CRAVEIRO;;0;;Colis?úo Traseira;Luz do Dia;Bom;Seca;T;Sem?íforo;Comercial;0;0;2;1;0;0;0;0;0;0;0;0;-3,786828800000000;-38,517563000000000
310969;4;9;2017;12:44;0;AV SGT HERMINIO SAMPAIO;;;4223;;Capotamento;Luz do Dia;Bom;Seca;T;Pare;Residencial;0;0;1;1;0;0;0;0;0;0;0;0;-3,731056200000000;-38,577858000000000
310970;4;9;2017;12:15;6724;AV SANTOS DUMONT;AV ENG SANTANA JUNIOR;;5160;VIADUTO SANTANA JUNIOR;Colis?úo Lateral;Luz do Dia;Bom;Seca;T;N?úo H?í Controle;Comercial;0;0;2;1;0;0;0;0;0;0;0;0;-3,740519300000000;-38,485280000000000
310971;4;9;2017;11:50;5416;AV DUQ CAXIAS;RUA JAIME BENEVOLO;;0;;Colis?úo Lateral;Luz do Dia;Bom;Seca;T;Pare;Comercial;0;0;1;1;0;0;0;0;0;0;0;0;-3,733150700000000;-38,525680000000000
310972;4;9;2017;15:55;0;AV BORGES DE MELO;;;1160;;Queda;Luz do Dia;Bom;Seca;Meio de Quadra;N?úo H?í Controle;Comercial;0;0;1;1;0;0;0;0;0;0;0;0;-3,759840500000000;-38,530113000000000
310973;4;9;2017;15:24;23342;RUA TIBURCIO CAVALCANTE;RUA EDUARDO BEZERRA;;0;;Colis?úo Lateral;Luz do Dia;Bom;Seca;Cruz;Pare;Residencial;0;1;1;0;0;0;0;0;0;1;0;0;-3,753301600000000;-38,508198000000000
310974;4;9;2017;17:00;0;RUA JOSE HIPOLITO;;;213;;Colis?úo Transversal;Luz do Dia;Bom;Seca;Meio de Quadra;N?úo H?í Controle;Comercial;0;0;2;1;0;0;0;0;0;0;0;0;-3,832837000000000;-38,493507000000000
310975;4;9;2017;18:33;0;RUA GRANJA CASTELO;;;410;;Colis?úo Lateral;Via Iluminada;Bom;Seca;Meio de Quadra;Sem?íforo;Comercial;0;0;2;1;1;0;0;0;0;0;0;0;-3,832300200000000;-38,500122000000000
310976;4;9;2017;19:22;0;AV BEIRA MAR;RUA MON BRUNO;;0;;Colis?úo Lateral;Via Iluminada;Bom;Seca;T;N?úo H?í Controle;Lazer;0;0;2;0;1;0;0;0;0;1;0;0;-3,723160500000000;-38,506397000000000
310977;4;9;2017;20:20;0;RUA FAUSTO AGUIAR;;;630;;Colis?úo Frontal;Via Iluminada;Bom;Seca;Meio de Quadra;N?úo H?í Controle;Comercial;0;1;1;1;0;0;0;0;0;1;0;0;-3,811311700000000;-38,492730000000000
310978;4;9;2017;18:30;0;AV I CJ JOSE WALTER;;;945;;Colis?úo Lateral;Via Iluminada;Bom;Seca;Meio de Quadra;N?úo H?í Controle;Residencial;0;0;2;1;0;0;0;0;0;0;0;0;-3,831800200000000;-38,552677000000000
310979;4;9;2017;22:25;0;AV ROGACIANO LEITE;;;0;;Colis?úo Traseira;Via Iluminada;Bom;Seca;Meio de Quadra;Sem?íforo;Residencial;0;0;2;1;0;0;0;0;0;0;0;0;-3,763686700000000;-38,494843000000000
310989;4;9;2017;07:30;0;AV JOAO PESSOA;;;5053;;Colis?úo Traseira;Luz do Dia;Bom;Seca;Meio de Quadra;N?úo H?í Controle;Residencial;0;0;2;1;0;0;0;0;0;0;0;0;-3,756107300000000;-38,552868000000000
310992;4;9;2017;11:38;0;AV EDUARDO GIRAO;RUA DEP OSWALDO STUDART;;0;;Colis?úo Traseira;Luz do Dia;Bom;Seca;Cruz;Sem?íforo;Comercial;0;1;1;1;0;0;0;0;0;0;0;0;-3,755159900000000;-38,529556000000000
311299;4;9;2017;07:00;0;RUA WALDIR DIOGO;;;339;;Colis?úo Frontal;Luz do Dia;Bom;Seca;Meio de Quadra;N?úo H?í Controle;Residencial;0;2;0;0;0;0;0;0;0;1;0;0;-3,806499000000000;-38,583527000000000
310993;5;9;2017;14:10;0;RUA BERNARDO MANUEL;RUA OITO CJ MIRASSOL;;0;;Colis?úo Traseira;Luz do Dia;Bom;Seca;T;Pare;Residencial;0;0;2;1;0;0;0;0;0;0;0;0;-3,806628200000000;-38,553720000000000
310994;5;9;2017;15:41;0;AV PRS CASTELO BRANCO;;;2458;;Colis?úo Traseira;Luz do Dia;Bom;Seca;Meio de Quadra;Sem?íforo;Comercial;0;0;2;1;0;0;0;0;0;0;0;0;-3,713295700000000;-38,549873000000000
310995;5;9;2017;13:00;0;RUA BADY MIGUEL;RUA TEN JOSE NEWTON;;0;;Colis?úo Lateral;Luz do Dia;Bom;Seca;T;N?úo H?í Controle;Residencial;0;1;1;0;1;0;0;0;0;1;0;0;-3,827319900000000;-38,491900000000000
310996;5;9;2017;16:23;0;AV TRISTAO GONCALVES;;;749;;Choque c/ Obst?ículo Fixo;Luz do Dia;Bom;Seca;Meio de Quadra;Sem?íforo;Comercial;0;0;2;1;0;0;0;0;0;0;0;0;-3,728476500000000;-38,533590000000000
310997;5;9;2017;16:07;0;AV DR SILAS MUNGUBA;;;4733;;Colis?úo Traseira;Luz do Dia;Bom;Seca;T;N?úo H?í Controle;Residencial;0;0;2;1;0;0;0;0;0;0;0;0;-3,794837500000000;-38,533344000000000
310998;5;9;2017;16:49;0;RUA OSVALDO CRUZ (ALDEOTA);RUA GAL POTIGUARA;;0;;Colis?úo Transversal;Luz do Dia;Bom;Seca;Cruz;Pare;Residencial;0;0;2;1;0;0;0;0;0;0;0;0;-3,742424200000000;-38,502510000000000
310999;5;9;2017;16:59;0;AV ENG HUMBERTO MONTE;;;459;;Colis?úo Lateral;Luz do Dia;Bom;Seca;Meio de Quadra;N?úo H?í Controle;Residencial;0;0;2;1;1;0;0;0;0;0;0;0;-3,753939600000000;-38,556427000000000
311000;5;9;2017;19:24;0;RUA VIS MAUA;;;556;;Colis?úo Transversal;Via Iluminada;Bom;Seca;;;;0;1;1;0;0;0;0;0;0;1;0;0;-3,730718000000000;-38,497555000000000
311001;5;9;2017;19:10;21060;RUA PERNAMBUCO;RUA STO AMARO DO PICI;;0;;Colis?úo Lateral;Via Iluminada;Bom;Seca;T;Pare;Residencial;0;1;1;1;0;0;0;0;0;1;0;0;-3,752506000000000;-38,577164000000000
311002;5;9;2017;21:59;9219;AV 13 DE MAIO;RUA EUSEBIO DE SOUZA;;0;;Acidente Pessoal;Via Iluminada;Bom;Seca;Meio de Quadra;N?úo H?í Controle;Comercial;0;0;1;1;0;0;0;0;0;0;0;0;-3,749198000000000;-38,529404000000000
311003;5;9;2017;18:47;0;AV ABOLICAO;;;3893;;Colis?úo Traseira;Anoitecer;Bom;Seca;Meio de Quadra;Sem?íforo;Comercial;0;0;2;1;0;0;0;0;0;0;0;0;-3,725563000000000;-38,484770000000000
311004;5;9;2017;22:20;23041;AV DR SILAS MUNGUBA;RUA BRUNO VALENTE;;0;;Colis?úo Lateral;Via Iluminada;Bom;Seca;Cruz;Pare;Comercial;0;0;2;1;0;0;0;0;0;0;0;0;-3,790494000000000;-38,539974000000000
311005;5;9;2017;21:50;6760;AV ENG SANTANA JUNIOR;RUA GAL TERTULIANO POTYGUARA;;0;;Colis?úo Traseira;Via Iluminada;Bom;Seca;T;Sem?íforo;Comercial;0;0;3;1;0;0;0;0;0;0;0;0;-3,746335300000000;-38,489307000000000
311012;5;9;2017;08:00;0;AV GAL OSORIO DE PAIVA;;;608;;Colis?úo Lateral;Luz do Dia;Bom;Seca;Cruz;Pare;Comercial;0;0;2;1;0;0;0;0;0;0;0;0;-3,776401300000000;-38,567770000000000
310990;5;9;2017;10:11;22972;RUA PRA HELOISA F LIMA;RUA MAD ELISA BALDO;;0;;Colis?úo Lateral;Luz do Dia;Bom;Seca;Cruz;Pare;Residencial;0;0;1;1;0;0;0;0;0;0;0;0;-3,785389200000000;-38,545185000000000
310991;5;9;2017;10:00;0;AV DOM LUIS;;;0;PRACA PORTUGAL;Colis?úo Lateral;Luz do Dia;Bom;Seca;Rotat??ria;Sem?íforo;Comercial;0;0;2;1;1;0;0;0;0;0;0;0;-3,733665200000000;-38,497750000000000
310980;5;9;2017;08:40;0;RUA METON DE ALENCAR;;;811;;Colis?úo Traseira;Luz do Dia;Bom;Seca;Meio de Quadra;Sem?íforo;Comercial;0;2;0;0;0;0;0;0;0;1;0;0;-3,733510500000000;-38,531242000000000
310981;5;9;2017;09:05;0;AV SORIANO ALBUQUERQUE;;;100;;Colis?úo Lateral;Luz do Dia;Bom;Seca;;;;0;1;1;1;0;0;0;0;0;1;0;0;-3,747776700000000;-38,519520000000000
310982;5;9;2017;07:15;0;AV GAL MURILO BORGES;AV ROGACIANO LEITE;AV GOV RAUL BARBOSA;0;;Engavetamento;Luz do Dia;Bom;Seca;Meio de Quadra;Sem?íforo;Rural;0;0;3;1;0;0;0;0;0;0;0;0;-3,766287000000000;-38,500340000000000
310983;5;9;2017;06:40;14622;AV JOSE LEON;RUA HONORIO VIEIRA;;0;;Colis?úo Lateral;Luz do Dia;Bom;Seca;Cruz;Pare;Comercial;0;1;1;1;0;0;0;0;0;1;0;0;-3,791446400000000;-38,486920000000000
310984;5;9;2017;09:23;0;AV GOV RAUL BARBOSA;;;4262;;Colis?úo Lateral;Luz do Dia;Bom;Seca;Meio de Quadra;N?úo H?í Controle;Comercial;0;0;2;0;0;0;0;0;0;0;0;0;-3,761619000000000;-38,507730000000000
310985;5;9;2017;09:44;0;AV ENG SANTANA JUNIOR;;;0;;Colis?úo Lateral;Luz do Dia;Bom;Seca;Outros;N?úo H?í Controle;Residencial;0;0;2;0;1;0;0;0;0;0;0;0;-3,749416600000000;-38,489933000000000
310986;5;9;2017;10:25;0;AV AGUANAMBI;;;0;;Colis?úo Lateral;Luz do Dia;Bom;Seca;Rotat??ria;Sem?íforo;Comercial;0;0;2;1;0;0;0;0;0;0;0;0;-3,755520600000000;-38,523365000000000