COD_ACIDENTE;DIA;MES;ANO;HORA;INTERSECAO;LOG1;LOG2;LOG3;NUMERO;REFERENCIA;NATUREZA;ILUMINACAO;TEMPO;SUPERFICIEPISTA;TIPOCRUZAMENTO;CONTROLETRAFEGO;USOSOLO;MORTOS;FERIDOS;ILESOS;AUTOMOVEL;ONIBUS;BICICLETA;CAMINHAO;MICROONIBUS;CICLOMOTOR;MOTOCICLETA;TRACAOANIMAL;TREM;LATITUDE;LONGITUDE
310987;5;9;2017;10:20;0;RUA DR PEDRO BORGES;;;219;;Colis?úo Lateral;Luz do Dia;Bom;Seca;Meio de Quadra;N?úo H?í Controle;Comercial;0;0;2;1;0;0;0;0;0;0;0;0;-3,728188300000000;-38,527690000000000
310988;5;9;2017;10:49;0;AV JOSE BASTOS;;;5649;;Colis?úo Transversal;Luz do Dia;Bom;Seca;T;Pare;Comercial;0;0;2;1;1;0;0;0;0;0;0;0;-3,761370400000000;-38,564950000000000
315152;5;9;2017;07:30;0;RD CE-040;;;0;KM-01;Colis?úo;Luz do Dia;Bom;Seca;Meio de Quadra;;;0;0;2;1;0;0;0;0;0;1;0;0;-3,764650449000000;-38,482583040000000
305842;5;9;2017;11:12;0;AV BEZERRA DE MENEZES;;;1112;;Colis?úo Traseira;Luz do Dia;;Seca;Meio de Quadra;N?úo H?í Controle;Comercial;0;2;0;1;0;0;0;0;0;0;0;0;-3,733655000000000;-38,554745000000000
315920;5;9;2017;08:00;23986;RUA MIGUEL CALMON;RUA PIN ANTONIO BANDEIRA;;0;;Colis?úo;Luz do Dia;;;;;;0;1;0;1;0;0;0;0;0;1;0;0;-3,727078000000000;-38,462666000000000
315924;5;9;2017;08:01;1250;AV BAR STUDART;RUA COSTA BARROS;;0;;Colis?úo;Luz do Dia;;;Cruz;Sem?íforo;Comercial;0;1;0;1;0;0;0;0;0;1;0;0;-3,732231000000000;-38,505837000000000
315925;5;9;2017;08:14;0;AV PRS JUSCELINO KUBITSCHEK (PASSAR?ë);;;5800;;Colis?úo;Luz do Dia;;;Meio de Quadra;;;0;1;0;0;0;0;0;0;0;1;0;0;;
315926;5;9;2017;08:53;0;RUA AZEVEDO BOLAO;;;1226;;Atropelamento;Luz do Dia;;;Meio de Quadra;;;0;1;0;1;0;0;0;0;0;0;0;0;-3,736093000000000;-38,554990000000000
315927;5;9;2017;09:04;0;AV JOSE JATAHY;;;622;;Colis?úo;Luz do Dia;;;Meio de Quadra;;;0;1;0;0;0;0;0;0;0;1;0;0;;
315928;5;9;2017;09:52;0;AV GAL OSORIO DE PAIVA;;;6128;;Atropelamento;Luz do Dia;;;Meio de Quadra;;;0;2;0;0;0;0;0;0;0;1;0;0;-3,809754000000000;-38,606907000000000
315929;5;9;2017;10:04;19081;RUA DES WALDETARIO P MOTA;RUA EDUARDO SABOIA;;0;;Colis?úo;Luz do Dia;;;Cruz;Pare;Comercial;0;1;0;1;0;0;0;0;0;1;0;0;-3,737338000000000;-38,480948000000000
315933;5;9;2017;13:39;17271;RUA EDITE BRAGA;RUA VASCO DA GAMA;;0;;Colis?úo;Luz do Dia;;;Cruz;Pare;Comercial;0;2;0;1;0;0;0;0;0;1;0;0;-3,762136000000000;-38,548722000000000
315934;5;9;2017;13:56;0;AV GAL OSORIO DE PAIVA;;;0;;Colis?úo;Luz do Dia;;;Meio de Quadra;;;0;1;0;1;0;0;0;0;0;1;0;0;;
315935;5;9;2017;14:45;0;RD BR 116;;;4000;KM-04;Colis?úo;Luz do Dia;;;Meio de Quadra;;;0;1;0;1;0;0;0;0;0;1;0;0;-3,788331000000000;-38,510646000000000
315936;5;9;2017;16:13;0;RUA EUSEBIO DE SOUZA;;;0;;Colis?úo;Luz do Dia;;;Meio de Quadra;;;0;1;0;1;0;0;0;0;0;1;0;0;;
315947;5;9;2017;20:38;1472;AV PDE ANTONIO TOMAS;RUA TIBURCIO CAVALCANTE;;0;;Queda;;;;Cruz;Sem?íforo;Comercial;0;1;0;0;0;0;0;0;0;1;0;0;-3,738950000000000;-38,503547000000000
315948;5;9;2017;21:53;4612;AV WASHINGTON SOARES;AV OLIVEIRA PAIVA;;0;;Atropelamento;;;;;;;0;1;0;1;0;0;0;0;0;0;0;0;-3,795695000000000;-38,479908000000000
315949;5;9;2017;22:14;0;AV EDUARDO GIRAO;;;0;;Queda;;;;Meio de Quadra;;;0;1;0;0;0;0;0;0;0;1;0;0;;
315938;5;9;2017;17:19;19183;RUA LAURO NOGUEIRA;RUA CESAR FONSECA;;0;;Colis?úo;Anoitecer;;;T;Sem?íforo;Comercial;0;1;0;1;0;0;0;0;0;1;0;0;-3,741946000000000;-38,472579000000000
315931;5;9;2017;11:26;0;RUA NOVA CONQUISTA (GRANJA LISBOA);;;2665;;Colis?úo;Luz do Dia;;;Meio de Quadra;;;0;1;0;0;0;0;0;0;0;1;0;0;;
315942;5;9;2017;19:22;0;RUA EDUARDO GARCIA;;;263;;Colis?úo;;;;Meio de Quadra;;;0;1;0;1;0;0;0;0;0;1;0;0;-3,738884000000000;-38,496897000000000
315944;5;9;2017;19:38;0;RUA MUNDAU;;;580;;Atropelamento;;;;Meio de Quadra;;;0;1;0;0;0;0;0;0;0;1;0;0;-3,763573800000000;-38,509796100000000
315913;5;9;2017;00:39;0;AV SEN VIRGILIO TAVORA;;;850;;Colis?úo;;;;Meio de Quadra;;;0;1;0;0;0;0;0;0;0;1;0;0;-3,734304000000000;-38,492341000000000
315914;5;9;2017;06:09;0;RD BR 116;;;10000;KM-10;Atropelamento;Luz do Dia;;;Meio de Quadra;;;0;1;0;0;0;0;0;0;0;1;0;0;-3,834435000000000;-38,503373000000000
315915;5;9;2017;06:26;0;AV ENG SANTANA JUNIOR;;;2654;;Queda;Luz do Dia;;;Meio de Quadra;;;0;1;0;0;0;0;0;0;0;1;0;0;-3,744708000000000;-38,488809000000000
315916;5;9;2017;07:25;13564;RUA CAP GUSTAVO;RUA CASTRO ALVES;;0;;Queda;Luz do Dia;;;Cruz;Pare;Comercial;0;1;0;0;0;0;0;0;0;1;0;0;-3,749887000000000;-38,517747000000000
315689;5;9;2017;11:30;0;RD BR 116;;;8000;KM-08;Colis?úo Traseira;Luz do Dia;Bom;Seca;Meio de Quadra;;;0;0;2;0;0;0;1;0;0;1;0;0;-3,822018000000000;-38,503269000000000
306756;5;9;2017;08:45;25108;AV BEZERRA DE MENEZES;RUA BRAZ DE FRANCESCO;;0;;Colis?úo Lateral;Luz do Dia;;;Cruz;Sem?íforo;Comercial;0;0;2;0;0;0;1;0;0;0;0;0;-3,736282000000000;-38,567363000000000
306754;5;9;2017;10:16;5213;RUA CONDE D??EU;RUA SAO PAULO;;0;;Colis?úo Transversal;Luz do Dia;;;;;;0;1;1;1;0;0;0;0;0;1;0;0;-3,726579000000000;-38,525915000000000
306760;5;9;2017;21:30;7938;RUA VIS MAUA;RUA ASSIS CHATEAUBRIAND;;0;;Colis?úo Transversal;;;;Cruz;Pare;Comercial;0;1;1;1;0;0;0;0;0;1;0;0;-3,746314000000000;-38,502693000000000
306764;6;9;2017;19:25;0;AV JOSE BASTOS;;;2792;;Colis?úo Transversal;;;;Meio de Quadra;;;0;0;2;1;0;0;0;0;0;0;0;0;-3,745114000000000;-38,545535000000000
306765;6;9;2017;18:45;0;RUA VASCO DE ATAIDE;;;1537;;Colis?úo Lateral;;;;Meio de Quadra;;;0;0;2;1;0;0;0;0;0;1;0;0;;
306762;6;9;2017;08:30;7791;AV PONTES VIEIRA;RUA VIS MAUA;;0;;Colis?úo Lateral;Luz do Dia;;;Cruz;Pare;Comercial;0;0;2;1;0;0;0;0;0;0;0;0;-3,751653000000000;-38,504401000000000
303939;6;9;2017;20:00;0;RD BR 116;;;5647;P?çA DA AEROL?éNDIA;Atropelamento;;Bom;Seca;Meio de Quadra;;;1;0;1;1;0;0;0;0;0;0;0;0;-3,770905000000000;-38,516890000000000
303925;6;9;2017;06:28;0;RUA ESV AZEVEDO;;;270;;Colis?úo;Luz do Dia;;;Meio de Quadra;;;1;1;0;1;0;0;0;0;0;1;0;0;-3,797161000000000;-38,509082000000000
315966;6;9;2017;14:19;0;RUA JOSE TORRES;;;800;;Colis?úo;Luz do Dia;;;Meio de Quadra;;;0;1;0;1;0;0;0;0;0;1;0;0;-3,778107000000000;-38,606752000000000
315967;6;9;2017;14:24;0;RUA PERNAMBUCO;;;2281;;Colis?úo;Luz do Dia;;;Meio de Quadra;;;0;1;0;0;0;1;0;0;0;1;0;0;-3,753778000000000;-38,575907000000000
315968;6;9;2017;14:40;0;AV BEZERRA DE MENEZES;;;0;;Colis?úo;Luz do Dia;;;Meio de Quadra;;;0;1;0;1;0;0;0;0;0;1;0;0;;
315971;6;9;2017;14:59;0;RUA PRO JOSE LEITE GONDIM;;;985;;Queda;Luz do Dia;;;Meio de Quadra;;;0;1;0;0;0;0;0;0;0;1;0;0;;
315973;6;9;2017;15:18;25002;AV A CJ CEARA;AV N CJ CEARA;;0;;Colis?úo;Luz do Dia;;;Cruz;Outros;Comercial;0;1;0;0;0;0;0;0;0;1;0;0;;
315975;6;9;2017;15:33;0;RUA ALBERTO MAGNO;;;382;;Colis?úo;Luz do Dia;;;Meio de Quadra;;;0;1;0;0;0;0;0;0;0;0;0;0;-3,759383000000000;-38,545174000000000
315976;6;9;2017;17:04;0;RUA FIS ASSIS SARAIVA;;;1001;;Colis?úo;Anoitecer;;;Meio de Quadra;;;0;1;0;0;0;0;0;0;0;1;0;0;-3,801706000000000;-38,527810000000000
315980;6;9;2017;17:24;0;RUA BENTO ALBUQUERQUE;;;1122;;Colis?úo;Anoitecer;;;Meio de Quadra;;;0;2;0;0;0;0;0;0;0;0;0;0;-3,745440000000000;-38,478619000000000
315981;6;9;2017;17:49;0;AV SGT HERMINIO SAMPAIO;;;3755;;Atropelamento;Anoitecer;;;Meio de Quadra;;;0;1;0;0;0;0;0;0;0;1;0;0;-3,729495000000000;-38,574083000000000
315982;6;9;2017;17:49;0;RUA TEODOMIRO DE CASTRO;;;4306;;Colis?úo;Anoitecer;;;Meio de Quadra;;;0;1;0;1;0;0;0;0;0;1;0;0;-3,718997000000000;-38,571853000000000
315983;6;9;2017;19:00;0;RUA RAUL UCHOA;;;0;;Colis?úo;;;;Meio de Quadra;;;0;1;0;1;0;0;0;0;0;1;0;0;;
315984;6;9;2017;19:10;0;RUA OSCAR ARARIPE;;;1930;;Colis?úo;;;;Meio de Quadra;;;0;1;0;0;0;0;0;0;0;1;0;0;-3,788239000000000;-38,608477000000000
315985;6;9;2017;19:25;0;AV CARNEIRO DE MENDONCA;;;0;;Colis?úo;;;;Meio de Quadra;;;0;1;0;1;0;0;0;0;0;1;0;0;;
315986;6;9;2017;19:42;0;AV PRS JUSCELINO KUBITSCHEK (PASSAR?ë);;;3290;;Atropelamento;;;;Meio de Quadra;;;0;1;0;0;0;0;0;0;0;1;0;0;-3,809356000000000;-38,526655000000000
315987;6;9;2017;19:57;0;AV ENG HUMBERTO MONTE;;;1297;;Atropelamento;;;;Meio de Quadra;;;0;1;0;0;0;0;0;0;0;0;0;0;-3,748124000000000;-38,561277000000000
315988;6;9;2017;20:12;0;RUA PEDRO DE QUEIROZ;;;1361;;Atropelamento;;;;Meio de Quadra;;;0;1;0;0;0;0;0;0;0;1;0;0;-3,747430000000000;-38,558245000000000
315990;6;9;2017;21:03;0;AV PERIMETRAL;;;0;;Colis?úo;;;;Meio de Quadra;;;0;1;0;1;0;0;0;0;0;1;0;0;;
315950;6;9;2017;06:28;0;AV SGT HERMINIO SAMPAIO;;;1846;;Queda;Luz do Dia;;;Meio de Quadra;;;0;1;0;0;0;0;0;0;0;1;0;0;-3,725738000000000;-38,557097000000000
315951;6;9;2017;06:46;0;AV PERIMETRAL;;;0;;Queda;Luz do Dia;;;Meio de Quadra;;;0;1;0;0;0;0;0;0;0;1;0;0;;
315952;6;9;2017;07:15;0;AV JOSE BASTOS;;;0;;Queda;Luz do Dia;;;Meio de Quadra;;;0;1;0;0;0;0;0;0;0;1;0;0;;
315953;6;9;2017;07:33;0;AV MOZART PINHEIRO DE LUCENA;;;1410;;Colis?úo;Luz do Dia;;;Meio de Quadra;;;0;1;0;1;0;0;0;0;0;1;0;0;-3,715000000000000;-38,594755000000000
315954;6;9;2017;07:42;0;AV LUCIANO CARNEIRO;;;1333;;Colis?úo;Luz do Dia;;;Meio de Quadra;;;0;1;0;1;0;0;0;0;0;1;0;0;-3,759593000000000;-38,535052000000000
315955;6;9;2017;08:14;0;AV DR THEBERGE;;;0;;Queda;Luz do Dia;;;Meio de Quadra;;;0;1;0;0;0;0;0;0;0;1;0;0;;
315956;6;9;2017;08:32;0;AV 13 DE MAIO;;;0;;Colis?úo;Luz do Dia;;;Meio de Quadra;;;0;1;0;0;0;0;0;0;0;0;0;0;;
315957;6;9;2017;08:52;0;AV JOVITA FEITOSA;;;1110;;Colis?úo;Luz do Dia;;;Meio de Quadra;;;0;1;0;0;0;0;0;0;0;1;0;0;-3,739147000000000;-38,553062000000000
315958;6;9;2017;09:31;0;AV GODOFREDO MACIEL;;;0;;Colis?úo;Luz do Dia;;;Meio de Quadra;;;0;1;0;0;0;0;0;0;0;0;0;0;;
315959;6;9;2017;10:00;0;AV G CJ CEARA;;;1770;;Colis?úo;Luz do Dia;;;Meio de Quadra;;;0;1;0;0;0;0;0;0;0;0;0;0;;
315996;6;9;2017;22:09;25165;AV ROGACIANO LEITE;RUA HENRIQUE DE CASTRO;;0;;Colis?úo;;;;Cruz;Sem?íforo;Comercial;0;1;0;1;0;0;0;0;0;1;0;0;-3,776997000000000;-38,500639000000000
315993;6;9;2017;21:14;0;RUA CIDADE ECOLOGICA;;;364;;Colis?úo;;;;Meio de Quadra;;;0;1;0;0;0;0;0;0;0;0;0;0;-3,773546700000000;-38,467708400000000
315994;6;9;2017;22:03;0;AV PERIMETRAL;;;0;;Colis?úo;;;;Meio de Quadra;;;0;2;0;0;0;0;0;0;0;0;0;0;;
315153;6;9;2017;07:20;0;AV SEN CARLOS JEREISSATI (AEROPORTO);;;0;KM 02;Colis?úo;Luz do Dia;Bom;Seca;Meio de Quadra;;;0;0;2;1;0;0;0;0;0;0;0;0;-3,782194000000000;-38,535424000000000
311011;6;9;2017;07:28;18302;RUA SEN ALMINO;RUA DRAGAO DO MAR;;0;;Colis?úo Lateral;Luz do Dia;Nublado;Molhada;Cruz;N?úo H?í Controle;Comercial;0;0;1;1;0;0;0;0;0;1;0;0;-3,721796000000000;-38,517868000000000
311076;6;9;2017;21:36;7938;RUA VIS MAUA;RUA ASSIS CHATEAUBRIAND;;0;;Colis?úo Lateral;Via Iluminada;Bom;Seca;Meio de Quadra;N?úo H?í Controle;Residencial;0;0;0;0;0;0;0;0;0;0;0;0;-3,733711500000000;-38,542310000000000
311013;6;9;2017;10:28;0;RUA FORTALEZA UI 505;;;0;;Colis?úo Lateral;Luz do Dia;Bom;Seca;Meio de Quadra;Pare;Comercial;0;0;2;1;0;0;0;0;0;0;0;0;-3,722509100000000;-38,524086000000000
311014;6;9;2017;10:50;2614;AV CEL CARVALHO;RUA DES HERMES PARAHYBA;;0;;Colis?úo Transversal;Luz do Dia;Bom;Seca;Cruz;Sem?íforo;Comercial;0;0;2;1;0;0;0;0;0;0;0;0;-3,713793300000000;-38,588722000000000
311015;6;9;2017;08:40;0;AV N CJ JOSE WALTER;AV G CJ JOSE WALTER;;0;;Colis?úo Lateral;Luz do Dia;Nublado;Seca;T;Sem?íforo;Comercial;0;1;1;1;0;0;0;0;0;1;0;0;-3,837189000000000;-38,561573000000000
311016;6;9;2017;11:03;1457;RUA CARLOS VASCONCELOS;RUA BARBARA DE ALENCAR;;0;;Colis?úo Frontal;Luz do Dia;Bom;Seca;Cruz;Gesto;Comercial;0;0;1;1;0;0;0;0;0;0;0;0;-3,738523000000000;-38,512554000000000
311017;6;9;2017;10:35;5063;RUA BAR RIO BRANCO;AV PRS CASTELO BRANCO;;0;;Colis?úo Transversal;Luz do Dia;Bom;Seca;T;Pare;Comercial;0;0;2;0;0;0;0;0;0;1;0;0;-3,721765500000000;-38,526400000000000
311018;6;9;2017;13:16;26176;AV ODILON GUIMARAES;RUA AFONSO HENRIQUE;;0;;Colis?úo Transversal;Luz do Dia;Bom;Seca;T;Pare;Comercial;0;0;2;1;0;0;0;0;0;1;0;0;-3,826711200000000;-38,480360000000000
311019;6;9;2017;14:08;19686;AV BEZERRA DE MENEZES;RUA ERICO MOTA;;0;;Colis?úo Traseira;Luz do Dia;Bom;Seca;T;Sem?íforo;Comercial;0;0;2;0;0;0;0;0;0;0;0;0;-3,735471500000000;-38,563220000000000
311020;6;9;2017;13:35;9210;RUA MARIO MAMEDE;RUA MONTEIRO LOBATO;;0;;Colis?úo Lateral;Luz do Dia;Bom;Seca;T;D?¬ Prefer?¬ncia;Comercial;0;0;2;1;0;0;0;0;0;1;0;0;-3,751917400000000;-38,528324000000000
311021;6;9;2017;16:24;0;RUA CARLOS VASCONCELOS;;;450;;Colis?úo Lateral;Luz do Dia;Bom;Seca;Meio de Quadra;N?úo H?í Controle;Residencial;0;0;0;1;0;0;0;0;0;0;0;0;-3,725915000000000;-38,508316000000000
311022;6;9;2017;16:28;4113;RUA LUCAS PINTO;RUA GOMES PASSOS;;0;;Colis?úo Transversal;Luz do Dia;Bom;Seca;Cruz;Pare;Comercial;0;0;2;1;0;0;0;0;0;0;0;0;-3,712354400000000;-38,558254000000000
311023;6;9;2017;14:51;1516;AV PDE ANTONIO TOMAS;AV DES MOREIRA;;0;;Colis?úo Traseira;Luz do Dia;Bom;Seca;Cruz;Sem?íforo;Comercial;0;0;2;1;0;0;0;0;0;0;0;0;-3,739446400000000;-38,499252000000000
311024;6;9;2017;19:11;0;AV ABOLICAO;;;2000;;Colis?úo Traseira;Anoitecer;Bom;Seca;Outros;N?úo H?í Controle;Residencial;0;0;2;1;0;0;0;0;0;1;0;0;-3,725654000000000;-38,501514000000000
311025;6;9;2017;16:20;0;AV BAR STUDART;;;999;;Colis?úo Traseira;Luz do Dia;Bom;Seca;Meio de Quadra;Sem?íforo;Comercial;0;0;2;1;0;0;0;0;0;0;0;0;-3,732555400000000;-38,505962000000000
311026;6;9;2017;18:00;5458;RUA BARBARA DE ALENCAR;RUA RODRIGUES JUNIOR;;0;;Colis?úo Transversal;Via Iluminada;Bom;Seca;Cruz;Pare;Residencial;0;1;1;1;0;0;0;0;0;1;0;0;-3,735248000000000;-38,522594000000000
311027;6;9;2017;20:54;0;AV CEL CARVALHO;;;3313;;Colis?úo Traseira;Via Iluminada;Bom;Seca;Meio de Quadra;N?úo H?í Controle;Industrial;0;0;2;1;0;0;0;1;0;0;0;0;-3,732452200000000;-38,584545000000000
311028;6;9;2017;21:45;0;RUA JUSTINIANO DE SERPA;;;288;;Colis?úo Traseira;Via Iluminada;Bom;Seca;Meio de Quadra;N?úo H?í Controle;Residencial;0;0;2;1;1;0;0;0;0;0;0;0;-3,733749000000000;-38,542305000000000
311029;6;9;2017;21:50;15104;AV HIS RAIMUNDO GIRAO;RUA ILDEFONSO ALBANO;;0;;Colis?úo Lateral;Anoitecer;Bom;Seca;Cruz;Sem?íforo;Residencial;0;1;1;1;0;0;0;0;0;1;0;0;-3,721731700000000;-38,509556000000000
311030;6;9;2017;21:00;24156;RUA HERMINIA BONAVIDES;RUA OLIVEIRA FILHO;;0;;Colis?úo Lateral;Via Iluminada;Bom;Seca;Cruz;Pare;Residencial;0;0;2;1;0;0;0;0;0;0;0;0;-3,730565800000000;-38,462227000000000
311006;6;9;2017;09:07;0;AV GAL MURILO BORGES;AV GOV RAUL BARBOSA;AV ROGACIANO LEITE;0;;Engavetamento;Luz do Dia;Nublado;Molhada;Meio de Quadra;N?úo H?í Controle;Lazer;0;0;3;1;0;0;0;0;0;0;0;0;-3,765877200000000;-38,501335000000000
311007;6;9;2017;08:30;0;AV JOR THOMAZ COELHO;RUA AUGUSTO CALHEIROS;;0;;Colis?úo Traseira;Luz do Dia;Chuva;Molhada;Meio de Quadra;Gesto;Comercial;0;1;1;1;0;0;0;0;0;1;0;0;-3,828312200000000;-38,513744000000000
311008;6;9;2017;06:45;3420;AV JOAO PESSOA;RUA DES PRAXEDES;;0;;Colis?úo Traseira;Luz do Dia;Nublado;Seca;Cruz;Sem?íforo;Comercial;0;1;1;0;1;0;0;0;0;1;0;0;-3,757006400000000;-38,553510000000000
311009;6;9;2017;07:10;0;RUA JORGE DUMAR;;;1736;;Colis?úo Traseira;Luz do Dia;Bom;Molhada;Meio de Quadra;N?úo H?í Controle;Residencial;0;0;2;1;1;0;0;0;0;0;0;0;-3,751264300000000;-38,539074000000000
311525;6;9;2017;08:15;22886;RUA BERNARDO MANUEL;RUA INACIO PARENTE;;0;;Colis?úo Transversal;Luz do Dia;Nublado;Molhada;Cruz;Pare;Comercial;0;1;1;1;0;0;0;0;0;1;0;0;-3,781226000000000;-38,546158000000000
311031;7;9;2017;08:04;0;RUA VALDEMIRO CAVALCANTE;;;646;;Choque c/ Obst?ículo Fixo;Luz do Dia;Bom;Seca;Cruz;Pare;Residencial;0;0;1;1;0;0;0;0;0;0;0;0;-3,749197200000000;-38,557556000000000
311032;7;9;2017;10:57;0;AV CARNEIRO DE MENDONCA;;;2282;;Colis?úo Traseira;Luz do Dia;Bom;Seca;Outros;N?úo H?í Controle;Residencial;0;0;1;1;0;0;0;0;0;1;0;0;-3,758197300000000;-38,578370000000000
311033;7;9;2017;13:30;17362;AV JOSE DO PATROCINIO;RUA VENEZUELA;;0;;Colis?úo Lateral;Luz do Dia;Bom;Seca;Cruz;N?úo H?í Controle;Residencial;0;1;1;1;0;0;0;0;0;1;0;0;-3,766191700000000;-38,546886000000000
311035;7;9;2017;18:47;0;RUA SAO PAULO;;;2171;;Colis?úo Frontal;Mal Iluminada;Bom;Seca;Meio de Quadra;N?úo H?í Controle;Residencial;0;0;1;1;0;0;0;0;0;0;0;0;-3,720395800000000;-38,544660000000000
311036;7;9;2017;19:39;1649;RUA CEL JUCA;RUA GAL TERTULIANO POTYGUARA;;0;;Colis?úo Lateral;Via Iluminada;Bom;Seca;Cruz;Pare;Residencial;0;0;2;1;0;0;0;0;0;0;0;0;-3,745456700000000;-38,493780000000000
311037;7;9;2017;20:58;3185;RUA VERBENA;RUA TAQUARI;;0;;Colis?úo Transversal;Via Iluminada;Bom;Seca;Cruz;Pare;Residencial;0;1;1;1;0;0;0;0;0;1;0;0;-3,779974700000000;-38,588370000000000
311071;7;9;2017;16:00;0;AV DIOGUINHO;RUA JOAO ALENCAR;;0;;Colis?úo Traseira;Luz do Dia;Bom;Seca;Cruz;N?úo H?í Controle;Residencial;0;1;1;1;0;0;0;0;0;1;0;0;-3,748146000000000;-38,449726000000000
315154;7;9;2017;11:30;0;RD CE-025;;;0;KM-08;Colis?úo;Luz do Dia;Bom;Seca;Meio de Quadra;;;0;0;1;1;0;0;0;0;0;0;0;0;-3,824679648000000;-38,418614840000000
315155;7;9;2017;12:10;0;AV SEN CARLOS JEREISSATI (AEROPORTO);;;0;KM 03;Colis?úo;Luz do Dia;Bom;Seca;Meio de Quadra;;;0;0;2;1;0;0;0;0;0;0;0;0;-3,779641000000000;-38,544038000000000
316000;7;9;2017;06:14;0;AV SANTOS DUMONT;;;5171;;Queda;Luz do Dia;;;Meio de Quadra;;;0;1;0;0;0;0;0;0;0;1;0;0;-3,740447000000000;-38,485321000000000
315997;7;9;2017;03:11;25226;AV GAL OSORIO DE PAIVA;RUA JARDIM FLUMINENSE;;0;;Queda;;;;T;Pare;Comercial;0;1;0;0;0;0;0;0;0;1;0;0;-3,808170000000000;-38,605395000000000
315998;7;9;2017;05:01;0;AV GODOFREDO MACIEL;;;0;;Queda;Amanhecer;;;Meio de Quadra;;;0;1;0;0;0;0;0;0;0;1;0;0;;
316002;7;9;2017;07:26;0;RUA DNA LUCIA PINHEIRO (QUINTINO CUNHA);;;0;;Queda;Luz do Dia;;;Meio de Quadra;;;0;1;0;0;0;0;0;0;0;1;0;0;;
316003;7;9;2017;10:20;0;AV CARNEIRO DE MENDONCA;;;2282;;Colis?úo;Luz do Dia;;;Meio de Quadra;;;0;1;0;1;0;0;0;0;0;1;0;0;-3,758229000000000;-38,578336000000000
316004;7;9;2017;12:12;0;RUA MOURA MATOS;;;1181;;Colis?úo;Luz do Dia;;;Meio de Quadra;;;0;1;0;1;0;0;0;0;0;1;0;0;-3,816561000000000;-38,538846000000000
316005;7;9;2017;14:54;0;RUA MARIA JULIA;;;679;;Colis?úo;Luz do Dia;;;Meio de Quadra;;;0;1;0;1;0;0;0;0;0;0;0;0;-3,791671000000000;-38,599655000000000
316006;7;9;2017;16:14;0;AV PRS CASTELO BRANCO;;;5196;;Atropelamento;Luz do Dia;;;Meio de Quadra;;;0;1;0;1;0;0;0;0;0;0;0;0;-3,704697000000000;-38,577792000000000
316007;7;9;2017;16:38;0;AV JOSE BASTOS;;;6510;;Colis?úo;Luz do Dia;;;Meio de Quadra;;;0;2;0;0;0;0;0;0;0;1;0;0;-3,767391000000000;-38,569576000000000
316008;7;9;2017;17:53;0;AV ABOLICAO;;;4770;;Colis?úo;Anoitecer;;;Meio de Quadra;;;0;1;0;1;0;0;0;0;0;1;0;0;-3,721756000000000;-38,478955000000000
316009;7;9;2017;17:59;0;AV CAP WALDEMAR PAULA LIMA;;;700;;Colis?úo;Anoitecer;;;Meio de Quadra;;;0;1;0;1;0;0;0;0;0;1;0;0;;
316018;7;9;2017;23:18;0;RUA 860 CJ CEARA;;;0;;Colis?úo;;;;Meio de Quadra;;;0;2;0;1;0;0;0;0;0;1;0;0;;
316012;7;9;2017;21:20;0;RUA PDE PERDIGAO SAMPAIO;;;0;;Colis?úo;;;;Meio de Quadra;;;0;1;0;0;0;0;0;0;0;0;0;0;;
316014;7;9;2017;21:31;0;AV ROGACIANO LEITE;;;0;;Colis?úo;;;;Meio de Quadra;;;0;1;0;0;0;1;0;0;0;1;0;0;;
316016;7;9;2017;23:06;0;AV GAL OSORIO DE PAIVA;;;0;;Queda;;;;Meio de Quadra;;;0;1;0;0;0;0;0;0;0;1;0;0;;
315690;7;9;2017;16:30;0;RD BR 222;;;0;KM-02;Colis?úo Transversal;Luz do Dia;Bom;Seca;Meio de Quadra;;;0;0;2;1;0;0;0;0;0;0;0;0;-3,739009045000000;-38,587039670000000
303942;7;9;2017;05:30;0;AV LINEU MACHADO;;;288;;Queda;Amanhecer;;;Meio de Quadra;;;1;0;0;0;0;0;0;0;0;1;0;0;-3,762240000000000;-38,574974000000000
303947;7;9;2017;05:28;5729;AV OLIVEIRA PAIVA;RUA TEOFREDO GOIANA;;0;;Colis?úo Lateral;Amanhecer;;;T;Pare;Comercial;1;0;1;0;0;0;0;0;0;1;0;0;-3,797744000000000;-38,501221000000000
303945;7;9;2017;02:40;2758;RUA MARIA JULIA;RUA OSCAR FRANCA;;0;;Choque c/ Obst?ículo Fixo;Via Iluminada;Bom;Seca;Cruz;Sem?íforo;Residencial;1;0;0;0;0;0;0;0;0;1;0;0;-3,791890000000000;-38,599725000000000
306771;7;9;2017;07:30;0;RUA PORTO VELHO;;;436;;Colis?úo Transversal;Luz do Dia;Bom;Seca;Outros;N?úo H?í Controle;Misto;0;0;2;1;0;0;0;0;0;0;0;0;-3,767126000000000;-38,584848000000000
315156;8;9;2017;11:20;0;AV MIN JOSE AMERICO;;;0;;Colis?úo;Luz do Dia;Bom;Seca;Meio de Quadra;;;0;0;2;1;0;0;0;0;0;0;0;0;;
315158;8;9;2017;16:45;0;AV SEN CARLOS JEREISSATI (AEROPORTO);;;0;KM 01;Colis?úo;Luz do Dia;Bom;Seca;Meio de Quadra;;;0;1;1;0;0;0;0;0;0;1;0;0;-3,783753000000000;-38,526850000000000
311074;8;9;2017;16:59;0;AV ANTONIO SALES;RUA SAO GABRIEL;;0;;Colis?úo Transversal;Luz do Dia;Bom;Seca;T;N?úo H?í Controle;Escola;0;0;2;1;0;0;0;0;0;0;0;0;-3,748618400000000;-38,492344000000000