COD_ACIDENTE;DIA;MES;ANO;HORA;INTERSECAO;LOG1;LOG2;LOG3;NUMERO;REFERENCIA;NATUREZA;ILUMINACAO;TEMPO;SUPERFICIEPISTA;TIPOCRUZAMENTO;CONTROLETRAFEGO;USOSOLO;MORTOS;FERIDOS;ILESOS;AUTOMOVEL;ONIBUS;BICICLETA;CAMINHAO;MICROONIBUS;CICLOMOTOR;MOTOCICLETA;TRACAOANIMAL;TREM;LATITUDE;LONGITUDE
311138;8;9;2017;13:10;19943;RUA FRANCISCO LORDA;RUA JOAO ARARIPE;;0;;Colis?úo Lateral;Luz do Dia;Bom;Seca;Cruz;Sem?íforo;Residencial;0;0;2;1;0;0;0;0;0;0;0;0;-3,761456700000000;-38,533210000000000
311038;8;9;2017;00:36;3387;AV ENG HUMBERTO MONTE;RUA MON FURTADO;;0;;Colis?úo Lateral;Anoitecer;Bom;Seca;Cruz;Pare;Residencial;0;0;2;1;0;0;0;0;0;0;0;0;-3,754402200000000;-38,556126000000000
311039;8;9;2017;06:30;1592;RUA CEL JUCA;RUA CAROLINA SUCUPIRA;;0;;Colis?úo Lateral;Luz do Dia;Bom;Seca;Cruz;Pare;Comercial;0;0;2;1;1;0;0;0;0;0;0;0;-3,743612500000000;-38,493195000000000
311040;8;9;2017;05:25;13432;AV ANTONIO SALES;AV RUI BARBOSA;;0;;Colis?úo Lateral;Amanhecer;Bom;Seca;Cruz;Sem?íforo;Comercial;0;1;1;0;1;0;0;0;0;1;0;0;-3,742631200000000;-38,511395000000000
311041;8;9;2017;08:30;0;AV C CJ CEARA;;;1992;;Colis?úo Traseira;Luz do Dia;Bom;Seca;Meio de Quadra;N?úo H?í Controle;Comercial;0;1;1;0;1;0;0;0;0;1;0;0;-3,776398000000000;-38,615920000000000
311042;8;9;2017;09:20;0;AV BORGES DE MELO;;;0;POLICIA FEDERAL;Colis?úo Lateral;Luz do Dia;Bom;Seca;Meio de Quadra;N?úo H?í Controle;Comercial;0;0;2;1;0;0;0;0;0;0;0;0;-3,760657800000000;-38,526730000000000
311043;8;9;2017;11:01;0;AV PRS CASTELO BRANCO;;;2353;;Colis?úo Lateral;Luz do Dia;Bom;Seca;Meio de Quadra;N?úo H?í Controle;Comercial;0;0;1;1;0;0;0;0;0;1;0;0;-3,713632300000000;-38,549145000000000
311044;8;9;2017;11:10;0;RUA GERMANO FRANCK;;;935;;Colis?úo Transversal;Luz do Dia;Bom;Seca;Meio de Quadra;Sem?íforo;Comercial;0;1;0;0;0;0;0;0;0;1;0;0;-3,778691500000000;-38,563840000000000
311045;8;9;2017;11:16;0;RUA BAR SOBRAL;;;1044;;Colis?úo Traseira;Luz do Dia;Bom;Seca;Meio de Quadra;N?úo H?í Controle;Residencial;0;0;2;1;0;0;0;0;0;0;0;0;-3,765399000000000;-38,541330000000000
311046;8;9;2017;13:18;24235;RUA JULIO AZEVEDO;RUA FAUSTO CABRAL;;0;;Colis?úo Transversal;Luz do Dia;Bom;Seca;Cruz;Pare;Residencial;0;1;1;1;0;0;0;0;0;0;0;0;-3,733593000000000;-38,476486000000000
311047;8;9;2017;13:51;0;RUA PERDIGAO DE OLIVEIRA;;;509;;Colis?úo Frontal;Luz do Dia;Bom;Seca;Meio de Quadra;Sem?íforo;Residencial;0;0;2;1;0;0;0;0;0;0;0;0;-3,775572000000000;-38,574028000000000
311048;8;9;2017;12:00;0;AV IZABEL M ALENCAR;RUA OZELIA PONTES;;0;;Colis?úo Transversal;Luz do Dia;Bom;Seca;Cruz;Pare;Residencial;0;0;2;1;0;0;0;0;0;0;0;0;-3,816528600000000;-38,475407000000000
311049;8;9;2017;13:40;0;AV SANTOS DUMONT;;;2889;;Colis?úo Lateral;Luz do Dia;Bom;Seca;Meio de Quadra;N?úo H?í Controle;Comercial;0;0;2;1;1;0;0;0;0;0;0;0;-3,736312200000000;-38,497807000000000
311050;8;9;2017;13:55;0;RUA BERNARDO MANUEL;;;10371;;Colis?úo Traseira;Luz do Dia;Bom;Seca;Meio de Quadra;N?úo H?í Controle;Comercial;0;0;1;1;0;0;0;0;0;0;0;0;-3,809449200000000;-38,554570000000000
311051;8;9;2017;16:18;9155;AV LUCIANO CARNEIRO;AV EDUARDO GIRAO;;0;;Colis?úo Traseira;Luz do Dia;Bom;Seca;Cruz;Sem?íforo;Comercial;0;0;2;1;0;0;0;0;0;0;0;0;-3,764326000000000;-38,536450000000000
311052;8;9;2017;16:30;7762;AV ANTONIO SALES;RUA NUNES VALENTE;;0;;Colis?úo Transversal;Luz do Dia;Bom;Seca;Cruz;Pare;Comercial;0;0;2;1;0;0;0;0;0;0;0;0;-3,744298200000000;-38,506260000000000
311054;8;9;2017;20:24;0;AV LINEU MACHADO;;;330;;Colis?úo Traseira;Via Iluminada;Bom;Seca;Meio de Quadra;Sem?íforo;Comercial;0;0;2;1;0;0;0;0;0;1;0;0;-3,763412700000000;-38,575516000000000
325641;8;9;2017;02:04;0;AV PRS JUSCELINO KUBITSCHEK (PASSAR?ë);;;3418;;Queda;;;;Meio de Quadra;;;0;1;0;0;0;0;0;0;0;0;0;0;-3,810485000000000;-38,527467000000000
325642;8;9;2017;05:58;0;RUA FRANCISCA MARIA DA CONCEICAO;;;580;;Queda;Amanhecer;;;Meio de Quadra;;;0;1;0;0;0;0;0;0;0;1;0;0;-3,840342000000000;-38,568106000000000
325629;8;9;2017;21:39;17601;RUA PIAUI;RUA RIO GRANDE DO SUL;;0;;Queda;;;;Cruz;Pare;;0;1;0;0;0;0;0;0;0;1;0;0;-3,756880000000000;-38,566439000000000
325632;8;9;2017;22:13;0;AV PRO JOSE ARTHUR CARVALHO;;;516;;Colis?úo;;;;Meio de Quadra;;;0;1;0;0;0;0;0;0;0;0;0;0;;
325637;8;9;2017;23:34;0;RUA CASTRO E SILVA;;;0;;Queda;;;;Meio de Quadra;;;0;1;0;0;0;0;0;0;0;1;0;0;;
325634;8;9;2017;22:52;0;RUA CRAVILANDIA;;;36;;Queda;;;;Meio de Quadra;;;0;1;0;0;0;0;0;0;0;1;0;0;;
325618;8;9;2017;21:35;3596;RUA DAURA;RD BR 116;;0;;Colis?úo;;;;;;;0;1;1;0;0;0;0;0;0;1;0;0;-3,823112000000000;-38,503522000000000
325600;8;9;2017;18:07;0;RUA NATAL;;;939;;Colis?úo;Anoitecer;;;Meio de Quadra;;;0;1;1;1;0;0;0;0;0;1;0;0;-3,763739000000000;-38,593232000000000
325592;8;9;2017;17:28;0;AV GAL OSORIO DE PAIVA;;;7815;;Atropelamento;Anoitecer;;;Meio de Quadra;;;0;1;1;0;0;0;0;0;0;1;0;0;-3,820511000000000;-38,617369000000000
325611;8;9;2017;19:10;0;RUA BERNARDO MANUEL;;;8693;;Colis?úo;;;;Meio de Quadra;;;0;1;1;1;0;1;0;0;0;0;0;0;-3,795674000000000;-38,550496000000000
325598;8;9;2017;18:03;0;AV AUGUSTO DOS ANJOS;;;0;;Atropelamento;Anoitecer;;;Meio de Quadra;;;0;2;0;0;0;0;0;0;0;1;0;0;;
325590;8;9;2017;17:18;14442;AV SGT HERMINIO SAMPAIO;RUA RAQUEL HOLANDA;;0;;Queda;Anoitecer;;;T;N?úo H?í Controle;Lazer;0;1;0;0;0;0;0;0;0;1;0;0;-3,725854000000000;-38,557652000000000
325584;8;9;2017;16:49;0;AV ALBERTO CRAVEIRO;;;0;;Colis?úo;Luz do Dia;;;Meio de Quadra;;;0;1;1;1;0;0;0;0;0;1;0;0;;
325580;8;9;2017;16:26;0;AV WASHINGTON SOARES;;;3636;;Colis?úo;Luz do Dia;;;Meio de Quadra;;;0;1;1;1;0;0;0;0;0;1;0;0;-3,787049000000000;-38,480691000000000
325581;8;9;2017;16:32;0;RD BR 116;;;14000;KM-14;Colis?úo;Luz do Dia;;;Meio de Quadra;;;0;1;1;1;0;1;0;0;0;0;0;0;-3,873523000000000;-38,499242000000000
325582;8;9;2017;16:37;0;RUA CEARA;;;0;;Colis?úo;Luz do Dia;;;Meio de Quadra;;;0;1;1;1;0;0;0;0;0;1;0;0;;
325574;8;9;2017;15:05;0;AV PRS CASTELO BRANCO;;;2876;;Colis?úo;Luz do Dia;;;Meio de Quadra;;;0;1;1;1;0;1;0;0;0;0;0;0;-3,712318000000000;-38,553340000000000
325577;8;9;2017;15:17;0;AV DOS EXPEDICIONARIOS;;;5251;;Colis?úo;Luz do Dia;;;Meio de Quadra;;;0;1;1;1;0;1;0;0;0;0;0;0;-3,766429000000000;-38,541630000000000
325569;8;9;2017;14:26;0;AV DR THEBERGE;;;0;;Colis?úo;Luz do Dia;;;Meio de Quadra;;;0;1;0;0;0;0;0;0;0;0;0;0;;
325566;8;9;2017;13:20;15973;AV GODOFREDO MACIEL;RUA GAL ONOFRE;;0;;Colis?úo;Luz do Dia;;;T;Pare;Comercial;0;1;1;1;0;0;0;0;0;1;0;0;-3,807218000000000;-38,573268000000000
325559;8;9;2017;13:03;0;AV CARNEIRO DE MENDONCA;;;0;;Colis?úo;Luz do Dia;;;Meio de Quadra;;;0;1;1;1;0;0;0;0;0;1;0;0;;
325550;8;9;2017;08:52;0;AV GODOFREDO MACIEL;;;2425;;Atropelamento;Luz do Dia;;;Meio de Quadra;;;0;1;1;0;1;0;0;0;0;0;0;0;-3,796044000000000;-38,569776000000000
325552;8;9;2017;10:17;0;AV JOSE BASTOS;;;3314;;Colis?úo;Luz do Dia;;;Meio de Quadra;;;0;1;1;0;0;0;0;0;0;1;0;0;-3,748957400000000;-38,549673200000000
325554;8;9;2017;10:35;0;RUA GERMANO FRANCK;;;935;;Colis?úo;Luz do Dia;;;Meio de Quadra;;;0;1;1;1;0;0;0;0;0;1;0;0;-3,779024000000000;-38,564127000000000
325555;8;9;2017;12:47;0;RUA MONTE LIBANO;;;75;;Colis?úo;Luz do Dia;;;Meio de Quadra;;;0;1;1;1;0;0;0;0;0;1;0;0;-3,826467900000000;-38,563322700000000
325525;8;9;2017;05:01;0;AV GOV RAUL BARBOSA;;;0;;Colis?úo;Amanhecer;;;Meio de Quadra;;;0;1;0;0;0;0;0;0;0;0;0;0;;
313261;8;9;2017;13:30;5468;RUA ANTONIO POMPEU;RUA BAR ARATANHA;;0;;Colis?úo Lateral;Luz do Dia;Bom;Seca;Cruz;Sem?íforo;Comercial;0;0;2;1;0;0;0;0;0;0;0;0;-3,735826000000000;-38,527351000000000
313268;8;9;2017;11:05;24276;AV ANTONIO JUSTA;RUA MANUEL JESUINO;;0;;Colis?úo Traseira;Luz do Dia;Bom;Seca;T;Pare;Residencial;0;0;2;1;0;0;0;0;0;0;0;0;-3,730744000000000;-38,485048000000000
313263;8;9;2017;15:30;2412;AV FRANCISCO SA;RUA IRAPUA;;0;;Colis?úo Traseira;Luz do Dia;Bom;Seca;Cruz;Pare;Residencial;0;1;1;1;0;0;0;0;0;1;0;0;-3,706356000000000;-38,586099000000000
313271;8;9;2017;04:00;0;AV PRS CASTELO BRANCO;;;989;;Capotamento;Via Iluminada;Bom;Seca;Meio de Quadra;;Residencial;0;1;0;1;0;0;0;0;0;0;0;0;-3,719193000000000;-38,532394000000000
313276;8;9;2017;20:15;5458;RUA RODRIGUES JUNIOR;RUA BARBARA DE ALENCAR;;0;;Colis?úo Transversal;Via Iluminada;Bom;Seca;Cruz;Pare;Residencial;0;0;2;1;0;0;0;0;0;0;0;0;-3,735343000000000;-38,522156000000000
313195;9;9;2017;22:30;15227;AV ABOLICAO;AV DES MOREIRA;;0;;Choque c/ Obst?ículo Fixo;;;;Cruz;Sem?íforo;Comercial;0;0;1;0;0;0;0;0;0;0;0;0;-3,727331000000000;-38,495474000000000
313196;9;9;2017;19:00;0;AV IMPERADOR;;;351;;Colis?úo Lateral;;;;Meio de Quadra;;;0;0;2;1;1;0;0;0;0;0;0;0;-3,725151464000000;-38,533595556000000
313197;9;9;2017;22:30;17513;AV ABOLICAO;RUA PEDRO RUFINO D48;;0;;Colis?úo Traseira;;;;T;Pare;Comercial;0;1;1;1;0;0;0;0;0;1;0;0;-3,726087000000000;-38,487572000000000
305587;9;9;2017;15:20;0;AV CASTELO DE CASTRO;;;481;LOTERIA OLIMPIO;Atropelamento;Luz do Dia;;;Meio de Quadra;;;1;0;0;0;0;0;0;0;0;0;0;0;-3,833509000000000;-38,521574000000000
325644;9;9;2017;06:07;1613;RUA PDE VALDEVINO;RUA BARBOSA DE FREITAS;;0;;Colis?úo;Luz do Dia;;;;Sem?íforo;Rural;0;1;1;1;0;0;0;0;0;1;0;0;;
325645;9;9;2017;07:42;0;AV ABOLICAO;;;4653;;Colis?úo;Luz do Dia;;;Meio de Quadra;;;0;1;0;0;0;0;0;0;0;0;0;0;-3,722670000000000;-38,479859000000000
325655;9;9;2017;08:39;0;ET PICI;;;0;;Colis?úo;Luz do Dia;;;Meio de Quadra;;;0;1;1;1;0;0;0;0;0;1;0;0;;
325656;9;9;2017;09:00;0;AV L CJ CEARA;;;0;;Atropelamento;Luz do Dia;;;Meio de Quadra;;;0;1;1;0;0;0;0;0;0;1;0;0;;
325665;9;9;2017;13:04;0;RUA RIO GRANDE DO NORTE;;;1045;;Atropelamento;Luz do Dia;;;Meio de Quadra;;;0;2;0;0;0;0;0;0;0;1;0;0;-3,759438000000000;-38,566265000000000
325663;9;9;2017;12:00;0;RUA BERNARDO MANUEL;;;12564;;Queda;Luz do Dia;;;Meio de Quadra;;;0;1;0;0;0;0;0;0;0;1;0;0;-3,827794000000000;-38,559832000000000
325661;9;9;2017;09:52;0;RUA RIO VENTURA;;;61;;Queda;Luz do Dia;;;Meio de Quadra;;;0;1;0;0;0;0;0;0;0;1;0;0;;
325667;9;9;2017;13:28;0;AV AGUANAMBI;;;741;;Colis?úo;Luz do Dia;;;Meio de Quadra;;;0;1;1;1;0;0;0;0;0;1;0;0;-3,742930000000000;-38,525804000000000
325672;9;9;2017;13:31;0;RUA MINAS GERAIS;;;1037;;Atropelamento;Luz do Dia;;;Meio de Quadra;;;0;2;0;0;0;0;0;0;0;1;0;0;-3,758831000000000;-38,566622000000000
325674;9;9;2017;13:39;0;RUA PARAIBA;;;1049;;Colis?úo;Luz do Dia;;;Meio de Quadra;;;0;1;1;0;0;0;0;0;0;1;0;0;-3,758875000000000;-38,568685000000000
325716;9;9;2017;15:50;0;AV GAL OSORIO DE PAIVA;;;12;;Colis?úo;Luz do Dia;;;Meio de Quadra;;;0;1;0;0;0;0;0;0;0;0;0;0;-3,771768000000000;-38,562270000000000
325712;9;9;2017;15:48;0;RUA BOM JESUS (GRANJA LISBOA);;;778;;Colis?úo;Luz do Dia;;;Meio de Quadra;;;0;1;1;1;0;0;0;0;0;1;0;0;-3,794614000000000;-38,600681000000000
325689;9;9;2017;13:52;0;RUA MINAS GERAIS;;;1029;;Atropelamento;Luz do Dia;;;Meio de Quadra;;;0;2;0;0;0;0;0;0;0;1;0;0;-3,758876000000000;-38,566653000000000
325690;9;9;2017;14:36;0;AV MR HULL;;;6943;;Colis?úo;Luz do Dia;;;Meio de Quadra;;;0;1;1;0;0;0;0;0;0;1;0;0;-3,742011164000000;-38,607140719000000
325692;9;9;2017;15:38;2837;RUA MARIA JULIA;RUA BOM JESUS (GRANJA LISBOA);;0;;Colis?úo;Luz do Dia;;;Cruz;Pare;Residencial;0;1;0;0;0;0;0;0;0;0;0;0;-3,794640000000000;-38,600603000000000
325693;9;9;2017;15:42;0;RUA ARARIPE MACEDO;;;764;;Colis?úo;Luz do Dia;;;Meio de Quadra;;;0;1;1;1;0;0;0;0;0;1;0;0;-3,770636000000000;-38,580812000000000
325746;9;9;2017;18:51;0;AV PRS CASTELO BRANCO;;;2903;;Colis?úo;;;;Meio de Quadra;;;0;1;1;1;0;0;0;0;0;1;0;0;-3,712188000000000;-38,553921000000000
325743;9;9;2017;18:34;0;RUA CEL VIRGILIO NOGUEIRA (BOM JARDIM);;;1880;;Colis?úo;;;;Meio de Quadra;;;0;1;1;1;0;0;0;0;0;1;0;0;-3,790109200000000;-38,609129600000000
325744;9;9;2017;18:43;0;AV GAL OSORIO DE PAIVA;;;8050;;Colis?úo;;;;Meio de Quadra;;;0;1;1;1;0;1;0;0;0;0;0;0;-3,821427000000000;-38,618267000000000
325757;9;9;2017;18:52;0;AV GAL OSORIO DE PAIVA;;;8030;;Colis?úo;;;;Meio de Quadra;;;0;1;1;1;0;1;0;0;0;0;0;0;-3,821352000000000;-38,618194000000000
325758;9;9;2017;22:16;0;RUA JOAO GENTIL;;;0;;Colis?úo;;;;Meio de Quadra;;;0;1;0;0;0;0;0;0;0;0;0;0;;
325753;9;9;2017;18:52;0;AV GAL OSORIO DE PAIVA;;;0;;Colis?úo;;;;Meio de Quadra;;;0;1;0;0;0;0;0;0;0;0;0;0;;
325754;9;9;2017;18:52;0;AV PRS CASTELO BRANCO;;;2904;;Colis?úo;;;;Meio de Quadra;;;0;1;0;0;0;0;0;0;0;0;0;0;-3,712171000000000;-38,553996000000000
325718;9;9;2017;16:50;21322;RUA AZEVEDO BOLAO;RUA CARVALHO MOTA;;0;;Atropelamento;Luz do Dia;;;;;;0;1;1;1;0;0;0;0;0;0;0;0;-3,733818000000000;-38,545194000000000
325739;9;9;2017;17:51;0;AV PRS CASTELO BRANCO;;;0;;Colis?úo;Anoitecer;;;Meio de Quadra;;;0;1;0;0;0;0;0;0;0;0;0;0;;
325740;9;9;2017;18:08;0;AV PERIMETRAL;;;0;;Colis?úo;Anoitecer;;;Meio de Quadra;;;0;1;1;1;0;0;0;0;0;1;0;0;;
325733;9;9;2017;16:57;0;AV PERIMETRAL;;;101;;Atropelamento;Luz do Dia;;;Meio de Quadra;;;0;1;1;0;0;0;0;0;0;1;0;0;;
325767;9;9;2017;23:30;0;AV N CJ CEARA;;;261;;Colis?úo;;;;Meio de Quadra;;;0;1;0;0;0;0;0;0;0;0;0;0;;
325761;9;9;2017;22:21;0;RUA JOAO TINOCO;;;127;;Colis?úo;;;;Meio de Quadra;;;0;1;0;0;0;0;0;0;0;0;0;0;-3,728316000000000;-38,588772000000000
325763;9;9;2017;22:24;0;AV SGT HERMINIO SAMPAIO;;;0;;Colis?úo;;;;Meio de Quadra;;;0;1;0;0;0;0;0;0;0;0;0;0;;
325764;9;9;2017;22:24;0;RUA JULIO SILVA;;;440;;Queda;;;;Meio de Quadra;;;0;1;0;0;0;1;0;0;0;0;0;0;;
325765;9;9;2017;22:36;0;AV DR THEBERGE;;;0;;Queda;;;;Meio de Quadra;;;0;1;0;0;0;0;0;0;0;1;0;0;;
311055;9;9;2017;02:13;0;AV FRE CIRILO;;;3930;;Colis?úo Traseira;Mal Iluminada;Bom;Seca;Meio de Quadra;N?úo H?í Controle;Comercial;0;2;0;1;0;0;0;0;0;0;0;0;-3,818236000000000;-38,497080000000000
311056;9;9;2017;06:39;0;RUA BENI DE CARVALHO;;;162;;Colis?úo Frontal;Luz do Dia;Bom;Seca;Cruz;Sem?íforo;Comercial;0;0;2;1;0;0;0;0;0;1;0;0;-3,744361200000000;-38,500015000000000
311057;9;9;2017;06:45;15137;AV MON TABOSA;RUA ILDEFONSO ALBANO;;0;;Colis?úo Transversal;Luz do Dia;Bom;Inundada;Cruz;Sem?íforo;Comercial;0;0;2;1;0;0;0;0;0;0;0;0;-3,724251000000000;-38,510345000000000
311058;9;9;2017;08:25;0;AV JOSE BASTOS;;;2550;;Queda;Luz do Dia;Bom;Seca;Outros;N?úo H?í Controle;Comercial;0;1;0;0;0;0;0;0;0;1;0;0;-3,743719800000000;-38,544193000000000
311059;9;9;2017;08:42;0;RUA OSVALDO CRUZ;RUA DOM EXPEDITO LOPES;;0;;Colis?úo Transversal;Luz do Dia;Bom;Seca;;;;0;1;1;1;0;0;0;0;0;0;0;0;-3,744425300000000;-38,503284000000000
311060;9;9;2017;08:09;5415;RUA FLORIANO PEIXOTO;RUA GAL CLARINDO DE QUEIROZ;;0;;Colis?úo Transversal;Luz do Dia;Bom;Seca;Cruz;Pare;Comercial;0;1;1;1;0;0;0;0;0;1;0;0;-3,733035600000000;-38,529060000000000
311061;9;9;2017;09:01;20269;AV PRS JUSCELINO KUBITSCHEK (PASSAR?ë);RUA ELDORADO;;0;;Colis?úo Transversal;Luz do Dia;Bom;Seca;Cruz;Sem?íforo;Comercial;0;1;0;1;0;0;0;0;0;1;0;0;-3,816255000000000;-38,531654000000000
311062;9;9;2017;10:00;0;AV JOAO DE ARAUJO LIMA;;;811;;Colis?úo Traseira;Luz do Dia;Bom;Seca;Meio de Quadra;N?úo H?í Controle;Comercial;0;0;2;1;0;0;0;0;0;0;0;0;-3,829338300000000;-38,559772000000000
311063;9;9;2017;11:31;0;AV GODOFREDO MACIEL;;;848;;Colis?úo Transversal;Luz do Dia;Bom;Seca;T;Sem?íforo;Comercial;0;0;2;1;0;0;0;0;0;0;0;0;-3,782891000000000;-38,565453000000000
311064;9;9;2017;13:05;17609;AV JOSE BASTOS;RUA AMAZONAS;;0;;Colis?úo Transversal;Luz do Dia;Bom;Seca;T;Pare;Comercial;0;1;1;1;0;0;0;0;0;1;0;0;-3,757164500000000;-38,559060000000000
311065;9;9;2017;12:05;0;RUA AFRODISIO GONDIM;;;218;;Colis?úo Lateral;Luz do Dia;Bom;Seca;Meio de Quadra;N?úo H?í Controle;Residencial;0;0;2;1;0;0;0;0;0;0;0;0;-3,757574300000000;-38,545235000000000
311066;9;9;2017;13:54;0;AV JOVITA FEITOSA;;;724;;Colis?úo Traseira;Luz do Dia;Bom;Seca;Meio de Quadra;N?úo H?í Controle;Comercial;0;0;2;1;0;0;0;0;0;0;0;0;-3,738555400000000;-38,550346000000000
311067;9;9;2017;12:35;5364;AV TRISTAO GONCALVES;RUA GAL CLARINDO DE QUEIROZ;;0;;Colis?úo Transversal;Luz do Dia;Bom;Seca;Cruz;Pare;Comercial;0;0;2;1;0;0;0;0;0;0;0;0;-3,731122300000000;-38,534466000000000
311068;9;9;2017;14:30;19152;RUA LAURO NOGUEIRA;RUA BATISTA DE OLIVEIRA;;0;;Colis?úo Transversal;Luz do Dia;Bom;Seca;Cruz;Pare;Comercial;0;0;2;1;0;0;0;0;0;0;0;0;-3,740189300000000;-38,478420000000000
311069;9;9;2017;16:38;0;AV GAL OSORIO DE PAIVA;;;30;;Colis?úo Traseira;Luz do Dia;Bom;Seca;Meio de Quadra;N?úo H?í Controle;Residencial;0;0;1;0;1;0;0;0;0;1;0;0;-3,772261100000000;-38,562637000000000
311070;9;9;2017;19:33;12508;AV LINEU MACHADO;RUA ALUISIO AZEVEDO;;0;;Colis?úo Lateral;Via Iluminada;Bom;Seca;Cruz;Sem?íforo;Comercial;0;0;2;1;0;0;0;0;0;0;0;0;-3,770449900000000;-38,579353000000000
311103;9;9;2017;19:53;0;AV GODOFREDO MACIEL;;;556;;Choque c/ Obst?ículo Fixo;Via Iluminada;Bom;Seca;Meio de Quadra;N?úo H?í Controle;Comercial;0;1;0;1;0;0;0;0;0;0;0;0;-3,781163000000000;-38,565260000000000
315161;9;9;2017;10:40;0;RD CE-040;;;5955;KM-07;Colis?úo;Luz do Dia;Bom;Seca;Meio de Quadra;;;0;2;1;1;0;0;0;0;0;1;0;0;-3,811273343000000;-38,478786809000000
315162;9;9;2017;14:30;0;RD CE-040;;;0;KM-05;Colis?úo;Luz do Dia;Bom;Seca;Meio de Quadra;;;0;0;3;0;0;0;0;0;0;1;0;0;-3,800595823000000;-38,479534630000000
315167;9;9;2017;18:01;0;RD CE-025;;;0;KM-01;Colis?úo;Anoitecer;Bom;Seca;Meio de Quadra;;;0;0;2;1;0;0;0;0;0;0;0;0;-3,807811443000000;-38,470048600000000
315170;9;9;2017;18:50;0;AV SEN CARLOS JEREISSATI (AEROPORTO);;;0;KM 02;Colis?úo;;Bom;Seca;Meio de Quadra;;;0;0;2;1;0;0;0;0;0;0;0;0;-3,782194000000000;-38,535424000000000
306784;9;9;2017;08:48;0;RUA CARLOS VASCONCELOS;;;919;;Queda;Luz do Dia;;;Meio de Quadra;;;0;1;0;0;0;0;0;0;0;1;0;0;-3,729973000000000;-38,509811000000000
306785;9;9;2017;10:00;15815;RUA MANUEL CASTELO BRANCO;RUA CEL GUILHERME ALENCAR;;0;;Colis?úo Lateral;Luz do Dia;;;Cruz;Pare;Comercial;0;1;1;1;0;0;0;0;0;1;0;0;-3,831934000000000;-38,491829000000000
306779;9;9;2017;18:15;0;AV PRS COSTA E SILVA;;;2067;CIALNE;Colis?úo Transversal;Anoitecer;;;Meio de Quadra;;;0;0;2;0;0;0;0;0;0;0;0;0;-3,818898000000000;-38,562983000000000
306781;9;9;2017;14:35;0;AV PRS CASTELO BRANCO;;;2909;;Colis?úo Lateral;Luz do Dia;;;Meio de Quadra;;;0;1;1;0;0;0;0;0;0;1;0;0;-3,712160000000000;-38,554045000000000
306788;9;9;2017;08:30;26176;AV ODILON GUIMARAES;RUA AFONSO HENRIQUE;;0;;Colis?úo Transversal;Luz do Dia;;;T;N?úo H?í Controle;Comercial;0;1;1;0;0;0;1;0;0;1;0;0;-3,826720000000000;-38,480330000000000
303948;10;9;2017;05:39;0;AV CEL CARVALHO;;;1866;;Choque c/ Obst?ículo Fixo;Amanhecer;;;Meio de Quadra;;;1;0;0;0;0;0;0;0;0;1;0;0;-3,718469300000000;-38,587756643000000
315173;10;9;2017;02:00;0;RD CE-040;;;0;KM-06;Colis?úo;;Bom;Seca;Meio de Quadra;;;0;0;1;0;0;0;0;0;0;0;0;0;-3,809596804000000;-38,478733480000000
315174;10;9;2017;18:20;0;AV SEN CARLOS JEREISSATI (AEROPORTO);;;0;KM 01;Atropelamento;Anoitecer;Bom;Seca;Meio de Quadra;;;0;1;1;0;0;0;0;0;0;0;0;0;-3,783753000000000;-38,526850000000000
315182;10;9;2017;23:24;0;RD CE-040;;;0;KM-02;Colis?úo;;Bom;Seca;Meio de Quadra;;;0;0;2;1;0;0;0;0;0;0;0;0;-3,773616148000000;-38,481799400000000
311094;10;9;2017;15:40;289;RUA ROTARY;RUA PRO LINO ENCARNACAO;;0;;Colis?úo Transversal;Luz do Dia;Bom;Seca;Cruz;Pare;Residencial;0;1;1;1;0;0;0;0;0;0;0;0;-3,742943800000000;-38,560097000000000
311077;10;9;2017;18:20;5051;RUA SEN POMPEU;RUA SEN JAGUARIBE;;0;;Colis?úo Transversal;Via Iluminada;Bom;Seca;Cruz;Pare;Comercial;0;0;2;1;0;0;0;0;0;0;0;0;-3,721665400000000;-38,527977000000000
311078;10;9;2017;19:30;0;AV DIOGUINHO;;;1309;;Colis?úo Transversal;Anoitecer;Bom;Seca;Meio de Quadra;N?úo H?í Controle;Residencial;0;0;2;1;0;0;0;0;0;1;0;0;-3,729049200000000;-38,460144000000000
311079;10;9;2017;17:12;0;RUA 15 DE NOVEMBRO;;;300;;Colis?úo Traseira;Luz do Dia;Bom;Seca;Meio de Quadra;N?úo H?í Controle;Comercial;0;0;2;1;0;0;0;0;0;0;0;0;-3,768493000000000;-38,557150000000000
311080;10;9;2017;21:41;5062;RUA DR JOAO MOREIRA;RUA GAL SAMPAIO;;0;;Colis?úo Transversal;Via Iluminada;Bom;Seca;Cruz;Sem?íforo;Comercial;0;0;2;1;1;0;0;0;0;0;0;0;-3,722053500000000;-38,529390000000000
311081;10;9;2017;21:26;12599;RUA COS LAFAYETE;RUA JANDIRA;;0;;Colis?úo Lateral;Via Iluminada;Bom;Seca;Cruz;Pare;Comercial;0;2;0;1;0;0;0;0;0;1;0;0;-3,717526700000000;-38,587082000000000
311075;10;9;2017;15:22;0;AV N CJ JOSE WALTER;AV B CJ JOSE WALTER;;0;;Atropelamento;Luz do Dia;Bom;Seca;Meio de Quadra;N?úo H?í Controle;Residencial;0;1;1;0;0;1;0;0;0;0;0;0;-3,825780000000000;-38,558933000000000
311072;10;9;2017;06:40;3820;AV CARAPINIMA;AV 13 DE MAIO;;0;;Colis?úo Traseira;Luz do Dia;Bom;Seca;Cruz;N?úo H?í Controle;Comercial;0;0;2;1;0;0;0;0;0;1;0;0;-3,740218200000000;-38,540443000000000