COD_ACIDENTE;DIA;MES;ANO;HORA;INTERSECAO;LOG1;LOG2;LOG3;NUMERO;REFERENCIA;NATUREZA;ILUMINACAO;TEMPO;SUPERFICIEPISTA;TIPOCRUZAMENTO;CONTROLETRAFEGO;USOSOLO;MORTOS;FERIDOS;ILESOS;AUTOMOVEL;ONIBUS;BICICLETA;CAMINHAO;MICROONIBUS;CICLOMOTOR;MOTOCICLETA;TRACAOANIMAL;TREM;LATITUDE;LONGITUDE
311073;10;9;2017;10:25;13935;RUA GAL CAIADO DE CASTRO;RUA VER PEDRO PAULO MOREIRA;;0;;Colis?úo Transversal;Luz do Dia;Bom;Seca;Cruz;Pare;Comercial;0;0;2;1;0;0;0;0;0;0;0;0;-3,786951300000000;-38,489002000000000
311102;10;9;2017;19:22;0;AV C CJ CEARA;AV CENTRAL CJ CEARA;;0;;Colis?úo Frontal;Via Iluminada;Bom;Seca;Cruz;Pare;Comercial;0;0;2;1;0;0;0;0;0;0;0;0;-3,766181700000000;-38,611460000000000
311282;10;9;2017;21:11;0;RUA ASSIS CHATEAUBRIAND;;;1677;;Choque c/ Obst?ículo Fixo;Via Iluminada;Bom;Seca;Meio de Quadra;N?úo H?í Controle;Comercial;0;0;0;1;0;0;0;0;0;0;0;0;-3,746542000000000;-38,501965000000000
325782;10;9;2017;02:21;0;RUA ALAGOAS;;;2180;;Colis?úo;;;;Meio de Quadra;;;0;1;0;0;0;0;0;0;0;0;0;0;;
325790;10;9;2017;03:52;0;AV PERIMETRAL;;;0;;Queda;;;;Meio de Quadra;;;0;1;0;0;0;0;0;0;0;1;0;0;;
325786;10;9;2017;02:57;0;AV OLIVEIRA PAIVA;;;0;;Choque c/ Obst?ículo Fixo;;;;Meio de Quadra;;;0;1;0;1;0;0;0;0;0;0;0;0;;
325787;10;9;2017;03:24;0;AV COS GOMES DE FREITAS (SAPIRANGA/COITE);;;3568;;Colis?úo;;;;Meio de Quadra;;;0;1;0;0;0;0;0;0;0;0;0;0;-3,795265000000000;-38,474942000000000
325779;10;9;2017;00:51;0;RUA BAR AQUIRAZ;;;1415;;Colis?úo;;;;Meio de Quadra;;;0;1;0;0;0;0;0;0;0;0;0;0;-3,840318000000000;-38,485501000000000
325795;10;9;2017;05:55;0;AV WASHINGTON SOARES;;;0;;Colis?úo;Amanhecer;;;Meio de Quadra;;;0;1;0;0;0;0;0;0;0;0;0;0;;
325793;10;9;2017;05:41;0;AV CEL CARVALHO;;;1750;;Queda;Amanhecer;;;Meio de Quadra;;;0;1;0;0;0;0;0;0;0;1;0;0;-3,717957000000000;-38,587827000000000
325798;10;9;2017;08:09;0;RUA OSCAR FRANCA;;;3087;;Atropelamento;Luz do Dia;;;Meio de Quadra;;;0;1;1;0;0;0;0;0;0;1;0;0;-3,785898000000000;-38,618452000000000
325804;10;9;2017;08:45;13402;AV ANTONIO SALES;RUA ILDEFONSO ALBANO;;0;;Colis?úo;Luz do Dia;;;Cruz;Sem?íforo;Comercial;0;1;1;1;0;0;0;0;0;1;0;0;-3,741238000000000;-38,515947000000000
325808;10;9;2017;09:40;0;RUA WALDIR DIOGO;;;391;;Colis?úo;Luz do Dia;;;Meio de Quadra;;;0;1;0;0;0;0;0;0;0;0;0;0;-3,806800000000000;-38,581586000000000
325809;10;9;2017;10:49;0;RUA CEL VIRGILIO NOGUEIRA (BOM JARDIM);;;383;;Atropelamento;Luz do Dia;;;Meio de Quadra;;;0;1;1;1;0;0;0;0;0;0;0;0;-3,790109200000000;-38,609129600000000
325817;10;9;2017;12:03;0;RUA PIAUI;;;350;;Atropelamento;Luz do Dia;;;Meio de Quadra;;;0;1;1;0;0;0;0;0;0;1;0;0;;
325826;10;9;2017;14:15;0;RUA URUCUTUBA;;;1734;;Colis?úo;Luz do Dia;;;Meio de Quadra;;;0;1;1;1;0;0;0;0;0;1;0;0;-3,798131000000000;-38,611830000000000
325821;10;9;2017;12:30;0;AV CASTELO DE CASTRO;;;0;;Colis?úo;Luz do Dia;;;Meio de Quadra;;;0;1;1;1;0;0;0;0;0;1;0;0;;
325819;10;9;2017;12:29;0;AV BEIRA MAR;;;0;;Queda;Luz do Dia;;;Meio de Quadra;;;0;1;0;0;0;1;0;0;0;0;0;0;;
325847;10;9;2017;20:49;5062;RUA GAL SAMPAIO;RUA DR JOAO MOREIRA;;0;;Colis?úo;;;;Cruz;N?úo H?í Controle;Comercial;0;1;0;0;0;0;0;0;0;0;0;0;-3,722030000000000;-38,529364000000000
325850;10;9;2017;21:46;1578;RUA OSVALDO CRUZ (ALDEOTA);RUA GAL TERTULIANO POTYGUARA;;0;;Colis?úo;;;;Cruz;Pare;Comercial;0;1;1;1;0;0;0;0;0;1;0;0;-3,742480000000000;-38,502538000000000
325851;10;9;2017;22:38;10410;AV GENIBAU;RUA RICARDO PONTES;;0;;Colis?úo;;;;Cruz;Pare;Misto;0;1;0;0;0;0;0;0;0;0;0;0;-3,760905000000000;-38,599174000000000
325852;10;9;2017;22:42;0;RUA FRE ODILON;;;1202;;Queda;;;;Meio de Quadra;;;0;1;0;0;0;0;0;0;0;1;0;0;-3,730260000000000;-38,572799000000000
325837;10;9;2017;15:21;0;AV BENJAMIM BRASIL;;;0;;Colis?úo;Luz do Dia;;;Meio de Quadra;;;0;1;1;1;0;0;0;0;0;1;0;0;;
325839;10;9;2017;15:50;0;AV N CJ CEARA;;;0;;Atropelamento;Luz do Dia;;;Meio de Quadra;;;0;1;1;0;0;0;0;0;0;1;0;0;;
325841;10;9;2017;19:01;0;AV DIOGUINHO;;;1307;;Colis?úo;;;;Meio de Quadra;;;0;1;1;1;0;0;0;0;0;1;0;0;-3,743056700000000;-38,452589100000000
325845;10;9;2017;20:43;0;AV GODOFREDO MACIEL;;;1041;;Colis?úo;;;;Meio de Quadra;;;0;1;0;0;0;0;0;0;0;0;0;0;-3,785271000000000;-38,566436000000000
325843;10;9;2017;20:33;0;RUA PRO EDGAR DE ARRUDA;;;1089;;Colis?úo;;;;Meio de Quadra;;;0;1;0;0;0;0;0;0;0;0;0;0;-3,758241000000000;-38,584776000000000
305489;10;9;2017;10:17;5100;AV DOM MANUEL;AV MON TABOSA;;0;;Colis?úo Traseira;Luz do Dia;Nublado;Seca;;Sem?íforo;Comercial;0;2;0;1;0;0;0;0;0;0;0;0;-3,723546362000000;-38,519575249000000
313198;10;9;2017;00:01;0;AV AMERICO BARREIRA;;;6240;;Capotamento;;;;Meio de Quadra;;;0;0;1;1;0;0;0;0;0;0;0;0;;
313200;10;9;2017;13:40;5364;AV TRISTAO GONCALVES;RUA GAL CLARINDO DE QUEIROZ;;0;;Colis?úo Lateral;Luz do Dia;;;Cruz;Pare;Comercial;0;2;1;0;1;0;0;0;0;0;0;0;-3,731314000000000;-38,534472000000000
313207;11;9;2017;09:00;24452;AV LUCIANO CARNEIRO;AV LAURO VIEIRA CHAVES;;0;;Colis?úo Transversal;Luz do Dia;Bom;Seca;Com Via F?®rrea;Pare;Comercial;0;0;2;0;0;0;1;0;0;0;0;1;-3,772172000000000;-38,538894000000000
313209;11;9;2017;16:03;20938;RUA PERNAMBUCO;RUA CHAVAL;;0;;Colis?úo Lateral;Luz do Dia;Bom;Seca;Outros;N?úo H?í Controle;Residencial;0;1;1;1;0;0;0;0;0;1;0;0;-3,749452000000000;-38,579962000000000
313210;11;9;2017;15:10;0;RUA PRC ISABEL;;;187;;Colis?úo Lateral;Luz do Dia;Bom;Seca;Meio de Quadra;N?úo H?í Controle;Comercial;0;0;2;1;0;0;0;0;0;0;0;0;-3,722648000000000;-38,534300000000000
313213;11;9;2017;14:40;0;AV DEP PAULINO ROCHA;;;2180;;Colis?úo Traseira;Luz do Dia;Bom;Seca;Meio de Quadra;Sem?íforo;Comercial;0;1;1;1;0;0;0;0;0;1;0;0;-3,810791000000000;-38,516761000000000
313220;11;9;2017;23:50;7577;AV DR SILAS MUNGUBA;RUA XV UI 611;;0;;Tombamento;Via Iluminada;Bom;Seca;T;N?úo H?í Controle;Residencial;0;0;2;1;0;0;0;0;0;1;0;0;-3,795871000000000;-38,532232000000000
313231;11;9;2017;21:15;0;AV MON TABOSA;;;1700;;Colis?úo Lateral;Via Iluminada;Bom;Seca;Meio de Quadra;N?úo H?í Controle;Residencial;0;0;2;1;0;0;0;0;0;0;0;0;-3,724560000000000;-38,504230000000000
313234;11;9;2017;20:40;315;RUA NESTOR BARBOSA;RUA GAL PIRAGIBE;;0;;Colis?úo Lateral;Via Iluminada;Bom;Seca;Cruz;Pare;Residencial;0;0;2;1;0;0;0;0;0;0;0;0;-3,744282000000000;-38,556613000000000
325854;11;9;2017;04:25;0;AV GOV RAUL BARBOSA;;;0;;Queda;;;;Meio de Quadra;;;0;1;0;0;0;0;0;0;0;1;0;0;;
325877;11;9;2017;07:35;0;AV PRS CASTELO BRANCO;;;2340;;Atropelamento;Luz do Dia;;;Meio de Quadra;;;0;1;1;0;0;0;0;0;0;1;0;0;-3,713658000000000;-38,548770000000000
325878;11;9;2017;07:39;0;AV ENG SANTANA JUNIOR;;;0;;Colis?úo;Luz do Dia;;;Meio de Quadra;;;0;1;1;1;0;0;0;0;0;1;0;0;;
325879;11;9;2017;07:41;0;RUA JULIO CESAR D12;;;237;;Colis?úo;Luz do Dia;;;Meio de Quadra;;;0;1;1;1;0;0;0;0;0;1;0;0;-3,746804000000000;-38,539900000000000
325874;11;9;2017;06:49;0;AV BEZERRA DE MENEZES;;;145;;Queda;Luz do Dia;;;Meio de Quadra;;;0;1;0;0;0;0;0;0;0;1;0;0;-3,735968779000000;-38,565987505000000
325875;11;9;2017;07:35;0;AV SANTOS DUMONT;;;7700;;Colis?úo;Luz do Dia;;;Meio de Quadra;;;0;1;1;1;0;0;0;0;0;1;0;0;-3,747121000000000;-38,464566000000000
325896;11;9;2017;09:21;5211;AV IMPERADOR;RUA LIBERATO BARROSO;;0;;Atropelamento;Luz do Dia;;;Cruz;Sem?íforo;Comercial;0;1;1;0;0;0;0;0;0;1;0;0;-3,726511000000000;-38,534257000000000
325897;11;9;2017;09:46;0;RUA PEREIRA DE MIRANDA;;;1050;;Colis?úo;Luz do Dia;;;Meio de Quadra;;;0;1;1;1;0;0;0;0;0;1;0;0;-3,741114000000000;-38,477758000000000
325898;11;9;2017;09:50;0;AV SEN FERNANDES TAVORA;;;0;;Colis?úo;Luz do Dia;;;Meio de Quadra;;;0;1;1;1;0;0;0;0;0;1;0;0;;
325899;11;9;2017;10:05;0;AV WASHINGTON SOARES;;;0;;Queda;Luz do Dia;;;Meio de Quadra;;;0;1;0;0;0;0;0;0;0;1;0;0;;
325900;11;9;2017;10:19;0;AV SEN FERNANDES TAVORA;;;0;;Colis?úo;Luz do Dia;;;Meio de Quadra;;;0;1;1;1;0;0;0;0;0;1;0;0;;
325901;11;9;2017;10:45;0;RUA BOM JESUS (BARRA DO CEARA);;;2861;;Queda;Luz do Dia;;;Meio de Quadra;;;0;1;0;0;0;1;0;0;0;0;0;0;;
325902;11;9;2017;10:51;0;AV GODOFREDO MACIEL;;;2950;;Colis?úo;Luz do Dia;;;Meio de Quadra;;;0;1;1;1;0;0;0;0;0;1;0;0;-3,801524000000000;-38,571498000000000
325905;11;9;2017;10:57;0;AV JOAO PESSOA;;;5640;;Colis?úo;Luz do Dia;;;Meio de Quadra;;;0;1;1;1;0;0;0;0;0;0;0;0;;
325894;11;9;2017;08:26;0;AV LUCIANO CARNEIRO;;;2655;;Capotamento;Luz do Dia;;;Meio de Quadra;;;0;1;0;0;0;0;0;0;0;0;0;0;-3,772092000000000;-38,538870000000000
325982;11;9;2017;18:25;0;AV ALBERTO CRAVEIRO;;;0;;Colis?úo;Anoitecer;;;Meio de Quadra;;;0;1;1;1;0;0;0;0;0;1;0;0;;
325979;11;9;2017;18:15;0;RUA VITAL BRASIL;;;1405;;Queda;Anoitecer;;;Meio de Quadra;;;0;1;0;0;0;1;0;0;0;0;0;0;-3,779260000000000;-38,593582000000000
325980;11;9;2017;18:24;0;AV BEZERRA DE MENEZES;;;0;;Atropelamento;Anoitecer;;;Meio de Quadra;;;0;1;1;0;1;0;0;0;0;0;0;0;;
325977;11;9;2017;18:03;0;AV MOZART PINHEIRO DE LUCENA;;;3141;;Atropelamento;Anoitecer;;;Meio de Quadra;;;0;1;1;0;0;0;0;0;0;1;0;0;-3,732147000000000;-38,599541000000000
325920;11;9;2017;16:29;0;AV COS GOMES DE FREITAS (SAPIRANGA/COITE);;;3555;;Atropelamento;Luz do Dia;;;Meio de Quadra;;;0;1;1;1;0;0;0;0;0;0;0;0;-3,795240700000000;-38,474976200000000
325921;11;9;2017;17:11;0;AV JOSE BASTOS;;;0;;Colis?úo;Anoitecer;;;Meio de Quadra;;;0;1;1;0;0;0;0;0;0;1;0;0;;
325922;11;9;2017;17:46;0;RD BR 116;;;16000;KM-16;Atropelamento;Anoitecer;;;Meio de Quadra;;;0;1;1;0;0;0;0;0;0;1;0;0;-3,761165700000000;-38,519056700000000
325923;11;9;2017;17:51;347;RUA FRANCISCA CLOTILDE;RUA PRO COSTA MENDES;;0;;Colis?úo;Anoitecer;;;Cruz;Pare;Comercial;0;1;1;1;0;0;0;0;0;0;0;0;-3,746335000000000;-38,556137000000000
325924;11;9;2017;18:00;0;RUA PERNAMBUCO;;;2381;;Colis?úo;Anoitecer;;;Meio de Quadra;;;0;1;0;0;0;0;0;0;0;0;0;0;-3,753226000000000;-38,576435000000000
325917;11;9;2017;16:20;0;RUA NAT FEIJO;;;672;;Colis?úo;Luz do Dia;;;Meio de Quadra;;;0;1;1;1;0;0;0;0;0;1;0;0;-3,721809000000000;-38,554921000000000
325918;11;9;2017;16:27;0;AV LINEU MACHADO;;;0;;Choque c/ Obst?ículo Fixo;Luz do Dia;;;Meio de Quadra;;;0;1;0;1;0;0;0;0;0;0;0;0;;
325909;11;9;2017;12:53;12599;RUA COS LAFAYETE;RUA JANDIRA;;0;;Colis?úo;Luz do Dia;;;Cruz;Pare;Comercial;0;1;1;1;0;0;0;0;0;1;0;0;-3,717584000000000;-38,587105000000000
325907;11;9;2017;12:26;17377;RUA ELVIRA PINHO;RUA BAR CANINDE;;0;;Colis?úo;Luz do Dia;;;Cruz;Pare;Comercial;0;1;1;1;0;0;1;0;0;0;0;0;-3,766881000000000;-38,556147000000000
325914;11;9;2017;15:01;0;AV BEIRA MAR;;;4800;;Colis?úo;Luz do Dia;;;Meio de Quadra;;;0;1;1;1;0;0;0;0;0;1;0;0;;
325911;11;9;2017;14:04;0;AV IMPERADOR;;;1676;;Queda;Luz do Dia;;;Meio de Quadra;;;0;1;0;0;0;0;0;0;0;1;0;0;-3,735753000000000;-38,536989000000000
325912;11;9;2017;14:06;0;RUA OITICICAS;;;801;;Colis?úo;Luz do Dia;;;Meio de Quadra;;;0;1;1;0;0;0;0;0;0;1;0;0;-3,811294000000000;-38,537800000000000
326045;11;9;2017;09:39;0;AV PONTES VIEIRA;;;0;;Colis?úo;Luz do Dia;;;Meio de Quadra;;;0;1;1;1;0;0;0;0;0;1;0;0;;
326047;11;9;2017;09:48;0;AV N CJ CEARA;;;1900;;Colis?úo;Luz do Dia;;;Meio de Quadra;;;0;1;1;1;0;0;0;0;0;1;0;0;;
326042;11;9;2017;09:38;0;AV N CJ CEARA;;;1835;;Colis?úo;Luz do Dia;;;Meio de Quadra;;;0;1;1;1;0;0;0;0;0;1;0;0;;
326030;11;9;2017;09:01;23343;AV PONTES VIEIRA;RUA TIBURCIO CAVALCANTE;;0;;Colis?úo;Luz do Dia;;;Cruz;Sem?íforo;Comercial;0;1;1;1;0;0;0;0;0;1;0;0;-3,752053000000000;-38,507749000000000
326025;11;9;2017;08:50;0;AV PRS COSTA E SILVA;;;0;;Colis?úo;Luz do Dia;;;Meio de Quadra;;;0;1;1;1;0;0;0;0;0;1;0;0;;
326011;11;9;2017;23:40;0;AV DR SILAS MUNGUBA;;;4392;;Colis?úo;;;;Meio de Quadra;;;0;1;1;1;0;0;0;0;0;1;0;0;-3,792890000000000;-38,535227000000000
326012;11;9;2017;23:41;0;RUA MANUEL CASTELO BRANCO;;;0;;Colis?úo;;;;Meio de Quadra;;;0;1;0;0;0;0;0;0;0;0;0;0;;
326013;11;9;2017;23:47;0;AV SEN FERNANDES TAVORA;;;0;;Queda;;;;Meio de Quadra;;;0;1;0;0;0;0;0;0;0;1;0;0;;
326014;11;9;2017;06:54;0;RUA DNA LEOPOLDINA;;;840;;Colis?úo;Luz do Dia;;;Meio de Quadra;;;0;1;1;1;0;0;0;0;0;1;0;0;-3,732450722000000;-38,520235700000000
326007;11;9;2017;22:09;0;AV N CJ CEARA;;;1778;;Colis?úo;;;;Meio de Quadra;;;0;1;0;0;0;0;0;0;0;1;0;0;;
326009;11;9;2017;22:42;256;AV JOVITA FEITOSA;RUA PEDRO DE QUEIROZ;;0;;Colis?úo;;;;Cruz;Pare;Comercial;0;1;0;0;0;0;0;0;0;0;0;0;-3,740484000000000;-38,559662000000000
326023;11;9;2017;08:31;0;RUA DUAS NACOES;;;883;;Queda;Luz do Dia;;;Meio de Quadra;;;0;1;0;0;0;0;0;0;0;1;0;0;-3,779749000000000;-38,602823000000000
326021;11;9;2017;08:30;0;AV GAL OSORIO DE PAIVA;;;4875;;Queda;Luz do Dia;;;Meio de Quadra;;;0;1;0;0;0;0;0;0;0;1;0;0;-3,801361505000000;-38,598733457000000
326018;11;9;2017;08:05;10716;RUA PRO HERIBALDO COSTA;RUA PRO EDGAR DE ARRUDA;;0;;Colis?úo;Luz do Dia;;;N?úo Informado;N?úo H?í Controle;Residencial;0;1;1;1;0;0;0;0;0;1;0;0;-3,759016000000000;-38,583335000000000
326000;11;9;2017;18:49;0;RUA ENG LUIS MONTENEGRO;;;622;;Atropelamento de Animal;;;;Meio de Quadra;;;0;1;0;0;0;0;0;0;0;1;0;0;-3,813898497000000;-38,619028178000000
326005;11;9;2017;21:35;15141;AV MON TABOSA;RUA CARLOS VASCONCELOS;;0;;Colis?úo;;;;Cruz;Sem?íforo;Comercial;0;1;1;1;0;0;0;0;0;1;0;0;-3,724289000000000;-38,507985000000000
325990;11;9;2017;18:48;0;AV MAJ ASSIS;;;1679;;Colis?úo;;;;Meio de Quadra;;;0;1;0;0;0;0;0;0;0;0;0;0;-3,722077000000000;-38,594487000000000
311269;11;9;2017;15:05;766;RUA MAJ GERARDO MENDES;RUA TEN WILSON  D46;;0;;Colis?úo Transversal;Luz do Dia;Bom;Seca;Cruz;Pare;Residencial;0;0;2;1;0;0;0;1;0;0;0;0;-3,769291900000000;-38,512646000000000
311122;11;9;2017;11:28;0;AV C CJ JOSE WALTER;;;771;;Colis?úo Lateral;Luz do Dia;Bom;Seca;Meio de Quadra;N?úo H?í Controle;Residencial;0;0;2;1;0;0;0;0;0;0;0;0;-3,828004800000000;-38,558280000000000
311126;11;9;2017;20:30;0;AV GAL MURILO BORGES;;;0;;Engavetamento;Via Iluminada;Bom;Seca;Meio de Quadra;N?úo H?í Controle;Lazer;0;0;3;1;0;0;0;0;0;0;0;0;-3,766525700000000;-38,499740000000000
311127;11;9;2017;21:51;11705;RUA DIOGO CORREIA;RUA ALVARO DE ANDRADE;;0;;Colis?úo Transversal;Via Iluminada;Bom;Seca;Cruz;Pare;Comercial;0;0;2;1;0;0;0;0;0;0;0;0;-3,772440200000000;-38,589360000000000
311082;11;9;2017;07:00;5728;AV DES GONZAGA;RUA ANTONIO DE CASTRO;;0;;Colis?úo Lateral;Luz do Dia;Bom;Seca;Outros;N?úo H?í Controle;Comercial;0;1;1;1;0;0;0;0;0;1;0;0;-3,795126000000000;-38,500900000000000
311083;11;9;2017;06:50;0;RUA CARLOS AMORA;RUA GERMANO FRANCK;;0;;Colis?úo Transversal;Luz do Dia;Bom;Seca;Outros;Sem?íforo;Comercial;0;0;2;1;1;0;0;0;0;0;0;0;-3,776976800000000;-38,562164000000000
311084;11;9;2017;07:27;15197;RUA ANTONIO AUGUSTO;RUA DEP MOREIRA DA ROCHA;;0;;Colis?úo Transversal;Luz do Dia;Bom;Seca;Cruz;Pare;Residencial;0;0;2;1;0;0;0;0;0;0;0;0;-3,726557700000000;-38,512238000000000
311085;11;9;2017;08:06;15225;RUA ILDEFONSO ALBANO;RUA TEN BENEVOLO;;0;;Choque c/ Obst?ículo Fixo;Luz do Dia;Bom;Seca;Cruz;Sem?íforo;Residencial;0;0;1;1;0;0;0;0;0;0;0;0;-3,727297300000000;-38,511433000000000
311086;11;9;2017;08:26;0;AV DEP PAULINO ROCHA;;;1821;;Colis?úo Traseira;Luz do Dia;Bom;Seca;Meio de Quadra;N?úo H?í Controle;Comercial;0;0;2;1;1;0;0;0;0;0;0;0;-3,811661700000000;-38,513588000000000
311087;11;9;2017;08:51;9150;RUA DOM SEBASTIAO LEME;RUA CEL PERGENTINO FERREIRA;;0;;Colis?úo Transversal;Luz do Dia;Bom;Seca;Cruz;Pare;Residencial;0;0;2;1;0;0;0;0;0;0;0;0;-3,748820500000000;-38,525757000000000
311088;11;9;2017;09:16;0;AV SANTOS DUMONT;;;7785;;Colis?úo Lateral;Luz do Dia;Bom;Seca;Cruz;Pare;Comercial;0;0;1;1;0;0;0;0;0;1;0;0;-3,749505800000000;-38,456627000000000
311089;11;9;2017;09:30;0;AV AGUANAMBI;;;421;;Colis?úo Lateral;Luz do Dia;Bom;Seca;Meio de Quadra;Sem?íforo;Comercial;0;0;2;1;0;0;0;0;0;0;0;0;-3,737168000000000;-38,524193000000000
311090;11;9;2017;09:25;0;AV AUGUSTO DOS ANJOS;;;1815;;Colis?úo Lateral;Luz do Dia;Bom;Seca;Cruz;Sem?íforo;Comercial;0;0;2;1;1;0;0;0;0;0;0;0;-3,781823400000000;-38,580715000000000
311091;11;9;2017;11:08;0;RUA COSTA BARROS;RUA SAO JOSE D03;;0;;Colis?úo Lateral;Luz do Dia;Bom;Seca;Cruz;N?úo H?í Controle;Comercial;0;0;2;1;0;0;0;0;0;0;0;0;-3,726492200000000;-38,523495000000000
311092;11;9;2017;11:17;19957;AV LUCIANO CARNEIRO;RUA STA QUITERIA;;0;;Colis?úo Lateral;Luz do Dia;Bom;Seca;T;Sem?íforo;Comercial;0;0;2;1;0;0;0;0;0;0;0;0;-3,760583900000000;-38,535458000000000
311093;11;9;2017;11:18;0;RUA PORTO VELHO;;;148;;Colis?úo Lateral;Luz do Dia;Bom;Seca;Meio de Quadra;N?úo H?í Controle;Residencial;0;0;1;1;0;0;0;0;0;0;0;0;-3,768516500000000;-38,582170000000000
311095;11;9;2017;13:28;0;AV FRANCISCO SA;;;5271;;Colis?úo Transversal;Luz do Dia;Bom;Seca;Meio de Quadra;Sem?íforo;Residencial;0;1;1;1;0;0;0;0;0;1;0;0;-3,712544700000000;-38,571450000000000
311096;11;9;2017;11:40;17377;RUA BAR CANINDE;RUA ELVIRA PINHO;;0;;Colis?úo Transversal;Luz do Dia;Bom;Seca;Cruz;Pare;Comercial;0;0;2;0;0;0;0;1;0;0;0;0;-3,766803300000000;-38,556103000000000
311097;11;9;2017;13:30;0;RUA CANUTO DE AGUIAR;;;1080;;Choque c/ Obst?ículo Fixo;Luz do Dia;Bom;Seca;Outros;N?úo H?í Controle;Residencial;0;0;2;1;0;0;0;0;0;1;0;0;-3,731511000000000;-38,492760000000000
311098;11;9;2017;13:48;0;AV ALBERTO CRAVEIRO;;;0;;Colis?úo Traseira;Luz do Dia;Bom;Seca;Meio de Quadra;N?úo H?í Controle;Comercial;0;1;1;1;0;0;0;0;0;1;0;0;-3,781145600000000;-38,515660000000000
311099;11;9;2017;12:50;0;RUA PEDRO MUNIZ;;;0;;Colis?úo Transversal;Luz do Dia;Bom;Seca;Meio de Quadra;N?úo H?í Controle;Comercial;0;0;2;1;0;0;0;0;0;1;0;0;-3,766250000000000;-38,563663000000000
311100;11;9;2017;14:10;1439;RUA FONSECA LOBO;RUA MARIA TOMASIA;;0;;Colis?úo Lateral;Luz do Dia;Bom;Seca;Cruz;Pare;Comercial;0;0;2;1;0;0;0;0;0;0;0;0;-3,737989000000000;-38,489350000000000
311101;11;9;2017;14:58;1517;RUA CAROLINA SUCUPIRA;RUA JOAQUIM NABUCO;;0;;Colis?úo Lateral;Luz do Dia;Bom;Seca;Cruz;Pare;Residencial;0;0;1;1;0;0;0;0;0;0;0;0;-3,740260400000000;-38,502820000000000
311104;11;9;2017;21:03;0;RUA TOMAS ACIOLI;;;1185;;Colis?úo Lateral;Anoitecer;Bom;Seca;Meio de Quadra;N?úo H?í Controle;Residencial;0;0;2;1;0;0;0;0;0;0;0;0;-3,745640800000000;-38,507324000000000
311105;11;9;2017;19:39;19587;AV GODOFREDO MACIEL;RUA PRIMEIRO DE JANEIRO;;0;;Colis?úo Traseira;Via Iluminada;Bom;Seca;T;Pare;Comercial;0;0;2;1;1;0;0;0;0;0;0;0;-3,785123300000000;-38,566498000000000
311106;11;9;2017;20:50;0;AV GAL MURILO BORGES;;;0;;Colis?úo Traseira;Via Iluminada;Bom;Seca;Meio de Quadra;N?úo H?í Controle;Lazer;0;0;3;1;0;0;0;0;0;1;0;0;-3,766580800000000;-38,499900000000000
311107;11;9;2017;02:44;5364;RUA GAL CLARINDO DE QUEIROZ;AV TRISTAO GONCALVES;;0;;Colis?úo Transversal;Via Iluminada;Bom;Seca;Cruz;Sem?íforo;Comercial;0;0;1;1;0;0;0;0;0;0;0;0;-3,731343000000000;-38,534540000000000
311112;11;9;2017;11:48;12837;AV DOMINGOS OLIMPIO;RUA JAIME BENEVOLO;;0;;Colis?úo Traseira;Luz do Dia;Bom;Seca;Cruz;Sem?íforo;Comercial;0;0;2;1;0;0;0;0;0;0;0;0;-3,737798200000000;-38,527355000000000
315184;11;9;2017;08:00;0;AV MIN JOSE AMERICO;;;0;;Colis?úo;Luz do Dia;Bom;Seca;Meio de Quadra;;;0;0;2;1;0;0;0;0;0;1;0;0;;
315185;11;9;2017;10:30;0;AV MIN JOSE AMERICO;;;0;;Colis?úo;Luz do Dia;Bom;Seca;Meio de Quadra;;;0;0;2;1;0;0;0;0;0;1;0;0;;
315186;11;9;2017;13:20;0;RD CE-040;;;0;KM-06;Colis?úo;Luz do Dia;Bom;Seca;Meio de Quadra;;;0;0;2;1;0;0;0;0;0;0;0;0;-3,809596804000000;-38,478733480000000
315188;11;9;2017;18:45;0;AV SEN CARLOS JEREISSATI (AEROPORTO);;;0;KM 03;Atropelamento;;Bom;Seca;Meio de Quadra;;;0;1;1;0;0;0;0;0;0;0;0;0;-3,779641000000000;-38,544038000000000
305927;11;9;2017;04:20;0;AV GOV RAUL BARBOSA;;;113;;Choque c/ Obst?ículo Fixo;;;;Meio de Quadra;;;1;0;0;0;0;0;0;0;0;1;0;0;-3,761078300000000;-38,505046000000000
315691;11;9;2017;17:50;0;RD BR 116;;;15000;KM-15;Atropelamento;Anoitecer;Bom;Seca;Meio de Quadra;;;0;1;1;0;0;0;0;0;0;1;0;0;-3,882329000000000;-38,501113000000000
304877;11;9;2017;09:00;7642;RUA ESTADO DO RIO;RUA RIO GRANDE DO NORTE;;0;;Colis?úo Lateral;Luz do Dia;;;Cruz;Pare;Comercial;0;2;0;0;0;0;0;0;0;1;0;0;-3,757063000000000;-38,569969000000000
306071;12;9;2017;07:50;0;RUA PRC ISABEL;;;1050;;Atropelamento;Luz do Dia;;;Meio de Quadra;;;1;0;1;0;0;0;0;0;0;0;0;0;-3,730039000000000;-38,536508000000000
315692;12;9;2017;23:20;0;RD BR 222;;;0;KM-01;Choque c/ Obst?ículo Fixo;;Bom;Seca;Meio de Quadra;;;0;1;1;0;0;0;0;0;0;0;0;0;-3,737698444000000;-38,578146930000000
315189;12;9;2017;07:55;0;AV SEN CARLOS JEREISSATI (AEROPORTO);;;0;KM 01;Colis?úo;Luz do Dia;Bom;Seca;Meio de Quadra;;;0;0;3;1;0;0;0;0;0;1;0;0;-3,783753000000000;-38,526850000000000