COD_ACIDENTE;DIA;MES;ANO;HORA;INTERSECAO;LOG1;LOG2;LOG3;NUMERO;REFERENCIA;NATUREZA;ILUMINACAO;TEMPO;SUPERFICIEPISTA;TIPOCRUZAMENTO;CONTROLETRAFEGO;USOSOLO;MORTOS;FERIDOS;ILESOS;AUTOMOVEL;ONIBUS;BICICLETA;CAMINHAO;MICROONIBUS;CICLOMOTOR;MOTOCICLETA;TRACAOANIMAL;TREM;LATITUDE;LONGITUDE
315193;12;9;2017;13:50;0;RD CE-025;;;0;KM-02;Colis?úo;Luz do Dia;Bom;Seca;Meio de Quadra;;;0;0;2;0;0;0;0;0;0;1;0;0;-3,807634505000000;-38,461084520000000
315194;12;9;2017;14:15;0;RD CE-040;;;0;KM-01;Colis?úo;Luz do Dia;Bom;Seca;Meio de Quadra;;;0;0;2;1;0;0;0;0;0;0;0;0;-3,764650449000000;-38,482583040000000
315195;12;9;2017;17:30;0;RD CE-040;;;0;KM-08;Colis?úo;Anoitecer;Bom;Seca;Meio de Quadra;;;0;1;1;1;0;0;0;0;0;1;0;0;-3,825515822000000;-38,481538320000000
311113;12;9;2017;09:09;25083;AV JOR THOMAZ COELHO;RUA CEL FRANCISCO ALVES RIBEIRO;;0;;Colis?úo Traseira;Luz do Dia;Bom;Seca;T;Sem?íforo;Comercial;0;0;2;1;0;0;0;0;0;1;0;0;-3,829877000000000;-38,508987000000000
311114;12;9;2017;09:30;5135;AV TRISTAO GONCALVES;RUA SAO PAULO;;0;;Colis?úo Lateral;Luz do Dia;Bom;Seca;Cruz;Sem?íforo;Comercial;0;0;2;1;1;0;0;0;0;0;0;0;-3,724244800000000;-38,532356000000000
311115;12;9;2017;11:06;15348;RUA CANUTO DE AGUIAR;RUA PRO DIAS DA ROCHA;;0;;Colis?úo Traseira;Luz do Dia;Bom;Seca;Cruz;Pare;Residencial;0;0;2;1;0;0;0;0;0;0;0;0;-3,752441200000000;-38,511444000000000
311116;12;9;2017;10:57;11768;AV PRS CASTELO BRANCO;AV FILOMENO GOMES;;0;;Colis?úo Traseira;Luz do Dia;Bom;Seca;Cruz;Sem?íforo;Comercial;0;1;1;0;0;0;0;0;0;1;0;0;-3,715417000000000;-38,541885000000000
311117;12;9;2017;13:15;0;RUA ANTONIO BARROS;RUA JOAQUIM FELICIO;;210;;Colis?úo Transversal;Luz do Dia;Bom;Seca;Cruz;Pare;Residencial;0;0;2;0;0;0;0;0;0;0;0;0;-3,830587600000000;-38,488922000000000
311118;12;9;2017;13:52;19832;AV JOVITA FEITOSA;RUA MARIA FELIX RODRIGUES;;0;;Colis?úo Traseira;Luz do Dia;Bom;Seca;T;Pare;Comercial;0;0;2;1;0;0;0;0;0;0;0;0;-3,741766500000000;-38,565880000000000
311119;12;9;2017;14:19;0;AV GAL OSORIO DE PAIVA;AV ENG LUIS VIEIRA;;0;;Colis?úo Traseira;Luz do Dia;Bom;Seca;Cruz;Sem?íforo;Comercial;0;0;2;1;1;0;0;0;0;0;0;0;-3,790690700000000;-38,588432000000000
311120;12;9;2017;15:08;17513;AV ABOLICAO;RUA PEDRO RUFINO D48;;0;;Colis?úo Lateral;Luz do Dia;Bom;Seca;Cruz;Pare;Comercial;0;0;3;1;0;0;0;0;0;0;0;0;-3,725944000000000;-38,487484000000000
311121;12;9;2017;16:26;0;RUA PAU BRASIL;;;0;;Atropelamento;Luz do Dia;Bom;Seca;Meio de Quadra;N?úo H?í Controle;Residencial;0;1;1;0;1;0;0;0;0;0;0;0;-3,825917000000000;-38,547623000000000
311108;12;9;2017;07:10;0;AV PRS COSTA E SILVA;;;0;;Colis?úo Transversal;Luz do Dia;Bom;Seca;T;N?úo H?í Controle;Comercial;0;0;2;1;0;0;0;0;0;1;0;0;-3,826008000000000;-38,537980000000000
311109;12;9;2017;08:00;22297;AV BEZERRA DE MENEZES;RUA PDE ANCHIETA;;0;;Engavetamento;Luz do Dia;Bom;Seca;Duplo T;Sem?íforo;Comercial;0;0;3;1;0;0;0;0;0;0;0;0;-3,733333000000000;-38,552570000000000
311110;12;9;2017;07:40;0;RUA VALMIR PONTES;;;0;;Colis?úo Traseira;Luz do Dia;Bom;Seca;Meio de Quadra;N?úo H?í Controle;Escola;0;1;1;1;0;0;0;0;0;1;0;0;-3,771351000000000;-38,479980000000000
311111;12;9;2017;08:29;7209;RUA DNA MENDINHA;RUA IRINEU DE SOUZA;;0;;Colis?úo Frontal;Luz do Dia;Bom;Seca;Cruz;Pare;Residencial;0;0;2;1;0;0;0;0;0;1;0;0;-3,709987200000000;-38,570232000000000
311128;12;9;2017;19:52;6756;AV ENG SANTANA JUNIOR;AV ANTONIO SALES;;0;;Colis?úo Lateral;Via Iluminada;Bom;Seca;T;D?¬ Prefer?¬ncia;Comercial;0;0;2;1;0;0;0;0;0;0;0;0;-3,748797700000000;-38,489773000000000
311129;12;9;2017;18:30;24307;RUA 8 DE SETEMBRO;RUA ALFREDO LADISLAU;;0;;Colis?úo Transversal;Via Iluminada;Bom;Seca;Cruz;Pare;Escola;0;0;1;1;0;0;0;0;0;0;0;0;-3,738152000000000;-38,487003000000000
311130;12;9;2017;18:48;0;RUA DES GOMES PARENTE;;;0;;Colis?úo Traseira;Via Iluminada;Bom;Seca;Meio de Quadra;Pare;Residencial;0;0;1;1;0;0;0;0;0;0;0;0;-3,774285600000000;-38,574486000000000
311131;12;9;2017;19:55;0;AV DR THEBERGE;;;2250;;Colis?úo Lateral;Via Iluminada;Bom;Seca;Com Via F?®rrea;Cancela;Comercial;0;0;1;1;0;0;0;0;0;0;0;0;-3,721010700000000;-38,566902000000000
311132;12;9;2017;20:10;0;AV BEZERRA DE MENEZES;;;1120;;Colis?úo Lateral;Via Iluminada;Bom;Seca;Meio de Quadra;Sem?íforo;Comercial;0;1;2;1;1;0;0;0;0;1;0;0;-3,733545000000000;-38,554737000000000
311133;12;9;2017;20:34;0;RUA OSVALDO CRUZ (ALDEOTA);;;2530;;Colis?úo Lateral;Via Iluminada;Bom;Seca;Meio de Quadra;N?úo H?í Controle;Comercial;0;0;1;1;0;0;0;0;0;0;0;0;-3,747800600000000;-38,504246000000000
311134;12;9;2017;21:48;1538;RUA LEONARDO MOTA;AV PDE ANTONIO TOMAS;;0;;Colis?úo Lateral;Via Iluminada;Bom;Seca;Cruz;Sem?íforo;Residencial;0;1;1;0;0;0;0;0;0;1;0;0;-3,740791300000000;-38,497692000000000
311135;12;9;2017;20:00;0;AV ENG JOS?ë GUIMAR?âES;;;0;;Colis?úo Traseira;Via Iluminada;Bom;Seca;Meio de Quadra;N?úo H?í Controle;Residencial;0;1;1;0;0;0;0;1;0;0;0;0;-3,803266800000000;-38,493305000000000
311136;12;9;2017;21:53;21060;RUA PERNAMBUCO;RUA STO AMARO DO PICI;;0;;Colis?úo Lateral;Via Iluminada;Bom;Seca;T;Pare;Residencial;0;0;2;1;0;0;0;0;0;1;0;0;-3,752476500000000;-38,577220000000000
311123;12;9;2017;16:40;22142;RUA GUSTAVO BRAGA;RUA CEL NUNES DE MELO;;0;;Colis?úo Transversal;Luz do Dia;Bom;Seca;Cruz;Pare;Comercial;0;0;2;1;0;0;0;0;0;0;0;0;-3,749778700000000;-38,553852000000000
311124;12;9;2017;16:40;4662;RUA PEDRO LAZAR;RUA HOMERO C BRANCO;;980;;Colis?úo Lateral;Luz do Dia;Bom;Seca;Cruz;Pare;Residencial;0;0;2;1;0;0;0;0;0;1;0;0;-3,804128600000000;-38,488340000000000
311125;12;9;2017;17:05;5235;RUA PEDRO PEREIRA;RUA PRC ISABEL;;0;;Colis?úo Transversal;Luz do Dia;Bom;Seca;Cruz;Pare;Comercial;0;1;1;0;0;0;0;0;0;1;0;0;-3,727375700000000;-38,535760000000000
326050;12;9;2017;10:52;0;AV PRS CASTELO BRANCO;;;0;;Colis?úo;Luz do Dia;;;Meio de Quadra;;;0;1;1;1;0;0;0;0;0;1;0;0;;
326053;12;9;2017;11:06;15988;RUA PAURILO BARROSO;RUA CLEMENTE SILVA D44;;0;;Colis?úo;Luz do Dia;;;Cruz;Pare;Residencial;0;1;1;1;0;0;0;0;0;1;0;0;-3,804558000000000;-38,570780000000000
326060;12;9;2017;13:58;0;AV AUGUSTO DOS ANJOS;;;1786;;Colis?úo;Luz do Dia;;;Meio de Quadra;;;0;1;1;1;0;0;0;0;0;1;0;0;-3,781573000000000;-38,580388000000000
326058;12;9;2017;11:55;0;RUA BARRA VERMELHA;;;736;;Atropelamento;Luz do Dia;;;Meio de Quadra;;;0;1;1;0;0;0;0;0;0;1;0;0;;
326110;12;9;2017;18:36;0;AV JOSE JATAHY;;;0;;Colis?úo;;;;;;;0;0;1;1;0;0;0;0;0;1;0;0;;
326121;12;9;2017;21:50;19669;RUA PRO RAIMUNDO ARRUDA;RUA GUSTAVO SAMPAIO;;0;;Colis?úo;;;;Cruz;Pare;Residencial;0;1;0;0;0;0;0;0;0;0;0;0;-3,734328000000000;-38,551915000000000
326122;12;9;2017;22:48;0;AV ENG LEAL LIMA VERDE (SAPIRANGA/COITE);;;306;;Colis?úo;;;;Meio de Quadra;;;0;1;1;1;0;0;0;0;0;0;0;0;-3,791113000000000;-38,476119000000000
326064;12;9;2017;14:30;17251;RUA EUGENIO GADELHA;RUA BAR CANINDE;;0;;Colis?úo;Luz do Dia;;;Cruz;Pare;Residencial;0;1;1;1;0;0;0;0;0;1;0;0;-3,760980000000000;-38,551248000000000
326062;12;9;2017;14:10;0;RUA PERNAMBUCO;;;1961;;Colis?úo;Luz do Dia;;;Meio de Quadra;;;0;1;0;0;0;0;0;0;0;0;0;0;-3,755028000000000;-38,574710000000000
326068;12;9;2017;14:35;0;AV GOV RAUL BARBOSA;;;0;;Queda;Luz do Dia;;;Meio de Quadra;;;0;1;0;0;0;0;0;0;0;1;0;0;;
326072;12;9;2017;16:52;0;RUA RUBENS MONTE D43;;;252;;Colis?úo;Luz do Dia;;;Meio de Quadra;;;0;1;0;0;0;0;0;0;0;0;0;0;-3,802606000000000;-38,566411000000000
326078;12;9;2017;17:11;0;RUA OSCAR ARARIPE;;;1004;;Queda;Anoitecer;;;Meio de Quadra;;;0;1;0;0;0;1;0;0;0;0;0;0;-3,790853000000000;-38,600376000000000
326075;12;9;2017;16:54;0;RUA RAIMUNDO PINHEIRO BASTOS;;;345;;Colis?úo;Luz do Dia;;;Meio de Quadra;;;0;1;1;1;0;0;0;0;0;1;0;0;;
326076;12;9;2017;17:04;0;RUA PORTO VELHO;;;322;;Colis?úo;Anoitecer;;;Meio de Quadra;;;0;1;1;1;0;0;0;0;0;1;0;0;-3,767890000000000;-38,583449000000000
326083;12;9;2017;17:58;1243;RUA PEREIRA FILGUEIRAS;RUA DR JOSE LOURENCO;;0;;Colis?úo;Anoitecer;;;Cruz;Pare;Residencial;0;1;1;1;0;0;0;0;0;1;0;0;-3,730449000000000;-38,506470000000000
326080;12;9;2017;17:26;0;AV WASHINGTON LUIS;;;0;;Colis?úo;Anoitecer;;;Meio de Quadra;;;0;1;1;1;0;0;0;0;0;1;0;0;;
326115;12;9;2017;18:36;0;AV JOSE JATAHY;;;0;;Colis?úo;;;;Meio de Quadra;;;0;1;1;1;0;0;0;0;0;1;0;0;;
326116;12;9;2017;19:32;0;RUA COM LUIS RIBEIRO;;;299;;Queda;;;;Meio de Quadra;;;0;1;0;0;0;0;0;0;0;1;0;0;-3,723032000000000;-38,546628000000000
326147;12;9;2017;23:30;0;AV MR HULL;;;4000;;Atropelamento;;;;Meio de Quadra;;;0;1;0;0;0;0;0;0;0;0;0;0;-3,737912000000000;-38,579783000000000
313214;12;9;2017;09:35;0;RUA VIS MAUA;;;1326;;Choque c/ Obst?ículo Fixo;Luz do Dia;;;Meio de Quadra;;;0;0;1;0;0;0;1;0;0;0;0;0;-3,737485000000000;-38,499854000000000
313211;12;9;2017;10:17;0;RUA SENA MADUREIRA;;;0;;Colis?úo Traseira;Luz do Dia;;;Meio de Quadra;;;0;0;2;1;0;0;0;0;0;0;0;0;;
313212;12;9;2017;01:15;15835;RUA CEL DIONISIO ALENCAR;RUA MANUEL CASTELO BRANCO;;0;;Colis?úo Transversal;;;;T;Pare;Residencial;0;1;1;0;0;0;0;0;0;1;0;0;-3,832973000000000;-38,488281000000000
313208;12;9;2017;09:30;5082;RUA BAR RIO BRANCO;RUA DR JOAO MOREIRA;;0;;;Luz do Dia;;;Cruz;Sem?íforo;Comercial;0;0;2;1;0;0;0;0;0;1;0;0;-3,722797000000000;-38,527092000000000
313201;12;9;2017;;0;AV ALM HENRIQUE SABOIA;;;2445;;Colis?úo Transversal;;;;Meio de Quadra;;;0;0;2;0;0;0;1;0;0;0;0;0;-3,732005000000000;-38,482585000000000
313203;12;9;2017;22:40;0;RUA POMPILIO GOMES;;;1600;;Queda;;;;;;;0;1;0;0;0;0;0;0;0;1;0;0;-3,825812000000000;-38,521159000000000
313204;12;9;2017;08:52;307;RUA DOM JOSE LOURENCO  D27;RUA DAMIAO FERNANDES;;0;;Colis?úo Lateral;Luz do Dia;;;Cruz;Pare;Residencial;0;0;2;1;0;0;0;0;0;0;0;0;-3,743795000000000;-38,557869000000000
313205;12;9;2017;16:00;12471;RUA PERDIGAO DE OLIVEIRA;RUA SILVEIRA FILHO;;0;;Colis?úo Lateral;Luz do Dia;;;;;;0;2;0;1;0;0;0;0;0;0;0;0;-3,774672000000000;-38,578286000000000
313206;12;9;2017;14:12;0;AV LAURO VIEIRA CHAVES;;;219;;Colis?úo Lateral;Luz do Dia;;;Meio de Quadra;;;0;0;2;0;0;0;0;0;0;0;0;0;-3,772800000000000;-38,529036000000000
313215;13;9;2017;09:00;17574;RUA RIO GRANDE DO SUL;RUA PARA;;0;;Colis?úo Traseira;Luz do Dia;;;T;Pare;Comercial;0;2;1;1;0;0;0;0;0;1;0;0;-3,754519000000000;-38,564937000000000
313217;13;9;2017;13:40;0;AV PDE ANTONIO TOMAS;;;7411;;Engavetamento;Luz do Dia;;;Meio de Quadra;;;0;0;3;1;0;0;0;0;0;0;0;0;-3,747183500000000;-38,476468500000000
313218;13;9;2017;08:00;0;AV JOAO DE ARAUJO LIMA;;;1800;;Colis?úo Transversal;Luz do Dia;;;Meio de Quadra;;;0;1;1;0;0;1;1;0;0;0;0;0;-3,837716000000000;-38,561635000000000
313222;13;9;2017;07:10;0;AV N CJ JOSE WALTER;;;535;;Colis?úo Lateral;Luz do Dia;;;Meio de Quadra;;;0;0;2;1;1;0;0;0;0;0;0;0;;
313223;13;9;2017;13:10;0;AV GAL OSORIO DE PAIVA;;;1951;;Colis?úo Traseira;Luz do Dia;;;Meio de Quadra;;;0;0;2;1;0;0;0;0;0;1;0;0;-3,784020000000000;-38,579753000000000
313224;13;9;2017;16:00;9156;AV LUCIANO CARNEIRO;RUA MIN JOAQUIM BASTOS D14;;0;;Colis?úo Traseira;Luz do Dia;;;T;Sem?íforo;Comercial;0;0;2;1;0;0;0;0;0;0;0;0;-3,750348000000000;-38,532220000000000
313225;13;9;2017;13:30;0;AV ANTONIO SALES;;;16;;Colis?úo Traseira;Luz do Dia;;;Meio de Quadra;;;0;0;2;0;1;0;0;0;0;0;0;0;-3,739226000000000;-38,522309000000000
313230;13;9;2017;07:14;12508;AV LINEU MACHADO;RUA ALUISIO AZEVEDO;;0;;Colis?úo Transversal;Luz do Dia;;;Cruz;Sem?íforo;Comercial;0;0;2;1;0;0;0;0;0;0;0;0;-3,770212000000000;-38,579184000000000
326150;13;9;2017;06:54;1530;RUA TIBURCIO CAVALCANTE;AV JULIO VENTURA;;0;;Colis?úo;Luz do Dia;;;T;N?úo H?í Controle;Residencial;0;1;0;0;0;0;0;0;0;0;0;0;-3,740609000000000;-38,504074000000000
326163;13;9;2017;07:25;7326;RUA FRANCISCO BENTO;RUA DR LUIS MORAES CORREIA;;0;;Colis?úo;Luz do Dia;;;;;;0;1;0;1;0;1;0;0;0;0;0;0;;
326164;13;9;2017;07:47;0;AV JOVITA FEITOSA;;;1101;;Queda;Luz do Dia;;;Meio de Quadra;;;0;1;0;0;0;0;0;0;0;1;0;0;-3,739398000000000;-38,554155000000000
326165;13;9;2017;07:48;0;AV N CJ CEARA;;;1800;;Colis?úo;Luz do Dia;;;Meio de Quadra;;;0;1;1;1;0;1;0;0;0;0;0;0;;
326167;13;9;2017;08:00;0;RUA CEL MATOS DOURADO;;;560;;Colis?úo;Luz do Dia;;;Meio de Quadra;;;0;1;1;1;0;0;0;0;0;1;0;0;-3,743670000000000;-38,585011000000000
326173;13;9;2017;08:42;0;RD BR 116;;;2199;;Colis?úo;Luz do Dia;;;Meio de Quadra;;;0;1;1;1;0;0;0;0;0;1;0;0;-3,804725000000000;-38,503018000000000
326170;13;9;2017;08:20;0;AV 13 DE MAIO;;;365;;Atropelamento;Luz do Dia;;;Meio de Quadra;;;0;1;0;0;0;0;0;0;0;0;0;0;-3,753211000000000;-38,524786000000000
326177;13;9;2017;09:36;19703;RUA PEDRO DE QUEIROZ;RUA GUSTAVO SAMPAIO;;0;;Colis?úo;Luz do Dia;;;Cruz;Pare;Residencial;0;1;1;1;0;0;0;0;0;1;0;0;-3,736097000000000;-38,560577000000000
326178;13;9;2017;09:53;1516;AV PDE ANTONIO TOMAS;AV DES MOREIRA;;0;;Queda;Luz do Dia;;;Cruz;Sem?íforo;Residencial;0;1;0;0;0;1;0;0;0;0;0;0;-3,740161000000000;-38,499616000000000
326181;13;9;2017;10:51;4319;AV VICENTE DE CASTRO;AV JOSE SABOIA;;0;;Queda;Luz do Dia;;;Cruz;Gesto;Comercial;0;1;0;0;0;0;0;0;0;1;0;0;-3,713785000000000;-38,473200000000000
326183;13;9;2017;11:40;0;AV JOSE BASTOS;;;4170;;Colis?úo;Luz do Dia;;;Meio de Quadra;;;0;1;1;1;0;0;0;0;0;1;0;0;;
326184;13;9;2017;12:03;6818;RUA DR GILBERTO STUDART;RUA FRANCISCO MATOS;;0;;Colis?úo;Luz do Dia;;;Cruz;Pare;Residencial;0;1;1;1;0;0;0;0;0;1;0;0;-3,747084000000000;-38,470191000000000
326198;13;9;2017;14:07;4082;AV JOAO PESSOA;RUA CEARA;;0;;Queda;Luz do Dia;;;T;Sem?íforo;Comercial;0;1;0;0;0;0;0;0;0;1;0;0;-3,763434000000000;-38,558244000000000
326199;13;9;2017;14:10;0;RUA CARLOS ARAUJO;;;220;;Colis?úo;Luz do Dia;;;Meio de Quadra;;;0;1;1;1;0;0;0;0;0;1;0;0;-3,729522000000000;-38,589494000000000
326186;13;9;2017;12:45;3975;RUA ALBERTO MAGNO;RUA PRO COSTA MENDES;;0;;Colis?úo;Luz do Dia;;;Cruz;Sem?íforo;Residencial;0;1;1;0;0;0;1;0;0;1;0;0;-3,757528000000000;-38,543548000000000
326187;13;9;2017;12:49;25979;RUA HOLANDA;RUA 10 CAMPO DOS INGLESE;;0;;Atropelamento;Luz do Dia;;;T;N?úo H?í Controle;Residencial;0;1;1;1;0;0;0;0;0;0;0;0;-3,799785000000000;-38,561766000000000
326188;13;9;2017;13:12;1375;AV SANTOS DUMONT;RUA BARBOSA DE FREITAS;;0;;Colis?úo;Luz do Dia;;;Cruz;Sem?íforo;Comercial;0;1;0;0;0;0;0;0;0;0;0;0;-3,736551000000000;-38,497363000000000
326189;13;9;2017;13:41;12712;RUA MAJ WEYNE;RUA JULIO CESAR D12;;0;;Colis?úo;Luz do Dia;;;Cruz;Pare;Residencial;0;1;0;0;0;0;0;0;0;0;0;0;-3,750019000000000;-38,542813000000000
326201;13;9;2017;15:13;0;AV MR HULL;;;0;;Colis?úo;Luz do Dia;;;Meio de Quadra;;;0;1;1;1;0;0;0;0;0;1;0;0;;
326212;13;9;2017;18:02;0;AV SGT HERMINIO SAMPAIO;;;3980;;Colis?úo;Anoitecer;;;Meio de Quadra;;;0;1;0;0;0;0;0;0;0;0;0;0;-3,730352000000000;-38,576287000000000
326205;13;9;2017;17:24;19442;AV GODOFREDO MACIEL;RUA GERMANO FRANCK;;0;;Colis?úo;Anoitecer;;;Y;Sem?íforo;Comercial;0;1;0;0;0;0;0;0;0;0;0;0;-3,779532000000000;-38,564715000000000
326206;13;9;2017;17:32;0;RUA PERGENTINO MAIA;;;620;;Atropelamento;Anoitecer;;;Meio de Quadra;;;0;1;1;0;1;0;0;0;0;0;0;0;-3,831380000000000;-38,489058000000000
326210;13;9;2017;17:41;0;AV BENJAMIM BRASIL;;;1289;;Colis?úo;Anoitecer;;;Meio de Quadra;;;0;1;1;1;0;0;0;0;0;1;0;0;-3,805997000000000;-38,563549000000000
326236;13;9;2017;21:13;0;AV DR SILAS MUNGUBA;;;0;;Queda;;;;Meio de Quadra;;;0;1;0;0;0;0;0;0;0;1;0;0;;
326238;13;9;2017;21:31;0;RUA 115 CJ CEARA;;;0;;Colis?úo;;;;Meio de Quadra;;;0;1;1;1;0;0;0;0;0;1;0;0;;
326241;13;9;2017;22:44;0;RUA ALVES DE SOUZA;;;1416;;Colis?úo;;;;Meio de Quadra;;;0;1;1;0;0;0;0;0;0;1;0;0;-3,804906939000000;-38,596913782000000
326218;13;9;2017;21:07;0;RUA PDE IBIAPINA;;;0;;Colis?úo;;;;Meio de Quadra;;;0;1;0;0;0;0;0;0;0;0;0;0;;
311137;13;9;2017;00:45;0;RUA JOAO MARIANO;AV ENG LEAL LIMA VERDE (SAPIRANGA/COITE);;0;;Colis?úo Traseira;Via Iluminada;Bom;Seca;Cruz;Pare;Comercial;0;1;0;1;0;0;0;0;0;0;0;0;-3,791065700000000;-38,476130000000000
311139;13;9;2017;06:02;7762;AV ANTONIO SALES;RUA NUNES VALENTE;;0;;Colis?úo Transversal;Luz do Dia;Bom;Seca;Cruz;Pare;Residencial;0;1;1;0;0;0;0;0;0;1;0;0;-3,744288000000000;-38,506325000000000
311140;13;9;2017;07:44;0;RUA TIBURCIO CAVALCANTE;;;1790;;Colis?úo Lateral;N?úo Iluminada;Bom;Seca;Outros;Sem?íforo;Comercial;0;0;1;0;0;0;0;0;0;1;0;0;-3,740360500000000;-38,504063000000000
311141;13;9;2017;07:30;0;RUA BAR RIO BRANCO;;;1701;;Choque c/ Obst?ículo Fixo;Luz do Dia;Bom;Seca;Meio de Quadra;N?úo H?í Controle;Comercial;0;0;2;0;0;0;0;1;0;1;0;0;-3,733107800000000;-38,530390000000000
311142;13;9;2017;08:04;4531;AV DEP PAULINO ROCHA;RUA ENF JOAQUIM PINTO;;0;;Colis?úo Lateral;Luz do Dia;Bom;Seca;T;N?úo H?í Controle;Comercial;0;0;2;1;0;0;0;0;0;0;0;0;-3,803116600000000;-38,507706000000000
311143;13;9;2017;08:27;0;AV PRS CASTELO BRANCO;;;70;;Colis?úo Traseira;Luz do Dia;Bom;Seca;Meio de Quadra;N?úo H?í Controle;Comercial;0;1;0;0;0;0;0;0;0;0;0;0;-3,722880000000000;-38,522660000000000
311144;13;9;2017;08:10;0;AV 13 DE MAIO;;;406;;Atropelamento;Luz do Dia;Bom;Seca;Meio de Quadra;Sem?íforo;Comercial;0;1;1;0;0;0;0;0;0;1;0;0;-3,753004800000000;-38,524930000000000
311145;13;9;2017;11:00;0;RUA FREDERICO BORGES;;;570;;Colis?úo Traseira;Luz do Dia;Bom;Seca;Meio de Quadra;N?úo H?í Controle;Comercial;0;0;2;1;0;0;0;0;0;0;0;0;-3,734607700000000;-38,489227000000000
311146;13;9;2017;11:54;9653;RUA BOM JESUS (GRANJA LISBOA);RUA FRANCISCO PAIVA;;0;;Colis?úo Lateral;Luz do Dia;Bom;Seca;Cruz;N?úo H?í Controle;Residencial;0;0;2;1;0;0;0;0;0;0;0;0;-3,790229300000000;-38,614147000000000
311147;13;9;2017;12:29;1525;AV PDE ANTONIO TOMAS;RUA BARBOSA DE FREITAS;;0;;Colis?úo Traseira;Luz do Dia;Bom;Seca;Cruz;Sem?íforo;Comercial;0;0;2;1;1;0;0;0;0;0;0;0;-3,740494500000000;-38,498880000000000
311148;13;9;2017;14:51;12712;RUA MAJ WEYNE;RUA JULIO CESAR D12;;0;;Colis?úo Lateral;Luz do Dia;Bom;Seca;Cruz;Pare;Residencial;0;1;1;1;0;0;0;0;0;1;0;0;-3,750074600000000;-38,542908000000000
311149;13;9;2017;17:07;17285;RUA JOAO FIRMINO;RUA IRM BAZET;;0;;Colis?úo Transversal;Luz do Dia;Bom;Seca;Cruz;Pare;Escola;0;1;1;1;0;0;0;0;0;1;0;0;-3,762830000000000;-38,554325000000000
311150;13;9;2017;17:37;0;RUA PAULA RODRIGUES;;;35;;Colis?úo Traseira;Luz do Dia;Bom;Seca;Meio de Quadra;Pare;Residencial;0;0;2;1;0;0;0;0;0;0;0;0;-3,752543200000000;-38,526123000000000
311151;13;9;2017;18:28;5111;AV MON TABOSA;RUA DOM JOAQUIM;;0;;Colis?úo Traseira;Anoitecer;Bom;Seca;T;N?úo H?í Controle;Comercial;0;0;1;1;0;0;0;0;0;0;0;0;-3,723801100000000;-38,515934000000000
311152;13;9;2017;18:27;0;AV DEP PAULINO ROCHA;;;0;;Colis?úo Traseira;Via Iluminada;Bom;Seca;T;Pare;Comercial;0;0;2;1;0;0;0;0;0;0;0;0;-3,811636200000000;-38,513073000000000
311153;13;9;2017;19:33;5777;RUA JOSE A CAVALCANTE;RUA CHICO LEMOS;;0;;Colis?úo Transversal;Via Iluminada;Bom;Seca;Cruz;Pare;Residencial;0;0;1;1;0;0;0;0;0;0;0;0;-3,790932700000000;-38,499400000000000
311154;13;9;2017;20:45;22886;RUA BERNARDO MANUEL;RUA INACIO PARENTE;;0;;Colis?úo Transversal;Via Iluminada;Bom;Seca;Cruz;Sem?íforo;Residencial;0;0;2;1;0;0;0;0;0;0;0;0;-3,781218000000000;-38,546050000000000
315219;13;9;2017;06:50;0;RD CE-040;;;0;KM-08;Colis?úo;Luz do Dia;Bom;Seca;Meio de Quadra;;;0;0;2;1;0;0;0;0;0;1;0;0;-3,825515822000000;-38,481538320000000
315220;13;9;2017;06:15;0;RD CE-060;;;0;KM-01;Colis?úo;Luz do Dia;Bom;Seca;Meio de Quadra;;;0;0;3;1;0;0;1;0;0;0;0;0;-3,826136000000000;-38,579500000000000
315693;13;9;2017;08:45;0;RD BR 116;;;6000;KM-06;Colis?úo Lateral;Luz do Dia;Bom;Seca;Meio de Quadra;;;0;2;1;0;0;0;1;0;0;1;0;0;-3,804691000000000;-38,503053000000000
304071;13;9;2017;18:00;0;RUA ANTONIO BARROS;;;310;;Colis?úo;Anoitecer;;;Meio de Quadra;;;1;0;1;0;1;1;0;0;0;0;0;0;-3,830272700000000;-38,488741900000000
315694;14;9;2017;18:05;0;RD BR 222;;;0;KM-02;Atropelamento;Anoitecer;Bom;Seca;Meio de Quadra;;;0;1;1;1;0;0;0;0;0;0;0;0;-3,739009045000000;-38,587039670000000
315221;14;9;2017;15:00;0;RD CE-060;;;0;KM-02;Colis?úo;Luz do Dia;Bom;Seca;Meio de Quadra;;;0;0;2;1;0;0;0;0;0;0;0;0;-3,834064000000000;-38,582111000000000
315223;14;9;2017;14:45;0;AV MIN JOSE AMERICO;;;0;;Colis?úo;Luz do Dia;Bom;Seca;Meio de Quadra;;;0;0;4;1;0;0;0;0;0;0;0;0;;
315227;14;9;2017;19:15;0;RD CE-040;;;0;KM-08;Colis?úo;;Bom;Seca;Meio de Quadra;;;0;0;2;1;0;0;0;0;0;0;0;0;-3,825515822000000;-38,481538320000000
311155;14;9;2017;07:09;0;AV JOVITA FEITOSA;;;2620;;Queda;Luz do Dia;Bom;Seca;;;;0;1;0;0;0;0;0;0;0;1;0;0;-3,740711200000000;-38,560528000000000