COD_ACIDENTE;DIA;MES;ANO;HORA;INTERSECAO;LOG1;LOG2;LOG3;NUMERO;REFERENCIA;NATUREZA;ILUMINACAO;TEMPO;SUPERFICIEPISTA;TIPOCRUZAMENTO;CONTROLETRAFEGO;USOSOLO;MORTOS;FERIDOS;ILESOS;AUTOMOVEL;ONIBUS;BICICLETA;CAMINHAO;MICROONIBUS;CICLOMOTOR;MOTOCICLETA;TRACAOANIMAL;TREM;LATITUDE;LONGITUDE
311156;14;9;2017;07:56;19815;RUA ERICO MOTA;RUA PDE GUERRA;;0;;Colis?úo Lateral;Luz do Dia;Bom;Seca;Cruz;Pare;Residencial;0;1;1;0;0;0;0;0;0;1;0;0;-3,739875800000000;-38,562035000000000
311157;14;9;2017;08:00;15315;AV DES MOREIRA;RUA CANUTO DE AGUIAR;;0;;Colis?úo Lateral;Luz do Dia;Bom;Seca;Cruz;Sem?íforo;Comercial;0;0;1;1;0;0;0;0;0;1;0;0;-3,730373600000000;-38,496490000000000
311158;14;9;2017;06:30;22094;AV JOSE BASTOS;RUA DELMIRO FARIAS;;0;HEMOCE;Colis?úo Traseira;Luz do Dia;Bom;Seca;T;Sem?íforo;Comercial;0;1;1;1;0;0;0;0;1;0;0;0;-3,756650200000000;-38,523922000000000
311159;14;9;2017;07:20;0;AV GAL MURILO BORGES;;;75;;Engavetamento;Luz do Dia;Bom;Seca;Meio de Quadra;N?úo H?í Controle;Comercial;0;0;3;1;0;0;0;0;0;0;0;0;-3,767319700000000;-38,497902000000000
311160;14;9;2017;08:00;0;AV GOV PARSIFAL BARROSO;;;118;;Colis?úo Transversal;Luz do Dia;Bom;Seca;Meio de Quadra;N?úo H?í Controle;Residencial;0;0;2;1;0;0;0;0;0;0;0;0;-3,729013200000000;-38,569187000000000
311161;14;9;2017;08:47;15139;AV MON TABOSA;RUA BAR ARACATI;;0;;Colis?úo Traseira;Luz do Dia;Bom;Seca;Cruz;N?úo H?í Controle;Comercial;0;0;2;0;0;0;0;1;0;0;0;0;-3,724267000000000;-38,508970000000000
311162;14;9;2017;08:00;0;AV SANTOS DUMONT;;;6945;;Colis?úo Transversal;Luz do Dia;Bom;Seca;Meio de Quadra;N?úo H?í Controle;Residencial;0;0;2;0;0;0;0;0;0;0;0;0;-3,745101000000000;-38,470570000000000
311163;14;9;2017;08:30;5258;RUA PEDRO I;RUA PDE MORORO;;0;;Colis?úo Transversal;Luz do Dia;Bom;Seca;Cruz;Pare;Comercial;0;1;1;0;0;0;0;0;0;1;0;0;-3,728039700000000;-38,538230000000000
311164;14;9;2017;08:50;0;AV JOAO PESSOA;;;4481;;Colis?úo Traseira;Luz do Dia;Bom;Seca;Meio de Quadra;Sem?íforo;Comercial;0;0;2;1;0;0;0;0;0;0;0;0;-3,752263800000000;-38,549377000000000
311165;14;9;2017;07:10;12352;RUA MON HIPOLITO BRASIL;RUA ERNESTO PEDRO SANTOS;;0;;Colis?úo Transversal;Luz do Dia;Bom;Seca;Cruz;Pare;Residencial;0;1;1;1;0;0;0;0;0;1;0;0;-3,760968000000000;-38,575386000000000
311166;14;9;2017;08:40;0;AV AGUANAMBI;;;1733;;Colis?úo Lateral;Luz do Dia;Bom;Seca;Meio de Quadra;Pare;Comercial;0;0;2;1;0;0;0;0;0;0;0;0;-3,752513600000000;-38,523575000000000
311167;14;9;2017;10:21;12985;AV A CJ JOSE WALTER;AV L CJ JOSE WALTER;;0;;Colis?úo Transversal;Luz do Dia;Bom;Seca;Cruz;Pare;Residencial;0;1;1;0;0;0;0;1;0;1;0;0;-3,824354400000000;-38,555832000000000
311168;14;9;2017;08:50;0;RUA SILVA JATAHY;AV CARAPINIMA;;0;;Colis?úo Transversal;Luz do Dia;Bom;Seca;Cruz;N?úo H?í Controle;Comercial;0;1;2;1;0;0;0;0;0;1;0;0;-3,741770000000000;-38,542160000000000
311169;14;9;2017;10:15;3810;RUA TEREZA CRISTINA;RUA JUVENAL GALENO;;0;;Colis?úo Lateral;Luz do Dia;Bom;Seca;Cruz;Sem?íforo;Comercial;0;0;2;1;1;0;0;0;0;0;0;0;-3,738148500000000;-38,540092000000000
311170;14;9;2017;11:00;1257;RUA COSTA BARROS;RUA SILVA PAULET;;0;;Colis?úo Transversal;Luz do Dia;Bom;Seca;Cruz;Pare;Residencial;0;0;2;1;0;0;0;0;0;0;0;0;-3,732517500000000;-38,504818000000000
311171;14;9;2017;09:40;0;AV ENG SANTANA JUNIOR;;;1199;;Colis?úo Lateral;Luz do Dia;Bom;Seca;Meio de Quadra;N?úo H?í Controle;Comercial;0;2;1;1;0;0;0;0;0;1;0;0;-3,737976600000000;-38,483470000000000
311172;14;9;2017;10:40;0;RUA OSVALDO CRUZ;RUA MARIA TOMASIA;;0;;Colis?úo Transversal;Luz do Dia;Bom;Seca;Cruz;Pare;Comercial;0;0;2;1;0;0;0;0;0;0;0;0;-3,734448700000000;-38,499943000000000
311173;14;9;2017;10:49;0;RUA SENA MADUREIRA;;;760;;Colis?úo Lateral;Luz do Dia;Bom;Seca;Meio de Quadra;N?úo H?í Controle;Comercial;0;0;1;1;0;0;0;1;0;0;0;0;-3,727622000000000;-38,525900000000000
311174;14;9;2017;12:04;0;AV ENG SANTANA JUNIOR;;;1205;;Colis?úo Lateral;Luz do Dia;Bom;Seca;Meio de Quadra;N?úo H?í Controle;Comercial;0;0;2;1;0;0;0;0;0;0;0;0;-3,738064300000000;-38,483578000000000
311175;14;9;2017;12:45;0;RUA EDUARDO GARCIA;;;495;;Colis?úo Lateral;Luz do Dia;Bom;Seca;Meio de Quadra;N?úo H?í Controle;Comercial;0;0;3;1;0;0;0;0;0;0;0;0;-3,739591400000000;-38,494606000000000
311176;14;9;2017;12:45;19561;AV GODOFREDO MACIEL;RUA ANTONIO BANDEIRA D41;;0;;Colis?úo Transversal;Luz do Dia;Bom;Seca;Outros;Sem?íforo;Comercial;0;0;2;1;0;0;0;0;0;0;0;0;-3,783345500000000;-38,565740000000000
311177;14;9;2017;14:13;0;RUA GAL SAMPAIO;;;1572;;Colis?úo Lateral;Luz do Dia;Bom;Seca;Meio de Quadra;N?úo H?í Controle;Comercial;0;1;1;1;0;0;0;0;0;1;0;0;-3,732404500000000;-38,532375000000000
311178;14;9;2017;10:10;11701;RUA TUPI D35;RUA VIS CAUIPE;;0;;Colis?úo Transversal;Luz do Dia;Bom;Seca;Cruz;N?úo H?í Controle;Residencial;0;0;1;0;0;0;0;0;0;1;0;0;-3,771979600000000;-38,585110000000000
311179;14;9;2017;13:10;15330;RUA TIBURCIO CAVALCANTE;RUA PEREIRA VALENTE;;0;;Colis?úo Transversal;Luz do Dia;Bom;Seca;T;N?úo H?í Controle;Residencial;0;0;2;1;0;0;0;0;0;0;0;0;-3,730819000000000;-38,501010000000000
311180;14;9;2017;15:49;15835;RUA CEL DIONISIO ALENCAR;RUA MANUEL CASTELO BRANCO;;0;;Colis?úo Transversal;Luz do Dia;Bom;Seca;Cruz;Pare;Lazer;0;0;2;1;0;0;0;0;0;0;0;0;-3,832928700000000;-38,488422000000000
311181;14;9;2017;15:00;15271;RUA PEREIRA FILGUEIRAS;RUA ILDEFONSO ALBANO;;0;;Colis?úo Transversal;Luz do Dia;Bom;Seca;Cruz;Sem?íforo;Comercial;0;1;1;1;0;0;0;0;0;1;0;0;-3,728696600000000;-38,511635000000000
311182;14;9;2017;19:20;255;RUA PEDRO DE QUEIROZ;RUA GAL BERNARDO FIGUEIREDO;;0;;Colis?úo Lateral;Via Iluminada;Bom;Seca;Cruz;Pare;Residencial;0;2;0;1;0;0;0;0;0;1;0;0;-3,741187800000000;-38,559547000000000
311183;14;9;2017;18:30;0;AV PRS CASTELO BRANCO;;;600;;Colis?úo Transversal;Via Iluminada;Bom;Seca;Meio de Quadra;Sem?íforo;Lazer;0;2;0;0;0;0;0;0;0;1;0;0;-3,718891600000000;-38,533344000000000
311184;14;9;2017;21:47;0;RUA CON DE CASTRO;;;5192;;Colis?úo Transversal;Luz do Dia;Bom;Seca;Meio de Quadra;N?úo H?í Controle;Residencial;0;1;1;1;0;0;0;0;0;1;0;0;-3,808505800000000;-38,595108000000000
311231;14;9;2017;00:28;20129;AV DEP PAULINO ROCHA;RUA POMPILIO GOMES;;0;;Colis?úo Traseira;Via Iluminada;Bom;Seca;T;Sem?íforo;Comercial;0;0;2;1;0;0;0;0;0;0;0;0;-3,797398800000000;-38,499760000000000
311281;14;9;2017;20:30;738;AV FRANCISCO SA;RUA DNA MENDINHA;;0;;Colis?úo Lateral;Mal Iluminada;Bom;Seca;Cruz;Pare;Comercial;0;0;1;1;0;0;0;0;0;0;0;0;-3,712635800000000;-38,571120000000000
326267;14;9;2017;07:00;0;AV DES MOREIRA;;;500;;Colis?úo;Luz do Dia;;;Meio de Quadra;;;0;1;1;1;0;0;0;0;0;1;0;0;-3,730386000000000;-38,496457000000000
326264;14;9;2017;06:34;0;RUA VICENTE SPINDOLA;;;665;;Colis?úo;Luz do Dia;;;Meio de Quadra;;;0;1;1;1;0;0;0;0;0;1;0;0;-3,767688000000000;-38,542848000000000
326261;14;9;2017;06:33;0;RUA PERDIGAO DE OLIVEIRA;;;280;;Colis?úo;Luz do Dia;;;Meio de Quadra;;;0;1;0;0;0;0;0;0;0;0;0;0;-3,776577000000000;-38,572333000000000
326244;14;9;2017;03:31;0;RUA MARCONDES PEREIRA;;;2800;;Queda;;;;Meio de Quadra;;;0;1;0;0;0;0;0;0;0;1;0;0;-3,750550942000000;-38,503483180000000
326248;14;9;2017;06:00;0;RUA EMILIO DE MENESES;;;1099;;Colis?úo;Luz do Dia;;;Meio de Quadra;;;0;1;0;0;0;0;0;0;0;0;0;0;-3,780621000000000;-38,591401000000000
326273;14;9;2017;07:11;0;RUA PDE PERDIGAO SAMPAIO;;;250;;Colis?úo;Luz do Dia;;;Meio de Quadra;;;0;1;1;1;0;0;0;0;0;1;0;0;-3,738213000000000;-38,594899000000000
326406;14;9;2017;21:22;9662;RUA SGT BARBOSA;RUA BOM JESUS (GRANJA LISBOA);;0;;Colis?úo;;;;;;;0;1;0;0;0;0;0;0;0;0;0;0;-3,788129000000000;-38,621089000000000
326413;14;9;2017;21:28;0;AV ENG HUMBERTO MONTE;;;0;;Queda;;;;Meio de Quadra;;;0;1;0;0;0;0;0;0;0;1;0;0;;
326404;14;9;2017;19:31;0;AV DR SILAS MUNGUBA;;;1335;;Queda;;;;Meio de Quadra;;;0;1;0;0;0;0;0;0;0;1;0;0;-3,783103000000000;-38,554497000000000
326401;14;9;2017;18:49;0;AV DES GONZAGA;;;298;;Colis?úo;;;;Meio de Quadra;;;0;1;1;1;0;0;0;0;0;1;0;0;-3,789568000000000;-38,503404000000000
326398;14;9;2017;17:53;2431;RUA JERONIMO ALBUQUERQUE;RUA ESTEVAO DE CAMPOS;;0;;Colis?úo;Anoitecer;;;Cruz;Pare;Misto;0;1;1;1;0;0;0;0;0;1;0;0;-3,706713000000000;-38,576292000000000
326399;14;9;2017;18:03;0;AV MR HULL;;;5602;;Atropelamento;Anoitecer;;;Meio de Quadra;;;0;1;1;1;0;0;0;0;0;0;0;0;-3,740088000000000;-38,594478000000000
326390;14;9;2017;17:29;0;AV ZEZE DIOGO;;;729;;Queda;Anoitecer;;;Meio de Quadra;;;0;1;0;0;0;0;0;0;0;1;0;0;-3,712828000000000;-38,466623000000000
326365;14;9;2017;12:03;0;RUA MARIA GOMES DE SA;;;0;;Colis?úo;Luz do Dia;;;Meio de Quadra;;;0;1;1;0;0;0;0;0;0;1;0;0;;
326367;14;9;2017;13:08;0;AV CARNEIRO DE MENDONCA;;;1223;;Colis?úo;Luz do Dia;;;Meio de Quadra;;;0;1;1;0;0;0;0;0;0;1;0;0;-3,762431000000000;-38,569904000000000
326368;14;9;2017;14:29;0;AV WASHINGTON SOARES;;;100;;Colis?úo;Luz do Dia;;;Meio de Quadra;;;0;1;1;1;0;0;0;0;0;0;0;0;-3,757331000000000;-38,489953000000000
326370;14;9;2017;15:41;0;AV WASHINGTON SOARES;;;3040;;Colis?úo;Luz do Dia;;;Meio de Quadra;;;0;1;1;1;0;0;0;0;0;1;0;0;;
326360;14;9;2017;12:00;9672;RUA GUARAREMA;RUA BOM JESUS (GRANJA LISBOA);;0;;Colis?úo;Luz do Dia;;;;;;0;1;1;1;0;0;0;0;0;1;0;0;-3,788544000000000;-38,619640000000000
326354;14;9;2017;10:18;0;AV PERIMETRAL;;;1878;;Atropelamento;Luz do Dia;;;Meio de Quadra;;;0;1;1;1;0;0;0;0;0;0;0;0;;
326355;14;9;2017;10:30;11701;RUA VIS CAUIPE;RUA TUPI D35;;0;;Colis?úo;Luz do Dia;;;Cruz;N?úo H?í Controle;Residencial;0;1;1;1;0;0;0;0;0;1;0;0;-3,772061000000000;-38,585112000000000
326356;14;9;2017;10:50;0;RD BR 116;;;0;;Colis?úo;Luz do Dia;;;Meio de Quadra;;;0;1;1;1;0;0;0;0;0;1;0;0;;
326357;14;9;2017;11:37;35;RUA PEDRO MELO;RUA JOAQUIM LEITAO;;0;;Colis?úo;Luz do Dia;;;Cruz;Pare;Residencial;0;1;1;1;0;0;0;0;0;1;0;0;-3,744174000000000;-38,592100000000000
326251;14;9;2017;06:07;578;AV FRANCISCO SA;RUA ENG JOAO NOGUEIRA;;0;;Colis?úo;Luz do Dia;;;Cruz;Pare;Misto;0;1;1;1;0;0;0;0;0;1;0;0;-3,715147000000000;-38,564050000000000
326315;14;9;2017;08:22;0;RUA BENU MARCONDES;;;160;;Colis?úo;Luz do Dia;;;Meio de Quadra;;;0;1;1;0;0;0;1;0;0;1;0;0;-3,712917959000000;-38,595648719000000
326316;14;9;2017;08:55;0;AV CARAPINIMA;;;2600;;Colis?úo;Luz do Dia;;;Meio de Quadra;;;0;1;1;1;0;0;0;0;0;1;0;0;-3,741779000000000;-38,542017000000000
326324;14;9;2017;09:55;0;AV H CJ CEARA;;;0;;Colis?úo;Luz do Dia;;;Meio de Quadra;;;0;1;1;1;0;0;0;0;0;1;0;0;;
326319;14;9;2017;09:20;0;RUA DES FROTA D71;;;651;;Colis?úo;Luz do Dia;;;Meio de Quadra;;;0;1;1;1;0;1;0;0;0;0;0;0;;
313236;14;9;2017;15:47;0;RUA VALMIR PONTES;;;0;;Colis?úo Lateral;Luz do Dia;Bom;Seca;Meio de Quadra;Pare;Comercial;0;0;2;1;0;0;0;0;0;0;0;0;;
313237;14;9;2017;06:40;0;RUA MONTE PASCOAL;;;800;;Colis?úo Transversal;Luz do Dia;Bom;Seca;Meio de Quadra;Outros;Residencial;0;1;1;1;0;0;0;0;0;1;0;0;-3,806471400000000;-38,596433600000000
313232;14;9;2017;19:50;0;RUA JOSE FACANHA;;;0;;Colis?úo Lateral;Via Iluminada;Bom;Seca;Meio de Quadra;N?úo H?í Controle;Comercial;0;0;2;1;0;0;0;0;0;0;0;0;;
313233;14;9;2017;14:30;0;RUA VALMIR PONTES;;;0;;Colis?úo Traseira;Luz do Dia;Bom;Seca;Meio de Quadra;Sem?íforo;Comercial;0;0;2;1;0;0;0;0;0;0;0;0;;
313242;14;9;2017;09:00;0;AV AUGUSTO DOS ANJOS;;;240;;Colis?úo Transversal;Luz do Dia;Bom;Seca;Meio de Quadra;;Residencial;0;1;1;1;0;0;0;0;0;1;0;0;-3,771423000000000;-38,571264000000000
313247;14;9;2017;19:50;12840;RUA SOLON PINHEIRO;RUA CARLOS GOMES;;0;;Colis?úo Transversal;Via Iluminada;Bom;Seca;Cruz;Pare;Residencial;0;0;2;1;0;1;0;0;0;0;0;0;-3,740604000000000;-38,529735000000000
313248;14;9;2017;19:40;13416;AV RUI BARBOSA;RUA JOAO BRIGIDO;;0;;Colis?úo Lateral;Via Iluminada;Bom;Seca;Cruz;Pare;Comercial;0;0;2;1;0;0;0;0;0;1;0;0;-3,741995000000000;-38,511369000000000
313251;14;9;2017;18:40;5473;AV HERACLITO GRACA;RUA JOAO CORDEIRO;;0;;Colis?úo Transversal;Via Iluminada;Bom;Seca;Duplo T;Sem?íforo;Comercial;0;1;1;1;0;0;0;0;0;1;0;0;;
313226;14;9;2017;08:30;1397;RUA FREDERICO BORGES;RUA MARCOS MACEDO;;0;;Colis?úo Lateral;Luz do Dia;Bom;Seca;Cruz;Pare;Residencial;0;0;2;1;0;0;0;0;0;0;0;0;-3,737053000000000;-38,489078000000000
313227;14;9;2017;14:30;1219;RUA COSTA BARROS;RUA JOAO CORDEIRO;;0;;Colis?úo Traseira;Luz do Dia;Bom;Seca;Cruz;Sem?íforo;Residencial;0;0;2;1;0;0;0;0;0;0;0;0;-3,729449000000000;-38,514331000000000
313228;14;9;2017;14:00;0;RUA J DA PENHA;;;141;;Colis?úo Lateral;Luz do Dia;Bom;Seca;Meio de Quadra;Pare;Comercial;0;0;3;1;0;0;0;0;0;0;0;0;-3,732606000000000;-38,518818000000000
313229;14;9;2017;13:35;1649;RUA CEL JUCA;RUA GAL TERTULIANO POTYGUARA;;0;;Colis?úo Lateral;Luz do Dia;Bom;Seca;Cruz;Pare;Residencial;0;0;2;1;0;0;0;0;0;0;0;0;-3,745325000000000;-38,493766000000000
313219;14;9;2017;15:10;0;RUA JOAQUIM ALBANO;;;0;TERMINAL ANTONIO BEZERRA;Colis?úo Traseira;Luz do Dia;Bom;Seca;Meio de Quadra;N?úo H?í Controle;Comercial;0;0;2;1;0;0;0;0;0;0;0;0;-3,736642309000000;-38,584613816000000
313221;14;9;2017;10:40;0;AV SEN VIRGILIO TAVORA;;;0;;Engavetamento;Luz do Dia;Bom;Seca;Meio de Quadra;Sem?íforo;Comercial;0;0;3;1;0;0;0;0;0;0;0;0;;
314734;15;9;2017;06:43;0;AV FRANCISCO SA;;;5126;;Colis?úo;Luz do Dia;;;Meio de Quadra;;;0;1;1;1;0;0;0;0;0;1;0;0;-3,713056000000000;-38,570100000000000
314737;15;9;2017;07:15;0;RUA PDE PEDRO DE ALENCAR;;;1052;;Colis?úo;Luz do Dia;;;Meio de Quadra;;;0;1;0;0;0;0;0;0;0;0;0;0;;
314754;15;9;2017;08:09;0;RD DR MENDEL STEINBRUCH;;;0;;Colis?úo;Luz do Dia;;;Meio de Quadra;;;0;1;1;1;0;0;0;0;0;1;0;0;;
314759;15;9;2017;08:18;2950;AV GAL OSORIO DE PAIVA;RUA MARTINS CARVALHO;;0;;Colis?úo;Luz do Dia;;;Cruz;N?úo H?í Controle;Comercial;0;1;1;0;0;0;1;0;0;1;0;0;-3,798139000000000;-38,595670000000000
314761;15;9;2017;09:18;21546;RUA CEREJEIRAS;RUA TULIPA NEGRA;;0;;Colis?úo;Luz do Dia;;;Cruz;Pare;Comercial;0;1;0;0;0;0;0;0;0;0;0;0;-3,819417000000000;-38,597655000000000
314763;15;9;2017;09:43;0;RUA SEBASTIAO DE ABREU;;;0;;Colis?úo;Luz do Dia;;;Meio de Quadra;;;0;1;1;1;0;0;0;0;0;1;0;0;;
314765;15;9;2017;10:54;0;RUA BAR RIO BRANCO;;;820;;Atropelamento;Luz do Dia;;;Meio de Quadra;;;0;1;1;1;0;0;0;0;0;0;0;0;-3,725595000000000;-38,527985000000000
314766;15;9;2017;11:37;0;RUA CAP TIBURCIO DA FROTA;;;143;;Colis?úo;Luz do Dia;;;Meio de Quadra;;;0;1;1;1;0;0;0;0;0;1;0;0;-3,755409000000000;-38,518013000000000
314768;15;9;2017;11:51;0;RUA JARDIM FLUMINENSE;;;1558;;;Luz do Dia;;;Meio de Quadra;;;0;1;1;1;0;0;0;0;0;1;0;0;-3,809851000000000;-38,602770000000000
314776;15;9;2017;13:23;0;RUA PDE PEDRO DE ALENCAR;;;1881;;Colis?úo;Luz do Dia;;;Meio de Quadra;;;0;1;0;0;0;0;0;0;0;0;0;0;-3,844728000000000;-38,494443000000000
314770;15;9;2017;12:57;0;AV BEIRA MAR;;;0;;Colis?úo;Luz do Dia;;;Meio de Quadra;;;0;1;1;1;0;0;0;0;0;1;0;0;;
314798;15;9;2017;17:34;0;AV ROGACIANO LEITE;;;1786;;Queda;Anoitecer;;;Meio de Quadra;;;0;1;0;0;0;0;0;0;0;1;0;0;-3,770317000000000;-38,497987000000000
314799;15;9;2017;17:51;0;AV PRS JUSCELINO KUBITSCHEK (PASSAR?ë);;;3505;;Colis?úo;Anoitecer;;;Meio de Quadra;;;0;2;1;1;0;0;0;0;0;1;0;0;-3,811887000000000;-38,528458000000000
314800;15;9;2017;19:09;0;RUA CON DE CASTRO;;;5498;;Colis?úo;;;;Meio de Quadra;;;0;1;0;0;0;0;0;0;0;0;0;0;-3,811417000000000;-38,597129000000000
314801;15;9;2017;20:09;0;RUA PEDRO MUNIZ;;;0;;Colis?úo;;;;Meio de Quadra;;;0;1;0;0;0;0;0;0;0;0;0;0;;
314802;15;9;2017;20:17;0;AV GODOFREDO MACIEL;;;339;;Colis?úo;;;;Meio de Quadra;;;0;1;0;0;0;0;0;0;0;0;0;0;-3,779579800000000;-38,564464300000000
314790;15;9;2017;14:43;18510;RUA TEN MARQUES;RUA MEXICO;;0;;Colis?úo;Luz do Dia;;;Cruz;Pare;Residencial;0;2;1;1;0;0;0;0;0;1;0;0;-3,734792000000000;-38,573257000000000
314791;15;9;2017;16:00;0;RD BR 116;;;5000;KM-05;Queda;Luz do Dia;;;Meio de Quadra;;;0;1;0;0;0;1;0;0;0;0;0;0;-3,796502000000000;-38,506787000000000
314794;15;9;2017;16:06;15359;RUA PEREIRA VALENTE;RUA VICENTE LEITE;;0;;Colis?úo;Luz do Dia;;;Cruz;Pare;Comercial;0;1;1;1;0;0;0;0;0;1;0;0;-3,733201000000000;-38,494152000000000
314811;15;9;2017;20:29;10909;RUA PORTO VELHO;RUA BRI TORRES;;0;;Colis?úo;;;;Cruz;N?úo H?í Controle;Rural;0;1;0;0;0;0;0;0;0;0;0;0;-3,768875000000000;-38,581592000000000
314812;15;9;2017;20:51;0;RUA CEL JOAO CORREIA;;;329;;Colis?úo;;;;Meio de Quadra;;;0;1;0;0;0;0;0;0;0;0;0;0;-3,794637000000000;-38,595991000000000
314816;15;9;2017;21:03;0;AV SEN FERNANDES TAVORA;;;2881;;Colis?úo;;;;Meio de Quadra;;;0;1;0;0;0;0;0;0;0;0;0;0;-3,755172000000000;-38,598030000000000
314818;15;9;2017;21:24;0;RUA BAR CRATO;;;0;;Colis?úo;;;;Meio de Quadra;;;0;1;1;1;0;0;0;0;0;1;0;0;;
314822;15;9;2017;22:00;0;AV JOR JOAO RAMOS;;;2095;;Colis?úo;;;;Meio de Quadra;;;0;2;0;0;0;0;0;0;0;0;0;0;-3,841529000000000;-38,575252000000000
314824;15;9;2017;22:16;0;RUA CEL VIRGILIO NOGUEIRA (BOM JARDIM);;;1009;;Colis?úo;;;;Meio de Quadra;;;0;1;0;0;0;0;0;0;0;0;0;0;-3,790109200000000;-38,609129600000000
314825;15;9;2017;22:18;0;RUA CEL VIRGILIO NOGUEIRA (BOM JARDIM);;;1013;;Colis?úo;;;;Meio de Quadra;;;0;1;0;0;0;0;0;0;0;0;0;0;;
314832;15;9;2017;22:33;23343;AV PONTES VIEIRA;RUA TIBURCIO CAVALCANTE;;0;;Colis?úo;;;;Cruz;Sem?íforo;Residencial;0;1;0;0;0;0;0;0;0;0;0;0;-3,752053000000000;-38,507749000000000
314833;15;9;2017;22:39;5086;RUA PDE MORORO;RUA SAO PAULO;;0;;Capotamento;;;;Cruz;Sem?íforo;Comercial;0;2;0;1;0;0;0;0;0;0;0;0;-3,722996000000000;-38,536741000000000
325447;15;9;2017;06:43;0;AV FRANCISCO SA;;;5126;;Colis?úo;Luz do Dia;;;Meio de Quadra;;;0;1;1;1;0;0;0;0;0;1;0;0;-3,713056000000000;-38,570100000000000
325452;15;9;2017;07:54;0;AV PRS COSTA E SILVA;;;5183;;Atropelamento;Luz do Dia;;;Meio de Quadra;;;0;1;1;0;0;0;1;0;0;0;0;0;-3,827970000000000;-38,534158000000000
325450;15;9;2017;07:15;0;RUA PDE PEDRO DE ALENCAR;;;1052;;Colis?úo;Luz do Dia;;;Meio de Quadra;;;0;1;0;0;0;0;0;0;0;0;0;0;;
325512;15;9;2017;02:29;0;AV BORGES DE MELO;;;0;;Colis?úo;;;;Meio de Quadra;;;0;1;0;0;0;0;0;0;0;0;0;0;;
311185;15;9;2017;07:59;0;AV PRS COSTA E SILVA;;;5183;CIALNE;Atropelamento;Luz do Dia;Bom;Seca;Meio de Quadra;N?úo H?í Controle;Comercial;0;1;1;0;0;0;0;0;0;0;0;0;-3,827252000000000;-38,535534000000000
311186;15;9;2017;06:50;0;AV PRS COSTA E SILVA;;;5295;;Colis?úo Traseira;Luz do Dia;Bom;Seca;Meio de Quadra;Sem?íforo;Comercial;0;1;1;1;0;0;0;0;0;1;0;0;-3,828187200000000;-38,533264000000000
311187;15;9;2017;07:50;9163;RUA SOUSA GIRAO;RUA ARTHUR TEMOTEO;;0;;Colis?úo Transversal;Luz do Dia;Bom;Seca;Cruz;Pare;Residencial;0;1;1;1;0;0;0;0;0;1;0;0;-3,745869400000000;-38,524520000000000
311188;15;9;2017;09:46;1701;RUA CAP ARAGAO;RUA CAP VASCONCELOS D46;;0;;Colis?úo Lateral;Luz do Dia;Bom;Seca;Cruz;Sem?íforo;Residencial;0;0;2;1;0;0;0;0;0;0;0;0;-3,765483000000000;-38,516850000000000
311189;15;9;2017;08:22;13935;RUA VER PEDRO PAULO MOREIRA;RUA GAL CAIADO DE CASTRO;;0;;Colis?úo Transversal;Luz do Dia;Bom;Seca;Cruz;Pare;Escola;0;1;4;1;0;0;0;0;0;1;0;0;-3,787061000000000;-38,488983000000000
311190;15;9;2017;11:02;1414;RUA NUNES VALENTE;RUA PDE QUINDERE;;0;;Colis?úo Lateral;Luz do Dia;Bom;Seca;Cruz;Pare;Residencial;0;1;1;1;0;0;0;0;0;1;0;0;-3,737366700000000;-38,504143000000000
311191;15;9;2017;11:19;0;AV GAL OSORIO DE PAIVA;;;0;;Colis?úo Traseira;Luz do Dia;Bom;Seca;Meio de Quadra;N?úo H?í Controle;Comercial;0;0;2;1;0;0;0;0;0;0;0;0;-3,775161500000000;-38,566120000000000
311192;15;9;2017;11:35;7860;AV ANTONIO SALES;AV SEN VIRGILIO TAVORA;;0;;Colis?úo Transversal;Luz do Dia;Bom;Seca;Cruz;Sem?íforo;Comercial;0;0;2;1;0;0;0;0;0;0;0;0;-3,747448400000000;-38,496360000000000
311193;15;9;2017;12:09;25974;RUA TRES MARIAS D39 (MONTESE);RUA PERU;;0;;Colis?úo Lateral;Luz do Dia;Bom;Seca;Outros;N?úo H?í Controle;Residencial;0;1;1;1;0;0;0;0;0;1;0;0;-3,769422800000000;-38,550050000000000
311194;15;9;2017;13:05;0;AV ANTONIO SALES;;;2435;;Colis?úo Lateral;Luz do Dia;Bom;Seca;Meio de Quadra;N?úo H?í Controle;Comercial;0;0;2;1;0;0;0;0;0;0;0;0;-3,745551600000000;-38,502170000000000
311195;15;9;2017;13:41;6752;AV SANTOS DUMONT;RUA PRO OTAVIO LOBO;;0;;Colis?úo Traseira;Luz do Dia;Bom;Seca;Cruz;Sem?íforo;Comercial;0;0;2;1;0;0;0;0;0;0;0;0;-3,742783800000000;-38,478195000000000
311196;15;9;2017;12:00;14585;AV EDILSON B SOARES;RUA NUBIA BARROCAS;;0;;Colis?úo Lateral;Luz do Dia;Bom;Seca;Cruz;N?úo H?í Controle;Residencial;0;1;4;1;0;0;0;0;0;0;0;0;-3,789561000000000;-38,482105000000000
311197;15;9;2017;14:49;13407;RUA JOAO CORDEIRO;RUA JOAQUIM TORRES;;0;;Colis?úo Transversal;Luz do Dia;Bom;Seca;Cruz;Pare;Residencial;0;1;1;1;0;0;0;0;0;1;0;0;-3,741506600000000;-38,518383000000000