COD_ACIDENTE;DIA;MES;ANO;HORA;INTERSECAO;LOG1;LOG2;LOG3;NUMERO;REFERENCIA;NATUREZA;ILUMINACAO;TEMPO;SUPERFICIEPISTA;TIPOCRUZAMENTO;CONTROLETRAFEGO;USOSOLO;MORTOS;FERIDOS;ILESOS;AUTOMOVEL;ONIBUS;BICICLETA;CAMINHAO;MICROONIBUS;CICLOMOTOR;MOTOCICLETA;TRACAOANIMAL;TREM;LATITUDE;LONGITUDE
311198;15;9;2017;15:39;19720;RUA GAL PIRAGIBE;RUA AZEVEDO BOLAO;;0;;Colis?úo Transversal;Luz do Dia;Bom;Seca;Cruz;Pare;Residencial;0;0;2;1;0;0;0;0;0;0;0;0;-3,737095400000000;-38,558130000000000
311199;15;9;2017;15:46;13408;AV ANTONIO SALES;RUA BAR ARACATI;;0;;Colis?úo Lateral;Luz do Dia;Bom;Seca;Cruz;Pare;Comercial;0;0;1;1;0;0;0;0;0;1;0;0;-3,741649600000000;-38,514970000000000
311200;15;9;2017;17:12;0;RUA JOSE TEIXEIRA COSTA;RUA GRACAS;;0;;Colis?úo Lateral;Luz do Dia;Bom;Seca;Meio de Quadra;N?úo H?í Controle;Residencial;0;1;1;1;0;0;0;0;0;1;0;0;-3,845811400000000;-38,480480000000000
311201;15;9;2017;18:29;0;AV GOV RAUL BARBOSA;;;900;;Colis?úo Transversal;Via Iluminada;Bom;Seca;Meio de Quadra;N?úo H?í Controle;Comercial;0;0;2;1;0;0;0;0;0;0;0;0;-3,758892000000000;-38,504814000000000
311202;15;9;2017;18:43;0;RUA REPUBLICA DO LIBANO;RUA OSVALDO CRUZ;;0;;Colis?úo Lateral;Via Iluminada;Bom;Seca;Cruz;Pare;Residencial;0;0;2;1;0;0;0;0;0;0;0;0;-3,730574800000000;-38,498604000000000
311203;15;9;2017;18:49;0;AV C CJ CEARA;;;317;;Colis?úo Lateral;Via Iluminada;Bom;Seca;;;;0;1;1;1;0;0;0;0;0;1;0;0;-3,761334000000000;-38,609093000000000
311204;15;9;2017;18:30;975;RUA PRO GUILHON;AV AGUANAMBI;;0;;Colis?úo Traseira;Via Iluminada;Bom;Seca;Cruz;N?úo H?í Controle;Residencial;0;0;2;1;0;0;0;0;0;0;0;0;-3,759778000000000;-38,523834000000000
311205;15;9;2017;19:53;0;RUA PEDRO LAZAR;;;1309;;Colis?úo Transversal;Via Iluminada;Bom;Seca;Meio de Quadra;N?úo H?í Controle;Comercial;0;1;1;1;0;0;0;0;0;1;0;0;-3,806799400000000;-38,488956000000000
311206;15;9;2017;18:37;0;AV DIOGUINHO;;;0;PONTE DA SABIAGUABA;Colis?úo Traseira;Via Iluminada;Bom;Seca;Cruz;Pare;Residencial;0;0;1;1;0;0;0;0;0;0;0;0;-3,812074000000000;-38,528473000000000
311207;15;9;2017;21:19;5724;RUA MON ANTERO;RUA VIRGILIO PAES;;0;;Colis?úo Lateral;Via Iluminada;Bom;Seca;Cruz;Pare;Comercial;0;0;2;1;0;0;0;0;0;0;0;0;-3,796498500000000;-38,493248000000000
311208;15;9;2017;15:30;0;RUA GRANJA CASTELO;;;250;;Colis?úo Lateral;Luz do Dia;Bom;Seca;Meio de Quadra;N?úo H?í Controle;Comercial;0;0;2;1;1;0;0;0;0;0;0;0;-3,831241800000000;-38,500114000000000
311209;15;9;2017;22:17;0;AV PONTES VIEIRA;;;1127;;Capotamento;Anoitecer;Bom;Seca;Cruz;Sem?íforo;Comercial;0;0;1;1;0;0;0;0;0;0;0;0;-3,752086400000000;-38,507610000000000
315238;15;9;2017;13:55;0;AV SEN CARLOS JEREISSATI (AEROPORTO);;;0;KM 03;Colis?úo;Luz do Dia;Bom;Seca;Meio de Quadra;;;0;0;2;1;0;0;0;0;0;0;0;0;-3,779641000000000;-38,544038000000000
315243;15;9;2017;15:50;0;AV SEN CARLOS JEREISSATI (AEROPORTO);;;0;KM 01;Colis?úo;Luz do Dia;Bom;Seca;Meio de Quadra;;;0;0;2;1;0;0;0;0;0;1;0;0;-3,783753000000000;-38,526850000000000
315244;15;9;2017;16:20;0;RD CE-040;;;0;KM-01;Colis?úo;Luz do Dia;Bom;Seca;Meio de Quadra;;;0;1;2;0;0;0;1;0;0;1;0;0;-3,764650449000000;-38,482583040000000
315241;15;9;2017;07:40;0;RD CE-060;;;0;KM-02;Colis?úo;Luz do Dia;Bom;Seca;Meio de Quadra;;;0;1;1;1;0;0;0;0;0;1;0;0;-3,834064000000000;-38,582111000000000
315248;15;9;2017;18:20;0;RD CE-060;;;0;KM-03;Colis?úo;Anoitecer;Bom;Seca;Meio de Quadra;;;0;0;2;1;0;0;0;0;0;0;0;0;-3,843038000000000;-38,585133000000000
315250;15;9;2017;20:20;0;AV MIN JOSE AMERICO;;;0;;Colis?úo;;Bom;Seca;Meio de Quadra;;;0;0;2;1;0;0;0;0;0;0;0;0;;
315696;15;9;2017;10:40;0;RD BR 116;;;2000;KM-02;Colis?úo Lateral;Luz do Dia;Bom;Seca;Meio de Quadra;;;0;0;2;0;0;0;0;0;0;0;0;0;-3,771391000000000;-38,516780000000000
315697;15;9;2017;12:45;0;RD BR 222;;;0;KM-03;Engavetamento;Luz do Dia;Bom;Seca;Meio de Quadra;;;0;0;5;1;0;0;0;0;0;0;0;0;-3,740300848000000;-38,595940970000000
303950;15;9;2017;20:33;0;RUA ALUISIO AZEVEDO;;;833;;Colis?úo;;;;;;;1;0;1;1;0;0;0;0;0;1;0;0;-3,769859000000000;-38,579843000000000
304524;15;9;2017;11:13;25726;RUA HOLANDA;RUA SEBASTIAO DE ABREU (MONDUBIM);;0;;Colis?úo Frontal;Luz do Dia;;;;;;0;1;1;1;0;0;0;0;0;1;0;0;-3,791938000000000;-38,566597000000000
304525;15;9;2017;16:15;14371;RUA NAT FEIJO;RUA MARIO STUDART;;0;;Colis?úo Transversal;Luz do Dia;;;Com Via F?®rrea;N?úo H?í Controle;Comercial;0;1;1;1;0;0;0;0;0;1;0;0;-3,722549000000000;-38,551691000000000
304522;15;9;2017;09:20;0;RUA METON DE ALENCAR;;;1567;;Colis?úo Lateral;Luz do Dia;;;Meio de Quadra;;;0;0;2;1;0;0;0;0;0;1;0;0;-3,731453000000000;-38,537451000000000
304527;15;9;2017;08:20;11191;AV DR SILAS MUNGUBA;RUA JOSE MENELEU D41;;0;;Colis?úo Transversal;Luz do Dia;;;Cruz;Sem?íforo;Comercial;0;2;2;0;1;0;0;0;0;0;0;0;-3,780972000000000;-38,558016000000000
304530;15;9;2017;19:00;7770;RUA JOSE VILAR;RUA TOMAS ACIOLI;;0;;Colis?úo Lateral;;;;Cruz;Pare;Residencial;0;0;2;1;0;0;0;0;0;0;0;0;-3,745503000000000;-38,507807000000000
304561;16;9;2017;06:00;0;RUA GERMANO FRANCK;;;267;;Colis?úo Traseira;Luz do Dia;Bom;Seca;Outros;Sem?íforo;Residencial;0;0;1;1;0;0;0;0;0;0;0;0;-3,774825000000000;-38,559139000000000
304574;16;9;2017;22:00;283;RUA DOM JOSE LOURENCO  D27;RUA ROTARY;;0;;Colis?úo Lateral;Via Iluminada;Bom;Seca;Cruz;N?úo H?í Controle;Comercial;0;1;1;1;0;0;0;0;0;1;0;0;-3,742410000000000;-38,558154000000000
304539;16;9;2017;05:00;12925;AV AGUANAMBI;AV DOMINGOS OLIMPIO;;0;;Colis?úo Frontal;Amanhecer;Bom;Seca;Cruz;Sem?íforo;Comercial;0;0;2;1;0;0;0;0;0;0;0;0;-3,738683000000000;-38,524628000000000
304537;16;9;2017;14:25;0;AV DUQ CAXIAS;;;0;;Colis?úo Traseira;Luz do Dia;Bom;Seca;Meio de Quadra;Sem?íforo;Comercial;0;0;3;1;0;0;0;0;0;0;0;0;;
304566;16;9;2017;03:50;5075;RUA JOSE AVELINO;RUA ALM JACEGUAI;;0;;Colis?úo Lateral;Mal Iluminada;Bom;Seca;Cruz;Outros;Comercial;0;0;2;1;0;0;0;0;0;0;0;0;-3,722395000000000;-38,519311000000000
304584;16;9;2017;03:00;0;RUA MAL DEODORO;;;1204;;Choque c/ Obst?ículo Fixo;Via Iluminada;Bom;Seca;Outros;Outros;Residencial;0;1;1;1;0;0;0;0;0;0;0;0;-3,745690000000000;-38,537767000000000
304588;16;9;2017;06:00;0;AV PRS COSTA E SILVA;;;3307;;Atropelamento;Luz do Dia;Bom;Seca;Meio de Quadra;Outros;Comercial;0;1;1;0;1;0;0;0;0;0;0;0;-3,829373000000000;-38,525621000000000
304074;16;9;2017;23:20;0;RUA PDE ANTONINO;;;598;;Colis?úo;;;;Meio de Quadra;;;1;0;1;0;0;1;0;0;0;1;0;0;-3,746085000000000;-38,520482000000000
315266;16;9;2017;14:20;0;AV SEN CARLOS JEREISSATI (AEROPORTO);;;0;KM 03;Colis?úo;Luz do Dia;Bom;Seca;Meio de Quadra;;;0;0;2;1;0;0;0;0;0;1;0;0;-3,779641000000000;-38,544038000000000
315267;16;9;2017;15:00;0;RD CE-040;;;0;KM-02;Colis?úo;Luz do Dia;Bom;Seca;Meio de Quadra;;;0;0;2;1;1;0;0;0;0;0;0;0;-3,773616148000000;-38,481799400000000
311210;16;9;2017;01:41;0;AV PRS CASTELO BRANCO;AV DOM MANUEL;;0;;Choque c/ Obst?ículo Fixo;Via Iluminada;Bom;Seca;Cruz;Sem?íforo;Comercial;0;0;1;1;0;0;0;0;0;0;0;0;-3,723434400000000;-38,519802000000000
311211;16;9;2017;08:20;24347;AV LUCIANO CARNEIRO;RUA DES PRAXEDES;;0;;Colis?úo Transversal;Luz do Dia;Bom;Seca;Cruz;Sem?íforo;Residencial;0;0;1;1;0;0;0;0;0;0;0;0;-3,765057000000000;-38,536694000000000
311212;16;9;2017;07:52;12886;RUA LAURO MAIA;RUA ABAIARA;;0;;Colis?úo Transversal;Luz do Dia;Bom;Seca;Cruz;Pare;Comercial;0;1;1;1;0;0;0;0;0;1;0;0;-3,740197700000000;-38,524403000000000
311213;16;9;2017;10:40;12608;RUA GAL TOME CORDEIRO;RUA AMOR PERFEITO;;0;;Colis?úo Transversal;Luz do Dia;Bom;Seca;Cruz;Pare;Comercial;0;1;2;1;0;0;0;0;0;1;0;0;-3,732773800000000;-38,584522000000000
311214;16;9;2017;08:38;1282;AV SANTOS DUMONT;AV BAR STUDART;;0;;Colis?úo Transversal;Luz do Dia;Bom;Seca;Cruz;Sem?íforo;Comercial;0;1;1;1;0;0;0;0;0;1;0;0;-3,733574000000000;-38,506245000000000
311215;16;9;2017;11:50;1456;AV SANTOS DUMONT;RUA CEL JUCA;;0;;Colis?úo Lateral;Luz do Dia;Bom;Seca;Cruz;Sem?íforo;Comercial;0;0;2;1;1;0;0;0;0;0;0;0;-3,738535400000000;-38,491352000000000
311216;16;9;2017;13:24;1601;RUA PDE VALDEVINO;RUA VIS MAUA;;0;;Colis?úo Transversal;Luz do Dia;Bom;Seca;Cruz;Pare;Comercial;0;1;1;1;0;0;0;0;0;1;0;0;-3,743983700000000;-38,501793000000000
311217;16;9;2017;12:45;5072;AV TRISTAO GONCALVES;RUA CASTRO E SILVA;;0;;Colis?úo Lateral;Luz do Dia;Bom;Seca;T;Pare;Comercial;0;0;2;1;1;0;0;0;0;0;0;0;-3,722508000000000;-38,531868000000000
311218;16;9;2017;13:00;0;AV DR SILAS MUNGUBA;;;2946;;Colis?úo Lateral;Luz do Dia;Bom;Seca;N?úo Informado;N?úo H?í Controle;Comercial;0;0;2;1;1;0;0;0;0;0;0;0;-3,787846800000000;-38,547375000000000
311219;16;9;2017;14:23;0;AV DIOGUINHO;;;0;;Colis?úo Transversal;Luz do Dia;Bom;Seca;Cruz;N?úo H?í Controle;Lazer;0;0;2;1;0;0;0;0;0;0;0;0;-3,754965300000000;-38,446450000000000
311220;16;9;2017;14:00;15225;RUA ILDEFONSO ALBANO;RUA TEN BENEVOLO;;0;;Colis?úo Transversal;Luz do Dia;Bom;Seca;Cruz;Sem?íforo;Residencial;0;0;2;1;0;0;0;0;0;0;0;0;-3,727271800000000;-38,511307000000000
311221;16;9;2017;15:01;6721;AV ENG SANTANA JUNIOR;RUA BENTO ALBUQUERQUE;;0;;Colis?úo Traseira;Luz do Dia;Bom;Seca;Cruz;Sem?íforo;Residencial;0;1;1;0;0;0;0;0;0;1;0;0;-3,742745200000000;-38,486523000000000
311222;16;9;2017;15:01;0;RUA MARANHAO;;;674;;Colis?úo Lateral;Luz do Dia;Bom;Seca;Meio de Quadra;N?úo H?í Controle;Residencial;0;0;2;1;0;0;0;0;0;1;0;0;-3,754780800000000;-38,567192000000000
311223;16;9;2017;14:40;0;RUA PRO HERIBALDO COSTA;;;1017;;Choque c/ Obst?ículo Fixo;Luz do Dia;Bom;Seca;Meio de Quadra;N?úo H?í Controle;Residencial;0;0;2;1;0;0;0;0;0;0;0;0;-3,761555400000000;-38,584637000000000
311224;16;9;2017;12:45;7869;RUA BARBOSA DE FREITAS;RUA FRANCISCO HOLANDA;;0;;Colis?úo Transversal;Luz do Dia;Bom;Seca;Cruz;Pare;Residencial;0;2;1;0;0;0;0;0;0;1;0;0;-3,749646200000000;-38,501495000000000
311225;16;9;2017;15:47;0;RUA PRO HERIBALDO COSTA;;;1128;;Colis?úo Traseira;Luz do Dia;Bom;Seca;Meio de Quadra;N?úo H?í Controle;Residencial;0;1;0;1;0;0;0;0;0;1;0;0;-3,762304000000000;-38,585150000000000
311226;16;9;2017;18:30;15357;RUA LEONARDO MOTA;RUA PEREIRA VALENTE;;0;;Colis?úo Transversal;Via Iluminada;Bom;Seca;Cruz;Pare;Residencial;0;1;1;1;0;0;0;0;0;0;0;0;-3,732848200000000;-38,495064000000000
314834;16;9;2017;04:59;0;AV GAL OSORIO DE PAIVA;;;5541;;Atropelamento de Animal;;;;Meio de Quadra;;;0;1;0;0;0;0;0;0;0;1;0;0;-3,805379000000000;-38,602735000000000
314835;16;9;2017;05:50;0;AV PERIMETRAL;;;3298;;Atropelamento;Amanhecer;;;Meio de Quadra;;;0;1;1;0;1;0;0;0;0;0;0;0;;
314837;16;9;2017;06:27;0;AV MAJ ASSIS;;;2325;;Queda;Luz do Dia;;;Meio de Quadra;;;0;1;0;0;0;0;0;0;0;1;0;0;-3,720567000000000;-38,600510000000000
314838;16;9;2017;07:03;0;AV DIOGUINHO;;;2950;;Colis?úo;Luz do Dia;;;Meio de Quadra;;;0;1;1;1;0;0;0;0;0;1;0;0;-3,742009000000000;-38,453121000000000
314839;16;9;2017;07:35;23741;RUA CON DE CASTRO;RUA GABRIEL FIUZA;;0;;Colis?úo;Luz do Dia;;;T;;Residencial;0;1;0;0;0;0;0;0;0;0;0;0;-3,789390000000000;-38,577474000000000
314840;16;9;2017;07:43;0;AV PERIMETRAL;;;0;;Colis?úo;Luz do Dia;;;Meio de Quadra;;;0;1;1;1;0;0;0;0;0;1;0;0;;
314842;16;9;2017;08:23;0;RUA OLIVEIRA SOBRINHO;;;79;;Colis?úo;Luz do Dia;;;Meio de Quadra;;;0;1;1;1;0;0;0;0;0;1;0;0;;
314845;16;9;2017;09:20;0;RUA HOLANDA;;;0;;Queda;Luz do Dia;;;Meio de Quadra;;;0;1;0;0;0;1;0;0;0;0;0;0;;
314853;16;9;2017;11:27;0;AV MOZART PINHEIRO DE LUCENA;;;760;;Colis?úo;Luz do Dia;;;Meio de Quadra;;;0;1;1;1;0;0;0;0;0;1;0;0;-3,709397000000000;-38,593112000000000
314854;16;9;2017;11:45;0;RUA BERNARDO MANUEL;;;10775;;Colis?úo;Luz do Dia;;;Meio de Quadra;;;0;1;1;0;0;0;0;0;0;1;0;0;-3,813485000000000;-38,555927000000000
314847;16;9;2017;09:36;0;RUA ANTONIO BARROS;;;1390;;Atropelamento;Luz do Dia;;;Meio de Quadra;;;0;4;0;0;0;0;0;0;0;1;0;0;-3,831381500000000;-38,488994300000000
314861;16;9;2017;12:11;0;AV JOR THOMAZ COELHO;;;3102;;Colis?úo;Luz do Dia;;;Meio de Quadra;;;0;1;1;0;0;0;0;0;0;1;0;0;-3,829084000000000;-38,523604000000000
314863;16;9;2017;13:19;0;AV DIOGUINHO;;;0;;Colis?úo;Luz do Dia;;;Meio de Quadra;;;0;1;1;1;0;0;0;0;0;0;0;0;;
314867;16;9;2017;15:57;0;RUA TEN BOTELHO;;;295;;Queda;Luz do Dia;;;Meio de Quadra;;;0;1;0;0;0;0;0;0;0;1;0;0;-3,734374900000000;-38,480714900000000
314868;16;9;2017;16:05;17601;RUA PIAUI;RUA RIO GRANDE DO SUL;;0;;Colis?úo;Luz do Dia;;;Cruz;Pare;;0;1;1;0;0;0;0;0;0;1;0;0;-3,756880000000000;-38,566439000000000
314865;16;9;2017;13:49;0;RUA ARTUR DE CARVALHO;;;2727;;Queda;Luz do Dia;;;Meio de Quadra;;;0;1;0;0;0;0;0;0;0;1;0;0;;
314871;16;9;2017;16:30;0;AV ABOLICAO;;;3986;;Atropelamento;Luz do Dia;;;Meio de Quadra;;;0;1;1;1;0;0;0;0;0;0;0;0;-3,725165000000000;-38,483653000000000
314873;16;9;2017;16:45;0;AV DR SILAS MUNGUBA;;;0;;Atropelamento;Luz do Dia;;;Meio de Quadra;;;0;1;1;1;0;0;0;0;0;0;0;0;;
314874;16;9;2017;17:46;0;RUA TAVARES IRACEMA;;;0;;Queda;Anoitecer;;;Meio de Quadra;;;0;1;0;0;0;0;0;0;0;1;0;0;;
314876;16;9;2017;18:27;14495;RUA JOSE MESSIAS MATOS;RUA JOSE AUGUSTO;;0;;Queda;Anoitecer;;;;;;0;1;0;0;0;0;0;0;0;1;0;0;-3,799798000000000;-38,517273000000000
314879;16;9;2017;18:57;0;RUA TAVARES IRACEMA;;;0;;Colis?úo;;;;Meio de Quadra;;;0;1;0;0;0;0;0;0;0;0;0;0;;
314880;16;9;2017;19:17;0;AV PERIMETRAL;;;0;;Atropelamento;;;;Meio de Quadra;;;0;1;1;0;1;0;0;0;0;0;0;0;;
314886;16;9;2017;19:43;2328;AV CEL CARVALHO;AV FRANCISCO SA;;0;;Queda;;;;Cruz;Pare;Comercial;0;1;0;0;0;1;0;0;0;0;0;0;-3,703499000000000;-38,591542000000000
314887;16;9;2017;19:53;0;RUA BRI TORRES;;;1231;;Colis?úo;;;;Meio de Quadra;;;0;1;0;0;0;0;0;0;0;0;0;0;-3,768778700000000;-38,581521500000000
314888;16;9;2017;19:59;0;RD BR 116;;;1000;KM-01;Colis?úo Lateral;;Bom;Seca;Meio de Quadra;;;0;2;1;1;0;0;0;0;0;1;0;0;-3,762554000000000;-38,518702000000000
314889;16;9;2017;20:01;0;AV AGUANAMBI;;;0;;Colis?úo;;;;Meio de Quadra;;;0;1;0;0;0;0;0;0;0;0;0;0;;
314890;16;9;2017;20:28;0;AV JOSE JATAHY;;;1342;;Colis?úo;;;;Meio de Quadra;;;0;2;1;0;0;0;0;0;0;1;0;0;-3,733221000000000;-38,544580000000000
314891;16;9;2017;21:51;289;RUA PRO LINO ENCARNACAO;RUA ROTARY;;0;;Colis?úo;;;;Cruz;Pare;Residencial;0;3;1;1;0;0;0;0;0;1;0;0;-3,742855000000000;-38,560323000000000
314905;16;9;2017;22:16;1447;AV DES MOREIRA;RUA TORRES CAMARA;;0;;Colis?úo;;;;;;;0;1;0;0;0;0;0;0;0;0;0;0;-3,738207000000000;-38,498980000000000
314912;16;9;2017;22:28;0;RUA CARNAUBAS;;;883;;Atropelamento;;;;Meio de Quadra;;;0;1;1;1;0;0;0;0;0;0;0;0;-3,811587800000000;-38,536401300000000
314913;16;9;2017;22:32;0;RUA JOSE MENDONCA;;;1037;;Colis?úo;;;;Meio de Quadra;;;0;2;0;0;0;0;0;0;0;1;0;0;-3,754695000000000;-38,601734000000000
314914;16;9;2017;22:47;25137;RUA BENI DE CARVALHO;RUA BARBOSA DE FREITAS;;0;;Colis?úo;;;;Cruz;Sem?íforo;Residencial;0;1;1;1;0;0;0;0;0;0;0;0;-3,744414000000000;-38,499890000000000
314915;16;9;2017;20:03;24886;AV MAJ ASSIS;AV MOZART PINHEIRO DE LUCENA;;0;;Colis?úo;;;;Duplo T;Sem?íforo;Comercial;0;1;1;1;0;0;0;0;0;1;0;0;-3,721514087000000;-38,596661554000000
314902;16;9;2017;22:16;0;AV FRE CIRILO;;;0;;Colis?úo;;;;Meio de Quadra;;;0;1;1;1;0;0;0;0;0;1;0;0;;
314917;16;9;2017;23:07;0;AV DR SILAS MUNGUBA;;;398;;Colis?úo;;;;Meio de Quadra;;;0;1;0;0;0;0;0;0;0;0;0;0;-3,777729000000000;-38,561709000000000
314918;16;9;2017;23:07;0;AV EDUARDO GIRAO;;;0;;Colis?úo;;;;Meio de Quadra;;;0;1;1;1;0;0;0;0;0;1;0;0;;
314931;16;9;2017;23:57;0;AV DR SILAS MUNGUBA;;;398;;Colis?úo;;;;Meio de Quadra;;;0;1;1;1;0;0;0;0;0;1;0;0;-3,777729000000000;-38,561709000000000
314934;17;9;2017;00:45;3324;RUA VIRIATO RIBEIRO;RUA URUGUAI;;0;;Colis?úo;;;;Cruz;Pare;Comercial;0;1;0;0;0;0;0;0;0;0;0;0;-3,748176000000000;-38,563322000000000
314935;17;9;2017;00:58;0;AV SGT HERMINIO SAMPAIO;;;344;;Colis?úo;;;;Meio de Quadra;;;0;2;2;1;0;0;0;0;0;1;0;0;;
314958;17;9;2017;01:43;26250;RUA VER PEDRO PAULO MOREIRA;RUA MARVIN;;0;;Colis?úo;;;;;;;0;1;1;1;0;0;0;0;0;1;0;0;-3,787224000000000;-38,484055000000000
314959;17;9;2017;03:02;3831;AV 13 DE MAIO;RUA MAL DEODORO;;0;;Atropelamento;;;;Cruz;Sem?íforo;Comercial;0;1;1;1;0;0;0;0;0;0;0;0;-3,743122000000000;-38,536588000000000
314960;17;9;2017;03:11;0;AV DES MOREIRA;;;1031;;Atropelamento;;;;Meio de Quadra;;;0;1;1;1;0;0;0;0;0;0;0;0;-3,734927000000000;-38,497930000000000
314962;17;9;2017;04:24;0;AV SEN CARLOS JEREISSATI (AEROPORTO);;;178;;Queda;;;;Meio de Quadra;;;0;1;0;0;0;0;0;0;0;1;0;0;-3,782388025000000;-38,534871921000000
314963;17;9;2017;05:09;0;RUA BETEL;;;0;;Queda;Amanhecer;;;Meio de Quadra;;;0;1;0;0;0;0;0;0;0;1;0;0;;
314979;17;9;2017;08:20;0;AV N CJ CEARA;;;2110;;Colis?úo;Luz do Dia;;;Meio de Quadra;;;0;0;2;1;0;0;0;0;0;0;0;0;;
314980;17;9;2017;09:09;0;AV JOR THOMAZ COELHO;;;0;;Atropelamento;Luz do Dia;;;Meio de Quadra;;;0;1;1;1;0;0;0;0;0;0;0;0;;
314981;17;9;2017;09:49;0;AV CEL CARVALHO;;;88;;Queda;Luz do Dia;;;Meio de Quadra;;;0;1;0;0;0;0;0;0;0;1;0;0;-3,703579000000000;-38,591521000000000
314985;17;9;2017;10:47;14485;AV ALBERTO CRAVEIRO;RUA FRANCISCO VILELA;;0;;Queda;Luz do Dia;;;T;Outros;Residencial;0;1;0;0;0;0;0;0;0;1;0;0;-3,797346000000000;-38,518494000000000
314987;17;9;2017;10:52;0;RUA CON DE CASTRO;;;2808;;Colis?úo;Luz do Dia;;;Meio de Quadra;;;0;2;1;0;0;0;0;0;0;1;0;0;-3,793879000000000;-38,581635000000000
314989;17;9;2017;10:56;0;AV PERIMETRAL;;;820;;Colis?úo;Luz do Dia;;;Meio de Quadra;;;0;1;0;0;0;0;0;0;0;0;0;0;;
314991;17;9;2017;11:21;0;AV SGT HERMINIO SAMPAIO;;;1080;;Colis?úo;Luz do Dia;;;Meio de Quadra;;;0;1;1;1;0;0;0;0;0;1;0;0;-3,724629000000000;-38,550261000000000
314996;17;9;2017;11:55;0;AV ZEZE DIOGO;;;0;;Colis?úo;Luz do Dia;;;Meio de Quadra;;;0;1;1;1;0;0;0;0;0;1;0;0;;
314997;17;9;2017;12:24;0;AV CONTORNO SUL;;;0;;Colis?úo;Luz do Dia;;;Meio de Quadra;;;0;1;0;0;0;0;0;0;0;0;0;0;;
314998;17;9;2017;13:02;0;AV FRANCISCO SA;;;94;;Queda;Luz do Dia;;;Meio de Quadra;;;0;1;0;0;0;1;0;0;0;0;0;0;-3,722732200000000;-38,541102400000000
315003;17;9;2017;13:42;0;RUA RODRIGUES MEDEIROS;;;701;;Queda;Luz do Dia;;;Meio de Quadra;;;0;1;0;0;0;0;0;0;0;1;0;0;;
315005;17;9;2017;14:14;0;AV PERIMETRAL;;;3475;;Atropelamento;Luz do Dia;;;Meio de Quadra;;;0;1;1;0;0;0;1;0;0;0;0;0;;
315006;17;9;2017;14:32;6584;AV J CJ CEARA;AV H CJ CEARA;;0;;Colis?úo;Luz do Dia;;;Cruz;Outros;Residencial;0;3;0;1;0;0;0;0;0;0;0;0;-3,777092000000000;-38,621543000000000
314993;17;9;2017;11:33;0;AV DIOGUINHO;;;0;;Colis?úo;Luz do Dia;;;Meio de Quadra;;;0;1;0;0;0;0;0;0;0;0;0;0;;
315010;17;9;2017;15:41;0;RUA GASPAR LEMOS;;;255;;Colis?úo;Luz do Dia;;;Meio de Quadra;;;0;1;1;0;0;0;0;0;0;1;0;0;-3,751368600000000;-38,569777200000000
315011;17;9;2017;16:31;0;RUA CARMEM CINIRA;;;110;;Atropelamento;Luz do Dia;;;Meio de Quadra;;;0;1;1;1;0;0;0;0;0;0;0;0;-3,728158000000000;-38,560385000000000
315012;17;9;2017;18:23;0;AV CASTELO DE CASTRO;;;100;;Colis?úo;Anoitecer;;;Meio de Quadra;;;0;1;1;1;0;0;0;0;0;1;0;0;-3,829870000000000;-38,521460000000000
315017;17;9;2017;18:36;0;RUA FRANCISCA BEZERRA;;;0;;Queda;;;;Meio de Quadra;;;0;1;0;0;0;1;0;0;0;0;0;0;;
315018;17;9;2017;18:52;0;RUA TIM MAIA;;;157;;Colis?úo;;;;Meio de Quadra;;;0;1;1;1;0;0;0;0;0;1;0;0;-3,750463000000000;-38,567576000000000
315019;17;9;2017;19:00;0;RUA BAR CRATO;;;0;;Atropelamento;;;;Meio de Quadra;;;0;2;0;0;0;0;0;0;0;1;0;0;;
315020;17;9;2017;19:11;0;RUA JOSE CARLOS GURGEL NOGUEIRA;;;84;;Colis?úo;;;;Meio de Quadra;;;0;1;0;0;0;0;0;0;0;0;0;0;-3,732903000000000;-38,473817000000000
315022;17;9;2017;19:36;0;RUA BERNARDO MANUEL;;;1316;;Colis?úo;;;;Meio de Quadra;;;0;1;1;1;0;0;0;0;0;1;0;0;-3,780151597000000;-38,545800621000000
315023;17;9;2017;19:39;24221;RUA JOSE CARLOS GURGEL NOGUEIRA;RUA PRO HERACLITO;;0;;Colis?úo;;;;Cruz;Pare;Residencial;0;1;1;0;0;0;0;0;0;1;0;0;-3,732973000000000;-38,473860000000000
315024;17;9;2017;21:09;0;AV AUGUSTO DOS ANJOS;;;1196;;Colis?úo;;;;Meio de Quadra;;;0;2;0;0;0;0;0;0;0;0;0;0;;
315032;17;9;2017;21:29;0;AV ENG SANTANA JUNIOR;;;0;;Colis?úo;;;;Meio de Quadra;;;0;1;0;0;0;0;0;0;0;0;0;0;;
315033;17;9;2017;06:46;0;RUA ARGENTINA;;;90;;Colis?úo;Luz do Dia;;;Meio de Quadra;;;0;1;0;0;0;0;0;0;0;0;0;0;-3,746740000000000;-38,563858000000000
315014;17;9;2017;18:28;0;AV DR SILAS MUNGUBA;;;0;;Colis?úo;Anoitecer;;;Meio de Quadra;;;0;1;1;1;0;0;0;0;0;1;0;0;;
315015;17;9;2017;18:32;0;RUA ARI MAIA;;;458;;Colis?úo;;;;Meio de Quadra;;;0;1;1;1;0;0;0;0;0;1;0;0;-3,779859000000000;-38,620345000000000
311227;17;9;2017;11:45;0;AV DOMINGOS OLIMPIO;;;123;;Colis?úo Traseira;Luz do Dia;Bom;Seca;Meio de Quadra;Sem?íforo;Comercial;0;0;2;1;0;0;0;0;0;0;0;0;-3,738507500000000;-38,525196000000000