COD_ACIDENTE;DIA;MES;ANO;HORA;INTERSECAO;LOG1;LOG2;LOG3;NUMERO;REFERENCIA;NATUREZA;ILUMINACAO;TEMPO;SUPERFICIEPISTA;TIPOCRUZAMENTO;CONTROLETRAFEGO;USOSOLO;MORTOS;FERIDOS;ILESOS;AUTOMOVEL;ONIBUS;BICICLETA;CAMINHAO;MICROONIBUS;CICLOMOTOR;MOTOCICLETA;TRACAOANIMAL;TREM;LATITUDE;LONGITUDE
311228;17;9;2017;08:40;0;AV ROGACIANO LEITE;;;3050;;Colis?úo Lateral;Luz do Dia;Bom;Seca;Meio de Quadra;N?úo H?í Controle;Residencial;0;1;0;1;0;0;0;0;0;0;0;0;-3,785713000000000;-38,503117000000000
311229;17;9;2017;19:32;0;RUA CARLOS AMORA;;;0;;Colis?úo Traseira;Via Iluminada;Bom;Seca;Meio de Quadra;N?úo H?í Controle;Comercial;0;0;2;1;0;0;0;0;0;0;0;0;-3,776220300000000;-38,562817000000000
311230;17;9;2017;19:35;0;AV J CJ CEARA;;;2624;;Colis?úo Lateral;Luz do Dia;Bom;Seca;Meio de Quadra;Pare;Residencial;0;0;5;1;0;0;0;0;0;0;0;0;-3,772225900000000;-38,618896000000000
311241;17;9;2017;21:49;0;AV ENG SANTANA JUNIOR;;;2709;;Choque c/ Obst?ículo Fixo;Via Iluminada;Bom;Seca;Meio de Quadra;N?úo H?í Controle;Comercial;0;0;2;1;0;0;0;0;0;0;0;0;-3,745168200000000;-38,489132000000000
315268;17;9;2017;16:51;0;RD CE-040;;;0;KM-05;Colis?úo;Luz do Dia;Bom;Seca;Meio de Quadra;;;0;0;2;1;0;0;0;0;0;0;0;0;-3,800595823000000;-38,479534630000000
315269;17;9;2017;19:00;0;AV SEN CARLOS JEREISSATI (AEROPORTO);;;0;KM 03;Colis?úo;;Bom;Seca;Meio de Quadra;;;0;1;1;1;0;0;0;0;0;1;0;0;-3,779641000000000;-38,544038000000000
305624;17;9;2017;15:20;0;RUA VIRIATO RIBEIRO;;;0;;Colis?úo Transversal;Luz do Dia;Bom;Seca;Meio de Quadra;Pare;Residencial;0;3;0;1;0;0;0;0;0;1;0;0;;
305617;17;9;2017;14:00;11281;AV GODOFREDO MACIEL;RUA RUBENS MONTE D43;;0;;Colis?úo Lateral;Luz do Dia;Bom;Seca;T;Sem?íforo Intermitente;Comercial;0;3;0;1;0;0;0;0;0;0;0;0;-3,799374000000000;-38,570810000000000
304538;17;9;2017;18:25;15821;AV JOR THOMAZ COELHO;RUA ANGELICA GURGEL;;0;;Colis?úo Lateral;Anoitecer;;;T;Pare;Comercial;0;0;2;1;1;0;0;0;0;0;0;0;-3,832400000000000;-38,499058000000000
304531;17;9;2017;21:05;26255;AV HIS RAIMUNDO GIRAO;RUA HIS GUARINO ALVES;;0;;Colis?úo Lateral;;;;T;Pare;Comercial;0;0;2;1;0;0;1;0;0;0;0;0;;
304533;17;9;2017;01:40;0;AV DR SILAS MUNGUBA;;;388;;Colis?úo Lateral;;;;Meio de Quadra;;;0;1;1;1;0;0;0;0;0;1;0;0;-3,777729000000000;-38,561709000000000
304534;17;9;2017;07:15;0;RUA POMPILIO GOMES;;;1121;;Atropelamento;Luz do Dia;;;Meio de Quadra;;;0;2;0;0;0;0;0;0;0;1;0;0;-3,820338600000000;-38,520771600000000
304535;17;9;2017;09:00;0;AV JOR THOMAZ COELHO;;;0;LAGOA DA MESSEJANA;Atropelamento;Luz do Dia;;;Meio de Quadra;;;0;1;1;1;0;0;0;0;0;0;0;0;;
304536;17;9;2017;03:00;26250;RUA VER PEDRO PAULO MOREIRA;RUA MARVIN;;0;;Colis?úo Transversal;;;;;;;0;1;1;1;0;0;0;0;0;1;0;0;-3,787224000000000;-38,484055000000000
304545;18;9;2017;10:50;0;RUA GAL SAMPAIO;;;1162;;Atropelamento;Luz do Dia;;;Meio de Quadra;;;0;1;1;0;0;0;0;0;0;1;0;0;-3,728517000000000;-38,531259000000000
304541;18;9;2017;12:50;19704;AV BEZERRA DE MENEZES;RUA MOREIRA DE SOUSA;;0;;Colis?úo Traseira;Luz do Dia;;;Cruz;Sem?íforo;Comercial;0;0;2;0;0;0;1;0;0;0;0;0;-3,736109000000000;-38,566546000000000
304542;18;9;2017;08:30;0;RUA VIRIATO RIBEIRO;;;800;;Colis?úo Lateral;Luz do Dia;;;Meio de Quadra;;;0;1;1;0;0;1;0;0;0;1;0;0;-3,750241000000000;-38,561296000000000
304548;18;9;2017;16:16;0;RUA SEN POMPEU;;;1613;;Colis?úo Traseira;Luz do Dia;;;Meio de Quadra;;;0;0;2;1;0;0;0;0;0;0;0;0;-3,732915000000000;-38,531437000000000
315270;18;9;2017;11:30;0;RD CE-025;;;0;KM-01;Tombamento;Luz do Dia;Bom;Seca;Meio de Quadra;;;0;1;0;0;0;0;0;0;0;1;0;0;-3,807811443000000;-38,470048600000000
315252;18;9;2017;23:31;0;AV SANTOS DUMONT;;;0;;Colis?úo;;;;Meio de Quadra;;;0;1;1;1;0;0;0;0;0;1;0;0;;
315240;18;9;2017;19:41;0;RUA URUCUTUBA;;;0;;Colis?úo;;;;Meio de Quadra;;;0;1;0;0;0;0;0;0;0;0;0;0;;
315237;18;9;2017;19:14;0;RD BR 116;;;4000;KM-04;Colis?úo;;;;Meio de Quadra;;;0;1;0;0;0;0;0;0;0;0;0;0;-3,788331000000000;-38,510646000000000
315230;18;9;2017;16:44;15142;AV MON TABOSA;RUA MON BRUNO;;0;;Colis?úo;Luz do Dia;;;Cruz;N?úo H?í Controle;Residencial;0;1;1;0;0;0;0;0;0;1;0;0;-3,724369000000000;-38,506833000000000
315233;18;9;2017;17:10;0;RUA CATOLE;;;0;;Queda;Anoitecer;;;Meio de Quadra;;;0;1;0;0;0;0;0;0;0;1;0;0;;
315234;18;9;2017;17:25;0;RD BR 116;;;0;;Atropelamento;Anoitecer;;;Meio de Quadra;;;0;1;1;1;0;0;0;0;0;0;0;0;;
315235;18;9;2017;18:03;5328;AV DUQ CAXIAS;AV TRISTAO GONCALVES;;0;;Colis?úo;Anoitecer;;;Cruz;Sem?íforo;Comercial;0;1;1;1;0;0;0;0;0;1;0;0;-3,730400000000000;-38,534196000000000
315224;18;9;2017;15:39;0;AV JOSE BASTOS;;;0;;Queda;Luz do Dia;;;Meio de Quadra;;;0;1;0;0;0;0;0;0;0;1;0;0;;
315226;18;9;2017;15:52;21582;RUA LUIS VIEIRA;RUA COSTA FREIRE;;0;;Colis?úo;Luz do Dia;;;Cruz;Pare;Comercial;0;1;1;1;0;0;0;0;0;1;0;0;-3,794850000000000;-38,587064000000000
315215;18;9;2017;13:17;0;RD BR 116;;;0;;Queda;Luz do Dia;;;Meio de Quadra;;;0;1;0;0;0;0;0;0;0;1;0;0;;
315217;18;9;2017;15:29;8647;AV EDILSON B SOARES;RUA PRO SOLON FARIAS;;0;;Colis?úo;Luz do Dia;;;Cruz;Pare;Residencial;0;1;1;1;0;0;0;0;0;1;0;0;-3,789155000000000;-38,477116000000000
315700;18;9;2017;19:20;0;RD BR 116;;;3000;KM-03;Colis?úo Traseira;;Bom;Seca;Meio de Quadra;;;0;1;2;1;0;0;0;0;0;1;0;0;-3,779838000000000;-38,514372000000000
311242;18;9;2017;10:13;15104;AV HIS RAIMUNDO GIRAO;RUA ILDEFONSO ALBANO;;0;;Colis?úo Lateral;Luz do Dia;Bom;Seca;Cruz;Sem?íforo;Residencial;0;0;2;1;1;0;0;0;0;0;0;0;-3,721888500000000;-38,509620000000000
311243;18;9;2017;10:40;0;AV ENG SANTANA JUNIOR;;;3700;;Colis?úo Transversal;Luz do Dia;Bom;Seca;Meio de Quadra;N?úo H?í Controle;Comercial;0;1;2;1;0;0;0;0;0;1;0;0;-3,749765000000000;-38,490320000000000
311244;18;9;2017;10:57;0;RUA ANTONIO AUGUSTO;;;212;;Choque c/ Obst?ículo Fixo;Luz do Dia;Bom;Seca;Meio de Quadra;N?úo H?í Controle;Residencial;0;0;3;1;0;0;0;0;0;0;0;0;-3,723202000000000;-38,511173000000000
311245;18;9;2017;11:29;4633;AV VIENA WEYNE;RUA DR JOSE FURTADO;;0;;Colis?úo Transversal;Luz do Dia;Bom;Seca;Rotat??ria;D?¬ Prefer?¬ncia;Comercial;0;1;1;1;0;0;0;0;0;1;0;0;-3,801433300000000;-38,488552000000000
311246;18;9;2017;10:30;0;RUA EMILIO DE MENESES;;;962;;Colis?úo Transversal;Luz do Dia;Bom;Seca;Meio de Quadra;N?úo H?í Controle;Residencial;0;1;1;1;0;0;0;0;0;1;0;0;-3,780990000000000;-38,590250000000000
311247;18;9;2017;13:50;0;AV PRS CASTELO BRANCO;;;651;;Colis?úo Lateral;Luz do Dia;Bom;Seca;Meio de Quadra;Sem?íforo;Residencial;0;2;0;0;0;0;0;0;0;1;0;0;-3,720768000000000;-38,528996000000000
311248;18;9;2017;14:45;25011;RUA TEN JOSE BARREIRA;RUA TEODOMIRO DE CASTRO;;0;;Colis?úo Transversal;Luz do Dia;Bom;Seca;Cruz;Pare;Comercial;0;0;2;1;0;0;0;0;0;0;0;0;-3,718602000000000;-38,572310000000000
311249;18;9;2017;12:20;13777;RUA LUIZA MIRANDA COELHO;RUA CAIO CID;;0;;Capotamento;Luz do Dia;Bom;Seca;Cruz;N?úo H?í Controle;Residencial;0;1;2;1;0;0;0;0;0;0;0;0;-3,775553500000000;-38,485290000000000
311250;18;9;2017;15:00;271;AV JOVITA FEITOSA;RUA AMADEU FURTADO;;0;;Colis?úo Traseira;Luz do Dia;Bom;Seca;Cruz;Sem?íforo;Comercial;0;0;1;1;0;0;0;0;0;0;0;0;-3,741144700000000;-38,563156000000000
311251;18;9;2017;15:08;7733;AV JOAO PESSOA;RUA BAR SOBRAL;;0;;Colis?úo Lateral;Luz do Dia;Bom;Seca;Duplo T;Sem?íforo;Comercial;0;0;2;1;1;0;0;0;0;0;0;0;-3,764501800000000;-38,558792000000000
311252;18;9;2017;20:58;25019;RUA DNA MENDINHA;RUA TEODOMIRO DE CASTRO;;0;;Colis?úo Transversal;Anoitecer;Bom;Seca;Cruz;Pare;Comercial;0;1;1;1;0;0;0;0;1;0;0;0;-3,718207400000000;-38,573270000000000
311232;18;9;2017;07:50;13408;AV ANTONIO SALES;RUA BAR ARACATI;;0;;Colis?úo Transversal;Luz do Dia;Nublado;Seca;Cruz;Pare;Comercial;0;0;2;1;0;0;0;0;0;0;0;0;-3,741643000000000;-38,514973000000000
311233;18;9;2017;08:11;19732;RUA GUSTAVO SAMPAIO;RUA TIP SALES;;0;;Colis?úo Transversal;Luz do Dia;Bom;Seca;Cruz;Pare;Comercial;0;1;1;1;0;0;0;0;0;1;0;0;-3,737049800000000;-38,564880000000000
311234;18;9;2017;08:24;0;BC CON CASTRO (VL. PERY);;;0;;Colis?úo Traseira;Luz do Dia;Bom;Seca;Duplo T;Sem?íforo;Comercial;0;0;2;1;0;0;0;0;0;0;0;0;-3,799471900000000;-38,586920000000000
311235;18;9;2017;07:40;6790;RUA SAMIR HILUY;RUA VER PAULO MAMEDE;;0;;Colis?úo Traseira;Luz do Dia;Bom;Seca;Cruz;Pare;Residencial;0;0;2;0;0;0;0;0;0;0;0;0;-3,747970600000000;-38,481800000000000
311236;18;9;2017;08:35;7923;AV DES MOREIRA;RUA ISAC AMARAL;;0;;Colis?úo Traseira;Luz do Dia;Bom;Seca;Meio de Quadra;Sem?íforo;Residencial;0;0;2;1;0;0;0;0;0;0;0;0;-3,753293500000000;-38,503716000000000
311237;18;9;2017;09:02;7846;RUA JOSE VILAR;RUA JULIO SIQUEIRA;;0;;Colis?úo Lateral;Luz do Dia;Bom;Seca;Cruz;Pare;Residencial;0;0;1;1;0;0;0;0;0;0;0;0;-3,751840000000000;-38,505740000000000
311238;18;9;2017;09:20;0;AV ENG SANTANA JUNIOR;RUA CAETANO CAVALCANTE;;0;;Colis?úo Traseira;Luz do Dia;Bom;Seca;Cruz;Pare;Comercial;0;1;1;1;0;0;0;0;0;1;0;0;-3,747102700000000;-38,489430000000000
311239;18;9;2017;08:50;0;AV ROGACIANO LEITE;;;1020;;Colis?úo Transversal;Luz do Dia;Bom;Seca;Meio de Quadra;N?úo H?í Controle;Comercial;0;0;2;1;0;0;0;0;0;0;0;0;-3,766314700000000;-38,496414000000000
311240;18;9;2017;09:00;0;AV SGT HERMINIO SAMPAIO;;;3582;;Colis?úo Traseira;Luz do Dia;Bom;Seca;Meio de Quadra;N?úo H?í Controle;Comercial;0;0;2;1;0;0;0;0;0;0;0;0;-3,728893500000000;-38,572520000000000
311284;18;9;2017;16:56;19686;AV BEZERRA DE MENEZES;RUA ERICO MOTA;;0;;Colis?úo Traseira;Luz do Dia;Bom;Seca;T;Sem?íforo;Comercial;0;0;2;0;0;0;0;0;0;0;0;0;-3,735441700000000;-38,562760000000000
315086;18;9;2017;11:36;0;AV DR THEBERGE;;;0;;Atropelamento;Luz do Dia;;;Meio de Quadra;;;0;1;0;0;0;0;0;0;0;0;0;0;;
315087;18;9;2017;11:51;12496;AV CARNEIRO DE MENDONCA;AV LINEU MACHADO;;0;;Colis?úo;Luz do Dia;;;T;Sem?íforo;Residencial;0;1;1;1;0;0;0;0;0;1;0;0;-3,760403000000000;-38,574021000000000
315088;18;9;2017;12:20;0;AV WASHINGTON SOARES;;;1433;;Colis?úo;Luz do Dia;;;Meio de Quadra;;;0;1;1;1;0;0;0;0;0;1;0;0;-3,771564000000000;-38,482009000000000
315066;18;9;2017;07:31;0;RUA NOSSA SRA DAS GRACAS;;;160;;Colis?úo;Luz do Dia;;;Meio de Quadra;;;0;1;1;0;0;0;0;0;0;1;0;0;-3,711365000000000;-38,549941000000000
315067;18;9;2017;08:05;0;AV BEZERRA DE MENEZES;;;0;;Queda;Luz do Dia;;;Meio de Quadra;;;0;1;0;0;0;1;0;0;0;0;0;0;;
315069;18;9;2017;09:55;0;AV ENG SANTANA JUNIOR;;;2591;;Colis?úo;Luz do Dia;;;Meio de Quadra;;;0;1;1;1;0;0;0;0;0;1;0;0;-3,747137000000000;-38,489543000000000
315073;18;9;2017;11:06;5302;AV TRISTAO GONCALVES;RUA PEDRO I;;0;;Atropelamento;Luz do Dia;;;Cruz;Sem?íforo;Comercial;0;1;1;0;1;0;0;0;0;0;0;0;-3,729523000000000;-38,533927000000000
315074;18;9;2017;11:09;0;AV ALM MAXIMIANO DA FONSECA;;;0;;Colis?úo;Luz do Dia;;;Meio de Quadra;;;0;1;1;1;0;0;0;0;0;1;0;0;;
311283;19;9;2017;21:38;25461;AV DES GONZAGA;RUA MAL LOTT;;0;;Colis?úo Lateral;Via Iluminada;Bom;Seca;Rotat??ria;D?¬ Prefer?¬ncia;Comercial;0;1;1;0;1;0;0;0;0;1;0;0;-3,801603000000000;-38,496870000000000
311270;19;9;2017;14:31;0;RUA CAP VASCONCELOS D46;;;347;;Colis?úo Lateral;Luz do Dia;Bom;Seca;Meio de Quadra;Sem?íforo;Comercial;0;0;1;0;0;0;0;0;0;0;0;0;-3,765238300000000;-38,517110000000000
311271;19;9;2017;15:15;0;RUA ALBERTO MAGNO;;;1038;;Colis?úo Traseira;Luz do Dia;Bom;Seca;Meio de Quadra;Sem?íforo;Comercial;0;0;2;1;0;0;0;0;0;0;0;0;-3,764043800000000;-38,549213000000000
311272;19;9;2017;16:47;0;RUA VALPARAISO;AV CASTELO DE CASTRO;;0;;Colis?úo Lateral;Luz do Dia;Bom;Seca;T;Sem?íforo;Comercial;0;0;2;0;1;0;0;0;0;1;0;0;-3,846094800000000;-38,522335000000000
311273;19;9;2017;16:14;3829;RUA MAL DEODORO;RUA PAULINO NOGUEIRA;;0;;Colis?úo Traseira;Luz do Dia;Bom;Seca;Cruz;Pare;Comercial;0;0;3;1;0;0;0;0;0;0;0;0;-3,744344500000000;-38,537150000000000
311274;19;9;2017;17:35;0;AV 13 DE MAIO;;;441;;Colis?úo Transversal;Mal Iluminada;Bom;Seca;Meio de Quadra;N?úo H?í Controle;Comercial;0;0;2;1;0;0;0;0;0;0;0;0;-3,752799500000000;-38,525420000000000
311275;19;9;2017;16:50;17412;RUA ALBERTO MAGNO;RUA BAR SOBRAL;;0;;Colis?úo Lateral;Luz do Dia;Bom;Seca;Cruz;N?úo H?í Controle;Comercial;0;0;2;0;1;0;0;0;0;0;0;0;-3,767878000000000;-38,552345000000000
311276;19;9;2017;18:42;13357;AV H CJ JOSE WALTER;AV I CJ JOSE WALTER;;0;;Colis?úo Transversal;Anoitecer;Bom;Seca;T;N?úo H?í Controle;Residencial;0;0;0;0;0;0;0;0;0;1;0;0;-3,842026000000000;-38,555923000000000
311277;19;9;2017;18:52;0;AV PRS CASTELO BRANCO;AV DOM MANUEL;;0;;Colis?úo Lateral;Via Iluminada;Bom;Seca;T;Sem?íforo;Comercial;0;0;2;1;0;0;0;0;0;0;0;0;-3,723389400000000;-38,520035000000000
311278;19;9;2017;20:43;0;RUA BRAZ DE FRANCESCO;;;475;;Colis?úo Lateral;Via Iluminada;Bom;Seca;T;N?úo H?í Controle;Residencial;0;0;1;1;0;0;0;0;0;0;0;0;-3,734954400000000;-38,567307000000000
311279;19;9;2017;20:07;5448;RUA BAR ARATANHA;RUA METON DE ALENCAR;;0;;Colis?úo Transversal;Via Iluminada;Bom;Seca;Cruz;D?¬ Prefer?¬ncia;Comercial;0;0;2;1;0;0;0;0;0;0;0;0;-3,734852600000000;-38,527042000000000
311280;19;9;2017;21:01;23805;AV GAL OSORIO DE PAIVA;RUA ARAPONGA;;0;;Colis?úo Traseira;Via Iluminada;Bom;Seca;T;Pare;Comercial;0;0;1;1;0;0;0;0;0;1;0;0;-3,783519000000000;-38,578820000000000
311258;19;9;2017;10:10;0;AV SGT HERMINIO SAMPAIO;;;2656;;Colis?úo Traseira;Luz do Dia;Bom;Seca;Meio de Quadra;N?úo H?í Controle;Comercial;0;0;3;1;0;0;0;0;0;0;0;0;-3,726868900000000;-38,563880000000000
311259;19;9;2017;10:21;9081;AV 13 DE MAIO;AV AGUANAMBI;;0;;Colis?úo Lateral;Luz do Dia;Bom;Seca;T;Pare;Comercial;0;0;2;1;0;0;0;0;0;0;0;0;-3,753857600000000;-38,523655000000000
311260;19;9;2017;09:12;0;AV AMERICO BARREIRA;;;4915;;Colis?úo Traseira;Luz do Dia;Bom;Seca;Meio de Quadra;Sem?íforo;Comercial;0;1;1;1;0;0;0;0;0;1;0;0;-3,757223600000000;-38,559895000000000
311261;19;9;2017;10:11;0;AV GODOFREDO MACIEL;RUA DEP MATOSO FILHO;;0;;Colis?úo Lateral;Luz do Dia;Bom;Seca;Cruz;Pare;Residencial;0;0;1;1;0;0;0;0;0;1;0;0;-3,731808700000000;-38,589222000000000
311262;19;9;2017;12:00;0;AV ENG SANTANA JUNIOR;;;3333;;Colis?úo Lateral;Luz do Dia;Bom;Seca;Outros;N?úo H?í Controle;Comercial;0;0;2;1;0;0;0;0;0;0;0;0;-3,748942900000000;-38,489950000000000
311263;19;9;2017;09:56;25231;AV PRS COSTA E SILVA;AV I CJ JOSE WALTER;;0;;Colis?úo Traseira;Luz do Dia;Bom;Seca;T;Sem?íforo;Residencial;0;0;2;1;0;0;0;0;0;0;0;0;-3,823926400000000;-38,548120000000000
311264;19;9;2017;13:53;0;RUA PDE VALDEVINO;;;2015;;Engavetamento;Luz do Dia;Bom;Seca;Meio de Quadra;Sem?íforo;Comercial;0;0;3;1;0;0;0;0;0;0;0;0;-3,742405000000000;-38,506500000000000
311265;19;9;2017;14:14;13602;AV ROGACIANO LEITE;RUA DR THOMPSON BULCAO;;0;;Colis?úo Traseira;Luz do Dia;Bom;Seca;Cruz;Sem?íforo;Residencial;0;0;2;1;0;0;0;0;0;0;0;0;-3,767967200000000;-38,496693000000000
311266;19;9;2017;13:55;0;AV GOV PARSIFAL BARROSO;;;0;;Colis?úo Transversal;Luz do Dia;Bom;Seca;;;;0;1;1;0;0;0;0;0;0;1;0;0;-3,732897500000000;-38,569103000000000
311267;19;9;2017;14:24;26091;AV JOSE JATAHY;AV JOVITA FEITOSA;;0;;Colis?úo Traseira;Luz do Dia;Bom;Seca;Cruz;Sem?íforo;Comercial;0;0;2;1;0;0;0;0;0;0;0;0;-3,737532600000000;-38,543920000000000
311268;19;9;2017;14:13;17951;RUA DRACON BARRETO;RUA JOAQUIM ALBANO;;0;;Colis?úo Lateral;Luz do Dia;Bom;Seca;Cruz;Pare;Residencial;0;1;0;1;0;0;0;0;0;1;0;0;-3,735202000000000;-38,579020000000000
311253;19;9;2017;06:30;5200;RUA TEN BENEVOLO;RUA GONCALVES LEDO;;0;;Atropelamento;Luz do Dia;Bom;Seca;Cruz;N?úo H?í Controle;Residencial;0;1;1;0;0;0;0;0;0;1;0;0;-3,726164800000000;-38,514700000000000
311254;19;9;2017;08:31;12642;RUA MARIA CLARA;RUA ALBERTO FERREIRA;;0;;Colis?úo Transversal;Luz do Dia;Bom;Seca;Cruz;Pare;Comercial;0;0;2;1;0;0;0;0;0;0;0;0;-3,725676300000000;-38,583527000000000
311255;19;9;2017;08:53;12807;RUA ALBERTO MAGNO;RUA ANA NERY;;0;;Colis?úo Transversal;Luz do Dia;Bom;Seca;Cruz;Sem?íforo;Comercial;0;2;1;1;0;0;0;0;0;1;0;0;-3,754670100000000;-38,541115000000000
311256;19;9;2017;09:15;0;AV VIENA WEYNE;;;340;;Colis?úo Lateral;Luz do Dia;Bom;Seca;Meio de Quadra;N?úo H?í Controle;Comercial;0;0;2;1;0;0;0;0;0;0;0;0;-3,801296200000000;-38,491108000000000
311289;19;9;2017;17:00;0;AV DOM LUIS;;;0;PRACA PORTUGAL;Colis?úo Lateral;Luz do Dia;Bom;Seca;Rotat??ria;Sem?íforo;Comercial;0;0;1;1;0;0;0;0;0;0;0;0;-3,733458800000000;-38,497097000000000
311292;19;9;2017;18:45;0;AV DR SILAS MUNGUBA;;;0;;Colis?úo Lateral;Anoitecer;Bom;Seca;Meio de Quadra;Sem?íforo;Comercial;0;1;0;0;0;1;0;0;0;1;0;0;-3,803437500000000;-38,528175000000000
315701;19;9;2017;11:55;0;RD BR 020;;;0;KM 426;Colis?úo Traseira;Luz do Dia;Bom;Seca;Meio de Quadra;;;0;2;1;0;0;0;1;0;0;0;0;0;;
315253;19;9;2017;04:49;0;RD BR 116;;;7000;KM-07;Colis?úo;;;;Meio de Quadra;;;0;1;1;0;0;0;0;0;0;1;0;0;-3,786917000000000;-38,511279000000000
315255;19;9;2017;05:44;0;AV GAL OSORIO DE PAIVA;;;4336;;Colis?úo;Amanhecer;;;Meio de Quadra;;;0;1;1;1;0;0;0;0;0;1;0;0;-3,795430000000000;-38,593072000000000
315256;19;9;2017;06:31;0;RUA PDE MORORO;;;874;;Colis?úo;Luz do Dia;;;Meio de Quadra;;;0;1;0;0;0;0;0;0;0;0;0;0;-3,724177000000000;-38,537089000000000
315257;19;9;2017;06:31;0;AV TEN LISBOA;;;1736;;Queda;Luz do Dia;;;Meio de Quadra;;;0;1;0;0;0;1;0;0;0;0;0;0;-3,717730000000000;-38,551092000000000
315271;19;9;2017;04:32;0;RD CE-040;;;0;KM-01;Choque c/ Obst?ículo Fixo;;Bom;Seca;Meio de Quadra;;;0;0;1;0;0;0;1;0;0;0;0;0;-3,764650449000000;-38,482583040000000
315259;19;9;2017;06:37;0;RUA ENG JOAO NOGUEIRA;;;0;;Colis?úo;Luz do Dia;;;Meio de Quadra;;;0;1;1;1;0;1;0;0;0;0;0;0;;
315260;19;9;2017;06:46;0;RUA PDE MORORO;;;888;;Atropelamento;Luz do Dia;;;Meio de Quadra;;;0;2;0;0;0;0;0;0;0;1;0;0;-3,724331000000000;-38,537136000000000
315261;19;9;2017;06:56;0;AV ALM HENRIQUE SABOIA;;;0;;Queda;Luz do Dia;;;Meio de Quadra;;;0;1;0;0;0;0;0;0;0;1;0;0;;
315262;19;9;2017;07:01;5200;RUA GONCALVES LEDO;RUA TEN BENEVOLO;;0;;Atropelamento;Luz do Dia;;;Cruz;Pare;Residencial;0;1;0;0;0;0;0;0;0;0;0;0;-3,726183000000000;-38,514537000000000
315263;19;9;2017;08:05;0;AV GOV RAUL BARBOSA;;;0;;Colis?úo;Luz do Dia;;;Meio de Quadra;;;0;1;0;0;0;0;0;0;0;0;0;0;;
315264;19;9;2017;08:08;0;RD BR 116;;;3000;KM-03;Atropelamento;Luz do Dia;Bom;Seca;Meio de Quadra;;;0;1;1;0;0;0;0;0;0;1;0;0;-3,779838000000000;-38,514372000000000
305924;19;9;2017;19:02;0;RD BR 116;;;14000;KM-14;Atropelamento;;Bom;Seca;Meio de Quadra;;;1;1;0;0;0;0;0;0;0;1;0;0;-3,873523000000000;-38,499242000000000
315273;19;9;2017;11:30;0;RD CE-040;;;0;KM-01;Colis?úo;Luz do Dia;Bom;Seca;Meio de Quadra;;;0;0;2;0;1;0;1;0;0;0;0;0;-3,764650449000000;-38,482583040000000
315274;19;9;2017;19:00;0;AV SEN CARLOS JEREISSATI (AEROPORTO);;;0;KM 01;Atropelamento;;Bom;Seca;Meio de Quadra;;;0;1;1;0;0;0;0;0;0;1;0;0;-3,783753000000000;-38,526850000000000
315279;19;9;2017;16:30;0;RD CE-040;;;0;KM-06;Colis?úo;Luz do Dia;Bom;Seca;Meio de Quadra;;;0;0;2;0;1;0;0;0;0;0;0;0;-3,809596804000000;-38,478733480000000
315297;19;9;2017;08:25;0;AV A CJ JOSE WALTER;;;0;;Colis?úo;Luz do Dia;;;Meio de Quadra;;;0;1;1;1;0;0;0;0;0;1;0;0;;
315302;19;9;2017;09:04;16539;RUA MONTE LIBANO;RUA CRISTO SALVADOR;;0;;Colis?úo;Luz do Dia;;;;;;0;2;1;1;0;0;0;0;0;1;0;0;-3,827315000000000;-38,563887000000000
315305;19;9;2017;09:11;0;AV ENG ALBERTO SA;;;0;;Colis?úo;Luz do Dia;;;Meio de Quadra;;;0;1;1;1;0;0;0;0;0;1;0;0;;
315311;19;9;2017;10:11;0;AV PRS COSTA E SILVA;;;0;;Atropelamento;Luz do Dia;;;Meio de Quadra;;;0;1;1;1;0;0;0;0;0;0;0;0;;
315317;19;9;2017;12:00;7855;RUA HENRIQUETA GALENO;RUA CEL JUCA;;0;;Colis?úo;Luz do Dia;;;Cruz;Pare;Residencial;0;1;1;1;0;0;0;0;0;1;0;0;-3,746989000000000;-38,494284000000000
315319;19;9;2017;12:33;0;AV DR SILAS MUNGUBA;;;2800;;Queda;Luz do Dia;;;Meio de Quadra;;;0;2;0;0;0;0;0;0;0;1;0;0;-3,787232000000000;-38,548557000000000
315322;19;9;2017;12:51;0;RUA JOANA SOARES;;;210;;Queda;Luz do Dia;;;Meio de Quadra;;;0;1;0;0;0;0;0;0;0;1;0;0;-3,822031000000000;-38,478641000000000
315394;19;9;2017;15:57;0;AV WASHINGTON SOARES;;;7143;;Queda;Luz do Dia;;;Meio de Quadra;;;0;1;0;0;0;0;0;0;0;1;0;0;-3,818580000000000;-38,483010000000000
315395;19;9;2017;16:05;0;RUA PEREIRA FILGUEIRAS;;;2392;;Queda;Luz do Dia;;;Meio de Quadra;;;0;1;0;0;0;0;0;0;0;1;0;0;-3,731789000000000;-38,502293000000000
315417;19;9;2017;22:37;0;AV DUQ CAXIAS;;;0;;Colis?úo;;;;Meio de Quadra;;;0;1;0;0;0;0;0;0;0;0;0;0;;
315375;19;9;2017;13:19;0;AV ENG HUMBERTO MONTE;;;1393;;Colis?úo;Luz do Dia;;;Meio de Quadra;;;0;2;1;1;0;0;0;0;0;1;0;0;-3,747733000000000;-38,561608000000000