COD_ACIDENTE;DIA;MES;ANO;HORA;INTERSECAO;LOG1;LOG2;LOG3;NUMERO;REFERENCIA;NATUREZA;ILUMINACAO;TEMPO;SUPERFICIEPISTA;TIPOCRUZAMENTO;CONTROLETRAFEGO;USOSOLO;MORTOS;FERIDOS;ILESOS;AUTOMOVEL;ONIBUS;BICICLETA;CAMINHAO;MICROONIBUS;CICLOMOTOR;MOTOCICLETA;TRACAOANIMAL;TREM;LATITUDE;LONGITUDE
315376;19;9;2017;13:46;0;RUA JOR ANTONIO P TAVARES;;;1241;;Atropelamento;Luz do Dia;;;Meio de Quadra;;;0;1;1;1;0;0;0;0;0;0;0;0;-3,813105000000000;-38,508310000000000
315378;19;9;2017;14:05;13410;RUA JOAQUIM TORRES;RUA ANTONIO AUGUSTO;;0;;Colis?úo;Luz do Dia;;;Cruz;Pare;Comercial;0;1;1;1;0;0;0;0;0;1;0;0;-3,741755000000000;-38,517263000000000
315379;19;9;2017;14:42;0;RUA SAO VICENTE DE PAULA D29;;;0;;Colis?úo;Luz do Dia;;;Meio de Quadra;;;0;1;1;0;0;0;0;0;0;1;0;0;;
315385;19;9;2017;14:57;22849;RUA CON LIMA SUCUPIRA;RUA DR JUSTA ARAUJO D45;;0;;Colis?úo;Luz do Dia;;;Cruz;Pare;Misto;0;1;1;0;0;0;0;0;0;1;0;0;-3,778167000000000;-38,550832000000000
315392;19;9;2017;15:11;0;RUA ELISEU ORIA;;;0;;Colis?úo;Luz do Dia;;;Meio de Quadra;;;0;1;1;1;0;0;0;0;0;1;0;0;;
315397;19;9;2017;16:10;0;RUA NUNES VALENTE;;;2373;;Atropelamento;Luz do Dia;;;Meio de Quadra;;;0;1;1;0;1;0;0;0;0;0;0;0;-3,745349041000000;-38,506631397000000
315398;19;9;2017;16:41;0;AV DA ECOLOGIA;;;376;;Atropelamento;Luz do Dia;;;Meio de Quadra;;;0;1;0;0;0;0;0;0;0;0;0;0;-3,774465780000000;-38,511959581000000
315399;19;9;2017;16:57;10175;AV H CJ CEARA;AV I CJ CEARA;;0;;Colis?úo;Luz do Dia;;;T;N?úo H?í Controle;Residencial;0;1;1;0;0;0;1;0;0;1;0;0;-3,774525000000000;-38,601560000000000
315400;19;9;2017;17:00;0;RUA HOLANDA;;;599;;Queda;Anoitecer;;;Meio de Quadra;;;0;1;0;0;0;0;0;0;0;1;0;0;-3,796927900000000;-38,562491000000000
315401;19;9;2017;17:12;0;RUA DR GILBERTO STUDART;;;1720;;Colis?úo;Anoitecer;;;Meio de Quadra;;;0;1;1;1;0;0;0;0;0;1;0;0;-3,746050000000000;-38,473429000000000
315409;19;9;2017;18:15;0;AV DR SILAS MUNGUBA;;;0;;Colis?úo;Anoitecer;;;;;;0;1;0;0;0;0;0;0;0;0;0;0;;
315410;19;9;2017;18:55;0;AV SEN CARLOS JEREISSATI (AEROPORTO);;;0;;Atropelamento;;;;Meio de Quadra;;;0;2;0;0;0;0;0;0;0;1;0;0;;
315411;19;9;2017;21:23;0;RUA DIVINA;;;595;;Colis?úo;;;;Meio de Quadra;;;0;1;0;0;0;0;0;0;0;0;0;0;;
315412;19;9;2017;21:53;0;RUA MARIA JULIA;;;0;;Colis?úo;;;;Meio de Quadra;;;0;1;0;0;0;0;0;0;0;0;0;0;;
304552;19;9;2017;17:10;334;RUA AMADEU FURTADO;RUA NESTOR BARBOSA;;0;;Colis?úo;Anoitecer;;;Cruz;Pare;;0;1;1;1;0;0;0;0;0;1;0;0;-3,745408000000000;-38,562047000000000
304075;19;9;2017;20:35;0;RUA RAIMUNDO BIZARRIA;;;771;;Choque c/ Obst?ículo Fixo;;;;Meio de Quadra;;;1;0;0;0;0;0;0;0;0;1;0;0;-3,726449000000000;-38,579272000000000
304559;20;9;2017;15:30;0;RUA BELO HORIZONTE;;;2949;;Colis?úo Frontal;Luz do Dia;;;Meio de Quadra;;;0;0;2;1;0;0;0;0;0;0;0;0;-3,766462000000000;-38,569091000000000
304562;20;9;2017;17:30;0;AV AMERICO BARREIRA;;;4855;;Engavetamento;Anoitecer;;;Meio de Quadra;;;0;0;3;1;0;0;0;0;0;1;0;0;-3,757242524000000;-38,560019119000000
304565;20;9;2017;19:00;0;RUA JOAQUIM ALBANO;;;3572;;Colis?úo Lateral;;;;Meio de Quadra;;;0;0;2;1;1;0;0;0;0;0;0;0;;
304568;20;9;2017;21:00;0;AV PRS CASTELO BRANCO;;;3990;;Atropelamento;;;;Meio de Quadra;;;0;1;1;0;0;0;0;0;0;1;0;0;-3,708355000000000;-38,568524000000000
304556;20;9;2017;11:30;242;RUA GAL BERNARDO FIGUEIREDO;RUA COS ALVARO DE OLIVEIRA;;0;;Colis?úo Lateral;Luz do Dia;;;Cruz;Pare;Residencial;0;0;2;1;0;0;0;0;0;0;0;0;-3,740373000000000;-38,555261000000000
304749;20;9;2017;09:00;12457;RUA PRO GOMES BRASIL;AV JOSE BASTOS;;0;;Atropelamento;Luz do Dia;Bom;Seca;Cruz;Sem?íforo;Residencial;0;1;0;1;0;0;0;0;0;0;0;0;-3,770153000000000;-38,570427000000000
304750;20;9;2017;09:00;0;AV 13 DE MAIO;;;2881;;Colis?úo Traseira;Luz do Dia;Bom;Seca;Outros;Pare;Comercial;0;1;1;1;0;0;0;0;0;0;0;0;-3,739281000000000;-38,541080000000000
315422;20;9;2017;00:04;5209;RUA DEP MOREIRA DA ROCHA;RUA JOAO CORDEIRO;;0;;Queda;;;;;;;0;1;0;0;0;0;0;0;0;1;0;0;-3,726514000000000;-38,513424000000000
315424;20;9;2017;07:31;0;AV JOVITA FEITOSA;;;72;;Colis?úo;Luz do Dia;;;Meio de Quadra;;;0;1;1;1;0;0;0;0;0;1;0;0;-3,737421000000000;-38,544668000000000
315449;20;9;2017;09:13;0;RUA PRO GOMES BRASIL;;;0;;Atropelamento;Luz do Dia;;;Meio de Quadra;;;0;1;1;1;0;0;0;0;0;0;0;0;;
315450;20;9;2017;09:40;0;RUA CEREJEIRAS;;;1117;;Colis?úo;Luz do Dia;;;Meio de Quadra;;;0;1;0;0;0;0;0;0;0;0;0;0;-3,820314000000000;-38,598244000000000
315451;20;9;2017;09:44;0;AV GAL OSORIO DE PAIVA;;;0;;Queda;Luz do Dia;;;Meio de Quadra;;;0;1;0;0;0;0;0;0;0;1;0;0;;
315452;20;9;2017;10:17;0;AV FRANCISCO SA;;;3783;;Queda;Luz do Dia;;;Meio de Quadra;;;0;1;0;0;0;0;0;0;0;1;0;0;-3,716953000000000;-38,558698000000000
315453;20;9;2017;11:00;0;RUA COSTA BARROS;;;0;;Colis?úo;Luz do Dia;;;Meio de Quadra;;;0;1;1;1;0;0;0;0;0;1;0;0;;
315454;20;9;2017;11:20;0;RUA JOSE DE FRANCA CABRAL;;;762;;Colis?úo;Luz do Dia;;;Meio de Quadra;;;0;1;1;1;0;0;0;0;0;1;0;0;-3,807373000000000;-38,518476000000000
315455;20;9;2017;11:49;0;AV WASHINGTON SOARES;;;511;;Colis?úo;Luz do Dia;;;Meio de Quadra;;;0;1;1;1;0;0;0;0;0;1;0;0;-3,758174000000000;-38,486641000000000
315276;20;9;2017;11:50;0;RD CE-040;;;0;KM-01;Colis?úo;Luz do Dia;Bom;Seca;Meio de Quadra;;;0;0;2;1;0;0;0;0;0;1;0;0;-3,764650449000000;-38,482583040000000
315277;20;9;2017;17:20;0;AV MIN JOSE AMERICO;;;0;;Colis?úo;Anoitecer;Bom;Seca;Meio de Quadra;;;0;0;2;1;0;0;0;0;0;0;0;0;;
315278;20;9;2017;18:50;0;RD CE-040;;;0;KM-06;Colis?úo;;Bom;Seca;Meio de Quadra;;;0;0;2;0;1;0;0;0;0;0;0;0;-3,809596804000000;-38,478733480000000
315703;20;9;2017;08:15;0;RD BR 020;;;0;KM 431;Colis?úo Traseira;Luz do Dia;Bom;Seca;Meio de Quadra;;;0;0;2;1;0;0;0;0;0;0;0;0;;
315515;20;9;2017;05:21;0;RUA CON DE CASTRO;;;4115;;Queda;Amanhecer;;;Meio de Quadra;;;0;1;0;0;0;0;0;0;0;1;0;0;-3,802062000000000;-38,589332000000000
315516;20;9;2017;06:00;0;AV COS GOMES DE FREITAS (SAPIRANGA/COITE);;;0;;Colis?úo;Luz do Dia;;;Meio de Quadra;;;0;1;0;0;0;0;0;0;0;0;0;0;;
315518;20;9;2017;07:00;0;AV CONTORNO NORTE (SAO CRSITOVAO);;;0;;Colis?úo;Luz do Dia;;;Meio de Quadra;;;0;1;1;1;0;0;0;0;0;1;0;0;;
315497;20;9;2017;17:31;22051;RUA PRO JOAO BOSCO;RUA CAP FRANCISCO PEDRO;;0;;Colis?úo;Anoitecer;;;Cruz;Pare;Residencial;0;1;1;1;0;0;0;0;0;1;0;0;-3,741524000000000;-38,543795000000000
315498;20;9;2017;18:18;0;AV PERIMETRAL;;;753;;Atropelamento;Anoitecer;;;Meio de Quadra;;;0;2;1;0;0;0;0;0;0;1;0;0;;
315499;20;9;2017;19:50;0;AV PRS CASTELO BRANCO;;;0;;Atropelamento;;;;Meio de Quadra;;;0;1;0;0;0;0;0;0;0;0;0;0;;
315501;20;9;2017;20:02;0;RUA JOAO GENTIL;;;0;;Atropelamento;;;;Meio de Quadra;;;0;1;0;0;0;0;0;0;0;0;0;0;;
315502;20;9;2017;21:08;0;AV ENG HUMBERTO MONTE;;;1997;;Colis?úo;;;;Meio de Quadra;;;0;1;1;1;0;0;0;0;0;1;0;0;-3,743613000000000;-38,564967000000000
315503;20;9;2017;22:43;0;RUA COM GARCIA;;;332;;Atropelamento;;;;Meio de Quadra;;;0;1;1;1;0;0;0;0;0;0;0;0;-3,788401000000000;-38,578839000000000
315504;20;9;2017;22:57;1519;RUA CARLOS VASCONCELOS;RUA PDE VALDEVINO;;0;;Colis?úo;;;;Cruz;Sem?íforo;Comercial;0;1;0;0;0;0;0;0;0;0;0;0;-3,740277000000000;-38,513190000000000
315464;20;9;2017;12:47;0;RUA LONDRINA;;;378;;Colis?úo;Luz do Dia;;;Meio de Quadra;;;0;2;1;1;0;0;0;0;0;1;0;0;-3,783443000000000;-38,594651000000000
315473;20;9;2017;16:31;0;RUA CARLOS CHAGAS;;;0;;Colis?úo;Luz do Dia;;;Meio de Quadra;;;0;1;1;1;0;0;0;0;0;1;0;0;;
315478;20;9;2017;17:05;10952;RUA 15 DE NOVEMBRO;RUA EQUADOR;;0;;Colis?úo;Anoitecer;;;Cruz;Sem?íforo;Residencial;0;1;1;1;0;0;0;0;0;1;0;0;-3,770577000000000;-38,551314000000000
315479;20;9;2017;17:06;0;AV DEP PAULINO ROCHA;;;46;;Colis?úo;Anoitecer;;;Meio de Quadra;;;0;2;1;1;0;0;0;0;0;1;0;0;-3,801657000000000;-38,507467000000000
315468;20;9;2017;15:07;0;AV AUGUSTO DOS ANJOS;;;3037;;Colis?úo;Luz do Dia;;;Meio de Quadra;;;0;1;1;1;0;0;0;0;0;1;0;0;;
315469;20;9;2017;16:01;17463;AV ABOLICAO;RUA BAUXITA;;0;;Colis?úo;Luz do Dia;;;T;Sem?íforo;Residencial;0;1;0;0;0;0;0;0;0;0;0;0;-3,722564000000000;-38,479742000000000
315470;20;9;2017;16:06;0;RUA LAURO NOGUEIRA;;;92;;Colis?úo;Luz do Dia;;;Meio de Quadra;;;0;1;0;0;0;0;0;0;0;0;0;0;-3,738448000000000;-38,483353100000000
315446;20;9;2017;07:48;0;RUA MARANHAO;;;596;;Colis?úo;Luz do Dia;;;Meio de Quadra;;;0;1;0;0;0;0;0;0;0;0;0;0;-3,755017000000000;-38,566723000000000
315447;20;9;2017;08:09;0;RUA JACINTO MATOS;;;944;;Colis?úo;Luz do Dia;;;Meio de Quadra;;;0;1;1;1;0;0;0;0;0;1;0;0;;
315461;20;9;2017;12:01;0;RUA SEBASTIAO DE ABREU;;;0;;Colis?úo;Luz do Dia;;;Meio de Quadra;;;0;1;1;1;0;0;0;0;0;1;0;0;;
315443;20;9;2017;07:35;0;RUA VER PEDRO PAULO MOREIRA;;;445;;Colis?úo;Luz do Dia;;;Meio de Quadra;;;0;1;2;1;0;0;0;0;0;1;0;0;-3,787056200000000;-38,488200100000000
311293;20;9;2017;15:30;22099;AV JOSE BASTOS;RUA JOSE FACANHA;;0;;Colis?úo Transversal;Luz do Dia;Bom;Seca;T;Sem?íforo;Comercial;0;0;1;0;0;0;0;0;0;0;0;0;-3,754359000000000;-38,554822000000000
311294;20;9;2017;16:11;10999;RUA ALBERTO MAGNO;RUA 15 DE NOVEMBRO;;0;;Colis?úo Traseira;Luz do Dia;Bom;Seca;Cruz;Pare;Comercial;0;0;2;1;0;0;0;0;0;0;0;0;-3,769916000000000;-38,553150000000000
311295;20;9;2017;17:07;0;AV DES GONZAGA;;;196;;Colis?úo Traseira;Luz do Dia;Bom;Seca;Meio de Quadra;Sem?íforo;Residencial;0;0;2;0;0;0;0;0;0;0;0;0;-3,788720800000000;-38,503773000000000
311296;20;9;2017;17:20;1671;RUA CAP NOGUEIRA;RUA CAP VASCONCELOS D46;;0;;Colis?úo Traseira;Luz do Dia;Bom;Seca;Cruz;Pare;Residencial;0;0;0;1;0;0;0;0;0;0;0;0;-3,763682000000000;-38,517193000000000
311297;20;9;2017;18:35;0;AV 13 DE MAIO;;;1932;;Colis?úo Lateral;Via Iluminada;Bom;Seca;Meio de Quadra;N?úo H?í Controle;Comercial;0;3;2;1;0;0;0;0;0;1;0;0;-3,744833700000000;-38,534480000000000
311298;20;9;2017;20:43;13410;RUA JOAQUIM TORRES;RUA ANTONIO AUGUSTO;;0;;Colis?úo Transversal;Via Iluminada;Bom;Seca;Cruz;Pare;Comercial;0;0;2;1;0;0;0;0;0;0;0;0;-3,741763600000000;-38,517300000000000
311290;20;9;2017;13:59;12837;AV DOMINGOS OLIMPIO;RUA JAIME BENEVOLO;;0;;Colis?úo Traseira;Luz do Dia;Bom;Seca;Cruz;Sem?íforo;Comercial;0;0;2;0;0;0;0;1;0;0;0;0;-3,737805100000000;-38,527416000000000
311291;20;9;2017;13:37;0;AV DES MOREIRA;;;0;;Colis?úo Traseira;Luz do Dia;Bom;Seca;Rotat??ria;Sem?íforo;Comercial;0;0;2;0;0;0;0;0;0;0;0;0;-3,732934700000000;-38,497253000000000
311359;20;9;2017;14:00;7645;RUA ESTADO DO RIO;RUA PERNAMBUCO;;0;;Colis?úo Transversal;Luz do Dia;Bom;Seca;Cruz;Pare;Residencial;0;0;2;1;0;0;0;0;0;1;0;0;-3,758345100000000;-38,571075000000000
311303;20;9;2017;23:30;5069;RUA SAO PAULO;RUA COS ESTELITA;;0;;Colis?úo Transversal;Via Iluminada;Bom;Seca;Cruz;Pare;Comercial;0;1;1;1;0;0;0;0;0;0;0;0;-3,722252100000000;-38,538883000000000
311285;20;9;2017;08:20;0;RUA PDE CICERO;;;169;;Colis?úo Traseira;Luz do Dia;Bom;Seca;Meio de Quadra;N?úo H?í Controle;Comercial;0;0;2;1;0;0;0;0;0;0;0;0;-3,746079400000000;-38,543180000000000
311286;20;9;2017;08:30;23364;RUA CAP GUSTAVO;RUA EDUARDO BEZERRA;;0;;Colis?úo Transversal;Luz do Dia;Bom;Seca;Cruz;Sem?íforo;Residencial;0;1;1;1;0;0;0;0;0;1;0;0;-3,754161600000000;-38,516792000000000
311287;20;9;2017;10:20;1493;AV PDE ANTONIO TOMAS;RUA OSVALDO CRUZ (ALDEOTA);;199;;Colis?úo Lateral;Luz do Dia;Bom;Seca;Cruz;Sem?íforo;Comercial;0;0;2;0;0;0;0;0;0;0;0;0;-3,739729000000000;-38,501667000000000
311288;20;9;2017;08:31;22951;AV DR SILAS MUNGUBA;RUA DR JUSTA ARAUJO D45;;0;;Colis?úo Lateral;Luz do Dia;Bom;Seca;Cruz;Sem?íforo;Comercial;0;0;2;1;0;0;0;0;0;0;0;0;-3,784547600000000;-38,553547000000000
312036;20;9;2017;17:43;1716;AV GOV RAUL BARBOSA;RUA CAP ARAGAO;;0;;Colis?úo Lateral;Anoitecer;Bom;Seca;Rotat??ria;D?¬ Prefer?¬ncia;Residencial;0;0;2;0;0;0;0;0;0;0;0;0;-3,763870700000000;-38,508957000000000
311304;21;9;2017;07:10;5458;RUA BARBARA DE ALENCAR;RUA RODRIGUES JUNIOR;;0;;Colis?úo Transversal;Luz do Dia;Bom;Seca;Cruz;Pare;Residencial;0;0;2;1;0;0;0;0;0;0;0;0;-3,735304000000000;-38,522120000000000
311305;21;9;2017;08:00;0;RUA QUINZE (PQ DOIS IRMAOS);;;0;;Capotamento;Luz do Dia;Bom;Seca;Meio de Quadra;Gesto;Residencial;0;0;0;1;0;0;0;0;0;0;0;0;-3,812521200000000;-38,552254000000000
311306;21;9;2017;07:50;0;AV ABOLICAO;;;4039;;Colis?úo Transversal;Luz do Dia;Bom;Seca;Meio de Quadra;N?úo H?í Controle;Comercial;0;0;2;0;0;0;0;0;0;1;0;0;-3,724718800000000;-38,482920000000000
311307;21;9;2017;08:45;21395;RUA CON BRAVEZA;RUA MAL LOTT;;0;;Colis?úo Transversal;Luz do Dia;Bom;Seca;Cruz;Pare;Residencial;0;0;2;0;1;0;0;0;0;0;0;0;-3,801462700000000;-38,496280000000000
311308;21;9;2017;09:26;23470;RUA PAULO FIRMEZA;RUA FRE VIDAL;;0;;Colis?úo Lateral;Luz do Dia;Bom;Seca;Cruz;Pare;Comercial;0;0;2;1;0;0;0;0;0;1;0;0;-3,757432500000000;-38,517395000000000
311309;21;9;2017;09:40;1257;RUA COSTA BARROS;RUA SILVA PAULET;;0;;Colis?úo Transversal;Luz do Dia;Bom;Seca;Cruz;Pare;Residencial;0;1;1;1;0;0;0;0;0;1;0;0;-3,732634500000000;-38,504898000000000
311310;21;9;2017;10:32;0;AV ENG LEAL LIMA VERDE (SAPIRANGA/COITE);;;1428;;Colis?úo Lateral;Luz do Dia;Bom;Seca;Meio de Quadra;D?¬ Prefer?¬ncia;Residencial;0;1;2;1;0;0;0;0;0;1;0;0;-3,802255400000000;-38,475193000000000
311311;21;9;2017;08:45;25227;AV A CJ CEARA;AV D CJ CEARA;;0;;Colis?úo Transversal;Luz do Dia;Bom;Seca;Cruz;Pare;Residencial;0;1;1;1;0;0;0;0;0;1;0;0;-3,766878100000000;-38,601250000000000
311312;21;9;2017;13:55;12867;RUA JOAQUIM MAGALHAES;RUA JAIME BENEVOLO;;0;;Colis?úo Lateral;Luz do Dia;Bom;Seca;Cruz;Pare;Comercial;0;1;0;0;0;0;0;0;0;1;0;0;-3,739967300000000;-38,527992000000000
311313;21;9;2017;14:59;0;RUA GOV JOAO CARLOS;;;574;;Colis?úo Lateral;Luz do Dia;Bom;Seca;Meio de Quadra;N?úo H?í Controle;Residencial;0;0;2;1;0;0;0;0;0;0;0;0;-3,779536200000000;-38,552208000000000
311314;21;9;2017;14:50;4319;AV JOSE SABOIA;AV VICENTE DE CASTRO;;0;;Colis?úo Lateral;Luz do Dia;Bom;Seca;Cruz;Gesto;Comercial;0;0;1;1;0;0;0;0;0;0;0;0;-3,713767300000000;-38,473114000000000
311315;21;9;2017;15:05;0;RUA SEN POMPEU;;;350;;Colis?úo Traseira;Luz do Dia;Bom;Seca;Meio de Quadra;N?úo H?í Controle;Comercial;0;0;2;1;0;0;0;0;0;0;0;0;-3,721973700000000;-38,528053000000000
311316;21;9;2017;15:47;0;AV AGUANAMBI;;;674;;Colis?úo Lateral;Luz do Dia;Bom;Seca;Outros;Sem?íforo;Comercial;0;0;2;1;0;0;0;0;0;0;0;0;-3,742691300000000;-38,525925000000000
311317;21;9;2017;20:55;0;AV ROGACIANO LEITE;;;2400;;Colis?úo Lateral;Via Iluminada;Bom;Seca;Meio de Quadra;N?úo H?í Controle;Residencial;0;1;1;1;0;0;0;0;0;1;0;0;-3,776212200000000;-38,500560000000000
311318;21;9;2017;20:59;5364;AV TRISTAO GONCALVES;RUA GAL CLARINDO DE QUEIROZ;;0;;Colis?úo Transversal;Via Iluminada;Bom;Seca;Cruz;Pare;Comercial;0;1;1;0;1;0;0;0;0;1;0;0;-3,731362000000000;-38,534460000000000
311319;21;9;2017;21:11;0;AV ALBERTO CRAVEIRO;;;0;;Colis?úo Transversal;Via Iluminada;Bom;Seca;Rotat??ria;D?¬ Prefer?¬ncia;Residencial;0;0;2;1;0;0;0;0;0;1;0;0;-3,807577800000000;-38,525387000000000
311320;21;9;2017;22:05;0;AV ROGACIANO LEITE;;;2400;;Colis?úo Traseira;Via Iluminada;Bom;Seca;Meio de Quadra;N?úo H?í Controle;Residencial;0;0;2;1;0;0;0;0;0;0;0;0;-3,776389400000000;-38,500546000000000
315519;21;9;2017;07:10;0;RUA PAURILO BARROSO;;;1012;;Colis?úo;Luz do Dia;;;Meio de Quadra;;;0;1;1;1;0;1;0;0;0;0;0;0;;
315522;21;9;2017;07:42;0;AV WASHINGTON SOARES;;;11146;;Queda;Luz do Dia;;;Meio de Quadra;;;0;1;0;0;0;1;0;0;0;0;0;0;-3,844987300000000;-38,480506700000000
315523;21;9;2017;07:54;0;AV SEN CARLOS JEREISSATI (AEROPORTO);;;0;;Colis?úo;Luz do Dia;;;Meio de Quadra;;;0;1;1;1;0;0;0;0;0;1;0;0;;
315598;21;9;2017;15:12;17300;RUA ROMEU MARTINS;RUA ZACARIAS GONDIM;;0;;Atropelamento;Luz do Dia;;;Cruz;Pare;Residencial;0;1;1;1;0;0;0;0;0;0;0;0;-3,763760000000000;-38,556313000000000
315587;21;9;2017;14:00;0;RUA PDE PEDRO DE ALENCAR;;;2300;;Colis?úo;Luz do Dia;;;Meio de Quadra;;;0;1;1;0;0;0;0;0;0;1;0;0;-3,848328000000000;-38,494803000000000
315588;21;9;2017;15:02;0;AV CEL CARVALHO;;;614;;Colis?úo;Luz do Dia;;;Meio de Quadra;;;0;1;1;1;0;0;0;0;0;1;0;0;-3,747349261000000;-38,525130884000000
315579;21;9;2017;12:53;0;RUA GONCALVES DIAS;;;0;;Atropelamento;Luz do Dia;;;Meio de Quadra;;;0;1;1;1;0;0;0;0;0;0;0;0;;
315582;21;9;2017;13:23;0;RUA CASIMIRO DE ABREU;;;0;;Colis?úo;Luz do Dia;;;Meio de Quadra;;;0;1;1;1;0;0;0;0;0;1;0;0;;
315584;21;9;2017;13:25;0;AV PRS JUSCELINO KUBITSCHEK (PASSAR?ë);;;0;;Colis?úo;Luz do Dia;;;Meio de Quadra;;;0;1;1;0;0;0;0;0;0;1;0;0;;
315577;21;9;2017;12:35;19540;RUA JULIO GASPAR;RUA CASIMIRO DE ABREU;;0;;Colis?úo;Luz do Dia;;;Cruz;Pare;Residencial;0;1;1;1;0;0;0;0;0;1;0;0;-3,782426000000000;-38,563108000000000
315575;21;9;2017;11:43;0;RUA RAIMUNDO NERY;;;643;;Colis?úo;Luz do Dia;;;Meio de Quadra;;;0;1;1;1;0;0;0;0;0;1;0;0;-3,792278000000000;-38,587220000000000
315572;21;9;2017;10:48;0;AV FRE CIRILO;;;3323;;Queda;Luz do Dia;;;Meio de Quadra;;;0;1;0;0;0;1;0;0;0;0;0;0;-3,812979000000000;-38,499464000000000
315573;21;9;2017;11:16;0;AV PRS CASTELO BRANCO;;;3468;;Colis?úo;Luz do Dia;;;Meio de Quadra;;;0;1;0;0;0;0;0;0;0;0;0;0;-3,710182000000000;-38,562380000000000
315568;21;9;2017;09:34;0;AV GOV RAUL BARBOSA;;;5146;;Colis?úo;Luz do Dia;;;Meio de Quadra;;;0;1;1;1;0;0;0;0;0;0;0;0;-3,763897000000000;-38,508785000000000
315570;21;9;2017;10:44;15289;AV DES MOREIRA;RUA ANA BILHAR;;0;;Colis?úo;Luz do Dia;;;Cruz;Sem?íforo;Residencial;0;1;1;1;0;0;0;0;0;1;0;0;-3,729331000000000;-38,496113000000000
315563;21;9;2017;08:59;0;AV GAL OSORIO DE PAIVA;;;0;;Atropelamento;Luz do Dia;;;Meio de Quadra;;;0;1;1;0;1;0;0;0;0;0;0;0;;
315566;21;9;2017;09:16;0;AV C CJ CEARA;;;0;;Colis?úo;Luz do Dia;;;Meio de Quadra;;;0;1;1;1;0;0;0;0;0;1;0;0;;
315704;21;9;2017;22:10;0;RD BR 222;;;0;KM-02;Colis?úo Transversal;;Bom;Seca;Meio de Quadra;;;0;0;3;1;1;0;0;0;0;0;0;0;-3,739009045000000;-38,587039670000000
315623;21;9;2017;22:20;0;AV WASHINGTON SOARES;;;0;;Colis?úo;;;;Meio de Quadra;;;0;1;0;0;0;0;0;0;0;0;0;0;;
315614;21;9;2017;17:56;0;AV PERIMETRAL;;;3001;;Colis?úo;Anoitecer;;;Meio de Quadra;;;0;1;1;1;0;0;0;0;0;1;0;0;;
315615;21;9;2017;18:22;0;AV ZEZE DIOGO;;;0;;Queda;Anoitecer;;;Meio de Quadra;;;0;1;0;0;0;0;0;0;0;1;0;0;;
315610;21;9;2017;16:49;10725;RUA NATAL;RUA PORTO ALEGRE;;0;;Colis?úo;Luz do Dia;;;Cruz;Pare;Residencial;0;1;1;1;0;0;0;0;0;1;0;0;-3,759915000000000;-38,591222000000000
315612;21;9;2017;17:41;0;RUA VALTER DE CASTRO;;;2103;;Queda;Anoitecer;;;Meio de Quadra;;;0;1;0;0;0;0;0;0;0;1;0;0;;
315604;21;9;2017;15:48;0;RD BR 116;;;2000;KM-02;Queda;Luz do Dia;;;Meio de Quadra;;;0;1;0;0;0;0;0;0;0;1;0;0;-3,771391000000000;-38,516780000000000
315606;21;9;2017;16:15;0;RUA DEMETRIO MENEZES;;;0;;Colis?úo;Luz do Dia;;;Meio de Quadra;;;0;1;1;1;0;0;0;0;0;1;0;0;;
315280;21;9;2017;09:02;0;AV MIN JOSE AMERICO;;;0;;Colis?úo;Luz do Dia;Bom;Seca;Meio de Quadra;;;0;0;2;1;0;0;0;0;0;1;0;0;;
315281;21;9;2017;16:10;0;RD CE-040;;;0;KM-05;Colis?úo;Luz do Dia;Bom;Seca;Meio de Quadra;;;0;0;2;1;0;0;0;0;0;0;0;0;-3,800595823000000;-38,479534630000000
315283;21;9;2017;21:45;0;RD CE-040;;;0;KM-04;Atropelamento de Animal;;Bom;Seca;Meio de Quadra;;;0;2;1;1;0;0;0;0;0;1;0;0;-3,791613156000000;-38,480330840000000
304570;21;9;2017;09:18;24955;AV ALM HENRIQUE SABOIA;AV ANTONIO JUSTA;;0;;Colis?úo Lateral;Luz do Dia;;;T;;Residencial;0;0;2;0;0;0;0;0;0;1;0;0;-3,731616000000000;-38,482350000000000
304571;21;9;2017;18:00;0;AV PRS COSTA E SILVA;;;0;;Colis?úo Lateral;Via Iluminada;Bom;Seca;Meio de Quadra;N?úo H?í Controle;Residencial;0;1;1;1;0;0;0;0;0;1;0;0;;
304572;22;9;2017;09:30;19375;RUA CON DE CASTRO;RUA NAPOLEAO QUEZADO;;0;;Colis?úo Lateral;Luz do Dia;;;Cruz;Pare;Comercial;0;1;1;1;0;0;0;0;0;1;0;0;-3,777706000000000;-38,566777000000000
304580;22;9;2017;14:35;8953;AV BEZERRA DE MENEZES;RUA PDE GRACA;;0;;Colis?úo Lateral;Luz do Dia;;;;;;0;0;2;1;0;0;0;0;0;0;0;0;-3,731856000000000;-38,546109000000000
304581;22;9;2017;09:00;19688;RUA AZEVEDO BOLAO;RUA PRO RAIMUNDO ARRUDA;;0;;Colis?úo Transversal;Luz do Dia;;;Cruz;Pare;Residencial;0;1;1;1;0;0;0;0;0;1;0;0;-3,735414000000000;-38,551701000000000
304576;22;9;2017;09:35;0;AV DR SILAS MUNGUBA;;;3388;;Colis?úo Traseira;Luz do Dia;;;Meio de Quadra;;;0;0;2;0;1;0;0;0;0;1;0;0;-3,789208000000000;-38,543737000000000
304578;22;9;2017;13:30;26073;AV JOSE JATAHY;AV FRANCISCO SA;;0;;Colis?úo Traseira;Luz do Dia;;;Cruz;Sem?íforo;Comercial;0;0;2;1;0;0;0;0;0;0;0;0;-3,720897980000000;-38,546818250000000
315285;22;9;2017;14:00;0;AV SEN CARLOS JEREISSATI (AEROPORTO);;;0;KM 03;Colis?úo;Luz do Dia;Bom;Seca;Meio de Quadra;;;0;0;2;1;0;0;0;0;0;0;0;0;-3,779641000000000;-38,544038000000000