COD_ACIDENTE;DIA;MES;ANO;HORA;INTERSECAO;LOG1;LOG2;LOG3;NUMERO;REFERENCIA;NATUREZA;ILUMINACAO;TEMPO;SUPERFICIEPISTA;TIPOCRUZAMENTO;CONTROLETRAFEGO;USOSOLO;MORTOS;FERIDOS;ILESOS;AUTOMOVEL;ONIBUS;BICICLETA;CAMINHAO;MICROONIBUS;CICLOMOTOR;MOTOCICLETA;TRACAOANIMAL;TREM;LATITUDE;LONGITUDE
315286;22;9;2017;;0;AV MIN JOSE AMERICO;;;0;;Colis?úo;;Bom;Seca;Meio de Quadra;;;0;1;1;0;0;0;0;0;0;1;0;0;;
315627;22;9;2017;06:47;0;AV FRANCISCO SA;;;0;;Colis?úo;Luz do Dia;;;Meio de Quadra;;;0;1;1;1;0;0;0;0;0;1;0;0;;
315629;22;9;2017;07:09;0;RUA CON DE CASTRO;;;7148;;Colis?úo;Luz do Dia;;;Meio de Quadra;;;0;1;1;1;0;0;0;0;0;1;0;0;-3,817235000000000;-38,600732000000000
315668;22;9;2017;14:40;0;BC ANCURI;;;2237;;Queda;Luz do Dia;;;Meio de Quadra;;;0;1;0;0;0;0;0;0;0;1;0;0;;
315669;22;9;2017;14:47;0;AV MR HULL;;;5660;;Colis?úo;Luz do Dia;Bom;Seca;Meio de Quadra;;;0;1;1;1;0;0;0;0;0;1;0;0;-3,740177000000000;-38,595064000000000
315670;22;9;2017;15:32;0;RUA BARRA NOVA;;;900;;Colis?úo;Luz do Dia;;;Meio de Quadra;;;0;1;0;0;0;0;0;0;0;0;0;0;-3,783661000000000;-38,505394000000000
315671;22;9;2017;15:49;0;RUA JOSE DANTAS VIEIRA;;;0;;Colis?úo;Luz do Dia;;;Meio de Quadra;;;0;1;0;0;0;0;0;0;0;0;0;0;;
315672;22;9;2017;16:11;0;AV AGUANAMBI;;;30;;Colis?úo;Luz do Dia;;;Meio de Quadra;;;0;1;0;0;0;0;0;0;0;0;0;0;-3,737165000000000;-38,524071000000000
315673;22;9;2017;16:28;0;RUA OSCAR ARARIPE;;;712;;Colis?úo;Luz do Dia;;;Meio de Quadra;;;0;1;1;1;0;0;0;0;0;1;0;0;-3,791676000000000;-38,597780000000000
315674;22;9;2017;16:48;0;AV ENG SANTANA JUNIOR;;;0;;Colis?úo;Luz do Dia;;;Meio de Quadra;;;0;1;0;0;0;0;0;0;0;0;0;0;;
315675;22;9;2017;17:43;3175;RUA VITAL BRASIL;RUA LUZIA MOREIRA;;0;;Colis?úo;Anoitecer;;;Cruz;Pare;Residencial;0;2;1;1;0;0;0;0;0;1;0;0;-3,779420000000000;-38,593017000000000
315676;22;9;2017;17:52;0;AV JOR THOMAZ COELHO;;;1578;;Colis?úo;Anoitecer;;;Meio de Quadra;;;0;1;1;1;0;0;0;0;0;1;0;0;-3,829923000000000;-38,509057000000000
315677;22;9;2017;18:43;0;RUA TEREZA CRISTINA;;;1604;;Atropelamento;;;;Meio de Quadra;;;0;2;0;0;0;0;0;0;0;1;0;0;-3,734448000000000;-38,538989000000000
315678;22;9;2017;18:46;0;AV MIN JOSE AMERICO;;;0;;Queda;;;;Meio de Quadra;;;0;1;0;0;0;0;0;0;0;1;0;0;;
315679;22;9;2017;19:20;0;AV BORGES DE MELO;;;0;;Colis?úo;;;;Meio de Quadra;;;0;1;1;1;0;0;0;0;0;1;0;0;;
315680;22;9;2017;20:29;0;AV BEZERRA DE MENEZES;;;0;;Atropelamento;;;;Meio de Quadra;;;0;1;0;0;0;0;0;0;0;0;0;0;;
315681;22;9;2017;20:33;0;RUA DR GILBERTO CAMARA;;;0;;Colis?úo;;;;Meio de Quadra;;;0;1;1;1;0;0;0;0;0;1;0;0;;
315682;22;9;2017;21:21;0;AV CARAPINIMA;;;0;;Colis?úo;;;;Meio de Quadra;;;0;1;1;1;0;0;0;0;0;1;0;0;;
315660;22;9;2017;08:40;0;AV TRISTAO GONCALVES;;;0;;Queda;Luz do Dia;;;Meio de Quadra;;;0;1;0;0;0;0;0;0;0;1;0;0;;
315662;22;9;2017;11:21;0;AV BORGES DE MELO;;;0;;Colis?úo;Luz do Dia;;;Meio de Quadra;;;0;1;1;1;0;0;0;0;0;1;0;0;;
315663;22;9;2017;11:31;18552;RUA OSORIO CORREIA;RUA CEREJEIRAS;;0;;Colis?úo;Luz do Dia;;;Cruz;Pare;Residencial;0;1;1;1;0;0;0;0;0;0;0;0;-3,821969000000000;-38,599378000000000
315648;22;9;2017;07:36;5490;AV AGUANAMBI;AV VIS RIO BRANCO;;0;;Colis?úo;Luz do Dia;;;;;;0;1;1;1;0;0;0;0;0;1;0;0;-3,736873000000000;-38,523967000000000
315651;22;9;2017;08:06;0;AV CESAR CALS;;;177;;Colis?úo;Luz do Dia;;;Meio de Quadra;;;0;1;0;0;0;0;0;0;0;0;0;0;-3,719981000000000;-38,464884000000000
315707;22;9;2017;16:00;0;RD BR 222;;;0;KM 00;Colis?úo Traseira;Luz do Dia;Bom;Seca;Meio de Quadra;;;0;0;2;1;0;0;0;0;0;0;0;0;-3,736664000000000;-38,569197000000000
315665;22;9;2017;11:39;0;AV PRS JUSCELINO KUBITSCHEK (PASSAR?ë);;;5400;;Colis?úo;Luz do Dia;;;Meio de Quadra;;;0;1;1;1;0;0;0;0;0;1;0;0;;
315666;22;9;2017;12:52;9099;AV EDUARDO GIRAO;RUA MIN JOAQUIM BASTOS D14;;0;;Colis?úo;Luz do Dia;;;;;;0;1;1;1;0;0;0;0;0;1;0;0;-3,755700000000000;-38,525973000000000
311321;22;9;2017;05:20;5436;RUA JAIME BENEVOLO;RUA GAL CLARINDO DE QUEIROZ;;0;;Colis?úo Transversal;Luz do Dia;Nublado;Seca;Cruz;Pare;Escola;0;0;2;1;0;0;0;0;0;0;0;0;-3,733946600000000;-38,525997000000000
311322;22;9;2017;07:55;0;RUA BAR RIO BRANCO;;;2867;;Colis?úo Traseira;Luz do Dia;Nublado;Seca;Meio de Quadra;N?úo H?í Controle;Escola;0;0;2;0;0;0;0;0;0;0;0;0;-3,743113500000000;-38,533660000000000
311323;22;9;2017;08:15;0;AV PRS COSTA E SILVA;;;3601;;Colis?úo Traseira;Luz do Dia;Nublado;Seca;Meio de Quadra;Gesto;Comercial;0;1;1;1;0;0;0;0;0;1;0;0;-3,823843000000000;-38,549370000000000
311324;22;9;2017;08:12;5490;AV AGUANAMBI;RUA ANTONIO POMPEU;;0;;Colis?úo Transversal;Luz do Dia;Bom;Seca;Cruz;Sem?íforo;Comercial;0;1;1;1;0;0;0;0;0;1;0;0;-3,736878600000000;-38,524117000000000
311325;22;9;2017;08:47;2971;RUA MON SABINO FEIJAO;RUA PEDRO MARTINS;;0;;Colis?úo Lateral;Luz do Dia;Bom;Seca;Cruz;N?úo H?í Controle;Residencial;0;1;1;1;0;0;0;0;0;1;0;0;-3,800502000000000;-38,599400000000000
311326;22;9;2017;08:10;0;AV TRISTAO GONCALVES;;;1074;;Queda;Luz do Dia;Nublado;Seca;Meio de Quadra;N?úo H?í Controle;Comercial;0;1;1;0;0;0;0;0;0;1;0;0;-3,730933000000000;-38,534355000000000
311327;22;9;2017;09:30;1358;AV DES MOREIRA;AV SANTOS DUMONT;;0;;Colis?úo Traseira;Luz do Dia;Bom;Seca;Cruz;Sem?íforo;Comercial;0;0;2;1;0;0;0;0;0;0;0;0;-3,735873500000000;-38,498344000000000
311328;22;9;2017;10:45;0;RUA CEL LINHARES;RUA ISRAEL BEZERRA;RUA PRO FRANCISCO GONCALVES;1;;Colis?úo Lateral;Luz do Dia;Bom;Seca;Meio de Quadra;Pare;Residencial;0;0;2;1;0;0;0;0;0;0;0;0;-3,748064500000000;-38,498074000000000
311329;22;9;2017;14:01;6803;RUA ALMEIDA PRADO;RUA DR GILBERTO STUDART;;0;;Colis?úo Transversal;Luz do Dia;Bom;Seca;Cruz;Pare;Comercial;0;0;1;0;0;0;0;0;0;0;0;0;-3,745567000000000;-38,475680000000000
311330;22;9;2017;14:05;0;RUA ANDRE REBOUCAS;;;211;;Colis?úo Frontal;Luz do Dia;Bom;Seca;Meio de Quadra;N?úo H?í Controle;Comercial;0;0;2;1;0;0;0;0;0;0;0;0;-3,775052300000000;-38,590107000000000
311331;22;9;2017;14:25;5451;AV DOM MANUEL;RUA BARBARA DE ALENCAR;;0;;Colis?úo Transversal;Luz do Dia;Bom;Seca;Cruz;Sem?íforo;Comercial;0;0;2;1;0;0;0;0;0;0;0;0;-3,734873000000000;-38,523327000000000
311332;22;9;2017;14:46;1332;RUA CEL LINHARES;AV DOM LUIS;;0;;Colis?úo Transversal;Luz do Dia;Bom;Seca;Cruz;Pare;Comercial;0;1;1;1;0;0;0;0;0;1;0;0;-3,734224000000000;-38,493380000000000
311333;22;9;2017;14:56;1332;RUA CEL LINHARES;AV DOM LUIS;;0;;Colis?úo Lateral;Luz do Dia;Bom;Seca;Meio de Quadra;Pare;Comercial;0;1;1;1;0;0;0;0;0;1;0;0;-3,734133000000000;-38,493600000000000
311334;22;9;2017;15:55;7386;RUA BELEM;RUA PRO EDGAR DE ARRUDA;;0;;Colis?úo Transversal;Luz do Dia;Bom;Seca;Cruz;Pare;Residencial;0;2;1;1;0;0;0;0;0;1;0;0;-3,755020900000000;-38,591160000000000
311335;22;9;2017;16:40;0;AV FRE CIRILO;RUA EUDES CARDOSO;;0;;Colis?úo Transversal;Luz do Dia;Bom;Seca;T;Pare;Comercial;0;1;1;1;0;0;0;0;0;1;0;0;-3,825502400000000;-38,493620000000000
311336;22;9;2017;17:43;0;RUA CON LIMA SUCUPIRA;;;1895;;Colis?úo Frontal;Luz do Dia;Bom;Seca;Meio de Quadra;N?úo H?í Controle;Residencial;0;0;2;1;0;0;0;0;0;0;0;0;-3,777413100000000;-38,553060000000000
311337;22;9;2017;18:40;20129;RUA POMPILIO GOMES;AV DEP PAULINO ROCHA;;0;;Colis?úo Lateral;Via Iluminada;Bom;Seca;T;Sem?íforo;Residencial;0;0;2;1;1;0;0;0;0;0;0;0;-3,810095800000000;-38,519540000000000
311338;22;9;2017;18:37;0;RUA TEN BENEVOLO;;;550;;Colis?úo Traseira;Anoitecer;Bom;Seca;Meio de Quadra;N?úo H?í Controle;Comercial;0;0;1;1;0;0;0;0;0;0;0;0;-3,725548000000000;-38,516457000000000
311339;22;9;2017;19:04;0;AV FRANCISCO SA;;;5426;;Colis?úo Traseira;Via Iluminada;Bom;Seca;Meio de Quadra;Sem?íforo;Comercial;0;0;2;1;0;0;0;0;0;0;0;0;-3,712166000000000;-38,572700000000000
311340;22;9;2017;18:15;17412;RUA ALBERTO MAGNO;RUA BAR SOBRAL;;0;;Colis?úo Traseira;Via Iluminada;Bom;Seca;Cruz;Sem?íforo;Comercial;0;0;2;1;1;0;0;0;0;0;0;0;-3,767855000000000;-38,552624000000000
311341;22;9;2017;21:02;19656;AV BEZERRA DE MENEZES;RUA PRO JOSE DE BARCELOS;;0;;Colis?úo Traseira;Via Iluminada;Bom;Seca;T;Sem?íforo;Comercial;0;0;1;0;0;0;0;1;0;0;0;0;-3,732907300000000;-38,551327000000000
311342;22;9;2017;18:22;0;AV FRE CIRILO;;;0;;Colis?úo Traseira;Via Iluminada;Bom;Seca;Meio de Quadra;Sem?íforo;Comercial;0;0;0;1;0;0;0;0;0;0;0;0;-3,827643200000000;-38,493507000000000
311343;22;9;2017;21:08;19957;AV LUCIANO CARNEIRO;RUA STA QUITERIA;;0;;Colis?úo Transversal;Via Iluminada;Bom;Seca;Duplo T;Sem?íforo;Residencial;0;0;2;1;0;0;0;0;0;0;0;0;-3,760679200000000;-38,535480000000000
311356;22;9;2017;15:35;0;AV ENG HUMBERTO MONTE;;;3225;;Colis?úo Traseira;Luz do Dia;Bom;Seca;Meio de Quadra;Sem?íforo;Comercial;0;0;2;1;0;0;0;1;0;0;0;0;-3,741660400000000;-38,566833000000000
311362;23;9;2017;10:07;0;AV DES MOREIRA;;;2960;;Colis?úo Lateral;Luz do Dia;Bom;Seca;Cruz;Sem?íforo;Residencial;0;0;2;1;0;0;0;0;0;0;0;0;-3,752911300000000;-38,503666000000000
311344;23;9;2017;02:09;0;AV GOV LEONEL BRIZOLA;;;411;;Colis?úo Traseira;Amanhecer;Bom;Seca;Meio de Quadra;N?úo H?í Controle;Lazer;0;1;1;0;0;0;0;0;0;1;0;0;-3,831742500000000;-38,521034000000000
311345;23;9;2017;09:15;0;AV BEZERRA DE MENEZES;;;1146;;Colis?úo Traseira;Luz do Dia;Bom;Seca;Meio de Quadra;N?úo H?í Controle;Comercial;0;0;2;1;0;0;0;0;0;1;0;0;-3,733512400000000;-38,554977000000000
311346;23;9;2017;07:20;0;AV JOAO PESSOA;;;6931;;Colis?úo Traseira;Luz do Dia;Bom;Seca;Meio de Quadra;N?úo H?í Controle;Residencial;0;0;1;0;0;0;0;0;0;1;0;0;-3,770336900000000;-38,561016000000000
311347;23;9;2017;11:12;0;RUA PRC ISABEL;;;1139;;Colis?úo Lateral;Luz do Dia;Bom;Seca;Meio de Quadra;N?úo H?í Controle;Comercial;0;0;2;1;0;0;0;0;0;0;0;0;-3,730856000000000;-38,536777000000000
311348;23;9;2017;12:15;0;AV VIS RIO BRANCO;;;3891;;Colis?úo Lateral;Luz do Dia;Bom;Seca;Meio de Quadra;N?úo H?í Controle;Comercial;0;0;3;1;0;0;0;0;0;0;0;0;-3,755231100000000;-38,520206000000000
311349;23;9;2017;14:58;23016;AV DR SILAS MUNGUBA;RUA PRA HELOISA F LIMA;;0;;Colis?úo Transversal;Luz do Dia;Bom;Seca;Cruz;Sem?íforo;Comercial;0;0;2;1;0;0;0;0;0;1;0;0;-3,788288800000000;-38,546020000000000
311350;23;9;2017;15:40;9098;RUA MIN JOAQUIM BASTOS D14;RUA CAMPO AMOR ROCHA;;0;;Colis?úo Traseira;Luz do Dia;Bom;Seca;Cruz;Pare;Residencial;0;0;2;1;0;0;0;0;0;0;0;0;-3,755414500000000;-38,526360000000000
311351;23;9;2017;16:35;17436;RUA TRES MARIAS D39 (MONTESE);RUA EQUADOR;;0;;Colis?úo Transversal;Luz do Dia;Bom;Seca;Cruz;Sem?íforo;Comercial;0;0;3;0;0;0;0;0;0;0;0;0;-3,768893000000000;-38,550770000000000
311352;23;9;2017;16:40;0;AV JOSE BASTOS;;;4140;;Colis?úo Traseira;Luz do Dia;Bom;Seca;Meio de Quadra;Sem?íforo;Comercial;0;2;2;1;0;0;0;0;0;1;0;0;-3,754026400000000;-38,554560000000000
311353;23;9;2017;19:16;4018;RUA DES PRAXEDES;RUA JULIO CESAR D12;;0;;Colis?úo Traseira;Via Iluminada;Bom;Seca;T;Sem?íforo;Comercial;0;0;1;1;1;0;0;0;0;0;0;0;-3,759000300000000;-38,550533000000000
311354;23;9;2017;16:10;9153;AV 13 DE MAIO;RUA PAULA RODRIGUES;;0;;Colis?úo Traseira;Luz do Dia;Bom;Seca;T;Sem?íforo;Comercial;0;1;1;0;0;0;0;0;0;1;0;0;-3,752223300000000;-38,526070000000000
311392;23;9;2017;21:15;10722;RUA AUDISIO PINHEIRO;RUA FLORIANOPOLIS;;0;;Colis?úo Transversal;Via Iluminada;Bom;Seca;Cruz;Pare;Comercial;0;1;3;1;0;0;0;0;0;0;0;0;-3,759554600000000;-38,589450000000000
315712;23;9;2017;07:55;0;RD BR 020;;;0;KM 431;Tombamento;Luz do Dia;Bom;Seca;Meio de Quadra;;;0;2;1;1;0;0;0;0;0;1;0;0;;
314894;23;9;2017;23:19;23003;RUA MONTEVIDEU;RUA EST JUCA D45;;0;;Colis?úo;;;;;;;0;2;0;1;0;0;0;0;0;1;0;0;-3,787617000000000;-38,543385000000000
314866;23;9;2017;23:03;2755;RUA CEL VIRGILIO NOGUEIRA (BOM JARDIM);RUA BOM JESUS (GRANJA LISBOA);;0;;Queda;;;;Cruz;Sem?íforo;Comercial;0;2;0;0;0;0;0;0;0;1;0;0;-3,791685983000000;-38,609766226000000
314864;23;9;2017;22:33;26247;RUA DUAS NACOES;RUA JOSE ABILIO;;0;;Colis?úo;;;;Cruz;Pare;Residencial;0;1;1;0;0;0;0;0;0;1;0;0;;
314862;23;9;2017;21:07;0;AV DUQ CAXIAS;;;0;;Atropelamento;;;;Meio de Quadra;;;0;2;0;0;0;0;0;0;0;0;0;0;;
314848;23;9;2017;12:57;0;AV DIOGUINHO;;;2125;;Colis?úo;Luz do Dia;;;Meio de Quadra;;;0;0;1;0;0;0;0;0;0;0;0;0;-3,735415000000000;-38,456716000000000
314849;23;9;2017;15:33;18302;RUA DRAGAO DO MAR;RUA SEN ALMINO;;0;;Colis?úo;Luz do Dia;;;Cruz;N?úo H?í Controle;Comercial;0;2;0;0;0;0;0;0;0;1;0;0;-3,721816000000000;-38,517919000000000
314850;23;9;2017;15:46;20023;AV DR SILAS MUNGUBA;AV HEROIS DO ACRE;;0;;Colis?úo;Luz do Dia;;;T;Sem?íforo;Comercial;0;2;0;1;0;0;0;0;0;1;0;0;-3,803079000000000;-38,528540000000000
314851;23;9;2017;15:56;14679;AV OLIVEIRA PAIVA;RUA PDE JANUARIO CAMPOS;;0;;Colis?úo;Luz do Dia;;;T;Sem?íforo;Comercial;0;1;1;1;0;0;0;0;0;1;0;0;-3,796018000000000;-38,489646000000000
314852;23;9;2017;16:25;0;AV JOSE BASTOS;;;0;;Colis?úo;Luz do Dia;;;Meio de Quadra;;;0;1;1;1;0;0;0;0;0;1;0;0;;
314855;23;9;2017;16:41;0;AV MAJ ASSIS;;;3030;;Queda;Luz do Dia;;;Meio de Quadra;;;0;1;0;0;0;1;0;0;0;0;0;0;-3,718708000000000;-38,606385000000000
314856;23;9;2017;16:42;0;RUA URUCUTUBA;;;2432;;Colis?úo;Luz do Dia;;;Meio de Quadra;;;0;1;1;1;0;0;0;0;0;1;0;0;-3,799168000000000;-38,619736000000000
314857;23;9;2017;16:47;0;AV 13 DE MAIO;;;0;;Colis?úo;Luz do Dia;;;Meio de Quadra;;;0;2;0;1;0;0;0;0;0;1;0;0;;
314858;23;9;2017;19:14;0;RUA PERGENTINO MAIA;;;2000;;Colis?úo;Anoitecer;;;Meio de Quadra;;;0;2;0;1;0;0;0;0;0;1;0;0;-3,832865000000000;-38,478622000000000
314859;23;9;2017;20:05;1709;RUA CAP ARAGAO;RUA CAP OLAVO;;0;;Colis?úo;;;;Cruz;Sem?íforo;Comercial;0;2;0;1;0;0;0;0;0;1;0;0;-3,765348000000000;-38,515937000000000
314860;23;9;2017;20:14;0;RUA CEL JUSTINO F RAMOS;;;70;;Colis?úo;;;;Meio de Quadra;;;0;1;1;0;0;0;0;0;0;0;0;0;-3,826524116000000;-38,474461913000000
314846;23;9;2017;12:50;0;RUA ARTUR DE CARVALHO;;;0;;Queda;Luz do Dia;;;Meio de Quadra;;;0;1;0;0;0;0;0;0;0;1;0;0;;
314843;23;9;2017;09:54;0;AV PERIMETRAL;;;2860;;Colis?úo;Luz do Dia;;;Meio de Quadra;;;0;0;2;1;0;0;0;0;0;1;0;0;;
314844;23;9;2017;10:21;0;RUA LEBOM MAIA;;;793;;Colis?úo;Luz do Dia;;;Meio de Quadra;;;0;1;1;1;0;0;0;0;0;1;0;0;-3,784129000000000;-38,580729000000000
314841;23;9;2017;09:26;0;RUA LUIS VIEIRA;;;546;;Colis?úo;Luz do Dia;;;Meio de Quadra;;;0;2;0;1;0;0;0;0;0;1;0;0;-3,793319000000000;-38,587675000000000
314836;23;9;2017;09:19;0;RUA PARA;;;600;;Colis?úo;Luz do Dia;;;Meio de Quadra;;;0;0;2;0;0;0;0;0;0;0;0;0;-3,755415000000000;-38,563508000000000
314828;23;9;2017;05:48;0;AV DR SILAS MUNGUBA;;;5454;;Colis?úo;Amanhecer;;;Meio de Quadra;;;0;1;1;0;0;0;0;0;0;0;0;0;;
314829;23;9;2017;06:47;0;AV WASHINGTON SOARES;;;0;;Colis?úo;Luz do Dia;;;Meio de Quadra;;;0;2;0;0;0;0;0;0;0;1;0;0;;
314830;23;9;2017;08:34;0;RUA CON DE CASTRO;;;0;;Colis?úo;Luz do Dia;;;Meio de Quadra;;;0;1;1;1;0;1;0;0;0;0;0;0;;
314831;23;9;2017;08:51;0;AV PERIMETRAL;;;562;;Colis?úo;Luz do Dia;;;Meio de Quadra;;;0;1;1;0;0;0;0;0;0;1;0;0;;
314821;23;9;2017;04:37;0;AV PASTEUR;;;0;;Queda;;;;Meio de Quadra;;;0;1;0;0;0;0;0;0;0;1;0;0;;
314819;23;9;2017;00:28;0;RD BR 116;;;0;;Queda;;Bom;Seca;Meio de Quadra;;;0;1;0;0;0;0;0;0;0;1;0;0;;
314683;23;9;2017;04:15;0;AV PERIMETRAL;;;0;;Colis?úo;;;;Meio de Quadra;;;0;0;2;0;0;0;0;0;0;0;0;0;;
314684;23;9;2017;07:46;0;AV PRS COSTA E SILVA;;;56;;Colis?úo;Luz do Dia;;;Meio de Quadra;;;0;1;1;0;0;0;0;0;0;0;0;0;;
314688;23;9;2017;09:09;7923;AV DES MOREIRA;RUA ISAC AMARAL;;0;;Colis?úo;Luz do Dia;;;Cruz;Sem?íforo;Comercial;0;1;1;1;0;0;0;0;0;0;0;0;-3,753019000000000;-38,503726000000000
314690;23;9;2017;12:09;0;AV PRS CASTELO BRANCO;;;0;;Queda;Luz do Dia;;;Meio de Quadra;;;0;1;0;0;0;0;0;0;0;1;0;0;;
314691;23;9;2017;20:03;0;RUA MIN ALBUQUERQUE LIMA;;;0;;Colis?úo;;;;Meio de Quadra;;;0;1;1;1;0;0;0;0;0;0;0;0;;
314692;23;9;2017;20:05;1709;RUA CAP OLAVO;RUA CAP ARAGAO;;0;;Colis?úo;;;;Cruz;Sem?íforo;Comercial;0;1;1;1;0;0;0;0;0;0;0;0;-3,765348000000000;-38,515937000000000
314693;23;9;2017;20:29;0;RUA 856 CJ CEARA;;;0;;Colis?úo;;;;Meio de Quadra;;;0;2;0;1;0;0;0;0;0;0;0;0;;
314694;23;9;2017;21:48;10828;RUA PORTO VELHO;RUA ARACAJU;;0;;Colis?úo;;;;Cruz;Pare;Residencial;0;2;0;0;0;0;0;0;0;1;0;0;-3,764365000000000;-38,589992000000000
314695;23;9;2017;23:03;0;AV EDILSON B SOARES;;;301;;Queda;;;;Meio de Quadra;;;0;1;0;0;0;1;0;0;0;0;0;0;-3,789655000000000;-38,482918000000000
304585;23;9;2017;00:30;0;AV BEZERRA DE MENEZES;;;711;;Colis?úo Traseira;;;;Meio de Quadra;;;0;0;2;1;0;0;0;0;0;0;0;0;-3,732914000000000;-38,551146000000000
304590;23;9;2017;15:00;0;AV DOS EXPEDICIONARIOS;;;5616;;Colis?úo Traseira;Luz do Dia;;;Meio de Quadra;;;0;0;2;1;0;0;0;0;0;0;0;0;-3,769221000000000;-38,542477000000000
304593;23;9;2017;08:40;17361;RUA BAR SOBRAL;RUA BAR CANINDE;;0;;Colis?úo Lateral;Luz do Dia;;;Cruz;Pare;Misto;0;0;2;1;1;0;0;0;0;0;0;0;-3,766148000000000;-38,555751000000000
304597;23;9;2017;10:03;3368;RUA AMAZONAS;RUA RIO GRANDE DO SUL;;0;;Colis?úo Traseira;Luz do Dia;;;Cruz;Pare;Residencial;0;0;2;1;0;0;0;0;0;0;0;0;-3,753306000000000;-38,564164000000000
304595;23;9;2017;10:10;0;AV 13 DE MAIO;;;441;;Colis?úo Traseira;Luz do Dia;;;Meio de Quadra;;;0;0;2;1;0;0;0;0;0;0;0;0;-3,752697000000000;-38,525376000000000
303952;23;9;2017;06:37;0;RUA POMPILIO GOMES;;;260;;Atropelamento;Luz do Dia;;;Meio de Quadra;;;1;0;1;0;0;0;0;0;0;1;0;0;-3,812812300000000;-38,520503100000000
304582;24;9;2017;18:00;0;RUA JAIME BENEVOLO;;;190;;Colis?úo Traseira;Via Iluminada;Bom;Seca;Meio de Quadra;N?úo H?í Controle;Misto;0;0;2;1;1;0;0;0;0;0;0;0;-3,733690000000000;-38,525893000000000
304579;24;9;2017;03:20;249;RUA GAL PIRAGIBE;RUA GAL BERNARDO FIGUEIREDO;;0;;Colis?úo Transversal;Via Iluminada;Bom;Seca;Cruz;Pare;Residencial;0;1;1;1;0;0;0;0;0;1;0;0;-3,740799000000000;-38,557338000000000
304573;24;9;2017;00:30;0;RUA ALM JACEGUAI;;;7;;Colis?úo Traseira;Via Iluminada;Bom;Seca;Meio de Quadra;Sem?íforo;Comercial;0;0;2;1;1;0;0;0;0;0;0;0;-3,720881000000000;-38,519264700000000
304575;24;9;2017;01:20;13414;AV ANTONIO SALES;RUA CARLOS VASCONCELOS;;0;;Colis?úo Traseira;Via Iluminada;Bom;Seca;Cruz;Sem?íforo;Comercial;0;1;1;1;0;0;0;0;0;1;0;0;-3,741942000000000;-38,513726000000000
304855;24;9;2017;23:45;21590;RUA RAIMUNDO NERY;RUA COM GARCIA;;0;;Colis?úo Transversal;;;;Cruz;Pare;Residencial;1;0;1;0;0;0;0;0;0;1;0;0;-3,795908000000000;-38,585684000000000
314706;24;9;2017;02:42;0;RUA GAL BERNARDO FIGUEIREDO;;;2295;;Colis?úo;;;;Meio de Quadra;;;0;1;1;1;0;0;0;0;0;1;0;0;-3,740764842000000;-38,557411980000000
314707;24;9;2017;04:43;0;RUA TEN ELIEZER COSTA;;;164;;Colis?úo;;;;Meio de Quadra;;;0;1;1;0;0;0;0;0;0;0;0;0;-3,710115800000000;-38,591284200000000
314704;24;9;2017;01:31;0;AV GAL OSORIO DE PAIVA;;;1327;;Colis?úo;;;;Meio de Quadra;;;0;1;1;0;0;0;0;0;0;0;0;0;;
314710;24;9;2017;11:16;0;RUA JULIO SILVA;;;440;;Queda;Luz do Dia;;;Meio de Quadra;;;0;1;0;0;0;1;0;0;0;0;0;0;-3,745304834000000;-38,454527210000000
314712;24;9;2017;11:32;0;RUA JOSE LUCAS;;;926;;Queda;Luz do Dia;;;Meio de Quadra;;;0;1;0;0;0;0;0;0;0;1;0;0;;
314714;24;9;2017;15:57;0;AV MOZART PINHEIRO DE LUCENA;;;2800;;Colis?úo;Luz do Dia;;;Meio de Quadra;;;0;2;0;1;0;0;0;0;0;1;0;0;-3,729077000000000;-38,598764000000000
314715;24;9;2017;16:04;11630;RUA PRO HERIBALDO COSTA;RUA BOA VISTA;;0;;Colis?úo;Luz do Dia;;;Cruz;Outros;Residencial;0;1;1;0;0;0;0;0;0;0;0;0;-3,767974000000000;-38,588035000000000
314716;24;9;2017;16:36;0;AV GOV RAUL BARBOSA;;;5570;;Colis?úo;Luz do Dia;;;Meio de Quadra;;;0;2;0;0;0;0;0;0;0;0;0;0;-3,769939000000000;-38,510525000000000
314872;24;9;2017;04:43;0;RUA TEN ELIEZER COSTA;;;164;;Colis?úo;;;;Meio de Quadra;;;0;1;1;0;0;0;0;0;0;0;0;0;-3,710115800000000;-38,591284200000000
314869;24;9;2017;02:08;0;RUA CAP OLAVO;;;117;;Queda;;;;Meio de Quadra;;;0;1;0;0;0;0;0;0;0;1;0;0;-3,763430000000000;-38,516246000000000
314870;24;9;2017;04:33;0;RD BR 116;;;4000;KM-04;Outros;;;;Meio de Quadra;;;0;1;1;1;0;0;0;0;0;0;0;0;-3,788331000000000;-38,510646000000000
314877;24;9;2017;10:12;0;RUA MAJ WEYNE;;;960;;Colis?úo;Luz do Dia;;;Meio de Quadra;;;0;2;0;1;0;0;0;0;0;0;0;0;-3,748516000000000;-38,544588000000000
314878;24;9;2017;16:29;0;AV MR HULL;;;0;;Atropelamento;Luz do Dia;;;Meio de Quadra;;;0;1;1;0;1;0;0;0;0;0;0;0;;
314875;24;9;2017;09:07;0;RUA TRES CORACOES;;;549;;Colis?úo;Luz do Dia;;;Meio de Quadra;;;0;1;1;1;0;0;0;0;0;1;0;0;;
314895;24;9;2017;00:18;22849;RUA CON LIMA SUCUPIRA;RUA DR JUSTA ARAUJO D45;;0;;Colis?úo;;;;Cruz;Pare;Misto;0;2;0;1;0;0;0;0;0;1;0;0;-3,778167000000000;-38,550832000000000
314896;24;9;2017;00:47;0;RUA PRIMEIRO DE MAIO D34;;;880;;Colis?úo;;;;Meio de Quadra;;;0;0;2;0;0;0;0;0;0;0;0;0;;