COD_ACIDENTE;DIA;MES;ANO;HORA;INTERSECAO;LOG1;LOG2;LOG3;NUMERO;REFERENCIA;NATUREZA;ILUMINACAO;TEMPO;SUPERFICIEPISTA;TIPOCRUZAMENTO;CONTROLETRAFEGO;USOSOLO;MORTOS;FERIDOS;ILESOS;AUTOMOVEL;ONIBUS;BICICLETA;CAMINHAO;MICROONIBUS;CICLOMOTOR;MOTOCICLETA;TRACAOANIMAL;TREM;LATITUDE;LONGITUDE
314897;24;9;2017;01:25;0;RUA FRANCISCA MARIA DA CONCEICAO;;;1251;;Queda;;;;Meio de Quadra;;;0;1;0;0;0;0;0;0;0;1;0;0;-3,837135000000000;-38,572105000000000
314898;24;9;2017;13:26;0;RUA TEODOMIRO DE CASTRO;;;6317;;Colis?úo;Luz do Dia;;;Meio de Quadra;;;0;1;1;0;0;0;0;0;0;0;0;0;-3,716948000000000;-38,576545000000000
314899;24;9;2017;14:54;0;RUA MARIA CLARA;;;680;;Atropelamento;Luz do Dia;;;Meio de Quadra;;;0;2;0;0;0;0;0;0;0;0;0;0;-3,725467000000000;-38,584854000000000
314900;24;9;2017;15:05;19611;RUA NEREU RAMOS;AV GODOFREDO MACIEL;;0;;Colis?úo;Luz do Dia;;;T;Sem?íforo;Comercial;0;3;0;0;0;0;0;0;0;0;0;0;-3,787250000000000;-38,566802000000000
314944;24;9;2017;23:47;0;AV PERIMETRAL;;;1462;;Colis?úo;;;;Meio de Quadra;;;0;0;2;0;0;0;0;0;0;0;0;0;;
314945;24;9;2017;23:50;0;RUA AUDISIO PINHEIRO;;;41;;Colis?úo;;;;Meio de Quadra;;;0;1;1;0;0;0;0;0;0;0;0;0;;
314939;24;9;2017;20:53;0;RUA AFONSO LOPES;;;1257;;Colis?úo;;;;Meio de Quadra;;;0;0;2;0;0;0;0;0;0;0;0;0;-3,798625000000000;-38,549901000000000
314940;24;9;2017;21:30;0;AV SGT HERMINIO SAMPAIO;;;5100;;Queda;;;;Meio de Quadra;;;0;1;0;0;0;0;0;0;0;1;0;0;-3,733899000000000;-38,584391000000000
314941;24;9;2017;23:44;1561;AV SEN VIRGILIO TAVORA;AV PDE ANTONIO TOMAS;;0;;Colis?úo;;;;Outros;Sem?íforo Intermitente;Comercial;0;1;1;0;0;0;0;0;0;0;0;0;-3,741760000000000;-38,494749000000000
314929;24;9;2017;20:20;0;RUA MORRO BRANCO;;;445;;Queda;;;;Meio de Quadra;;;0;1;0;0;0;0;0;0;0;1;0;0;;
314930;24;9;2017;20:42;0;RUA JOSE RANGEL;;;0;;Colis?úo;;;;Meio de Quadra;;;0;0;2;0;0;0;0;0;0;0;0;0;;
314925;24;9;2017;19:48;0;RUA BRI VILELA;;;267;;Queda;;;;Meio de Quadra;;;0;1;0;0;0;0;0;0;0;1;0;0;-3,770437000000000;-38,514239000000000
314926;24;9;2017;19:55;26246;RUA JOSE ABILIO;RUA ANTONIO NERY;;0;;Colis?úo;;;;;;;0;0;1;0;0;0;0;0;0;0;0;0;-3,783013774000000;-38,601558286000000
314927;24;9;2017;20:15;0;RUA JARDIM FLUMINENSE;;;1710;;Colis?úo;;;;Meio de Quadra;;;0;1;0;0;0;0;0;0;0;1;0;0;-3,809163000000000;-38,603833000000000
314920;24;9;2017;17:55;0;RUA SANTA FE;;;1355;;Colis?úo;Anoitecer;;;Meio de Quadra;;;0;1;1;1;0;0;0;0;0;0;0;0;;
314921;24;9;2017;19:02;23607;RUA BAR CRATO;RUA CAP NESTOR GOIS;;0;;Colis?úo Frontal;;;;Cruz;N?úo H?í Controle;Residencial;0;2;0;1;0;0;0;0;0;1;0;0;-3,721812000000000;-38,561703000000000
314922;24;9;2017;19:30;0;RUA VICENTE GURGEL;;;301;;Queda;;;;Meio de Quadra;;;0;1;0;0;0;0;0;0;0;1;0;0;-3,839653281000000;-38,483880516000000
314933;24;9;2017;20:42;0;AV ISABEL BEZERRA;;;1036;;Colis?úo;;;;Meio de Quadra;;;0;2;0;0;0;0;0;0;0;0;0;0;;
315288;24;9;2017;07:00;0;RD CE-040;;;0;KM-03;Colis?úo;Luz do Dia;Bom;Seca;Meio de Quadra;;;0;0;2;1;0;0;1;0;0;0;0;0;-3,782614325000000;-38,481083900000000
315290;24;9;2017;11:50;0;AV MIN JOSE AMERICO;;;0;;Colis?úo;Luz do Dia;Bom;Seca;Meio de Quadra;;;0;0;2;0;0;0;0;0;0;1;0;0;;
305915;24;9;2017;23:00;0;RUA ANA BILHAR;;;491;;Choque c/ Obst?ículo Fixo;;;;Meio de Quadra;Sem?íforo;Residencial;1;0;0;1;0;0;0;0;0;0;0;0;-3,729356000000000;-38,496034000000000
305911;24;9;2017;19:50;26246;RUA JOSE ABILIO;RUA ANTONIO NERY;;0;;Colis?úo Transversal;;;;;;;1;0;1;0;0;0;0;0;0;1;0;0;-3,783013774000000;-38,601558286000000
311355;24;9;2017;00:47;0;RUA EMILIO DE MENESES;;;2289;;Choque c/ Obst?ículo Fixo;Via Iluminada;Bom;Seca;Meio de Quadra;N?úo H?í Controle;Residencial;0;0;1;1;0;0;0;0;0;0;0;0;-3,777812000000000;-38,601390000000000
311363;24;9;2017;18:00;0;RUA ESTADO DO RIO;;;900;;Colis?úo Lateral;Via Iluminada;Bom;Seca;Meio de Quadra;N?úo H?í Controle;Residencial;0;0;1;1;0;0;0;0;0;1;0;0;-3,758653600000000;-38,570984000000000
311364;24;9;2017;18:58;0;RUA BRAZ DE FRANCESCO;;;499;;Colis?úo Traseira;Via Iluminada;Bom;Seca;T;Pare;Comercial;0;0;2;1;0;0;0;0;0;0;0;0;-3,735967000000000;-38,567337000000000
311365;24;9;2017;19:19;0;AV MOZART PINHEIRO DE LUCENA;;;0;;Colis?úo Transversal;Via Iluminada;Bom;Seca;Meio de Quadra;N?úo H?í Controle;Comercial;0;0;0;1;0;0;0;0;0;1;0;0;-3,741019000000000;-38,562970000000000
311357;24;9;2017;06:20;15189;AV ABOLICAO;RUA FRE MANSUETO;;0;;Colis?úo Transversal;Luz do Dia;Bom;Seca;Cruz;Sem?íforo;Comercial;0;1;1;1;0;0;0;0;0;1;0;0;-3,726432000000000;-38,489044000000000
311358;24;9;2017;10:11;0;AV DR SILAS MUNGUBA;;;0;;Choque c/ Obst?ículo Fixo;Luz do Dia;Bom;Seca;Meio de Quadra;N?úo H?í Controle;Escola;0;0;2;1;0;0;0;0;0;0;0;0;-3,786158800000000;-38,550770000000000
311360;24;9;2017;12:20;12781;RUA QUINTINO CUNHA;RUA SAMUEL UCHOA;;0;;Colis?úo Transversal;Luz do Dia;Bom;Seca;Cruz;Pare;Residencial;0;0;2;1;0;0;0;0;0;1;0;0;-3,753507600000000;-38,546764000000000
311361;24;9;2017;13:15;3820;AV CARAPINIMA;AV 13 DE MAIO;;0;;Colis?úo Transversal;Luz do Dia;Bom;Seca;Cruz;Sem?íforo;Comercial;0;0;2;1;0;0;0;0;0;0;0;0;-3,739814300000000;-38,540195000000000
311380;24;9;2017;18:37;0;AV MON TABOSA;;;1136;;Colis?úo Lateral;Anoitecer;Bom;Seca;Meio de Quadra;N?úo H?í Controle;Comercial;0;0;0;1;0;0;0;0;0;0;0;0;-3,724336100000000;-38,509003000000000
311381;25;9;2017;18:20;5328;AV DUQ CAXIAS;AV TRISTAO GONCALVES;;0;;Engavetamento;Via Iluminada;Bom;Seca;Cruz;Sem?íforo;Comercial;0;0;3;1;0;0;0;0;0;0;0;0;-3,730330000000000;-38,534310000000000
311382;25;9;2017;19:27;0;AV DR SILAS MUNGUBA;;;3889;;Colis?úo Lateral;Via Iluminada;Bom;Seca;Meio de Quadra;Sem?íforo;Comercial;0;0;1;1;0;0;0;0;0;0;0;0;-3,791059300000000;-38,539000000000000
311383;25;9;2017;19:00;6818;RUA FRANCISCO MATOS;RUA DR GILBERTO STUDART;;0;;Colis?úo Transversal;Via Iluminada;Bom;Seca;Cruz;Pare;Residencial;0;0;2;1;0;0;0;0;0;0;0;0;-3,747051500000000;-38,470287000000000
311366;25;9;2017;05:25;0;RUA FRANCISCO LEANDRO;;;32;;Colis?úo Lateral;Luz do Dia;Bom;Seca;Outros;Pare;Residencial;0;0;2;1;0;0;0;0;0;1;0;0;-3,822642800000000;-38,480910000000000
311367;25;9;2017;09:03;0;AV JOSE BASTOS;;;4530;;Colis?úo Traseira;Luz do Dia;Bom;Seca;Meio de Quadra;N?úo H?í Controle;Comercial;0;0;2;1;0;0;0;0;0;1;0;0;-3,756222500000000;-38,556644000000000
311368;25;9;2017;08:59;11022;RUA BAR CANINDE;RUA MUNDICA PAULA;;0;;Colis?úo Traseira;Luz do Dia;Bom;Seca;Cruz;Pare;Residencial;0;0;2;0;1;0;0;0;0;1;0;0;-3,773173600000000;-38,558235000000000
311369;25;9;2017;08:55;0;AV VIS RIO BRANCO;;;3797;;Colis?úo Lateral;Luz do Dia;Bom;Seca;Meio de Quadra;N?úo H?í Controle;Comercial;0;0;2;1;1;0;0;0;0;0;0;0;-3,754533800000000;-38,520240000000000
311370;25;9;2017;09:56;25111;RUA DEMETRIO MENEZES;RUA GAL GOIS MONTEIRO;;0;;Colis?úo Transversal;Luz do Dia;Bom;Seca;T;Pare;Comercial;0;0;2;1;0;0;0;0;0;0;0;0;-3,734518000000000;-38,584194000000000
311371;25;9;2017;10:22;5561;AV CASTANHOLEIRAS;AL ELIANE LUCIA;;0;;Colis?úo Lateral;Luz do Dia;Bom;Seca;Cruz;Pare;Residencial;0;0;2;1;0;0;0;0;0;0;0;0;-3,750354000000000;-38,467735000000000
311372;25;9;2017;10:40;0;RUA ESPIRITO SANTO;;;837;;Choque c/ Obst?ículo Fixo;Luz do Dia;Bom;Seca;Meio de Quadra;N?úo H?í Controle;Residencial;0;0;0;1;0;0;0;0;0;0;0;0;-3,755559400000000;-38,569744000000000
311373;25;9;2017;10:56;0;AV ZUCA ACIOLY;;;500;;Atropelamento;Luz do Dia;Bom;Seca;Meio de Quadra;N?úo H?í Controle;Residencial;0;1;1;0;0;0;0;0;0;1;0;0;-3,750057700000000;-38,466736000000000
311374;25;9;2017;13:16;15146;AV MON TABOSA;RUA FRANCISCO DIAS RIBEIRO;;0;;Colis?úo Traseira;Luz do Dia;Bom;Seca;T;N?úo H?í Controle;Residencial;0;0;2;1;0;0;0;0;0;1;0;0;-3,724408000000000;-38,504560000000000
311375;25;9;2017;14:25;25101;AV GAL OSORIO DE PAIVA;RUA NAPOLEAO QUEZADO;;0;;Colis?úo Transversal;Luz do Dia;Bom;Seca;Cruz;Pare;Comercial;0;1;1;1;0;0;0;0;0;1;0;0;-3,776673600000000;-38,567955000000000
311376;25;9;2017;14:39;0;AV EDUARDO GIRAO;;;0;;Colis?úo Traseira;Luz do Dia;Bom;Seca;T;Sem?íforo;Comercial;0;0;2;1;0;0;0;0;0;0;0;0;-3,755173700000000;-38,530014000000000
311377;25;9;2017;14:07;0;AV PRS COSTA E SILVA;;;859;;Colis?úo Lateral;Luz do Dia;Bom;Seca;Meio de Quadra;N?úo H?í Controle;Comercial;0;0;2;1;0;0;0;0;0;0;0;0;-3,812692400000000;-38,572254000000000
311378;25;9;2017;13:30;0;AV PRS COSTA E SILVA;;;859;;Colis?úo Traseira;Luz do Dia;Bom;Seca;Meio de Quadra;Sem?íforo;Comercial;0;0;4;1;0;0;0;0;0;0;0;0;-3,812814000000000;-38,571945000000000
311379;25;9;2017;18:03;0;AV PRUDENTE BRASIL;;;990;;Colis?úo Frontal;Via Iluminada;Bom;Seca;Meio de Quadra;N?úo H?í Controle;Residencial;0;0;0;1;0;0;0;0;0;1;0;0;-3,810398600000000;-38,534603000000000
311385;25;9;2017;14:45;0;RUA BERNARDO MANUEL;;;10300;;Colis?úo Frontal;Luz do Dia;Bom;Seca;Meio de Quadra;Sem?íforo;Comercial;0;0;2;1;0;0;0;0;0;0;0;0;-3,809691400000000;-38,554874000000000
311501;25;9;2017;18:49;0;AV DOM MANUEL;;;339;;Colis?úo Traseira;Via Iluminada;Bom;Seca;Meio de Quadra;Sem?íforo;Residencial;0;0;1;1;0;0;0;0;0;0;0;0;-3,727152600000000;-38,520670000000000
315291;25;9;2017;11:00;0;AV SEN CARLOS JEREISSATI (AEROPORTO);;;0;KM 04;Colis?úo;Luz do Dia;Bom;Seca;Meio de Quadra;;;0;1;1;1;0;0;0;0;0;0;0;0;-3,774020000000000;-38,550907000000000
315293;25;9;2017;14:10;0;RD CE-040;;;0;KM-04;Colis?úo;Luz do Dia;Bom;Seca;Meio de Quadra;;;0;1;1;1;0;0;0;0;0;1;0;0;-3,791613156000000;-38,480330840000000
314903;25;9;2017;13:09;0;RUA SILVINHA TELES D69;;;240;;Colis?úo;Luz do Dia;;;Meio de Quadra;;;0;1;1;0;0;0;0;0;0;0;0;0;-3,849802000000000;-38,524958000000000
314904;25;9;2017;13:09;0;AV GAL OSORIO DE PAIVA;;;636;;Colis?úo;Luz do Dia;;;Meio de Quadra;;;0;2;0;1;0;0;0;0;0;1;0;0;-3,776636000000000;-38,568098000000000
314916;25;9;2017;23:51;0;RUA BELGICA;;;891;;Colis?úo;;;;Meio de Quadra;;;0;1;1;0;0;0;0;0;0;0;0;0;-3,789485100000000;-38,565600000000000
314906;25;9;2017;16:20;0;AV PERIMETRAL;;;700;;Colis?úo;Luz do Dia;;;Meio de Quadra;;;0;2;0;1;0;0;0;0;0;1;0;0;;
314907;25;9;2017;16:45;0;AV PRUDENTE BRASIL;;;818;;Colis?úo;Luz do Dia;;;Meio de Quadra;;;0;2;0;1;0;0;0;0;0;1;0;0;-3,809815000000000;-38,534469000000000
314908;25;9;2017;17:18;0;TR CLAUDIO MANOEL;;;59;;Queda;Anoitecer;;;Meio de Quadra;;;0;1;0;0;0;1;0;0;0;0;0;0;-3,748038300000000;-38,570400900000000
314909;25;9;2017;19:01;0;RUA BERNARDO MANUEL;;;10531;;Colis?úo;;;;Meio de Quadra;;;0;1;0;0;0;0;0;0;0;1;0;0;-3,811482000000000;-38,555280000000000
314910;25;9;2017;19:58;0;RUA CHICO FRANCA;;;640;;Colis?úo;;;;Meio de Quadra;;;0;2;0;1;0;0;0;0;0;1;0;0;;
314911;25;9;2017;21:09;0;AV PRS CASTELO BRANCO;;;5914;;Colis?úo;;;;Meio de Quadra;;;0;2;0;1;0;0;0;0;0;1;0;0;-3,701973580000000;-38,583262338000000
314946;25;9;2017;02:49;23791;RUA COSTA FREIRE;RUA RAIMUNDO NERY;;0;;Colis?úo;;;;Cruz;Pare;Residencial;0;1;1;0;0;0;0;0;0;1;0;0;-3,794144000000000;-38,586423000000000
314947;25;9;2017;06:14;0;RUA EDUARDO PERDIGAO;;;251;;Colis?úo;Luz do Dia;;;Meio de Quadra;;;0;2;0;0;0;0;0;0;0;1;0;0;-3,776719000000000;-38,563794000000000
314951;25;9;2017;07:32;0;ET PAVUNA;;;1106;;Colis?úo;Luz do Dia;;;Meio de Quadra;;;0;2;0;1;0;0;0;0;0;1;0;0;-3,810746000000000;-38,556509000000000
314952;25;9;2017;07:52;0;AV JOSE BASTOS;;;0;;Colis?úo;Luz do Dia;;;Meio de Quadra;;;0;2;0;1;0;0;0;0;0;1;0;0;;
314953;25;9;2017;08:17;0;AV BENJAMIM BRASIL;;;2112;;Colis?úo;Luz do Dia;;;Meio de Quadra;;;0;1;0;0;0;0;0;0;0;1;0;0;-3,808292000000000;-38,558229000000000
314949;25;9;2017;07:27;0;RUA TIRADENTES;;;483;;Colis?úo;Luz do Dia;;;Meio de Quadra;;;0;1;1;1;0;0;0;0;0;0;0;0;-3,742296000000000;-38,548870000000000
314965;25;9;2017;10:19;0;AV LAURO VIEIRA CHAVES;;;0;;Colis?úo;Luz do Dia;;;Meio de Quadra;;;0;2;0;1;0;0;0;0;0;1;0;0;;
314966;25;9;2017;17:13;0;AV PERIMETRAL;;;1422;;Colis?úo;Anoitecer;;;Meio de Quadra;;;0;2;0;1;0;1;0;0;0;0;0;0;;
314901;25;9;2017;11:17;19753;RUA ERICO MOTA;RUA AZEVEDO BOLAO;;0;;Atropelamento;Luz do Dia;;;Cruz;Pare;Residencial;0;2;0;1;0;0;0;0;0;0;0;0;-3,737645000000000;-38,562522000000000
314881;25;9;2017;11:06;0;RUA GOIANESA;;;175;;Atropelamento;Luz do Dia;;;Meio de Quadra;;;0;1;1;0;0;0;0;0;0;1;0;0;;
314882;25;9;2017;11:09;0;AV AGUANAMBI;;;0;;Colis?úo;Luz do Dia;;;Meio de Quadra;;;0;0;2;0;0;0;0;0;0;0;0;0;;
314883;25;9;2017;14:10;0;AV WASHINGTON SOARES;;;4393;;Colis?úo;Luz do Dia;;;Meio de Quadra;;;0;1;1;1;0;0;0;0;0;1;0;0;;
314720;25;9;2017;10:52;0;RUA COM ACIOLI;;;505;;Atropelamento;Luz do Dia;;;Meio de Quadra;;;0;2;0;0;0;0;0;0;0;1;0;0;;
314721;25;9;2017;11:09;0;RUA DA SAUDADE D04;;;0;;Colis?úo;Luz do Dia;;;Meio de Quadra;;;0;1;0;0;0;0;0;0;0;1;0;0;;
314722;25;9;2017;13:54;26073;AV FRANCISCO SA;AV JOSE JATAHY;;0;;Colis?úo;Luz do Dia;;;Cruz;Sem?íforo;Residencial;0;1;1;0;0;0;0;0;0;0;0;0;-3,720897980000000;-38,546818250000000
314723;25;9;2017;16:15;0;RUA NAT FEIJO;;;309;;Colis?úo;Luz do Dia;;;Meio de Quadra;;;0;1;1;1;0;0;0;0;0;1;0;0;-3,722577000000000;-38,551614000000000
314726;25;9;2017;17:32;0;RUA SEIS COMPANHEIROS;;;297;;Queda;Anoitecer;;;Meio de Quadra;;;0;1;0;0;0;0;0;0;0;1;0;0;-3,703121500000000;-38,576146800000000
314727;25;9;2017;18:11;0;AV PRS CASTELO BRANCO;;;3833;;Colis?úo;Anoitecer;;;Meio de Quadra;;;0;2;0;0;0;0;0;0;0;1;0;0;-3,709023000000000;-38,566617000000000
304852;25;9;2017;14:00;0;AV MOZART PINHEIRO DE LUCENA;;;1886;;Atropelamento;Luz do Dia;;;Meio de Quadra;;;1;0;1;0;0;0;0;0;0;0;0;0;-3,718780000000000;-38,595824000000000
304591;25;9;2017;13:23;15100;AV HIS RAIMUNDO GIRAO;RUA JOAO CORDEIRO;;0;;Colis?úo Traseira;Luz do Dia;Bom;Seca;Cruz;Sem?íforo;Comercial;0;0;2;1;0;0;0;0;0;0;0;0;-3,720835000000000;-38,511630000000000
304596;26;9;2017;16:25;3820;AV CARAPINIMA;AV 13 DE MAIO;;0;;Colis?úo Lateral;Luz do Dia;Bom;;Cruz;Sem?íforo;Comercial;0;0;2;0;0;0;0;0;0;0;0;0;-3,740001000000000;-38,540239000000000
304604;26;9;2017;15:03;0;RUA 7 DE SETEMBRO;;;164;;Engavetamento;Luz do Dia;Bom;Seca;Meio de Quadra;Sem?íforo;Comercial;0;0;4;0;1;0;0;0;0;0;0;0;-3,774324000000000;-38,563789000000000
304620;26;9;2017;15:20;0;AV FRANCISCO SA;;;3930;;Colis?úo Lateral;Luz do Dia;Bom;Seca;Meio de Quadra;N?úo H?í Controle;Comercial;0;0;2;1;0;0;1;0;0;0;0;0;-3,716470000000000;-38,560125000000000
304633;26;9;2017;16:18;25758;AV FRANCISCO SA;RUA ILDEFONSO ARAUJO;;0;;Colis?úo Lateral;Luz do Dia;Bom;Seca;T;Pare;Comercial;0;0;2;1;1;0;0;0;0;0;0;0;-3,716496000000000;-38,560047000000000
304618;26;9;2017;10:06;1592;RUA CEL JUCA;RUA CAROLINA SUCUPIRA;;0;;Colis?úo Lateral;Luz do Dia;Bom;Seca;Cruz;Pare;Residencial;0;0;2;1;0;0;0;0;0;1;0;0;-3,743389000000000;-38,493114000000000
320858;26;9;2017;07:05;0;RUA JUVENTUDE;;;50;;Queda;Luz do Dia;;;Meio de Quadra;;;0;1;0;0;0;0;0;0;0;1;0;0;-3,749096900000000;-38,600535300000000
314730;26;9;2017;06:16;0;RUA PESSOA ANTA;;;14;;Colis?úo;Luz do Dia;;;Meio de Quadra;;;0;1;1;1;0;0;0;0;0;1;0;0;-3,721247000000000;-38,523130000000000
314731;26;9;2017;08:29;0;AV MR HULL;;;5607;;Colis?úo;Luz do Dia;Bom;Seca;Meio de Quadra;;;0;1;1;1;0;0;0;0;0;1;0;0;-3,740089000000000;-38,594483000000000
314732;26;9;2017;10:44;0;RUA A CJ ITAPERI;;;0;;Queda;Luz do Dia;;;Meio de Quadra;;;0;1;0;0;0;0;0;0;0;1;0;0;;
314733;26;9;2017;11:30;0;AV DUQ CAXIAS;;;111;;Atropelamento;Luz do Dia;;;Meio de Quadra;;;0;2;0;0;0;0;0;0;0;1;0;0;-3,733260143000000;-38,525361441000000
314744;26;9;2017;16:12;0;RUA 12 PQ SANTANA;;;219;;Colis?úo;Luz do Dia;;;Meio de Quadra;;;0;1;1;0;0;0;0;0;0;1;0;0;-3,793575700000000;-38,532552800000000
314752;26;9;2017;19:19;0;AV H CJ CEARA;;;328;;Colis?úo;;;;Meio de Quadra;;;0;2;0;1;0;0;0;0;0;0;0;0;;
314753;26;9;2017;21:40;0;AV WASHINGTON LUIS;;;89;;Colis?úo;;;;Meio de Quadra;;;0;0;2;0;0;0;0;0;0;0;0;0;-3,717412000000000;-38,589764000000000
314884;26;9;2017;16:12;0;RUA 2 PQ SANTANA;;;100;;Colis?úo;Luz do Dia;;;Meio de Quadra;;;0;2;0;0;0;0;0;0;0;1;0;0;;
314885;26;9;2017;19:27;3263;AV PERIMETRAL;RUA POMAR CARIOCA;;0;;Colis?úo;;;;Cruz;Outros;Residencial;0;0;2;0;0;0;0;0;0;0;0;0;-3,784820000000000;-38,589809000000000
314967;26;9;2017;08:51;0;RD BR 116;;;8000;KM-08;Colis?úo;Luz do Dia;;;Meio de Quadra;;;0;2;0;1;0;0;0;0;0;1;0;0;-3,822018000000000;-38,503269000000000
314968;26;9;2017;10:16;0;RUA BAR AQUIRAZ;;;1840;;Colis?úo;Luz do Dia;;;Meio de Quadra;;;0;2;0;0;0;0;0;0;0;1;0;0;-3,842950000000000;-38,482986000000000
314969;26;9;2017;07:13;0;AV PERIMETRAL;;;1422;;Colis?úo;Luz do Dia;;;Meio de Quadra;;;0;2;0;0;0;0;0;0;0;1;0;0;;
314970;26;9;2017;07:13;0;AV SEN FERNANDES TAVORA;;;2881;;Colis?úo;Luz do Dia;;;Meio de Quadra;;;0;2;0;0;0;0;0;0;0;1;0;0;-3,755172000000000;-38,598030000000000
314971;26;9;2017;08:17;0;AV SEN CARLOS JEREISSATI (AEROPORTO);;;700;;Queda;Luz do Dia;;;Meio de Quadra;;;0;1;0;0;0;0;0;0;0;1;0;0;-3,782574901000000;-38,534264574000000
314972;26;9;2017;11:15;2706;RUA CEL VIRGILIO NOGUEIRA (BOM JARDIM);RUA OSCAR FRANCA;;0;;Colis?úo;Luz do Dia;;;Cruz;Sem?íforo;Residencial;0;2;0;0;0;0;0;0;0;1;0;0;-3,788935404000000;-38,608855206000000
314982;26;9;2017;18:58;0;RUA SABIAGUABA;;;2158;;Colis?úo;Anoitecer;;;Meio de Quadra;;;0;2;0;1;0;0;0;0;0;1;0;0;-3,790395000000000;-38,444021000000000
314983;26;9;2017;19:00;0;AV OLIVEIRA PAIVA;;;0;;Colis?úo;;;;Meio de Quadra;;;0;2;0;1;0;0;0;0;0;1;0;0;;
314974;26;9;2017;13:31;0;AV DEP PAULINO ROCHA;;;1001;;Colis?úo;Luz do Dia;;;Meio de Quadra;;;0;2;0;0;0;0;0;0;0;1;0;0;-3,808089000000000;-38,508524000000000
314975;26;9;2017;13:57;8011;AV JOAO PESSOA;RUA ALEXANDRE BARAUNA;;0;;Colis?úo;Luz do Dia;;;Cruz;Sem?íforo;Residencial;0;1;0;0;0;0;0;0;0;1;0;0;-3,751089000000000;-38,548267000000000
314976;26;9;2017;16:01;0;AV CONTORNO SUL;;;10;;Colis?úo;Luz do Dia;;;Meio de Quadra;;;0;2;0;0;0;0;0;0;0;1;0;0;-3,835521000000000;-38,515157000000000
314977;26;9;2017;16:31;0;RUA QUIXADA D06;;;1350;;Queda;Luz do Dia;;;Meio de Quadra;;;0;1;0;0;0;1;0;0;0;0;0;0;;
314978;26;9;2017;17:20;6573;AV H CJ CEARA;AV C CJ CEARA;;0;;Queda;Anoitecer;;;Outros;Pare;Residencial;0;1;0;0;0;0;0;0;0;1;0;0;-3,776484798000000;-38,616412000000000
314919;26;9;2017;06:21;0;AV SIQUEIRA CAMPOS;;;1195;;Colis?úo;Luz do Dia;;;Meio de Quadra;;;0;2;0;1;0;0;0;0;0;1;0;0;-3,814652000000000;-38,626902000000000
314990;26;9;2017;22:08;0;RUA URUCUTUBA;;;1597;;Colis?úo;;;;Meio de Quadra;;;0;0;2;0;0;0;0;0;0;0;0;0;-3,797944000000000;-38,610490000000000
314986;26;9;2017;21:59;0;RUA RIO GRANDE DO SUL;;;1241;;Colis?úo;;;;Meio de Quadra;;;0;0;2;0;0;0;0;0;0;0;0;0;-3,759397000000000;-38,568060000000000
315282;26;9;2017;20:59;0;RUA PERGENTINO MAIA;;;516;;Colis?úo;;;;Meio de Quadra;;;0;0;2;0;0;0;0;0;0;0;0;0;-3,831181000000000;-38,490472000000000
315303;26;9;2017;19:00;0;AV SEN CARLOS JEREISSATI (AEROPORTO);;;0;KM 03;Engavetamento;;Bom;Seca;Meio de Quadra;;;0;0;4;1;0;0;0;0;0;0;0;0;-3,779641000000000;-38,544038000000000
315298;26;9;2017;07:40;0;AV SEN CARLOS JEREISSATI (AEROPORTO);;;0;KM 04;Outros;Luz do Dia;Bom;Seca;Meio de Quadra;;;0;1;0;0;0;0;0;0;0;1;0;0;-3,774020000000000;-38,550907000000000
315300;26;9;2017;07:40;0;AV SEN CARLOS JEREISSATI (AEROPORTO);;;0;KM 04;Colis?úo;Luz do Dia;Bom;Seca;Meio de Quadra;;;0;0;2;0;0;0;0;0;0;1;0;0;-3,774020000000000;-38,550907000000000
315301;26;9;2017;09:00;0;AV SEN CARLOS JEREISSATI (AEROPORTO);;;0;KM 03;Colis?úo;Luz do Dia;Bom;Seca;Meio de Quadra;;;0;0;2;1;0;0;0;0;0;0;0;0;-3,779641000000000;-38,544038000000000
315714;26;9;2017;09:00;0;RD BR 222;;;0;KM-02;Colis?úo Transversal;Luz do Dia;Bom;Seca;Meio de Quadra;;;0;1;1;1;0;0;0;0;0;1;0;0;-3,739009045000000;-38,587039670000000
315720;26;9;2017;10:30;0;RD BR 116;;;3000;KM-03;Colis?úo Traseira;Luz do Dia;Bom;Seca;Meio de Quadra;;;0;0;5;1;0;0;0;0;0;0;0;0;-3,779838000000000;-38,514372000000000
311386;26;9;2017;08:05;23513;RUA SABINO MONTE;RUA ANA GONCALVES;;0;;Colis?úo Transversal;Luz do Dia;Bom;Seca;Cruz;Pare;Residencial;0;0;0;1;0;0;0;0;0;0;0;0;-3,759343100000000;-38,511345000000000
311387;26;9;2017;07:59;10431;RUA 30 DE MAIO D73;RUA RICARDO PONTES;;0;;Colis?úo Transversal;Luz do Dia;Bom;Seca;Cruz;Pare;Residencial;0;1;1;1;0;0;0;0;0;1;0;0;-3,763117000000000;-38,599630000000000
311388;26;9;2017;08:00;5463;RUA DNA LEOPOLDINA;RUA BARBARA DE ALENCAR;;0;;Colis?úo Lateral;Luz do Dia;Bom;Seca;Cruz;Pare;Comercial;0;0;2;0;1;0;0;0;0;1;0;0;-3,735680600000000;-38,521065000000000
311389;26;9;2017;06:20;5039;RUA PESSOA ANTA;AV ALBERTO NEPOMUCENO;;0;;Colis?úo Traseira;Luz do Dia;Bom;Seca;Cruz;Sem?íforo;Comercial;0;1;1;1;0;0;0;0;0;1;0;0;-3,721186400000000;-38,522820000000000