COD_ACIDENTE;DIA;MES;ANO;HORA;INTERSECAO;LOG1;LOG2;LOG3;NUMERO;REFERENCIA;NATUREZA;ILUMINACAO;TEMPO;SUPERFICIEPISTA;TIPOCRUZAMENTO;CONTROLETRAFEGO;USOSOLO;MORTOS;FERIDOS;ILESOS;AUTOMOVEL;ONIBUS;BICICLETA;CAMINHAO;MICROONIBUS;CICLOMOTOR;MOTOCICLETA;TRACAOANIMAL;TREM;LATITUDE;LONGITUDE
311390;26;9;2017;08:49;0;AV SANTOS DUMONT;;;6211;;Colis?úo Traseira;Luz do Dia;Bom;Seca;Meio de Quadra;Sem?íforo;Comercial;0;0;1;1;0;0;0;0;0;0;0;0;-3,743003400000000;-38,477234000000000
311391;26;9;2017;09:12;22099;AV JOSE BASTOS;RUA JOSE FACANHA;;0;;Colis?úo Lateral;Luz do Dia;Bom;Seca;T;Sem?íforo;Comercial;0;0;1;1;0;0;0;0;0;0;0;0;-3,754093200000000;-38,554930000000000
311384;26;9;2017;06:50;0;RUA RIO GRANDE DO NORTE;;;462;;Colis?úo Lateral;Luz do Dia;Bom;Seca;Meio de Quadra;N?úo H?í Controle;Residencial;0;0;2;1;0;0;0;0;0;0;0;0;-3,762208200000000;-38,562107000000000
311393;26;9;2017;09:20;0;AV ENG SANTANA JUNIOR;;;3333;;Colis?úo Lateral;Luz do Dia;Bom;Seca;Meio de Quadra;Gesto;Comercial;0;0;1;1;0;0;0;0;0;0;0;0;-3,748811000000000;-38,489834000000000
311394;26;9;2017;09:35;5501;RUA PDE VALDEVINO;RUA GONCALVES LEDO;;0;;Colis?úo Transversal;Luz do Dia;Bom;Seca;Cruz;Pare;Comercial;0;0;2;1;0;0;0;0;0;0;0;0;-3,738626700000000;-38,518650000000000
311395;26;9;2017;08:50;5490;AV DOM MANUEL;RUA PDE VALDEVINO;;0;;Colis?úo Traseira;Luz do Dia;Bom;Seca;Cruz;Sem?íforo;Comercial;0;0;2;1;1;0;0;0;0;0;0;0;-3,736986600000000;-38,523950000000000
311396;26;9;2017;10:44;9107;RUA FRANCOIS T MENEZES;RUA SIGEFREDO PINHEIRO;;0;;Colis?úo Lateral;Luz do Dia;Bom;Seca;T;N?úo H?í Controle;Residencial;0;0;2;0;0;0;0;0;0;0;0;0;-3,756577500000000;-38,526030000000000
311397;26;9;2017;10:25;7897;RUA MON CATAO;RUA HENRIQUETA GALENO;;0;;Colis?úo Lateral;Luz do Dia;Bom;Seca;T;N?úo H?í Controle;Comercial;0;0;2;1;1;0;0;0;0;0;0;0;-3,747263700000000;-38,493523000000000
311398;26;9;2017;09:30;0;AV MIGUEL DIAS;;;220;;Choque c/ Obst?ículo Fixo;Luz do Dia;Bom;Seca;Meio de Quadra;N?úo H?í Controle;Comercial;0;0;1;0;0;0;0;0;0;0;0;0;-3,759515500000000;-38,488213000000000
311399;26;9;2017;09:30;24331;AV LUCIANO CARNEIRO;RUA ARMANDO MONTEIRO;;0;;Colis?úo Frontal;Luz do Dia;Bom;Seca;Cruz;Pare;Comercial;0;0;2;1;0;0;0;0;0;0;0;0;-3,763433000000000;-38,536427000000000
311400;26;9;2017;11:40;25036;RUA CAP MELO;RUA EDUARDO BEZERRA;;0;;Colis?úo Transversal;Luz do Dia;Bom;Seca;Cruz;Sem?íforo;Residencial;0;1;1;1;0;0;0;0;0;1;0;0;-3,753740000000000;-38,513508000000000
311401;26;9;2017;11:44;0;RUA 7 DE SETEMBRO;;;32;;Colis?úo Lateral;Luz do Dia;Bom;Seca;Meio de Quadra;N?úo H?í Controle;Comercial;0;0;2;1;1;0;0;0;0;0;0;0;-3,801119000000000;-38,498120000000000
311402;26;9;2017;13:42;0;AV SANTOS DUMONT;;;2075;;Colis?úo Lateral;Luz do Dia;Bom;Seca;Cruz;Pare;Comercial;0;1;1;0;0;0;0;0;0;1;0;0;-3,733875000000000;-38,505627000000000
311403;26;9;2017;14:22;5448;RUA METON DE ALENCAR;RUA BAR ARATANHA;;0;;Colis?úo Transversal;Luz do Dia;Bom;Seca;Cruz;Pare;Comercial;0;0;2;1;0;0;0;0;0;0;0;0;-3,734960600000000;-38,526802000000000
311404;26;9;2017;15:04;0;AV JOSE BASTOS;;;4400;;Engavetamento;Luz do Dia;Bom;Seca;Meio de Quadra;Sem?íforo;Comercial;0;0;3;1;0;0;0;0;0;0;0;0;-3,755684400000000;-38,556156000000000
311405;26;9;2017;16:45;0;AV DR SILAS MUNGUBA;;;0;;Colis?úo Traseira;Luz do Dia;Bom;Seca;Meio de Quadra;N?úo H?í Controle;Escola;0;0;2;1;0;0;0;0;0;0;0;0;-3,785030600000000;-38,552624000000000
311406;26;9;2017;19:02;0;RUA ZENILO ALMADA;;;0;;Colis?úo Transversal;Via Iluminada;Bom;Seca;Meio de Quadra;Sem?íforo;Comercial;0;0;2;1;0;0;0;0;0;0;0;0;-3,725188000000000;-38,565933000000000
311407;26;9;2017;16:00;25096;RUA ROCHA LIMA;RUA RODRIGUES JUNIOR;;0;;Colis?úo Transversal;Luz do Dia;Bom;Seca;Cruz;Pare;Comercial;0;1;1;1;0;0;0;0;0;0;0;0;-3,736360000000000;-38,522460000000000
311408;26;9;2017;20:39;10759;RUA PORTO ALEGRE;RUA ARACAJU;;0;;Colis?úo Transversal;Via Iluminada;Bom;Seca;Cruz;Pare;Residencial;0;0;2;1;0;0;0;0;0;0;0;0;-3,761421000000000;-38,588543000000000
311409;26;9;2017;19:40;0;AV OLIVEIRA PAIVA;;;0;;Atropelamento;Via Iluminada;Bom;Seca;Meio de Quadra;N?úo H?í Controle;Comercial;0;1;0;1;0;0;0;0;0;0;0;0;-3,798746300000000;-38,503510000000000
311410;26;9;2017;22:03;0;RUA SABIAGUABA;;;2164;;Colis?úo Lateral;Via Iluminada;Bom;Seca;Meio de Quadra;N?úo H?í Controle;Residencial;0;0;0;0;0;0;0;0;0;1;0;0;-3,790369700000000;-38,444035000000000
311411;26;9;2017;21:45;22081;RUA GUSTAVO BRAGA;RUA CAP FRANCISCO PEDRO;;0;;Colis?úo Transversal;Via Iluminada;Bom;Seca;Cruz;Pare;Comercial;0;2;0;1;0;0;0;0;0;0;0;0;-3,751146300000000;-38,552400000000000
311412;27;9;2017;06:52;0;RUA SEN POMPEU;;;2672;;Colis?úo Transversal;Luz do Dia;Bom;Seca;Meio de Quadra;N?úo H?í Controle;Escola;0;0;1;1;0;0;0;0;0;0;0;0;-3,742021000000000;-38,534294000000000
311413;27;9;2017;06:10;22353;AV BEZERRA DE MENEZES;RUA AMADEU FURTADO;;0;;Atropelamento;Luz do Dia;Bom;Seca;Cruz;Sem?íforo;Comercial;0;1;1;0;1;0;0;0;0;0;0;0;-3,735670600000000;-38,564247000000000
311414;27;9;2017;08:30;0;AV PRS COSTA E SILVA;;;875;;Colis?úo Lateral;Luz do Dia;Nublado;Seca;Meio de Quadra;Sem?íforo;Residencial;0;1;2;1;0;0;0;0;0;1;0;0;-3,812975600000000;-38,571335000000000
311415;27;9;2017;10:00;1654;RUA BENI DE CARVALHO;AV SEN VIRGILIO TAVORA;;0;;Engavetamento;Luz do Dia;Bom;Seca;Cruz;Sem?íforo;Comercial;0;0;3;1;0;0;0;0;0;0;0;0;-3,745821700000000;-38,495630000000000
311416;27;9;2017;10:00;0;AV PRS COSTA E SILVA;;;5295;;Colis?úo Traseira;Luz do Dia;Bom;Seca;Meio de Quadra;Sem?íforo;Comercial;0;0;2;0;0;0;0;0;0;0;0;0;-3,827963000000000;-38,533485000000000
311417;27;9;2017;10:50;0;AV DUQ CAXIAS;;;641;;Colis?úo Traseira;Luz do Dia;Bom;Seca;Meio de Quadra;N?úo H?í Controle;Comercial;0;0;2;1;0;0;0;0;0;0;0;0;-3,731688500000000;-38,530228000000000
311418;27;9;2017;11:00;0;AV CEL CARVALHO;;;2471;;Colis?úo Traseira;Luz do Dia;Bom;Seca;Meio de Quadra;Sem?íforo;Comercial;0;0;1;1;0;0;0;0;0;0;0;0;-3,724459000000000;-38,585930000000000
311419;27;9;2017;12:06;0;AV ANTONIO SALES;;;3000;;Colis?úo Traseira;Luz do Dia;Bom;Seca;Meio de Quadra;N?úo H?í Controle;Comercial;0;0;2;1;0;0;0;0;0;0;0;0;-3,746959400000000;-38,497220000000000
311420;27;9;2017;12:40;0;AV GODOFREDO MACIEL;;;684;;Colis?úo Lateral;Luz do Dia;Bom;Seca;Meio de Quadra;N?úo H?í Controle;Comercial;0;0;2;0;1;0;0;0;0;0;0;0;-3,782170500000000;-38,565550000000000
311421;27;9;2017;13:34;0;RUA BAR RIO BRANCO;;;2899;;Colis?úo Lateral;Luz do Dia;Bom;Seca;Meio de Quadra;N?úo H?í Controle;Residencial;0;0;2;1;0;0;0;0;0;1;0;0;-3,743526200000000;-38,533684000000000
311422;27;9;2017;13:27;0;AV DR THEBERGE;;;498;;Colis?úo Lateral;Luz do Dia;Bom;Seca;N?úo Informado;N?úo H?í Controle;Comercial;0;1;1;1;0;0;0;0;0;1;0;0;-3,709055700000000;-38,563057000000000
311423;27;9;2017;14:26;1578;RUA GAL TERTULIANO POTYGUARA;RUA OSVALDO CRUZ (ALDEOTA);;0;;Colis?úo Transversal;Luz do Dia;Bom;Seca;Cruz;Pare;Residencial;0;0;2;1;0;0;0;0;0;0;0;0;-3,742517000000000;-38,502500000000000
311424;27;9;2017;14:53;5415;RUA GAL CLARINDO DE QUEIROZ;RUA FLORIANO PEIXOTO;;0;;Colis?úo Transversal;Luz do Dia;Bom;Seca;Cruz;N?úo H?í Controle;Comercial;0;1;1;1;0;0;0;0;0;1;0;0;-3,732812000000000;-38,528976000000000
311425;27;9;2017;16:22;15104;AV HIS RAIMUNDO GIRAO;RUA ILDEFONSO ALBANO;;0;;Colis?úo Lateral;Luz do Dia;Bom;Seca;T;Sem?íforo;Residencial;0;0;0;0;0;0;0;0;0;1;0;0;-3,721705200000000;-38,509550000000000
311426;27;9;2017;16:05;7752;AV CARNEIRO DE MENDONCA;AV JOAO PESSOA;;0;;Colis?úo Lateral;Luz do Dia;Bom;Seca;Duplo T;Sem?íforo;Comercial;0;0;1;1;1;0;0;0;0;0;0;0;-3,767217200000000;-38,559937000000000
311427;27;9;2017;15:40;9123;AV VIS RIO BRANCO;RUA CEL JOAO CARNEIRO;;0;;Colis?úo Transversal;Luz do Dia;Bom;Seca;T;Pare;Comercial;0;0;2;1;0;0;0;0;0;0;0;0;-3,754910500000000;-38,520400000000000
311428;27;9;2017;16:20;10999;RUA 15 DE NOVEMBRO;RUA ALBERTO MAGNO;;0;;Colis?úo Transversal;Luz do Dia;Nublado;Seca;Cruz;Pare;Residencial;0;0;1;1;0;0;0;0;0;0;0;0;-3,769916000000000;-38,553223000000000
311429;27;9;2017;19:22;5450;RUA MAJ FACUNDO;RUA ANTONIO POMPEU;;0;;Colis?úo Transversal;Via Iluminada;Bom;Seca;Cruz;Pare;Comercial;0;0;2;1;0;0;0;0;0;1;0;0;-3,734950500000000;-38,530260000000000
311430;27;9;2017;19:18;15245;AV ANTONIO JUSTA;RUA LEONARDO MOTA;;0;;Colis?úo Lateral;Via Iluminada;Bom;Seca;Cruz;Pare;Residencial;0;0;2;1;0;0;0;0;0;0;0;0;-3,727684700000000;-38,493484000000000
311431;27;9;2017;18:15;23041;AV DR SILAS MUNGUBA;RUA BRUNO VALENTE;;0;;Colis?úo Transversal;Via Iluminada;Bom;Seca;Cruz;Pare;Comercial;0;0;2;1;0;0;0;0;0;0;0;0;-3,790536900000000;-38,539898000000000
311432;27;9;2017;20:06;0;RUA GONCALVES LEDO;;;829;;Colis?úo Transversal;Via Iluminada;Bom;Seca;Meio de Quadra;N?úo H?í Controle;Residencial;0;1;0;1;0;0;0;0;0;1;0;0;-3,731196900000000;-38,516130000000000
311433;27;9;2017;19:15;0;AV OLIVEIRA PAIVA;;;535;;Colis?úo Traseira;Via Iluminada;Bom;Seca;Meio de Quadra;N?úo H?í Controle;Escola;0;1;3;1;0;0;0;0;0;0;0;0;-3,796150400000000;-38,498596000000000
311434;27;9;2017;21:22;0;AV AUGUSTO DOS ANJOS;;;0;;Colis?úo Transversal;Via Iluminada;Bom;Seca;T;Pare;Comercial;0;1;1;0;0;0;0;0;0;1;0;0;-3,781428600000000;-38,580578000000000
311435;27;9;2017;20:30;23458;RUA PAULO FIRMEZA;RUA PRO CARVALHO;;0;;Colis?úo Transversal;Via Iluminada;Bom;Seca;Cruz;Pare;Residencial;0;0;1;1;0;0;0;0;0;0;0;0;-3,757251000000000;-38,514030000000000
311436;27;9;2017;09:40;15149;AV MON TABOSA;RUA ANTONIO LIMA;;0;;Colis?úo Transversal;Luz do Dia;Bom;Seca;Cruz;Pare;Comercial;0;0;3;1;1;0;0;0;0;0;0;0;-3,724599100000000;-38,504044000000000
311437;27;9;2017;09:59;0;RUA BAR CANINDE;;;1588;;Colis?úo Transversal;Luz do Dia;Bom;Seca;Cruz;Pare;Comercial;0;0;1;1;0;0;0;0;0;1;0;0;-3,770456300000000;-38,557514000000000
315724;27;9;2017;18:15;0;RD BR 116;;;4000;KM-04;Colis?úo Transversal;Anoitecer;Bom;Seca;Meio de Quadra;;;0;1;1;0;0;0;0;0;0;1;0;0;-3,788331000000000;-38,510646000000000
315304;27;9;2017;10:10;0;AV SEN CARLOS JEREISSATI (AEROPORTO);;;0;KM 01;Colis?úo;Luz do Dia;Bom;Seca;Meio de Quadra;;;0;0;2;1;0;0;0;0;0;1;0;0;-3,783753000000000;-38,526850000000000
315306;27;9;2017;21:00;0;RD CE-060;;;0;;Colis?úo;;Bom;Seca;Meio de Quadra;;;0;0;2;1;0;0;0;0;0;0;0;0;;
314992;27;9;2017;07:14;0;AV ISABEL BEZERRA;;;0;;Colis?úo;Luz do Dia;;;Meio de Quadra;;;0;2;0;0;0;0;0;0;0;1;0;0;;
314999;27;9;2017;07:40;0;AV MR HULL;;;5764;;Colis?úo Traseira;Luz do Dia;Bom;Seca;Meio de Quadra;;;0;3;0;1;0;0;0;0;0;1;0;0;-3,740224000000000;-38,595421000000000
315000;27;9;2017;07:44;0;AV DES GONZAGA;;;248;;Colis?úo;Luz do Dia;;;Meio de Quadra;;;0;1;1;1;0;0;0;0;0;1;0;0;-3,789143000000000;-38,503591000000000
315001;27;9;2017;07:46;0;AV PRS COSTA E SILVA;;;0;;Colis?úo;Luz do Dia;;;Meio de Quadra;;;0;2;0;1;0;0;0;0;0;1;0;0;;
315002;27;9;2017;09:03;0;AV DA UNIVERSIDADE;;;3232;;Colis?úo;Luz do Dia;;;Meio de Quadra;;;0;2;0;1;0;0;0;0;0;1;0;0;-3,743710000000000;-38,541606000000000
315009;27;9;2017;09:19;0;AV DR THEBERGE;;;350;;Colis?úo;Luz do Dia;;;Meio de Quadra;;;0;2;0;1;0;0;0;0;0;1;0;0;;
315013;27;9;2017;10:37;0;RUA VALPARAISO;;;245;;Colis?úo;Luz do Dia;;;Meio de Quadra;;;0;2;0;1;0;0;0;0;0;1;0;0;-3,850966500000000;-38,506983600000000
315016;27;9;2017;10:39;23276;RUA DIVINA;RUA GAL RABELO;;0;;Colis?úo;Luz do Dia;;;;;;0;1;1;1;0;0;0;0;0;1;0;0;-3,807898000000000;-38,607438000000000
315027;27;9;2017;13:34;0;AV OLIVEIRA PAIVA;;;37;;Colis?úo;Luz do Dia;;;Meio de Quadra;;;0;1;1;1;0;0;0;0;0;1;0;0;;
315029;27;9;2017;13:47;22090;RUA PRO COSTA MENDES;RUA FRE MARCELINO;;0;;Colis?úo;Luz do Dia;;;Cruz;Pare;Comercial;0;2;0;1;0;0;0;0;0;1;0;0;-3,747005000000000;-38,555399000000000
315043;27;9;2017;17:17;0;AV WASHINGTON SOARES;;;0;;Colis?úo;Anoitecer;;;Meio de Quadra;;;0;2;0;1;0;0;0;0;0;1;0;0;;
315034;27;9;2017;15:14;0;RUA ANDRADE FURTADO;;;0;;Colis?úo;Luz do Dia;;;Meio de Quadra;;;0;1;0;0;0;0;0;0;0;1;0;0;;
315035;27;9;2017;15:45;7412;RUA PRO PAULO LOPES;RUA EURICO MEDINA;;0;;Colis?úo;Luz do Dia;;;Cruz;Pare;Residencial;0;1;1;1;0;0;0;0;0;1;0;0;-3,756827000000000;-38,585067000000000
315036;27;9;2017;15:46;0;RUA ILDEFONSO ALBANO;;;0;;Queda;Luz do Dia;;;Meio de Quadra;;;0;1;0;0;0;0;0;0;0;1;0;0;;
315037;27;9;2017;15:59;0;AV DIOGUINHO;;;530;;Colis?úo;Luz do Dia;;;Meio de Quadra;;;0;1;0;0;0;0;0;0;0;0;0;0;;
315038;27;9;2017;16:12;19611;RUA NEREU RAMOS;AV GODOFREDO MACIEL;;0;;Colis?úo;Luz do Dia;;;T;Sem?íforo;Comercial;0;2;0;1;0;0;0;0;0;1;0;0;-3,787250000000000;-38,566802000000000
315039;27;9;2017;17:00;0;RUA ANTONIO POMPEU;;;0;;Colis?úo;Anoitecer;;;Meio de Quadra;;;0;1;1;1;0;0;0;0;0;1;0;0;;
315031;27;9;2017;14:35;5415;RUA FLORIANO PEIXOTO;RUA GAL CLARINDO DE QUEIROZ;;0;;Colis?úo;Luz do Dia;;;Cruz;N?úo H?í Controle;Comercial;0;1;1;1;0;0;0;0;0;1;0;0;-3,733049000000000;-38,529027000000000
314772;27;9;2017;16:06;0;RUA ANTONIO NERY;;;769;;Atropelamento;Luz do Dia;;;Meio de Quadra;;;0;1;1;1;0;0;0;0;0;0;0;0;-3,779787000000000;-38,600653000000000
304640;27;9;2017;10:25;11338;AV GODOFREDO MACIEL;RUA FRANCISCO GLICERIO;;0;;Colis?úo Traseira;Luz do Dia;Bom;Seca;Cruz;Sem?íforo;Comercial;0;0;2;1;1;0;0;0;0;0;0;0;-3,795981000000000;-38,569757000000000
304637;27;9;2017;15:30;9246;AV 13 DE MAIO;RUA BAR RIO BRANCO;;0;;Colis?úo Lateral;Luz do Dia;Bom;Seca;Cruz;Sem?íforo;Comercial;0;0;2;1;0;0;0;0;0;0;0;0;-3,745129000000000;-38,534255000000000
304651;27;9;2017;16:15;25887;AV RAD JOSE LIMA VERDE;AV 20 DE JANEIRO;;0;;Colis?úo Traseira;Luz do Dia;Bom;Seca;T;Pare;Comercial;0;0;2;1;1;0;0;0;0;0;0;0;-3,702568000000000;-38,591295000000000
304655;27;9;2017;14:20;19736;RUA GUSTAVO SAMPAIO;RUA PRO RAIMUNDO VITOR;;0;;Colis?úo Frontal;Luz do Dia;Bom;Seca;Cruz;Pare;Residencial;0;1;1;1;0;0;0;0;1;0;0;0;-3,737240000000000;-38,565994000000000
304589;28;9;2017;15:05;23311;RUA SAO GABRIEL D56;RUA PRO FRANCISCO GONCALVES;;0;;Colis?úo Lateral;Luz do Dia;Bom;Seca;Cruz;Pare;Residencial;0;0;2;1;0;0;0;0;0;0;0;0;-3,749523000000000;-38,492916000000000
304586;28;9;2017;11:30;0;AV PRS COSTA E SILVA;;;859;;Colis?úo Transversal;Luz do Dia;Bom;Seca;Meio de Quadra;Outros;Comercial;0;1;1;0;0;0;0;0;0;1;0;0;-3,812746000000000;-38,571914000000000
304587;28;9;2017;12:10;0;AV AUGUSTO DOS ANJOS;;;1491;;Colis?úo Lateral;Luz do Dia;Bom;Seca;Meio de Quadra;;Comercial;0;0;2;1;1;0;0;0;0;0;0;0;-3,779549000000000;-38,578617000000000
314773;28;9;2017;07:07;0;AV DOM MANUEL;;;470;;Colis?úo;Luz do Dia;;;Meio de Quadra;;;0;2;0;0;0;0;0;0;0;1;0;0;-3,728386000000000;-38,521121000000000
314774;28;9;2017;13:25;0;RUA DUAS NACOES;;;0;;Colis?úo;Luz do Dia;;;Meio de Quadra;;;0;2;0;0;0;1;0;0;0;0;0;0;;
314777;28;9;2017;16:08;10818;RUA PORTO VELHO;RUA MACEIO;;0;;Atropelamento;Luz do Dia;;;Cruz;Pare;Residencial;0;2;1;1;0;0;0;0;0;0;0;0;-3,763967000000000;-38,590726000000000
314778;28;9;2017;17:44;0;AV PRS CASTELO BRANCO;;;5726;;Colis?úo;Anoitecer;;;Meio de Quadra;;;0;1;1;0;0;0;0;0;0;1;0;0;-3,702836000000000;-38,581818000000000
314782;28;9;2017;19:17;5415;RUA GAL CLARINDO DE QUEIROZ;RUA FLORIANO PEIXOTO;;0;;Colis?úo;;;;Cruz;N?úo H?í Controle;Comercial;0;2;0;1;0;0;0;0;0;1;0;0;-3,733049000000000;-38,529027000000000
315064;28;9;2017;13:29;0;AV PERIMETRAL;;;800;;Colis?úo;Luz do Dia;;;Meio de Quadra;;;0;2;0;0;0;0;0;0;0;1;0;0;;
315078;28;9;2017;15:56;10013;RUA OLIVEIRA SOBRINHO;RUA DUAS NACOES;;0;;Colis?úo;Luz do Dia;;;Cruz;Pare;Rural;0;1;0;1;0;0;0;0;0;1;0;0;-3,778267000000000;-38,602409000000000
315079;28;9;2017;15:58;0;RUA NELSON COELHO;;;2009;;Colis?úo;Luz do Dia;;;Meio de Quadra;;;0;2;0;1;0;0;0;0;0;1;0;0;;
315081;28;9;2017;16:30;0;AV ROGACIANO LEITE;;;3090;;Colis?úo;Luz do Dia;;;Meio de Quadra;;;0;2;0;1;0;0;0;0;0;1;0;0;-3,786592000000000;-38,503288000000000
315083;28;9;2017;16:49;0;RUA MALMEQUER;;;579;;Atropelamento;Luz do Dia;;;Meio de Quadra;;;0;2;0;0;0;0;0;0;0;1;0;0;-3,791778000000000;-38,538826000000000
315084;28;9;2017;17:22;9757;RUA TRES CORACOES;RUA OSCAR FRANCA;;0;;Colis?úo;Anoitecer;;;;;;0;1;0;0;0;0;0;0;0;1;0;0;-3,788440000000000;-38,610300000000000
315075;28;9;2017;15:08;5265;RUA VINTE E QUATRO DE MAIO;RUA PEDRO PEREIRA;;0;;Colis?úo;Luz do Dia;;;Cruz;Pare;Comercial;0;2;0;1;0;0;0;0;0;1;0;0;-3,728400000000000;-38,532486000000000
315090;28;9;2017;17:49;0;AV ODILON GUIMARAES;;;1286;;Colis?úo;Anoitecer;;;Meio de Quadra;;;0;2;0;1;0;0;0;0;0;1;0;0;-3,819783600000000;-38,475350200000000
315091;28;9;2017;18:25;0;AV PRS CASTELO BRANCO;;;5738;;Atropelamento;Anoitecer;;;Meio de Quadra;;;0;1;0;1;0;0;0;0;0;0;0;0;-3,702767000000000;-38,581968000000000
315092;28;9;2017;18:31;0;RUA COS LAFAYETE;;;690;;Colis?úo;;;;Meio de Quadra;;;0;1;1;0;0;0;0;0;0;0;0;0;-3,717862000000000;-38,584160000000000
315093;28;9;2017;19:09;0;RUA TEN QUEIROZ;;;0;;Colis?úo;;;;Meio de Quadra;;;0;0;2;0;0;0;0;0;0;0;0;0;;
315094;28;9;2017;19:18;0;RUA FLORIANO PEIXOTO;;;1211;;Colis?úo;;;;Meio de Quadra;;;0;0;1;0;0;0;0;0;0;0;0;0;-3,732971000000000;-38,529003000000000
315072;28;9;2017;14:10;0;AV DOS JANGADEIROS;;;754;;Colis?úo;Luz do Dia;;;Meio de Quadra;;;0;0;2;0;0;0;0;0;0;0;0;0;-3,725024500000000;-38,478203800000000
315120;28;9;2017;22:05;0;AV GAL OSORIO DE PAIVA;;;4176;;Colis?úo;;;;Meio de Quadra;;;0;0;2;0;0;0;0;0;0;0;0;0;-3,793246000000000;-38,590895000000000
315121;28;9;2017;23:23;0;RUA BENTO ALBUQUERQUE;;;0;;Colis?úo;;;;Meio de Quadra;;;0;0;2;0;0;0;0;0;0;0;0;0;;
315112;28;9;2017;20:00;7845;RUA JOSE VILAR;RUA LIVIO BARRETO;;0;;Colis?úo;;;;Cruz;Pare;Residencial;0;1;1;0;0;0;0;0;0;0;0;0;-3,750353000000000;-38,509391000000000
315114;28;9;2017;20:16;0;AV GAL OSORIO DE PAIVA;;;0;;Choque c/ Obst?ículo Fixo;;;;Meio de Quadra;;;0;1;1;1;0;0;0;0;0;0;0;0;;
315115;28;9;2017;21:28;0;RD BR 116;;;15000;KM-15;Colis?úo Lateral;;Bom;Seca;Meio de Quadra;;;0;2;0;0;0;0;1;0;0;1;0;0;-3,882329000000000;-38,501113000000000
315040;28;9;2017;06:31;0;AV DES GONZAGA;;;0;;Colis?úo;Luz do Dia;;;Meio de Quadra;;;0;0;2;0;0;0;0;0;0;0;0;0;;
315041;28;9;2017;13:22;0;AV PERIMETRAL;;;0;;Colis?úo;Luz do Dia;;;Meio de Quadra;;;0;2;0;1;0;0;0;0;0;1;0;0;;
315046;28;9;2017;01:21;0;AV PERIMETRAL;;;1000;;Queda;;;;Meio de Quadra;;;0;1;0;0;0;0;0;0;0;1;0;0;;
315047;28;9;2017;05:49;0;AV DIOGUINHO;;;0;;Colis?úo;Amanhecer;;;Meio de Quadra;;;0;2;0;1;0;1;0;0;0;0;0;0;;
315048;28;9;2017;06:27;0;AV PRS JUSCELINO KUBITSCHEK (PASSAR?ë);;;3339;;Colis?úo;Luz do Dia;;;Meio de Quadra;;;0;1;0;0;0;0;0;0;0;1;0;0;-3,809461000000000;-38,526738000000000
315049;28;9;2017;07:54;26075;AV SGT HERMINIO SAMPAIO;AV JOSE JATAHY;;0;;Colis?úo;Luz do Dia;;;Cruz;Sem?íforo;Comercial;0;2;0;0;0;0;0;0;0;1;0;0;-3,724679297000000;-38,546275142000000
315050;28;9;2017;09:27;0;RUA LEANDRO HENRIQUE;;;1100;;Colis?úo;Luz do Dia;;;Meio de Quadra;;;0;2;0;1;0;0;0;0;0;1;0;0;;
315054;28;9;2017;11:02;0;RUA AFRODISIO GONDIM;;;335;;Colis?úo;Luz do Dia;;;Meio de Quadra;;;0;1;0;0;0;0;0;0;0;1;0;0;-3,756953000000000;-38,545946000000000
315056;28;9;2017;11:43;0;AV PRS COSTA E SILVA;;;859;;Colis?úo Frontal;Luz do Dia;;;;;;0;1;0;0;0;0;0;0;0;1;0;0;-3,812746000000000;-38,571914000000000
315057;28;9;2017;11:43;0;AV PRS COSTA E SILVA;;;85;;Colis?úo;Luz do Dia;;;Meio de Quadra;;;0;1;1;0;0;0;0;0;0;1;0;0;;
315058;28;9;2017;11:44;0;AV PERIMETRAL;;;0;;Colis?úo;Luz do Dia;;;Meio de Quadra;;;0;2;0;0;0;0;0;0;0;1;0;0;;
315059;28;9;2017;11:58;0;RUA BERNARDO MANUEL;;;8018;;Atropelamento;Luz do Dia;;;Meio de Quadra;;;0;2;0;0;0;0;0;0;0;1;0;0;-3,789496000000000;-38,548607000000000
315307;28;9;2017;14:00;0;AV MIN JOSE AMERICO;;;0;;Colis?úo;Luz do Dia;Bom;Seca;Meio de Quadra;;;0;0;2;1;0;0;1;0;0;0;0;0;;
315725;28;9;2017;07:40;0;RD BR 116;;;0;;Colis?úo Lateral;Luz do Dia;Bom;Seca;Meio de Quadra;;;0;2;2;0;0;0;1;1;0;0;0;0;;
311438;28;9;2017;07:31;7909;AV DES MOREIRA;RUA FRANCISCO HOLANDA;;0;;Colis?úo Transversal;Luz do Dia;Bom;Seca;Cruz;Sem?íforo;Comercial;0;0;2;0;0;0;0;0;0;1;0;0;-3,749600200000000;-38,502760000000000
311439;28;9;2017;07:20;12787;RUA ANA NERY;RUA EDITE BRAGA;;0;;Colis?úo Transversal;Luz do Dia;Bom;Seca;Cruz;Pare;Residencial;0;0;1;1;0;0;0;0;0;0;0;0;-3,753900000000000;-38,541885000000000
311440;28;9;2017;08:30;0;AV PRS CASTELO BRANCO;;;347;10?? REGI?âO MILITAR;Colis?úo Lateral;Luz do Dia;Bom;Seca;Meio de Quadra;N?úo H?í Controle;Comercial;0;1;1;1;0;0;0;0;0;1;0;0;-3,721565000000000;-38,526700000000000
311441;28;9;2017;09:40;0;AV DR SILAS MUNGUBA;;;2257;;Colis?úo Lateral;Luz do Dia;Bom;Seca;Meio de Quadra;Sem?íforo;Comercial;0;0;2;0;1;0;0;1;0;0;0;0;-3,785794300000000;-38,551680000000000