COD_ACIDENTE;DIA;MES;ANO;HORA;INTERSECAO;LOG1;LOG2;LOG3;NUMERO;REFERENCIA;NATUREZA;ILUMINACAO;TEMPO;SUPERFICIEPISTA;TIPOCRUZAMENTO;CONTROLETRAFEGO;USOSOLO;MORTOS;FERIDOS;ILESOS;AUTOMOVEL;ONIBUS;BICICLETA;CAMINHAO;MICROONIBUS;CICLOMOTOR;MOTOCICLETA;TRACAOANIMAL;TREM;LATITUDE;LONGITUDE
311442;28;9;2017;10:32;0;RUA SOBRAL D03;;;174;;Colis?úo Traseira;Luz do Dia;Bom;Seca;Meio de Quadra;N?úo H?í Controle;Comercial;0;0;2;1;0;0;0;0;0;0;0;0;-3,725252000000000;-38,524124000000000
311443;28;9;2017;09:14;0;AV JOSE BASTOS;;;3778;;Colis?úo Traseira;Luz do Dia;Bom;Seca;Meio de Quadra;N?úo H?í Controle;Residencial;0;0;2;1;0;0;0;0;0;1;0;0;-3,751413600000000;-38,551750000000000
311444;28;9;2017;10:32;2544;AV TREZE ROCHDALE;AV CEL CARVALHO;;0;;Colis?úo Transversal;Luz do Dia;Bom;Seca;Cruz;Pare;Comercial;0;0;2;0;0;0;0;0;0;0;0;0;-3,710515300000000;-38,589700000000000
311445;28;9;2017;10:42;0;RUA ASSUNCAO;;;1100;;Colis?úo Lateral;Luz do Dia;Bom;Seca;Meio de Quadra;N?úo H?í Controle;Residencial;0;0;3;1;0;0;0;0;0;0;0;0;-3,739668800000000;-38,530277000000000
311446;28;9;2017;13:59;0;AV DOMINGOS OLIMPIO;RUA BAR ARACATI;;0;;Colis?úo Transversal;Luz do Dia;Bom;Seca;Cruz;Pare;Comercial;0;1;1;1;0;0;0;0;0;1;0;0;-3,741644900000000;-38,514965000000000
311447;28;9;2017;15:25;0;AV DOS JANGADEIROS;;;568;;Colis?úo Traseira;Luz do Dia;Bom;Seca;Meio de Quadra;N?úo H?í Controle;Residencial;0;0;2;1;1;0;0;0;0;0;0;0;-3,723777800000000;-38,477240000000000
311448;28;9;2017;16:02;5427;RUA GONCALVES LEDO;RUA FIUZA DE PONTES;;0;;Colis?úo Transversal;Luz do Dia;Nublado;Seca;Cruz;Pare;Comercial;0;1;1;1;0;0;0;0;0;1;0;0;-3,733791600000000;-38,516880000000000
311449;28;9;2017;16:10;0;AV VIS RIO BRANCO;;;2857;;Choque c/ Obst?ículo Fixo;Luz do Dia;Bom;Seca;Meio de Quadra;N?úo H?í Controle;Residencial;0;0;2;0;0;0;0;0;0;0;0;0;-3,745989000000000;-38,522080000000000
311450;28;9;2017;16:55;7755;RUA DOM EXPEDITO LOPES;RUA JOSE VILAR;;0;;Colis?úo Transversal;Luz do Dia;Bom;Seca;Cruz;Sem?íforo;Residencial;0;0;2;1;0;0;0;0;0;0;0;0;-3,743188000000000;-38,507130000000000
311451;28;9;2017;17:30;5715;RUA ULISSES BEZERRA;AV DES GONZAGA;;0;;Colis?úo Lateral;Anoitecer;Bom;Seca;T;Pare;Comercial;0;0;2;1;0;0;0;0;0;0;0;0;-3,798266000000000;-38,499653000000000
311452;28;9;2017;16:13;0;RUA VINTE E QUATRO DE MAIO;;;796;;Colis?úo Lateral;Luz do Dia;Bom;Seca;Meio de Quadra;N?úo H?í Controle;Comercial;0;0;1;1;0;0;0;0;0;1;0;0;-3,728665400000000;-38,532543000000000
311453;28;9;2017;19:04;0;AV ALANIS MARIA LAURINDO DE OLIVEIRA;RUA 228 CJ CEARA;;0;;Colis?úo Transversal;Via Iluminada;Bom;Seca;T;N?úo H?í Controle;Residencial;0;1;0;1;0;0;0;0;0;1;0;0;-3,767026000000000;-38,606464000000000
311454;28;9;2017;19:45;15274;RUA NUNES VALENTE;RUA CANUTO DE AGUIAR;;0;;Colis?úo Transversal;Via Iluminada;Bom;Seca;Cruz;Pare;Comercial;0;0;2;1;0;0;0;0;0;0;0;0;-3,728686800000000;-38,501312000000000
311455;28;9;2017;18:10;15808;RUA STA CLARA DE ASSIS;AV JOR THOMAZ COELHO;;0;;Colis?úo Transversal;Via Iluminada;Bom;Seca;T;N?úo H?í Controle;Comercial;0;0;2;0;1;0;0;0;0;0;0;0;-3,831500500000000;-38,502804000000000
311565;28;9;2017;17:18;19068;RUA PRO SILAS RIBEIRO;AV ENG SANTANA JUNIOR;;0;;Colis?úo Traseira;Luz do Dia;Bom;Seca;Cruz;Sem?íforo;Comercial;0;0;2;1;0;0;0;0;0;0;0;0;-3,737305200000000;-38,482530000000000
311811;28;9;2017;09:10;0;AV DR SILAS MUNGUBA;;;5650;;Engavetamento;Luz do Dia;Bom;Seca;Meio de Quadra;N?úo H?í Controle;Comercial;0;1;3;1;0;0;0;0;0;1;0;0;-3,803771300000000;-38,527946000000000
311503;29;9;2017;21:00;15801;RUA PERGENTINO MAIA;RUA CEL ERNESTO MATOS;;0;;Colis?úo Lateral;Via Iluminada;Bom;Seca;Cruz;Pare;Comercial;0;0;1;0;0;0;0;1;0;0;0;0;-3,831286400000000;-38,489697000000000
311456;29;9;2017;06:15;0;AV CARNEIRO DE MENDONCA;;;1730;;Colis?úo Traseira;Luz do Dia;Bom;Seca;Cruz;Sem?íforo;Residencial;0;0;2;1;0;0;0;0;0;0;0;0;-3,760506000000000;-38,573810000000000
311457;29;9;2017;07:30;0;AV AMERICO BARREIRA;;;5899;;Engavetamento;Luz do Dia;Bom;Seca;Meio de Quadra;Sem?íforo;Comercial;0;0;4;1;0;0;0;0;0;0;0;0;-3,763891000000000;-38,566605000000000
311458;29;9;2017;08:38;0;RUA DA SAUDADE D04;;;515;;Colis?úo Traseira;Luz do Dia;Bom;Seca;Outros;Pare;Residencial;0;0;2;1;0;0;0;0;0;0;0;0;-3,768756000000000;-38,546947000000000
311459;29;9;2017;09:00;0;RUA BERNARDO MANUEL;;;9981;;Colis?úo Traseira;Luz do Dia;Bom;Seca;Meio de Quadra;N?úo H?í Controle;Residencial;0;0;2;0;0;0;0;0;0;1;0;0;-3,831143400000000;-38,552460000000000
311460;29;9;2017;08:46;0;RUA PEDRO I;RUA VINTE QUATRO DE MAIO;;0;;Colis?úo Lateral;Luz do Dia;Bom;Seca;Cruz;Pare;Comercial;0;2;0;1;0;0;0;0;0;0;0;0;-3,729947300000000;-38,532955000000000
311461;29;9;2017;09:28;3820;AV CARAPINIMA;AV 13 DE MAIO;;0;;Colis?úo Traseira;Luz do Dia;Bom;Seca;Cruz;Sem?íforo;Comercial;0;0;1;1;1;0;0;0;0;0;0;0;-3,740530300000000;-38,540874000000000
311462;29;9;2017;07:50;7821;RUA NUNES VALENTE;RUA JULIO SIQUEIRA;;0;;Colis?úo Transversal;Luz do Dia;Bom;Seca;Cruz;Pare;Comercial;0;0;1;1;0;0;0;0;0;1;0;0;-3,749821700000000;-38,508140000000000
311463;29;9;2017;08:40;14995;AV GODOFREDO MACIEL;RUA NIGERIA;;0;;Colis?úo Transversal;Luz do Dia;Bom;Seca;T;Pare;Comercial;0;0;2;1;0;0;0;0;0;0;0;0;-3,792667600000000;-38,568054000000000
311464;29;9;2017;09:53;0;AV JOAO PESSOA;;;3641;;Colis?úo Lateral;Luz do Dia;Bom;Seca;Meio de Quadra;N?úo H?í Controle;Residencial;0;2;1;1;0;0;0;0;0;1;0;0;-3,746613300000000;-38,544090000000000
311465;29;9;2017;08:55;0;RUA VALPARAISO;;;811;;Colis?úo Lateral;Luz do Dia;Bom;Seca;Cruz;Pare;Residencial;0;0;2;1;0;0;0;0;0;1;0;0;-3,843150900000000;-38,527040000000000
311466;29;9;2017;10:17;15139;AV MON TABOSA;RUA BAR ARACATI;;0;;Colis?úo Lateral;Luz do Dia;Bom;Seca;Cruz;N?úo H?í Controle;Comercial;0;0;2;1;0;0;0;0;0;0;0;0;-3,724207900000000;-38,509170000000000
311467;29;9;2017;10:29;5140;AV DOM MANUEL;RUA TEN BENEVOLO;;0;;Colis?úo Traseira;Luz do Dia;Bom;Seca;Cruz;Sem?íforo;Comercial;0;0;2;1;0;0;0;0;0;0;0;0;-3,724514000000000;-38,519890000000000
311468;29;9;2017;10:41;0;AV SANTOS DUMONT;;;5633;;Colis?úo Lateral;Luz do Dia;Bom;Seca;Meio de Quadra;Sem?íforo;Comercial;0;0;2;1;1;0;0;0;0;0;0;0;-3,741822700000000;-38,480880000000000
311469;29;9;2017;12:33;0;AV JOVITA FEITOSA;;;132;;Atropelamento;Luz do Dia;Bom;Seca;Meio de Quadra;N?úo H?í Controle;Comercial;0;1;1;1;0;0;0;0;0;0;0;0;-3,737456300000000;-38,544987000000000
311470;29;9;2017;13:27;0;AV DR SILAS MUNGUBA;;;568;;Colis?úo Transversal;Luz do Dia;Bom;Seca;Meio de Quadra;Sem?íforo;Comercial;0;0;2;0;1;0;0;0;0;0;0;0;-3,779610600000000;-38,560450000000000
311471;29;9;2017;14:44;22665;AV COS GOMES DE FREITAS (SAPIRANGA/COITE);AV ENG LEAL LIMA VERDE (SAPIRANGA/COITE);;0;;Colis?úo Lateral;Luz do Dia;Bom;Seca;Rotat??ria;D?¬ Prefer?¬ncia;Comercial;0;0;2;1;0;0;0;0;0;0;0;0;-3,795383200000000;-38,475956000000000
311472;29;9;2017;12:55;4020;AV PRO GOMES DE MATOS;RUA SAMUEL UCHOA;;0;;Colis?úo Transversal;Luz do Dia;Bom;Seca;Cruz;Pare;Comercial;0;0;2;1;1;0;0;0;0;0;0;0;-3,757166900000000;-38,542160000000000
311473;29;9;2017;16:02;0;RUA GERMANO FRANCK;;;375;;Colis?úo Lateral;Luz do Dia;Bom;Seca;Meio de Quadra;N?úo H?í Controle;Residencial;0;0;2;1;1;0;0;0;0;0;0;0;-3,775489000000000;-38,560180000000000
311474;29;9;2017;16:14;0;AV PRS COSTA E SILVA;;;0;;Colis?úo Transversal;Luz do Dia;Bom;Seca;Meio de Quadra;Sem?íforo;Comercial;0;1;1;1;0;0;0;0;0;1;0;0;-3,826731700000000;-38,536625000000000
311475;29;9;2017;17:18;0;RUA BENI DE CARVALHO;;;140;;Engavetamento;Luz do Dia;Bom;Seca;Meio de Quadra;Sem?íforo;Residencial;0;0;2;1;0;0;0;0;0;0;0;0;-3,744579000000000;-38,499428000000000
311476;29;9;2017;17:05;3770;RUA MAL DEODORO;AV DOMINGOS OLIMPIO;;0;;Colis?úo Lateral;Luz do Dia;Bom;Seca;T;Pare;Residencial;0;0;2;1;1;0;0;0;0;0;0;0;-3,734614000000000;-38,534630000000000
311477;29;9;2017;19:03;0;RUA PESSOA ANTA;;;444;;Colis?úo Lateral;Anoitecer;Bom;Seca;Outros;Sem?íforo;Comercial;0;0;2;0;0;0;0;0;0;0;0;0;-3,720618200000000;-38,519146000000000
311478;29;9;2017;18:20;25062;AV DOS EXPEDICIONARIOS;RUA PDE AMBROSIO MACHADO;;0;;Colis?úo Transversal;Via Iluminada;Bom;Seca;Cruz;Pare;Comercial;0;1;1;1;0;0;0;0;0;1;0;0;-3,760783200000000;-38,539910000000000
311479;29;9;2017;20:00;0;RUA MARIA TOMASIA;;;170;;Colis?úo Traseira;Via Iluminada;Bom;Seca;Meio de Quadra;Pare;Residencial;0;0;2;1;0;0;0;0;0;1;0;0;-3,734251700000000;-38,500910000000000
311480;29;9;2017;17:20;8000;AV JOAO PESSOA;RUA DELMIRO FARIAS;;0;;Colis?úo Transversal;Luz do Dia;Bom;Seca;Cruz;Pare;Residencial;0;0;2;1;1;0;0;0;0;0;0;0;-3,750164500000000;-38,547700000000000
311481;29;9;2017;21:28;9197;RUA JAIME BENEVOLO;RUA COSTA ARAUJO;;0;;Colis?úo Transversal;Via Iluminada;Bom;Seca;Cruz;Pare;Residencial;0;0;2;1;0;0;0;0;0;1;0;0;-3,747119400000000;-38,530453000000000
311482;29;9;2017;21:51;0;AV ALBERTO CRAVEIRO;;;0;;Colis?úo Lateral;Via Iluminada;Bom;Seca;Rotat??ria;Pare;Escola;0;0;1;0;0;0;0;0;0;0;0;0;-3,831294300000000;-38,489693000000000
315728;29;9;2017;09:20;0;RD BR 116;;;1000;KM-01;Outros;Luz do Dia;Bom;Seca;Meio de Quadra;;;0;0;1;1;0;0;0;0;0;0;0;0;-3,762554000000000;-38,518702000000000
315314;29;9;2017;09:30;0;RD CE-040;;;0;KM-03;Colis?úo;Luz do Dia;Bom;Seca;Meio de Quadra;;;0;1;1;1;0;0;0;0;0;1;0;0;-3,782614325000000;-38,481083900000000
315316;29;9;2017;10:50;0;RD CE-040;;;0;KM-05;Colis?úo;Luz do Dia;Bom;Seca;Meio de Quadra;;;0;0;2;1;0;0;0;0;0;0;0;0;-3,800595823000000;-38,479534630000000
315296;29;9;2017;23:42;0;RUA FERREIRA DOS SANTOS;;;0;;Colis?úo;;;;Meio de Quadra;;;0;0;2;0;0;0;0;0;0;0;0;0;;
315321;29;9;2017;12:20;0;RD CE-040;;;0;KM-04;Colis?úo;Luz do Dia;Bom;Seca;Meio de Quadra;;;0;1;1;1;0;0;0;0;0;0;0;0;-3,791613156000000;-38,480330840000000
315318;29;9;2017;10:20;0;AV SEN CARLOS JEREISSATI (AEROPORTO);;;0;KM 03;Colis?úo;Luz do Dia;Bom;Seca;Meio de Quadra;;;0;2;1;1;0;0;0;0;0;1;0;0;-3,779641000000000;-38,544038000000000
315145;29;9;2017;16:18;0;AV BEZERRA DE MENEZES;;;479;;Colis?úo;Luz do Dia;;;Meio de Quadra;;;0;2;0;1;0;0;0;0;0;1;0;0;-3,732462000000000;-38,548985000000000
315139;29;9;2017;11:47;0;AV ALBERTO CRAVEIRO;;;0;;Colis?úo;Luz do Dia;;;Meio de Quadra;;;0;1;1;1;0;0;0;0;0;1;0;0;;
315140;29;9;2017;12:13;0;AV DES MOREIRA;;;1984;;Colis?úo;Luz do Dia;;;Meio de Quadra;;;0;1;1;1;0;0;0;0;0;1;0;0;-3,742683000000000;-38,500421000000000
315141;29;9;2017;12:21;3321;RUA URUGUAI;RUA 21 DE ABRIL D27;;0;;Atropelamento;Luz do Dia;;;Cruz;Pare;Comercial;0;1;1;1;0;0;0;0;0;0;0;0;-3,747687000000000;-38,562805000000000
315142;29;9;2017;13:29;0;AV MR HULL;;;5000;;Colis?úo;Luz do Dia;;;Meio de Quadra;;;0;1;0;0;0;0;0;0;0;1;0;0;-3,739224000000000;-38,588748000000000
315151;29;9;2017;17:12;0;AV SIQUEIRA CAMPOS;;;356;;Colis?úo;Anoitecer;;;Meio de Quadra;;;0;1;1;0;0;0;0;0;0;1;0;0;-3,819381000000000;-38,621012000000000
315176;29;9;2017;20:48;0;RUA FRANCISCO PAIVA;;;850;;Colis?úo;;;;Meio de Quadra;;;0;0;2;0;0;0;0;0;0;0;0;0;;
315171;29;9;2017;19:41;0;AV BEIRA MAR;;;3300;;Colis?úo;;;;Meio de Quadra;;;0;2;0;0;0;0;0;0;0;1;0;0;-3,725557000000000;-38,491524000000000
315168;29;9;2017;19:37;0;RUA GRACA ARANHA;;;95;;Colis?úo;;;;Meio de Quadra;;;0;2;0;1;0;0;0;0;0;1;0;0;-3,705943000000000;-38,572333000000000
315163;29;9;2017;18:56;0;RUA PDE ATAIDE;;;253;;Colis?úo;;;;Meio de Quadra;;;0;2;0;1;0;0;0;0;0;1;0;0;-3,823288161000000;-38,492803415000000
315164;29;9;2017;19:12;0;RUA ALBERTO MAGNO;;;1504;;Colis?úo;;;;Meio de Quadra;;;0;1;1;0;0;0;0;0;0;0;0;0;-3,767095000000000;-38,551891000000000
315165;29;9;2017;19:29;0;RUA FRANCO ROCHA;;;477;;Colis?úo;;;;Meio de Quadra;;;0;2;0;1;0;0;0;0;0;1;0;0;-3,754525000000000;-38,580811000000000
315147;29;9;2017;16:20;0;AV JOSE SABOIA;;;400;;Queda;Luz do Dia;;;Meio de Quadra;;;0;0;1;0;0;1;0;0;0;0;0;0;-3,717020000000000;-38,467586000000000
315157;29;9;2017;17:16;0;AV GODOFREDO MACIEL;;;0;;Queda;Anoitecer;;;Meio de Quadra;;;0;1;0;0;0;0;0;0;0;1;0;0;;
315122;29;9;2017;00:00;22089;RUA FRE MARCELINO;RUA GUSTAVO BRAGA;;0;;Atropelamento;;;;Cruz;Pare;Residencial;0;1;2;0;0;0;0;0;0;0;0;0;-3,747811000000000;-38,556125000000000
315123;29;9;2017;01:40;0;AV AUGUSTO DOS ANJOS;;;866;;Colis?úo;;;;Meio de Quadra;;;0;1;0;0;0;0;0;0;0;1;0;0;-3,775421000000000;-38,574969000000000
315124;29;9;2017;06:40;0;RUA DR PIO SARAIVA;;;451;;Colis?úo;Luz do Dia;;;Meio de Quadra;;;0;0;2;0;0;0;0;0;0;0;0;0;-3,738714000000000;-38,599341000000000
315129;29;9;2017;08:21;0;RUA JULIO SIQUEIRA;;;2888;;Colis?úo;Luz do Dia;;;Meio de Quadra;;;0;1;1;1;0;0;0;0;0;1;0;0;-3,749750200000000;-38,508351800000000
315126;29;9;2017;08:01;0;RUA NUNES VALENTE;;;2881;;Colis?úo;Luz do Dia;;;Meio de Quadra;;;0;2;0;1;0;0;0;0;0;1;0;0;-3,749741000000000;-38,508074000000000
315136;29;9;2017;10:44;0;AV SEN CARLOS JEREISSATI (AEROPORTO);;;0;;Colis?úo;Luz do Dia;;;Meio de Quadra;;;0;2;0;1;0;0;0;0;0;1;0;0;;
315137;29;9;2017;11:02;0;RUA BARBOSA DE FREITAS;;;1595;;Colis?úo;Luz do Dia;;;Meio de Quadra;;;0;2;0;1;0;0;0;0;0;0;0;0;-3,740417000000000;-38,498595000000000
315134;29;9;2017;09:58;0;RUA CODO;;;241;;Colis?úo;Luz do Dia;;;Meio de Quadra;;;0;1;1;0;0;0;0;0;0;0;0;0;-3,849778000000000;-38,522352000000000
315131;29;9;2017;09:18;0;RUA VALPARAISO;;;858;;Colis?úo;Luz do Dia;;;Meio de Quadra;;;0;2;0;1;0;0;0;0;0;1;0;0;-3,843146000000000;-38,527097000000000
314783;29;9;2017;09:06;0;RUA IRACEMA D71;;;1378;;Colis?úo;Luz do Dia;;;Meio de Quadra;;;0;2;0;1;0;0;0;0;0;1;0;0;;
314785;29;9;2017;11:45;0;AV JOVITA FEITOSA;;;141;;Atropelamento;Luz do Dia;;;Meio de Quadra;;;0;1;1;1;0;0;0;0;0;0;0;0;-3,737483000000000;-38,544996000000000
314786;29;9;2017;15:45;0;VL JD PRINCESA ISABEL;;;0;;Colis?úo;Luz do Dia;;;Meio de Quadra;;;0;1;1;1;0;0;0;0;0;1;0;0;;
314787;29;9;2017;18:47;461;RUA BELEM;RUA GOIANIA;;0;;Colis?úo;;;;Cruz;N?úo H?í Controle;Residencial;0;2;0;0;0;0;0;0;0;1;0;0;-3,759879000000000;-38,593663000000000
314788;29;9;2017;19:51;0;RUA PEDRO DANTAS;;;305;;Colis?úo;;;;Meio de Quadra;;;0;1;1;0;0;0;0;0;0;0;0;0;-3,786205000000000;-38,520273000000000
304592;29;9;2017;07:40;11652;RUA PRO HERIBALDO COSTA;TR RIO DE JANEIRO;;0;;Colis?úo Lateral;Luz do Dia;Bom;Seca;Cruz;Outros;Residencial;0;1;1;1;0;0;0;0;0;1;0;0;-3,769584000000000;-38,588887000000000
304594;29;9;2017;09:30;18931;AV IRACEMA (CJ PALMEIRAS);RUA SILVINHA TELES D69;;0;;Colis?úo Transversal;Luz do Dia;Bom;Seca;Cruz;Pare;Residencial;0;0;2;0;0;0;0;0;0;1;0;0;-3,846032000000000;-38,529448000000000
304605;30;9;2017;23:00;25101;AV GAL OSORIO DE PAIVA;RUA NAPOLEAO QUEZADO;;0;;Colis?úo;Mal Iluminada;Bom;Seca;Cruz;N?úo H?í Controle;Comercial;0;1;1;1;0;0;0;0;1;0;0;0;-3,776593000000000;-38,568029000000000
304613;30;9;2017;08:35;0;AV JOVITA FEITOSA;;;720;;Colis?úo Lateral;Luz do Dia;Bom;Seca;N?úo Informado;Sem?íforo;Comercial;0;1;1;1;0;0;0;0;0;1;0;0;-3,738589000000000;-38,550285000000000
304601;30;9;2017;09:15;5424;RUA METON DE ALENCAR;RUA BAR RIO BRANCO;;0;;Choque c/ Obst?ículo Fixo;Luz do Dia;Bom;Seca;Cruz;Sem?íforo;Comercial;0;0;2;1;0;0;0;1;0;0;0;0;-3,733701000000000;-38,530563000000000
304602;30;9;2017;17:40;0;AV LUCIANO CARNEIRO;;;2585;;Queda;Anoitecer;Bom;Seca;Meio de Quadra;N?úo H?í Controle;Comercial;0;0;2;0;0;0;0;0;1;0;0;0;-3,770921000000000;-38,538518000000000
304598;30;9;2017;20:48;3199;RUA VITAL BRASIL;RUA VERBENA;;0;;Colis?úo Lateral;Via Iluminada;Bom;Seca;;Sem?íforo;Comercial;0;1;1;0;0;0;1;0;0;1;0;0;-3,780666000000000;-38,588650000000000
304599;30;9;2017;11:10;0;AV GAL MURILO BORGES;;;75;;Engavetamento;Luz do Dia;Bom;Seca;Meio de Quadra;N?úo H?í Controle;Misto;0;0;3;1;0;0;0;0;0;0;0;0;-3,709368700000000;-38,467955900000000
304615;30;9;2017;14:10;0;AV CARNEIRO DE MENDONCA;;;503;;Colis?úo Lateral;Luz do Dia;Bom;Seca;Meio de Quadra;Pare;Residencial;0;0;2;1;0;0;0;0;0;0;0;0;-3,765420000000000;-38,564133000000000
304616;30;9;2017;05:50;9072;AV VIS RIO BRANCO;AV PONTES VIEIRA;;0;;Outros;Amanhecer;Bom;Seca;Cruz;Sem?íforo;Misto;0;0;1;1;0;0;0;0;0;0;0;0;-3,753544000000000;-38,520486000000000
304617;30;9;2017;09:40;1347;RUA BAR ARACATI;RUA JOAO CARVALHO;;0;;Colis?úo Transversal;Luz do Dia;Bom;Seca;T;N?úo H?í Controle;Misto;0;0;2;1;0;0;0;0;0;0;0;0;-3,735898000000000;-38,512894000000000
314789;30;9;2017;07:20;0;RUA FRANCISCO JOSINO DA COSTA;;;31;;Atropelamento;Luz do Dia;;;Meio de Quadra;;;0;1;1;1;0;0;0;0;0;0;0;0;;
314814;30;9;2017;18:11;18752;RUA ISMAEL SILVA;RUA DALVA DE OLIVEIRA;;0;;Colis?úo;Anoitecer;;;;;;0;2;0;1;0;0;0;0;0;1;0;0;-3,847811000000000;-38,523782000000000
314808;30;9;2017;14:02;0;AV B CJ CEARA;;;0;;Colis?úo;Luz do Dia;;;Meio de Quadra;;;0;1;1;1;0;0;0;0;0;1;0;0;;
314809;30;9;2017;14:46;0;RUA 337 CONJUNTO CEARA;;;0;;Atropelamento;Luz do Dia;;;Meio de Quadra;;;0;3;0;0;0;0;0;0;0;1;0;0;;
314810;30;9;2017;14:52;0;AV BEZERRA DE MENEZES;;;1736;;Colis?úo;Luz do Dia;;;Meio de Quadra;;;0;2;0;1;0;0;0;0;0;1;0;0;-3,734769000000000;-38,560167000000000
314892;30;9;2017;14:03;0;AV PERIMETRAL;;;0;;Colis?úo;Luz do Dia;;;Meio de Quadra;;;0;2;0;0;0;0;0;0;0;1;0;0;;
314893;30;9;2017;14:11;0;AV RAD JOSE LIMA VERDE;;;900;;Colis?úo;Luz do Dia;;;Meio de Quadra;;;0;2;0;1;0;0;0;0;0;1;0;0;;
305920;30;9;2017;17:10;0;AV WENEFRIDO MELO;;;88;;Colis?úo;Anoitecer;;;Meio de Quadra;;;1;0;1;1;0;1;0;0;0;0;0;0;-3,808676000000000;-38,578106000000000
315331;30;9;2017;09:04;0;AV MR HULL;;;3112;;Atropelamento;Luz do Dia;;;Meio de Quadra;;;0;1;1;0;1;0;0;0;0;0;0;0;-3,737019000000000;-38,572159000000000
315333;30;9;2017;09:51;8937;RUA CARLOS SEVERO;RUA ANTONIO POMPEU;;0;;Atropelamento;Luz do Dia;;;Cruz;Pare;Comercial;0;2;1;1;0;0;0;0;0;0;0;0;-3,731863000000000;-38,541865000000000
315335;30;9;2017;10:39;0;RUA PRO HERIBALDO COSTA;;;0;;Colis?úo;Luz do Dia;;;Meio de Quadra;;;0;1;1;1;0;0;0;0;0;1;0;0;;
315336;30;9;2017;10:53;0;AV 13 DE MAIO;;;0;;Colis?úo;Luz do Dia;;;Meio de Quadra;;;0;1;1;0;0;0;0;0;0;1;0;0;;
315345;30;9;2017;11:07;0;AV PRS COSTA E SILVA;;;0;;Colis?úo;Luz do Dia;;;Meio de Quadra;;;0;1;0;0;0;0;0;0;0;1;0;0;;
315343;30;9;2017;11:01;0;AV PRS COSTA E SILVA;;;0;;Queda;Luz do Dia;;;Meio de Quadra;;;0;1;0;0;0;0;0;0;0;1;0;0;;
315312;30;9;2017;06:31;0;RUA CACILDA BECKER;;;230;;Colis?úo;Luz do Dia;;;Meio de Quadra;;;0;1;1;1;0;0;0;0;0;1;0;0;-3,773424000000000;-38,588122000000000
315313;30;9;2017;06:44;17326;RUA ALAN KARDEC;RUA ALBERTO MAGNO;;0;;Colis?úo;Luz do Dia;;;Cruz;Pare;Comercial;0;2;0;1;0;0;0;0;0;1;0;0;-3,764796000000000;-38,549918000000000
315428;30;9;2017;16:05;23738;RUA DELTA;RUA ILHA BELA;;0;;Colis?úo;Luz do Dia;;;;;;0;1;1;1;0;0;0;0;0;1;0;0;-3,789797000000000;-38,576993000000000
315437;30;9;2017;16:23;0;RUA OITICICAS;;;451;;Colis?úo;Luz do Dia;;;Meio de Quadra;;;0;2;0;0;0;0;0;0;0;1;0;0;-3,807635000000000;-38,536536000000000
315439;30;9;2017;16:42;0;RUA PERNAMBUCO;;;1913;;Colis?úo;Luz do Dia;;;Meio de Quadra;;;0;0;2;0;0;0;0;0;0;0;0;0;-3,755187000000000;-38,574561000000000
315440;30;9;2017;17:25;0;AV PERIMETRAL;;;0;;Colis?úo;Anoitecer;;;Meio de Quadra;;;0;2;0;1;0;0;0;0;0;1;0;0;;
315441;30;9;2017;17:25;0;AV WENEFRIDO MELO;;;60;;Colis?úo;Anoitecer;;;Meio de Quadra;;;0;0;2;0;0;0;0;0;0;0;0;0;-3,808580000000000;-38,578217000000000
315442;30;9;2017;17:36;0;AV PERIMETRAL;;;141;;Atropelamento;Anoitecer;;;Meio de Quadra;;;0;1;2;0;0;0;0;0;0;0;0;0;;
315425;30;9;2017;16:02;0;AV ALM HENRIQUE SABOIA;;;8086;;Colis?úo;Luz do Dia;;;Meio de Quadra;;;0;1;1;1;0;0;0;0;0;1;0;0;-3,754365000000000;-38,503172900000000
315420;30;9;2017;15:53;24229;AV ENG SANTANA JUNIOR;AV ENG ALBERTO SA;;0;;Capotamento;Luz do Dia;;;Cruz;Sem?íforo;Comercial;0;1;1;1;0;0;0;0;0;1;0;0;-3,733357000000000;-38,480624000000000
315415;30;9;2017;15:50;7608;AV DR SILAS MUNGUBA;RUA MAL BITENCOURT;;0;;Colis?úo;Luz do Dia;;;T;Sem?íforo;Comercial;0;0;2;0;0;0;0;0;0;0;0;0;-3,796992000000000;-38,531678000000000
315403;30;9;2017;13:10;0;AV DEP PAULINO ROCHA;;;3634;;Colis?úo;Luz do Dia;;;Meio de Quadra;;;0;2;0;0;0;0;0;0;0;1;0;0;;
315404;30;9;2017;13:20;0;RD BR 116;;;15000;KM-15;Colis?úo;Luz do Dia;;;Meio de Quadra;;;0;0;2;0;0;0;0;0;0;0;0;0;-3,882329000000000;-38,501113000000000
315365;30;9;2017;11:12;4080;AV JOSE BASTOS;RUA CEARA;;0;;Queda;Luz do Dia;;;Cruz;Pare;Residencial;0;1;0;0;0;0;0;0;0;1;0;0;-3,760008000000000;-38,564112000000000
315366;30;9;2017;11:25;0;AV GAL OSORIO DE PAIVA;;;7828;;Colis?úo;Luz do Dia;;;Meio de Quadra;;;0;1;0;0;0;0;0;0;0;1;0;0;-3,820548000000000;-38,617405000000000