COD_ACIDENTE;DIA;MES;ANO;HORA;INTERSECAO;LOG1;LOG2;LOG3;NUMERO;REFERENCIA;NATUREZA;ILUMINACAO;TEMPO;SUPERFICIEPISTA;TIPOCRUZAMENTO;CONTROLETRAFEGO;USOSOLO;MORTOS;FERIDOS;ILESOS;AUTOMOVEL;ONIBUS;BICICLETA;CAMINHAO;MICROONIBUS;CICLOMOTOR;MOTOCICLETA;TRACAOANIMAL;TREM;LATITUDE;LONGITUDE
315368;30;9;2017;12:54;23738;RUA ILHA BELA;RUA DELTA;;0;;Colis?úo;Luz do Dia;;;;;;0;0;2;0;0;0;0;0;0;0;0;0;-3,789797000000000;-38,576993000000000
315730;30;9;2017;13:20;0;RD BR 116;;;14000;KM-14;Choque c/ Obst?ículo Fixo;Luz do Dia;Bom;Seca;Meio de Quadra;;;0;1;0;0;0;0;0;0;0;0;0;0;-3,873523000000000;-38,499242000000000
315507;30;9;2017;22:55;0;AV JOVITA FEITOSA;;;500;;Atropelamento;;;;Meio de Quadra;;;0;2;0;0;0;0;0;0;0;1;0;0;;
315510;30;9;2017;23:29;0;AV ENG JOS?ë GUIMAR?âES;;;0;;Colis?úo;;;;Meio de Quadra;;;0;0;2;0;0;0;0;0;0;0;0;0;;
315511;30;9;2017;23:34;0;RUA NOSSA SRA DAS GRACAS;;;206;;Colis?úo;;;;Meio de Quadra;;;0;1;1;0;0;0;0;0;0;1;0;0;-3,711186000000000;-38,550365000000000
315489;30;9;2017;20:52;9575;RUA TEODORO DE CASTRO;RUA SAO LUIZ DO OESTE;;0;;Colis?úo;;;;Cruz;Pare;Residencial;0;2;0;0;0;0;0;0;0;1;0;0;-3,778623000000000;-38,609112000000000
315491;30;9;2017;21:33;0;RUA PORTO VELHO;;;1614;;Colis?úo;;;;Meio de Quadra;;;0;0;1;0;0;1;0;0;0;0;0;0;-3,762675000000000;-38,593180000000000
315492;30;9;2017;21:43;0;RUA CATOLE;;;0;;Colis?úo;;;;Meio de Quadra;;;0;2;0;0;0;0;0;0;0;1;0;0;;
315493;30;9;2017;22:54;21382;AV JOVITA FEITOSA;RUA PRO ANACLETO;;0;;Colis?úo;;;;Cruz;Sem?íforo;Comercial;0;3;0;0;0;0;0;0;0;1;0;0;-3,738978000000000;-38,552078000000000
315445;30;9;2017;18:27;24340;RUA DES PRAXEDES;RUA SAO MATEUS D14;;0;;Colis?úo;Anoitecer;;;Cruz;Pare;Comercial;0;1;1;1;0;0;1;0;0;0;0;0;-3,764329000000000;-38,538730000000000
315480;30;9;2017;20:03;0;AV DUQ CAXIAS;;;457;;Colis?úo;;;;Meio de Quadra;;;0;2;0;0;0;0;0;0;0;0;0;0;-3,732188000000000;-38,528653000000000
315472;30;9;2017;18:53;0;AV SANTOS DUMONT;;;6350;;Colis?úo;;;;Meio de Quadra;;;0;2;0;1;0;0;0;0;0;1;0;0;-3,743624000000000;-38,475422000000000
315485;30;9;2017;20:36;0;RUA CAP NOGUEIRA;;;1255;;Atropelamento;;;;Meio de Quadra;;;0;1;0;0;0;0;0;0;0;0;0;0;;
315486;30;9;2017;20:38;15372;RUA CEL JUCA;AV DOM LUIS;;0;;Colis?úo;;;;Cruz;Sem?íforo;Comercial;0;0;2;0;0;0;0;0;0;0;0;0;-3,735452000000000;-38,490579000000000
315475;30;9;2017;19:45;0;RUA ENG ANTONIO F ANTERO;;;0;;Colis?úo;;;;Meio de Quadra;;;0;0;2;0;0;0;0;0;0;0;0;0;;
315477;30;9;2017;19:47;0;AV WASHINGTON SOARES;;;0;;Colis?úo;;;;Meio de Quadra;;;0;1;0;0;0;0;0;0;0;0;0;0;;
315482;30;9;2017;20:24;0;AV SIQUEIRA CAMPOS;;;0;;Atropelamento;;;;Meio de Quadra;;;0;1;1;0;0;0;0;0;0;0;0;0;;
311484;30;9;2017;07:05;9136;RUA MON OTAVIO CASTRO;RUA BONFIM SOBRINHO;;0;;Colis?úo Lateral;Luz do Dia;Bom;Seca;Cruz;Sem?íforo;Residencial;0;0;2;1;1;0;0;0;0;0;0;0;-3,751433400000000;-38,526028000000000
311485;30;9;2017;08:27;0;AV ENG SANTANA JUNIOR;;;2828;;Colis?úo Traseira;Luz do Dia;Bom;Seca;Meio de Quadra;Sem?íforo;Comercial;0;0;0;1;1;0;0;0;0;0;0;0;-3,746194600000000;-38,489536000000000
311486;30;9;2017;08:54;25943;RUA PDE IBIAPINA;RUA CARNEIRO DA CUNHA (JACARECANGA);;0;;Colis?úo Lateral;Luz do Dia;Bom;Seca;T;Sem?íforo;Comercial;0;0;2;1;1;0;0;0;0;0;0;0;-3,725203800000000;-38,540620000000000
311487;30;9;2017;08:00;15233;RUA JULIO IBIAPINA;RUA JUAZEIRO DO NORTE;;0;;Colis?úo Transversal;Luz do Dia;Bom;Seca;T;N?úo H?í Controle;Residencial;0;0;1;1;0;0;0;0;0;0;0;0;-3,727513000000000;-38,491127000000000
311488;30;9;2017;10:03;0;AV DOS EXPEDICIONARIOS;;;4164;;Colis?úo Traseira;Luz do Dia;Bom;Seca;Meio de Quadra;Sem?íforo;Comercial;0;0;2;1;0;0;0;0;0;0;0;0;-3,754820300000000;-38,538230000000000
311489;30;9;2017;09:30;0;RUA ANTONIO POMPEU;RUA CARLOS AMORA;;0;;Atropelamento;Luz do Dia;Bom;Seca;Meio de Quadra;Pare;Comercial;0;1;1;0;0;0;0;0;0;0;0;0;-3,732022800000000;-38,541817000000000
311490;30;9;2017;10:49;17379;RUA TEN MOACIR MATOS;RUA EDITE BRAGA;;0;;Colis?úo Frontal;Luz do Dia;Bom;Seca;Cruz;N?úo H?í Controle;Residencial;0;1;1;0;0;0;0;0;0;1;0;0;-3,754796700000000;-38,540955000000000
311491;30;9;2017;10:51;5364;AV TRISTAO GONCALVES;RUA GAL CLARINDO DE QUEIROZ;;1081;;Colis?úo Transversal;Luz do Dia;Bom;Seca;Cruz;Pare;Comercial;0;0;2;0;1;0;0;0;0;0;0;0;-3,731270800000000;-38,534367000000000
311492;30;9;2017;11:31;3769;AV DOMINGOS OLIMPIO;RUA SEN POMPEU;;0;;Colis?úo Traseira;Luz do Dia;Bom;Seca;Cruz;Sem?íforo;Comercial;0;0;2;1;0;0;0;0;0;0;0;0;-3,735999000000000;-38,532696000000000
311493;30;9;2017;11:33;12863;AV DOMINGOS OLIMPIO;RUA FLORIANO PEIXOTO;;0;;Colis?úo Transversal;Luz do Dia;Bom;Seca;Cruz;N?úo H?í Controle;Comercial;0;0;2;1;1;0;0;0;0;0;0;0;-3,736847900000000;-38,530327000000000
311494;30;9;2017;13:44;13381;RUA JOAO BRIGIDO;RUA JOAO CORDEIRO;;0;;Colis?úo Transversal;Luz do Dia;Bom;Seca;Cruz;Sem?íforo;Comercial;0;0;2;1;0;0;0;0;0;0;0;0;-3,739844800000000;-38,517910000000000
311495;30;9;2017;13:56;0;RUA CASTRO E SILVA;;;529;;Colis?úo Lateral;Luz do Dia;Bom;Seca;Meio de Quadra;N?úo H?í Controle;Comercial;0;0;2;1;0;0;0;0;0;0;0;0;-3,722848200000000;-38,530460000000000
311496;30;9;2017;14:19;5062;RUA DR JOAO MOREIRA;RUA GAL SAMPAIO;;0;;Colis?úo Traseira;Luz do Dia;Bom;Seca;Cruz;Sem?íforo;Comercial;0;0;2;1;1;0;0;0;0;0;0;0;-3,721965800000000;-38,529366000000000
311497;30;9;2017;13:25;1547;RUA CAROLINA SUCUPIRA;AV DES MOREIRA;;0;;Colis?úo Transversal;Luz do Dia;Bom;Seca;Cruz;Pare;Comercial;0;0;2;1;1;0;0;0;0;0;0;0;-3,741154200000000;-38,500195000000000
311498;30;9;2017;14:43;5134;RUA GUILHERME ROCHA;RUA TEREZA CRISTINA;;0;;Colis?úo Transversal;Luz do Dia;Bom;Seca;Cruz;Pare;Comercial;0;0;1;1;0;0;0;0;0;0;0;0;-3,724425800000000;-38,536057000000000
311499;30;9;2017;16:27;9227;RUA JAIME BENEVOLO;RUA MARIO MAMEDE;;0;;Colis?úo Lateral;Luz do Dia;Bom;Seca;Cruz;Sem?íforo;Residencial;0;3;2;1;0;0;0;0;0;1;0;0;-3,749257800000000;-38,531610000000000
311500;30;9;2017;15:15;24229;AV ENG ALBERTO SA;AV ENG SANTANA JUNIOR;;0;;Capotamento;Luz do Dia;Bom;Seca;Cruz;Sem?íforo;Comercial;0;0;2;1;0;0;0;0;0;0;0;0;-3,733567000000000;-38,480743000000000
311504;30;9;2017;21:29;0;AV DOM LUIS;;;1150;;Colis?úo Transversal;Anoitecer;Bom;Seca;Cruz;Pare;Comercial;0;0;2;1;0;0;0;0;0;1;0;0;-3,735655800000000;-38,490590000000000
311505;30;9;2017;21:34;24340;RUA DES PRAXEDES;RUA SAO MATEUS D14;;0;;Colis?úo Lateral;Mal Iluminada;Bom;Seca;Cruz;Pare;Comercial;0;0;2;1;0;0;0;0;0;0;0;0;-3,764366100000000;-38,538593000000000
311506;30;9;2017;21:00;0;AV DEP PAULINO ROCHA;;;0;;Colis?úo Transversal;Via Iluminada;Bom;Seca;Rotat??ria;N?úo H?í Controle;Comercial;0;0;2;1;0;0;0;0;0;0;0;0;-3,806937000000000;-38,524334000000000
311502;30;9;2017;18:36;0;RUA COSTA BARROS;;;1511;;Colis?úo Transversal;Anoitecer;Bom;Seca;Cruz;Pare;Comercial;0;0;2;1;0;0;0;0;0;0;0;0;-3,730522900000000;-38,511240000000000
311545;30;9;2017;14:20;0;RUA COS GOUVEIA;;;30;;Colis?úo Lateral;Luz do Dia;Bom;Seca;Outros;N?úo H?í Controle;Residencial;0;0;2;1;0;0;0;0;0;0;0;0;-3,716488600000000;-38,561295000000000
311508;1;10;2017;07:30;6800;AV SANTOS DUMONT;RUA BATISTA DE OLIVEIRA;;0;;Colis?úo Transversal;Luz do Dia;Bom;Seca;Cruz;Sem?íforo;Residencial;0;1;1;1;0;0;0;0;0;1;0;0;-3,744642500000000;-38,481155000000000
311509;1;10;2017;12:53;0;AV DR SILAS MUNGUBA;;;3184;;Colis?úo Transversal;Luz do Dia;Bom;Seca;Meio de Quadra;N?úo H?í Controle;Comercial;0;2;0;0;0;0;0;0;0;1;0;0;-3,789096400000000;-38,543983000000000
311510;1;10;2017;15:28;5364;AV TRISTAO GONCALVES;RUA GAL CLARINDO DE QUEIROZ;;0;;Colis?úo Transversal;Luz do Dia;Bom;Seca;Cruz;Pare;Comercial;0;1;1;1;0;0;0;0;0;0;0;0;-3,731303700000000;-38,534504000000000
311511;1;10;2017;18:50;15139;AV MON TABOSA;RUA BAR ARACATI;;0;;Colis?úo Lateral;Via Iluminada;Bom;Seca;Cruz;N?úo H?í Controle;Comercial;0;0;2;1;0;0;0;0;0;0;0;0;-3,724232000000000;-38,509180000000000
311512;1;10;2017;18:46;17378;RUA ROMEU MARTINS;RUA ALBERTO MAGNO;;0;;Capotamento;Via Iluminada;Bom;Seca;Cruz;N?úo H?í Controle;Comercial;0;0;3;1;0;0;0;0;0;0;0;0;-3,766970600000000;-38,551674000000000
311513;1;10;2017;18:40;9567;RUA SGT JOAO PINHEIRO;RUA CEL FABRICIANO;;0;;Colis?úo Transversal;Via Iluminada;Bom;Seca;Cruz;Pare;Residencial;0;0;1;1;0;0;0;0;0;0;0;0;-3,778921100000000;-38,621610000000000
311573;1;10;2017;14:50;11285;RUA CARLOS STUDART;RUA FRANCISCO GLICERIO;;0;;Colis?úo Transversal;Luz do Dia;Bom;Seca;Cruz;Pare;Residencial;0;0;0;0;0;0;0;0;0;1;0;0;-3,796306800000000;-38,568980000000000
313558;1;10;2017;22:21;0;RUA CEL DIONISIO ALENCAR;;;4090;;Queda;;;;Meio de Quadra;;;0;1;0;0;0;0;0;0;0;1;0;0;-3,867779300000000;-38,522340400000000
313571;1;10;2017;22:21;4018;RUA DES PRAXEDES;RUA JULIO CESAR D12;;0;;Colis?úo;;;;T;Sem?íforo;Comercial;0;1;0;0;0;0;0;0;0;0;0;0;;
313544;1;10;2017;20:41;0;RUA JANDAIA;;;320;;Queda;;;;Meio de Quadra;;;0;0;1;0;0;0;0;0;0;1;0;0;-3,768628900000000;-38,570019000000000
313545;1;10;2017;21:36;0;RUA MOURA MATOS;;;1715;;Colis?úo;;;;Meio de Quadra;;;0;1;0;0;0;0;0;0;0;0;0;0;-3,810559000000000;-38,544631000000000
313546;1;10;2017;22:18;0;AV ALM HENRIQUE SABOIA;;;0;;Atropelamento;;;;Meio de Quadra;;;0;1;0;1;0;0;0;0;0;0;0;0;;
313532;1;10;2017;20:35;0;RUA FAGUNDES VARELA;;;293;;Queda;;;;Meio de Quadra;;;0;1;0;0;0;1;0;0;0;0;0;0;-3,781860700000000;-38,561146600000000
313478;1;10;2017;16:35;0;AV DOLOR BARREIRA;;;0;;Colis?úo;Luz do Dia;;;Meio de Quadra;;;0;1;0;1;0;0;0;0;0;1;0;0;;
313483;1;10;2017;16:39;0;AV PRS CASTELO BRANCO;;;2708;;Queda;Luz do Dia;;;Meio de Quadra;;;0;1;0;0;0;0;0;0;0;1;0;0;-3,712699000000000;-38,552013000000000
313462;1;10;2017;14:27;0;RUA FRANCISCO GLICERIO;;;815;;Colis?úo;Luz do Dia;;;Meio de Quadra;;;0;1;0;1;0;0;0;0;0;1;0;0;-3,796212000000000;-38,568970000000000
313463;1;10;2017;14:47;5364;AV TRISTAO GONCALVES;RUA GAL CLARINDO DE QUEIROZ;;0;;Colis?úo;Luz do Dia;;;Cruz;Pare;Comercial;0;2;1;1;0;0;0;0;0;0;0;0;-3,731314000000000;-38,534472000000000
313471;1;10;2017;16:12;0;RUA RIO VENTURA;;;599;;Queda;Luz do Dia;;;Meio de Quadra;;;0;1;0;0;0;0;0;0;0;1;0;0;;
313485;1;10;2017;16:50;0;AV GODOFREDO MACIEL;;;2541;;Queda;Luz do Dia;;;Meio de Quadra;;;0;1;0;0;0;0;0;0;0;1;0;0;-3,797647000000000;-38,570281000000000
313489;1;10;2017;17:34;0;RUA ANTONIO COSTA MENDES;;;1276;;Colis?úo;Anoitecer;;;Meio de Quadra;;;0;1;1;1;0;0;0;0;0;1;0;0;-3,792787700000000;-38,586529700000000
313499;1;10;2017;19:40;0;RUA PERNAMBUCO;;;92;;Atropelamento;;;;Meio de Quadra;;;0;1;0;0;0;0;0;0;0;1;0;0;-3,760851000000000;-38,567200000000000
313503;1;10;2017;20:17;0;RUA CON DE CASTRO;;;5498;;Colis?úo;;;;Meio de Quadra;;;0;1;0;1;0;0;0;0;0;1;0;0;-3,811417000000000;-38,597129000000000
313501;1;10;2017;19:49;0;AV 13 DE MAIO;;;0;;Queda;;;;Meio de Quadra;;;0;1;0;0;0;0;0;0;0;1;0;0;;
313526;1;10;2017;20:21;9892;RUA SGT JOAO PINHEIRO;RUA BOM JESUS (GRANJA LISBOA);;0;;Colis?úo;;;;Cruz;Outros;Comercial;0;0;1;0;0;0;0;0;0;0;0;0;-3,787299000000000;-38,624041000000000
313407;1;10;2017;11:25;0;AV DES GONZAGA;;;244;;Colis?úo;Luz do Dia;;;Meio de Quadra;;;0;1;0;1;0;0;0;0;0;1;0;0;-3,789116000000000;-38,503603000000000
313404;1;10;2017;08:03;0;RUA NELSON COELHO;;;64;;Queda;Luz do Dia;;;Meio de Quadra;;;0;1;0;0;0;0;0;0;0;1;0;0;;
313405;1;10;2017;09:42;0;RUA CON DE CASTRO;;;3509;;Colis?úo;Luz do Dia;;;Meio de Quadra;;;0;1;0;1;0;0;0;0;0;1;0;0;-3,798341000000000;-38,585781000000000
313413;1;10;2017;11:54;0;AV HIS RAIMUNDO GIRAO;;;1338;;Colis?úo;Luz do Dia;;;Meio de Quadra;;;0;0;1;1;0;0;0;0;0;0;0;0;-3,724160000000000;-38,504096000000000
313434;1;10;2017;12:09;25125;RUA ROCHA LIMA;RUA DNA LEOPOLDINA;;0;;Colis?úo;Luz do Dia;;;Cruz;Pare;Residencial;0;1;0;1;0;0;0;0;0;1;0;0;-3,736665000000000;-38,521427000000000
313443;1;10;2017;13:03;0;RUA SEN ALMINO;;;227;;Colis?úo;Luz do Dia;;;Meio de Quadra;;;0;1;0;1;0;0;0;0;0;1;0;0;-3,721991000000000;-38,517927000000000
313375;1;10;2017;00:24;0;AV PRUDENTE BRASIL;;;302;;Queda;;;;Meio de Quadra;;;0;1;0;0;0;0;0;0;0;1;0;0;-3,806904400000000;-38,533536400000000
313376;1;10;2017;01:24;0;RUA STA LIDUINA D42;;;11;;Atropelamento;;;;Meio de Quadra;;;0;1;0;1;0;0;0;0;0;0;0;0;-3,797620000000000;-38,584984000000000
313370;1;10;2017;00:10;1338;AV BAR STUDART;RUA TORRES CAMARA;;0;;Colis?úo;;;;Cruz;Sem?íforo;Comercial;0;0;1;1;0;0;0;0;0;0;0;0;-3,735624000000000;-38,506944000000000
313383;1;10;2017;01:26;0;AV PRS COSTA E SILVA;;;0;;Atropelamento;;;;Meio de Quadra;;;0;1;0;1;0;0;0;0;0;0;0;0;;
313384;1;10;2017;01:54;0;RUA DIADEMA;;;242;;Queda;;;;Meio de Quadra;;;0;1;0;0;0;0;0;0;0;1;0;0;-3,844905000000000;-38,522659000000000
313385;1;10;2017;04:30;0;AV LINEU MACHADO;;;272;;Queda;;;;Meio de Quadra;;;0;1;0;0;0;0;0;0;0;1;0;0;-3,762240000000000;-38,574974000000000
313386;1;10;2017;07:49;0;AV GAL OSORIO DE PAIVA;;;5450;;Colis?úo;Luz do Dia;;;Meio de Quadra;;;0;2;0;1;0;0;0;0;0;1;0;0;-3,805014000000000;-38,602378000000000
313372;1;10;2017;00:18;0;AV MIN JOSE AMERICO;;;1960;;Colis?úo;;;;Meio de Quadra;;;0;0;1;1;0;0;0;0;0;0;0;0;-3,809681000000000;-38,485078000000000
312114;1;10;2017;19:00;19037;AV DOLOR BARREIRA;AV ENG LUIS VIEIRA;;0;;Colis?úo Lateral;Anoitecer;Bom;Seca;Duplo T;Pare;Residencial;0;1;1;0;0;0;0;0;0;1;0;0;-3,735032600000000;-38,469600000000000
304600;1;10;2017;06:20;0;AV GODOFREDO MACIEL;;;2417;;Choque c/ Obst?ículo Fixo;Luz do Dia;;;Meio de Quadra;;;0;0;1;1;0;0;0;0;0;0;0;0;-3,796044000000000;-38,569776000000000
304603;1;10;2017;08:45;0;RUA TEN BENEVOLO;;;1930;;Colis?úo Lateral;Luz do Dia;;;Meio de Quadra;;;0;0;2;1;1;0;0;0;0;0;0;0;-3,729698000000000;-38,503966000000000
304606;1;10;2017;09:40;7855;RUA CEL JUCA;RUA HENRIQUETA GALENO;;0;;Colis?úo Lateral;Luz do Dia;;;Cruz;Pare;Residencial;0;0;2;1;0;0;0;0;0;0;0;0;-3,746989000000000;-38,494284000000000
304614;2;10;2017;18:55;0;AV ANTONIO SALES;;;2238;;Colis?úo Transversal;;;;Meio de Quadra;;;0;0;2;1;1;0;0;0;0;0;0;0;-3,745029000000000;-38,503722000000000
304608;2;10;2017;15:30;4117;RUA ALVARO DE ALENCAR;RUA CRUZEIRO DO SUL;;0;;Colis?úo Lateral;Luz do Dia;;;;;;0;0;2;1;0;0;1;0;0;0;0;0;-3,714564000000000;-38,557780000000000
304609;2;10;2017;18:00;0;RUA GUSTAVO SAMPAIO;;;789;;Colis?úo Traseira;Anoitecer;;;Meio de Quadra;;;0;0;2;1;0;0;0;0;0;0;0;0;-3,734275000000000;-38,551656000000000
304610;2;10;2017;14:10;17617;RUA ACRE;RUA CEARA;;0;;Colis?úo Traseira;Luz do Dia;;;T;Pare;Residencial;0;0;2;1;0;0;0;0;0;0;0;0;-3,759573000000000;-38,564785000000000
304611;2;10;2017;16:00;0;AV DR SILAS MUNGUBA;;;3723;;Colis?úo Traseira;Luz do Dia;;;Meio de Quadra;;;0;0;2;1;0;0;0;0;0;0;0;0;-3,790272000000000;-38,540645000000000
304612;2;10;2017;15:30;0;AV DOMINGOS OLIMPIO;;;2281;;Colis?úo;Luz do Dia;;;Meio de Quadra;;;0;1;1;1;0;0;0;0;0;1;0;0;-3,733230000000000;-38,543614000000000
306014;2;10;2017;20:55;26281;RUA RUA SABINO LORETO (BARROSO);AV CAP WALDEMAR PAULA LIMA;;0;;Colis?úo Transversal;;;;;;;1;0;1;0;1;0;0;0;1;0;0;0;-3,814144000000000;-38,508234000000000
313576;2;10;2017;07:06;7762;RUA NUNES VALENTE;AV ANTONIO SALES;;0;;Colis?úo;Luz do Dia;;;Cruz;Pare;Residencial;0;1;0;1;0;0;0;0;0;1;0;0;-3,744237000000000;-38,506314000000000
313577;2;10;2017;07:55;0;RUA MAJ FACUNDO;;;0;;Colis?úo;Luz do Dia;;;Meio de Quadra;;;0;1;0;1;0;0;0;0;0;1;0;0;;
313578;2;10;2017;08:24;5407;AV DUQ CAXIAS;RUA SOLON PINHEIRO;;0;;Colis?úo;Luz do Dia;;;Cruz;Sem?íforo;Comercial;0;1;0;0;0;0;0;0;0;0;0;0;-3,732704000000000;-38,527034000000000
313586;2;10;2017;08:50;0;RUA CEL NUNES DE MELO;;;2214;;Colis?úo;Luz do Dia;;;Meio de Quadra;;;0;1;0;1;0;0;0;0;0;1;0;0;-3,754113000000000;-38,557588000000000
313598;2;10;2017;09:12;0;AV GAL OSORIO DE PAIVA;;;1431;;Colis?úo;Luz do Dia;;;Meio de Quadra;;;0;1;0;1;0;0;0;0;0;1;0;0;-3,780442000000000;-38,574151000000000
313602;2;10;2017;10:52;0;AV WASHINGTON SOARES;;;0;;Queda;Luz do Dia;;;Meio de Quadra;;;0;1;0;0;0;0;0;0;0;1;0;0;;
313688;2;10;2017;10:52;0;AV CEL CARVALHO;;;0;;Colis?úo Frontal;Luz do Dia;;;Meio de Quadra;;;0;1;0;1;0;0;0;0;0;1;0;0;;
313706;2;10;2017;11:21;0;AV JOSE BASTOS;;;0;;Colis?úo;Luz do Dia;;;Meio de Quadra;;;0;1;0;0;0;0;1;0;0;1;0;0;;
313712;2;10;2017;12:58;0;AV GAL OSORIO DE PAIVA;;;0;;Colis?úo;Luz do Dia;;;Meio de Quadra;;;0;1;0;1;0;0;0;0;0;1;0;0;;
313716;2;10;2017;13:26;0;RUA OSCAR ARARIPE;;;3748;;Atropelamento;Luz do Dia;;;Meio de Quadra;;;0;1;0;1;0;0;0;0;0;0;0;0;-3,783568000000000;-38,624055000000000
313718;2;10;2017;13:41;0;RUA VALDEMAR HOLANDA;;;605;;Colis?úo;Luz do Dia;;;Meio de Quadra;;;0;2;1;1;0;0;0;0;0;1;0;0;-3,770584000000000;-38,593430000000000
313723;2;10;2017;16:46;0;RUA CARLOS CAMARA;;;1216;;Colis?úo;Luz do Dia;;;Meio de Quadra;;;0;1;0;1;0;0;0;0;0;1;0;0;-3,747088000000000;-38,543140000000000
313724;2;10;2017;17:38;0;AV DEP PAULINO ROCHA;;;0;;Queda;Anoitecer;;;Meio de Quadra;;;0;1;0;0;0;0;0;0;0;1;0;0;;
313725;2;10;2017;18:24;0;AV AUGUSTO DOS ANJOS;;;698;;Atropelamento;Anoitecer;;;Meio de Quadra;;;0;1;0;0;0;0;0;0;0;1;0;0;-3,774615000000000;-38,574239000000000
313726;2;10;2017;18:31;0;RUA 24 DE OUTUBRO;;;1415;;Colis?úo;;;;Meio de Quadra;;;0;1;0;0;0;0;0;0;0;0;0;0;-3,759203000000000;-38,603978000000000
313728;2;10;2017;18:39;0;RUA JOSE HIPOLITO;;;1153;;Colis?úo;;;;Meio de Quadra;;;0;1;0;0;0;0;0;0;0;0;0;0;-3,836095000000000;-38,485341000000000
313729;2;10;2017;19:37;0;AV AUGUSTO DOS ANJOS;;;698;;Atropelamento;;;;Meio de Quadra;;;0;1;0;0;0;0;0;0;0;1;0;0;-3,774615000000000;-38,574239000000000
313730;2;10;2017;19:43;0;AV PERIMETRAL;;;0;;Atropelamento;;;;Meio de Quadra;;;0;1;0;0;0;0;0;0;0;1;0;0;;
313732;2;10;2017;22:03;0;RUA MIN ALBUQUERQUE LIMA;;;885;;Colis?úo;;;;Meio de Quadra;;;0;1;0;1;0;0;0;0;0;1;0;0;-3,770530000000000;-38,605120000000000
313733;2;10;2017;23:39;0;AV ENG HUMBERTO MONTE;;;0;;Atropelamento;;;;Meio de Quadra;;;0;1;0;1;0;0;0;0;0;0;0;0;;
313721;2;10;2017;14:11;0;RUA PRO TEODORICO;;;887;;Colis?úo;Luz do Dia;;;Meio de Quadra;;;0;1;0;1;0;0;0;0;0;1;0;0;-3,769262000000000;-38,552009000000000
311514;2;10;2017;06:33;0;AV ALBERTO CRAVEIRO;;;2571;;Colis?úo Traseira;Luz do Dia;Bom;Seca;Meio de Quadra;N?úo H?í Controle;Comercial;0;0;2;1;0;0;0;0;0;0;0;0;-3,802712400000000;-38,521000000000000
311515;2;10;2017;07:10;7762;AV ANTONIO SALES;RUA NUNES VALENTE;;0;;Colis?úo Transversal;Luz do Dia;Bom;Seca;Cruz;Pare;Residencial;0;0;1;1;0;0;0;0;1;0;0;0;-3,744312300000000;-38,506275000000000
311516;2;10;2017;09:11;5416;AV DUQ CAXIAS;RUA JAIME BENEVOLO;;0;;Colis?úo Lateral;Luz do Dia;Bom;Seca;T;Sem?íforo;Comercial;0;0;1;1;0;0;0;0;0;0;0;0;-3,734476300000000;-38,524710000000000
311517;2;10;2017;08:15;15371;AV DOM LUIS;RUA PRO DIAS DA ROCHA;;0;;Colis?úo Transversal;Luz do Dia;Bom;Seca;Cruz;Pare;Comercial;0;0;2;0;1;1;0;0;0;0;0;0;-3,735087200000000;-38,491714000000000
311518;2;10;2017;10:19;0;RUA PDE IBIAPINA;;;1323;;Colis?úo Transversal;Luz do Dia;Bom;Seca;Meio de Quadra;N?úo H?í Controle;Comercial;0;0;2;1;0;0;0;0;0;0;0;0;-3,726835300000000;-38,540554000000000
311519;2;10;2017;10:34;0;AV HIS RAIMUNDO GIRAO;;;700;;Colis?úo Lateral;Luz do Dia;Bom;Seca;Meio de Quadra;Sem?íforo;Lazer;0;0;2;1;0;0;0;0;0;0;0;0;-3,721825800000000;-38,509090000000000
311520;2;10;2017;08:00;1712;RUA DJALMA PETIT;RUA CAP OLAVO;;0;;Colis?úo Transversal;Luz do Dia;Bom;Seca;Cruz;Pare;Residencial;0;1;1;1;0;0;0;0;0;1;0;0;-3,766221800000000;-38,515720000000000
311521;2;10;2017;13:33;0;RUA NOVA CONQUISTA (BONSUCESSO);;;300;;Colis?úo Transversal;Luz do Dia;Bom;Seca;Meio de Quadra;N?úo H?í Controle;Residencial;0;1;1;1;0;0;0;0;0;1;0;0;-3,796856000000000;-38,597073000000000
311522;2;10;2017;14:25;0;RUA JOAQUIM NABUCO;;;1800;;Colis?úo Traseira;Luz do Dia;Bom;Seca;Meio de Quadra;Sem?íforo;Comercial;0;1;2;0;0;0;0;0;0;1;0;0;-3,741003500000000;-38,503136000000000
311523;2;10;2017;13:40;1333;RUA MARIA TOMASIA;RUA BARBOSA DE FREITAS;;0;;Colis?úo Traseira;Luz do Dia;Bom;Seca;Cruz;Pare;Comercial;0;0;2;1;0;0;0;0;0;0;0;0;-3,735640000000000;-38,496983000000000
311524;2;10;2017;13:21;12496;AV LINEU MACHADO;AV CARNEIRO DE MENDONCA;;0;;Colis?úo Traseira;Luz do Dia;Bom;Seca;T;Sem?íforo;Residencial;0;1;1;0;0;0;0;0;0;1;0;0;-3,760870200000000;-38,574220000000000
311526;2;10;2017;15:50;0;RUA JOSE GASPAR;;;158;;Colis?úo Transversal;Luz do Dia;Bom;Seca;Cruz;Pare;Residencial;0;0;1;1;0;0;0;1;0;0;0;0;-3,773284700000000;-38,588340000000000
311527;2;10;2017;14:00;5406;RUA ANTONIO POMPEU;RUA PRC ISABEL;;0;;Colis?úo Transversal;Luz do Dia;Bom;Seca;Cruz;Pare;Comercial;0;0;2;1;0;0;0;0;0;0;0;0;-3,732633600000000;-38,537327000000000