COD_ACIDENTE;DIA;MES;ANO;HORA;INTERSECAO;LOG1;LOG2;LOG3;NUMERO;REFERENCIA;NATUREZA;ILUMINACAO;TEMPO;SUPERFICIEPISTA;TIPOCRUZAMENTO;CONTROLETRAFEGO;USOSOLO;MORTOS;FERIDOS;ILESOS;AUTOMOVEL;ONIBUS;BICICLETA;CAMINHAO;MICROONIBUS;CICLOMOTOR;MOTOCICLETA;TRACAOANIMAL;TREM;LATITUDE;LONGITUDE
311528;2;10;2017;14:28;5448;RUA METON DE ALENCAR;RUA BAR ARATANHA;;0;;Colis?úo Transversal;Luz do Dia;Bom;Seca;Cruz;Pare;Comercial;0;1;3;1;0;0;0;0;0;0;0;0;-3,734945800000000;-38,527010000000000
311529;2;10;2017;17:18;0;AV DEP PAULINO ROCHA;RUA E LOT CAJAZEIRAS II;;0;;Colis?úo Transversal;Luz do Dia;Bom;Seca;T;Pare;Comercial;0;0;2;1;0;0;0;0;0;0;0;0;-3,808067000000000;-38,508600000000000
311530;2;10;2017;19:24;0;AV DR THEBERGE;;;1367;;Colis?úo Lateral;Luz do Dia;Bom;Seca;Cruz;Sem?íforo;Comercial;0;0;2;1;0;0;0;0;0;1;0;0;-3,714645000000000;-38,564930000000000
311531;2;10;2017;19:19;0;AV JOSE BASTOS;;;3250;;Colis?úo Traseira;Via Iluminada;Bom;Seca;Meio de Quadra;Sem?íforo;Comercial;0;0;2;1;0;0;0;0;0;1;0;0;-3,748255500000000;-38,549057000000000
311532;2;10;2017;17:40;9312;RUA GAL MARIO HERMES;RUA ADOLFO B DE MENEZES;;0;;Capotamento;Via Iluminada;Bom;Seca;Cruz;Pare;Residencial;0;0;2;1;0;0;0;0;0;0;0;0;-3,714324000000000;-38,576576000000000
311533;2;10;2017;20:17;7887;AV DES MOREIRA;RUA ASSIS CHATEAUBRIAND;;0;;Colis?úo Traseira;Via Iluminada;Bom;Seca;T;Pare;Comercial;0;0;2;1;0;0;0;0;0;0;0;0;-3,746618500000000;-38,501846000000000
311534;2;10;2017;19:14;0;RUA CARLOS CAMARA;RUA TIRADENTES;;0;;Colis?úo Lateral;Luz do Dia;Bom;Seca;Cruz;Pare;Residencial;0;1;1;1;0;0;0;0;0;1;0;0;-3,747043100000000;-38,543007000000000
311535;2;10;2017;21:05;0;AV LINEU MACHADO;;;848;;Colis?úo Transversal;Via Iluminada;Bom;Seca;Cruz;D?¬ Prefer?¬ncia;Comercial;0;0;2;1;0;0;0;0;0;0;0;0;-3,767457500000000;-38,577713000000000
311547;2;10;2017;16:36;10002;AV H CJ CEARA;RUA AIRES DA CUNHA;;0;;Colis?úo Lateral;Luz do Dia;Bom;Seca;T;Pare;Residencial;0;0;2;0;1;0;0;0;0;0;0;0;-3,774819600000000;-38,603620000000000
315744;2;10;2017;16:30;0;RD BR 116;;;3000;KM-03;Choque c/ Obst?ículo Fixo;Luz do Dia;Bom;Seca;Meio de Quadra;;;0;0;1;0;0;0;1;0;0;0;0;0;-3,779838000000000;-38,514372000000000
311548;3;10;2017;14:54;5045;AV FILOMENO GOMES;RUA SAO PAULO;;0;;Colis?úo Lateral;Luz do Dia;Bom;Seca;Cruz;Sem?íforo;Comercial;0;0;2;1;0;0;0;0;0;0;0;0;-3,721553600000000;-38,541320000000000
311549;3;10;2017;15:53;0;RUA SEN POMPEU;;;1127;;Colis?úo Traseira;Luz do Dia;Bom;Seca;Meio de Quadra;Sem?íforo;Comercial;0;0;2;1;0;0;0;0;0;0;0;0;-3,728553800000000;-38,530125000000000
311550;3;10;2017;16:25;0;RUA BERNARDO MANUEL;;;8297;;Colis?úo Lateral;Luz do Dia;Bom;Seca;Meio de Quadra;N?úo H?í Controle;Comercial;0;1;1;1;0;0;0;0;0;0;0;0;-3,792147600000000;-38,549442000000000
311552;3;10;2017;17:02;3903;AV JOAO PESSOA;RUA PDE CICERO;;0;;Colis?úo Lateral;Luz do Dia;Bom;Seca;Cruz;Sem?íforo;Comercial;0;0;2;1;0;0;0;0;0;0;0;0;-3,745921100000000;-38,543490000000000
311553;3;10;2017;19:55;0;AV ALBERTO CRAVEIRO;;;0;;Atropelamento;Via Iluminada;Bom;Seca;Meio de Quadra;N?úo H?í Controle;Residencial;0;1;1;1;0;0;0;0;0;0;0;0;-3,803418400000000;-38,521850000000000
311554;3;10;2017;21:11;0;RUA MON FURTADO;;;1781;;Colis?úo Lateral;Via Iluminada;Bom;Seca;Outros;Pare;Residencial;0;1;1;1;0;0;0;0;0;1;0;0;-3,752237800000000;-38,554830000000000
311555;3;10;2017;19:50;5777;RUA JOSE A CAVALCANTE;RUA CHICO LEMOS;;0;;Colis?úo Transversal;Via Iluminada;Bom;Seca;Cruz;Pare;Residencial;0;0;2;1;0;0;0;0;0;0;0;0;-3,790994200000000;-38,499430000000000
311556;3;10;2017;18:20;0;RUA FIRMINO ROCHA AGUIAR;;;1010;;Colis?úo Lateral;Via Iluminada;Bom;Seca;Meio de Quadra;N?úo H?í Controle;Residencial;0;0;2;1;1;0;0;0;0;0;0;0;-3,763167900000000;-38,485340000000000
311546;3;10;2017;13:20;0;BC CON CASTRO (VL. PERY);RUA JOAO AMORA;;0;;Colis?úo Traseira;Luz do Dia;Bom;Seca;Duplo T;Sem?íforo;Comercial;0;0;2;1;1;0;0;0;0;0;0;0;-3,799513800000000;-38,587055000000000
311536;3;10;2017;08:52;0;AV PRS CASTELO BRANCO;;;0;;Colis?úo Traseira;Luz do Dia;Bom;Seca;Meio de Quadra;N?úo H?í Controle;Lazer;0;0;2;1;0;0;0;0;0;1;0;0;-3,720631000000000;-38,528940000000000
311537;3;10;2017;08:53;0;RUA CON DE CASTRO;RUA PLACIDO DE CASTRO;;0;;Colis?úo Lateral;Luz do Dia;Bom;Seca;Y;N?úo H?í Controle;Residencial;0;1;1;1;0;0;0;0;0;1;0;0;-3,793778000000000;-38,581627000000000
311538;3;10;2017;09:11;0;RUA ANDRADE FURTADO;AV CENTRAL;;0;;Colis?úo Traseira;Luz do Dia;Bom;Seca;T;Pare;Lazer;0;2;1;1;0;0;0;0;0;1;0;0;-3,748813000000000;-38,471100000000000
311539;3;10;2017;10:21;8950;AV BEZERRA DE MENEZES;RUA RUBIA SAMPAIO;;0;;Colis?úo Lateral;Luz do Dia;Bom;Seca;T;Sem?íforo;Comercial;0;0;2;1;0;0;0;0;0;0;0;0;-3,730761000000000;-38,540180000000000
311540;3;10;2017;10:28;0;RUA ANA BILHAR;;;522;;Engavetamento;Luz do Dia;Bom;Seca;Cruz;D?¬ Prefer?¬ncia;Residencial;0;0;3;1;0;0;0;0;0;0;0;0;-3,729486700000000;-38,495410000000000
311541;3;10;2017;09:03;0;AV AGUANAMBI;;;1518;;Colis?úo Lateral;Luz do Dia;Bom;Seca;Meio de Quadra;N?úo H?í Controle;Comercial;0;1;0;1;0;0;0;0;0;1;0;0;-3,750047700000000;-38,523865000000000
311542;3;10;2017;10:36;0;AV GAL OSORIO DE PAIVA;;;857;;Colis?úo Lateral;Luz do Dia;Bom;Seca;T;Sem?íforo;Comercial;0;0;2;1;0;0;0;0;0;0;0;0;-3,777874700000000;-38,570004000000000
311543;3;10;2017;11:00;0;RUA FREDERICO BORGES;;;592;;Colis?úo Transversal;Luz do Dia;Bom;Seca;Meio de Quadra;N?úo H?í Controle;Comercial;0;0;2;1;0;0;0;0;0;0;0;0;-3,734865000000000;-38,489212000000000
311544;3;10;2017;11:33;0;RUA JORGE DUMAR;;;1940;;Colis?úo Lateral;Luz do Dia;Bom;Seca;Meio de Quadra;N?úo H?í Controle;Comercial;0;1;1;0;0;0;0;0;0;1;0;0;-3,753070800000000;-38,539460000000000
311578;3;10;2017;11:06;0;AV DOM LUIS;;;350;;Colis?úo Traseira;Luz do Dia;Bom;Seca;Meio de Quadra;N?úo H?í Controle;Comercial;0;0;3;1;0;0;0;0;0;0;0;0;-3,733097000000000;-38,498016000000000
313735;3;10;2017;07:05;15792;RUA CEL FRANCISCO PEREIRA (MESSEJANA);RUA PERGENTINO MAIA;;0;;Colis?úo;Luz do Dia;;;Cruz;Pare;Comercial;0;1;0;1;0;0;0;0;0;1;0;0;-3,830868000000000;-38,492803000000000
313736;3;10;2017;07:42;0;AV GAL OSORIO DE PAIVA;;;4747;;Colis?úo;Luz do Dia;;;Meio de Quadra;;;0;1;0;1;0;0;0;0;0;1;0;0;-3,800555000000000;-38,598026000000000
313739;3;10;2017;08:30;0;AV SANTOS DUMONT;;;7600;;Colis?úo;Luz do Dia;;;Meio de Quadra;;;0;1;0;1;0;0;0;0;0;1;0;0;-3,746789000000000;-38,465700000000000
313742;3;10;2017;09:19;0;AV DIOGUINHO;;;0;;Colis?úo;Luz do Dia;;;Meio de Quadra;;;0;1;0;0;0;0;0;0;0;0;0;0;;
313746;3;10;2017;09:19;0;AV DIOGUINHO;;;0;;Colis?úo;Luz do Dia;;;Meio de Quadra;;;0;1;0;0;0;0;0;0;0;0;0;0;;
313747;3;10;2017;10:19;0;AV WASHINGTON SOARES;;;0;;Colis?úo;Luz do Dia;;;Meio de Quadra;;;0;1;0;0;0;0;1;0;0;1;0;0;;
313748;3;10;2017;11:15;0;RUA BENI DE CARVALHO;;;183;;Colis?úo;Luz do Dia;;;Meio de Quadra;;;0;1;0;1;0;0;0;0;0;1;0;0;-3,744715000000000;-38,499009000000000
313750;3;10;2017;11:21;0;AV JOSE LEON;;;2255;;Atropelamento;Luz do Dia;;;Meio de Quadra;;;0;1;0;0;0;0;0;0;0;1;0;0;-3,790244000000000;-38,491489000000000
313752;3;10;2017;11:50;0;VL JOAO XXIII;;;1878;;Atropelamento;Luz do Dia;;;Meio de Quadra;;;0;1;0;1;0;0;0;0;0;0;0;0;;
313761;3;10;2017;13:42;0;AV DOS EXPEDICIONARIOS;;;3080;;Colis?úo;Luz do Dia;;;Meio de Quadra;;;0;1;0;1;0;0;0;0;0;1;0;0;-3,745629000000000;-38,535330000000000
313765;3;10;2017;13:48;22076;RUA FRE MARCELINO;RUA ANTONIO MARTINS;;0;;Colis?úo;Luz do Dia;;;Cruz;Pare;Residencial;0;1;0;1;0;0;0;0;0;1;0;0;-3,750028000000000;-38,558114000000000
313771;3;10;2017;14:00;0;RUA CON LIMA SUCUPIRA;;;0;;Queda;Luz do Dia;;;Meio de Quadra;;;0;0;1;0;0;0;0;0;0;1;0;0;;
313773;3;10;2017;14:44;0;AV RECREIO D64;;;0;;Colis?úo;Luz do Dia;;;Meio de Quadra;;;0;1;0;0;0;0;0;0;0;0;0;0;;
313774;3;10;2017;15:06;0;AV UM (PLANALTO AIRTON SENA);;;888;;Colis?úo;Luz do Dia;;;Meio de Quadra;;;0;1;0;0;0;0;0;0;0;0;0;0;;
313776;3;10;2017;15:09;0;RUA CON DE CASTRO;;;5494;;Colis?úo;Luz do Dia;;;Meio de Quadra;;;0;1;0;1;0;0;0;0;0;1;0;0;-3,811381000000000;-38,597106000000000
313777;3;10;2017;15:20;0;RUA BERNARDO MANUEL;;;8297;;Colis?úo;Luz do Dia;;;Meio de Quadra;;;0;1;0;1;0;0;1;0;0;0;0;0;-3,791601000000000;-38,549248000000000
313780;3;10;2017;15:21;0;AV CARNEIRO DE MENDONCA;;;0;;Colis?úo;Luz do Dia;;;Meio de Quadra;;;0;1;0;1;0;1;0;0;0;0;0;0;;
313782;3;10;2017;17:33;0;AV SGT HERMINIO SAMPAIO;;;3485;;Colis?úo;Anoitecer;;;Meio de Quadra;;;0;1;0;0;0;0;0;0;0;1;0;0;-3,728540000000000;-38,571759000000000
313792;3;10;2017;18:40;0;AV WASHINGTON SOARES;;;0;;Colis?úo;;;;Meio de Quadra;;;0;2;0;1;0;0;0;0;0;1;0;0;;
313793;3;10;2017;19:32;0;AV ALBERTO CRAVEIRO;;;2706;;Atropelamento;;;;Meio de Quadra;;;0;1;0;1;0;0;0;0;0;0;0;0;-3,803464000000000;-38,521745000000000
313794;3;10;2017;19:34;0;AV CEL CARVALHO;;;1700;;Colis?úo;;;;Meio de Quadra;;;0;1;0;0;0;0;0;0;0;1;0;0;-3,717592000000000;-38,587919000000000
313795;3;10;2017;20:16;0;RUA SEN POMPEU;;;2030;;Queda;;;;Meio de Quadra;;;0;2;0;0;0;0;0;0;0;1;0;0;-3,736333000000000;-38,532478000000000
313796;3;10;2017;20:44;0;RUA ALBERTO MAGNO;;;376;;Atropelamento;;;;Meio de Quadra;;;0;1;0;1;0;0;0;0;0;0;0;0;;
313797;3;10;2017;22:59;0;RUA PRO LINO ENCARNACAO;;;380;;Colis?úo;;;;Meio de Quadra;;;0;1;0;1;0;0;0;0;0;1;0;0;-3,738433000000000;-38,561217000000000
313784;3;10;2017;17:42;0;RUA ESPIRITO SANTO;;;385;;Colis?úo;Anoitecer;;;Meio de Quadra;;;0;1;0;1;0;0;0;0;0;1;0;0;-3,751804000000000;-38,567474000000000
313785;3;10;2017;18:02;0;RUA BERNARDO MANUEL;;;7540;;Queda;Anoitecer;;;Meio de Quadra;;;0;1;0;0;0;0;0;0;0;1;0;0;-3,784181000000000;-38,546959000000000
313789;3;10;2017;18:06;17347;RUA ALBERTO MAGNO;RUA IRM BAZET;;0;;Colis?úo;Anoitecer;;;Cruz;Pare;Comercial;0;1;0;0;0;0;0;0;0;1;0;0;-3,765502000000000;-38,550525000000000
313790;3;10;2017;18:10;0;AV SEN FERNANDES TAVORA;;;0;;Atropelamento;Anoitecer;;;Meio de Quadra;;;0;1;0;0;0;0;0;0;0;1;0;0;;
313564;3;10;2017;14:40;0;RD CE-040;;;0;KM-07;Colis?úo;Luz do Dia;Bom;Seca;Meio de Quadra;;;0;0;2;1;0;0;0;0;0;0;0;0;-3,817159445000000;-38,483032860000000
313565;3;10;2017;20:30;0;RD CE-040;;;0;KM-10;Colis?úo;;Bom;Seca;Meio de Quadra;;;0;0;2;1;0;0;0;0;0;0;0;0;-3,826396000000000;-38,481790000000000
313561;3;10;2017;08:50;0;RD CE-040;;;0;KM-04;Colis?úo;Luz do Dia;Bom;Seca;Meio de Quadra;;;0;0;3;1;0;0;0;0;0;0;0;0;-3,791613156000000;-38,480330840000000
304619;3;10;2017;20:50;0;RUA MARIO MAMEDE;;;528;;Colis?úo Lateral;Via Iluminada;Bom;Seca;Meio de Quadra;Outros;Residencial;0;0;2;1;0;0;1;0;0;0;0;0;-3,753898000000000;-38,526024000000000
304623;3;10;2017;20:15;0;RUA CON LIMA SUCUPIRA;;;1577;;Colis?úo Lateral;Via Iluminada;Bom;Seca;Meio de Quadra;N?úo H?í Controle;Residencial;0;0;2;0;1;0;1;0;0;0;0;0;-3,778651000000000;-38,549307000000000
304628;3;10;2017;18:10;0;AV JOSE BASTOS;;;0;;Colis?úo Lateral;Via Iluminada;Bom;Seca;Meio de Quadra;N?úo H?í Controle;Comercial;0;0;3;1;0;0;0;0;0;0;0;0;;
304638;3;10;2017;18:10;9153;AV 13 DE MAIO;RUA PAULA RODRIGUES;;0;;Colis?úo Transversal;Via Iluminada;Bom;Seca;T;Sem?íforo;Comercial;0;0;2;1;0;0;0;0;0;0;0;0;-3,752271000000000;-38,525876000000000
304646;3;10;2017;19:45;0;AV DOM MANUEL;;;599;;Colis?úo Lateral;Via Iluminada;Bom;Seca;Meio de Quadra;N?úo H?í Controle;Comercial;0;0;2;1;0;0;0;0;0;0;0;0;-3,729339000000000;-38,521423000000000
304832;3;10;2017;16:07;0;AV GAL OSORIO DE PAIVA;;;1600;;Colis?úo Lateral;Luz do Dia;Bom;Seca;Meio de Quadra;Pare;Comercial;0;2;0;1;0;0;0;0;0;1;0;0;-3,781511000000000;-38,575796000000000
304864;4;10;2017;08:40;0;RUA ARACAJU;;;1582;;Colis?úo Lateral;Luz do Dia;Bom;Seca;Meio de Quadra;Outros;Residencial;0;2;0;1;0;0;1;0;0;0;0;0;-3,765847000000000;-38,590741000000000
304794;4;10;2017;11:20;0;AV JOSE BASTOS;;;0;;Colis?úo Lateral;Luz do Dia;Bom;Seca;Meio de Quadra;Sem?íforo Intermitente;Comercial;0;2;1;1;0;0;0;0;0;1;0;0;;
304795;4;10;2017;11:35;0;RUA MIN ALBUQUERQUE LIMA;;;1007;;Colis?úo Lateral;Luz do Dia;Bom;Seca;Meio de Quadra;N?úo H?í Controle;Residencial;0;0;2;1;1;0;0;0;0;0;0;0;-3,770894000000000;-38,603567000000000
304797;4;10;2017;14:00;0;AV H CJ CEARA;;;2280;;Colis?úo Lateral;Luz do Dia;Bom;Seca;Meio de Quadra;Pare;Residencial;0;1;1;0;0;0;1;0;0;1;0;0;-3,776683000000000;-38,618124000000000
304798;4;10;2017;00:16;6721;AV ENG SANTANA JUNIOR;RUA BENTO ALBUQUERQUE;;0;;Colis?úo Transversal;Via Iluminada;Bom;Seca;Cruz;Sem?íforo;Misto;0;1;2;1;0;0;0;0;0;1;0;0;-3,742678000000000;-38,486538000000000
304799;4;10;2017;07:50;19599;RUA NEREU RAMOS;RUA MONACO;;0;;Colis?úo Transversal;Luz do Dia;Bom;Seca;Cruz;Pare;Comercial;0;0;2;1;0;0;0;0;0;0;0;0;-3,786229000000000;-38,569609000000000
304800;4;10;2017;14:10;0;AV VIENA WEYNE;;;740;;Colis?úo Transversal;Luz do Dia;Bom;Seca;Meio de Quadra;N?úo H?í Controle;Residencial;0;0;2;1;0;0;0;0;0;0;0;0;-3,801376000000000;-38,487226000000000
304801;4;10;2017;13:15;0;RUA DES EURICO MONTEIRO;;;110;;Colis?úo Traseira;Luz do Dia;Bom;Seca;Meio de Quadra;N?úo H?í Controle;Residencial;0;0;2;1;0;0;0;0;0;0;0;0;-3,780818000000000;-38,499520000000000
304803;4;10;2017;01:15;24286;RUA PEREIRA VALENTE;RUA CASTRO MONTE;;0;;Colis?úo Transversal;Via Iluminada;Bom;Seca;Cruz;Pare;Misto;0;1;1;1;0;0;0;0;0;1;0;0;-3,734725000000000;-38,485966000000000
313574;4;10;2017;05:35;0;RD CE-025;;;0;KM-03;Atropelamento;Amanhecer;Bom;Seca;Meio de Quadra;;;0;1;1;1;0;0;0;0;0;0;0;0;-3,805889179000000;-38,452246560000000
313583;4;10;2017;07:50;0;RD CE-040;;;0;KM-07;Colis?úo;Luz do Dia;Bom;Seca;Meio de Quadra;;;0;1;1;0;0;0;0;0;0;1;0;0;-3,817159445000000;-38,483032860000000
313680;4;10;2017;11:00;0;AV SEN CARLOS JEREISSATI (AEROPORTO);;;0;KM 01;Colis?úo;Luz do Dia;Bom;Seca;Meio de Quadra;;;0;0;2;1;1;0;0;0;0;0;0;0;-3,783753000000000;-38,526850000000000
313806;4;10;2017;12:11;0;RUA GAL SILVA JUNIOR;;;276;;Queda;Luz do Dia;;;Meio de Quadra;;;0;1;0;0;0;0;0;0;0;1;0;0;-3,753640000000000;-38,530219000000000
313801;4;10;2017;00:29;0;RUA PILOTO D46;;;642;;Atropelamento;;;;Meio de Quadra;;;0;1;0;1;0;0;0;0;0;0;0;0;-3,766075000000000;-38,509969000000000
313802;4;10;2017;07:12;0;AV SEN CARLOS JEREISSATI (AEROPORTO);;;0;;Queda;Luz do Dia;;;Meio de Quadra;;;0;1;0;0;0;0;0;0;0;1;0;0;;
313803;4;10;2017;07:40;0;RUA SILVA PAULET;;;1801;;Colis?úo;Luz do Dia;;;Meio de Quadra;;;0;1;0;1;1;0;0;0;0;0;0;0;-3,740849000000000;-38,507485000000000
313804;4;10;2017;07:57;3809;AV CARAPINIMA;RUA PDE FRANCISCO PINTO;;0;;Colis?úo;Luz do Dia;;;Duplo T;N?úo H?í Controle;Comercial;0;2;0;0;0;1;0;0;0;1;0;0;-3,741723000000000;-38,541958000000000
313827;4;10;2017;13:20;0;RUA ANITA GARIBALDI;;;0;;Colis?úo;Luz do Dia;;;Meio de Quadra;;;0;1;0;1;0;0;0;0;0;1;0;0;;
313824;4;10;2017;12:27;0;RUA PERNAMBUCO;;;3241;;Colis?úo;Luz do Dia;;;Meio de Quadra;;;0;1;0;0;0;0;0;0;0;1;0;0;-3,748119000000000;-38,581194000000000
313831;4;10;2017;14:13;0;AV MR HULL;;;4770;;Colis?úo;Luz do Dia;;;Meio de Quadra;;;0;1;0;1;0;0;0;0;0;1;0;0;-3,739015000000000;-38,587260000000000
313833;4;10;2017;14:13;0;AV SGT HERMINIO SAMPAIO;;;4660;;Colis?úo;Luz do Dia;;;Meio de Quadra;;;0;1;2;1;0;0;0;0;0;1;0;0;-3,732353000000000;-38,581359000000000
313841;4;10;2017;;0;AV JOAO DE ARAUJO LIMA;;;2328;;Queda;;;;Meio de Quadra;;;0;1;0;0;0;1;0;0;0;0;0;0;-3,842157000000000;-38,562601000000000
313842;4;10;2017;17:46;0;AV FRANCISCO SA;;;2815;;Colis?úo;Anoitecer;;;Meio de Quadra;;;0;1;0;1;0;0;0;0;0;1;0;0;-3,719654000000000;-38,550579000000000
313843;4;10;2017;18:15;5322;AV IMPERADOR;AV DUQ CAXIAS;;0;;;Anoitecer;;;Cruz;Sem?íforo;Comercial;0;1;0;1;0;0;0;0;0;1;0;0;-3,730048000000000;-38,535297000000000
313846;4;10;2017;19:50;0;AV FRANCISCO SA;;;3466;;Atropelamento;;;;Meio de Quadra;;;0;1;0;1;0;0;0;0;0;0;0;0;-3,717710800000000;-38,556491800000000
313847;4;10;2017;20:20;0;AV DOS EXPEDICIONARIOS;;;3826;;Atropelamento;;;;Meio de Quadra;;;0;1;0;1;0;0;0;0;0;0;0;0;-3,752015000000000;-38,537256000000000
313838;4;10;2017;16:26;22087;RUA PRO COSTA MENDES;RUA CAP FRANCISCO PEDRO;;0;;Colis?úo;Luz do Dia;;;Cruz;Sem?íforo;Residencial;0;1;0;0;0;0;0;0;0;0;0;0;-3,750337000000000;-38,551734000000000
313839;4;10;2017;17:29;0;RUA NAT FEIJO;;;256;;Queda;Anoitecer;;;Meio de Quadra;;;0;1;0;0;0;0;0;0;0;1;0;0;-3,722747000000000;-38,551086000000000
313850;4;10;2017;20:27;10175;AV I CJ CEARA;AV H CJ CEARA;;0;;Colis?úo;;;;T;N?úo H?í Controle;Residencial;0;1;0;0;0;0;0;0;0;1;0;0;-3,774525000000000;-38,601560000000000
313851;4;10;2017;21:30;0;AV MR HULL;;;0;;Atropelamento;;Bom;Seca;Meio de Quadra;;;0;2;0;0;0;0;0;0;0;1;0;0;;
313853;4;10;2017;21:40;5070;RUA BORIS;RUA JOSE AVELINO;;0;;Colis?úo;;;;Cruz;N?úo H?í Controle;Comercial;0;1;0;1;0;0;0;0;0;1;0;0;-3,722288000000000;-38,521029000000000
311574;4;10;2017;18:25;24271;RUA PEREIRA VALENTE;RUA 8 DE SETEMBRO;;0;;Colis?úo Transversal;Via Iluminada;Bom;Seca;Cruz;Pare;Residencial;0;1;1;1;0;0;0;0;0;1;0;0;-3,734801500000000;-38,487156000000000
311575;4;10;2017;21:03;5188;RUA TEN BENEVOLO;RUA NOGUEIRA ACIOLI;;0;;Colis?úo Lateral;Via Iluminada;Bom;Seca;Cruz;Pare;Residencial;0;1;1;1;0;0;0;0;0;1;0;0;-3,725741400000000;-38,515560000000000
311586;4;10;2017;16:40;0;RUA CEL FRANCISCO PEREIRA (MESSEJANA);;;12;;Colis?úo Traseira;Luz do Dia;Bom;Seca;Meio de Quadra;N?úo H?í Controle;Comercial;0;0;2;1;1;0;0;0;0;0;0;0;-3,829122500000000;-38,492653000000000
311566;4;10;2017;13:42;4219;RUA DR ALMEIDA FILHO;RUA BAR CRATO;;0;;Colis?úo Lateral;Luz do Dia;Bom;Seca;Cruz;Pare;Residencial;0;0;2;1;0;0;0;0;0;0;0;0;-3,721273200000000;-38,559586000000000
311567;4;10;2017;13:54;0;RUA DEP MOREIRA DA ROCHA;;;1183;;Colis?úo Traseira;Luz do Dia;Bom;Seca;Meio de Quadra;N?úo H?í Controle;Comercial;0;0;2;1;0;0;0;0;0;0;0;0;-3,727752000000000;-38,502610000000000
311568;4;10;2017;14:21;0;AV CARAPINIMA;;;2200;SHOPPING BENFICA;Colis?úo Lateral;Luz do Dia;Bom;Seca;Meio de Quadra;;;0;2;1;0;1;0;0;0;0;1;0;0;-3,739887500000000;-38,540035000000000
311569;4;10;2017;16:52;14585;AV EDILSON B SOARES;RUA NUBIA BARROCAS;;0;;Colis?úo Transversal;Luz do Dia;Bom;Seca;Cruz;Pare;Comercial;0;0;2;1;0;0;0;0;0;0;0;0;-3,789629000000000;-38,482090000000000
311570;4;10;2017;15:45;6724;AV SANTOS DUMONT;AV ENG SANTANA JUNIOR;;0;;Colis?úo Lateral;Luz do Dia;Bom;Seca;T;N?úo H?í Controle;Comercial;0;0;2;1;0;0;0;0;0;0;0;0;-3,740498000000000;-38,485447000000000
311571;4;10;2017;16:30;0;AV PDE ANTONIO TOMAS;;;3380;;Colis?úo Traseira;Luz do Dia;Bom;Seca;Meio de Quadra;Sem?íforo;Residencial;0;0;2;1;0;0;0;0;0;0;0;0;-3,746104200000000;-38,481655000000000
311572;4;10;2017;19:40;15347;AV DOM LUIS;RUA TIBURCIO CAVALCANTE;;0;;Colis?úo Lateral;Via Iluminada;Bom;Seca;T;Sem?íforo;Comercial;0;0;2;1;1;0;0;0;0;0;0;0;-3,732023200000000;-38,501120000000000
311557;4;10;2017;01:04;10793;RUA PRO HERIBALDO COSTA;RUA PORTO ALEGRE;;0;;Colis?úo Transversal;Via Iluminada;Bom;Seca;Cruz;Pare;Residencial;0;1;1;0;0;0;0;0;0;1;0;0;-3,762989300000000;-38,585503000000000
311558;4;10;2017;07:10;0;AV ANTONIO SALES;;;3443;;Colis?úo Lateral;Luz do Dia;Bom;Seca;Meio de Quadra;N?úo H?í Controle;Residencial;0;0;2;1;0;0;0;0;0;0;0;0;-3,748618000000000;-38,491814000000000
311559;4;10;2017;07:41;3881;RUA MAL DEODORO;RUA ADOLFO HERBSTER;;0;;Colis?úo Lateral;Luz do Dia;Bom;Seca;T;N?úo H?í Controle;Residencial;0;1;2;1;0;0;0;0;0;1;0;0;-3,746674300000000;-38,538258000000000
311560;4;10;2017;08:39;0;RUA JULIO VERNE;;;210;;Colis?úo Traseira;Luz do Dia;Bom;Seca;Meio de Quadra;N?úo H?í Controle;Residencial;0;0;2;1;1;0;0;0;0;0;0;0;-3,775916000000000;-38,551422000000000
311561;4;10;2017;09:28;22353;AV BEZERRA DE MENEZES;RUA AMADEU FURTADO;;0;;Engavetamento;Luz do Dia;Bom;Seca;Cruz;Sem?íforo;Comercial;0;0;3;1;0;0;0;0;0;0;0;0;-3,735575000000000;-38,563800000000000
311562;4;10;2017;09:52;10772;RUA PRO HERIBALDO COSTA;RUA FLORIANOPOLIS;;0;;Colis?úo Transversal;Luz do Dia;Bom;Seca;Cruz;Pare;Residencial;0;2;0;0;0;0;0;0;0;1;0;0;-3,761907800000000;-38,584957000000000
311563;4;10;2017;09:57;0;AV PRS CASTELO BRANCO;;;2031;;Colis?úo Lateral;Luz do Dia;Bom;Seca;Meio de Quadra;Sem?íforo;Comercial;0;0;1;1;0;0;0;1;0;0;0;0;-3,714640600000000;-38,545860000000000
311564;4;10;2017;10:30;1312;AV DOM LUIS;RUA LEONARDO MOTA;;0;;Colis?úo Traseira;Luz do Dia;Bom;Seca;Cruz;Sem?íforo;Comercial;0;1;1;1;0;0;0;0;0;1;0;0;-3,733821200000000;-38,495388000000000
311577;4;10;2017;22:00;0;RUA 7 NOVO MONDUBIM;;;13;;Colis?úo Transversal;Mal Iluminada;Bom;Seca;Meio de Quadra;N?úo H?í Controle;Residencial;0;1;1;1;0;0;0;0;0;1;0;0;-3,826566700000000;-38,562675000000000