COD_ACIDENTE;DIA;MES;ANO;HORA;INTERSECAO;LOG1;LOG2;LOG3;NUMERO;REFERENCIA;NATUREZA;ILUMINACAO;TEMPO;SUPERFICIEPISTA;TIPOCRUZAMENTO;CONTROLETRAFEGO;USOSOLO;MORTOS;FERIDOS;ILESOS;AUTOMOVEL;ONIBUS;BICICLETA;CAMINHAO;MICROONIBUS;CICLOMOTOR;MOTOCICLETA;TRACAOANIMAL;TREM;LATITUDE;LONGITUDE
311609;6;10;2017;11:10;0;AV JULIO VENTURA;RUA DR JOSE LOURENCO;;0;;Colis?úo Lateral;Luz do Dia;Bom;Seca;Cruz;Sem?íforo;Comercial;0;0;1;1;0;0;0;0;0;1;0;0;-3,738753300000000;-38,508980000000000
311610;6;10;2017;11:20;7897;RUA HENRIQUETA GALENO;RUA MON CATAO;;0;;Colis?úo Lateral;Luz do Dia;Bom;Seca;Cruz;N?úo H?í Controle;Residencial;0;0;2;1;0;0;0;0;0;0;0;0;-3,747261800000000;-38,493480000000000
311611;6;10;2017;12:30;21590;RUA RAIMUNDO NERY;RUA COM GARCIA;;0;;Colis?úo Transversal;Luz do Dia;Bom;Seca;Cruz;Pare;Residencial;0;0;2;1;0;0;0;0;0;0;0;0;-3,795915000000000;-38,585777000000000
311612;6;10;2017;12:00;0;AV DOMINGOS OLIMPIO;;;1021;;Colis?úo Traseira;Luz do Dia;Bom;Seca;Meio de Quadra;N?úo H?í Controle;Comercial;0;0;2;0;1;0;0;0;0;0;0;0;-3,736033200000000;-38,532764000000000
311613;6;10;2017;12:30;0;AV DUQ CAXIAS;;;519;;Colis?úo Traseira;Luz do Dia;Bom;Seca;Meio de Quadra;N?úo H?í Controle;Comercial;0;0;2;1;0;0;0;0;0;0;0;0;-3,732144400000000;-38,529358000000000
311614;6;10;2017;14:20;5091;RUA CASTRO E SILVA;RUA GAL SAMPAIO;;0;;Colis?úo Traseira;Luz do Dia;Bom;Seca;Cruz;Sem?íforo;Comercial;0;0;1;1;0;0;0;0;0;0;0;0;-3,722904700000000;-38,529600000000000
311615;6;10;2017;08:15;0;RUA ITAJAI;RUA JOSE ABILIO;;0;;Colis?úo Lateral;Luz do Dia;Bom;Seca;Cruz;Pare;Residencial;0;1;1;0;1;0;0;0;0;1;0;0;-3,784553500000000;-38,596004000000000
315755;6;10;2017;18:35;0;RD BR 116;;;10000;KM-10;Colis?úo Lateral;;Bom;Seca;Meio de Quadra;;;0;1;1;0;1;0;0;0;0;1;0;0;-3,834435000000000;-38,503373000000000
315309;7;10;2017;22:16;0;AV DR SILAS MUNGUBA;;;0;;Atropelamento;;;;Meio de Quadra;;;0;1;0;0;0;0;0;0;0;1;0;0;;
315287;7;10;2017;22:01;0;AV PRS COSTA E SILVA;;;591;;Colis?úo;;;;Meio de Quadra;;;0;1;1;1;0;0;0;0;0;1;0;0;-3,821874000000000;-38,555754000000000
315275;7;10;2017;21:52;0;AV GAL OSORIO DE PAIVA;;;0;;Atropelamento;;;;Meio de Quadra;;;0;1;0;0;0;0;0;0;0;1;0;0;;
315251;7;10;2017;20:27;0;AV PERIMETRAL;;;0;;Colis?úo;;;;Meio de Quadra;;;0;2;0;0;0;0;0;0;0;1;0;0;;
315328;7;10;2017;23:30;0;RUA BEIRA RIO;;;700;;Colis?úo;;;;Meio de Quadra;;;0;1;0;0;0;0;0;0;0;0;0;0;;
315323;7;10;2017;23:07;0;AV VIENA WEYNE;;;691;LAGO JACAREY;Colis?úo;;;;Meio de Quadra;;;0;1;0;1;0;1;0;0;0;0;0;0;-3,801314000000000;-38,487684000000000
315326;7;10;2017;23:23;0;RUA TEBAS;;;358;;Colis?úo;;;;Meio de Quadra;;;0;1;0;1;0;0;0;0;0;1;0;0;;
305934;7;10;2017;17:15;0;AV PRS CASTELO BRANCO;;;5673;;Colis?úo;Anoitecer;;;Meio de Quadra;;;1;0;1;1;0;1;0;0;0;0;0;0;-3,702996000000000;-38,581464000000000
315144;7;10;2017;09:07;0;RUA PERGENTINO MAIA;;;423;;Colis?úo;Luz do Dia;;;Meio de Quadra;;;0;1;0;1;0;1;0;0;0;0;0;0;-3,831063000000000;-38,491333000000000
315149;7;10;2017;10:14;0;RD BR 116;;;5000;KM-05;Colis?úo Traseira;Luz do Dia;Bom;Seca;Meio de Quadra;;;0;2;1;1;0;0;0;0;0;1;0;0;-3,796502000000000;-38,506787000000000
315160;7;10;2017;10:35;0;RUA SAO CIPRIANO;;;1092;;Queda;Luz do Dia;;;Meio de Quadra;;;0;1;0;0;0;0;0;0;0;1;0;0;-3,817748000000000;-38,522694000000000
315166;7;10;2017;10:44;0;RUA FLORO BARTOLOMEU;;;0;;Colis?úo;Luz do Dia;;;Meio de Quadra;;;0;1;0;1;0;0;0;0;0;1;0;0;;
315169;7;10;2017;10:57;0;RUA RIO GRANDE DO SUL;;;2044;;Queda;Luz do Dia;;;Meio de Quadra;;;0;1;0;0;0;0;0;0;0;1;0;0;-3,765495000000000;-38,571510000000000
315172;7;10;2017;11:03;0;AV BEZERRA DE MENEZES;;;0;;Atropelamento;Luz do Dia;;;Meio de Quadra;;;0;1;0;0;1;0;0;0;0;0;0;0;;
315179;7;10;2017;12:43;0;AV PONTES VIEIRA;;;0;;Colis?úo;Luz do Dia;;;Meio de Quadra;;;0;1;0;1;0;0;0;0;0;1;0;0;;
315180;7;10;2017;12:49;25070;AV DOS EXPEDICIONARIOS;RUA ALM RUFINO;;0;;Colis?úo;Luz do Dia;;;Cruz;Sem?íforo;Comercial;0;1;0;1;0;0;0;0;0;1;0;0;-3,765289000000000;-38,541286000000000
315175;7;10;2017;12:15;0;AV GOV PARSIFAL BARROSO;;;0;;Atropelamento;Luz do Dia;;;Meio de Quadra;;;0;1;0;1;0;0;0;0;0;0;0;0;;
315191;7;10;2017;13:28;0;RUA BERNARDO MANUEL;;;9400;;Colis?úo;Luz do Dia;;;Meio de Quadra;;;0;1;0;1;0;1;0;0;0;0;0;0;-3,802637000000000;-38,552612000000000
315222;7;10;2017;16:56;0;RUA MARIA JULIA;;;1024;;Colis?úo;Luz do Dia;;;Meio de Quadra;;;0;1;0;1;0;0;0;0;0;1;0;0;-3,794963116000000;-38,600609784000000
315199;7;10;2017;15:10;0;RUA L CJ SANTA LUZIA;;;143;;Atropelamento;Luz do Dia;;;Meio de Quadra;;;0;1;0;0;0;0;0;0;0;1;0;0;;
315204;7;10;2017;15:26;0;RUA EDUARDO STUDART;;;229;;Colis?úo;Luz do Dia;;;Meio de Quadra;;;0;1;0;0;0;0;0;0;0;0;0;0;-3,713075700000000;-38,547434400000000
315206;7;10;2017;16:12;0;AV 13 DE MAIO;;;4441;;Colis?úo;Luz do Dia;;;Meio de Quadra;;;0;1;0;1;0;0;0;0;0;1;0;0;-3,737329100000000;-38,543893600000000
315245;7;10;2017;18:28;0;AV DR SILAS MUNGUBA;;;2943;;Queda;Anoitecer;;;Meio de Quadra;;;0;1;0;0;0;0;0;0;0;1;0;0;-3,787847000000000;-38,547433000000000
315247;7;10;2017;19:49;0;RUA PDE PEDRO DE ALENCAR;;;2021;;Colis?úo;;;;Meio de Quadra;;;0;1;0;1;0;0;0;0;0;1;0;0;-3,846815000000000;-38,494606000000000
315236;7;10;2017;17:07;0;RUA VIRGILIO BRANDAO;;;107;;Colis?úo;Anoitecer;;;Meio de Quadra;;;0;1;0;1;0;0;0;0;0;1;0;0;-3,749133000000000;-38,595602000000000
315265;7;10;2017;21:15;0;RUA URUCUTUBA;;;0;;Queda;;;;Meio de Quadra;;;0;1;0;0;0;0;0;0;0;1;0;0;;
315272;7;10;2017;21:33;6545;AV A CJ CEARA;AV H CJ CEARA;;0;;Colis?úo;;;;Cruz;Sem?íforo;Comercial;0;1;0;0;0;0;0;0;0;0;0;0;-3,775146000000000;-38,605924000000000
315258;7;10;2017;21:45;0;AV FRANCISCO SA;;;4581;;Colis?úo;;;;Meio de Quadra;;;0;1;0;0;0;0;0;0;0;0;0;0;-3,714595000000000;-38,565660000000000
315249;7;10;2017;20:18;0;RUA JOSE SETUBAL PESSOA;;;129;;Colis?úo;;;;Meio de Quadra;;;0;1;0;1;0;0;0;0;0;1;0;0;;
315242;7;10;2017;17:55;0;AV FRANCISCO SA;;;5036;;Atropelamento;Anoitecer;;;Meio de Quadra;;;0;1;0;1;0;0;0;0;0;0;0;0;-3,713340000000000;-38,569272000000000
311621;7;10;2017;09:07;0;RUA CON DE CASTRO;;;3133;;Colis?úo Frontal;Luz do Dia;Bom;Seca;Meio de Quadra;D?¬ Prefer?¬ncia;Residencial;0;1;1;1;0;0;0;0;0;1;0;0;-3,796044600000000;-38,583595000000000
311622;7;10;2017;09:20;9124;RUA MON SALAZAR;AV VIS RIO BRANCO;;0;;Colis?úo Transversal;Luz do Dia;Bom;Seca;Cruz;Sem?íforo;Comercial;0;0;2;1;0;0;0;0;0;0;0;0;-3,756842000000000;-38,519950000000000
311623;7;10;2017;10:30;0;AV TRISTAO GONCALVES;;;789;;Colis?úo Lateral;Luz do Dia;Bom;Seca;Meio de Quadra;N?úo H?í Controle;Comercial;0;0;2;1;0;0;0;0;0;0;0;0;-3,728635500000000;-38,533670000000000
311624;7;10;2017;11:20;0;AV ANTONIO SALES;;;2080;;Colis?úo Traseira;Luz do Dia;Bom;Seca;Meio de Quadra;Sem?íforo;Comercial;0;0;2;1;0;0;0;0;0;0;0;0;-3,744883300000000;-38,505424000000000
311625;7;10;2017;13:04;0;AV TRISTAO GONCALVES;;;733;;Colis?úo Traseira;Luz do Dia;Bom;Seca;Meio de Quadra;Sem?íforo;Comercial;0;1;2;0;1;0;0;0;0;1;0;0;-3,727944400000000;-38,533460000000000
311626;7;10;2017;13:02;25070;RUA ALM RUFINO;AV DOS EXPEDICIONARIOS;;0;;Colis?úo Lateral;Luz do Dia;Bom;Seca;Cruz;Sem?íforo;Comercial;0;1;1;1;0;0;0;0;0;1;0;0;-3,765150000000000;-38,541317000000000
311627;7;10;2017;14:27;1230;RUA COSTA BARROS;RUA BAR ARACATI;;0;;Colis?úo Lateral;Luz do Dia;Bom;Seca;Cruz;Pare;Comercial;0;0;2;1;0;0;0;0;0;0;0;0;-3,730613000000000;-38,511260000000000
311628;7;10;2017;12:40;0;AV DES GONZAGA;;;838;;Colis?úo Lateral;Luz do Dia;Bom;Seca;Meio de Quadra;N?úo H?í Controle;Comercial;0;0;2;1;0;0;0;0;0;0;0;0;-3,841393700000000;-38,484592000000000
311629;7;10;2017;19:01;9131;RUA BAR ARATANHA;AV 13 DE MAIO;;0;;Colis?úo Lateral;Via Iluminada;Bom;Seca;Meio de Quadra;Sem?íforo;Comercial;0;0;1;1;0;0;0;0;0;0;0;0;-3,747337600000000;-38,531277000000000
311630;7;10;2017;20:48;0;AV FRANCISCO SA;;;5851;;Colis?úo Lateral;Via Iluminada;Bom;Seca;;;;0;1;2;0;0;0;0;0;0;1;0;0;-3,710642000000000;-38,577130000000000
311631;7;10;2017;21:53;9140;RUA CEL PERGENTINO FERREIRA;AV FELINO BARROSO;;0;;Colis?úo Transversal;Via Iluminada;Bom;Seca;Cruz;Pare;Residencial;0;0;2;1;0;0;0;0;0;0;0;0;-3,749085200000000;-38,527954000000000
311632;7;10;2017;18:22;0;RUA ALBERTO MAGNO;;;956;;Colis?úo Traseira;Mal Iluminada;Bom;Seca;Meio de Quadra;N?úo H?í Controle;Comercial;0;0;2;1;0;0;0;0;0;1;0;0;-3,763104700000000;-38,548340000000000
311663;7;10;2017;22:19;577;AV FRANCISCO SA;AV DR THEBERGE;;0;;Colis?úo Traseira;Mal Iluminada;Bom;Seca;Meio de Quadra;Sem?íforo;Escola;0;0;1;1;0;0;0;0;0;1;0;0;-3,714708300000000;-38,565556000000000
311699;7;10;2017;12:37;0;RUA HIS GUARINO ALVES;RUA TIJIPIO;;0;;Colis?úo Transversal;Luz do Dia;Bom;Seca;Meio de Quadra;N?úo H?í Controle;Comercial;0;0;2;1;0;0;0;0;0;0;0;0;-3,794917300000000;-38,500880000000000
313775;7;10;2017;19:10;0;RD CE-040;;;0;KM-10;Colis?úo;;Bom;Seca;Meio de Quadra;;;0;0;3;1;0;0;0;0;0;0;0;0;-3,826398000000000;-38,481792000000000
315113;7;10;2017;06:37;0;AV PERIMETRAL;;;3150;;Colis?úo;Luz do Dia;;;Meio de Quadra;;;0;1;0;1;0;0;0;0;0;1;0;0;;
315116;7;10;2017;07:10;0;RUA CON DE CASTRO;;;8360;;Colis?úo;Luz do Dia;;;Meio de Quadra;;;0;2;0;1;0;0;0;0;0;1;0;0;-3,818987500000000;-38,602275400000000
315118;7;10;2017;07:12;0;AV ENG SANTANA JUNIOR;;;0;;Queda;Luz do Dia;;;Meio de Quadra;;;0;1;0;0;0;0;0;0;0;1;0;0;;
315127;7;10;2017;07:47;0;AV PERIMETRAL;;;263;;Colis?úo;Luz do Dia;;;Meio de Quadra;;;0;1;0;1;0;0;0;0;0;1;0;0;;
304652;7;10;2017;14:40;0;RUA PRO GOMES BRASIL;;;512;;Colis?úo Lateral;Luz do Dia;Bom;Seca;Meio de Quadra;Sem?íforo;Comercial;0;0;2;1;1;0;0;0;0;0;0;0;-3,770822000000000;-38,569998000000000
304679;7;10;2017;13:10;0;RUA LEONARDO MOTA;;;1351;;Colis?úo Traseira;Luz do Dia;Bom;Seca;Meio de Quadra;Sem?íforo;Comercial;0;0;2;1;0;0;0;0;0;0;0;0;-3,737932162000000;-38,496542822000000
304683;7;10;2017;09:10;0;AV ABOLICAO;;;2019;;Colis?úo Traseira;Luz do Dia;Bom;Seca;Meio de Quadra;N?úo H?í Controle;Comercial;0;0;2;1;0;0;1;0;0;0;0;0;-3,725538000000000;-38,500938000000000
304675;7;10;2017;16:14;0;RUA CARLOS AMORA;;;170;;Outros;Luz do Dia;Bom;Seca;Meio de Quadra;Sem?íforo Intermitente;Comercial;0;0;2;1;1;0;0;0;0;0;0;0;-3,776842700000000;-38,562456500000000
304707;8;10;2017;06:20;25780;AV GAL OSORIO DE PAIVA;RUA ENG LUIS MONTENEGRO;;0;;Choque c/ Obst?ículo Fixo;Luz do Dia;Bom;Seca;Outros;Outros;Residencial;0;1;0;1;0;0;0;0;0;0;0;0;;
304708;8;10;2017;19:50;0;RUA TEN BENEVOLO;;;2115;;Colis?úo Traseira;Via Iluminada;Bom;Seca;Meio de Quadra;Sem?íforo;Residencial;0;0;2;1;0;0;0;0;0;1;0;0;-3,730105000000000;-38,502632000000000
304695;8;10;2017;00:00;303;RUA TIP SALES;RUA ROTARY;;0;;Colis?úo Transversal;Via Iluminada;Bom;Seca;Cruz;Pare;Residencial;0;1;1;1;0;0;0;0;0;1;0;0;-3,743553000000000;-38,563564000000000
304691;8;10;2017;22:00;23607;RUA BAR CRATO;RUA CAP NESTOR GOIS;;0;;Colis?úo Lateral;Via Iluminada;Bom;Seca;Cruz;N?úo H?í Controle;Residencial;0;0;2;1;0;0;0;0;0;0;0;0;-3,721812000000000;-38,561703000000000
313779;8;10;2017;17:50;0;RD CE-040;;;0;KM-10;Colis?úo;Anoitecer;Bom;Seca;Meio de Quadra;;;0;1;1;0;0;0;0;0;0;1;0;0;-3,826399000000000;-38,481793000000000
311633;8;10;2017;01:33;17412;RUA ALBERTO MAGNO;RUA BAR SOBRAL;;0;;Colis?úo Transversal;Via Iluminada;Bom;Seca;Cruz;Sem?íforo;Comercial;0;1;1;1;0;0;0;0;0;0;0;0;-3,767975800000000;-38,552578000000000
311634;8;10;2017;01:14;7907;AV PONTES VIEIRA;RUA VICENTE LEITE;;0;;Colis?úo Lateral;Via Iluminada;Bom;Seca;Cruz;Sem?íforo;Comercial;0;1;1;1;0;0;0;0;0;0;0;0;-3,751212600000000;-38,500328000000000
311635;8;10;2017;06:15;13777;RUA CAIO CID;RUA LUIZA MIRANDA COELHO;;0;;Colis?úo Transversal;Luz do Dia;Bom;Seca;Cruz;Pare;Residencial;0;0;2;1;1;0;0;0;0;0;0;0;-3,775476700000000;-38,485230000000000
311642;8;10;2017;20:19;0;RUA SABIAGUABA;;;0;;Colis?úo Frontal;Via Iluminada;Bom;Seca;N?úo Informado;N?úo H?í Controle;Residencial;0;0;1;1;0;0;0;0;0;0;0;0;-3,800307500000000;-38,452060000000000
311643;8;10;2017;20:45;24285;RUA ANA BILHAR;RUA CASTRO MONTE;;0;;Colis?úo Transversal;Via Iluminada;Bom;Seca;Cruz;Gesto;Residencial;0;0;2;1;0;0;0;0;0;0;0;0;-3,731493700000000;-38,486168000000000
311644;8;10;2017;20:39;23660;RUA BAR CRATO;RUA CHASTINET GUIMARAES;;0;;Colis?úo Transversal;Via Iluminada;Bom;Seca;Cruz;Pare;Residencial;0;1;1;1;0;0;0;0;0;1;0;0;-3,722816200000000;-38,565890000000000
311645;8;10;2017;21:18;0;AV OLIVEIRA PAIVA;;;223;;Colis?úo Lateral;Via Iluminada;Bom;Seca;Meio de Quadra;N?úo H?í Controle;Comercial;0;0;2;1;0;0;0;0;0;0;0;0;-3,798524900000000;-38,503307000000000
311637;8;10;2017;14:25;0;RUA VINTE QUATRO DE MAIO;;;200;;Colis?úo Traseira;Luz do Dia;Bom;Seca;Meio de Quadra;N?úo H?í Controle;Comercial;0;0;2;1;0;0;0;0;0;0;0;0;-3,723498000000000;-38,530895000000000
311638;8;10;2017;14:57;0;AV DEP PAULINO ROCHA;;;1853;;Colis?úo Lateral;Luz do Dia;Bom;Seca;Meio de Quadra;Sem?íforo;Comercial;0;1;0;0;0;0;0;0;0;1;0;0;-3,811419000000000;-38,513920000000000
311639;8;10;2017;17:13;15835;RUA CEL DIONISIO ALENCAR;RUA MANUEL CASTELO BRANCO;;0;;Colis?úo Transversal;Luz do Dia;Bom;Seca;Cruz;Pare;Residencial;0;1;1;1;0;0;0;0;0;0;0;0;-3,833019300000000;-38,488285000000000
311640;8;10;2017;17:50;0;AV DEP PAULINO ROCHA;;;1391;;Colis?úo Lateral;Via Iluminada;Bom;Seca;Meio de Quadra;N?úo H?í Controle;Comercial;0;0;2;1;0;0;0;0;0;0;0;0;-3,811056400000000;-38,510210000000000
305933;8;10;2017;21:00;6035;AV F CJ CEARA;RUA 614 CJ CEARA;;0;;Atropelamento;;;;;;;1;0;1;0;0;0;0;0;0;1;0;0;-3,765105000000000;-38,604504000000000
315337;8;10;2017;00:45;0;RUA PRO JOSE LEITE GONDIM;;;190;;Queda;;;;Meio de Quadra;;;0;1;0;0;0;1;0;0;0;0;0;0;-3,740574262000000;-38,582682419000000
315330;8;10;2017;00:36;0;AV MR HULL;;;0;;Queda;;;;Meio de Quadra;;;0;0;1;0;0;1;0;0;0;0;0;0;;
315346;8;10;2017;03:43;0;AV JOSE JATAHY;;;1376;;Colis?úo;;;;Meio de Quadra;;;0;1;0;0;0;0;0;0;0;0;0;0;-3,733755000000000;-38,544288000000000
315364;8;10;2017;05:02;0;AV JOSE BASTOS;;;5355;;Queda;Amanhecer;;;Meio de Quadra;;;0;1;0;0;0;0;0;0;0;1;0;0;;
315348;8;10;2017;04:16;0;AV LINEU MACHADO;;;1590;;Colis?úo;;;;Meio de Quadra;;;0;1;0;1;0;0;0;0;0;1;0;0;-3,773478000000000;-38,580825000000000
315369;8;10;2017;07:57;6721;AV ENG SANTANA JUNIOR;RUA BENTO ALBUQUERQUE;;0;;Colis?úo;Luz do Dia;;;Cruz;Sem?íforo;Misto;0;1;0;1;0;0;0;0;0;1;0;0;-3,742678000000000;-38,486538000000000
315370;8;10;2017;11:25;0;RUA VITORIA REGIA;;;1180;;Colis?úo;Luz do Dia;;;Meio de Quadra;;;0;1;0;1;0;0;0;0;0;1;0;0;;
315371;8;10;2017;11:26;0;RUA DNA LUCIA PINHEIRO (QUINTINO CUNHA);;;2430;;Colis?úo;Luz do Dia;;;Meio de Quadra;;;0;1;0;1;0;0;0;0;0;1;0;0;-3,731576000000000;-38,599500000000000
315372;8;10;2017;12:30;0;AV GAL OSORIO DE PAIVA;;;0;;Colis?úo;Luz do Dia;;;Meio de Quadra;;;0;1;0;1;0;0;0;0;0;1;0;0;;
315373;8;10;2017;13:13;0;RUA GETULIO VARGAS;;;125;;Colis?úo;Luz do Dia;;;Meio de Quadra;;;0;1;0;1;0;0;0;0;0;1;0;0;;
315367;8;10;2017;06:56;0;AV PERIMETRAL;;;5500;;Colis?úo;Luz do Dia;;;Meio de Quadra;;;0;1;0;0;0;0;0;0;0;0;0;0;;
315380;8;10;2017;13:26;0;RUA CON DE CASTRO;;;6041;;Colis?úo;Luz do Dia;;;Meio de Quadra;;;0;0;1;0;0;0;0;0;0;0;0;0;-3,815477000000000;-38,599437000000000
315381;8;10;2017;14:00;0;RUA HUMBERTO LOMEU;;;408;;Colis?úo;Luz do Dia;;;Meio de Quadra;;;0;1;0;0;0;0;0;0;0;0;0;0;-3,783622300000000;-38,596073800000000
315382;8;10;2017;14:05;0;RUA BERNARDO MANUEL;;;0;;Colis?úo;Luz do Dia;;;;;;0;1;0;1;0;0;0;0;0;1;0;0;;
315383;8;10;2017;14:13;0;RUA CON DE CASTRO;;;0;;Colis?úo;Luz do Dia;;;Meio de Quadra;;;0;1;0;1;0;0;0;0;0;1;0;0;;
315405;8;10;2017;21:29;0;AV SGT HERMINIO SAMPAIO;;;2854;;Colis?úo;;;;Meio de Quadra;;;0;1;0;0;0;0;0;0;0;0;0;0;-3,727327000000000;-38,565894000000000
315406;8;10;2017;22:33;0;RUA ESTADO DO RIO;;;562;;Colis?úo;;;;Meio de Quadra;;;0;1;0;0;0;0;0;0;0;0;0;0;-3,755275000000000;-38,568803000000000
315407;8;10;2017;22:50;0;AV RAD JOSE LIMA VERDE;;;698;;Colis?úo;;;;Meio de Quadra;;;0;1;0;0;0;0;0;0;0;1;0;0;-3,699077000000000;-38,587327000000000
315408;8;10;2017;22:59;0;AV CARNEIRO DE MENDONCA;;;650;;Queda;;;;Meio de Quadra;;;0;1;0;0;0;1;0;0;0;0;0;0;-3,764957000000000;-38,565143000000000
315416;8;10;2017;23:22;24886;AV MAJ ASSIS;AV MOZART PINHEIRO DE LUCENA;;0;;Colis?úo;;;;Duplo T;Sem?íforo;Comercial;0;1;1;0;1;0;0;0;0;1;0;0;-3,721514087000000;-38,596661554000000
315402;8;10;2017;20:38;0;AV CONTORNO (CASTEL?âO);;;0;;Colis?úo;;;;Meio de Quadra;;;0;1;0;1;0;0;0;0;0;1;0;0;;
315393;8;10;2017;19:27;0;AV PERIMETRAL;;;859;;Colis?úo;;;;Meio de Quadra;;;0;1;0;0;0;0;0;0;0;0;0;0;;
315389;8;10;2017;18:44;0;RUA POMPILIO GOMES;;;632;;Colis?úo;;;;Meio de Quadra;;;0;1;0;0;0;0;0;0;0;0;0;0;-3,817377000000000;-38,521011000000000
315396;8;10;2017;20:35;0;RUA GONCALVES DIAS;;;0;;Queda;;;;Meio de Quadra;;;0;1;0;0;0;1;0;0;0;0;0;0;;
315391;8;10;2017;19:25;0;AV PERIMETRAL;;;0;;Colis?úo;;;;Meio de Quadra;;;0;0;2;1;0;0;0;0;0;1;0;0;;
311646;9;10;2017;00:28;17583;RUA ESTADO DO RIO;RUA PIAUI;;0;;Colis?úo Transversal;Via Iluminada;Bom;Seca;Cruz;Pare;Comercial;0;1;1;1;0;0;0;0;0;0;0;0;-3,755329600000000;-38,568813000000000
311647;9;10;2017;02:59;0;AV MAJ ASSIS;;;1909;;Colis?úo Lateral;Anoitecer;Bom;Seca;Cruz;Sem?íforo;Comercial;0;0;1;0;1;0;0;0;0;1;0;0;-3,721437700000000;-38,596638000000000
311648;9;10;2017;07:20;0;AV IMPERADOR;;;545;;Colis?úo Lateral;Luz do Dia;Bom;Seca;Meio de Quadra;N?úo H?í Controle;Comercial;0;0;2;1;1;0;0;0;0;0;0;0;-3,725853000000000;-38,534107000000000
311649;9;10;2017;07:36;10995;RUA ALM RUBIM;RUA 15 DE NOVEMBRO;;0;;Colis?úo Transversal;Luz do Dia;Bom;Seca;Cruz;Pare;Comercial;0;1;1;1;0;0;0;0;0;1;0;0;-3,768860000000000;-38,555880000000000
311650;9;10;2017;08:13;0;RUA FORTALEZA UI 505;AV ALBERTO NEPOMUCENO;;0;;Colis?úo Traseira;Luz do Dia;Bom;Seca;T;Pare;Comercial;0;0;2;1;0;0;0;0;0;0;0;0;-3,722526800000000;-38,524050000000000
311651;9;10;2017;08:30;0;AV OLIVEIRA PAIVA;;;203;MERCADINHO S?âO LUIZ;Colis?úo Traseira;Luz do Dia;Bom;Seca;Meio de Quadra;N?úo H?í Controle;Comercial;0;0;2;0;0;0;0;0;0;0;0;0;-3,798587000000000;-38,503620000000000
311652;9;10;2017;08:50;0;AV DOMINGOS OLIMPIO;;;160;;Colis?úo Transversal;Luz do Dia;Bom;Seca;Meio de Quadra;N?úo H?í Controle;Comercial;0;0;3;1;1;0;0;0;0;0;0;0;-3,738232100000000;-38,525734000000000
311653;9;10;2017;09:11;0;RUA ISAC AMARAL;;;221;;Colis?úo Transversal;Luz do Dia;Nublado;Seca;Meio de Quadra;Pare;Comercial;0;0;2;1;0;0;0;0;0;0;0;0;-3,751774300000000;-38,507910000000000
311654;9;10;2017;07:55;0;RUA CEL OLEGARIO MEMORIA;RUA SALVADOR CORREIA SA;;0;;Colis?úo Transversal;Luz do Dia;Nublado;Seca;Cruz;Pare;Comercial;0;0;2;1;0;0;0;0;0;0;0;0;-3,791571600000000;-38,475155000000000
311655;9;10;2017;09:34;25943;RUA PDE IBIAPINA;RUA CARNEIRO DA CUNHA (JACARECANGA);;0;;Colis?úo Lateral;Luz do Dia;Bom;Seca;Cruz;Sem?íforo;Comercial;0;1;2;1;0;0;0;0;0;1;0;0;-3,725195000000000;-38,540650000000000
311656;9;10;2017;08:42;0;AV GAL OSORIO DE PAIVA;;;1498;;Colis?úo Lateral;Luz do Dia;Bom;Seca;Meio de Quadra;N?úo H?í Controle;Comercial;0;1;1;0;1;0;0;0;0;1;0;0;-3,780890700000000;-38,574966000000000
311657;9;10;2017;09:15;0;RUA JOAO BRIGIDO;;;920;;Choque c/ Obst?ículo Fixo;Luz do Dia;Bom;Seca;Cruz;Sem?íforo;Residencial;0;0;2;1;0;0;0;0;0;0;0;0;-3,740716500000000;-38,515846000000000
311658;9;10;2017;10:15;13396;RUA BAR ARACATI;RUA JOAO BRIGIDO;;0;;Colis?úo Transversal;Luz do Dia;Bom;Seca;Cruz;N?úo H?í Controle;Residencial;0;0;2;1;0;0;0;0;0;1;0;0;-3,751730000000000;-38,532700000000000
311659;9;10;2017;09:51;15437;AV FRE CIRILO;RUA HOMEM DE MELO;;0;;Colis?úo Traseira;Luz do Dia;Bom;Seca;Cruz;Pare;Comercial;0;0;2;1;0;0;0;0;0;0;0;0;-3,816883600000000;-38,497660000000000
311660;9;10;2017;10:49;3820;AV 13 DE MAIO;AV CARAPINIMA;;0;;Engavetamento;Luz do Dia;Bom;Seca;Cruz;Sem?íforo;Comercial;0;0;3;1;0;0;0;0;0;0;0;0;-3,739878700000000;-38,540066000000000
311661;9;10;2017;10:20;0;AV DES GONZAGA;;;368;;Colis?úo Lateral;Luz do Dia;Bom;Seca;Meio de Quadra;N?úo H?í Controle;Comercial;0;0;2;1;0;0;0;0;0;1;0;0;-3,790234000000000;-38,503212000000000
311662;9;10;2017;10:49;1469;AV SEN VIRGILIO TAVORA;RUA DES LEITE ALBUQUERQUE;;0;;Colis?úo Lateral;Luz do Dia;Bom;Seca;Cruz;Sem?íforo;Comercial;0;1;0;1;0;0;0;0;0;0;0;0;-3,738965500000000;-38,493954000000000
311665;9;10;2017;13:16;0;RUA BONFIM SOBRINHO;;;97;;Colis?úo Transversal;Luz do Dia;Bom;Seca;Meio de Quadra;N?úo H?í Controle;Residencial;0;0;2;1;0;0;0;0;0;0;0;0;-3,750762500000000;-38,521680000000000