COD_ACIDENTE;DIA;MES;ANO;HORA;INTERSECAO;LOG1;LOG2;LOG3;NUMERO;REFERENCIA;NATUREZA;ILUMINACAO;TEMPO;SUPERFICIEPISTA;TIPOCRUZAMENTO;CONTROLETRAFEGO;USOSOLO;MORTOS;FERIDOS;ILESOS;AUTOMOVEL;ONIBUS;BICICLETA;CAMINHAO;MICROONIBUS;CICLOMOTOR;MOTOCICLETA;TRACAOANIMAL;TREM;LATITUDE;LONGITUDE
311666;9;10;2017;14:01;0;RUA MIN ALBUQUERQUE LIMA;;;0;;Colis?úo Transversal;Luz do Dia;Bom;Seca;Cruz;Sem?íforo;Comercial;0;0;1;1;0;0;0;0;0;0;0;0;-3,766209600000000;-38,611023000000000
311667;9;10;2017;13:36;0;AV DR SILAS MUNGUBA;;;3489;;Colis?úo Lateral;Luz do Dia;Bom;Seca;Meio de Quadra;N?úo H?í Controle;Comercial;0;0;2;1;0;0;0;0;0;0;0;0;-3,789624700000000;-38,542328000000000
311668;9;10;2017;14:05;11761;AV PRS CASTELO BRANCO;RUA JACINTO MATOS;;0;;Colis?úo Traseira;Luz do Dia;Bom;Seca;Meio de Quadra;Sem?íforo;Comercial;0;0;0;0;0;0;0;0;0;0;0;0;-3,714691200000000;-38,546110000000000
311670;9;10;2017;15:10;0;RUA ANA BILHAR;;;601;;Colis?úo Lateral;Luz do Dia;Bom;Seca;Meio de Quadra;Pare;Residencial;0;0;2;1;0;0;0;0;0;0;0;0;-3,729639800000000;-38,494484000000000
311671;9;10;2017;15:40;0;AV GODOFREDO MACIEL;;;0;;Colis?úo Traseira;Luz do Dia;Bom;Seca;Meio de Quadra;N?úo H?í Controle;Rural;0;1;1;1;0;0;0;0;0;1;0;0;-3,791548000000000;-38,567482000000000
311672;9;10;2017;15:42;0;AV GODOFREDO MACIEL;;;0;LAGOA DA MARAPONGA;Colis?úo Transversal;Via Iluminada;Bom;Seca;Meio de Quadra;N?úo H?í Controle;Comercial;0;0;2;1;0;0;0;0;0;0;0;0;-3,791756600000000;-38,567738000000000
311673;9;10;2017;15:41;0;AV PRS CASTELO BRANCO;;;595;;Colis?úo Transversal;Luz do Dia;Bom;Seca;Outros;N?úo H?í Controle;Comercial;0;1;0;1;0;0;0;0;0;1;0;0;-3,719588000000000;-38,531666000000000
311674;9;10;2017;15:59;7765;RUA TIBURCIO CAVALCANTE;RUA DOM EXPEDITO LOPES;;0;;Colis?úo Transversal;Luz do Dia;Bom;Seca;Cruz;Sem?íforo;Residencial;0;0;2;1;0;0;0;0;0;0;0;0;-3,743745600000000;-38,505127000000000
311675;9;10;2017;16:33;0;AV DR SILAS MUNGUBA;;;824;;Colis?úo Traseira;Luz do Dia;Bom;Seca;Meio de Quadra;N?úo H?í Controle;Comercial;0;1;1;1;0;0;0;0;0;0;0;0;-3,780717600000000;-38,558353000000000
311676;9;10;2017;17:41;4647;AV CANDIDO PORTINARI;AV VIENA WEYNE;;0;;Colis?úo Transversal;Anoitecer;Bom;Seca;Cruz;Pare;Residencial;0;0;2;1;0;0;0;0;0;0;0;0;-3,802353600000000;-38,485146000000000
311677;9;10;2017;18:34;24956;AV ALM HENRIQUE SABOIA;AV ENG ALBERTO SA;;0;;Colis?úo Lateral;Via Iluminada;Bom;Seca;Cruz;Gesto;Comercial;0;0;2;1;0;0;0;0;0;0;0;0;-3,732030400000000;-38,482754000000000
311678;9;10;2017;18:45;13486;RUA CEL ALVES TEIXEIRA;RUA PDE ANTONINO;;0;;Colis?úo Transversal;Via Iluminada;Bom;Seca;Cruz;Pare;Residencial;0;3;1;1;0;0;0;0;0;1;0;0;-3,745297000000000;-38,520462000000000
311679;9;10;2017;19:03;0;AV SEN VIRGILIO TAVORA;;;617;;Colis?úo Lateral;Via Iluminada;Bom;Seca;Meio de Quadra;N?úo H?í Controle;Comercial;0;0;2;1;0;0;0;0;0;0;0;0;-3,732954000000000;-38,491837000000000
311680;9;10;2017;19:07;0;RUA MIN ALBUQUERQUE LIMA;AV ALANIS MARIA LAURINDO DE OLIVEIRA;;0;;Choque c/ Obst?ículo Fixo;Via Iluminada;Bom;Seca;Cruz;Sem?íforo;Comercial;0;0;2;1;0;0;0;0;0;0;0;0;-3,768788000000000;-38,607572000000000
311681;9;10;2017;18:10;5383;AV DUQ CAXIAS;RUA MAJ FACUNDO;;0;;Colis?úo Transversal;Via Iluminada;Bom;Seca;Cruz;Sem?íforo;Comercial;0;1;2;0;0;0;0;0;0;1;0;0;-3,731915700000000;-38,529293000000000
311682;9;10;2017;19:45;0;AV DOM LUIS;;;0;PRACA PORTUGAL;Colis?úo Lateral;Via Iluminada;Bom;Seca;Rotat??ria;N?úo H?í Controle;Comercial;0;0;2;1;0;0;0;0;0;0;0;0;-3,733047700000000;-38,497730000000000
311683;9;10;2017;19:17;0;AV SANTOS DUMONT;;;3131;;Atropelamento;Via Iluminada;Bom;Seca;Meio de Quadra;Sem?íforo;Comercial;0;1;1;0;0;0;0;0;0;0;0;0;-3,736613300000000;-38,496914000000000
311684;9;10;2017;16:51;0;AV BEZERRA DE MENEZES;;;79;;Colis?úo Transversal;Luz do Dia;Bom;Seca;Meio de Quadra;Sem?íforo;Comercial;0;0;2;1;0;0;0;0;0;0;0;0;-3,731819400000000;-38,545643000000000
311685;9;10;2017;19:58;0;AV ALM HENRIQUE SABOIA;RUA JOAQUIM LIMA;;0;;Colis?úo Lateral;Via Iluminada;Bom;Seca;T;Pare;Comercial;0;0;0;1;0;0;0;0;0;1;0;0;-3,739222800000000;-38,486538000000000
311686;9;10;2017;21:40;15980;RUA DR RODRIGO C SANDOVAL;RUA PAURILO BARROSO;;0;;Colis?úo Transversal;Via Iluminada;Bom;Seca;Cruz;N?úo H?í Controle;Residencial;0;0;2;1;0;0;0;0;0;0;0;0;-3,805331000000000;-38,571117000000000
311697;9;10;2017;14:47;1516;AV PDE ANTONIO TOMAS;AV DES MOREIRA;;0;;Colis?úo Lateral;Luz do Dia;Bom;Seca;Cruz;Sem?íforo;Residencial;0;0;2;1;0;0;0;0;0;0;0;0;-3,740032700000000;-38,499878000000000
313807;9;10;2017;08:40;0;AV SEN CARLOS JEREISSATI (AEROPORTO);;;0;KM 01;Colis?úo;Luz do Dia;Bom;Seca;Meio de Quadra;;;0;0;3;1;0;0;0;0;0;0;0;0;-3,783753000000000;-38,526850000000000
313809;9;10;2017;17:01;0;RD CE-040;;;0;KM-04;Colis?úo;Anoitecer;Bom;Seca;Meio de Quadra;;;0;0;2;1;0;0;0;0;0;0;0;0;-3,791613156000000;-38,480330840000000
313444;9;10;2017;21:37;0;RUA CARLOS AMORA;;;0;;Colis?úo;;;;Meio de Quadra;;;0;1;1;1;0;0;0;0;0;1;0;0;;
313445;9;10;2017;21:41;0;RUA FREDERICO ANDRADE;;;104;;Colis?úo;;;;Meio de Quadra;;;0;1;1;1;0;1;0;0;0;0;0;0;-3,718995000000000;-38,564173600000000
313440;9;10;2017;20:00;0;AV PRS COSTA E SILVA;;;51;;Acidente Pessoal;;;;Meio de Quadra;;;0;1;1;0;0;0;0;0;0;1;0;0;-3,823308000000000;-38,550921000000000
313419;9;10;2017;13:50;0;AV AUGUSTO DOS ANJOS;;;1170;;Atropelamento;Luz do Dia;;;Meio de Quadra;;;0;1;1;0;1;0;0;0;0;0;0;0;-3,777359000000000;-38,576697000000000
313421;9;10;2017;14:09;0;AV ALBERTO CRAVEIRO;;;2672;;Colis?úo;Luz do Dia;;;Meio de Quadra;;;0;1;1;1;0;0;0;0;0;1;0;0;-3,803259000000000;-38,521584000000000
313422;9;10;2017;15:06;0;AV GAL OSORIO DE PAIVA;;;6783;;Queda;Luz do Dia;;;Meio de Quadra;;;0;1;0;0;0;0;0;0;0;1;0;0;-3,813126000000000;-38,610189000000000
313423;9;10;2017;17:12;0;AV JOSE BASTOS;;;6108;;Queda;Anoitecer;;;Meio de Quadra;;;0;1;0;0;0;0;0;0;0;1;0;0;-3,764911000000000;-38,567352000000000
313424;9;10;2017;18:08;0;AV PRS CASTELO BRANCO;;;0;;Atropelamento;Anoitecer;;;Meio de Quadra;;;0;1;1;0;1;0;0;0;0;0;0;0;;
313428;9;10;2017;18:37;12871;RUA BAR ARATANHA;RUA JOAQUIM MAGALHAES;;0;;Colis?úo;;;;Cruz;Pare;Residencial;0;1;1;1;0;0;0;0;0;1;0;0;-3,739716000000000;-38,528666000000000
313430;9;10;2017;19:05;0;RUA PRO HERIBALDO COSTA;;;687;;Colis?úo;;;;Meio de Quadra;;;0;1;1;1;0;1;0;0;0;0;0;0;-3,759035400000000;-38,583246200000000
313436;9;10;2017;19:40;0;AV 13 DE MAIO;;;497;;Queda;;;;Meio de Quadra;;;0;1;0;0;0;1;0;0;0;0;0;0;-3,752324000000000;-38,525813000000000
313437;9;10;2017;19:56;0;RUA POE MARIO LINHARES (J.WALTER);;;51;;Colis?úo;;;;Meio de Quadra;;;0;1;1;1;0;0;0;0;0;1;0;0;;
313411;9;10;2017;13:32;0;AV CEL CARVALHO;;;489;;Colis?úo;Luz do Dia;;;Meio de Quadra;;;0;1;1;0;0;0;0;0;0;1;0;0;-3,713946800000000;-38,588653700000000
313412;9;10;2017;13:40;25053;AV ODILON GUIMARAES;AV PRO JOSE ARTHUR CARVALHO;;0;;Colis?úo;Luz do Dia;;;Y;N?úo H?í Controle;Misto;0;1;1;1;0;0;0;0;0;1;0;0;-3,825468000000000;-38,479360000000000
313397;9;10;2017;12:37;14577;RUA DR JOSE PERDIGAO;RUA ISABEL MADEIRA;;0;;Atropelamento;Luz do Dia;;;;;;0;1;1;1;0;0;0;0;0;0;0;0;-3,789222000000000;-38,487230000000000
313442;9;10;2017;21:33;0;RUA OMAR PAIVA;;;104;;Atropelamento;;;;Meio de Quadra;;;0;1;1;0;0;0;0;0;0;1;0;0;;
313374;9;10;2017;07:13;0;AV PERIMETRAL;;;0;;Colis?úo;Luz do Dia;;;Meio de Quadra;;;0;1;1;1;0;0;0;0;0;1;0;0;;
313390;9;10;2017;08:26;0;AV GAL OSORIO DE PAIVA;;;2978;;Colis?úo;Luz do Dia;;;Meio de Quadra;;;0;1;1;0;0;0;0;0;0;0;0;0;-3,789153000000000;-38,586928000000000
313391;9;10;2017;08:37;0;RUA PORTO VELHO;;;1175;;Colis?úo;Luz do Dia;;;Meio de Quadra;;;0;1;1;0;0;0;0;0;0;1;0;0;-3,764050482000000;-38,590655622000000
313392;9;10;2017;09:11;0;RUA POMPILIO GOMES;;;1056;;Colis?úo;Luz do Dia;;;Meio de Quadra;;;0;1;1;0;0;0;1;0;0;1;0;0;-3,820926000000000;-38,521122000000000
313393;9;10;2017;11:15;0;RUA ANTONIO ALVES RIBEIRO;;;120;;Colis?úo;Luz do Dia;;;Meio de Quadra;;;0;1;1;0;0;0;0;0;0;1;0;0;;
313394;9;10;2017;11:24;0;RUA VITAL BRASIL;;;0;;Atropelamento;Luz do Dia;;;Meio de Quadra;;;0;1;1;0;0;0;1;0;0;0;0;0;;
313395;9;10;2017;11:38;0;RUA CARLOS AMORA;;;0;;Queda;Luz do Dia;;;Meio de Quadra;;;0;1;0;0;0;0;0;0;0;1;0;0;;
313396;9;10;2017;12:00;0;AV JOSE JATAHY;;;2045;;Atropelamento;Luz do Dia;;;Meio de Quadra;;;0;1;1;0;0;0;0;0;0;1;0;0;-3,738506000000000;-38,543688000000000
313388;9;10;2017;08:17;12508;AV LINEU MACHADO;RUA ALUISIO AZEVEDO;;0;;Colis?úo;Luz do Dia;;;Cruz;Sem?íforo;Comercial;0;2;0;0;0;0;0;0;0;1;0;0;-3,770212000000000;-38,579184000000000
313377;9;10;2017;07:22;25769;AV DR SILAS MUNGUBA;RUA CORUMBA;;0;;Colis?úo;Luz do Dia;;;Cruz;Pare;Comercial;0;1;1;0;0;0;0;0;0;1;0;0;-3,801188000000000;-38,530014000000000
313378;9;10;2017;07:30;0;RUA PLANALTINA (PL AYRTON SENNA);;;949;;Colis?úo;Luz do Dia;;;Meio de Quadra;;;0;3;0;0;0;0;0;0;0;1;0;0;-3,832629700000000;-38,569432600000000
304649;9;10;2017;06:35;0;AV GAL OSORIO DE PAIVA;;;6701;;Colis?úo Traseira;Luz do Dia;;;Meio de Quadra;;;0;0;2;1;0;0;0;0;0;0;0;0;-3,812445000000000;-38,609529000000000
304650;10;10;2017;10:00;22076;RUA FRE MARCELINO;RUA ANTONIO MARTINS;;0;;Colis?úo Lateral;Luz do Dia;;;Cruz;Pare;Residencial;0;0;2;1;0;0;0;0;0;1;0;0;-3,750028000000000;-38,558114000000000
304653;10;10;2017;15:39;0;AV ANTONIO SALES;;;3501;;Colis?úo Traseira;Luz do Dia;;;Meio de Quadra;;;0;0;2;1;0;0;0;0;0;0;0;0;-3,749013000000000;-38,490806000000000
304659;10;10;2017;12:50;0;AV AUGUSTO DOS ANJOS;;;1992;;Colis?úo Transversal;Luz do Dia;;;Meio de Quadra;;;0;0;2;1;0;0;0;0;0;0;0;0;-3,783174000000000;-38,581774000000000
304656;10;10;2017;16:13;24987;AV ANTONIO SALES;AV ALM HENRIQUE SABOIA;;0;;Colis?úo Lateral;Luz do Dia;;;Meio de Quadra;N?úo H?í Controle;Comercial;0;1;1;1;0;0;0;0;0;1;0;0;-3,748334000000000;-38,492911000000000
304657;10;10;2017;10:10;0;AV AUGUSTO DOS ANJOS;;;2323;;Colis?úo;Luz do Dia;;;Meio de Quadra;;;0;1;1;0;0;1;0;0;0;0;0;0;-3,785776000000000;-38,583929000000000
304663;10;10;2017;14:15;0;AV GODOFREDO MACIEL;;;2332;;Colis?úo Traseira;Luz do Dia;;;Meio de Quadra;;;0;1;1;1;0;0;0;0;0;0;0;0;-3,795904000000000;-38,569728000000000
304664;10;10;2017;13:28;23683;AV GAL OSORIO DE PAIVA;RUA GABRIEL FIUZA;;0;;Colis?úo Lateral;Luz do Dia;;;Cruz;Pare;Comercial;0;2;1;1;0;0;0;0;0;1;0;0;-3,785294000000000;-38,581746000000000
304665;10;10;2017;16:00;0;AV GAL OSORIO DE PAIVA;;;2525;;Colis?úo Traseira;Luz do Dia;;;Meio de Quadra;;;0;0;2;1;0;0;0;0;0;1;0;0;;
304666;10;10;2017;23:00;3420;AV JOAO PESSOA;RUA DES PRAXEDES;;0;;Colis?úo Traseira;;;;Cruz;Sem?íforo;Comercial;0;0;2;1;0;0;0;0;0;0;0;0;-3,756946000000000;-38,553504000000000
313449;10;10;2017;06:44;0;AV PERIMETRAL;;;0;;Atropelamento;Luz do Dia;;;Meio de Quadra;;;0;1;1;0;0;0;0;0;0;1;0;0;;
313472;10;10;2017;10:58;0;RUA PEDRO MARTINS;;;409;;Atropelamento;Luz do Dia;;;Meio de Quadra;;;0;1;1;0;0;0;0;0;0;1;0;0;;
313474;10;10;2017;11:04;0;AV GAL OSORIO DE PAIVA;;;2451;;Colis?úo;Luz do Dia;;;Meio de Quadra;;;0;1;1;1;0;0;0;0;0;1;0;0;-3,786788000000000;-38,584104000000000
313467;10;10;2017;08:28;0;AV MIN JOSE AMERICO;;;0;;Colis?úo;Luz do Dia;;;Meio de Quadra;;;0;1;1;1;0;1;0;0;0;0;0;0;;
313468;10;10;2017;08:59;0;RUA JOSE CANDIDO D08;;;636;;Colis?úo;Luz do Dia;;;Meio de Quadra;;;0;1;1;1;0;0;0;0;0;1;0;0;-3,730349000000000;-38,551160000000000
313469;10;10;2017;10:32;11338;AV GODOFREDO MACIEL;RUA FRANCISCO GLICERIO;;0;;Colis?úo;Luz do Dia;;;Cruz;Sem?íforo;Comercial;0;1;1;1;0;0;0;0;0;0;0;0;-3,795981000000000;-38,569757000000000
313470;10;10;2017;10:58;0;RUA VALPARAISO;;;698;;Colis?úo;Luz do Dia;;;Meio de Quadra;;;0;1;1;1;0;0;0;0;0;1;0;0;-3,843767000000000;-38,526334000000000
313481;10;10;2017;12:15;0;AV SEN FERNANDES TAVORA;;;440;;Atropelamento;Luz do Dia;;;Meio de Quadra;;;0;1;1;0;1;0;0;0;0;0;0;0;-3,764768000000000;-38,577323000000000
313476;10;10;2017;11:18;0;RUA JULIO BRAGA;;;1451;;Atropelamento;Luz do Dia;;;Meio de Quadra;;;0;1;1;0;0;0;0;0;0;1;0;0;-3,773870000000000;-38,583569000000000
313477;10;10;2017;11:26;14467;RUA HENRIQUE AUTRAN;RUA JOAO TOME;;0;;Colis?úo;Luz do Dia;;;Cruz;Pare;Residencial;0;1;1;1;0;0;0;0;0;1;0;0;-3,727676000000000;-38,547342000000000
313522;10;10;2017;17:52;0;RUA PDE ANTONINO;;;575;;Colis?úo;Anoitecer;;;Meio de Quadra;;;0;2;1;1;0;0;0;0;0;1;0;0;-3,746253000000000;-38,520486000000000
313523;10;10;2017;17:59;0;AV TRISTAO GONCALVES;;;1113;;Colis?úo;Anoitecer;;;Meio de Quadra;;;0;1;1;1;0;1;0;0;0;0;0;0;-3,731493000000000;-38,534526000000000
313524;10;10;2017;18:16;5269;AV DUQ CAXIAS;RUA PDE IBIAPINA;;0;;Colis?úo;Anoitecer;;;Cruz;Sem?íforo;Comercial;0;1;1;1;0;0;0;0;0;1;0;0;-3,728446000000000;-38,540226000000000
313528;10;10;2017;18:57;0;AV GOV RAUL BARBOSA;;;357;;Colis?úo;;;;Meio de Quadra;;;0;1;1;1;0;0;0;0;0;1;0;0;-3,768060000000000;-38,509703100000000
313529;10;10;2017;19:10;0;RUA CAP ARAGAO;;;361;;Colis?úo;;;;Meio de Quadra;;;0;1;1;0;0;0;0;0;0;0;0;0;-3,765158000000000;-38,514729000000000
313531;10;10;2017;19:15;0;RUA ESPIRITO SANTO;;;760;;Queda;;;;Meio de Quadra;;;0;1;0;0;0;1;0;0;0;0;0;0;-3,754906000000000;-38,569423000000000
313520;10;10;2017;17:51;24331;AV LUCIANO CARNEIRO;RUA ARMANDO MONTEIRO;;0;;Colis?úo;Anoitecer;;;Cruz;N?úo H?í Controle;Residencial;0;1;1;1;0;0;0;0;0;1;0;0;-3,763454000000000;-38,536219000000000
313514;10;10;2017;16:14;0;AV OLAVO BILAC;;;1560;;Queda;Luz do Dia;;;Meio de Quadra;;;0;1;0;0;0;0;0;0;0;1;0;0;-3,733817000000000;-38,564454000000000
313515;10;10;2017;16:49;0;RUA HOLANDA;;;1692;;Atropelamento;Luz do Dia;;;Meio de Quadra;;;0;1;1;1;0;0;0;0;0;0;0;0;-3,803744000000000;-38,559447000000000
313517;10;10;2017;17:11;0;RD BR 116;;;3000;KM-03;Colis?úo;Anoitecer;;;Meio de Quadra;;;0;1;1;1;0;0;0;0;0;1;0;0;-3,779838000000000;-38,514372000000000
313518;10;10;2017;17:32;0;AV JOSE BASTOS;;;0;;Colis?úo;Anoitecer;;;Meio de Quadra;;;0;2;0;1;0;0;0;0;0;1;0;0;;
313508;10;10;2017;13:50;0;AV GAL OSORIO DE PAIVA;;;0;;Colis?úo;Luz do Dia;;;Meio de Quadra;;;0;1;1;1;0;0;0;0;0;1;0;0;;
313509;10;10;2017;14:22;25486;AV ALBERTO CRAVEIRO;AV SEN CARLOS JEREISSATI (AEROPORTO);;0;;Queda;Luz do Dia;;;Y;N?úo H?í Controle;Comercial;0;1;0;0;0;0;0;0;0;1;0;0;-3,783767000000000;-38,516874000000000
313510;10;10;2017;14:57;0;AV DR SILAS MUNGUBA;;;0;;Queda;Luz do Dia;;;Meio de Quadra;;;0;1;0;0;0;1;0;0;0;0;0;0;;
313511;10;10;2017;15:42;7985;RUA MAJ WEYNE;RUA FILGUEIRAS LIMA;;0;;Colis?úo;Luz do Dia;;;Cruz;Pare;Residencial;0;1;1;1;0;0;0;0;0;1;0;0;-3,748971000000000;-38,544097000000000
313512;10;10;2017;15:43;0;AV PRO JOSE ARTHUR CARVALHO;;;2810;;Colis?úo;Luz do Dia;;;Meio de Quadra;;;0;1;1;1;0;0;0;0;0;1;0;0;-3,823364405000000;-38,454326438000000
313446;10;10;2017;02:26;0;AV SEN FERNANDES TAVORA;;;2433;;Outros;;;;Meio de Quadra;;;0;1;1;0;1;0;0;0;0;0;0;0;-3,755837000000000;-38,594468000000000
313451;10;10;2017;07:06;0;RUA JATOBA D64;;;3664;;Colis?úo;Luz do Dia;;;Meio de Quadra;;;0;2;0;0;0;0;0;0;0;1;0;0;-3,797909500000000;-38,626886000000000
313452;10;10;2017;07:15;0;AV DR SILAS MUNGUBA;;;3674;;Colis?úo;Luz do Dia;;;Meio de Quadra;;;0;1;1;1;0;0;0;0;0;1;0;0;-3,790278000000000;-38,540622000000000
313453;10;10;2017;07:51;0;AV RUI BARBOSA;;;584;;Colis?úo;Luz do Dia;;;Meio de Quadra;;;0;1;1;0;0;0;0;0;0;0;0;0;-3,727935000000000;-38,506820000000000
313599;10;10;2017;22:08;0;AV AGUANAMBI;;;0;;Queda;;;;Meio de Quadra;;;0;1;0;0;0;0;0;0;0;1;0;0;;
313595;10;10;2017;21:09;0;RUA SAO JOAO D20;;;29;;Queda;;;;Meio de Quadra;;;0;1;0;0;0;1;0;0;0;0;0;0;;
313596;10;10;2017;21:39;0;RUA JULIO BRAGA;;;149;;Colis?úo;;;;Meio de Quadra;;;0;1;1;0;0;0;0;0;0;0;0;0;-3,778365000000000;-38,572252000000000
313597;10;10;2017;21:58;0;AV B CJ HAB ST SAO JOAO;;;794;;Colis?úo;;;;Meio de Quadra;;;0;2;0;0;0;0;0;0;0;0;0;0;;
313604;10;10;2017;22:10;0;RUA BAR AQUIRAZ;;;1774;;Atropelamento;;;;Meio de Quadra;;;0;1;1;1;0;0;0;0;0;0;0;0;-3,842416000000000;-38,483493000000000
313605;10;10;2017;22:42;0;RUA CEL ALVES TEIXEIRA;;;1388;;Colis?úo;;;;Meio de Quadra;;;0;2;0;0;0;0;0;0;0;0;0;0;-3,746618000000000;-38,508868000000000
313606;10;10;2017;22:54;0;AV MAJ ASSIS;;;2583;;Outros;;;;Meio de Quadra;;;0;1;0;0;0;1;0;0;0;0;0;0;-3,719727000000000;-38,603617000000000
313543;10;10;2017;20:56;0;AV DR THEBERGE;;;2358;;Atropelamento;;;;Meio de Quadra;;;0;1;1;0;0;0;0;0;0;0;0;0;-3,722309000000000;-38,567464000000000
313541;10;10;2017;20:51;0;RUA MACIEL LUZ;;;76;;Atropelamento;;;;Meio de Quadra;;;0;1;1;0;0;0;0;0;0;0;0;0;-3,809786900000000;-38,635784600000000
313823;10;10;2017;17:50;0;RD CE-040;;;0;KM-05;Colis?úo;Anoitecer;Bom;Seca;Meio de Quadra;;;0;0;2;1;0;0;0;0;0;1;0;0;-3,800595823000000;-38,479534630000000
313820;10;10;2017;17:10;0;AV SEN CARLOS JEREISSATI (AEROPORTO);;;0;KM 02;Colis?úo;Anoitecer;Bom;Seca;Meio de Quadra;;;0;0;2;1;0;0;0;0;0;0;0;0;-3,782194000000000;-38,535424000000000
313814;10;10;2017;08:30;0;RD CE-060;;;0;KM-02;Colis?úo;Luz do Dia;Bom;Seca;Meio de Quadra;;;0;0;2;1;0;0;0;0;0;0;0;0;-3,834064000000000;-38,582111000000000
313817;10;10;2017;16:40;0;AV SEN CARLOS JEREISSATI (AEROPORTO);;;0;KM 02;Colis?úo;Luz do Dia;Bom;Seca;Meio de Quadra;;;0;0;2;1;0;0;0;0;0;0;0;0;-3,782194000000000;-38,535424000000000
311698;10;10;2017;16:03;5777;RUA CHICO LEMOS;RUA JOSE A CAVALCANTE;;0;;Colis?úo Transversal;Luz do Dia;Bom;Seca;Cruz;Pare;Residencial;0;1;1;1;0;0;0;0;0;1;0;0;-3,790992000000000;-38,499220000000000
311687;10;10;2017;07:38;0;RUA JORGE DUMAR;AV EDUARDO GIRAO;;0;;Colis?úo Traseira;Luz do Dia;Bom;Seca;Cruz;Sem?íforo;Residencial;0;0;2;1;0;0;0;0;0;0;0;0;-3,749861000000000;-38,538757000000000
311688;10;10;2017;07:45;0;AV PRS CASTELO BRANCO;;;3629;;Colis?úo Lateral;Luz do Dia;Bom;Seca;Meio de Quadra;Sem?íforo;Comercial;0;1;2;1;0;0;0;0;0;1;0;0;-3,709627400000000;-38,564440000000000
311689;10;10;2017;09:21;0;AV BORGES DE MELO;;;1620;;Colis?úo Lateral;Luz do Dia;Bom;Seca;Meio de Quadra;N?úo H?í Controle;Comercial;0;0;2;1;0;0;0;0;0;0;0;0;-3,756693000000000;-38,533817000000000
311690;10;10;2017;08:30;7897;RUA MON CATAO;RUA HENRIQUETA GALENO;;0;;Colis?úo Transversal;Luz do Dia;Bom;Seca;T;N?úo H?í Controle;Comercial;0;0;1;1;0;0;0;0;0;0;0;0;-3,747372200000000;-38,493370000000000
311691;10;10;2017;11:00;0;AV ROGACIANO LEITE;;;900;;Colis?úo Transversal;Luz do Dia;Bom;Seca;Meio de Quadra;N?úo H?í Controle;Residencial;0;0;2;1;0;0;0;0;0;0;0;0;-3,765115000000000;-38,495766000000000
311692;10;10;2017;11:15;1422;RUA DES LEITE ALBUQUERQUE;RUA BARBOSA DE FREITAS;;0;;Colis?úo Transversal;Luz do Dia;Bom;Seca;Cruz;Sem?íforo;Comercial;0;0;2;1;0;0;0;0;0;0;0;0;-3,737667300000000;-38,497726000000000
311693;10;10;2017;13:21;15317;RUA TEN BENEVOLO;RUA NUNES VALENTE;;0;;Colis?úo Transversal;Luz do Dia;Bom;Seca;Cruz;Pare;Residencial;0;1;1;1;0;0;0;0;0;1;0;0;-3,730568400000000;-38,501920000000000
311694;10;10;2017;13:41;0;AV PONTES VIEIRA;;;84;KUKUKAIA;Colis?úo Traseira;Luz do Dia;Bom;Seca;Meio de Quadra;Sem?íforo;Comercial;0;0;2;1;0;0;0;0;0;0;0;0;-3,753347000000000;-38,519753000000000
311695;10;10;2017;14:25;0;AV PONTES VIEIRA;;;0;;Engavetamento;Luz do Dia;Bom;Seca;Meio de Quadra;Sem?íforo;Comercial;0;0;3;1;0;0;0;0;0;0;0;0;-3,752682000000000;-38,513120000000000
311696;10;10;2017;15:24;25051;AV ALBERTO NEPOMUCENO;RUA CASTRO E SILVA;;0;;Colis?úo Traseira;Luz do Dia;Bom;Seca;T;Sem?íforo;Comercial;0;0;2;1;0;0;0;0;0;1;0;0;-3,724269600000000;-38,524567000000000
311700;10;10;2017;17:10;0;RUA CEZIDIO ALBUQUERQUE;RUA SENHORINHA SARAIVA;;0;;Colis?úo Transversal;Via Iluminada;Bom;Seca;T;Pare;Residencial;0;1;1;1;0;0;0;0;0;0;0;0;-3,800989000000000;-38,502518000000000
311701;10;10;2017;19:09;4019;RUA JULIO CESAR D12;RUA SAMUEL UCHOA;;0;;Colis?úo Lateral;Via Iluminada;Bom;Seca;Cruz;Pare;Residencial;0;1;1;1;0;0;0;0;0;1;0;0;-3,753896700000000;-38,546284000000000
311702;10;10;2017;20:13;1380;RUA TORRES CAMARA;RUA NUNES VALENTE;;0;;Colis?úo Frontal;Via Iluminada;Bom;Seca;Cruz;Pare;Comercial;0;1;1;1;0;0;0;0;0;0;0;0;-3,736658800000000;-38,503770000000000
311703;10;10;2017;18:00;0;AV GAL OSORIO DE PAIVA;;;1372;;Colis?úo Traseira;Via Iluminada;Bom;Seca;Meio de Quadra;Sem?íforo;Residencial;0;0;2;1;1;0;0;0;0;0;0;0;-3,780251500000000;-38,573710000000000
311704;10;10;2017;16:02;15835;RUA CEL DIONISIO ALENCAR;RUA MANUEL CASTELO BRANCO;;0;;Colis?úo Transversal;Luz do Dia;Bom;Seca;Cruz;Pare;Residencial;0;1;1;1;0;0;0;0;0;1;0;0;-3,832918400000000;-38,488186000000000
297460;10;10;2017;17:15;0;AV OLIVEIRA PAIVA;;;0;;Colis?úo;Anoitecer;;;Meio de Quadra;;;0;2;0;0;0;0;0;0;0;0;0;0;;