COD_ACIDENTE;DIA;MES;ANO;HORA;INTERSECAO;LOG1;LOG2;LOG3;NUMERO;REFERENCIA;NATUREZA;ILUMINACAO;TEMPO;SUPERFICIEPISTA;TIPOCRUZAMENTO;CONTROLETRAFEGO;USOSOLO;MORTOS;FERIDOS;ILESOS;AUTOMOVEL;ONIBUS;BICICLETA;CAMINHAO;MICROONIBUS;CICLOMOTOR;MOTOCICLETA;TRACAOANIMAL;TREM;LATITUDE;LONGITUDE
315758;10;10;2017;07:15;0;RD BR 020;;;0;KM 426;Colis?úo Transversal;Luz do Dia;Bom;Seca;Meio de Quadra;;;0;1;2;0;0;0;1;0;0;1;0;0;;
315765;11;10;2017;16:45;0;RD BR 116;;;0;KM 00;Colis?úo Traseira;Luz do Dia;Bom;Seca;Meio de Quadra;;;0;0;2;0;1;0;1;0;0;0;0;0;-3,756498000000000;-38,521850000000000
315766;11;10;2017;18:00;0;RD BR 020;;;0;KM 426;Colis?úo Transversal;Anoitecer;Bom;Seca;Meio de Quadra;;;0;1;1;1;0;0;0;0;0;1;0;0;;
311706;11;10;2017;08:11;0;RUA GUILHERME ROCHA;;;1343;;Colis?úo Traseira;Luz do Dia;Bom;Seca;Meio de Quadra;N?úo H?í Controle;Comercial;0;0;2;0;1;0;0;0;0;0;0;0;-3,723759000000000;-38,538204000000000
311707;11;10;2017;07:55;13389;AV ANTONIO SALES;RUA JOAO CORDEIRO;;0;;Colis?úo Traseira;Luz do Dia;Bom;Seca;Cruz;Sem?íforo;Comercial;0;0;2;1;1;0;0;0;0;0;0;0;-3,740534000000000;-38,518340000000000
311708;11;10;2017;06:50;6752;RUA PRO OTAVIO LOBO;AV SANTOS DUMONT;;0;;Colis?úo Lateral;Luz do Dia;Bom;Seca;Cruz;Sem?íforo;Comercial;0;0;2;1;1;0;0;0;0;0;0;0;-3,743016700000000;-38,477978000000000
311709;11;10;2017;08:22;0;AV PONTES VIEIRA;;;825;;Colis?úo Traseira;Luz do Dia;Bom;Seca;T;Sem?íforo;Comercial;0;0;1;0;0;0;0;0;0;1;0;0;-3,752654000000000;-38,513420000000000
311710;11;10;2017;09:16;0;AV ROGACIANO LEITE;;;2860;;Colis?úo Traseira;Luz do Dia;Chuva;Molhada;Meio de Quadra;Pare;Comercial;0;0;2;1;0;0;0;0;0;0;0;0;-3,784017000000000;-38,502640000000000
311711;11;10;2017;10:19;11761;AV PRS CASTELO BRANCO;RUA JACINTO MATOS;;0;;Colis?úo Traseira;Luz do Dia;Bom;Seca;Cruz;Sem?íforo;Comercial;0;0;2;1;0;0;0;0;0;1;0;0;-3,714567700000000;-38,546555000000000
311712;11;10;2017;10:26;0;AV 13 DE MAIO;;;2821;;Colis?úo Traseira;Luz do Dia;Chuva;Molhada;Meio de Quadra;N?úo H?í Controle;Comercial;0;0;2;1;0;0;0;0;0;0;0;0;-3,739645200000000;-38,540703000000000
311713;11;10;2017;11:25;0;AV 13 DE MAIO;;;441;;Engavetamento;Luz do Dia;Bom;Seca;Cruz;Sem?íforo;Comercial;0;0;3;1;0;0;0;0;0;0;0;0;-3,752650700000000;-38,525265000000000
311714;11;10;2017;13:05;0;RUA SEN JAGUARIBE;RUA GAL SAMPAIO;RUA SEN POMPEU;0;;Colis?úo Traseira;Luz do Dia;Bom;Seca;Meio de Quadra;Pare;Comercial;0;0;2;1;0;0;0;0;0;0;0;0;-3,721497800000000;-38,528652000000000
311715;11;10;2017;13:05;5313;RUA PEDRO I;RUA VINTE E QUATRO DE MAIO;;0;;Colis?úo Transversal;Luz do Dia;Bom;Seca;Cruz;Pare;Comercial;0;1;1;1;0;0;0;0;0;1;0;0;-3,729822000000000;-38,533020000000000
311716;11;10;2017;14:06;0;AV DOM LUIS;;;965;;Colis?úo Lateral;Luz do Dia;Bom;Seca;Meio de Quadra;Pare;Comercial;0;0;2;1;0;0;0;0;0;0;0;0;-3,734828700000000;-38,492750000000000
311717;11;10;2017;14:26;0;AV JOVITA FEITOSA;;;2962;;Colis?úo Traseira;Luz do Dia;Bom;Seca;Meio de Quadra;N?úo H?í Controle;Comercial;0;1;2;1;0;0;0;0;0;1;0;0;-3,741315000000000;-38,564262000000000
311718;11;10;2017;11:01;10368;RUA JOSE MENDONCA;RUA NOSSA SRA APARECIDA;;0;;Colis?úo Frontal;Luz do Dia;Bom;Molhada;Cruz;Pare;Residencial;0;1;1;1;0;0;0;0;0;1;0;0;-3,757830400000000;-38,602303000000000
311719;11;10;2017;16:31;5383;AV DUQ CAXIAS;RUA MAJ FACUNDO;;0;;Colis?úo Traseira;Luz do Dia;Bom;Seca;Cruz;Sem?íforo;Comercial;0;0;2;1;0;0;0;0;0;0;0;0;-3,732068000000000;-38,529037000000000
311720;11;10;2017;13:45;19174;RUA PRO OTAVIO LOBO;RUA PEREIRA DE MIRANDA;;0;;Colis?úo Lateral;Luz do Dia;Bom;Seca;Cruz;Pare;Residencial;0;0;2;1;0;0;0;0;0;0;0;0;-3,741335600000000;-38,476963000000000
311721;11;10;2017;18:34;0;AV DR SILAS MUNGUBA;;;4820;;Colis?úo Lateral;Anoitecer;Bom;Seca;Meio de Quadra;D?¬ Prefer?¬ncia;Comercial;0;0;1;1;0;0;0;0;0;0;0;0;-3,795698400000000;-38,532543000000000
311722;11;10;2017;17:52;17347;RUA ALBERTO MAGNO;RUA IRM BAZET;;0;;Colis?úo Transversal;Anoitecer;Bom;Seca;Cruz;Pare;Comercial;0;1;1;0;0;0;0;0;0;1;0;0;-3,765481200000000;-38,550476000000000
311723;11;10;2017;18:20;0;AV DEP PAULINO ROCHA;;;1641;;Colis?úo Traseira;Via Iluminada;Bom;Seca;Meio de Quadra;Sem?íforo;Comercial;0;1;1;0;0;0;0;0;0;1;0;0;-3,811528200000000;-38,511210000000000
311724;11;10;2017;19:47;0;AV SORIANO ALBUQUERQUE;;;500;;Colis?úo Transversal;Via Iluminada;Bom;Seca;T;N?úo H?í Controle;Residencial;0;0;2;1;0;0;0;0;0;1;0;0;-3,748829100000000;-38,516033000000000
311725;11;10;2017;20:49;15347;AV DOM LUIS;RUA TIBURCIO CAVALCANTE;;0;;Colis?úo Lateral;Via Iluminada;Bom;Seca;T;Sem?íforo;Comercial;0;0;2;1;1;0;0;0;0;0;0;0;-3,732008000000000;-38,501186000000000
311726;11;10;2017;20:14;14680;AV OLIVEIRA PAIVA;RUA LIDIA BRIGIDO;;0;;Colis?úo Transversal;Via Iluminada;Bom;Seca;Cruz;Sem?íforo;Comercial;0;1;1;1;0;1;0;0;0;0;0;0;-3,796056300000000;-38,484062000000000
311727;11;10;2017;20:48;7903;AV ANTONIO SALES;RUA CEL LINHARES;;0;;Engavetamento;Via Iluminada;Bom;Seca;Cruz;Pare;Comercial;0;0;1;1;0;0;0;0;0;0;0;0;-3,746925600000000;-38,497620000000000
311728;11;10;2017;17:55;15227;AV ABOLICAO;AV DES MOREIRA;;0;;Colis?úo Lateral;Via Iluminada;Bom;Seca;Cruz;Sem?íforo;Residencial;0;0;2;1;1;0;0;0;0;0;0;0;-3,727435400000000;-38,495180000000000
311729;11;10;2017;21:30;0;AV DES MOREIRA;;;2211;;Colis?úo Lateral;Via Iluminada;Bom;Seca;Meio de Quadra;N?úo H?í Controle;Comercial;0;0;1;1;0;0;0;0;0;0;0;0;-3,745518000000000;-38,501194000000000
311730;11;10;2017;23:28;10431;RUA 30 DE MAIO D73;RUA RICARDO PONTES;;0;;Colis?úo Transversal;Via Iluminada;Bom;Seca;Meio de Quadra;Pare;Residencial;0;0;1;0;1;0;0;0;0;0;0;0;-3,763182600000000;-38,599760000000000
311731;11;10;2017;19:43;0;AV PRS CASTELO BRANCO;;;595;;Capotamento;Via Iluminada;Bom;Seca;Outros;N?úo H?í Controle;Residencial;0;0;0;1;0;0;0;0;0;0;0;0;-3,719549400000000;-38,531574000000000
311732;11;10;2017;23:48;21611;RUA COM GARCIA;RUA JOAO RAMALHO;;0;;Colis?úo Transversal;Via Iluminada;Bom;Seca;Cruz;Pare;Residencial;0;2;1;0;0;0;0;0;0;1;0;0;-3,799085900000000;-38,588577000000000
311733;11;10;2017;21:57;17326;RUA ALBERTO MAGNO;RUA ALAN KARDEC;;0;;Colis?úo Transversal;Via Iluminada;Nublado;Molhada;Cruz;Pare;Comercial;0;2;1;1;0;0;0;0;0;1;0;0;-3,764769600000000;-38,549896000000000
311739;11;10;2017;14:42;14169;RUA NELSON COELHO;RUA MARTINS ARAUJO;;0;;Colis?úo Lateral;Luz do Dia;Bom;Seca;Cruz;Pare;Residencial;0;0;1;1;0;0;0;0;0;1;0;0;-3,833007300000000;-38,461350000000000
311793;11;10;2017;14:30;13492;RUA DR JOSE LOURENCO;RUA PINHO PESSOA;;0;;Colis?úo Lateral;Luz do Dia;Bom;Seca;Cruz;Pare;Comercial;0;0;2;1;0;0;0;0;0;0;0;0;-3,745650500000000;-38,511227000000000
313848;11;10;2017;15:00;0;AV MIN JOSE AMERICO;;;0;;Colis?úo;Luz do Dia;Bom;Seca;Meio de Quadra;;;0;0;2;1;1;0;0;0;0;0;0;0;;
313849;11;10;2017;18:35;0;RD CE-040;;;0;KM-08;Colis?úo;;Bom;Seca;Meio de Quadra;;;0;0;2;1;1;0;0;0;0;0;0;0;-3,825515822000000;-38,481538320000000
313834;11;10;2017;14:45;0;RD CE-040;;;0;KM-04;Colis?úo;Luz do Dia;Bom;Seca;Meio de Quadra;;;0;0;2;1;0;0;0;0;0;0;0;0;-3,791613156000000;-38,480330840000000
313828;11;10;2017;11:15;0;RD CE-040;;;0;KM-02;Colis?úo;Luz do Dia;Bom;Seca;Meio de Quadra;;;0;0;2;1;0;0;0;0;0;0;0;0;-3,773616148000000;-38,481799400000000
313826;11;10;2017;12:30;0;AV MIN JOSE AMERICO;;;0;;Colis?úo;Luz do Dia;Bom;Seca;Meio de Quadra;;;0;0;2;1;0;0;0;0;0;0;0;0;;
313610;11;10;2017;06:56;0;AV PERIMETRAL;;;6850;;Queda;Luz do Dia;;;Meio de Quadra;;;0;1;0;0;0;0;0;0;0;1;0;0;;
313612;11;10;2017;07:19;0;AV ANTONIO JUSTA;;;2400;;Atropelamento;Luz do Dia;;;Meio de Quadra;;;0;1;1;1;0;0;0;0;0;0;0;0;-3,727386300000000;-38,495289500000000
313614;11;10;2017;07:44;0;RUA JACINTO MATOS;;;700;;Colis?úo;Luz do Dia;;;Meio de Quadra;;;0;1;1;1;0;0;0;0;0;1;0;0;-3,717188000000000;-38,546565000000000
313617;11;10;2017;09:03;0;RUA LEAO DO NORTE;;;255;;Colis?úo;Luz do Dia;;;Meio de Quadra;;;0;1;1;1;0;0;0;0;0;1;0;0;-3,784278000000000;-38,576721000000000
313662;11;10;2017;23:57;0;RUA 1 LT ARVOREDO;;;0;;Queda;;;;Meio de Quadra;;;0;1;0;0;0;0;0;0;0;1;0;0;;
313623;11;10;2017;09:30;22691;RUA RAFAEL TOBIAS;RUA TAB JOAQUIM COELHO;;0;;Colis?úo;Luz do Dia;;;;;;0;1;1;1;0;0;0;0;0;1;0;0;-3,796344000000000;-38,472244000000000
313624;11;10;2017;09:36;0;RUA DEMOSTENES CARVALHO;;;80;;Atropelamento;Luz do Dia;;;Meio de Quadra;;;0;1;1;0;0;0;0;0;0;1;0;0;-3,719706000000000;-38,560757000000000
313625;11;10;2017;10:41;9019;RUA BAR ARATANHA;RUA SALDANHA MARINHO;;0;;Colis?úo;Luz do Dia;;;Cruz;Sem?íforo;Comercial;0;2;1;1;0;0;0;0;0;1;0;0;-3,742820000000000;-38,529697000000000
313626;11;10;2017;10:52;0;AV DR SILAS MUNGUBA;;;0;;Colis?úo;Luz do Dia;;;Meio de Quadra;;;0;2;0;1;0;0;0;0;0;1;0;0;;
313627;11;10;2017;11:00;0;RUA PRO VICENTE SILVEIRA;;;1050;;Colis?úo;Luz do Dia;;;Meio de Quadra;;;0;1;1;1;0;0;0;0;0;1;0;0;-3,770222000000000;-38,539790000000000
313628;11;10;2017;11:12;0;RUA DR JOAQUIM BENTO;;;817;;Colis?úo;Luz do Dia;;;Meio de Quadra;;;0;1;1;1;0;0;0;0;0;1;0;0;-3,828298000000000;-38,484333000000000
313620;11;10;2017;09:04;0;AV MR HULL;;;5000;;Colis?úo;Luz do Dia;;;Meio de Quadra;;;0;1;1;1;0;0;0;0;0;1;0;0;-3,739224000000000;-38,588748000000000
313621;11;10;2017;09:06;5381;RUA METON DE ALENCAR;AV IMPERADOR;;0;;Queda;Luz do Dia;;;;N?úo H?í Controle;Comercial;0;1;0;0;0;0;0;0;0;1;0;0;-3,731966000000000;-38,535869000000000
313630;11;10;2017;12:11;20036;AV PALESTINA D68;RUA ARUEIRAS;;0;;Colis?úo;Luz do Dia;;;Cruz;Pare;Residencial;0;1;1;0;0;0;0;0;0;1;0;0;-3,805643000000000;-38,537243000000000
313632;11;10;2017;14:25;0;AV PRS CASTELO BRANCO;;;2970;COL. HILBERTO SILVA;Colis?úo;Luz do Dia;;;Meio de Quadra;;;0;1;1;0;0;0;1;0;0;1;0;0;-3,711902000000000;-38,555356000000000
313634;11;10;2017;15:59;0;RUA CARLOS STUDART;;;251;;Colis?úo;Luz do Dia;;;Meio de Quadra;;;0;1;1;1;0;0;0;0;0;1;0;0;-3,793422000000000;-38,568034000000000
313635;11;10;2017;17:13;0;AV BEZERRA DE MENEZES;;;1802;COLEGIO MASTER;Queda;Anoitecer;;;Meio de Quadra;;;0;1;0;0;0;1;0;0;0;0;0;0;-3,734894000000000;-38,560741000000000
313637;11;10;2017;17:24;0;RUA TOMAS RODRIGUES;;;171;;Colis?úo;Anoitecer;;;Meio de Quadra;;;0;1;1;1;0;0;0;0;0;1;0;0;-3,738160000000000;-38,594184000000000
313639;11;10;2017;17:33;0;AV HIS RAIMUNDO GIRAO;;;0;;Colis?úo;Anoitecer;;;Meio de Quadra;;;0;1;1;0;0;0;0;0;0;0;0;0;;
313641;11;10;2017;18:03;0;AV JOSE JATAHY;;;0;;Atropelamento;Anoitecer;;;Meio de Quadra;;;0;1;1;1;0;0;0;0;0;0;0;0;;
313642;11;10;2017;18:36;0;AV DEP PAULINO ROCHA;;;1650;;Colis?úo;;;;Meio de Quadra;;;0;1;1;1;0;0;0;0;0;1;0;0;-3,811723000000000;-38,511398000000000
313644;11;10;2017;18:42;0;RUA MONTE PASCOAL;;;401;;Queda;;;;Meio de Quadra;;;0;1;0;0;0;0;0;0;0;1;0;0;-3,805241500000000;-38,598588300000000
313645;11;10;2017;19:13;17601;RUA RIO GRANDE DO SUL;RUA PIAUI;;0;;Queda;;;;Cruz;Pare;;0;1;0;0;0;1;0;0;0;0;0;0;-3,756880000000000;-38,566439000000000
313647;11;10;2017;19:38;0;AV CAP WALDEMAR PAULA LIMA;;;700;;Colis?úo;;;;Meio de Quadra;;;0;2;1;1;0;0;0;0;0;1;0;0;;
313654;11;10;2017;20:17;0;AV BEZERRA DE MENEZES;;;1527;;Queda;;;;Meio de Quadra;;;0;1;0;0;0;1;0;0;0;0;0;0;-3,734433000000000;-38,558571000000000
313655;11;10;2017;21:57;10993;RUA BAR CANINDE;RUA 15 DE NOVEMBRO;;0;;Colis?úo;;;;Cruz;Sem?íforo;Residencial;0;1;1;1;0;0;0;0;0;1;0;0;-3,768608000000000;-38,556768000000000
313657;11;10;2017;22:08;0;AV JOAO PESSOA;;;0;;Colis?úo;;;;Meio de Quadra;;;0;1;1;0;0;0;0;0;0;0;0;0;;
313652;11;10;2017;20:00;0;AV OLIVEIRA PAIVA;;;2507;;Colis?úo;;;;Meio de Quadra;;;0;1;1;0;0;0;0;0;0;0;0;0;-3,796077000000000;-38,484035000000000
313659;11;10;2017;22:36;10429;RUA DAS PEDRINHAS;RUA 30 DE MAIO D73;;0;;Colis?úo;;;;Cruz;Pare;Residencial;0;2;1;1;0;0;0;0;0;1;0;0;-3,763058000000000;-38,600349000000000
313660;11;10;2017;22:36;0;LOGRADOURO SEM NOME;;;0;;Atropelamento de Animal;;;;Meio de Quadra;;;0;2;0;0;0;0;0;0;0;1;0;0;;
304667;11;10;2017;12:00;12892;AV DOMINGOS OLIMPIO;RUA BAR RIO BRANCO;;0;;Colis?úo;Luz do Dia;Bom;Seca;Cruz;Sem?íforo;Comercial;0;1;1;0;0;1;0;0;0;0;0;0;-3,736579000000000;-38,531494000000000
304658;11;10;2017;10:20;22102;RUA JOSE FACANHA;RUA MON FURTADO;;0;;Colis?úo Lateral;Luz do Dia;Nublado;Molhada;Cruz;Pare;Comercial;0;0;2;1;0;0;1;0;0;0;0;0;-3,753672000000000;-38,555590000000000
304669;11;10;2017;13:45;0;RUA GUILHERME ROCHA;;;1650;;Colis?úo Lateral;Luz do Dia;Bom;Seca;Meio de Quadra;Sem?íforo;Comercial;0;0;2;1;0;0;1;0;0;0;0;0;-3,722842000000000;-38,540734000000000
304672;11;10;2017;06:54;0;RUA JOAQUIM PEREIRA;;;491;;Colis?úo Transversal;Luz do Dia;Bom;Seca;Meio de Quadra;Pare;Residencial;0;2;0;0;0;0;0;0;0;1;0;0;-3,803587539000000;-38,598910719000000
304678;11;10;2017;14:00;7975;RUA CARLOS CAMARA;RUA ALVARO MARTINS;;0;;Colis?úo Transversal;Luz do Dia;Bom;Seca;Cruz;Pare;Comercial;0;1;1;1;0;0;0;0;0;1;0;0;-3,747550000000000;-38,543554000000000
304879;11;10;2017;10:40;11078;AV DR SILAS MUNGUBA;RUA EST JUCA D45;;0;;Colis?úo Traseira;Luz do Dia;;;Duplo T;Pare;Misto;0;0;2;1;0;0;0;0;0;0;0;0;-3,789165000000000;-38,543861000000000
304186;11;10;2017;01:19;0;RUA VINTE E QUATRO DE MAIO;;;1198;;Atropelamento;;;;Meio de Quadra;;;1;1;0;0;0;0;0;0;0;1;0;0;-3,732123000000000;-38,533689000000000
304762;12;10;2017;10:56;577;AV DR THEBERGE;AV FRANCISCO SA;;0;;Colis?úo Frontal;Luz do Dia;Bom;Seca;Cruz;Sem?íforo;Residencial;0;1;2;1;1;0;0;0;0;1;0;0;-3,714822000000000;-38,565016000000000
304770;12;10;2017;16:00;22221;RUA MON JOAO DANTAS;TR HOSPEDARIA;;0;;Colis?úo Lateral;Luz do Dia;Bom;Seca;T;N?úo H?í Controle;Residencial;0;0;2;1;0;0;0;0;0;0;0;0;-3,732155000000000;-38,563868000000000
304773;12;10;2017;19:20;0;RUA CON DE CASTRO;;;6098;;Colis?úo Lateral;Luz do Dia;Bom;Seca;Meio de Quadra;D?¬ Prefer?¬ncia;Residencial;0;0;2;1;0;0;0;0;0;0;0;0;-3,815454000000000;-38,599420000000000
304681;12;10;2017;09:30;5396;RUA SEN POMPEU;RUA GAL CLARINDO DE QUEIROZ;;0;;Colis?úo Transversal;Luz do Dia;Nublado;Molhada;Cruz;Sem?íforo;Comercial;0;0;2;1;0;0;0;0;0;0;0;0;-3,732353000000000;-38,531279000000000
304687;12;10;2017;17:15;5356;RUA GAL SAMPAIO;AV DUQ CAXIAS;;0;;Outros;Luz do Dia;Bom;Seca;Cruz;Sem?íforo;Comercial;0;0;4;1;0;0;0;0;0;0;0;0;-3,731096000000000;-38,532029000000000
304696;12;10;2017;20:00;15571;AV FRE CIRILO;RUA LETICIA;;0;;Colis?úo Transversal;Via Iluminada;Bom;Seca;Meio de Quadra;Sem?íforo;Comercial;0;1;1;1;0;0;0;0;0;1;0;0;-3,822257000000000;-38,495262000000000
304700;12;10;2017;14:00;0;RUA BERNARDO MANUEL;;;0;;Colis?úo Traseira;Luz do Dia;Bom;Seca;Meio de Quadra;N?úo H?í Controle;Comercial;0;0;3;1;0;0;0;0;0;0;0;0;;
304701;12;10;2017;16:39;0;AV JOSE BASTOS;;;0;;Engavetamento;Luz do Dia;Bom;Seca;Meio de Quadra;Sem?íforo;Comercial;0;0;3;1;0;0;0;0;0;0;0;0;;
313664;12;10;2017;00:45;5427;RUA FIUZA DE PONTES;RUA GONCALVES LEDO;;0;;Colis?úo;;;;Cruz;Pare;Comercial;0;1;1;1;0;1;0;0;0;0;0;0;-3,733720000000000;-38,516830000000000
313669;12;10;2017;03:27;0;RUA PDE PEDRO DE ALENCAR;;;480;;Atropelamento;;;;;;;0;1;1;1;0;0;0;0;0;0;0;0;-3,831756000000000;-38,493984000000000
313670;12;10;2017;05:04;0;AV GODOFREDO MACIEL;;;521;;Colis?úo;Amanhecer;;;Meio de Quadra;;;0;1;1;1;0;0;0;0;0;1;0;0;-3,780790000000000;-38,565093000000000
313671;12;10;2017;05:38;18528;AV MR HULL;AV ENG HUMBERTO MONTE;;0;;Queda;Amanhecer;;;;;;0;2;0;0;0;0;0;0;0;1;0;0;-3,736609000000000;-38,569025000000000
313672;12;10;2017;06:51;0;AV JOSE BASTOS;;;2522;;Queda;Luz do Dia;;;Meio de Quadra;;;0;1;0;0;0;0;0;0;0;1;0;0;-3,743395000000000;-38,544020000000000
313673;12;10;2017;07:35;0;RUA CARLOS VASCONCELOS;;;170;;Queda;Luz do Dia;;;Meio de Quadra;;;0;1;0;0;0;1;0;0;0;0;0;0;-3,723623000000000;-38,507765000000000
313674;12;10;2017;08:43;19611;AV GODOFREDO MACIEL;RUA NEREU RAMOS;;0;;Queda;Luz do Dia;;;T;Sem?íforo;Comercial;0;1;0;0;0;0;0;0;0;1;0;0;-3,787250000000000;-38,566802000000000
313666;12;10;2017;01:32;0;RUA HELVECIO MONTE;;;50;;Queda;;;;Meio de Quadra;;;0;1;0;0;0;0;0;0;0;1;0;0;-3,768535000000000;-38,530198000000000
313676;12;10;2017;09:32;0;AV BEIRA MAR;;;0;;Queda;Luz do Dia;;;Meio de Quadra;;;0;1;0;0;0;1;0;0;0;0;0;0;;
313677;12;10;2017;10:28;0;AV WASHINGTON SOARES;;;0;;Queda;Luz do Dia;;;Meio de Quadra;;;0;1;0;0;0;1;0;0;0;0;0;0;;
313678;12;10;2017;10:49;0;AV GOV RAUL BARBOSA;;;7405;;Colis?úo;Luz do Dia;;;Meio de Quadra;;;0;1;1;0;0;0;0;0;0;0;0;0;-3,776391000000000;-38,513159000000000
313679;12;10;2017;12:13;10053;RUA OLIVEIRA SOBRINHO;RUA TAUBATE;;0;;Colis?úo;Luz do Dia;;;Cruz;N?úo H?í Controle;Residencial;0;1;1;0;0;0;0;0;0;1;0;0;-3,779404000000000;-38,598381000000000
313686;12;10;2017;17:44;0;RUA ISABEL FERREIRA;;;1073;;Colis?úo;Anoitecer;;;Meio de Quadra;;;0;1;1;0;0;0;0;0;0;0;0;0;-3,830257641000000;-38,466625516000000
313682;12;10;2017;13:57;0;AV MOZART PINHEIRO DE LUCENA;;;2316;;Queda;Luz do Dia;;;Meio de Quadra;;;0;1;0;0;0;1;0;0;0;0;0;0;-3,723594000000000;-38,597249000000000
313689;12;10;2017;18:12;0;AV AUGUSTO DOS ANJOS;;;512;;Colis?úo;Anoitecer;;;Meio de Quadra;;;0;1;1;1;0;0;0;0;0;1;0;0;-3,773293000000000;-38,573032000000000
313691;12;10;2017;19:20;0;AV CASTELO DE CASTRO;;;0;CASTEL?âO;Colis?úo;;;;Meio de Quadra;;;0;1;0;0;0;0;0;0;0;1;0;0;;
313693;12;10;2017;19:38;0;LOGRADOURO SEM NOME;;;811;;Colis?úo;;;;Meio de Quadra;;;0;1;1;1;0;0;0;0;0;1;0;0;;
313695;12;10;2017;19:49;0;RUA GRACA ARANHA;;;1736;;Queda;;;;Meio de Quadra;;;0;1;0;0;0;0;0;0;0;1;0;0;-3,717051000000000;-38,576509000000000
313697;12;10;2017;19:59;0;RUA 12 DE JULHO;;;685;;Colis?úo;;;;Meio de Quadra;;;0;1;1;0;0;1;0;0;0;0;0;0;-3,777291000000000;-38,586415000000000
313698;12;10;2017;20:03;0;AV G CJ CEARA;;;0;;Capotamento;;;;Meio de Quadra;;;0;1;0;1;0;0;0;0;0;0;0;0;;
313699;12;10;2017;20:22;0;RUA OTO DE ALENCAR;;;0;;Colis?úo;;;;Meio de Quadra;;;0;2;1;1;0;0;0;0;0;0;0;0;;
313700;12;10;2017;20:47;0;RUA SILVINHA TELES D69;;;469;;Colis?úo;;;;Meio de Quadra;;;0;1;1;1;0;0;0;0;0;1;0;0;-3,848356000000000;-38,526682000000000
313684;12;10;2017;16:34;0;RUA URUCUTUBA;;;0;;Queda;Luz do Dia;;;Meio de Quadra;;;0;2;0;0;0;0;0;0;0;1;0;0;;
313702;12;10;2017;21:01;0;LOGRADOURO SEM NOME;;;675;;Colis?úo;;;;Meio de Quadra;;;0;1;1;0;0;0;0;0;0;0;0;0;;
313703;12;10;2017;21:03;22737;RUA WALDEMAR ALCANTARA;RUA SANDRA GENTIL;;0;;Atropelamento;;;;;;;0;1;1;0;0;0;0;0;0;0;0;0;-3,798594000000000;-38,468626000000000
313704;12;10;2017;21:51;0;AV MOZART PINHEIRO DE LUCENA;;;1259;;Colis?úo;;;;Meio de Quadra;;;0;1;1;1;0;0;0;0;0;1;0;0;-3,713726000000000;-38,594384000000000
313705;12;10;2017;22:48;0;RUA GUILHERME PESSOA;;;1110;;Colis?úo;;;;Meio de Quadra;;;0;1;1;0;0;0;0;0;0;0;0;0;-3,827499600000000;-38,485559000000000
314207;12;10;2017;10:55;0;RD CE-040;;;0;KM-03;Colis?úo;Luz do Dia;Bom;Seca;Meio de Quadra;;;0;0;2;1;0;0;0;0;0;0;0;0;-3,782614325000000;-38,481083900000000
311740;12;10;2017;16:47;24993;RUA ROCHA LIMA;AV DOM MANUEL;;0;;Colis?úo Lateral;Luz do Dia;Bom;Seca;Cruz;Sem?íforo;Comercial;0;1;1;1;0;0;0;0;0;1;0;0;-3,735928800000000;-38,523678000000000
311741;12;10;2017;19:57;0;AV PRS COSTA E SILVA;;;0;CIALNE;Colis?úo Traseira;Luz do Dia;Bom;Seca;Meio de Quadra;Sem?íforo;Comercial;0;1;1;0;1;0;0;0;0;1;0;0;-3,827037000000000;-38,536385000000000
311742;12;10;2017;20:08;0;RUA MON SALAZAR;;;200;;Colis?úo Lateral;Via Iluminada;Bom;Seca;Meio de Quadra;N?úo H?í Controle;Residencial;0;1;1;1;0;0;0;0;0;0;0;0;-3,756564100000000;-38,518486000000000
311734;12;10;2017;02:01;0;RUA CEL DIONISIO ALENCAR;;;19431941;;Choque c/ Obst?ículo Fixo;Via Iluminada;Nublado;Seca;T;Pare;Residencial;0;0;2;1;0;0;0;0;0;0;0;0;-3,851617800000000;-38,505060000000000
311735;12;10;2017;03:08;15832;RUA TEN JURANDIR ALENCAR;RUA PDE PEDRO DE ALENCAR;;0;;Choque c/ Obst?ículo Fixo;Via Iluminada;Bom;Seca;Cruz;Sem?íforo;Comercial;0;2;0;0;1;0;0;0;0;0;0;0;-3,831751600000000;-38,494080000000000
311736;12;10;2017;03:37;0;AV DES MOREIRA;;;1500;;Atropelamento;Via Iluminada;Bom;Seca;Meio de Quadra;N?úo H?í Controle;Comercial;0;1;1;1;0;0;0;0;0;0;0;0;-3,738617000000000;-38,499104000000000
311737;12;10;2017;08:17;5300;RUA BAR RIO BRANCO;RUA PEDRO PEREIRA;;0;;Colis?úo Transversal;Luz do Dia;Nublado;Molhada;Cruz;Sem?íforo;Comercial;0;1;1;1;0;0;0;0;0;0;0;0;-3,729354100000000;-38,529232000000000
311738;12;10;2017;11:54;0;AV PRS COSTA E SILVA;;;1720;;Colis?úo Transversal;Luz do Dia;Bom;Seca;Meio de Quadra;N?úo H?í Controle;Comercial;0;0;2;1;0;0;0;0;0;1;0;0;-3,817061400000000;-38,566410000000000