COD_ACIDENTE;DIA;MES;ANO;HORA;INTERSECAO;LOG1;LOG2;LOG3;NUMERO;REFERENCIA;NATUREZA;ILUMINACAO;TEMPO;SUPERFICIEPISTA;TIPOCRUZAMENTO;CONTROLETRAFEGO;USOSOLO;MORTOS;FERIDOS;ILESOS;AUTOMOVEL;ONIBUS;BICICLETA;CAMINHAO;MICROONIBUS;CICLOMOTOR;MOTOCICLETA;TRACAOANIMAL;TREM;LATITUDE;LONGITUDE
312068;12;10;2017;04:10;15835;RUA CEL DIONISIO ALENCAR;RUA MANUEL CASTELO BRANCO;;0;;Choque c/ Obst?ículo Fixo;Via Iluminada;Bom;Seca;T;Pare;Residencial;0;0;1;1;0;0;0;0;0;0;0;0;-3,832973000000000;-38,488281000000000
311743;13;10;2017;07:30;0;RUA OSVALDO CRUZ;;;3155;;Colis?úo Transversal;Luz do Dia;Bom;Seca;Cruz;Pare;Comercial;0;0;2;1;0;0;0;0;0;0;0;0;-3,751679400000000;-38,505463000000000
311744;13;10;2017;07:55;17327;RUA ALM RUFINO;RUA ANTONIO CORREIA LIMA;;0;;Choque c/ Obst?ículo Fixo;Luz do Dia;Nublado;Seca;Cruz;Pare;Residencial;0;0;1;1;0;0;0;0;0;0;0;0;-3,764902000000000;-38,542732000000000
311745;13;10;2017;08:57;0;RUA VINTE E CINCO DE MARCO;;;50;;Colis?úo Lateral;Luz do Dia;Bom;Seca;Meio de Quadra;N?úo H?í Controle;Residencial;0;1;1;1;0;0;0;0;0;1;0;0;-3,724482500000000;-38,521010000000000
311746;13;10;2017;09:00;0;AV GODOFREDO MACIEL;;;878;;Colis?úo Traseira;Luz do Dia;Bom;Seca;Meio de Quadra;Sem?íforo;Comercial;0;0;2;1;0;0;0;0;0;0;0;0;-3,784041200000000;-38,566220000000000
311747;13;10;2017;09:07;0;RUA MON BRUNO;;;650;;Colis?úo Lateral;Luz do Dia;Bom;Seca;Cruz;Pare;Comercial;0;0;2;1;1;0;0;0;0;0;0;0;-3,728311300000000;-38,508217000000000
311748;13;10;2017;09:52;0;AV SGT HERMINIO SAMPAIO;;;808;;Colis?úo Transversal;Luz do Dia;Bom;Seca;Meio de Quadra;N?úo H?í Controle;Comercial;0;2;0;0;0;0;0;0;0;1;0;0;-3,724590000000000;-38,547940000000000
311749;13;10;2017;08:00;0;AV GAL OSORIO DE PAIVA;;;5940;;Colis?úo Lateral;Luz do Dia;Bom;Seca;T;N?úo H?í Controle;Comercial;0;0;2;0;0;0;0;0;0;1;0;0;-3,808349600000000;-38,605840000000000
311750;13;10;2017;11:31;22084;RUA ANA NERY;RUA CAP FRANCISCO PEDRO;;0;;Colis?úo Transversal;Luz do Dia;Bom;Seca;Cruz;Pare;Residencial;0;1;1;1;0;0;0;0;0;0;0;0;-3,747497300000000;-38,549034000000000
311751;13;10;2017;13:16;0;RUA CARLOS VASCONCELOS;;;977;;Colis?úo Traseira;Luz do Dia;Bom;Seca;Meio de Quadra;N?úo H?í Controle;Comercial;0;0;2;1;0;0;0;0;0;0;0;0;-3,730654700000000;-38,510040000000000
311752;13;10;2017;11:20;0;AV JOSE BASTOS;;;3602;;Engavetamento;Luz do Dia;Bom;Seca;Meio de Quadra;N?úo H?í Controle;Comercial;0;0;3;1;0;0;0;0;0;0;0;0;-3,750436500000000;-38,551030000000000
311753;13;10;2017;14:25;0;RUA CEL JUCA;;;510;;Colis?úo Lateral;Luz do Dia;Bom;Seca;Meio de Quadra;N?úo H?í Controle;Comercial;0;0;2;1;0;0;0;0;0;0;0;0;-3,737018300000000;-38,491096000000000
311754;13;10;2017;12:28;21729;RUA PDE MANUEL PRIMO;RUA DR JOSE GOIANA;;0;;Colis?úo Transversal;Luz do Dia;Bom;Seca;Cruz;N?úo H?í Controle;Residencial;0;1;1;1;0;0;0;0;0;1;0;0;-3,728144600000000;-38,591774000000000
311755;13;10;2017;12:58;0;RUA PRA HELOISA F LIMA;RUA PEDRO WILSON (ITAPERI);;0;;Colis?úo Transversal;Luz do Dia;Bom;Seca;Cruz;Pare;Residencial;0;0;2;1;0;0;0;0;0;1;0;0;-3,790976800000000;-38,546867000000000
311756;13;10;2017;13:08;0;AV SEN FERNANDES TAVORA;TV HELENA MARIA;;0;;Colis?úo Traseira;Luz do Dia;Bom;Seca;Meio de Quadra;Gesto;Comercial;0;1;1;1;0;0;0;0;0;1;0;0;-3,766087500000000;-38,574837000000000
311757;13;10;2017;16:58;4020;AV PRO GOMES DE MATOS;RUA SAMUEL UCHOA;;0;;Colis?úo Transversal;Luz do Dia;Bom;Seca;Cruz;Sem?íforo;Comercial;0;1;1;1;0;0;0;0;0;1;0;0;-3,757199300000000;-38,542248000000000
311758;13;10;2017;18:56;12841;RUA SOLON PINHEIRO;RUA SILVA JARDIM;;0;;Colis?úo Transversal;Via Iluminada;Bom;Seca;Cruz;Pare;Residencial;0;0;2;1;0;0;0;0;0;0;0;0;-3,741487500000000;-38,530037000000000
311759;13;10;2017;19:23;15357;RUA LEONARDO MOTA;RUA PEREIRA VALENTE;;0;;Colis?úo Transversal;Luz do Dia;Bom;Seca;Cruz;Pare;Comercial;0;0;2;1;0;0;0;0;0;0;0;0;-3,732849800000000;-38,495150000000000
311760;13;10;2017;17:01;17331;RUA BAR CANINDE;RUA ROMEU MARTINS;;0;;Colis?úo Lateral;Anoitecer;Outros;Seca;Cruz;Pare;Residencial;0;1;1;1;0;0;0;0;0;1;0;0;-3,764920000000000;-38,554592000000000
311761;13;10;2017;15:20;0;RUA MANUEL CASTELO BRANCO;;;1220;;Colis?úo Lateral;Luz do Dia;Bom;Seca;Meio de Quadra;Pare;Residencial;0;2;0;1;0;0;0;0;0;1;0;0;-3,833656500000000;-38,483944000000000
311762;13;10;2017;18:30;6818;RUA DR GILBERTO STUDART;RUA FRANCISCO MATOS;;0;;Colis?úo Transversal;Via Iluminada;Bom;Seca;Cruz;Pare;Residencial;0;1;1;1;0;0;0;0;0;1;0;0;-3,747175200000000;-38,470154000000000
311763;13;10;2017;19:00;0;RUA OSVALDO CRUZ;RUA CEL ALVES TEIXEIRA;;0;;Colis?úo Transversal;Via Iluminada;Bom;Seca;Cruz;Pare;Residencial;0;2;1;1;0;0;0;0;0;1;0;0;-3,747603000000000;-38,504284000000000
311764;13;10;2017;21:00;1242;RUA COSTA BARROS;RUA DR JOSE LOURENCO;;0;;Colis?úo Transversal;Via Iluminada;Bom;Seca;Cruz;Pare;Residencial;0;0;2;1;0;0;0;0;0;0;0;0;-3,731811500000000;-38,506924000000000
315772;13;10;2017;15:15;0;RD BR 020;;;0;KM 426;Colis?úo Lateral;Luz do Dia;Bom;Seca;Meio de Quadra;;;0;1;1;0;0;0;0;0;0;1;0;0;;
314209;13;10;2017;00:30;0;RD CE-060;;;0;KM-01;Choque c/ Obst?ículo Fixo;;Bom;Seca;Meio de Quadra;;;0;0;3;1;0;0;0;0;0;0;0;0;-3,826136000000000;-38,579500000000000
314212;13;10;2017;17:30;0;RD CE-040;;;0;KM-04;Colis?úo;Anoitecer;Bom;Seca;Meio de Quadra;;;0;0;2;1;0;0;0;0;0;0;0;0;-3,791613156000000;-38,480330840000000
314214;13;10;2017;17:40;0;RD CE-060;;;0;KM-03;Colis?úo;Anoitecer;Bom;Seca;Meio de Quadra;;;0;0;2;1;0;0;0;0;0;0;0;0;-3,843038000000000;-38,585133000000000
313707;13;10;2017;00:13;0;RUA MARACANA;;;223;;Colis?úo;;;;Meio de Quadra;;;0;1;1;0;0;0;0;0;0;0;0;0;-3,773908000000000;-38,569889000000000
313709;13;10;2017;01:04;0;RD DR MENDEL STEINBRUCH;;;4701;;Choque c/ Obst?ículo Fixo;;;;Meio de Quadra;;;0;1;0;1;0;0;0;0;0;0;0;0;-3,816276000000000;-38,574457000000000
313758;13;10;2017;11:08;0;AV PRS CASTELO BRANCO;;;3890;;Queda;Luz do Dia;;;Meio de Quadra;;;0;1;0;0;0;0;0;0;0;1;0;0;-3,708842597000000;-38,567152959000000
313759;13;10;2017;11:27;3316;RUA CHILE;RUA VIRIATO RIBEIRO;;0;;Colis?úo;Luz do Dia;;;Cruz;Pare;Comercial;0;1;1;1;0;0;0;0;0;1;0;0;-3,746178000000000;-38,565276000000000
313763;13;10;2017;11:45;0;RUA FRANCISCO CALACA;;;1300;;Colis?úo;Luz do Dia;;;Meio de Quadra;;;0;1;1;1;0;0;0;0;0;1;0;0;-3,713205000000000;-38,572632000000000
313753;13;10;2017;04:16;25097;AV ENG LEAL LIMA VERDE (SAPIRANGA/COITE);RUA EGIDIO DE OLIVEIRA;;0;;Atropelamento;;;;Cruz;Pare;Residencial;0;1;1;1;0;0;0;0;0;0;0;0;-3,810421000000000;-38,474438000000000
313754;13;10;2017;08:16;0;LOGRADOURO SEM NOME;;;50;;Colis?úo;Luz do Dia;;;Meio de Quadra;;;0;1;1;0;0;0;0;0;0;0;0;0;;
313755;13;10;2017;09:36;25622;AV JOSE LEON;RUA BARRA NOVA;;0;;Colis?úo;Luz do Dia;;;T;Pare;Residencial;0;1;1;0;0;0;0;0;0;0;0;0;-3,786628000000000;-38,506133000000000
313756;13;10;2017;10:11;0;AV SANTOS DUMONT;;;3070;;Colis?úo;Luz do Dia;;;Meio de Quadra;;;0;1;1;1;0;0;0;0;0;1;0;0;-3,736522334000000;-38,497496981000000
313778;13;10;2017;12:29;0;RUA SAO DOMINGOS;;;0;;Colis?úo;Luz do Dia;;;Meio de Quadra;;;0;1;1;1;0;0;0;0;0;1;0;0;;
313783;13;10;2017;14:28;5257;RUA POCINHO;RUA CEL FERRAZ;;0;;Colis?úo;Luz do Dia;;;Cruz;Pare;Comercial;0;1;1;0;0;0;0;0;0;0;0;0;-3,728115000000000;-38,523292000000000
313781;13;10;2017;13:46;0;AV CARNEIRO DE MENDONCA;;;1642;;Colis?úo;Luz do Dia;;;Meio de Quadra;;;0;1;1;1;0;0;0;0;0;1;0;0;-3,760827000000000;-38,573086000000000
313829;13;10;2017;20:32;0;RUA SOLON ONOFRE;;;394;;Colis?úo;;;;Meio de Quadra;;;0;1;1;0;0;0;0;0;0;0;0;0;-3,736019000000000;-38,473584000000000
313832;13;10;2017;20:36;26100;AV MAJ ASSIS;RUA 47 CJ DOS BANCARIOS;;0;;Colis?úo;;;;Cruz;N?úo H?í Controle;Misto;0;1;1;1;0;1;0;0;0;0;0;0;-3,720151000000000;-38,602032000000000
313825;13;10;2017;19:27;0;AV SIQUEIRA CAMPOS;;;1201;;Colis?úo;;;;Meio de Quadra;;;0;1;1;0;0;0;0;0;0;0;0;0;-3,814462100000000;-38,626923900000000
313836;13;10;2017;20:42;0;AV BEIRA MAR;;;0;;Queda;;;;Meio de Quadra;;;0;1;0;0;0;1;0;0;0;0;0;0;;
313837;13;10;2017;20:54;0;RUA PEDRO DANTAS;;;313;;Colis?úo;;;;Meio de Quadra;;;0;1;1;1;0;0;0;0;0;1;0;0;-3,786185000000000;-38,520384000000000
313840;13;10;2017;23:35;0;RUA DEP MATOSO FILHO;;;1045;;Colis?úo;;;;Meio de Quadra;;;0;1;1;1;0;0;0;0;0;1;0;0;-3,733500000000000;-38,593101000000000
313818;13;10;2017;18:34;0;TERM TERMINAL DO ANTONIO BEZERRA;;;0;;Colis?úo;;;;Meio de Quadra;;;0;1;1;0;1;0;0;0;0;0;0;0;;
313819;13;10;2017;18:50;0;LOGRADOURO SEM NOME;;;0;;Colis?úo;;;;Meio de Quadra;;;0;1;1;1;0;0;0;0;0;1;0;0;;
313815;13;10;2017;17:25;0;RUA DOS TREVOS;;;704;;Queda;Anoitecer;;;Meio de Quadra;;;0;1;0;0;0;1;0;0;0;0;0;0;;
313816;13;10;2017;18:32;0;AV OLAVO BILAC;;;449;;Colis?úo;;;;Meio de Quadra;;;0;1;1;0;0;0;0;0;0;0;0;0;-3,725320000000000;-38,565545000000000
313821;13;10;2017;19:09;7838;RUA CEL ALVES TEIXEIRA;RUA OSVALDO CRUZ (ALDEOTA);;0;;Colis?úo;;;;Cruz;Pare;Residencial;0;1;1;0;0;0;0;0;0;0;0;0;-3,747655000000000;-38,504210000000000
313822;13;10;2017;19:11;2995;RUA MARIA JULIA;VL SENHOR DO BOMFIM D20;;0;;Colis?úo;;;;;;;0;1;2;1;0;0;0;0;0;1;0;0;-3,802703000000000;-38,603646000000000
313811;13;10;2017;16:50;0;RD BR 116;;;0;MAKRO;Colis?úo;Luz do Dia;;;Meio de Quadra;;;0;1;1;1;0;0;0;0;0;1;0;0;-3,781940000000000;-38,513731000000000
313791;13;10;2017;16:36;23453;RUA CAP MELO;RUA PAULO FIRMEZA;;0;;Colis?úo;Luz do Dia;;;Cruz;Pare;Residencial;0;2;1;0;0;0;1;0;0;1;0;0;-3,757131000000000;-38,512966000000000
313786;13;10;2017;15:33;0;AV ALBERTO CRAVEIRO;;;0;;Colis?úo;Luz do Dia;;;Meio de Quadra;;;0;1;1;1;0;0;0;0;0;1;0;0;;
304702;13;10;2017;20:20;0;RUA ALVES BEZERRA;;;113;;Colis?úo Lateral;;;;Meio de Quadra;;;0;0;2;1;0;0;0;0;0;0;0;0;-3,809189000000000;-38,607349000000000
304692;13;10;2017;19:30;19746;RUA GUSTAVO SAMPAIO;RUA ARMANDO OLIVEIRA;;0;;Colis?úo Lateral;;;;;N?úo H?í Controle;Residencial;0;1;2;0;0;0;0;0;0;1;0;0;-3,737521000000000;-38,567382000000000
304689;13;10;2017;19:15;0;AV PRS CASTELO BRANCO;;;2995;;Colis?úo Lateral;;;;Meio de Quadra;;;0;1;1;0;0;0;0;0;0;1;0;0;-3,711798000000000;-38,556051000000000
304673;13;10;2017;;0;AV AMERICO BARREIRA;;;6262;;Colis?úo Traseira;;;;Meio de Quadra;;;0;1;1;1;1;0;0;0;0;0;0;0;;
304670;13;10;2017;18:30;0;AV ENG SANTANA JUNIOR;;;0;TUNEL DEP WELLINGTON LANDIM;Colis?úo Traseira;Anoitecer;;;Meio de Quadra;Sem?íforo;Comercial;0;0;2;1;0;0;0;0;0;0;0;0;-3,744023906000000;-38,487937662000000
304671;13;10;2017;13:00;17908;AV SGT HERMINIO SAMPAIO;RUA BANVAR BEZERRA;;0;;Colis?úo Transversal;Luz do Dia;;;Cruz;Sem?íforo;Residencial;0;1;1;0;0;0;1;0;0;1;0;0;-3,731982000000000;-38,580411000000000
304668;13;10;2017;15:00;1432;AV SEN VIRGILIO TAVORA;AV SANTOS DUMONT;;0;;Colis?úo Traseira;Luz do Dia;;;Cruz;Sem?íforo;Comercial;0;0;2;0;0;0;0;0;0;1;0;0;-3,737828000000000;-38,493482000000000
304716;14;10;2017;10:30;10300;AV SEN FERNANDES TAVORA;RUA JOSE MENDONCA;;0;;Colis?úo Lateral;Luz do Dia;;;Cruz;Pare;Comercial;0;0;2;1;0;0;0;0;0;0;0;0;-3,754492000000000;-38,601696000000000
304720;14;10;2017;17:30;10696;RUA SILVA BAIMA;RUA ANTONIO IVO;;0;;Colis?úo Lateral;Anoitecer;;;Cruz;N?úo H?í Controle;Residencial;0;1;1;1;0;0;0;0;0;1;0;0;-3,757168000000000;-38,579692000000000
304718;14;10;2017;03:30;0;AV DR SILAS MUNGUBA;;;4820;;Choque c/ Obst?ículo Fixo;;;;Meio de Quadra;;;0;1;0;1;0;0;0;0;0;0;0;0;-3,795451000000000;-38,532654000000000
304703;14;10;2017;14:25;0;AV HERACLITO GRACA;;;144;;Colis?úo Lateral;Luz do Dia;;;Meio de Quadra;;;0;0;2;1;0;0;0;0;0;0;0;0;-3,733966000000000;-38,523096000000000
304344;14;10;2017;06:00;0;RUA STA ELISA D21;;;1423;;Colis?úo Frontal;Luz do Dia;;;Meio de Quadra;;;1;0;1;0;0;0;0;1;0;1;0;0;-3,703875000000000;-38,566143000000000
313852;14;10;2017;06:47;0;RD BR 116;;;7200;KM-07;Queda;Luz do Dia;;;Meio de Quadra;;;0;1;0;0;0;0;0;0;0;1;0;0;-3,787067000000000;-38,511211000000000
313856;14;10;2017;07:59;8790;RUA ELISEU ORIA;RUA MARCELINO LOPES;;0;;Colis?úo;Luz do Dia;;;Outros;Pare;Residencial;0;1;1;0;0;0;0;0;0;0;0;0;-3,792999000000000;-38,477633000000000
313858;14;10;2017;08:06;0;AV DOMINGOS OLIMPIO;;;1175;;Atropelamento;Luz do Dia;;;Meio de Quadra;;;0;1;1;1;0;0;0;0;0;0;0;0;-3,735821000000000;-38,533438000000000
313859;14;10;2017;09:08;0;RUA OITO CJ MIRASSOL;;;320;;Queda;Luz do Dia;;;Meio de Quadra;;;0;1;0;0;0;0;0;0;0;1;0;0;;
313860;14;10;2017;10:51;0;AV CESAR CALS;;;0;;Atropelamento;Luz do Dia;;;Meio de Quadra;;;0;1;1;0;0;0;0;0;0;1;0;0;;
313861;14;10;2017;11:36;0;RUA 1008 CJ CEARA;;;169;;Colis?úo;Luz do Dia;;;Meio de Quadra;;;0;1;1;1;0;0;0;0;0;1;0;0;;
313844;14;10;2017;01:03;23646;RUA DR ATUALPA (V. ELERY);RUA CAP NESTOR GOIS;;0;;Colis?úo;;;;Cruz;Pare;Residencial;0;1;1;1;0;0;0;0;0;1;0;0;-3,722879000000000;-38,561421000000000
313845;14;10;2017;06:19;0;VL DO MAR;;;1451;;Colis?úo;Luz do Dia;;;Meio de Quadra;;;0;1;1;0;0;0;0;0;0;0;0;0;;
313876;14;10;2017;18:56;0;RUA SAO PAULO;;;1085;;Colis?úo;;;;Meio de Quadra;;;0;2;1;1;0;0;0;0;0;1;0;0;-3,723504000000000;-38,535205000000000
313878;14;10;2017;20:31;0;RUA 4 UI 901;;;315;;Colis?úo;;;;Meio de Quadra;;;0;1;1;0;0;0;0;0;0;0;0;0;;
313879;14;10;2017;21:29;0;RUA CEARA;;;625;;Colis?úo;;;;Meio de Quadra;Pare;Residencial;0;1;1;0;0;0;0;0;0;1;0;0;-3,760505000000000;-38,563353000000000
313881;14;10;2017;22:09;1900;RUA MARIA QUINTINO;RUA AUGUSTA BENEVIDES;;0;;Colis?úo;;;;Cruz;N?úo H?í Controle;Comercial;0;1;1;0;0;0;0;0;0;0;0;0;-3,849445000000000;-38,499690000000000
313870;14;10;2017;14:03;0;AV CASTELO DE CASTRO;;;486;;Colis?úo;Luz do Dia;;;Meio de Quadra;;;0;1;1;1;0;0;0;0;0;1;0;0;-3,833606000000000;-38,521578000000000
313871;14;10;2017;15:13;0;AV FRANCISCO SA;;;2979;;Colis?úo;Luz do Dia;;;Meio de Quadra;;;0;2;1;1;0;0;0;0;0;1;0;0;-3,719013000000000;-38,552517000000000
313873;14;10;2017;17:07;0;AV DEP PAULINO ROCHA;;;3131;CASTELAO;Colis?úo;Anoitecer;;;Meio de Quadra;;;0;1;1;1;0;0;0;0;0;1;0;0;-3,808405000000000;-38,523807000000000
313874;14;10;2017;18:08;0;RD BR 116;;;5846;KM-05;Atropelamento;Anoitecer;;;Meio de Quadra;;;0;1;1;0;0;0;0;0;0;1;0;0;-3,772550000000000;-38,516439000000000
313883;14;10;2017;23:19;0;RUA DR QUIXADA FELICIO;;;511;;Colis?úo;;;;Meio de Quadra;;;0;1;1;1;0;0;0;0;0;1;0;0;-3,709445000000000;-38,597707600000000
313884;14;10;2017;23:34;24689;RUA RAIMUNDO GOMES;RUA GEORGE CAVALCANTE;;0;;Colis?úo;;;;Cruz;N?úo H?í Controle;Residencial;0;2;1;0;0;0;0;0;0;1;0;0;-3,714337000000000;-38,590124000000000
313885;14;10;2017;23:57;26091;AV JOSE JATAHY;AV JOVITA FEITOSA;;0;;Choque c/ Obst?ículo Fixo;;;;Cruz;Sem?íforo;Comercial;0;1;0;1;0;0;0;0;0;0;0;0;-3,737273000000000;-38,543936000000000
315777;14;10;2017;17:00;0;RD BR 116;;;13000;KM-13;Colis?úo Traseira;Anoitecer;Bom;Seca;Meio de Quadra;;;0;0;2;0;0;0;0;0;0;0;0;0;-3,864670000000000;-38,497727000000000
315774;14;10;2017;16:45;0;RD BR 116;;;3000;KM-03;Colis?úo Lateral;Luz do Dia;Bom;Seca;Meio de Quadra;;;0;1;1;1;0;0;0;0;0;1;0;0;-3,779838000000000;-38,514372000000000
315779;14;10;2017;22:40;0;RD BR 116;;;5000;KM-05;Colis?úo Traseira;;Bom;Seca;Meio de Quadra;;;0;1;2;1;0;0;0;0;0;1;0;0;-3,796502000000000;-38,506787000000000
311765;14;10;2017;06:30;15331;RUA PEREIRA FILGUEIRAS;RUA SILVA PAULET;;0;;Colis?úo Transversal;Luz do Dia;Bom;Seca;Cruz;Pare;Comercial;0;2;0;1;0;0;0;0;0;0;0;0;-3,734573100000000;-38,506546000000000
311767;14;10;2017;07:55;0;RUA SEN POMPEU;;;2891;;Colis?úo Traseira;Luz do Dia;Bom;Seca;Meio de Quadra;N?úo H?í Controle;Comercial;0;0;2;1;0;0;0;0;0;0;0;0;-3,743835000000000;-38,534690000000000
311768;14;10;2017;10:15;0;RUA CAP FRANCISCO PEDRO;;;1210;;Colis?úo Traseira;Luz do Dia;Bom;Seca;Meio de Quadra;N?úo H?í Controle;Escola;0;0;1;1;0;0;0;0;0;0;0;0;-3,748491500000000;-38,550198000000000
311769;14;10;2017;11:21;0;RUA EDUARDO PERDIGAO;;;475;;Colis?úo Lateral;Luz do Dia;Nublado;Seca;Meio de Quadra;Sem?íforo;Comercial;0;0;2;1;1;0;0;0;0;0;0;0;-3,777248600000000;-38,563072000000000
311770;14;10;2017;13:27;0;AV 13 DE MAIO;;;3454;;Colis?úo Traseira;Luz do Dia;Bom;Seca;Meio de Quadra;N?úo H?í Controle;Comercial;0;0;2;1;1;0;0;0;0;0;0;0;-3,741730700000000;-38,538166000000000
311771;14;10;2017;14:27;0;RUA VILEBALDO AGUIAR;;;590;;Colis?úo Transversal;Luz do Dia;Bom;Seca;Meio de Quadra;N?úo H?í Controle;Residencial;0;0;1;1;0;0;0;0;0;0;0;0;-3,742345800000000;-38,482567000000000
311772;14;10;2017;14:36;17327;RUA ALM RUFINO;RUA ANTONIO CORREIA LIMA;;0;;Choque c/ Obst?ículo Fixo;Luz do Dia;Bom;Seca;Cruz;Pare;Residencial;0;0;2;1;0;0;0;0;0;0;0;0;-3,764718500000000;-38,542760000000000
311773;14;10;2017;13:22;5473;AV HERACLITO GRACA;RUA JOAO CORDEIRO;;0;;Colis?úo Traseira;Luz do Dia;Bom;Seca;Cruz;Sem?íforo;Comercial;0;1;2;1;0;0;0;0;0;1;0;0;-3,735946700000000;-38,516876000000000
311774;14;10;2017;15:11;0;AV DR SILAS MUNGUBA;;;5454;;Colis?úo Lateral;Luz do Dia;Bom;Seca;Meio de Quadra;D?¬ Prefer?¬ncia;Comercial;0;0;2;0;1;0;0;0;0;0;0;0;-3,801720100000000;-38,529800000000000
311775;14;10;2017;14:20;0;AV ALBERTO CRAVEIRO;;;1670;;Colis?úo Lateral;Luz do Dia;Bom;Seca;Meio de Quadra;N?úo H?í Controle;Escola;0;0;1;1;0;0;0;0;0;0;0;0;-3,794129100000000;-38,518060000000000
311776;14;10;2017;14:20;5161;RUA MAJ FACUNDO;RUA SEN ALENCAR;;0;;Colis?úo Transversal;Luz do Dia;Bom;Seca;Cruz;Pare;Comercial;0;1;1;1;0;0;0;0;0;1;0;0;-3,725308200000000;-38,527115000000000
311777;14;10;2017;15:55;0;RUA UM (SUMARE);AV DR SILAS MUNGUBA;;0;;Colis?úo Transversal;Luz do Dia;Bom;Seca;Meio de Quadra;N?úo H?í Controle;Comercial;0;0;2;1;0;0;0;0;0;0;0;0;-3,801071400000000;-38,530216000000000
311778;14;10;2017;16:55;3175;RUA LUZIA MOREIRA;RUA VITAL BRASIL;;0;;Queda;Luz do Dia;Bom;Seca;Cruz;Pare;Residencial;0;1;0;0;0;0;0;0;0;1;0;0;-3,779358100000000;-38,593113000000000
311779;14;10;2017;18:39;15142;AV MON TABOSA;RUA MON BRUNO;;0;;Colis?úo Transversal;Via Iluminada;Bom;Seca;Cruz;Pare;Comercial;0;0;2;1;0;0;0;0;0;0;0;0;-3,724468700000000;-38,506640000000000
311780;14;10;2017;19:00;0;AV PRS COSTA E SILVA;;;1347;;Colis?úo Traseira;Via Iluminada;Bom;Seca;Meio de Quadra;Sem?íforo;Residencial;0;0;2;1;0;0;0;0;0;0;0;0;-3,805689300000000;-38,553450000000000
311781;15;10;2017;00:24;21395;RUA MAL LOTT;RUA CON BRAVEZA;;0;;Colis?úo Transversal;Via Iluminada;Chuva;Molhada;Cruz;Pare;Residencial;0;1;1;1;0;0;0;0;0;1;0;0;-3,801470300000000;-38,496464000000000
311782;15;10;2017;15:14;0;AV PRS COSTA E SILVA;;;3601;;Engavetamento;Luz do Dia;Bom;Seca;Meio de Quadra;N?úo H?í Controle;Rural;0;0;3;1;0;0;0;0;0;0;0;0;-3,823902100000000;-38,548824000000000
311783;15;10;2017;16:02;3362;RUA AMAZONAS;RUA STA CATARINA (BELA VISTA / PAN AMERICANO);;0;;Colis?úo Lateral;Luz do Dia;Bom;Seca;Cruz;Pare;Residencial;0;1;1;1;0;0;0;0;0;1;0;0;-3,752896300000000;-38,564760000000000
311784;15;10;2017;19:59;25447;RUA FRANCISCO GLICERIO;RUA HOLANDA;;0;;Colis?úo Lateral;Mal Iluminada;Bom;Seca;T;Pare;Comercial;0;1;1;1;0;0;0;0;0;1;0;0;-3,798204400000000;-38,562330000000000
311815;15;10;2017;15:05;0;AV GODOFREDO MACIEL;;;2640;;Colis?úo Lateral;Luz do Dia;Bom;Seca;Meio de Quadra;N?úo H?í Controle;Comercial;0;1;1;1;0;0;0;0;0;1;0;0;-3,798200600000000;-38,570526000000000
315780;15;10;2017;11:35;0;RD BR 116;;;13000;KM-13;Colis?úo Transversal;Luz do Dia;Bom;Seca;Meio de Quadra;;;0;0;2;1;0;0;0;0;0;0;0;0;-3,864670000000000;-38,497727000000000
315781;15;10;2017;10:40;0;RD BR 116;;;7000;KM-07;Colis?úo Traseira;Luz do Dia;Chuva;Molhada;Meio de Quadra;;;0;0;2;1;1;0;0;0;0;0;0;0;-3,786917000000000;-38,511279000000000
313886;15;10;2017;00:41;0;RUA CAP HUGO BEZERRA;;;480;;Queda;;;;Meio de Quadra;;;0;1;0;0;0;1;0;0;0;0;0;0;-3,820824000000000;-38,508653000000000
313887;15;10;2017;01:03;0;AV PRS COSTA E SILVA;;;3239;RAMPA DO JANGURUSSU;Colis?úo;;;;Meio de Quadra;;;0;1;1;1;0;0;0;0;0;1;0;0;;
313892;15;10;2017;02:01;0;RUA 860 CJ CEARA;;;0;;Colis?úo;;;;Meio de Quadra;;;0;1;1;0;0;0;0;0;0;1;0;0;;
313893;15;10;2017;02:27;0;AV PRS JUSCELINO KUBITSCHEK (PASSAR?ë);;;0;;Colis?úo;;;;Meio de Quadra;;;0;1;1;1;0;0;0;0;0;1;0;0;;
313894;15;10;2017;04:49;0;AV JOSE BASTOS;;;0;;Queda;;;;Meio de Quadra;;;0;1;0;0;0;0;0;0;0;1;0;0;;
313895;15;10;2017;06:52;0;RUA HUMAITA D73;;;945;;Queda;Luz do Dia;;;Meio de Quadra;;;0;1;0;0;0;0;0;0;0;1;0;0;-3,757392000000000;-38,600009000000000
313896;15;10;2017;07:23;0;RUA 2 PQ SANTANA;;;780;;Colis?úo;Luz do Dia;;;Meio de Quadra;;;0;1;1;1;0;0;0;0;0;1;0;0;;
313898;15;10;2017;08:40;0;AV DOLOR BARREIRA;;;0;;Queda;Luz do Dia;;;Meio de Quadra;;;0;1;0;0;0;0;0;0;0;1;0;0;;