COD_ACIDENTE;DIA;MES;ANO;HORA;INTERSECAO;LOG1;LOG2;LOG3;NUMERO;REFERENCIA;NATUREZA;ILUMINACAO;TEMPO;SUPERFICIEPISTA;TIPOCRUZAMENTO;CONTROLETRAFEGO;USOSOLO;MORTOS;FERIDOS;ILESOS;AUTOMOVEL;ONIBUS;BICICLETA;CAMINHAO;MICROONIBUS;CICLOMOTOR;MOTOCICLETA;TRACAOANIMAL;TREM;LATITUDE;LONGITUDE
313890;15;10;2017;01:28;9750;RUA CEL FABRICIANO;RUA SAO LUIZ DO OESTE;;0;;Colis?úo;;;;Cruz;Pare;Comercial;0;2;0;0;0;0;0;0;0;1;0;0;-3,782125000000000;-38,610116000000000
313903;15;10;2017;08:45;0;AV SEN FERNANDES TAVORA;;;0;;Colis?úo;Luz do Dia;;;Meio de Quadra;;;0;1;1;1;0;0;0;0;0;1;0;0;;
313904;15;10;2017;08:51;0;AV C CJ JOSE WALTER;;;0;;Colis?úo;Luz do Dia;;;Meio de Quadra;;;0;1;1;0;0;0;0;0;0;0;0;0;;
313905;15;10;2017;09:52;0;RUA ATAULFO ALVES;;;327;;Queda;Luz do Dia;;;Meio de Quadra;;;0;1;0;0;0;0;0;0;0;1;0;0;-3,783382000000000;-38,497195000000000
313906;15;10;2017;11:01;0;AV PONTES VIEIRA;;;74;;Atropelamento;Luz do Dia;;;Meio de Quadra;;;0;1;1;0;1;0;0;0;0;0;0;0;-3,753471000000000;-38,519879000000000
313908;15;10;2017;13:23;0;AV ENG HUMBERTO MONTE;;;437;;Queda;Luz do Dia;;;Meio de Quadra;;;0;1;0;0;0;0;0;0;0;1;0;0;-3,754197000000000;-38,556192000000000
313910;15;10;2017;13:31;3030;RUA ANDRE REBOUCAS;RUA DIOGO CORREIA;;0;;Colis?úo;Luz do Dia;;;Cruz;Sem?íforo;Comercial;0;1;1;0;0;0;0;0;0;0;0;0;-3,774008000000000;-38,588606000000000
313911;15;10;2017;13:35;12819;AV PRO GOMES DE MATOS;RUA ANDRE CHAVES;;0;;Colis?úo;Luz do Dia;;;Cruz;Sem?íforo Intermitente;Comercial;0;1;1;1;0;0;0;0;0;1;0;0;-3,756396000000000;-38,541533000000000
313913;15;10;2017;14:06;0;RUA CEL JOAO OLIVEIRA;;;432;;Colis?úo;Luz do Dia;;;Meio de Quadra;;;0;1;1;0;0;0;0;0;0;0;0;0;-3,822522000000000;-38,490594000000000
313914;15;10;2017;14:30;0;AV GOV PARSIFAL BARROSO;;;0;;Queda;Luz do Dia;;;Meio de Quadra;;;0;1;0;0;0;1;0;0;0;0;0;0;;
313915;15;10;2017;14:56;0;AV COS GOMES DE FREITAS (SAPIRANGA/COITE);;;0;;Colis?úo;Luz do Dia;;;Meio de Quadra;;;0;2;0;0;0;0;0;0;0;1;0;0;;
313916;15;10;2017;15:33;0;AV PRS COSTA E SILVA;;;5550;;Colis?úo;Luz do Dia;;;Meio de Quadra;;;0;1;1;1;0;0;0;0;0;0;0;0;-3,828718000000000;-38,530629000000000
313919;15;10;2017;15:52;0;AV SEN FERNANDES TAVORA;;;0;;Atropelamento;Luz do Dia;;;Meio de Quadra;;;0;1;1;0;0;0;0;0;0;1;0;0;;
313923;15;10;2017;18:10;0;RUA BOM JESUS (BARRA DO CEARA);;;1471;;Colis?úo;Anoitecer;;;Meio de Quadra;;;0;2;0;0;0;0;0;0;0;0;0;0;;
313926;15;10;2017;18:34;0;AV PRS CASTELO BRANCO;;;0;;Queda;;;;Meio de Quadra;;;0;1;0;0;0;0;0;0;0;1;0;0;;
313927;15;10;2017;18:52;0;RUA NEREU RAMOS;;;0;;Colis?úo;;;;Meio de Quadra;;;0;1;1;1;0;0;0;0;0;1;0;0;;
313928;15;10;2017;19:08;0;RUA NELSON COELHO;;;823;;Colis?úo;;;;Meio de Quadra;;;0;1;1;0;0;0;0;0;0;0;0;0;-3,832199000000000;-38,461732000000000
313929;15;10;2017;19:16;0;RUA PROF GLAUCO LOBO;;;223;;Colis?úo;;;;Meio de Quadra;;;0;1;1;0;0;0;0;0;0;0;0;0;-3,806066203000000;-38,581412281000000
313930;15;10;2017;19:26;21602;RUA STA LIDUINA D42;RUA RAIMUNDO NERY;;0;;Colis?úo;;;;;;;0;1;1;0;0;0;0;0;0;0;0;0;-3,797482000000000;-38,584986000000000
313931;15;10;2017;19:40;0;ROD CE 010;;;1717;;Colis?úo;;;;Meio de Quadra;;;0;1;1;0;0;0;0;0;0;0;0;0;;
314215;15;10;2017;18:20;0;RD CE-040;;;0;KM-09;Colis?úo;Anoitecer;Bom;Seca;Meio de Quadra;;;0;0;2;1;0;0;0;1;0;0;0;0;-3,834450897000000;-38,482465820000000
304339;15;10;2017;19:30;12954;AV PRS COSTA E SILVA;AV DOS EXPEDICIONARIOS;;0;;Atropelamento;;;;Cruz;Pare;Comercial;1;0;1;1;0;0;0;0;0;0;0;0;-3,821098497000000;-38,558211840000000
304777;15;10;2017;20:14;3788;RUA PDE FRANCISCO PINTO;RUA WALDERY UCHOA;;0;;Colis?úo Lateral;;;;Cruz;Pare;Residencial;0;1;1;1;0;0;0;0;0;1;0;0;-3,744299000000000;-38,539138000000000
304711;16;10;2017;20:35;0;AV SGT HERMINIO SAMPAIO;;;1178;;Colis?úo Traseira;;Nublado;Seca;Meio de Quadra;Sem?íforo;Comercial;0;2;0;0;0;0;0;0;0;0;0;0;-3,724773000000000;-38,551672000000000
304712;16;10;2017;23:45;17338;RUA BAR SOBRAL;RUA ZACARIAS GONDIM;;0;;Colis?úo Lateral;Via Iluminada;Bom;Seca;Cruz;Pare;Residencial;0;2;0;1;1;0;0;0;0;0;0;0;-3,765280000000000;-38,557307000000000
304713;16;10;2017;14:32;10177;AV H CJ CEARA;RUA TAQUARI;;0;;Colis?úo Transversal;Luz do Dia;Bom;Seca;T;Pare;Residencial;0;2;0;1;0;0;0;0;0;1;0;0;-3,775093000000000;-38,605440000000000
304714;16;10;2017;11:10;0;AV FRE CIRILO;;;89;;Colis?úo Lateral;Luz do Dia;Bom;Seca;Outros;N?úo H?í Controle;Comercial;0;2;0;0;1;0;0;0;0;1;0;0;-3,827770800000000;-38,493503600000000
304721;16;10;2017;01:15;0;AV MOZART PINHEIRO DE LUCENA;AV MAJ ASSIS;;0;;Colis?úo Frontal;Via Iluminada;Bom;Seca;;;;0;2;0;1;0;0;0;0;0;0;0;0;;
304717;16;10;2017;07:55;0;AV LUCIANO CARNEIRO;;;840;;Engavetamento;Luz do Dia;Nublado;Seca;Meio de Quadra;Outros;Residencial;0;3;0;1;0;0;0;0;0;0;0;0;-3,755371000000000;-38,533792000000000
313542;16;10;2017;23:47;17338;RUA BAR SOBRAL;RUA ZACARIAS GONDIM;;0;;Colis?úo;;;;Cruz;Pare;Residencial;0;1;0;0;0;0;0;0;0;0;0;0;-3,765280000000000;-38,557307000000000
313557;16;10;2017;20:18;0;AV SGT HERMINIO SAMPAIO;;;1242;;Colis?úo;;;;Meio de Quadra;;;0;1;0;0;0;0;0;0;0;0;0;0;-3,724794000000000;-38,551834000000000
313441;16;10;2017;14:53;0;AV GODOFREDO MACIEL;;;88;;Colis?úo;Luz do Dia;;;Meio de Quadra;;;0;1;1;1;0;0;0;0;0;1;0;0;-3,777147300000000;-38,564197600000000
313435;16;10;2017;11:48;0;AV GODOFREDO MACIEL;;;0;;Colis?úo Lateral;Luz do Dia;;;Meio de Quadra;;;0;1;1;1;0;0;0;0;0;1;0;0;;
313438;16;10;2017;12:35;0;AV I CJ CEARA;;;0;;Colis?úo;Luz do Dia;;;Meio de Quadra;;;0;1;1;1;0;0;0;0;0;1;0;0;;
313425;16;10;2017;10:11;0;AV JOSE JATAHY;;;0;;Queda;Luz do Dia;;;Meio de Quadra;;;0;1;0;0;0;0;0;0;0;1;0;0;;
313426;16;10;2017;11:14;15291;RUA FREDERICO BORGES;AV ANTONIO JUSTA;;0;;Colis?úo;Luz do Dia;;;T;Pare;Comercial;0;1;1;1;0;0;0;0;0;1;0;0;-3,729283000000000;-38,489427000000000
313417;16;10;2017;09:00;5292;RUA GONCALVES LEDO;RUA COSTA BARROS;;0;;Colis?úo Lateral;Luz do Dia;;;Cruz;Pare;Comercial;0;1;1;1;0;0;0;0;0;1;0;0;-3,729088000000000;-38,515426000000000
313418;16;10;2017;09:43;10179;RUA HUMBERTO LOMEU;RUA JOSE TORRES;;0;;Queda;Luz do Dia;;;Cruz;Pare;Misto;0;2;0;0;0;0;0;0;0;1;0;0;-3,780640000000000;-38,607452000000000
313399;16;10;2017;06:40;0;AV PERIMETRAL;;;0;;Colis?úo;Luz do Dia;;;Meio de Quadra;;;0;1;0;0;0;0;0;0;0;0;0;0;;
313400;16;10;2017;07:27;0;AV AUGUSTO DOS ANJOS;;;1828;;Colis?úo Lateral;Luz do Dia;;;Meio de Quadra;;;0;1;1;1;0;0;0;0;0;1;0;0;-3,781976000000000;-38,580759000000000
313401;16;10;2017;07:40;23347;RUA JOSE VILAR;RUA EDUARDO BEZERRA;;0;;Queda;Luz do Dia;;;Cruz;Gesto;Residencial;0;1;0;0;0;0;0;0;0;1;0;0;-3,753529000000000;-38,510370000000000
313402;16;10;2017;08:14;0;AV JOVITA FEITOSA;;;171;;Colis?úo Lateral;Luz do Dia;;;Meio de Quadra;;;0;1;1;1;0;0;0;0;0;1;0;0;-3,737549000000000;-38,545311000000000
313403;16;10;2017;08:39;0;RUA FLORENCIO COELHO HOLANDA;;;541;;Colis?úo;Luz do Dia;;;Meio de Quadra;;;0;1;1;1;0;0;0;0;0;1;0;0;;
313486;16;10;2017;22:33;0;AV DA INDEPENDENCIA;;;2783;;Colis?úo;;;;Meio de Quadra;;;0;1;0;0;0;0;0;0;0;0;0;0;-3,722849000000000;-38,604805000000000
313487;16;10;2017;22:38;7392;RUA EURICO MEDINA;RUA CURITIBA;;0;;Colis?úo;;;;Cruz;N?úo H?í Controle;Residencial;0;2;0;0;0;0;0;0;0;0;0;0;-3,758800000000000;-38,586105000000000
313488;16;10;2017;23:46;0;AV L CJ CEARA;;;0;;Colis?úo;;;;Meio de Quadra;;;0;1;0;0;0;0;0;0;0;0;0;0;;
313479;16;10;2017;19:07;0;AV GENIBAU;;;696;;Colis?úo;;;;Meio de Quadra;;;0;1;1;1;0;0;0;0;0;1;0;0;-3,760547000000000;-38,601151000000000
313480;16;10;2017;19:25;0;AV ODILON GUIMARAES;;;3611;;Colis?úo;;;;Meio de Quadra;;;0;1;1;1;0;0;0;0;0;1;0;0;-3,815764000000000;-38,469542000000000
313482;16;10;2017;20:37;21682;AV DA INDEPENDENCIA;RUA PDE MANUEL PRIMO;;0;;Colis?úo;;;;Cruz;Pare;Residencial;0;1;1;1;0;0;0;0;0;1;0;0;-3,726470000000000;-38,592488000000000
313484;16;10;2017;21:08;0;AV ANTONIO SALES;;;1800;;Queda;;;;Meio de Quadra;;;0;1;0;0;0;1;0;0;0;0;0;0;-3,743714000000000;-38,507996000000000
313475;16;10;2017;17:45;0;AV CASTELO DE CASTRO;;;329;;Atropelamento;Anoitecer;;;Meio de Quadra;;;0;2;0;0;0;0;0;0;0;1;0;0;-3,831897000000000;-38,521523000000000
313473;16;10;2017;16:55;0;RUA CANAL;;;56;;Queda;Luz do Dia;;;Meio de Quadra;;;0;2;0;0;0;0;0;0;0;1;0;0;;
313450;16;10;2017;16:40;0;AV BEZERRA DE MENEZES;;;1588;;Atropelamento;Luz do Dia;;;Meio de Quadra;;;0;1;1;0;0;1;0;0;0;0;0;0;-3,734476000000000;-38,558787000000000
313433;16;10;2017;11:42;0;RUA CAP ARAGAO;;;0;;Colis?úo;Luz do Dia;;;Meio de Quadra;;;0;1;1;1;0;0;0;0;0;1;0;0;;
314349;16;10;2017;08:40;0;RD CE-040;;;0;KM-02;Outros;Luz do Dia;Bom;Seca;Meio de Quadra;;;0;0;1;1;0;0;0;0;0;0;0;0;-3,773616148000000;-38,481799400000000
314350;16;10;2017;07:30;0;AV SEN CARLOS JEREISSATI (AEROPORTO);;;0;KM 02;Engavetamento;Luz do Dia;Bom;Seca;Meio de Quadra;;;0;0;2;1;0;0;0;0;0;0;0;0;-3,782194000000000;-38,535424000000000
314351;16;10;2017;10:10;0;RD CE-040;;;0;KM-02;Colis?úo;Luz do Dia;Bom;Seca;Meio de Quadra;;;0;0;2;1;0;0;0;0;0;0;0;0;-3,773616148000000;-38,481799400000000
314352;16;10;2017;09:40;0;AV SEN CARLOS JEREISSATI (AEROPORTO);;;0;KM 04;Outros;Luz do Dia;Bom;Seca;Meio de Quadra;;;0;0;2;1;0;0;0;0;0;0;0;0;-3,774020000000000;-38,550907000000000
314353;16;10;2017;12:20;0;RD CE-040;;;0;KM-07;Colis?úo;Luz do Dia;Bom;Seca;Meio de Quadra;;;0;0;2;1;1;0;0;0;0;0;0;0;-3,817159445000000;-38,483032860000000
311825;16;10;2017;13:23;15364;RUA FRE MANSUETO;RUA REPUBLICA DO LIBANO;;0;;Colis?úo Transversal;Luz do Dia;Bom;Seca;Cruz;Pare;Residencial;0;0;2;1;0;0;0;0;0;0;0;0;-3,733691000000000;-38,488760000000000
311794;16;10;2017;14:01;0;AV JOSE BASTOS;;;5886;;Colis?úo Traseira;Luz do Dia;Bom;Seca;Meio de Quadra;N?úo H?í Controle;Comercial;0;0;0;1;0;0;0;0;0;0;0;0;-3,765101400000000;-38,567493000000000
311795;16;10;2017;13:30;0;RUA JOSE VILAR;AV DEP WALTER BEZERRA SA;;0;;Colis?úo Transversal;Luz do Dia;Bom;Seca;Cruz;Pare;Residencial;0;0;2;1;0;0;0;0;0;0;0;0;-3,744731700000000;-38,507458000000000
311796;16;10;2017;15:15;1716;AV GAL MURILO BORGES;AV GOV RAUL BARBOSA;;0;;Colis?úo Transversal;Luz do Dia;Bom;Seca;Rotat??ria;D?¬ Prefer?¬ncia;Comercial;0;1;2;1;0;0;0;0;0;1;0;0;-3,763807000000000;-38,508377000000000
311797;16;10;2017;15:51;1507;RUA PDE VALDEVINO;RUA BAR ARACATI;;0;;Colis?úo Transversal;Luz do Dia;Bom;Seca;Cruz;Pare;Comercial;0;1;1;1;0;0;0;0;0;1;0;0;-3,739862200000000;-38,514595000000000
311798;16;10;2017;16:00;14653;RUA LIDIA BRIGIDO;RUA LOURIVAL C PINHO;;0;;Colis?úo Transversal;Via Iluminada;Bom;Seca;Cruz;Pare;Residencial;0;1;1;0;0;0;0;0;0;1;0;0;-3,793371200000000;-38,484356000000000
311799;16;10;2017;18:35;0;AV ALBERTO CRAVEIRO;;;430;;Colis?úo Traseira;Via Iluminada;Bom;Seca;Meio de Quadra;Gesto;Comercial;0;0;2;1;0;0;0;0;0;0;0;0;-3,782221000000000;-38,516277000000000
311800;16;10;2017;18:20;0;AV GAL OSORIO DE PAIVA;;;6783;;Colis?úo Traseira;Via Iluminada;Bom;Seca;Meio de Quadra;N?úo H?í Controle;Comercial;0;0;2;1;0;0;0;0;0;0;0;0;-3,813320200000000;-38,610325000000000
311801;16;10;2017;16:30;3769;RUA SEN POMPEU;AV DOMINGOS OLIMPIO;;0;;Colis?úo Lateral;Via Iluminada;Bom;Seca;Cruz;Sem?íforo;Comercial;0;0;2;1;0;0;0;0;0;0;0;0;-3,736569000000000;-38,532528000000000
311802;16;10;2017;19:18;5333;RUA PRC ISABEL;RUA GAL CLARINDO DE QUEIROZ;;0;;Colis?úo Lateral;Via Iluminada;Bom;Seca;Cruz;Pare;Comercial;0;0;2;1;0;0;0;0;0;1;0;0;-3,730560300000000;-38,536686000000000
311803;16;10;2017;20:29;21596;RUA LUIS VIEIRA;RUA COM GARCIA;;0;;Colis?úo Lateral;Via Iluminada;Bom;Seca;Cruz;Pare;Comercial;0;0;2;1;0;0;0;0;0;0;0;0;-3,796543100000000;-38,586300000000000
311804;16;10;2017;18:59;0;AV GAL MURILO BORGES;;;0;;Engavetamento;Via Iluminada;Bom;Seca;Meio de Quadra;N?úo H?í Controle;Rural;0;0;3;1;0;0;0;0;0;0;0;0;-3,766284200000000;-38,500378000000000
311805;16;10;2017;20:35;0;AV ABOLICAO;;;2323;;Colis?úo Lateral;Via Iluminada;Bom;Seca;Meio de Quadra;Sem?íforo;Residencial;0;0;2;1;0;0;0;0;0;0;0;0;-3,726303600000000;-38,498367000000000
311807;16;10;2017;18:30;25240;RUA PRISCO BEZERRA;RUA AMELIA BENEBIEN;;0;;Colis?úo Traseira;Via Iluminada;Bom;Seca;T;Pare;Residencial;0;0;3;1;0;0;0;0;0;1;0;0;-3,736807000000000;-38,470585000000000
311808;16;10;2017;17:30;17908;AV SGT HERMINIO SAMPAIO;RUA BANVAR BEZERRA;;0;;Colis?úo Lateral;Anoitecer;Bom;Seca;Cruz;Sem?íforo;Comercial;0;1;1;1;0;0;0;0;0;1;0;0;-3,731957400000000;-38,580265000000000
311785;16;10;2017;08:01;12866;RUA SOLON PINHEIRO;RUA JOAQUIM MAGALHAES;;0;;Colis?úo Transversal;Luz do Dia;Chuva;Molhada;Cruz;Pare;Residencial;0;0;2;1;0;0;0;0;0;0;0;0;-3,739418300000000;-38,529533000000000
311786;16;10;2017;09:02;0;RUA MARIO MAMEDE;;;636;;Colis?úo Lateral;Luz do Dia;Nublado;Molhada;Meio de Quadra;Sem?íforo;Residencial;0;1;1;1;0;0;0;0;0;1;0;0;-3,753497100000000;-38,526546000000000
311787;16;10;2017;08:44;0;AV AMERICO BARREIRA;RUA RIO GRANDE DO NORTE;;0;;Colis?úo Traseira;Luz do Dia;Chuva;Molhada;Cruz;Sem?íforo;Comercial;0;0;3;1;0;0;0;0;0;0;0;0;-3,760335000000000;-38,564423000000000
311788;16;10;2017;10:05;5313;RUA VINTE E QUATRO DE MAIO;RUA PEDRO I;;0;;Colis?úo Traseira;Luz do Dia;Nublado;Seca;Cruz;Pare;Comercial;0;0;1;1;0;0;0;0;0;0;0;0;-3,729803800000000;-38,533146000000000
311789;16;10;2017;10:14;22083;RUA DELMIRO FARIAS;RUA CAP FRANCISCO PEDRO;;0;;Colis?úo Lateral;Luz do Dia;Bom;Seca;Cruz;N?úo H?í Controle;Comercial;0;0;2;1;1;0;0;0;0;0;0;0;-3,748195200000000;-38,549797000000000
311790;16;10;2017;09:50;1649;RUA GAL TERTULIANO POTYGUARA;RUA CEL JUCA;;0;;Colis?úo Transversal;Luz do Dia;Nublado;Seca;Cruz;Pare;Residencial;0;2;0;1;0;0;0;0;0;0;0;0;-3,733435900000000;-38,486607000000000
311791;16;10;2017;10:58;7648;AV CARNEIRO DE MENDONCA;RUA PAULO DE FRONTIM;;0;;Colis?úo Lateral;Luz do Dia;Bom;Seca;Cruz;Pare;Comercial;0;0;2;1;0;0;0;0;0;0;0;0;-3,761922800000000;-38,570934000000000
311792;16;10;2017;11:30;0;RUA CEL MATOS DOURADO;;;1052;;Colis?úo Traseira;Luz do Dia;Bom;Seca;Meio de Quadra;Sem?íforo;Comercial;0;0;2;1;0;0;0;0;0;0;0;0;-3,753019800000000;-38,583100000000000
311925;16;10;2017;19:00;22167;AV JOSE BASTOS;RUA TAVARES IRACEMA;;0;;Colis?úo Transversal;Via Iluminada;Bom;Seca;T;Pare;Comercial;0;1;1;1;0;0;0;0;0;1;0;0;-3,752116200000000;-38,552930000000000
311914;16;10;2017;00:02;19377;RUA EDUARDO PERDIGAO;RUA GERMANO FRANCK;;0;;Colis?úo Traseira;Via Iluminada;Bom;Seca;Cruz;Sem?íforo;Comercial;0;0;2;1;0;0;0;0;0;1;0;0;-3,777598000000000;-38,562252000000000
311850;16;10;2017;14:11;0;AV ABOLICAO;;;0;;Colis?úo Lateral;Luz do Dia;Bom;Seca;Cruz;Sem?íforo;Comercial;0;0;2;1;1;0;0;0;0;0;0;0;-3,726446000000000;-38,498608000000000
311809;17;10;2017;00:27;0;AV DR SILAS MUNGUBA;;;6380;;Choque c/ Obst?ículo Fixo;Via Iluminada;Bom;Seca;Meio de Quadra;N?úo H?í Controle;Comercial;0;0;2;0;0;0;0;0;0;0;0;0;-3,800136300000000;-38,530520000000000
311810;17;10;2017;07:33;0;RUA DOM SEBASTIAO LEME;;;1091;;Colis?úo Traseira;Luz do Dia;Nublado;Molhada;Meio de Quadra;N?úo H?í Controle;Comercial;0;0;2;1;0;0;0;0;0;0;0;0;-3,751662500000000;-38,525320000000000
311826;17;10;2017;13:35;1476;AV BAR STUDART;AV JULIO VENTURA;;0;;Colis?úo Traseira;Luz do Dia;Bom;Seca;Cruz;Sem?íforo;Comercial;0;0;2;0;1;0;0;0;0;0;0;0;-3,739277600000000;-38,508152000000000
311827;17;10;2017;13:43;0;RUA DR ALFREDO WEYNE D14;;;0;;Colis?úo Lateral;Luz do Dia;Bom;Seca;Cruz;D?¬ Prefer?¬ncia;Comercial;0;0;2;1;0;0;0;0;0;0;0;0;-3,756574200000000;-38,531586000000000
311828;17;10;2017;14:30;0;AV SEN FERNANDES TAVORA;;;3264;;Colis?úo Transversal;Luz do Dia;Bom;Seca;Meio de Quadra;N?úo H?í Controle;Comercial;0;0;1;1;0;0;0;0;0;1;0;0;-3,754665900000000;-38,601192000000000
311829;17;10;2017;13:39;15359;RUA PEREIRA VALENTE;RUA VICENTE LEITE;;0;;Colis?úo Transversal;Luz do Dia;Bom;Seca;Cruz;Pare;Residencial;0;0;5;1;0;0;0;0;0;1;0;0;-3,733272600000000;-38,494244000000000
311830;17;10;2017;15:12;0;AV DR SILAS MUNGUBA;;;614;;Colis?úo Transversal;Luz do Dia;Bom;Seca;Meio de Quadra;N?úo H?í Controle;Comercial;0;0;2;1;0;0;0;0;0;0;0;0;-3,779279700000000;-38,560830000000000
311831;17;10;2017;15:43;9144;RUA CEL PERGENTINO FERREIRA;RUA JUVENAL DE CARVALHO;;0;;Colis?úo Transversal;Luz do Dia;Bom;Seca;Cruz;Pare;Residencial;0;0;2;1;0;0;0;0;0;0;0;0;-3,748698500000000;-38,524880000000000
311832;17;10;2017;16:35;0;RUA BERNARDO MANUEL;;;8152;;Colis?úo Lateral;Luz do Dia;Bom;Seca;Meio de Quadra;Pare;Comercial;0;0;2;1;1;0;0;0;0;0;0;0;-3,790951000000000;-38,549244000000000
311833;17;10;2017;17:59;0;AV DES GONZAGA;;;190;;Colis?úo Transversal;Luz do Dia;Bom;Seca;Meio de Quadra;N?úo H?í Controle;Comercial;0;0;2;1;0;0;0;0;0;0;0;0;-3,792949700000000;-38,501972000000000
311834;17;10;2017;20:45;24299;RUA 8 DE SETEMBRO;RUA REPUBLICA DO LIBANO;;0;;Colis?úo Transversal;Anoitecer;Bom;Seca;Cruz;Pare;Residencial;0;0;2;1;0;0;0;0;0;0;0;0;-3,733752000000000;-38,487160000000000
311835;17;10;2017;22:08;0;AV PONTES VIEIRA;;;2471;;Engavetamento;Via Iluminada;Bom;Seca;Outros;Pare;Comercial;0;0;3;1;0;0;0;0;0;0;0;0;-3,751039500000000;-38,499477000000000
311816;17;10;2017;06:50;0;AV 13 DE MAIO;;;0;;Colis?úo Traseira;Luz do Dia;Bom;Seca;Meio de Quadra;Sem?íforo;Residencial;0;0;2;1;0;0;0;0;0;0;0;0;-3,752279500000000;-38,526093000000000
311817;17;10;2017;07:00;14667;RUA DES AVELAR;RUA JUIZ DE FORA;;0;;Colis?úo Transversal;Luz do Dia;Bom;Seca;Cruz;Pare;Residencial;0;0;2;1;0;0;0;0;0;1;0;0;-3,794619000000000;-38,488785000000000
311818;17;10;2017;07:20;8936;AV DOMINGOS OLIMPIO;RUA PRC ISABEL;;0;;Colis?úo Traseira;Luz do Dia;Nublado;Molhada;Cruz;Sem?íforo;Comercial;0;0;3;1;0;0;0;0;0;0;0;0;-3,734481800000000;-38,538116000000000
311819;17;10;2017;08:57;0;RUA BAR RIO BRANCO;;;2873;;Queda;Luz do Dia;Bom;Seca;Meio de Quadra;N?úo H?í Controle;Escola;0;1;0;0;0;0;0;0;0;0;0;0;-3,743401800000000;-38,533653000000000
311820;17;10;2017;09:25;0;AV PRS COSTA E SILVA;;;3601;;Colis?úo Traseira;Luz do Dia;Nublado;Seca;Meio de Quadra;Gesto;Comercial;0;0;2;1;0;0;0;0;0;0;0;0;-3,824033000000000;-38,547165000000000
311821;17;10;2017;09:10;340;RUA DOM JOSE LOURENCO  D27;RUA CESAR FONTENELE;;0;;Colis?úo Lateral;Luz do Dia;Bom;Seca;Cruz;D?¬ Prefer?¬ncia;Residencial;0;1;1;1;0;0;0;0;0;1;0;0;-3,745967400000000;-38,557354000000000
311822;17;10;2017;07:05;1459;RUA EDUARDO GARCIA;RUA BARBOSA DE FREITAS;;0;;Colis?úo Transversal;Luz do Dia;Nublado;Molhada;Cruz;Sem?íforo;Comercial;0;0;1;1;0;0;0;0;0;0;0;0;-3,738484400000000;-38,498085000000000
311823;17;10;2017;10:40;0;RUA DOM SEBASTIAO LEME;RUA CARLOS RIBEIRO;;0;;Colis?úo Transversal;Luz do Dia;Bom;Seca;Cruz;Pare;Comercial;0;0;2;1;0;0;0;0;0;0;0;0;-3,746468800000000;-38,526306000000000
311824;17;10;2017;12:59;0;AV IMPERADOR;;;626;;Colis?úo Traseira;Luz do Dia;Bom;Seca;Cruz;Sem?íforo;Comercial;0;0;2;1;0;0;0;0;0;0;0;0;-3,726719400000000;-38,534233000000000
311812;17;10;2017;07:36;0;AV ENG HUMBERTO MONTE;;;0;;Colis?úo Traseira;Luz do Dia;Nublado;Molhada;Meio de Quadra;Sem?íforo;Comercial;0;0;2;1;0;0;0;0;0;0;0;0;-3,738951200000000;-38,568962000000000
311813;17;10;2017;07:30;26184;RUA HOLANDA;RUA JOAQUIM JERONIMO;;0;;Colis?úo Transversal;Luz do Dia;Nublado;Molhada;T;Gesto;Residencial;0;1;0;1;0;0;0;0;0;1;0;0;-3,802047300000000;-38,560238000000000
311814;17;10;2017;08:16;7710;AV CARNEIRO DE MENDONCA;RUA PEDRO MUNIZ;;0;;Colis?úo Transversal;Luz do Dia;Nublado;Seca;Cruz;Pare;Comercial;0;1;1;1;0;0;0;0;0;1;0;0;-3,765507500000000;-38,563663000000000
315782;17;10;2017;17:00;0;RD BR 116;;;10000;KM-10;Queda;Anoitecer;Bom;Seca;Meio de Quadra;;;0;1;0;0;0;0;0;0;0;1;0;0;-3,834435000000000;-38,503373000000000
314356;17;10;2017;07:40;0;AV SEN CARLOS JEREISSATI (AEROPORTO);;;0;KM 03;Colis?úo;Luz do Dia;Bom;Seca;Meio de Quadra;;;0;0;2;0;0;0;0;0;0;0;0;0;-3,779641000000000;-38,544038000000000
314366;17;10;2017;11:15;0;RD CE-040;;;0;KM-07;Colis?úo;Luz do Dia;Bom;Seca;Meio de Quadra;;;0;0;2;0;1;0;0;0;0;0;0;0;-3,817159445000000;-38,483032860000000
313567;17;10;2017;06:07;0;AV CARAPINIMA;;;0;;Colis?úo;Luz do Dia;;;Meio de Quadra;;;0;1;1;1;0;0;0;0;0;1;0;0;;
313601;17;10;2017;09:37;0;AV GAL OSORIO DE PAIVA;;;1401;;Colis?úo;Luz do Dia;;;Meio de Quadra;;;0;1;1;0;0;0;0;0;0;1;0;0;-3,780206000000000;-38,573799000000000
313619;17;10;2017;10:45;0;RUA PDE PEDRO DE ALENCAR;;;0;;Colis?úo;Luz do Dia;;;Meio de Quadra;;;0;1;0;0;0;0;0;0;0;0;0;0;;
313603;17;10;2017;09:40;0;RUA PRO CARVALHO;;;0;;Atropelamento;Luz do Dia;;;Meio de Quadra;;;0;1;1;1;0;0;0;0;0;0;0;0;;