COD_ACIDENTE;DIA;MES;ANO;HORA;INTERSECAO;LOG1;LOG2;LOG3;NUMERO;REFERENCIA;NATUREZA;ILUMINACAO;TEMPO;SUPERFICIEPISTA;TIPOCRUZAMENTO;CONTROLETRAFEGO;USOSOLO;MORTOS;FERIDOS;ILESOS;AUTOMOVEL;ONIBUS;BICICLETA;CAMINHAO;MICROONIBUS;CICLOMOTOR;MOTOCICLETA;TRACAOANIMAL;TREM;LATITUDE;LONGITUDE
313608;17;10;2017;10:33;5347;RUA BAR RIO BRANCO;RUA PEDRO I;;0;;Queda;Luz do Dia;;;Meio de Quadra;Sem?íforo;Comercial;0;1;0;0;0;0;0;0;0;1;0;0;-3,730887000000000;-38,529673000000000
313592;17;10;2017;07:44;0;AV CARNEIRO DE MENDONCA;;;456;;Colis?úo;Luz do Dia;;;Meio de Quadra;;;0;1;1;1;0;0;0;0;0;1;0;0;-3,765863000000000;-38,563075000000000
313579;17;10;2017;06:51;0;RD BR 116;;;0;;Queda;Luz do Dia;;;Meio de Quadra;;;0;1;0;0;0;0;0;0;0;1;0;0;;
313580;17;10;2017;07:12;0;AV EDUARDO GIRAO;;;546;;Colis?úo;Luz do Dia;;;Meio de Quadra;;;0;1;1;1;0;0;0;0;0;1;0;0;-3,756041000000000;-38,529046000000000
313581;17;10;2017;07:31;0;RUA DES PRAXEDES;;;1322;;Colis?úo;Luz do Dia;;;Meio de Quadra;;;0;1;2;1;0;0;0;0;0;1;0;0;-3,763227300000000;-38,542675000000000
313701;17;10;2017;12:34;24956;AV ALM HENRIQUE SABOIA;AV ENG ALBERTO SA;;0;;Colis?úo;Luz do Dia;;;Cruz;Gesto;Comercial;0;1;1;1;0;0;0;0;0;1;0;0;-3,732499000000000;-38,482890000000000
313692;17;10;2017;12:29;16281;RUA ANTONIO BARBOSA;RUA ANTONIO PEREIRA;;0;;Colis?úo;Luz do Dia;;;Cruz;Pare;Residencial;0;1;1;1;0;0;0;0;0;1;0;0;-3,832952000000000;-38,565289000000000
313683;17;10;2017;09:40;0;RUA ARTUR DE CARVALHO;;;1848;;Atropelamento;Luz do Dia;;;Meio de Quadra;;;0;1;1;1;0;0;0;0;0;0;0;0;;
313745;17;10;2017;06:43;0;RUA BRI TORRES;;;1442;;Colis?úo;Luz do Dia;;;Meio de Quadra;;;0;1;0;0;0;0;0;0;0;0;0;0;-3,770441000000000;-38,582418000000000
313710;17;10;2017;14:32;0;RUA DNA LEOPOLDINA;;;1050;;Colis?úo;Luz do Dia;;;Meio de Quadra;;;0;1;1;1;0;0;0;0;0;1;0;0;-3,733983000000000;-38,520359000000000
313711;17;10;2017;16:58;0;RUA EDUARDO ANGELIM;;;1098;;Atropelamento;Luz do Dia;;;Meio de Quadra;;;0;1;1;1;0;0;0;0;0;0;0;0;-3,768028000000000;-38,544895000000000
313719;17;10;2017;18:48;0;AV SEN FERNANDES TAVORA;;;988;;Atropelamento;;;;Meio de Quadra;;;0;1;1;1;0;0;0;0;0;0;0;0;-3,762280000000000;-38,581990000000000
313714;17;10;2017;17:11;0;RD BR 116;;;8000;KM-08;Atropelamento de Animal;Anoitecer;;;Meio de Quadra;;;0;1;0;0;0;0;0;0;0;1;0;0;-3,822018000000000;-38,503269000000000
313715;17;10;2017;17:48;0;RUA AUGUSTO CALHEIROS;;;580;;Colis?úo;Anoitecer;;;Meio de Quadra;;;0;1;0;0;0;0;0;0;0;0;0;0;;
313740;17;10;2017;21:32;0;AV GOV RAUL BARBOSA;;;6880;;Colis?úo;;;;Meio de Quadra;;;0;2;1;1;0;0;0;0;0;1;0;0;-3,773549000000000;-38,512718000000000
313741;17;10;2017;23:26;0;RUA BERNARDO MANUEL;;;0;;Colis?úo;;;;Meio de Quadra;;;0;2;0;0;0;0;0;0;0;0;0;0;;
313738;17;10;2017;19:01;22726;RUA EUCLIDES O DE SOUSA;RUA MARIO ALENCAR ARARIPE;;0;;Colis?úo;;;;Cruz;Pare;Residencial;0;1;1;1;0;0;0;0;0;1;0;0;-3,798084000000000;-38,478038000000000
304725;17;10;2017;19:00;0;RUA MON OTAVIO CASTRO;;;381;;Colis?úo Traseira;Via Iluminada;Bom;Seca;Meio de Quadra;N?úo H?í Controle;Residencial;0;2;0;1;0;0;0;0;0;0;0;0;-3,745691000000000;-38,527262000000000
304727;17;10;2017;13:00;0;AV PRS COSTA E SILVA;;;3101;;Colis?úo Lateral;Luz do Dia;Bom;Seca;Meio de Quadra;N?úo H?í Controle;Comercial;0;2;0;0;0;0;0;0;0;1;0;0;;
304734;18;10;2017;09:30;0;AV JOSE BASTOS;;;3390;;Colis?úo Lateral;Luz do Dia;Bom;Seca;Meio de Quadra;Sem?íforo;Comercial;0;2;0;1;0;0;0;0;0;1;0;0;-3,749136000000000;-38,549630000000000
304735;18;10;2017;10:40;12758;RUA DELMIRO FARIAS;RUA JULIO CESAR D12;;0;;Colis?úo Transversal;Luz do Dia;Bom;Seca;Cruz;Pare;Residencial;0;2;0;1;0;0;0;0;0;0;0;0;-3,752508000000000;-38,545070000000000
304736;18;10;2017;14:49;17375;RUA ALAN KARDEC;AV JOSE DO PATROCINIO;;0;;Colis?úo Traseira;Luz do Dia;Bom;Seca;Duplo T;Pare;Residencial;0;2;0;1;0;0;0;0;0;0;0;0;-3,766831000000000;-38,547462000000000
304737;18;10;2017;08:30;1485;RUA PDE VALDEVINO;RUA ANTONIO AUGUSTO;;0;;Engavetamento;Luz do Dia;Bom;Seca;Cruz;Pare;Comercial;0;3;0;1;0;0;0;0;0;1;0;0;-3,739239000000000;-38,516489000000000
304738;18;10;2017;11:00;0;AV SEN FERNANDES TAVORA;;;2983;;Colis?úo Traseira;Luz do Dia;Bom;Seca;Outros;Outros;Comercial;0;2;0;0;0;0;0;0;0;1;0;0;-3,754867000000000;-38,599659000000000
304739;18;10;2017;14:00;0;RUA TEREZA CRISTINA;;;1189;;Colis?úo Frontal;Luz do Dia;Bom;Seca;Meio de Quadra;N?úo H?í Controle;Comercial;0;2;0;0;0;0;0;0;0;1;0;0;-3,730962000000000;-38,537939000000000
304740;18;10;2017;13:30;7897;RUA MON CATAO;RUA HENRIQUETA GALENO;;0;;Colis?úo Lateral;Luz do Dia;Bom;Seca;;N?úo H?í Controle;Residencial;0;2;0;1;0;0;0;0;0;0;0;0;-3,747287000000000;-38,493338000000000
304741;18;10;2017;12:40;3990;AV PRO GOMES DE MATOS;RUA PRO COSTA MENDES;;0;;Colis?úo Traseira;Luz do Dia;Bom;Seca;;N?úo H?í Controle;Comercial;0;2;0;1;0;0;0;0;0;0;0;0;-3,758035000000000;-38,542936000000000
304742;18;10;2017;07:30;25521;RUA WALDIR DIOGO;RUA CON DE CASTRO;;0;;Colis?úo Traseira;;Nublado;;T;;Comercial;0;2;0;1;0;0;0;0;0;0;0;0;-3,801878000000000;-38,589176000000000
304743;18;10;2017;22:00;5112;RUA CASTRO E SILVA;RUA BAR RIO BRANCO;;0;;Colis?úo Frontal;Via Iluminada;Bom;Seca;;;Comercial;0;2;0;1;1;0;0;0;0;0;0;0;-3,723847000000000;-38,527429000000000
313768;18;10;2017;07:04;0;AV ENG HUMBERTO MONTE;;;1981;;Queda;Luz do Dia;;;Meio de Quadra;;;0;1;0;0;0;0;0;0;0;1;0;0;-3,743730000000000;-38,564876000000000
313766;18;10;2017;06:57;0;RUA SAO PAULO;;;342;;Colis?úo;Luz do Dia;;;Meio de Quadra;;;0;1;1;0;0;0;0;0;0;1;0;0;-3,725609000000000;-38,528811000000000
313770;18;10;2017;07:09;0;AV HERACLITO GRACA;;;100;;Atropelamento;Luz do Dia;;;Meio de Quadra;;;0;2;0;0;0;0;0;0;0;1;0;0;-3,733731000000000;-38,523826000000000
313772;18;10;2017;07:15;0;AV PRS CASTELO BRANCO;;;0;;Queda;Luz do Dia;;;Meio de Quadra;;;0;1;0;0;0;0;0;0;0;1;0;0;;
313787;18;10;2017;07:25;0;AV JOSE SABOIA;;;227;;Queda;Luz do Dia;;;Meio de Quadra;;;0;1;0;0;0;0;0;0;0;1;0;0;-3,716575000000000;-38,468231000000000
313788;18;10;2017;07:27;0;AV WASHINGTON LUIS;;;0;;Queda;Luz do Dia;;;Meio de Quadra;;;0;1;0;0;0;0;0;0;0;1;0;0;;
313798;18;10;2017;07:35;0;RUA TEODOMIRO DE CASTRO;;;6165;;Queda;Luz do Dia;;;Meio de Quadra;;;0;1;0;0;0;0;0;0;0;1;0;0;-3,717309000000000;-38,575558000000000
313799;18;10;2017;07:43;0;AV MAE LISBOA;;;4880;;Colis?úo;Luz do Dia;;;Meio de Quadra;;;0;1;1;1;0;0;0;0;0;1;0;0;-3,810085000000000;-38,433489000000000
313800;18;10;2017;07:45;0;AV WASHINGTON SOARES;;;0;;Queda;Luz do Dia;;;Meio de Quadra;;;0;1;0;0;0;0;0;0;0;1;0;0;;
313812;18;10;2017;08:45;0;AV GAL OSORIO DE PAIVA;;;0;;Colis?úo;Luz do Dia;;;Meio de Quadra;;;0;1;1;1;0;1;0;0;0;0;0;0;;
313813;18;10;2017;08:53;0;RUA CEL FRANCISCO PEREIRA (MESSEJANA);;;67;;Atropelamento;Luz do Dia;;;Meio de Quadra;;;0;1;1;0;0;0;0;0;0;1;0;0;-3,829493000000000;-38,492615000000000
313932;18;10;2017;21:11;0;RUA MONTE LIBANO;;;134;;Colis?úo;;;;Meio de Quadra;;;0;1;1;1;0;0;0;0;0;1;0;0;-3,821650000000000;-38,559471000000000
313933;18;10;2017;21:36;0;RUA CON DE CASTRO;;;0;;Queda;;;;Meio de Quadra;;;0;1;0;0;0;0;0;0;0;1;0;0;;
313922;18;10;2017;19:03;0;AV MIN JOSE AMERICO;;;881;;Colis?úo;;;;Meio de Quadra;;;0;1;1;0;0;0;0;0;0;1;0;0;-3,809533000000000;-38,491650000000000
313925;18;10;2017;20:27;0;AV WASHINGTON SOARES;;;0;;Colis?úo;;;;Meio de Quadra;;;0;1;1;1;0;0;0;0;0;1;0;0;;
313936;18;10;2017;21:55;0;AV WASHINGTON SOARES;;;0;;Colis?úo;;;;Meio de Quadra;;;0;1;0;0;0;0;0;0;0;0;0;0;;
313920;18;10;2017;18:42;5246;RUA PEREIRA FILGUEIRAS;RUA GONCALVES LEDO;;0;;Queda;;;;Cruz;Pare;Residencial;0;1;0;0;0;1;0;0;0;0;0;0;-3,727667000000000;-38,515004000000000
313917;18;10;2017;18:40;0;AV CARNEIRO DE MENDONCA;;;0;;Colis?úo;;;;Meio de Quadra;;;0;1;1;1;0;1;0;0;0;0;0;0;;
313912;18;10;2017;18:22;0;AV MIN JOSE AMERICO;;;880;;Colis?úo;Anoitecer;;;Meio de Quadra;;;0;2;1;0;0;0;0;0;0;1;0;0;-3,809731300000000;-38,491725100000000
313909;18;10;2017;18:11;0;RUA JARDIM FLUMINENSE;;;1203;;Colis?úo;Anoitecer;;;Meio de Quadra;;;0;2;0;0;0;0;0;0;0;0;0;0;-3,811006000000000;-38,600922000000000
313907;18;10;2017;17:56;15571;AV FRE CIRILO;RUA LETICIA;;0;;Colis?úo;Anoitecer;;;;;;0;1;1;1;0;0;0;0;0;1;0;0;-3,822257000000000;-38,495262000000000
313900;18;10;2017;16:33;0;AV SGT HERMINIO SAMPAIO;;;2505;;Colis?úo;Luz do Dia;;;Meio de Quadra;;;0;1;0;0;0;0;0;0;0;0;0;0;-3,726817000000000;-38,563004000000000
313901;18;10;2017;17:05;0;AV ABOLICAO;;;0;;Colis?úo;Anoitecer;;;Meio de Quadra;;;0;1;1;1;1;0;0;0;0;0;0;0;;
313902;18;10;2017;17:43;0;RUA ARISTOTELES BEZERRA;;;332;;Colis?úo;Anoitecer;;;Meio de Quadra;;;0;1;0;0;0;0;0;0;0;0;0;0;-3,719851000000000;-38,556751000000000
313872;18;10;2017;12:03;0;RD BR 116;;;8000;KM-08;Colis?úo;Luz do Dia;;;Meio de Quadra;;;0;1;1;1;0;0;0;0;0;1;0;0;-3,822018000000000;-38,503269000000000
313877;18;10;2017;14:15;0;AV GODOFREDO MACIEL;;;6418;;Colis?úo;Luz do Dia;;;Meio de Quadra;;;0;1;1;1;0;0;0;0;0;1;0;0;-3,832963000000000;-38,581594000000000
313869;18;10;2017;11:09;0;AV SEN FERNANDES TAVORA;;;2983;;Atropelamento;Luz do Dia;;;Meio de Quadra;;;0;1;1;1;0;0;0;0;0;0;0;0;-3,754867000000000;-38,599659000000000
313865;18;10;2017;09:58;0;AV MR HULL;;;0;;Colis?úo;Luz do Dia;;;Meio de Quadra;;;0;1;1;1;0;0;0;0;0;1;0;0;;
313866;18;10;2017;10:26;0;RUA TEODOMIRO DE CASTRO;;;0;;Colis?úo;Luz do Dia;;;Meio de Quadra;;;0;1;1;1;0;0;0;0;0;1;0;0;;
313939;18;10;2017;23:19;0;AV CARNEIRO DE MENDONCA;;;2285;;Queda;;;;Meio de Quadra;;;0;1;0;0;0;0;0;0;0;1;0;0;-3,758219000000000;-38,578354000000000
314367;18;10;2017;07:00;0;RD CE-040;;;0;KM-08;Colis?úo;Luz do Dia;Bom;Seca;Meio de Quadra;;;0;0;2;1;0;0;0;0;0;0;0;0;-3,825515822000000;-38,481538320000000
314369;18;10;2017;13:10;0;RD CE-040;;;0;KM-09;Colis?úo;Luz do Dia;Bom;Seca;Meio de Quadra;;;0;0;3;1;0;0;0;0;0;0;0;0;-3,834450897000000;-38,482465820000000
314371;18;10;2017;19:30;0;AV SEN CARLOS JEREISSATI (AEROPORTO);;;0;KM 03;Colis?úo;;Bom;Seca;Meio de Quadra;;;0;0;2;1;0;0;0;0;0;0;0;0;-3,779641000000000;-38,544038000000000
314372;18;10;2017;19:30;0;AV MIN JOSE AMERICO;;;0;;Colis?úo;;Bom;Seca;Meio de Quadra;;;0;0;2;0;0;0;0;0;0;1;0;0;;
314374;18;10;2017;20:40;0;RD CE-040;;;0;KM-04;Colis?úo;;Bom;Seca;Meio de Quadra;;;0;0;2;1;0;0;0;0;0;1;0;0;-3,791613156000000;-38,480330840000000
311836;18;10;2017;06:15;0;RUA DULCINEIA GONDIM;;;41;;Colis?úo Transversal;Luz do Dia;Nublado;Seca;Meio de Quadra;Pare;Residencial;0;0;2;1;0;0;0;0;0;0;0;0;-3,760627700000000;-38,543236000000000
311837;18;10;2017;08:11;743;AV PRS CASTELO BRANCO;AV PASTEUR;;0;;Colis?úo Lateral;Luz do Dia;Bom;Seca;Cruz;Sem?íforo;Comercial;0;0;2;1;1;0;0;0;0;0;0;0;-3,711383000000000;-38,558784000000000
311838;18;10;2017;08:37;0;AV DEP PAULINO ROCHA;;;33;;Colis?úo Traseira;Luz do Dia;Nublado;Seca;T;N?úo H?í Controle;Residencial;0;0;2;1;0;0;0;0;0;0;0;0;-3,800774600000000;-38,507317000000000
311839;18;10;2017;07:20;0;AV CHANC EDSON QUEIROZ;;;0;;Colis?úo Traseira;Luz do Dia;Bom;Seca;Meio de Quadra;N?úo H?í Controle;Comercial;0;0;2;1;0;0;0;0;0;0;0;0;-3,767063400000000;-38,485004000000000
311840;18;10;2017;08:24;25196;RUA CEL MATOS DOURADO;RUA JULIO BRIGIDO;;0;;Colis?úo Lateral;Luz do Dia;Nublado;Seca;T;N?úo H?í Controle;Comercial;0;1;1;1;0;0;0;0;0;1;0;0;-3,746357000000000;-38,584660000000000
311841;18;10;2017;07:53;0;RUA CARLOS VASCONCELOS;;;2055;;Colis?úo Traseira;Luz do Dia;Bom;Seca;Meio de Quadra;N?úo H?í Controle;Residencial;0;0;2;1;0;0;0;0;0;1;0;0;-3,739996000000000;-38,513094000000000
311842;18;10;2017;09:20;0;AV FILOMENO GOMES;;;430;;Colis?úo Lateral;Luz do Dia;Bom;Seca;Meio de Quadra;N?úo H?í Controle;Comercial;0;0;2;1;0;0;0;0;0;0;0;0;-3,719493000000000;-38,541595000000000
311843;18;10;2017;11:18;15227;AV ABOLICAO;AV DES MOREIRA;;0;;Colis?úo Traseira;Luz do Dia;Bom;Seca;Outros;Sem?íforo;Comercial;0;0;2;1;0;0;0;0;0;0;0;0;-3,727435600000000;-38,495644000000000
311844;18;10;2017;11:03;0;AV CEL CARVALHO;;;840;;Colis?úo Traseira;Luz do Dia;Bom;Seca;Meio de Quadra;Pare;Comercial;0;0;2;1;0;0;0;0;0;0;0;0;-3,709714200000000;-38,589844000000000
311845;18;10;2017;13:06;805;RUA ASP MENDES;RUA TEN AURELIO SAMPAIO;;0;;Colis?úo Lateral;Luz do Dia;Bom;Seca;Cruz;Pare;Residencial;0;0;2;1;0;0;0;0;0;1;0;0;-3,772920000000000;-38,513480000000000
311846;18;10;2017;13:37;0;AV EDUARDO BRIGIDO MONTEIRO;RUA JUNIOR ROCHA;;0;;Colis?úo Transversal;Luz do Dia;Bom;Seca;Outros;Pare;Residencial;0;0;1;1;0;0;0;0;0;0;0;0;-3,784257200000000;-38,487050000000000
311847;18;10;2017;12:15;19261;AV GAL OSORIO DE PAIVA;RUA MON LEOPOLDO FEITOSA;;0;;Colis?úo Frontal;Luz do Dia;Bom;Seca;Cruz;Pare;Residencial;0;0;2;1;0;0;0;0;0;0;0;0;-3,771704000000000;-38,562270000000000
311848;18;10;2017;15:22;4633;RUA PEDRO LAZAR;AV VIENA WEYNE;;0;;Colis?úo Lateral;Luz do Dia;Bom;Seca;Meio de Quadra;D?¬ Prefer?¬ncia;Comercial;0;0;2;1;0;0;0;0;0;0;0;0;-3,801428000000000;-38,488530000000000
311849;18;10;2017;15:12;0;AV CARAPINIMA;;;2415;;Colis?úo Lateral;Luz do Dia;Bom;Seca;Meio de Quadra;N?úo H?í Controle;Comercial;0;1;1;0;0;0;0;0;0;1;0;0;-3,741212400000000;-38,541416000000000
311851;18;10;2017;13:43;0;RUA ANDRADE FURTADO;;;1966;;Colis?úo Lateral;Luz do Dia;Bom;Seca;Meio de Quadra;N?úo H?í Controle;Residencial;0;0;0;0;0;0;0;0;0;0;0;0;-3,748387600000000;-38,471848000000000
311852;18;10;2017;16:00;5065;AV ALBERTO NEPOMUCENO;TR ICO  D01;;0;;Colis?úo Lateral;Luz do Dia;Bom;Seca;Cruz;N?úo H?í Controle;Comercial;0;1;1;1;0;0;0;0;0;1;0;0;-3,721773600000000;-38,523570000000000
311853;18;10;2017;16:35;15195;AV ABOLICAO;RUA JOSE NAPOLEAO;;0;;Capotamento;Luz do Dia;Bom;Seca;Cruz;Pare;Comercial;0;2;1;1;0;0;0;0;0;1;0;0;-3,726551300000000;-38,490320000000000
311854;18;10;2017;16:11;3789;AV 13 DE MAIO;RUA WALDERY UCHOA;;0;;Colis?úo Transversal;Luz do Dia;Bom;Seca;Cruz;N?úo H?í Controle;Comercial;0;0;1;1;0;0;0;0;0;0;0;0;-3,742476700000000;-38,537310000000000
311855;18;10;2017;17:05;0;RUA BARTOLOMEU DE GUSMAO;;;930;;Colis?úo Lateral;Luz do Dia;Bom;Seca;Meio de Quadra;N?úo H?í Controle;Residencial;0;0;2;1;0;0;0;0;0;0;0;0;-3,757725000000000;-38,525547000000000
311856;18;10;2017;19:01;1584;RUA VIS MAUA;RUA GAL TERTULIANO POTYGUARA;;0;;Colis?úo Frontal;Via Iluminada;Bom;Seca;Cruz;Pare;Residencial;0;0;1;1;0;0;0;0;0;1;0;0;-3,742862500000000;-38,501625000000000
311857;18;10;2017;16:50;0;AV ABOLICAO;;;2950;;Colis?úo Lateral;Via Iluminada;Bom;Seca;Meio de Quadra;N?úo H?í Controle;Comercial;0;0;2;1;1;0;0;0;0;0;0;0;-3,727155000000000;-38,493164000000000
311858;18;10;2017;19:30;0;RUA PRO OTAVIO LOBO;;;590;;Colis?úo Traseira;Via Iluminada;Bom;Seca;Meio de Quadra;Gesto;Residencial;0;0;2;1;0;0;0;0;0;0;0;0;-3,744017400000000;-38,478535000000000
311859;18;10;2017;18:00;15571;AV FRE CIRILO;RUA LEONCIO TABOSA;;0;;Colis?úo Traseira;Via Iluminada;Bom;Seca;Cruz;Sem?íforo;Residencial;0;2;1;1;0;0;0;0;0;1;0;0;-3,822080900000000;-38,495304000000000
311860;18;10;2017;18:45;0;RUA FRANCISCO BORGES SOARES;RUA CRISANTO M DA ROCHA;;0;;Colis?úo Lateral;Via Iluminada;Bom;Seca;Meio de Quadra;N?úo H?í Controle;Residencial;0;0;2;1;0;0;0;0;0;0;0;0;-3,809301100000000;-38,483360000000000
311944;18;10;2017;15:56;7850;RUA JOSE VILAR;RUA CEL ALVES TEIXEIRA;;0;;Colis?úo Lateral;Luz do Dia;Bom;Seca;Meio de Quadra;N?úo H?í Controle;Residencial;0;0;2;1;0;0;0;0;0;0;0;0;-3,746463800000000;-38,508083000000000
311861;19;10;2017;08:15;0;AV PAISAGISTICA;;;0;;Colis?úo Traseira;Luz do Dia;Bom;Seca;Rotat??ria;Gesto;Comercial;0;0;2;0;0;0;0;0;0;0;0;0;-3,766165300000000;-38,478470000000000
311862;19;10;2017;08:19;0;AV EDUARDO GIRAO;;;399;;Colis?úo Traseira;Luz do Dia;Bom;Seca;Meio de Quadra;Sem?íforo;Comercial;0;0;2;1;0;0;0;0;0;0;0;0;-3,748228000000000;-38,539715000000000
311863;19;10;2017;07:50;0;AV CHANC EDSON QUEIROZ;;;106;;Colis?úo Lateral;Luz do Dia;Bom;Seca;Meio de Quadra;Sem?íforo;Residencial;0;0;2;1;0;0;0;0;0;0;0;0;-3,767228400000000;-38,486065000000000
311864;19;10;2017;09:31;0;RUA ADOLFO CAMINHA;;;23;;Colis?úo Traseira;Luz do Dia;Bom;Seca;Meio de Quadra;N?úo H?í Controle;Comercial;0;0;2;0;0;0;0;0;0;0;0;0;-3,721268200000000;-38,523525000000000
311865;19;10;2017;09:54;9115;RUA DR ALFREDO WEYNE D14;RUA GAL SILVA JUNIOR;;0;;Colis?úo Transversal;Luz do Dia;Bom;Seca;Cruz;Pare;Residencial;0;2;0;0;0;0;0;0;0;1;0;0;-3,755981400000000;-38,532070000000000
311866;19;10;2017;11:12;19330;RUA PERDIGAO DE OLIVEIRA;RUA STA LIGIA;;0;;Colis?úo Lateral;Luz do Dia;Bom;Seca;Cruz;Pare;Residencial;0;1;1;1;0;0;0;0;0;1;0;0;-3,775943300000000;-38,574093000000000
311867;19;10;2017;10:33;13526;RUA BAR ARACATI;RUA PDE CHEVALIER;;0;;Colis?úo Transversal;Luz do Dia;Bom;Seca;Cruz;Pare;Escola;0;0;2;1;0;0;0;0;0;0;0;0;-3,747540200000000;-38,516613000000000
311868;19;10;2017;11:46;0;RUA DOM SEBASTIAO LEME;RUA CARLOS RIBEIRO;;0;;Colis?úo Transversal;Luz do Dia;Bom;Seca;Cruz;Pare;Residencial;0;0;2;1;0;0;0;0;0;0;0;0;-3,746524300000000;-38,526234000000000
311869;19;10;2017;12:56;0;AV MIGUEL DIAS;;;0;;Colis?úo Lateral;Luz do Dia;Bom;Seca;Rotat??ria;D?¬ Prefer?¬ncia;Comercial;0;0;2;1;0;0;0;0;0;0;0;0;-3,763413000000000;-38,487804000000000
311870;19;10;2017;13:25;0;RUA PDE VALDEVINO;;;200;;Colis?úo Lateral;Luz do Dia;Bom;Seca;Meio de Quadra;N?úo H?í Controle;Residencial;0;0;2;1;1;0;0;0;0;0;0;0;-3,737475600000000;-38,522160000000000
311871;19;10;2017;12:50;25735;RUA DR JOSE FURTADO;RUA VIRGILIO PAES;;0;;Colis?úo Lateral;Luz do Dia;Bom;Seca;T;Gesto;Residencial;0;0;1;1;0;0;0;0;0;1;0;0;-3,797164700000000;-38,488274000000000
311872;19;10;2017;13:54;0;AV BEIRA MAR;;;3080;;Colis?úo Transversal;Luz do Dia;Bom;Seca;Meio de Quadra;N?úo H?í Controle;Lazer;0;0;2;1;0;0;0;0;0;0;0;0;-3,725953600000000;-38,493244000000000
311873;19;10;2017;14:06;23618;AV SGT HERMINIO SAMPAIO;RUA PRO JOAQUIM ANTONIO;;0;;Colis?úo Transversal;Luz do Dia;Bom;Seca;T;Pare;Comercial;0;1;1;1;0;0;0;0;0;1;0;0;-3,726927800000000;-38,563850000000000
311874;19;10;2017;14:37;0;RUA PRO JOAO BOSCO;;;438;;Colis?úo Traseira;Luz do Dia;Bom;Seca;Meio de Quadra;N?úo H?í Controle;Residencial;0;0;2;1;0;0;0;0;0;0;0;0;-3,741085800000000;-38,544376000000000
311875;19;10;2017;14:24;26083;AV BEZERRA DE MENEZES;AV JOSE JATAHY;;0;;Colis?úo Transversal;Luz do Dia;Bom;Seca;Cruz;Sem?íforo;Comercial;0;0;2;1;1;0;0;0;0;0;0;0;-3,731177600000000;-38,544945000000000
311876;19;10;2017;15:15;0;AV DUQ CAXIAS;;;809;;Colis?úo Traseira;Luz do Dia;Bom;Seca;Outros;Sem?íforo;Industrial;0;0;1;1;0;0;0;0;0;0;0;0;-3,731342000000000;-38,531620000000000
311877;19;10;2017;13:58;5500;RUA PDE VALDEVINO;RUA NOGUEIRA ACIOLI;;0;;Colis?úo Transversal;Luz do Dia;Bom;Seca;Cruz;Sem?íforo;Residencial;0;0;2;1;0;0;0;1;0;0;0;0;-3,738328000000000;-38,519516000000000
311878;19;10;2017;16:00;0;RUA REV BOLIVAR P BANDEIRA;;;16;;Colis?úo Lateral;Luz do Dia;Bom;Seca;Meio de Quadra;Gesto;Comercial;0;0;2;1;0;0;0;0;0;0;0;0;-3,769680500000000;-38,491920000000000
311879;19;10;2017;17:01;14716;RUA BULGARIA;RUA FRANCISCO GLICERIO;;0;;Colis?úo Lateral;Luz do Dia;Bom;Seca;Cruz;Pare;Residencial;0;0;2;1;0;0;0;0;0;0;0;0;-3,794661000000000;-38,579290000000000
311880;19;10;2017;17:10;9220;AV 13 DE MAIO;RUA NAPOLEAO LAUREANO;;0;;Colis?úo Lateral;Luz do Dia;Bom;Seca;Cruz;Sem?íforo;Comercial;0;0;3;1;1;0;0;0;0;1;0;0;-3,749954200000000;-38,528680000000000
311881;19;10;2017;17:58;0;RUA PDE PEDRO DE ALENCAR;;;1564;;Colis?úo Transversal;Anoitecer;Bom;Seca;Meio de Quadra;Pare;Comercial;0;1;1;1;0;0;0;0;0;1;0;0;-3,841828300000000;-38,494385000000000
311882;19;10;2017;16:40;0;RUA BRAZ DE FRANCESCO;;;475;;Colis?úo Transversal;Luz do Dia;Bom;Seca;Meio de Quadra;Pare;Comercial;0;1;1;1;0;1;0;0;0;0;0;0;-3,735061600000000;-38,567375000000000
311883;19;10;2017;19:54;7861;RUA CEL JUCA;AV ANTONIO SALES;;0;;Colis?úo Traseira;Anoitecer;Bom;Seca;Cruz;Sem?íforo;Comercial;0;0;2;1;0;0;0;0;0;0;0;0;-3,747742400000000;-38,494480000000000
311884;19;10;2017;19:00;20031;AV HEROIS DO ACRE;RUA CARNAUBAS;;0;;Colis?úo Transversal;Via Iluminada;Bom;Seca;T;Pare;Comercial;0;0;1;1;0;0;0;0;0;1;0;0;-3,803285000000000;-38,533726000000000
311885;19;10;2017;19:10;0;RUA ALBERTO FEITOSA LIMA;;;668;;Colis?úo Frontal;Via Iluminada;Bom;Seca;Meio de Quadra;N?úo H?í Controle;Comercial;0;1;1;1;0;0;0;0;0;1;0;0;-3,765242300000000;-38,484512000000000
311886;19;10;2017;21:06;0;AV JOSE BASTOS;;;4550;;Colis?úo Traseira;Via Iluminada;Bom;Seca;Meio de Quadra;Sem?íforo;Comercial;0;0;2;1;0;0;0;0;0;0;0;0;-3,756610400000000;-38,557255000000000