COD_ACIDENTE;DIA;MES;ANO;HORA;INTERSECAO;LOG1;LOG2;LOG3;NUMERO;REFERENCIA;NATUREZA;ILUMINACAO;TEMPO;SUPERFICIEPISTA;TIPOCRUZAMENTO;CONTROLETRAFEGO;USOSOLO;MORTOS;FERIDOS;ILESOS;AUTOMOVEL;ONIBUS;BICICLETA;CAMINHAO;MICROONIBUS;CICLOMOTOR;MOTOCICLETA;TRACAOANIMAL;TREM;LATITUDE;LONGITUDE
311887;19;10;2017;21:30;6752;AV SANTOS DUMONT;RUA PRO OTAVIO LOBO;;0;;Colis?úo Traseira;Via Iluminada;Bom;Seca;Meio de Quadra;Sem?íforo;Comercial;0;0;2;1;0;0;0;0;0;0;0;0;-3,742799500000000;-38,477993000000000
315783;19;10;2017;17:30;0;RD BR 116;;;8000;KM-08;Colis?úo Traseira;Anoitecer;Bom;Seca;Meio de Quadra;;;0;0;2;1;0;0;0;0;0;0;0;0;-3,822018000000000;-38,503269000000000
314375;19;10;2017;12:10;0;AV MIN JOSE AMERICO;;;0;;Colis?úo;Luz do Dia;Bom;Seca;Meio de Quadra;;;0;0;2;1;0;0;0;0;0;0;0;0;;
314376;19;10;2017;17:50;0;AV MIN JOSE AMERICO;;;0;;Colis?úo;Anoitecer;Bom;Seca;Meio de Quadra;;;0;1;1;0;0;0;0;0;0;1;0;0;;
314378;19;10;2017;15:45;0;RD CE-025;;;0;KM-00;Colis?úo;Luz do Dia;Bom;Seca;Meio de Quadra;;;0;0;2;1;0;0;0;0;0;0;0;0;-3,808327262000000;-38,479123640000000
313950;19;10;2017;05:29;14870;RUA ALFREDO MAMEDE;RUA WALDIR DIOGO;;0;;Colis?úo;Amanhecer;;;Cruz;Sem?íforo;Comercial;0;1;1;1;0;0;0;0;0;1;0;0;-3,807367000000000;-38,580084000000000
313952;19;10;2017;05:33;0;AV CEL CARVALHO;;;617;;Colis?úo;Amanhecer;;;Meio de Quadra;;;0;1;0;0;0;0;0;0;0;0;0;0;-3,815389100000000;-38,450002700000000
313972;19;10;2017;08:17;0;AV SGT HERMINIO SAMPAIO;;;0;;Colis?úo;Luz do Dia;;;Meio de Quadra;;;0;1;1;1;0;0;0;0;0;1;0;0;;
313965;19;10;2017;07:26;0;RUA GERMANO FRANCK;;;135;;Colis?úo;Luz do Dia;;;Meio de Quadra;;;0;1;1;1;0;0;0;0;0;1;0;0;-3,774184000000000;-38,558397000000000
313969;19;10;2017;08:02;0;AV DEP PAULINO ROCHA;;;0;;Atropelamento;Luz do Dia;;;Meio de Quadra;;;0;1;1;0;0;0;0;0;0;1;0;0;;
313970;19;10;2017;08:09;0;RUA VINTE E CINCO DE MARCO;;;0;;Colis?úo;Luz do Dia;;;Meio de Quadra;;;0;1;1;1;0;0;0;0;0;1;0;0;;
313988;19;10;2017;08:36;0;AV CASTELO DE CASTRO;;;1330;;Colis?úo;Luz do Dia;;;Meio de Quadra;;;0;1;1;1;0;0;0;0;0;1;0;0;-3,841062000000000;-38,521753000000000
313990;19;10;2017;10:24;25735;RUA VIRGILIO PAES;RUA DR JOSE FURTADO;;0;;Colis?úo;Luz do Dia;;;T;Pare;Residencial;0;1;1;1;0;0;0;0;0;1;0;0;-3,797220000000000;-38,488225000000000
313993;19;10;2017;10:46;0;RUA CARLOS CAMARA;;;1704;;Colis?úo;Luz do Dia;;;Meio de Quadra;;;0;1;1;1;0;0;0;0;0;1;0;0;-3,750359000000000;-38,546088000000000
313994;19;10;2017;11:19;9617;RUA ARI MAIA;RUA DR FERNANDO AUGUSTO;;0;;Queda;Luz do Dia;;;;;;0;1;0;0;0;0;0;0;0;1;0;0;-3,787008000000000;-38,622349000000000
313996;19;10;2017;11:29;0;RUA PEDRO CABRAL;;;90;;Atropelamento;Luz do Dia;;;Meio de Quadra;;;0;1;0;0;0;0;0;0;0;0;0;0;-3,819068000000000;-38,589529000000000
313998;19;10;2017;11:34;0;RUA COS LAFAYETE;;;278;;Colis?úo;Luz do Dia;;;Meio de Quadra;;;0;1;0;0;0;0;0;0;0;0;0;0;-3,718192000000000;-38,580615000000000
313999;19;10;2017;11:41;0;AV SGT HERMINIO SAMPAIO;;;2656;;Colis?úo;Luz do Dia;;;Meio de Quadra;;;0;1;1;1;0;0;0;0;0;1;0;0;-3,726957000000000;-38,563824000000000
314001;19;10;2017;11:44;0;AV PRS JUSCELINO KUBITSCHEK (PASSAR?ë);;;0;;Colis?úo;Luz do Dia;;;Meio de Quadra;;;0;2;1;1;0;0;0;0;0;1;0;0;;
314012;19;10;2017;13:28;13389;AV ANTONIO SALES;RUA JOAO CORDEIRO;;0;;Atropelamento;Luz do Dia;;;Cruz;Sem?íforo;Comercial;0;1;0;0;0;0;0;0;0;0;0;0;-3,740588000000000;-38,518068000000000
314013;19;10;2017;13:36;0;RUA LUMINOSA;;;198;;Atropelamento;Luz do Dia;;;Meio de Quadra;;;0;1;1;1;0;0;0;0;0;0;0;0;-3,788904703000000;-38,592059030000000
314014;19;10;2017;14:05;0;AV BEZERRA DE MENEZES;;;85;;Queda;Luz do Dia;;;Meio de Quadra;;;0;1;0;0;0;0;0;0;0;1;0;0;-3,731676000000000;-38,545260000000000
313941;19;10;2017;03:53;0;AV PRS COSTA E SILVA;;;566;;Colis?úo;;;;Meio de Quadra;;;0;2;0;0;0;0;0;0;0;0;0;0;-3,811834000000000;-38,574532000000000
314032;19;10;2017;16:48;12614;AV CEL CARVALHO;RUA COS LAFAYETE;;0;;Colis?úo;Luz do Dia;;;Cruz;Sem?íforo;Comercial;0;1;1;1;0;0;0;0;0;1;0;0;-3,717512000000000;-38,587938000000000
314061;19;10;2017;17:31;0;RUA AMAZONAS;;;1567;;Queda;Anoitecer;;;Meio de Quadra;;;0;0;1;0;0;1;0;0;0;0;0;0;-3,751432000000000;-38,567146000000000
314062;19;10;2017;18:00;21473;RUA FAUSTO AGUIAR;AV MIN JOSE AMERICO;;0;;Colis?úo;Anoitecer;;;Cruz;Pare;Residencial;0;1;1;1;0;0;0;0;0;1;0;0;-3,810151000000000;-38,493200000000000
314064;19;10;2017;18:22;0;AV DR THEBERGE;;;1620;;Colis?úo;Anoitecer;;;Meio de Quadra;;;0;1;1;1;0;0;0;0;0;1;0;0;-3,715473000000000;-38,565222000000000
314065;19;10;2017;18:56;20031;RUA CARNAUBAS;AV HEROIS DO ACRE;;0;;Colis?úo;;;;T;Pare;Comercial;0;1;1;1;0;0;0;0;0;1;0;0;-3,803180000000000;-38,533651000000000
314066;19;10;2017;19:08;0;RUA TEODOMIRO DE CASTRO;;;4585;;Colis?úo;;;;Meio de Quadra;;;0;1;1;1;0;0;0;0;0;1;0;0;-3,718175000000000;-38,573432000000000
314067;19;10;2017;19:14;0;RUA ALBERTO FEITOSA LIMA;;;100;;Colis?úo;;;;Meio de Quadra;;;0;1;1;1;0;0;0;0;0;1;0;0;-3,767728000000000;-38,484352000000000
314068;19;10;2017;19:38;0;RUA VALPARAISO;;;1457;;Atropelamento;;;;Meio de Quadra;;;0;1;0;0;0;0;0;0;0;0;0;0;-3,838261000000000;-38,533032000000000
314070;19;10;2017;21:26;10907;RUA PORTO VELHO;RUA GUARANI D35 (JOAO XXIII);;0;;Colis?úo;;;;Cruz;Pare;Residencial;0;1;1;1;0;1;0;0;0;0;0;0;-3,768441000000000;-38,582396000000000
314072;19;10;2017;22:19;0;AV JOSE JATAHY;;;0;;Queda;;;;Meio de Quadra;;;0;1;0;0;0;0;0;0;0;1;0;0;;
314073;19;10;2017;23:04;0;RUA ENG JAIME ROLEMBERG;;;100;;Colis?úo;;;;Meio de Quadra;;;0;1;1;1;0;0;0;0;0;1;0;0;-3,801879700000000;-38,561333400000000
304744;19;10;2017;23:20;0;AV CARAPINIMA;;;2004;;Colis?úo Lateral;Via Iluminada;Bom;Seca;Outros;Outros;Comercial;0;2;0;1;0;0;0;0;0;1;0;0;-3,738501000000000;-38,538543000000000
304746;19;10;2017;20:00;22672;AV COS GOMES DE FREITAS (SAPIRANGA/COITE);RUA ELISEU ORIA;;0;;Colis?úo Transversal;Via Iluminada;Bom;Seca;Cruz;Pare;Residencial;0;2;0;1;0;0;0;0;0;1;0;0;-3,795487000000000;-38,477418000000000
304747;19;10;2017;08:40;0;AV DEP PAULINO ROCHA;;;0;;Atropelamento;Luz do Dia;Bom;Seca;Meio de Quadra;Outros;Residencial;0;2;0;0;0;0;0;0;0;1;0;0;;
304338;19;10;2017;22:00;0;AV JOSE JATAHY;;;305;;Choque c/ Obst?ículo Fixo;;;;Meio de Quadra;;;1;0;0;0;0;0;0;0;0;1;0;0;-3,740633000000000;-38,543092000000000
304336;19;10;2017;19:30;25019;RUA TEODOMIRO DE CASTRO;RUA DNA MENDINHA;;0;;Colis?úo;Via Iluminada;Bom;Seca;Cruz;Pare;Residencial;1;0;1;1;0;0;0;0;0;1;0;0;-3,718209000000000;-38,573357000000000
304751;20;10;2017;09:45;26077;AV JOSE JATAHY;AV DUQ CAXIAS;;0;;Colis?úo Lateral;Luz do Dia;Bom;Seca;Cruz;Sem?íforo;Residencial;0;2;0;1;1;0;0;0;0;0;0;0;;
304752;20;10;2017;07:30;19377;RUA EDUARDO PERDIGAO;RUA GERMANO FRANCK;;0;;Colis?úo Traseira;Luz do Dia;Bom;Seca;Cruz;Sem?íforo;Comercial;0;2;0;1;0;0;0;0;0;0;0;0;-3,777704000000000;-38,562542000000000
304754;20;10;2017;07:40;2896;AV GAL OSORIO DE PAIVA;RUA BOM JESUS (GRANJA LISBOA);;0;;Colis?úo Lateral;Luz do Dia;;;T;N?úo H?í Controle;Comercial;0;2;0;0;1;0;0;0;0;1;0;0;-3,796709000000000;-38,594321000000000
304755;20;10;2017;12:25;15317;RUA NUNES VALENTE;RUA TEN BENEVOLO;;0;;Colis?úo Transversal;Luz do Dia;Bom;Seca;Cruz;Pare;Residencial;0;1;1;1;0;0;0;0;0;0;0;0;-3,730365000000000;-38,501859000000000
304756;20;10;2017;14:50;0;RUA COSTA BARROS;;;941;;Choque c/ Obst?ículo Fixo;Luz do Dia;Bom;Seca;Meio de Quadra;Pare;Residencial;0;1;0;0;0;0;0;0;0;0;0;0;-3,729423000000000;-38,514408000000000
314078;20;10;2017;06:06;15357;RUA PEREIRA VALENTE;RUA LEONARDO MOTA;;0;;Colis?úo;Luz do Dia;;;Cruz;Pare;Comercial;0;1;1;1;0;0;0;0;0;1;0;0;-3,732885000000000;-38,495134000000000
314090;20;10;2017;06:39;0;AV MAE LISBOA;;;1868;;Colis?úo;Luz do Dia;;;Meio de Quadra;;;0;1;0;0;0;0;0;0;0;0;0;0;-3,717651000000000;-38,552363000000000
314091;20;10;2017;07:06;0;RD BR 116;;;5641;;Colis?úo Lateral;Luz do Dia;Bom;Seca;Meio de Quadra;;;0;1;1;1;0;0;0;0;0;1;0;0;-3,770833000000000;-38,516910000000000
314075;20;10;2017;01:50;0;RUA JULIO SILVA;;;440;;Queda;;;;Meio de Quadra;;;0;1;0;0;0;0;0;0;0;1;0;0;;
314097;20;10;2017;07:07;0;AV AUGUSTO DOS ANJOS;;;1185;;Colis?úo;Luz do Dia;;;Meio de Quadra;;;0;2;1;1;0;0;0;0;0;1;0;0;-3,777359000000000;-38,576697000000000
314109;20;10;2017;08:00;1282;AV BAR STUDART;AV SANTOS DUMONT;;0;;Colis?úo;Luz do Dia;;;Cruz;Sem?íforo;Comercial;0;1;1;0;0;0;1;0;0;1;0;0;-3,733642000000000;-38,506304000000000
314111;20;10;2017;08:17;0;AV F CJ CEARA;;;0;;Colis?úo;Luz do Dia;;;Meio de Quadra;;;0;1;1;1;0;0;0;0;0;1;0;0;;
314117;20;10;2017;11:41;0;AV SGT HERMINIO SAMPAIO;;;637;;Queda;Luz do Dia;;;Meio de Quadra;;;0;1;0;0;0;0;0;0;0;1;0;0;-3,724645000000000;-38,546313000000000
314118;20;10;2017;11:44;0;RUA GAL RABELO;;;0;;Colis?úo;Luz do Dia;;;Meio de Quadra;;;0;1;1;0;0;0;0;0;0;1;0;0;;
314119;20;10;2017;11:52;0;RUA MARIA JULIA;;;506;;Colis?úo;Luz do Dia;;;Meio de Quadra;;;0;2;1;0;0;0;0;0;0;1;0;0;-3,790183000000000;-38,599190000000000
314120;20;10;2017;13:15;1360;RUA JOAQUIM NABUCO;RUA DES LEITE ALBUQUERQUE;;0;;Colis?úo;Luz do Dia;;;Cruz;Pare;Comercial;0;1;1;1;0;1;0;0;0;0;0;0;-3,736273000000000;-38,501621000000000
314114;20;10;2017;09:28;1425;AV BAR STUDART;RUA JOAO CARVALHO;;0;;Queda;Luz do Dia;;;Cruz;Sem?íforo;Comercial;0;1;0;0;0;0;0;0;0;1;0;0;-3,737632000000000;-38,507567000000000
314123;20;10;2017;13:19;0;RUA ACRE;;;0;;Colis?úo;Luz do Dia;;;Meio de Quadra;;;0;1;1;1;0;0;0;0;0;1;0;0;;
314126;20;10;2017;15:27;0;RUA NOSSA SRA CONCEICAO;;;56;;Queda;Luz do Dia;;;Meio de Quadra;;;0;1;0;0;0;0;0;0;0;1;0;0;;
314127;20;10;2017;15:46;22051;RUA PRO JOAO BOSCO;RUA CAP FRANCISCO PEDRO;;0;;Colis?úo;Luz do Dia;;;Cruz;Pare;Residencial;0;1;1;1;0;0;0;0;0;1;0;0;-3,741524000000000;-38,543795000000000
314128;20;10;2017;16:05;0;AV DES MOREIRA;;;2222;;Colis?úo;Luz do Dia;;;Meio de Quadra;;;0;1;1;1;0;0;0;0;0;1;0;0;-3,744979000000000;-38,501159000000000
314129;20;10;2017;16:26;0;AV GAL OSORIO DE PAIVA;;;0;;Queda;Luz do Dia;;;Meio de Quadra;;;0;1;0;0;0;0;0;0;0;1;0;0;;
314130;20;10;2017;16:55;15298;RUA BARBOSA DE FREITAS;RUA ANA BILHAR;;0;;Colis?úo;Luz do Dia;;;Cruz;Pare;Residencial;0;1;1;1;0;1;0;0;0;0;0;0;-3,729646000000000;-38,495143000000000
314131;20;10;2017;17:12;3998;RUA ALBERTO MAGNO;RUA SAMUEL UCHOA;;0;;Colis?úo;Anoitecer;;;Cruz;Pare;Comercial;0;1;1;1;0;0;0;0;0;1;0;0;-3,756713000000000;-38,542824000000000
314134;20;10;2017;17:15;0;RUA JULIO MACIEL (MANUEL SATIRO);;;0;;Colis?úo;Anoitecer;;;Meio de Quadra;;;0;1;1;1;0;0;0;0;0;1;0;0;;
314135;20;10;2017;17:54;0;AV SEN FERNANDES TAVORA;;;0;;Colis?úo;Anoitecer;;;Meio de Quadra;;;0;1;0;0;0;0;0;0;0;0;0;0;;
314137;20;10;2017;18:08;26075;AV SGT HERMINIO SAMPAIO;AV JOSE JATAHY;;0;;Queda;Anoitecer;;;Cruz;Sem?íforo;Comercial;0;1;0;0;0;0;0;0;0;1;0;0;-3,724679297000000;-38,546275142000000
314144;20;10;2017;19:22;0;AV PERIMETRAL;;;0;;Atropelamento;;;;Meio de Quadra;;;0;1;1;1;0;0;0;0;0;0;0;0;;
314145;20;10;2017;19:27;13278;AV G CJ JOSE WALTER;AV L CJ JOSE WALTER;;0;;Colis?úo;;;;T;N?úo H?í Controle;Comercial;0;1;0;0;0;0;0;0;0;0;0;0;-3,837707000000000;-38,559510000000000
314142;20;10;2017;18:14;0;RUA BERNARDO MANUEL;;;9997;;Colis?úo;Anoitecer;;;Meio de Quadra;;;0;1;1;1;0;0;0;0;0;1;0;0;-3,804512000000000;-38,553151000000000
314164;20;10;2017;20:07;0;AV CASTELO DE CASTRO;;;921;;Colis?úo;;;;Meio de Quadra;;;0;1;0;0;0;0;0;0;0;0;0;0;-3,837891000000000;-38,521716000000000
314165;20;10;2017;21:00;0;RUA PEDRO PEREIRA;;;1143;;Colis?úo;;;;Meio de Quadra;;;0;1;1;1;0;0;0;0;0;1;0;0;;
314166;20;10;2017;21:02;5189;RUA PDE IBIAPINA;RUA PEDRO PEREIRA;;0;;Colis?úo;;;;;;;0;1;0;0;0;0;0;0;0;1;0;0;-3,725940000000000;-38,540601000000000
314167;20;10;2017;22:50;0;RUA BALDUINO FREIRE;;;1630;;Atropelamento;;;;Meio de Quadra;;;0;1;0;0;0;0;0;0;0;0;0;0;-3,735339000000000;-38,585407000000000
314172;20;10;2017;22:51;185;RUA BALDUINO FREIRE;AV ENG SERRAINE;;0;;Colis?úo;;;;Cruz;Pare;Residencial;0;1;1;1;0;1;0;0;0;0;0;0;-3,735387000000000;-38,585511000000000
314173;20;10;2017;23:21;23636;RUA CAP NESTOR GOIS;RUA GONCALO DE LAGOS;;0;;Colis?úo;;;;;;;0;3;0;0;0;0;0;0;0;0;0;0;-3,723956000000000;-38,561131000000000
314175;20;10;2017;23:44;0;RUA EQUADOR;;;752;;Colis?úo;;;;Meio de Quadra;;;0;2;0;0;0;0;0;0;0;0;0;0;-3,773943000000000;-38,552368000000000
314415;20;10;2017;16:05;0;AV SEN CARLOS JEREISSATI (AEROPORTO);;;0;KM 02;Colis?úo;Luz do Dia;Bom;Seca;Meio de Quadra;;;0;0;4;1;0;0;0;0;0;0;0;0;-3,782194000000000;-38,535424000000000
314422;20;10;2017;13:20;0;RD CE-040;;;0;KM-06;Colis?úo;Luz do Dia;Bom;Seca;Meio de Quadra;;;0;0;2;0;1;0;1;0;0;0;0;0;-3,809596804000000;-38,478733480000000
314419;20;10;2017;15:30;0;RD CE-040;;;0;KM-09;Colis?úo;Luz do Dia;Bom;Seca;Meio de Quadra;;;0;0;2;1;0;0;0;0;0;0;0;0;-3,834450897000000;-38,482465820000000
314507;20;10;2017;16:50;0;RD CE-025;;;0;KM-02;Colis?úo;Luz do Dia;Bom;Seca;Meio de Quadra;;;0;1;2;1;0;0;0;0;0;0;0;0;-3,807634505000000;-38,461084520000000
315917;20;10;2017;17:30;0;RD BR 222;;;0;KM-03;Colis?úo Transversal;Anoitecer;Bom;Seca;Meio de Quadra;;;0;1;1;1;0;0;0;0;0;1;0;0;-3,740300848000000;-38,595940970000000
311888;20;10;2017;06:50;0;RUA FLORIANO PEIXOTO;;;1891;;Colis?úo Traseira;Luz do Dia;Nublado;Seca;Meio de Quadra;N?úo H?í Controle;Residencial;0;0;4;1;0;0;0;0;0;0;0;0;-3,738728300000000;-38,530920000000000
311889;20;10;2017;06:50;19561;AV GODOFREDO MACIEL;RUA ANTONIO BANDEIRA D41;;0;;Colis?úo Transversal;Luz do Dia;Nublado;Seca;T;Sem?íforo;Comercial;0;1;1;0;0;0;0;1;0;1;0;0;-3,783699000000000;-38,566093000000000
311890;20;10;2017;08:07;7871;RUA PRO FRANCISCO GONCALVES;RUA LEONARDO MOTA;;0;;Colis?úo Transversal;Luz do Dia;Bom;Seca;Cruz;Pare;Comercial;0;0;2;1;0;0;0;0;0;0;0;0;-3,747412200000000;-38,499756000000000
311891;20;10;2017;08:52;0;AV ANTONIO SALES;;;49;;Colis?úo Lateral;Luz do Dia;Bom;Seca;Meio de Quadra;Sem?íforo;Comercial;0;0;2;0;1;0;0;0;0;0;0;0;-3,738717300000000;-38,523422000000000
311892;20;10;2017;10:13;13402;AV ANTONIO SALES;RUA ILDEFONSO ALBANO;;0;;Colis?úo Traseira;Luz do Dia;Bom;Seca;Cruz;Sem?íforo;Comercial;0;0;2;0;1;0;0;0;0;0;0;0;-3,741478700000000;-38,516100000000000
311893;20;10;2017;09:50;0;AV PRS JUSCELINO KUBITSCHEK (PASSAR?ë);;;4500;;Colis?úo Traseira;Luz do Dia;Nublado;Seca;Meio de Quadra;Sem?íforo;Comercial;0;0;1;1;0;0;0;0;0;0;0;0;-3,818333100000000;-38,533070000000000
311894;20;10;2017;11:15;0;AV DES GONZAGA;;;1738;;Colis?úo Lateral;Luz do Dia;Bom;Seca;Rotat??ria;D?¬ Prefer?¬ncia;Residencial;0;0;2;1;0;0;0;0;0;0;0;0;-3,801291500000000;-38,497050000000000
311895;20;10;2017;13:15;0;AV JOSE BASTOS;;;3802;;Colis?úo Lateral;Luz do Dia;Bom;Seca;Meio de Quadra;N?úo H?í Controle;Comercial;0;0;2;1;1;0;0;0;0;0;0;0;-3,751914300000000;-38,552480000000000
311896;20;10;2017;13:35;17378;RUA ALBERTO MAGNO;RUA ROMEU MARTINS;;0;;Colis?úo Transversal;Luz do Dia;Bom;Seca;Cruz;Pare;Comercial;0;0;2;1;0;0;0;0;0;0;0;0;-3,766968300000000;-38,551918000000000
311897;20;10;2017;15:15;0;RUA SGT JOAO PINHEIRO;;;585;;Colis?úo Traseira;Luz do Dia;Bom;Seca;Meio de Quadra;N?úo H?í Controle;Residencial;0;0;2;1;0;0;0;0;0;1;0;0;-3,780545000000000;-38,622616000000000
311898;20;10;2017;15:15;26073;AV FRANCISCO SA;AV JOSE JATAHY;;0;;Colis?úo Lateral;Luz do Dia;Bom;Seca;Cruz;Sem?íforo;Comercial;0;0;2;1;0;0;0;0;0;0;0;0;-3,721047600000000;-38,546967000000000
311899;20;10;2017;16:20;22972;RUA PRA HELOISA F LIMA;RUA MAD ELISA BALDO;;0;;Colis?úo Frontal;Luz do Dia;Bom;Seca;Cruz;Pare;Residencial;0;0;3;1;0;0;0;0;0;0;0;0;-3,785483000000000;-38,545174000000000
311900;20;10;2017;17:04;1732;RUA CAP ARAGAO;RUA MAJ GERARDO MENDES;;0;;Colis?úo Lateral;Luz do Dia;Bom;Seca;Cruz;Pare;Residencial;0;1;1;0;0;0;0;0;1;0;0;0;-3,764973000000000;-38,513470000000000
311901;20;10;2017;17:30;0;AV DEP PAULINO ROCHA;;;1343;;Colis?úo Lateral;Luz do Dia;Bom;Seca;Meio de Quadra;N?úo H?í Controle;Comercial;0;1;1;1;0;0;0;0;0;0;0;0;-3,809563000000000;-38,508620000000000
311902;20;10;2017;18:00;0;AV SANTOS DUMONT;;;5500;;Colis?úo Traseira;Via Iluminada;Bom;Seca;Meio de Quadra;N?úo H?í Controle;Residencial;0;0;2;1;0;0;0;0;0;0;0;0;-3,740825400000000;-38,484146000000000
311903;20;10;2017;21:18;2755;RUA CEL VIRGILIO NOGUEIRA (BOM JARDIM);RUA BOM JESUS (GRANJA LISBOA);;0;;Colis?úo Transversal;Via Iluminada;Bom;Seca;Cruz;Sem?íforo;Comercial;0;0;2;1;0;0;0;0;0;1;0;0;-3,791733000000000;-38,609634000000000
311904;20;10;2017;22:40;0;AV 13 DE MAIO;;;81;;Colis?úo Traseira;Via Iluminada;Chuva;Molhada;Meio de Quadra;N?úo H?í Controle;Comercial;0;0;2;1;0;0;0;0;0;0;0;0;-3,753655200000000;-38,521183000000000
311905;20;10;2017;21:18;23644;RUA BAR CRATO;RUA DR GILBERTO CAMARA;;0;;Colis?úo Transversal;Via Iluminada;Bom;Seca;Cruz;Pare;Residencial;0;1;0;1;0;0;0;0;0;0;0;0;-3,722196000000000;-38,563393000000000
311924;20;10;2017;19:03;13234;AV I CJ JOSE WALTER;AV E CJ JOSE WALTER;;0;;Colis?úo Lateral;Anoitecer;Bom;Seca;Cruz;Pare;Comercial;0;0;2;1;0;0;0;0;0;0;0;0;-3,836838500000000;-38,554300000000000
311928;20;10;2017;21:32;25223;RUA L CJ VILA VELHA;RUA G CJ VILA VELHA;;0;;Colis?úo Lateral;Via Iluminada;Bom;Seca;Cruz;Pare;Comercial;0;1;0;0;1;0;0;0;0;1;0;0;-3,716489000000000;-38,601500000000000
311940;21;10;2017;16:50;8021;AV JOAO PESSOA;RUA SAMUEL UCHOA;;0;;Colis?úo Transversal;Luz do Dia;Bom;Seca;Duplo T;Pare;Comercial;0;0;1;1;0;0;0;0;0;0;0;0;-3,751861300000000;-38,548940000000000
311922;21;10;2017;18:11;0;AV DR SILAS MUNGUBA;;;5800;;Colis?úo Lateral;Via Iluminada;Bom;Seca;Meio de Quadra;N?úo H?í Controle;Comercial;0;0;2;1;0;0;0;0;0;0;0;0;-3,804206600000000;-38,527493000000000
311906;21;10;2017;05:01;25006;RUA BENI DE CARVALHO;RUA LEONARDO MOTA;;0;;Choque c/ Obst?ículo Fixo;Amanhecer;Bom;Seca;Cruz;Sem?íforo;Comercial;0;0;1;1;0;0;0;0;0;0;0;0;-3,744772200000000;-38,498882000000000
311907;21;10;2017;06:31;24372;AV LUCIANO CARNEIRO;RUA ALM RUFINO;;0;;Colis?úo Transversal;Luz do Dia;Bom;Seca;Cruz;Sem?íforo;Comercial;0;1;1;0;0;0;0;0;0;1;0;0;-3,766469700000000;-38,537080000000000
311908;21;10;2017;09:46;19561;AV GODOFREDO MACIEL;RUA ANTONIO BANDEIRA D41;;0;;Colis?úo Traseira;Luz do Dia;Bom;Seca;T;Sem?íforo;Comercial;0;0;2;1;0;0;0;0;0;0;0;0;-3,782838300000000;-38,566063000000000
311909;21;10;2017;09:10;15246;RUA TEN BENEVOLO;RUA CARLOS VASCONCELOS;;0;;Colis?úo Transversal;Luz do Dia;Bom;Seca;Cruz;Sem?íforo;Residencial;0;1;1;1;0;0;0;0;0;1;0;0;-3,727942700000000;-38,509388000000000
311910;21;10;2017;13:12;0;AV GOV RAUL BARBOSA;;;5350;;Colis?úo Lateral;Luz do Dia;Bom;Seca;Meio de Quadra;N?úo H?í Controle;Comercial;0;0;1;1;0;0;0;0;0;0;0;0;-3,766313600000000;-38,508904000000000
311911;21;10;2017;13:44;15126;AV HIS RAIMUNDO GIRAO;AV RUI BARBOSA;;0;;Colis?úo Lateral;Luz do Dia;Bom;Seca;Cruz;Sem?íforo;Comercial;0;0;2;0;1;0;0;0;0;0;0;0;-3,723960000000000;-38,505580000000000
311912;21;10;2017;14:23;10999;RUA 15 DE NOVEMBRO;RUA ALBERTO MAGNO;;0;;Colis?úo Transversal;Luz do Dia;Bom;Seca;Cruz;Pare;Comercial;0;1;1;1;0;0;0;0;0;1;0;0;-3,769975400000000;-38,553078000000000
311913;21;10;2017;14:22;24886;AV MOZART PINHEIRO DE LUCENA;AV MAJ ASSIS;;0;;Colis?úo Lateral;Luz do Dia;Bom;Seca;Duplo T;Sem?íforo;Comercial;0;0;2;1;0;0;0;0;0;0;0;0;-3,721496000000000;-38,596657000000000
315918;21;10;2017;08:20;0;RD BR 116;;;15000;KM-15;Colis?úo Traseira;Luz do Dia;Bom;Seca;Meio de Quadra;;;0;2;0;0;0;0;0;0;0;1;0;0;-3,882329000000000;-38,501113000000000
314509;21;10;2017;06:00;0;AV MIN JOSE AMERICO;;;0;;Capotamento;Luz do Dia;Bom;Seca;Meio de Quadra;;;0;1;0;1;0;0;0;0;0;0;0;0;;
314510;21;10;2017;12:20;0;RD CE-040;;;0;KM-03;Colis?úo;Luz do Dia;Bom;Seca;Meio de Quadra;;;0;0;3;1;0;0;0;0;0;0;0;0;-3,782614325000000;-38,481083900000000
314423;21;10;2017;23:48;7386;RUA PRO EDGAR DE ARRUDA;RUA BELEM;;0;;Colis?úo;;;;Cruz;Pare;Residencial;0;1;1;1;0;0;0;0;0;1;0;0;-3,754894000000000;-38,591051000000000
314416;21;10;2017;23:34;0;RUA PEDRO PEREIRA;;;1028;;Colis?úo;;;;Meio de Quadra;;;0;1;1;1;0;0;0;0;0;1;0;0;-3,727740000000000;-38,534531000000000
314409;21;10;2017;19:34;0;RUA NAT FEIJO;;;877;;Atropelamento;;;;Meio de Quadra;;;0;1;1;1;0;0;0;0;0;0;0;0;-3,721420000000000;-38,556669000000000
314410;21;10;2017;20:29;0;RUA DR JOSE LOURENCO;;;1555;;Queda;;;;Meio de Quadra;;;0;1;0;0;0;0;0;0;0;1;0;0;-3,737211000000000;-38,508619000000000
314411;21;10;2017;21:06;0;AV GAL OSORIO DE PAIVA;;;0;;Atropelamento;;;;Meio de Quadra;;;0;1;1;0;0;0;0;0;0;1;0;0;;
314412;21;10;2017;21:29;0;RUA PERNAMBUCO;;;0;;Colis?úo;;;;Meio de Quadra;;;0;1;1;1;0;0;0;0;0;1;0;0;;