COD_ACIDENTE;DIA;MES;ANO;HORA;INTERSECAO;LOG1;LOG2;LOG3;NUMERO;REFERENCIA;NATUREZA;ILUMINACAO;TEMPO;SUPERFICIEPISTA;TIPOCRUZAMENTO;CONTROLETRAFEGO;USOSOLO;MORTOS;FERIDOS;ILESOS;AUTOMOVEL;ONIBUS;BICICLETA;CAMINHAO;MICROONIBUS;CICLOMOTOR;MOTOCICLETA;TRACAOANIMAL;TREM;LATITUDE;LONGITUDE
314413;21;10;2017;22:39;0;AV ENG ALBERTO SA;;;1111;;Colis?úo;;;;Meio de Quadra;;;0;1;1;1;0;0;0;0;0;0;0;0;-3,735338000000000;-38,473066000000000
314383;21;10;2017;18:02;0;RUA ALEXANDRE BARAUNA;;;1450;;Colis?úo;Anoitecer;;;Meio de Quadra;;;0;1;1;0;0;0;0;0;0;1;0;0;-3,745645000000000;-38,554293000000000
314384;21;10;2017;18:21;12575;RUA PDE TEODORO (QUNTINO CUNHA);RUA CREUSA ROCHA;;0;;Colis?úo;Anoitecer;;;Cruz;N?úo H?í Controle;Comercial;0;1;1;1;0;0;0;0;0;1;0;0;-3,721810000000000;-38,590117000000000
314386;21;10;2017;18:33;23342;RUA EDUARDO BEZERRA;RUA TIBURCIO CAVALCANTE;;0;;Colis?úo;;;;Cruz;Pare;Residencial;0;1;1;1;0;0;0;0;0;1;0;0;-3,753329000000000;-38,508145000000000
314389;21;10;2017;19:06;0;RUA BERNARDO MANUEL;;;11115;;Colis?úo;;;;Meio de Quadra;;;0;1;1;1;0;1;0;0;0;0;0;0;-3,816608000000000;-38,556856000000000
314390;21;10;2017;19:23;0;RUA BAR AQUIRAZ;;;980;;Colis?úo;;;;Meio de Quadra;;;0;1;1;1;0;0;0;0;0;1;0;0;-3,837374000000000;-38,488043000000000
314391;21;10;2017;19:32;0;RUA NAT FEIJO;;;873;;Colis?úo;;;;Meio de Quadra;;;0;1;0;0;0;0;0;0;0;0;0;0;-3,847925100000000;-38,502899800000000
314379;21;10;2017;15:26;0;AV JOSE JATAHY;;;0;;Colis?úo;Luz do Dia;;;Meio de Quadra;;;0;1;0;0;0;0;0;0;0;0;0;0;;
314380;21;10;2017;15:53;13432;AV ANTONIO SALES;AV RUI BARBOSA;;0;;Atropelamento;Luz do Dia;;;Cruz;Sem?íforo;Comercial;0;1;1;1;0;0;0;0;0;0;0;0;-3,742611000000000;-38,511569000000000
314381;21;10;2017;17:40;0;AV PRS CASTELO BRANCO;;;0;;Atropelamento;Anoitecer;;;Meio de Quadra;;;0;1;1;0;0;0;0;0;0;1;0;0;;
314347;21;10;2017;14:42;0;RUA CON DE CASTRO;;;0;;Atropelamento;Luz do Dia;;;Meio de Quadra;;;0;2;0;0;0;0;0;0;0;1;0;0;;
314354;21;10;2017;15:19;0;AV SEN CARLOS JEREISSATI (AEROPORTO);;;0;;Colis?úo;Luz do Dia;;;Meio de Quadra;;;0;2;0;0;0;0;0;0;0;0;0;0;;
314512;21;10;2017;13:40;0;AV MIN JOSE AMERICO;;;0;;Colis?úo;Luz do Dia;Bom;Seca;Meio de Quadra;;;0;0;2;1;0;0;0;0;0;0;0;0;;
314523;21;10;2017;22:00;0;RD CE-060;;;0;KM-02;Choque c/ Obst?ículo Fixo;;Bom;Seca;Meio de Quadra;;;0;0;1;1;0;0;0;0;0;0;0;0;-3,834064000000000;-38,582111000000000
314524;21;10;2017;23:05;0;RD CE-040;;;0;KM-01;Colis?úo;;Bom;Seca;Meio de Quadra;;;0;0;2;1;0;0;0;0;0;1;0;0;-3,764650449000000;-38,482583040000000
314521;21;10;2017;15:10;0;AV SEN CARLOS JEREISSATI (AEROPORTO);;;0;KM 03;Colis?úo;Luz do Dia;Bom;Seca;Meio de Quadra;;;0;0;2;0;0;1;0;0;0;1;0;0;-3,779641000000000;-38,544038000000000
314176;21;10;2017;00:01;0;AV SGT HERMINIO SAMPAIO;;;1299;;Colis?úo;;;;Meio de Quadra;;;0;1;1;1;0;0;0;0;0;1;0;0;-3,724885000000000;-38,552412000000000
314178;21;10;2017;00:03;0;ET DO FIO (MESSEJANA);;;1205;;Colis?úo;;;;Meio de Quadra;;;0;1;0;0;0;0;0;0;0;0;0;0;-3,851629800000000;-38,458887600000000
314180;21;10;2017;03:04;0;AV ALANIS MARIA LAURINDO DE OLIVEIRA;;;117;;Colis?úo;;;;Meio de Quadra;;;0;1;1;1;0;0;0;0;0;1;0;0;;
314213;21;10;2017;07:35;0;AV OLIVEIRA PAIVA;;;1862;;Colis?úo;Luz do Dia;;;Meio de Quadra;;;0;1;1;1;0;0;0;0;0;1;0;0;-3,796009000000000;-38,489727000000000
314208;21;10;2017;06:37;0;AV MIN JOSE AMERICO;;;0;;Capotamento;Luz do Dia;;;Meio de Quadra;;;0;1;0;1;0;0;0;0;0;0;0;0;;
314205;21;10;2017;05:43;0;AV OLIVEIRA PAIVA;;;0;;Colis?úo;Amanhecer;;;Meio de Quadra;;;0;1;0;0;0;0;0;0;0;0;0;0;;
314184;21;10;2017;03:29;0;AV SEN VIRGILIO TAVORA;;;0;;Queda;;;;Meio de Quadra;;;0;1;0;0;0;0;0;0;0;1;0;0;;
314186;21;10;2017;04:14;0;RUA RIO VERDE D71;;;122;;Colis?úo;;;;Meio de Quadra;;;0;1;0;0;0;0;0;0;0;0;0;0;;
314229;21;10;2017;07:53;5258;RUA PDE MORORO;RUA PEDRO I;;0;;Colis?úo;Luz do Dia;;;Cruz;Pare;Comercial;0;1;1;1;0;0;0;0;0;1;0;0;-3,728123000000000;-38,538290000000000
314230;21;10;2017;08:18;0;AV TRISTAO GONCALVES;;;0;;Queda;Luz do Dia;;;Meio de Quadra;;;0;1;0;0;0;0;0;0;0;1;0;0;;
314239;21;10;2017;08:22;0;RUA DOM JOSE LOURENCO  D27;;;60;;Colis?úo;Luz do Dia;;;Meio de Quadra;;;0;1;0;0;0;0;0;0;0;0;0;0;-3,734912000000000;-38,559693000000000
314240;21;10;2017;08:23;0;RUA CARLOS AMORA;;;0;;Colis?úo;Luz do Dia;;;Meio de Quadra;;;0;1;1;1;0;0;0;0;0;1;0;0;;
314241;21;10;2017;08:30;0;RUA CESAR FONTENELE;;;100;;Colis?úo;Luz do Dia;;;Meio de Quadra;;;0;1;1;1;0;0;0;0;0;1;0;0;-3,745872000000000;-38,557334000000000
314242;21;10;2017;08:46;3901;AV EDUARDO GIRAO;RUA JORGE DUMAR;;0;;Colis?úo;Luz do Dia;;;Cruz;Sem?íforo;Residencial;0;1;1;1;0;0;0;0;0;1;0;0;-3,749691000000000;-38,538695000000000
314211;21;10;2017;06:52;12376;RUA ALUISIO AZEVEDO;RUA RIBEIRO JUNIOR;;0;;;Luz do Dia;;;Cruz;N?úo H?í Controle;Residencial;0;0;1;0;0;0;0;0;0;0;0;0;-3,771975000000000;-38,575842000000000
314257;21;10;2017;08:52;15144;AV MON TABOSA;AV RUI BARBOSA;;0;;Colis?úo;Luz do Dia;;;Cruz;Sem?íforo;Lazer;0;1;1;1;0;0;0;0;0;1;0;0;-3,724441000000000;-38,505696000000000
314258;21;10;2017;08:59;0;AV JOSE BASTOS;;;2550;;Queda;Luz do Dia;;;Meio de Quadra;;;0;1;0;0;0;0;0;0;0;1;0;0;-3,743709000000000;-38,544283000000000
314260;21;10;2017;09:11;9615;RUA MARTINS CARVALHO;RUA ARI MAIA;;0;;Colis?úo;Luz do Dia;;;;;;0;1;1;0;0;0;0;0;0;1;0;0;-3,789767000000000;-38,623150000000000
314263;21;10;2017;10:38;0;AV FRANCISCO SA;;;0;;Atropelamento;Luz do Dia;;;Meio de Quadra;;;0;1;1;1;0;0;0;0;0;0;0;0;;
314265;21;10;2017;12:22;0;AV SEN FERNANDES TAVORA;;;1845;;Colis?úo;Luz do Dia;;;Meio de Quadra;;;0;2;1;1;0;0;0;0;0;1;0;0;-3,758632000000000;-38,588814000000000
314270;21;10;2017;13:15;0;RUA DRACON BARRETO;;;0;;Colis?úo;Luz do Dia;;;Meio de Quadra;;;0;1;1;1;0;0;0;0;0;1;0;0;;
314267;21;10;2017;12:26;0;RUA RIACHUELO;;;745;;Colis?úo;Luz do Dia;;;Meio de Quadra;;;0;1;1;1;0;0;0;0;0;1;0;0;;
314268;21;10;2017;13:07;19713;RUA DOM LINO;RUA AZEVEDO BOLAO;;0;;Colis?úo;Luz do Dia;;;Cruz;Pare;Comercial;0;1;1;1;0;0;0;0;0;1;0;0;-3,736529000000000;-38,557088000000000
314276;21;10;2017;14:06;0;RUA BERNARDO MANUEL;;;8241;;Colis?úo;Luz do Dia;;;Meio de Quadra;;;0;1;1;1;0;0;0;0;0;1;0;0;-3,791601000000000;-38,549248000000000
314279;21;10;2017;14:21;0;AV FRANCISCO SA;;;5818;;Colis?úo;Luz do Dia;;;Meio de Quadra;;;0;1;0;0;0;0;0;0;0;0;0;0;-3,710863000000000;-38,576483000000000
314282;21;10;2017;14:36;0;AV GODOFREDO PIMENTEL;;;0;;Colis?úo;Luz do Dia;;;;;;0;1;1;1;0;0;0;0;0;1;0;0;;
314284;21;10;2017;14:42;0;RUA CON DE CASTRO;;;0;;Atropelamento;Luz do Dia;;;Meio de Quadra;;;0;1;1;0;0;0;0;0;0;1;0;0;;
304757;21;10;2017;08:01;6727;RUA DES WALDETARIO P MOTA;RUA DR GILBERTO STUDART;;0;;Colis?úo Lateral;Luz do Dia;Bom;Seca;Cruz;Pare;Residencial;0;0;2;1;0;0;0;1;0;0;0;0;-3,742559000000000;-38,484239000000000
304753;21;10;2017;14:00;11451;AV DES FAUSTINO ALBUQUERQUE;RUA PDE FRANCISCO PITA;;0;;Colis?úo Transversal;Luz do Dia;Bom;Seca;Cruz;Pare;Residencial;0;1;1;1;0;0;0;0;0;0;0;0;-3,781966000000000;-38,498345000000000
304745;21;10;2017;00:18;0;AV PRS COSTA E SILVA;;;5333;;Choque c/ Obst?ículo Fixo;Via Iluminada;Bom;Seca;Meio de Quadra;N?úo H?í Controle;Comercial;1;0;0;0;0;0;0;0;0;1;0;0;-3,828238000000000;-38,532759000000000
304748;21;10;2017;11:30;19363;AV GAL OSORIO DE PAIVA;RUA IGUAPE;;0;;Colis?úo Lateral;Luz do Dia;Bom;Seca;T;N?úo H?í Controle;Comercial;0;1;1;1;0;0;0;0;0;1;0;0;-3,776964000000000;-38,568617000000000
304719;21;10;2017;07:20;0;RUA LEONARDO MOTA;;;1420;;Colis?úo Lateral;Luz do Dia;Bom;Seca;Meio de Quadra;N?úo H?í Controle;Comercial;0;0;2;1;0;0;0;0;0;0;0;0;-3,738565000000000;-38,496936000000000
304715;21;10;2017;08:44;0;AV JOSE BASTOS;;;3030;;Capotamento;Luz do Dia;Bom;Seca;Meio de Quadra;N?úo H?í Controle;Comercial;0;0;1;1;0;0;0;0;0;0;0;0;-3,747145000000000;-38,547595000000000
304765;22;10;2017;11:30;5394;AV TRISTAO GONCALVES;RUA METON DE ALENCAR;;0;;Colis?úo Transversal;Luz do Dia;Bom;Seca;Cruz;Sem?íforo;Comercial;0;2;1;0;0;0;0;0;0;1;0;0;-3,732327000000000;-38,534777000000000
304768;22;10;2017;09:30;0;AV ALBERTO NEPOMUCENO;;;199;;Colis?úo Traseira;Luz do Dia;Bom;Seca;Meio de Quadra;Sem?íforo;Outros;0;0;2;1;0;0;0;0;0;1;0;0;-3,723056000000000;-38,524182000000000
304783;22;10;2017;13:40;15298;RUA BARBOSA DE FREITAS;RUA ANA BILHAR;;0;;Colis?úo Transversal;Luz do Dia;Bom;Seca;Cruz;Pare;Residencial;0;0;2;1;0;0;0;0;0;0;0;0;-3,729646000000000;-38,495143000000000
304804;22;10;2017;18:10;24221;RUA JOSE CARLOS GURGEL NOGUEIRA;RUA PRO HERACLITO;;0;;Colis?úo;Anoitecer;Bom;Seca;Cruz;Pare;Residencial;0;0;2;0;0;0;0;0;0;1;0;0;-3,732973000000000;-38,473860000000000
304793;22;10;2017;03:10;2326;AV PRS CASTELO BRANCO;RUA SEN ROBERT KENNEDY;;0;;Colis?úo Lateral;Via Iluminada;Bom;Seca;Cruz;Sem?íforo Intermitente;Comercial;0;0;2;1;0;0;0;0;0;1;0;0;-3,704117000000000;-38,579042000000000
304807;22;10;2017;06:15;18108;AV DIOGUINHO;AV SANTOS DUMONT;;0;;Colis?úo Traseira;Luz do Dia;Bom;Seca;T;Sem?íforo;Lazer;0;1;2;1;0;0;0;0;0;1;0;0;-3,747029000000000;-38,450425000000000
304816;22;10;2017;22:00;1578;RUA OSVALDO CRUZ (ALDEOTA);RUA GAL TERTULIANO POTYGUARA;;0;;Colis?úo Lateral;Via Iluminada;Bom;Seca;Cruz;Pare;Residencial;0;0;2;1;0;0;0;0;0;0;0;0;-3,742480000000000;-38,502538000000000
304818;22;10;2017;22:30;9952;RUA EMILIO DE MENESES;RUA JOSE TORRES;;0;;Colis?úo Lateral;Via Iluminada;Bom;Seca;Cruz;Pare;Comercial;0;0;2;1;0;0;0;0;0;0;0;0;-3,776425000000000;-38,606283000000000
314525;22;10;2017;11:00;0;AV SEN CARLOS JEREISSATI (AEROPORTO);;;0;KM 04;Colis?úo;Luz do Dia;Bom;Seca;Meio de Quadra;;;0;0;2;1;0;0;0;1;0;0;0;0;-3,774020000000000;-38,550907000000000
314526;22;10;2017;12:30;0;RD CE-040;;;0;KM-03;Colis?úo;Luz do Dia;Bom;Seca;Meio de Quadra;;;0;1;1;1;0;0;0;0;0;1;0;0;-3,782614325000000;-38,481083900000000
314648;22;10;2017;11:30;9820;RUA FRANCISCO PAIVA;RUA XAVIER DA SILVEIRA;;0;;Colis?úo;Luz do Dia;;;;;;0;1;1;1;0;0;0;0;0;1;0;0;-3,791636000000000;-38,614522000000000
314650;22;10;2017;11:37;0;AV WASHINGTON SOARES;;;0;;Colis?úo;Luz do Dia;;;Meio de Quadra;;;0;1;1;1;0;0;0;0;0;1;0;0;;
314654;22;10;2017;12:07;0;AV DR SILAS MUNGUBA;;;129;;Colis?úo;Luz do Dia;;;Meio de Quadra;;;0;1;1;1;0;0;0;0;0;1;0;0;;
314659;22;10;2017;13:21;0;AV MR HULL;;;0;;Atropelamento;Luz do Dia;;;Meio de Quadra;;;0;1;1;0;0;0;0;0;0;1;0;0;;
314660;22;10;2017;14:39;0;RUA CON DE CASTRO;;;0;;Colis?úo;Luz do Dia;;;Meio de Quadra;;;0;1;1;1;0;0;0;0;0;1;0;0;;
314667;22;10;2017;15:16;0;AV DR ALDY MENTOR;;;0;;Queda;Luz do Dia;;;Meio de Quadra;;;0;1;0;0;0;0;0;0;0;1;0;0;;
314668;22;10;2017;15:57;0;RUA BENTO ALBUQUERQUE;;;1720;;Colis?úo;Luz do Dia;;;Meio de Quadra;;;0;2;1;0;0;0;0;0;0;1;0;0;-3,746841000000000;-38,473581000000000
314669;22;10;2017;16:23;0;RUA RAQUEL FLORENCIO;;;411;;Queda;Luz do Dia;;;Meio de Quadra;;;0;1;0;0;0;0;0;0;0;1;0;0;-3,827817400000000;-38,456308000000000
314425;22;10;2017;00:11;0;RUA SEN ROBERT KENNEDY;;;412;;Colis?úo;;;;Meio de Quadra;;;0;1;1;1;0;0;0;0;0;1;0;0;-3,704043000000000;-38,579006000000000
314433;22;10;2017;03:35;0;RUA FOT RIBEIRO;;;44;;Colis?úo;;;;Meio de Quadra;;;0;1;0;0;0;0;0;0;0;0;0;0;-3,750086000000000;-38,499704000000000
314438;22;10;2017;06:14;0;AV DIOGUINHO;;;0;;Colis?úo;Luz do Dia;;;Meio de Quadra;;;0;1;1;1;0;0;0;0;0;1;0;0;;
314455;22;10;2017;06:43;0;AV DR THEBERGE;;;2050;;Colis?úo;Luz do Dia;;;Meio de Quadra;;;0;1;0;0;0;0;0;0;0;0;0;0;-3,718887000000000;-38,566343000000000
314456;22;10;2017;06:52;0;AV GAL OSORIO DE PAIVA;;;5840;;Queda;Luz do Dia;;;Meio de Quadra;;;0;1;0;0;0;1;0;0;0;0;0;0;-3,807352000000000;-38,604625000000000
314460;22;10;2017;10:11;0;RUA CON DE CASTRO;;;0;;Colis?úo;Luz do Dia;;;Meio de Quadra;;;0;1;0;0;0;0;0;0;0;0;0;0;;
314713;22;10;2017;19:20;0;AV PERIMETRAL;;;0;;Colis?úo;;;;Meio de Quadra;;;0;1;0;0;0;0;0;0;0;0;0;0;;
314728;22;10;2017;22:39;0;AV JOVITA FEITOSA;;;708;;Colis?úo;;;;Meio de Quadra;;;0;1;0;0;0;0;0;0;0;0;0;0;-3,738532000000000;-38,550013000000000
314729;22;10;2017;23:06;25345;RUA PORTO VELHO;RUA VITORIA (AV. PERIMETRAL);;0;;Colis?úo;;;;Cruz;Sem?íforo;Comercial;0;1;1;1;0;0;0;0;0;0;0;0;-3,765170000000000;-38,588528000000000
314724;22;10;2017;22:34;0;RUA EMILIO DE MENESES;;;2793;;Colis?úo;;;;Meio de Quadra;;;0;1;0;0;0;0;0;0;0;0;0;0;-3,776547000000000;-38,605885000000000
314725;22;10;2017;22:34;9952;RUA EMILIO DE MENESES;RUA JOSE TORRES;;0;;Capotamento;;;;Cruz;Pare;Comercial;0;1;0;1;0;0;0;0;0;0;0;0;-3,776425000000000;-38,606283000000000
314717;22;10;2017;20:36;0;RUA GOMES DE FREITAS (PLANALTO AYRTON SENNA);;;3340;;Colis?úo;;;;Meio de Quadra;;;0;1;1;1;0;0;0;0;0;1;0;0;-3,794787400000000;-38,468973500000000
314718;22;10;2017;20:42;22672;RUA ELISEU ORIA;AV COS GOMES DE FREITAS (SAPIRANGA/COITE);;0;;Colis?úo;;;;Cruz;Pare;Residencial;0;1;0;0;0;0;0;0;0;0;0;0;-3,795487000000000;-38,477418000000000
314719;22;10;2017;21:18;0;RUA CON DE CASTRO;;;4309;;Colis?úo;;;;Meio de Quadra;;;0;1;1;1;0;0;0;0;0;1;0;0;-3,803122000000000;-38,590266000000000
314711;22;10;2017;19:20;0;AV WASHINGTON SOARES;;;4280;;Colis?úo;;;;Meio de Quadra;;;0;1;0;0;0;0;0;0;0;0;0;0;;
314708;22;10;2017;19:15;0;RD BR 116;;;14000;KM-14;Colis?úo;;;;Meio de Quadra;;;0;2;1;1;0;0;0;0;0;1;0;0;-3,873523000000000;-38,499242000000000
314709;22;10;2017;19:16;0;RUA DIOGO CORREIA;;;510;;Queda;;;;Meio de Quadra;;;0;1;0;0;0;0;0;0;0;1;0;0;-3,769846000000000;-38,590648000000000
314685;22;10;2017;18:18;0;AV GODOFREDO MACIEL;;;2197;;Colis?úo;Anoitecer;;;Meio de Quadra;;;0;2;1;1;0;0;0;0;0;1;0;0;-3,794903000000000;-38,569433000000000
314686;22;10;2017;18:22;0;AV PERIMETRAL;;;0;;Queda;Anoitecer;;;Meio de Quadra;;;0;1;0;0;0;1;0;0;0;0;0;0;;
314687;22;10;2017;18:27;0;RUA DR JOSE LOURENCO;;;1550;;Colis?úo;Anoitecer;;;Meio de Quadra;;;0;1;1;1;0;0;0;0;0;1;0;0;-3,737211000000000;-38,508619000000000
314673;22;10;2017;17:43;0;AV PERIMETRAL;;;510;;Queda;Anoitecer;;;Meio de Quadra;;;0;1;0;0;0;0;0;0;0;1;0;0;;
314674;22;10;2017;17:48;0;AV PERIMETRAL;;;0;;Colis?úo;Anoitecer;;;Meio de Quadra;;;0;0;2;1;0;0;0;0;0;1;0;0;;
314675;22;10;2017;17:50;0;RUA ALUISIO AZEVEDO;;;85;;Queda;Anoitecer;;;Meio de Quadra;;;0;1;0;0;0;0;0;0;0;1;0;0;-3,773013000000000;-38,573922000000000
314676;22;10;2017;17:52;0;RUA PORTO VELHO;;;352;;Atropelamento;Anoitecer;;;Meio de Quadra;;;0;2;0;0;0;0;0;0;0;1;0;0;-3,767729000000000;-38,583764000000000
314677;22;10;2017;18:05;0;RUA JOSE CARLOS GURGEL NOGUEIRA;;;0;;Colis?úo;Anoitecer;;;Meio de Quadra;;;0;1;1;1;0;0;0;0;0;1;0;0;;
314678;22;10;2017;18:17;0;AV HERACLITO GRACA;;;855;;Colis?úo;Anoitecer;;;Meio de Quadra;;;0;1;1;1;0;0;0;0;0;1;0;0;-3,735629000000000;-38,517143200000000
312118;22;10;2017;18:36;19436;AV AUGUSTO DOS ANJOS;RUA SEIXAS CORREIA;;0;;Colis?úo Transversal;Via Iluminada;Bom;Seca;Cruz;Sem?íforo;Comercial;0;1;1;1;0;0;0;0;0;0;0;0;-3,779459200000000;-38,578340000000000
305945;22;10;2017;17:50;12376;RUA ALUISIO AZEVEDO;RUA RIBEIRO JUNIOR;;0;;Atropelamento;Anoitecer;;;Cruz;N?úo H?í Controle;Residencial;1;1;0;0;0;0;0;0;0;1;0;0;-3,771975000000000;-38,575842000000000
311923;22;10;2017;18:25;0;AV 13 DE MAIO;;;1301;;Choque c/ Obst?ículo Fixo;Anoitecer;Bom;Seca;Outros;N?úo H?í Controle;Comercial;0;0;1;1;0;0;0;0;0;0;0;0;-3,750168300000000;-38,528220000000000
311926;22;10;2017;18:28;0;RUA JOSE AVELINO;;;650;;Colis?úo Transversal;Luz do Dia;Bom;Seca;Meio de Quadra;N?úo H?í Controle;Residencial;0;0;2;1;0;0;0;0;0;0;0;0;-3,722466700000000;-38,517630000000000
311927;22;10;2017;18:32;14463;AV BENJAMIM BARROSO;RUA HENRIQUE AUTRAN;;0;;Colis?úo Lateral;Via Iluminada;Bom;Seca;Cruz;Pare;Residencial;0;0;0;1;0;0;0;0;0;0;0;0;-3,727370000000000;-38,550030000000000
311915;22;10;2017;00:15;0;AV ENG ALBERTO SA;RUA SOLON ONOFRE;;0;;Colis?úo Transversal;Via Iluminada;Bom;Seca;Cruz;Pare;Comercial;0;0;1;1;0;0;0;0;0;0;0;0;-3,735291000000000;-38,473038000000000
311916;22;10;2017;07:38;0;RUA SEN ROBERT KENNEDY;;;798;;Colis?úo Traseira;Via Iluminada;Bom;Seca;Meio de Quadra;N?úo H?í Controle;Residencial;0;0;1;1;0;0;0;0;0;0;0;0;-3,706860300000000;-38,580242000000000
311917;22;10;2017;09:33;0;AV BEZERRA DE MENEZES;;;2495;;Colis?úo Traseira;Luz do Dia;Bom;Seca;Meio de Quadra;N?úo H?í Controle;Comercial;0;0;2;1;0;0;0;1;0;0;0;0;-3,736329600000000;-38,567272000000000
311918;22;10;2017;11:45;1232;RUA MON BRUNO;RUA COSTA BARROS;;0;;Colis?úo Transversal;Luz do Dia;Bom;Seca;Cruz;Pare;Residencial;0;1;2;1;0;0;0;0;0;0;0;0;-3,731184700000000;-38,509186000000000
311919;22;10;2017;14:27;5442;AV VIS RIO BRANCO;RUA GAL CLARINDO DE QUEIROZ;;0;;Colis?úo Transversal;Luz do Dia;Bom;Seca;Cruz;Sem?íforo;Comercial;0;0;2;1;0;0;0;0;0;0;0;0;-3,734630800000000;-38,524414000000000
311920;22;10;2017;14:07;25643;RUA TULIPA NEGRA;RUA CON DE CASTRO;;0;;Colis?úo Frontal;Luz do Dia;Bom;Seca;Cruz;N?úo H?í Controle;Residencial;0;0;1;0;1;0;0;0;0;1;0;0;-3,817427000000000;-38,600677000000000
311921;22;10;2017;16:14;0;RUA BENTO ALBUQUERQUE;;;1717;;Colis?úo Traseira;Luz do Dia;Bom;Seca;Meio de Quadra;N?úo H?í Controle;Residencial;0;0;1;0;0;0;0;0;0;1;0;0;-3,746833800000000;-38,473747000000000
311929;22;10;2017;19:36;0;AV GODOFREDO MACIEL;;;2238;;Colis?úo Transversal;Luz do Dia;Bom;Seca;Meio de Quadra;N?úo H?í Controle;Comercial;0;0;2;1;0;0;0;0;0;1;0;0;-3,795291000000000;-38,569542000000000
311930;22;10;2017;19:39;1408;RUA DR JOSE LOURENCO;RUA JOAO CARVALHO;;0;;Colis?úo Lateral;Via Iluminada;Bom;Seca;Cruz;Gesto;Comercial;0;1;1;1;0;0;0;0;0;1;0;0;-3,737200700000000;-38,508717000000000
311931;22;10;2017;21:31;0;AV FRE CIRILO;;;3611;;Colis?úo Traseira;Anoitecer;Bom;Seca;Outros;N?úo H?í Controle;Comercial;0;0;2;1;0;0;0;0;0;1;0;0;-3,815766800000000;-38,497970000000000
311932;22;10;2017;20:56;0;AV GOV RAUL BARBOSA;;;5482;;Colis?úo Transversal;Via Iluminada;Bom;Seca;Meio de Quadra;N?úo H?í Controle;Comercial;0;1;0;0;0;0;0;0;0;1;0;0;-3,767427400000000;-38,509468000000000
311933;22;10;2017;21:11;12532;RUA MARIA CLARA;RUA OTAVIO PARANHOS;;0;;Colis?úo Lateral;Via Iluminada;Bom;Seca;Cruz;Pare;Comercial;0;0;1;1;0;0;0;0;0;0;0;0;-3,725340800000000;-38,586143000000000
311934;22;10;2017;20:40;0;AV DOM LUIS;;;1300;;Colis?úo Lateral;Via Iluminada;Bom;Seca;Outros;N?úo H?í Controle;Comercial;0;0;2;1;0;0;0;0;0;0;0;0;-3,735927800000000;-38,489500000000000
311935;23;10;2017;07:23;0;AV CENTRAL;RUA ANDRADE FURTADO;;0;;Colis?úo Traseira;Luz do Dia;Bom;Seca;T;Pare;Residencial;0;0;2;1;0;0;0;0;0;0;0;0;-3,748826500000000;-38,471027000000000
311936;23;10;2017;07:43;24229;AV ENG SANTANA JUNIOR;AV ENG ALBERTO SA;;0;;Colis?úo Lateral;Luz do Dia;Bom;Seca;Cruz;Sem?íforo;Comercial;0;0;2;1;0;0;0;0;0;0;0;0;-3,733449200000000;-38,480587000000000
311937;23;10;2017;08:36;0;AV BEZERRA DE MENEZES;;;1661;;Colis?úo Traseira;Luz do Dia;Bom;Seca;Meio de Quadra;Sem?íforo;Comercial;0;0;2;1;0;0;0;0;0;0;0;0;-3,734833200000000;-38,559444000000000
311938;23;10;2017;09:44;0;AV ABOLICAO;RUA OSVALDO CRUZ;;0;;Colis?úo Traseira;Luz do Dia;Bom;Seca;Cruz;Sem?íforo;Comercial;0;0;2;1;0;0;0;0;0;0;0;0;-3,726906500000000;-38,497580000000000
311939;23;10;2017;09:47;12629;RUA COS LAFAYETE;RUA JACI;;0;;Colis?úo Lateral;Luz do Dia;Bom;Seca;Cruz;Pare;Residencial;0;0;2;1;0;0;0;0;0;1;0;0;-3,717567000000000;-38,585610000000000
311941;23;10;2017;09:30;9185;RUA DR JOSE VITOR;AV FELINO BARROSO;;0;;Colis?úo Transversal;Luz do Dia;Bom;Seca;Rotat??ria;D?¬ Prefer?¬ncia;Residencial;0;0;1;0;0;0;0;0;0;1;0;0;-3,747954400000000;-38,528100000000000
311942;23;10;2017;11:15;0;RUA BENI DE CARVALHO;;;239;;Colis?úo Lateral;Luz do Dia;Bom;Seca;Meio de Quadra;N?úo H?í Controle;Comercial;0;0;2;1;0;0;0;0;0;0;0;0;-3,745101200000000;-38,498154000000000
311943;23;10;2017;12:17;25006;RUA BENI DE CARVALHO;RUA LEONARDO MOTA;;0;;Colis?úo Traseira;Luz do Dia;Bom;Seca;Cruz;Sem?íforo;Comercial;0;0;2;1;0;0;0;0;0;0;0;0;-3,744789100000000;-38,499110000000000
311975;23;10;2017;08:11;5161;RUA MAJ FACUNDO;RUA SEN ALENCAR;;0;;Colis?úo Lateral;Luz do Dia;Bom;Seca;Cruz;Pare;Comercial;0;0;1;1;0;0;0;0;0;1;0;0;-3,725117700000000;-38,526985000000000
311976;23;10;2017;17:50;0;AV GOV RAUL BARBOSA;;;6790;;Colis?úo Traseira;Via Iluminada;Bom;Seca;Meio de Quadra;N?úo H?í Controle;Comercial;0;0;2;1;0;0;0;0;0;0;0;0;-3,773717900000000;-38,512768000000000
311987;23;10;2017;18:30;0;AV OLIVEIRA PAIVA;;;2163;;Colis?úo Lateral;Via Iluminada;Bom;Seca;Meio de Quadra;N?úo H?í Controle;Comercial;0;0;3;1;0;0;0;0;0;1;0;0;-3,796257500000000;-38,487030000000000