COD_ACIDENTE;DIA;MES;ANO;HORA;INTERSECAO;LOG1;LOG2;LOG3;NUMERO;REFERENCIA;NATUREZA;ILUMINACAO;TEMPO;SUPERFICIEPISTA;TIPOCRUZAMENTO;CONTROLETRAFEGO;USOSOLO;MORTOS;FERIDOS;ILESOS;AUTOMOVEL;ONIBUS;BICICLETA;CAMINHAO;MICROONIBUS;CICLOMOTOR;MOTOCICLETA;TRACAOANIMAL;TREM;LATITUDE;LONGITUDE
312000;23;10;2017;12:53;9168;AV BORGES DE MELO;AV LUCIANO CARNEIRO;;0;;Colis?úo Lateral;Luz do Dia;Bom;Seca;Cruz;Sem?íforo;Comercial;0;0;2;1;0;0;0;0;0;0;0;0;-3,756569400000000;-38,533880000000000
311945;23;10;2017;10:32;0;AV DA UNIVERSIDADE;;;1895;;Colis?úo Lateral;Luz do Dia;Bom;Seca;Meio de Quadra;N?úo H?í Controle;Comercial;0;1;1;0;0;0;0;0;0;1;0;0;-3,734854700000000;-38,533470000000000
311946;23;10;2017;12:30;0;RUA BENI DE CARVALHO;;;660;;Colis?úo Traseira;Luz do Dia;Bom;Seca;Meio de Quadra;N?úo H?í Controle;Residencial;0;0;2;1;0;0;0;0;0;0;0;0;-3,746271400000000;-38,494385000000000
311947;23;10;2017;12:10;21582;RUA LUIS VIEIRA;RUA COSTA FREIRE;;381;;Colis?úo Lateral;Luz do Dia;Bom;Seca;Cruz;Pare;Comercial;0;0;2;1;0;0;0;0;0;0;0;0;-3,794841800000000;-38,587130000000000
311948;23;10;2017;14:09;0;AV BENJAMIM BRASIL;;;677;;Colis?úo Lateral;Luz do Dia;Bom;Seca;Meio de Quadra;D?¬ Prefer?¬ncia;Comercial;0;0;2;1;0;0;0;0;0;0;0;0;-3,805026000000000;-38,566784000000000
311949;23;10;2017;10:00;3863;RUA SEN POMPEU;AV 13 DE MAIO;;0;;Colis?úo Lateral;Luz do Dia;Bom;Seca;Cruz;Sem?íforo;Comercial;0;0;2;1;0;0;0;0;0;0;0;0;-3,744760500000000;-38,535030000000000
311950;23;10;2017;15:40;0;AV ANTONIO SALES;;;3433;;Colis?úo Lateral;Luz do Dia;Bom;Seca;Meio de Quadra;N?úo H?í Controle;Comercial;0;0;2;1;0;0;0;0;0;0;0;0;-3,748245700000000;-38,492176000000000
311951;23;10;2017;16:00;0;RUA ANTONIO FIUZA;;;246;;Colis?úo Traseira;Luz do Dia;Bom;Seca;Meio de Quadra;N?úo H?í Controle;Comercial;0;0;0;1;0;0;0;0;0;0;0;0;-3,775623000000000;-38,552887000000000
311952;23;10;2017;15:30;19260;RUA PRO GOMES BRASIL;RUA CANDIDO HOLANDA;;0;;Colis?úo Lateral;Luz do Dia;Bom;Seca;T;Pare;Comercial;0;1;1;1;0;0;0;0;0;1;0;0;-3,771585200000000;-38,569527000000000
311953;23;10;2017;16:23;0;AV JOSE BASTOS;;;2880;;Engavetamento;Luz do Dia;Bom;Seca;Meio de Quadra;Sem?íforo;Comercial;0;0;2;1;0;0;0;0;0;0;0;0;-3,746694800000000;-38,546978000000000
311954;23;10;2017;13:10;0;AV VICENTE DE CASTRO;;;0;MOINHO DIAS BRANCO;Colis?úo Lateral;Luz do Dia;Bom;Seca;Meio de Quadra;N?úo H?í Controle;Comercial;0;1;1;1;0;0;0;0;0;0;0;0;-3,717059100000000;-38,475300000000000
311955;23;10;2017;16:34;0;RUA BERNARDO MANUEL;;;10935;;Colis?úo Traseira;Luz do Dia;Bom;Seca;Meio de Quadra;Sem?íforo;Comercial;0;0;2;1;0;0;0;0;0;1;0;0;-3,814822700000000;-38,556164000000000
311956;23;10;2017;16:49;15821;AV JOR THOMAZ COELHO;RUA ANGELICA GURGEL;;0;;Colis?úo Lateral;Luz do Dia;Bom;Seca;T;Pare;Comercial;0;0;1;1;1;0;0;0;0;0;0;0;-3,832350300000000;-38,499115000000000
311957;23;10;2017;18:08;0;AV PRS COSTA E SILVA;;;2880;;Colis?úo Traseira;Mal Iluminada;Bom;Seca;Outros;N?úo H?í Controle;Comercial;0;0;3;1;0;0;0;0;0;0;0;0;-3,824442400000000;-38,543903000000000
311958;23;10;2017;18:30;0;AV OLIVEIRA PAIVA;;;261;;Colis?úo Traseira;Via Iluminada;Bom;Seca;Meio de Quadra;Pare;Comercial;0;0;2;1;0;0;0;0;0;0;0;0;-3,798305000000000;-38,502560000000000
311959;23;10;2017;20:12;23791;RUA RAIMUNDO NERY;RUA COSTA FREIRE;;0;;Colis?úo Transversal;Via Iluminada;Bom;Seca;Cruz;Pare;Residencial;0;1;0;1;0;0;0;0;0;1;0;0;-3,794301700000000;-38,586384000000000
311960;23;10;2017;18:48;0;AV PRS COSTA E SILVA;;;600;;Colis?úo Lateral;Via Iluminada;Bom;Seca;Meio de Quadra;Sem?íforo;Comercial;0;1;1;0;0;0;0;0;0;1;0;0;-3,811970200000000;-38,573956000000000
311961;23;10;2017;21:10;0;AV ABOLICAO;;;3437;;Colis?úo Lateral;Via Iluminada;Bom;Seca;Meio de Quadra;Sem?íforo;Comercial;0;0;3;1;0;0;0;0;0;0;0;0;-3,726264500000000;-38,489090000000000
311962;23;10;2017;21:08;0;AV BENJAMIM BRASIL;;;1585;;Colis?úo Traseira;Via Iluminada;Bom;Seca;Outros;N?úo H?í Controle;Comercial;0;1;1;0;0;0;0;0;0;1;0;0;-3,806865700000000;-38,560917000000000
311982;23;10;2017;20:06;5313;RUA VINTE E QUATRO DE MAIO;RUA PEDRO I;;0;;Colis?úo Lateral;Via Iluminada;Bom;Seca;Cruz;Pare;Comercial;0;0;0;0;1;0;0;0;0;1;0;0;-3,729940700000000;-38,533020000000000
314528;23;10;2017;15:00;0;RD CE-040;;;0;KM-07;Colis?úo;Luz do Dia;Bom;Seca;Meio de Quadra;;;0;1;0;0;0;0;0;0;0;1;0;0;-3,817159445000000;-38,483032860000000
314530;23;10;2017;20:15;0;AV MIN JOSE AMERICO;;;0;;Colis?úo;;Bom;Seca;Meio de Quadra;;;0;0;2;1;0;0;0;0;0;0;0;0;;
313533;23;10;2017;21:01;0;RUA MONTE PASCOAL;;;513;;Atropelamento;;;;Meio de Quadra;;;0;2;0;1;0;0;0;0;0;0;0;0;-3,805723300000000;-38,597606200000000
313492;23;10;2017;15:21;0;AV WASHINGTON SOARES;;;6272;;Queda;Luz do Dia;;;Meio de Quadra;;;0;1;0;0;0;0;0;0;0;1;0;0;-3,814032000000000;-38,480633000000000
313493;23;10;2017;15:26;0;RUA PRO GOMES BRASIL;;;0;;Colis?úo;Luz do Dia;;;Meio de Quadra;;;0;1;0;1;0;0;0;0;0;1;0;0;;
313494;23;10;2017;15:59;0;AV GODOFREDO MACIEL;;;4289;;Atropelamento;Luz do Dia;;;Meio de Quadra;;;0;2;1;0;0;0;0;0;0;1;0;0;-3,812226000000000;-38,574909000000000
313495;23;10;2017;16:06;18743;RUA VALPARAISO;RUA CATOLE;;0;;Capotamento;Luz do Dia;;;Cruz;Pare;Misto;0;1;0;1;0;0;0;0;0;0;0;0;-3,846407000000000;-38,520171000000000
313496;23;10;2017;16:34;7674;AV JOSE BASTOS;RUA RIO GRANDE DO NORTE;;0;;Colis?úo;Luz do Dia;;;;;;0;1;1;1;0;0;0;0;0;1;0;0;-3,760562000000000;-38,564477000000000
313497;23;10;2017;16:45;18743;RUA VALPARAISO;RUA CATOLE;;0;;Capotamento;Luz do Dia;;;Cruz;Pare;Misto;0;2;0;1;0;0;0;0;0;0;0;0;-3,846407000000000;-38,520171000000000
313498;23;10;2017;16:54;0;AV PRS CASTELO BRANCO;;;5643;;Queda;Luz do Dia;;;Meio de Quadra;;;0;1;0;0;0;0;0;0;0;1;0;0;-3,703170000000000;-38,581079000000000
313500;23;10;2017;16:57;0;AV CEL CARVALHO;;;2720;;Colis?úo;Luz do Dia;;;Meio de Quadra;;;0;2;0;1;0;0;0;0;0;1;0;0;-3,732714400000000;-38,526998100000000
313490;23;10;2017;15:18;0;RUA BERNARDO MANUEL;;;13555;;Colis?úo;Luz do Dia;;;Meio de Quadra;;;0;1;1;1;0;0;0;0;0;1;0;0;-3,836449000000000;-38,562969000000000
313513;23;10;2017;18:20;0;AV CEL CARVALHO;;;2222;PAGUE MENOS;Colis?úo;Anoitecer;;;Meio de Quadra;;;0;1;1;1;0;0;0;0;0;1;0;0;-3,722146000000000;-38,586726000000000
313504;23;10;2017;18:05;16039;RUA CEL TIBURCIO;AV PRS COSTA E SILVA;;0;;Colis?úo;Anoitecer;;;Cruz;Sem?íforo;Comercial;0;1;1;1;0;0;0;0;0;1;0;0;-3,812167000000000;-38,573703000000000
313505;23;10;2017;18:12;0;RUA SGT NERI;;;475;;Colis?úo;Anoitecer;;;Meio de Quadra;;;0;2;0;1;0;0;0;0;0;1;0;0;;
313506;23;10;2017;18:14;24229;AV ENG SANTANA JUNIOR;AV ENG ALBERTO SA;;0;;Colis?úo;Anoitecer;;;Cruz;Sem?íforo;Comercial;0;1;1;1;0;1;0;0;0;0;0;0;-3,733357000000000;-38,480624000000000
313507;23;10;2017;18:17;0;RUA PUEBLA;;;964;;Colis?úo;Anoitecer;;;Meio de Quadra;;;0;2;0;1;0;0;0;0;0;1;0;0;-3,840063000000000;-38,562730000000000
313519;23;10;2017;19:02;0;RUA VALPARAISO;;;0;;Atropelamento;;;;Meio de Quadra;;;0;2;0;1;0;0;0;0;0;0;0;0;;
313521;23;10;2017;19:02;0;RUA VALPARAISO;;;1794;;Atropelamento;;;;Meio de Quadra;;;0;2;0;1;0;0;0;0;0;0;0;0;-3,846392000000000;-38,518303000000000
313502;23;10;2017;17:36;0;RUA GIRASSOL;;;651;;Queda;Anoitecer;;;Meio de Quadra;;;0;1;0;0;0;0;0;0;0;1;0;0;-3,792602000000000;-38,538061100000000
313530;23;10;2017;10:25;0;RUA CON DE CASTRO;;;1025;;Colis?úo;Luz do Dia;;;Meio de Quadra;;;0;2;0;1;0;0;0;0;0;1;0;0;-3,781702722000000;-38,570397799000000
313527;23;10;2017;19:11;0;AV PERIMETRAL;;;0;;Colis?úo;;;;Meio de Quadra;;;0;2;0;1;0;0;0;0;0;1;0;0;;
313408;23;10;2017;07:46;0;RUA ALM RUBIM;;;0;;Colis?úo;Luz do Dia;;;Meio de Quadra;;;0;1;0;0;0;0;0;0;0;1;0;0;;
313409;23;10;2017;08:02;0;RUA GALILEU;;;0;;Colis?úo;Luz do Dia;;;;;;0;1;0;1;0;0;0;0;0;1;0;0;;
313410;23;10;2017;08:04;0;AV WASHINGTON SOARES;;;9160;;Colis?úo;Luz do Dia;;;Meio de Quadra;;;0;1;0;1;0;0;0;0;0;1;0;0;-3,831687000000000;-38,482417000000000
313415;23;10;2017;09:07;0;RUA ESPIRITO SANTO;;;800;;Colis?úo;Luz do Dia;;;Meio de Quadra;;;0;1;0;0;0;0;0;0;0;1;0;0;-3,755042000000000;-38,569513000000000
313416;23;10;2017;09:37;0;AV FELINO BARROSO;;;0;;Colis?úo;Luz do Dia;;;Meio de Quadra;;;0;1;0;1;0;0;0;0;0;1;0;0;;
313406;23;10;2017;07:35;5161;RUA MAJ FACUNDO;RUA SEN ALENCAR;;0;;Colis?úo;Luz do Dia;;;Cruz;Pare;Comercial;0;1;0;1;0;0;0;0;0;1;0;0;-3,725114000000000;-38,527033000000000
313427;23;10;2017;10:42;0;RUA BERNARDO MANUEL;;;10435;;Queda;Luz do Dia;;;Meio de Quadra;;;0;1;0;0;0;0;0;0;0;1;0;0;-3,810192000000000;-38,554909000000000
313439;23;10;2017;13:22;0;AV VICENTE DE CASTRO;;;0;;Colis?úo;Luz do Dia;;;Meio de Quadra;;;0;1;0;1;0;0;0;0;0;0;0;0;;
313431;23;10;2017;12:36;0;AV AUGUSTO DOS ANJOS;;;839;;Colis?úo;Luz do Dia;;;Meio de Quadra;;;0;1;0;1;0;0;0;0;0;1;0;0;;
313432;23;10;2017;13:11;0;AV GODOFREDO MACIEL;;;5833;;Colis?úo;Luz do Dia;;;Meio de Quadra;;;0;1;0;0;0;0;0;0;0;0;0;0;-3,825483000000000;-38,579182000000000
313448;23;10;2017;13:23;0;AV PRS CASTELO BRANCO;;;0;;Colis?úo;Luz do Dia;;;Meio de Quadra;;;0;0;1;0;0;0;0;0;0;0;0;0;;
304722;23;10;2017;08:50;13777;RUA CAIO CID;RUA LUIZA MIRANDA COELHO;;0;;Colis?úo Lateral;Luz do Dia;;;Cruz;Pare;Residencial;0;1;1;1;0;0;0;0;0;1;0;0;-3,775516000000000;-38,485263000000000
304723;23;10;2017;14:50;26075;AV JOSE JATAHY;AV SGT HERMINIO SAMPAIO;;0;;Colis?úo Transversal;Luz do Dia;;;Cruz;Sem?íforo;Comercial;0;0;2;1;0;0;0;0;0;0;0;0;-3,724679297000000;-38,546275142000000
304724;23;10;2017;18:35;0;RUA BERNARDO MANUEL;;;0;;Colis?úo Lateral;;;;Meio de Quadra;;;0;0;2;0;0;0;1;0;0;0;0;0;;
304726;24;10;2017;11:00;2529;AV FRANCISCO SA;RUA JERONIMO ALBUQUERQUE;;0;;Colis?úo Lateral;Luz do Dia;;;T;Pare;Comercial;0;1;1;1;0;0;0;0;0;1;0;0;-3,710450000000000;-38,577688000000000
304728;24;10;2017;13:30;5431;RUA GAL CLARINDO DE QUEIROZ;RUA BAR ARATANHA;;0;;Colis?úo Lateral;Luz do Dia;;;Cruz;N?úo H?í Controle;Comercial;0;0;2;1;1;0;0;0;0;0;0;0;-3,733844000000000;-38,526693000000000
304729;24;10;2017;15:42;0;AV PDE ANTONIO TOMAS;;;2324;;Colis?úo Lateral;Luz do Dia;;;Meio de Quadra;;;0;0;2;1;0;0;0;0;0;0;0;0;-3,743000000000000;-38,490949000000000
304730;24;10;2017;12:50;0;RUA BERNARDO MANUEL;;;0;;Colis?úo Lateral;Luz do Dia;;;Meio de Quadra;;;0;0;2;0;1;0;0;0;0;0;0;0;;
304731;24;10;2017;08:30;17287;AV PRO GOMES DE MATOS;RUA VASCO DA GAMA;;0;;Colis?úo Lateral;Luz do Dia;;;Cruz;Pare;Comercial;0;1;1;1;0;0;0;0;0;1;0;0;-3,763166000000000;-38,547335000000000
304732;24;10;2017;21:50;0;AV PONTES VIEIRA;;;92;;Colis?úo Traseira;;;;Meio de Quadra;;;0;1;1;1;0;0;0;0;0;1;0;0;-3,753421000000000;-38,519450000000000
304733;24;10;2017;18:50;13935;RUA VER PEDRO PAULO MOREIRA;RUA GAL CAIADO DE CASTRO;;0;;Colis?úo Transversal;;;;Cruz;Pare;Comercial;0;0;2;1;0;0;0;0;0;0;0;0;-3,786953000000000;-38,488961000000000
313534;24;10;2017;00:34;0;AV EDUARDO GIRAO;;;94;;Queda;;;;Meio de Quadra;;;0;1;0;0;0;0;0;0;0;1;0;0;-3,750683000000000;-38,536900000000000
313536;24;10;2017;05:55;0;RUA TANCREDO NEVES UI 505;;;80;;Colis?úo;Amanhecer;;;Meio de Quadra;;;0;2;0;1;0;0;0;0;0;1;0;0;;
313537;24;10;2017;07:32;0;AV SANTOS DUMONT;;;369;;Colis?úo;Luz do Dia;;;Meio de Quadra;;;0;2;0;1;0;0;0;0;0;1;0;0;-3,729226000000000;-38,519915000000000
313538;24;10;2017;07:37;0;AV PRS CASTELO BRANCO;;;2292;;Queda;Luz do Dia;;;Meio de Quadra;;;0;1;0;0;0;0;0;0;0;1;0;0;-3,713760000000000;-38,548421000000000
313539;24;10;2017;07:49;0;RUA TAQUARI;;;2196;;Colis?úo;Luz do Dia;;;Meio de Quadra;;;0;2;0;1;0;0;0;0;0;1;0;0;-3,776574000000000;-38,600313000000000
313540;24;10;2017;08:27;1447;AV DES MOREIRA;RUA EDUARDO GARCIA;;0;;Colis?úo;Luz do Dia;;;Cruz;Sem?íforo;Comercial;0;2;0;1;0;0;0;0;0;1;0;0;-3,738207000000000;-38,498980000000000
313552;24;10;2017;10:59;0;RUA BERNARDO MANUEL;;;9007;;Colis?úo;Luz do Dia;;;Meio de Quadra;;;0;2;0;1;0;0;0;0;0;1;0;0;-3,798296000000000;-38,551293000000000
313553;24;10;2017;11:40;0;AV JOVITA FEITOSA;;;18;;Colis?úo;Luz do Dia;;;Meio de Quadra;;;0;2;0;1;0;0;0;0;0;1;0;0;-3,737373000000000;-38,544433000000000
313547;24;10;2017;08:43;1258;AV SANTOS DUMONT;RUA MON BRUNO;;0;;Colis?úo;Luz do Dia;;;Cruz;Pare;Comercial;0;1;1;1;0;0;0;0;0;1;0;0;-3,732595000000000;-38,509506000000000
313548;24;10;2017;09:03;0;RUA ANA BRITO;;;830;;Colis?úo;Luz do Dia;;;Meio de Quadra;;;0;2;0;1;0;0;0;0;0;1;0;0;-3,829319900000000;-38,586903000000000
313549;24;10;2017;09:59;0;RUA BERNARDO MANUEL;;;9045;;Colis?úo;Luz do Dia;;;Meio de Quadra;;;0;2;0;1;1;0;0;0;0;0;0;0;-3,798672000000000;-38,551407000000000
313550;24;10;2017;10:17;0;AV FRANCISCO SA;;;5928;;Colis?úo;Luz do Dia;;;Meio de Quadra;;;0;2;0;1;0;0;0;0;0;1;0;0;-3,710423000000000;-38,577760000000000
313568;24;10;2017;18:59;4214;RUA RAQUEL HOLANDA;RUA VIS ICO D20;;0;;Colis?úo;Anoitecer;;;;;;0;1;1;1;0;0;0;0;0;1;0;0;-3,720001000000000;-38,559206000000000
313569;24;10;2017;19:14;0;AV DR SILAS MUNGUBA;;;0;;Colis?úo;;;;Meio de Quadra;;;0;1;1;1;0;0;0;0;0;1;0;0;;
313570;24;10;2017;20:37;0;RUA PORTO VELHO;;;0;;Colis?úo;;;;Meio de Quadra;;;0;2;0;1;0;0;0;0;0;1;0;0;;
313566;24;10;2017;17:00;0;RUA PORTO ALEGRE;;;0;;Colis?úo;Anoitecer;;;Meio de Quadra;;;0;2;0;1;0;0;0;0;0;1;0;0;;
313555;24;10;2017;12:40;19672;AV BEZERRA DE MENEZES;RUA GAL PIRAGIBE;;0;;Colis?úo;Luz do Dia;;;Cruz;Sem?íforo;Comercial;0;1;0;0;0;0;0;0;0;1;0;0;-3,734449000000000;-38,558651000000000
313556;24;10;2017;13:29;0;AV TRISTAO GONCALVES;;;178;;Colis?úo;Luz do Dia;;;Meio de Quadra;;;0;2;0;1;0;0;0;0;0;1;0;0;-3,723446000000000;-38,532098000000000
313562;24;10;2017;15:32;0;RUA CON DE CASTRO;;;3450;;Atropelamento;Luz do Dia;;;Meio de Quadra;;;0;2;0;1;0;0;0;0;0;0;0;0;-3,797831000000000;-38,585303000000000
313563;24;10;2017;16:41;0;RUA PRO VIRGILIO DE MORAIS;;;488;;Colis?úo;Luz do Dia;;;Meio de Quadra;;;0;2;0;1;0;0;0;0;0;1;0;0;-3,752780000000000;-38,596942000000000
313559;24;10;2017;14:37;3779;RUA VINTE E QUATRO DE MAIO;RUA ANTONIO POMPEU;;0;;Colis?úo;Luz do Dia;;;Cruz;Pare;Comercial;0;2;0;1;0;0;0;0;1;0;0;0;-3,733667000000000;-38,534186000000000
313560;24;10;2017;15:05;0;RUA ADOLFO MARINHO (VILA VELHA);;;0;;Colis?úo;Luz do Dia;;;Meio de Quadra;;;0;2;0;1;0;0;0;0;0;1;0;0;;
313582;24;10;2017;22:38;2765;RUA OSCAR ARARIPE;RUA MON SABINO FEIJAO;;0;;Colis?úo;;;;Cruz;Pare;Comercial;0;2;0;1;0;0;0;0;0;1;0;0;-3,792186000000000;-38,596202000000000
305451;24;10;2017;19:16;0;AV DR SILAS MUNGUBA;;;0;SUPER DO POVO;Colis?úo;;;;Meio de Quadra;;;1;0;1;1;0;0;1;0;0;0;0;0;-3,794763054000000;-38,533475812000000
311983;24;10;2017;17:06;15405;RUA SILVEIRA DA MOTA;RUA ARAUJO TORREAO;;0;;Colis?úo Transversal;Luz do Dia;Bom;Seca;Cruz;Pare;Residencial;0;0;2;1;0;0;0;0;0;0;0;0;-3,815013600000000;-38,495995000000000
311984;24;10;2017;17:50;22865;RUA BERNARDO MANUEL;RUA CON LIMA SUCUPIRA;;0;;Colis?úo Lateral;Via Iluminada;Bom;Seca;Meio de Quadra;Sem?íforo;Residencial;0;0;2;1;0;0;0;0;0;0;0;0;-3,780151800000000;-38,545850000000000
311985;24;10;2017;15:30;22865;RUA BERNARDO MANUEL;RUA CON LIMA SUCUPIRA;;0;;Colis?úo Lateral;Via Iluminada;Bom;Seca;T;Pare;Residencial;0;0;2;1;0;0;0;0;0;0;0;0;-3,780124400000000;-38,545918000000000
311986;24;10;2017;17:45;0;AV LUCIANO CARNEIRO;AV GUTEMBERG;;0;;Colis?úo Lateral;Via Iluminada;Bom;Seca;T;Pare;Comercial;0;0;2;1;1;0;0;0;0;0;0;0;-3,759143800000000;-38,534850000000000
311963;24;10;2017;00:44;0;RUA DOIS;;;226;;Choque c/ Obst?ículo Fixo;Via Iluminada;Bom;Seca;Meio de Quadra;N?úo H?í Controle;Residencial;0;1;0;1;0;0;0;0;0;0;0;0;-3,802338800000000;-38,564228000000000
311964;24;10;2017;07:15;12783;RUA JORGE DUMAR;TR MON TABOSA D12;;0;;Colis?úo Traseira;Luz do Dia;Bom;Seca;T;Pare;Comercial;0;0;0;1;0;0;0;0;0;0;0;0;-3,753793500000000;-38,539604000000000
311965;24;10;2017;07:41;0;AV 13 DE MAIO;;;1974;;Colis?úo Traseira;Luz do Dia;Bom;Seca;Meio de Quadra;Sem?íforo;Comercial;0;0;2;1;0;0;0;0;0;0;0;0;-3,742239200000000;-38,540330000000000
311966;24;10;2017;08:20;25371;RUA PDE ANCHIETA;RUA LEIRIA DE ANDRADE;;0;;Colis?úo Transversal;Luz do Dia;Bom;Seca;Cruz;Pare;Residencial;0;0;2;1;0;0;0;0;0;1;0;0;-3,729367500000000;-38,551670000000000
311967;24;10;2017;09:22;0;AV BAR STUDART;AV BEIRA MAR;AV HIS RAIMUNDO GIRAO;0;;Colis?úo Traseira;Luz do Dia;Bom;Seca;T;Pare;Residencial;0;0;2;1;0;0;0;0;0;0;0;0;-3,724121600000000;-38,503270000000000
311968;24;10;2017;07:40;0;AV PRS COSTA E SILVA;;;3601;;Colis?úo Traseira;Luz do Dia;Nublado;Seca;Meio de Quadra;;;0;1;1;1;0;0;0;0;0;1;0;0;-3,824003700000000;-38,548656000000000
311969;24;10;2017;08:45;1258;RUA MON BRUNO;AV SANTOS DUMONT;;0;;Atropelamento;Luz do Dia;Bom;Seca;Cruz;Pare;Comercial;0;2;0;1;0;0;0;0;0;0;0;0;-3,739921300000000;-38,520187000000000
311970;24;10;2017;09:40;0;AV PRS COSTA E SILVA;;;3601;;Colis?úo Lateral;Luz do Dia;Bom;Seca;Meio de Quadra;Sem?íforo;Comercial;0;0;2;1;0;0;0;0;0;1;0;0;-3,824062000000000;-38,548874000000000
311971;24;10;2017;10:29;5407;AV DUQ CAXIAS;RUA SOLON PINHEIRO;;0;;Colis?úo Traseira;Luz do Dia;Bom;Seca;Cruz;Sem?íforo;Comercial;0;0;2;1;0;0;0;0;0;0;0;0;-3,732823600000000;-38,526800000000000
311972;24;10;2017;10:28;0;AV GOV RAUL BARBOSA;;;5890;;Colis?úo Lateral;Luz do Dia;Bom;Seca;Meio de Quadra;N?úo H?í Controle;Residencial;0;0;2;0;0;0;0;0;0;1;0;0;-3,769418000000000;-38,510230000000000
311973;24;10;2017;10:32;0;AV GOV RAUL BARBOSA;;;5542;;Colis?úo Lateral;Luz do Dia;Bom;Seca;Meio de Quadra;N?úo H?í Controle;Residencial;0;0;2;1;0;0;0;0;0;0;0;0;-3,769568000000000;-38,510320000000000
311974;24;10;2017;10:46;5051;RUA SEN POMPEU;RUA SEN JAGUARIBE;;0;SANTA CASA DE MISERICORDIA;Colis?úo Transversal;Luz do Dia;Bom;Seca;Cruz;Pare;Comercial;0;0;2;1;0;0;0;0;0;0;0;0;-3,721713500000000;-38,527980000000000
311988;24;10;2017;19:05;6850;RUA BATISTA DE OLIVEIRA;AV PDE ANTONIO TOMAS;;0;;Colis?úo Traseira;Anoitecer;Bom;Seca;Outros;Sem?íforo;Residencial;0;0;2;1;0;0;0;0;0;0;0;0;-3,745675000000000;-38,481800000000000
311989;24;10;2017;17:40;0;AV SGT HERMINIO SAMPAIO;;;3248;;Colis?úo Lateral;Via Iluminada;Bom;Seca;Meio de Quadra;Sem?íforo;Comercial;0;0;2;1;0;0;0;0;0;0;0;0;-3,728049000000000;-38,569800000000000
311990;24;10;2017;20:00;0;AV ALBERTO CRAVEIRO;;;0;;Colis?úo Lateral;Via Iluminada;Bom;Seca;Meio de Quadra;Sem?íforo;Comercial;0;0;2;1;0;0;0;0;0;1;0;0;-3,776734000000000;-38,513153000000000
311992;24;10;2017;21:20;25261;AV LINEU MACHADO;RUA DR SULIANO;;0;;Colis?úo Lateral;Via Iluminada;Bom;Seca;Cruz;Pare;Comercial;0;1;1;1;0;0;0;0;0;1;0;0;-3,766152100000000;-38,577020000000000
311993;24;10;2017;16:45;188;RUA GAL GOIS MONTEIRO;TR BALDUINO FREIRE;;0;;Colis?úo Transversal;Via Iluminada;Bom;Seca;Cruz;N?úo H?í Controle;Residencial;0;0;2;1;0;0;0;0;0;0;0;0;-3,734605600000000;-38,585064000000000
311994;24;10;2017;22:10;7497;RUA PEDRO DANTAS;RUA BOA VENTURA;;0;;Colis?úo Transversal;Via Iluminada;Bom;Seca;Cruz;Pare;Residencial;0;1;1;1;0;0;0;0;0;1;0;0;-3,785522200000000;-38,524033000000000
311977;24;10;2017;11:59;9054;RUA LAURO MAIA;RUA ARTHUR TEMOTEO;;0;;Colis?úo Transversal;Luz do Dia;Bom;Seca;Cruz;Pare;Residencial;0;0;2;0;0;0;0;0;0;1;0;0;-3,745597400000000;-38,523310000000000
311978;24;10;2017;13:37;25639;RUA BRAZ DE FRANCESCO;RUA TAB FABIAO;;0;;Colis?úo Traseira;Luz do Dia;Bom;Seca;T;N?úo H?í Controle;Comercial;0;0;2;1;0;0;0;0;0;1;0;0;-3,733859800000000;-38,567173000000000
311979;24;10;2017;12:55;0;AV RAD JOSE LIMA VERDE;;;807;;Colis?úo Traseira;Luz do Dia;Bom;Seca;T;Pare;Comercial;0;0;2;1;0;0;0;0;0;0;0;0;-3,699680300000000;-38,588097000000000
311980;24;10;2017;15:01;0;AV BENJAMIM BRASIL;;;1100;;Colis?úo Lateral;Luz do Dia;Bom;Seca;Meio de Quadra;Gesto;Comercial;0;0;2;1;0;0;0;0;0;0;0;0;-3,805718700000000;-38,564396000000000
311981;24;10;2017;14:23;5099;AV TRISTAO GONCALVES;RUA SEN ALENCAR;;0;;Colis?úo Transversal;Luz do Dia;Bom;Seca;Cruz;Pare;Comercial;0;0;1;1;0;0;0;0;0;1;0;0;-3,723386500000000;-38,532093000000000
315919;24;10;2017;11:50;0;RD BR 020;;;0;KM 426;Capotamento;Luz do Dia;Bom;Seca;Meio de Quadra;;;0;1;1;1;0;0;0;0;0;0;0;0;;
311995;25;10;2017;06:49;1716;AV GAL MURILO BORGES;AV GOV RAUL BARBOSA;;0;;Colis?úo;Luz do Dia;Bom;Seca;Rotat??ria;N?úo H?í Controle;Residencial;0;1;1;0;1;1;0;0;0;0;0;0;-3,764128200000000;-38,508144000000000
311996;25;10;2017;08:30;0;AV DOM LUIS;;;500;;Colis?úo Traseira;Luz do Dia;Bom;Seca;Meio de Quadra;Sem?íforo;Comercial;0;0;2;1;0;0;0;0;0;0;0;0;-3,732626000000000;-38,509540000000000