COD_ACIDENTE;DIA;MES;ANO;HORA;INTERSECAO;LOG1;LOG2;LOG3;NUMERO;REFERENCIA;NATUREZA;ILUMINACAO;TEMPO;SUPERFICIEPISTA;TIPOCRUZAMENTO;CONTROLETRAFEGO;USOSOLO;MORTOS;FERIDOS;ILESOS;AUTOMOVEL;ONIBUS;BICICLETA;CAMINHAO;MICROONIBUS;CICLOMOTOR;MOTOCICLETA;TRACAOANIMAL;TREM;LATITUDE;LONGITUDE
311997;25;10;2017;08:32;0;AV LINEU MACHADO;;;144;;Colis?úo Traseira;Luz do Dia;Bom;Seca;Meio de Quadra;N?úo H?í Controle;Comercial;0;0;3;1;0;0;0;0;0;0;0;0;-3,761711000000000;-38,574600000000000
311998;25;10;2017;10:18;0;AV BEZERRA DE MENEZES;;;887;;Colis?úo Lateral;Luz do Dia;Bom;Seca;Meio de Quadra;Sem?íforo;Comercial;0;1;1;0;0;0;0;0;0;1;0;0;-3,733375500000000;-38,552944000000000
311999;25;10;2017;09:30;24299;RUA REPUBLICA DO LIBANO;RUA 8 DE SETEMBRO;;0;;Colis?úo Transversal;Luz do Dia;Bom;Seca;Cruz;Pare;Residencial;0;0;2;0;0;0;0;0;0;0;0;0;-3,733451600000000;-38,487070000000000
312001;25;10;2017;14:50;12954;AV PRS COSTA E SILVA;RUA BERNARDO MANUEL;;0;;Colis?úo Lateral;Luz do Dia;Bom;Seca;Cruz;Sem?íforo;Comercial;0;0;2;1;1;0;0;0;0;0;0;0;-3,820779300000000;-38,558033000000000
312002;25;10;2017;16:10;4080;AV JOSE BASTOS;RUA CEARA;;0;;Colis?úo Transversal;Luz do Dia;Bom;Seca;Cruz;Pare;Residencial;0;0;2;1;0;0;0;0;0;0;0;0;-3,762111200000000;-38,561222000000000
312003;25;10;2017;09:35;7426;RUA NATAL;AV SEN FERNANDES TAVORA;;0;;Colis?úo Transversal;Luz do Dia;Bom;Seca;Cruz;N?úo H?í Controle;Comercial;0;0;2;1;0;0;0;0;0;0;0;0;-3,757969900000000;-38,590187000000000
312004;25;10;2017;17:30;0;AV ALBERTO NEPOMUCENO;;;199;;Colis?úo;Via Iluminada;Bom;Seca;Meio de Quadra;Pare;Comercial;0;0;3;1;0;0;0;0;0;1;0;0;-3,722725000000000;-38,523987000000000
312005;25;10;2017;18:35;0;RUA BERNARDO MANUEL;;;11361;;Colis?úo Traseira;Via Iluminada;Bom;Seca;Meio de Quadra;N?úo H?í Controle;Comercial;0;0;2;1;0;0;0;0;0;0;0;0;-3,818657000000000;-38,557415000000000
312006;25;10;2017;19:26;12926;AV VIS RIO BRANCO;AV ANTONIO SALES;;0;;Colis?úo Traseira;Via Iluminada;Bom;Seca;Cruz;Sem?íforo;Comercial;0;0;2;1;0;0;0;0;0;0;0;0;-3,738768000000000;-38,523230000000000
312007;25;10;2017;19:40;0;RUA JOSE HIPOLITO;;;277;;Atropelamento;Via Iluminada;Bom;Seca;Meio de Quadra;Sem?íforo;Residencial;0;2;0;0;0;0;0;0;0;0;0;0;-3,832876000000000;-38,492756000000000
312008;25;10;2017;20:10;0;RUA PERO COELHO;RUA 25 DE MAIO;;0;;Colis?úo Transversal;Via Iluminada;Bom;Seca;Cruz;Pare;Comercial;0;1;1;0;0;0;0;0;0;0;0;0;-3,732863200000000;-38,523580000000000
312009;25;10;2017;21:10;7816;RUA TIBURCIO CAVALCANTE;RUA MARCONDES PEREIRA;;0;;Queda;Via Iluminada;Bom;Seca;Cruz;Pare;Residencial;0;1;1;1;0;0;0;0;0;1;0;0;-3,749621000000000;-38,506927000000000
312012;25;10;2017;08:59;0;AV BENJAMIM BRASIL;;;1100;;Colis?úo Transversal;Luz do Dia;Bom;Seca;Meio de Quadra;N?úo H?í Controle;Residencial;0;0;2;1;0;0;0;0;0;0;0;0;-3,805756800000000;-38,564346000000000
312026;25;10;2017;00:09;2765;RUA OSCAR ARARIPE;RUA MON SABINO FEIJAO;;0;;Colis?úo Transversal;Via Iluminada;Bom;Seca;Cruz;Pare;Comercial;0;0;1;1;0;0;0;0;0;0;0;0;-3,792290700000000;-38,596330000000000
312117;25;10;2017;15:10;0;RUA TORRES CAMARA;;;1130;;Colis?úo Lateral;Luz do Dia;Bom;Seca;T;N?úo H?í Controle;Comercial;0;0;2;0;0;0;0;0;0;1;0;0;-3,737436800000000;-38,501260000000000
313587;25;10;2017;06:36;0;RUA BAR AQUIRAZ;;;1774;;Colis?úo;Luz do Dia;;;Meio de Quadra;;;0;2;0;1;0;0;0;0;0;1;0;0;-3,842416000000000;-38,483493000000000
313588;25;10;2017;06:47;0;AV GAL MURILO BORGES;;;0;;Colis?úo;Luz do Dia;;;Meio de Quadra;;;0;1;1;1;0;0;0;0;0;1;0;0;;
313589;25;10;2017;07:11;0;RUA JOHN LENNON;;;364;;Colis?úo;Luz do Dia;;;Meio de Quadra;;;0;1;1;1;0;0;0;0;0;1;0;0;;
313590;25;10;2017;07:13;0;RD BR 116;;;5689;;Queda;Luz do Dia;Bom;Seca;Meio de Quadra;;;0;2;0;0;0;0;0;0;0;1;0;0;-3,806321200000000;-38,502092900000000
313591;25;10;2017;11:04;0;AV DR SILAS MUNGUBA;;;3910;;Colis?úo;Luz do Dia;;;Meio de Quadra;;;0;2;0;1;0;0;0;0;0;1;0;0;-3,790917000000000;-38,538753000000000
313593;25;10;2017;11:41;0;RUA BERNARDO MANUEL;;;11153;;Colis?úo;Luz do Dia;;;Meio de Quadra;;;0;2;0;1;0;0;0;0;0;1;0;0;-3,817134000000000;-38,557018000000000
313594;25;10;2017;12:24;0;ROD CE 010;;;460;;Colis?úo;Luz do Dia;;;Meio de Quadra;;;0;2;0;1;0;0;0;0;0;1;0;0;-3,779737500000000;-38,433775300000000
313584;25;10;2017;05:58;0;RUA CON DE CASTRO;;;2134;;Atropelamento;Amanhecer;;;Meio de Quadra;;;0;2;0;0;0;0;0;0;0;1;0;0;-3,788408000000000;-38,576575000000000
313585;25;10;2017;06:01;0;AV PRS CASTELO BRANCO;;;1229;;Queda;Luz do Dia;;;Meio de Quadra;;;0;1;0;0;0;0;0;0;0;1;0;0;-3,716555000000000;-38,540657000000000
313600;25;10;2017;13:01;0;RD BR 116;;;6267;KM-03;Colis?úo;Luz do Dia;;;Meio de Quadra;;;0;2;0;1;0;1;0;0;0;0;0;0;-3,776197000000000;-38,515402000000000
313609;25;10;2017;13:29;0;AV GAL OSORIO DE PAIVA;;;810;;Colis?úo;Luz do Dia;;;Meio de Quadra;;;0;2;0;0;0;0;0;0;0;1;0;0;-3,777465000000000;-38,569415000000000
313607;25;10;2017;13:12;0;RUA BAR AQUIRAZ;;;643;;Colis?úo;Luz do Dia;;;Meio de Quadra;;;0;2;0;1;0;0;0;0;0;1;0;0;-3,834889000000000;-38,489449000000000
313618;25;10;2017;18:36;23041;AV DR SILAS MUNGUBA;RUA BRUNO VALENTE;;0;;Colis?úo;;;;Cruz;Pare;Comercial;0;1;0;1;0;0;0;0;0;1;0;0;-3,790483000000000;-38,540009000000000
313615;25;10;2017;17:09;0;AV ALBERTO CRAVEIRO;;;1480;;Colis?úo;Anoitecer;;;Meio de Quadra;;;0;1;0;0;0;0;0;0;0;1;0;0;-3,793148000000000;-38,517613000000000
313616;25;10;2017;18:32;0;RUA MODESTA;;;161;;Colis?úo;;;;Meio de Quadra;;;0;2;0;1;0;0;0;0;0;1;0;0;-3,844254000000000;-38,521539000000000
313613;25;10;2017;15:17;5290;AV DUQ CAXIAS;RUA PDE MORORO;;0;;Choque c/ Obst?ículo Fixo;Luz do Dia;;;Meio de Quadra;N?úo H?í Controle;Comercial;0;1;0;1;0;0;0;0;0;0;0;0;-3,728983000000000;-38,538552000000000
313638;25;10;2017;22:21;0;AV GAL OSORIO DE PAIVA;;;0;;Colis?úo;;;;Meio de Quadra;;;0;2;0;1;0;0;0;0;0;1;0;0;;
313636;25;10;2017;20:50;0;AV PRS JUSCELINO KUBITSCHEK (PASSAR?ë);;;0;;Atropelamento;;;;Meio de Quadra;;;0;3;0;0;0;0;0;0;0;1;0;0;;
313633;25;10;2017;20:34;0;AV PRS JUSCELINO KUBITSCHEK (PASSAR?ë);;;0;;Atropelamento;;;;Meio de Quadra;;;0;1;1;0;0;0;0;0;0;1;0;0;;
313631;25;10;2017;19:19;12009;RUA JOSE HIPOLITO;RUA CEL FRANCISCO ALVES RIBEIRO;;0;;Colis?úo;;;;T;N?úo H?í Controle;Comercial;0;1;1;1;0;0;0;0;0;1;0;0;;
313622;25;10;2017;18:45;0;RUA JOSE HIPOLITO;;;277;;Colis?úo;;;;Meio de Quadra;;;0;1;0;0;0;0;0;0;0;1;0;0;-3,832908000000000;-38,492776000000000
313629;25;10;2017;18:58;0;RUA BOLIVIA;;;56;;Colis?úo;;;;Meio de Quadra;;;0;1;0;0;0;0;0;0;0;1;0;0;-3,744239000000000;-38,565135000000000
314533;25;10;2017;08:10;0;RD CE-025;;;0;KM-01;Colis?úo;Luz do Dia;Bom;Seca;Meio de Quadra;;;0;0;3;1;0;0;0;0;0;0;0;0;-3,807811443000000;-38,470048600000000
314536;25;10;2017;18:24;0;RD CE-040;;;0;KM-08;Colis?úo;Anoitecer;Bom;Seca;Meio de Quadra;;;0;0;2;1;0;0;1;0;0;0;0;0;-3,825515822000000;-38,481538320000000
304772;25;10;2017;11:10;0;RUA DR GILBERTO STUDART;;;55;;Colis?úo Lateral;Luz do Dia;;;Meio de Quadra;;;0;0;2;1;0;0;0;0;0;0;0;0;-3,741402300000000;-38,487325500000000
304776;25;10;2017;19:50;15367;RUA PEREIRA VALENTE;RUA CEL JUCA;;0;;Colis?úo Traseira;;;;Cruz;Pare;Residencial;0;0;2;1;0;0;0;0;0;0;0;0;-3,734439000000000;-38,490267000000000
304760;25;10;2017;15:45;0;RUA JOSE VILAR;;;920;;Colis?úo Traseira;Luz do Dia;;;Meio de Quadra;;;0;0;2;1;0;0;0;0;0;0;0;0;-3,733124000000000;-38,503812000000000
304764;25;10;2017;12:50;0;AV PRS CASTELO BRANCO;;;1025;;Colis?úo Frontal;Luz do Dia;;;Meio de Quadra;;;0;2;1;0;0;0;0;1;0;1;0;0;-3,719021000000000;-38,532818000000000
304758;25;10;2017;08:30;0;RUA CASTRO E SILVA;;;666;;Queda;Luz do Dia;;;Meio de Quadra;;;0;1;0;0;0;0;0;0;0;1;0;0;-3,722356000000000;-38,531690000000000
304780;26;10;2017;14:10;1572;AV DES MOREIRA;RUA VICENTE LINHARES;;0;;Colis?úo Traseira;Luz do Dia;;;Cruz;Sem?íforo;Comercial;0;0;2;1;0;0;0;0;0;0;0;0;-3,742153000000000;-38,500253000000000
304810;26;10;2017;13:53;0;AV DR SILAS MUNGUBA;;;4210;;Colis?úo Traseira;Luz do Dia;;;Meio de Quadra;;;0;1;1;0;0;0;0;0;0;1;0;0;-3,791206000000000;-38,537900000000000
304811;26;10;2017;16:20;11582;AV ROGACIANO LEITE;RUA RICARDO A BRAGA;;0;;Colis?úo Lateral;Luz do Dia;;;Cruz;Pare;Residencial;0;1;1;1;0;0;0;0;0;1;0;0;-3,786671000000000;-38,503315000000000
304812;26;10;2017;10:00;0;RUA PDE VALDEVINO;;;1873;;Engavetamento;Luz do Dia;;;Meio de Quadra;;;0;0;3;1;0;0;0;0;0;0;0;0;-3,741982000000000;-38,507772000000000
304815;26;10;2017;10:10;25096;RUA ROCHA LIMA;RUA RODRIGUES JUNIOR;;0;;Colis?úo Frontal;Luz do Dia;;;Cruz;Pare;Comercial;0;0;2;1;1;0;0;0;0;0;0;0;-3,736320000000000;-38,522475000000000
304827;26;10;2017;;19696;RUA GUSTAVO SAMPAIO;RUA DOM JOSE LOURENCO  D27;;0;;Colis?úo;;;;Cruz;Pare;Comercial;0;2;0;0;0;0;0;0;0;1;0;0;-3,735880000000000;-38,559501000000000
304828;26;10;2017;19:00;0;RUA GAL SILVA JUNIOR;;;700;;Colis?úo;;;;Meio de Quadra;;;0;0;2;1;0;0;0;0;0;1;0;0;-3,756471000000000;-38,532604000000000
304825;26;10;2017;06:30;0;AV JOAO PESSOA;;;6330;;Colis?úo;Luz do Dia;;;Meio de Quadra;;;0;1;1;1;0;0;0;0;0;1;0;0;-3,765695000000000;-38,559172000000000
314538;26;10;2017;17:00;0;RD CE-025;;;0;KM-04;Colis?úo;Anoitecer;Bom;Seca;Meio de Quadra;;;0;0;2;0;0;0;0;0;0;0;0;0;-3,805111679000000;-38,443338730000000
313640;26;10;2017;03:22;0;RUA RIO VENTURA;;;422;;Queda;;;;Meio de Quadra;;;0;2;0;0;0;0;0;0;0;1;0;0;;
313661;26;10;2017;12:05;9328;RUA GAL MARIO HERMES;RUA CESAR CORREIA;;0;;Colis?úo;Luz do Dia;;;Cruz;Pare;Residencial;0;2;0;1;0;0;0;0;0;1;0;0;-3,715134000000000;-38,574448000000000
313653;26;10;2017;10:42;0;AV BAR STUDART;;;345;;Atropelamento;Luz do Dia;;;Meio de Quadra;;;0;1;0;1;0;0;0;0;0;0;0;0;-3,727176000000000;-38,504212000000000
313658;26;10;2017;11:16;16281;RUA ANTONIO PEREIRA;RUA ANTONIO BARBOSA;;0;;Colis?úo;Luz do Dia;;;Cruz;Pare;Residencial;0;2;0;1;0;0;0;0;0;1;0;0;-3,832952000000000;-38,565289000000000
313648;26;10;2017;09:38;581;AV FRANCISCO SA;AV PASTEUR;;0;;Colis?úo;Luz do Dia;;;Cruz;Sem?íforo;Comercial;0;1;0;1;0;0;0;0;0;0;0;0;-3,716325000000000;-38,560567000000000
313649;26;10;2017;10:11;25096;RUA ROCHA LIMA;RUA RODRIGUES JUNIOR;;0;;Colis?úo;Luz do Dia;;;Cruz;Pare;Comercial;0;2;0;1;0;0;0;0;0;0;0;0;-3,736320000000000;-38,522475000000000
313650;26;10;2017;10:13;0;RUA RODRIGUES JUNIOR;;;1355;;Colis?úo;Luz do Dia;;;Meio de Quadra;;;0;1;0;1;0;0;0;0;0;1;0;0;-3,736468100000000;-38,522447600000000
313651;26;10;2017;12:30;0;AV MAJ ASSIS;;;1230;;Colis?úo;Luz do Dia;;;Meio de Quadra;;;0;2;0;1;0;0;0;0;0;1;0;0;-3,723259000000000;-38,590397000000000
313646;26;10;2017;07:34;18744;RUA CODO;RUA DALVA DE OLIVEIRA;;0;;Colis?úo;Luz do Dia;;;;;;0;1;0;0;0;0;0;0;0;1;0;0;-3,848308000000000;-38,521891000000000
313643;26;10;2017;07:00;0;RUA TIP SALES;;;0;;Colis?úo;Luz do Dia;;;Meio de Quadra;;;0;1;0;0;0;0;0;0;0;1;0;0;;
313687;26;10;2017;15:37;0;RUA JULIO BRAGA;;;0;;Colis?úo;Luz do Dia;;;Meio de Quadra;;;0;1;0;0;0;0;0;0;0;0;0;0;;
313690;26;10;2017;15:53;0;RUA JOSE NAPOLEAO;;;0;;Colis?úo;Luz do Dia;;;Meio de Quadra;;;0;2;0;1;0;0;0;0;0;0;0;0;;
313696;26;10;2017;16:35;0;RUA SILVEIRA DA MOTA;;;226;;Colis?úo;Luz do Dia;;;Meio de Quadra;;;0;1;0;0;0;0;0;0;0;0;0;0;-3,814187000000000;-38,493995000000000
313694;26;10;2017;16:23;1716;AV GOV RAUL BARBOSA;RUA CAP ARAGAO;;0;;Colis?úo;Luz do Dia;;;;;;0;1;0;0;0;0;0;0;0;0;0;0;-3,763977000000000;-38,508802000000000
313667;26;10;2017;13:48;0;ET SIQUEIRA;;;901;;Colis?úo;Luz do Dia;;;Meio de Quadra;;;0;2;0;1;0;0;0;0;0;1;0;0;-3,810091000000000;-38,590631000000000
313668;26;10;2017;14:24;4319;AV JOSE SABOIA;AV VICENTE DE CASTRO;;0;;Queda;Luz do Dia;;;Cruz;Gesto;Comercial;0;1;0;0;0;1;0;0;0;0;0;0;-3,713785000000000;-38,473200000000000
313681;26;10;2017;14:56;1297;RUA JOSE VILAR;AV SANTOS DUMONT;;0;;Colis?úo;Luz do Dia;;;Cruz;Sem?íforo;Comercial;0;1;0;0;0;0;0;0;1;0;0;0;-3,734337000000000;-38,504194000000000
313675;26;10;2017;14:31;661;RUA GOMES PASSOS;RUA VICENTE SABOIA;;0;;Colis?úo;Luz do Dia;;;Cruz;Pare;Residencial;0;2;0;1;0;0;0;0;0;1;0;0;-3,711517000000000;-38,560303000000000
313665;26;10;2017;13:14;7990;RUA CARLOS CAMARA;RUA JOAO SORONGO;;0;;Colis?úo;Luz do Dia;;;Cruz;Pare;Comercial;0;2;0;1;0;0;0;0;0;1;0;0;-3,749406000000000;-38,545224000000000
313722;26;10;2017;18:37;0;AV JOR THOMAZ COELHO;;;0;;Queda;;;;Meio de Quadra;;;0;1;0;0;0;0;0;0;0;1;0;0;;
313743;26;10;2017;19:22;0;AV SEN VIRGILIO TAVORA;;;2577;;Atropelamento;;;;Meio de Quadra;;;0;1;0;0;0;0;0;0;0;1;0;0;-3,749044000000000;-38,497064000000000
313734;26;10;2017;19:04;0;AV DA INDEPENDENCIA;;;1711;;Colis?úo;;;;Meio de Quadra;;;0;1;0;0;0;0;0;0;0;1;0;0;-3,725427000000000;-38,595987000000000
313727;26;10;2017;18:43;0;AV JOR THOMAZ COELHO;;;425;BANANA CAF?ë;Colis?úo;;;;Meio de Quadra;;;0;2;0;1;0;0;0;0;0;1;0;0;-3,832407000000000;-38,498311000000000
313713;26;10;2017;17:30;0;RUA ASA BRANCA;;;428;;Colis?úo;Anoitecer;;;Meio de Quadra;;;0;2;0;1;0;0;0;0;0;1;0;0;-3,852150501000000;-38,483352818000000
313720;26;10;2017;17:51;0;RUA DAMASCENO GIRAO;;;0;;Colis?úo;Anoitecer;;;Meio de Quadra;;;0;1;0;1;0;0;0;0;0;0;0;0;;
313717;26;10;2017;17:37;0;RD BR 116;;;5000;KM-05;Atropelamento;Anoitecer;Bom;Seca;Meio de Quadra;;;0;1;1;1;0;0;0;0;0;0;0;0;-3,796502000000000;-38,506787000000000
313708;26;10;2017;16:49;11582;AV ROGACIANO LEITE;RUA RICARDO A BRAGA;;0;;Colis?úo;Luz do Dia;;;Cruz;Pare;Residencial;0;2;0;1;0;0;0;0;0;1;0;0;-3,786671000000000;-38,503315000000000
312096;26;10;2017;10:40;5436;RUA GAL CLARINDO DE QUEIROZ;RUA JAIME BENEVOLO;;0;;Colis?úo Transversal;Luz do Dia;Bom;Seca;Cruz;Pare;Comercial;0;1;1;0;0;0;0;0;0;1;0;0;-3,733963500000000;-38,525997000000000
312013;26;10;2017;12:45;12836;AV DOMINGOS OLIMPIO;RUA BAR ARATANHA;;0;;Colis?úo Transversal;Luz do Dia;Bom;Seca;Cruz;Sem?íforo;Comercial;0;0;2;1;0;0;0;0;0;0;0;0;-3,737820000000000;-38,528046000000000
312014;26;10;2017;14:20;7754;AV ANTONIO SALES;RUA JOSE VILAR;;0;;Colis?úo Traseira;Luz do Dia;Bom;Seca;Cruz;Sem?íforo;Residencial;0;0;2;1;0;0;0;0;0;1;0;0;-3,744016600000000;-38,507170000000000
312015;26;10;2017;14:22;16281;RUA ANTONIO BARBOSA;RUA ANTONIO PEREIRA;;0;;Colis?úo Transversal;Luz do Dia;Bom;Seca;Cruz;Pare;Residencial;0;1;1;0;0;0;0;0;0;1;0;0;-3,832971600000000;-38,565388000000000
312016;26;10;2017;15:09;8931;RUA JUSTINIANO DE SERPA;RUA ANTONIO POMPEU;;0;;Colis?úo Transversal;Luz do Dia;Bom;Seca;Cruz;Pare;Residencial;0;0;2;1;1;0;0;0;0;0;0;0;-3,731654000000000;-38,542490000000000
312017;26;10;2017;16:54;0;RUA DA PAZ;;;0;;Colis?úo Lateral;Luz do Dia;Bom;Seca;Meio de Quadra;N?úo H?í Controle;Residencial;0;0;0;0;0;0;0;0;0;0;0;0;-3,725003700000000;-38,486454000000000
312018;26;10;2017;17:23;0;AV LUCIANO CARNEIRO;;;2470;;Colis?úo Traseira;Anoitecer;Bom;Seca;Meio de Quadra;N?úo H?í Controle;Residencial;0;1;2;1;0;0;0;0;0;1;0;0;-3,769991900000000;-38,538258000000000
312019;26;10;2017;18:26;9168;AV LUCIANO CARNEIRO;AV BORGES DE MELO;;0;;Colis?úo Traseira;Via Iluminada;Bom;Seca;Cruz;Sem?íforo;Comercial;0;0;2;1;0;0;0;0;0;0;0;0;-3,757276800000000;-38,534374000000000
312020;26;10;2017;18:50;15195;AV ABOLICAO;RUA JOSE NAPOLEAO;;0;;Colis?úo Transversal;Via Iluminada;Bom;Seca;Cruz;Pare;Comercial;0;0;2;1;0;0;0;0;0;0;0;0;-3,726557500000000;-38,490310000000000
312021;26;10;2017;18:20;0;AV PRS COSTA E SILVA;;;0;;Colis?úo Transversal;Via Iluminada;Bom;Seca;Meio de Quadra;N?úo H?í Controle;Residencial;0;0;2;1;0;0;0;0;0;0;0;0;-3,823908300000000;-38,547650000000000
312022;26;10;2017;19:54;0;AV SEN VIRGILIO TAVORA;;;2577;;Atropelamento;Via Iluminada;Bom;Seca;Meio de Quadra;N?úo H?í Controle;Comercial;0;1;1;1;0;0;0;0;0;0;0;0;-3,749023700000000;-38,497025000000000
312023;26;10;2017;20:31;0;RUA JOAQUIM NABUCO;;;0;;Colis?úo Lateral;Mal Iluminada;Bom;Seca;Meio de Quadra;N?úo H?í Controle;Comercial;0;0;2;1;0;0;0;0;0;0;0;0;-3,725756000000000;-38,498240000000000
312024;26;10;2017;21:04;0;AV FRANCISCO SA;;;0;;Colis?úo Lateral;Via Iluminada;Bom;Seca;Cruz;Pare;Comercial;0;0;0;1;0;0;0;0;0;0;0;0;-3,716886800000000;-38,558277000000000
312025;26;10;2017;22:00;0;AV JOSE BASTOS;;;3760;;Colis?úo Traseira;Via Iluminada;Bom;Seca;Meio de Quadra;N?úo H?í Controle;Comercial;0;0;3;1;0;0;0;0;0;0;0;0;-3,750815000000000;-38,551308000000000
312010;26;10;2017;00:27;5382;RUA PINTO MADEIRA;RUA J DA PENHA;;0;;Colis?úo Lateral;Via Iluminada;Bom;Seca;Cruz;Pare;Comercial;0;0;2;1;0;0;0;0;0;0;0;0;-3,731976700000000;-38,518350000000000
312011;26;10;2017;06:10;13404;RUA CARLOS VASCONCELOS;RUA JOAO BRIGIDO;;0;;Colis?úo Transversal;Luz do Dia;Bom;Seca;Cruz;Sem?íforo;Residencial;0;0;2;1;0;0;0;0;0;0;0;0;-3,741284400000000;-38,513527000000000
315921;26;10;2017;10:00;0;RD BR 116;;;5000;KM-05;Colis?úo Traseira;Luz do Dia;Bom;Seca;Meio de Quadra;;;0;1;1;1;0;0;0;0;0;1;0;0;-3,796502000000000;-38,506787000000000
315922;27;10;2017;07:40;0;RD BR 222;;;0;KM-01;Colis?úo Lateral;Luz do Dia;Bom;Seca;Meio de Quadra;;;0;1;1;0;1;0;0;0;0;1;0;0;-3,737698444000000;-38,578146930000000
312027;27;10;2017;05:55;6821;RUA VILEBALDO AGUIAR;RUA DR RIBAMAR LOBO;;0;;Colis?úo Transversal;Amanhecer;Bom;Seca;Cruz;Pare;Residencial;0;1;0;1;0;0;0;0;0;1;0;0;-3,746782800000000;-38,468040000000000
312028;27;10;2017;07:40;10999;RUA 15 DE NOVEMBRO;RUA ALBERTO MAGNO;;0;;Colis?úo Lateral;Luz do Dia;Bom;Seca;Cruz;Pare;Comercial;0;0;2;1;0;0;0;0;0;0;0;0;-3,769954200000000;-38,553040000000000
312029;27;10;2017;07:30;0;RUA DR GILBERTO STUDART;;;1168;;Colis?úo Transversal;Luz do Dia;Bom;Seca;Meio de Quadra;N?úo H?í Controle;Residencial;0;1;2;1;0;0;0;0;0;0;0;0;-3,744585300000000;-38,478123000000000
312030;27;10;2017;08:52;0;AV ALM HENRIQUE SABOIA;;;0;;Colis?úo Traseira;Luz do Dia;Bom;Seca;Meio de Quadra;N?úo H?í Controle;Escola;0;0;2;0;0;0;0;0;0;0;0;0;-3,747026700000000;-38,491780000000000
312031;27;10;2017;07:40;9029;AV FELINO BARROSO;RUA PDE ROMA;;0;;Colis?úo Transversal;Luz do Dia;Nublado;Seca;Cruz;Gesto;Comercial;0;1;1;1;0;0;0;0;0;1;0;0;-3,745482400000000;-38,528477000000000
312032;27;10;2017;08:42;4251;AV FRANCISCO SA;RUA MARIO STUDART;;0;;Colis?úo Transversal;Luz do Dia;Bom;Seca;T;Pare;Comercial;0;0;2;1;0;0;0;0;0;0;0;0;-3,719763500000000;-38,550514000000000
312033;27;10;2017;10:50;0;AV BEZERRA DE MENEZES;;;1820;;Colis?úo;Luz do Dia;Bom;Seca;Meio de Quadra;Sem?íforo;Comercial;0;0;2;0;0;0;0;0;0;1;0;0;-3,734754800000000;-38,561024000000000
312034;27;10;2017;13:02;0;RUA PDE VALDEVINO;;;1655;;Colis?úo Traseira;Luz do Dia;Bom;Seca;Meio de Quadra;N?úo H?í Controle;Comercial;0;0;2;0;0;0;0;0;0;0;0;0;-3,741276000000000;-38,510017000000000
312035;27;10;2017;13:33;15347;AV DOM LUIS;RUA TIBURCIO CAVALCANTE;;0;;Colis?úo Transversal;Luz do Dia;Bom;Seca;T;Sem?íforo;Comercial;0;0;1;1;1;0;0;0;0;0;0;0;-3,731879700000000;-38,501213000000000
312037;27;10;2017;15:29;24215;AV ENG SANTANA JUNIOR;RUA FAUSTO CABRAL;;0;;Colis?úo Transversal;Luz do Dia;Bom;Seca;Cruz;Pare;Residencial;0;0;2;1;0;0;0;0;0;1;0;0;-3,732527300000000;-38,480210000000000
312038;27;10;2017;16:31;15804;RUA PERGENTINO MAIA;RUA ANTONINO BARROS;;0;;Colis?úo Transversal;Luz do Dia;Bom;Seca;Cruz;Sem?íforo;Comercial;0;0;2;0;1;0;0;0;0;1;0;0;-3,831534000000000;-38,489044000000000
312039;27;10;2017;18:34;0;AV OLIVEIRA PAIVA;;;3014;;Colis?úo Traseira;Via Iluminada;Bom;Seca;Meio de Quadra;Sem?íforo;Comercial;0;0;2;1;0;0;0;0;0;0;0;0;-3,795840300000000;-38,480846000000000
312040;27;10;2017;17:15;0;RUA TIBURCIO CAVALCANTE;;;810;;Colis?úo Traseira;Via Iluminada;Bom;Seca;T;Sem?íforo;Comercial;0;0;2;1;1;0;0;0;0;0;0;0;-3,731840000000000;-38,501210000000000
312041;27;10;2017;18:45;0;AV FILOMENO GOMES;;;836;;Atropelamento;Via Iluminada;Bom;Seca;Meio de Quadra;Sem?íforo;Comercial;0;1;1;0;0;0;0;0;0;1;0;0;-3,722342500000000;-38,541153000000000
312042;27;10;2017;20:33;0;RUA CAMPOS NOVOS;RUA JULIO CESAR D04;;0;;Colis?úo Lateral;Via Iluminada;Bom;Seca;;;;0;0;2;1;0;0;0;0;0;0;0;0;-3,758299600000000;-38,549915000000000
312043;27;10;2017;20:35;5748;RUA CHICO LEMOS;RUA JULIO LIMA;;0;;Colis?úo Transversal;Via Iluminada;Bom;Seca;Cruz;Pare;Residencial;0;0;2;1;0;0;0;0;0;0;0;0;-3,794726600000000;-38,497520000000000
312044;27;10;2017;18:10;15879;RUA JOAO IVO;RUA GUARUJA;;0;;Colis?úo Transversal;Via Iluminada;Bom;Seca;Cruz;Pare;Residencial;0;2;0;1;0;0;0;0;0;1;0;0;-3,834858200000000;-38,497574000000000
312055;27;10;2017;16:52;13408;AV ANTONIO SALES;RUA BAR ARACATI;;0;;Colis?úo Lateral;Luz do Dia;Bom;Seca;Cruz;Pare;Comercial;0;0;2;1;1;0;0;0;0;0;0;0;-3,741641000000000;-38,514920000000000