COD_ACIDENTE;DIA;MES;ANO;HORA;INTERSECAO;LOG1;LOG2;LOG3;NUMERO;REFERENCIA;NATUREZA;ILUMINACAO;TEMPO;SUPERFICIEPISTA;TIPOCRUZAMENTO;CONTROLETRAFEGO;USOSOLO;MORTOS;FERIDOS;ILESOS;AUTOMOVEL;ONIBUS;BICICLETA;CAMINHAO;MICROONIBUS;CICLOMOTOR;MOTOCICLETA;TRACAOANIMAL;TREM;LATITUDE;LONGITUDE
313744;27;10;2017;06:44;9029;AV FELINO BARROSO;RUA PDE ROMA;;0;;Colis?úo;Luz do Dia;;;Cruz;Gesto;Comercial;0;1;0;1;0;0;0;0;0;1;0;0;-3,745515000000000;-38,528380000000000
313749;27;10;2017;07:57;0;RUA JULIO ALCIDES;;;420;;Colis?úo;Luz do Dia;;;Meio de Quadra;;;0;2;0;1;0;0;0;0;0;1;0;0;-3,788961000000000;-38,563181000000000
313810;27;10;2017;09:46;14573;RUA SALVADOR MENDONCA;RUA DR JOSE PERDIGAO;;0;;Colis?úo;Luz do Dia;;;;;;0;1;1;1;0;0;0;0;0;1;0;0;-3,788835000000000;-38,490040000000000
313808;27;10;2017;09:05;0;AV 13 DE MAIO;;;0;;Colis?úo;Luz do Dia;;;Meio de Quadra;;;0;2;0;1;0;0;0;0;1;0;0;0;;
313805;27;10;2017;08:23;0;AV MR HULL;;;29;;Queda;Luz do Dia;;;Meio de Quadra;;;0;1;0;0;0;1;0;0;0;0;0;0;-3,736915700000000;-38,569730300000000
313830;27;10;2017;10:46;0;AV DR SILAS MUNGUBA;;;614;;Colis?úo;Luz do Dia;;;Meio de Quadra;;;0;2;0;1;0;0;0;0;0;1;0;0;-3,779257000000000;-38,560768000000000
313862;27;10;2017;13:59;25265;AV ENG LEAL LIMA VERDE (SAPIRANGA/COITE);AV DES FELICIANO DE ATAIDE (EDSON QUEIROZ);;0;;Colis?úo;Luz do Dia;;;Cruz;Pare;Residencial;0;2;0;1;0;0;0;0;0;1;0;0;-3,786566000000000;-38,476401000000000
313863;27;10;2017;14:09;0;AV JOSE BASTOS;;;2855;;Colis?úo;Luz do Dia;;;Meio de Quadra;;;0;2;0;1;0;0;0;0;0;1;0;0;;
313864;27;10;2017;14:52;0;RUA PERGENTINO MAIA;;;621;;Colis?úo;Luz do Dia;;;Meio de Quadra;;;0;2;0;1;0;0;0;0;0;1;0;0;-3,831380000000000;-38,489058000000000
313942;27;10;2017;17:39;0;AV PRS CASTELO BRANCO;;;4688;;Colis?úo;Anoitecer;;;Meio de Quadra;;;0;2;0;1;0;1;0;0;0;0;0;0;-3,706512000000000;-38,573585000000000
313918;27;10;2017;16:16;0;AV FILOMENO GOMES;;;821;;Atropelamento;Luz do Dia;;;Meio de Quadra;;;0;2;0;0;0;0;0;0;0;1;0;0;-3,722096000000000;-38,541129000000000
313921;27;10;2017;16:30;1656;RUA BENI DE CARVALHO;RUA PRO DIAS DA ROCHA;;0;;Colis?úo;Luz do Dia;;;Cruz;Pare;Residencial;0;2;0;1;0;0;0;0;0;1;0;0;-3,745994000000000;-38,495024000000000
313924;27;10;2017;17:06;0;RUA OLIVEIRA SOBRINHO;;;1747;;Colis?úo;Anoitecer;;;Meio de Quadra;;;0;1;0;0;0;0;0;0;0;0;0;0;-3,779783000000000;-38,597010000000000
313867;27;10;2017;14:55;9897;RUA CEL JOAO CORREIA;RUA SGT JOAO PINHEIRO;;0;;Colis?úo;Luz do Dia;;;Cruz;Pare;Residencial;0;2;0;1;0;0;0;0;0;1;0;0;-3,785923000000000;-38,623658000000000
313868;27;10;2017;15:10;0;RUA CON DE CASTRO;;;1446;;Queda;Luz do Dia;;;Meio de Quadra;;;0;1;0;0;0;0;0;0;0;1;0;0;-3,784485000000000;-38,572968000000000
313855;27;10;2017;13:34;25486;AV ALBERTO CRAVEIRO;AV SEN CARLOS JEREISSATI (AEROPORTO);;0;;Colis?úo;Luz do Dia;;;Y;N?úo H?í Controle;Comercial;0;2;0;1;0;0;0;0;0;1;0;0;-3,783767000000000;-38,516874000000000
314015;27;10;2017;19:09;12925;AV AGUANAMBI;AV DOMINGOS OLIMPIO;;0;;Colis?úo;;;;Cruz;Sem?íforo;Comercial;0;2;0;0;0;0;0;0;0;0;0;0;-3,738683000000000;-38,524628000000000
314017;27;10;2017;19:17;0;RUA TUPI D35;;;129;;Colis?úo;;;;Meio de Quadra;;;0;1;0;1;0;0;0;0;0;1;0;0;;
314019;27;10;2017;19:23;12925;AV AGUANAMBI;AV DOMINGOS OLIMPIO;;0;;Colis?úo;;;;Cruz;Sem?íforo;Comercial;0;0;2;0;0;0;0;0;0;0;0;0;-3,738683000000000;-38,524628000000000
313946;27;10;2017;18:14;16287;RUA 19 DE MARCO;RUA LEITAO CERQUEIRA;;0;;Colis?úo;Anoitecer;;;;;;0;0;1;1;0;0;0;0;0;1;0;0;-3,829612000000000;-38,563196000000000
313947;27;10;2017;18:11;0;RUA AUGUSTO J BENEVIDES;;;188;;Colis?úo;Anoitecer;;;Meio de Quadra;;;0;1;0;1;0;0;0;0;0;1;0;0;-3,764076000000000;-38,491518000000000
314149;27;10;2017;02:38;0;AV PRS CASTELO BRANCO;;;0;;Capotamento;;;;Meio de Quadra;;;0;0;1;1;0;0;0;0;0;0;0;0;;
314146;27;10;2017;22:38;10999;RUA 15 DE NOVEMBRO;RUA ALBERTO MAGNO;;0;;Colis?úo;;;;Cruz;Pare;Comercial;0;1;1;1;0;0;0;0;0;1;0;0;-3,769909000000000;-38,553169000000000
314140;27;10;2017;22:33;0;RUA CHICO MENDES;;;0;;Atropelamento;;;;Meio de Quadra;;;0;1;1;0;0;0;0;0;0;1;0;0;;
314133;27;10;2017;22:11;23358;RUA PRO CARVALHO;RUA EDUARDO BEZERRA;;0;;Colis?úo;;;;Cruz;Sem?íforo;Residencial;0;2;0;1;0;0;0;0;0;0;0;0;-3,753921000000000;-38,514740000000000
314125;27;10;2017;21:36;0;AV C CJ CEARA;;;0;;Queda;;;;Meio de Quadra;;;0;1;0;0;0;0;0;0;0;1;0;0;;
314122;27;10;2017;19:36;0;AV MR HULL;;;58;;Atropelamento;;;;Meio de Quadra;;;0;1;1;1;0;0;0;0;0;0;0;0;-3,740491499000000;-38,598361300000000
313938;27;10;2017;17:15;15225;RUA ILDEFONSO ALBANO;RUA TEN BENEVOLO;;0;;Choque c/ Obst?ículo Fixo;Anoitecer;;;Cruz;Sem?íforo;Residencial;0;2;0;1;0;0;0;0;0;1;0;0;-3,727294000000000;-38,511332000000000
314034;27;10;2017;02:16;0;AV PRS CASTELO BRANCO;;;0;;Colis?úo;;;;Meio de Quadra;;;0;0;2;0;0;0;0;0;0;0;0;0;;
314021;27;10;2017;19:25;0;RUA VISCONDE DA BAHIA;;;1765;;Colis?úo;;;;Meio de Quadra;;;0;0;1;0;0;0;0;0;0;0;0;0;-3,845951400000000;-38,503908600000000
314028;27;10;2017;19:28;0;AV FRANCISCO SA;;;0;;Colis?úo;;;;;;;0;2;0;1;0;0;0;0;0;1;0;0;;
314030;27;10;2017;19:31;7946;RUA JOSE VILAR;RUA ISAC AMARAL;;0;;Colis?úo;;;;Cruz;Pare;Misto;0;1;1;1;0;0;0;0;0;1;0;0;-3,751295000000000;-38,509702000000000
314031;27;10;2017;23:24;0;RUA MIGUEL GURGEL;;;0;;Atropelamento;;;;Meio de Quadra;;;0;1;1;1;0;0;0;0;0;0;0;0;;
314542;27;10;2017;07:10;0;RD CE-040;;;0;KM-04;Colis?úo;Luz do Dia;Bom;Seca;Meio de Quadra;;;0;0;2;1;0;0;0;0;0;0;0;0;-3,791613156000000;-38,480330840000000
314547;27;10;2017;16:00;0;AV MIN JOSE AMERICO;;;0;;Colis?úo;Luz do Dia;Bom;Seca;Meio de Quadra;;;0;0;2;1;0;0;0;0;0;0;0;0;;
314545;27;10;2017;13:50;0;AV SEN CARLOS JEREISSATI (AEROPORTO);;;0;KM 01;Colis?úo;Luz do Dia;Bom;Seca;Meio de Quadra;;;0;0;2;0;0;0;0;0;0;1;0;0;-3,783753000000000;-38,526850000000000
304759;27;10;2017;14:30;0;RUA PRO VIRGILIO DE MORAIS;;;577;;Colis?úo Lateral;Luz do Dia;Bom;Seca;Meio de Quadra;N?úo H?í Controle;Residencial;0;2;0;1;0;0;0;0;0;1;0;0;-3,754083000000000;-38,597198000000000
304763;27;10;2017;14:27;0;RUA JAIME BENEVOLO;;;0;;Engavetamento;;Bom;Seca;Meio de Quadra;Sem?íforo;Lazer;0;3;0;1;0;0;0;0;0;0;0;0;;
304761;27;10;2017;23:20;15194;RUA DEP MOREIRA DA ROCHA;RUA ILDEFONSO ALBANO;;0;;Colis?úo Transversal;Via Iluminada;Bom;Seca;Cruz;Pare;Residencial;0;2;0;1;0;0;0;0;0;1;0;0;-3,726480000000000;-38,511072000000000
304769;27;10;2017;07:20;19533;AV GAL OSORIO DE PAIVA;RUA NEREU RAMOS;;0;;Colis?úo Lateral;Luz do Dia;Bom;Seca;Cruz;Sem?íforo;Comercial;0;2;0;1;0;0;1;0;0;0;0;0;-3,782196000000000;-38,576828000000000
304766;27;10;2017;15:30;0;RUA GAL SAMPAIO;;;1406;;Colis?úo Traseira;Luz do Dia;Bom;Seca;Meio de Quadra;N?úo H?í Controle;Comercial;0;2;0;1;0;0;0;0;0;0;0;0;-3,730647000000000;-38,531891000000000
304767;27;10;2017;15:10;0;RUA TEN BENEVOLO;;;593;;Colis?úo Transversal;Luz do Dia;Bom;Seca;Meio de Quadra;N?úo H?í Controle;Residencial;0;2;0;1;1;0;0;0;0;0;0;0;-3,725792000000000;-38,515820000000000
304774;28;10;2017;03:25;11768;AV FILOMENO GOMES;AV PRS CASTELO BRANCO;;0;;Choque c/ Obst?ículo Fixo;Mal Iluminada;Bom;Seca;Meio de Quadra;N?úo H?í Controle;Escola;0;1;0;0;0;0;0;0;0;0;0;0;-3,715542000000000;-38,541982000000000
304775;28;10;2017;00:30;24331;AV LUCIANO CARNEIRO;RUA ARMANDO MONTEIRO;;0;;Colis?úo Lateral;Via Iluminada;Bom;Seca;Cruz;N?úo H?í Controle;Residencial;0;2;0;1;0;0;0;0;0;0;0;0;-3,763454000000000;-38,536219000000000
304771;28;10;2017;10:00;1325;AV SANTOS DUMONT;RUA JOAQUIM NABUCO;;0;;Colis?úo Lateral;Luz do Dia;Bom;Seca;Cruz;Sem?íforo;Comercial;0;2;0;1;0;0;0;0;0;0;0;0;-3,735295000000000;-38,501285000000000
314551;28;10;2017;08:00;0;RD CE-040;;;0;KM-07;Colis?úo;Luz do Dia;Bom;Seca;Meio de Quadra;;;0;0;2;1;0;0;0;0;0;1;0;0;-3,817159445000000;-38,483032860000000
314555;28;10;2017;16:45;0;RD CE-040;;;0;KM-08;Colis?úo;Luz do Dia;Bom;Seca;Meio de Quadra;;;0;0;2;1;0;0;0;0;0;0;0;0;-3,825515822000000;-38,481538320000000
314559;28;10;2017;20:00;0;RD CE-060;;;0;KM-01;Colis?úo;;Bom;Seca;Meio de Quadra;;;0;0;2;1;0;0;0;0;0;0;0;0;-3,826136000000000;-38,579500000000000
314560;28;10;2017;21:20;0;RD CE-040;;;0;KM-04;Colis?úo;;Bom;Seca;Meio de Quadra;;;0;0;2;1;0;0;0;0;0;0;0;0;-3,791613156000000;-38,480330840000000
314275;28;10;2017;21:26;0;RUA CON DE CASTRO;;;0;;Colis?úo;;;;;;;0;0;1;0;0;0;0;0;0;0;0;0;;
314037;28;10;2017;02:26;0;RUA BAR AQUIRAZ;;;0;;Colis?úo;;;;Meio de Quadra;;;0;0;2;0;0;0;0;0;0;0;0;0;;
314041;28;10;2017;05:33;0;RUA PDE CICERO;;;143;;Queda;Amanhecer;;;Meio de Quadra;;;0;1;0;0;0;0;0;0;0;1;0;0;;
314057;28;10;2017;12:31;0;RUA ANA FACO;;;320;;Colis?úo;Luz do Dia;;;Meio de Quadra;;;0;1;0;1;0;0;0;0;0;1;0;0;-3,713423000000000;-38,563164000000000
314058;28;10;2017;13:51;17283;RUA QUEIROZ RIBEIRO;RUA BENJAMIN CARNEIRO GIRAO;;0;;Colis?úo;Luz do Dia;;;Cruz;Pare;Residencial;0;2;0;1;0;0;0;0;0;1;0;0;-3,762749000000000;-38,545656000000000
314059;28;10;2017;20:27;0;AV C CJ SITIO SAO JOAO;;;496;;Outros;;;;Meio de Quadra;;;0;0;1;0;0;0;0;0;0;1;0;0;;
314044;28;10;2017;10:55;0;RUA ROMEU MARTINS;;;287;;Colis?úo;Luz do Dia;;;Meio de Quadra;;;0;2;0;1;0;0;0;0;0;1;0;0;-3,763916000000000;-38,556320000000000
314045;28;10;2017;11:16;0;RUA CEL FABRICIANO;;;2538;;Colis?úo;Luz do Dia;;;Meio de Quadra;;;0;1;1;0;0;0;0;0;0;0;0;0;-3,781177000000000;-38,613642000000000
314150;28;10;2017;05:42;12496;AV CARNEIRO DE MENDONCA;AV LINEU MACHADO;;0;;Colis?úo;Amanhecer;;;T;Sem?íforo;Residencial;0;1;1;0;0;0;0;0;0;0;0;0;-3,760403000000000;-38,574021000000000
314151;28;10;2017;07:16;0;AV PONTES VIEIRA;;;653;;Atropelamento;Luz do Dia;;;Meio de Quadra;;;0;1;1;0;0;0;0;0;0;0;0;0;-3,752936000000000;-38,515305000000000
314152;28;10;2017;07:51;0;RUA JOSE BELCHIOR;;;0;;Colis?úo;Luz do Dia;;;Meio de Quadra;;;0;1;1;1;0;0;0;0;0;1;0;0;;
314153;28;10;2017;08:51;1325;RUA JOAQUIM NABUCO;AV SANTOS DUMONT;;0;;Colis?úo;Luz do Dia;;;Cruz;Sem?íforo;Comercial;0;1;1;1;0;0;0;0;0;1;0;0;-3,735295000000000;-38,501285000000000
314162;28;10;2017;12:06;0;AV DIOGUINHO;;;0;;Colis?úo;Luz do Dia;;;Meio de Quadra;;;0;0;2;0;0;0;0;0;0;0;0;0;;
314163;28;10;2017;13:19;17415;RUA RAUL CABRAL;RUA VENEZUELA;;0;;Colis?úo;Luz do Dia;;;Cruz;Sem?íforo;Misto;0;1;1;0;0;0;1;0;0;1;0;0;-3,768051000000000;-38,546018000000000
314157;28;10;2017;09:24;0;AV GAL OSORIO DE PAIVA;;;4225;;Atropelamento;Luz do Dia;;;Meio de Quadra;;;0;2;0;0;0;0;0;0;0;1;0;0;-3,795608000000000;-38,593233000000000
314158;28;10;2017;09:30;0;RUA OLAVO LIMA SILVA;;;40;;Atropelamento;Luz do Dia;;;Meio de Quadra;;;0;1;1;0;0;0;0;0;0;1;0;0;-3,757977000000000;-38,489282000000000
314177;28;10;2017;17:24;0;RUA PORTO VELHO;;;1612;;Colis?úo;Anoitecer;;;Meio de Quadra;;;0;2;0;1;0;0;0;0;0;1;0;0;-3,762624000000000;-38,593356000000000
314174;28;10;2017;17:22;0;RUA VALDEMAR PAES;;;1015;;Colis?úo;Anoitecer;;;Meio de Quadra;;;0;1;1;0;0;0;0;0;0;1;0;0;;
314168;28;10;2017;14:55;0;AV PERIMETRAL;;;5297;;Colis?úo;Luz do Dia;;;Meio de Quadra;;;0;1;1;0;0;0;1;0;0;1;0;0;;
314169;28;10;2017;15:05;0;RD BR 116;;;10000;KM-10;Atropelamento;Luz do Dia;;;Meio de Quadra;;;0;1;1;1;0;0;0;0;0;0;0;0;-3,834435000000000;-38,503373000000000
314170;28;10;2017;16:44;0;AV DIOGUINHO;;;5950;;Colis?úo;Luz do Dia;;;Meio de Quadra;;;0;2;0;1;0;0;0;0;0;1;0;0;-3,766650000000000;-38,440716000000000
314171;28;10;2017;17:20;0;RUA ANA GONCALVES;;;863;;Colis?úo;Anoitecer;;;Meio de Quadra;;;0;2;0;1;0;0;0;0;0;1;0;0;-3,759153000000000;-38,508285000000000
314285;28;10;2017;23:21;1424;RUA CARLOS VASCONCELOS;AV HERACLITO GRACA;;0;;Colis?úo;;;;Cruz;Sem?íforo;Comercial;0;2;0;1;0;0;0;0;0;1;0;0;-3,737590000000000;-38,512285000000000
314286;28;10;2017;23:26;8954;AV DOMINGOS OLIMPIO;RUA DOM JERONIMO D06;;0;;Colis?úo;;;;Cruz;Pare;Residencial;0;0;2;1;0;0;0;0;0;1;0;0;-3,733201000000000;-38,543457000000000
314283;28;10;2017;22:17;26202;AV GAL OSORIO DE PAIVA;RUA SOL;;0;;Colis?úo;;;;;Sem?íforo;Residencial;0;1;1;1;0;0;0;0;0;1;0;0;;
314280;28;10;2017;21:38;9670;RUA OSCAR ARARIPE;RUA ARI MAIA;;0;;Atropelamento;;;;Cruz;N?úo H?í Controle;Residencial;0;1;1;1;0;0;0;0;0;0;0;0;-3,784266000000000;-38,621576000000000
314281;28;10;2017;22:17;0;RUA JOSE DANTAS VIEIRA;;;0;;Colis?úo;;;;Meio de Quadra;;;0;0;2;0;0;0;0;0;0;0;0;0;;
314277;28;10;2017;21:26;0;RUA CON DE CASTRO;;;0;;Colis?úo;;;;Meio de Quadra;;;0;1;1;0;0;0;0;0;0;0;0;0;;
314278;28;10;2017;21:30;0;AV SEN FERNANDES TAVORA;;;3545;;Atropelamento;;;;Meio de Quadra;;;0;3;0;0;0;0;0;0;0;1;0;0;-3,753814000000000;-38,605351000000000
314238;28;10;2017;18:51;6752;AV SANTOS DUMONT;RUA PRO OTAVIO LOBO;;0;;Outros;;;;Meio de Quadra;Sem?íforo;Comercial;0;1;0;0;0;0;0;0;0;1;0;0;-3,742845000000000;-38,477829000000000
314255;28;10;2017;20:32;0;RUA BERNARDO MANUEL;;;45;;Atropelamento;;;;Meio de Quadra;;;0;1;1;0;0;0;0;0;0;0;0;0;-3,811511800000000;-38,555396400000000
314256;28;10;2017;21:18;0;RUA TRES CORACOES;;;2123;;Colis?úo;;;;Meio de Quadra;;;0;1;1;0;0;0;0;0;0;1;0;0;;
314243;28;10;2017;18:53;0;RUA MARIA GOMES DE SA;;;2150;;Colis?úo;;;;Meio de Quadra;;;0;1;1;1;0;0;0;0;0;1;0;0;-3,820332000000000;-38,586467000000000
314218;28;10;2017;18:43;0;RUA FRANCISCO PAIVA;;;1283;;Atropelamento;;;;Meio de Quadra;;;0;1;1;1;0;0;0;0;0;0;0;0;-3,793301800000000;-38,614969600000000
314188;28;10;2017;18:02;0;RUA CEL JOAQUIM FRANKLIN;;;570;;Colis?úo;Anoitecer;;;Meio de Quadra;;;0;1;1;1;0;0;0;0;0;1;0;0;-3,742954000000000;-38,591396000000000
314182;28;10;2017;17:46;0;RUA ALUISIO AZEVEDO;;;333;;Colis?úo;Anoitecer;;;Meio de Quadra;;;0;1;1;1;0;0;0;0;0;1;0;0;-3,771936000000000;-38,575914000000000
314192;28;10;2017;18:26;0;AV GOV RAUL BARBOSA;;;0;;Queda;Anoitecer;;;Meio de Quadra;;;0;1;0;0;0;1;0;0;0;0;0;0;;
314190;28;10;2017;18:04;0;RUA JORGE FIGUEIREDO (ANCURI);;;2000;;Queda;Anoitecer;;;Meio de Quadra;;;0;1;0;0;0;0;0;0;0;1;0;0;;
314203;28;10;2017;18:41;2768;RUA CEL VIRGILIO NOGUEIRA (BOM JARDIM);RUA NOVA CONQUISTA (BONSUCESSO);;0;;Colis?úo;;;;;;;0;2;0;1;0;0;0;0;0;1;0;0;;
305449;28;10;2017;05:30;0;AV CARNEIRO DE MENDONCA;;;1730;;Choque c/ Obst?ículo Fixo;Amanhecer;;;Meio de Quadra;;;1;0;0;0;0;0;0;0;0;1;0;0;-3,760438000000000;-38,573947000000000
312045;28;10;2017;22:00;0;RUA METON DE ALENCAR;;;775;;Colis?úo Traseira;Via Iluminada;Bom;Seca;Meio de Quadra;N?úo H?í Controle;Comercial;0;0;2;1;0;0;0;0;0;0;0;0;-3,733607500000000;-38,530815000000000
312046;28;10;2017;08:34;8927;RUA CAMPOS SALES;RUA TEREZA CRISTINA;;0;;Colis?úo Lateral;Luz do Dia;Bom;Seca;Cruz;N?úo H?í Controle;Residencial;0;0;2;1;1;0;0;0;0;0;0;0;-3,736253700000000;-38,539463000000000
312047;28;10;2017;10:55;0;RUA EDUARDO PERDIGAO;;;131;;Colis?úo Transversal;Luz do Dia;Bom;Seca;Cruz;Pare;Comercial;0;2;0;1;1;0;0;0;0;0;0;0;-3,775639300000000;-38,564835000000000
312048;28;10;2017;14:05;0;AV TRISTAO GONCALVES;;;178;;Colis?úo Transversal;Luz do Dia;Bom;Seca;Cruz;Pare;Comercial;0;0;1;1;0;0;0;0;0;1;0;0;-3,723442000000000;-38,532112000000000
312049;28;10;2017;11:00;18198;AV DIOGUINHO;RUA LIV POLARY MAIA;;0;;Colis?úo Transversal;Luz do Dia;Bom;Seca;Cruz;Pare;Comercial;0;1;1;0;1;0;0;0;0;1;0;0;-3,766968300000000;-38,440308000000000
312050;28;10;2017;15:37;0;RUA CARLOS AMORA;;;150;;Colis?úo Traseira;Luz do Dia;Bom;Seca;Meio de Quadra;N?úo H?í Controle;Comercial;0;0;2;1;0;0;0;0;0;0;0;0;-3,776117300000000;-38,563010000000000
312051;28;10;2017;16:34;0;AV DEP PAULINO ROCHA;;;1669;;Colis?úo Traseira;Luz do Dia;Bom;Seca;Meio de Quadra;N?úo H?í Controle;Residencial;0;0;2;0;0;0;0;0;0;0;0;0;-3,811649600000000;-38,511130000000000
312052;28;10;2017;19:21;1432;AV SANTOS DUMONT;AV SEN VIRGILIO TAVORA;;0;;Colis?úo Traseira;Via Iluminada;Bom;Seca;Meio de Quadra;Sem?íforo;Comercial;0;0;2;1;0;0;0;0;0;0;0;0;-3,737720700000000;-38,493587000000000
312053;28;10;2017;20:11;1445;RUA VICENTE LEITE;RUA DES LEITE ALBUQUERQUE;;0;;Colis?úo Transversal;Via Iluminada;Bom;Seca;Cruz;Pare;Residencial;0;0;2;0;0;0;0;0;0;0;0;0;-3,738297200000000;-38,495815000000000
312054;28;10;2017;21:23;19669;RUA GUSTAVO SAMPAIO;RUA PRO RAIMUNDO ARRUDA;;0;;Colis?úo Lateral;Via Iluminada;Bom;Seca;Cruz;Pare;Comercial;0;0;2;1;0;0;0;0;0;1;0;0;-3,734365700000000;-38,551876000000000
312056;29;10;2017;10:43;5025;AV FILOMENO GOMES;RUA SEN ALENCAR;;0;;Colis?úo Lateral;Luz do Dia;Bom;Seca;Cruz;Pare;Comercial;0;0;0;1;0;0;0;0;0;0;0;0;-3,720537400000000;-38,541400000000000
312057;29;10;2017;10:00;0;AV ABOLICAO;;;3929;;Colis?úo Traseira;Luz do Dia;Bom;Seca;Meio de Quadra;Sem?íforo;Residencial;0;0;2;0;0;0;0;0;0;0;0;0;-3,725461000000000;-38,484150000000000
312058;29;10;2017;13:51;0;RUA 15 DE NOVEMBRO;;;200;;Colis?úo Lateral;Luz do Dia;Bom;Seca;Cruz;Pare;Residencial;0;0;3;1;0;0;0;0;0;1;0;0;-3,767837500000000;-38,558365000000000
312059;29;10;2017;14:39;657;AV DR THEBERGE;RUA RAUL POMPEIA;;960;;Colis?úo Transversal;Luz do Dia;Bom;Seca;T;Pare;Residencial;0;0;1;1;0;0;0;0;0;0;0;0;-3,713568200000000;-38,564507000000000
312060;29;10;2017;11:10;0;RUA JARDIM FLUMINENSE;;;1009;;Engavetamento;Luz do Dia;Bom;Seca;Meio de Quadra;N?úo H?í Controle;Residencial;0;0;1;1;0;0;0;0;0;0;0;0;-3,812770600000000;-38,598220000000000
312061;29;10;2017;16:20;5219;AV TRISTAO GONCALVES;RUA LIBERATO BARROSO;;597;;Colis?úo Transversal;Luz do Dia;Bom;Seca;Cruz;Sem?íforo;Comercial;0;0;2;1;0;0;0;0;0;1;0;0;-3,726987800000000;-38,533215000000000
312062;29;10;2017;15:50;0;AV SEN FERNANDES TAVORA;TV HELENA MARIA;;0;;Colis?úo Lateral;Luz do Dia;Bom;Seca;T;N?úo H?í Controle;Residencial;0;1;1;1;0;0;0;0;0;1;0;0;-3,766107000000000;-38,574814000000000
312063;29;10;2017;15:30;0;RUA C (LOT PRQ ARACAPE);;;820;;Colis?úo Transversal;Luz do Dia;Bom;Seca;Cruz;Pare;Residencial;0;0;2;1;0;0;0;0;0;1;0;0;-3,829478300000000;-38,589832000000000
312064;29;10;2017;20:30;0;AV 13 DE MAIO;;;0;;Atropelamento;Via Iluminada;Bom;Seca;Meio de Quadra;N?úo H?í Controle;Comercial;0;1;0;1;0;0;0;0;0;0;0;0;-3,751773000000000;-38,526325000000000
312065;29;10;2017;20:37;0;RUA JOSE HIPOLITO;RUA JOSE CAVALCANTE SOBR;;0;;Colis?úo Lateral;Via Iluminada;Bom;Seca;T;Pare;Residencial;0;1;1;1;0;0;0;0;0;1;0;0;-3,835604200000000;-38,486526000000000
312066;29;10;2017;20:45;0;AV DES GONZAGA;;;971;;Colis?úo Lateral;Via Iluminada;Bom;Seca;Meio de Quadra;Sem?íforo;Comercial;0;0;1;1;0;0;0;0;0;1;0;0;-3,795325300000000;-38,500732000000000
312067;29;10;2017;21:10;0;AV SANTOS DUMONT;;;5891;;Engavetamento;Via Iluminada;Bom;Seca;Meio de Quadra;Sem?íforo;Comercial;0;0;3;1;0;0;0;0;0;0;0;0;-3,742351800000000;-38,479103000000000
305440;29;10;2017;04:20;0;AV MAJ ASSIS;;;1459;;Choque c/ Obst?ículo Fixo;;;;Meio de Quadra;;;1;0;0;0;0;0;0;0;0;1;0;0;-3,722662000000000;-38,592402000000000
314287;29;10;2017;00:41;0;RUA BERNARDO MANUEL;;;7201;;Colis?úo;;;;Meio de Quadra;;;0;2;0;1;0;0;0;0;0;1;0;0;-3,781281100000000;-38,546002900000000
314288;29;10;2017;01:06;0;AV LINEU MACHADO;;;1514;;Atropelamento;;;;Meio de Quadra;;;0;1;1;1;0;0;0;0;0;0;0;0;-3,772857000000000;-38,580509000000000
314289;29;10;2017;01:10;25162;RUA PDE RODOLFO;RUA SAO RAIMUNDO (PIRAMBU);;0;;Colis?úo;;;;Cruz;N?úo H?í Controle;Residencial;0;1;1;1;0;0;0;0;0;1;0;0;;
314291;29;10;2017;03:32;0;AV 20 DE JANEIRO;;;1852;;Atropelamento;;;;Meio de Quadra;;;0;1;1;0;0;0;0;0;0;0;0;0;-3,704900000000000;-38,582899000000000
314296;29;10;2017;04:28;0;AV MAJ ASSIS;;;1476;;Colis?úo;;;;Meio de Quadra;;;0;1;1;1;0;0;0;0;0;1;0;0;-3,722606000000000;-38,592621000000000
314297;29;10;2017;06:47;25152;RUA FRANCISCO PAIVA;RUA BOM JESUS (BARRA DO CEARA);;0;;Colis?úo;Luz do Dia;;;;;;0;1;1;0;0;0;0;0;0;0;0;0;;
314300;29;10;2017;12:11;0;RUA PERNAMBUCO;;;2801;;Colis?úo;Luz do Dia;;;Meio de Quadra;;;0;1;1;0;0;0;0;0;0;0;0;0;-3,750803000000000;-38,578701000000000
314301;29;10;2017;12:23;0;RUA 15 DE NOVEMBRO;;;146;;Colis?úo;Luz do Dia;;;Meio de Quadra;;;0;2;0;1;0;0;0;0;0;1;0;0;-3,767943000000000;-38,558676000000000
314304;29;10;2017;12:33;0;AV ALBERTO CRAVEIRO;;;0;;Colis?úo;Luz do Dia;;;Meio de Quadra;;;0;0;2;0;0;0;0;0;0;0;0;0;;
314316;29;10;2017;14:19;0;RUA MAJ PEDRO SAMPAIO;;;1351;;Colis?úo;Luz do Dia;;;Meio de Quadra;;;0;1;1;0;0;0;0;0;0;1;0;0;-3,747912000000000;-38,554879000000000
314328;29;10;2017;16:48;0;RUA FRANCO ROCHA;;;553;;Atropelamento;Luz do Dia;;;Meio de Quadra;;;0;2;1;0;0;0;0;0;0;1;0;0;-3,753554100000000;-38,582282100000000
314329;29;10;2017;17:43;0;RUA JOSE HIPOLITO;;;1087;;Colis?úo;Anoitecer;;;Meio de Quadra;;;0;0;2;0;0;0;0;0;0;0;0;0;-3,835495000000000;-38,486560000000000