COD_ACIDENTE;DIA;MES;ANO;HORA;INTERSECAO;LOG1;LOG2;LOG3;NUMERO;REFERENCIA;NATUREZA;ILUMINACAO;TEMPO;SUPERFICIEPISTA;TIPOCRUZAMENTO;CONTROLETRAFEGO;USOSOLO;MORTOS;FERIDOS;ILESOS;AUTOMOVEL;ONIBUS;BICICLETA;CAMINHAO;MICROONIBUS;CICLOMOTOR;MOTOCICLETA;TRACAOANIMAL;TREM;LATITUDE;LONGITUDE
314330;29;10;2017;18:03;0;ET DO FIO (MESSEJANA);;;0;;Colis?úo;Anoitecer;;;Meio de Quadra;;;0;0;2;0;0;0;0;0;0;0;0;0;;
314331;29;10;2017;18:18;0;RUA URUCUTUBA;;;328;;Colis?úo;Anoitecer;;;Meio de Quadra;;;0;2;0;0;0;0;0;0;0;1;0;0;-3,797796000000000;-38,598693300000000
314332;29;10;2017;18:32;0;TR DAS TRAVES;;;34;;Colis?úo;;;;Meio de Quadra;;;0;1;0;0;0;0;0;0;0;1;0;0;-3,734187000000000;-38,592884000000000
314333;29;10;2017;19:38;0;RD BR 116;;;4000;KM-04;Colis?úo;;Bom;Seca;Meio de Quadra;;;0;1;1;0;0;0;0;0;0;1;0;0;-3,788331000000000;-38,510646000000000
314334;29;10;2017;20:28;0;AV DES GONZAGA;;;956;;Colis?úo;;;;Meio de Quadra;;;0;0;2;1;0;0;0;0;0;1;0;0;-3,796067000000000;-38,500444000000000
314335;29;10;2017;20:51;5700;AV DES GONZAGA;RUA ESV AZEVEDO;;0;;Colis?úo;;;;Cruz;Pare;Comercial;0;2;0;1;0;0;0;0;0;1;0;0;-3,794162000000000;-38,501298000000000
314336;29;10;2017;21:40;0;RUA SAO SERAFIM;;;22;;Colis?úo;;;;Meio de Quadra;;;0;0;2;0;0;0;0;0;0;0;0;0;;
314337;29;10;2017;21:54;0;RUA CAP HUGO BEZERRA;;;88;;Queda;;;;Meio de Quadra;;;0;1;0;0;0;0;0;0;0;1;0;0;-3,821111600000000;-38,504134000000000
314338;29;10;2017;21:54;0;RUA ANTONIO ARRUDA;;;526;;Outros;;;;Meio de Quadra;;;0;1;0;0;0;0;0;0;0;1;0;0;-3,711755000000000;-38,591564000000000
314339;29;10;2017;21:58;12292;RUA JOVINO VERISSIMO;RUA NUNES FEIJO;;0;;Queda;;;;;;;0;1;0;0;0;0;0;0;0;1;0;0;-3,845578000000000;-38,508768000000000
314324;29;10;2017;16:27;0;VL MARIANA;;;11;;Colis?úo;Luz do Dia;;;Meio de Quadra;;;0;1;0;0;0;0;0;0;0;1;0;0;-3,769400000000000;-38,537373000000000
314314;29;10;2017;13:08;0;RUA POMPILIO GOMES;;;835;;Colis?úo;Luz do Dia;;;Meio de Quadra;;;0;1;1;1;0;0;0;0;0;1;0;0;-3,819671100000000;-38,520830300000000
314060;29;10;2017;00:10;13564;RUA CAP GUSTAVO;RUA CASTRO ALVES;;0;;Colis?úo;;;;Cruz;Pare;Comercial;0;1;1;0;0;0;0;0;0;0;0;0;-3,749887000000000;-38,517747000000000
314063;29;10;2017;11:39;0;AV MAE LISBOA;;;1248;;Colis?úo;Luz do Dia;;;Meio de Quadra;;;0;1;1;1;0;0;0;0;0;1;0;0;-3,807903000000000;-38,468449000000000
314074;29;10;2017;21:45;0;RUA CAP HUGO BEZERRA;;;0;;Colis?úo;;;;Meio de Quadra;;;0;1;0;0;0;0;0;0;0;1;0;0;;
314071;29;10;2017;22:15;0;RUA VALMIR PONTES;;;0;;Queda;;;;Meio de Quadra;;;0;1;0;0;0;0;0;0;0;1;0;0;;
314069;29;10;2017;20:31;0;AV 13 DE MAIO;;;0;;Atropelamento;;;;Meio de Quadra;;;0;1;1;1;0;0;0;0;0;0;0;0;;
313663;29;10;2017;12:42;7754;AV ANTONIO SALES;RUA JOSE VILAR;;0;;Colis?úo;Luz do Dia;;;Cruz;Sem?íforo;Residencial;0;2;0;1;0;0;0;0;0;1;0;0;-3,743929000000000;-38,507303000000000
314589;29;10;2017;06:00;0;RD CE-040;;;0;KM-04;Colis?úo;Luz do Dia;Bom;Seca;Meio de Quadra;;;0;0;2;0;0;0;0;0;0;0;0;0;-3,791613156000000;-38,480330840000000
314590;29;10;2017;14:10;0;AV SEN CARLOS JEREISSATI (AEROPORTO);;;0;KM 03;Colis?úo;Luz do Dia;Bom;Seca;Meio de Quadra;;;0;0;2;1;1;0;0;0;0;0;0;0;-3,779641000000000;-38,544038000000000
304781;29;10;2017;09:40;2706;RUA OSCAR FRANCA;RUA CEL VIRGILIO NOGUEIRA (BOM JARDIM);;0;;Colis?úo Lateral;Luz do Dia;Bom;Seca;Cruz;Sem?íforo;Residencial;0;1;1;1;0;0;0;0;0;1;0;0;-3,788935404000000;-38,608855206000000
304778;29;10;2017;15:00;12521;AV AUGUSTO DOS ANJOS;RUA JULIO BRAGA;;0;;Colis?úo Lateral Sentido Oposto;Luz do Dia;Bom;Seca;Cruz;Sem?íforo;Comercial;0;2;0;1;0;0;0;0;0;0;0;0;-3,776779000000000;-38,576193000000000
304333;29;10;2017;06:41;9653;RUA BOM JESUS (GRANJA LISBOA);RUA FRANCISCO PAIVA;;0;;Colis?úo Lateral;Luz do Dia;Bom;Seca;Cruz;Pare;Residencial;1;0;1;0;1;0;0;0;0;1;0;0;-3,790241000000000;-38,614088000000000
304779;30;10;2017;15:00;0;AV BENJAMIM BRASIL;;;0;;Outros;Luz do Dia;Bom;Seca;Meio de Quadra;Pare;Comercial;0;0;2;0;0;0;0;0;0;0;0;0;;
304784;30;10;2017;10:20;19765;RUA CRUZ SALDANHA;RUA PDE GUERRA;;0;;Colis?úo Lateral;Luz do Dia;Bom;Seca;Cruz;Pare;Residencial;0;0;2;1;0;0;0;0;0;0;0;0;-3,738083000000000;-38,553396000000000
304802;30;10;2017;01:57;0;AV ROGACIANO LEITE;;;2450;;Choque c/ Obst?ículo Fixo;Via Iluminada;Bom;Seca;Meio de Quadra;Sem?íforo;Residencial;0;0;1;1;0;0;0;0;0;0;0;0;-3,777076000000000;-38,500662000000000
304792;30;10;2017;07:50;5433;RUA METON DE ALENCAR;RUA MAJ FACUNDO;;0;;Colis?úo Traseira;Luz do Dia;Bom;Seca;Cruz;D?¬ Prefer?¬ncia;Comercial;0;0;2;1;0;0;0;0;0;0;0;0;-3,733917000000000;-38,529899000000000
304805;30;10;2017;09:10;0;AV DEP PAULINO ROCHA;;;1001;;Colis?úo Traseira;Luz do Dia;Nublado;Seca;Meio de Quadra;N?úo H?í Controle;Residencial;0;0;2;0;1;0;0;0;0;0;0;0;-3,808089000000000;-38,508524000000000
304806;30;10;2017;18:30;0;AV BAR STUDART;;;0;;Colis?úo Traseira;Anoitecer;Bom;Seca;Meio de Quadra;N?úo H?í Controle;Comercial;0;0;2;1;0;0;0;0;0;0;0;0;;
304786;30;10;2017;11:34;1358;AV DES MOREIRA;AV SANTOS DUMONT;;0;;Colis?úo Traseira;Luz do Dia;Bom;Seca;Cruz;Sem?íforo;Comercial;0;0;2;1;1;0;0;0;0;0;0;0;-3,736226000000000;-38,498365000000000
304809;30;10;2017;08:30;0;AV ENG HUMBERTO MONTE;;;1933;;Colis?úo Lateral;Luz do Dia;;;Meio de Quadra;;;0;2;0;1;0;0;0;0;0;0;0;0;-3,744172000000000;-38,564560000000000
314591;30;10;2017;00:15;0;RD CE-040;;;0;KM-03;Choque c/ Obst?ículo Fixo;;Bom;Seca;Meio de Quadra;;;0;0;1;1;0;0;0;0;0;0;0;0;-3,782614325000000;-38,481083900000000
314592;30;10;2017;07:00;0;AV SEN CARLOS JEREISSATI (AEROPORTO);;;0;KM 02;Colis?úo;Luz do Dia;Bom;Seca;Meio de Quadra;;;0;0;2;1;0;0;0;0;0;0;0;0;-3,782194000000000;-38,535424000000000
314443;30;10;2017;19:32;0;RUA GONTRAN GIFFONI;;;390;;Queda;;;;Meio de Quadra;;;0;1;0;0;0;0;0;0;0;1;0;0;-3,767026000000000;-38,493948000000000
314449;30;10;2017;23:34;0;AV HIS RAIMUNDO GIRAO;;;0;;Colis?úo;;;;Meio de Quadra;;;0;2;0;0;0;0;0;0;0;0;0;0;;
314441;30;10;2017;18:02;0;RUA TEN JOSE NEWTON;;;480;;Atropelamento;Anoitecer;;;Meio de Quadra;;;0;2;1;0;0;0;0;0;0;0;0;0;-3,826688000000000;-38,491892000000000
314445;30;10;2017;19:53;10180;RUA JOSE TORRES;RUA CEL FABRICIANO;;0;;Colis?úo;;;;Cruz;Pare;Comercial;0;1;1;0;0;0;0;0;0;0;0;0;-3,782694000000000;-38,608037000000000
314446;30;10;2017;20:04;0;AV PRS CASTELO BRANCO;;;0;;Atropelamento;;;;Meio de Quadra;;;0;1;1;1;0;0;0;0;0;0;0;0;;
314447;30;10;2017;21:11;0;AV ENG ALBERTO SA;;;920;;Queda;;;;Meio de Quadra;;;0;1;0;0;0;1;0;0;0;0;0;0;-3,735127000000000;-38,473868000000000
314396;30;10;2017;16:55;0;AV ENG SANTANA JUNIOR;;;0;;Colis?úo;Luz do Dia;;;Meio de Quadra;;;0;1;1;0;0;0;0;0;0;0;0;0;;
314392;30;10;2017;12:10;0;RD BR 116;;;2000;KM-02;Colis?úo Lateral;Luz do Dia;Bom;Seca;Meio de Quadra;;;0;1;1;0;0;0;0;0;0;1;0;0;-3,771391000000000;-38,516780000000000
314393;30;10;2017;16:20;12371;RUA MON HIPOLITO BRASIL;RUA TUPI D35;;0;;Colis?úo;Luz do Dia;;;Cruz;Pare;Residencial;0;1;1;1;0;0;0;0;0;1;0;0;-3,759076000000000;-38,578520000000000
314394;30;10;2017;16:23;0;AV MON TABOSA;;;15;;Queda;Luz do Dia;;;Meio de Quadra;;;0;2;0;0;0;0;0;0;0;1;0;0;-3,723612000000000;-38,518769000000000
314387;30;10;2017;15:03;0;RD BR 116;;;15000;KM-15;Queda;Luz do Dia;;;Meio de Quadra;;;0;1;0;0;0;0;0;0;0;1;0;0;-3,882329000000000;-38,501113000000000
314388;30;10;2017;15:52;0;AV DOM LUIS;;;131;;Colis?úo;Luz do Dia;;;Meio de Quadra;;;0;1;1;0;0;0;0;0;0;0;0;0;-3,732302900000000;-38,500352300000000
314385;30;10;2017;14:47;0;RUA JARDIM FLUMINENSE;;;59;;Atropelamento;Luz do Dia;;;Meio de Quadra;;;0;3;0;0;0;0;0;0;0;1;0;0;-3,811603600000000;-38,600043300000000
314399;30;10;2017;17:14;0;RUA ALTANEIRA;;;461;;Colis?úo;Anoitecer;;;Meio de Quadra;;;0;0;2;0;0;0;0;0;0;0;0;0;;
314400;30;10;2017;17:22;0;RUA PDE MORORO;;;280;;Atropelamento;Anoitecer;;;Meio de Quadra;;;0;2;0;1;0;0;0;0;0;0;0;0;-3,719440000000000;-38,535609000000000
314403;30;10;2017;18:01;18578;RUA HERCULANO PENA;RUA INA BRITO;;0;;Colis?úo;Anoitecer;;;;;;0;1;1;0;0;0;0;0;0;1;0;0;-3,825189000000000;-38,597125000000000
314355;30;10;2017;08:35;15194;RUA DEP MOREIRA DA ROCHA;RUA ILDEFONSO ALBANO;;0;;Colis?úo;Luz do Dia;;;Cruz;Pare;Residencial;0;1;0;0;0;0;0;0;0;1;0;0;-3,726480000000000;-38,511072000000000
314343;30;10;2017;06:50;0;AV BEIRA MAR;;;0;;Atropelamento;Luz do Dia;;;Meio de Quadra;;;0;2;0;1;0;0;0;0;0;0;0;0;;
314357;30;10;2017;08:53;26083;AV JOSE JATAHY;AV BEZERRA DE MENEZES;;0;;Colis?úo;Luz do Dia;;;Cruz;Sem?íforo;Comercial;0;1;1;1;0;0;0;0;0;1;0;0;-3,731558666000000;-38,544826854000000
314361;30;10;2017;09:39;0;AV CEL CARVALHO;;;0;;Colis?úo;Luz do Dia;;;Meio de Quadra;;;0;0;2;0;0;0;0;0;0;0;0;0;;
314348;30;10;2017;06:58;0;AV C CJ CEARA;;;691;;Colis?úo;Luz do Dia;;;Meio de Quadra;;;0;1;1;0;0;0;0;0;0;1;0;0;-3,764816000000000;-38,610400000000000
314368;30;10;2017;10:24;0;RUA WALDIR DIOGO;;;3874;;Colis?úo;Luz do Dia;;;Meio de Quadra;;;0;0;2;0;0;0;0;0;0;0;0;0;-3,805038500000000;-38,584323800000000
314373;30;10;2017;12:43;0;AV GAL OSORIO DE PAIVA;;;1854;;Colis?úo;Luz do Dia;;;Meio de Quadra;;;0;1;1;0;0;0;0;0;0;1;0;0;-3,783027000000000;-38,578167000000000
314370;30;10;2017;10:55;0;RUA ERETIDES ALENCAR;;;555;;Atropelamento;Luz do Dia;;;Meio de Quadra;;;0;1;1;1;0;0;0;0;0;0;0;0;-3,722657000000000;-38,582490600000000
314382;30;10;2017;14:04;12455;AV SEN FERNANDES TAVORA;RUA RIO GRANDE DO SUL;;0;;Colis?úo;Luz do Dia;;;T;Sem?íforo;Comercial;0;1;1;0;0;0;0;0;0;1;0;0;-3,768083000000000;-38,572159000000000
314377;30;10;2017;13:08;0;AV 13 DE MAIO;;;1573;;Atropelamento;Luz do Dia;;;Meio de Quadra;;;0;1;1;0;1;0;0;0;0;0;0;0;-3,746567000000000;-38,532548000000000
314079;30;10;2017;14:35;0;AV GODOFREDO MACIEL;;;505;;Atropelamento;Luz do Dia;;;Meio de Quadra;;;0;1;1;0;0;0;0;0;0;1;0;0;-3,780682000000000;-38,565061000000000
314076;30;10;2017;11:04;0;RUA GAL RABELO;;;340;;Colis?úo;Luz do Dia;;;Meio de Quadra;;;0;2;0;1;0;0;0;0;0;1;0;0;-3,806225000000000;-38,606004000000000
314341;30;10;2017;00:52;24924;AV SGT HERMINIO SAMPAIO;RUA VIANA DE CARVALHO;;0;;Colis?úo;;;;T;N?úo H?í Controle;Comercial;0;2;0;1;0;0;0;0;0;1;0;0;-3,725309000000000;-38,554694000000000
312069;30;10;2017;02:00;24924;AV SGT HERMINIO SAMPAIO;RUA VIANA DE CARVALHO;;1575;;Colis?úo Transversal;Via Iluminada;Bom;Seca;T;N?úo H?í Controle;Comercial;0;2;0;1;0;0;0;0;0;1;0;0;-3,725236200000000;-38,554750000000000
312070;30;10;2017;08:16;6731;AV PDE ANTONIO TOMAS;RUA ANDRADE FURTADO;;0;;Colis?úo Lateral;Luz do Dia;Bom;Seca;Y;N?úo H?í Controle;Residencial;0;0;2;1;0;0;0;0;0;0;0;0;-3,744734800000000;-38,483860000000000
312071;30;10;2017;07:46;1716;AV GOV RAUL BARBOSA;AV GAL MURILO BORGES;;5220;;Choque c/ Obst?ículo Fixo;Luz do Dia;Nublado;Seca;Outros;N?úo H?í Controle;Comercial;0;0;0;1;0;0;0;0;0;0;0;0;-3,765283800000000;-38,508892000000000
312072;30;10;2017;08:45;7851;AV PONTES VIEIRA;RUA JOSE VILAR;;0;;Colis?úo Traseira;Luz do Dia;Bom;Seca;Cruz;Sem?íforo;Comercial;0;0;2;1;0;0;0;0;0;0;0;0;-3,751954800000000;-38,509890000000000
312073;30;10;2017;08:47;4114;AV PRS CASTELO BRANCO;RUA LUCAS PINTO;;0;;Colis?úo Traseira;Luz do Dia;Bom;Seca;T;Pare;Comercial;0;1;1;1;0;0;0;0;0;1;0;0;-3,711523800000000;-38,558067000000000
312074;30;10;2017;10:44;0;AV PRS COSTA E SILVA;;;898;;Colis?úo Lateral;Luz do Dia;Bom;Seca;T;N?úo H?í Controle;Comercial;0;1;1;0;0;0;0;0;0;1;0;0;-3,812769700000000;-38,571740000000000
312075;30;10;2017;08:45;0;AV SGT HERMINIO SAMPAIO;RUA QUADRA B CJ C BRANCO;;0;;Colis?úo Transversal;Luz do Dia;Bom;Seca;Cruz;Pare;Comercial;0;0;2;1;1;0;0;0;0;0;0;0;-3,728635500000000;-38,571747000000000
312076;30;10;2017;11:43;15359;RUA PEREIRA VALENTE;RUA VICENTE LEITE;;0;;Colis?úo Transversal;Luz do Dia;Bom;Seca;Cruz;Pare;Comercial;0;0;2;1;0;0;0;0;0;0;0;0;-3,733165000000000;-38,494083000000000
312077;30;10;2017;13:25;3376;RUA CEL NUNES DE MELO;AV ENG HUMBERTO MONTE;;0;;Colis?úo Lateral;Luz do Dia;Bom;Seca;Cruz;Pare;Residencial;0;0;2;1;0;0;0;0;0;0;0;0;-3,753483000000000;-38,556920000000000
312078;30;10;2017;14:38;13420;RUA JOAQUIM TORRES;RUA BAR ARACATI;;0;;Colis?úo Lateral;Luz do Dia;Bom;Seca;Cruz;Pare;Comercial;0;0;2;1;0;0;0;0;0;0;0;0;-3,742239000000000;-38,515100000000000
312079;30;10;2017;14:00;15280;RUA TEN BENEVOLO;RUA DR JOSE LOURENCO;;0;;Colis?úo Transversal;Luz do Dia;Bom;Seca;Cruz;Pare;Comercial;0;0;2;1;0;0;0;0;0;0;0;0;-3,728846300000000;-38,506460000000000
312080;30;10;2017;15:50;24293;RUA JULIO ABREU;RUA DELMIRO GOUVEIA;;0;;Colis?úo Lateral;Luz do Dia;Bom;Seca;Cruz;Pare;Comercial;0;2;1;1;1;0;0;0;0;0;0;0;-3,735847700000000;-38,488050000000000
312081;30;10;2017;18:32;0;AV ENG SANTANA JUNIOR;;;1091;;Colis?úo Traseira;Via Iluminada;Bom;Seca;Meio de Quadra;Sem?íforo;Comercial;0;1;1;0;0;0;0;0;0;1;0;0;-3,737288200000000;-38,483116000000000
312082;30;10;2017;19:04;15317;RUA NUNES VALENTE;RUA TEN BENEVOLO;;0;;Colis?úo Lateral;Via Iluminada;Bom;Seca;Cruz;Pare;Residencial;0;0;2;1;1;0;0;0;0;0;0;0;-3,730458000000000;-38,501945000000000
312083;30;10;2017;22:27;10740;RUA PORTO ALEGRE;RUA AUDISIO PINHEIRO;;0;;Colis?úo;Via Iluminada;Bom;Seca;Cruz;Pare;Residencial;0;2;1;1;0;0;0;0;0;1;0;0;-3,760684700000000;-38,589733000000000
312100;30;10;2017;08:12;17609;AV JOSE BASTOS;RUA AMAZONAS;;0;;Colis?úo;Luz do Dia;Bom;Seca;T;Sem?íforo;Comercial;0;0;2;1;0;0;0;0;0;1;0;0;-3,755844600000000;-38,556427000000000
315923;30;10;2017;09:00;0;RD BR 020;;;0;;Colis?úo Traseira;Luz do Dia;Bom;Seca;Meio de Quadra;;;0;1;2;0;0;0;1;0;0;1;0;0;;
315930;31;10;2017;12:15;0;RD BR 116;;;13000;KM-13;Colis?úo Lateral;Luz do Dia;Bom;Seca;Meio de Quadra;;;0;2;0;0;0;0;0;0;0;1;0;0;-3,864670000000000;-38,497727000000000
315932;31;10;2017;14:20;0;RD BR 116;;;5000;KM-05;Colis?úo Traseira;Luz do Dia;Bom;Seca;Meio de Quadra;;;0;1;1;1;0;0;0;0;0;1;0;0;-3,796502000000000;-38,506787000000000
312084;31;10;2017;06:50;0;AV PRS JUSCELINO KUBITSCHEK (PASSAR?ë);;;4500;;Colis?úo Traseira;Luz do Dia;Bom;Seca;Meio de Quadra;Sem?íforo;Residencial;0;1;3;1;0;0;0;0;0;1;0;0;-3,817671500000000;-38,532740000000000
312085;31;10;2017;07:20;7948;AV PONTES VIEIRA;RUA JOAQUIM NABUCO;;0;;Engavetamento;Luz do Dia;Bom;Seca;Cruz;Sem?íforo;Residencial;0;0;3;1;0;0;0;0;0;0;0;0;-3,751748300000000;-38,506620000000000
312086;31;10;2017;08:31;24424;RUA RAUL CABRAL;RUA TIANGUA;;0;;Colis?úo Lateral;Luz do Dia;Bom;Seca;Cruz;Pare;Residencial;0;0;2;1;0;0;0;0;0;1;0;0;-3,769839000000000;-38,541874000000000
312087;31;10;2017;10:40;0;RUA BARBARA DE ALENCAR;;;170;;Colis?úo Lateral;Luz do Dia;Bom;Seca;Meio de Quadra;Sem?íforo;Comercial;0;0;2;1;0;0;0;0;0;0;0;0;-3,735116700000000;-38,522827000000000
312088;31;10;2017;13:27;5214;RUA DNA LEOPOLDINA;RUA PEREIRA FILGUEIRAS;;0;;Colis?úo;Luz do Dia;Bom;Seca;Cruz;Pare;Comercial;0;1;1;0;0;0;0;0;0;1;0;0;-3,726728700000000;-38,518100000000000
312089;31;10;2017;20:09;0;AV AGUANAMBI;;;0;;Colis?úo Lateral;Via Iluminada;Bom;Material Derrapante;Rotat??ria;Sem?íforo;Comercial;0;0;2;1;0;0;0;0;0;0;0;0;-3,755174400000000;-38,523872000000000
312090;31;10;2017;20:56;1516;AV PDE ANTONIO TOMAS;AV DES MOREIRA;;0;;Colis?úo Traseira;Via Iluminada;Bom;Seca;Cruz;Sem?íforo;Comercial;0;0;2;1;0;0;0;0;0;0;0;0;-3,740158600000000;-38,499590000000000
305441;31;10;2017;18:15;0;RD BR 116;;;7000;KM-07;Colis?úo Transversal;Anoitecer;Bom;Seca;Meio de Quadra;;;2;0;0;0;0;1;0;0;0;1;0;0;-3,786917000000000;-38,511279000000000
314095;31;10;2017;10:39;0;AV PRS COSTA E SILVA;;;4575;;Colis?úo;Luz do Dia;;;Meio de Quadra;;;0;2;0;1;0;0;0;0;0;1;0;0;-3,825679000000000;-38,539439000000000
314092;31;10;2017;07:40;0;AV PRS JUSCELINO KUBITSCHEK (PASSAR?ë);;;5461;;Colis?úo;Luz do Dia;;;Meio de Quadra;;;0;1;1;1;0;0;0;0;0;1;0;0;-3,823649000000000;-38,537065000000000
314100;31;10;2017;13:24;0;AV DEP PAULINO ROCHA;;;1301;;Colis?úo;Luz do Dia;;;Meio de Quadra;;;0;0;2;0;0;0;0;0;0;0;0;0;-3,808343000000000;-38,508552000000000
314104;31;10;2017;14:54;0;AV A CJ CEARA;;;0;;Colis?úo;Luz do Dia;;;Meio de Quadra;;;0;1;1;1;0;0;0;0;0;1;0;0;;
314108;31;10;2017;18:49;12834;RUA BAR RIO BRANCO;RUA ANTONIO POMPEU;;0;;Colis?úo;;;;Cruz;Sem?íforo;Comercial;0;1;1;1;0;0;0;0;1;0;0;0;-3,734707000000000;-38,530891000000000
314115;31;10;2017;20:25;13662;AV MIGUEL DIAS;RUA GONTRAN GIFFONI;;0;;Colis?úo;;;;T;N?úo H?í Controle;Residencial;0;1;1;0;0;0;0;0;0;1;0;0;-3,770045000000000;-38,487636000000000
314113;31;10;2017;20:19;0;AV MIGUEL DIAS;;;1415;;Colis?úo;;;;Meio de Quadra;;;0;2;0;0;0;0;0;0;0;1;0;0;-3,769151141000000;-38,487349835000000
314457;31;10;2017;05:37;0;RUA ADOLFO CAMINHA;;;0;;Queda;Amanhecer;;;Meio de Quadra;;;0;1;0;0;0;0;0;0;0;1;0;0;;
314458;31;10;2017;18:58;0;RUA STA TEREZINHA UI 806;;;519;;Queda;Luz do Dia;;;Meio de Quadra;;;0;1;0;0;0;0;0;0;0;1;0;0;;
314481;31;10;2017;06:27;0;RUA 4 DE OUTUBRO;;;0;;Colis?úo;Luz do Dia;;;Meio de Quadra;;;0;2;0;0;0;0;0;0;0;0;0;0;;
314502;31;10;2017;17:19;0;AV AREIA BRANCA;;;41;;Queda;Anoitecer;;;Meio de Quadra;;;0;1;0;0;0;0;0;0;0;1;0;0;-3,728276800000000;-38,473484800000000
314503;31;10;2017;17:40;0;AV 13 DE MAIO;;;0;;Colis?úo;Anoitecer;;;Meio de Quadra;;;0;0;2;0;0;0;0;0;0;0;0;0;;
314504;31;10;2017;17:51;17370;RUA ALM RUBIM;RUA BAR SOBRAL;;0;;Colis?úo;Anoitecer;;;Cruz;Pare;Comercial;0;1;1;1;0;0;0;0;0;1;0;0;-3,766572000000000;-38,554972000000000
314506;31;10;2017;18:02;0;AV 13 DE MAIO;;;0;;Colis?úo;Anoitecer;;;Meio de Quadra;;;0;0;2;0;0;0;0;0;0;0;0;0;;
314499;31;10;2017;16:39;0;RUA JURACI MAGALHAES;;;471;;Colis?úo;Luz do Dia;;;Meio de Quadra;;;0;1;1;0;0;0;0;0;0;0;0;0;;
314470;31;10;2017;06:24;0;AV CEL CARVALHO;;;357;;Colis?úo;Luz do Dia;;;Meio de Quadra;;;0;0;2;0;0;0;0;0;0;0;0;0;;
314484;31;10;2017;07:36;0;RUA GUSTAVO SAMPAIO;;;998;;Queda;Luz do Dia;;;Meio de Quadra;;;0;2;0;0;0;0;0;0;0;1;0;0;-3,734676000000000;-38,553629000000000
314485;31;10;2017;06:20;0;AV PRS JUSCELINO KUBITSCHEK (PASSAR?ë);;;5461;;Colis?úo;Luz do Dia;;;Meio de Quadra;;;0;2;0;1;0;0;0;0;0;1;0;0;-3,823649000000000;-38,537065000000000
314486;31;10;2017;07:50;0;AV DR SILAS MUNGUBA;;;1700;;Queda;Luz do Dia;;;Meio de Quadra;;;0;1;0;0;0;0;0;0;0;1;0;0;-3,784842000000000;-38,552974000000000
314487;31;10;2017;07:51;0;RUA PEDRO SAMPAIO;;;1120;;Colis?úo;Luz do Dia;;;Meio de Quadra;;;0;1;1;0;0;0;0;0;0;0;0;0;;
314488;31;10;2017;09:54;0;RUA ALVARO DE ALENCAR;;;400;;Colis?úo;Luz do Dia;;;Meio de Quadra;;;0;1;1;0;0;0;0;0;0;0;0;0;-3,715134000000000;-38,557890000000000
314490;31;10;2017;12:08;0;RUA N. S. DO CONSOLO (PALMEIRAS);;;0;;Colis?úo;Luz do Dia;;;;;;0;1;1;0;0;0;0;0;0;0;0;0;;
314491;31;10;2017;12:24;0;RD BR 116;;;4880;KM-10;Colis?úo;Luz do Dia;;;Meio de Quadra;;;0;2;0;1;0;0;0;0;0;1;0;0;-3,868474619000000;-38,497951627000000
314492;31;10;2017;12:59;0;AV CASTELO DE CASTRO;;;0;;Colis?úo;Luz do Dia;;;Meio de Quadra;;;0;1;0;0;0;0;0;0;0;1;0;0;;
314493;31;10;2017;13:17;0;AV SEN FERNANDES TAVORA;;;855;;Queda;Luz do Dia;;;Meio de Quadra;;;0;1;0;0;0;0;0;0;0;1;0;0;-3,763090000000000;-38,580482000000000
314494;31;10;2017;15:34;0;RUA EVA;;;100;;Atropelamento;Luz do Dia;;;Meio de Quadra;;;0;2;0;1;0;0;0;0;0;0;0;0;;
314495;31;10;2017;18:24;0;RUA PRO JOAO BOSCO;;;264;;Atropelamento;Anoitecer;;;Meio de Quadra;;;0;2;1;0;0;0;0;0;0;1;0;0;-3,739796000000000;-38,545732000000000
314496;31;10;2017;16:00;0;RUA VALPARAISO;;;1430;;Colis?úo;Luz do Dia;;;Meio de Quadra;;;0;1;1;1;0;0;0;0;0;1;0;0;-3,837799000000000;-38,533596000000000
314497;31;10;2017;16:15;0;AV WASHINGTON SOARES;;;9176;;Queda;Luz do Dia;;;Meio de Quadra;;;0;1;0;0;0;0;0;0;0;1;0;0;-3,831760000000000;-38,482424000000000
314594;31;10;2017;07:55;0;RD CE-040;;;0;KM-08;Colis?úo;Luz do Dia;Bom;Seca;Meio de Quadra;;;0;0;2;0;0;0;0;0;0;1;0;0;-3,825515822000000;-38,481538320000000
314595;31;10;2017;16:30;0;RD CE-040;;;0;KM-07;Colis?úo;Luz do Dia;Bom;Seca;Meio de Quadra;;;0;0;2;1;0;0;0;0;0;1;0;0;-3,817159445000000;-38,483032860000000
314520;31;10;2017;21:23;0;RUA VALPARAISO;;;240;;Colis?úo;;;;Meio de Quadra;;;0;2;0;1;0;0;0;0;0;1;0;0;-3,851114000000000;-38,506790000000000
314514;31;10;2017;18:03;7719;RUA PDE ANTONIO VIEIRA D37;RUA ALAGOAS;;0;;Colis?úo;Anoitecer;;;Cruz;;Residencial;0;0;2;0;0;0;0;0;0;0;0;0;-3,764269000000000;-38,563655000000000
314516;31;10;2017;18:13;0;RD BR 116;;;2653;KM-07;Colis?úo;Anoitecer;;;Meio de Quadra;;;0;1;1;1;0;0;0;0;0;1;0;0;-3,763419200000000;-38,518463600000000
314518;31;10;2017;18:38;0;RUA ALAGOAS;;;0;;Colis?úo;;;;Meio de Quadra;;;0;1;1;1;0;0;0;0;0;1;0;0;;