COD_ACIDENTE;DIA;MES;ANO;HORA;INTERSECAO;LOG1;LOG2;LOG3;NUMERO;REFERENCIA;NATUREZA;ILUMINACAO;TEMPO;SUPERFICIEPISTA;TIPOCRUZAMENTO;CONTROLETRAFEGO;USOSOLO;MORTOS;FERIDOS;ILESOS;AUTOMOVEL;ONIBUS;BICICLETA;CAMINHAO;MICROONIBUS;CICLOMOTOR;MOTOCICLETA;TRACAOANIMAL;TREM;LATITUDE;LONGITUDE
304817;31;10;2017;16:10;5308;RUA VINTE E CINCO DE MARCO;RUA FRANKLIN TAVORA;;0;;Colis?úo Traseira;Luz do Dia;Bom;Seca;Cruz;N?úo H?í Controle;Comercial;0;0;2;1;0;0;0;0;0;0;0;0;-3,729680000000000;-38,522616000000000
304819;31;10;2017;14:48;19683;RUA AZEVEDO BOLAO;RUA PRO JOSE DE BARCELOS;;0;;Colis?úo Lateral;Luz do Dia;Bom;Seca;Cruz;Pare;Comercial;0;1;1;1;0;0;0;0;0;1;0;0;-3,735196000000000;-38,550610000000000
304820;31;10;2017;21:45;0;RUA NAPOLEAO QUEZADO;;;364;;Colis?úo;Via Iluminada;Bom;Seca;Meio de Quadra;N?úo H?í Controle;Comercial;0;0;2;0;0;0;0;0;0;1;0;0;-3,776967000000000;-38,567643000000000
304821;31;10;2017;08:30;5187;RUA BAR RIO BRANCO;RUA SAO PAULO;;0;;Colis?úo Transversal;Luz do Dia;Chuva;Molhada;Cruz;Sem?íforo;Comercial;0;2;1;1;0;0;0;0;0;1;0;0;-3,725856000000000;-38,528071000000000
304822;31;10;2017;22:20;0;RUA GERMANO FRANCK;;;735;;Colis?úo Traseira;Via Iluminada;Bom;Seca;Meio de Quadra;Sem?íforo;Outros;0;0;1;1;0;0;0;0;0;0;0;0;-3,777750000000000;-38,562610000000000
304808;31;10;2017;11:45;0;RUA 69 CJ JOSE WALTER;;;240;;Atropelamento;Luz do Dia;Bom;Seca;Meio de Quadra;Pare;Residencial;0;1;1;0;0;0;0;1;0;0;0;0;-3,829797000000000;-38,554487000000000
304813;31;10;2017;01:15;0;AV HIS RAIMUNDO GIRAO;;;0;;Colis?úo Transversal;Via Iluminada;Bom;Seca;Meio de Quadra;Pare;Comercial;0;1;1;1;0;0;0;0;0;1;0;0;;
304814;31;10;2017;08:30;0;RUA CON DE CASTRO;;;2264;;Colis?úo Lateral;Luz do Dia;Bom;Seca;Meio de Quadra;Pare;Residencial;0;0;2;1;0;0;0;0;0;1;0;0;-3,789794000000000;-38,577850000000000
304787;1;11;2017;13:00;5730;RUA ULISSES BEZERRA;RUA TEOFREDO GOIANA;;0;;Colis?úo Transversal;Luz do Dia;Bom;Seca;Cruz;Pare;Residencial;0;3;0;1;0;0;0;0;0;0;0;0;-3,798740000000000;-38,500785000000000
304788;1;11;2017;16:45;7790;AV DES MOREIRA;AV PONTES VIEIRA;;0;;Engavetamento;Luz do Dia;;;Cruz;Sem?íforo;Comercial;0;3;0;1;0;0;0;0;0;0;0;0;-3,751526000000000;-38,503254000000000
304785;1;11;2017;14:50;0;RUA EQUADOR;;;50;;Colis?úo Lateral;Luz do Dia;Bom;Seca;Meio de Quadra;Sem?íforo Intermitente;Comercial;0;1;1;1;0;0;0;0;0;0;0;0;-3,768527000000000;-38,550545000000000
304782;1;11;2017;09:15;0;RUA JULIO VERNE;;;593;;Colis?úo Frontal;Luz do Dia;Bom;Seca;Meio de Quadra;Pare;Residencial;0;3;0;1;1;0;0;0;0;1;0;0;-3,774683000000000;-38,555077000000000
314302;1;11;2017;10:10;0;AV WASHINGTON SOARES;;;0;;Colis?úo;Luz do Dia;;;Meio de Quadra;;;0;0;2;1;0;0;0;0;0;0;0;0;;
313948;1;11;2017;10:21;0;AV DUQ CAXIAS;;;430;;Queda;Luz do Dia;;;Meio de Quadra;;;0;1;0;0;0;0;0;0;0;1;0;0;-3,732252000000000;-38,528462000000000
313949;1;11;2017;10:48;0;RUA BAR RIO BRANCO;;;0;;Colis?úo;Luz do Dia;;;Meio de Quadra;;;0;1;0;1;0;0;0;0;0;1;0;0;;
313951;1;11;2017;12:53;0;RUA PEDRO DANTAS;;;221;;Colis?úo;Luz do Dia;;;Meio de Quadra;;;0;1;0;1;0;0;0;0;0;1;0;0;-3,786393000000000;-38,519206000000000
313940;1;11;2017;06:48;0;AV PERIMETRAL;;;341;;Atropelamento;Luz do Dia;;;Meio de Quadra;;;0;2;0;0;0;0;0;0;0;1;0;0;;
313954;1;11;2017;13:15;0;AV DES GONZAGA;;;675;;Colis?úo;Luz do Dia;;;Meio de Quadra;;;0;1;1;1;0;0;0;0;0;1;0;0;-3,792096000000000;-38,502245000000000
313955;1;11;2017;14:29;0;LOGRADOURO SEM NOME;;;0;;Colis?úo;Luz do Dia;;;Meio de Quadra;;;0;1;1;1;0;0;0;0;0;1;0;0;;
313956;1;11;2017;15:05;0;RUA JACINTO MATOS;;;944;;Colis?úo;Luz do Dia;;;Meio de Quadra;;;0;1;1;1;0;0;0;0;0;1;0;0;-3,719410200000000;-38,546957800000000
313957;1;11;2017;15:16;0;RUA DEP MOREIRA DA ROCHA;;;439;;Atropelamento;Luz do Dia;;;Meio de Quadra;;;0;1;1;1;0;0;0;0;0;0;0;0;-3,726565000000000;-38,509314000000000
313958;1;11;2017;15:50;9045;RUA CEL SOLON;RUA COS TRISTAO;;0;;Colis?úo;Luz do Dia;;;Cruz;Pare;Comercial;0;1;2;1;0;0;0;0;0;0;0;0;-3,743099000000000;-38,528081000000000
313959;1;11;2017;16:40;0;RUA SAO JOAO D20;;;327;;Colis?úo;Luz do Dia;;;Meio de Quadra;;;0;1;1;1;0;0;0;0;0;1;0;0;-3,757784100000000;-38,554274400000000
313960;1;11;2017;17:18;0;RD BR 116;;;1000;KM-01;Colis?úo;Anoitecer;;;Meio de Quadra;;;0;2;0;1;0;0;0;0;0;1;0;0;-3,762554000000000;-38,518702000000000
313961;1;11;2017;17:19;0;RUA AMBROSIO DE CARVALHO;;;351;;Choque c/ Obst?ículo Fixo;Anoitecer;;;Meio de Quadra;;;0;1;0;1;0;0;0;0;0;0;0;0;-3,821684000000000;-38,480785600000000
313962;1;11;2017;17:33;0;RUA CHICO FRANCA;;;270;;Queda;Anoitecer;;;Meio de Quadra;;;0;1;0;0;0;0;0;0;0;1;0;0;;
313963;1;11;2017;17:54;0;AV FRANCISCO SA;;;4000;;Colis?úo;Anoitecer;;;Meio de Quadra;;;0;1;1;0;0;0;0;0;0;1;0;0;-3,716122000000000;-38,561173000000000
313964;1;11;2017;18:06;0;RD BR 116;;;13000;KM-13;Colis?úo;Anoitecer;;;Meio de Quadra;;;0;1;1;0;0;0;0;0;0;0;0;0;-3,864670000000000;-38,497727000000000
313973;1;11;2017;21:13;0;RUA CAP ARAGAO;;;220;;Queda;;;;Meio de Quadra;;;0;1;0;0;0;0;0;0;0;1;0;0;-3,765360000000000;-38,516018000000000
313974;1;11;2017;21:21;0;AV DR SILAS MUNGUBA;;;4410;;Colis?úo;;;;Meio de Quadra;;;0;1;1;1;0;0;0;0;0;1;0;0;-3,792948000000000;-38,535173000000000
313975;1;11;2017;21:37;0;RUA LUIS VIEIRA;;;998;;Queda;;;;Meio de Quadra;;;0;1;0;0;0;1;0;0;0;0;0;0;-3,789654000000000;-38,589117000000000
313976;1;11;2017;21:56;0;RUA LUIZ FERNANDES;;;26;;Queda;;;;Meio de Quadra;;;0;1;0;0;0;0;0;0;0;1;0;0;;
313977;1;11;2017;22:28;0;RUA RAIMUNDO BIZARRIA;;;837;;Colis?úo;;;;Meio de Quadra;;;0;1;1;0;0;0;0;0;0;1;0;0;-3,727147000000000;-38,579533000000000
313978;1;11;2017;22:37;23474;RUA BARROS LEAL;RUA PAULO FIRMEZA;;0;;Colis?úo;;;;Cruz;Gesto;Residencial;0;1;1;1;0;0;0;0;0;1;0;0;-3,757696000000000;-38,518544000000000
313979;1;11;2017;22:48;17579;RUA PIAUI;RUA ESPIRITO SANTO;;0;;Colis?úo;;;;Cruz;Pare;Misto;0;1;1;0;0;0;0;0;0;0;0;0;;
313971;1;11;2017;20:06;5673;AV JOSE LEON;RUA PINHEIRO MAIA;;0;;Colis?úo;;;;;;;0;1;1;1;0;0;0;0;0;1;0;0;-3,788597000000000;-38,498726000000000
313966;1;11;2017;18:20;0;AV BORGES DE MELO;;;0;;Colis?úo;Anoitecer;;;Meio de Quadra;;;0;1;1;0;1;1;0;0;0;0;0;0;;
313967;1;11;2017;18:26;0;AV GAL OSORIO DE PAIVA;;;1850;;Colis?úo;Anoitecer;;;Meio de Quadra;;;0;1;1;1;0;0;0;0;0;1;0;0;-3,783010000000000;-38,578139000000000
313968;1;11;2017;20:02;0;RUA CON DE CASTRO;;;0;;Colis?úo;;;;Meio de Quadra;;;0;1;1;1;0;0;0;0;0;1;0;0;;
313943;1;11;2017;08:14;0;RD BR 116;;;2000;KM-02;Colis?úo Traseira;Luz do Dia;;Seca;Meio de Quadra;;;0;1;1;1;0;0;0;0;0;1;0;0;-3,771391000000000;-38,516780000000000
313944;1;11;2017;08:47;0;RD BR 116;;;15000;KM-15;Queda;Luz do Dia;;;Meio de Quadra;;;0;1;0;0;0;0;0;0;0;1;0;0;-3,882329000000000;-38,501113000000000
313945;1;11;2017;10:01;15989;RUA CLEMENTE SILVA D44;RUA GASTAO JUSTA;;0;;Colis?úo;Luz do Dia;;;;;;0;1;1;1;0;0;0;0;0;1;0;0;-3,805000000000000;-38,569341000000000
313937;1;11;2017;06:44;0;RUA DES PRAXEDES;;;297;;Colis?úo;Luz do Dia;;;Meio de Quadra;;;0;1;1;1;0;0;0;0;0;1;0;0;-3,758736000000000;-38,550861000000000
313934;1;11;2017;02:52;0;RUA DO CARANGUEJO;;;2384;;Queda;;;;Meio de Quadra;;;0;1;0;0;0;0;0;0;0;1;0;0;-3,732387000000000;-38,599934000000000
313935;1;11;2017;05:53;0;RUA SABIAGUABA;;;1820;;Queda;Amanhecer;;;Meio de Quadra;;;0;1;0;0;0;0;0;0;0;1;0;0;-3,787873000000000;-38,442179000000000
312091;1;11;2017;07:05;0;AV DR SILAS MUNGUBA;;;4300;;Engavetamento;Luz do Dia;Bom;Seca;Meio de Quadra;N?úo H?í Controle;Escola;0;0;3;1;0;0;0;0;0;0;0;0;-3,791415200000000;-38,537590000000000
312092;1;11;2017;06:00;0;AV BEZERRA DE MENEZES;;;58;ASSAI;Colis?úo Lateral;Luz do Dia;Bom;Seca;Meio de Quadra;Sem?íforo;Comercial;0;0;4;1;1;0;0;0;0;0;0;0;-3,732578800000000;-38,544530000000000
312093;1;11;2017;08:40;16051;AV GODOFREDO MACIEL;RUA OSCAR BENEVIDES;;0;;Colis?úo Traseira;Luz do Dia;Bom;Seca;Cruz;Sem?íforo;Comercial;0;0;2;1;0;0;0;0;0;0;0;0;-3,810181900000000;-38,574127000000000
312094;1;11;2017;08:40;0;AV 13 DE MAIO;;;1302;;Colis?úo Lateral;Luz do Dia;Bom;Seca;Outros;Pare;Comercial;0;0;1;1;0;0;0;0;0;0;0;0;-3,748136500000000;-38,530550000000000
312095;1;11;2017;08:10;0;RUA MAE NEO MIRANDA;AV CONTORNO (CASTEL?âO);;455;;Colis?úo Lateral;Luz do Dia;Bom;Seca;Meio de Quadra;Pare;Residencial;0;1;1;0;0;0;0;0;0;1;0;0;-3,804732600000000;-38,520650000000000
312097;1;11;2017;08:45;0;AV GODOFREDO MACIEL;;;4035;;Colis?úo Traseira;Luz do Dia;Bom;Seca;Meio de Quadra;Gesto;Comercial;0;0;2;1;0;0;0;0;0;0;0;0;-3,810326000000000;-38,574207000000000
312098;1;11;2017;11:50;0;RUA INSTITUTO DO CEARA;;;0;;Colis?úo Traseira;Luz do Dia;Bom;Seca;Meio de Quadra;N?úo H?í Controle;Residencial;0;0;2;1;0;0;0;0;0;0;0;0;-3,738889700000000;-38,536125000000000
312099;1;11;2017;14:15;1654;RUA BENI DE CARVALHO;AV SEN VIRGILIO TAVORA;;0;;Colis?úo Transversal;Luz do Dia;Bom;Seca;Cruz;Sem?íforo;Comercial;0;0;2;1;0;0;0;0;0;0;0;0;-3,745767600000000;-38,496120000000000
312101;1;11;2017;14:50;22983;RUA BERNARDO MANUEL;RUA MONTEVIDEU;;0;;Colis?úo Transversal;Luz do Dia;Bom;Seca;T;Pare;Residencial;0;0;2;1;1;0;0;0;1;0;0;0;-3,786201700000000;-38,547440000000000
312102;1;11;2017;13:00;0;AV PRS CASTELO BRANCO;;;2031;;Colis?úo Lateral;Luz do Dia;Bom;Seca;Meio de Quadra;Sem?íforo;Comercial;0;0;2;1;1;0;0;0;0;0;0;0;-3,714742200000000;-38,545483000000000
312103;1;11;2017;15:30;0;RUA CEL SOLON;;;443;;Colis?úo Transversal;Luz do Dia;Bom;Seca;Cruz;Pare;Residencial;0;0;2;1;0;0;0;0;0;0;0;0;-3,743034000000000;-38,528137000000000
312104;1;11;2017;17:10;0;AV JOSE LEON;;;1240;;Colis?úo Frontal;Anoitecer;Bom;Seca;T;Pare;Residencial;0;0;2;1;0;0;0;0;0;1;0;0;-3,788182000000000;-38,500090000000000
312105;1;11;2017;20:25;5062;RUA DR JOAO MOREIRA;RUA GAL SAMPAIO;;0;;Colis?úo Transversal;Via Iluminada;Bom;Seca;Cruz;Sem?íforo;Comercial;0;0;2;1;1;0;0;0;0;0;0;0;-3,722086700000000;-38,529400000000000
312106;1;11;2017;20:20;22167;AV JOSE BASTOS;RUA TAVARES IRACEMA;;0;;Colis?úo Transversal;Via Iluminada;Bom;Seca;Duplo T;N?úo H?í Controle;Comercial;0;0;2;1;0;0;0;0;0;0;0;0;-3,752270200000000;-38,552933000000000
312107;1;11;2017;23:16;0;AV HERACLITO GRACA;;;1520;;Choque c/ Obst?ículo Fixo;Via Iluminada;Bom;Seca;Meio de Quadra;Sem?íforo;Comercial;0;0;1;1;0;0;0;0;0;0;0;0;-3,738372600000000;-38,510440000000000
312108;1;11;2017;21:27;0;RUA PORTO VELHO;RUA BELEM;;0;;Colis?úo Lateral;Via Iluminada;Bom;Seca;Cruz;N?úo H?í Controle;Residencial;0;0;2;1;0;0;0;0;0;1;0;0;-3,761942900000000;-38,594555000000000
312202;1;11;2017;17:07;0;RUA CARVALHO JUNIOR;RUA BELISARIO TAVORA;;0;;Colis?úo Lateral;Luz do Dia;Bom;Seca;T;N?úo H?í Controle;Residencial;0;0;2;1;0;0;0;0;0;0;0;0;-3,758056200000000;-38,505690000000000
315964;1;11;2017;16:20;0;AV MIN JOSE AMERICO;;;0;;Colis?úo;Luz do Dia;Bom;Seca;Meio de Quadra;;;0;0;3;1;1;0;0;0;0;0;0;0;;
326200;1;11;2017;17:20;0;RD BR 116;;;12000;KM-12;Queda;Anoitecer;;Seca;Meio de Quadra;;;0;1;1;0;0;0;1;0;0;1;0;0;-3,855740000000000;-38,496066000000000
312203;2;11;2017;20:15;15821;AV JOR THOMAZ COELHO;RUA ANGELICA GURGEL;;0;;Colis?úo Transversal;Via Iluminada;Bom;Seca;T;N?úo H?í Controle;Comercial;0;0;2;0;1;0;0;0;0;1;0;0;-3,832439400000000;-38,498978000000000
312115;2;11;2017;09:34;2387;RUA ESTEVAO DE CAMPOS;RUA ARAQUEM;;0;;Colis?úo Transversal;Luz do Dia;Bom;Seca;Cruz;Pare;Residencial;0;1;1;1;0;0;0;0;0;1;0;0;-3,705662000000000;-38,578190000000000
312116;2;11;2017;13:30;1559;RUA PAULA NEI;RUA MON CATAO;;0;;Colis?úo Transversal;Luz do Dia;Bom;Seca;Cruz;N?úo H?í Controle;Residencial;0;0;2;1;0;0;0;0;0;0;0;0;-3,741617400000000;-38,491665000000000
312149;2;11;2017;19:00;19703;RUA GUSTAVO SAMPAIO;RUA PEDRO DE QUEIROZ;;0;;Colis?úo Lateral;Via Iluminada;Bom;Seca;Cruz;Pare;Residencial;0;0;2;1;0;0;0;0;0;1;0;0;-3,736100000000000;-38,560574000000000
312314;2;11;2017;19:12;22986;AV DR SILAS MUNGUBA;RUA BETEL;;0;;N?úo Informado;Via Iluminada;Bom;Seca;Cruz;Pare;Residencial;0;0;2;1;0;0;0;0;0;0;0;0;-3,745359700000000;-38,504536000000000
312109;2;11;2017;01:05;0;AV SEN CARLOS JEREISSATI (AEROPORTO);;;0;HIPERMERCADO ATACAD?âO;Colis?úo Lateral;Via Iluminada;Bom;Seca;Meio de Quadra;Sem?íforo;Comercial;0;0;1;1;0;0;0;0;0;0;0;0;-3,778730200000000;-38,541306000000000
312111;2;11;2017;10:08;0;AV BEIRA MAR;;;2450;;Colis?úo Lateral;Luz do Dia;Bom;Seca;Meio de Quadra;N?úo H?í Controle;Comercial;0;0;2;0;1;0;0;0;0;0;0;0;-3,725320600000000;-38,498405000000000
312112;2;11;2017;09:25;5711;AV OLIVEIRA PAIVA;RUA CHICO LEMOS;;0;;Colis?úo Traseira;Luz do Dia;Bom;Seca;Cruz;Sem?íforo;Comercial;0;0;2;1;0;0;0;0;0;0;0;0;-3,795902500000000;-38,497406000000000
312113;2;11;2017;11:01;0;RUA SEN ALMINO;;;254;;Choque c/ Obst?ículo Fixo;Luz do Dia;Bom;Seca;Meio de Quadra;N?úo H?í Controle;Comercial;0;0;1;1;0;0;0;0;0;0;0;0;-3,722749500000000;-38,517902000000000
312119;2;11;2017;17:06;0;AV GODOFREDO MACIEL;;;538;;Colis?úo Transversal;Anoitecer;Bom;Seca;Outros;N?úo H?í Controle;Comercial;0;2;1;1;0;0;0;0;0;1;0;0;-3,781120300000000;-38,565300000000000
312120;2;11;2017;20:49;0;AV ROGACIANO LEITE;;;2359;;Colis?úo Traseira;Via Iluminada;Bom;Seca;Meio de Quadra;Gesto;Comercial;0;1;1;1;0;0;0;0;0;0;0;0;-3,775525800000000;-38,500195000000000
312121;2;11;2017;19:46;1309;RUA FIUZA DE PONTES;RUA ILDEFONSO ALBANO;;0;;Colis?úo Traseira;Via Iluminada;Bom;Seca;Cruz;Pare;Residencial;0;1;1;1;0;0;0;0;0;1;0;0;-3,734659400000000;-38,513780000000000
312129;2;11;2017;14:52;26251;AV AMERICO BARREIRA;RUA CEARA;;0;;Colis?úo;Luz do Dia;Bom;Seca;Cruz;Sem?íforo;Comercial;0;1;1;1;0;1;0;0;0;0;0;0;-3,760031200000000;-38,564075000000000
313989;2;11;2017;12:52;0;AV PRS CASTELO BRANCO;;;0;;Colis?úo;Luz do Dia;;;Meio de Quadra;;;0;1;1;1;0;1;0;0;0;0;0;0;;
314000;2;11;2017;18:00;0;RUA MON CARNEIRO DA CUNHA;;;0;;Choque c/ Obst?ículo Fixo;Anoitecer;;;Meio de Quadra;;;0;1;0;1;0;0;0;0;0;0;0;0;;
313997;2;11;2017;17:13;10720;RUA PORTO ALEGRE;RUA TERESINA;;0;;Colis?úo;Anoitecer;;;Cruz;Pare;;0;1;1;0;0;0;0;0;0;1;0;0;-3,759580000000000;-38,591844000000000
313995;2;11;2017;17:08;0;RUA VILA RICA;;;509;;Queda;Anoitecer;;;Meio de Quadra;;;0;1;0;0;0;0;0;0;0;1;0;0;-3,786909000000000;-38,547526000000000
313991;2;11;2017;16:14;0;RUA FARIAS LEMOS;;;800;;Atropelamento;Luz do Dia;;;Meio de Quadra;;;0;1;1;1;0;0;0;0;0;0;0;0;-3,813880300000000;-38,494398400000000
313992;2;11;2017;16:50;0;RUA SILVA JARDIM;;;893;;Colis?úo;Luz do Dia;;;Meio de Quadra;;;0;1;1;1;0;0;0;0;0;1;0;0;-3,740994000000000;-38,531768000000000
314016;2;11;2017;21:50;0;AV PLACIDO CASTELO;;;560;;Atropelamento;;;;Meio de Quadra;;;0;1;1;1;0;0;0;0;0;0;0;0;-3,782671000000000;-38,506809000000000
314002;2;11;2017;18:40;0;RUA URUCUTUBA;;;1450;;Atropelamento;;;;Meio de Quadra;;;0;1;1;0;0;0;0;0;0;1;0;0;-3,797470000000000;-38,607577000000000
314003;2;11;2017;19:17;0;RUA ANTERO QUENTAL;;;100;;Queda;;;;Meio de Quadra;;;0;1;0;0;0;0;0;0;0;1;0;0;-3,851835500000000;-38,492794900000000
314004;2;11;2017;19:18;1269;RUA PINTO MADEIRA;RUA ANTONIO AUGUSTO;;0;;Colis?úo;;;;Cruz;Pare;Comercial;0;1;1;0;0;0;0;0;0;0;0;0;-3,733285000000000;-38,514390000000000
314005;2;11;2017;19:20;0;RUA STA ROSA D20/21 (JACARECANGA);;;708;;Colis?úo;;;;Meio de Quadra;;;0;2;1;0;0;0;0;0;0;1;0;0;-3,715466000000000;-38,553666000000000
314006;2;11;2017;19:33;5749;RUA JULIO LIMA;AV DES GONZAGA;;0;;Colis?úo;;;;Cruz;Pare;Comercial;0;1;1;0;0;0;0;0;0;0;0;0;-3,796143000000000;-38,500411000000000
314007;2;11;2017;19:48;0;AV PRS CASTELO BRANCO;;;0;;Queda;;;;Meio de Quadra;;;0;1;0;0;0;1;0;0;0;0;0;0;;
314008;2;11;2017;19:54;0;RUA BAR IBIAPABA;;;1469;;Colis?úo;;;;Meio de Quadra;;;0;1;1;1;0;0;0;0;0;1;0;0;;
314009;2;11;2017;20:16;0;RUA ANTONIO GADELHA;;;0;;Colis?úo;;;;Meio de Quadra;;;0;2;1;0;1;0;0;0;0;1;0;0;;
314010;2;11;2017;20:20;0;RUA PDE CONSTANTINO;;;28;;Colis?úo;;;;Meio de Quadra;;;0;1;1;0;0;0;0;0;0;0;0;0;-3,716311000000000;-38,545693000000000
314011;2;11;2017;21:11;10502;RUA PRO JOSE HENRIQUE;RUA WILSON PEREIRA;;0;;Colis?úo;;;;Cruz;Pare;Residencial;0;1;1;1;0;0;0;0;0;1;0;0;-3,830787000000000;-38,477790000000000
313980;2;11;2017;01:10;0;RUA PERNAMBUCO;;;1961;;Colis?úo;;;;Meio de Quadra;;;0;1;1;0;0;0;0;0;0;0;0;0;-3,755028000000000;-38,574710000000000
313981;2;11;2017;06:32;0;TR PEDRO DE ARAUJO;;;220;;Queda;Luz do Dia;;;Meio de Quadra;;;0;1;0;0;0;0;0;0;0;1;0;0;;
313982;2;11;2017;07:10;0;RUA BAR AQUIRAZ;;;820;;Colis?úo;Luz do Dia;;;Meio de Quadra;;;0;2;0;1;0;0;0;0;0;1;0;0;-3,835895000000000;-38,488986000000000
313983;2;11;2017;08:18;25028;RUA ARARAQUARA;AV AUGUSTO DOS ANJOS;;0;;Atropelamento;Luz do Dia;;;T;Sem?íforo;Residencial;0;1;1;0;0;0;0;0;0;0;0;0;-3,781887000000000;-38,580678000000000
313984;2;11;2017;09:27;0;RUA SERGIPE;;;398;;Atropelamento;Luz do Dia;;;Meio de Quadra;;;0;1;1;0;0;0;0;0;0;0;0;0;;
313985;2;11;2017;10:15;0;RUA VALPARAISO;;;0;;Colis?úo;Luz do Dia;;;Meio de Quadra;;;0;1;1;1;0;0;0;0;0;1;0;0;;
313986;2;11;2017;11:58;6738;RUA DES WALDETARIO P MOTA;RUA VILEBALDO AGUIAR;;0;;Colis?úo;Luz do Dia;;;Cruz;N?úo H?í Controle;Comercial;0;1;1;1;0;0;0;0;0;1;0;0;-3,741853000000000;-38,483787000000000
313987;2;11;2017;12:20;0;AV SEN FERNANDES TAVORA;;;0;;Colis?úo;Luz do Dia;;;Meio de Quadra;;;0;1;1;1;0;0;0;0;0;1;0;0;;
304789;2;11;2017;11:18;0;RUA GAL SILVA JUNIOR;;;23;;Outros;Luz do Dia;Bom;Seca;Meio de Quadra;D?¬ Prefer?¬ncia;Comercial;0;2;0;1;0;0;0;0;0;1;0;0;-3,751899000000000;-38,528760000000000
304790;2;11;2017;20:20;0;RUA 15 DE NOVEMBRO;;;845;;Colis?úo Traseira;Via Iluminada;Bom;Seca;Meio de Quadra;Pare;Comercial;0;2;0;0;0;0;0;0;0;1;0;0;-3,770060000000000;-38,552751000000000
304791;2;11;2017;20:20;10999;RUA 15 DE NOVEMBRO;RUA ALBERTO MAGNO;;0;;Colis?úo Lateral;Via Iluminada;Bom;Seca;Cruz;Pare;Comercial;0;1;1;1;0;0;0;0;0;0;0;0;-3,769909000000000;-38,553169000000000
304829;2;11;2017;10:50;0;RUA 64 CJ JOSE WALTER;;;141;;Colis?úo Transversal;Luz do Dia;Bom;Seca;Meio de Quadra;N?úo H?í Controle;Comercial;0;2;0;1;0;0;0;0;0;0;0;0;-3,838094000000000;-38,558830000000000
304830;2;11;2017;09:30;0;RUA SERGIPE;;;1010;;Atropelamento;Luz do Dia;Bom;Seca;Meio de Quadra;Outros;Residencial;0;2;0;1;0;0;0;0;0;0;0;0;-3,762156000000000;-38,568364000000000
306065;2;11;2017;01:30;0;RUA CON DE CASTRO;;;5382;;Choque c/ Obst?ículo Fixo;;;;Meio de Quadra;;;1;0;0;0;0;0;0;0;0;1;0;0;-3,813056380000000;-38,598083397000000
304839;3;11;2017;22:00;0;AV JOAO DE ARAUJO LIMA;;;0;;Colis?úo Transversal;Via Iluminada;Bom;;T;Pare;Residencial;0;2;0;1;0;0;0;0;0;0;0;0;;
304841;3;11;2017;11:00;0;RUA EMILIO DE MENESES;;;38;;Colis?úo Traseira;Luz do Dia;Bom;Seca;Meio de Quadra;;Residencial;0;2;0;1;0;0;0;0;0;0;0;0;-3,783183400000000;-38,582044700000000
304843;3;11;2017;15:20;10963;RUA ANTONIO FIUZA;RUA 15 DE NOVEMBRO;;0;;Colis?úo Lateral;Luz do Dia;Bom;Seca;Cruz;Sem?íforo;Residencial;0;2;0;1;0;0;0;0;0;0;0;0;-3,770252000000000;-38,552228000000000
304844;3;11;2017;10:30;1269;RUA PINTO MADEIRA;RUA ANTONIO AUGUSTO;;0;;Colis?úo Lateral;Luz do Dia;Bom;Seca;Cruz;Pare;Comercial;0;1;1;1;0;0;0;0;0;0;0;0;-3,733285000000000;-38,514390000000000
304858;3;11;2017;13:15;0;AV PRS COSTA E SILVA;;;5676;;Colis?úo Traseira;Luz do Dia;Bom;Seca;Meio de Quadra;N?úo H?í Controle;Comercial;0;2;0;1;1;0;0;0;0;0;0;0;-3,829005862000000;-38,529854322000000
304862;3;11;2017;09:30;0;RUA BERNARDO MANUEL;;;8223;;Colis?úo Lateral;Luz do Dia;Bom;Seca;Meio de Quadra;Outros;Comercial;0;2;0;1;0;0;0;0;0;0;0;0;-3,791513000000000;-38,549221000000000
314020;3;11;2017;07:15;15359;RUA VICENTE LEITE;RUA PEREIRA VALENTE;;0;;Colis?úo;Luz do Dia;;;Cruz;Pare;Comercial;0;1;1;1;0;0;0;0;0;1;0;0;-3,733201000000000;-38,494152000000000
314018;3;11;2017;06:26;0;RUA EMILIO DE MENESES;;;1125;;Colis?úo;Luz do Dia;;;Meio de Quadra;;;0;1;1;0;0;0;0;0;0;1;0;0;-3,780555000000000;-38,591634000000000
314042;3;11;2017;22:36;0;AV PRS COSTA E SILVA;;;4427;UPA (JOSE WALTER);Queda;;;;Meio de Quadra;;;0;1;0;0;0;0;0;0;0;1;0;0;-3,825452000000000;-38,540394000000000
314043;3;11;2017;22:51;0;RUA CARIRIS;;;142;;Atropelamento;;;;Meio de Quadra;;;0;1;1;1;0;0;0;0;0;0;0;0;-3,720059000000000;-38,517282000000000
314038;3;11;2017;17:42;11059;RUA AFONSO LOPES;RUA OFIR;;0;;Colis?úo;Anoitecer;;;T;Pare;Residencial;0;2;0;0;0;0;0;0;0;1;0;0;-3,789230000000000;-38,547038000000000
314039;3;11;2017;18:14;0;RUA BAR SOBRAL;;;1181;;Colis?úo;Anoitecer;;;Meio de Quadra;;;0;1;1;1;0;0;0;0;0;1;0;0;-3,764180000000000;-38,559335000000000
314040;3;11;2017;20:53;6545;AV A CJ CEARA;AV H CJ CEARA;;0;;Colis?úo;;;;Cruz;Sem?íforo;Comercial;0;1;1;0;0;0;0;0;0;1;0;0;-3,775146000000000;-38,605924000000000