COD_ACIDENTE;DIA;MES;ANO;HORA;INTERSECAO;LOG1;LOG2;LOG3;NUMERO;REFERENCIA;NATUREZA;ILUMINACAO;TEMPO;SUPERFICIEPISTA;TIPOCRUZAMENTO;CONTROLETRAFEGO;USOSOLO;MORTOS;FERIDOS;ILESOS;AUTOMOVEL;ONIBUS;BICICLETA;CAMINHAO;MICROONIBUS;CICLOMOTOR;MOTOCICLETA;TRACAOANIMAL;TREM;LATITUDE;LONGITUDE
314035;3;11;2017;14:10;0;RUA MANUEL GALDINO;;;1954;;Colis?úo;Luz do Dia;;;Meio de Quadra;;;0;1;1;1;0;0;0;0;0;1;0;0;;
314036;3;11;2017;15:53;0;AV WASHINGTON SOARES;;;6623;;Colis?úo;Luz do Dia;;;Meio de Quadra;;;0;2;0;1;0;0;0;0;0;1;0;0;-3,816268000000000;-38,482441000000000
314033;3;11;2017;11:55;0;AV MAE LISBOA;;;0;;Queda;Luz do Dia;;;Meio de Quadra;;;0;2;0;0;0;0;0;0;0;1;0;0;;
314029;3;11;2017;11:27;15181;AV RUI BARBOSA;RUA TOMAS POMPEU;;0;;Colis?úo;Luz do Dia;;;Cruz;Pare;Residencial;0;1;1;1;0;0;0;0;0;1;0;0;-3,725871000000000;-38,506160000000000
314022;3;11;2017;09:05;23791;RUA COSTA FREIRE;RUA RAIMUNDO NERY;;0;;Colis?úo;Luz do Dia;;;Cruz;Pare;Residencial;0;1;1;1;0;0;0;0;0;1;0;0;-3,794144000000000;-38,586423000000000
314023;3;11;2017;09:27;0;RUA JULIO SILVA;;;440;;Atropelamento;Luz do Dia;;;Meio de Quadra;;;0;1;1;0;0;0;0;0;0;1;0;0;;
314024;3;11;2017;09:54;0;RUA EQUADOR;;;76;;Colis?úo;Luz do Dia;;;Meio de Quadra;;;0;1;1;0;0;0;0;0;0;1;0;0;-3,769022600000000;-38,550768500000000
314025;3;11;2017;09:55;1358;AV SANTOS DUMONT;AV DES MOREIRA;;0;;Atropelamento;Luz do Dia;;;Cruz;Sem?íforo;Comercial;0;1;1;1;0;0;0;0;0;0;0;0;-3,736226000000000;-38,498365000000000
314026;3;11;2017;09:57;0;AV PRS CASTELO BRANCO;;;4720;;Colis?úo;Luz do Dia;;;Meio de Quadra;;;0;2;0;1;0;0;0;0;0;1;0;0;-3,706400000000000;-38,573880000000000
314027;3;11;2017;10:03;0;AV AGUANAMBI;;;814;;Colis?úo;Luz do Dia;;;Meio de Quadra;;;0;1;1;1;0;0;0;0;0;1;0;0;-3,742889000000000;-38,525811000000000
312130;3;11;2017;13:52;0;AV JOAO DE ARAUJO LIMA;;;691;;Colis?úo Lateral;Luz do Dia;Bom;Seca;Meio de Quadra;Sem?íforo;Residencial;0;0;2;1;1;0;0;0;0;0;0;0;-3,827846500000000;-38,559376000000000
312132;3;11;2017;15:45;0;RUA CEL FRANCISCO PEREIRA (MESSEJANA);;;368;;Colis?úo Transversal;Luz do Dia;Bom;Seca;Meio de Quadra;N?úo H?í Controle;Comercial;0;0;2;1;0;0;0;0;0;0;0;0;-3,832063700000000;-38,492943000000000
312133;3;11;2017;15:45;0;AV PRS JUSCELINO KUBITSCHEK (PASSAR?ë);;;3721;;Colis?úo Transversal;Luz do Dia;Bom;Seca;Meio de Quadra;Sem?íforo;Comercial;0;1;1;1;0;0;0;0;0;1;0;0;-3,815294000000000;-38,530895000000000
312134;3;11;2017;16:31;0;AV FRANCISCO SA;;;3940;;Colis?úo Lateral;Luz do Dia;Bom;Seca;Meio de Quadra;N?úo H?í Controle;Comercial;0;0;2;1;0;0;0;0;0;0;0;0;-3,716721500000000;-38,559063000000000
312135;3;11;2017;19:17;7923;AV DES MOREIRA;RUA ISAC AMARAL;;0;;Colis?úo Transversal;Via Iluminada;Bom;Seca;Cruz;Sem?íforo;Comercial;0;2;0;1;0;0;0;0;0;1;0;0;-3,753014800000000;-38,503918000000000
312136;3;11;2017;19:54;0;RUA COSTA BARROS;;;2070;;Engavetamento;Via Iluminada;Bom;Seca;Meio de Quadra;N?úo H?í Controle;Comercial;0;0;4;1;0;0;0;0;0;0;0;0;-3,732512500000000;-38,505060000000000
312137;3;11;2017;20:37;13396;RUA JOAO BRIGIDO;RUA BAR ARACATI;;0;;Colis?úo Transversal;Via Iluminada;Bom;Seca;Cruz;N?úo H?í Controle;Residencial;0;0;1;1;0;0;0;0;0;0;0;0;-3,740961300000000;-38,514620000000000
312138;3;11;2017;20:00;0;AV SGT HERMINIO SAMPAIO;;;1415;;Colis?úo Transversal;Mal Iluminada;Bom;Seca;Meio de Quadra;N?úo H?í Controle;Residencial;0;0;2;1;1;0;0;0;0;0;0;0;-3,725131300000000;-38,553560000000000
312139;3;11;2017;19:50;0;AV ENG AGRONOMO JOSE GUIMARAES DUQUE;RUA JOSE RIBAMAR S AGUIAR;;0;;Colis?úo Transversal;Via Iluminada;Bom;Seca;Cruz;Pare;Residencial;0;0;2;1;0;0;0;0;0;0;0;0;-3,803606500000000;-38,492294000000000
312140;3;11;2017;23:44;5366;RUA SEN POMPEU;AV DUQ CAXIAS;;0;;Colis?úo Transversal;Via Iluminada;Bom;Seca;Cruz;Sem?íforo;Comercial;0;0;2;1;1;0;0;0;0;0;0;0;-3,731454400000000;-38,530960000000000
312122;3;11;2017;07:45;0;AV EDUARDO GIRAO;RUA JULIO CESAR D04;;0;;Colis?úo Traseira;Luz do Dia;Bom;Seca;Meio de Quadra;Sem?íforo;Comercial;0;0;2;1;0;0;0;0;0;0;0;0;-3,747572000000000;-38,540905000000000
312123;3;11;2017;10:05;0;AV ANTONIO SALES;;;1;;Colis?úo Transversal;Luz do Dia;Bom;Seca;Meio de Quadra;N?úo H?í Controle;Comercial;0;0;2;1;0;0;0;0;0;0;0;0;-3,739313600000000;-38,522205000000000
312124;3;11;2017;09:55;0;AV SANTOS DUMONT;;;2825;;Atropelamento;Luz do Dia;Bom;Seca;Meio de Quadra;N?úo H?í Controle;Comercial;0;1;1;1;0;0;0;0;0;0;0;0;-3,736057300000000;-38,498802000000000
312125;3;11;2017;09:05;1272;AV DOM LUIS;RUA JOAQUIM NABUCO;;0;;Colis?úo Lateral;Luz do Dia;Bom;Seca;Cruz;Sem?íforo;Comercial;0;0;2;1;0;0;0;0;0;0;0;0;-3,732322500000000;-38,500270000000000
312126;3;11;2017;10:20;7775;AV ANTONIO SALES;AV BAR STUDART;;0;;Colis?úo Traseira;Luz do Dia;Bom;Seca;Cruz;Sem?íforo;Comercial;0;0;2;1;0;0;0;0;0;0;0;0;-3,743365800000000;-38,509320000000000
312127;3;11;2017;10:20;5394;AV TRISTAO GONCALVES;RUA METON DE ALENCAR;;0;;Colis?úo Traseira;Luz do Dia;Bom;Seca;Cruz;Sem?íforo;Comercial;0;0;2;1;0;0;0;0;0;0;0;0;-3,732221400000000;-38,534730000000000
312128;3;11;2017;10:45;0;RUA JOAQUIM FELICIO;;;261;;Colis?úo Traseira;Luz do Dia;Bom;Seca;Cruz;Gesto;Comercial;0;0;1;1;0;0;0;0;0;0;0;0;-3,829872000000000;-38,492584000000000
316037;3;11;2017;11:30;0;RD CE-040;;;0;KM-05;Colis?úo;Luz do Dia;Bom;Seca;Meio de Quadra;;;0;0;2;0;1;0;0;0;0;0;0;0;-3,800595823000000;-38,479534630000000
316041;3;11;2017;14:20;0;RD CE-040;;;0;KM-05;Colis?úo;Luz do Dia;Bom;Seca;Meio de Quadra;;;0;0;2;1;0;0;0;0;0;0;0;0;-3,800595823000000;-38,479534630000000
316042;4;11;2017;13:30;0;AV SEN CARLOS JEREISSATI (AEROPORTO);;;0;KM 02;Colis?úo;Luz do Dia;Bom;Seca;Meio de Quadra;;;0;0;2;1;0;0;0;0;0;0;0;0;-3,782194000000000;-38,535424000000000
305777;4;11;2017;20:00;0;AV PRS COSTA E SILVA;;;1578;;Atropelamento;;;;Meio de Quadra;;;1;0;1;0;0;0;0;0;0;1;0;0;-3,845831600000000;-38,508425800000000
326203;4;11;2017;11:30;0;RD BR 116;;;3000;KM-03;Atropelamento;Luz do Dia;;Seca;Meio de Quadra;;;0;2;0;0;0;0;0;0;0;1;0;0;-3,779838000000000;-38,514372000000000
304894;4;11;2017;20:30;0;AV MIGUEL DIAS;;;1444;;Colis?úo;Via Iluminada;Bom;Seca;Meio de Quadra;Pare;Residencial;0;3;0;1;0;0;0;0;0;1;0;0;-3,769091000000000;-38,487282000000000
312141;4;11;2017;09:20;183;AV SGT HERMINIO SAMPAIO;AV CEL CARVALHO;;0;;Colis?úo Traseira;Luz do Dia;Bom;Seca;Cruz;Sem?íforo;Residencial;0;0;2;1;0;0;0;0;0;0;0;0;-3,732756100000000;-38,582640000000000
312142;4;11;2017;11:09;0;AV BEZERRA DE MENEZES;;;921;;Colis?úo Lateral;Luz do Dia;Bom;Seca;Meio de Quadra;Sem?íforo;Comercial;0;0;2;1;0;0;0;0;0;0;0;0;-3,733479700000000;-38,553050000000000
312143;4;11;2017;12:27;0;RUA SEN POMPEU;;;2607;;Colis?úo Lateral;Luz do Dia;Bom;Seca;Meio de Quadra;N?úo H?í Controle;Escola;0;0;2;1;1;0;0;0;0;0;0;0;-3,741164700000000;-38,534000000000000
312144;4;11;2017;13:22;0;RUA EDUARDO PERDIGAO;;;0;;Colis?úo Traseira;Luz do Dia;Bom;Seca;Com Via F?®rrea;Cancela;Comercial;0;0;1;1;0;0;0;0;0;0;0;0;-3,776399000000000;-38,564220000000000
312145;4;11;2017;15:08;5434;AV HERACLITO GRACA;AV DOM MANUEL;;0;;Colis?úo Lateral;Luz do Dia;Bom;Seca;Cruz;Sem?íforo;Comercial;0;0;2;1;0;0;0;0;0;0;0;0;-3,733865500000000;-38,522690000000000
312146;4;11;2017;16:50;0;AV HIS RAIMUNDO GIRAO;;;0;;Colis?úo Traseira;Via Iluminada;Bom;Seca;Meio de Quadra;Sem?íforo;Comercial;0;0;2;1;0;0;0;0;0;0;0;0;-3,721890400000000;-38,508892000000000
312201;4;11;2017;05:30;25292;RUA CEL MATOS DOURADO;RUA GUIMARAES PASSOS;;0;;Colis?úo Traseira;Luz do Dia;Bom;Molhada;T;Pare;Comercial;0;0;1;1;0;0;0;0;0;0;0;0;-3,733964700000000;-38,547195000000000
312165;4;11;2017;11:45;0;RUA RIO GRANDE DO SUL;;;777;;Colis?úo Transversal;Luz do Dia;Bom;Seca;Cruz;Pare;Comercial;0;0;1;0;0;0;0;0;0;0;0;0;-3,755529400000000;-38,565700000000000
312168;4;11;2017;13:45;25265;AV DES FELICIANO DE ATAIDE (EDSON QUEIROZ);AV ENG LEAL LIMA VERDE (SAPIRANGA/COITE);;0;;Colis?úo Transversal;Luz do Dia;Bom;Seca;Cruz;Pare;Residencial;0;0;2;1;0;0;0;0;0;0;0;0;-3,786562700000000;-38,476486000000000
312214;4;11;2017;17:50;5733;AV DES GONZAGA;RUA BENJAMIM MOURA;;0;;Colis?úo Transversal;Anoitecer;Bom;Seca;T;Pare;Comercial;0;1;1;1;0;0;0;0;0;0;0;0;-3,799052500000000;-38,498930000000000
314046;4;11;2017;01:25;0;LOGRADOURO SEM NOME;;;0;;Queda;;;;Meio de Quadra;;;0;1;0;0;0;0;0;0;0;1;0;0;;
314047;4;11;2017;02:08;0;AV OLIVEIRA PAIVA;;;1592;;Atropelamento;;;;Meio de Quadra;;;0;1;1;1;0;0;0;0;0;0;0;0;-3,795716000000000;-38,492240000000000
314048;4;11;2017;04:33;24979;AV ALM HENRIQUE SABOIA;RUA PRO FRANCISCO GONCALVES;;0;;Queda;;;;T;Pare;Residencial;0;1;0;0;0;0;0;0;0;1;0;0;-3,749278000000000;-38,493668000000000
314049;4;11;2017;04:35;0;RUA RECANTO VERDE;;;106;;Colis?úo;;;;Meio de Quadra;;;0;1;1;1;0;0;0;0;0;1;0;0;-3,834952000000000;-38,511028000000000
314050;4;11;2017;05:16;0;AV GOV PARSIFAL BARROSO;;;300;;Colis?úo;Amanhecer;;;Meio de Quadra;;;0;1;1;1;0;1;0;0;0;0;0;0;-3,729806000000000;-38,569183000000000
314051;4;11;2017;09:39;0;RUA HOLANDA;;;0;;Colis?úo;Luz do Dia;;;Meio de Quadra;;;0;1;1;1;0;0;0;0;0;1;0;0;;
314052;4;11;2017;11:02;0;RUA CARVALHO MOTA;;;409;;Colis?úo;Luz do Dia;;;Meio de Quadra;;;0;1;1;0;0;0;0;0;0;1;0;0;-3,738419000000000;-38,544626000000000
314053;4;11;2017;11:16;22147;RUA PAPI JUNIOR;RUA GUSTAVO BRAGA;;0;;Colis?úo;Luz do Dia;;;Cruz;Pare;Residencial;0;1;1;1;0;0;0;0;0;1;0;0;-3,749148000000000;-38,554656000000000
314054;4;11;2017;11:28;17585;RUA MARANHAO;RUA RIO GRANDE DO SUL;;0;;Colis?úo;Luz do Dia;;;Cruz;Pare;Residencial;0;1;1;1;0;1;0;0;0;0;0;0;-3,755695000000000;-38,565689000000000
314055;4;11;2017;11:35;0;RD BR 116;;;3000;KM-03;Atropelamento;Luz do Dia;;;Meio de Quadra;;;0;2;0;0;0;0;0;0;0;1;0;0;-3,779838000000000;-38,514372000000000
314105;4;11;2017;21:55;0;RUA CARAMURU D45 (ITAPERI);;;156;;Colis?úo;;;;Meio de Quadra;;;0;1;1;1;0;0;0;0;0;1;0;0;-3,789076000000000;-38,541143000000000
314106;4;11;2017;22:16;0;AV SEN FERNANDES TAVORA;;;2433;;Atropelamento;;;;Meio de Quadra;;;0;1;1;0;0;0;0;0;0;1;0;0;-3,755837000000000;-38,594468000000000
314107;4;11;2017;22:26;0;AV DES GONZAGA;;;294;;Queda;;;;Meio de Quadra;;;0;1;0;0;0;1;0;0;0;0;0;0;-3,789547000000000;-38,503413000000000
314101;4;11;2017;20:16;0;RUA DIOGO FEIJO;;;599;;Colis?úo;;;;Meio de Quadra;;;0;1;1;1;0;0;0;0;0;1;0;0;-3,828005000000000;-38,487404000000000
314102;4;11;2017;20:19;0;RUA JULIO SILVA;;;440;;Queda;;;;Meio de Quadra;;;0;1;0;0;0;0;0;0;0;1;0;0;;
314103;4;11;2017;21:03;0;RUA FRE JOSE MAURICIO;;;0;;Queda;;;;Meio de Quadra;;;0;1;0;0;0;1;0;0;0;0;0;0;;
314093;4;11;2017;19:23;5051;RUA SEN POMPEU;RUA SEN JAGUARIBE;;0;;Queda;;;;Cruz;Pare;Comercial;0;1;0;0;0;0;0;0;0;1;0;0;-3,721667000000000;-38,528055000000000
314094;4;11;2017;19:31;0;AV PDE ANTONIO TOMAS;;;0;;Queda;;;;Meio de Quadra;;;0;1;0;0;0;0;0;0;0;1;0;0;;
314096;4;11;2017;19:35;12393;RUA ALUISIO AZEVEDO;RUA DES FELIX CANDIDO;;0;;Colis?úo;;;;Cruz;Pare;Residencial;0;1;1;1;0;0;0;0;0;1;0;0;-3,770664000000000;-38,578296000000000
314080;4;11;2017;11:55;11339;AV BENJAMIM BRASIL;AV GODOFREDO MACIEL;;0;;Queda;Luz do Dia;;;Cruz;Sem?íforo;Comercial;0;1;0;0;0;1;0;0;0;0;0;0;-3,803264000000000;-38,572040000000000
314081;4;11;2017;12:08;0;RUA BERNARDO MANUEL;;;8241;;Colis?úo;Luz do Dia;;;Meio de Quadra;;;0;1;1;0;0;0;0;0;0;0;0;0;-3,791601000000000;-38,549248000000000
314082;4;11;2017;12:23;5466;RUA METON DE ALENCAR;AV VIS RIO BRANCO;;0;;Colis?úo;Luz do Dia;;;Cruz;Sem?íforo;Comercial;0;1;1;1;0;0;0;0;0;1;0;0;-3,735770000000000;-38,524153000000000
314083;4;11;2017;13:48;25062;AV DOS EXPEDICIONARIOS;RUA PDE AMBROSIO MACHADO;;0;;Colis?úo;Luz do Dia;;;Cruz;Pare;Comercial;0;1;1;1;0;0;0;0;0;1;0;0;-3,760838000000000;-38,539946000000000
314084;4;11;2017;14:43;0;RUA GONCALVES DIAS;;;547;;Colis?úo;Luz do Dia;;;Meio de Quadra;;;0;1;1;1;0;0;0;0;0;1;0;0;-3,744179000000000;-38,555374000000000
314085;4;11;2017;15:35;19062;RUA DES WALDETARIO P MOTA;RUA PAULO MORAIS;;0;;Colis?úo;Luz do Dia;;;Cruz;Pare;Residencial;0;1;1;0;0;0;0;0;0;0;0;0;-3,736632000000000;-38,480491000000000
314086;4;11;2017;16:26;0;AV CARAPINIMA;;;2306;;Colis?úo;Luz do Dia;;;Meio de Quadra;;;0;1;1;1;0;0;0;0;0;1;0;0;-3,740113000000000;-38,540353000000000
314087;4;11;2017;17:36;25254;RUA CRISANTO M DA ROCHA;RUA JOAQUIM DE FIGUEIREDO FILHO;;0;;Colis?úo;Anoitecer;;;Cruz;Pare;Residencial;0;1;1;1;0;0;0;0;0;1;0;0;;
314088;4;11;2017;18:09;0;RUA FRANCISCO DOMINGOS;;;678;;Queda;Anoitecer;;;Meio de Quadra;;;0;1;0;0;0;0;0;0;0;1;0;0;-3,779180000000000;-38,585911000000000
314089;4;11;2017;19:00;0;RUA MAISA;;;659;;Colis?úo;;;;Meio de Quadra;;;0;1;1;0;0;0;0;0;0;1;0;0;-3,848686000000000;-38,526929000000000
314099;4;11;2017;20:14;0;AV ALBERTO CRAVEIRO;;;0;;Colis?úo;;;;Meio de Quadra;;;0;1;1;1;0;1;0;0;0;0;0;0;;
304865;4;11;2017;04:40;0;AV PRS CASTELO BRANCO;;;2754;;Colis?úo Traseira;Luz do Dia;Bom;Seca;Meio de Quadra;Sem?íforo;Residencial;0;2;0;1;0;0;0;0;0;0;0;0;-3,712595000000000;-38,552376000000000
304866;4;11;2017;16:06;11285;RUA CARLOS STUDART;RUA FRANCISCO GLICERIO;;0;;Colis?úo;Luz do Dia;Bom;Seca;Cruz;Pare;Comercial;0;2;1;1;0;0;0;0;0;1;0;0;-3,796234000000000;-38,568900000000000
304870;4;11;2017;16:36;11630;RUA PRO HERIBALDO COSTA;RUA BOA VISTA;;0;;Colis?úo Transversal;Luz do Dia;Bom;Seca;Cruz;Outros;Residencial;0;2;1;1;0;0;0;0;0;1;0;0;-3,767974000000000;-38,588035000000000
304872;4;11;2017;14:27;7982;RUA MAJ WEYNE;RUA CARLOS CAMARA;;0;;Colis?úo Lateral;Luz do Dia;Bom;Seca;Cruz;Pare;Residencial;0;2;0;1;0;0;0;0;0;1;0;0;-3,748600000000000;-38,544497000000000
304874;4;11;2017;11:00;0;RUA JOSE BORBA VASCONCELOS;;;50;;Colis?úo Frontal;Luz do Dia;Bom;Seca;Meio de Quadra;N?úo H?í Controle;Residencial;0;2;0;1;0;0;0;0;0;0;0;0;;
304875;4;11;2017;12:20;0;RUA GUSTAVO SAMPAIO;;;0;;Outros;Luz do Dia;Bom;Seca;Meio de Quadra;D?¬ Prefer?¬ncia;Residencial;0;2;0;1;0;0;0;0;0;1;0;0;;
304878;4;11;2017;14:30;0;AV GAL OSORIO DE PAIVA;;;476;;Colis?úo Lateral;Luz do Dia;Bom;Seca;Meio de Quadra;N?úo H?í Controle;Escola;0;2;0;1;0;0;0;1;0;0;0;0;-3,775851000000000;-38,566882000000000
304888;5;11;2017;17:12;19736;RUA GUSTAVO SAMPAIO;RUA PRO RAIMUNDO VITOR;;0;;Colis?úo Lateral;Anoitecer;Bom;Seca;Cruz;Pare;Residencial;0;3;0;1;0;0;0;0;0;1;0;0;-3,737240000000000;-38,565994000000000
304884;5;11;2017;05:15;5448;RUA METON DE ALENCAR;RUA BAR ARATANHA;;0;;Colis?úo Transversal;Luz do Dia;Bom;Seca;Cruz;Pare;Residencial;0;1;1;1;0;0;0;0;0;0;0;0;-3,734847000000000;-38,527028000000000
304880;5;11;2017;10:20;26073;AV FRANCISCO SA;AV JOSE JATAHY;;0;;Colis?úo Transversal;Luz do Dia;Bom;Seca;Cruz;Sem?íforo;Residencial;0;2;0;0;1;0;0;0;0;1;0;0;-3,720897980000000;-38,546818250000000
304881;5;11;2017;08:16;5109;AV ALBERTO NEPOMUCENO;RUA DR JOAO MOREIRA;;0;;Engavetamento;Luz do Dia;Bom;Seca;Cruz;Sem?íforo;Comercial;0;2;0;1;0;0;0;0;0;0;0;0;-3,723737000000000;-38,524608000000000
304892;5;11;2017;09:00;10178;RUA JOSE TORRES;RUA SOUSA CARVALHO;;0;;Colis?úo Transversal;Luz do Dia;Bom;Seca;Cruz;Pare;Residencial;0;2;0;1;0;0;0;0;0;1;0;0;-3,778505000000000;-38,606863000000000
314112;5;11;2017;00:49;0;RUA DR JOSE LOURENCO;;;777;;Capotamento;;;;Meio de Quadra;;;0;1;0;1;0;0;0;0;0;0;0;0;-3,730527000000000;-38,506495000000000
314110;5;11;2017;00:15;0;RUA LEBRE;;;175;;Queda;;;;Meio de Quadra;;;0;1;0;0;0;0;0;0;0;1;0;0;-3,748075000000000;-38,567569000000000
314136;5;11;2017;05:34;0;AV BEZERRA DE MENEZES;;;0;;Queda;Amanhecer;;;Meio de Quadra;;;0;1;0;0;0;1;0;0;0;0;0;0;;
314132;5;11;2017;04:02;24913;AV MOZART PINHEIRO DE LUCENA;AV DA INDEPENDENCIA;;0;;Colis?úo;;;;Cruz;Sem?íforo;Comercial;0;2;0;0;0;0;0;0;0;1;0;0;-3,724957000000000;-38,597615000000000
314141;5;11;2017;08:34;0;AV JOR THOMAZ COELHO;;;0;;Colis?úo;Luz do Dia;;;Meio de Quadra;;;0;1;1;1;0;0;0;0;0;1;0;0;;
314138;5;11;2017;07:18;0;RUA JOSE DANTAS VIEIRA;;;0;;Colis?úo;Luz do Dia;;;Meio de Quadra;;;0;1;1;1;0;0;0;0;0;1;0;0;;
314139;5;11;2017;07:32;0;AV PRO JOSE ARTHUR CARVALHO;;;2211;;Colis?úo;Luz do Dia;;;Meio de Quadra;;;0;1;1;1;0;0;0;0;0;1;0;0;-3,824528000000000;-38,459305000000000
314147;5;11;2017;09:46;0;RUA CEL MATOS DOURADO;;;3750;;Colis?úo;Luz do Dia;;;Meio de Quadra;;;0;1;1;1;0;0;0;0;0;1;0;0;-3,741123826000000;-38,585212673000000
314148;5;11;2017;10:32;0;RUA PERNAMBUCO;;;0;;Colis?úo;Luz do Dia;;;Meio de Quadra;;;0;1;1;0;0;0;0;0;0;0;0;0;;
314181;5;11;2017;19:43;0;AV MR HULL;;;0;;Atropelamento;;;;Meio de Quadra;;;0;1;1;1;0;0;0;0;0;0;0;0;;
314179;5;11;2017;18:34;0;AV ENG SANTANA JUNIOR;;;0;;Colis?úo;;;;Meio de Quadra;;;0;1;1;1;0;0;0;0;0;1;0;0;;
314159;5;11;2017;16:42;5326;RUA GAL CLARINDO DE QUEIROZ;RUA TEREZA CRISTINA;;0;;Colis?úo;Luz do Dia;;;Cruz;Sem?íforo;Comercial;0;1;1;1;0;0;0;0;0;1;0;0;-3,730276000000000;-38,537735000000000
314160;5;11;2017;16:45;0;RUA MON HIPOLITO BRASIL;;;707;;Atropelamento;Luz do Dia;;;Meio de Quadra;;;0;2;0;0;0;0;0;0;0;1;0;0;-3,758443000000000;-38,579675000000000
314161;5;11;2017;17:34;26075;AV JOSE JATAHY;AV SGT HERMINIO SAMPAIO;;0;;Atropelamento;Anoitecer;;;Cruz;Sem?íforo;Comercial;0;1;1;1;0;0;0;0;0;0;0;0;-3,724679297000000;-38,546275142000000
314143;5;11;2017;09:23;0;RUA CARLOS VASCONCELOS;;;197;;Queda;Luz do Dia;;;Meio de Quadra;;;0;1;0;0;0;1;0;0;0;0;0;0;-3,723847397000000;-38,507823741000000
314154;5;11;2017;11:20;12364;RUA GUARANI D35 (JOAO XXIII);AV CARNEIRO DE MENDONCA;;0;;Colis?úo;Luz do Dia;;;Cruz;Pare;Residencial;0;1;2;1;0;0;0;0;0;1;0;0;-3,758759000000000;-38,577321000000000
314155;5;11;2017;12:13;4640;AV WASHINGTON SOARES;RUA JOAQUIM FROTA;;0;;Colis?úo;Luz do Dia;;;Cruz;Pare;Comercial;0;2;1;1;0;0;0;0;0;1;0;0;-3,801974000000000;-38,479423000000000
314156;5;11;2017;16:14;0;AV CASTELO DE CASTRO;;;745;;Colis?úo;Luz do Dia;;;Meio de Quadra;;;0;1;1;1;0;0;0;0;0;1;0;0;-3,836112000000000;-38,521665000000000
314191;5;11;2017;23:43;0;RUA VALPARAISO;;;100;;Queda;;;;Meio de Quadra;;;0;1;0;0;0;0;0;0;0;1;0;0;-3,851573300000000;-38,504999100000000
314183;5;11;2017;20:00;0;RUA CAP VASCONCELOS D46;;;947;;Atropelamento;;;;Meio de Quadra;;;0;1;1;1;0;0;0;0;0;0;0;0;-3,770645000000000;-38,516162000000000
314185;5;11;2017;21:02;0;RUA JOAO GENTIL;;;0;;Colis?úo;;;;Meio de Quadra;;;0;1;1;1;0;0;0;0;0;0;0;0;;
314189;5;11;2017;22:19;546;RUA TOMAS GONZAGA;RUA WALTER POMPEU;;0;;Colis?úo;;;;;;;0;1;1;1;0;0;0;0;0;1;0;0;-3,711783000000000;-38,568655000000000
314187;5;11;2017;21:31;0;RUA JACINTO MATOS;;;944;;Colis?úo;;;;Meio de Quadra;;;0;1;1;1;0;0;0;0;0;1;0;0;;
312187;5;11;2017;21:41;19729;RUA AZEVEDO BOLAO;RUA DOM JOSE LOURENCO  D27;;0;;Colis?úo Transversal;Via Iluminada;Bom;Seca;Cruz;Pare;Residencial;0;0;1;1;0;0;0;0;0;0;0;0;-3,736964700000000;-38,559452000000000
312163;5;11;2017;21:39;0;AV DIOGUINHO;;;2214;;Tombamento;Via Iluminada;Bom;Seca;Meio de Quadra;N?úo H?í Controle;Comercial;0;1;0;1;0;0;0;0;0;0;0;0;-3,736291000000000;-38,456287000000000
312150;5;11;2017;18:01;0;AV OLIVEIRA PAIVA;;;380;;Colis?úo Traseira;Via Iluminada;Bom;Seca;Meio de Quadra;N?úo H?í Controle;Comercial;0;0;2;1;0;0;0;0;0;0;0;0;-3,798158200000000;-38,502026000000000
312151;5;11;2017;10:58;17361;RUA BAR SOBRAL;RUA BAR CANINDE;;0;;Colis?úo Traseira;Luz do Dia;Bom;Seca;Cruz;Pare;Residencial;0;1;1;1;0;0;0;0;0;1;0;0;-3,766357400000000;-38,555840000000000
312152;5;11;2017;16:20;5120;AV MON TABOSA;RUA JOAO CORDEIRO;;0;;Colis?úo Traseira;Luz do Dia;Bom;Seca;Cruz;Sem?íforo;Comercial;0;2;1;1;0;0;0;0;0;1;0;0;-3,723884300000000;-38,512550000000000
312153;5;11;2017;17:58;25769;AV DR SILAS MUNGUBA;RUA CORUMBA;;0;;Colis?úo Traseira;Via Iluminada;Bom;Seca;Cruz;Pare;Comercial;0;0;2;1;0;0;0;0;0;0;0;0;-3,800969400000000;-38,530060000000000
312154;5;11;2017;18:20;0;AV ALBERTO CRAVEIRO;;;2644;;Colis?úo Traseira;Via Iluminada;Bom;Seca;Meio de Quadra;N?úo H?í Controle;Comercial;0;0;2;1;0;0;0;0;0;0;0;0;-3,802501700000000;-38,520990000000000
312156;5;11;2017;21:44;0;AV PDE ANTONIO TOMAS;;;3155;;Colis?úo Frontal;Via Iluminada;Bom;Seca;Meio de Quadra;Gesto;Residencial;0;1;1;1;0;0;0;0;0;1;0;0;-3,745366600000000;-38,483624000000000
312147;5;11;2017;07:35;3209;RUA ANSELMO NOGUEIRA;RUA VITAL BRASIL;;0;;Colis?úo Transversal;Luz do Dia;Bom;Seca;Cruz;Sem?íforo;Residencial;0;0;1;1;0;0;0;0;0;0;0;0;-3,780960800000000;-38,587140000000000
312148;5;11;2017;08:50;0;AV OLIVEIRA PAIVA;;;1595;;Colis?úo Traseira;Luz do Dia;Bom;Seca;T;Sem?íforo;Comercial;0;1;1;1;0;0;0;0;0;0;0;0;-3,795651000000000;-38,492798000000000