COD_ACIDENTE;DIA;MES;ANO;HORA;INTERSECAO;LOG1;LOG2;LOG3;NUMERO;REFERENCIA;NATUREZA;ILUMINACAO;TEMPO;SUPERFICIEPISTA;TIPOCRUZAMENTO;CONTROLETRAFEGO;USOSOLO;MORTOS;FERIDOS;ILESOS;AUTOMOVEL;ONIBUS;BICICLETA;CAMINHAO;MICROONIBUS;CICLOMOTOR;MOTOCICLETA;TRACAOANIMAL;TREM;LATITUDE;LONGITUDE
316045;5;11;2017;10:50;0;AV SEN CARLOS JEREISSATI (AEROPORTO);;;0;KM 04;Choque c/ Obst?ículo Fixo;Luz do Dia;Bom;Seca;Meio de Quadra;;;0;0;1;1;0;0;0;0;0;0;0;0;-3,774020000000000;-38,550907000000000
316046;6;11;2017;14:00;0;RD CE-040;;;0;KM-07;Colis?úo;Luz do Dia;Bom;Seca;Meio de Quadra;;;0;0;3;1;0;0;0;0;0;0;0;0;-3,817159445000000;-38,483032860000000
316047;6;11;2017;18:40;0;RD CE-040;;;0;KM-01;Colis?úo;;Bom;Seca;Meio de Quadra;;;0;0;2;1;0;0;0;0;0;0;0;0;-3,764650449000000;-38,482583040000000
312157;6;11;2017;07:15;5742;AV OLIVEIRA PAIVA;RUA MANUEL MONTEIRO;;1;;Colis?úo Traseira;Luz do Dia;Bom;Seca;Cruz;Sem?íforo;Comercial;0;0;2;1;0;0;0;0;0;0;0;0;-3,795503600000000;-38,493954000000000
312158;6;11;2017;07:04;24347;RUA DES PRAXEDES;AV LUCIANO CARNEIRO;;0;;Colis?úo Traseira;Luz do Dia;Bom;Seca;Cruz;Sem?íforo;Comercial;0;2;1;0;0;0;0;0;0;1;0;0;-3,764851600000000;-38,536810000000000
312159;6;11;2017;07:28;0;RUA VALPARAISO;AV C CJ HAB ST SAO JOAO;;0;;Colis?úo Transversal;Luz do Dia;Bom;Seca;;;;0;1;1;0;1;0;0;0;0;0;0;0;-3,848718200000000;-38,512413000000000
312160;6;11;2017;09:40;0;AV ABOLICAO;RUA OSVALDO CRUZ;;0;;Choque c/ Obst?ículo Fixo;Luz do Dia;Bom;Seca;Cruz;Sem?íforo;Comercial;0;0;1;0;0;0;0;0;0;0;0;0;-3,726819300000000;-38,497600000000000
312161;6;11;2017;10:15;18290;RUA TOMAS LOPES;RUA TIJIPIO;;106;;Colis?úo Frontal;Luz do Dia;Bom;Seca;Cruz;Pare;Residencial;0;0;1;1;0;0;0;0;0;0;0;0;-3,721089600000000;-38,515713000000000
312162;6;11;2017;09:30;21355;RUA DOM MANUEL DE MEDEIROS;RUA PRO JOSE DE BARCELOS;;0;;Colis?úo Traseira;Luz do Dia;Bom;Seca;Cruz;Pare;Residencial;0;0;0;1;0;0;0;0;0;0;0;0;-3,736298300000000;-38,550260000000000
312164;6;11;2017;10:20;15973;AV GODOFREDO MACIEL;RUA GAL ONOFRE;;0;;Colis?úo Transversal;Luz do Dia;Bom;Seca;T;Pare;Comercial;0;1;1;1;0;0;0;0;0;1;0;0;-3,807181600000000;-38,573105000000000
312166;6;11;2017;10:30;0;RUA MON HIPOLITO BRASIL;;;1367;;Atropelamento;Luz do Dia;Bom;Seca;Meio de Quadra;Pare;Escola;0;1;1;1;0;0;0;0;0;0;0;0;-3,756127800000000;-38,583916000000000
312167;6;11;2017;11:55;0;AV FRE CIRILO;;;4241;;Colis?úo Transversal;Luz do Dia;Bom;Seca;Meio de Quadra;Sem?íforo;Comercial;0;0;2;1;0;0;0;0;0;0;0;0;-3,821394700000000;-38,495724000000000
312170;6;11;2017;15:50;0;AV ANTONIO SALES;;;0;;Colis?úo Traseira;Luz do Dia;Bom;Seca;Meio de Quadra;D?¬ Prefer?¬ncia;Comercial;0;0;1;1;0;0;0;0;0;0;0;0;-3,749101900000000;-38,490395000000000
312171;6;11;2017;16:02;0;RUA GAMA;;;106;;Atropelamento;Luz do Dia;Bom;Seca;Meio de Quadra;N?úo H?í Controle;Residencial;0;1;1;1;0;0;0;0;0;0;0;0;-3,713189100000000;-38,599983000000000
312172;6;11;2017;16:32;0;AV GAL OSORIO DE PAIVA;;;722;;Colis?úo Traseira;Luz do Dia;Bom;Seca;Meio de Quadra;N?úo H?í Controle;Comercial;0;0;2;1;0;0;0;0;0;1;0;0;-3,776990000000000;-38,568512000000000
312173;6;11;2017;13:36;0;AV 13 DE MAIO;;;2166;CEFET;Colis?úo Traseira;Luz do Dia;Bom;Seca;;;;0;1;1;1;0;0;0;0;0;1;0;0;-3,743425800000000;-38,536266000000000
312174;6;11;2017;18:00;25461;AV DES GONZAGA;RUA MAL LOTT;;0;;Colis?úo Lateral;Mal Iluminada;Bom;Seca;Rotat??ria;Pare;Comercial;0;1;1;1;0;0;0;0;0;1;0;0;-3,801720400000000;-38,496765000000000
312175;6;11;2017;14:00;0;AV GOV RAUL BARBOSA;;;900;;Choque c/ Obst?ículo Fixo;Via Iluminada;Bom;Seca;Meio de Quadra;N?úo H?í Controle;Comercial;0;0;2;1;0;0;0;0;0;0;0;0;-3,758446200000000;-38,504520000000000
312176;6;11;2017;18:19;0;AV 13 DE MAIO;;;2032;;Colis?úo Traseira;Via Iluminada;Bom;Seca;Meio de Quadra;Gesto;Escola;0;0;2;1;0;0;0;0;0;0;0;0;-3,744162800000000;-38,535343000000000
312177;6;11;2017;15:51;12903;RUA BAR ARATANHA;RUA CARLOS GOMES;;0;;Colis?úo Transversal;Luz do Dia;Bom;Seca;T;Pare;Residencial;0;2;0;1;0;0;0;0;0;1;0;0;-3,740678500000000;-38,529015000000000
312178;6;11;2017;21:12;0;AV AMERICO BARREIRA;RUA TABULEIRO DO NORTE;;0;;Colis?úo Transversal;Via Iluminada;Bom;Seca;T;Sem?íforo;Comercial;0;0;2;0;0;0;0;0;0;1;0;0;-3,757114200000000;-38,559700000000000
312179;6;11;2017;21:26;0;RUA ALVARO FERNANDES;RUA DIOGO CORREIA;;0;;Colis?úo Transversal;Via Iluminada;Bom;Seca;Cruz;Pare;Residencial;0;1;1;1;0;0;0;0;0;1;0;0;-3,772350300000000;-38,589447000000000
312180;6;11;2017;21:37;5445;RUA DNA LEOPOLDINA;AV HERACLITO GRACA;;0;;Colis?úo Transversal;Via Iluminada;Bom;Seca;Duplo T;Sem?íforo;Comercial;0;1;1;1;0;0;0;0;0;1;0;0;-3,734621500000000;-38,520634000000000
313343;6;11;2017;09:30;0;AV ALBERTO NEPOMUCENO;;;0;;Colis?úo Lateral;Luz do Dia;Bom;Seca;Meio de Quadra;N?úo H?í Controle;Comercial;0;0;2;1;0;0;0;0;0;0;0;0;;
314193;6;11;2017;00:06;0;RUA BARRA NOVA;;;116;;Queda;;;;Meio de Quadra;;;0;1;0;0;0;0;0;0;0;1;0;0;-3,785879000000000;-38,505945000000000
314194;6;11;2017;02:45;0;AV DR SILAS MUNGUBA;;;2800;;Queda;;;;Meio de Quadra;;;0;1;0;0;0;0;0;0;0;1;0;0;-3,787232000000000;-38,548557000000000
314195;6;11;2017;06:43;25600;RUA ANDRADE FURTADO;AV FLAMBOYANTS;;0;;Queda;Luz do Dia;;;T;N?úo H?í Controle;Comercial;0;1;0;0;0;0;0;0;0;1;0;0;-3,747394000000000;-38,474599000000000
314196;6;11;2017;09:05;0;AV JOR THOMAZ COELHO;;;167;;Colis?úo;Luz do Dia;;;Meio de Quadra;;;0;1;1;1;0;0;0;0;0;1;0;0;;
314197;6;11;2017;10:28;0;RUA MON HIPOLITO BRASIL;;;0;;Atropelamento;Luz do Dia;;;Meio de Quadra;;;0;1;1;1;0;0;0;0;0;0;0;0;;
314198;6;11;2017;10:41;0;AV CARNEIRO DE MENDONCA;;;358;;Queda;Luz do Dia;;;Meio de Quadra;;;0;1;0;0;0;0;0;0;0;1;0;0;-3,765946000000000;-38,562874000000000
314199;6;11;2017;10:48;3316;RUA VIRIATO RIBEIRO;RUA CHILE;;0;;Colis?úo;Luz do Dia;;;Cruz;Pare;Comercial;0;1;1;1;0;0;0;0;0;1;0;0;-3,746178000000000;-38,565276000000000
314200;6;11;2017;11:01;0;RUA SERGIPE;;;1440;;Colis?úo;Luz do Dia;;;Meio de Quadra;;;0;1;1;1;0;0;0;0;0;1;0;0;-3,760153000000000;-38,571716000000000
314201;6;11;2017;11:21;0;AV G CJ CEARA;;;731;;Colis?úo;Luz do Dia;;;Meio de Quadra;;;0;1;1;0;0;1;0;0;0;1;0;0;;
314202;6;11;2017;13:09;0;AV MR HULL;;;0;;Atropelamento;Luz do Dia;;;Meio de Quadra;;;0;1;1;0;0;0;0;0;0;1;0;0;;
314204;6;11;2017;14:25;3219;RUA EMILIO DE MENESES;RUA ANSELMO NOGUEIRA;;0;;Colis?úo;Luz do Dia;;;Cruz;Sem?íforo;Residencial;0;1;1;0;0;0;0;0;0;1;0;0;-3,781760000000000;-38,587374000000000
314206;6;11;2017;14:36;24637;RUA GAMA;AV L CJ DOS BANCARIOS;;0;;Colis?úo;Luz do Dia;;;T;Pare;Residencial;0;1;1;1;0;1;0;0;0;0;0;0;-3,713121000000000;-38,599911000000000
314210;6;11;2017;15:24;0;RUA DOS VOLUNTARIOS;;;1039;;Colis?úo;Luz do Dia;;;Meio de Quadra;;;0;1;1;1;0;0;0;0;0;1;0;0;;
314216;6;11;2017;15:33;15099;AV BEIRA MAR;RUA JOAO CORDEIRO;;0;;Atropelamento;Luz do Dia;;;T;Pare;Comercial;0;1;1;0;0;0;0;0;0;0;0;0;-3,720256000000000;-38,511410000000000
314217;6;11;2017;15:50;0;AV BEZERRA DE MENEZES;;;2113;;Atropelamento;Luz do Dia;;;Meio de Quadra;;;0;1;1;0;1;0;0;0;0;0;0;0;-3,735488000000000;-38,563624000000000
314219;6;11;2017;16:40;8647;AV EDILSON B SOARES;RUA PRO SOLON FARIAS;;0;;Colis?úo;Luz do Dia;;;Cruz;Pare;Residencial;0;2;0;1;0;0;0;0;0;1;0;0;-3,789155000000000;-38,477116000000000
314220;6;11;2017;16:56;0;AV ALM HENRIQUE SABOIA;;;220;;Atropelamento;Luz do Dia;;;Meio de Quadra;;;0;1;1;1;0;0;0;0;0;0;0;0;-3,724471000000000;-38,480494000000000
314221;6;11;2017;17:02;10009;RUA ANTONIO NERY;RUA PRIMEIRO DE MAIO D34;;0;;Colis?úo;Anoitecer;;;Cruz;N?úo H?í Controle;Residencial;0;1;1;1;0;0;0;0;0;1;0;0;-3,779524000000000;-38,600582000000000
314222;6;11;2017;17:04;0;AV PDE ANTONIO TOMAS;;;320;;Colis?úo;Anoitecer;;;Meio de Quadra;;;0;1;1;1;0;0;0;0;0;1;0;0;-3,739830000000000;-38,500705000000000
314223;6;11;2017;17:05;12663;RUA CARNAUBAL;RUA ALBERTO FERREIRA;;0;;Colis?úo;Anoitecer;;;Cruz;Pare;Rural;0;2;1;1;0;0;0;0;0;1;0;0;-3,722512000000000;-38,583265000000000
314224;6;11;2017;17:21;0;RUA JAIME BENEVOLO;;;850;;Colis?úo;Anoitecer;;;Meio de Quadra;;;0;1;1;1;0;0;0;0;0;1;0;0;-3,739682000000000;-38,527876000000000
314225;6;11;2017;17:35;0;RUA LEBOM MAIA;;;503;;Colis?úo;Anoitecer;;;Meio de Quadra;;;0;1;1;1;0;0;0;0;0;1;0;0;-3,785650000000000;-38,579350000000000
314226;6;11;2017;18:14;18510;RUA MEXICO;RUA TEN MARQUES;;0;;Colis?úo;Anoitecer;;;Cruz;Pare;Residencial;0;1;1;1;0;0;0;0;0;1;0;0;-3,734792000000000;-38,573257000000000
314227;6;11;2017;18:43;0;RUA PEDRO DANTAS;;;341;;Colis?úo;;;;Meio de Quadra;;;0;1;1;0;0;0;0;0;0;0;0;0;-3,786117000000000;-38,520771000000000
314228;6;11;2017;18:48;0;AV JOSE BASTOS;;;0;;Colis?úo;;;;Meio de Quadra;;;0;2;0;1;0;0;0;0;0;1;0;0;;
314231;6;11;2017;18:53;0;AV PRO JOSE ARTHUR CARVALHO;;;1291;;Queda;;;;Meio de Quadra;;;0;1;0;0;0;1;0;0;0;0;0;0;-3,827185000000000;-38,467631000000000
314232;6;11;2017;18:57;18073;AV DIOGUINHO;RUA OSVALDO ARAUJO;;0;;Atropelamento;;;;Cruz;Sem?íforo;Lazer;0;1;1;1;0;0;0;0;0;0;0;0;-3,740164000000000;-38,454124000000000
314233;6;11;2017;19:16;0;RUA DIOGO CORREIA;;;217;;Colis?úo;;;;Meio de Quadra;;;0;1;1;0;0;0;0;0;0;0;0;0;-3,772296000000000;-38,589471000000000
314234;6;11;2017;19:47;12469;RUA MELO DE OLIVEIRA;RUA DES GOMES PARENTE;;0;;Atropelamento;;;;Cruz;Pare;Comercial;0;1;1;1;0;0;0;0;0;0;0;0;-3,773360000000000;-38,578654000000000
314235;6;11;2017;19:48;0;RUA BETEL;;;1433;;Colis?úo;;;;Meio de Quadra;;;0;1;1;1;0;0;0;0;0;1;0;0;-3,793343000000000;-38,553062100000000
314236;6;11;2017;21:23;22353;AV BEZERRA DE MENEZES;AV OLAVO BILAC;;0;;Colis?úo;;;;Cruz;Sem?íforo;Residencial;0;1;1;1;0;0;0;0;0;1;0;0;-3,735601000000000;-38,564151000000000
314237;6;11;2017;21:53;0;RUA DR JUSTA ARAUJO D45;;;0;;Colis?úo;;;;Meio de Quadra;;;0;1;1;0;0;0;0;0;0;0;0;0;;
304893;6;11;2017;20:10;24511;RUA DR QUIXADA FELICIO;AV J CJ POLAR;;0;;Colis?úo Frontal;Anoitecer;Bom;Seca;Cruz;Pare;Residencial;0;3;1;1;0;0;0;0;0;1;0;0;-3,709781000000000;-38,596399000000000
304890;6;11;2017;18:50;12405;AV LINEU MACHADO;RUA JOCKEY CLUBE;;0;;Colis?úo Frontal;Anoitecer;Bom;Seca;Outros;Outros;Residencial;0;0;2;0;1;0;0;0;1;0;0;0;-3,764186000000000;-38,576001000000000
304876;6;11;2017;10:20;0;AV BENJAMIM BRASIL;;;1685;;Colis?úo Lateral;Luz do Dia;Bom;Seca;Meio de Quadra;Outros;Comercial;0;0;2;0;0;0;0;0;0;1;0;0;-3,807022000000000;-38,560749000000000
304885;6;11;2017;18:20;0;AV JOR THOMAZ COELHO;;;0;;Colis?úo Lateral;Via Iluminada;Bom;Seca;Meio de Quadra;N?úo H?í Controle;Comercial;0;0;2;1;0;0;1;0;0;0;0;0;;
304868;6;11;2017;15:00;0;AV ENG SANTANA JUNIOR;;;970;;Engavetamento;Luz do Dia;Bom;Seca;Meio de Quadra;Sem?íforo;Comercial;0;0;3;1;0;0;0;0;0;0;0;0;-3,736459000000000;-38,482579000000000
304860;6;11;2017;14:00;19269;RUA PRO GOMES BRASIL;RUA MARACANA;;0;;Colis?úo Traseira;Luz do Dia;Bom;Seca;Meio de Quadra;N?úo H?í Controle;Comercial;0;0;2;1;0;0;0;0;0;0;0;0;-3,772840000000000;-38,568438000000000
304845;6;11;2017;16:28;0;AV ANTONIO JUSTA;;;3113;;Tombamento;Luz do Dia;Bom;Seca;Meio de Quadra;N?úo H?í Controle;Comercial;0;0;3;1;0;0;0;0;0;0;0;0;-3,727972000000000;-38,493476000000000
304853;6;11;2017;10:45;0;RUA SEN ALENCAR;;;565;;Colis?úo Traseira;Luz do Dia;Bom;Seca;Meio de Quadra;Sem?íforo;Comercial;0;0;2;1;0;0;0;0;0;0;0;0;;
304854;6;11;2017;21:20;17400;RUA BAR SOBRAL;RUA EDITE BRAGA;;0;;Colis?úo Lateral;Via Iluminada;Bom;Seca;Cruz;Pare;Residencial;0;0;2;1;0;0;0;0;0;0;0;0;-3,767521000000000;-38,553278000000000
304848;6;11;2017;13:20;0;AV TRISTAO GONCALVES;;;1349;;Colis?úo Lateral;Luz do Dia;Bom;Seca;Meio de Quadra;Sem?íforo;Comercial;0;0;2;1;1;0;0;0;0;0;0;0;-3,733467000000000;-38,535111000000000
304849;6;11;2017;13:20;0;RUA NUNES VALENTE;;;1330;;Colis?úo Transversal;Luz do Dia;Bom;Seca;Meio de Quadra;Pare;Comercial;0;0;2;1;0;0;0;0;0;0;0;0;-3,736326000000000;-38,503760000000000
304826;6;11;2017;14:08;643;RUA ASSIS BEZERRA;RUA CRUZEIRO DO SUL;;0;;Colis?úo Lateral;Luz do Dia;Bom;Seca;Cruz;N?úo H?í Controle;Residencial;0;1;1;1;0;0;0;0;0;1;0;0;-3,718013000000000;-38,562551000000000
304824;6;11;2017;22:15;0;AV PRS CASTELO BRANCO;;;3141;;Colis?úo Traseira;Via Iluminada;Bom;Seca;Meio de Quadra;Sem?íforo;Comercial;0;0;2;1;0;0;0;0;0;0;0;0;-3,711284000000000;-38,558476000000000
304833;6;11;2017;09:38;7637;AV CARNEIRO DE MENDONCA;RUA NETUNO;;0;;Colis?úo Traseira;Luz do Dia;Bom;Seca;T;N?úo H?í Controle;Comercial;0;0;2;1;0;0;0;0;0;0;0;0;-3,761518000000000;-38,571592000000000
304823;7;11;2017;18:15;15141;AV MON TABOSA;RUA CARLOS VASCONCELOS;;0;;Colis?úo Lateral;Via Iluminada;Bom;Seca;Cruz;Sem?íforo;Comercial;0;0;2;1;0;0;0;0;0;0;0;0;-3,724289000000000;-38,507985000000000
304838;7;11;2017;15:00;19692;RUA AZEVEDO BOLAO;RUA PRO ANACLETO;;0;;Colis?úo Lateral;Luz do Dia;Bom;Seca;Cruz;Pare;Residencial;0;0;2;0;0;0;0;0;0;0;0;0;-3,735640000000000;-38,552765000000000
304861;7;11;2017;12:25;5448;RUA BAR ARATANHA;RUA METON DE ALENCAR;;0;;Colis?úo Lateral;Luz do Dia;Bom;Seca;Cruz;Pare;Outros;0;0;2;1;0;0;1;0;0;0;0;0;-3,734847000000000;-38,527028000000000
304886;7;11;2017;15:20;0;AV GAL OSORIO DE PAIVA;;;929;;Colis?úo Traseira;Luz do Dia;Bom;Seca;Meio de Quadra;Sem?íforo;Residencial;0;0;2;0;0;0;0;0;0;0;0;0;-3,778016000000000;-38,570290000000000
304851;7;11;2017;20:05;5328;AV DUQ CAXIAS;AV TRISTAO GONCALVES;;0;;Colis?úo Lateral;Via Iluminada;Bom;Seca;Cruz;Sem?íforo;Comercial;0;0;2;1;0;0;0;1;0;0;0;0;-3,730400000000000;-38,534196000000000
314244;7;11;2017;00:50;0;AV PRS CASTELO BRANCO;;;5427;;Atropelamento;;;;Meio de Quadra;;;0;1;1;1;0;0;0;0;0;0;0;0;-3,704082000000000;-38,579116000000000
314245;7;11;2017;03:08;0;RUA MARIA JULIA;;;1029;;Colis?úo;;;;Meio de Quadra;;;0;1;1;0;0;0;0;0;0;0;0;0;-3,794811000000000;-38,600657000000000
314246;7;11;2017;05:24;0;AV ENG LEAL LIMA VERDE (SAPIRANGA/COITE);;;2260;;Queda;Amanhecer;;;Meio de Quadra;;;0;1;0;0;0;0;0;0;0;1;0;0;-3,807953000000000;-38,474649000000000
314247;7;11;2017;06:26;0;RD DR MENDEL STEINBRUCH;;;5080;;Queda;Luz do Dia;;;Meio de Quadra;;;0;1;0;0;0;0;0;0;0;1;0;0;-3,818702000000000;-38,576184000000000
314249;7;11;2017;11:34;0;RUA 860 CJ CEARA;;;0;;Colis?úo;Luz do Dia;;;Meio de Quadra;;;0;1;1;0;0;0;0;0;0;1;0;0;;
314250;7;11;2017;11:47;0;AV GODOFREDO MACIEL;;;3788;;Queda;Luz do Dia;;;Meio de Quadra;;;0;1;0;0;0;0;0;0;0;1;0;0;-3,808172000000000;-38,573561000000000
314251;7;11;2017;12:01;0;AV HERACLITO GRACA;;;1691;;Colis?úo;Luz do Dia;;;Meio de Quadra;;;0;2;1;1;0;0;0;0;0;1;0;0;-3,738734000000000;-38,509012000000000
314252;7;11;2017;14:16;5215;RUA PDE MORORO;RUA PEDRO PEREIRA;;0;;Colis?úo;Luz do Dia;;;Cruz;Sem?íforo;Comercial;0;2;1;1;0;0;0;0;0;1;0;0;-3,726667000000000;-38,537843000000000
314253;7;11;2017;14:55;0;RUA JOSE CANDIDO D08;;;514;;Colis?úo;Luz do Dia;;;Meio de Quadra;;;0;1;1;1;0;0;0;0;0;0;0;0;-3,729297000000000;-38,551030000000000
314254;7;11;2017;16:27;0;AV PRS COSTA E SILVA;;;0;;Queda;Luz do Dia;;;Meio de Quadra;;;0;1;0;0;0;0;0;0;0;1;0;0;;
314261;7;11;2017;18:57;0;RUA PERNAMBUCO;;;2951;UFC;Colis?úo;;;;Meio de Quadra;;;0;1;1;1;0;0;0;0;0;1;0;0;-3,749858000000000;-38,579593000000000
314262;7;11;2017;19:03;0;RUA BERNARDO MANUEL;;;99;;Colis?úo;;;;Meio de Quadra;;;0;1;1;1;0;0;0;0;0;1;0;0;-3,805299138000000;-38,459948643000000
314269;7;11;2017;20:58;0;AV PRO GOMES DE MATOS;;;1244;;Atropelamento;;;;Meio de Quadra;;;0;2;0;0;0;0;0;0;0;1;0;0;-3,763245000000000;-38,547403000000000
314271;7;11;2017;21:08;0;RUA NOSSA SRA DAS GRACAS;;;839;;Colis?úo;;;;Meio de Quadra;;;0;1;1;0;0;0;0;0;0;0;0;0;-3,709529000000000;-38,555842000000000
314272;7;11;2017;21:36;23550;RUA CAP MELO;RUA VIA FERREA;;0;;Atropelamento;;;;;;;0;1;1;0;0;0;0;0;0;0;0;1;-3,760858000000000;-38,512198000000000
314273;7;11;2017;22:09;0;AV CARAPINIMA;;;0;;Queda;;;;Meio de Quadra;;;0;1;0;0;0;0;0;0;0;1;0;0;;
314274;7;11;2017;23:19;0;RUA BAR ARATANHA;;;1500;;Colis?úo;;;;Meio de Quadra;;;0;1;1;0;0;0;0;0;0;0;0;0;-3,745844000000000;-38,530718000000000
314266;7;11;2017;20:47;0;RUA PRO FRANCISCO CARLOS;;;192;;Colis?úo;;;;Meio de Quadra;;;0;1;1;0;0;0;0;0;0;0;0;0;-3,850866400000000;-38,482897200000000
314264;7;11;2017;20:30;0;AV MR HULL;;;0;;Colis?úo;;;;Meio de Quadra;;;0;1;1;0;0;0;0;0;0;0;0;0;;
312181;7;11;2017;03:14;3163;RUA FRANCISCO DOMINGOS;RUA ANSELMO NOGUEIRA;;0;;Colis?úo Transversal;Via Iluminada;Bom;Seca;Cruz;N?úo H?í Controle;Comercial;0;0;1;1;0;0;0;0;0;0;0;0;-3,778925700000000;-38,586890000000000
312182;7;11;2017;07:56;22080;RUA TAVARES IRACEMA;RUA CAP FRANCISCO PEDRO;;0;;Colis?úo Traseira;Luz do Dia;Bom;Seca;Cruz;Pare;Comercial;0;0;3;1;0;0;0;0;0;0;0;0;-3,752130300000000;-38,553013000000000
312183;7;11;2017;08:21;0;AV PRS JUSCELINO KUBITSCHEK (PASSAR?ë);;;3737;;Colis?úo Transversal;Luz do Dia;Bom;Seca;Meio de Quadra;N?úo H?í Controle;Residencial;0;0;2;1;1;0;0;0;0;0;0;0;-3,815722200000000;-38,531494000000000
312184;7;11;2017;09:20;12605;RUA SEMPREVIVA;RUA GAL TOME CORDEIRO;;0;;Colis?úo Transversal;Luz do Dia;Bom;Seca;Cruz;Pare;Residencial;0;1;2;1;0;0;0;0;0;1;0;0;-3,716764000000000;-38,581272000000000
312185;7;11;2017;10:16;0;RUA CEL JUCA;RUA GAL POTIGUARA;;0;;Colis?úo Lateral;Luz do Dia;Bom;Seca;Cruz;N?úo H?í Controle;Residencial;0;0;2;1;0;0;0;0;0;1;0;0;-3,745284000000000;-38,493740000000000
312186;7;11;2017;11:22;0;AV AGUANAMBI;;;634;;Colis?úo Traseira;Luz do Dia;Bom;Seca;Meio de Quadra;N?úo H?í Controle;Comercial;0;0;2;1;0;0;0;0;0;0;0;0;-3,751507300000000;-38,523670000000000
312188;7;11;2017;13:49;0;AV GOV RAUL BARBOSA;;;7255;;Colis?úo Lateral;Luz do Dia;Bom;Seca;N?úo Informado;Sem?íforo;Residencial;0;0;2;1;0;0;0;0;0;1;0;0;-3,775609300000000;-38,512930000000000
312189;7;11;2017;12:20;0;AV SANTOS DUMONT;;;2829;;Colis?úo Traseira;Luz do Dia;Bom;Seca;Meio de Quadra;Sem?íforo;Comercial;0;0;3;1;0;0;0;0;0;1;0;0;-3,736135700000000;-38,498768000000000
312190;7;11;2017;14:13;0;RUA PAULO FIRMEZA;;;289;;Engavetamento;Luz do Dia;Bom;Seca;Meio de Quadra;N?úo H?í Controle;Residencial;0;0;1;1;0;0;0;0;0;0;0;0;-3,757594800000000;-38,517235000000000
312191;7;11;2017;18:35;12804;RUA JORGE DUMAR;RUA PRE NOVE;;0;;Colis?úo Transversal;Via Iluminada;Bom;Seca;Cruz;Pare;Comercial;0;0;2;1;0;0;0;0;0;0;0;0;-3,754644400000000;-38,539726000000000
312192;7;11;2017;16:40;0;RUA DES LEITE ALBUQUERQUE;;;290;;Colis?úo Lateral;Via Iluminada;Bom;Seca;Meio de Quadra;Pare;Comercial;0;0;2;1;0;0;0;0;0;0;0;0;-3,735995000000000;-38,502120000000000
312194;7;11;2017;18:15;10521;RUA PRO JOSE HENRIQUE;RUA JOSE BAIMA;;0;;Colis?úo Transversal;Via Iluminada;Bom;Seca;Cruz;Pare;Residencial;0;1;1;1;0;0;0;0;0;1;0;0;-3,830380700000000;-38,481470000000000
312212;7;11;2017;19:43;4088;AV FRANCISCO SA;RUA ALVARO DE ALENCAR;;0;;Colis?úo Lateral;Via Iluminada;Bom;Seca;Cruz;N?úo H?í Controle;Comercial;0;3;0;0;0;0;0;0;0;1;0;0;-3,717211700000000;-38,558243000000000
305953;7;11;2017;06:45;15141;AV MON TABOSA;RUA CARLOS VASCONCELOS;;0;;Colis?úo Transversal;Luz do Dia;;;Cruz;Sem?íforo;Comercial;1;1;1;0;0;0;1;0;0;1;0;0;-3,724289000000000;-38,507985000000000
304902;7;11;2017;22:15;15137;AV MON TABOSA;RUA ILDEFONSO ALBANO;;0;;Colis?úo Transversal;Via Iluminada;Bom;Seca;Cruz;Sem?íforo;Comercial;0;0;2;1;0;0;0;0;0;0;0;0;-3,724155000000000;-38,510333000000000
316048;8;11;2017;22:20;0;RD CE-040;;;0;KM-02;Colis?úo;;Bom;Seca;Meio de Quadra;;;0;0;2;1;0;0;0;0;0;0;0;0;-3,773616148000000;-38,481799400000000
312195;8;11;2017;07:20;0;AV WENEFRIDO MELO;;;0;;Colis?úo Traseira;Luz do Dia;Bom;Seca;Outros;N?úo H?í Controle;Comercial;0;0;2;1;0;0;0;0;0;0;0;0;-3,807155000000000;-38,579730000000000
312196;8;11;2017;08:15;0;AV PRS CASTELO BRANCO;;;2985;;Colis?úo Lateral;Luz do Dia;Bom;Seca;Meio de Quadra;N?úo H?í Controle;Residencial;0;0;2;1;0;0;0;0;0;1;0;0;-3,711928800000000;-38,555916000000000
312197;8;11;2017;08:40;5053;RUA SEN ALENCAR;RUA AGAPITO DOS SANTOS;;1347;;Colis?úo Transversal;Luz do Dia;Bom;Seca;Cruz;N?úo H?í Controle;Residencial;0;0;2;1;0;0;0;0;0;0;0;0;-3,721823000000000;-38,537617000000000
312198;8;11;2017;08:51;0;RUA HOLANDA;;;980;;Colis?úo Lateral;Luz do Dia;Bom;Seca;Meio de Quadra;Pare;Residencial;0;0;2;1;0;0;0;0;0;0;0;0;-3,800300100000000;-38,561290000000000
312199;8;11;2017;08:55;0;AV ABOLICAO;;;3437;;Colis?úo Traseira;Luz do Dia;Bom;Seca;Meio de Quadra;Sem?íforo;Comercial;0;0;3;1;0;0;0;0;0;0;0;0;-3,726171700000000;-38,488327000000000
312200;8;11;2017;10:51;0;RUA JACINTO MATOS;;;2410;;Colis?úo Lateral;Luz do Dia;Bom;Seca;Meio de Quadra;Sem?íforo;Residencial;0;0;2;1;0;0;0;0;1;0;0;0;-3,720236500000000;-38,546806000000000