COD_ACIDENTE;DIA;MES;ANO;HORA;INTERSECAO;LOG1;LOG2;LOG3;NUMERO;REFERENCIA;NATUREZA;ILUMINACAO;TEMPO;SUPERFICIEPISTA;TIPOCRUZAMENTO;CONTROLETRAFEGO;USOSOLO;MORTOS;FERIDOS;ILESOS;AUTOMOVEL;ONIBUS;BICICLETA;CAMINHAO;MICROONIBUS;CICLOMOTOR;MOTOCICLETA;TRACAOANIMAL;TREM;LATITUDE;LONGITUDE
312204;8;11;2017;14:09;0;RUA EDUARDO PERDIGAO;;;230;;Colis?úo Lateral;Luz do Dia;Bom;Seca;T;Cancela;Comercial;0;1;1;1;0;0;0;0;0;1;0;0;-3,776515700000000;-38,564144000000000
312205;8;11;2017;13:43;0;RUA JOAQUIM MAGALHAES;;;1291;;Colis?úo Transversal;Luz do Dia;Bom;Seca;Meio de Quadra;Pare;Residencial;0;0;2;1;0;0;0;0;0;0;0;0;-3,740297600000000;-38,526955000000000
312207;8;11;2017;13:10;3177;RUA ANSELMO NOGUEIRA;RUA CARLOS CHAGAS;;0;;Colis?úo Transversal;Luz do Dia;Bom;Seca;Cruz;Pare;Comercial;0;1;1;1;0;0;0;0;0;1;0;0;-3,779681000000000;-38,586860000000000
312208;8;11;2017;11:01;0;AV L CJ CEARA;;;12;;Colis?úo Lateral;Luz do Dia;Bom;Seca;Meio de Quadra;N?úo H?í Controle;Comercial;0;0;3;1;0;0;0;0;0;0;0;0;-3,770860000000000;-38,606777000000000
312209;8;11;2017;15:20;1471;RUA EDUARDO GARCIA;RUA LEONARDO MOTA;;0;;Colis?úo Lateral;Luz do Dia;Bom;Seca;Cruz;Sem?íforo;Comercial;0;0;2;1;0;0;0;0;0;0;0;0;-3,738648400000000;-38,497036000000000
312210;8;11;2017;16:29;0;AV ROGACIANO LEITE;;;1040;;Engavetamento;Luz do Dia;Bom;Seca;Meio de Quadra;Sem?íforo;Comercial;0;0;4;1;0;0;0;0;0;0;0;0;-3,766716000000000;-38,496666000000000
312211;8;11;2017;16:30;0;AV A CJ CEARA;;;630;;Colis?úo Lateral;Luz do Dia;Bom;Seca;Outros;N?úo H?í Controle;Comercial;0;1;1;1;0;0;0;0;0;0;0;0;-3,767219300000000;-38,601883000000000
312215;8;11;2017;10:50;25165;AV ROGACIANO LEITE;RUA HENRIQUE DE CASTRO;;0;;Engavetamento;Luz do Dia;Bom;Seca;Cruz;Sem?íforo;Comercial;0;0;4;1;0;0;0;0;0;0;0;0;-3,776715800000000;-38,500595000000000
312269;8;11;2017;14:40;5457;RUA ANTONIO POMPEU;RUA ASSUNCAO;;524;;Colis?úo Lateral;Luz do Dia;Bom;Seca;Cruz;Sem?íforo;Comercial;0;0;2;1;0;0;0;0;0;0;0;0;-3,735392000000000;-38,528700000000000
312286;8;11;2017;16:13;1654;AV SEN VIRGILIO TAVORA;RUA BENI DE CARVALHO;;0;;Colis?úo Transversal;Luz do Dia;Bom;Seca;Cruz;Sem?íforo;Comercial;0;1;1;1;0;0;0;0;0;1;0;0;-3,745735200000000;-38,496166000000000
314303;8;11;2017;11:48;0;AV BEZERRA DE MENEZES;;;0;;Colis?úo;Luz do Dia;;;Meio de Quadra;;;0;1;1;1;0;0;0;0;0;1;0;0;;
314298;8;11;2017;10:41;0;AV LINEU MACHADO;;;1675;;Atropelamento;Luz do Dia;;;Meio de Quadra;;;0;1;1;0;0;0;1;0;0;0;0;0;-3,774333600000000;-38,581067000000000
314299;8;11;2017;11:33;0;RUA VALPARAISO;;;0;;Colis?úo;Luz do Dia;;;Meio de Quadra;;;0;1;1;1;0;0;0;0;0;1;0;0;;
314292;8;11;2017;07:53;0;AV SEN FERNANDES TAVORA;;;2999;;Colis?úo;Luz do Dia;;;Meio de Quadra;;;0;1;1;0;0;0;0;0;0;0;0;0;-3,754829000000000;-38,599916000000000
314293;8;11;2017;08:51;0;AV PRS CASTELO BRANCO;;;70;;Colis?úo;Luz do Dia;;;Meio de Quadra;;;0;1;1;0;0;0;0;0;0;1;0;0;-3,722850000000000;-38,522837000000000
314294;8;11;2017;10:19;0;AV ANTONIO SALES;;;239;;Atropelamento;Luz do Dia;;;Meio de Quadra;;;0;1;1;0;0;0;0;0;0;1;0;0;-3,740182000000000;-38,519314000000000
314295;8;11;2017;10:25;17412;RUA BAR SOBRAL;RUA ALBERTO MAGNO;;0;;Colis?úo;Luz do Dia;;;Cruz;Sem?íforo;Comercial;0;1;1;0;0;0;1;0;0;1;0;0;-3,767991000000000;-38,552417000000000
314290;8;11;2017;06:59;0;RUA TAUBATE;;;1088;;Colis?úo;Luz do Dia;;;Meio de Quadra;;;0;1;1;0;0;0;0;0;0;1;0;0;-3,782827000000000;-38,599324000000000
314315;8;11;2017;18:54;4938;RUA CON DE CASTRO;RUA UMARIZEIRA;;0;;Colis?úo;;;;T;N?úo H?í Controle;Comercial;0;1;1;1;0;0;0;0;0;1;0;0;-3,818832000000000;-38,602137000000000
314317;8;11;2017;19:39;0;RUA PDE PERDIGAO SAMPAIO;;;400;;Atropelamento;;;;Meio de Quadra;;;0;1;1;1;0;0;0;0;0;0;0;0;;
314318;8;11;2017;;5383;RUA MAJ FACUNDO;AV DUQ CAXIAS;;0;;Atropelamento;;;;Cruz;Sem?íforo;Comercial;0;1;1;0;0;0;0;0;0;0;0;0;-3,731981000000000;-38,529285000000000
314319;8;11;2017;21:59;13285;AV G CJ JOSE WALTER;AV J CJ JOSE WALTER;;0;;Colis?úo;;;;;;;0;1;1;1;0;0;0;0;0;1;0;0;-3,838159000000000;-38,557818000000000
314320;8;11;2017;23:28;22070;RUA PAPI JUNIOR;RUA JOSE FACANHA;;0;;Colis?úo;;;;Cruz;Pare;Residencial;0;1;1;1;0;0;0;0;0;1;0;0;-3,752136000000000;-38,557265000000000
314305;8;11;2017;15:33;0;RUA ELVIRA PINHO;;;0;;Colis?úo;Luz do Dia;;;Meio de Quadra;;;0;1;1;1;0;0;0;0;0;1;0;0;;
314306;8;11;2017;15:59;0;RUA DR JOSE LINO;;;141;;Colis?úo;Luz do Dia;;;Meio de Quadra;;;0;1;1;0;0;0;1;0;0;1;0;0;-3,729528000000000;-38,486936000000000
314307;8;11;2017;16:28;0;AV BEIRA MAR;;;0;;Colis?úo;Luz do Dia;;;Meio de Quadra;;;0;1;1;1;0;0;0;0;0;1;0;0;;
314308;8;11;2017;17:09;13497;RUA BAR ARACATI;RUA CEL ALVES TEIXEIRA;;0;;Colis?úo;Anoitecer;;;Cruz;Pare;Residencial;0;1;1;1;0;0;0;0;0;1;0;0;-3,745716000000000;-38,516177000000000
314309;8;11;2017;17:39;0;RUA NOVA FRIBURGO;;;8253;;Colis?úo;Anoitecer;;;Meio de Quadra;;;0;1;1;1;0;1;0;0;0;0;0;0;;
314310;8;11;2017;17:43;0;RUA SAO FRANCISCO D34;;;1936;;Colis?úo;Anoitecer;;;Meio de Quadra;;;0;1;1;0;0;0;0;0;0;0;0;0;-3,714259200000000;-38,566591000000000
314311;8;11;2017;18:08;0;AV TEN LISBOA;;;1442;;Colis?úo;Anoitecer;;;Meio de Quadra;;;0;1;1;1;0;0;0;0;0;1;0;0;-3,807867246000000;-38,467373900000000
314312;8;11;2017;18:10;0;RUA JARDIM FLUMINENSE;;;1045;;Colis?úo;Anoitecer;;;Meio de Quadra;;;0;1;1;1;0;0;0;0;0;1;0;0;-3,812262000000000;-38,598875000000000
314313;8;11;2017;18:24;0;RUA CEL JUSTINO F RAMOS;;;230;;Colis?úo;Anoitecer;;;Meio de Quadra;;;0;1;1;1;0;0;0;0;0;1;0;0;-3,828416739000000;-38,474783384000000
304842;8;11;2017;20:50;0;AV FILOMENO GOMES;;;430;;Colis?úo Frontal;;;;Meio de Quadra;;;0;0;2;1;0;0;0;0;0;0;0;0;-3,719131136000000;-38,541550339000000
304840;8;11;2017;18:30;0;AV IMPERADOR;;;1539;;Colis?úo Lateral;Anoitecer;;;Meio de Quadra;;;0;0;2;0;1;0;0;0;0;1;0;0;-3,734711000000000;-38,536674000000000
304834;8;11;2017;07:45;5392;RUA PINTO MADEIRA;RUA NOGUEIRA ACIOLI;;0;;Queda;Luz do Dia;;;Cruz;Pare;Misto;0;1;0;0;0;0;0;0;0;1;0;0;-3,732292000000000;-38,517559000000000
304835;8;11;2017;01:00;0;RUA ESPIRITO SANTO;;;71;;Choque c/ Obst?ículo Fixo;;;;Meio de Quadra;;;0;0;1;1;0;0;0;0;0;0;0;0;-3,749483000000000;-38,565960000000000
304836;8;11;2017;11:50;10771;RUA MACEIO;RUA GOIANIA;;0;;Colis?úo Lateral;Luz do Dia;;;Cruz;Gesto;Residencial;0;0;2;1;0;0;0;0;0;0;0;0;-3,761977000000000;-38,589692000000000
304837;8;11;2017;00:37;4938;RUA CON DE CASTRO;RUA UMARIZEIRA;;0;;Colis?úo Transversal;;;;T;N?úo H?í Controle;Comercial;0;0;2;1;0;0;0;0;0;0;0;0;-3,818832000000000;-38,602137000000000
304831;8;11;2017;21:15;3896;AV EDUARDO GIRAO;RUA CARLOS CAMARA;;0;;Colis?úo Lateral;;;;Cruz;Pare;Comercial;0;1;1;1;0;0;0;0;0;1;0;0;-3,747043000000000;-38,543106000000000
304850;9;11;2017;08:30;25096;RUA RODRIGUES JUNIOR;RUA ROCHA LIMA;;0;;Colis?úo Lateral;Luz do Dia;;;Cruz;Pare;Comercial;0;2;0;1;0;0;0;0;0;0;0;0;-3,736320000000000;-38,522475000000000
304846;9;11;2017;09:40;0;AV HIS RAIMUNDO GIRAO;;;0;;Colis?úo Traseira;Luz do Dia;;;Meio de Quadra;;;0;0;2;1;0;0;0;0;0;0;0;0;;
304847;9;11;2017;19:00;9077;AV AGUANAMBI;RUA BONFIM SOBRINHO;;0;;Colis?úo Transversal;;;;Cruz;N?úo H?í Controle;Comercial;0;0;2;1;0;0;0;0;0;0;0;0;-3,751039000000000;-38,523551000000000
304873;9;11;2017;00:54;7781;AV ANTONIO SALES;AV DES MOREIRA;;0;;Colis?úo Traseira;;;;Meio de Quadra;Sem?íforo;Comercial;0;0;2;1;0;0;0;0;0;0;0;0;-3,745744000000000;-38,501410000000000
304863;9;11;2017;06:00;0;RUA SAO JOAO D20;;;351;;Colis?úo Transversal;Luz do Dia;;;Meio de Quadra;;;0;2;2;1;0;0;0;0;0;0;0;0;;
304859;9;11;2017;06:40;17370;RUA BAR SOBRAL;RUA ALM RUBIM;;0;;Colis?úo Transversal;Luz do Dia;;;Cruz;Pare;Residencial;0;1;1;1;0;0;0;0;0;1;0;0;-3,766572000000000;-38,554972000000000
304856;9;11;2017;12:15;0;AV FRANCISCO SA;;;3667;;Colis?úo Lateral;Luz do Dia;;;Meio de Quadra;;;0;0;2;1;0;0;1;0;0;0;0;0;-3,717132000000000;-38,558159000000000
304857;9;11;2017;07:00;0;AV SEN CARLOS JEREISSATI (AEROPORTO);;;0;AL?çA DE ACESSO;Colis?úo Transversal;Luz do Dia;;;Meio de Quadra;;;0;0;2;1;0;0;0;0;0;0;0;0;-3,779256000000000;-38,545049000000000
304869;9;11;2017;14:10;0;RUA REPUBLICA DO LIBANO;;;275;;Colis?úo;Luz do Dia;;;Meio de Quadra;;;0;0;2;1;0;0;0;0;0;0;0;0;-3,730669000000000;-38,498638000000000
304871;9;11;2017;11:30;15370;AV SEN VIRGILIO TAVORA;AV DOM LUIS;;0;;Colis?úo Traseira;Luz do Dia;;;Cruz;Sem?íforo;Comercial;0;0;2;1;1;0;0;0;0;0;0;0;-3,734829000000000;-38,492507000000000
304867;9;11;2017;14:00;23607;RUA BAR CRATO;RUA CAP NESTOR GOIS;;0;;Colis?úo Transversal;Luz do Dia;;;Cruz;N?úo H?í Controle;Residencial;0;0;2;1;0;0;0;0;0;0;0;0;-3,721812000000000;-38,561703000000000
314321;9;11;2017;01:11;0;LOGRADOURO SEM NOME;;;2600;;Colis?úo;;;;Meio de Quadra;;;0;1;1;0;0;0;0;0;0;0;0;0;;
314322;9;11;2017;02:44;10037;RUA ANTONIO NERY;AV H CJ CEARA;;0;;Queda;;;;;;;0;1;0;0;0;0;0;0;0;1;0;0;;
314323;9;11;2017;04:37;0;AV PRS COSTA E SILVA;;;5183;;Queda;;;;Meio de Quadra;;;0;1;0;0;0;0;0;0;0;1;0;0;-3,827970000000000;-38,534158000000000
314342;9;11;2017;12:17;0;AV PRS CASTELO BRANCO;;;0;;Queda;Luz do Dia;;;Meio de Quadra;;;0;1;1;0;0;0;0;0;0;1;0;0;;
314325;9;11;2017;09:05;0;RUA 7 DE SETEMBRO;;;152;;Atropelamento;Luz do Dia;;;Meio de Quadra;;;0;1;1;0;0;1;0;0;0;0;0;0;-3,774240000000000;-38,563675000000000
314326;9;11;2017;09:33;0;RUA AMARO JOSE DE SOUZA;;;170;;Colis?úo;Luz do Dia;;;Meio de Quadra;;;0;1;1;1;0;0;0;0;0;1;0;0;-3,826962000000000;-38,565048000000000
314327;9;11;2017;11:42;14885;RUA JOAQUIM ALFREDO;TR JOAQUIM ALFREDO;;0;;Colis?úo;Luz do Dia;;;;;;0;2;1;1;0;0;0;0;0;1;0;0;-3,807966000000000;-38,582479000000000
314340;9;11;2017;11:50;10823;RUA CUIABA;RUA VITORIA (AV. PERIMETRAL);;0;;Atropelamento;Luz do Dia;;;Cruz;;Comercial;0;1;1;1;0;0;0;0;0;0;0;0;-3,764156000000000;-38,587980000000000
314397;9;11;2017;22:51;0;RUA CON DE CASTRO;;;0;;Queda;;;;Meio de Quadra;;;0;1;0;0;0;0;0;0;0;1;0;0;;
314362;9;11;2017;19:19;0;RUA DAMASCENO GIRAO;;;2050;;Colis?úo;;;;Meio de Quadra;;;0;1;1;1;0;1;0;0;0;0;0;0;-3,753934000000000;-38,540321000000000
314363;9;11;2017;19:37;6285;AV C CJ CEARA;AV G CJ CEARA;;0;;Choque c/ Obst?ículo Fixo;;;;T;N?úo H?í Controle;Residencial;0;1;0;0;0;0;0;0;0;1;0;0;-3,770049259000000;-38,613813257000000
314364;9;11;2017;21:14;0;RUA BOM JESUS (BARRA DO CEARA);;;1544;;Colis?úo;;;;Meio de Quadra;;;0;1;1;0;0;0;0;0;0;0;0;0;;
314365;9;11;2017;21:39;0;RUA DOM XISTO ALBANO;;;559;;Queda;;;;Meio de Quadra;;;0;1;0;0;0;0;0;0;0;1;0;0;-3,790867000000000;-38,579977000000000
314358;9;11;2017;17:29;0;AV CONTORNO SUL D71;;;233;;Atropelamento;Anoitecer;;;Meio de Quadra;;;0;2;0;0;0;0;0;0;0;1;0;0;-3,816363200000000;-38,590678900000000
314359;9;11;2017;18:44;0;RUA FRANCISCO XAVIER;;;300;;Queda;;;;Meio de Quadra;;;0;1;0;0;0;1;0;0;0;0;0;0;;
314360;9;11;2017;19:19;0;RD BR 116;;;11000;KM-11;Atropelamento;;;;Meio de Quadra;;;0;1;1;1;0;0;0;0;0;0;0;0;-3,847160000000000;-38,497176000000000
314344;9;11;2017;14:50;15292;RUA FRE MANSUETO;AV ANTONIO JUSTA;;0;;Colis?úo;Luz do Dia;;;Cruz;Pare;Comercial;0;1;1;1;0;0;0;0;0;1;0;0;-3,729381000000000;-38,488950000000000
314345;9;11;2017;15:41;15405;RUA ARAUJO TORREAO;RUA SILVEIRA DA MOTA;;0;;Colis?úo;Luz do Dia;;;Cruz;Pare;Residencial;0;1;1;1;0;0;0;0;0;1;0;0;-3,815075000000000;-38,495948000000000
314346;9;11;2017;17:07;0;RUA DA SAUDADE D04;;;3800;;Queda;Anoitecer;;;Meio de Quadra;;;0;1;0;0;0;0;0;0;0;1;0;0;-3,816472900000000;-38,536388400000000
314395;9;11;2017;22:20;0;RUA RAIMUNDO BIZARRIA;;;1096;;Atropelamento;;;;Meio de Quadra;;;0;1;1;1;0;0;0;0;0;0;0;0;-3,729279000000000;-38,580487000000000
312271;9;11;2017;08:27;2975;AV GAL OSORIO DE PAIVA;RUA PEDRO MARTINS;;0;;Colis?úo Traseira;Luz do Dia;Bom;Seca;Cruz;Sem?íforo;Residencial;0;0;2;1;0;0;0;0;0;0;0;0;-3,800862000000000;-38,598322000000000
312240;9;11;2017;12:51;17287;AV PRO GOMES DE MATOS;RUA VASCO DA GAMA;;0;;Colis?úo Lateral;Luz do Dia;Bom;Seca;Cruz;Pare;Comercial;0;0;2;1;0;0;0;0;0;0;0;0;-3,763116800000000;-38,547367000000000
312216;9;11;2017;07:54;12803;AV PRO GOMES DE MATOS;RUA PRE NOVE;;0;;Colis?úo Lateral;Luz do Dia;Bom;Seca;Y;N?úo H?í Controle;Comercial;0;0;2;1;1;0;0;0;0;0;0;0;-3,754639000000000;-38,540077000000000
312217;9;11;2017;08:04;975;AV AGUANAMBI;RUA PRO GUILHON;;1;;Colis?úo Lateral;Luz do Dia;Bom;Seca;Cruz;N?úo H?í Controle;Escola;0;0;2;1;1;0;0;0;0;0;0;0;-3,759709800000000;-38,523888000000000
312218;9;11;2017;06:25;1250;RUA COSTA BARROS;AV BAR STUDART;;0;;Colis?úo Lateral;Luz do Dia;Bom;Seca;Cruz;Sem?íforo;Comercial;0;0;4;1;0;0;0;0;0;0;0;0;-3,732144600000000;-38,506060000000000
312219;9;11;2017;07:52;0;AV JOR THOMAZ COELHO;;;408;;Colis?úo Lateral;Luz do Dia;Bom;Seca;T;N?úo H?í Controle;Residencial;0;0;2;1;1;0;0;0;0;0;0;0;-3,832713800000000;-38,500640000000000
312220;9;11;2017;11:14;12616;RUA ANA BATISTA;RUA COS LAFAYETE;;0;;Colis?úo Traseira;Luz do Dia;Bom;Seca;T;Pare;Comercial;0;1;1;1;0;0;0;0;0;0;0;0;-3,717786600000000;-38,584460000000000
312221;9;11;2017;11:20;0;RUA DR GILBERTO STUDART;;;55;;Colis?úo Transversal;Luz do Dia;Bom;Seca;Meio de Quadra;N?úo H?í Controle;Comercial;0;0;2;1;0;0;0;0;0;0;0;0;-3,741374300000000;-38,487890000000000
312222;9;11;2017;12:50;17342;AV PRO GOMES DE MATOS;RUA ALAN KARDEC;;0;;Colis?úo Lateral;Luz do Dia;Bom;Seca;Cruz;Sem?íforo;Comercial;0;0;2;1;0;0;0;0;0;0;0;0;-3,765204000000000;-38,549360000000000
312223;9;11;2017;11:50;0;RUA SAO PAULO;;;1705;;Engavetamento;Luz do Dia;Bom;Seca;Meio de Quadra;N?úo H?í Controle;Residencial;0;0;3;1;0;0;0;0;0;0;0;0;-3,721768100000000;-38,540657000000000
312224;9;11;2017;14:00;0;AV ENG HUMBERTO MONTE;;;1934;;Colis?úo Traseira;Luz do Dia;Bom;Seca;Cruz;N?úo H?í Controle;Comercial;0;0;2;1;0;0;0;0;0;0;0;0;-3,744097700000000;-38,564587000000000
312225;9;11;2017;07:45;5451;RUA BARBARA DE ALENCAR;AV DOM MANUEL;;0;;Colis?úo Transversal;Luz do Dia;Bom;Seca;Cruz;Sem?íforo;Comercial;0;0;2;1;1;0;0;0;0;0;0;0;-3,734879300000000;-38,523380000000000
312226;9;11;2017;15:57;12892;AV DOMINGOS OLIMPIO;RUA BAR RIO BRANCO;;0;;Colis?úo Lateral;Luz do Dia;Bom;Seca;Cruz;Sem?íforo;Comercial;0;0;2;1;0;0;0;0;0;0;0;0;-3,736374400000000;-38,531467000000000
312227;9;11;2017;16:02;0;RUA CAP VASCONCELOS D46;;;69;;Colis?úo Transversal;Luz do Dia;Bom;Seca;Meio de Quadra;N?úo H?í Controle;Residencial;0;1;1;1;0;0;0;0;0;1;0;0;-3,762311000000000;-38,517643000000000
312228;9;11;2017;16:29;0;AV GAL OSORIO DE PAIVA;;;3398;;Engavetamento;Luz do Dia;Bom;Seca;Cruz;Sem?íforo;Comercial;0;0;3;1;0;0;0;0;0;0;0;0;-3,790621000000000;-38,588577000000000
312308;9;11;2017;16:00;0;RUA CAP VASCONCELOS D46;;;69;;Colis?úo Lateral;Luz do Dia;Bom;Seca;Meio de Quadra;N?úo H?í Controle;Residencial;0;0;2;1;0;0;0;0;0;1;0;0;-3,762042500000000;-38,517597000000000
312332;9;11;2017;08:40;9123;AV VIS RIO BRANCO;RUA CEL JOAO CARNEIRO;;0;;Colis?úo Transversal;Luz do Dia;Bom;Seca;T;Pare;Comercial;0;0;2;0;0;0;0;0;0;0;0;0;-3,754974000000000;-38,520203000000000
316049;9;11;2017;06:40;0;RD CE-040;;;0;KM-06;Outros;Luz do Dia;Bom;Seca;Meio de Quadra;;;0;0;3;1;0;0;0;0;0;0;0;0;-3,809596804000000;-38,478733480000000
316050;9;11;2017;09:00;0;RD CE-040;;;0;KM-04;Colis?úo;Luz do Dia;Bom;Seca;Meio de Quadra;;;0;0;2;1;0;0;0;0;0;0;0;0;-3,791613156000000;-38,480330840000000
316051;9;11;2017;13:20;0;RD CE-040;;;0;KM-03;Colis?úo;Luz do Dia;Bom;Seca;Meio de Quadra;;;0;0;2;1;0;0;0;0;0;0;0;0;-3,782614325000000;-38,481083900000000
326204;9;11;2017;08:45;0;RD BR 116;;;3000;KM-03;Colis?úo Lateral;Luz do Dia;;Seca;Meio de Quadra;;;0;1;1;1;0;0;0;0;0;1;0;0;-3,779838000000000;-38,514372000000000
326207;9;11;2017;18:40;0;RD BR 116;;;11000;KM-11;Colis?úo Transversal;Via Iluminada;;Seca;Meio de Quadra;;;0;1;1;1;0;1;0;0;0;0;0;0;-3,847160000000000;-38,497176000000000
304903;10;11;2017;06:00;7992;AV JOAO PESSOA;RUA ANA NERY;;0;;Colis?úo Transversal;Luz do Dia;Bom;Seca;Cruz;N?úo H?í Controle;Comercial;0;0;2;1;1;0;0;0;0;0;0;0;-3,749460000000000;-38,546781000000000
304905;10;11;2017;09:30;0;AV DOM LUIS;;;502;PRACA PORTUGAL;Colis?úo Lateral;Luz do Dia;Bom;Seca;Meio de Quadra;Sem?íforo;Comercial;0;0;2;0;1;0;0;0;0;0;0;0;-3,733270000000000;-38,497278000000000
304906;10;11;2017;09:25;22940;RUA BERNARDO MANUEL;RUA JAPI;;0;;Colis?úo Transversal;Luz do Dia;Bom;Seca;Cruz;Pare;Comercial;0;1;1;1;0;0;0;0;0;0;0;0;-3,784073000000000;-38,546927000000000
304913;10;11;2017;11:45;0;AV DR SILAS MUNGUBA;;;6447;;Atropelamento;Luz do Dia;Bom;Seca;Outros;Sem?íforo;Outros;0;1;1;0;1;0;0;0;0;0;0;0;;
304918;10;11;2017;08:20;26041;AV SANTOS DUMONT;RUA MANUEL DE QUEIROZ;;0;;Colis?úo Lateral;Luz do Dia;Bom;Seca;T;Pare;Comercial;0;0;2;1;0;0;0;0;0;1;0;0;-3,746441000000000;-38,466691000000000
316053;10;11;2017;08:00;0;RD CE-040;;;0;KM-07;Colis?úo;Luz do Dia;Bom;Seca;Meio de Quadra;;;0;0;2;1;0;0;0;0;0;0;0;0;-3,817159445000000;-38,483032860000000
312229;10;11;2017;05:00;4000;AV PRO GOMES DE MATOS;RUA RAUL UCHOA;;0;;Colis?úo Lateral;Amanhecer;Bom;Seca;Cruz;Pare;Comercial;0;2;1;1;0;0;0;0;0;1;0;0;-3,766867900000000;-38,550520000000000
312230;10;11;2017;06:30;0;RUA JOAQUIM ALBANO;;;130;;Colis?úo Lateral;Luz do Dia;Bom;Seca;Meio de Quadra;Sem?íforo;Residencial;0;0;2;1;0;0;0;0;0;1;0;0;-3,736483300000000;-38,584560000000000
312231;10;11;2017;07:10;4531;AV DEP PAULINO ROCHA;RUA ENF JOAQUIM PINTO;;0;;Colis?úo Transversal;Luz do Dia;Bom;Seca;Meio de Quadra;N?úo H?í Controle;Residencial;0;1;1;1;0;0;0;0;0;1;0;0;-3,803043000000000;-38,507740000000000
312232;10;11;2017;09:08;4531;AV DEP PAULINO ROCHA;RUA ENF JOAQUIM PINTO;;77;;Colis?úo Traseira;Luz do Dia;Bom;Seca;T;N?úo H?í Controle;Residencial;0;0;0;1;0;0;0;0;0;1;0;0;-3,803112700000000;-38,507828000000000
312233;10;11;2017;06:38;24347;AV LUCIANO CARNEIRO;RUA DES PRAXEDES;;0;;Colis?úo Transversal;Luz do Dia;Nublado;Molhada;Outros;Sem?íforo;Comercial;0;1;1;1;0;0;0;0;0;1;0;0;-3,765017500000000;-38,536747000000000
312234;10;11;2017;09:14;0;AV ABOLICAO;;;3242;;Colis?úo Frontal;Luz do Dia;Bom;Seca;Meio de Quadra;Pare;Comercial;0;1;1;1;0;0;0;0;0;1;0;0;-3,726206500000000;-38,490337000000000
312235;10;11;2017;10:02;5076;RUA DR JOAO MOREIRA;RUA SEN POMPEU;;0;;Colis?úo Traseira;Luz do Dia;Bom;Seca;Cruz;Sem?íforo;Comercial;0;1;1;1;0;0;0;0;0;1;0;0;-3,722408800000000;-38,528362000000000
312236;10;11;2017;09:26;0;AV FELINO BARROSO;;;25;;Colis?úo Lateral;Luz do Dia;Bom;Seca;Meio de Quadra;Pare;Residencial;0;0;2;1;1;0;0;0;0;0;0;0;-3,742411100000000;-38,528603000000000
312237;10;11;2017;07:30;3993;RUA DULCINEIA GONDIM;RUA ALBERTO MAGNO;;0;;Colis?úo Transversal;Luz do Dia;Nublado;Seca;Cruz;Pare;Comercial;0;1;1;1;0;0;0;0;0;1;0;0;-3,759304000000000;-38,545204000000000
312238;10;11;2017;11:00;0;AV GAL OSORIO DE PAIVA;;;1401;;Colis?úo Transversal;Luz do Dia;Bom;Seca;Meio de Quadra;N?úo H?í Controle;Comercial;0;1;1;1;0;0;0;0;0;1;0;0;-3,779834700000000;-38,573215000000000
312239;10;11;2017;10:32;21586;RUA CON DE CASTRO;RUA AGAMENON;;0;;Colis?úo Transversal;Luz do Dia;Bom;Seca;Cruz;Pare;Residencial;0;1;1;0;1;0;0;0;0;1;0;0;-3,795487400000000;-38,583180000000000
312241;10;11;2017;13:20;1321;RUA MARCOS MACEDO;RUA VICENTE LEITE;;0;;Colis?úo Transversal;Luz do Dia;Bom;Seca;Cruz;Pare;Residencial;0;0;2;1;0;0;0;0;0;0;0;0;-3,735244300000000;-38,494827000000000
312242;10;11;2017;13:20;0;RUA ISAIE BORIS;;;349;;Colis?úo Traseira;Luz do Dia;Bom;Seca;Meio de Quadra;Sem?íforo;Residencial;0;0;2;1;0;0;0;0;0;0;0;0;-3,767328000000000;-38,549200000000000
312243;10;11;2017;15:16;7648;AV CARNEIRO DE MENDONCA;RUA PAULO DE FRONTIM;;0;;Colis?úo Lateral;Luz do Dia;Bom;Seca;Cruz;Pare;Comercial;0;0;1;0;1;0;0;0;0;0;0;0;-3,761981200000000;-38,570885000000000
312244;10;11;2017;15:25;0;RUA CEL DIONISIO ALENCAR;RUA AUGUSTA BENEVIDES;;0;;Colis?úo Transversal;Luz do Dia;Bom;Seca;Cruz;N?úo H?í Controle;Comercial;0;0;2;1;0;0;0;0;0;0;0;0;-3,849873300000000;-38,504456000000000
312245;10;11;2017;18:32;0;RUA PDE PEDRO DE ALENCAR;;;2221;;Colis?úo Traseira;Via Iluminada;Bom;Seca;Meio de Quadra;N?úo H?í Controle;Comercial;0;1;1;1;0;0;0;0;0;1;0;0;-3,846713500000000;-38,494614000000000
312246;10;11;2017;18:57;0;RUA BRI VILELA;;;151;;Colis?úo Lateral;Via Iluminada;Bom;Seca;Meio de Quadra;N?úo H?í Controle;Residencial;0;1;1;1;0;0;0;0;0;1;0;0;-3,770644700000000;-38,515400000000000