COD_ACIDENTE;DIA;MES;ANO;HORA;INTERSECAO;LOG1;LOG2;LOG3;NUMERO;REFERENCIA;NATUREZA;ILUMINACAO;TEMPO;SUPERFICIEPISTA;TIPOCRUZAMENTO;CONTROLETRAFEGO;USOSOLO;MORTOS;FERIDOS;ILESOS;AUTOMOVEL;ONIBUS;BICICLETA;CAMINHAO;MICROONIBUS;CICLOMOTOR;MOTOCICLETA;TRACAOANIMAL;TREM;LATITUDE;LONGITUDE
312247;10;11;2017;20:12;0;AV CARAPINIMA;;;2424;;Colis?úo Traseira;Via Iluminada;Bom;Seca;Meio de Quadra;N?úo H?í Controle;Residencial;0;0;2;1;0;0;0;0;0;0;0;0;-3,740589400000000;-38,540848000000000
312248;10;11;2017;18:00;0;RUA CEL LINHARES;;;2400;;Choque c/ Obst?ículo Fixo;Via Iluminada;Bom;Seca;Meio de Quadra;Pare;Residencial;0;0;1;1;0;0;0;0;0;0;0;0;-3,747229300000000;-38,497555000000000
312249;10;11;2017;19:00;0;AV DEP PAULINO ROCHA;;;1343;;Engavetamento;Via Iluminada;Bom;Seca;Meio de Quadra;N?úo H?í Controle;Comercial;0;0;3;1;1;0;0;0;0;0;0;0;-3,809611000000000;-38,509060000000000
312250;10;11;2017;21:00;19269;RUA PRO GOMES BRASIL;RUA MARACANA;;0;;N?úo Informado;Via Iluminada;Bom;Seca;T;Pare;Comercial;0;0;2;1;0;0;0;0;0;0;0;0;-3,772691500000000;-38,568380000000000
312294;10;11;2017;08:46;3859;AV DA UNIVERSIDADE;RUA JUVENAL GALENO;;0;;Colis?úo Lateral;Luz do Dia;Bom;Seca;Cruz;Sem?íforo;Comercial;0;0;2;1;1;0;0;0;0;0;0;0;-3,739833800000000;-38,538254000000000
314404;10;11;2017;07:40;0;AV ENG LEAL LIMA VERDE (SAPIRANGA/COITE);;;2311;;Atropelamento;Luz do Dia;;;Meio de Quadra;;;0;1;1;1;0;0;0;0;0;0;0;0;-3,809203400000000;-38,474555000000000
314405;10;11;2017;08:02;0;RUA MARIO FILHO;;;371;;Colis?úo;Luz do Dia;;;Meio de Quadra;;;0;1;1;1;0;0;0;0;0;1;0;0;-3,808145000000000;-38,583503000000000
314407;10;11;2017;08:18;0;AV OLIVEIRA PAIVA;;;77;;Colis?úo;Luz do Dia;;;Meio de Quadra;;;0;1;1;1;0;0;0;0;0;1;0;0;-3,799175900000000;-38,504490900000000
314401;10;11;2017;06:25;10094;RUA ZACARIAS FLORINDO;RUA LUMINOSA;;0;;Colis?úo;Luz do Dia;;;;;;0;1;1;1;0;0;0;0;0;1;0;0;-3,784683000000000;-38,605447000000000
314402;10;11;2017;06:33;0;RUA MARIA JULIA;;;930;;Colis?úo;Luz do Dia;;;Meio de Quadra;;;0;1;1;1;0;0;0;0;0;1;0;0;-3,793892000000000;-38,600362000000000
314426;10;11;2017;13:41;0;AV CARNEIRO DE MENDONCA;;;140;;Colis?úo;Luz do Dia;;;Meio de Quadra;;;0;1;1;1;0;0;0;0;0;1;0;0;-3,766639000000000;-38,561226000000000
314427;10;11;2017;16:59;0;AV PRS CASTELO BRANCO;;;0;;Queda;Luz do Dia;;;Meio de Quadra;;;0;1;0;0;0;0;0;0;0;1;0;0;;
314429;10;11;2017;17:01;0;RUA NAPOLEAO QUEZADO;;;38;;Colis?úo;Anoitecer;;;Meio de Quadra;;;0;1;1;0;0;0;0;0;0;0;0;0;-3,779040000000000;-38,565167000000000
314430;10;11;2017;17:06;0;AV TEN LISBOA;;;1110;;Atropelamento;Anoitecer;;;Meio de Quadra;;;0;1;1;1;0;0;0;0;0;0;0;0;-3,728273000000000;-38,576723000000000
314431;10;11;2017;17:39;17621;RUA JOSE PEDRA;RUA JOSE LITO OLIVEIRA;;0;;Colis?úo;Anoitecer;;;Cruz;Pare;Residencial;0;1;1;1;0;0;0;0;0;1;0;0;-3,794115000000000;-38,549239000000000
314432;10;11;2017;17:43;0;AV DIOGUINHO;;;2171;;Colis?úo;Anoitecer;;;Meio de Quadra;;;0;2;0;0;0;0;0;0;0;1;0;0;-3,736192000000000;-38,456289000000000
314414;10;11;2017;11:41;285;AV ENG HUMBERTO MONTE;RUA GAL BERNARDO FIGUEIREDO;;0;;Queda;Luz do Dia;;;Cruz;N?úo H?í Controle;Comercial;0;1;0;0;0;0;0;0;0;1;0;0;-3,742578000000000;-38,565892000000000
314417;10;11;2017;11:48;0;AV VIS RIO BRANCO;;;1617;;Colis?úo;Luz do Dia;;;Meio de Quadra;;;0;1;1;0;0;0;0;0;0;0;0;0;-3,734790000000000;-38,524345000000000
314418;10;11;2017;12:03;0;RUA COM GARCIA;;;916;;Colis?úo;Luz do Dia;;;Meio de Quadra;;;0;1;1;0;0;0;0;0;0;1;0;0;-3,792229000000000;-38,582370000000000
314398;10;11;2017;01:40;0;RUA DES WALDETARIO P MOTA;;;0;;Colis?úo;;;;Meio de Quadra;;;0;1;1;0;0;0;0;0;0;0;0;0;;
314420;10;11;2017;12:56;23272;RUA FRANCISCO MACHADO;RUA GAL RABELO;;0;;Colis?úo;Luz do Dia;;;;;;0;1;1;1;0;0;0;0;0;1;0;0;-3,806794000000000;-38,606483000000000
314434;10;11;2017;18:01;0;RD BR 116;;;0;;Queda;Anoitecer;;;Meio de Quadra;;;0;2;0;0;0;0;0;0;0;1;0;0;;
314435;10;11;2017;18:03;5777;RUA CHICO LEMOS;RUA JOSE A CAVALCANTE;;0;;Colis?úo;Anoitecer;;;Cruz;Pare;Residencial;0;2;1;1;0;0;0;0;0;1;0;0;-3,790905000000000;-38,499317000000000
314436;10;11;2017;18:30;0;RUA JULIO ABREU;;;315;;Colis?úo;Anoitecer;;;Meio de Quadra;;;0;1;1;1;0;1;0;0;0;0;0;0;-3,735842000000000;-38,486002000000000
314437;10;11;2017;18:32;0;RUA URUCUTUBA;;;287;;Colis?úo;;;;Meio de Quadra;;;0;1;1;1;0;0;0;0;0;1;0;0;-3,797949000000000;-38,598354600000000
314448;10;11;2017;19:39;0;AV DOM LUIS;;;0;;Colis?úo;;;;Meio de Quadra;;;0;1;1;0;0;0;0;0;0;0;0;0;;
314442;10;11;2017;19:05;3480;RUA CONFIANCA D63;RUA CAP HUGO BEZERRA;;0;;Colis?úo;;;;Rotat??ria;Pare;Residencial;0;1;1;0;0;0;0;0;0;1;0;0;-3,820548000000000;-38,511686000000000
314439;10;11;2017;18:39;0;RUA PAULO SETUBAL;;;650;;Colis?úo;;;;Meio de Quadra;;;0;1;1;0;0;0;0;0;0;0;0;0;-3,821906000000000;-38,501562000000000
314440;10;11;2017;18:40;0;RUA PDE PEDRO DE ALENCAR;;;0;;Colis?úo;;;;Meio de Quadra;;;0;1;1;0;0;0;0;0;0;0;0;0;;
314450;10;11;2017;20:14;0;AV FRANCISCO SA;;;0;;Colis?úo;;;;Meio de Quadra;;;0;1;0;0;0;0;0;0;0;1;0;0;;
314451;10;11;2017;20:15;0;AV CONTORNO NORTE D71;;;290;;Capotamento;;;;Meio de Quadra;;;0;1;0;0;0;0;0;0;0;0;0;0;-3,812746400000000;-38,588759800000000
314452;10;11;2017;21:22;0;RUA 3 PQ BOATAN;;;1005;;Queda;;;;Meio de Quadra;;;0;1;0;0;0;0;0;0;0;1;0;0;;
314453;10;11;2017;21:34;0;AV JOR THOMAZ COELHO;;;0;;Atropelamento;;;;Meio de Quadra;;;0;1;1;0;0;0;0;0;0;0;0;0;;
314454;10;11;2017;22:09;0;RUA CON DE CASTRO;;;9448;;Queda;;;;Meio de Quadra;;;0;1;0;0;0;0;0;0;0;1;0;0;-3,824318000000000;-38,605598000000000
314444;10;11;2017;19:14;0;RUA BERNARDO MANUEL;;;9160;;Queda;;;;Meio de Quadra;;;0;1;0;0;0;0;0;0;0;1;0;0;-3,799640000000000;-38,551700000000000
304887;10;11;2017;08:10;0;AV AUGUSTO DOS ANJOS;;;2201;;Colis?úo Lateral;Luz do Dia;;;Meio de Quadra;;;0;2;1;1;0;0;0;0;0;1;0;0;;
304889;11;11;2017;14:20;0;AV DEP PAULINO ROCHA;;;1881;;Colis?úo Lateral;Luz do Dia;;;Meio de Quadra;;;0;0;2;1;0;0;0;0;0;0;0;0;-3,811482000000000;-38,513925000000000
304882;11;11;2017;20:32;0;RUA SOBRAL D03;;;301;;Colis?úo;;;;;;;0;1;1;1;0;0;0;0;0;1;0;0;;
304883;11;11;2017;18:00;24226;RUA FAUSTO CABRAL;RUA DES WALDETARIO P MOTA;;0;;Colis?úo Lateral;Anoitecer;;;Cruz;N?úo H?í Controle;Residencial;0;0;2;1;0;0;0;0;0;0;0;0;-3,733093000000000;-38,478283000000000
304891;11;11;2017;07:00;10175;AV H CJ CEARA;AV I CJ CEARA;;0;;Colis?úo Lateral;Luz do Dia;;;T;N?úo H?í Controle;Residencial;0;1;1;0;1;0;0;0;0;1;0;0;-3,774525000000000;-38,601560000000000
306064;11;11;2017;21:00;14905;AV CONTORNO LESTE;RUA 106 CJ NOVO MONDUBIM;;0;;Atropelamento;;;;;N?úo H?í Controle;;1;0;1;1;0;0;0;0;0;0;0;0;-3,809153000000000;-38,587048000000000
314483;11;11;2017;14:09;5709;AV OLIVEIRA PAIVA;AV DES GONZAGA;;0;;Atropelamento;Luz do Dia;;;Cruz;Sem?íforo;Comercial;0;1;1;0;0;0;0;0;0;1;0;0;-3,797165000000000;-38,499953000000000
314505;11;11;2017;15:21;0;AV ENG ALBERTO SA;;;52;;Atropelamento;Luz do Dia;;;Meio de Quadra;;;0;1;1;1;0;0;0;0;0;0;0;0;-3,732599000000000;-38,482669000000000
314500;11;11;2017;14:36;0;RUA CEL DIONISIO ALENCAR;;;3757;;Capotamento;Luz do Dia;;;Meio de Quadra;;;0;1;0;0;0;0;0;0;0;0;0;0;-3,866344900000000;-38,519807300000000
314501;11;11;2017;14:37;0;RUA BRAGANCA;;;1267;;Colis?úo;Luz do Dia;;;Meio de Quadra;;;0;1;1;1;0;0;0;0;0;1;0;0;-3,784949000000000;-38,597629000000000
314511;11;11;2017;16:06;0;AV DIOGUINHO;;;1641;POSTO SP;Colis?úo;Luz do Dia;;;Meio de Quadra;;;0;1;1;1;0;0;0;0;0;1;0;0;-3,731633000000000;-38,458746000000000
314508;11;11;2017;15:39;4080;AV JOSE BASTOS;RUA CEARA;;0;;Colis?úo;Luz do Dia;;;Cruz;Pare;Residencial;0;1;1;1;0;0;0;0;0;1;0;0;-3,760008000000000;-38,564112000000000
314498;11;11;2017;14:21;0;RUA CEL FABRICIANO;;;518;;Colis?úo;Luz do Dia;;;Meio de Quadra;;;0;3;0;1;0;0;0;0;0;1;0;0;-3,786476100000000;-38,594709600000000
314471;11;11;2017;08:45;19657;AV BEZERRA DE MENEZES;RUA PRO RAIMUNDO ARRUDA;;0;;Colis?úo;Luz do Dia;;;Cruz;Sem?íforo;Comercial;0;1;1;0;0;0;0;0;0;1;0;0;-3,733126000000000;-38,552148000000000
314472;11;11;2017;08:53;0;AV DR SILAS MUNGUBA;;;0;;Colis?úo;Luz do Dia;;;Meio de Quadra;;;0;1;1;0;0;0;0;0;0;1;0;0;;
314473;11;11;2017;09:24;0;AV GAL OSORIO DE PAIVA;;;5382;;Colis?úo;Luz do Dia;;;Meio de Quadra;;;0;1;2;1;0;0;0;0;0;1;0;0;-3,804567000000000;-38,601913000000000
314474;11;11;2017;10:03;5328;AV DUQ CAXIAS;AV TRISTAO GONCALVES;;0;;Atropelamento;Luz do Dia;;;Cruz;Sem?íforo;Comercial;0;1;1;0;0;0;0;0;0;1;0;0;-3,730400000000000;-38,534196000000000
314475;11;11;2017;11:30;0;AV CESAR CALS;;;521;;Queda;Luz do Dia;;;Meio de Quadra;;;0;1;0;0;0;0;0;0;0;1;0;0;-3,722473600000000;-38,463557800000000
314477;11;11;2017;11:46;0;AV DOMINGOS OLIMPIO;RUA BAR RIO BRANCO;;845;;Colis?úo;Luz do Dia;;;Meio de Quadra;;;0;1;1;1;0;0;0;0;0;1;0;0;-3,736641000000000;-38,531314000000000
314478;11;11;2017;12:19;0;RUA JOR ANTONIO P TAVARES;;;0;;Colis?úo;Luz do Dia;;;Meio de Quadra;;;0;1;1;1;0;0;0;0;0;1;0;0;;
314479;11;11;2017;13:46;0;RUA TIJIPIO;;;274;COLEGIO ANTARES;Queda;Luz do Dia;;;Meio de Quadra;;;0;1;0;0;0;0;0;0;0;1;0;0;-3,721056000000000;-38,514392000000000
314480;11;11;2017;13:57;0;RUA BELO HORIZONTE;;;2684;;Colis?úo;Luz do Dia;;;Meio de Quadra;;;0;1;0;1;0;0;0;0;0;1;0;0;-3,764537000000000;-38,568022000000000
314459;11;11;2017;01:11;12837;RUA JAIME BENEVOLO;AV DOMINGOS OLIMPIO;;0;;Atropelamento;;;;Cruz;Sem?íforo;Comercial;0;1;1;1;0;0;0;0;0;0;0;0;-3,737780000000000;-38,527245000000000
314461;11;11;2017;01:43;738;AV FRANCISCO SA;RUA DNA MENDINHA;;0;;Colis?úo;;;;Cruz;Pare;Comercial;0;1;1;1;0;0;0;0;0;1;0;0;-3,712666000000000;-38,571238000000000
314462;11;11;2017;05:11;0;AV PRS CASTELO BRANCO;;;0;;Colis?úo;Amanhecer;;;Meio de Quadra;;;0;2;0;0;0;0;0;0;0;1;0;0;;
314464;11;11;2017;06:31;0;AV GAL OSORIO DE PAIVA;;;2978;FROTINHA DA PARANGABA;Colis?úo;Luz do Dia;;;Meio de Quadra;;;0;1;1;0;0;0;0;0;0;1;0;0;-3,789153000000000;-38,586928000000000
314465;11;11;2017;07:12;0;RUA DOM XISTO ALBANO;;;0;;Colis?úo;Luz do Dia;;;Meio de Quadra;;;0;1;1;1;0;0;0;0;0;1;0;0;;
314466;11;11;2017;07:59;0;RUA CEL DIONISIO ALENCAR;;;2105;;Atropelamento;Luz do Dia;;;Meio de Quadra;;;0;1;1;1;0;0;0;0;0;0;0;0;-3,852424922000000;-38,505253157000000
314467;11;11;2017;08:04;22081;RUA GUSTAVO BRAGA;RUA CAP FRANCISCO PEDRO;;0;;Colis?úo;Luz do Dia;;;Cruz;Pare;Comercial;0;2;1;1;0;0;0;0;0;1;0;0;-3,751155000000000;-38,552452000000000
314468;11;11;2017;08:35;0;AV GAL OSORIO DE PAIVA;;;4617;;Colis?úo;Luz do Dia;;;Meio de Quadra;;;0;2;0;0;0;0;0;0;0;1;0;0;-3,799201000000000;-38,596697000000000
314469;11;11;2017;08:40;0;AV CARAPINIMA;;;0;;Colis?úo;Luz do Dia;;;Meio de Quadra;;;0;3;0;0;0;0;0;0;0;1;0;0;;
314519;11;11;2017;19:25;743;AV PRS CASTELO BRANCO;AV PASTEUR;;0;;Colis?úo;;;;Cruz;Sem?íforo;Comercial;0;1;1;1;0;0;0;0;0;1;0;0;-3,711181000000000;-38,558856000000000
314517;11;11;2017;19:01;0;RUA EMILIO DE MENESES;;;937;;Colis?úo;;;;Meio de Quadra;;;0;1;1;1;0;0;0;0;0;1;0;0;-3,781050000000000;-38,589902000000000
314515;11;11;2017;18:46;7385;RUA PRO EDGAR DE ARRUDA;RUA SAO LUIS D30;;0;;Colis?úo;;;;Cruz;Pare;Misto;0;1;1;0;0;0;0;0;0;1;0;0;-3,755265000000000;-38,590365000000000
314513;11;11;2017;16:34;21369;AV JOVITA FEITOSA;RUA CARVALHO MOTA;;0;;Colis?úo;Luz do Dia;;;Cruz;Pare;Comercial;0;1;1;1;0;0;0;0;0;1;0;0;-3,737437000000000;-38,544748000000000
314529;11;11;2017;19:41;0;AV SIQUEIRA CAMPOS;;;1415;;Colis?úo;;;;Meio de Quadra;;;0;1;1;1;0;0;0;0;0;1;0;0;-3,813553000000000;-38,628364000000000
314522;11;11;2017;19:28;0;RUA CAP FRANCISCO PEDRO;;;0;;Colis?úo;;;;Meio de Quadra;;;0;2;0;0;0;0;0;0;0;0;0;0;;
314527;11;11;2017;20:24;0;AV DA INDEPENDENCIA;;;1695;;Colis?úo;;;;Meio de Quadra;;;0;1;1;0;0;0;0;0;0;0;0;0;-3,725482000000000;-38,595802000000000
314535;11;11;2017;21:18;0;RD BR 116;;;3000;KM-03;Colis?úo Traseira;Via Iluminada;;Seca;Meio de Quadra;;;0;1;1;1;0;0;0;0;0;1;0;0;-3,779838000000000;-38,514372000000000
314537;11;11;2017;21:24;0;AV GAL OSORIO DE PAIVA;;;0;;Atropelamento;;;;Meio de Quadra;;;0;1;1;0;0;0;0;0;0;1;0;0;;
314531;11;11;2017;20:36;13239;AV J CJ JOSE WALTER;AV F CJ JOSE WALTER;;0;;Colis?úo;;;;Cruz;Pare;Residencial;0;1;1;0;0;0;0;0;0;0;0;0;-3,835833000000000;-38,557143000000000
314548;11;11;2017;23:30;0;RUA MARIO DA SILVEIRA;;;190;;Queda;;;;Meio de Quadra;;;0;2;0;0;0;0;0;0;0;1;0;0;-3,766376000000000;-38,570148000000000
314549;11;11;2017;23:42;7766;AV ANTONIO SALES;RUA TIBURCIO CAVALCANTE;;0;;Colis?úo;;;;Cruz;N?úo H?í Controle;Residencial;0;1;1;1;0;0;0;0;0;1;0;0;-3,744543000000000;-38,505333000000000
314550;11;11;2017;23:55;22055;AV JOSE BASTOS;RUA PDE CICERO;;0;;Colis?úo;;;;T;N?úo H?í Controle;Residencial;0;1;1;1;0;0;0;0;0;1;0;0;-3,744462000000000;-38,544887000000000
314543;11;11;2017;22:41;0;RUA IARA;;;85;;Atropelamento;;;;Meio de Quadra;;;0;1;1;0;0;0;0;0;0;0;0;0;-3,774858000000000;-38,557967000000000
314539;11;11;2017;21:24;0;RUA SAO DOMINGOS;;;88;;Queda;;;;Meio de Quadra;;;0;1;0;0;0;1;0;0;0;0;0;0;-3,738569000000000;-38,524607100000000
314541;11;11;2017;22:08;0;AV DOM MANUEL;;;1228;;Queda;;;;Meio de Quadra;;;0;1;0;0;0;0;0;0;0;1;0;0;-3,734823500000000;-38,523264722000000
314546;11;11;2017;23:24;13389;AV ANTONIO SALES;RUA JOAO CORDEIRO;;0;;Colis?úo;;;;Cruz;Sem?íforo;Comercial;0;1;1;0;0;0;0;0;0;0;0;0;-3,740588000000000;-38,518068000000000
312251;11;11;2017;06:54;11582;AV ROGACIANO LEITE;RUA RICARDO A BRAGA;;0;;Colis?úo Transversal;Luz do Dia;Bom;Seca;Cruz;Pare;Residencial;0;0;1;1;0;0;0;0;0;0;0;0;-3,786575600000000;-38,503490000000000
312252;11;11;2017;06:20;1394;RUA TORRES CAMARA;RUA TIBURCIO CAVALCANTE;;1;;Colis?úo Transversal;Luz do Dia;Bom;Seca;Cruz;Sem?íforo;Comercial;0;0;2;1;0;0;0;0;0;0;0;0;-3,730762500000000;-38,511240000000000
312253;11;11;2017;10:51;0;AV DR SILAS MUNGUBA;;;1335;;Colis?úo Lateral;Luz do Dia;Bom;Seca;Meio de Quadra;N?úo H?í Controle;Comercial;0;0;2;1;0;0;0;0;0;0;0;0;-3,783537100000000;-38,554330000000000
312254;11;11;2017;13:00;0;AV DR SILAS MUNGUBA;;;4589;;Engavetamento;Luz do Dia;Bom;Seca;T;Sem?íforo;Residencial;0;0;3;1;0;0;0;0;0;0;0;0;-3,793430600000000;-38,535230000000000
312255;11;11;2017;13:55;0;RUA BELO HORIZONTE;;;2684;;Colis?úo Lateral;Luz do Dia;Bom;Seca;Meio de Quadra;N?úo H?í Controle;Comercial;0;0;2;1;0;0;0;0;0;1;0;0;-3,764027600000000;-38,567757000000000
312256;11;11;2017;14:00;0;RUA PINTO MADEIRA;;;1340;;Colis?úo Traseira;Luz do Dia;Bom;Seca;Cruz;Sem?íforo;Comercial;0;0;2;1;0;0;0;0;0;0;0;0;-3,736990200000000;-38,509792000000000
312257;11;11;2017;13:25;0;RUA JOSE MENELEU D41;;;192;;Colis?úo Traseira;Luz do Dia;Bom;Seca;Meio de Quadra;N?úo H?í Controle;Residencial;0;0;2;1;0;0;0;0;0;0;0;0;-3,782312900000000;-38,559155000000000
312258;11;11;2017;16:24;0;AV AMERICO BARREIRA;;;5554;;Colis?úo Traseira;Luz do Dia;Bom;Seca;Cruz;Sem?íforo;Comercial;0;0;1;1;0;0;0;0;0;1;0;0;-3,760253700000000;-38,564426000000000
312259;11;11;2017;21:03;0;RUA TRES MARIAS;;;959;;Engavetamento;Via Iluminada;Bom;Seca;Meio de Quadra;N?úo H?í Controle;Comercial;0;0;3;1;0;0;0;0;0;0;0;0;-3,768914700000000;-38,550938000000000
312260;11;11;2017;22:03;22167;AV JOSE BASTOS;RUA TAVARES IRACEMA;;0;;Colis?úo Traseira;Via Iluminada;Bom;Seca;T;N?úo H?í Controle;Comercial;0;0;2;1;0;0;0;0;0;0;0;0;-3,752314800000000;-38,552730000000000
312362;11;11;2017;14:22;1393;RUA JOAO CARVALHO;AV RUI BARBOSA;;0;;Colis?úo Traseira;Luz do Dia;Bom;Seca;Meio de Quadra;N?úo H?í Controle;Comercial;0;0;2;0;0;0;0;0;0;1;0;0;-3,736928000000000;-38,509731000000000
316056;11;11;2017;09:00;0;RD CE-040;;;0;KM-09;Colis?úo;Luz do Dia;Bom;Seca;Meio de Quadra;;;0;0;2;1;0;0;0;0;0;0;0;0;-3,834450897000000;-38,482465820000000
304914;11;11;2017;12:50;9036;RUA PDE MATOS SERRA;AV AGUANAMBI;;0;;Colis?úo Transversal;Luz do Dia;;;Cruz;Pare;Comercial;0;0;2;1;0;0;0;0;0;0;0;0;-3,744039000000000;-38,525627000000000
304915;11;11;2017;19:48;22003;RUA FRANCISCA CLOTILDE;RUA IDELZUITE C LIMA;;0;;Colis?úo Lateral;;;;T;Pare;Residencial;0;0;2;1;0;0;0;0;0;1;0;0;-3,742978000000000;-38,553136000000000
304910;11;11;2017;07:45;3368;RUA AMAZONAS;RUA RIO GRANDE DO SUL;;0;;Colis?úo Transversal;Luz do Dia;;;Cruz;Pare;Residencial;0;2;1;0;0;0;0;0;0;1;0;0;-3,753306000000000;-38,564164000000000
304930;11;11;2017;14:00;22143;RUA ANTONIO MARTINS;RUA PAPI JUNIOR;;0;;Colis?úo Transversal;Luz do Dia;;;Cruz;Pare;Residencial;0;1;2;0;0;0;0;0;0;0;0;0;-3,751375000000000;-38,556608000000000
304931;12;11;2017;00:25;13239;AV J CJ JOSE WALTER;AV F CJ JOSE WALTER;;0;;Colis?úo Transversal;;;;Cruz;Pare;Residencial;0;0;2;1;1;0;0;0;0;0;0;0;-3,835833000000000;-38,557143000000000
304932;12;11;2017;18:50;0;AV ANTONIO SALES;;;636;;Colis?úo Transversal;;;;Meio de Quadra;;;0;0;2;1;0;0;0;0;0;0;0;0;-3,741218000000000;-38,516026000000000
304933;12;11;2017;22:20;15311;AV RUI BARBOSA;RUA PEREIRA FILGUEIRAS;;0;;Colis?úo Frontal;;;;Cruz;Sem?íforo;Comercial;0;0;2;1;0;0;0;0;0;0;0;0;-3,730106000000000;-38,507546000000000
316057;12;11;2017;02:00;0;RD CE-060;;;0;KM-01;Choque c/ Obst?ículo Fixo;;Bom;Seca;Meio de Quadra;;;0;0;1;1;0;0;0;0;0;0;0;0;-3,826136000000000;-38,579500000000000
305827;12;11;2017;09:00;0;AV RAD JOSE LIMA VERDE;;;736;;Choque c/ Obst?ículo Fixo;Luz do Dia;;;Meio de Quadra;;;1;0;0;0;0;0;0;0;0;1;0;0;-3,699376000000000;-38,587564000000000
316085;12;11;2017;18:30;0;RD CE-040;;;0;KM-08;Colis?úo;Anoitecer;Bom;Seca;Meio de Quadra;;;0;0;3;1;0;0;0;0;0;0;0;0;-3,825515822000000;-38,481538320000000
312261;12;11;2017;01:50;5150;RUA BAR RIO BRANCO;RUA SEN ALENCAR;;0;;Colis?úo Lateral;Via Iluminada;Bom;Seca;Cruz;Pare;Comercial;0;0;2;1;0;0;0;0;0;0;0;0;-3,724920300000000;-38,527782000000000
312262;12;11;2017;12:40;8014;RUA PRO COSTA MENDES;RUA MACHADO DE ASSIS;;0;;Colis?úo Lateral;Luz do Dia;Bom;Seca;Cruz;Sem?íforo;Residencial;0;0;2;1;0;0;0;0;0;0;0;0;-3,751711000000000;-38,550346000000000
312263;12;11;2017;14:15;0;RUA CEL MATOS DOURADO;;;513;;Choque c/ Obst?ículo Fixo;Luz do Dia;Bom;Seca;Meio de Quadra;N?úo H?í Controle;Residencial;0;1;1;0;1;0;0;0;0;0;0;0;-3,743625000000000;-38,584840000000000
312264;12;11;2017;18:31;25467;AV BENJAMIM BRASIL;RUA LEON GRADVOHL;;0;;Colis?úo Lateral;Via Iluminada;Bom;Seca;Cruz;Pare;Comercial;0;1;2;0;0;0;0;0;0;1;0;0;-3,803974900000000;-38,569480000000000
312265;12;11;2017;20:37;0;RUA GERMANO FRANCK;;;88;;Colis?úo Traseira;Via Iluminada;Bom;Seca;Meio de Quadra;Sem?íforo;Residencial;0;1;1;1;0;0;0;0;0;1;0;0;-3,773783400000000;-38,557980000000000
312290;12;11;2017;18:00;0;AV GAL OSORIO DE PAIVA;;;3453;;Colis?úo Traseira;Via Iluminada;Bom;Seca;Meio de Quadra;Sem?íforo;Comercial;0;0;1;1;0;0;0;0;0;0;0;0;-3,791381600000000;-38,589046000000000
314556;12;11;2017;04:09;13251;RUA 60 CJ JOSE WALTER;AV L CJ JOSE WALTER;;0;;Colis?úo;;;;Cruz;Pare;Residencial;0;2;1;1;0;0;0;0;0;1;0;0;-3,836449000000000;-38,559134000000000
314553;12;11;2017;03:40;0;RUA PRISCO BEZERRA;;;2180;;Choque c/ Obst?ículo Fixo;;;;Meio de Quadra;;;0;2;0;0;0;0;0;0;0;1;0;0;-3,737578000000000;-38,470353000000000
314563;12;11;2017;11:26;0;AV JOAO PESSOA;;;0;;Colis?úo;Luz do Dia;;;Meio de Quadra;;;0;1;1;1;0;0;0;0;0;1;0;0;;
314564;12;11;2017;11:59;0;TR VIA FERREA SOBRAL;;;570;;Colis?úo;Luz do Dia;;;Meio de Quadra;;;0;1;1;1;0;0;0;0;0;1;0;0;;
314565;12;11;2017;12:26;0;RUA DEP MATOSO FILHO;;;511;;Colis?úo;Luz do Dia;;;Meio de Quadra;;;0;1;1;0;0;0;0;0;0;0;0;0;-3,732004500000000;-38,588979700000000
314566;12;11;2017;13:34;0;RUA CON DE CASTRO;;;3081;;Colis?úo;Luz do Dia;;;Meio de Quadra;;;0;1;1;0;0;0;0;0;0;1;0;0;-3,795542000000000;-38,583176000000000
314567;12;11;2017;15:09;0;AV A CJ CEARA;;;665;;Queda;Luz do Dia;;;Meio de Quadra;;;0;1;0;0;0;1;0;0;0;0;0;0;-3,767470000000000;-38,602346000000000
314568;12;11;2017;15:20;0;AV WASHINGTON SOARES;;;0;;Colis?úo;Luz do Dia;Bom;Seca;Meio de Quadra;;;0;0;2;0;0;0;0;0;1;1;0;0;;
314569;12;11;2017;15:22;0;AV BEZERRA DE MENEZES;;;368;PRA?çA OTAVIO BONFIM;Atropelamento;Luz do Dia;;;Meio de Quadra;;;0;2;1;0;1;0;0;0;0;0;0;0;-3,732209000000000;-38,547792000000000
314570;12;11;2017;16:27;0;RUA ANDRE REBOUCAS;;;326;;Choque c/ Obst?ículo Fixo;Luz do Dia;;;Meio de Quadra;;;0;1;0;1;0;0;0;0;0;0;0;0;-3,775673000000000;-38,590921000000000
314558;12;11;2017;06:52;0;AV SEN CARLOS JEREISSATI (AEROPORTO);;;0;;Queda;Luz do Dia;Bom;Seca;Meio de Quadra;;;0;1;0;0;0;0;0;0;0;1;0;0;;
314580;12;11;2017;22:13;1070;AV ODILON GUIMARAES;AV MAE LISBOA;;0;;Colis?úo;;;;;;;0;1;1;0;0;0;0;0;0;0;0;0;-3,807711000000000;-38,461606000000000
314581;12;11;2017;23:17;0;RUA VITAL BRASIL;;;0;;Colis?úo;;;;Meio de Quadra;;;0;2;0;0;0;0;0;0;0;0;0;0;;