COD_ACIDENTE;DIA;MES;ANO;HORA;INTERSECAO;LOG1;LOG2;LOG3;NUMERO;REFERENCIA;NATUREZA;ILUMINACAO;TEMPO;SUPERFICIEPISTA;TIPOCRUZAMENTO;CONTROLETRAFEGO;USOSOLO;MORTOS;FERIDOS;ILESOS;AUTOMOVEL;ONIBUS;BICICLETA;CAMINHAO;MICROONIBUS;CICLOMOTOR;MOTOCICLETA;TRACAOANIMAL;TREM;LATITUDE;LONGITUDE
314561;12;11;2017;09:17;0;RUA PAULO FIRMEZA;;;1350;;Atropelamento;Luz do Dia;;;Meio de Quadra;;;0;1;1;1;0;0;0;0;0;0;0;0;-3,756638000000000;-38,507150000000000
314572;12;11;2017;17:03;2436;RUA GRACA ARANHA;AV PRS CASTELO BRANCO;;0;;Colis?úo;Anoitecer;;;;N?úo H?í Controle;Comercial;0;2;0;0;0;0;0;0;0;0;0;0;-3,706856000000000;-38,572655000000000
314573;12;11;2017;19:18;24872;RUA CREUSA ROCHA;RUA ANTONIO ARRUDA;;0;;Colis?úo;;;;;;;0;1;1;0;0;0;0;0;0;0;0;0;-3,720645000000000;-38,594151000000000
314574;12;11;2017;19:41;0;AV GOV RAUL BARBOSA;;;0;;Queda;;;;Meio de Quadra;;;0;1;0;0;0;0;0;0;0;1;0;0;;
314575;12;11;2017;20:37;0;RUA OSCAR FRANCA;;;440;;Colis?úo;;;;Meio de Quadra;;;0;1;1;0;0;0;0;0;0;0;0;0;-3,793045000000000;-38,596181000000000
314576;12;11;2017;21:23;0;AV PERIMETRAL;;;920;;Atropelamento;;;;Meio de Quadra;;;0;1;1;0;0;0;0;0;0;1;0;0;-3,784193000000000;-38,589637000000000
314577;12;11;2017;21:31;0;RUA CEL DIONISIO ALENCAR;;;1794;;Colis?úo;;;;Meio de Quadra;;;0;1;1;0;0;0;0;0;0;0;0;0;-3,850642961000000;-38,504594719000000
314578;12;11;2017;21:51;15986;RUA GASTAO JUSTA;RUA CEL MANUEL ALBANO;;0;;Colis?úo;;;;Cruz;N?úo H?í Controle;Residencial;0;1;1;0;0;0;0;0;0;0;0;0;-3,806556000000000;-38,569809000000000
314583;12;11;2017;23:36;0;RUA RICARDO PONTES;;;928;;Colis?úo;;;;Meio de Quadra;;;0;2;0;0;0;0;0;0;0;1;0;0;;
303872;12;11;2017;15:00;0;AV SEN VIRGILIO TAVORA;;;0;;Colis?úo Traseira;Luz do Dia;Bom;Seca;Meio de Quadra;N?úo H?í Controle;Comercial;0;0;2;1;0;0;0;0;0;0;0;0;;
303891;13;11;2017;00:56;0;RUA BERNARDO MANUEL;;;8223;;Colis?úo Traseira;Via Iluminada;Bom;Seca;Meio de Quadra;Sem?íforo;Residencial;0;1;1;1;0;0;0;0;0;1;0;0;-3,791513000000000;-38,549221000000000
306060;13;11;2017;06:10;0;AV N CJ JOSE WALTER;;;1766;;Colis?úo;Luz do Dia;;;;;;1;0;1;0;0;1;0;0;0;0;0;0;-3,834161100000000;-38,547669200000000
314608;13;11;2017;05:43;0;AV PERIMETRAL;;;649;TERMINAL DA MESSEJANA;Queda;Amanhecer;;;Meio de Quadra;;;0;1;0;0;0;0;0;0;0;1;0;0;-3,831827000000000;-38,502142000000000
314616;13;11;2017;06:41;10842;RUA PRO HERIBALDO COSTA;RUA CUIABA;;0;;Queda;Luz do Dia;;;Cruz;Pare;Residencial;0;1;0;0;0;1;0;0;0;0;0;0;-3,764961000000000;-38,586471000000000
314617;13;11;2017;06:58;25240;RUA AMELIA BENEBIEN;RUA PRISCO BEZERRA;;0;;Colis?úo;Luz do Dia;;;T;Pare;Residencial;0;1;1;1;0;0;0;0;0;1;0;0;-3,736861000000000;-38,470553000000000
314619;13;11;2017;06:58;7850;RUA CEL ALVES TEIXEIRA;RUA JOSE VILAR;;0;;Colis?úo;Luz do Dia;;;Cruz;Gesto;Residencial;0;1;1;1;0;0;0;0;0;1;0;0;-3,746707000000000;-38,508198000000000
314620;13;11;2017;08:05;0;AV BORGES DE MELO;;;448;;Atropelamento;Luz do Dia;;;Meio de Quadra;;;0;1;1;1;0;0;0;0;0;0;0;0;-3,761090000000000;-38,522414000000000
314622;13;11;2017;08:11;0;AV ENG HUMBERTO MONTE;;;0;;Colis?úo;Luz do Dia;;;Meio de Quadra;;;0;1;1;1;0;0;0;0;0;1;0;0;;
314625;13;11;2017;08:28;0;RUA VERBENA;;;623;;Colis?úo;Luz do Dia;;;Meio de Quadra;;;0;1;1;1;0;0;0;0;0;1;0;0;-3,781423000000000;-38,588860000000000
314629;13;11;2017;09:48;0;AV GODOFREDO MACIEL;;;0;;Colis?úo;Luz do Dia;;;Meio de Quadra;;;0;1;1;1;0;0;0;0;0;0;0;0;;
314630;13;11;2017;09:51;0;AV JOSE BASTOS;;;0;;Atropelamento;Luz do Dia;;;Meio de Quadra;;;0;1;1;0;0;0;0;0;0;1;0;0;;
314631;13;11;2017;10:54;0;AV JORGE CAVALCANTE;;;1404;;Colis?úo;Luz do Dia;;;Meio de Quadra;;;0;1;1;1;0;0;0;0;0;1;0;0;-3,723598419000000;-38,592830782000000
314632;13;11;2017;11:16;0;AV PERIMETRAL;;;0;;Colis?úo;Luz do Dia;;;Meio de Quadra;;;0;1;1;1;0;0;0;0;0;1;0;0;;
314633;13;11;2017;12:14;0;RUA CHILE;;;528;;Atropelamento;Luz do Dia;;;Meio de Quadra;;;0;1;1;0;0;0;0;0;0;1;0;0;-3,747600000000000;-38,566840000000000
314657;13;11;2017;19:15;0;AV DR SILAS MUNGUBA;;;0;;Atropelamento;;;;Meio de Quadra;;;0;1;1;0;0;0;0;0;0;0;0;0;;
314658;13;11;2017;19:15;0;RUA DOM SEBASTIAO LEME;;;441;;Colis?úo;;;;Meio de Quadra;;;0;1;1;0;0;0;0;0;0;0;0;0;-3,750983000000000;-38,525351000000000
314663;13;11;2017;20:22;14870;RUA ALFREDO MAMEDE;RUA WALDIR DIOGO;;0;;Colis?úo;;;;Cruz;Sem?íforo;Comercial;0;1;1;0;0;0;0;0;0;0;0;0;-3,807367000000000;-38,580084000000000
314661;13;11;2017;20:02;0;RUA BARBOSA DE FREITAS;;;1360;;Colis?úo;;;;Meio de Quadra;;;0;1;1;0;0;0;0;0;0;0;0;0;-3,738018000000000;-38,497843000000000
314655;13;11;2017;18:41;0;AV BENJAMIM BRASIL;;;633;;Colis?úo;;;;Meio de Quadra;;;0;1;1;1;0;0;0;0;0;1;0;0;-3,804204800000000;-38,568521200000000
314652;13;11;2017;18:36;3211;RUA EMILIO DE MENESES;RUA VERBENA;;0;;Colis?úo;;;;Cruz;Sem?íforo;Comercial;0;1;1;1;0;0;0;0;0;1;0;0;-3,781344000000000;-38,588838000000000
314627;13;11;2017;09:10;0;RUA CON LIMA SUCUPIRA;;;1721;;Colis?úo;Luz do Dia;;;Meio de Quadra;;;0;1;1;1;0;1;0;0;0;0;0;0;-3,778360000000000;-38,550241000000000
314645;13;11;2017;17:55;0;AV PRS CASTELO BRANCO;;;5502;;Colis?úo;Anoitecer;;;Meio de Quadra;;;0;1;1;0;0;1;0;0;0;1;0;0;-3,703631000000000;-38,580091000000000
314646;13;11;2017;18:19;0;AV H CJ CEARA;;;1150;TERMINAL;Colis?úo;Anoitecer;;;Meio de Quadra;;;0;1;1;0;0;0;0;0;0;0;0;0;-3,775514000000000;-38,608042000000000
314635;13;11;2017;13:22;0;RUA SILVINHA TELES D69;;;647;;Colis?úo;Luz do Dia;;;Meio de Quadra;;;0;1;1;1;0;0;0;0;0;1;0;0;-3,847455000000000;-38,527754000000000
314636;13;11;2017;14:50;0;RUA DR AMBROSIO CARNEIRO;;;680;;Colis?úo;Luz do Dia;;;Meio de Quadra;;;0;2;1;1;0;0;0;0;0;1;0;0;;
314639;13;11;2017;15:47;0;AV MAE MANOEL MAVIGNIER;;;5621;;Colis?úo;Luz do Dia;;;Meio de Quadra;;;0;1;1;0;0;0;1;0;0;1;0;0;;
314640;13;11;2017;16:48;11338;AV GODOFREDO MACIEL;RUA FRANCISCO GLICERIO;;0;;Colis?úo;Luz do Dia;;;Cruz;Sem?íforo;Comercial;0;1;2;1;0;0;0;0;0;1;0;0;-3,795981000000000;-38,569757000000000
314641;13;11;2017;16:59;0;AV G CJ CEARA;;;181;;Atropelamento;Luz do Dia;;;Meio de Quadra;;;0;1;1;1;0;0;0;0;0;0;0;0;;
314642;13;11;2017;17:06;0;RUA RAQUEL FLORENCIO;;;132;;Colis?úo;Anoitecer;;;Meio de Quadra;;;0;2;0;0;0;0;0;0;0;0;0;0;-3,824690300000000;-38,455549800000000
314665;13;11;2017;20:25;12579;RUA PDE TEODORO (QUNTINO CUNHA);RUA MARIA CLARA;;0;;Colis?úo;;;;Cruz;N?úo H?í Controle;Residencial;0;1;1;1;0;0;0;0;0;1;0;0;-3,724624000000000;-38,590933000000000
314666;13;11;2017;21:40;12818;RUA ANDRE CHAVES;RUA ALBERTO MAGNO;;0;;Colis?úo;;;;Cruz;Pare;Comercial;0;1;1;0;0;0;0;0;0;0;0;0;-3,756035000000000;-38,542230000000000
312287;13;11;2017;18:30;0;AV JOAO DE ARAUJO LIMA;AV BENJAMIM BRASIL;RUA PAURILO BARROSO;1531;;Colis?úo Transversal;Via Iluminada;Bom;Seca;Cruz;Pare;Residencial;0;0;3;1;0;0;0;0;0;1;0;0;-3,803951300000000;-38,570587000000000
312288;13;11;2017;20:20;0;RUA AMADEU FURTADO;RUA WALDIR DIOGO;;0;;Colis?úo Transversal;Via Iluminada;Bom;Seca;Cruz;Sem?íforo;Comercial;0;0;1;1;0;0;0;0;0;1;0;0;-3,807211000000000;-38,580130000000000
312289;13;11;2017;19:30;0;AV PRS COSTA E SILVA;;;2111;;Colis?úo Lateral;Via Iluminada;Bom;Seca;Meio de Quadra;Pare;Residencial;0;1;1;1;0;0;0;0;1;0;0;0;-3,818733000000000;-38,563000000000000
312267;13;11;2017;07:40;0;RUA HUMAITA D29;;;612;;Colis?úo Frontal;Luz do Dia;Bom;Seca;Cruz;Pare;Residencial;0;0;1;1;0;0;0;0;0;1;0;0;-3,760618400000000;-38,600574000000000
312268;13;11;2017;08:11;26253;RUA VIA LACTEA;RUA URANO;;0;;Colis?úo Traseira;Luz do Dia;Bom;Seca;T;N?úo H?í Controle;Residencial;0;0;1;1;0;0;0;0;0;0;0;0;-3,764203300000000;-38,530003000000000
312272;13;11;2017;09:41;0;RUA CARLINDO CRUZ;;;89;;Colis?úo Frontal;Luz do Dia;Bom;Seca;Meio de Quadra;Pare;Residencial;0;0;2;1;0;0;0;0;0;0;0;0;-3,728748000000000;-38,574810000000000
312273;13;11;2017;10:30;0;AV FRANCISCO SA;;;3593;;Colis?úo Lateral;Luz do Dia;Bom;Seca;Meio de Quadra;N?úo H?í Controle;Residencial;0;0;2;1;0;0;0;0;0;0;0;0;-3,717578600000000;-38,557144000000000
312274;13;11;2017;13:48;3768;AV DOMINGOS OLIMPIO;AV TRISTAO GONCALVES;;0;;Colis?úo Transversal;Luz do Dia;Bom;Seca;Cruz;Sem?íforo;Comercial;0;0;0;1;0;0;0;0;0;0;0;0;-3,734807300000000;-38,535515000000000
312275;13;11;2017;13:05;0;AV PRS CASTELO BRANCO;;;1215;;Colis?úo;Luz do Dia;Bom;Seca;Meio de Quadra;Sem?íforo;Comercial;0;1;1;1;0;0;0;0;0;0;0;0;-3,718016600000000;-38,538185000000000
312276;13;11;2017;08:03;0;RUA WALDERY UCHOA;;;2380;;Colis?úo Transversal;Luz do Dia;Bom;Seca;Meio de Quadra;N?úo H?í Controle;Residencial;0;1;1;1;0;0;0;0;0;0;0;0;-3,757401500000000;-38,551044000000000
312277;13;11;2017;15:13;5188;RUA NOGUEIRA ACIOLI;RUA TEN BENEVOLO;;0;;N?úo Informado;Luz do Dia;Bom;Seca;Cruz;Pare;Comercial;0;0;2;1;0;0;0;0;0;0;0;0;-3,725783600000000;-38,515633000000000
312270;13;11;2017;09:35;0;RUA DEP MOREIRA DA ROCHA;;;1256;;Colis?úo Traseira;Luz do Dia;Bom;Seca;Meio de Quadra;N?úo H?í Controle;Residencial;0;0;2;1;0;0;0;0;0;0;0;0;-3,727922700000000;-38,501976000000000
312279;13;11;2017;14:50;0;AV PRS CASTELO BRANCO;;;1249;;Colis?úo Traseira;Luz do Dia;Bom;Seca;Meio de Quadra;N?úo H?í Controle;Residencial;0;0;2;1;0;0;0;0;0;0;0;0;-3,717112500000000;-38,539955000000000
312280;13;11;2017;15:54;25046;RUA FERNANDO FARIAS DE MELO (MANUEL S?üTIRO);RUA AMERICO ROCHA LIMA;;990;;N?úo Informado;Luz do Dia;Bom;Seca;Cruz;Pare;Residencial;0;0;2;1;1;0;0;0;0;0;0;0;-3,799113300000000;-38,578354000000000
312281;13;11;2017;15:43;1585;RUA TIBURCIO CAVALCANTE;RUA PDE VALDEVINO;;0;;N?úo Informado;Luz do Dia;Bom;Seca;Cruz;Sem?íforo;Comercial;0;0;3;1;0;0;0;0;0;0;0;0;-3,742845000000000;-38,504898000000000
312282;13;11;2017;14:37;17359;AV PRO GOMES DE MATOS;RUA IRM BAZET;;0;;Colis?úo Traseira;Luz do Dia;Bom;Seca;Cruz;Pare;Comercial;0;0;2;1;0;0;0;0;0;0;0;0;-3,766124500000000;-38,549763000000000
312283;13;11;2017;17:07;0;AV JOSE JATAHY;;;677;;Engavetamento;Luz do Dia;Bom;Seca;Meio de Quadra;N?úo H?í Controle;Comercial;0;0;3;1;0;0;0;0;0;0;0;0;-3,727910800000000;-38,545670000000000
312284;13;11;2017;18:44;0;AV SEN VIRGILIO TAVORA;;;2580;;Colis?úo Traseira;Anoitecer;Bom;Seca;Meio de Quadra;Sem?íforo;Comercial;0;0;1;1;0;0;0;0;0;0;0;0;-3,748896100000000;-38,497063000000000
312285;13;11;2017;16:00;0;RUA JORGE DUMAR;AV EDUARDO GIRAO;;0;;Colis?úo Traseira;Via Iluminada;Bom;Seca;Meio de Quadra;Sem?íforo;Comercial;0;0;2;1;0;0;0;0;0;0;0;0;-3,749471400000000;-38,538914000000000
316088;13;11;2017;13:10;0;RD CE-040;;;0;KM-05;Colis?úo;Luz do Dia;Bom;Seca;Meio de Quadra;;;0;0;2;1;0;0;0;0;0;0;0;0;-3,800595823000000;-38,479534630000000
304895;13;11;2017;13:50;0;RUA LEITAO CERQUEIRA;;;360;;Colis?úo;Luz do Dia;Bom;Seca;Meio de Quadra;;Residencial;0;2;0;1;0;0;0;0;0;1;0;0;-3,829299600000000;-38,564021800000000
304897;13;11;2017;12:59;17951;RUA JOAQUIM ALBANO;RUA DRACON BARRETO;;0;;Colis?úo Lateral;Luz do Dia;Bom;Seca;Cruz;Pare;Residencial;0;1;1;1;0;0;0;0;0;1;0;0;-3,735122000000000;-38,578990000000000
304898;13;11;2017;10:20;19753;RUA ERICO MOTA;RUA AZEVEDO BOLAO;;0;;Colis?úo Lateral;;Bom;Seca;Cruz;;Residencial;0;2;0;1;0;0;0;0;0;1;0;0;-3,737645000000000;-38,562522000000000
304900;13;11;2017;01:00;0;AV PDE ANTONIO TOMAS;;;4661;;Colis?úo Frontal;Via Iluminada;Bom;Seca;Meio de Quadra;N?úo H?í Controle;Residencial;0;1;0;1;0;0;0;0;0;0;0;0;-3,746976000000000;-38,478506000000000
304901;14;11;2017;08:15;7911;AV ANTONIO SALES;RUA OSVALDO CRUZ (ALDEOTA);;0;;Colis?úo Traseira;Luz do Dia;Bom;Seca;Cruz;Sem?íforo;Comercial;0;2;0;0;0;0;0;0;0;0;0;0;;
304911;14;11;2017;00:16;0;RUA TARCISIO PEIXOTO;;;0;;Colis?úo Lateral;Via Iluminada;Bom;Seca;Meio de Quadra;Pare;Residencial;0;2;0;0;1;0;0;0;0;1;0;0;;
304904;14;11;2017;13:08;0;RUA PORTO ALEGRE;RUA TERESINA;;1557;;Colis?úo Lateral;Luz do Dia;Bom;Seca;Meio de Quadra;;;0;3;0;1;0;0;0;0;0;1;0;0;-3,759445000000000;-38,592098000000000
304907;14;11;2017;07:30;9155;AV LUCIANO CARNEIRO;AV EDUARDO GIRAO;;0;;Colis?úo Traseira;Luz do Dia;Bom;Seca;Cruz;Sem?íforo;Comercial;0;2;0;1;0;0;0;0;0;0;0;0;-3,752275000000000;-38,532811000000000
304908;14;11;2017;20:50;19596;RUA NEREU RAMOS;RUA TCHECOSLOVAQUIA;;0;;Colis?úo Lateral;Via Iluminada;Nublado;Seca;Cruz;Outros;Comercial;0;2;0;1;0;0;0;0;0;1;0;0;-3,785913000000000;-38,570458000000000
304909;14;11;2017;07:15;0;RUA BERNARDO MANUEL;;;13711;;Colis?úo Lateral;Luz do Dia;Bom;Seca;Meio de Quadra;N?úo H?í Controle;Residencial;0;2;0;1;0;0;0;0;0;1;0;0;-3,838079000000000;-38,563524000000000
304917;14;11;2017;05:20;0;AV JOVITA FEITOSA;;;3004;;Colis?úo Lateral;Luz do Dia;Bom;Seca;Meio de Quadra;N?úo H?í Controle;Residencial;0;2;0;0;0;0;0;0;0;1;0;0;-3,741516000000000;-38,564584000000000
326213;14;11;2017;07:00;0;RD BR 116;;;13000;KM-13;Atropelamento;Luz do Dia;;Seca;Meio de Quadra;;;0;2;1;1;0;0;0;0;0;0;0;0;-3,864670000000000;-38,497727000000000
326214;14;11;2017;11:19;0;RD BR 116;;;3000;KM-03;Colis?úo Traseira;Luz do Dia;;Seca;Meio de Quadra;;;0;1;1;0;0;0;0;0;0;1;0;0;-3,779838000000000;-38,514372000000000
316091;14;11;2017;09:40;0;RD CE-040;;;0;KM-05;Colis?úo;Luz do Dia;Bom;Seca;Meio de Quadra;;;0;0;3;1;0;0;0;0;0;0;0;0;-3,800595823000000;-38,479534630000000
316095;14;11;2017;12:00;0;RD CE-040;;;0;KM-07;Colis?úo;Luz do Dia;Bom;Seca;Meio de Quadra;;;0;0;3;1;0;0;0;0;0;0;0;0;-3,817159445000000;-38,483032860000000
316097;14;11;2017;16:30;0;AV SEN CARLOS JEREISSATI (AEROPORTO);;;0;KM 04;Colis?úo;Luz do Dia;Bom;Seca;Meio de Quadra;;;0;0;2;1;0;0;0;0;0;0;0;0;-3,774020000000000;-38,550907000000000
312291;14;11;2017;00:20;6800;AV SANTOS DUMONT;RUA BATISTA DE OLIVEIRA;;0;;Colis?úo Transversal;Via Iluminada;Bom;Seca;Cruz;Sem?íforo;Comercial;0;1;1;0;0;0;0;0;0;1;0;0;-3,742351000000000;-38,479694000000000
312292;14;11;2017;02:04;0;RUA MAJ FACUNDO;RUA SEN ALENCAR;;294;;Colis?úo Lateral;Via Iluminada;Bom;Seca;;;;0;1;2;1;0;0;0;0;0;1;0;0;-3,725644600000000;-38,527195000000000
312293;14;11;2017;00:05;5442;RUA GAL CLARINDO DE QUEIROZ;AV VIS RIO BRANCO;;0;;Colis?úo Lateral;Via Iluminada;Bom;Seca;Cruz;Sem?íforo;Comercial;0;0;2;1;0;0;0;0;0;0;0;0;-3,734517000000000;-38,524418000000000
312295;14;11;2017;07:00;0;AV SANTOS DUMONT;;;5572;;Colis?úo Traseira;Luz do Dia;Chuva;Molhada;Meio de Quadra;N?úo H?í Controle;Comercial;0;0;2;1;0;0;0;0;0;0;0;0;-3,738464000000000;-38,491720000000000
312296;14;11;2017;08:49;0;AV SANTOS DUMONT;;;190;;Engavetamento;Luz do Dia;Bom;Seca;Meio de Quadra;Sem?íforo;Comercial;0;0;3;1;0;0;0;0;0;0;0;0;-3,728648200000000;-38,521645000000000
312297;14;11;2017;06:30;15293;RUA TEN BENEVOLO;AV BAR STUDART;;0;;Colis?úo Transversal;Luz do Dia;Bom;Seca;Cruz;Sem?íforo;Comercial;0;1;1;1;0;0;0;0;0;1;0;0;-3,743609700000000;-38,502483000000000
312298;14;11;2017;08:16;0;AV PRO GOMES DE MATOS;;;327;;Colis?úo Traseira;Luz do Dia;Nublado;Seca;Meio de Quadra;N?úo H?í Controle;Comercial;0;0;1;1;0;0;0;0;0;0;0;0;-3,757069000000000;-38,541930000000000
312299;14;11;2017;07:10;0;AV SEN VIRGILIO TAVORA;;;3200;;Colis?úo Lateral;Luz do Dia;Nublado;Seca;Meio de Quadra;N?úo H?í Controle;Comercial;0;1;0;0;0;0;0;0;0;1;0;0;-3,726704600000000;-38,490902000000000
312300;14;11;2017;10:21;0;AV PRO GOMES DE MATOS;;;1009;;Colis?úo Transversal;Luz do Dia;Bom;Seca;Meio de Quadra;D?¬ Prefer?¬ncia;Comercial;0;0;2;1;1;0;0;0;0;0;0;0;-3,761612200000000;-38,545930000000000
312301;14;11;2017;10:40;17513;AV ABOLICAO;RUA PEDRO RUFINO D48;;0;;Colis?úo Transversal;Luz do Dia;Bom;Seca;T;Pare;Comercial;0;0;2;1;1;0;0;0;0;0;0;0;-3,726181700000000;-38,487644000000000
312302;14;11;2017;09:20;13490;AV RUI BARBOSA;RUA PINHO PESSOA;;1;;Colis?úo Transversal;Luz do Dia;Bom;Seca;Cruz;Pare;Comercial;0;0;3;1;0;0;0;0;0;0;0;0;-3,739156000000000;-38,503067000000000
312315;14;11;2017;15:22;0;RUA DEP OSWALDO STUDART;RUA ASSIS CHATEAUBRIAND;;0;;Colis?úo Traseira;Luz do Dia;Bom;Seca;Cruz;Pare;Comercial;0;0;1;1;0;0;0;0;0;0;0;0;-3,743702200000000;-38,504013000000000
312316;14;11;2017;15:15;0;AV DUQ CAXIAS;;;799;;Colis?úo Traseira;Luz do Dia;Bom;Seca;Meio de Quadra;N?úo H?í Controle;Comercial;0;0;3;1;0;0;0;0;0;0;0;0;-3,731275800000000;-38,531574000000000
312317;14;11;2017;16:07;0;RUA DAMASCENO GIRAO;;;2126;;Colis?úo Lateral;Luz do Dia;Bom;Seca;T;N?úo H?í Controle;Residencial;0;0;2;1;0;0;0;0;0;0;0;0;-3,754400000000000;-38,540524000000000
312318;14;11;2017;15:15;1332;AV DOM LUIS;RUA CEL LINHARES;;0;;Colis?úo Transversal;Luz do Dia;Bom;Seca;Cruz;Pare;Comercial;0;1;1;1;0;0;0;0;0;1;0;0;-3,734614000000000;-38,493523000000000
312319;14;11;2017;16:36;10739;AV SEN FERNANDES TAVORA;RUA PRO MIRAMAR DA PONTE;;0;;Colis?úo;Luz do Dia;Bom;Seca;T;Pare;Comercial;0;1;1;0;1;0;0;0;0;1;0;0;-3,760453000000000;-38,585148000000000
312320;14;11;2017;17:29;0;AV PRS JUSCELINO KUBITSCHEK (PASSAR?ë);;;0;ROTAT?ôRIA CASTEL?âO;Colis?úo Lateral;Luz do Dia;Bom;Seca;Rotat??ria;D?¬ Prefer?¬ncia;Residencial;0;0;0;1;0;0;0;0;0;0;0;0;-3,807836500000000;-38,525078000000000
312321;14;11;2017;17:41;0;AV PRS JUSCELINO KUBITSCHEK (PASSAR?ë);;;0;ROTAT?ôRIA CASTEL?âO;N?úo Informado;Luz do Dia;Bom;Seca;Rotat??ria;D?¬ Prefer?¬ncia;Residencial;0;0;2;1;0;0;0;0;0;0;0;0;-3,807844000000000;-38,525060000000000
312322;14;11;2017;19:44;5505;AV PRS CASTELO BRANCO;RUA ADOLFO CAMINHA;;0;;Colis?úo Traseira;Via Iluminada;Bom;Seca;Y;Pare;Lazer;0;0;2;1;0;0;0;0;0;0;0;0;-3,720944000000000;-38,528344000000000
312324;14;11;2017;23:56;0;AV SEN VIRGILIO TAVORA;;;200;;Colis?úo Transversal;Via Iluminada;Bom;Seca;Meio de Quadra;Sem?íforo;Comercial;0;0;2;1;0;0;0;0;0;0;0;0;-3,737611800000000;-38,493473000000000
312309;14;11;2017;11:30;15372;RUA CEL JUCA;AV DOM LUIS;;0;;Colis?úo Traseira;Luz do Dia;Bom;Seca;Cruz;Sem?íforo;Comercial;0;0;2;1;0;0;0;0;0;0;0;0;-3,735231200000000;-38,490430000000000
312310;14;11;2017;10:20;0;RUA VINTE QUATRO DE MAIO;RUA PEDRO PEREIRA;;0;;Colis?úo Transversal;Luz do Dia;Bom;Seca;Cruz;Pare;Comercial;0;1;2;1;0;0;0;0;0;1;0;0;-3,728441000000000;-38,532460000000000
312312;14;11;2017;13:49;0;AV JOVITA FEITOSA;;;322;;Colis?úo Traseira;Luz do Dia;Bom;Seca;Outros;N?úo H?í Controle;Comercial;0;0;1;1;0;0;0;0;0;0;0;0;-3,737834000000000;-38,546680000000000
312313;14;11;2017;11:20;0;AV FELINO BARROSO;;;41;;Colis?úo Lateral;Luz do Dia;Bom;Seca;Meio de Quadra;N?úo H?í Controle;Residencial;0;0;2;1;0;0;0;0;0;0;0;0;-3,742626700000000;-38,528660000000000
312361;14;11;2017;07:20;9097;RUA LAURO MAIA;RUA CEL PERGENTINO FERREIRA;;0;;Colis?úo Lateral;Luz do Dia;Bom;Seca;Cruz;Sem?íforo;Comercial;0;0;2;1;0;0;0;0;0;0;0;0;-3,748026800000000;-38,523020000000000
312304;14;11;2017;09:44;26083;AV BEZERRA DE MENEZES;AV JOSE JATAHY;;0;;Colis?úo Transversal;Luz do Dia;Bom;Seca;Cruz;Sem?íforo;Comercial;0;1;1;1;0;0;0;0;0;1;0;0;-3,731342000000000;-38,545060000000000
312305;14;11;2017;11:18;12925;AV AGUANAMBI;AV DOMINGOS OLIMPIO;;0;;Colis?úo Traseira;Luz do Dia;Bom;Seca;Cruz;Sem?íforo;Comercial;0;0;2;1;0;0;0;0;0;0;0;0;-3,738505600000000;-38,524900000000000
312306;14;11;2017;11:08;19343;AV GAL OSORIO DE PAIVA;RUA LEONEL CHAVES;;0;;Colis?úo Lateral;Luz do Dia;Bom;Seca;T;Pare;Escola;0;0;2;1;0;0;0;0;0;0;0;0;-3,775878400000000;-38,567310000000000
314689;14;11;2017;06:07;0;RD BR 116;;;14000;KM-14;Atropelamento;Luz do Dia;;;Meio de Quadra;;;0;1;1;1;0;0;0;0;0;0;0;0;-3,873523000000000;-38,499242000000000
314705;14;11;2017;10:37;0;RD BR 116;;;4000;KM-04;Colis?úo;Luz do Dia;;;Meio de Quadra;;;0;1;2;1;0;0;0;0;0;1;0;0;-3,788331000000000;-38,510646000000000
314696;14;11;2017;06:41;1596;RUA PDE VALDEVINO;RUA OSVALDO CRUZ (ALDEOTA);;0;;Queda;Luz do Dia;;;Cruz;Pare;Residencial;0;1;0;0;0;0;0;0;0;1;0;0;-3,743492000000000;-38,502862000000000
314697;14;11;2017;06:54;3771;AV DOMINGOS OLIMPIO;AV DA UNIVERSIDADE;;0;;Colis?úo;Luz do Dia;;;Cruz;Sem?íforo;Comercial;0;1;1;0;0;0;0;0;0;0;0;0;-3,735594000000000;-38,534216000000000
314699;14;11;2017;07:06;10007;RUA ANTONIO NERY;RUA TEODORO DE CASTRO;;0;;Atropelamento;Luz do Dia;;;Cruz;Pare;Residencial;0;2;0;0;0;0;0;0;0;1;0;0;-3,780899000000000;-38,600953000000000
314700;14;11;2017;07:11;12857;RUA FLORIANO PEIXOTO;RUA CARLOS GOMES;;0;;Colis?úo;Luz do Dia;;;Cruz;Pare;Residencial;0;1;1;1;0;0;0;0;0;1;0;0;-3,739998000000000;-38,531321000000000
314701;14;11;2017;07:13;0;AV JOR JOAO RAMOS;;;1515;;Colis?úo;Luz do Dia;;;Meio de Quadra;;;0;1;1;1;0;0;0;0;0;1;0;0;;
314702;14;11;2017;09:07;13368;RUA J DA PENHA;RUA JOAO BRIGIDO;;0;;Colis?úo;Luz do Dia;;;Cruz;Pare;Comercial;0;2;1;1;0;0;0;0;0;1;0;0;-3,738925000000000;-38,521117000000000