COD_ACIDENTE;DIA;MES;ANO;HORA;INTERSECAO;LOG1;LOG2;LOG3;NUMERO;REFERENCIA;NATUREZA;ILUMINACAO;TEMPO;SUPERFICIEPISTA;TIPOCRUZAMENTO;CONTROLETRAFEGO;USOSOLO;MORTOS;FERIDOS;ILESOS;AUTOMOVEL;ONIBUS;BICICLETA;CAMINHAO;MICROONIBUS;CICLOMOTOR;MOTOCICLETA;TRACAOANIMAL;TREM;LATITUDE;LONGITUDE
314703;14;11;2017;10:16;5265;RUA PEDRO PEREIRA;RUA VINTE E QUATRO DE MAIO;;0;;Colis?úo;Luz do Dia;;;Cruz;Pare;Comercial;0;1;1;1;0;0;0;0;0;1;0;0;-3,728400000000000;-38,532486000000000
314735;14;11;2017;12:00;0;AV CENTRAL CJ CEARA;;;0;;Colis?úo;Luz do Dia;;;Meio de Quadra;;;0;1;1;0;0;0;0;0;0;0;0;0;;
314736;14;11;2017;12:52;0;RUA RAIMUNDO FROTA;;;311;;Colis?úo;Luz do Dia;;;Meio de Quadra;;;0;2;1;0;0;0;0;0;0;1;0;0;;
314740;14;11;2017;15:20;15495;RUA NICOLAU COELHO;RUA CECILIA MEIRELES;;0;;Atropelamento;Luz do Dia;;;;;;0;1;1;0;0;0;0;0;0;1;0;0;-3,819495000000000;-38,492098000000000
314741;14;11;2017;15:34;18485;RUA ANTONIO LAFAYETTE;RUA SEN ALVARO ADOLFO;;0;;Colis?úo;Luz do Dia;;;;;;0;1;1;1;0;0;0;0;0;1;0;0;-3,731944000000000;-38,574294000000000
314742;14;11;2017;17:13;0;AV WASHINGTON SOARES;;;2355;;Colis?úo;Anoitecer;Bom;Seca;Meio de Quadra;;;0;1;1;0;0;1;0;0;0;1;0;0;;
314743;14;11;2017;17:24;5965;AV F CJ CEARA;AV C CJ CEARA;;0;;Colis?úo;Anoitecer;;;Cruz;D?¬ Prefer?¬ncia;Residencial;0;1;1;1;0;0;0;0;0;1;0;0;-3,758684869000000;-38,608329617000000
314745;14;11;2017;17:48;0;RUA EMILIO DE MENESES;;;616;;Atropelamento;Anoitecer;;;Meio de Quadra;;;0;1;1;0;0;0;0;0;0;1;0;0;-3,781866000000000;-38,586998000000000
314746;14;11;2017;18:12;0;RUA CEL FABRICIANO;;;1550;;Colis?úo;Anoitecer;;;Meio de Quadra;;;0;1;1;0;0;0;0;0;0;0;0;0;-3,783297000000000;-38,605930000000000
314747;14;11;2017;18:35;2356;RUA SEN ROBERT KENNEDY;RUA ESTEVAO DE CAMPOS;;0;;Colis?úo;;;;Cruz;Pare;Residencial;0;2;0;0;0;0;0;0;0;1;0;0;-3,705131000000000;-38,579516000000000
314748;14;11;2017;18:38;12925;AV DOMINGOS OLIMPIO;AV AGUANAMBI;;0;;Colis?úo;;;;Cruz;Sem?íforo;Comercial;0;1;1;1;0;0;0;0;0;1;0;0;-3,738683000000000;-38,524628000000000
314749;14;11;2017;18:40;0;RUA VER ZELIA C DE SOUZA;;;0;;Colis?úo;;;;Meio de Quadra;;;0;1;1;1;0;0;0;0;0;1;0;0;;
314750;14;11;2017;19:44;0;AV ENG SANTANA JUNIOR;;;0;;Colis?úo;;;;Meio de Quadra;;;0;1;1;1;0;0;0;0;0;1;0;0;;
314751;14;11;2017;20:16;3894;RUA JULIO CESAR D12;AV EDUARDO GIRAO;;0;;Colis?úo;;;;Cruz;Sem?íforo;Residencial;0;1;1;1;0;0;0;0;0;1;0;0;-3,747630000000000;-38,540636000000000
314760;14;11;2017;22:47;0;AV BEIRA MAR;;;801;;Queda;;;;Meio de Quadra;;;0;1;0;0;0;0;0;0;0;1;0;0;-3,720190000000000;-38,511778000000000
314755;14;11;2017;20:19;2755;RUA CEL VIRGILIO NOGUEIRA (BOM JARDIM);RUA BOM JESUS (GRANJA LISBOA);;0;;Colis?úo;;;;Cruz;Sem?íforo;Comercial;0;1;1;0;0;0;0;0;0;0;0;0;-3,791685983000000;-38,609766226000000
314756;14;11;2017;21:04;0;RUA CON BRAVEZA;;;845;;Colis?úo;;;;Meio de Quadra;;;0;1;1;0;0;0;0;0;0;0;0;0;-3,797568000000000;-38,497954000000000
314758;14;11;2017;21:32;0;AV ZEZE DIOGO;;;0;;Queda;;;;Meio de Quadra;;;0;2;0;0;0;0;0;0;0;1;0;0;;
314762;14;11;2017;23:30;6285;AV C CJ CEARA;AV G CJ CEARA;;0;;Queda;;;;T;N?úo H?í Controle;Residencial;0;1;0;0;0;0;0;0;0;1;0;0;-3,770049259000000;-38,613813257000000
314764;15;11;2017;00:00;19568;RUA TCHECOSLOVAQUIA;RUA PRIMEIRO DE JANEIRO;;0;;Colis?úo;;;;Cruz;Pare;Residencial;0;1;1;1;0;0;0;0;0;1;0;0;-3,783877000000000;-38,569744000000000
314769;15;11;2017;04:11;0;AV GODOFREDO MACIEL;;;5959;;Queda;;;;Meio de Quadra;;;0;1;0;0;0;0;0;0;0;1;0;0;-3,826898000000000;-38,579636000000000
314767;15;11;2017;01:06;0;RUA MIN ALBUQUERQUE LIMA;;;0;;Colis?úo;;;;Meio de Quadra;;;0;1;1;0;0;0;0;0;0;0;0;0;;
314784;15;11;2017;11:46;0;RUA DA SAUDADE;;;132;;Queda;Luz do Dia;;;Meio de Quadra;;;0;1;0;0;0;0;0;0;0;1;0;0;;
314771;15;11;2017;05:18;0;AV MR HULL;;;3152;;Colis?úo;Amanhecer;;;Meio de Quadra;;;0;1;1;1;0;1;0;0;0;0;0;0;-3,737109000000000;-38,572830000000000
314779;15;11;2017;10:09;0;RUA JUVENTUDE;;;191;;Queda;Luz do Dia;;;Meio de Quadra;;;0;1;0;0;0;1;0;0;0;0;0;0;;
314780;15;11;2017;10:12;14981;AV GODOFREDO MACIEL;RUA HOLANDA;;0;;Queda;Luz do Dia;;;T;N?úo H?í Controle;Comercial;0;1;0;0;0;0;0;0;0;1;0;0;-3,791113000000000;-38,567077000000000
314781;15;11;2017;10:13;0;AV BENJAMIM BRASIL;;;714;;Atropelamento;Luz do Dia;;;Meio de Quadra;;;0;1;1;1;0;0;0;0;0;0;0;0;-3,805025000000000;-38,566289000000000
314775;15;11;2017;06:13;0;AV FRANCISCO SA;;;4497;;Colis?úo;Luz do Dia;;;Meio de Quadra;;;0;1;1;0;0;0;0;0;0;0;0;0;-3,714847000000000;-38,564938000000000
314795;15;11;2017;14:04;0;RUA PORTO VELHO;;;651;;Colis?úo;Luz do Dia;;;Meio de Quadra;;;0;1;1;1;0;0;0;0;0;1;0;0;-3,766125000000000;-38,586732000000000
314792;15;11;2017;12:44;0;AV PRS COSTA E SILVA;;;490;;Colis?úo;Luz do Dia;;;Meio de Quadra;;;0;2;0;0;0;0;0;0;0;1;0;0;-3,816561800000000;-38,567818200000000
314793;15;11;2017;13:23;15101;AV HIS RAIMUNDO GIRAO;RUA JOAQUIM ALVES;;0;;Atropelamento;Luz do Dia;;;T;Pare;Residencial;0;1;1;1;0;0;0;0;0;0;0;0;-3,720943000000000;-38,511073000000000
314804;15;11;2017;14:25;0;RUA JOSE RIBAMAR S AGUIAR;;;0;;Colis?úo;Luz do Dia;;;Meio de Quadra;;;0;1;1;0;0;0;0;0;0;1;0;0;;
314805;15;11;2017;15:36;0;RUA ANTONIO NERY;;;935;;Atropelamento;Luz do Dia;;;Meio de Quadra;;;0;2;0;0;0;0;0;0;0;1;0;0;-3,780757000000000;-38,600915000000000
314806;15;11;2017;15:59;0;RUA JOAO RIBEIRO;;;180;;Atropelamento;Luz do Dia;;;Meio de Quadra;;;0;1;1;0;0;0;0;0;0;1;0;0;;
314807;15;11;2017;17:58;0;RUA MARIA JULIA;;;1939;;Colis?úo;Anoitecer;;;Meio de Quadra;;;0;1;1;1;0;0;0;0;0;1;0;0;-3,802356000000000;-38,603446000000000
314815;15;11;2017;17:47;0;RUA VITAL BRASIL;;;2061;;Colis?úo;Anoitecer;;;Meio de Quadra;;;0;2;0;0;0;0;0;0;0;1;0;0;-3,777480000000000;-38,599909000000000
314813;15;11;2017;18:03;18423;RUA FRE ODILON;AV SGT HERMINIO SAMPAIO;;0;;Colis?úo;Anoitecer;;;Cruz;N?úo H?í Controle;Comercial;0;1;1;1;0;0;0;0;0;1;0;0;-3,728921000000000;-38,572692000000000
314820;15;11;2017;18:26;0;AV MOZART PINHEIRO DE LUCENA;;;3084;;Colis?úo;Anoitecer;;;Meio de Quadra;;;0;1;1;1;0;0;0;0;0;1;0;0;-3,731683000000000;-38,599439000000000
314817;15;11;2017;18:12;12557;RUA CARLOS WALRAVEN;RUA GEORGE CAVALCANTE;;0;;Colis?úo;Anoitecer;;;Cruz;Pare;Residencial;0;1;1;0;0;0;0;0;0;0;0;0;-3,719866000000000;-38,591740000000000
314823;15;11;2017;18:55;0;AV PRS CASTELO BRANCO;;;2357;;Colis?úo;;;;Meio de Quadra;;;0;2;0;0;0;0;0;0;0;0;0;0;-3,713592000000000;-38,548993000000000
314826;15;11;2017;21:38;2693;RUA MIRTES CORDEIRO;RUA ZACARIAS FLORINDO;;0;;Colis?úo;;;;;;;0;1;1;0;0;0;0;0;0;0;0;0;-3,786746000000000;-38,606102000000000
314827;15;11;2017;23:40;0;AV PRUDENTE BRASIL;;;531;;Atropelamento;;;;Meio de Quadra;;;0;1;1;1;0;0;0;0;0;0;0;0;-3,807138000000000;-38,533571000000000
312333;15;11;2017;20:39;0;AV ZEZE DIOGO;;;0;BIRUTA;Tombamento;Via Iluminada;Bom;Seca;Meio de Quadra;N?úo H?í Controle;Lazer;0;0;1;0;0;0;0;0;0;0;0;0;-3,741705700000000;-38,452076000000000
312334;15;11;2017;20:00;0;AV ENG SANTANA JUNIOR;;;2591;;Colis?úo Traseira;Via Iluminada;Bom;Seca;Meio de Quadra;Sem?íforo;Comercial;0;0;2;1;0;0;0;0;0;0;0;0;-3,747097000000000;-38,489470000000000
312335;15;11;2017;21:11;5709;AV DES GONZAGA;AV OLIVEIRA PAIVA;;0;;Colis?úo Lateral;Via Iluminada;Bom;Seca;Meio de Quadra;Sem?íforo;Comercial;0;0;1;1;0;0;0;0;0;0;0;0;-3,797302200000000;-38,499775000000000
312412;15;11;2017;09:48;613;AV DR THEBERGE;RUA ANTONIO FONTENELE;;0;;Colis?úo Lateral;Luz do Dia;Bom;Seca;T;Pare;Residencial;0;1;1;1;0;0;0;0;0;1;0;0;-3,715909200000000;-38,565330000000000
312325;15;11;2017;05:51;0;AV EDUARDO GIRAO;RUA DEP OSWALDO STUDART;;0;;Choque c/ Obst?ículo Fixo;Luz do Dia;Bom;Seca;;;;0;1;0;1;0;0;0;0;0;0;0;0;-3,755375100000000;-38,529713000000000
312326;15;11;2017;07:43;5051;RUA SEN JAGUARIBE;RUA SEN POMPEU;;0;;Colis?úo Transversal;Luz do Dia;Bom;Seca;Cruz;Pare;Comercial;0;0;2;1;0;0;0;0;0;0;0;0;-3,721743800000000;-38,528090000000000
312327;15;11;2017;06:54;13594;AV PONTES VIEIRA;RUA CAP GUSTAVO;;0;;Atropelamento;Luz do Dia;Bom;Seca;Cruz;Sem?íforo;Comercial;0;1;1;0;0;0;0;0;0;1;0;0;-3,753248200000000;-38,517070000000000
312328;15;11;2017;07:50;7926;AV ANTONIO SALES;RUA BARBOSA DE FREITAS;;0;;Colis?úo Lateral;Luz do Dia;Bom;Seca;Cruz;Sem?íforo;Comercial;0;2;1;1;0;0;0;0;0;1;0;0;-3,746272600000000;-38,500458000000000
312329;15;11;2017;10:15;15211;AV ABOLICAO;RUA PAULA BARROS;;0;;Colis?úo Transversal;Luz do Dia;Bom;Seca;Cruz;Sem?íforo;Comercial;0;0;2;0;1;0;0;0;0;0;0;0;-3,726884400000000;-38,492424000000000
312330;15;11;2017;11:20;10952;RUA 15 DE NOVEMBRO;RUA EQUADOR;;0;;Colis?úo Transversal;Luz do Dia;Bom;Seca;Cruz;Sem?íforo;Comercial;0;0;2;1;0;0;0;1;0;0;0;0;-3,770632700000000;-38,551440000000000
312331;15;11;2017;13:56;5468;RUA BAR ARATANHA;RUA ANTONIO POMPEU;;0;;Colis?úo;Luz do Dia;Bom;Seca;Cruz;Sem?íforo;Comercial;0;2;1;1;0;0;0;0;0;1;0;0;-3,736041800000000;-38,526726000000000
312323;15;11;2017;02:20;0;RUA INSTITUTO DO CEARA;;;311;;Colis?úo Lateral;Via Iluminada;Bom;Seca;Meio de Quadra;Pare;Residencial;0;0;1;1;0;0;0;0;0;0;0;0;-3,737812800000000;-38,537243000000000
316168;15;11;2017;07:30;0;RD CE-040;;;0;KM-10;Colis?úo;Luz do Dia;Bom;Seca;Meio de Quadra;;;0;0;2;1;0;0;0;0;0;1;0;0;-3,826400000000000;-38,481794000000000
316169;15;11;2017;06:15;0;RD CE-040;;;0;KM-10;Colis?úo;Luz do Dia;Bom;Seca;Meio de Quadra;;;0;0;2;1;0;0;0;0;0;0;0;0;-3,826401000000000;-38,481795000000000
316171;15;11;2017;18:00;0;AV SEN CARLOS JEREISSATI (AEROPORTO);;;0;KM 04;Colis?úo;Anoitecer;Bom;Seca;Meio de Quadra;;;0;0;2;1;0;0;0;0;0;0;0;0;-3,774020000000000;-38,550907000000000
304928;15;11;2017;16:27;0;RUA PROF GLAUCO LOBO;;;0;;Colis?úo Lateral;Luz do Dia;Bom;Seca;Cruz;N?úo H?í Controle;Residencial;0;2;0;1;0;0;0;0;0;0;0;0;;
304929;15;11;2017;00:10;0;AV DR SILAS MUNGUBA;;;4539;;Colis?úo Traseira;Via Iluminada;Bom;Seca;Outros;Sem?íforo;Comercial;0;2;0;1;0;0;0;0;0;1;0;0;-3,793295000000000;-38,534857000000000
304936;15;11;2017;01:05;13270;RUA 60 CJ JOSE WALTER;RUA 89 CJ JOSE WALTER;;0;;Colis?úo;Via Iluminada;Bom;Seca;Cruz;N?úo H?í Controle;Residencial;0;2;0;1;0;0;0;0;0;1;0;0;-3,837398000000000;-38,556238000000000
304941;15;11;2017;03:41;0;AV ALBERTO CRAVEIRO;;;1435;;Choque c/ Obst?ículo Fixo;Anoitecer;Bom;Seca;Meio de Quadra;N?úo H?í Controle;Residencial;0;1;0;1;0;0;0;0;0;0;0;0;-3,792398000000000;-38,517453000000000
304942;15;11;2017;02:00;1432;AV SANTOS DUMONT;AV SEN VIRGILIO TAVORA;;0;;Colis?úo Lateral;;;;Cruz;Sem?íforo;Comercial;0;2;0;1;0;0;0;0;0;0;0;0;-3,737828000000000;-38,493482000000000
304945;15;11;2017;23:40;10935;RUA BAR CANINDE;RUA ELCIAS LOPES;;0;;Colis?úo Lateral;Via Iluminada;Bom;Seca;Cruz;N?úo H?í Controle;Residencial;0;2;0;1;0;0;0;0;0;0;0;0;-3,770473000000000;-38,557426000000000
304921;15;11;2017;19:10;7656;RUA PERNAMBUCO;RUA GOIAS;;0;;Colis?úo Lateral;Via Iluminada;Bom;Seca;Cruz;Outros;Residencial;0;2;0;1;0;0;0;0;0;0;0;0;-3,760807000000000;-38,567269000000000
304946;16;11;2017;00:25;0;AV PDE ANTONIO TOMAS;;;515;;;Via Iluminada;Bom;Seca;Meio de Quadra;N?úo H?í Controle;Lazer;0;0;1;1;0;0;0;0;0;0;0;0;-3,744179600000000;-38,484348000000000
304943;16;11;2017;14:25;0;AV ALBERTO NEPOMUCENO;;;0;;Colis?úo Lateral;Luz do Dia;Bom;Seca;Meio de Quadra;;Comercial;0;1;0;1;0;0;0;0;0;0;0;0;;
304944;16;11;2017;17:49;0;AV PRS COSTA E SILVA;;;865;;Colis?úo Lateral;Anoitecer;Bom;Seca;Meio de Quadra;;Comercial;0;1;1;1;0;0;0;0;0;1;0;0;-3,812878000000000;-38,571484000000000
304948;16;11;2017;09:30;0;RUA BERNARDO MANUEL;;;10945;;Engavetamento;Luz do Dia;Bom;;Meio de Quadra;;;0;3;0;1;0;0;0;0;0;1;0;0;-3,814761000000000;-38,556311000000000
326217;16;11;2017;07:15;0;RD BR 116;;;500;KM-05;Colis?úo Traseira;Luz do Dia;;Seca;Meio de Quadra;;;0;0;3;1;0;0;0;0;0;0;0;0;-3,796035900000000;-38,507192300000000
316178;16;11;2017;14:45;0;AV SEN CARLOS JEREISSATI (AEROPORTO);;;0;KM 02;Engavetamento;Luz do Dia;Bom;Seca;Meio de Quadra;;;0;0;4;1;0;0;0;0;0;0;0;0;-3,782194000000000;-38,535424000000000
316179;16;11;2017;12:15;0;RD CE-040;;;0;KM-03;Colis?úo;Luz do Dia;Bom;Seca;Meio de Quadra;;;0;0;2;1;0;0;0;0;0;0;0;0;-3,782614325000000;-38,481083900000000
316176;16;11;2017;07:50;0;AV SEN CARLOS JEREISSATI (AEROPORTO);;;0;KM 03;Colis?úo;Luz do Dia;Bom;Seca;Meio de Quadra;;;0;0;2;1;0;0;0;0;0;0;0;0;-3,779641000000000;-38,544038000000000
315462;16;11;2017;05:56;0;AV 13 DE MAIO;;;1367;;Queda;Amanhecer;;;Meio de Quadra;;;0;1;0;0;0;0;0;0;0;1;0;0;-3,748068000000000;-38,530803000000000
315463;16;11;2017;06:13;0;AV PERIMETRAL;;;0;;Queda;Luz do Dia;;;Meio de Quadra;;;0;1;0;0;0;0;0;0;0;1;0;0;;
315471;16;11;2017;06:49;0;RUA TAQUATIARA;;;95;;Queda;Luz do Dia;;;Meio de Quadra;;;0;1;0;0;0;0;0;0;0;1;0;0;-3,830700000000000;-38,500739000000000
315476;16;11;2017;07:08;17311;RUA ROMEU MARTINS;RUA JOAO FIRMINO;;0;;Colis?úo;Luz do Dia;;;Cruz;Pare;Comercial;0;1;0;1;0;0;0;0;0;1;0;0;-3,764274000000000;-38,555582000000000
315487;16;11;2017;10:57;0;RUA DR PIO SARAIVA;;;335;;Atropelamento;Luz do Dia;;;Meio de Quadra;;;0;1;1;0;0;0;0;0;0;1;0;0;-3,736765200000000;-38,599640100000000
315484;16;11;2017;09:10;0;AV CAP GUTEMBERG BAUN;;;230;;Colis?úo;Luz do Dia;;;Meio de Quadra;;;0;1;1;0;0;0;0;0;0;0;0;0;-3,839527000000000;-38,523885000000000
315465;16;11;2017;06:48;0;AV MAE LISBOA;;;1546;;Queda;Luz do Dia;;;Meio de Quadra;;;0;1;0;0;0;0;0;0;0;1;0;0;-3,807946000000000;-38,465237000000000
315481;16;11;2017;07:24;0;RD CE-040;;;0;KM-10;Colis?úo;Luz do Dia;Bom;Seca;Meio de Quadra;;;0;1;2;1;0;0;0;1;0;1;0;0;-3,826402000000000;-38,481796000000000
315495;16;11;2017;11:26;0;AV MR HULL;;;5607;;Colis?úo;Luz do Dia;;;Meio de Quadra;;;0;2;1;1;0;0;0;0;0;1;0;0;-3,740089000000000;-38,594483000000000
315506;16;11;2017;12:07;0;AV BORGES DE MELO;;;10;;Colis?úo;Luz do Dia;;;Meio de Quadra;;;0;1;1;1;0;0;0;0;0;1;0;0;-3,760225862000000;-38,529393967000000
315524;16;11;2017;13:11;0;RUA MAE NEO MIRANDA;;;230;;Colis?úo;Luz do Dia;;;Meio de Quadra;;;0;1;1;0;0;0;0;0;0;0;0;0;;
315536;16;11;2017;16:14;0;AV DR SILAS MUNGUBA;;;1331;;Colis?úo;Luz do Dia;;;;;;0;1;1;1;0;1;0;0;0;0;0;0;;
315544;16;11;2017;17:25;0;RUA MARILIA DE DIRCEU;;;30;;Outros;Anoitecer;;;Meio de Quadra;;;0;1;0;0;0;1;0;0;0;0;0;0;-3,708765480000000;-38,575420918000000
315533;16;11;2017;15:54;0;AV WASHINGTON SOARES;;;4335;;Colis?úo;Luz do Dia;;;Meio de Quadra;;;0;1;1;0;0;0;0;0;0;1;0;0;-3,794925000000000;-38,479961000000000
315560;16;11;2017;23:30;19331;RUA PRO GOMES BRASIL;AV GAL OSORIO DE PAIVA;;0;;Colis?úo;;;;Cruz;Sem?íforo;Lazer;0;1;1;0;0;0;0;0;0;0;0;0;-3,775618000000000;-38,566451000000000
315561;16;11;2017;23:35;5065;AV ALBERTO NEPOMUCENO;RUA JOSE AVELINO;;0;;Colis?úo;;;;Cruz;Pare;Comercial;0;1;1;0;0;0;0;0;0;0;0;0;-3,722081000000000;-38,523662000000000
315551;16;11;2017;18:19;25486;AV ALBERTO CRAVEIRO;AV SEN CARLOS JEREISSATI (AEROPORTO);;0;;Colis?úo;Anoitecer;;;Y;N?úo H?í Controle;Comercial;0;1;1;1;0;0;0;0;0;1;0;0;-3,783767000000000;-38,516874000000000
315552;16;11;2017;19:26;0;AV FRANCISCO SA;;;0;;Queda;;;;Meio de Quadra;;;0;1;0;0;0;0;0;0;0;1;0;0;;
315553;16;11;2017;21:12;0;AV PRS COSTA E SILVA;;;0;JOSE WALTER;Atropelamento;;;;Meio de Quadra;;;0;1;1;0;0;0;0;0;0;1;0;0;;
315547;16;11;2017;17:30;0;AV GAL OSORIO DE PAIVA;;;4849;;Queda;Anoitecer;;;Meio de Quadra;;;0;2;0;0;0;0;0;0;0;1;0;0;-3,801261000000000;-38,598709000000000
315548;16;11;2017;18:12;0;RUA VALPARAISO;;;1032;;Colis?úo;Anoitecer;;;Meio de Quadra;;;0;2;0;0;0;0;0;0;0;1;0;0;-3,842239000000000;-38,528208000000000
315549;16;11;2017;18:18;2802;RUA VICENTE PINHEIRO;RUA OSCAR FRANCA;;0;;Colis?úo;Anoitecer;;;;;;0;1;1;1;0;0;0;0;0;1;0;0;-3,793479000000000;-38,594834000000000
315555;16;11;2017;22:40;0;RUA PRO VIRGILIO DE MORAIS;;;381;;Atropelamento;;;;Meio de Quadra;;;0;1;1;1;0;0;0;0;0;0;0;0;-3,751911000000000;-38,596780000000000
312303;16;11;2017;06:50;0;AV BORGES DE MELO;;;1591;;Colis?úo Traseira;Luz do Dia;Bom;Seca;Meio de Quadra;Sem?íforo;Comercial;0;0;2;1;0;0;0;1;0;0;0;0;-3,757838700000000;-38,532540000000000
312381;16;11;2017;00:33;0;RUA BENTO ALBUQUERQUE;;;1819;;N?úo Informado;Via Iluminada;Bom;Seca;N?úo Informado;N?úo H?í Controle;Residencial;0;0;2;1;0;0;0;0;0;0;0;0;-3,746506500000000;-38,474842000000000
312336;16;11;2017;08:03;0;RUA PRO COSTA MENDES;;;1274;;Colis?úo Traseira;Luz do Dia;Bom;Seca;Meio de Quadra;Pare;Residencial;0;0;2;1;0;0;0;0;0;0;0;0;-3,751349200000000;-38,550620000000000
312337;16;11;2017;06:50;0;AV PRS COSTA E SILVA;;;1822;;Colis?úo Traseira;Luz do Dia;Bom;Seca;Cruz;Sem?íforo;Residencial;0;0;2;1;0;0;0;0;0;0;0;0;-3,814998600000000;-38,530850000000000
312338;16;11;2017;09:06;0;AV PONTES VIEIRA;;;1969;;Colis?úo Lateral;Luz do Dia;Bom;Seca;Meio de Quadra;;;0;1;1;1;0;0;0;0;0;1;0;0;-3,751490400000000;-38,504307000000000
312339;16;11;2017;10:07;0;AV JOAO PESSOA;;;6380;;Colis?úo Traseira;Luz do Dia;Bom;Seca;Meio de Quadra;N?úo H?í Controle;Comercial;0;0;2;1;0;0;0;0;0;0;0;0;-3,766152600000000;-38,559326000000000
312340;16;11;2017;10:09;0;AV ANTONIO SALES;;;1419;;Colis?úo Traseira;Luz do Dia;Bom;Seca;Meio de Quadra;N?úo H?í Controle;Comercial;0;0;3;1;0;0;0;0;0;0;0;0;-3,742691300000000;-38,511246000000000
312341;16;11;2017;10:55;3779;RUA ANTONIO POMPEU;RUA VINTE E QUATRO DE MAIO;;0;;Colis?úo Transversal;Luz do Dia;Bom;Seca;Cruz;Pare;Comercial;0;0;3;0;1;0;0;0;0;1;0;0;-3,733671000000000;-38,534160000000000
312342;16;11;2017;10:57;0;RUA METON DE ALENCAR;;;0;FACULDADE DE DIREITO;Colis?úo Lateral;Luz do Dia;Bom;Seca;N?úo Informado;Sem?íforo;Comercial;0;0;1;1;0;0;0;0;0;0;0;0;-3,733285000000000;-38,532166000000000
312343;16;11;2017;11:59;0;AV DEP PAULINO ROCHA;;;53;;N?úo Informado;Luz do Dia;Bom;Seca;Meio de Quadra;Sem?íforo;Residencial;0;1;1;1;0;0;0;0;0;1;0;0;-3,802040000000000;-38,507580000000000
312344;16;11;2017;12:56;792;RUA TEN JAIME ANDRADE;RUA CAP VASCONCELOS D46;;0;;N?úo Informado;Luz do Dia;Bom;Seca;T;Pare;Residencial;0;0;1;1;0;0;0;0;0;1;0;0;-3,771758800000000;-38,516140000000000
312345;16;11;2017;12:00;0;AV RUI BARBOSA;;;1655;;Colis?úo Lateral;Luz do Dia;Bom;Seca;Meio de Quadra;N?úo H?í Controle;Residencial;0;2;1;1;0;0;0;0;0;1;0;0;-3,737609100000000;-38,509870000000000
312346;16;11;2017;13:51;0;RUA PDE CICERO;;;51;;Colis?úo Lateral;Luz do Dia;Bom;Seca;Meio de Quadra;Sem?íforo;Comercial;0;0;2;1;0;0;0;0;0;0;0;0;-3,745542000000000;-38,543694000000000
312347;16;11;2017;14:25;0;RUA SEN POMPEU;;;716;;Colis?úo Traseira;Luz do Dia;Bom;Seca;Meio de Quadra;N?úo H?í Controle;Comercial;0;0;2;1;0;0;0;0;0;0;0;0;-3,724952500000000;-38,529080000000000
312348;16;11;2017;14:34;0;RUA DINAMARCA;;;1;;Choque c/ Obst?ículo Fixo;Luz do Dia;Bom;Seca;T;Pare;Residencial;0;0;1;1;0;0;0;0;0;1;0;0;-3,729677700000000;-38,526200000000000
312349;16;11;2017;15:04;0;AV PRS CASTELO BRANCO;;;2739;;Atropelamento;Luz do Dia;Bom;Seca;Meio de Quadra;N?úo H?í Controle;Comercial;0;1;1;0;0;0;0;0;0;0;0;0;-3,724574300000000;-38,595257000000000
312350;16;11;2017;13:35;0;AV VIS RIO BRANCO;;;3989;;Colis?úo Traseira;Luz do Dia;Bom;Seca;Meio de Quadra;N?úo H?í Controle;Comercial;0;0;2;1;0;0;0;0;0;0;0;0;-3,756052000000000;-38,519996000000000
312351;16;11;2017;15:50;0;AV DOS JANGADEIROS;TR SAO JOAO D26;;0;;Colis?úo Transversal;Luz do Dia;Bom;Seca;T;Pare;Residencial;0;0;2;1;0;0;0;0;0;0;0;0;-3,725780200000000;-38,478670000000000
312352;16;11;2017;16:44;5391;RUA PEDRO I;RUA JAIME BENEVOLO;;0;;Colis?úo Lateral;Luz do Dia;Bom;Seca;T;Pare;Comercial;0;0;2;1;1;0;0;0;0;0;0;0;-3,732278300000000;-38,525436000000000
312353;16;11;2017;16:55;15778;RUA TAQUATIARA;RUA STA CLARA DE ASSIS;;0;TERMINAL DE MESSEJANA;Colis?úo Transversal;Luz do Dia;Bom;Seca;Cruz;Pare;Comercial;0;0;2;1;1;0;0;0;0;0;0;0;-3,830196600000000;-38,502480000000000
312354;16;11;2017;18:50;0;AV DES MOREIRA;;;615;;Colis?úo Lateral;Luz do Dia;Bom;Seca;Meio de Quadra;N?úo H?í Controle;Comercial;0;0;2;1;1;0;0;0;0;0;0;0;-3,731559800000000;-38,496780000000000
312355;16;11;2017;18:20;0;AV ROGACIANO LEITE;;;900;;Colis?úo Traseira;Via Iluminada;Bom;Seca;Meio de Quadra;Sem?íforo;Residencial;0;0;3;1;0;0;0;0;0;0;0;0;-3,764516800000000;-38,495274000000000
312356;16;11;2017;21:02;25159;AV MIGUEL DIAS;AV ALM MAXIMIANO DA FONSECA;;0;;N?úo Informado;Via Iluminada;Bom;Seca;Meio de Quadra;Sem?íforo;Comercial;0;0;2;1;0;0;0;0;0;0;0;0;-3,770657800000000;-38,487904000000000