COD_ACIDENTE;DIA;MES;ANO;HORA;INTERSECAO;LOG1;LOG2;LOG3;NUMERO;REFERENCIA;NATUREZA;ILUMINACAO;TEMPO;SUPERFICIEPISTA;TIPOCRUZAMENTO;CONTROLETRAFEGO;USOSOLO;MORTOS;FERIDOS;ILESOS;AUTOMOVEL;ONIBUS;BICICLETA;CAMINHAO;MICROONIBUS;CICLOMOTOR;MOTOCICLETA;TRACAOANIMAL;TREM;LATITUDE;LONGITUDE
312357;16;11;2017;19:35;0;RUA JOAQUIM ALBANO;;;130;;Colis?úo Lateral;Via Iluminada;Bom;Seca;Meio de Quadra;Sem?íforo;Industrial;0;0;2;0;1;0;0;0;0;0;0;0;-3,736775600000000;-38,584644000000000
312358;16;11;2017;21:02;0;RUA PERO COELHO;;;303;;Choque c/ Obst?ículo Fixo;Via Iluminada;Bom;Seca;Meio de Quadra;N?úo H?í Controle;Residencial;0;0;1;0;0;0;0;0;0;0;0;0;-3,733318000000000;-38,522030000000000
312359;16;11;2017;22:08;6818;RUA FRANCISCO MATOS;RUA DR GILBERTO STUDART;;0;;Colis?úo Lateral;Via Iluminada;Bom;Seca;Cruz;Pare;Residencial;0;0;2;1;1;0;0;0;0;0;0;0;-3,747084000000000;-38,470191000000000
312360;16;11;2017;08:00;23419;RUA MON SALAZAR;RUA NUNES VALENTE;;0;;Colis?úo Lateral;Luz do Dia;Nublado;Molhada;Cruz;Pare;Comercial;0;1;1;1;0;0;0;0;0;1;0;0;-3,755624000000000;-38,508995000000000
312366;16;11;2017;14:00;3054;RUA ANDRE REBOUCAS;RUA MARGINAL VERDE OESTE;;0;;Colis?úo Transversal;Luz do Dia;Bom;Seca;Cruz;Pare;Residencial;0;0;2;1;0;0;0;0;0;0;0;0;-3,775584500000000;-38,590630000000000
312402;16;11;2017;06:30;26200;RUA ELISEU UCHOA BECCO;RUA DR ADJEMIR PARAHYBA;;0;;Colis?úo Transversal;Luz do Dia;Bom;Seca;T;Pare;Residencial;0;1;1;1;0;0;0;0;0;0;0;0;-3,772618000000000;-38,471120000000000
312448;16;11;2017;17:04;4542;AV DEP PAULINO ROCHA;RUA CEL ZACARIAS J FRANCA;;0;;Colis?úo Transversal;Luz do Dia;Bom;Seca;T;Pare;Comercial;0;1;1;0;0;0;0;0;0;1;0;0;-3,806763400000000;-38,508522000000000
312363;17;11;2017;08:03;0;AV ANTONIO SALES;;;1031;;N?úo Informado;Luz do Dia;Bom;Seca;Meio de Quadra;N?úo H?í Controle;Comercial;0;0;2;1;1;0;0;0;0;0;0;0;-3,742369700000000;-38,512104000000000
312364;17;11;2017;07:30;0;AV FRE CIRILO;;;4211;;Colis?úo Traseira;Luz do Dia;Nublado;Molhada;Meio de Quadra;Sem?íforo;Comercial;0;0;1;1;0;0;0;0;0;0;0;0;-3,820829600000000;-38,495773000000000
312365;17;11;2017;06:45;0;AV SORIANO ALBUQUERQUE;;;92;;Atropelamento;Luz do Dia;Nublado;Seca;Meio de Quadra;N?úo H?í Controle;Residencial;0;1;2;0;0;0;0;0;0;1;0;0;-3,747795600000000;-38,519764000000000
312367;17;11;2017;13:13;0;RUA FRANCISCO GLICERIO;;;521;MARAPONGA MART MODA;N?úo Informado;Luz do Dia;Bom;Seca;Cruz;N?úo H?í Controle;Residencial;0;0;2;1;0;0;0;0;0;0;0;0;-3,796916000000000;-38,566837000000000
312368;17;11;2017;14:07;0;RUA JOAQUIM NABUCO;;;1788;;Colis?úo Traseira;Luz do Dia;Bom;Seca;Meio de Quadra;N?úo H?í Controle;Comercial;0;0;2;1;0;0;0;0;0;1;0;0;-3,740983000000000;-38,503136000000000
312369;17;11;2017;14:51;0;RUA DR JOAO MOREIRA;;;181;;N?úo Informado;Luz do Dia;Bom;Seca;Meio de Quadra;Pare;Comercial;0;1;1;1;0;0;0;0;0;1;0;0;-3,723080000000000;-38,526230000000000
312370;17;11;2017;15:11;12866;RUA JOAQUIM MAGALHAES;RUA SOLON PINHEIRO;;0;;Colis?úo Traseira;Luz do Dia;Bom;Seca;Cruz;Pare;Residencial;0;0;2;1;0;0;0;0;0;0;0;0;-3,739439500000000;-38,529537000000000
312371;17;11;2017;16:44;10603;AV MIGUEL DIAS;RUA CEL HELDER BENEVIDES;;0;;Colis?úo Transversal;Luz do Dia;Bom;Seca;Cruz;Pare;Comercial;0;0;0;1;0;0;0;0;0;1;0;0;-3,741572600000000;-38,510014000000000
312372;17;11;2017;15:40;22886;RUA BERNARDO MANUEL;RUA INACIO PARENTE;;0;;Colis?úo Transversal;Via Iluminada;Bom;Seca;Cruz;Sem?íforo;Comercial;0;1;1;1;0;0;0;0;0;0;0;0;-3,781172800000000;-38,546112000000000
312373;17;11;2017;17:08;0;RUA SEN POMPEU;;;551;;Colis?úo Traseira;Luz do Dia;Bom;Seca;Meio de Quadra;N?úo H?í Controle;Comercial;0;0;2;1;0;0;0;0;0;0;0;0;-3,723556000000000;-38,528652000000000
312374;17;11;2017;15:15;251;RUA DOM JOSE LOURENCO  D27;RUA GAL BERNARDO FIGUEIREDO;;0;;Colis?úo Transversal;Luz do Dia;Bom;Seca;Cruz;Pare;Residencial;0;3;1;1;0;0;0;0;0;1;0;0;-3,740956500000000;-38,558468000000000
312375;17;11;2017;17:23;13111;AV C CJ JOSE WALTER;RUA 69 CJ JOSE WALTER;;0;;N?úo Informado;Luz do Dia;Bom;Seca;T;Pare;Residencial;0;0;1;0;1;1;0;0;0;0;0;0;-3,829269400000000;-38,554310000000000
312376;17;11;2017;18:00;0;RUA OSVALDO CRUZ;RUA MON SALAZAR;;0;;Colis?úo Lateral;Via Iluminada;Bom;Seca;Cruz;Pare;Comercial;0;0;2;1;0;0;0;0;0;0;0;0;-3,755412800000000;-38,506775000000000
312377;17;11;2017;18:56;0;AV PRS COSTA E SILVA;;;2620;;Colis?úo Traseira;Via Iluminada;Bom;Seca;Meio de Quadra;Sem?íforo;Comercial;0;0;2;1;0;0;0;0;0;0;0;0;-3,820892000000000;-38,558840000000000
312378;17;11;2017;18:47;12867;RUA JOAQUIM MAGALHAES;RUA JAIME BENEVOLO;;0;;Colis?úo Lateral;N?úo Iluminada;Bom;Seca;Cruz;Pare;Residencial;0;0;2;1;0;0;0;0;0;0;0;0;-3,739911300000000;-38,528010000000000
312379;17;11;2017;19:08;0;AV ALM MAXIMIANO DA FONSECA;;;0;;Colis?úo Traseira;Via Iluminada;Bom;Seca;Meio de Quadra;N?úo H?í Controle;Comercial;0;0;1;1;0;0;0;0;0;0;0;0;-3,771537000000000;-38,482826000000000
312380;17;11;2017;16:30;1307;AV SANTOS DUMONT;RUA NUNES VALENTE;;0;;Colis?úo Traseira;Luz do Dia;Bom;Seca;Cruz;Sem?íforo;Comercial;0;1;1;1;0;0;0;0;0;1;0;0;-3,734604100000000;-38,503277000000000
312382;17;11;2017;20:42;0;AV DOM LUIS;;;0;;Colis?úo Traseira;Via Iluminada;Bom;Seca;Rotat??ria;N?úo H?í Controle;Comercial;0;0;1;1;0;0;0;0;0;0;0;0;-3,733197200000000;-38,497707000000000
315562;17;11;2017;06:12;0;AV C CJ JOSE WALTER;;;1235;;Queda;Luz do Dia;;;Meio de Quadra;;;0;1;0;0;0;0;0;0;0;1;0;0;;
315578;17;11;2017;07:11;25013;RUA TEODOMIRO DE CASTRO;RUA ADOLFO B DE MENEZES;;0;;Queda;Luz do Dia;;;Cruz;Pare;Residencial;0;1;0;0;0;0;0;0;0;1;0;0;-3,716619000000000;-38,577425000000000
315585;17;11;2017;08:13;0;RUA NOVA QUIETUDE;;;527;;Colis?úo;Luz do Dia;;;Meio de Quadra;;;0;1;1;0;0;0;0;0;0;1;0;0;-3,829931000000000;-38,503312000000000
315581;17;11;2017;08:10;0;RUA GONCALVES LEDO;;;974;;Colis?úo;Luz do Dia;;;Meio de Quadra;;;0;1;1;1;0;1;0;0;0;0;0;0;-3,732547000000000;-38,516474000000000
315592;17;11;2017;08:34;0;AV ODILON GUIMARAES;;;3470;;Atropelamento;Luz do Dia;;;Meio de Quadra;;;0;1;1;1;0;0;0;0;0;1;0;0;-3,815992000000000;-38,470010000000000
315602;17;11;2017;08:42;16230;ET PAVUNA;AV PRS COSTA E SILVA;;0;;Colis?úo;Luz do Dia;;;Outros;Pare;Misto;0;1;1;1;0;0;0;0;0;1;0;0;-3,820898000000000;-38,558802000000000
315742;17;11;2017;19:09;0;AV FRE CIRILO;;;0;;Colis?úo;;;;Meio de Quadra;;;0;1;1;0;0;0;0;0;0;0;0;0;;
315729;17;11;2017;17:37;0;AV SIQUEIRA CAMPOS;;;659;;Colis?úo;Anoitecer;;;Meio de Quadra;;;0;1;1;1;0;0;0;0;0;1;0;0;-3,818578000000000;-38,622014000000000
315740;17;11;2017;18:58;4875;RUA JARDIM FLUMINENSE;RUA CON DE CASTRO;;0;;Colis?úo;;;;T;Sem?íforo;Residencial;0;1;1;0;0;0;0;0;0;1;0;0;-3,812831000000000;-38,597948000000000
315733;17;11;2017;18:57;0;RUA UMARIZEIRA;;;1338;;Colis?úo;;;;Meio de Quadra;;;0;1;1;0;0;0;0;0;0;0;0;0;-3,823998899000000;-38,593976678000000
315726;17;11;2017;17:33;0;RUA JULIO CESAR D12;;;1359;;Atropelamento;Anoitecer;;;Meio de Quadra;;;0;1;1;1;0;0;0;0;0;0;0;0;-3,753992000000000;-38,546322000000000
315723;17;11;2017;17:29;0;AV VIS RIO BRANCO;;;4000;;Colis?úo;Anoitecer;;;Meio de Quadra;;;0;1;1;0;0;0;0;0;0;0;0;0;-3,755724000000000;-38,520059000000000
315713;17;11;2017;14:14;0;RUA LONDRINA;;;346;;Queda;Luz do Dia;;;Meio de Quadra;;;0;1;0;0;0;0;0;0;0;1;0;0;-3,778729163000000;-38,611840601000000
315717;17;11;2017;14:35;0;AV FRE CIRILO;;;3480;HOSPITAL DO CORA?ç?âO;Colis?úo;Luz do Dia;;;Meio de Quadra;;;0;1;1;1;0;0;0;0;0;1;0;0;-3,814790000000000;-38,498538000000000
315718;17;11;2017;15:07;0;RUA 301 CJ CEARA;;;120;;Queda;Luz do Dia;;;Meio de Quadra;;;0;1;0;0;0;1;0;0;0;0;0;0;-3,775444000000000;-38,611569000000000
315719;17;11;2017;15:36;0;AV H CJ CEARA;;;2000;;Colis?úo;Luz do Dia;;;Meio de Quadra;;;0;1;1;1;0;0;0;0;0;1;0;0;-3,776509000000000;-38,616377000000000
315634;17;11;2017;09:58;0;AV ALBERTO CRAVEIRO;;;0;;Colis?úo;Luz do Dia;;;Meio de Quadra;;;0;1;1;1;0;0;0;0;0;1;0;0;;
315652;17;11;2017;12:24;13107;AV C CJ JOSE WALTER;AV J CJ JOSE WALTER;;0;;Colis?úo;Luz do Dia;;;Rotat??ria;Pare;Misto;0;1;1;0;0;0;0;0;0;0;0;0;-3,828939000000000;-38,555025000000000
315632;17;11;2017;09:55;0;AV DR SILAS MUNGUBA;;;469;;Queda;Luz do Dia;;;Meio de Quadra;;;0;1;0;0;0;0;0;0;0;1;0;0;-3,778535000000000;-38,561239000000000
315626;17;11;2017;09:04;0;AV GAL OSORIO DE PAIVA;;;0;;Colis?úo;Luz do Dia;;;Meio de Quadra;;;0;1;1;0;0;0;0;0;0;0;0;0;;
315636;17;11;2017;11:05;25000;RUA COSTA BARROS;AV DOM MANUEL;;0;;Queda;Luz do Dia;;;Cruz;Sem?íforo;Comercial;0;1;0;0;0;0;0;0;0;1;0;0;-3,727381000000000;-38,520793000000000
315824;17;11;2017;19:54;0;AV GODOFREDO MACIEL;;;4020;;Colis?úo;;;;Meio de Quadra;;;0;1;1;1;0;0;0;0;0;1;0;0;-3,810009000000000;-38,574153000000000
315828;17;11;2017;22:05;0;AV GODOFREDO MACIEL;;;2440;;Colis?úo;;;;Meio de Quadra;Pare;Comercial;0;1;1;1;0;0;0;0;0;1;0;0;-3,796928000000000;-38,570061000000000
315822;17;11;2017;19:35;26259;RUA BRAGANCA;RUA JOSE ABILIO;;0;;Colis?úo;;;;Cruz;Pare;Residencial;0;1;1;1;0;0;0;0;0;1;0;0;;
315833;17;11;2017;22:39;5413;RUA METON DE ALENCAR;RUA GAL SAMPAIO;;0;;Colis?úo;;;;Cruz;Sem?íforo;Comercial;0;1;1;1;0;0;0;0;0;1;0;0;-3,733033000000000;-38,532600000000000
316182;17;11;2017;07:45;0;RD CE-065;;;0;KM-01;Colis?úo;Luz do Dia;Bom;Seca;Meio de Quadra;;;0;0;2;1;0;0;1;0;0;0;0;0;;
316671;17;11;2017;19:21;0;AV ENG LEAL LIMA VERDE (SAPIRANGA/COITE);;;1;;Colis?úo;;;;Meio de Quadra;;;0;1;0;1;0;0;0;0;0;1;0;0;-3,786571500000000;-38,476438700000000
326225;17;11;2017;15:00;0;RD BR 116;;;7000;KM-07;Colis?úo Lateral;Luz do Dia;;Seca;Meio de Quadra;;;0;2;1;0;0;0;0;0;0;1;0;0;-3,786917000000000;-38,511279000000000
304949;17;11;2017;12:30;12840;RUA SOLON PINHEIRO;RUA CARLOS GOMES;;0;;Colis?úo Transversal;Luz do Dia;Bom;Seca;Cruz;Pare;Residencial;0;2;0;1;0;0;0;0;0;1;0;0;-3,740604000000000;-38,529735000000000
304952;17;11;2017;16:20;24448;AV LAURO VIEIRA CHAVES;RUA JORGE ACURCIO;;0;;Colis?úo Transversal;Luz do Dia;Bom;Seca;Cruz;Pare;Comercial;0;1;0;1;0;0;1;0;0;0;0;0;-3,771853000000000;-38,534840000000000
304953;17;11;2017;10:00;5048;RUA PDE MORORO;RUA TIJUBANA;;0;;Colis?úo Lateral;Luz do Dia;Bom;Seca;T;Pare;Residencial;0;0;1;1;0;0;0;0;0;0;0;0;-3,721662000000000;-38,536313000000000
304954;17;11;2017;13:30;3856;AV DA UNIVERSIDADE;RUA PDE FRANCISCO PINTO;;0;;Colis?úo Transversal;Luz do Dia;Bom;Seca;Cruz;Sem?íforo;Comercial;0;3;0;1;0;0;1;0;0;0;0;0;-3,742799000000000;-38,540777000000000
304958;17;11;2017;14:00;0;AV SGT HERMINIO SAMPAIO;;;1608;;Colis?úo Lateral;Luz do Dia;Bom;Seca;Meio de Quadra;Pare;Residencial;0;3;0;1;0;0;0;0;0;1;0;0;-3,725365000000000;-38,555070000000000
304959;17;11;2017;01:09;0;AV GODOFREDO MACIEL;;;0;;Choque c/ Obst?ículo Fixo;Via Iluminada;Bom;Seca;Meio de Quadra;N?úo H?í Controle;Residencial;0;1;0;1;0;0;0;0;0;0;0;0;;
304960;17;11;2017;14:00;0;AV BEZERRA DE MENEZES;;;1102;;Colis?úo Transversal;Luz do Dia;Bom;Seca;Meio de Quadra;N?úo H?í Controle;Comercial;0;2;0;1;0;0;0;0;0;1;0;0;-3,733636000000000;-38,554649000000000
304961;17;11;2017;12:10;11836;RUA JACINTO MATOS;RUA MON DANTAS;;0;;Colis?úo Transversal;Luz do Dia;Bom;Seca;Cruz;Pare;Residencial;0;2;0;1;0;0;0;0;0;1;0;0;-3,719714000000000;-38,546800000000000
306121;17;11;2017;06:45;0;AV SORIANO ALBUQUERQUE;;;92;;Atropelamento;Luz do Dia;;;Meio de Quadra;;;1;0;1;0;0;0;0;0;0;1;0;0;-3,747731000000000;-38,519845000000000
317635;18;11;2017;11:48;0;AV 13 DE MAIO;;;853;;Colis?úo;Luz do Dia;;;Meio de Quadra;;;0;1;1;1;0;0;0;0;0;1;0;0;-3,751051000000000;-38,527312000000000
317631;18;11;2017;11:17;0;RUA MARIA JULIA;;;0;;Atropelamento;Luz do Dia;;;Meio de Quadra;;;0;1;1;0;0;1;0;0;0;0;0;0;;
317632;18;11;2017;11:38;0;RUA ESTEVAO DE CAMPOS;;;1429;;Queda;Luz do Dia;;;Meio de Quadra;;;0;1;0;0;0;1;0;0;0;0;0;0;-3,700900000000000;-38,588482000000000
304963;18;11;2017;03:20;0;AV MOZART PINHEIRO DE LUCENA;;;2080;;Colis?úo Traseira;Luz do Dia;Bom;Seca;Meio de Quadra;N?úo H?í Controle;Comercial;0;3;0;0;0;0;0;0;0;1;0;0;-3,720610000000000;-38,596378000000000
304964;18;11;2017;03:20;0;AV MOZART PINHEIRO DE LUCENA;;;2080;;;;;;Meio de Quadra;;;0;1;0;0;0;0;0;0;0;1;0;0;-3,720610000000000;-38,596378000000000
304966;18;11;2017;02:30;0;AV GOV RAUL BARBOSA;;;0;;Colis?úo Lateral;Via Iluminada;Bom;Seca;Meio de Quadra;N?úo H?í Controle;Residencial;0;2;0;1;0;0;0;0;0;0;0;0;;
304967;18;11;2017;09:00;21590;RUA RAIMUNDO NERY;RUA COM GARCIA;;0;;Colis?úo Lateral;Luz do Dia;Bom;Seca;Cruz;Pare;Residencial;0;2;0;1;0;0;0;0;0;0;0;0;-3,795908000000000;-38,585684000000000
316143;18;11;2017;23:24;0;RUA PIRINEUS;;;64;;Colis?úo;;;;Meio de Quadra;;;0;1;1;0;0;0;0;0;0;0;0;0;-3,820309203000000;-38,576631000000000
316184;18;11;2017;07:50;0;AV SEN CARLOS JEREISSATI (AEROPORTO);;;0;KM 03;Colis?úo;Luz do Dia;Bom;Seca;Meio de Quadra;;;0;0;3;0;0;0;0;0;0;1;0;0;-3,779641000000000;-38,544038000000000
316186;18;11;2017;10:00;0;AV MIN JOSE AMERICO;;;0;;Colis?úo;Luz do Dia;Bom;Seca;Meio de Quadra;;;0;0;2;1;0;0;0;0;0;0;0;0;;
316188;18;11;2017;13:15;0;RD CE-040;;;0;KM-08;Colis?úo;Luz do Dia;Bom;Seca;Meio de Quadra;;;0;1;1;1;0;0;0;0;0;1;0;0;-3,825515822000000;-38,481538320000000
316194;18;11;2017;22:00;0;RD CE-040;;;0;KM-03;Colis?úo;;Bom;Seca;Meio de Quadra;;;0;0;2;0;0;0;0;0;0;0;0;0;-3,782614325000000;-38,481083900000000
316192;18;11;2017;11:50;0;RD CE-065;;;0;KM-02;Colis?úo;Luz do Dia;Bom;Seca;Meio de Quadra;;;0;0;2;1;0;0;1;0;0;0;0;0;;
316100;18;11;2017;22:23;0;RUA HUMAITA D73;;;1025;;Colis?úo;;;;Meio de Quadra;;;0;1;1;0;0;0;0;0;0;0;0;0;-3,756615000000000;-38,599866000000000
316101;18;11;2017;22:32;0;RUA PARAGUAI;;;278;;Atropelamento;;;;Meio de Quadra;;;0;1;1;1;0;0;0;0;0;0;0;0;-3,748542000000000;-38,566031000000000
316092;18;11;2017;22:05;0;AV 13 DE MAIO;;;0;;Atropelamento;;;;Meio de Quadra;;;0;1;1;1;0;0;0;0;0;0;0;0;;
316084;18;11;2017;22:03;0;AV ENG HUMBERTO MONTE;;;1099;;Colis?úo;;;;Meio de Quadra;;;0;1;1;0;0;1;0;0;0;1;0;0;-3,749500000000000;-38,560178000000000
316079;18;11;2017;21:32;0;RUA TARCISIO PEIXOTO;;;326;;Colis?úo;;;;Meio de Quadra;;;0;0;2;1;0;0;0;0;0;1;0;0;-3,751343000000000;-38,587375000000000
316069;18;11;2017;17:47;0;AV GODOFREDO MACIEL;;;0;;Colis?úo;Anoitecer;;;Meio de Quadra;;;0;1;1;1;0;0;0;0;0;1;0;0;;
316070;18;11;2017;18:34;0;RUA BOA VISTA;;;601;;Atropelamento;;;;Meio de Quadra;;;0;1;1;0;0;0;0;0;0;1;0;0;-3,769147000000000;-38,585829000000000
316073;18;11;2017;19:41;0;RUA ENG LUIS MONTENEGRO;;;522;;Atropelamento;;;;Meio de Quadra;;;0;1;1;0;1;0;0;0;0;0;0;0;;
316140;18;11;2017;22:39;1736;RUA MAJ GERARDO MENDES;RUA TEN ROMA;;0;;Queda;;;;Cruz;Gesto;Misto;0;1;0;0;0;0;0;0;0;1;0;0;-3,767444000000000;-38,512988000000000
315838;18;11;2017;00:38;0;RUA DR WANDA SIDOU;;;626;;Queda;;;;Meio de Quadra;;;0;1;0;0;0;0;0;0;0;1;0;0;;
315839;18;11;2017;01:40;0;RUA DNA LUCIA PINHEIRO (QUINTINO CUNHA);;;42;;Colis?úo;;;;Meio de Quadra;;;0;1;1;0;0;0;0;0;0;0;0;0;-3,732175000000000;-38,597271000000000
315840;18;11;2017;01:51;0;RUA ALMEIDA PRADO;;;1013;;Colis?úo;;;;Meio de Quadra;;;0;1;1;0;0;0;0;0;0;0;0;0;-3,745621000000000;-38,475761000000000
315841;18;11;2017;01:53;15311;AV RUI BARBOSA;RUA PEREIRA FILGUEIRAS;;0;;Capotamento;;;;Cruz;Sem?íforo;Comercial;0;1;0;0;0;0;0;0;0;0;0;0;-3,730106000000000;-38,507546000000000
315842;18;11;2017;03:43;0;RUA 15 DE NOVEMBRO;;;1037;;Colis?úo;;;;Meio de Quadra;;;0;2;1;0;0;0;0;0;0;1;0;0;-3,770612000000000;-38,551194000000000
315843;18;11;2017;04:11;0;RD BR 116;;;0;;Choque c/ Obst?ículo Fixo;;;;Meio de Quadra;;;0;3;0;1;0;0;0;0;0;0;0;0;;
315856;18;11;2017;07:50;0;RUA VERBENA;;;67;;Colis?úo;Luz do Dia;;;Meio de Quadra;;;0;2;0;0;0;0;0;0;0;1;0;0;-3,776414000000000;-38,587863000000000
315869;18;11;2017;09:40;25108;AV BEZERRA DE MENEZES;RUA BRAZ DE FRANCESCO;;0;;Colis?úo;Luz do Dia;;;Cruz;Sem?íforo;Comercial;0;1;1;1;0;0;0;0;0;0;0;0;-3,736282000000000;-38,567363000000000
315872;18;11;2017;09:58;577;AV DR THEBERGE;AV FRANCISCO SA;;0;;Colis?úo;Luz do Dia;;;Cruz;Sem?íforo;Comercial;0;1;1;1;0;0;0;0;0;1;0;0;-3,714822000000000;-38,565016000000000
315865;18;11;2017;08:49;0;RUA J CJ JARDIM FLUMINENSE;;;191;;Colis?úo;Luz do Dia;;;Meio de Quadra;;;0;1;1;0;0;0;1;0;0;1;0;0;-3,813752700000000;-38,596507000000000
315860;18;11;2017;08:26;19675;RUA CRUZ SALDANHA;RUA GUSTAVO SAMPAIO;;0;;Colis?úo;Luz do Dia;;;Cruz;Pare;Residencial;0;1;1;1;0;0;0;1;0;0;0;0;-3,734763000000000;-38,554069000000000
315897;18;11;2017;14:25;0;RUA LIBERATO BARROSO;;;651;;Atropelamento;Luz do Dia;;;Meio de Quadra;;;0;2;0;0;0;0;0;0;0;1;0;0;-3,727216000000000;-38,531734100000000
315898;18;11;2017;16:10;0;AV IMPERADOR;;;680;;Atropelamento;Luz do Dia;;;Meio de Quadra;;;0;1;1;1;0;0;0;0;0;0;0;0;-3,727407000000000;-38,534518000000000
315899;18;11;2017;16:10;0;RUA 860 CJ CEARA;;;0;;Queda;Luz do Dia;;;Meio de Quadra;;;0;1;0;0;0;0;0;0;0;1;0;0;;
315895;18;11;2017;13:47;0;RUA NOSSA SRA DAS GRACAS;;;1026;;Colis?úo;Luz do Dia;;;Meio de Quadra;;;0;1;1;0;0;0;0;0;0;1;0;0;-3,708961000000000;-38,557559000000000
315892;18;11;2017;13:27;766;RUA MAJ GERARDO MENDES;RUA TEN WILSON  D46;;0;;Colis?úo;Luz do Dia;;;Cruz;Pare;Residencial;0;1;1;0;0;0;0;0;0;1;0;0;-3,769218000000000;-38,512647000000000
315884;18;11;2017;10:58;0;RUA JULIO SILVA;;;440;;Atropelamento;Luz do Dia;;;Meio de Quadra;;;0;1;1;0;0;0;0;0;0;1;0;0;;
315888;18;11;2017;13:11;0;RUA MONTE LIBANO;;;642;;Queda;Luz do Dia;;;Meio de Quadra;;;0;1;0;0;0;0;0;0;0;1;0;0;-3,826062700000000;-38,563167100000000
315876;18;11;2017;10:45;3362;RUA STA CATARINA (BELA VISTA / PAN AMERICANO);RUA AMAZONAS;;0;;Queda;Luz do Dia;;;Cruz;Pare;Residencial;0;1;0;0;0;0;0;0;0;1;0;0;-3,752908000000000;-38,564766000000000
315881;18;11;2017;10:50;0;AV H CJ CEARA;;;1650;;Colis?úo;Luz do Dia;;;Meio de Quadra;;;0;1;1;1;0;0;0;0;0;1;0;0;-3,776164000000000;-38,613073000000000
316058;18;11;2017;16:43;0;RUA SGT JOAO PINHEIRO;;;900;;Colis?úo;Luz do Dia;;;Meio de Quadra;;;0;1;1;1;0;0;0;0;0;1;0;0;-3,783550300000000;-38,623067500000000
316061;18;11;2017;17:33;0;AV CEL CARVALHO;;;2120;;Colis?úo;Anoitecer;;;Meio de Quadra;;;0;1;1;1;0;0;0;0;0;1;0;0;-3,720761000000000;-38,587063000000000
312383;18;11;2017;03:40;15821;AV JOR THOMAZ COELHO;RUA ANGELICA GURGEL;;0;;Colis?úo Transversal;Via Iluminada;Bom;Seca;T;Pare;Comercial;0;1;1;1;0;0;0;0;0;1;0;0;-3,832401300000000;-38,499092000000000
312384;18;11;2017;08:53;0;RUA ANTONIO POMPEU;;;410;;Colis?úo Lateral;Luz do Dia;Bom;Seca;;;;0;1;1;1;0;0;0;0;0;1;0;0;-3,735885900000000;-38,527416000000000
312385;18;11;2017;09:02;0;AV AUGUSTO DOS ANJOS;;;1755;;Colis?úo Lateral;Luz do Dia;Bom;Seca;T;Sem?íforo;Comercial;0;0;2;1;0;0;0;0;0;1;0;0;-3,781533200000000;-38,580242000000000
312386;18;11;2017;10:11;0;AV JOSE BASTOS;;;4530;;Engavetamento;Luz do Dia;Bom;Seca;Meio de Quadra;Sem?íforo;Comercial;0;2;3;1;0;0;0;0;0;0;0;0;-3,756389900000000;-38,556927000000000
312387;18;11;2017;10:32;19721;RUA GUSTAVO SAMPAIO;RUA AMADEU FURTADO;;0;;Capotamento;Luz do Dia;Bom;Seca;Cruz;Pare;Residencial;0;0;1;1;0;0;0;0;0;0;0;0;-3,736915600000000;-38,563770000000000
312388;18;11;2017;10:10;14665;RUA PDE JANUARIO CAMPOS;RUA DES AVELAR;;0;;Colis?úo Transversal;Luz do Dia;Bom;Seca;Cruz;Pare;Residencial;0;1;1;1;0;0;0;0;0;1;0;0;-3,794519200000000;-38,489390000000000
312389;18;11;2017;13:06;5347;RUA BAR RIO BRANCO;RUA PEDRO I;;0;;Colis?úo Transversal;Luz do Dia;Bom;Seca;Cruz;Sem?íforo;Comercial;0;0;2;1;0;0;0;0;0;1;0;0;-3,730986600000000;-38,529686000000000
312390;18;11;2017;11:40;5284;RUA PRC ISABEL;RUA PEDRO I;;0;;Colis?úo Lateral;Luz do Dia;Bom;Seca;Cruz;Pare;Comercial;0;0;2;1;0;0;0;0;0;0;0;0;-3,728814400000000;-38,536224000000000
312391;18;11;2017;13:17;0;AV OLIVEIRA PAIVA;;;2565;;Colis?úo Traseira;Luz do Dia;Bom;Seca;Meio de Quadra;Sem?íforo;Comercial;0;0;2;1;0;0;0;0;0;0;0;0;-3,795980700000000;-38,484390000000000
312392;18;11;2017;13:42;0;AV OLIVEIRA PAIVA;;;2415;;Colis?úo Lateral;Luz do Dia;Bom;Seca;Meio de Quadra;Sem?íforo;Residencial;0;0;2;1;0;0;0;0;0;1;0;0;-3,796004000000000;-38,484440000000000
312393;18;11;2017;13:46;0;RUA JOR ANTONIO P TAVARES;;;914;;Colis?úo Transversal;Luz do Dia;Bom;Seca;Meio de Quadra;N?úo H?í Controle;Residencial;0;1;1;1;0;0;0;0;0;0;0;0;-3,813671600000000;-38,507343000000000
312394;18;11;2017;14:30;12834;RUA BAR RIO BRANCO;RUA ANTONIO POMPEU;;0;;Colis?úo Transversal;Luz do Dia;Bom;Seca;Cruz;Sem?íforo;Comercial;0;0;4;1;0;0;0;0;0;0;0;0;-3,734576000000000;-38,530838000000000