COD_ACIDENTE;DIA;MES;ANO;HORA;INTERSECAO;LOG1;LOG2;LOG3;NUMERO;REFERENCIA;NATUREZA;ILUMINACAO;TEMPO;SUPERFICIEPISTA;TIPOCRUZAMENTO;CONTROLETRAFEGO;USOSOLO;MORTOS;FERIDOS;ILESOS;AUTOMOVEL;ONIBUS;BICICLETA;CAMINHAO;MICROONIBUS;CICLOMOTOR;MOTOCICLETA;TRACAOANIMAL;TREM;LATITUDE;LONGITUDE
312395;18;11;2017;15:15;0;AV JOR THOMAZ COELHO;;;649;;Colis?úo Lateral;Luz do Dia;Bom;Seca;Meio de Quadra;N?úo H?í Controle;Comercial;0;0;2;1;1;0;0;0;0;0;0;0;-3,831783300000000;-38,502224000000000
312396;18;11;2017;16:00;25461;AV DES GONZAGA;RUA MAL LOTT;;0;;Colis?úo Transversal;Luz do Dia;Bom;Seca;Rotat??ria;Pare;Residencial;0;1;1;0;0;0;0;0;0;1;0;0;-3,801529000000000;-38,496750000000000
312397;18;11;2017;19:28;25237;RUA PRISCO BEZERRA;RUA EMIDIO LOBO;;0;;Colis?úo Traseira;Via Iluminada;Bom;Seca;T;Pare;Residencial;0;0;1;1;0;0;0;0;0;0;0;0;-3,738108900000000;-38,470043000000000
312398;18;11;2017;20:35;0;RUA EDUARDO SALGADO;;;303;;Colis?úo Lateral;Via Iluminada;Bom;Seca;Meio de Quadra;N?úo H?í Controle;Residencial;0;0;2;1;0;0;0;0;0;0;0;0;-3,734090000000000;-38,508446000000000
312399;18;11;2017;22:27;0;AV ALBERTO CRAVEIRO;;;2736;;Atropelamento;Via Iluminada;Bom;Seca;Meio de Quadra;N?úo H?í Controle;Residencial;0;2;0;0;0;0;0;0;0;1;0;0;-3,803553600000000;-38,522034000000000
312434;18;11;2017;08:00;6760;AV ENG SANTANA JUNIOR;RUA GAL TERTULIANO POTYGUARA;;0;;Colis?úo Lateral;Luz do Dia;Bom;Seca;T;Sem?íforo;Comercial;0;0;2;1;0;0;0;0;0;0;0;0;-3,746622000000000;-38,489384000000000
312406;18;11;2017;15:30;0;RUA 15 DE NOVEMBRO;;;203;;Choque c/ Obst?ículo Fixo;Luz do Dia;Bom;Seca;Meio de Quadra;Sem?íforo;Comercial;0;0;1;1;0;0;0;0;0;0;0;0;-3,768180400000000;-38,557860000000000
312407;18;11;2017;19:30;0;AV JOSE BASTOS;;;3110;;Colis?úo Lateral;Anoitecer;Bom;Seca;Meio de Quadra;N?úo H?í Controle;Comercial;0;0;2;1;1;0;0;0;0;0;0;0;-3,767282700000000;-38,569767000000000
312408;19;11;2017;06:08;5108;RUA PRC ISABEL;RUA SAO PAULO;;0;;Colis?úo Transversal;Luz do Dia;Bom;Seca;Cruz;Pare;Comercial;0;1;1;0;0;0;0;0;0;1;0;0;-3,723822800000000;-38,534600000000000
312409;19;11;2017;15:50;8125;RUA BENTO ALBUQUERQUE;RUA MANUEL DE QUEIROZ;;0;;Colis?úo Transversal;Luz do Dia;Bom;Seca;Cruz;Pare;Comercial;0;0;2;1;0;0;0;0;0;0;0;0;-3,748740700000000;-38,467407000000000
312410;19;11;2017;20:04;15005;AV GODOFREDO MACIEL;RUA SUICA;;0;;Colis?úo Frontal;Mal Iluminada;Bom;Seca;Duplo T;Pare;Comercial;0;1;3;1;0;0;0;0;1;0;0;0;-3,792923700000000;-38,568430000000000
312403;19;11;2017;10:12;0;RUA STO ANTONIO D12;;;28;;Colis?úo Traseira;Luz do Dia;Bom;Seca;Meio de Quadra;N?úo H?í Controle;Lazer;0;0;4;1;0;0;0;0;0;1;0;0;-3,743630600000000;-38,537323000000000
312404;19;11;2017;09:46;15289;AV DES MOREIRA;RUA ANA BILHAR;;0;;Colis?úo Transversal;Luz do Dia;Bom;Seca;Cruz;Sem?íforo;Residencial;0;0;2;0;0;0;0;0;0;0;0;0;-3,729329800000000;-38,496020000000000
312405;19;11;2017;13:15;0;AV SEN FERNANDES TAVORA;;;1607;;Colis?úo Traseira;Luz do Dia;Bom;Seca;Meio de Quadra;N?úo H?í Controle;Residencial;0;0;2;1;1;0;0;0;0;0;0;0;-3,759595000000000;-38,587000000000000
312400;19;11;2017;00:22;5188;RUA TEN BENEVOLO;RUA NOGUEIRA ACIOLI;;0;;Colis?úo Transversal;Via Iluminada;Bom;Seca;Cruz;Pare;Residencial;0;2;1;1;0;0;0;0;0;0;0;0;-3,725862300000000;-38,515540000000000
312401;19;11;2017;01:52;12550;AV HILDEBRANDO DE MELO;AV MAJ ASSIS;;0;;Colis?úo Transversal;Via Iluminada;Bom;Seca;Cruz;Pare;Escola;0;2;0;0;0;0;0;0;0;0;0;0;-3,723529300000000;-38,589024000000000
316113;19;11;2017;11:49;22176;AV JOSE BASTOS;AV ENG HUMBERTO MONTE;;0;;Colis?úo;Luz do Dia;;;Duplo T;Sem?íforo;Comercial;0;1;1;1;0;0;0;0;0;1;0;0;-3,754966000000000;-38,555455000000000
316114;19;11;2017;11:56;0;AV GODOFREDO MACIEL;;;3407;;Outros;Luz do Dia;Bom;Seca;Meio de Quadra;;;0;1;0;1;0;0;0;0;0;0;0;0;-3,805055000000000;-38,572597000000000
316115;19;11;2017;14:19;326;RUA NESTOR BARBOSA;RUA PRO LINO ENCARNACAO;;0;;Colis?úo;Luz do Dia;;;Cruz;Pare;Misto;0;1;1;0;0;0;0;0;0;1;0;0;-3,744954000000000;-38,559892000000000
316117;19;11;2017;14:24;0;AV GAL OSORIO DE PAIVA;;;478;;Colis?úo;Luz do Dia;;;Meio de Quadra;;;0;1;2;0;0;0;0;0;0;1;0;0;;
316111;19;11;2017;11:44;0;AV TRISTAO GONCALVES;;;0;;Atropelamento;Luz do Dia;;;Meio de Quadra;;;0;1;0;0;0;0;0;0;0;0;0;0;;
316195;19;11;2017;17:54;0;AV DIOGUINHO;;;1996;;Colis?úo;Anoitecer;;;Meio de Quadra;;;0;1;1;1;0;0;0;0;0;1;0;0;-3,733609000000000;-38,457694000000000
316167;19;11;2017;13:03;10046;RUA EMILIO DE MENESES;RUA BRAGANCA;;0;;Colis?úo;Luz do Dia;;;Cruz;Pare;Residencial;0;1;1;0;0;0;0;0;0;0;0;0;-3,779277000000000;-38,596166000000000
316204;19;11;2017;18:11;0;RUA MARIA JULIA;;;1426;;Colis?úo;Anoitecer;;;Meio de Quadra;;;0;1;1;1;0;0;0;0;0;1;0;0;-3,796876439000000;-38,601128082000000
316208;19;11;2017;18:16;1032;AV ENG LEAL LIMA VERDE (SAPIRANGA/COITE);RUA JOAQUIM FROTA;;0;;Colis?úo;Anoitecer;;;Rotat??ria;D?¬ Prefer?¬ncia;Residencial;0;1;1;1;0;0;0;0;0;1;0;0;-3,801619000000000;-38,475166000000000
316210;19;11;2017;19:01;0;AV BEZERRA DE MENEZES;;;0;;Queda;;;;Meio de Quadra;;;0;1;0;0;0;1;0;0;0;0;0;0;;
316212;19;11;2017;19:44;0;RUA MIGUEL ARAGAO;;;1400;;Colis?úo;;;;Meio de Quadra;;;0;1;1;1;0;0;0;0;0;1;0;0;-3,830255675000000;-38,591281157000000
316214;19;11;2017;20:00;10475;AV SEN FERNANDES TAVORA;RUA HUMAITA D73;;0;;Colis?úo;;;;T;N?úo H?í Controle;Comercial;0;1;1;1;0;0;0;0;0;1;0;0;-3,754880000000000;-38,599578000000000
316157;19;11;2017;06:29;17421;AV PRO GOMES DE MATOS;RUA BAR SOBRAL;;0;;Colis?úo;Luz do Dia;;;;;;0;1;1;0;0;0;0;0;0;0;0;0;-3,768334000000000;-38,551793000000000
316161;19;11;2017;07:53;0;RUA URUCUTUBA;;;2016;;Queda;Luz do Dia;;;Meio de Quadra;;;0;1;0;0;0;0;0;0;0;1;0;0;-3,798596000000000;-38,614811000000000
316162;19;11;2017;10:06;0;RUA JORGE FIGUEIREDO (ANCURI);;;2357;;Colis?úo;Luz do Dia;;;Meio de Quadra;;;0;1;1;1;0;0;0;0;0;1;0;0;;
316163;19;11;2017;11:14;0;AV DR SILAS MUNGUBA;;;6020;;Queda;Luz do Dia;;;Meio de Quadra;;;0;1;0;0;0;1;0;0;0;0;0;0;-3,805094000000000;-38,526773000000000
316165;19;11;2017;11:53;0;RUA PRO JOSE HENRIQUE;;;1362;;Colis?úo;Luz do Dia;;;Meio de Quadra;;;0;1;1;0;0;0;0;0;0;0;0;0;-3,830741503000000;-38,477948841000000
316183;19;11;2017;17:32;0;RUA MARIA J. PESSOA;;;223;;Colis?úo;Anoitecer;;;Meio de Quadra;;;0;3;0;0;0;0;0;0;0;0;0;0;-3,802912000000000;-38,567314000000000
316177;19;11;2017;15:41;0;AV SANTOS DUMONT;;;6008;;Colis?úo;Luz do Dia;;;Meio de Quadra;;;0;1;1;1;0;0;0;0;0;1;0;0;-3,742633000000000;-38,478517000000000
316180;19;11;2017;16:21;0;RUA CEL DIONISIO ALENCAR;;;2242;;Colis?úo;Luz do Dia;;;Meio de Quadra;;;0;1;1;0;0;0;0;0;0;0;0;0;-3,854078600000000;-38,505858200000000
316181;19;11;2017;16:42;0;ET DO ANCURI;;;0;;Colis?úo;Luz do Dia;;;Meio de Quadra;;;0;1;1;0;0;0;0;0;0;1;0;0;;
316174;19;11;2017;15:41;26137;RUA G CJ JD PRIMAVERA;RUA C CJ JD PRIMAVERA;;0;;Colis?úo;Luz do Dia;;;;;;0;1;1;1;0;0;0;0;0;1;0;0;;
316170;19;11;2017;15:00;17412;RUA BAR SOBRAL;RUA ALBERTO MAGNO;;0;;Colis?úo;Luz do Dia;;;Cruz;Sem?íforo;Comercial;0;1;1;1;0;0;0;0;0;1;0;0;-3,767991000000000;-38,552417000000000
316159;19;11;2017;07:10;5340;RUA VINTE E QUATRO DE MAIO;AV DUQ CAXIAS;;0;;Colis?úo;Luz do Dia;;;Cruz;Sem?íforo;Comercial;0;1;1;0;0;0;0;0;0;0;0;0;-3,730708000000000;-38,533230000000000
316218;19;11;2017;20:16;0;AV DR THEBERGE;;;1256;;Colis?úo;;;;Meio de Quadra;;;0;2;0;1;0;0;0;0;0;1;0;0;-3,713486000000000;-38,564579000000000
316220;19;11;2017;20:52;9671;RUA ARI MAIA;RUA OSCAR FRANCA;;0;;Colis?úo;;;;Cruz;Pare;Residencial;0;2;0;1;0;0;0;0;0;1;0;0;-3,784963000000000;-38,621799000000000
316223;19;11;2017;20:57;0;AV GAL OSORIO DE PAIVA;;;38;;Colis?úo;;;;Meio de Quadra;;;0;1;1;1;0;0;0;0;0;0;0;0;-3,772173000000000;-38,562572000000000
316224;19;11;2017;21:07;0;AV HEROIS DO ACRE;;;725;;Colis?úo;;;;Meio de Quadra;;;0;1;1;1;0;0;0;0;0;0;0;0;-3,803173000000000;-38,535105000000000
316227;19;11;2017;22:18;0;RUA E (LOT PRQ ARACAPE);;;136;;Queda;;;;Meio de Quadra;;;0;1;0;0;0;0;0;0;0;1;0;0;;
316231;19;11;2017;22:33;0;AV PRS JUSCELINO KUBITSCHEK (PASSAR?ë);;;3470;;Atropelamento;;;;Meio de Quadra;;;0;2;0;0;0;0;0;0;0;1;0;0;;
316240;19;11;2017;23:06;0;RUA NAPOLEAO LAUREANO;;;0;;Colis?úo;;;;Meio de Quadra;;;0;1;1;1;0;0;0;0;0;1;0;0;;
304968;19;11;2017;10:00;3302;AV GAL OSORIO DE PAIVA;RUA LUIS VIEIRA;;0;;;Luz do Dia;Bom;Seca;Cruz;Sem?íforo Intermitente;Comercial;0;2;0;1;0;0;0;0;0;0;0;0;-3,790879000000000;-38,588616000000000
304969;19;11;2017;12:30;15973;AV GODOFREDO MACIEL;RUA GAL ONOFRE;;0;;Colis?úo Lateral Sentido Oposto;Via Iluminada;Bom;Seca;T;Pare;Comercial;0;2;0;1;0;0;0;0;0;1;0;0;-3,807218000000000;-38,573268000000000
304970;19;11;2017;07:25;5063;AV PRS CASTELO BRANCO;RUA BAR RIO BRANCO;;0;;Colis?úo Lateral;Luz do Dia;Bom;Seca;Duplo T;N?úo H?í Controle;Rural;0;3;0;1;0;0;0;0;0;0;0;0;-3,721459000000000;-38,526642000000000
304973;19;11;2017;09:10;10300;AV SEN FERNANDES TAVORA;RUA JOSE MENDONCA;;0;;Colis?úo Lateral;Luz do Dia;Bom;Seca;Cruz;Outros;Residencial;0;2;0;1;1;0;0;0;0;0;0;0;-3,754492000000000;-38,601696000000000
304974;20;11;2017;17:30;2356;RUA ESTEVAO DE CAMPOS;RUA SEN ROBERT KENNEDY;;0;;Colis?úo Frontal;Anoitecer;Bom;Seca;Cruz;Pare;Residencial;0;4;0;1;0;0;0;0;0;0;0;0;-3,705131000000000;-38,579516000000000
304977;20;11;2017;18:13;1243;RUA DR JOSE LOURENCO;RUA PEREIRA FILGUEIRAS;;0;;Colis?úo Transversal;Anoitecer;Bom;Seca;Cruz;Pare;Residencial;0;3;0;0;0;0;0;0;0;1;0;0;-3,730449000000000;-38,506470000000000
304978;20;11;2017;13:15;13513;RUA CARLOS VASCONCELOS;RUA MARCONDES PEREIRA;;0;;Colis?úo;Luz do Dia;Bom;Seca;Cruz;Outros;Residencial;0;4;0;1;0;0;0;0;0;0;0;0;-3,746548000000000;-38,515232000000000
326228;20;11;2017;02:30;0;RD BR 116;;;3000;KM-03;Outros;Via Iluminada;;Seca;Meio de Quadra;;;0;0;1;1;0;0;0;0;0;0;0;0;-3,779838000000000;-38,514372000000000
326230;20;11;2017;08:30;0;RD BR 116;;;300;KM-04;Colis?úo Lateral;Luz do Dia;;Seca;Meio de Quadra;;;0;1;1;0;0;0;0;0;0;1;0;0;-3,795995900000000;-38,507208800000000
326237;20;11;2017;22:30;0;RD BR 116;;;500;KM-12;Colis?úo Transversal;Via Iluminada;;Seca;Meio de Quadra;;;0;0;2;1;0;0;1;0;0;0;0;0;-3,796035900000000;-38,507192300000000
316243;20;11;2017;00:40;0;AV GOV PARSIFAL BARROSO;;;0;;Colis?úo;;;;Meio de Quadra;;;0;1;1;0;0;0;0;0;0;0;0;0;;
316245;20;11;2017;04:19;17370;RUA BAR SOBRAL;RUA ALM RUBIM;;0;;Colis?úo;;;;Cruz;Pare;Comercial;0;1;1;0;0;0;0;0;0;0;0;0;-3,766572000000000;-38,554972000000000
316247;20;11;2017;06:00;5269;AV DUQ CAXIAS;RUA PDE IBIAPINA;;0;;Colis?úo;Luz do Dia;;;Cruz;Sem?íforo;Comercial;0;1;1;1;0;0;0;0;0;1;0;0;-3,728446000000000;-38,540226000000000
316248;20;11;2017;07:30;0;RUA EUCLIDES O DE SOUSA;;;1505;;Colis?úo;Luz do Dia;;;Meio de Quadra;;;0;1;1;1;0;0;0;0;0;1;0;0;-3,796990000000000;-38,465356000000000
316269;20;11;2017;07:44;0;RUA DES PRAXEDES;;;0;;Colis?úo;Luz do Dia;;;Meio de Quadra;;;0;1;1;1;0;0;0;0;0;1;0;0;;
316273;20;11;2017;07:53;0;RUA JOSE VILAR;;;3070;;Queda;Luz do Dia;;;Meio de Quadra;;;0;1;0;0;0;0;0;0;0;1;0;0;-3,750134000000000;-38,509318000000000
316274;20;11;2017;08:20;0;RUA BERNARDO MANUEL;;;9942;;Queda;Luz do Dia;;;Meio de Quadra;;;0;1;0;0;0;0;0;0;0;1;0;0;-3,804176000000000;-38,553049000000000
316279;20;11;2017;11:36;0;RUA COSTA BARROS;;;920;;Queda;Luz do Dia;;;Meio de Quadra;;;0;1;0;0;0;0;0;0;0;1;0;0;;
316281;20;11;2017;11:36;0;RD BR 020;;;0;;Colis?úo;Luz do Dia;;;Meio de Quadra;;;0;1;1;0;0;0;0;0;0;1;0;0;;
316283;20;11;2017;11:39;0;RUA CEL MANUEL ALBANO;;;0;;Colis?úo;Luz do Dia;;;Meio de Quadra;;;0;1;1;1;0;0;0;0;0;1;0;0;;
316344;20;11;2017;15:52;0;RUA OSCAR ARARIPE;;;2354;;Colis?úo;Luz do Dia;;;Meio de Quadra;;;0;1;1;0;0;0;0;0;0;0;0;0;-3,787071000000000;-38,612129000000000
316307;20;11;2017;12:14;15280;RUA DR JOSE LOURENCO;RUA TEN BENEVOLO;;0;;Colis?úo;Luz do Dia;;;Cruz;Pare;Comercial;0;1;1;1;0;0;0;0;0;1;0;0;-3,729029000000000;-38,506010000000000
316309;20;11;2017;13:00;18804;RUA VALPARAISO;RUA CAMPINENSE;;0;;Colis?úo;Luz do Dia;;;T;N?úo H?í Controle;Comercial;0;1;1;1;0;0;0;0;0;1;0;0;-3,846155000000000;-38,522355000000000
316310;20;11;2017;13:12;0;RUA 110 CJ ESPERANCA;;;37;;Colis?úo;Luz do Dia;;;Meio de Quadra;;;0;1;1;1;0;0;0;0;0;1;0;0;-3,810547000000000;-38,591025000000000
316315;20;11;2017;13:42;0;AV ENG HUMBERTO MONTE;;;1699;;Colis?úo;Luz do Dia;;;Meio de Quadra;;;0;1;1;0;0;0;0;0;0;1;0;0;-3,745988000000000;-38,563106000000000
316321;20;11;2017;13:47;0;RUA FRE SERAFIM;;;90;;Colis?úo;Luz do Dia;;;Meio de Quadra;;;0;1;1;0;0;0;0;0;0;0;0;0;-3,782184000000000;-38,572078000000000
316336;20;11;2017;14:59;0;AV DUQ CAXIAS;;;2237;;Atropelamento;Luz do Dia;;;Meio de Quadra;;;0;1;1;0;0;0;0;0;0;1;0;0;-3,727138000000000;-38,544158000000000
316200;20;11;2017;19:20;0;RD CE-040;;;0;KM-03;Colis?úo;;Bom;Seca;Meio de Quadra;;;0;0;2;1;1;0;0;0;0;0;0;0;-3,782614325000000;-38,481083900000000
316198;20;11;2017;18:50;0;AV SEN CARLOS JEREISSATI (AEROPORTO);;;0;KM 03;Colis?úo;;Bom;Seca;Meio de Quadra;;;0;0;2;1;0;0;0;0;0;0;0;0;-3,779641000000000;-38,544038000000000
316445;20;11;2017;23:29;0;RUA PERILIO TEIXEIRA;;;555;;Queda;;;;Meio de Quadra;;;0;1;0;0;0;0;0;0;0;1;0;0;-3,759428000000000;-38,601870000000000
316443;20;11;2017;19:58;0;RD BR 116;;;0;MAKRO;Colis?úo Traseira;Via Iluminada;;Seca;Meio de Quadra;;;0;1;2;1;0;0;0;0;0;1;0;0;-3,781939000000000;-38,513730000000000
316429;20;11;2017;18:45;0;RUA CANAL;;;0;;Colis?úo;;;;Meio de Quadra;;;0;2;0;0;0;0;0;0;0;1;0;0;;
316434;20;11;2017;19:45;0;AV PERIMETRAL;;;781;;Atropelamento de Animal;;;;Meio de Quadra;;;0;1;0;0;0;0;0;0;0;1;1;0;;
316436;20;11;2017;19:55;0;RUA ANASTACIO BRAGA;;;179;;Colis?úo;;;;Meio de Quadra;;;0;2;0;0;0;0;0;0;0;1;0;0;;
316381;20;11;2017;17:23;0;AV GAL OSORIO DE PAIVA;;;0;;Colis?úo;Anoitecer;;;Meio de Quadra;;;0;1;1;0;0;0;0;0;0;1;0;0;;
316395;20;11;2017;17:46;0;RUA CAP HUGO BEZERRA;;;741;;Colis?úo;Anoitecer;;;Meio de Quadra;;;0;1;1;1;0;0;0;0;0;1;0;0;-3,820692000000000;-38,510045000000000
316378;20;11;2017;17:13;0;AV PRS COSTA E SILVA;;;0;;Atropelamento;Anoitecer;;;Meio de Quadra;;;0;1;1;0;0;0;0;0;0;1;0;0;;
316373;20;11;2017;16:27;0;RUA 8 LT CIDADE LESTE;;;1231;;Queda;Luz do Dia;;;Meio de Quadra;;;0;1;0;0;0;0;0;0;0;1;0;0;;
312413;20;11;2017;08:27;0;RUA BARTOLOMEU DE GUSMAO;;;0;;Colis?úo Transversal;Luz do Dia;Bom;Seca;Meio de Quadra;Pare;Comercial;0;1;1;1;0;0;0;0;0;0;0;0;-3,759700300000000;-38,528812000000000
312414;20;11;2017;08:30;0;AV GAL OSORIO DE PAIVA;;;1271;;Colis?úo Lateral;Luz do Dia;Bom;Seca;T;N?úo H?í Controle;Comercial;0;0;2;0;0;0;0;0;0;1;0;0;-3,779623300000000;-38,572998000000000
312415;20;11;2017;08:14;0;AV HERMENEGILDO SA CAVALCANTE;TV CERVANTE;AV WASHINGTON SOARES;0;;Choque c/ Obst?ículo Fixo;Luz do Dia;Bom;Seca;Meio de Quadra;N?úo H?í Controle;Residencial;0;0;0;1;0;0;0;0;0;0;0;0;-3,781461500000000;-38,476040000000000
312416;20;11;2017;08:22;0;AV ALBERTO CRAVEIRO;;;1341;;Colis?úo Lateral;Luz do Dia;Bom;Seca;Meio de Quadra;N?úo H?í Controle;Comercial;0;1;1;0;0;0;0;0;0;1;0;0;-3,792012700000000;-38,517284000000000
312417;20;11;2017;10:16;0;AV JOAO PESSOA;;;6949;;Colis?úo Lateral;Luz do Dia;Bom;Seca;Meio de Quadra;N?úo H?í Controle;Residencial;0;1;1;0;0;0;0;0;0;1;0;0;-3,770722400000000;-38,561306000000000
312418;20;11;2017;07:26;0;AV GAL OSORIO DE PAIVA;AV ENG LUIS VIEIRA;;0;;Colis?úo Transversal;Luz do Dia;Bom;Seca;Cruz;Sem?íforo;Comercial;0;0;1;1;0;0;0;0;0;0;0;0;-3,790867800000000;-38,588726000000000
312419;20;11;2017;10:00;25149;RUA MON CATAO;AV DOM LUIS;;0;;Colis?úo Traseira;Luz do Dia;Nublado;Seca;T;Pare;Comercial;0;1;1;1;0;0;0;0;0;0;0;0;-3,735767800000000;-38,489640000000000
312420;20;11;2017;12:09;0;RUA HOLANDA;RUA A CJ ITAPERI;;0;;Colis?úo Lateral;Luz do Dia;Bom;Seca;T;Pare;Residencial;0;1;1;1;0;0;0;0;0;1;0;0;-3,796887400000000;-38,562756000000000
312421;20;11;2017;13:17;0;AV EDUARDO GIRAO;;;103;;Colis?úo Traseira;Luz do Dia;Bom;Seca;Cruz;Pare;Residencial;0;0;2;1;0;0;0;0;0;0;0;0;-3,755489600000000;-38,526130000000000
312422;20;11;2017;13:30;0;AV CEL CARVALHO;;;3750;;Colis?úo Lateral;Luz do Dia;Bom;Seca;Meio de Quadra;N?úo H?í Controle;Comercial;0;1;1;0;1;0;0;0;0;1;0;0;-3,737262700000000;-38,585070000000000
312423;20;11;2017;08:56;0;AV OLIVEIRA PAIVA;;;535;13 DP;Colis?úo Traseira;Luz do Dia;Bom;Seca;Meio de Quadra;N?úo H?í Controle;Comercial;0;0;2;0;0;0;0;0;0;0;0;0;-3,797442200000000;-38,500824000000000
312449;20;11;2017;17:17;0;AV MIGUEL DIAS;;;220;;Colis?úo Lateral;Luz do Dia;Bom;Seca;Meio de Quadra;Pare;Residencial;0;2;0;0;0;0;0;0;0;1;0;0;-3,759545600000000;-38,488274000000000
312443;20;11;2017;14:36;0;RUA DA SAUDADE;RUA JARDIM PAROARAS;;0;;Colis?úo Lateral;Luz do Dia;Bom;Seca;Outros;Pare;Comercial;0;0;1;1;0;0;0;0;0;0;0;0;-3,814136500000000;-38,534588000000000
312444;20;11;2017;12:50;0;AV LUCIANO CARNEIRO;;;2092;;Colis?úo Traseira;Luz do Dia;Bom;Seca;Meio de Quadra;Sem?íforo;Comercial;0;0;2;1;0;0;0;0;0;1;0;0;-3,766311000000000;-38,537193000000000
312472;20;11;2017;19:46;0;RUA MONTE PASCOAL;;;653;;Colis?úo Transversal;Via Iluminada;Bom;Seca;Meio de Quadra;Pare;Residencial;0;2;1;1;0;0;0;0;0;1;0;0;-3,805925100000000;-38,597378000000000
312480;20;11;2017;14:48;0;AV H CJ ESPERANCA;RUA 110 CJ ESPERANCA;;0;;Colis?úo Transversal;Luz do Dia;Bom;Seca;Cruz;N?úo H?í Controle;Residencial;0;0;2;1;0;0;0;0;0;1;0;0;-3,812279200000000;-38,592790000000000
312481;20;11;2017;13:49;22159;RUA PRO COSTA MENDES;AV JOSE BASTOS;;0;;Colis?úo Traseira;Luz do Dia;Bom;Seca;Meio de Quadra;Sem?íforo;Comercial;0;1;1;1;0;0;0;0;0;0;0;0;-3,751042600000000;-38,551136000000000
312431;20;11;2017;14:39;0;AV TRISTAO GONCALVES;;;773;;Colis?úo Traseira;Luz do Dia;Bom;Seca;Meio de Quadra;Sem?íforo;Comercial;0;0;2;0;1;0;0;0;0;0;0;0;-3,728685400000000;-38,533680000000000
312432;20;11;2017;15:38;0;AV IMPERADOR;;;1479;;Colis?úo Traseira;Luz do Dia;Bom;Seca;Meio de Quadra;Pare;Comercial;0;0;2;1;0;0;0;0;0;0;0;0;-3,733990200000000;-38,536420000000000
306067;20;11;2017;19:45;0;RUA ROSA CORDEIRO;;;120;;Atropelamento;;;;Meio de Quadra;;;1;1;0;0;0;0;0;0;0;1;0;0;-3,773132000000000;-38,468957000000000
306068;20;11;2017;04:10;5140;AV DOM MANUEL;RUA TEN BENEVOLO;;0;;Colis?úo;;;;Meio de Quadra;N?úo H?í Controle;Comercial;1;0;1;0;0;0;1;0;0;1;0;0;-3,724540000000000;-38,519888000000000
312433;21;11;2017;09:00;17362;RUA VENEZUELA;AV JOSE DO PATROCINIO;;0;;Colis?úo Transversal;Luz do Dia;Bom;Seca;Cruz;Pare;Residencial;0;0;2;1;0;0;0;0;0;0;0;0;-3,766191200000000;-38,546950000000000
312446;21;11;2017;14:46;5357;RUA PEDRO I;RUA MAJ FACUNDO;;0;;Colis?úo Transversal;Luz do Dia;Bom;Seca;Cruz;N?úo H?í Controle;Comercial;0;0;2;1;0;0;0;0;0;0;0;0;-3,731172000000000;-38,528890000000000
312447;21;11;2017;14:47;5709;AV OLIVEIRA PAIVA;AV DES GONZAGA;;0;;Colis?úo Lateral;Luz do Dia;Bom;Seca;Cruz;Sem?íforo;Comercial;0;0;2;1;0;0;0;0;0;0;0;0;-3,797488200000000;-38,499920000000000
312450;21;11;2017;16:41;1437;RUA SILVA PAULET;RUA JOAO CARVALHO;;0;;Engavetamento;Luz do Dia;Bom;Seca;Cruz;Pare;Escola;0;0;3;1;0;0;0;0;0;0;0;0;-3,738035200000000;-38,506603000000000
312451;21;11;2017;17:03;0;AV GAL OSORIO DE PAIVA;;;7815;;Colis?úo Traseira;Luz do Dia;Bom;Seca;Meio de Quadra;Sem?íforo;Comercial;0;1;1;0;0;0;0;0;0;0;0;0;-3,800789600000000;-38,598595000000000
312452;21;11;2017;08:57;9154;AV 13 DE MAIO;RUA MARTINHO RODRIGUES;;0;;Colis?úo Traseira;Luz do Dia;Chuva;Molhada;Cruz;Sem?íforo;Comercial;0;0;2;1;0;0;0;0;0;1;0;0;-3,753124700000000;-38,525230000000000
312453;21;11;2017;16:50;15601;RUA TEN JOSE NEWTON;RUA VASCO DE ATAIDE;;0;;Colis?úo Transversal;Luz do Dia;Bom;Seca;Cruz;Pare;Residencial;0;1;1;1;0;0;0;0;0;1;0;0;-3,823396200000000;-38,491590000000000
312454;21;11;2017;19:20;13635;RUA JOSE ALVES DE MORAES;RUA ALBERTO FEITOSA LIMA;;0;;Colis?úo Transversal;Via Iluminada;Bom;Seca;Cruz;Pare;Residencial;0;0;0;1;0;0;0;0;0;0;0;0;-3,769555600000000;-38,484264000000000
312435;21;11;2017;10:15;0;RUA DR GILBERTO STUDART;;;55;;Colis?úo Transversal;Luz do Dia;Bom;Seca;Meio de Quadra;N?úo H?í Controle;Comercial;0;0;2;1;0;0;0;0;0;0;0;0;-3,741311800000000;-38,487953000000000
312436;21;11;2017;10:18;0;AV OLIVEIRA PAIVA;;;2288;;Colis?úo Traseira;Luz do Dia;Nublado;Seca;Meio de Quadra;N?úo H?í Controle;Residencial;0;0;2;0;0;0;0;0;0;0;0;0;-3,796311400000000;-38,486034000000000
312437;21;11;2017;10:35;841;RUA CAP OLAVO;RUA MAJ JOSE ARAUJO AGUIAR;;0;;Colis?úo Transversal;Luz do Dia;Bom;Seca;Cruz;Pare;Residencial;0;0;2;1;0;0;0;0;0;0;0;0;-3,775684600000000;-38,513790000000000