COD_ACIDENTE;DIA;MES;ANO;HORA;INTERSECAO;LOG1;LOG2;LOG3;NUMERO;REFERENCIA;NATUREZA;ILUMINACAO;TEMPO;SUPERFICIEPISTA;TIPOCRUZAMENTO;CONTROLETRAFEGO;USOSOLO;MORTOS;FERIDOS;ILESOS;AUTOMOVEL;ONIBUS;BICICLETA;CAMINHAO;MICROONIBUS;CICLOMOTOR;MOTOCICLETA;TRACAOANIMAL;TREM;LATITUDE;LONGITUDE
312438;21;11;2017;08:18;26272;RUA VALPARAISO;RUA RECANTO VERDE;;0;;Colis?úo Transversal;Luz do Dia;Bom;Seca;T;Pare;Comercial;0;0;2;1;0;0;0;1;0;0;0;0;-3,847441400000000;-38,515118000000000
312439;21;11;2017;10:36;0;AV GAL OSORIO DE PAIVA;;;3379;;Colis?úo Traseira;Luz do Dia;Bom;Seca;Meio de Quadra;Sem?íforo;Comercial;0;0;2;1;0;0;0;0;0;0;0;0;-3,790745500000000;-38,588470000000000
312440;21;11;2017;10:30;0;AV PDE ANTONIO TOMAS;;;765;;Colis?úo Transversal;Luz do Dia;Bom;Seca;Meio de Quadra;N?úo H?í Controle;Comercial;0;0;2;1;0;0;0;0;0;0;0;0;-3,740949200000000;-38,496933000000000
312441;21;11;2017;09:42;19714;RUA ERICO MOTA;RUA GUSTAVO SAMPAIO;;0;;Colis?úo Transversal;Luz do Dia;Bom;Seca;Cruz;Pare;Comercial;0;1;1;1;0;0;0;0;0;1;0;0;-3,736379100000000;-38,562740000000000
312442;21;11;2017;11:00;0;AV ENG SANTANA JUNIOR;;;1623;;Colis?úo Traseira;Luz do Dia;Bom;Seca;Meio de Quadra;N?úo H?í Controle;Comercial;0;0;2;1;0;0;0;0;0;0;0;0;-3,762342500000000;-38,493880000000000
312424;21;11;2017;08:11;9232;AV 13 DE MAIO;RUA MON LIBERATO;;0;;Colis?úo Traseira;Luz do Dia;Chuva;Molhada;T;Pare;Comercial;0;0;2;1;0;0;0;0;0;0;0;0;-3,748892000000000;-38,530167000000000
312425;21;11;2017;07:40;0;AV JOVITA FEITOSA;;;185;;Colis?úo Traseira;Luz do Dia;Nublado;Molhada;Meio de Quadra;N?úo H?í Controle;Comercial;0;0;2;1;0;0;0;0;0;0;0;0;-3,737608400000000;-38,545628000000000
312427;21;11;2017;09:20;0;AV JOVITA FEITOSA;;;125;;Colis?úo Traseira;Luz do Dia;Nublado;Molhada;Meio de Quadra;N?úo H?í Controle;Comercial;0;0;1;0;1;0;0;0;0;0;0;0;-3,737465400000000;-38,544895000000000
312428;21;11;2017;08:57;9155;AV LUCIANO CARNEIRO;AV EDUARDO GIRAO;;0;;Colis?úo Lateral;Luz do Dia;Nublado;Molhada;Cruz;Sem?íforo;Comercial;0;0;2;1;0;0;0;0;0;1;0;0;-3,752444700000000;-38,532800000000000
312429;21;11;2017;08:40;0;AV PRS CASTELO BRANCO;;;675;;Colis?úo Traseira;Luz do Dia;Nublado;Molhada;Meio de Quadra;Sem?íforo;Comercial;0;0;2;1;0;0;0;0;0;0;0;0;-3,719253800000000;-38,532524000000000
312430;21;11;2017;08:51;0;AV DUQ CAXIAS;;;2237;;Colis?úo Frontal;Luz do Dia;Chuva;Molhada;Cruz;N?úo H?í Controle;Comercial;0;0;1;1;0;0;0;0;0;0;0;0;-3,727121000000000;-38,544334000000000
312555;21;11;2017;08:14;9156;RUA MIN JOAQUIM BASTOS D14;AV LUCIANO CARNEIRO;;0;;Choque c/ Obst?ículo Fixo;Luz do Dia;Chuva;Molhada;T;Sem?íforo;Comercial;0;0;1;1;0;0;0;0;0;0;0;0;-3,750655400000000;-38,532215000000000
316530;21;11;2017;09:09;15242;RUA OSVALDO CRUZ (ALDEOTA);RUA SILVA JATAHY;;0;;Colis?úo;Luz do Dia;;;Cruz;Pare;Residencial;0;1;1;1;0;0;0;0;0;1;0;0;-3,727694000000000;-38,497767000000000
316528;21;11;2017;08:58;14434;AV SGT HERMINIO SAMPAIO;RUA CEL RIBEIRO DA SILVA;;0;;Colis?úo;Luz do Dia;;;T;Pare;Comercial;0;1;1;0;0;0;0;0;0;1;0;0;-3,724573000000000;-38,547436000000000
316512;21;11;2017;08:47;0;AV PASTEUR;;;805;;Colis?úo;Luz do Dia;;;Meio de Quadra;;;0;1;1;1;0;0;0;0;0;1;0;0;-3,713814000000000;-38,559707000000000
316520;21;11;2017;08:55;0;AV ODILON GUIMARAES;;;0;;Colis?úo;Luz do Dia;;;Meio de Quadra;;;0;1;1;0;0;0;0;0;0;1;0;0;;
316502;21;11;2017;08:02;0;RUA URUCUTUBA;;;2180;;Choque c/ Obst?ículo Fixo;Luz do Dia;;;Meio de Quadra;;;0;1;0;0;0;0;0;0;0;1;0;0;-3,798825000000000;-38,616932000000000
316495;21;11;2017;07:38;9154;AV 13 DE MAIO;RUA DOM SEBASTIAO LEME;;0;;Queda;Luz do Dia;;;;;;0;1;0;0;0;0;0;0;0;1;0;0;-3,752832000000000;-38,525221000000000
316496;21;11;2017;08:00;0;AV CARAPINIMA;;;0;;Queda;Luz do Dia;;;Meio de Quadra;;;0;1;0;0;0;0;0;0;0;1;0;0;;
316493;21;11;2017;07:18;6997;AV CONTORNO NORTE D71;AV CONTORNO OESTE D71;;0;;Atropelamento;Luz do Dia;;;T;Pare;Residencial;0;1;1;1;0;0;0;0;0;0;0;0;-3,809255000000000;-38,592147000000000
316478;21;11;2017;05:48;0;AV PRS CASTELO BRANCO;;;5818;;Atropelamento;Amanhecer;;;Meio de Quadra;;;0;2;0;0;0;0;0;0;0;1;0;0;-3,702572000000000;-38,582394000000000
316479;21;11;2017;06:50;0;RD BR 116;;;6335;KM-03;Colis?úo;Luz do Dia;;;Meio de Quadra;;;0;1;1;0;0;0;0;0;0;0;0;0;-3,776761600000000;-38,514968700000000
316566;21;11;2017;22:18;0;AV LIBERDADE;;;143;;Colis?úo;;;;Meio de Quadra;;;0;1;1;1;0;0;0;0;0;1;0;0;;
316563;21;11;2017;19:46;0;AV 13 DE MAIO;;;0;;Colis?úo;;;;Meio de Quadra;;;0;1;1;0;0;0;0;0;0;0;0;0;;
316564;21;11;2017;21:53;0;RUA CAR ARCO VERDE;;;0;;Queda;;;;Meio de Quadra;;;0;1;0;0;0;1;0;0;0;0;0;0;;
316559;21;11;2017;17:52;0;RUA C (LOT PRQ ARACAPE);;;430;;Colis?úo;Anoitecer;;;Meio de Quadra;;;0;1;1;1;0;0;0;0;0;0;0;0;;
316561;21;11;2017;18:50;0;RUA BERNARDO MANUEL;;;7700;;Atropelamento;;;;Meio de Quadra;;;0;1;1;0;0;0;0;0;0;1;0;0;-3,785500000000000;-38,547351000000000
316554;21;11;2017;17:46;344;RUA CESAR FONTENELE;RUA PEDRO DE QUEIROZ;;0;;Colis?úo;Anoitecer;;;Cruz;Pare;Misto;0;1;1;1;0;0;0;0;0;1;0;0;-3,746120000000000;-38,558516000000000
316536;21;11;2017;11:46;0;RUA CATOLE;;;2501;;Colis?úo;Luz do Dia;;;Meio de Quadra;;;0;1;1;0;0;0;0;0;0;1;0;0;-3,850550000000000;-38,521347000000000
316542;21;11;2017;13:47;0;AV LAURO VIEIRA CHAVES;;;1673;;Colis?úo;Luz do Dia;;;Meio de Quadra;;;0;2;0;0;0;0;0;0;0;0;0;0;-3,771441100000000;-38,542429200000000
316202;21;11;2017;08:30;0;AV SEN CARLOS JEREISSATI (AEROPORTO);;;0;KM 01;Colis?úo;Luz do Dia;Bom;Seca;Meio de Quadra;;;0;0;2;1;0;0;0;0;0;0;0;0;-3,783753000000000;-38,526850000000000
304947;21;11;2017;03:30;0;AV GOV RAUL BARBOSA;;;3033;;Colis?úo Lateral;Luz do Dia;Bom;Seca;Outros;Outros;Comercial;0;0;2;1;0;0;1;0;0;0;0;0;-3,753700000000000;-38,504006000000000
304924;21;11;2017;;0;AV 13 DE MAIO;;;2835;;Colis?úo Traseira;Luz do Dia;Bom;Seca;Meio de Quadra;Sem?íforo;Comercial;0;0;2;1;0;0;0;0;0;0;0;0;-3,739751000000000;-38,540529000000000
304925;21;11;2017;11:30;22201;AV SGT HERMINIO SAMPAIO;RUA DR GILBERTO CAMARA;;0;;Colis?úo Transversal;Luz do Dia;Bom;Seca;Cruz;Pare;Comercial;0;3;0;0;0;0;0;0;0;1;0;0;-3,726645000000000;-38,562028000000000
304926;21;11;2017;13:00;748;AV FRANCISCO SA;RUA FRANCISCO CALACA;;0;;Colis?úo Lateral;Luz do Dia;Bom;Seca;Y;Pare;Comercial;0;0;2;1;0;0;0;0;0;1;0;0;-3,712310000000000;-38,572275000000000
304927;21;11;2017;14:35;0;AV DR THEBERGE;;;1640;;Colis?úo Transversal;Luz do Dia;Bom;Seca;Meio de Quadra;Sem?íforo;Residencial;0;2;1;1;0;0;0;0;0;1;0;0;-3,715585000000000;-38,565256000000000
304922;21;11;2017;14:50;0;AV JOAO PESSOA;;;6643;;Colis?úo Lateral;Luz do Dia;Bom;Seca;Meio de Quadra;N?úo H?í Controle;Comercial;0;0;2;1;0;0;0;0;0;1;0;0;-3,768619000000000;-38,560381000000000
304919;21;11;2017;08:50;1577;RUA CEL LINHARES;RUA CAROLINA SUCUPIRA;;0;;Colis?úo Traseira;Luz do Dia;Bom;;Cruz;Pare;Residencial;0;0;2;1;0;0;0;0;0;0;0;0;-3,742449000000000;-38,496032000000000
304920;21;11;2017;14:00;0;AV DR SILAS MUNGUBA;;;0;;Colis?úo Traseira;Luz do Dia;Bom;Seca;Meio de Quadra;Sem?íforo;Comercial;0;0;2;1;0;0;0;0;0;0;0;0;;
304916;21;11;2017;14:00;15339;RUA FRE MANSUETO;RUA ANA BILHAR;;0;;Colis?úo Lateral;Luz do Dia;Bom;Seca;Cruz;Sem?íforo;Residencial;0;0;2;1;0;0;0;0;0;0;0;0;-3,731552000000000;-38,488841000000000
304912;21;11;2017;21:37;12457;RUA PRO GOMES BRASIL;AV AUGUSTO DOS ANJOS;;0;;Colis?úo Lateral;Via Iluminada;Bom;Seca;Cruz;Sem?íforo;Comercial;0;1;1;1;0;0;0;0;0;1;0;0;-3,770153000000000;-38,570427000000000
304899;21;11;2017;20:07;0;AV JOAO DE ARAUJO LIMA;;;751;;Colis?úo Traseira;Via Iluminada;Bom;Seca;Meio de Quadra;Sem?íforo;Comercial;0;0;2;1;0;0;0;0;0;0;0;0;-3,828346000000000;-38,559544000000000
304896;21;11;2017;00:10;708;AV DR THEBERGE;RUA CRUZ E SOUSA D21;;0;;Colis?úo Lateral;Via Iluminada;Bom;Seca;Cruz;Sem?íforo;Residencial;0;1;1;1;0;0;0;0;0;1;0;0;-3,719218000000000;-38,566456000000000
304923;22;11;2017;06:30;5109;RUA DR JOAO MOREIRA;AV ALBERTO NEPOMUCENO;;0;;Colis?úo Lateral;Luz do Dia;Bom;Seca;Cruz;Sem?íforo;Comercial;0;0;2;1;0;0;1;0;0;0;0;0;-3,723737000000000;-38,524608000000000
304940;22;11;2017;13:57;0;RUA PRO COSTA MENDES;;;269;;Colis?úo Traseira;Luz do Dia;Bom;Seca;Meio de Quadra;Sem?íforo;Residencial;0;0;2;1;0;0;0;0;0;0;0;0;-3,757303000000000;-38,543820000000000
304955;22;11;2017;20:23;24941;AV CEL CARVALHO;RUA RAIMUNDO GOMES;;0;;Colis?úo Transversal;Via Iluminada;Bom;Seca;Cruz;Pare;Residencial;0;0;2;1;0;0;0;0;0;1;0;0;-3,714758000000000;-38,588617000000000
304956;22;11;2017;19:04;0;AV PASTEUR;;;762;;Colis?úo Lateral;Via Iluminada;Bom;Seca;Meio de Quadra;N?úo H?í Controle;Comercial;0;2;1;1;0;0;0;0;0;1;0;0;-3,712686000000000;-38,559335000000000
304950;22;11;2017;08:45;0;AV GODOFREDO MACIEL;;;4000;;Colis?úo Traseira;Luz do Dia;Nublado;Seca;Meio de Quadra;Sem?íforo;Residencial;0;0;2;0;0;0;0;0;0;0;0;0;-3,809372000000000;-38,573939000000000
304951;22;11;2017;12:10;341;RUA PRO COSTA MENDES;RUA GONCALVES DIAS;;0;;Colis?úo Transversal;Luz do Dia;Nublado;Seca;Cruz;N?úo H?í Controle;Comercial;0;0;2;1;0;0;0;0;0;0;0;0;-3,745919000000000;-38,556598000000000
304975;22;11;2017;21:40;0;RUA MON CATAO;;;1494;;Colis?úo Traseira;Via Iluminada;Bom;Seca;Meio de Quadra;Sem?íforo;Residencial;0;0;2;1;0;0;0;0;0;0;0;0;-3,745193000000000;-38,492646000000000
304984;22;11;2017;07:00;0;AV WENEFRIDO MELO;;;196;;Colis?úo Lateral;Luz do Dia;Nublado;Seca;Meio de Quadra;Outros;Residencial;0;2;1;1;0;0;0;0;0;1;0;0;-3,809054000000000;-38,577683000000000
316203;22;11;2017;09:30;0;AV SEN CARLOS JEREISSATI (AEROPORTO);;;0;KM 04;Colis?úo;Luz do Dia;Bom;Seca;Meio de Quadra;;;0;0;2;1;0;0;0;0;0;0;0;0;-3,774020000000000;-38,550907000000000
316205;22;11;2017;07:25;0;AV SEN CARLOS JEREISSATI (AEROPORTO);;;0;KM 02;Colis?úo;Luz do Dia;Bom;Seca;Meio de Quadra;;;0;1;1;1;0;0;0;0;0;1;0;0;-3,782194000000000;-38,535424000000000
316207;22;11;2017;18:00;0;RD CE-040;;;0;KM-06;Colis?úo;Anoitecer;Bom;Seca;Meio de Quadra;;;0;0;2;1;0;0;0;0;0;0;0;0;-3,809596804000000;-38,478733480000000
316589;22;11;2017;08:37;24956;AV ALM HENRIQUE SABOIA;AV ENG ALBERTO SA;;0;;Colis?úo;Luz do Dia;;;Cruz;Gesto;Comercial;0;1;1;1;0;0;0;0;0;1;0;0;-3,732499000000000;-38,482890000000000
316583;22;11;2017;08:17;0;RUA OSCAR ARARIPE;;;1518;;Capotamento;Luz do Dia;;;Meio de Quadra;;;0;1;0;1;0;0;0;0;0;0;0;0;-3,789449000000000;-38,604784000000000
316568;22;11;2017;06:41;5402;RUA VINTE E QUATRO DE MAIO;RUA METON DE ALENCAR;;0;;Colis?úo;Luz do Dia;;;Cruz;Pare;Comercial;0;1;1;1;0;0;0;0;0;1;0;0;-3,732626000000000;-38,533848000000000
316572;22;11;2017;07:17;0;AV A VENEZA TROPICAL;;;968;;Colis?úo;Luz do Dia;;;Meio de Quadra;;;0;1;1;1;0;0;0;0;0;1;0;0;-3,800217400000000;-38,542802800000000
316615;22;11;2017;09:07;0;RUA ANTONIO AUGUSTO;;;2392;;Colis?úo;Luz do Dia;;;Meio de Quadra;;;0;1;1;1;0;0;0;0;0;1;0;0;-3,741677000000000;-38,517238000000000
316616;22;11;2017;10:47;0;ET PICI;;;0;;Queda;Luz do Dia;;;Meio de Quadra;;;0;1;0;0;0;0;0;0;0;1;0;0;;
316617;22;11;2017;11:09;0;RUA JOAO GENTIL;;;835;;Colis?úo;Luz do Dia;;;Meio de Quadra;;;0;1;1;1;0;0;0;0;0;1;0;0;;
316622;22;11;2017;11:50;0;AV DR SILAS MUNGUBA;;;835;;Colis?úo;Luz do Dia;;;Meio de Quadra;;;0;1;1;1;0;1;0;0;0;0;0;0;-3,780933000000000;-38,558088000000000
316629;22;11;2017;11:56;0;RUA CEL FABRICIANO;;;3855;;Colis?úo;Luz do Dia;;;Meio de Quadra;;;0;1;1;1;0;0;0;0;0;1;0;0;-3,778727100000000;-38,622831700000000
316634;22;11;2017;12:23;0;RUA JULIO BRAGA;;;1490;;Queda;Luz do Dia;;;Meio de Quadra;;;0;1;0;0;0;0;0;0;0;1;0;0;-3,773703000000000;-38,583722000000000
316637;22;11;2017;13:06;0;RUA EMILIO DE MENESES;;;616;;Colis?úo;Luz do Dia;;;Meio de Quadra;;;0;1;1;0;0;0;0;0;0;1;0;0;-3,781866000000000;-38,586998000000000
316639;22;11;2017;13:18;0;RUA PRO HERACLITO;;;785;;Colis?úo;Luz do Dia;;;Meio de Quadra;;;0;1;1;1;0;0;0;0;0;1;0;0;-3,735426500000000;-38,517824700000000
316642;22;11;2017;14:22;0;RUA SERRA AZUL;;;130;;Queda;Luz do Dia;;;Meio de Quadra;;;0;1;0;0;0;1;0;0;0;0;0;0;-3,845487000000000;-38,525793000000000
316645;22;11;2017;15:06;0;RUA PDE PEDRO DE ALENCAR;;;465;IGREJA DA MESSEJANA;Colis?úo;Luz do Dia;;;Meio de Quadra;;;0;1;1;0;0;0;0;0;0;0;0;0;-3,831588000000000;-38,493955000000000
316648;22;11;2017;15:39;24347;AV LUCIANO CARNEIRO;RUA DES PRAXEDES;;0;;Colis?úo;Luz do Dia;;;Outros;Sem?íforo;Comercial;0;1;1;0;0;0;0;0;0;0;0;0;-3,764934000000000;-38,536679000000000
316652;22;11;2017;17:06;17424;RUA ANTONIO FIUZA;RUA TRES MARIAS D39 (MONTESE);;0;;Colis?úo;Anoitecer;;;Cruz;Sem?íforo;Comercial;0;1;1;1;0;0;0;0;0;1;0;0;-3,768452000000000;-38,551577000000000
316654;22;11;2017;17:22;0;AV GAL OSORIO DE PAIVA;;;7460;;Atropelamento;Anoitecer;;;Meio de Quadra;;;0;1;1;1;0;0;0;0;0;0;0;0;-3,816923000000000;-38,613904000000000
316658;22;11;2017;17:32;0;RUA BETEL;;;0;;Colis?úo;Anoitecer;;;Meio de Quadra;;;0;1;1;0;0;0;0;0;0;0;0;0;;
316659;22;11;2017;18:35;0;AV JOAO PESSOA;;;6760;;Colis?úo;;;;Meio de Quadra;;;0;1;1;1;0;0;0;0;0;1;0;0;-3,769022000000000;-38,560547000000000
316674;22;11;2017;20:01;0;RUA DO POENTE;;;375;;Colis?úo;;;;Meio de Quadra;;;0;1;1;0;0;0;0;0;0;0;0;0;-3,698151000000000;-38,580514000000000
316683;22;11;2017;20:12;0;RUA JOAQUIM ALFREDO;;;749;;Colis?úo;;;;Meio de Quadra;;;0;1;1;0;0;0;0;0;0;0;0;0;-3,805287000000000;-38,586608000000000
316672;22;11;2017;19:15;24156;RUA OLIVEIRA FILHO;RUA HERMINIA BONAVIDES;;0;;Colis?úo;;;;Cruz;Pare;Residencial;0;2;1;1;0;0;0;0;0;1;0;0;-3,730624000000000;-38,462145000000000
316688;22;11;2017;23:12;0;AV GAL OSORIO DE PAIVA;;;4056;;Colis?úo;;;;Meio de Quadra;;;0;1;1;1;0;0;0;0;0;1;0;0;-3,792559000000000;-38,590229000000000
312500;22;11;2017;08:56;0;RUA NEREU RAMOS;;;440;;Colis?úo Traseira;Luz do Dia;Bom;Seca;Meio de Quadra;N?úo H?í Controle;Comercial;0;1;1;1;0;0;0;0;0;1;0;0;-3,785779700000000;-38,570760000000000
312455;22;11;2017;06:53;15311;AV RUI BARBOSA;RUA PEREIRA FILGUEIRAS;;0;;Colis?úo Transversal;Luz do Dia;Bom;Seca;Cruz;Sem?íforo;Comercial;0;1;1;0;0;0;0;0;0;1;0;0;-3,730092300000000;-38,507523000000000
312456;22;11;2017;08:52;0;AV JOAO PESSOA;;;3570;;Atropelamento;Luz do Dia;Bom;Seca;Meio de Quadra;Pare;Comercial;0;1;1;0;1;0;0;0;0;0;0;0;-3,746207000000000;-38,543972000000000
312457;22;11;2017;08:10;0;RUA FRANCISCO HOLANDA;;;899;;Colis?úo Transversal;Luz do Dia;Bom;Seca;;;;0;1;1;1;0;0;0;0;0;1;0;0;-3,749762800000000;-38,501286000000000
312458;22;11;2017;10:34;0;AV JOAO PESSOA;;;4455;;Colis?úo Traseira;Luz do Dia;Bom;Seca;N?úo Informado;Sem?íforo;Residencial;0;0;2;1;0;0;0;0;0;0;0;0;-3,752139600000000;-38,549183000000000
312459;22;11;2017;10:21;0;AV DOM LUIS;;;1023;;Colis?úo Lateral;Luz do Dia;Bom;Seca;Meio de Quadra;N?úo H?í Controle;Comercial;0;0;1;1;1;0;0;0;0;0;0;0;-3,734884500000000;-38,492188000000000
312460;22;11;2017;10:49;0;AV DOM MANUEL;;;929;;Colis?úo Lateral;Luz do Dia;Bom;Seca;Meio de Quadra;N?úo H?í Controle;Comercial;0;0;2;1;0;0;0;0;0;0;0;0;-3,732216600000000;-38,522312000000000
312461;22;11;2017;12:06;1408;RUA DR JOSE LOURENCO;RUA JOAO CARVALHO;;0;;Colis?úo Lateral;Luz do Dia;Bom;Seca;Cruz;Pare;Residencial;0;0;2;1;0;0;0;0;0;0;0;0;-3,737226700000000;-38,508556000000000
312462;22;11;2017;12:30;0;RUA PEDRO LUIZ SOBRINHO;;;165;;Colis?úo Traseira;Luz do Dia;Bom;Seca;Meio de Quadra;N?úo H?í Controle;Residencial;0;0;2;1;0;0;0;0;0;0;0;0;-3,801648000000000;-38,503155000000000
312463;22;11;2017;13:22;12804;RUA JORGE DUMAR;RUA PRE NOVE;;0;;Colis?úo Transversal;Luz do Dia;Bom;Seca;Cruz;Pare;Comercial;0;0;2;1;0;0;0;0;0;0;0;0;-3,754804400000000;-38,539986000000000
312464;22;11;2017;16:30;0;AV PONTES VIEIRA;;;133;;Engavetamento;Luz do Dia;Bom;Seca;N?úo Informado;N?úo H?í Controle;Residencial;0;0;3;1;1;0;0;0;0;0;0;0;-3,753291400000000;-38,518856000000000
312465;22;11;2017;17:20;0;AV BORGES DE MELO;;;0;IGREJA DA BASE A?ëREA;Colis?úo Transversal;Luz do Dia;Bom;Seca;Meio de Quadra;N?úo H?í Controle;Residencial;0;0;2;1;0;0;0;0;0;1;0;0;-3,761580500000000;-38,518925000000000
312466;22;11;2017;16:47;0;AV DOS EXPEDICIONARIOS;;;5360;;Colis?úo Lateral;Luz do Dia;Bom;Seca;Cruz;Pare;Comercial;0;0;2;1;0;0;0;0;0;0;0;0;-3,766608700000000;-38,541710000000000
312467;22;11;2017;19:15;0;AV DES MOREIRA;;;0;;Colis?úo Lateral;Via Iluminada;Bom;Seca;Rotat??ria;D?¬ Prefer?¬ncia;Comercial;0;0;2;0;1;0;0;0;0;0;0;0;-3,732784500000000;-38,497387000000000
312468;22;11;2017;19:45;0;AV SANTOS DUMONT;;;0;;Colis?úo Traseira;Via Iluminada;Bom;Seca;Outros;N?úo H?í Controle;Comercial;0;0;2;1;0;0;0;0;0;0;0;0;-3,739953300000000;-38,486770000000000
312469;22;11;2017;21:12;19130;RUA LAURO NOGUEIRA;RUA DES WALDETARIO P MOTA;;0;;Colis?úo Frontal;Via Iluminada;Bom;Seca;Cruz;Pare;Residencial;0;0;2;1;0;0;0;0;0;0;0;0;-3,738973600000000;-38,481960000000000
312470;22;11;2017;20:55;0;AV GODOFREDO MACIEL;;;0;LAGOA DA MARAPONGA;Queda;Via Iluminada;Bom;Seca;Meio de Quadra;N?úo H?í Controle;Residencial;0;1;0;0;0;1;0;0;0;0;0;0;-3,788525600000000;-38,566658000000000
312471;23;11;2017;06:10;22886;RUA INACIO PARENTE;RUA BERNARDO MANUEL;;0;;Colis?úo Lateral;Luz do Dia;Bom;Seca;Cruz;Sem?íforo;Residencial;0;3;0;0;0;0;0;0;0;1;0;0;-3,837599800000000;-38,488130000000000
312473;23;11;2017;08:17;1272;AV DOM LUIS;RUA JOAQUIM NABUCO;;0;;Colis?úo Lateral;Luz do Dia;Bom;Seca;Cruz;Pare;Comercial;0;1;1;0;0;0;0;0;0;1;0;0;-3,786924100000000;-38,481506000000000
312474;23;11;2017;08:19;0;RUA DR JOAO MOREIRA;RUA VINTE QUATRO DE MAIO;;0;;Colis?úo Traseira;Luz do Dia;Bom;Seca;Outros;N?úo H?í Controle;Comercial;0;0;2;1;1;0;0;0;0;0;0;0;-3,721927200000000;-38,530350000000000
312475;23;11;2017;08:20;25186;RUA VER PEDRO PAULO MOREIRA;RUA REPUBLICA ARMENIA;;0;;Colis?úo Lateral;Luz do Dia;Bom;Seca;Cruz;Pare;Comercial;0;0;2;1;0;0;0;0;0;0;0;0;-3,786891500000000;-38,481570000000000
312476;23;11;2017;08:40;1649;RUA GAL TERTULIANO POTYGUARA;RUA CEL JUCA;;0;;Colis?úo Transversal;Luz do Dia;Bom;Seca;Cruz;Pare;Residencial;0;0;2;1;0;0;0;0;0;0;0;0;-3,745365100000000;-38,493736000000000
312477;23;11;2017;08:48;5499;RUA PDE VALDEVINO;RUA J DA PENHA;;0;;Colis?úo Transversal;Luz do Dia;Bom;Seca;Cruz;Pare;Comercial;0;0;2;1;1;0;0;0;0;0;0;0;-3,737889000000000;-38,520782000000000
312478;23;11;2017;10:11;0;AV DOM LUIS;;;1320;;Colis?úo Traseira;Luz do Dia;Bom;Seca;Meio de Quadra;N?úo H?í Controle;Comercial;0;0;2;1;0;0;0;0;0;0;0;0;-3,735823900000000;-38,489464000000000
312479;23;11;2017;10:49;0;RUA LAURO MAIA;;;764;;Colis?úo Traseira;Luz do Dia;Bom;Seca;Meio de Quadra;N?úo H?í Controle;Comercial;0;0;2;1;0;0;0;0;0;1;0;0;-3,747377200000000;-38,522830000000000
312482;23;11;2017;14:55;0;AV PRS COSTA E SILVA;;;151;;Colis?úo Transversal;Luz do Dia;Bom;Seca;Meio de Quadra;N?úo H?í Controle;Residencial;0;1;1;0;0;0;0;0;0;1;0;0;-3,822891000000000;-38,551777000000000
312483;23;11;2017;14:04;0;AV OLIVEIRA PAIVA;;;0;;Colis?úo Traseira;Luz do Dia;Bom;Seca;Meio de Quadra;D?¬ Prefer?¬ncia;Comercial;0;0;2;1;0;0;0;0;0;0;0;0;-3,798894400000000;-38,503880000000000
312484;23;11;2017;18:07;0;AV OLIVEIRA PAIVA;;;1544;;N?úo Informado;Via Iluminada;Bom;Seca;Meio de Quadra;Sem?íforo;Comercial;0;0;3;1;0;0;0;0;0;0;0;0;-3,795611600000000;-38,492794000000000
312485;23;11;2017;18:43;12826;AV DOS EXPEDICIONARIOS;RUA ANDRE CHAVES;;0;;Colis?úo Transversal;Via Iluminada;Bom;Seca;Cruz;Sem?íforo;Comercial;0;0;2;1;0;0;0;0;0;0;0;0;-3,757178000000000;-38,538788000000000
312486;23;11;2017;16:00;0;AV ENG LEAL LIMA VERDE (SAPIRANGA/COITE);RUA SAO FRANCISCO D21;;0;;Colis?úo Transversal;Luz do Dia;Bom;Seca;Cruz;Pare;Residencial;0;0;2;1;0;0;0;0;0;0;0;0;-3,804271200000000;-38,474957000000000
312487;23;11;2017;19:30;0;RUA COSTA ARAUJO;RUA COS TRISTAO;;0;;Colis?úo Transversal;Via Iluminada;Bom;Seca;T;Pare;Lazer;0;0;2;1;0;0;0;0;0;0;0;0;-3,747342300000000;-38,529785000000000
312488;23;11;2017;20:25;0;AV CASTELO DE CASTRO;;;1350;;Atropelamento;Via Iluminada;Bom;Seca;Meio de Quadra;N?úo H?í Controle;Residencial;0;1;1;1;0;0;0;0;0;0;0;0;-3,841486200000000;-38,521810000000000
316752;23;11;2017;06:42;293;RUA ROTARY;RUA ERICO MOTA;;0;;Colis?úo;Luz do Dia;;;Cruz;Pare;Misto;0;1;1;0;0;0;0;0;0;0;0;0;-3,743082000000000;-38,561405000000000
316753;23;11;2017;07:08;0;RUA MIGUEL PEREIRA;;;700;;Queda;Luz do Dia;;;Meio de Quadra;;;0;1;0;0;0;0;0;0;0;1;0;0;-3,835087300000000;-38,561720200000000
316754;23;11;2017;07:45;0;RUA PORTO VELHO;;;89;;Colis?úo;Luz do Dia;;;Meio de Quadra;;;0;1;1;0;0;0;1;0;0;1;0;0;-3,768977400000000;-38,581572100000000