COD_ACIDENTE;DIA;MES;ANO;HORA;INTERSECAO;LOG1;LOG2;LOG3;NUMERO;REFERENCIA;NATUREZA;ILUMINACAO;TEMPO;SUPERFICIEPISTA;TIPOCRUZAMENTO;CONTROLETRAFEGO;USOSOLO;MORTOS;FERIDOS;ILESOS;AUTOMOVEL;ONIBUS;BICICLETA;CAMINHAO;MICROONIBUS;CICLOMOTOR;MOTOCICLETA;TRACAOANIMAL;TREM;LATITUDE;LONGITUDE
316755;23;11;2017;09:27;0;RUA CEL JOAO CORREIA;;;0;;Queda;Luz do Dia;;;Meio de Quadra;;;0;1;0;0;0;1;0;0;0;0;0;0;;
316756;23;11;2017;13:28;0;AV LINEU MACHADO;;;725;;Colis?úo;Luz do Dia;;;Meio de Quadra;;;0;1;1;1;0;0;0;0;0;1;0;0;-3,766304000000000;-38,577112000000000
316761;23;11;2017;15:59;5206;RUA SEN ALMIR PINTO;RUA SAO JOSE D03;;0;;Queda;Luz do Dia;;;Cruz;Pare;Comercial;0;1;0;0;0;0;0;0;0;1;0;0;-3,726414000000000;-38,523664000000000
316763;23;11;2017;18:03;16346;AV JOR JOAO RAMOS;RUA VINTE QUATRO DE MAIO;;0;;Colis?úo;Anoitecer;;;;;;0;1;1;0;0;0;1;0;0;1;0;0;-3,841442000000000;-38,575314000000000
316780;23;11;2017;20:27;0;RUA BERNARDO MANUEL;;;0;;Queda;;;;Meio de Quadra;;;0;2;0;0;0;0;0;0;0;1;0;0;;
316781;23;11;2017;20:41;0;AV I CJ JOSE WALTER;;;921;;Colis?úo;;;;Meio de Quadra;;;0;2;1;1;0;0;0;0;0;1;0;0;;
316787;23;11;2017;23:57;9243;AV DOS EXPEDICIONARIOS;AV EDUARDO GIRAO;;0;;Colis?úo;;;;Cruz;Sem?íforo;Comercial;0;1;1;0;0;0;0;0;0;0;0;0;-3,750712000000000;-38,536849000000000
316766;23;11;2017;18:48;4019;RUA JULIO CESAR D12;RUA SAMUEL UCHOA;;0;;Colis?úo;;;;Cruz;Pare;Residencial;0;1;1;1;0;1;0;0;0;0;0;0;-3,753929000000000;-38,546270000000000
316758;23;11;2017;14:40;0;RUA PDE PEDRO DE ALENCAR;;;750;;Colis?úo;Luz do Dia;;;Meio de Quadra;;;0;1;1;1;0;0;0;0;0;1;0;0;-3,834682000000000;-38,494111000000000
316773;23;11;2017;19:02;0;AV TRISTAO GONCALVES;;;1203;;Colis?úo;;;;Meio de Quadra;;;0;1;1;1;0;0;0;0;0;1;0;0;-3,732248000000000;-38,534754000000000
316775;23;11;2017;19:15;0;AV PASTEUR;;;464;;Atropelamento;;;;Meio de Quadra;;;0;1;1;1;0;0;0;0;0;0;0;0;-3,710143000000000;-38,558549000000000
316777;23;11;2017;19:41;0;RUA PORTO VELHO;;;370;;Colis?úo;;;;Meio de Quadra;;;0;2;0;1;0;0;0;0;0;1;0;0;-3,767612000000000;-38,583991000000000
316783;23;11;2017;21:23;19009;RUA DES WALDETARIO P MOTA;RUA AVILA GOULART;;0;;Colis?úo;;;;Cruz;Sem?íforo;Residencial;0;1;1;1;0;0;0;0;0;1;0;0;-3,734478000000000;-38,479160000000000
316784;23;11;2017;22:22;0;RUA CON DE CASTRO;;;1105;;Colis?úo;;;;Meio de Quadra;;;0;1;1;1;0;0;0;0;0;1;0;0;-3,782315000000000;-38,570955000000000
316785;23;11;2017;23:29;0;AV PRS CASTELO BRANCO;;;623;;Atropelamento;;;;Meio de Quadra;;;0;1;1;0;0;0;0;0;0;1;0;0;-3,719500382000000;-38,531958801000000
316209;23;11;2017;07:10;0;ROD CE 010;;;0;;Colis?úo;Luz do Dia;Bom;Seca;Meio de Quadra;;;0;1;1;1;0;1;0;0;0;0;0;0;;
304987;23;11;2017;07:40;0;AV CARAPINIMA;;;1976;;Colis?úo Traseira;Luz do Dia;Bom;Seca;Meio de Quadra;;Comercial;0;1;1;1;0;0;0;0;0;1;0;0;-3,738196000000000;-38,538227000000000
304993;23;11;2017;12:40;0;AV PONTES VIEIRA;;;0;;Choque c/ Obst?ículo Fixo;Luz do Dia;Bom;Seca;Meio de Quadra;Sem?íforo;Comercial;0;0;1;1;0;0;0;0;0;0;0;0;;
304994;23;11;2017;13:30;21898;RUA PDE PERDIGAO SAMPAIO;RUA ALINE VIEIRA COLARES;;0;;Colis?úo Transversal;Luz do Dia;Nublado;Seca;Outros;Pare;Comercial;0;1;1;1;0;0;0;0;0;1;0;0;-3,734053000000000;-38,596101000000000
304971;23;11;2017;20:20;19713;RUA AZEVEDO BOLAO;RUA DOM LINO;;0;;Colis?úo Lateral;Via Iluminada;Bom;Seca;Cruz;Pare;Comercial;0;2;0;1;0;0;0;0;0;1;0;0;-3,736529000000000;-38,557088000000000
304972;23;11;2017;14:00;24407;RUA PRO VICENTE SILVEIRA;RUA VICENTE SPINDOLA;;0;;Colis?úo Lateral;Luz do Dia;Nublado;Seca;Cruz;Pare;Residencial;0;0;2;1;0;0;0;0;0;0;0;0;-3,768816000000000;-38,539355000000000
304937;24;11;2017;02:00;0;RUA DR JUSTA ARAUJO D45;;;697;;Colis?úo Traseira;;;;Meio de Quadra;;;0;0;2;1;0;0;0;0;0;0;0;0;-3,781691000000000;-38,552249000000000
304938;24;11;2017;08:20;0;AV BORGES DE MELO;;;18;;Colis?úo Lateral;Luz do Dia;;;Meio de Quadra;;;0;2;0;0;0;1;0;0;0;1;0;0;-3,759396600000000;-38,528798300000000
304939;24;11;2017;14:00;0;AV PRO GOMES DE MATOS;;;0;;Colis?úo Traseira;Luz do Dia;;;Meio de Quadra;;;0;0;2;0;1;0;0;0;0;0;0;0;;
304934;24;11;2017;18:10;0;AV DES MOREIRA;;;2875;;Colis?úo Traseira;Anoitecer;;;Meio de Quadra;;;0;0;2;1;0;0;0;0;0;0;0;0;-3,752088000000000;-38,503438000000000
304935;24;11;2017;09:30;12457;AV SEN FERNANDES TAVORA;AV AUGUSTO DOS ANJOS;;0;;Colis?úo Lateral;Luz do Dia;;;;;;0;0;2;1;0;0;0;0;0;0;0;0;-3,770153000000000;-38,570427000000000
316222;24;11;2017;07:00;0;AV SEN CARLOS JEREISSATI (AEROPORTO);;;0;KM 03;Colis?úo;Luz do Dia;Bom;Seca;Meio de Quadra;;;0;0;2;1;0;0;0;0;0;0;0;0;-3,779641000000000;-38,544038000000000
316229;24;11;2017;08:50;0;RD CE-040;;;0;KM-04;Colis?úo;Luz do Dia;Bom;Seca;Meio de Quadra;;;0;0;3;1;0;0;0;0;0;0;0;0;-3,791613156000000;-38,480330840000000
316249;24;11;2017;12:20;0;RD CE-040;;;0;KM-02;Colis?úo;Luz do Dia;Bom;Seca;Meio de Quadra;;;0;1;1;1;0;0;0;0;0;1;0;0;-3,773616148000000;-38,481799400000000
316254;24;11;2017;16:00;0;RD CE-040;;;0;KM-05;Colis?úo;Luz do Dia;Bom;Seca;Meio de Quadra;;;0;0;2;1;0;0;0;0;0;0;0;0;-3,800595823000000;-38,479534630000000
316258;24;11;2017;23:20;0;AV MIN JOSE AMERICO;;;0;;Colis?úo;;Bom;Seca;Meio de Quadra;;;0;0;2;0;1;0;0;0;0;0;0;0;;
316259;24;11;2017;15:00;0;RD CE-040;;;0;KM-04;Colis?úo;Luz do Dia;Bom;Seca;Meio de Quadra;;;0;1;1;1;0;0;0;0;0;1;0;0;-3,791613156000000;-38,480330840000000
312489;24;11;2017;07:15;0;RUA ESPIRITO SANTO;;;1172;;Choque c/ Obst?ículo Fixo;Luz do Dia;Bom;Seca;T;Pare;Residencial;0;0;0;1;0;0;0;0;0;0;0;0;-3,758048300000000;-38,571342000000000
312490;24;11;2017;07:57;5293;RUA PEDRO PEREIRA;RUA SEN POMPEU;;0;;Colis?úo Lateral;Luz do Dia;Bom;Seca;Cruz;Sem?íforo;Comercial;0;0;2;1;1;0;0;0;0;0;0;0;-3,729110500000000;-38,530400000000000
312491;24;11;2017;08:02;15372;AV DOM LUIS;RUA CEL JUCA;;0;;Colis?úo Transversal;Luz do Dia;Bom;Seca;Cruz;Sem?íforo;Comercial;0;0;2;1;0;0;0;0;0;0;0;0;-3,735512700000000;-38,490700000000000
312492;24;11;2017;06:00;0;AV SANTOS DUMONT;;;0;;Acidente Pessoal;Luz do Dia;Bom;Seca;Outros;N?úo H?í Controle;Comercial;0;1;0;0;0;1;0;0;0;0;0;0;-3,740000500000000;-38,486920000000000
312493;24;11;2017;05:54;0;AV PRS COSTA E SILVA;;;1347;;Colis?úo Lateral;Luz do Dia;Bom;Seca;Meio de Quadra;Pare;Comercial;0;1;0;0;0;0;0;0;0;1;0;0;-3,824441200000000;-38,545550000000000
312494;24;11;2017;07:20;0;AV FRE CIRILO;;;4561;;Colis?úo Traseira;Luz do Dia;Bom;Seca;Meio de Quadra;N?úo H?í Controle;Comercial;0;0;2;1;0;0;0;0;0;0;0;0;-3,823509500000000;-38,494700000000000
312495;24;11;2017;09:17;0;AV 13 DE MAIO;;;805;;Engavetamento;Luz do Dia;Nublado;Seca;Meio de Quadra;N?úo H?í Controle;Comercial;0;0;3;1;0;0;0;0;0;0;0;0;-3,751292700000000;-38,527042000000000
312496;24;11;2017;09:35;0;AV JOAO PESSOA;;;7189;;Colis?úo Lateral;Luz do Dia;Bom;Seca;Meio de Quadra;N?úo H?í Controle;Comercial;0;0;1;0;0;0;0;0;0;1;0;0;-3,772796200000000;-38,562090000000000
312497;24;11;2017;13:18;0;AV AMERICO BARREIRA;;;6510;;Engavetamento;Luz do Dia;Nublado;Seca;Outros;N?úo H?í Controle;Comercial;0;1;2;1;0;0;0;0;0;0;0;0;-3,767217600000000;-38,569300000000000
312498;24;11;2017;14:56;1587;RUA CAROLINA SUCUPIRA;RUA PRO DIAS DA ROCHA;;0;;Colis?úo Transversal;Luz do Dia;Bom;Seca;Cruz;Pare;Comercial;0;0;2;0;0;0;0;0;0;1;0;0;-3,742870300000000;-38,494095000000000
312499;24;11;2017;15:15;0;RUA SAMUEL UCHOA;;;969;;Colis?úo Frontal;Luz do Dia;Bom;Seca;Meio de Quadra;Pare;Residencial;0;1;1;1;0;0;0;0;0;0;0;0;-3,752531500000000;-38,548187000000000
312501;24;11;2017;16:09;13375;AV ANTONIO SALES;RUA HENRIQUE RABELO;;0;;Colis?úo Transversal;Luz do Dia;Nublado;Seca;Cruz;Pare;Comercial;0;0;2;1;0;0;0;0;0;0;0;0;-3,739514000000000;-38,521230000000000
312502;24;11;2017;16:36;0;RUA DOS PRACINHAS;RUA JUSTINIANO DE SERPA;;815;;Colis?úo Transversal;Luz do Dia;Bom;Seca;Cruz;Sem?íforo;Residencial;0;0;2;1;1;0;0;0;0;0;0;0;-3,737202400000000;-38,541730000000000
312503;24;11;2017;18:30;2411;AV CEL CARVALHO;RUA AMADEU DE CASTRO;;0;;Colis?úo Transversal;Luz do Dia;Bom;Seca;Cruz;N?úo H?í Controle;Comercial;0;0;3;0;0;0;0;0;0;1;0;0;-3,706263300000000;-38,590860000000000
312504;24;11;2017;19:19;0;RUA PEREIRA FILGUEIRAS;;;1829;;Colis?úo Traseira;Via Iluminada;Bom;Seca;Meio de Quadra;Sem?íforo;Comercial;0;0;2;1;0;0;0;0;0;0;0;0;-3,730276600000000;-38,506702000000000
312505;24;11;2017;17:20;13938;RUA JUNIOR ROCHA;RUA VER PEDRO PAULO MOREIRA;;0;;N?úo Informado;Anoitecer;Bom;Seca;Cruz;Pare;Comercial;0;0;2;1;0;0;0;0;0;0;0;0;-3,787210500000000;-38,487453000000000
312506;24;11;2017;18:15;0;AV ABOLICAO;;;3273;;Colis?úo Lateral;Via Iluminada;Bom;Seca;Meio de Quadra;Sem?íforo;Comercial;0;0;2;1;0;0;0;0;0;0;0;0;-3,726539600000000;-38,490040000000000
312507;24;11;2017;21:05;0;RUA BARBOSA DE FREITAS;;;2674;;Colis?úo Frontal;Via Iluminada;Bom;Seca;Meio de Quadra;N?úo H?í Controle;Comercial;0;0;2;1;0;0;0;0;0;1;0;0;-3,750694500000000;-38,501940000000000
312508;24;11;2017;22:20;0;RUA PRO HERIBALDO COSTA;;;450;;Colis?úo Traseira;Via Iluminada;Bom;Seca;Meio de Quadra;N?úo H?í Controle;Comercial;0;1;0;0;0;0;0;0;0;1;0;0;-3,756633500000000;-38,582020000000000
312509;24;11;2017;23:46;0;RUA PRO GOMES BRASIL;;;314;;Atropelamento;Via Iluminada;Bom;Seca;Meio de Quadra;N?úo H?í Controle;Comercial;0;2;0;0;0;0;0;0;0;1;0;0;-3,772853000000000;-38,568317000000000
312511;24;11;2017;17:48;0;AV ANTONIO SALES;;;60;;Colis?úo Frontal;Luz do Dia;Bom;Seca;Meio de Quadra;N?úo H?í Controle;Comercial;0;0;0;0;0;0;0;0;0;1;0;0;-3,752881300000000;-38,517223000000000
312512;24;11;2017;07:51;17342;AV PRO GOMES DE MATOS;RUA ALAN KARDEC;;0;;Colis?úo Transversal;Luz do Dia;Bom;Seca;Cruz;Sem?íforo;Comercial;0;0;2;0;0;0;0;0;0;1;0;0;-3,765364000000000;-38,549248000000000
312515;24;11;2017;20:14;4016;RUA PRO COSTA MENDES;RUA JULIO CESAR D12;;0;;Colis?úo Transversal;Via Iluminada;Bom;Seca;Cruz;Pare;Residencial;0;1;2;1;0;0;0;0;0;0;0;0;-3,754735000000000;-38,546894000000000
314615;24;11;2017;02:49;0;RUA DR JUSTA ARAUJO D45;;;687;;Capotamento;;;;Meio de Quadra;;;0;1;0;1;0;0;0;0;0;0;0;0;-3,781633000000000;-38,552226000000000
314679;24;11;2017;20:37;15160;RUA SILVA PAULET;AV ABOLICAO;;0;;Colis?úo;;;;T;N?úo H?í Controle;Misto;0;0;2;0;0;0;0;0;0;0;0;0;-3,725111000000000;-38,502412000000000
314680;24;11;2017;20:52;0;RUA BERNARDO MANUEL;;;11149;;Acidente Pessoal;;;;Meio de Quadra;;;0;1;1;1;0;0;0;0;0;1;0;0;-3,816977000000000;-38,556971000000000
314681;24;11;2017;20:55;7623;RUA RIO GRANDE DO SUL;RUA PERNAMBUCO;;0;;Colis?úo;;;;Cruz;Pare;Residencial;0;2;0;1;1;0;0;0;0;0;0;0;-3,760011000000000;-38,568467000000000
314682;24;11;2017;21:21;0;RUA TARCISIO PEIXOTO;;;0;;Colis?úo;;;;Meio de Quadra;;;0;2;0;0;0;0;0;0;0;1;0;0;;
314643;24;11;2017;14:06;0;RUA AUDISIO PINHEIRO;;;646;;Colis?úo;Luz do Dia;;;Meio de Quadra;;;0;1;1;0;0;0;0;0;0;1;0;0;-3,758733000000000;-38,588960000000000
314644;24;11;2017;14:09;12640;RUA GUILHERME MENDES;RUA RIO PARAGUAI;;0;;Atropelamento;Luz do Dia;;;Cruz;Pare;Residencial;0;1;1;1;0;0;0;0;0;0;0;0;-3,720947000000000;-38,583819000000000
314637;24;11;2017;12:43;0;AV JOSE BASTOS;;;0;;Colis?úo;Luz do Dia;;;Meio de Quadra;;;0;2;0;1;0;0;0;0;0;1;0;0;;
314638;24;11;2017;13:24;0;RUA CAROLINA SUCUPIRA;;;1180;;Colis?úo;Luz do Dia;;;Meio de Quadra;;;0;0;2;0;0;0;0;0;0;0;0;0;-3,743099000000000;-38,494017000000000
314647;24;11;2017;14:22;5166;RUA DNA LEOPOLDINA;RUA TEN BENEVOLO;;0;;Colis?úo;Luz do Dia;;;T;Sem?íforo;Rural;0;1;1;1;0;0;0;0;0;0;0;0;-3,725199000000000;-38,517732000000000
314628;24;11;2017;11:59;1289;AV SANTOS DUMONT;RUA SILVA PAULET;;0;;Colis?úo;Luz do Dia;;;Cruz;Pare;Residencial;0;2;0;1;0;0;0;0;0;1;0;0;-3,733985000000000;-38,505258000000000
314651;24;11;2017;16:25;0;RUA DAS PALMEIRAS;;;0;;Colis?úo;Luz do Dia;;;Meio de Quadra;;;0;1;1;0;0;0;0;0;0;0;0;0;;
314649;24;11;2017;15:08;0;AV GODOFREDO MACIEL;;;0;;Colis?úo;Luz do Dia;;;Meio de Quadra;;;0;2;0;1;0;0;0;0;0;1;0;0;;
314653;24;11;2017;16:28;0;AV ANTONIO SALES;;;901;;Colis?úo;Luz do Dia;;;Meio de Quadra;;;0;2;0;0;0;0;0;0;0;1;0;0;-3,741948100000000;-38,513723400000000
314656;24;11;2017;16:57;0;AV MR HULL;;;5260;;Atropelamento;Luz do Dia;;;Meio de Quadra;;;0;2;0;1;0;0;0;0;0;0;0;0;-3,739647000000000;-38,591439000000000
314662;24;11;2017;17:13;0;AV HIS RAIMUNDO GIRAO;;;860;;Queda;Anoitecer;;;Meio de Quadra;;;0;1;0;0;0;1;0;0;0;0;0;0;-3,722468000000000;-38,507703000000000
314664;24;11;2017;11:46;0;AV CARNEIRO DE MENDONCA;;;0;;Colis?úo;Luz do Dia;;;Meio de Quadra;;;0;2;0;1;0;0;0;0;0;1;0;0;;
314670;24;11;2017;18:24;0;AV CEL CARVALHO;;;117;;Colis?úo;Anoitecer;;;Meio de Quadra;;;0;1;1;0;0;0;0;0;0;0;0;0;-3,703990000000000;-38,591414000000000
314671;24;11;2017;18:42;0;AV AUGUSTO DOS ANJOS;;;0;;Atropelamento;;;;Meio de Quadra;;;0;1;1;0;0;0;0;0;0;1;0;0;;
314672;24;11;2017;19:20;0;AV ISABEL BEZERRA;;;558;;Colis?úo;;;;Meio de Quadra;;;0;2;0;0;0;0;0;0;0;0;0;0;;
314634;24;11;2017;12:12;0;AV WASHINGTON SOARES;;;55;;Colis?úo;Luz do Dia;;;Meio de Quadra;;;0;1;1;1;0;0;0;0;0;1;0;0;-3,753660000000000;-38,490962000000000
314626;24;11;2017;08:51;0;AV MIN JOSE AMERICO;;;587;;Colis?úo;Luz do Dia;Bom;Seca;Meio de Quadra;;;0;1;1;0;0;0;0;0;0;1;0;0;-3,810411700000000;-38,494425700000000
314623;24;11;2017;07:16;0;RUA BAR SOBRAL;;;953;;Colis?úo;Luz do Dia;;;Meio de Quadra;;;0;2;0;1;0;0;0;0;0;1;0;0;-3,765240000000000;-38,557379000000000
314624;24;11;2017;07:38;0;AV FILOMENO GOMES;;;289;;Queda;Luz do Dia;;;Meio de Quadra;;;0;1;0;0;0;0;0;0;0;1;0;0;-3,716948474000000;-38,541864890000000
314621;24;11;2017;06:25;0;AV BORGES DE MELO;;;118;;Queda;Luz do Dia;;;Meio de Quadra;;;0;2;0;0;0;0;0;0;0;1;0;0;-3,759396600000000;-38,528798300000000
314618;24;11;2017;05:49;0;AV PERIMETRAL;;;0;;Colis?úo;Amanhecer;;;Meio de Quadra;;;0;2;0;0;0;0;0;0;0;1;0;0;;
314562;24;11;2017;22:23;0;AV PERIMETRAL;;;0;;Colis?úo;;;;Meio de Quadra;;;0;1;1;0;0;0;0;0;0;0;0;0;;
314554;24;11;2017;18:24;0;RUA BALDUINO FREIRE;;;814;;Colis?úo;Anoitecer;;;Meio de Quadra;;;0;2;0;0;0;0;0;0;0;1;0;0;-3,735025337000000;-38,582789062000000
314557;24;11;2017;20:37;0;RUA FRANCISCA MARIA DA CONCEICAO;;;1360;;Colis?úo;Luz do Dia;;;Meio de Quadra;;;0;0;2;0;0;0;0;0;0;0;0;0;-3,836657000000000;-38,572513000000000
314552;24;11;2017;14:22;5166;RUA DNA LEOPOLDINA;RUA TEN BENEVOLO;;0;;Queda;Luz do Dia;;;T;Sem?íforo;Rural;0;1;0;0;0;0;0;0;0;1;0;0;-3,725199000000000;-38,517732000000000
314540;24;11;2017;10:29;0;AV GODOFREDO MACIEL;;;0;;Colis?úo;Luz do Dia;;;Meio de Quadra;;;0;1;1;0;0;0;0;0;0;0;0;0;;
314534;24;11;2017;07:22;0;AV JOAO PESSOA;;;7201;;Colis?úo;Luz do Dia;;;Meio de Quadra;;;0;2;0;0;0;0;0;0;0;1;0;0;-3,773050000000000;-38,562228000000000
314571;25;11;2017;02:39;0;AV PENETRACAO NORTE SUL;;;312;;Colis?úo;;;;Meio de Quadra;;;0;2;0;0;0;0;0;0;0;0;0;0;-3,813449000000000;-38,592070000000000
314582;25;11;2017;07:55;3336;RUA VIRIATO RIBEIRO;RUA RIO GRANDE DO SUL;;0;;Colis?úo;Luz do Dia;;;Cruz;Pare;Escola;0;1;1;1;0;0;0;0;0;1;0;0;-3,750184000000000;-38,561355000000000
314579;25;11;2017;05:48;0;AV FRANCISCO SA;;;6369;;Queda;Amanhecer;;;Meio de Quadra;;;0;1;0;0;0;0;0;0;0;1;0;0;-3,709446400000000;-38,580955500000000
314584;25;11;2017;18:18;0;RUA PDE FRANCISCO PINTO;;;0;;Queda;Anoitecer;;;Meio de Quadra;;;0;1;0;0;0;1;0;0;0;0;0;0;;
314586;25;11;2017;19:10;0;AV GAL OSORIO DE PAIVA;;;7430;;Atropelamento;;;;Meio de Quadra;;;0;2;0;0;0;0;0;0;0;1;0;0;;
314587;25;11;2017;21:46;0;RUA LUCAS PINTO;;;0;;Queda;;;;Meio de Quadra;;;0;1;0;0;0;0;0;0;0;1;0;0;;
314588;25;11;2017;21:56;2486;AV FRANCISCO SA;RUA SEN ROBERT KENNEDY;;0;;Colis?úo;;;;Cruz;Pare;Comercial;0;2;0;1;0;0;0;0;0;1;0;0;-3,709140000000000;-38,581426000000000
312516;25;11;2017;13:30;19260;RUA PRO GOMES BRASIL;RUA CANDIDO HOLANDA;;0;;Colis?úo Transversal;Luz do Dia;Bom;Seca;T;Pare;Comercial;0;1;1;1;0;0;0;0;0;0;0;0;-3,771728500000000;-38,569430000000000
312517;25;11;2017;16:40;0;ET DOS EXPEDICIONARIOS;RUA ALM RUFINO;;0;;Colis?úo Lateral;Luz do Dia;Bom;Seca;Cruz;Sem?íforo;Comercial;0;0;2;1;0;0;0;0;0;0;0;0;-3,765230700000000;-38,541367000000000
312518;25;11;2017;16:25;1257;RUA COSTA BARROS;RUA SILVA PAULET;;0;;Colis?úo Transversal;Luz do Dia;Bom;Seca;Cruz;Pare;Residencial;0;1;1;1;0;0;0;0;0;0;0;0;-3,732533000000000;-38,504920000000000
312519;25;11;2017;18:30;5625;AV DES GONZAGA;AV ROGACIANO LEITE;;0;;Colis?úo Transversal;Via Iluminada;Bom;Seca;Cruz;Sem?íforo;Residencial;0;0;2;1;0;0;0;0;0;0;0;0;-3,788415200000000;-38,503933000000000
312520;25;11;2017;18:34;0;AV ROGACIANO LEITE;;;2348;;Colis?úo Lateral;Via Iluminada;Bom;Seca;Meio de Quadra;N?úo H?í Controle;Residencial;0;0;3;1;0;0;0;0;0;1;0;0;-3,775149000000000;-38,500060000000000
312521;25;11;2017;18:00;0;AV LINEU MACHADO;;;875;;Colis?úo Transversal;Via Iluminada;Bom;Seca;Outros;N?úo H?í Controle;Residencial;0;0;1;1;0;0;0;0;0;1;0;0;-3,767591000000000;-38,577717000000000
312522;25;11;2017;19:00;13076;AV I CJ JOSE WALTER;AV B CJ JOSE WALTER;;0;;Colis?úo Transversal;Via Iluminada;Bom;Seca;Outros;Pare;Residencial;0;0;2;1;0;0;0;0;0;1;0;0;-3,827813400000000;-38,551670000000000
312523;25;11;2017;22:48;0;AV ENG SANTANA JUNIOR;;;2790;;Choque c/ Obst?ículo Fixo;Via Iluminada;Bom;Seca;Meio de Quadra;N?úo H?í Controle;Comercial;0;0;1;1;0;0;0;0;0;0;0;0;-3,745633400000000;-38,489334000000000
312513;25;11;2017;09:40;0;AV ENG SANTANA JUNIOR;;;1927;;Colis?úo Traseira;Luz do Dia;Bom;Seca;Meio de Quadra;N?úo H?í Controle;Residencial;0;0;2;1;0;0;0;0;0;1;0;0;-3,742434700000000;-38,486300000000000
312514;25;11;2017;11:07;15290;RUA JOAQUIM NABUCO;RUA CANUTO DE AGUIAR;;0;;Colis?úo;Luz do Dia;Bom;Seca;Cruz;Pare;Residencial;0;0;2;1;0;0;0;0;0;1;0;0;-3,729339000000000;-38,499440000000000
312510;25;11;2017;03:20;0;AV OLIVEIRA PAIVA;;;1156;;N?úo Informado;Via Iluminada;Bom;Seca;Meio de Quadra;N?úo H?í Controle;Comercial;0;0;0;1;0;0;0;0;0;0;0;0;-3,795478300000000;-38,495995000000000
305577;25;11;2017;11:30;0;RUA JOAQUIM ALFREDO;;;853;;Colis?úo Transversal;Luz do Dia;;;Meio de Quadra;;;1;0;1;0;0;0;0;0;0;1;0;0;-3,804275000000000;-38,588196000000000
313194;25;11;2017;19:15;15226;AV ANTONIO JUSTA;AV ABOLICAO;;0;;Colis?úo Lateral;Via Iluminada;Bom;Seca;Meio de Quadra;Sem?íforo;Comercial;0;0;2;1;1;0;0;0;0;0;0;0;-3,727430600000000;-38,495120000000000
316260;25;11;2017;12:10;0;RD CE-040;;;0;KM-10;Colis?úo;Luz do Dia;Bom;Seca;Meio de Quadra;;;0;1;1;0;0;0;0;0;0;1;0;0;-3,826403000000000;-38,481797000000000
316262;25;11;2017;09:00;0;AV SEN CARLOS JEREISSATI (AEROPORTO);;;0;KM 04;Colis?úo;Luz do Dia;Bom;Seca;Meio de Quadra;;;0;0;2;1;0;0;0;0;0;0;0;0;-3,774020000000000;-38,550907000000000
315638;25;11;2017;17:57;0;AV MIN JOSE AMERICO;;;80;;Colis?úo;Anoitecer;;;Meio de Quadra;;;0;0;2;0;0;0;0;0;0;0;0;0;-3,812871000000000;-38,499424000000000
315643;25;11;2017;18:24;0;AV LINEU MACHADO;;;375;;Colis?úo;Anoitecer;;;Meio de Quadra;;;0;2;0;1;0;0;0;0;0;1;0;0;-3,761704046000000;-38,574658747000000
315644;25;11;2017;18:35;12556;RUA CARLOS GONDIM;RUA GEORGE CAVALCANTE;;0;;Colis?úo;;;;;;;0;1;1;0;0;0;0;0;0;0;0;0;-3,720544000000000;-38,591931000000000
315645;25;11;2017;18:43;0;AV CASTELO DE CASTRO;;;1592;;Colis?úo;;;;Meio de Quadra;;;0;2;0;1;0;0;0;0;0;1;0;0;-3,843628320000000;-38,521614763000000
315633;25;11;2017;17:38;0;AV J CJ CEARA;;;0;;Colis?úo;Anoitecer;;;Meio de Quadra;;;0;4;0;0;0;0;0;0;0;1;0;0;;
315630;25;11;2017;16:20;0;RD BR 116;;;6000;KM-06;Queda;Luz do Dia;;;Meio de Quadra;;;0;2;0;0;0;0;0;0;0;1;0;0;-3,804691000000000;-38,503053000000000
315607;25;11;2017;14:21;23340;RUA JOAQUIM NABUCO;RUA EDUARDO BEZERRA;;0;;Colis?úo;Luz do Dia;;;Cruz;Pare;Residencial;0;1;1;1;0;0;0;0;0;1;0;0;-3,753238000000000;-38,507115000000000
315622;25;11;2017;16:04;0;RUA MONTE PASCOAL;;;494;;Colis?úo;Luz do Dia;;;Meio de Quadra;;;0;2;0;0;0;0;0;0;0;1;0;0;;
315619;25;11;2017;14:26;0;AV ROGACIANO LEITE;;;2348;;Colis?úo;Luz do Dia;;;Meio de Quadra;;;0;2;0;1;0;0;0;0;0;1;0;0;-3,776071000000000;-38,500342000000000
315620;25;11;2017;15:30;0;RUA NOSSA SRA DAS GRACAS;;;631;;Colis?úo;Luz do Dia;;;Meio de Quadra;;;0;1;0;0;0;0;0;0;0;1;0;0;-3,709894000000000;-38,554020000000000
315653;25;11;2017;21:49;0;AV WASHINGTON SOARES;;;6555;;Colis?úo;;Bom;Seca;Meio de Quadra;;;0;2;2;1;0;0;0;0;0;1;0;0;-3,815934000000000;-38,482165000000000
315649;25;11;2017;19:35;0;AV DR SILAS MUNGUBA;;;1561;;Colis?úo;;;;Meio de Quadra;;;0;2;0;0;0;0;0;0;0;1;0;0;-3,784267000000000;-38,553667000000000