COD_ACIDENTE;DIA;MES;ANO;HORA;INTERSECAO;LOG1;LOG2;LOG3;NUMERO;REFERENCIA;NATUREZA;ILUMINACAO;TEMPO;SUPERFICIEPISTA;TIPOCRUZAMENTO;CONTROLETRAFEGO;USOSOLO;MORTOS;FERIDOS;ILESOS;AUTOMOVEL;ONIBUS;BICICLETA;CAMINHAO;MICROONIBUS;CICLOMOTOR;MOTOCICLETA;TRACAOANIMAL;TREM;LATITUDE;LONGITUDE
315647;25;11;2017;19:25;21883;RUA EMILIA GONCALVES;RUA DEP MATOSO FILHO;;0;;Colis?úo;;;;Cruz;Pare;Residencial;0;2;0;1;0;0;0;0;0;1;0;0;-3,733400000000000;-38,592575000000000
315641;25;11;2017;18:13;0;AV LINEU MACHADO;;;875;;Colis?úo;Anoitecer;;;Meio de Quadra;;;0;2;0;1;0;0;0;0;0;1;0;0;-3,767659000000000;-38,577824000000000
315658;25;11;2017;22:35;0;RUA CAR ARCO VERDE;;;112;;Colis?úo;;;;Meio de Quadra;;;0;2;0;1;0;0;0;0;0;1;0;0;-3,750932000000000;-38,592944000000000
315599;25;11;2017;12:14;0;AV MR HULL;;;5314;;Atropelamento;Luz do Dia;;;Meio de Quadra;;;0;2;0;0;0;0;0;0;0;1;0;0;-3,739716000000000;-38,591912000000000
315565;25;11;2017;11:42;0;RUA JOAQUIM ALFREDO;;;864;;Colis?úo;Luz do Dia;;;Meio de Quadra;;;0;2;0;1;0;0;0;0;0;1;0;0;-3,804414000000000;-38,587977000000000
315583;25;11;2017;12:01;15290;RUA CANUTO DE AGUIAR;RUA JOAQUIM NABUCO;;0;;Colis?úo;Luz do Dia;;;Cruz;Pare;Residencial;0;1;1;1;0;0;0;0;0;1;0;0;-3,729360000000000;-38,499390000000000
315558;25;11;2017;11:40;0;AV JOSE BASTOS;;;2856;;Colis?úo;Luz do Dia;;;Meio de Quadra;;;0;1;1;1;0;0;0;0;0;1;0;0;-3,745791000000000;-38,546216000000000
315539;25;11;2017;08:32;10842;RUA PRO HERIBALDO COSTA;RUA CUIABA;;0;;Atropelamento;Luz do Dia;;;Cruz;Pare;Residencial;0;3;0;0;0;0;0;0;0;1;0;0;-3,764961000000000;-38,586471000000000
315540;25;11;2017;10:09;10740;RUA PORTO ALEGRE;RUA AUDISIO PINHEIRO;;0;;Colis?úo;Luz do Dia;;;Cruz;Pare;Residencial;0;2;0;1;0;0;0;0;0;1;0;0;-3,760602000000000;-38,589942000000000
315545;25;11;2017;11:15;0;AV SGT HERMINIO SAMPAIO;;;1823;;Colis?úo;Luz do Dia;;;Meio de Quadra;;;0;2;0;1;0;0;0;0;0;1;0;0;-3,725738000000000;-38,557097000000000
315542;25;11;2017;11:00;0;AV ENG LEAL LIMA VERDE (SAPIRANGA/COITE);;;1394;;Colis?úo;Luz do Dia;;;Meio de Quadra;;;0;2;0;1;0;0;0;0;0;1;0;0;-3,801503000000000;-38,475177000000000
315525;25;11;2017;06:27;0;AV ROGACIANO LEITE;;;2150;;Colis?úo;Luz do Dia;;;Meio de Quadra;;;0;2;0;0;0;0;0;0;0;1;0;0;-3,773643000000000;-38,499058000000000
315527;25;11;2017;07:12;24988;RUA FRE MANSUETO;RUA TAVARES COUTINHO;;0;;Colis?úo;Luz do Dia;;;Cruz;Sem?íforo;Comercial;0;2;0;0;0;0;0;0;0;1;0;0;-3,732638000000000;-38,488784000000000
315514;25;11;2017;01:52;0;AV DEP PAULINO ROCHA;;;3003;;Colis?úo;;;;Meio de Quadra;;;0;1;0;1;0;0;0;0;0;0;0;0;-3,809073000000000;-38,523087000000000
315520;25;11;2017;06:07;0;AV TRISTAO GONCALVES;;;0;;Colis?úo;Luz do Dia;;;Meio de Quadra;;;0;2;0;1;0;0;0;0;0;1;0;0;;
315517;25;11;2017;02:33;0;AV OLIVEIRA PAIVA;;;0;;Colis?úo;;;;Meio de Quadra;;;0;0;2;0;0;0;0;0;0;0;0;0;;
304957;25;11;2017;13:00;5468;RUA BAR ARATANHA;RUA ANTONIO POMPEU;;0;;Engavetamento;Luz do Dia;;;Cruz;Sem?íforo Intermitente;Residencial;0;0;3;1;0;0;0;0;0;0;0;0;-3,735826000000000;-38,527351000000000
304962;25;11;2017;15:00;22162;AV JOSE BASTOS;RUA PORFIRIO SAMPAIO;;0;;Colis?úo Lateral;Luz do Dia;;;T;Sem?íforo;Comercial;0;1;1;1;0;0;0;0;0;1;0;0;-3,745851000000000;-38,546271000000000
304976;25;11;2017;11:30;19377;RUA GERMANO FRANCK;RUA EDUARDO PERDIGAO;;0;;Colis?úo Transversal;Luz do Dia;;;Cruz;Sem?íforo;Comercial;0;0;2;1;1;0;0;0;0;0;0;0;-3,777704000000000;-38,562542000000000
304979;25;11;2017;21:37;0;AV ALBERTO NEPOMUCENO;;;113;;Colis?úo Traseira;;;;Meio de Quadra;;;0;0;3;1;0;0;0;0;0;0;0;0;-3,722164000000000;-38,523707000000000
304980;25;11;2017;20:00;0;RUA JOAQUIM ALBANO;;;3617;;Colis?úo Traseira;;;;Meio de Quadra;;;0;0;2;1;0;0;0;0;0;0;0;0;;
304981;25;11;2017;04:20;0;AV DEP PAULINO ROCHA;;;0;ROTAT?ôRIA;Colis?úo Lateral;;;;Meio de Quadra;;;0;0;2;1;1;0;0;0;0;0;0;0;-3,807723765000000;-38,524594536000000
304983;25;11;2017;09:58;15170;AV ABOLICAO;RUA JOSE VILAR;;0;;Colis?úo Transversal;Luz do Dia;;;Cruz;Pare;Residencial;0;1;1;0;0;0;0;0;0;1;0;0;-3,725435000000000;-38,501373000000000
326242;25;11;2017;08:10;0;RD BR 116;;;500;KM-05;Tombamento;Luz do Dia;;Material Derrapante;Meio de Quadra;;;0;2;0;0;0;0;0;0;0;1;0;0;-3,796035900000000;-38,507192300000000
304965;26;11;2017;17:00;3860;AV 13 DE MAIO;AV DA UNIVERSIDADE;;0;;Colis?úo Traseira;Anoitecer;;;Cruz;Sem?íforo;Outros;0;0;1;1;1;0;0;0;0;0;0;0;-3,740962000000000;-38,539107000000000
315659;26;11;2017;00:29;0;RUA ANA BILHAR;;;14679;;Colis?úo;;;;Meio de Quadra;;;0;2;0;1;0;0;0;0;0;1;0;0;-3,728085600000000;-38,500047700000000
315664;26;11;2017;02:31;577;AV FRANCISCO SA;AV DR THEBERGE;;0;;Colis?úo;;;;Cruz;Sem?íforo;Comercial;0;2;0;1;0;0;0;0;0;1;0;0;-3,714822000000000;-38,565016000000000
315661;26;11;2017;01:42;0;AV GODOFREDO PIMENTEL;;;281;;Colis?úo;;;;Meio de Quadra;;;0;0;2;0;0;0;0;0;0;0;0;0;-3,730026000000000;-38,590071000000000
315667;26;11;2017;09:48;0;RUA JULIO VERNE;;;2388;;Colis?úo;Luz do Dia;;;Meio de Quadra;;;0;0;2;0;0;0;0;0;0;0;0;0;-3,774416700000000;-38,558380800000000
315727;26;11;2017;10:18;0;AV SEN CARLOS JEREISSATI (AEROPORTO);;;0;;Colis?úo;Luz do Dia;;;Meio de Quadra;;;0;1;1;0;0;0;0;0;0;1;0;0;;
315852;26;11;2017;21:43;0;TR RODRIGO MEDINA;;;0;;Colis?úo;;;;Meio de Quadra;;;0;0;2;0;0;0;0;0;0;0;0;0;;
315853;26;11;2017;21:53;0;AV JOSE SABOIA;;;905;;Colis?úo;;;;Meio de Quadra;;;0;0;2;0;0;0;0;0;0;0;0;0;-3,717981045000000;-38,466208873000000
315823;26;11;2017;21:04;0;AV ABOLICAO;;;19;;Colis?úo;;;;Meio de Quadra;;;0;0;2;0;0;0;0;0;0;0;0;0;;
315788;26;11;2017;14:57;0;AV FILOMENO GOMES;;;733;;Atropelamento;Luz do Dia;;;Meio de Quadra;;;0;1;1;0;1;0;0;0;0;0;0;0;-3,721458000000000;-38,541211000000000
315821;26;11;2017;20:02;24258;RUA MANUEL JESUINO;RUA ANA BILHAR;;0;;Colis?úo;;;;T;N?úo H?í Controle;Comercial;0;0;2;1;0;0;0;0;0;0;0;0;-3,731424000000000;-38,485014000000000
315815;26;11;2017;19:21;0;RUA EDUARDO ARAUJO;;;2140;;Colis?úo;;;;Meio de Quadra;;;0;0;1;1;0;0;0;0;0;0;0;0;;
315808;26;11;2017;18:52;0;AV PRO JOSE ARTHUR CARVALHO;;;2670;;Colis?úo;;;;Meio de Quadra;;;0;2;0;1;0;0;0;0;0;1;0;0;-3,823855000000000;-38,455759000000000
315791;26;11;2017;15:20;0;AV PASTEUR;;;1523;;Colis?úo;Luz do Dia;;;Meio de Quadra;;;0;1;1;1;0;0;0;0;0;1;0;0;-3,719255000000000;-38,561546000000000
315806;26;11;2017;16:53;0;RUA CEL VIRGILIO NOGUEIRA (BOM JARDIM);;;28;;Colis?úo;Luz do Dia;;;Meio de Quadra;;;0;1;1;1;0;1;0;0;0;0;0;0;;
315784;26;11;2017;14:49;0;AV PERIMETRAL;;;0;;Colis?úo;Luz do Dia;;;Meio de Quadra;;;0;2;0;1;0;0;0;0;0;1;0;0;;
315794;26;11;2017;15:28;0;RUA 19 DE MARCO;;;295;;Colis?úo;Luz do Dia;;;Meio de Quadra;;;0;0;2;1;0;0;0;0;0;1;0;0;;
315768;26;11;2017;12:25;0;RUA AMERICO VESPUCIO;;;441;;Colis?úo;Luz do Dia;;;Meio de Quadra;;;0;1;1;1;0;0;0;0;0;1;0;0;-3,782186000000000;-38,548616000000000
315778;26;11;2017;14:06;0;AV J CJ CEARA;;;1431;;Colis?úo;Luz do Dia;;;Meio de Quadra;;;0;2;0;1;0;0;0;0;0;1;0;0;-3,764486974000000;-38,614908593000000
315776;26;11;2017;13:37;0;AV ANTONIO SALES;;;0;;Colis?úo;Luz do Dia;;;Meio de Quadra;;;0;2;0;1;0;0;0;0;0;1;0;0;;
315747;26;11;2017;10:20;0;RUA NAT FEIJO;;;620;;Atropelamento;Luz do Dia;;;Meio de Quadra;;;0;1;1;0;0;0;0;0;0;0;0;0;-3,721956000000000;-38,554321000000000
312524;26;11;2017;03:20;577;AV DR THEBERGE;AV FRANCISCO SA;;0;;Colis?úo Traseira;Via Iluminada;Bom;Seca;Cruz;Sem?íforo;Comercial;0;0;1;1;0;0;0;0;0;1;0;0;-3,714710000000000;-38,565037000000000
312525;26;11;2017;09:14;0;RUA FARIAS LEMOS;;;954;;Colis?úo Frontal;Luz do Dia;Bom;Seca;Meio de Quadra;N?úo H?í Controle;Comercial;0;0;2;1;0;0;0;0;0;1;0;0;-3,815428500000000;-38,493397000000000
312526;26;11;2017;21:09;0;AV BENJAMIM BRASIL;;;299;;Colis?úo Traseira;Via Iluminada;Bom;Seca;Meio de Quadra;N?úo H?í Controle;Comercial;0;0;2;1;0;0;0;0;0;0;0;0;-3,803714300000000;-38,570430000000000
312527;26;11;2017;21:19;0;AV DR SILAS MUNGUBA;RUA ANTONIO TEIXEIRA LEITE;;0;;Colis?úo Lateral;Via Iluminada;Bom;Seca;Cruz;N?úo H?í Controle;Residencial;0;0;2;1;0;0;0;0;0;0;0;0;-3,790619100000000;-38,539390000000000
312745;26;11;2017;14:05;0;RUA PEDRO DANTAS;;;665;;Colis?úo Lateral;Luz do Dia;Bom;Seca;Meio de Quadra;N?úo H?í Controle;Comercial;0;0;1;1;0;0;0;0;0;1;0;0;-3,785579000000000;-38,523670000000000
314593;26;11;2017;00:22;0;RUA PARANAI;;;1440;;Colis?úo;;;;Meio de Quadra;;;0;2;0;1;0;0;0;0;0;1;0;0;;
314596;26;11;2017;01:40;0;RUA JULIO SILVA;;;440;;Colis?úo;;;;Meio de Quadra;;;0;1;1;1;0;0;0;0;0;1;0;0;;
314597;26;11;2017;05:34;0;RUA UIRAPURU;;;775;;Atropelamento;Amanhecer;;;Meio de Quadra;;;0;1;1;0;0;0;0;0;0;0;0;0;-3,796338000000000;-38,570992000000000
314598;26;11;2017;09:36;0;RUA PERNAMBUCO;;;1671;;Colis?úo;Luz do Dia;;;Meio de Quadra;;;0;1;1;0;0;0;0;0;0;1;0;0;-3,757097000000000;-38,572770000000000
314599;26;11;2017;10:20;0;RUA NAT FEIJO;;;620;;Colis?úo;Luz do Dia;;;Meio de Quadra;;;0;2;0;1;0;0;0;0;0;1;0;0;-3,721956000000000;-38,554321000000000
314600;26;11;2017;16:28;17436;RUA EQUADOR;RUA TRES MARIAS D39 (MONTESE);;0;;Colis?úo;Luz do Dia;;;Cruz;Sem?íforo;Comercial;0;2;0;1;0;1;0;0;0;0;0;0;-3,768994000000000;-38,550757000000000
314601;26;11;2017;21:00;0;RUA PORTO FELIZ;;;628;;Colis?úo;;;;Meio de Quadra;;;0;2;0;1;0;0;0;0;0;1;0;0;-3,866642000000000;-38,491459900000000
314602;26;11;2017;21:58;0;AV PRO JOSE ARTHUR CARVALHO;;;560;;Acidente Pessoal;;;;Meio de Quadra;;;0;1;1;1;0;0;0;0;0;0;0;0;-3,826464000000000;-38,473578000000000
314603;27;11;2017;06:15;0;RUA VILA VELHA;;;1371;;Colis?úo;Luz do Dia;;;Meio de Quadra;;;0;1;1;0;0;0;0;0;0;0;0;0;;
314604;27;11;2017;06:42;9081;AV AGUANAMBI;AV 13 DE MAIO;;0;;Colis?úo;Luz do Dia;;;T;Pare;Comercial;0;2;0;1;0;0;0;0;0;1;0;0;-3,753844000000000;-38,523451000000000
314605;27;11;2017;13:43;0;AV SGT HERMINIO SAMPAIO;;;2688;;Colis?úo;Luz do Dia;;;Meio de Quadra;;;0;2;0;1;0;0;0;0;0;1;0;0;-3,726970500000000;-38,564478000000000
314606;27;11;2017;16:07;0;AV FRANCISCO SA;;;770;;Colis?úo;Luz do Dia;;;Meio de Quadra;;;0;2;0;1;0;0;0;0;0;1;0;0;-3,722568794000000;-38,541680180000000
314607;27;11;2017;16:55;0;AV GAL OSORIO DE PAIVA;;;0;;Colis?úo;Luz do Dia;;;Meio de Quadra;;;0;2;0;1;0;0;0;0;0;1;0;0;;
312528;27;11;2017;01:19;5112;RUA BAR RIO BRANCO;RUA CASTRO E SILVA;;613;;Colis?úo Transversal;Via Iluminada;Bom;Seca;Cruz;Sem?íforo;Comercial;0;0;1;1;0;0;0;0;0;1;0;0;-3,723545800000000;-38,527355000000000
312529;27;11;2017;07:27;0;AV JOAO PESSOA;;;4355;;Colis?úo Transversal;Luz do Dia;Bom;Seca;Meio de Quadra;N?úo H?í Controle;Comercial;0;0;0;0;1;0;0;0;0;1;0;0;-3,751528700000000;-38,548798000000000
312530;27;11;2017;07:25;0;RUA TEN BENEVOLO;;;920;;Acidente Pessoal;Luz do Dia;Bom;Seca;;;;0;1;0;1;0;0;0;0;0;1;0;0;-3,726650200000000;-38,513145000000000
312532;27;11;2017;07:20;0;RUA FRANCISCO CALACA;;;1383;;Choque c/ Obst?ículo Fixo;Luz do Dia;Bom;Seca;Meio de Quadra;N?úo H?í Controle;Residencial;0;0;1;1;0;0;0;0;0;0;0;0;-3,713833600000000;-38,572918000000000
312533;27;11;2017;09:00;13408;AV ANTONIO SALES;RUA BAR ARACATI;;0;;Colis?úo Transversal;Luz do Dia;Bom;Seca;Cruz;Pare;Comercial;0;2;2;1;0;0;0;0;0;1;0;0;-3,741688000000000;-38,515040000000000
312534;27;11;2017;10:10;1584;RUA GAL TERTULIANO POTYGUARA;RUA VIS MAUA;;0;;Colis?úo Lateral;Luz do Dia;Bom;Seca;Cruz;Pare;Residencial;0;0;2;1;0;0;0;0;0;0;0;0;-3,742861700000000;-38,501600000000000
312535;27;11;2017;10:47;6750;RUA BATISTA DE OLIVEIRA;RUA VILEBALDO AGUIAR;;0;;Colis?úo Transversal;Luz do Dia;Bom;Seca;Cruz;Pare;Comercial;0;0;2;1;0;0;0;0;0;1;0;0;-3,743190500000000;-38,480152000000000
312536;27;11;2017;10:29;0;AV GOV RAUL BARBOSA;;;3059;;Colis?úo Lateral;Luz do Dia;Bom;Seca;Meio de Quadra;N?úo H?í Controle;Comercial;0;0;2;1;0;0;0;0;0;1;0;0;-3,753993300000000;-38,504013000000000
312537;27;11;2017;13:30;0;AV DOMINGOS OLIMPIO;;;207;;N?úo Informado;Luz do Dia;Bom;Seca;Meio de Quadra;Sem?íforo;Comercial;0;1;1;1;0;0;0;0;0;1;0;0;-3,737968200000000;-38,526580000000000
312538;27;11;2017;15:16;1578;RUA GAL TERTULIANO POTYGUARA;RUA OSVALDO CRUZ (ALDEOTA);;0;;N?úo Informado;Luz do Dia;Bom;Seca;Cruz;Pare;Comercial;0;1;1;1;0;0;0;0;0;0;0;0;-3,742628300000000;-38,502610000000000
312539;27;11;2017;18:49;1514;RUA PRO DIAS DA ROCHA;RUA EDUARDO GARCIA;;0;;N?úo Informado;Via Iluminada;Bom;Seca;Cruz;Pare;Residencial;0;0;1;0;0;0;0;0;0;0;0;0;-3,740040300000000;-38,493200000000000
312540;27;11;2017;18:05;0;RUA RAUL CABRAL;;;620;;Colis?úo Transversal;Via Iluminada;Bom;Seca;Meio de Quadra;Pare;Residencial;0;1;2;1;0;0;0;0;0;1;0;0;-3,768999300000000;-38,544460000000000
312541;27;11;2017;07:41;8054;AV JOAO PESSOA;RUA APOLO;;0;;Colis?úo Transversal;Luz do Dia;Bom;Seca;T;Pare;Comercial;0;0;2;1;0;0;0;0;0;1;0;0;-3,754988700000000;-38,551834000000000
312542;27;11;2017;16:38;0;AV FRANCISCO SA;RUA 01 UI 211;;0;;N?úo Informado;Via Iluminada;Bom;Seca;T;Pare;Residencial;0;0;2;1;0;0;0;0;0;1;0;0;-3,705518200000000;-38,587353000000000
312543;27;11;2017;21:35;0;RUA EDUARDO GARCIA;;;29;;Colis?úo Traseira;Via Iluminada;Bom;Seca;Meio de Quadra;Gesto;Comercial;0;0;2;1;0;0;0;0;0;0;0;0;-3,738364500000000;-38,498486000000000
315873;27;11;2017;06:03;0;AV SEN FERNANDES TAVORA;;;2813;;Queda;Luz do Dia;;;Meio de Quadra;;;0;1;0;0;0;0;0;0;0;1;0;0;-3,755308000000000;-38,597290000000000
315874;27;11;2017;06:07;0;RUA MARIA CLARA;;;615;;Atropelamento;Luz do Dia;;;Meio de Quadra;;;0;2;0;0;0;0;0;0;0;0;0;0;;
315864;27;11;2017;04:39;0;AV DR SILAS MUNGUBA;;;4956;;Colis?úo;;;;Meio de Quadra;;;0;1;1;0;0;0;0;0;0;0;0;0;;
315891;27;11;2017;06:12;0;AV GODOFREDO MACIEL;;;0;;Colis?úo;Luz do Dia;;;Meio de Quadra;;;0;0;2;0;0;0;0;0;0;0;0;0;;
315910;27;11;2017;06:42;19328;RUA EDUARDO PERDIGAO;RUA CON DE CASTRO;;0;;Colis?úo;Luz do Dia;;;Cruz;Pare;Comercial;0;1;0;0;0;0;0;0;0;1;0;0;-3,775579000000000;-38,564769000000000
316284;27;11;2017;07:15;0;AV SEN CARLOS JEREISSATI (AEROPORTO);;;0;KM 01;Colis?úo;Luz do Dia;Bom;Seca;Meio de Quadra;;;0;0;2;1;0;0;0;0;0;1;0;0;-3,783753000000000;-38,526850000000000
316286;27;11;2017;07:50;0;RD CE-040;;;0;KM-04;Colis?úo;Luz do Dia;Bom;Seca;Meio de Quadra;;;0;0;2;1;0;0;0;0;0;1;0;0;-3,791613156000000;-38,480330840000000
316574;27;11;2017;21:33;0;AV PERIMETRAL;;;526;;Colis?úo;;;;Meio de Quadra;;;0;1;1;0;0;0;0;0;0;1;0;0;;
316570;27;11;2017;19:05;0;RUA ROSA DA FONSECA;;;0;;Colis?úo;;;;Meio de Quadra;;;0;1;0;0;0;0;0;0;0;0;0;0;;
316547;27;11;2017;18:21;0;RD BR 116;;;8000;KM-08;Colis?úo;Anoitecer;;;Meio de Quadra;;;0;1;0;0;0;0;0;0;0;1;0;0;-3,822018000000000;-38,503269000000000
316539;27;11;2017;17:33;9026;RUA ASSUNCAO;RUA PDE ROMA;;0;;Colis?úo;Anoitecer;;;Cruz;N?úo H?í Controle;Misto;0;1;0;0;0;0;0;0;0;0;0;0;-3,744386000000000;-38,531961000000000
316555;27;11;2017;18:23;0;AV ALM MAXIMIANO DA FONSECA;;;0;;;Anoitecer;;;Meio de Quadra;;;0;0;1;0;0;0;0;0;0;1;0;0;;
316442;27;11;2017;07:49;0;RUA CHICO LEMOS;;;640;;Colis?úo;Luz do Dia;;;Meio de Quadra;;;0;1;0;1;0;0;0;0;0;1;0;0;-3,793918000000000;-38,497953000000000
316483;27;11;2017;09:22;0;AV GOV RAUL BARBOSA;;;7665;;Colis?úo;Luz do Dia;;;Meio de Quadra;;;0;1;0;1;0;0;0;0;0;1;0;0;-3,778083000000000;-38,513030000000000
316486;27;11;2017;09:49;0;RUA VILEBALDO AGUIAR;;;740;;Colis?úo;Luz do Dia;;;Meio de Quadra;;;0;1;0;1;0;0;0;0;0;1;0;0;-3,742998000000000;-38,480212000000000
316488;27;11;2017;10:39;0;AV RUI BARBOSA;;;3260;;Queda;Luz do Dia;;;Meio de Quadra;;;0;1;0;0;0;0;0;0;0;1;0;0;-3,751110000000000;-38,514095000000000
316490;27;11;2017;10:48;0;AV JOVITA FEITOSA;;;2459;;;Luz do Dia;;;Meio de Quadra;;;0;1;0;0;0;0;0;0;0;1;0;0;-3,740446000000000;-38,559471000000000
316497;27;11;2017;12:56;0;RUA DOM XISTO ALBANO;;;1769;;;Luz do Dia;;;Meio de Quadra;;;0;1;0;0;0;0;0;0;0;1;0;0;-3,798304000000000;-38,586709000000000
316501;27;11;2017;14:03;0;RUA PIAUI;;;1232;;Colis?úo;Luz do Dia;;;Meio de Quadra;;;0;1;0;1;0;0;0;0;0;1;0;0;-3,754517000000000;-38,570178000000000
316511;27;11;2017;14:12;0;RUA 206 CJ CEARA;;;1012;;Colis?úo;Luz do Dia;;;Meio de Quadra;;;0;0;1;0;0;0;0;0;1;0;0;0;;
316437;27;11;2017;07:39;0;AV JOAO PESSOA;;;4960;;Colis?úo;Luz do Dia;;;Meio de Quadra;;;0;1;0;1;0;0;0;0;0;1;0;0;-3,755106000000000;-38,551854000000000
316449;27;11;2017;08:25;0;RUA OSCAR ARARIPE;;;2096;;Colis?úo;Luz do Dia;;;Meio de Quadra;;;0;2;0;1;0;0;0;0;0;1;0;0;-3,787802000000000;-38,609894000000000
304982;27;11;2017;20:08;0;AV GAL OSORIO DE PAIVA;;;848;;Colis?úo Traseira;Via Iluminada;Bom;Seca;Meio de Quadra;Sem?íforo;Residencial;0;2;0;1;1;0;0;0;0;0;0;0;-3,777663000000000;-38,569730000000000
304990;27;11;2017;18:40;23343;RUA TIBURCIO CAVALCANTE;AV PONTES VIEIRA;;0;;Colis?úo Traseira;Anoitecer;Nublado;Seca;Cruz;Sem?íforo;Residencial;0;2;0;1;0;0;0;0;0;0;0;0;-3,752053000000000;-38,507749000000000
304988;27;11;2017;07:10;0;RUA BERNARDO MANUEL;;;9346;;Colis?úo Lateral;Luz do Dia;Bom;Seca;Meio de Quadra;Outros;Residencial;0;2;0;1;0;0;0;0;0;0;0;0;-3,801756000000000;-38,552322000000000
304985;27;11;2017;15:30;0;RUA GERMANO FRANCK;;;860;;Colis?úo Traseira;Luz do Dia;Bom;Seca;Meio de Quadra;Pare;Comercial;0;2;0;1;0;0;0;0;0;0;0;0;-3,778750000000000;-38,563808000000000
298916;27;11;2017;00:31;0;RUA CEL DIONISIO ALENCAR;;;530;;Colis?úo;;;;Meio de Quadra;;;0;1;1;0;0;0;0;0;0;0;0;0;-3,833050000000000;-38,488310000000000
326245;27;11;2017;08:00;0;RD BR 116;;;3000;KM-03;Colis?úo Traseira;Luz do Dia;;Seca;Meio de Quadra;;;0;1;1;1;0;0;0;0;0;1;0;0;-3,779838000000000;-38,514372000000000
316595;28;11;2017;06:33;0;AV ENG SANTANA JUNIOR;;;0;;Colis?úo;Luz do Dia;;;Meio de Quadra;;;0;1;0;0;0;0;0;0;0;0;0;0;;
316596;28;11;2017;07:00;0;RUA CEARA;;;346;;Colis?úo;;;;Meio de Quadra;;;0;1;0;0;0;0;0;0;0;1;0;0;-3,762014000000000;-38,561082000000000
316603;28;11;2017;12:31;5322;AV IMPERADOR;AV DUQ CAXIAS;;0;;Colis?úo;Luz do Dia;;;Cruz;Sem?íforo;Comercial;0;1;0;0;0;0;0;0;0;1;0;0;-3,730048000000000;-38,535297000000000
316675;28;11;2017;21:29;3771;AV DA UNIVERSIDADE;AV DOMINGOS OLIMPIO;;0;;Outros;;;;Cruz;Sem?íforo;Comercial;0;1;0;0;0;0;0;0;0;0;0;0;-3,735594000000000;-38,534216000000000
316676;28;11;2017;21:50;0;RD CE-040;;;0;;Colis?úo;;;;Meio de Quadra;;;0;1;0;0;0;0;0;0;1;0;0;0;;
316628;28;11;2017;17:00;0;RUA DES FELIX CANDIDO;;;1453;;Colis?úo;Anoitecer;;;Meio de Quadra;;;0;1;0;0;0;0;0;0;0;1;0;0;-3,777025000000000;-38,581696000000000
316647;28;11;2017;18:27;23591;AV ENG SANTANA JUNIOR;RUA ISRAEL BEZERRA;;0;;Colis?úo;Anoitecer;;;T;Pare;Comercial;0;0;1;0;0;0;0;0;0;1;0;0;-3,751428000000000;-38,490505000000000
316638;28;11;2017;17:32;3769;RUA SEN POMPEU;AV DOMINGOS OLIMPIO;;0;;Colis?úo;Anoitecer;;;Cruz;Sem?íforo;Comercial;0;2;0;0;0;0;0;0;0;1;0;0;-3,736254000000000;-38,532455000000000
316619;28;11;2017;15:31;0;AV I CJ JOSE WALTER;;;60;;Outros;Luz do Dia;;;Meio de Quadra;;;0;1;0;0;0;0;0;0;0;0;0;0;-3,824667000000000;-38,550580000000000
316621;28;11;2017;16:08;0;RUA MON HIPOLITO BRASIL;;;376;;Colis?úo;Luz do Dia;;;Meio de Quadra;;;0;0;1;0;0;0;0;0;0;1;0;0;-3,759653000000000;-38,577444000000000
316608;28;11;2017;13:27;0;RUA BENI DE CARVALHO;;;2025;;Queda;Luz do Dia;;;Meio de Quadra;;;0;1;0;0;0;0;0;0;0;1;0;0;-3,747547003000000;-38,490043054000000
316612;28;11;2017;14:13;0;RUA PLANALTINA (PL AYRTON SENNA);;;275;;Queda;Luz do Dia;;;Meio de Quadra;;;0;1;0;0;0;0;0;0;0;1;0;0;-3,832629700000000;-38,569432600000000
316291;28;11;2017;05:00;0;RD CE-060;;;0;KM-03;Choque c/ Obst?ículo Fixo;Amanhecer;Bom;Seca;Meio de Quadra;;;0;2;0;0;0;0;0;0;0;0;0;0;-3,843038000000000;-38,585133000000000
316293;28;11;2017;10:00;0;RD CE-040;;;0;KM-04;Colis?úo;Luz do Dia;Bom;Seca;Meio de Quadra;;;0;0;2;1;0;0;0;0;0;0;0;0;-3,791613156000000;-38,480330840000000
316294;28;11;2017;22:00;0;RD CE-040;;;0;KM-08;Colis?úo;;Bom;Seca;Meio de Quadra;;;0;0;2;1;0;0;0;0;0;1;0;0;-3,825515822000000;-38,481538320000000
312544;28;11;2017;09:17;0;AV ALBERTO NEPOMUCENO;;;199;;Colis?úo Traseira;Luz do Dia;Bom;Seca;Meio de Quadra;Sem?íforo;Comercial;0;0;2;1;0;0;0;0;0;0;0;0;-3,723286900000000;-38,524460000000000
312545;28;11;2017;08:30;7809;RUA FRANCISCO HOLANDA;RUA VIS MAUA;;1;;Colis?úo Traseira;Luz do Dia;Bom;Seca;Cruz;Pare;Comercial;0;0;2;1;0;0;0;0;0;0;0;0;-3,749121400000000;-38,503560000000000
312546;28;11;2017;13:26;0;RUA PRO GOMES BRASIL;;;345;;Colis?úo Traseira;Luz do Dia;Bom;Seca;Rotat??ria;N?úo H?í Controle;Comercial;0;0;2;1;0;0;0;0;0;0;0;0;-3,772701700000000;-38,568527000000000