COD_ACIDENTE;DIA;MES;ANO;HORA;INTERSECAO;LOG1;LOG2;LOG3;NUMERO;REFERENCIA;NATUREZA;ILUMINACAO;TEMPO;SUPERFICIEPISTA;TIPOCRUZAMENTO;CONTROLETRAFEGO;USOSOLO;MORTOS;FERIDOS;ILESOS;AUTOMOVEL;ONIBUS;BICICLETA;CAMINHAO;MICROONIBUS;CICLOMOTOR;MOTOCICLETA;TRACAOANIMAL;TREM;LATITUDE;LONGITUDE
312547;28;11;2017;14:09;0;RUA CARLOS AMORA;;;136;;Colis?úo Traseira;Luz do Dia;Bom;Seca;Meio de Quadra;N?úo H?í Controle;Comercial;0;0;2;1;0;0;0;0;0;0;0;0;-3,776566500000000;-38,562622000000000
312548;28;11;2017;14:25;0;AV JOSE BASTOS;;;4144;;Colis?úo Traseira;Luz do Dia;Bom;Seca;Meio de Quadra;Pare;Comercial;0;0;0;1;0;0;0;0;0;1;0;0;-3,753807500000000;-38,554504000000000
312549;28;11;2017;14:11;0;AV ABOLICAO;;;1210;;N?úo Informado;Luz do Dia;Bom;Seca;Meio de Quadra;Sem?íforo;Comercial;0;1;1;1;0;0;0;0;0;1;0;0;-3,724765300000000;-38,502964000000000
312550;28;11;2017;15:23;0;AV JOSE BASTOS;;;4400;;Colis?úo Traseira;Luz do Dia;Bom;Seca;Meio de Quadra;Sem?íforo;Comercial;0;0;0;1;0;0;0;0;0;0;0;0;-3,755719700000000;-38,556236000000000
312551;28;11;2017;06:50;9224;RUA MIN JOAQUIM BASTOS D14;RUA GAL SILVA JUNIOR;;0;;Colis?úo Transversal;Luz do Dia;Nublado;Seca;Cruz;Pare;Residencial;0;1;1;1;0;0;0;0;0;1;0;0;-3,752689800000000;-38,529404000000000
312552;28;11;2017;16:51;6850;RUA BATISTA DE OLIVEIRA;AV PDE ANTONIO TOMAS;;0;;N?úo Informado;Luz do Dia;Bom;Seca;Cruz;Sem?íforo;Residencial;0;0;1;1;0;1;0;0;0;0;0;0;-3,745951200000000;-38,481950000000000
312553;28;11;2017;16:29;26083;AV BEZERRA DE MENEZES;AV JOSE JATAHY;;0;;N?úo Informado;Luz do Dia;Bom;Seca;Cruz;Sem?íforo;Comercial;0;1;1;0;1;0;0;0;0;1;0;0;-3,731589800000000;-38,545074000000000
312554;28;11;2017;16:30;1711;RUA CAP OLAVO;RUA TEN ROMA;;0;;N?úo Informado;Luz do Dia;Bom;Seca;Cruz;Pare;Comercial;0;0;2;1;0;0;0;0;0;0;0;0;-3,768036400000000;-38,515453000000000
312573;28;11;2017;19:25;23683;AV GAL OSORIO DE PAIVA;RUA GABRIEL FIUZA;;0;;Tombamento;Anoitecer;Bom;Seca;T;Pare;Residencial;0;0;2;1;0;0;0;0;0;0;0;0;-3,785376000000000;-38,581757000000000
312596;28;11;2017;15:44;1537;RUA ROCHA LIMA;AV BAR STUDART;;0;;Colis?úo Lateral;Luz do Dia;Bom;Seca;T;Pare;Residencial;0;0;2;0;0;0;0;0;0;0;0;0;-3,791438600000000;-38,618977000000000
312560;28;11;2017;17:50;0;AV ENG SANTANA JUNIOR;;;0;;Colis?úo Traseira;Luz do Dia;Bom;Seca;Meio de Quadra;N?úo H?í Controle;Comercial;0;1;1;1;0;0;0;0;0;1;0;0;-3,750923000000000;-38,490643000000000
314610;28;11;2017;15:04;0;RUA URUCUTUBA;;;1499;;Colis?úo;Luz do Dia;;;Meio de Quadra;;;0;2;0;0;0;0;0;0;0;1;0;0;-3,797590000000000;-38,608303000000000
314611;28;11;2017;18:40;5421;AV VIS RIO BRANCO;AV DUQ CAXIAS;;0;;Colis?úo;;;;Cruz;Sem?íforo;Comercial;0;1;1;0;0;0;0;0;0;0;0;0;-3,733481000000000;-38,524603000000000
314612;29;11;2017;15:42;1542;RUA PDE VALDEVINO;AV RUI BARBOSA;;0;;Colis?úo;Luz do Dia;;;Cruz;Sem?íforo;Residencial;0;1;1;1;0;0;0;0;0;1;0;0;-3,740964000000000;-38,511029000000000
314613;29;11;2017;19:08;0;RUA JOAO GENTIL;;;0;;Atropelamento;;;;Meio de Quadra;;;0;1;1;0;0;0;0;0;0;0;0;0;;
312561;29;11;2017;11:39;0;RUA 03 UI;;;986;;Choque c/ Obst?ículo Fixo;Luz do Dia;Bom;Seca;T;Pare;Residencial;0;0;0;0;0;0;0;0;0;1;0;0;-3,746289700000000;-38,596912000000000
312562;29;11;2017;14:01;10999;RUA 15 DE NOVEMBRO;RUA ALBERTO MAGNO;;0;;Colis?úo Transversal;Luz do Dia;Bom;Seca;Cruz;Pare;Comercial;0;1;1;1;0;0;0;0;0;1;0;0;-3,769939400000000;-38,553215000000000
312563;29;11;2017;14:24;0;RUA CLEMENTE SILVA D44;;;155;;Colis?úo Traseira;Luz do Dia;Bom;Seca;Meio de Quadra;N?úo H?í Controle;Residencial;0;0;2;1;0;0;0;0;0;0;0;0;-3,804437900000000;-38,571370000000000
312564;29;11;2017;13:32;0;RUA GUILHERME MENDES;;;853;;Colis?úo Frontal;Luz do Dia;Bom;Seca;Meio de Quadra;N?úo H?í Controle;Residencial;0;1;2;1;0;0;0;0;0;1;0;0;-3,720718100000000;-38,586246000000000
312565;29;11;2017;15:04;0;AV JOSE BASTOS;;;2736;;N?úo Informado;Luz do Dia;Bom;Seca;Meio de Quadra;N?úo H?í Controle;Comercial;0;0;2;1;1;0;0;0;0;0;0;0;-3,744657300000000;-38,545284000000000
312566;29;11;2017;13:30;0;RUA MON SALAZAR;;;13;;Colis?úo Traseira;Luz do Dia;Bom;Seca;Meio de Quadra;Sem?íforo;Residencial;0;0;1;1;0;0;0;0;0;0;0;0;-3,756703100000000;-38,519680000000000
312567;29;11;2017;14:01;25070;RUA ALM RUFINO;AV DOS EXPEDICIONARIOS;;0;;Colis?úo Transversal;Luz do Dia;Bom;Seca;Cruz;Sem?íforo;Comercial;0;0;2;1;0;0;0;0;0;1;0;0;-3,765349600000000;-38,541214000000000
312568;29;11;2017;16:38;0;AV DUQ CAXIAS;;;68;;Queda;Luz do Dia;Bom;Seca;Meio de Quadra;Pare;Residencial;0;1;2;1;0;0;0;0;0;1;0;0;-3,727079000000000;-38,544400000000000
312569;29;11;2017;17:19;0;RUA MAL DEODORO;;;1070;;Choque c/ Obst?ículo Fixo;Luz do Dia;Bom;Seca;Meio de Quadra;N?úo H?í Controle;Residencial;0;0;1;0;0;0;0;0;0;0;0;0;-3,744634400000000;-38,537310000000000
312570;29;11;2017;18:44;0;AV PRS COSTA E SILVA;;;0;;N?úo Informado;Via Iluminada;Bom;Seca;Meio de Quadra;Sem?íforo;Residencial;0;0;2;1;0;0;0;0;0;0;0;0;-3,825622000000000;-38,538998000000000
312571;29;11;2017;18:20;5462;RUA SOLON PINHEIRO;RUA ANTONIO POMPEU;;0;;Colis?úo Transversal;Via Iluminada;Bom;Seca;Cruz;Sem?íforo;Comercial;0;0;2;1;0;0;0;0;0;0;0;0;-3,735563000000000;-38,528023000000000
312572;29;11;2017;19:26;15271;RUA PEREIRA FILGUEIRAS;RUA ILDEFONSO ALBANO;;0;;Colis?úo Traseira;Via Iluminada;Bom;Seca;Cruz;Sem?íforo;Comercial;0;0;2;1;0;0;0;0;0;0;0;0;-3,728693000000000;-38,511730000000000
312574;29;11;2017;20:00;0;AV PRS COSTA E SILVA;;;5183;;Colis?úo Lateral;Mal Iluminada;Bom;Seca;Meio de Quadra;N?úo H?í Controle;Rural;0;0;2;1;0;0;0;0;0;1;0;0;-3,827363000000000;-38,535423000000000
312556;29;11;2017;05:30;4542;AV DEP PAULINO ROCHA;RUA CEL ZACARIAS J FRANCA;;0;;Colis?úo Transversal;Luz do Dia;Chuva;Molhada;T;Pare;Residencial;0;0;2;1;0;0;0;0;0;0;0;0;-3,805419400000000;-38,508183000000000
312557;29;11;2017;08:02;0;RUA DEP MANUEL MATOSO FILHO;RUA ROSALVO QUINDERE;;0;;Choque c/ Obst?ículo Fixo;Luz do Dia;Bom;Seca;Cruz;Pare;Residencial;0;0;0;1;0;0;0;0;0;0;0;0;-3,732468100000000;-38,590270000000000
312558;29;11;2017;08:15;0;AV DEP PAULINO ROCHA;;;1995;;Colis?úo;Luz do Dia;Nublado;Seca;Meio de Quadra;N?úo H?í Controle;Comercial;0;1;3;1;0;1;0;0;0;1;0;0;-3,811178000000000;-38,515179000000000
312559;29;11;2017;09:40;0;AV ABOLICAO;;;3272;;Colis?úo Lateral;Luz do Dia;Bom;Seca;Meio de Quadra;N?úo H?í Controle;Comercial;0;0;2;1;0;0;0;0;0;0;0;0;-3,726424000000000;-38,490326000000000
305579;29;11;2017;12:30;0;RD BR 116;;;2928;POSTO TIGR?âO;Atropelamento;Luz do Dia;;;Meio de Quadra;;;1;0;1;1;0;0;0;0;0;0;0;0;-3,779164000000000;-38,514538500000000
305583;29;11;2017;17:40;0;RUA AUDISIO PINHEIRO;;;685;;Atropelamento;Anoitecer;;;Meio de Quadra;;;1;0;1;0;0;0;0;0;0;0;0;0;-3,758665000000000;-38,588924000000000
316328;29;11;2017;20:48;0;RD CE-040;;;0;KM-09;Atropelamento;;Bom;Seca;Meio de Quadra;;;0;1;2;1;0;0;0;0;0;0;0;0;-3,834450897000000;-38,482465820000000
316322;29;11;2017;07:00;0;AV MIN JOSE AMERICO;;;505;;Colis?úo;Luz do Dia;Bom;Seca;Meio de Quadra;;;0;1;2;0;0;0;0;0;0;1;0;0;-3,810967000000000;-38,495206000000000
316323;29;11;2017;13:00;0;AV SEN CARLOS JEREISSATI (AEROPORTO);;;0;KM 03;Colis?úo;Luz do Dia;Bom;Seca;Meio de Quadra;;;0;0;2;1;0;0;0;0;0;0;0;0;-3,779641000000000;-38,544038000000000
316325;29;11;2017;13:00;0;AV SEN CARLOS JEREISSATI (AEROPORTO);;;0;KM 03;Colis?úo;Luz do Dia;Bom;Seca;Meio de Quadra;;;0;0;2;1;0;0;0;0;0;0;0;0;-3,779641000000000;-38,544038000000000
316684;29;11;2017;05:45;0;AV DR SILAS MUNGUBA;;;0;;Queda;Amanhecer;;;Meio de Quadra;;;0;1;0;0;0;0;0;0;0;1;0;0;;
316685;29;11;2017;06:48;0;AV AUGUSTO DOS ANJOS;;;1408;;Queda;Luz do Dia;;;Meio de Quadra;;;0;1;0;0;0;0;0;0;0;1;0;0;;
316678;29;11;2017;00:08;0;RD BR 116;;;0;;;;;;Meio de Quadra;;;0;1;0;0;0;0;0;0;0;1;0;0;;
316743;29;11;2017;19:12;0;RUA BENJAMIN CARNEIRO GIRAO;;;0;;Colis?úo;;;;Meio de Quadra;;;0;1;1;1;0;0;0;0;0;1;0;0;;
316747;29;11;2017;19:19;0;RUA SOARES BULCAO;;;0;;Colis?úo;;;;Meio de Quadra;;;0;0;1;0;0;0;0;0;0;0;0;0;;
316749;29;11;2017;20:31;0;AV DR SILAS MUNGUBA;;;3432;;Colis?úo;;;;Meio de Quadra;;;0;1;0;1;0;0;0;0;0;1;0;0;-3,789391000000000;-38,543234000000000
316722;29;11;2017;16:04;7209;RUA IRINEU DE SOUZA;RUA DNA MENDINHA;;0;;Queda;Luz do Dia;;;Cruz;Pare;Residencial;0;1;0;0;0;0;0;0;0;1;0;0;;
316724;29;11;2017;16:55;0;RUA PORTO VELHO;;;1;;Colis?úo;Luz do Dia;;;Meio de Quadra;;;0;1;1;1;0;1;0;0;0;0;0;0;-3,769468300000000;-38,580725600000000
316726;29;11;2017;17:34;0;RUA ADOLFO PINHEIRO;;;687;;Atropelamento;Anoitecer;;;Meio de Quadra;;;0;1;0;0;0;0;1;0;0;0;0;0;-3,751340300000000;-38,510300900000000
316729;29;11;2017;17:52;0;RUA NUNES VALENTE;;;0;;Colis?úo;Anoitecer;;;;;;0;1;0;0;0;0;0;0;0;0;0;0;;
316735;29;11;2017;17:57;18498;RUA MARIA MIRIAN F  DE SOUZA;AV GOV PARSIFAL BARROSO;;0;;Colis?úo;Anoitecer;;;T;Sem?íforo;Residencial;0;1;0;0;0;0;0;0;0;0;0;0;-3,733515000000000;-38,568958000000000
316740;29;11;2017;19:08;0;AV PERIMETRAL;;;0;;Colis?úo;;;;Meio de Quadra;;;0;0;1;1;0;0;0;0;0;1;0;0;;
316692;29;11;2017;07:55;9093;RUA DR PEDRO TELES;AV VIS RIO BRANCO;;0;;Queda;Luz do Dia;;;T;Pare;Residencial;0;0;1;0;0;0;0;0;0;1;0;0;-3,746660000000000;-38,521882000000000
316698;29;11;2017;10:41;0;RUA UMARIZEIRA;;;1060;;Outros;Luz do Dia;;;Meio de Quadra;;;0;0;1;0;0;0;0;0;0;0;0;0;;
316699;29;11;2017;10:58;0;RUA PRIMEIRO DE MAIO D34;;;0;;Colis?úo;Luz do Dia;;;Meio de Quadra;;;0;0;1;1;0;0;0;0;0;1;0;0;;
316694;29;11;2017;08:39;0;TERM TERMINAL DO ANTONIO BEZERRA;;;0;;Queda;Luz do Dia;;;Meio de Quadra;;;0;1;0;0;0;0;0;0;0;1;0;0;;
316709;29;11;2017;12:37;0;RD BR 116;;;0;;Atropelamento;Luz do Dia;;;Meio de Quadra;;;0;1;0;0;0;0;0;0;0;0;0;0;;
316716;29;11;2017;15:27;0;TR ANTONIO DOS SANTOS;;;193;;Colis?úo;Luz do Dia;;;Meio de Quadra;;;0;1;0;0;0;0;0;0;0;0;0;0;;
326250;29;11;2017;07:50;0;RD BR 116;;;3000;KM-03;Colis?úo Traseira;Luz do Dia;;Seca;Meio de Quadra;;;0;0;3;1;0;0;0;0;0;0;0;0;-3,779838000000000;-38,514372000000000
326256;29;11;2017;13:30;0;RD BR 116;;;6000;KM-06;Colis?úo Traseira;Luz do Dia;;Seca;Meio de Quadra;;;0;0;2;1;0;0;0;0;0;0;0;0;-3,804691000000000;-38,503053000000000
304986;29;11;2017;20:46;0;RUA PESSOA ANTA;;;51;;Atropelamento;Via Iluminada;Bom;Seca;Meio de Quadra;Sem?íforo;Comercial;0;2;1;1;0;0;0;0;0;0;0;0;-3,721161000000000;-38,522418000000000
304989;29;11;2017;21:00;25063;AV DOS EXPEDICIONARIOS;RUA ARMANDO MONTEIRO;;0;;Colis?úo Lateral;Via Iluminada;Bom;Seca;Cruz;Pare;Comercial;0;0;2;1;0;0;0;0;0;0;0;0;-3,762230000000000;-38,540372000000000
304996;29;11;2017;07:00;25058;AV AUGUSTO DOS ANJOS;RUA VITAL BRASIL;;0;;Colis?úo Lateral;Luz do Dia;Bom;Seca;T;Outros;Residencial;0;1;1;0;0;0;0;0;0;1;0;0;-3,782734000000000;-38,581387000000000
304998;29;11;2017;06:45;4036;AV JOSE BASTOS;RUA TELES DE SOUZA;;0;;Colis?úo Traseira;Luz do Dia;Nublado;Molhada;Duplo T;Sem?íforo;Comercial;0;0;2;1;0;0;0;0;0;0;0;0;-3,757230000000000;-38,559736000000000
304991;30;11;2017;14:15;0;RUA CON DE CASTRO;;;309;;Atropelamento;Luz do Dia;Bom;Seca;Meio de Quadra;N?úo H?í Controle;Comercial;0;1;0;1;0;0;0;0;0;0;0;0;-3,776784000000000;-38,565905000000000
304992;30;11;2017;09:40;23041;AV DR SILAS MUNGUBA;RUA BRUNO VALENTE;;0;;Colis?úo Lateral;Luz do Dia;Bom;Seca;Cruz;Pare;Comercial;0;2;0;0;0;0;0;0;0;1;0;0;-3,790483000000000;-38,540009000000000
304995;30;11;2017;17:35;0;RUA FRANCISCO SEGUNDO DA COSTA;;;207;;Atropelamento;Anoitecer;Bom;Seca;Meio de Quadra;Pare;Lazer;1;1;0;0;1;0;0;0;0;0;0;0;-3,774776800000000;-38,477949100000000
326258;30;11;2017;18:00;0;RD BR 116;;;500;KM-04;Colis?úo Transversal;Anoitecer;;Seca;Meio de Quadra;;;0;1;1;1;0;0;0;0;0;1;0;0;-3,796035900000000;-38,507192300000000
316764;30;11;2017;09:17;0;AV CARAPINIMA;;;500;;Atropelamento;Luz do Dia;;;Meio de Quadra;;;0;1;0;1;0;0;0;0;0;0;0;0;-3,741240600000000;-38,541425600000000
316757;30;11;2017;06:08;0;RUA JOSE AUGUSTO;;;0;;Colis?úo;Luz do Dia;;;;;;0;0;1;0;0;0;0;0;0;1;0;0;;
316778;30;11;2017;11:51;10912;RUA PORTO VELHO;RUA JULIO MACIEL D35;;0;;Colis?úo;Luz do Dia;;;Cruz;Pare;Residencial;0;1;0;0;1;0;0;0;0;0;0;0;-3,769453000000000;-38,580597000000000
316779;30;11;2017;12:01;13375;RUA J DA PENHA;AV ANTONIO SALES;;0;;Colis?úo;Luz do Dia;;;;;;0;0;1;1;0;0;0;0;0;1;0;0;-3,739540000000000;-38,521352000000000
316776;30;11;2017;11:33;0;AV DES MOREIRA;;;2509;;Colis?úo;Luz do Dia;;;Meio de Quadra;;;0;1;0;0;0;0;1;0;0;1;0;0;-3,747604000000000;-38,501987000000000
316759;30;11;2017;06:25;0;RUA EMILIANO DE ALMEIDA BRAGA;;;0;;Queda;Luz do Dia;;;Meio de Quadra;;;0;1;0;0;0;0;0;0;0;1;0;0;;
316760;30;11;2017;07:21;0;AV FRANCISCO SA;;;2018;;Colis?úo;Luz do Dia;;;Meio de Quadra;;;0;1;0;0;0;0;0;0;0;1;0;0;-3,721921000000000;-38,543574000000000
316782;30;11;2017;12:42;9543;RUA ARI MAIA;RUA CEL FABRICIANO;;0;;Atropelamento;Luz do Dia;;;Cruz;Pare;Residencial;0;1;0;1;0;0;0;0;0;0;0;0;-3,779362000000000;-38,620267000000000
316790;30;11;2017;12:45;0;AV JOAO PESSOA;;;4180;;Colis?úo;Luz do Dia;;;Meio de Quadra;;;0;1;0;0;0;0;0;0;0;0;0;0;-3,750214000000000;-38,547481000000000
316791;30;11;2017;12:49;0;RUA JACINTO MATOS;;;590;;Colis?úo;Luz do Dia;;;Meio de Quadra;;;0;1;0;0;0;0;0;0;0;1;0;0;-3,716194000000000;-38,546470000000000
316806;30;11;2017;12:52;0;RUA OMAR PAIVA;;;584;;Colis?úo;Luz do Dia;;;Meio de Quadra;;;0;1;0;1;0;0;0;0;0;1;0;0;-3,719372400000000;-38,565298700000000
316810;30;11;2017;14:42;0;VL MADEIRA;;;118;;Queda;Luz do Dia;;;Meio de Quadra;;;0;1;0;0;0;1;0;0;0;0;0;0;;
316825;30;11;2017;18:11;0;RUA PDE PAULINO;;;0;;Colis?úo;Anoitecer;;;Meio de Quadra;;;0;1;0;1;0;0;0;0;0;1;0;0;;
316815;30;11;2017;17:29;0;AV BENJAMIM BRASIL;;;0;;Colis?úo;Anoitecer;;;Meio de Quadra;;;0;1;0;1;0;0;0;0;0;1;0;0;;
316816;30;11;2017;17:31;0;RUA CARLITO PAMPLONA;;;419;;Atropelamento;Anoitecer;;;Meio de Quadra;;;0;1;0;0;1;0;0;0;0;0;0;0;-3,722228000000000;-38,552387000000000
316818;30;11;2017;17:50;0;RUA ARNALDO OSORIO;;;600;;Colis?úo;Anoitecer;;;Meio de Quadra;;;0;1;0;0;0;0;0;0;0;1;0;0;;
316828;30;11;2017;19:53;19197;RUA JOAQUIM LIMA;RUA ALMEIDA PRADO;;0;;Atropelamento;Anoitecer;;;Cruz;Pare;Misto;0;1;0;1;0;0;0;0;0;0;0;0;-3,742889000000000;-38,474894000000000
316822;30;11;2017;17:52;0;AV GAL OSORIO DE PAIVA;;;5620;;Colis?úo;Anoitecer;;;Meio de Quadra;;;0;1;0;0;0;0;0;0;0;1;0;0;;
316831;30;11;2017;20:34;0;AV JOSE LEON;;;1847;;Colis?úo;;;;Meio de Quadra;;;0;1;0;0;0;0;0;0;0;0;0;0;-3,789325000000000;-38,495791000000000
316841;30;11;2017;23:06;0;TR CONSELHEIRO;;;398;;Queda;;;;Meio de Quadra;;;0;1;0;0;0;0;0;0;1;0;0;0;-3,754833428000000;-38,576699658000000
316838;30;11;2017;22:02;0;RUA EMILIO DE MENESES;;;444;;Colis?úo;;;;Meio de Quadra;;;0;1;0;0;0;0;0;0;0;0;0;0;-3,782206000000000;-38,585820000000000
316836;30;11;2017;20:34;0;AV JOSE LEON;;;1847;;Colis?úo;;;;Meio de Quadra;;;0;1;0;0;0;0;0;0;0;0;0;0;-3,789325000000000;-38,495791000000000
316333;30;11;2017;12:15;0;AV SEN CARLOS JEREISSATI (AEROPORTO);;;0;KM 03;Colis?úo;Luz do Dia;Bom;Seca;Meio de Quadra;;;0;0;2;1;0;0;0;0;0;0;0;0;-3,779641000000000;-38,544038000000000
316334;30;11;2017;15:15;0;RD CE-040;;;0;KM-08;Colis?úo;Luz do Dia;Bom;Seca;Meio de Quadra;;;0;0;2;1;0;0;0;0;0;0;0;0;-3,825515822000000;-38,481538320000000
312575;30;11;2017;08:09;0;AV PRS CASTELO BRANCO;;;2743;;Colis?úo Traseira;Luz do Dia;Bom;Seca;Com Via F?®rrea;N?úo H?í Controle;Residencial;0;0;3;1;0;0;0;0;0;0;0;0;-3,712532800000000;-38,552296000000000
312576;30;11;2017;07:50;0;AV JOSE BASTOS;;;2832;;Colis?úo Traseira;Luz do Dia;Bom;Seca;Meio de Quadra;N?úo H?í Controle;Comercial;0;0;3;1;0;0;0;0;0;0;0;0;-3,745247000000000;-38,545770000000000
312577;30;11;2017;08:36;0;AV AGUANAMBI;;;0;;Colis?úo Lateral;Luz do Dia;Bom;Seca;Outros;N?úo H?í Controle;Comercial;0;0;2;1;0;0;0;1;0;0;0;0;-3,755249500000000;-38,523380000000000
312578;30;11;2017;08:56;3820;AV 13 DE MAIO;AV CARAPINIMA;;0;;Colis?úo Lateral;Luz do Dia;Bom;Seca;Cruz;Sem?íforo;Comercial;0;0;3;0;1;0;0;0;0;1;0;0;-3,740322800000000;-38,539967000000000
312579;30;11;2017;09:25;9543;RUA CEL FABRICIANO;RUA ARI MAIA;;0;;Colis?úo Transversal;Luz do Dia;Bom;Seca;Cruz;Pare;Residencial;0;2;1;1;0;0;0;0;0;1;0;0;-3,779394100000000;-38,620434000000000
312580;30;11;2017;09:51;5063;RUA BAR RIO BRANCO;AV PRS CASTELO BRANCO;;0;;Colis?úo Lateral;Luz do Dia;Bom;Seca;T;Pare;Comercial;0;0;2;1;0;0;0;0;0;0;0;0;-3,721776500000000;-38,526800000000000
312581;30;11;2017;11:34;0;RUA SENA MADUREIRA;;;647;;N?úo Informado;Luz do Dia;Bom;Seca;Meio de Quadra;Sem?íforo;Comercial;0;0;2;1;0;0;0;0;0;0;0;0;-3,726417500000000;-38,525920000000000
312582;30;11;2017;11:00;5053;RUA SEN ALENCAR;RUA AGAPITO DOS SANTOS;;0;;Colis?úo;Luz do Dia;Bom;Seca;Cruz;Pare;Residencial;0;2;1;1;0;0;1;0;0;1;0;0;-3,721825800000000;-38,537605000000000
312583;30;11;2017;11:45;20129;AV DEP PAULINO ROCHA;RUA POMPILIO GOMES;;0;;Colis?úo Lateral;Luz do Dia;Bom;Seca;T;Sem?íforo;Comercial;0;1;1;1;0;0;0;0;0;1;0;0;-3,810396700000000;-38,519684000000000
312584;30;11;2017;11:30;9142;RUA GUILHERME MOREIRA;RUA MON OTAVIO CASTRO;;0;;N?úo Informado;Luz do Dia;Bom;Seca;Cruz;Pare;Residencial;0;0;2;1;0;0;0;0;0;0;0;0;-3,750088000000000;-38,526590000000000
312585;30;11;2017;12:20;0;AV DEP PAULINO ROCHA;;;0;;Colis?úo Traseira;Luz do Dia;Nublado;Seca;Rotat??ria;D?¬ Prefer?¬ncia;Comercial;0;0;1;1;0;0;0;0;0;0;0;0;-3,807508200000000;-38,524240000000000
312587;30;11;2017;15:30;15880;RUA GUARUJA;RUA JOSE IVO;;0;;Choque c/ Obst?ículo Fixo;Luz do Dia;Bom;Seca;Cruz;Pare;Comercial;0;0;0;0;0;0;0;0;0;0;0;0;-3,835361200000000;-38,496094000000000
312588;30;11;2017;18:43;1420;AV SANTOS DUMONT;RUA CEL LINHARES;;0;;Colis?úo Transversal;Via Iluminada;Bom;Seca;Cruz;Pare;Comercial;0;0;2;1;1;0;0;0;0;0;0;0;-3,737594400000000;-38,494260000000000
312589;30;11;2017;18:20;0;RUA ALBERTO MAGNO;;;1164;;Colis?úo Lateral;Via Iluminada;Bom;Seca;Meio de Quadra;N?úo H?í Controle;Comercial;0;0;2;1;0;0;0;0;0;0;0;0;-3,765148200000000;-38,550300000000000
312590;30;11;2017;19:22;3580;RUA GERALDO SOARES;RUA CLEIA;;0;;Colis?úo Lateral;Via Iluminada;Bom;Seca;T;N?úo H?í Controle;Residencial;0;1;1;1;0;0;0;0;0;1;0;0;-3,826055300000000;-38,508090000000000
312591;30;11;2017;20:00;0;AV ABOLICAO;;;3000;;Colis?úo Traseira;Via Iluminada;Bom;Seca;Cruz;Sem?íforo;Comercial;0;0;2;1;0;0;0;0;0;0;0;0;-3,726858400000000;-38,492460000000000
312630;30;11;2017;16:03;7765;RUA DOM EXPEDITO LOPES;RUA TIBURCIO CAVALCANTE;;0;;N?úo Informado;Luz do Dia;Bom;Seca;Cruz;Sem?íforo;Residencial;0;0;2;1;0;0;0;0;0;0;0;0;-3,743838300000000;-38,505173000000000
314614;30;11;2017;08:46;0;AV BEIRA MAR;;;0;;Atropelamento;Luz do Dia;;;Meio de Quadra;;;0;1;1;1;0;0;0;0;0;0;0;0;;
312597;1;12;2017;14:32;0;BC CON CASTRO (VL. PERY);;;2276;;Colis?úo Transversal;Luz do Dia;Bom;Seca;Meio de Quadra;N?úo H?í Controle;Residencial;0;0;2;1;0;0;0;0;0;0;0;0;-3,789734600000000;-38,577880000000000
312598;1;12;2017;14:29;1445;RUA DES LEITE ALBUQUERQUE;RUA VICENTE LEITE;;0;;Colis?úo Transversal;Luz do Dia;Bom;Seca;Cruz;Pare;Comercial;0;0;2;1;0;0;0;0;0;0;0;0;-3,738238000000000;-38,495712000000000
312599;1;12;2017;16:12;7211;AV DR THEBERGE;AV PRS CASTELO BRANCO;;0;;Colis?úo Lateral;Luz do Dia;Bom;Seca;Cruz;Sem?íforo;Comercial;0;0;2;1;0;0;0;0;0;0;0;0;-3,710162600000000;-38,563330000000000
312600;1;12;2017;16:00;7177;AV DR THEBERGE;RUA MARCILIO DIAS;;0;;Colis?úo Transversal;Luz do Dia;Bom;Seca;Cruz;N?úo H?í Controle;Comercial;0;0;2;1;0;0;0;0;0;0;0;0;-3,708559300000000;-38,562984000000000
312601;1;12;2017;15:25;0;RUA MAE NEO MIRANDA;RUA ADEMAR PAULA;;0;;Colis?úo Lateral;Luz do Dia;Bom;Seca;Cruz;Pare;Residencial;0;0;1;0;1;0;0;0;0;1;0;0;-3,801892500000000;-38,518463000000000
312602;1;12;2017;18:05;0;RUA CRISANTO M DA ROCHA;;;1161;;Engavetamento;Via Iluminada;Bom;Seca;Meio de Quadra;N?úo H?í Controle;Comercial;0;0;3;1;0;0;0;0;0;0;0;0;-3,798179400000000;-38,480570000000000
312603;1;12;2017;16:15;0;AV GODOFREDO MACIEL;;;2640;;Atropelamento;Luz do Dia;Bom;Seca;Meio de Quadra;N?úo H?í Controle;Comercial;0;1;1;0;0;0;0;0;0;0;0;0;-3,798795500000000;-38,570606000000000
312604;1;12;2017;18:40;17389;RUA IRM BAZET;RUA ISAIE BORIS;;0;;Colis?úo Transversal;Via Iluminada;Bom;Seca;Cruz;Pare;Comercial;0;1;1;0;0;0;0;0;0;1;0;0;-3,766986000000000;-38,548626000000000
312605;1;12;2017;20:58;0;AV MON TABOSA;;;1108;;Colis?úo Transversal;Via Iluminada;Bom;Seca;Cruz;Sem?íforo;Comercial;0;0;2;1;0;0;0;0;0;0;0;0;-3,724291300000000;-38,509150000000000
312606;1;12;2017;21:35;0;AV 13 DE MAIO;;;0;;Colis?úo Traseira;Anoitecer;Bom;Seca;Outros;Pare;Comercial;0;0;3;1;0;0;0;0;0;0;0;0;-3,752453300000000;-38,525720000000000