COD_ACIDENTE;DIA;MES;ANO;HORA;INTERSECAO;LOG1;LOG2;LOG3;NUMERO;REFERENCIA;NATUREZA;ILUMINACAO;TEMPO;SUPERFICIEPISTA;TIPOCRUZAMENTO;CONTROLETRAFEGO;USOSOLO;MORTOS;FERIDOS;ILESOS;AUTOMOVEL;ONIBUS;BICICLETA;CAMINHAO;MICROONIBUS;CICLOMOTOR;MOTOCICLETA;TRACAOANIMAL;TREM;LATITUDE;LONGITUDE
312607;1;12;2017;19:51;0;AV JOSE BASTOS;RUA PDE CICERO;;0;;Colis?úo Lateral;Mal Iluminada;Bom;Seca;Cruz;N?úo H?í Controle;Comercial;0;0;1;1;1;0;0;0;0;0;0;0;-3,744605000000000;-38,545220000000000
312608;1;12;2017;20:40;15121;RUA DR ATUALPA BARBOSA LIMA (P. IRACEMA);RUA JOAO CORDEIRO;;0;;Colis?úo Transversal;Mal Iluminada;Bom;Seca;Cruz;Pare;Residencial;0;0;1;1;0;0;0;0;0;0;0;0;-3,723451600000000;-38,512524000000000
312609;1;12;2017;23:20;1578;RUA GAL TERTULIANO POTYGUARA;RUA OSVALDO CRUZ (ALDEOTA);;0;;Colis?úo Lateral;Via Iluminada;Bom;Seca;Cruz;Pare;Comercial;0;1;1;1;0;0;0;0;0;1;0;0;-3,742464000000000;-38,502556000000000
312592;1;12;2017;06:40;0;AV GOV RAUL BARBOSA;;;6871;;Colis?úo Traseira;Luz do Dia;Bom;Seca;Meio de Quadra;N?úo H?í Controle;Residencial;0;0;2;1;0;0;0;0;0;1;0;0;-3,773852300000000;-38,512703000000000
312593;1;12;2017;09:32;19533;AV GAL OSORIO DE PAIVA;RUA NEREU RAMOS;;0;;Colis?úo Lateral;Luz do Dia;Bom;Seca;Cruz;Sem?íforo;Comercial;0;0;2;1;0;0;0;0;0;0;0;0;-3,775422600000000;-38,566605000000000
312594;1;12;2017;08:30;0;RUA GAL POTIGUARA;RUA VIS MAUA;;0;;Colis?úo Transversal;Luz do Dia;Bom;Seca;Cruz;Pare;Residencial;0;0;2;0;0;0;0;0;0;1;0;0;-3,742755400000000;-38,501590000000000
312595;1;12;2017;12:39;0;AV DEP PAULINO ROCHA;RUA A (CJ RES UBIRATAN AGUIAR);;970;;Colis?úo Transversal;Luz do Dia;Bom;Seca;T;Pare;Comercial;0;0;2;1;0;0;0;0;0;0;0;0;-3,802165000000000;-38,507835000000000
313245;1;12;2017;11:30;0;RUA CONDE D??EU;;;466;;Colis?úo Traseira;Luz do Dia;;;Meio de Quadra;;;0;0;2;0;0;0;0;0;0;0;0;0;-3,724955000000000;-38,525294000000000
313243;1;12;2017;08:20;22990;AV DR SILAS MUNGUBA;RUA AMERICO VESPUCIO;;0;;Colis?úo Transversal;Luz do Dia;;;T;Gesto;Comercial;0;0;2;1;1;0;0;0;0;0;0;0;;
313241;1;12;2017;06:30;0;AV BENJAMIM BRASIL;;;554;;Atropelamento;Luz do Dia;;;Meio de Quadra;;;0;2;0;0;0;0;0;0;0;1;0;0;-3,804450000000000;-38,568176000000000
313235;1;12;2017;16:30;15291;AV ANTONIO JUSTA;RUA FREDERICO BORGES;;0;;Colis?úo Lateral;Luz do Dia;;;T;Pare;Comercial;0;0;2;1;0;0;0;0;0;0;0;0;-3,729283000000000;-38,489427000000000
313239;1;12;2017;15:40;24350;RUA ALM RUFINO;RUA TIANGUA;;0;;Colis?úo Transversal;Luz do Dia;;;Cruz;Pare;Comercial;0;0;2;1;0;0;0;0;0;0;0;0;-3,765506000000000;-38,540585000000000
316112;1;12;2017;18:22;0;RUA SABINO MONTE;;;110;;Colis?úo;Anoitecer;;;Meio de Quadra;;;0;2;0;1;0;0;0;0;0;1;0;0;-3,757436200000000;-38,511779000000000
316121;1;12;2017;19:02;0;AV GAL OSORIO DE PAIVA;;;0;;Colis?úo;;;;Meio de Quadra;;;0;1;0;0;0;0;0;0;0;0;0;0;;
316116;1;12;2017;18:33;0;RUA LINDOLFO FREIRE;;;194;;Atropelamento;;;;Meio de Quadra;;;0;1;0;1;0;0;0;0;0;0;0;0;-3,729451000000000;-38,587159000000000
316106;1;12;2017;16:50;0;AV DOMINGOS OLIMPIO;;;591;;Atropelamento;Luz do Dia;;;Meio de Quadra;;;0;1;0;1;0;0;0;0;0;0;0;0;-3,737305000000000;-38,529111000000000
316107;1;12;2017;17:43;4080;AV JOSE BASTOS;RUA CEARA;;0;;Colis?úo;Anoitecer;;;Cruz;Pare;Residencial;0;2;0;0;0;0;0;0;0;1;0;0;-3,760008000000000;-38,564112000000000
316108;1;12;2017;18:04;0;RUA GAL ALIPIO DOS SANTOS;;;222;;Atropelamento;Anoitecer;;;Meio de Quadra;;;0;1;0;1;0;0;0;0;0;0;0;0;-3,729368000000000;-38,587332000000000
316099;1;12;2017;16:24;0;RUA PEDRO LAZAR;;;980;;Colis?úo;Luz do Dia;;;Meio de Quadra;;;0;1;0;0;0;0;0;0;0;0;0;0;-3,804150000000000;-38,488384000000000
316123;1;12;2017;21:38;0;RUA PEDRO ARTUR;;;757;;Colis?úo;;;;Meio de Quadra;;;0;1;0;1;0;0;0;0;0;1;0;0;-3,713068000000000;-38,552811000000000
316125;1;12;2017;21:39;0;AV CONTORNO SUL;;;1271;;Queda;;;;Meio de Quadra;;;0;1;0;0;0;0;0;0;0;1;0;0;-3,814311000000000;-38,593621600000000
316126;1;12;2017;22:18;0;AV PERIMETRAL;;;299;;Atropelamento;;;;Meio de Quadra;;;0;1;0;0;0;0;0;0;0;1;0;0;;
316128;1;12;2017;22:19;0;AV CEL CARVALHO;;;597;;Colis?úo;;;;Meio de Quadra;;;0;1;0;1;0;0;0;0;0;1;0;0;-3,708082000000000;-38,590307000000000
316131;1;12;2017;23:46;0;ET DO ANCURI;;;1675;;Colis?úo;;;;Meio de Quadra;;;0;1;0;0;0;0;0;0;0;1;0;0;;
316075;1;12;2017;11:26;0;RUA PASCOAL CASTRO ALVES;;;836;;Colis?úo;Luz do Dia;;;Meio de Quadra;;;0;1;0;1;0;0;0;0;0;1;0;0;;
316067;1;12;2017;11:19;0;AV RAD JOSE LIMA VERDE;;;73;;Queda;Luz do Dia;;;Meio de Quadra;;;0;1;0;0;0;0;0;0;0;1;0;0;-3,694805300000000;-38,586446500000000
316086;1;12;2017;12:29;0;RUA TEN MARQUES;;;398;;Colis?úo;Luz do Dia;;;Meio de Quadra;;;0;1;0;1;0;0;0;0;0;1;0;0;-3,735120000000000;-38,573208000000000
316072;1;12;2017;11:12;0;RUA ANTONIO ALVES RIBEIRO;;;120;;Colis?úo;Luz do Dia;;;Meio de Quadra;;;0;1;0;0;0;0;0;0;0;1;0;0;;
316083;1;12;2017;12:01;0;RUA JULIO VERNE;;;100;;Colis?úo;Luz do Dia;;;Meio de Quadra;;;0;1;0;0;0;0;0;0;0;1;0;0;-3,776338000000000;-38,550453000000000
316090;1;12;2017;14:26;0;AV BORGES DE MELO;;;781;;Colis?úo;Luz do Dia;;;Meio de Quadra;;;0;1;0;0;0;0;0;0;0;1;0;0;-3,760701000000000;-38,525953000000000
316093;1;12;2017;14:54;0;RUA MAE NEO MIRANDA;;;231;;Colis?úo;Luz do Dia;;;Meio de Quadra;;;0;1;0;0;0;0;0;0;0;0;0;0;-3,801658900000000;-38,518232000000000
316096;1;12;2017;16:21;0;AV GODOFREDO MACIEL;;;0;;Atropelamento;Luz do Dia;;;Meio de Quadra;;;0;1;0;1;0;0;0;0;0;0;0;0;;
316039;1;12;2017;07:24;0;RUA VITORIA;;;911;;Colis?úo;Luz do Dia;;;Meio de Quadra;;;0;1;0;1;0;0;0;0;0;1;0;0;;
316043;1;12;2017;07:37;0;RUA PLANALTO DO PICI;;;1835;;Colis?úo;Luz do Dia;;;Meio de Quadra;;;0;1;0;0;0;0;0;0;0;1;0;0;;
316044;1;12;2017;07:41;0;AV SEN FERNANDES TAVORA;;;926;;Colis?úo;Luz do Dia;;;Meio de Quadra;;;0;1;0;1;0;0;0;0;0;1;0;0;-3,762854635000000;-38,581001478000000
316052;1;12;2017;08:03;4250;AV FRANCISCO SA;RUA PEDRO C FERNANDES;;0;;Queda;Luz do Dia;;;;;;0;1;0;0;0;0;0;0;0;1;0;0;-3,719988000000000;-38,549538000000000
316035;1;12;2017;06:21;0;RUA CON DE CASTRO;;;3543;;Colis?úo;Luz do Dia;;;Meio de Quadra;;;0;1;0;1;0;0;0;0;0;1;0;0;-3,798569000000000;-38,586009000000000
316036;1;12;2017;06:49;0;RUA OSCAR FRANCA;;;1239;;Colis?úo;Luz do Dia;;;Meio de Quadra;;;0;2;0;1;0;0;0;0;0;1;0;0;;
315327;1;12;2017;19:30;0;RD CE-040;;;0;KM-07;Colis?úo;;Bom;Seca;Meio de Quadra;;;0;0;2;1;0;0;0;0;0;0;0;0;-3,817159445000000;-38,483032860000000
315325;1;12;2017;07:50;0;RD CE-060;;;0;KM-01;Atropelamento de Animal;Luz do Dia;Bom;Seca;Meio de Quadra;;;0;2;0;0;0;0;0;0;0;1;0;0;-3,826136000000000;-38,579500000000000
326061;1;12;2017;18:07;0;RD BR 116;;;800;KM-13;Colis?úo Transversal;Anoitecer;;Seca;Meio de Quadra;;;0;0;2;1;0;0;0;0;0;1;0;0;-3,793082000000000;-38,508470000000000
326067;2;12;2017;19:50;0;RD BR 116;;;500;KM-04;Colis?úo Transversal;N?úo Informado;;Seca;Meio de Quadra;;;0;0;3;1;0;0;0;0;0;0;0;0;-3,796035900000000;-38,507192300000000
326063;2;12;2017;18:30;0;RD BR 222;;;900;KM-02;Tombamento;Anoitecer;;Seca;Meio de Quadra;;;0;1;0;0;0;0;0;0;0;1;0;0;;
315338;2;12;2017;07:05;0;RD CE-040;;;0;KM-07;Colis?úo;Luz do Dia;Bom;Seca;;;;0;0;2;1;0;0;0;0;0;0;0;0;-3,817159445000000;-38,483032860000000
315340;2;12;2017;10:07;0;RD CE-040;;;0;KM-10;Colis?úo;Luz do Dia;Bom;Seca;Meio de Quadra;;;0;1;1;1;0;0;0;0;0;1;0;0;-3,826404000000000;-38,481798000000000
315342;2;12;2017;10:40;0;RD CE-025;;;0;;Colis?úo;Luz do Dia;Bom;Seca;Meio de Quadra;;;0;0;2;0;0;1;1;0;0;0;0;0;;
315344;2;12;2017;18:30;0;AV SEN CARLOS JEREISSATI (AEROPORTO);;;0;KM 02;Colis?úo;Anoitecer;Bom;Seca;Meio de Quadra;;;0;0;2;1;0;0;0;0;0;0;0;0;-3,782194000000000;-38,535424000000000
316139;2;12;2017;04:23;5247;AV IMPERADOR;RUA PEDRO PEREIRA;;0;;Queda;;;;Cruz;Sem?íforo;Comercial;0;1;0;0;0;0;0;0;0;1;0;0;-3,727714000000000;-38,534609000000000
316141;2;12;2017;06:27;0;RUA JOAO BATISTA RIOS;;;138;;Colis?úo;Luz do Dia;;;Meio de Quadra;;;0;1;0;1;0;0;0;0;0;1;0;0;;
316133;2;12;2017;01:24;0;AV GAL OSORIO DE PAIVA;;;4846;;Colis?úo;;;;Meio de Quadra;;;0;1;0;1;0;0;0;0;0;1;0;0;-3,801570000000000;-38,599008000000000
316134;2;12;2017;03:42;0;RUA CARLOS AMORA;;;0;;Colis?úo;;;;Meio de Quadra;;;0;2;0;0;0;0;0;0;0;1;0;0;;
316206;2;12;2017;09:39;1716;AV GAL MURILO BORGES;AV GOV RAUL BARBOSA;;0;;Colis?úo;Luz do Dia;;;Rotat??ria;D?¬ Prefer?¬ncia;Comercial;0;1;0;1;0;0;0;0;0;1;0;0;-3,763977000000000;-38,508802000000000
316215;2;12;2017;10:48;0;RUA ANTONIO ARRUDA;;;507;;Colis?úo;Luz do Dia;;;Meio de Quadra;;;0;2;0;1;0;0;0;0;0;1;0;0;;
316213;2;12;2017;10:38;0;AV MAE LISBOA;;;1600;;Colis?úo;Luz do Dia;;;Meio de Quadra;;;0;1;0;0;0;0;0;0;0;0;0;0;-3,807946000000000;-38,465029000000000
316191;2;12;2017;09:22;0;RUA ILDEFONSO ALBANO;;;2971;;Queda;Luz do Dia;;;Meio de Quadra;;;0;1;0;0;0;1;0;0;0;0;0;0;-3,746745000000000;-38,517639000000000
316187;2;12;2017;08:46;0;RUA PRA HELOISA F LIMA;;;95;;Queda;Luz do Dia;;;Meio de Quadra;;;0;1;0;0;0;0;0;0;0;1;0;0;-3,787193600000000;-38,545632800000000
316175;2;12;2017;08:08;0;AV SANTOS DUMONT;;;5170;;Colis?úo;Luz do Dia;;;Meio de Quadra;;;0;2;0;1;0;0;0;0;0;1;0;0;-3,740711778000000;-38,485228406000000
316173;2;12;2017;07:37;0;AV GAL OSORIO DE PAIVA;;;0;;Colis?úo;Luz do Dia;;;Meio de Quadra;;;0;1;0;1;0;0;0;0;0;1;0;0;;
316148;2;12;2017;06:37;0;AV PERIMETRAL;;;0;;Colis?úo;Luz do Dia;;;Meio de Quadra;;;0;1;0;0;0;0;0;0;0;0;0;0;;
316150;2;12;2017;06:41;0;RUA TEN LAURO;;;210;;Atropelamento;Luz do Dia;;;Meio de Quadra;;;0;1;0;1;0;0;0;0;0;0;0;0;-3,749443000000000;-38,582046000000000
316278;2;12;2017;21:13;0;RUA CASTRO E SILVA;;;535;;Colis?úo;;;;Meio de Quadra;;;0;2;0;1;0;0;0;0;0;1;0;0;-3,722791000000000;-38,530524000000000
316285;2;12;2017;23:28;0;AV DOS EXPEDICIONARIOS;;;3442;;Colis?úo;;;;Meio de Quadra;;;0;1;0;1;0;0;0;0;0;1;0;0;-3,748631000000000;-38,536199000000000
316280;2;12;2017;21:51;0;RUA JULIO CESAR D12;;;726;;Colis?úo;;;;Meio de Quadra;;;0;1;0;1;0;0;0;1;0;0;0;0;;
316275;2;12;2017;20:40;15169;RUA JOAQUIM NABUCO;AV BEIRA MAR;;0;;Queda;;;;T;Pare;Lazer;0;1;0;0;0;0;0;0;0;1;0;0;-3,725387000000000;-38,498120000000000
316276;2;12;2017;21:04;0;RUA LEANDRO HENRIQUE;;;1065;;Colis?úo;;;;Meio de Quadra;;;0;1;0;1;0;0;0;0;0;1;0;0;-3,815222400000000;-38,622785900000000
316263;2;12;2017;18:00;0;AV H CJ CEARA;;;35;;Colis?úo;Anoitecer;;;Meio de Quadra;;;0;1;0;1;0;0;0;0;0;1;0;0;;
316256;2;12;2017;15:15;0;RUA PERNAMBUCO;;;2791;;Colis?úo;Luz do Dia;;;Meio de Quadra;;;0;1;0;0;0;0;0;0;0;1;0;0;-3,750825000000000;-38,578676000000000
316257;2;12;2017;15:22;0;RUA BOM JESUS (GRANJA LISBOA);;;1950;;Colis?úo;Luz do Dia;;;Meio de Quadra;;;0;1;0;0;1;0;0;0;0;1;0;0;-3,791291000000000;-38,610873000000000
316261;2;12;2017;17:01;0;AV PRS CASTELO BRANCO;;;0;;Queda;Anoitecer;;;Meio de Quadra;;;0;1;0;0;0;0;0;0;0;1;0;0;;
316270;2;12;2017;18:50;5313;RUA VINTE E QUATRO DE MAIO;RUA PEDRO I;;0;;Colis?úo;;;;Cruz;Pare;Comercial;0;1;0;1;0;0;0;0;0;1;0;0;-3,729830000000000;-38,532952000000000
316271;2;12;2017;19:02;0;RUA DES WALDETARIO P MOTA;;;414;;Colis?úo;;;;Meio de Quadra;;;0;2;0;1;0;0;0;0;0;1;0;0;;
316272;2;12;2017;19:58;0;AV HIS RAIMUNDO GIRAO;;;0;;Atropelamento;;;;Meio de Quadra;;;0;1;0;1;0;0;0;0;0;0;0;0;;
316266;2;12;2017;18:15;0;RUA OSCAR ARARIPE;;;2072;;Colis?úo;Anoitecer;;;Meio de Quadra;;;0;2;0;0;0;0;1;0;0;1;0;0;-3,787883000000000;-38,609656000000000
316226;2;12;2017;11:12;0;RUA OSCAR ARARIPE;;;1488;;Colis?úo;Luz do Dia;;;Meio de Quadra;;;0;1;0;0;0;0;0;0;0;0;0;0;-3,789558000000000;-38,604442000000000
316268;2;12;2017;18:44;0;AV ENG HUMBERTO MONTE;;;1578;;Colis?úo;;;;Meio de Quadra;;;0;1;0;0;0;0;0;0;0;0;0;0;-3,746855000000000;-38,562357000000000
316251;2;12;2017;15:13;0;AV VIS RIO BRANCO;;;0;;Colis?úo;Luz do Dia;;;Meio de Quadra;;;0;1;0;0;0;0;0;0;0;0;0;0;;
316241;2;12;2017;14:33;0;RUA BANVAR BEZERRA;;;676;;Colis?úo;Luz do Dia;;;Meio de Quadra;;;0;1;0;0;0;0;0;0;0;0;0;0;-3,735275000000000;-38,579973000000000
316232;2;12;2017;12:48;0;AV JOAO PESSOA;;;3912;;Queda;Luz do Dia;;;Meio de Quadra;;;0;1;0;0;0;0;0;0;0;1;0;0;-3,748309000000000;-38,545753000000000
316238;2;12;2017;13:35;0;AV PRS CASTELO BRANCO;;;5986;;Colis?úo;Luz do Dia;;;Meio de Quadra;;;0;2;0;0;0;0;0;0;0;0;0;0;-3,701721000000000;-38,584191000000000
316228;2;12;2017;12:27;0;RUA GAL SAMPAIO;;;1227;;Colis?úo;Luz do Dia;;;Meio de Quadra;;;0;1;0;1;0;0;0;0;0;1;0;0;-3,729164000000000;-38,531453000000000
316234;2;12;2017;12:55;15142;AV MON TABOSA;RUA MON BRUNO;;0;;Queda;Luz do Dia;;;Cruz;N?úo H?í Controle;Residencial;0;2;0;0;0;0;0;0;0;1;0;0;-3,724369000000000;-38,506833000000000
316235;2;12;2017;13:05;0;RUA BERNARDO MANUEL;;;9346;;Colis?úo;Luz do Dia;;;Meio de Quadra;;;0;1;0;1;0;0;0;0;0;1;0;0;-3,801756000000000;-38,552322000000000
316236;2;12;2017;13:13;0;RUA CEL GUILHERME ALENCAR;;;0;;Atropelamento;Luz do Dia;;;Meio de Quadra;;;0;1;0;0;0;0;0;0;0;0;0;0;;
313238;2;12;2017;01:30;15142;AV MON TABOSA;RUA MON BRUNO;;0;;Colis?úo Transversal;Via Iluminada;Bom;Seca;Cruz;Pare;Comercial;0;0;2;1;0;0;0;0;0;0;0;0;-3,724369000000000;-38,506833000000000
313244;2;12;2017;12:40;19667;AV BEZERRA DE MENEZES;RUA ERETIDES MARTINS;;0;;Colis?úo Lateral;Luz do Dia;Bom;Seca;Cruz;Sem?íforo Intermitente;Comercial;0;0;2;1;0;0;0;0;0;0;0;0;-3,734232000000000;-38,557568000000000
313249;2;12;2017;20:05;26001;AV DR SILAS MUNGUBA;RUA IX CJ OITO DE SETEMBRO;;0;;Colis?úo Transversal;Anoitecer;Bom;Seca;T;Pare;Comercial;0;0;2;0;0;0;0;0;0;1;0;0;;
312610;2;12;2017;03:43;0;AV ANTONIO JUSTA;;;2778;;Choque c/ Obst?ículo Fixo;Via Iluminada;Nublado;Seca;Meio de Quadra;N?úo H?í Controle;Residencial;0;0;0;1;0;0;0;0;0;0;0;0;-3,727546200000000;-38,494835000000000
312611;2;12;2017;09:12;0;RUA BERNARDO MANUEL;;;7997;;Colis?úo Traseira;Luz do Dia;Bom;Seca;Meio de Quadra;D?¬ Prefer?¬ncia;Comercial;0;0;2;1;0;0;0;0;0;1;0;0;-3,789293500000000;-38,548443000000000
312612;2;12;2017;07:46;0;AV DEP PAULINO ROCHA;;;2187;;Engavetamento;Luz do Dia;Bom;Seca;Meio de Quadra;Sem?íforo;Residencial;0;1;2;1;0;0;0;0;0;0;0;0;-3,810731200000000;-38,517193000000000
312613;2;12;2017;08:00;0;AV SANTOS DUMONT;;;5150;;Colis?úo Traseira;Luz do Dia;Bom;Seca;Meio de Quadra;Pare;Residencial;0;0;1;0;0;0;0;0;1;0;0;0;-3,740482000000000;-38,485508000000000
312614;2;12;2017;10:21;0;AV PRO GOMES DE MATOS;;;557;;Colis?úo Traseira;Luz do Dia;Bom;Seca;Meio de Quadra;D?¬ Prefer?¬ncia;Residencial;0;0;2;1;0;0;0;0;0;0;0;0;-3,758662500000000;-38,543440000000000
312615;2;12;2017;12:44;0;AV IMPERADOR;;;545;;Colis?úo Traseira;Luz do Dia;Bom;Seca;Cruz;Sem?íforo;Comercial;0;0;2;1;0;0;0;0;0;1;0;0;-3,726322200000000;-38,534150000000000
312616;2;12;2017;13:56;0;RUA BARBOSA DE FREITAS;;;1515;;Colis?úo Lateral;Luz do Dia;Bom;Seca;Meio de Quadra;N?úo H?í Controle;Residencial;0;0;2;1;0;0;0;0;0;0;0;0;-3,739089000000000;-38,498146000000000
312617;2;12;2017;14:12;1440;RUA AFONSO CELSO;RUA TIBURCIO CAVALCANTE;;0;;Colis?úo Lateral;Luz do Dia;Bom;Seca;Cruz;Pare;Comercial;0;0;2;1;0;0;0;0;0;0;0;0;-3,738178700000000;-38,503185000000000
312618;2;12;2017;13:57;20043;AV PRUDENTE BRASIL;AV PALESTINA D68;;0;;Colis?úo Transversal;Luz do Dia;Bom;Seca;Cruz;Pare;Residencial;0;1;2;1;0;0;0;0;0;0;0;0;-3,806916000000000;-38,533360000000000
312619;2;12;2017;13:40;0;AV DR ALDY MENTOR;;;7804;;Colis?úo Transversal;Luz do Dia;Bom;Seca;Meio de Quadra;N?úo H?í Controle;Lazer;0;0;2;1;0;0;0;0;0;0;0;0;-3,753670500000000;-38,462480000000000
312620;2;12;2017;15:20;7862;AV ANTONIO SALES;RUA PRO DIAS DA ROCHA;;0;;Colis?úo Transversal;Luz do Dia;Bom;Seca;Cruz;Pare;Comercial;0;0;2;1;0;0;0;0;0;0;0;0;-3,747517300000000;-38,495598000000000
312621;2;12;2017;16:46;0;RUA GAL CLARINDO DE QUEIROZ;RUA VISCONDE DA BAHIA;;0;;Colis?úo Transversal;Luz do Dia;Bom;Seca;;;;0;1;1;1;0;0;0;0;0;1;0;0;-3,734519000000000;-38,524420000000000
312622;2;12;2017;17:01;9951;RUA BOM JESUS (GRANJA LISBOA);RUA TRES CORACOES;;0;;Colis?úo Transversal;Luz do Dia;Bom;Seca;Cruz;Pare;Residencial;0;0;1;0;1;0;0;0;0;1;0;0;-3,791190600000000;-38,611200000000000
312623;2;12;2017;19:26;10992;RUA DOM CARLOTO TAVORA;RUA BAR CANINDE;;0;;Colis?úo Lateral;Luz do Dia;Bom;Seca;Cruz;Pare;Residencial;0;0;2;1;0;0;0;0;0;0;0;0;-3,769545000000000;-38,557083000000000
312645;2;12;2017;10:55;0;AV ALM HENRIQUE SABOIA;;;3485;;Colis?úo Lateral;Luz do Dia;Bom;Seca;Meio de Quadra;N?úo H?í Controle;Comercial;0;0;2;1;0;0;0;0;0;0;0;0;-3,740432500000000;-38,487473000000000
312664;2;12;2017;19:56;0;AV GAL OSORIO DE PAIVA;;;6683;;Queda;Via Iluminada;Bom;Seca;Meio de Quadra;Sem?íforo;Comercial;0;1;0;0;0;0;0;0;0;1;0;0;-3,812590000000000;-38,609627000000000
312638;2;12;2017;18:00;0;RUA MAE NEO MIRANDA;;;215;;Colis?úo Transversal;Anoitecer;Bom;Seca;Meio de Quadra;Pare;Residencial;0;1;1;1;0;0;0;0;0;1;0;0;;
312631;3;12;2017;15:04;0;AV SEN FERNANDES TAVORA;TV HELENA MARIA;;0;;N?úo Informado;Luz do Dia;Bom;Seca;Meio de Quadra;N?úo H?í Controle;Comercial;0;0;2;1;0;0;0;0;0;0;0;0;-3,766295200000000;-38,574593000000000
312632;3;12;2017;14:54;7884;AV ANTONIO SALES;RUA VICENTE LEITE;;0;;Colis?úo Transversal;Luz do Dia;Bom;Seca;Cruz;Pare;Comercial;0;1;2;1;0;0;0;0;0;0;0;0;-3,746786000000000;-38,498238000000000
312633;3;12;2017;18:31;1519;RUA PDE VALDEVINO;RUA CARLOS VASCONCELOS;;0;;Colis?úo Transversal;Via Iluminada;Bom;Seca;Cruz;Sem?íforo;Comercial;0;1;2;1;0;0;0;0;0;0;0;0;-3,740342100000000;-38,513200000000000
312634;3;12;2017;20:46;15190;AV ABOLICAO;RUA JOAQUIM NABUCO;;0;;Colis?úo Lateral;Via Iluminada;Bom;Seca;Cruz;Gesto;Comercial;0;0;2;1;0;0;0;0;0;0;0;0;-3,726381800000000;-38,498432000000000
312635;3;12;2017;19:45;0;AV ALM MAXIMIANO DA FONSECA;;;1300;;Colis?úo Traseira;Luz do Dia;Bom;Seca;Meio de Quadra;N?úo H?í Controle;Comercial;0;1;1;0;1;0;0;0;0;1;0;0;-3,771620500000000;-38,483310000000000
312636;3;12;2017;19:40;25455;AV ENG JOS?ë GUIMAR?âES;RUA PEDRO LAZAR;;0;;Colis?úo Transversal;Via Iluminada;Bom;Seca;Cruz;Pare;Residencial;0;2;0;1;0;0;0;0;0;0;0;0;-3,804911000000000;-38,488300000000000
312624;3;12;2017;02:54;1393;AV RUI BARBOSA;RUA JOAO CARVALHO;;0;;Colis?úo Transversal;Via Iluminada;Bom;Seca;Cruz;Sem?íforo;Residencial;0;1;0;0;0;0;0;0;0;1;0;0;-3,736910800000000;-38,509804000000000
312625;3;12;2017;06:49;0;RUA JUVENAL DE CARVALHO;;;864;;Colis?úo Lateral;Amanhecer;Bom;Seca;Meio de Quadra;N?úo H?í Controle;Comercial;0;0;2;1;0;0;0;0;0;0;0;0;-3,749089000000000;-38,524864000000000
312626;3;12;2017;07:30;0;RUA SOBRAL D03;RUA SAO JOSE D20;;180;;Colis?úo Lateral;Luz do Dia;Bom;Seca;T;N?úo H?í Controle;Comercial;0;0;2;1;1;0;0;0;0;0;0;0;-3,725335100000000;-38,523952000000000
312627;3;12;2017;09:07;0;AV SGT HERMINIO SAMPAIO;;;1326;;Queda;Luz do Dia;Bom;Seca;Meio de Quadra;N?úo H?í Controle;Comercial;0;2;0;0;0;0;0;0;0;1;0;0;-3,724939000000000;-38,552574000000000
312628;3;12;2017;10:33;0;AV JOSE BASTOS;;;3770;;Engavetamento;Luz do Dia;Bom;Seca;Meio de Quadra;N?úo H?í Controle;Comercial;0;0;3;1;0;0;0;0;0;0;0;0;-3,751042000000000;-38,551548000000000
312629;3;12;2017;12:30;19611;AV GODOFREDO MACIEL;RUA NEREU RAMOS;;0;;Colis?úo Traseira;Luz do Dia;Bom;Seca;Cruz;Sem?íforo;Comercial;0;0;2;1;0;0;0;0;0;0;0;0;-3,787429600000000;-38,566750000000000
313257;3;12;2017;05:55;5062;RUA GAL SAMPAIO;RUA DR JOAO MOREIRA;;0;;Colis?úo Frontal;Luz do Dia;Bom;Seca;Cruz;Sem?íforo Intermitente;Comercial;0;2;1;1;0;0;0;0;0;1;0;0;-3,722030000000000;-38,529364000000000
313272;3;12;2017;15:18;26226;AV AMERICO BARREIRA;AV CARNEIRO DE MENDONCA;;0;;Colis?úo Traseira;Luz do Dia;Bom;Seca;Cruz;Sem?íforo;Residencial;0;0;2;1;0;0;0;0;0;0;0;0;-3,764083831000000;-38,566770171000000
313286;3;12;2017;20:00;0;AV FRANCISCO SA;;;5090;;Colis?úo Traseira;Via Iluminada;Bom;Seca;Meio de Quadra;N?úo H?í Controle;Comercial;0;0;2;1;0;0;0;0;0;0;0;0;-3,713169000000000;-38,569768000000000
313280;3;12;2017;11:30;12803;AV PRO GOMES DE MATOS;RUA PRE NOVE;;0;;Colis?úo Lateral;Luz do Dia;Bom;Seca;Y;Sem?íforo Intermitente;Comercial;0;0;2;1;0;0;0;0;0;0;0;0;-3,754550000000000;-38,539954000000000
316287;3;12;2017;02:00;0;RUA 15 DE NOVEMBRO;;;1042;;Colis?úo;;;;Meio de Quadra;;;0;1;0;0;0;0;0;0;0;0;0;0;-3,770653000000000;-38,551080000000000
316292;3;12;2017;04:26;0;RUA RAIMUNDO PINHEIRO;;;373;;Colis?úo;;;;Meio de Quadra;;;0;1;0;0;0;0;0;0;0;0;0;0;-3,788513000000000;-38,596732000000000
316289;3;12;2017;02:25;0;AV SGT HERMINIO SAMPAIO;;;1585;;Colis?úo;;;;Meio de Quadra;;;0;1;0;1;0;0;0;0;0;1;0;0;-3,725332000000000;-38,554867000000000