COD_ACIDENTE;DIA;MES;ANO;HORA;INTERSECAO;LOG1;LOG2;LOG3;NUMERO;REFERENCIA;NATUREZA;ILUMINACAO;TEMPO;SUPERFICIEPISTA;TIPOCRUZAMENTO;CONTROLETRAFEGO;USOSOLO;MORTOS;FERIDOS;ILESOS;AUTOMOVEL;ONIBUS;BICICLETA;CAMINHAO;MICROONIBUS;CICLOMOTOR;MOTOCICLETA;TRACAOANIMAL;TREM;LATITUDE;LONGITUDE
316290;3;12;2017;03:49;0;RUA TEN JURANDIR ALENCAR;;;0;;Colis?úo;;;;Meio de Quadra;;;0;1;0;1;0;0;0;0;0;1;0;0;;
316314;3;12;2017;09:50;0;AV PDE ANTONIO TOMAS;;;0;;Queda;Luz do Dia;;;Meio de Quadra;;;0;1;0;0;0;1;0;0;0;0;0;0;;
316304;3;12;2017;04:41;0;AV SEN FERNANDES TAVORA;;;597;;Atropelamento;;;;Meio de Quadra;;;0;1;0;0;0;0;0;0;0;1;0;0;-3,764720000000000;-38,577416000000000
316311;3;12;2017;09:14;0;RUA PEDESTRE;;;12;;Queda;Luz do Dia;;;Meio de Quadra;;;0;1;0;0;0;0;0;0;0;1;0;0;-3,855324198000000;-38,503339348000000
316329;3;12;2017;15:07;1559;RUA MON CATAO;RUA PAULA NEI;;0;;Colis?úo;Luz do Dia;;;Cruz;N?úo H?í Controle;Residencial;0;1;0;1;0;0;0;0;0;1;0;0;-3,741704000000000;-38,491510000000000
316331;3;12;2017;15:41;0;RUA RAUL CABRAL;;;300;;Colis?úo;Luz do Dia;;;Meio de Quadra;;;0;1;0;1;0;0;0;0;0;1;0;0;-3,770005000000000;-38,541293000000000
316316;3;12;2017;10:31;0;AV B CJ CEARA;;;1636;;Queda;Luz do Dia;;;Meio de Quadra;;;0;1;0;0;0;0;0;0;0;1;0;0;;
316317;3;12;2017;10:46;0;RUA ALBERTO MAGNO;;;682;;Colis?úo;Luz do Dia;;;Meio de Quadra;;;0;1;0;1;0;0;0;0;0;0;0;0;-3,761523000000000;-38,547053000000000
316370;3;12;2017;22:36;0;AV ENG LUIS VIEIRA;;;270;;Colis?úo;;;;Meio de Quadra;;;0;1;0;0;0;0;0;0;0;0;0;0;-3,795896400000000;-38,586493600000000
316372;3;12;2017;22:45;0;RUA RAIMUNDO RIBEIRO;;;117;;Atropelamento;;;;Meio de Quadra;;;0;1;0;1;0;0;0;0;0;0;0;0;-3,751289281000000;-38,594495196000000
316358;3;12;2017;19:12;7623;RUA PERNAMBUCO;RUA RIO GRANDE DO SUL;;0;;Colis?úo;;;;Cruz;Pare;Residencial;0;1;0;0;0;0;0;0;0;0;0;0;-3,760011000000000;-38,568467000000000
316365;3;12;2017;20:00;0;RUA NOSSA SRA DAS GRACAS;;;1183;;Queda;;;;Meio de Quadra;;;0;1;0;0;0;0;0;0;0;1;0;0;-3,707875000000000;-38,561068000000000
316366;3;12;2017;20:09;1927;RUA MARIA QUINTINO;AV ISABEL BEZERRA;;0;;Colis?úo;;;;Cruz;Pare;Misto;0;1;0;0;0;0;0;0;0;1;0;0;-3,855018000000000;-38,500730000000000
316367;3;12;2017;20:58;0;AV DES GONZAGA;;;248;;Colis?úo;;;;Meio de Quadra;;;0;1;0;1;0;0;0;0;0;1;0;0;-3,789143000000000;-38,503591000000000
316368;3;12;2017;21:01;0;RUA ANARIO BRAGA;;;1129;;Colis?úo;;;;Meio de Quadra;;;0;1;0;0;0;0;0;0;0;0;0;0;-3,735938000000000;-38,595971000000000
316351;3;12;2017;18:57;0;AV GAL OSORIO DE PAIVA;;;2443;;Colis?úo;;;;Meio de Quadra;;;0;1;0;1;0;0;0;0;0;0;0;0;-3,786743000000000;-38,584033000000000
316349;3;12;2017;18:55;0;RUA 10 JD CASTELAO;;;395;;Colis?úo;;;;Meio de Quadra;;;0;1;0;0;0;0;0;0;0;0;0;0;-3,807283400000000;-38,522433100000000
316346;3;12;2017;17:38;0;RUA SABINO BATISTA;;;346;;Colis?úo;Anoitecer;;;Meio de Quadra;;;0;1;0;1;0;0;0;0;0;1;0;0;-3,722847000000000;-38,554924000000000
316347;3;12;2017;18:03;0;RUA NOSSA SRA DAS GRACAS;;;850;;Colis?úo;Anoitecer;;;Meio de Quadra;;;0;1;0;1;0;0;0;0;0;1;0;0;-3,709511000000000;-38,555911000000000
316342;3;12;2017;16:47;0;RUA WALDIR DIOGO;;;878;;Colis?úo;Luz do Dia;;;Meio de Quadra;;;0;1;0;1;0;0;0;0;0;1;0;0;-3,803904000000000;-38,586069000000000
316343;3;12;2017;16:56;0;AV CONTORNO SUL;;;180;;Colis?úo;Luz do Dia;;;Meio de Quadra;;;0;1;0;0;0;0;0;0;0;1;0;0;-3,816880000000000;-38,590712022000000
316340;3;12;2017;15:51;0;RUA PROF GLAUCO LOBO;;;281;;Queda;Luz do Dia;;;Meio de Quadra;;;0;1;0;0;0;1;0;0;0;0;0;0;;
316320;3;12;2017;12:16;10726;RUA CURITIBA;RUA PRO HERIBALDO COSTA;;0;;Colis?úo;Luz do Dia;;;Cruz;Outros;Residencial;0;1;0;1;0;0;0;0;0;1;0;0;-3,759992000000000;-38,583853000000000
316338;3;12;2017;15:42;0;AV CEL CARVALHO;;;1360;;Colis?úo;Luz do Dia;;;Meio de Quadra;;;0;1;0;0;1;0;0;0;0;1;0;0;-3,714473000000000;-38,588679000000000
316376;3;12;2017;22:55;0;AV DIOGUINHO;;;4027;;Queda;;;;Meio de Quadra;;;0;1;0;0;0;0;0;0;0;1;0;0;-3,748945100000000;-38,449317100000000
316379;3;12;2017;23:04;0;RUA DES PRAXEDES;;;419;;Queda;;;;Meio de Quadra;;;0;1;0;0;0;0;0;0;0;1;0;0;-3,759077000000000;-38,550164000000000
316383;3;12;2017;23:33;0;AV CEL CARVALHO;;;1438;;Queda;;;;Meio de Quadra;;;0;1;0;0;0;0;0;0;0;1;0;0;-3,715357000000000;-38,588472000000000
315347;3;12;2017;04:10;0;RD CE-040;;;0;KM-04;Choque c/ Obst?ículo Fixo;;Bom;Seca;Meio de Quadra;;;0;0;1;0;0;0;0;0;0;0;0;0;-3,791613156000000;-38,480330840000000
315349;3;12;2017;11:52;0;RD CE-060;;;0;;Colis?úo;Luz do Dia;Bom;Seca;Meio de Quadra;;;0;0;2;1;1;0;0;0;0;0;0;0;;
315350;3;12;2017;21:00;0;RD CE-040;;;0;KM-03;Queda;;Bom;Seca;Meio de Quadra;;;0;0;2;0;0;0;0;0;0;1;0;0;-3,782614325000000;-38,481083900000000
306011;3;12;2017;15:30;0;AV CEL CARVALHO;;;1360;;Colis?úo;Luz do Dia;;;Meio de Quadra;;;1;0;0;0;0;0;0;0;0;1;0;0;-3,714473000000000;-38,588679000000000
317707;4;12;2017;18:08;0;RUA SGT JOAO PINHEIRO;;;0;;Atropelamento;Anoitecer;;;Meio de Quadra;;;0;1;0;0;0;0;0;0;0;1;0;0;;
315352;4;12;2017;07:30;0;AV SEN CARLOS JEREISSATI (AEROPORTO);;;0;KM 04;Colis?úo;Luz do Dia;Bom;Seca;Meio de Quadra;;;0;0;3;1;0;0;0;0;0;0;0;0;-3,774020000000000;-38,550907000000000
315354;4;12;2017;19:25;0;RD CE-025;;;3005;KM-03;Colis?úo;;Bom;Seca;Meio de Quadra;;;0;1;1;1;0;0;0;0;0;1;0;0;-3,805689838000000;-38,452039700000000
316384;4;12;2017;00:38;0;AV GAL OSORIO DE PAIVA;;;1146;;Colis?úo;;;;Meio de Quadra;;;0;1;0;0;0;0;0;0;0;0;0;0;-3,779202000000000;-38,572169000000000
316385;4;12;2017;01:13;0;RUA JULIO BRAGA;;;1485;;Colis?úo;;;;Meio de Quadra;;;0;1;0;0;0;0;0;0;0;1;0;0;-3,773625000000000;-38,583807000000000
316386;4;12;2017;01:35;0;AV PRS CASTELO BRANCO;;;0;;Colis?úo;;;;Meio de Quadra;;;0;0;2;0;0;0;0;0;0;0;0;0;;
316387;4;12;2017;07:11;0;RUA AVILA GOULART;;;47;;Colis?úo;Luz do Dia;;;Meio de Quadra;;;0;1;0;1;0;0;0;0;0;1;0;0;-3,736096610000000;-38,477721792000000
316396;4;12;2017;08:21;0;AV BEZERRA DE MENEZES;;;0;;Colis?úo;Luz do Dia;;;Meio de Quadra;;;0;2;0;1;0;0;0;0;0;1;0;0;;
316389;4;12;2017;07:23;0;ET DO ANCURI;;;1596;;Colis?úo;Luz do Dia;;;Meio de Quadra;;;0;1;0;0;0;0;0;0;0;0;0;0;;
316408;4;12;2017;11:57;0;RUA MARIA DOS SANTOS;;;526;;Colis?úo;Luz do Dia;;;Meio de Quadra;;;0;1;0;0;0;0;0;0;0;1;0;0;;
316404;4;12;2017;10:53;0;RUA CEL MATOS DOURADO;;;1277;;Colis?úo;Luz do Dia;;;Meio de Quadra;;;0;1;0;1;0;0;0;0;0;0;0;0;-3,749947000000000;-38,584271000000000
316392;4;12;2017;08:09;0;RUA CAP GUSTAVO;;;3300;;Colis?úo;Luz do Dia;;;Meio de Quadra;;;0;1;0;1;0;0;0;0;0;1;0;0;-3,749968000000000;-38,517730000000000
316401;4;12;2017;08:39;0;RUA URUCUTUBA;;;48;;Queda;Luz do Dia;;;Meio de Quadra;;;0;1;0;0;0;0;0;0;0;1;0;0;-3,798504000000000;-38,596516000000000
316446;4;12;2017;16:57;735;AV DR THEBERGE;AV TEN LISBOA;;0;;Atropelamento;Luz do Dia;;;T;Pare;Residencial;0;1;0;0;0;0;0;0;0;0;0;0;-3,720711000000000;-38,566942000000000
316415;4;12;2017;13:58;0;AV JOSE DO PATROCINIO;;;1435;;Colis?úo;Luz do Dia;;;Meio de Quadra;;;0;1;0;1;0;0;0;0;0;0;0;0;-3,765337000000000;-38,546186000000000
316416;4;12;2017;14:16;0;RUA FRANCISCO HOLANDA;;;690;;Colis?úo;Luz do Dia;;;Meio de Quadra;;;0;1;0;1;0;0;0;0;0;1;0;0;-3,748819200000000;-38,504480800000000
316417;4;12;2017;14:53;0;RUA RUI MONTE;;;362;;Colis?úo;Luz do Dia;;;Meio de Quadra;;;0;1;0;1;0;0;0;0;0;1;0;0;-3,742335500000000;-38,587351100000000
316423;4;12;2017;15:56;0;RUA CEL VIRGILIO NOGUEIRA (BOM JARDIM);;;1880;;Colis?úo;Luz do Dia;;;Meio de Quadra;;;0;1;0;0;0;0;0;0;0;1;0;0;;
316424;4;12;2017;16:39;0;RUA JOSE TORRES;;;202;;Atropelamento;Luz do Dia;;;Meio de Quadra;;;0;1;0;0;0;0;0;0;0;0;0;0;;
316514;4;12;2017;21:14;0;RUA URUCUTUBA;;;0;;Colis?úo;;;;Meio de Quadra;;;0;2;0;0;0;0;0;0;0;1;0;0;;
316518;4;12;2017;22:27;0;RUA PRO GOMES BRASIL;;;0;;Colis?úo;;;;Meio de Quadra;;;0;1;0;1;0;0;0;0;0;1;0;0;;
316522;4;12;2017;23:02;0;AV BEZERRA DE MENEZES;;;0;;Colis?úo;;;;Meio de Quadra;;;0;2;0;1;0;0;0;0;0;1;0;0;;
316498;4;12;2017;19:14;0;RUA PLACIDO DE CASTRO;;;38;;Colis?úo;;;;Meio de Quadra;;;0;2;0;1;0;0;0;0;0;1;0;0;-3,793695000000000;-38,581926000000000
316494;4;12;2017;19:05;0;RUA PRC ISABEL;;;1671;;Colis?úo;;;;Meio de Quadra;;;0;1;0;1;0;0;0;0;0;1;0;0;-3,735408000000000;-38,538072000000000
316482;4;12;2017;17:25;0;RUA PRA HELOISA F LIMA;;;640;;Colis?úo;Anoitecer;;;Meio de Quadra;;;0;1;0;1;0;0;0;0;0;1;0;0;-3,795821700000000;-38,499728200000000
316500;4;12;2017;21:01;0;ET DO JATOBA;;;2491;;Colis?úo;;;;Meio de Quadra;;;0;2;0;0;0;0;0;0;0;1;0;0;-3,795350000000000;-38,626620000000000
316491;4;12;2017;18:53;0;ET DO FIO (MESSEJANA);;;0;;Queda;;;;Meio de Quadra;;;0;1;0;0;0;0;0;0;0;1;0;0;;
316492;4;12;2017;18:59;0;RUA TARCISIO PEIXOTO;;;310;;Colis?úo;;;;Meio de Quadra;;;0;3;0;0;0;0;0;0;0;1;0;0;-3,749694000000000;-38,586120000000000
316489;4;12;2017;18:35;0;AV FRANCISCO SA;;;0;;Queda;;;;Meio de Quadra;;;0;1;0;0;0;0;0;0;0;1;0;0;;
316487;4;12;2017;17:33;0;AV PERIMETRAL;;;531;;Colis?úo;Anoitecer;;;Meio de Quadra;;;0;1;0;1;0;0;0;0;0;1;0;0;;
316461;4;12;2017;17:15;0;AV CEL CARVALHO;;;0;;Atropelamento;Anoitecer;;;Meio de Quadra;;;0;1;0;0;1;0;0;0;0;0;0;0;;
313299;4;12;2017;08:40;0;AV ANTONIO SALES;;;1740;;Colis?úo Lateral;Luz do Dia;;;;;;0;1;0;1;0;0;0;0;0;1;0;0;-3,743312000000000;-38,509299000000000
313301;4;12;2017;10:20;10392;RUA JOSE MENDONCA;RUA STA ADELIA;;0;;Colis?úo Transversal;Luz do Dia;;;Cruz;N?úo H?í Controle;Residencial;0;2;1;0;0;0;0;0;0;1;0;0;-3,759043000000000;-38,602545000000000
313246;4;12;2017;21:20;0;AV MON TABOSA;;;349;;Colis?úo Traseira;;;;Meio de Quadra;;;0;1;1;1;0;0;0;0;0;1;0;0;-3,723774000000000;-38,516240000000000
313113;4;12;2017;00:43;275;RUA PRO LINO ENCARNACAO;RUA ABILIO MARTINS;;0;;N?úo Informado;Via Iluminada;Bom;Seca;Cruz;N?úo H?í Controle;Residencial;0;0;2;1;1;0;0;0;0;0;0;0;-3,743109500000000;-38,560318000000000
313303;4;12;2017;16:00;0;AV DA ECOLOGIA;;;700;;Colis?úo;Luz do Dia;;;Meio de Quadra;;;0;0;2;1;0;0;0;0;0;0;0;0;-3,776629939000000;-38,512159682000000
312637;4;12;2017;00:05;12509;AV LINEU MACHADO;RUA ARARIPE MACEDO;;0;;Colis?úo Transversal;Via Iluminada;Bom;Seca;Cruz;Pare;Residencial;0;1;1;1;0;0;0;0;0;1;0;0;-3,771386000000000;-38,579704000000000
312646;4;12;2017;10:22;12818;RUA ALBERTO MAGNO;RUA ANDRE CHAVES;;0;;Colis?úo Transversal;Luz do Dia;Bom;Seca;Cruz;Pare;Comercial;0;0;2;1;0;0;0;0;0;0;0;0;-3,756119300000000;-38,542360000000000
312647;4;12;2017;12:37;0;AV PRS COSTA E SILVA;;;1734;;Colis?úo Lateral;Luz do Dia;Bom;Seca;Meio de Quadra;Sem?íforo;Residencial;0;0;1;1;0;0;0;0;0;1;0;0;-3,817474600000000;-38,565804000000000
312648;4;12;2017;12:56;0;AV PRS COSTA E SILVA;;;1734;;Colis?úo Traseira;Luz do Dia;Bom;Seca;Meio de Quadra;Sem?íforo;Residencial;0;0;2;1;0;0;0;0;0;0;0;0;-3,817561100000000;-38,565670000000000
312649;4;12;2017;12:33;0;RUA DEP OSWALDO STUDART;;;848;;Colis?úo Frontal;Luz do Dia;Bom;Seca;Meio de Quadra;Sem?íforo;Comercial;0;0;2;1;0;0;0;0;0;0;0;0;-3,756550800000000;-38,530980000000000
312650;4;12;2017;14:27;0;RUA PRO SILAS RIBEIRO;;;65;;Colis?úo Lateral;Luz do Dia;Bom;Seca;Meio de Quadra;Sem?íforo;Comercial;0;0;2;1;0;0;0;0;0;0;0;0;-3,736419000000000;-38,484413000000000
312651;4;12;2017;07:46;0;RUA DEP OSWALDO STUDART;;;848;;Colis?úo Traseira;Luz do Dia;Bom;Seca;Meio de Quadra;N?úo H?í Controle;Comercial;0;0;2;1;1;0;0;0;0;0;0;0;-3,757227700000000;-38,531258000000000
312652;4;12;2017;13:14;0;AV MOZART PINHEIRO DE LUCENA;;;850;;Colis?úo Lateral;Luz do Dia;Bom;Seca;Meio de Quadra;Pare;Residencial;0;1;1;0;0;0;0;0;0;1;0;0;-3,710462300000000;-38,593410000000000
312653;4;12;2017;13:45;0;RUA STO ANTONIO;;;12;;N?úo Informado;Luz do Dia;Bom;Seca;Meio de Quadra;Pare;Residencial;0;0;2;1;0;0;0;0;0;1;0;0;-3,743218000000000;-38,537193000000000
312654;4;12;2017;15:34;0;AV BORGES DE MELO;;;901;;Colis?úo Traseira;Luz do Dia;Bom;Seca;Meio de Quadra;N?úo H?í Controle;Comercial;0;0;1;0;0;0;0;0;0;1;0;0;-3,760645400000000;-38,527206000000000
312655;4;12;2017;15:50;0;AV AGUANAMBI;;;0;;Colis?úo Lateral;Luz do Dia;Bom;Seca;Meio de Quadra;Sem?íforo;Comercial;0;0;2;1;0;0;0;0;0;0;0;0;-3,738538700000000;-38,524880000000000
312656;4;12;2017;15:32;0;RUA CEL JOAQUIM FRANKLIN;;;0;;Colis?úo Transversal;Luz do Dia;Bom;Seca;Cruz;Pare;Residencial;0;0;1;1;0;0;0;0;0;1;0;0;-3,742377800000000;-38,587402000000000
312657;4;12;2017;14:55;13432;AV RUI BARBOSA;AV ANTONIO SALES;;0;;Colis?úo Transversal;Luz do Dia;Bom;Seca;Cruz;Sem?íforo;Comercial;0;1;0;0;0;0;0;0;0;1;0;0;-3,742653600000000;-38,511593000000000
312658;4;12;2017;16:31;0;RUA OSVALDO CRUZ;RUA FRANCISCO HOLANDA;;0;;Colis?úo Transversal;Luz do Dia;Bom;Seca;Cruz;Pare;Residencial;0;1;1;1;0;0;0;0;0;0;0;0;-3,748653400000000;-38,504578000000000
312659;4;12;2017;15:27;5490;AV VIS RIO BRANCO;AV AGUANAMBI;;0;;Colis?úo Transversal;Luz do Dia;Bom;Seca;Cruz;Sem?íforo;Comercial;0;0;2;1;0;0;0;0;0;0;0;0;-3,738407600000000;-38,523700000000000
312661;4;12;2017;12:30;4530;AV DEP PAULINO ROCHA;RUA TEN TITO BARROS;;0;;Colis?úo Transversal;Luz do Dia;Bom;Seca;T;Pare;Residencial;0;1;0;0;0;0;0;0;0;1;0;0;-3,801121200000000;-38,507435000000000
312662;4;12;2017;17:20;0;AV FRANCISCO SA;;;5438;;Engavetamento;Luz do Dia;Bom;Seca;Meio de Quadra;Sem?íforo;Comercial;0;0;3;1;1;0;0;0;0;0;0;0;-3,712153000000000;-38,572700000000000
312663;4;12;2017;18:28;24968;RUA VILEBALDO AGUIAR;AV ALM HENRIQUE SABOIA;;0;;Colis?úo Lateral;Via Iluminada;Bom;Seca;T;Gesto;Comercial;0;0;2;1;1;0;0;0;0;0;0;0;-3,740473500000000;-38,487520000000000
312639;4;12;2017;07:48;0;RUA JOAQUIM ALBANO;;;134;;Colis?úo Lateral;Luz do Dia;Bom;Seca;Meio de Quadra;N?úo H?í Controle;Comercial;0;0;2;1;0;0;0;0;0;0;0;0;-3,737275800000000;-38,585210000000000
312640;4;12;2017;02:00;0;RUA MANUEL CASTELO BRANCO;RUA BAR AQUIRAZ;;0;;Choque c/ Obst?ículo Fixo;Luz do Dia;Bom;Seca;Cruz;Sem?íforo;Comercial;0;0;1;1;0;0;0;0;0;0;0;0;-3,832620400000000;-38,490130000000000
312641;4;12;2017;08:50;0;AV BEZERRA DE MENEZES;;;981;;Colis?úo Lateral;Luz do Dia;Bom;Seca;Meio de Quadra;Sem?íforo;Comercial;0;0;0;1;0;0;0;0;1;0;0;0;-3,733498600000000;-38,553420000000000
312642;4;12;2017;09:01;5084;RUA PRC ISABEL;RUA SEN ALENCAR;;0;;Colis?úo Lateral;Luz do Dia;Bom;Seca;Cruz;Pare;Comercial;0;0;2;1;0;0;0;0;0;0;0;0;-3,722844100000000;-38,534435000000000
312643;4;12;2017;07:12;9033;RUA CEL SOLON;RUA DOM SEBASTIAO LEME;;0;;Colis?úo Transversal;Luz do Dia;Bom;Seca;Cruz;Pare;Residencial;0;0;2;1;0;0;0;0;0;1;0;0;-3,742911600000000;-38,526860000000000
312644;4;12;2017;08:00;9021;RUA CEL SOLON;AV FELINO BARROSO;;0;;Colis?úo Lateral;Luz do Dia;Bom;Seca;Cruz;N?úo H?í Controle;Comercial;0;1;1;1;0;0;0;0;0;0;0;0;-3,742987400000000;-38,528675000000000
312665;4;12;2017;17:00;0;RUA MAD ELISA BALDO;;;613;;Colis?úo Transversal;Via Iluminada;Bom;Seca;Cruz;N?úo H?í Controle;Residencial;0;0;1;1;0;0;0;0;0;1;0;0;-3,785570100000000;-38,545020000000000
312666;4;12;2017;19:18;7850;RUA JOSE VILAR;RUA CEL ALVES TEIXEIRA;;0;;Colis?úo Transversal;Via Iluminada;Bom;Seca;Cruz;Gesto;Residencial;0;0;2;1;0;0;0;0;0;0;0;0;-3,746714600000000;-38,508278000000000
312667;4;12;2017;18:58;0;RUA SEN POMPEU;;;834;;Colis?úo Traseira;Luz do Dia;Bom;Seca;Meio de Quadra;N?úo H?í Controle;Comercial;0;0;2;1;0;0;0;0;0;0;0;0;-3,726046800000000;-38,529360000000000
312668;4;12;2017;19:42;25153;RUA RAIMUNDO NERY;RUA ANTONIO COSTA MENDES;;0;;Colis?úo Lateral;Via Iluminada;Bom;Seca;Cruz;Pare;Residencial;0;0;2;0;0;0;0;0;0;1;0;0;-3,793361200000000;-38,586730000000000
312669;4;12;2017;20:40;0;AV 13 DE MAIO;;;2835;;Colis?úo Lateral;Via Iluminada;Bom;Seca;Meio de Quadra;N?úo H?í Controle;Comercial;0;0;0;1;0;0;0;0;0;0;0;0;-3,739439200000000;-38,540775000000000
312670;4;12;2017;20:04;19442;AV GODOFREDO MACIEL;RUA GERMANO FRANCK;;0;;Colis?úo Lateral;Via Iluminada;Bom;Seca;Y;Sem?íforo;Comercial;0;0;2;1;0;0;0;0;0;0;0;0;-3,779496400000000;-38,564600000000000
312677;4;12;2017;22:38;21372;AV JOVITA FEITOSA;RUA JOSE SOMBRA;;0;;N?úo Informado;Via Iluminada;Bom;Seca;T;Sem?íforo;Residencial;0;0;2;1;0;0;0;0;0;1;0;0;-3,737697600000000;-38,546300000000000
312678;5;12;2017;12:59;0;AV GODOFREDO MACIEL;;;4190;;Colis?úo Transversal;Luz do Dia;Bom;Seca;Meio de Quadra;Sem?íforo;Comercial;0;1;2;1;0;0;0;0;0;1;0;0;-3,811338000000000;-38,574700000000000
312679;5;12;2017;11:35;1328;RUA JOVINO GUEDES;RUA ILDEFONSO ALBANO;;0;;Colis?úo Transversal;Luz do Dia;Bom;Seca;Cruz;Pare;Escola;0;1;1;1;0;0;0;0;0;1;0;0;-3,735417400000000;-38,513966000000000
312680;5;12;2017;14:16;14967;AV GODOFREDO MACIEL;RUA JULIO ALCIDES;;0;;Colis?úo Transversal;Luz do Dia;Bom;Seca;T;Pare;Residencial;0;0;2;1;0;0;0;0;0;0;0;0;-3,787959300000000;-38,566590000000000
312681;5;12;2017;14:40;0;RUA PDE VALDEVINO;;;109;;Colis?úo Lateral;Luz do Dia;Bom;Seca;Meio de Quadra;N?úo H?í Controle;Comercial;0;0;2;1;0;0;0;0;0;0;0;0;-3,737144000000000;-38,523130000000000
312682;5;12;2017;15:09;0;RUA JOAQUIM ALBANO;RUA GAL GOIS MONTEIRO;;0;;Colis?úo Transversal;Luz do Dia;Bom;Seca;Cruz;Pare;Comercial;0;0;2;0;1;0;0;0;0;0;0;0;-3,734306600000000;-38,584244000000000
312683;5;12;2017;15:52;13211;RUA 58 CJ JOSE WALTER;RUA 91 CJ JOSE WALTER;;0;;Colis?úo Transversal;Luz do Dia;Bom;Seca;Cruz;N?úo H?í Controle;Residencial;0;1;1;0;0;0;0;0;0;1;0;0;-3,834081200000000;-38,554830000000000
312684;5;12;2017;14:30;7775;AV ANTONIO SALES;AV BAR STUDART;;0;;Colis?úo Lateral;Luz do Dia;Bom;Seca;Cruz;Sem?íforo;Comercial;0;0;2;1;0;0;0;0;0;0;0;0;-3,743473500000000;-38,509083000000000
312685;5;12;2017;13:27;0;RUA METON DE ALENCAR;;;1565;;Colis?úo Lateral;Luz do Dia;Bom;Seca;Meio de Quadra;N?úo H?í Controle;Comercial;0;0;2;1;0;0;0;0;0;0;0;0;-3,731335600000000;-38,537690000000000
312686;5;12;2017;16:50;12509;AV LINEU MACHADO;RUA ARARIPE MACEDO;;0;;Colis?úo Lateral;Luz do Dia;Bom;Seca;Cruz;Pare;Residencial;0;1;1;0;1;0;0;0;0;1;0;0;-3,771304100000000;-38,579586000000000
312687;5;12;2017;18:34;11158;RUA JOSE MENELEU D41;RUA JULIO GASPAR;;0;;Colis?úo Transversal;Via Iluminada;Bom;Seca;Cruz;Pare;Comercial;0;0;1;1;0;0;0;0;0;1;0;0;-3,784366100000000;-38,560867000000000
312688;5;12;2017;18:03;11608;AV JOSE LEON;RD BR 116;;0;;Colis?úo Lateral;Via Iluminada;Bom;Seca;T;Pare;Comercial;0;0;2;1;0;0;0;0;0;0;0;0;-3,786925000000000;-38,510830000000000
312689;5;12;2017;18:59;0;AV GAL OSORIO DE PAIVA;;;2435;;Colis?úo Traseira;Via Iluminada;Bom;Seca;Meio de Quadra;Sem?íforo;Residencial;0;2;1;0;1;0;0;0;0;1;0;0;-3,786971000000000;-38,584620000000000
312690;5;12;2017;18:30;17297;AV PRO GOMES DE MATOS;RUA EDUARDO ANGELIM;;1300;;Colis?úo Lateral;Anoitecer;Bom;Seca;Cruz;Pare;Comercial;0;0;2;0;1;0;0;0;0;0;0;0;-3,763705000000000;-38,547750000000000
312691;5;12;2017;19:51;5224;RUA PEREIRA FILGUEIRAS;RUA DOM JOAQUIM;;0;;Colis?úo Transversal;Via Iluminada;Bom;Seca;Cruz;Pare;Residencial;0;0;2;1;0;0;0;0;0;0;0;0;-3,727061500000000;-38,517025000000000
312692;5;12;2017;20:27;22886;RUA BERNARDO MANUEL;RUA INACIO PARENTE;;0;;Colis?úo Lateral;Anoitecer;Bom;Seca;Cruz;N?úo H?í Controle;Residencial;0;0;0;1;0;0;0;0;0;0;0;0;-3,781175900000000;-38,546143000000000
312693;5;12;2017;12:40;26072;AV GAL OSORIO DE PAIVA;RUA JOAO FAUSTINO RIBEIR;;0;;Colis?úo Lateral;Luz do Dia;Bom;Seca;T;Pare;Residencial;0;0;2;1;0;0;0;1;0;0;0;0;-3,801562800000000;-38,598730000000000
312694;5;12;2017;20:05;0;AV JOAO PESSOA;;;3498;;Colis?úo Transversal;Via Iluminada;Bom;Seca;Meio de Quadra;;;0;1;1;0;1;0;0;0;0;1;0;0;-3,745849000000000;-38,543415000000000
312695;5;12;2017;21:49;0;AV EDUARDO GIRAO;AV JOAO PESSOA;;0;SAGA;Colis?úo Traseira;Via Iluminada;Bom;Seca;Meio de Quadra;Sem?íforo;Comercial;0;0;2;1;0;0;0;0;0;0;0;0;-3,745805500000000;-38,543335000000000
312696;5;12;2017;22:21;0;AV AUGUSTO DOS ANJOS;;;812;;N?úo Informado;Via Iluminada;Bom;Seca;Meio de Quadra;Sem?íforo;Residencial;0;0;2;1;1;0;0;0;0;0;0;0;-3,774997000000000;-38,574574000000000
312671;5;12;2017;08:10;15821;AV JOR THOMAZ COELHO;RUA ANGELICA GURGEL;;0;;Colis?úo Lateral;Luz do Dia;Bom;Seca;T;Gesto;Comercial;0;0;2;1;1;0;0;0;0;0;0;0;-3,832335700000000;-38,499090000000000
312672;5;12;2017;08:44;25116;AV ROGACIANO LEITE;RUA PDE FRANCISCO PITA;;0;;Colis?úo Lateral;Luz do Dia;Bom;Seca;Cruz;Pare;Comercial;0;0;2;1;0;0;0;0;0;0;0;0;-3,780958200000000;-38,501820000000000
312673;5;12;2017;09:20;0;RUA GAL CLARINDO DE QUEIROZ;;;1274;;N?úo Informado;Luz do Dia;Bom;Seca;Meio de Quadra;N?úo H?í Controle;Comercial;0;0;1;1;0;0;0;1;0;0;0;0;-3,731012600000000;-38,535370000000000