COD_ACIDENTE;DIA;MES;ANO;HORA;INTERSECAO;LOG1;LOG2;LOG3;NUMERO;REFERENCIA;NATUREZA;ILUMINACAO;TEMPO;SUPERFICIEPISTA;TIPOCRUZAMENTO;CONTROLETRAFEGO;USOSOLO;MORTOS;FERIDOS;ILESOS;AUTOMOVEL;ONIBUS;BICICLETA;CAMINHAO;MICROONIBUS;CICLOMOTOR;MOTOCICLETA;TRACAOANIMAL;TREM;LATITUDE;LONGITUDE
312674;5;12;2017;10:02;0;AV PDE ANTONIO TOMAS;;;2012;;Colis?úo Traseira;Luz do Dia;Bom;Seca;Cruz;Sem?íforo;Comercial;0;0;2;1;0;0;0;0;0;0;0;0;-3,742393700000000;-38,506466000000000
312675;5;12;2017;09:30;0;AV 13 DE MAIO;;;0;;Colis?úo Traseira;Luz do Dia;Bom;Seca;Meio de Quadra;N?úo H?í Controle;Escola;0;0;2;1;1;0;0;0;0;0;0;0;-3,741394000000000;-38,538685000000000
312676;5;12;2017;09:25;5364;RUA GAL CLARINDO DE QUEIROZ;AV TRISTAO GONCALVES;;0;;Colis?úo Transversal;Luz do Dia;Bom;Seca;Cruz;Pare;Comercial;0;1;1;0;0;1;0;0;0;0;0;0;-3,731333500000000;-38,534542000000000
313275;5;12;2017;10:40;5201;RUA FLORIANO PEIXOTO;RUA SAO PAULO;;0;;Colis?úo Frontal;Luz do Dia;Bom;Seca;Cruz;Sem?íforo Intermitente;Comercial;0;0;2;0;0;0;0;0;0;1;0;0;-3,726281000000000;-38,526784000000000
313259;5;12;2017;11:40;5159;AV IMPERADOR;RUA GUILHERME ROCHA;;0;;Colis?úo Traseira;Luz do Dia;Bom;Seca;Cruz;Sem?íforo Intermitente;Comercial;0;1;1;1;0;0;0;0;0;1;0;0;-3,725081000000000;-38,533829000000000
313264;5;12;2017;16:20;0;AV JOSE BASTOS;;;0;;Colis?úo Traseira;Luz do Dia;Bom;Seca;Meio de Quadra;Sem?íforo;Comercial;0;0;2;1;0;0;0;0;0;0;0;0;;
313269;5;12;2017;14:00;18513;RUA MEXICO;RUA FRE JOSE MARIA;;0;;Colis?úo Lateral;Luz do Dia;Bom;Seca;Cruz;Pare;Residencial;0;1;1;1;0;0;0;0;0;1;0;0;-3,735020000000000;-38,575070000000000
313282;5;12;2017;18:30;21486;AV FRE CIRILO;RUA INACIO VASCONCELOS;;0;;Colis?úo Transversal;Via Iluminada;Bom;Seca;T;Pare;Comercial;0;0;2;1;0;0;0;0;0;0;0;0;-3,813936000000000;-38,499004000000000
313283;5;12;2017;19:30;15195;AV ABOLICAO;RUA JOSE NAPOLEAO;;0;;Colis?úo Lateral;;Bom;Seca;Cruz;Pare;Comercial;0;0;2;0;1;0;0;0;0;0;0;0;-3,726523000000000;-38,490302000000000
313278;5;12;2017;16:30;7990;RUA CARLOS CAMARA;RUA JOAO SORONGO;;0;;Colis?úo Lateral;Luz do Dia;Bom;Seca;Cruz;Pare;Comercial;0;0;2;1;0;0;0;0;0;0;0;0;-3,749406000000000;-38,545224000000000
316531;5;12;2017;00:02;0;RUA FAUSTO CABRAL;;;835;;Colis?úo;;;;Meio de Quadra;;;0;1;0;0;0;0;0;0;0;0;0;0;-3,734217000000000;-38,474535000000000
316610;5;12;2017;22:09;0;AV SGT HERMINIO SAMPAIO;;;1326;;Colis?úo;;;;Meio de Quadra;;;0;2;0;0;0;0;1;0;0;1;0;0;-3,724893000000000;-38,552455000000000
316611;5;12;2017;23:51;0;RUA RAD JOAO RAMOS (DUNAS);;;1257;;Colis?úo;;;;Meio de Quadra;;;0;1;0;0;0;0;1;0;0;1;0;0;;
316604;5;12;2017;19:52;0;RUA HELANO BRILHANTE;;;1181;;Colis?úo;;;;Meio de Quadra;;;0;1;0;0;0;0;0;0;0;0;0;0;;
316606;5;12;2017;20:41;0;AV MR HULL;;;8250;;Colis?úo;;;;Meio de Quadra;;;0;1;0;0;0;0;0;0;0;1;0;0;-3,742590463000000;-38,611129280000000
316607;5;12;2017;20:59;0;AV ENG SANTANA JUNIOR;;;784;;Atropelamento;;;;Meio de Quadra;;;0;1;0;0;0;0;0;0;0;1;0;0;-3,734920000000000;-38,481614000000000
316598;5;12;2017;18:37;15279;RUA ANA BILHAR;RUA VIS MAUA;;0;;Colis?úo;;;;Cruz;N?úo H?í Controle;Residencial;0;1;0;1;0;0;0;0;0;1;0;0;-3,729006000000000;-38,497138000000000
316599;5;12;2017;18:43;0;RUA 19 CJ ALTO ALEGRE;;;136;;Queda;;;;Meio de Quadra;;;0;1;0;0;0;1;0;0;0;0;0;0;-3,723481804000000;-38,477481641000000
316600;5;12;2017;19:24;0;RUA PDE PERDIGAO SAMPAIO;;;0;;Colis?úo;;;;Meio de Quadra;;;0;2;0;1;0;0;0;0;0;1;0;0;;
316601;5;12;2017;19:26;0;RUA DNA LUCIA PINHEIRO (QUINTINO CUNHA);;;130;;Colis?úo;;;;Meio de Quadra;;;0;2;0;1;0;0;0;0;0;1;0;0;-3,731967000000000;-38,598024000000000
316602;5;12;2017;19:32;0;RUA MAD ELISA BALDO;;;390;;Colis?úo;;;;Meio de Quadra;;;0;1;0;1;0;0;0;0;0;1;0;0;-3,786500300000000;-38,542401400000000
316587;5;12;2017;18:23;0;AV JOSE BASTOS;;;0;;Queda;Anoitecer;;;Meio de Quadra;;;0;1;0;0;0;0;0;0;0;1;0;0;;
316569;5;12;2017;17:05;17285;RUA JOAO FIRMINO;RUA IRM BAZET;;0;;Colis?úo;Anoitecer;;;Cruz;Pare;Escola;0;1;0;0;0;0;0;0;0;0;0;0;-3,762808000000000;-38,554308000000000
316575;5;12;2017;17:08;0;RUA CON DE CASTRO;;;6005;;Colis?úo;Anoitecer;;;Meio de Quadra;;;0;1;0;0;0;0;0;0;0;0;0;0;-3,815262000000000;-38,599282000000000
316585;5;12;2017;18:18;0;RUA CEL JOSE FILOMENO GOMES;;;1497;;Colis?úo;Anoitecer;;;Meio de Quadra;;;0;1;0;1;0;0;0;0;0;1;0;0;-3,780810500000000;-38,488196000000000
316580;5;12;2017;18:00;0;AV MR HULL;;;0;;Atropelamento;Anoitecer;;;Meio de Quadra;;;0;1;0;0;0;0;0;0;0;1;0;0;;
316557;5;12;2017;12:43;0;RUA MARTINS NETO;;;77;;Queda;Luz do Dia;;;Meio de Quadra;;;0;1;0;0;0;0;0;0;0;1;0;0;-3,739829000000000;-38,584742000000000
316558;5;12;2017;14:15;0;AV DR SILAS MUNGUBA;;;421;;Atropelamento;Luz do Dia;;;Meio de Quadra;;;0;1;0;0;0;0;0;0;0;1;0;0;-3,778006000000000;-38,561553000000000
316551;5;12;2017;11:42;3368;RUA AMAZONAS;RUA RIO GRANDE DO SUL;;0;;Colis?úo;Luz do Dia;;;Cruz;Pare;Residencial;0;3;0;1;0;0;0;0;0;1;0;0;-3,753306000000000;-38,564164000000000
316562;5;12;2017;15:40;0;AV LINEU MACHADO;;;0;;Colis?úo;Luz do Dia;;;Meio de Quadra;;;0;1;0;1;0;0;0;0;0;1;0;0;;
316560;5;12;2017;15:36;3928;AV IMPERADOR;RUA ANTONIO POMPEU;;0;;Colis?úo;Luz do Dia;;;Cruz;Sem?íforo;Escola;0;1;0;1;0;0;0;0;0;1;0;0;-3,733045000000000;-38,536179000000000
316540;5;12;2017;07:09;0;RUA PDE PEDRO DE ALENCAR;;;505;;Atropelamento;Luz do Dia;;;Meio de Quadra;;;0;1;0;0;0;0;0;0;0;1;0;0;-3,832319000000000;-38,494009000000000
316535;5;12;2017;05:06;5219;AV TRISTAO GONCALVES;RUA LIBERATO BARROSO;;0;;Atropelamento;Amanhecer;;;Cruz;Sem?íforo;Comercial;0;1;0;0;1;0;0;0;0;0;0;0;-3,726826000000000;-38,533116000000000
316549;5;12;2017;11:34;0;AV FRANCISCO SA;;;1793;;Queda;Luz do Dia;;;Meio de Quadra;;;0;1;0;0;0;1;0;0;0;0;0;0;-3,722483000000000;-38,541863000000000
316544;5;12;2017;11:06;0;RUA SAO JOAO D20;;;250;;Colis?úo;Luz do Dia;;;Meio de Quadra;;;0;1;0;0;0;0;0;0;0;0;0;0;;
316545;5;12;2017;11:16;0;RD BR 116;;;13000;KM-13;Colis?úo;Luz do Dia;;;Meio de Quadra;;;0;1;0;0;0;0;1;0;0;1;0;0;-3,864670000000000;-38,497727000000000
315355;5;12;2017;07:50;0;AV SEN CARLOS JEREISSATI (AEROPORTO);;;0;KM 01;Colis?úo;Luz do Dia;Bom;Seca;Meio de Quadra;;;0;3;0;0;0;0;0;0;0;1;0;0;-3,783753000000000;-38,526850000000000
315356;5;12;2017;09:15;0;RD CE-040;;;0;KM-11;Colis?úo;Luz do Dia;Bom;Seca;Meio de Quadra;;;0;0;3;1;0;0;0;0;0;0;0;0;-3,849626230000000;-38,476069890000000
315357;5;12;2017;13:10;0;AV SEN CARLOS JEREISSATI (AEROPORTO);;;0;KM 03;Colis?úo;Luz do Dia;Bom;Seca;Meio de Quadra;;;0;0;2;1;1;0;0;0;0;0;0;0;-3,779641000000000;-38,544038000000000
315359;6;12;2017;06:25;0;RD CE-040;;;0;KM-05;Colis?úo;Luz do Dia;Bom;Seca;Meio de Quadra;;;0;0;2;1;1;0;0;0;0;0;0;0;-3,800595823000000;-38,479534630000000
315361;6;12;2017;07:25;0;RD CE-040;;;0;KM-01;Colis?úo;Luz do Dia;Bom;Seca;Meio de Quadra;;;0;0;1;0;0;0;0;0;0;0;0;0;-3,764650449000000;-38,482583040000000
315362;6;12;2017;19:00;0;RD CE-040;;;0;KM-07;Colis?úo;;Bom;Seca;Meio de Quadra;;;0;0;3;1;1;0;0;0;0;0;0;0;-3,817159445000000;-38,483032860000000
316613;6;12;2017;06:01;0;RUA BARRA VERMELHA;;;570;;Colis?úo;Luz do Dia;;;Meio de Quadra;;;0;1;0;0;0;0;0;0;0;0;0;0;;
316618;6;12;2017;06:35;0;AV ALBERTO CRAVEIRO;;;0;;Queda;Luz do Dia;;;Meio de Quadra;;;0;1;0;0;0;0;0;0;0;1;0;0;;
316627;6;12;2017;07:58;0;AV MON TABOSA;;;1600;;Atropelamento;Luz do Dia;;;Meio de Quadra;;;0;1;0;0;0;0;0;0;0;1;0;0;-3,724508000000000;-38,504638000000000
316620;6;12;2017;07:11;0;RUA JOSE MENDONCA;;;2965;;Colis?úo;Luz do Dia;;;Meio de Quadra;;;0;3;0;0;0;0;0;0;0;1;0;0;;
316623;6;12;2017;07:20;0;RUA HONORIO VIEIRA;;;1021;;Colis?úo;Luz do Dia;;;Meio de Quadra;;;0;1;0;1;0;1;0;0;0;0;0;0;-3,787038000000000;-38,486512000000000
316624;6;12;2017;07:25;0;TR SOROCABA;;;75;;Colis?úo;Luz do Dia;;;Meio de Quadra;;;0;1;0;1;0;0;0;0;0;1;0;0;-3,754529100000000;-38,577745061000000
316625;6;12;2017;07:53;17433;RUA CESAR ROSSAS;RUA PRO TEODORICO;;0;;Colis?úo;Luz do Dia;;;Cruz;Pare;Residencial;0;1;0;0;0;0;0;0;0;1;0;0;-3,768770000000000;-38,553473000000000
316635;6;12;2017;09:04;0;AV DR SILAS MUNGUBA;;;6453;;Colis?úo;Luz do Dia;;;Meio de Quadra;;;0;1;0;0;1;0;1;0;0;0;0;0;-3,800497000000000;-38,530267000000000
316632;6;12;2017;08:17;0;AV ALBERTO CRAVEIRO;;;630;;Queda;Luz do Dia;;;Meio de Quadra;;;0;1;0;0;0;0;0;0;0;1;0;0;-3,783687000000000;-38,516858000000000
316646;6;12;2017;10:29;0;RUA POMPILIO GOMES;;;633;;Colis?úo;Luz do Dia;;;Meio de Quadra;;;0;1;0;1;0;0;0;0;0;1;0;0;-3,817215500000000;-38,520710700000000
316643;6;12;2017;10:06;0;RUA MON HIPOLITO BRASIL;;;2315;;Colis?úo;Luz do Dia;;;Meio de Quadra;;;0;1;0;0;0;0;0;0;0;1;0;0;-3,754620900000000;-38,586833500000000
316640;6;12;2017;09:04;25233;RD BR 116;AV FRE CIRILO;;0;;Colis?úo;Luz do Dia;;;;;;0;1;0;1;0;0;0;0;0;1;0;0;-3,809622000000000;-38,500868000000000
316641;6;12;2017;09:58;0;RUA PARANAGUA;;;1072;;Atropelamento;Luz do Dia;;;Meio de Quadra;;;0;1;0;1;0;0;0;0;0;0;0;0;;
316679;6;12;2017;18:26;0;RUA PEDRO DANTAS;;;335;;Atropelamento;Anoitecer;;;Meio de Quadra;;;0;2;0;0;0;0;0;0;0;1;0;0;-3,786132000000000;-38,520688000000000
316686;6;12;2017;19:23;0;AV DOS EXPEDICIONARIOS;;;3260;;Colis?úo;;;;Meio de Quadra;;;0;1;0;1;0;0;0;0;0;1;0;0;-3,747480157000000;-38,535922765000000
316687;6;12;2017;19:53;0;RUA OUTONO;;;118;;Colis?úo;;;;Meio de Quadra;;;0;1;0;0;0;0;0;0;0;0;0;0;-3,774700000000000;-38,554275000000000
316667;6;12;2017;17:27;0;RUA PRO MIRAMAR DA PONTE;;;553;;Atropelamento;Anoitecer;;;Meio de Quadra;;;0;1;0;0;0;0;0;0;0;1;0;0;-3,759776000000000;-38,584727000000000
316668;6;12;2017;17:58;0;RUA MAL BITENCOURT;;;1067;;Colis?úo;Anoitecer;;;Meio de Quadra;;;0;1;0;1;0;0;0;0;0;1;0;0;-3,793289000000000;-38,530394000000000
316662;6;12;2017;15:46;0;AV GOV RAUL BARBOSA;;;7142;;Colis?úo;Luz do Dia;;;Meio de Quadra;;;0;1;0;1;0;0;0;0;0;1;0;0;-3,775148000000000;-38,512979000000000
316663;6;12;2017;16:23;0;AV DUQ CAXIAS;;;648;;Colis?úo;Luz do Dia;;;Meio de Quadra;;;0;1;0;0;0;0;0;0;0;1;0;0;-3,731611000000000;-38,530410000000000
316665;6;12;2017;17:18;0;AV ABOLICAO;;;0;;Colis?úo;Anoitecer;;;Meio de Quadra;;;0;1;0;1;0;0;0;0;0;1;0;0;;
316655;6;12;2017;12:47;0;AV WASHINGTON SOARES;;;4055;;Colis?úo;Luz do Dia;;;Meio de Quadra;;;0;1;0;1;0;0;0;0;0;1;0;0;-3,792404000000000;-38,480217000000000
316653;6;12;2017;12:44;0;AV PRS CASTELO BRANCO;;;2785;;Atropelamento;Luz do Dia;;;Meio de Quadra;;;0;1;0;1;0;0;0;0;0;0;0;0;-3,712525000000000;-38,552620000000000
316649;6;12;2017;10:52;0;AV GAL OSORIO DE PAIVA;;;1280;;Atropelamento;Luz do Dia;;;Meio de Quadra;;;0;1;0;1;0;0;0;0;0;0;0;0;-3,779873000000000;-38,573244000000000
316650;6;12;2017;11:43;0;AV PRS JUSCELINO KUBITSCHEK (PASSAR?ë);;;5800;;Colis?úo;Luz do Dia;;;Meio de Quadra;;;0;1;0;0;0;0;0;0;0;0;0;0;;
316651;6;12;2017;12:04;0;AV SGT HERMINIO SAMPAIO;;;841;;Atropelamento;Luz do Dia;;;Meio de Quadra;;;0;1;0;1;0;0;0;0;0;0;0;0;-3,724533000000000;-38,548192000000000
316657;6;12;2017;12:47;0;AV FRANCISCO SA;;;4180;;Colis?úo;Luz do Dia;;;Meio de Quadra;;;0;1;0;1;0;0;0;0;0;1;0;0;-3,715787000000000;-38,562154000000000
316695;6;12;2017;23:06;0;AV FRANCISCO SA;;;3568;;Colis?úo;;;;Meio de Quadra;;;0;1;0;1;0;0;0;0;0;1;0;0;-3,717558700000000;-38,556520700000000
316693;6;12;2017;22:12;0;RUA ASTROGILDO FONTOURA;;;641;;Atropelamento;;;;Meio de Quadra;;;0;1;0;1;0;0;0;0;0;0;0;0;-3,712064000000000;-38,584981000000000
316673;6;12;2017;18:02;0;RUA SAO FRANCISCO D34;;;1044;;Atropelamento;Anoitecer;;;Meio de Quadra;;;0;1;0;1;0;0;0;0;0;0;0;0;-3,714259200000000;-38,566591000000000
316689;6;12;2017;20:36;0;ET DO FIO (MESSEJANA);;;1233;;Colis?úo;;;;Meio de Quadra;;;0;1;0;0;0;0;0;0;0;0;0;0;;
316690;6;12;2017;21:16;0;AV PRS COSTA E SILVA;;;0;;Colis?úo;;;;Meio de Quadra;;;0;1;0;1;0;0;0;0;0;1;0;0;;
326071;6;12;2017;09:15;0;RD BR 116;;;100;KM-07;Colis?úo Lateral;Luz do Dia;;Seca;Meio de Quadra;;;0;1;2;1;0;0;0;0;0;1;0;0;-3,795955900000000;-38,507225300000000
298138;6;12;2017;16:20;0;RUA PEDRO DANTAS;;;297;;Atropelamento;Luz do Dia;;;Meio de Quadra;;;1;1;0;0;0;0;0;0;0;1;0;0;-3,786260000000000;-38,519972000000000
313338;6;12;2017;03:00;0;AV PRS COSTA E SILVA;;;4107;;Choque c/ Obst?ículo Fixo;Via Iluminada;Bom;Seca;Meio de Quadra;N?úo H?í Controle;Comercial;0;1;0;1;0;0;0;0;0;0;0;0;-3,824673000000000;-38,543657000000000
312753;6;12;2017;22:11;0;RUA BERNARDO MANUEL;;;13420;;Colis?úo Lateral;Via Iluminada;Bom;Seca;Meio de Quadra;Pare;Residencial;0;1;1;1;0;0;0;0;0;1;0;0;-3,833574500000000;-38,561980000000000
312697;6;12;2017;07:46;19714;RUA GUSTAVO SAMPAIO;RUA ERICO MOTA;;0;;Colis?úo Transversal;Luz do Dia;Nublado;Seca;Cruz;Pare;Residencial;0;0;2;1;0;0;0;0;0;0;0;0;-3,736604700000000;-38,562687000000000
312698;6;12;2017;08:50;8987;AV DUQ CAXIAS;RUA LIVREIRO ARLINDO;;0;;Colis?úo Transversal;Luz do Dia;Chuva;Molhada;Cruz;Pare;Residencial;0;2;0;0;0;1;0;0;0;1;0;0;-3,727363300000000;-38,543700000000000
312699;6;12;2017;08:30;0;AV DOMINGOS OLIMPIO;;;0;;Engavetamento;Luz do Dia;Bom;Molhada;Meio de Quadra;N?úo H?í Controle;Comercial;0;0;4;1;0;0;0;0;0;0;0;0;-3,738052000000000;-38,526592000000000
312700;6;12;2017;10:02;0;AV TRISTAO GONCALVES;;;1177;;Colis?úo Traseira;Luz do Dia;Bom;Seca;Cruz;N?úo H?í Controle;Comercial;0;0;2;1;0;0;0;0;0;0;0;0;-3,732246600000000;-38,534750000000000
312701;6;12;2017;10:05;0;AV PRS CASTELO BRANCO;;;5818;;Colis?úo Traseira;Luz do Dia;Chuva;Molhada;Meio de Quadra;N?úo H?í Controle;Comercial;0;0;2;1;0;0;0;0;0;0;0;0;-3,702528700000000;-38,582623000000000
312702;6;12;2017;08:32;0;AV IMPERADOR;;;1305;;Colis?úo Lateral;Luz do Dia;Chuva;Molhada;Meio de Quadra;N?úo H?í Controle;Escola;0;0;2;0;1;0;0;0;0;1;0;0;-3,732678000000000;-38,535976000000000
312703;6;12;2017;11:17;0;RUA FONSECA LOBO;;;1548;;Colis?úo Lateral;Luz do Dia;Bom;Seca;T;Pare;Residencial;0;0;2;0;0;0;0;0;0;0;0;0;-3,745938000000000;-38,491810000000000
312704;6;12;2017;09:57;0;AV HIS RAIMUNDO GIRAO;;;800;;Colis?úo Lateral;Luz do Dia;Bom;Seca;Meio de Quadra;Sem?íforo;Residencial;0;0;2;1;0;0;0;0;0;0;0;0;-3,722080000000000;-38,508583000000000
312705;6;12;2017;10:38;7608;AV DR SILAS MUNGUBA;RUA MAL BITENCOURT;;4956;;Colis?úo Traseira;Luz do Dia;Bom;Seca;T;Sem?íforo;Comercial;0;0;2;1;0;0;0;0;0;0;0;0;-3,796711000000000;-38,531800000000000
312706;6;12;2017;11:07;8936;AV DOMINGOS OLIMPIO;RUA PRC ISABEL;;0;;Colis?úo Lateral;Luz do Dia;Bom;Seca;Cruz;Sem?íforo;Comercial;0;1;1;0;0;0;0;0;0;1;0;0;-3,734397600000000;-38,537840000000000
312707;6;12;2017;11:15;0;AV DR SILAS MUNGUBA;;;4850;;Queda;Luz do Dia;Bom;Seca;Meio de Quadra;N?úo H?í Controle;Comercial;0;0;1;0;0;0;0;0;0;1;0;0;-3,796372400000000;-38,532020000000000
312708;6;12;2017;10:53;0;RUA BARRA VERMELHA;RUA 24 DE JUNHO;;0;;Colis?úo Transversal;Luz do Dia;Bom;Seca;Cruz;Pare;Residencial;0;0;1;0;1;0;0;0;0;1;0;0;-3,780497800000000;-38,612690000000000
312709;6;12;2017;11:45;0;AV PRS COSTA E SILVA;;;4797;CHESF;Choque c/ Obst?ículo Fixo;Luz do Dia;Bom;Seca;Meio de Quadra;N?úo H?í Controle;Residencial;0;0;1;0;0;0;0;0;0;0;0;0;-3,826524500000000;-38,537450000000000
312710;6;12;2017;11:28;0;AV GAL OSORIO DE PAIVA;;;1290;;Atropelamento;Luz do Dia;Bom;Seca;Meio de Quadra;Sem?íforo;Comercial;0;2;0;0;0;0;0;0;0;1;0;0;-3,779797600000000;-38,573273000000000
312711;6;12;2017;08:00;0;AV DR SILAS MUNGUBA;;;6451;;Colis?úo Traseira;Luz do Dia;Bom;Seca;Meio de Quadra;N?úo H?í Controle;Residencial;0;0;2;0;1;0;0;0;0;0;0;0;-3,800872300000000;-38,530110000000000
312712;6;12;2017;14:57;0;RUA TIBURCIO CAVALCANTE;;;2410;;Colis?úo Traseira;Luz do Dia;Bom;Seca;T;Pare;Residencial;0;0;2;1;0;0;0;0;0;0;0;0;-3,746184600000000;-38,505768000000000
312713;6;12;2017;13:36;580;AV FRANCISCO SA;RUA FRE TEOBALDO;;0;;Colis?úo Transversal;Luz do Dia;Bom;Seca;Cruz;Pare;Comercial;0;0;2;1;0;0;0;0;0;1;0;0;-3,715909500000000;-38,562244000000000
312714;6;12;2017;14:20;17400;RUA BAR SOBRAL;RUA EDITE BRAGA;;0;;Colis?úo Traseira;Luz do Dia;Bom;Seca;Cruz;Pare;Residencial;0;1;1;1;0;0;0;0;0;1;0;0;-3,767547800000000;-38,553370000000000
312715;6;12;2017;15:30;17294;RUA JOAO FIRMINO;RUA CEL ALEXANDRINO;;330;;Colis?úo Transversal;Luz do Dia;Bom;Seca;Cruz;Pare;Residencial;0;0;2;1;0;0;0;0;0;0;0;0;-3,763538000000000;-38,554870000000000
312716;6;12;2017;15:49;14585;RUA NUBIA BARROCAS;AV EDILSON B SOARES;;0;;Colis?úo Traseira;Luz do Dia;Bom;Seca;Cruz;Pare;Residencial;0;0;2;1;0;0;0;0;0;0;0;0;-3,789504300000000;-38,482270000000000
312717;6;12;2017;15:44;0;AV GAL OSORIO DE PAIVA;;;5858;;Colis?úo Traseira;Luz do Dia;Bom;Seca;Meio de Quadra;Sem?íforo;Comercial;0;0;2;1;0;0;0;0;0;1;0;0;-3,807579500000000;-38,604860000000000
312718;6;12;2017;16:00;15144;AV RUI BARBOSA;AV MON TABOSA;;0;;Colis?úo Traseira;Luz do Dia;Bom;Seca;Cruz;Sem?íforo;Lazer;0;0;2;1;0;0;0;0;0;0;0;0;-3,724607700000000;-38,505780000000000
312719;6;12;2017;16:28;0;VL JD PRINCESA ISABEL;AV DOMINGOS OLIMPIO;;0;;Colis?úo Transversal;Luz do Dia;Bom;Seca;Cruz;Sem?íforo;Comercial;0;0;2;1;0;0;0;0;0;0;0;0;-3,734590300000000;-38,537838000000000
312720;6;12;2017;16:43;0;AV IMPERADOR;;;1367;;Colis?úo Traseira;Luz do Dia;Bom;Seca;Meio de Quadra;Sem?íforo;Comercial;0;0;2;1;0;0;0;0;0;1;0;0;-3,733217700000000;-38,536243000000000
312721;6;12;2017;16:52;17412;RUA BAR SOBRAL;RUA ALBERTO MAGNO;;0;;Colis?úo Transversal;Luz do Dia;Bom;Seca;Cruz;Sem?íforo;Comercial;0;0;2;1;0;0;0;0;0;1;0;0;-3,768039700000000;-38,552486000000000
312722;6;12;2017;17:31;0;AV JOAO PESSOA;;;0;IMPARH;Colis?úo Traseira;Anoitecer;Bom;Seca;T;D?¬ Prefer?¬ncia;Comercial;0;0;2;1;0;0;0;0;0;0;0;0;-3,760368000000000;-38,556507000000000
312723;6;12;2017;17:28;0;RUA ADOLFO CAMINHA;;;97;;Colis?úo Lateral;Luz do Dia;Bom;Seca;Meio de Quadra;N?úo H?í Controle;Comercial;0;0;2;0;1;0;0;0;0;0;0;0;-3,721109600000000;-38,524050000000000
312724;6;12;2017;22:28;0;RUA BERNARDO MANUEL;;;13420;;Colis?úo Traseira;Via Iluminada;Bom;Seca;T;Pare;Residencial;0;0;2;1;0;0;0;0;0;0;0;0;-3,833558600000000;-38,561905000000000
312808;6;12;2017;20:30;7884;AV ANTONIO SALES;RUA VICENTE LEITE;;2850;;Colis?úo Transversal;Mal Iluminada;Bom;Seca;Cruz;Pare;Comercial;0;0;2;0;0;0;0;0;0;0;0;0;-3,746702400000000;-38,498535000000000
306130;6;12;2017;14:10;0;RD BR 222;;;800;KM-01;Atropelamento;Luz do Dia;;Seca;Meio de Quadra;;;1;0;1;1;0;0;0;0;0;0;0;0;-3,738960400000000;-38,584475000000000
306073;7;12;2017;07:40;0;RUA NEREU RAMOS;;;1007;;Colis?úo Lateral;Luz do Dia;;;Meio de Quadra;;;1;1;1;1;0;0;0;0;0;1;0;0;-3,783199000000000;-38,575469000000000
306074;7;12;2017;09:10;18931;RUA SILVINHA TELES D69;AV IRACEMA (CJ PALMEIRAS);;0;;Atropelamento;Luz do Dia;;;Cruz;Pare;Residencial;1;0;0;0;0;0;0;0;0;1;0;0;-3,846032000000000;-38,529448000000000
312767;7;12;2017;18:26;0;AV ALM HENRIQUE SABOIA;;;200;;Colis?úo Frontal;Luz do Dia;Bom;Seca;T;N?úo H?í Controle;Comercial;0;0;0;0;0;0;0;0;0;1;0;0;-3,724248600000000;-38,480340000000000
312725;7;12;2017;00:20;15812;RUA MANUEL CASTELO BRANCO;RUA CEL FRANCISCO PEREIRA (MESSEJANA);;0;;Engavetamento;Via Iluminada;Bom;Seca;Cruz;Sem?íforo;Comercial;0;1;2;1;0;0;0;0;0;1;0;0;-3,831815000000000;-38,492720000000000
312726;7;12;2017;06:49;19953;RUA ARTUR DE CARVALHO;RUA FRANCISCO LORDA;;0;;Colis?úo Transversal;Luz do Dia;Bom;Seca;Cruz;Pare;Residencial;0;1;1;1;0;0;0;0;0;1;0;0;-3,760903600000000;-38,534702000000000
312727;7;12;2017;07:00;0;AV PDE ANTONIO TOMAS;;;2331;;Colis?úo Lateral;Luz do Dia;Bom;Seca;Meio de Quadra;N?úo H?í Controle;Comercial;0;1;1;1;0;0;0;0;0;1;0;0;-3,742847000000000;-38,491173000000000
312728;7;12;2017;07:42;0;AV JOSE BASTOS;;;4530;;Choque c/ Obst?ículo Fixo;Luz do Dia;Bom;Seca;Meio de Quadra;N?úo H?í Controle;Comercial;0;1;0;1;0;0;0;0;0;0;0;0;-3,756170000000000;-38,556736000000000
312729;7;12;2017;09:00;0;RUA GONCALVES LEDO;;;702;UNIMED;Colis?úo Lateral;Luz do Dia;Bom;Seca;Meio de Quadra;N?úo H?í Controle;Comercial;0;0;2;1;0;0;0;0;0;1;0;0;-3,729957800000000;-38,515644000000000
312730;7;12;2017;09:30;6724;AV SANTOS DUMONT;AV ENG SANTANA JUNIOR;;0;;Colis?úo Lateral;Luz do Dia;Bom;Seca;Cruz;N?úo H?í Controle;Comercial;0;0;2;1;1;0;0;0;0;0;0;0;-3,740590800000000;-38,485325000000000
312731;7;12;2017;10:44;0;AV SGT HERMINIO SAMPAIO;;;3980;;Colis?úo Lateral;Luz do Dia;Bom;Seca;Meio de Quadra;N?úo H?í Controle;Comercial;0;0;2;1;0;0;0;0;0;0;0;0;-3,730372400000000;-38,576374000000000