COD_ACIDENTE;DIA;MES;ANO;HORA;INTERSECAO;LOG1;LOG2;LOG3;NUMERO;REFERENCIA;NATUREZA;ILUMINACAO;TEMPO;SUPERFICIEPISTA;TIPOCRUZAMENTO;CONTROLETRAFEGO;USOSOLO;MORTOS;FERIDOS;ILESOS;AUTOMOVEL;ONIBUS;BICICLETA;CAMINHAO;MICROONIBUS;CICLOMOTOR;MOTOCICLETA;TRACAOANIMAL;TREM;LATITUDE;LONGITUDE
312732;7;12;2017;09:15;24955;AV ALM HENRIQUE SABOIA;AV ANTONIO JUSTA;;1;;Colis?úo Lateral;Luz do Dia;Bom;Seca;T;Pare;Comercial;0;0;2;1;1;0;0;0;0;0;0;0;-3,731605300000000;-38,482570000000000
312733;7;12;2017;11:58;0;AV PRS CASTELO BRANCO;;;0;;Colis?úo Frontal;Luz do Dia;Bom;Seca;Y;D?¬ Prefer?¬ncia;Comercial;0;1;0;0;0;0;0;0;0;1;0;0;-3,720660000000000;-38,528570000000000
312734;7;12;2017;13:09;0;RUA GERMANO FRANCK;;;0;;Colis?úo Traseira;Luz do Dia;Bom;Seca;Meio de Quadra;N?úo H?í Controle;Comercial;0;0;2;1;1;0;0;0;0;0;0;0;-3,776809000000000;-38,561775000000000
312735;7;12;2017;13:46;0;AV 13 DE MAIO;;;1573;;N?úo Informado;Luz do Dia;Bom;Seca;Meio de Quadra;N?úo H?í Controle;Comercial;0;0;2;1;0;0;0;0;0;0;0;0;-3,746675700000000;-38,532430000000000
312736;7;12;2017;12:40;5490;AV DOM MANUEL;RUA ANTONIO POMPEU;;0;;Colis?úo Lateral;Luz do Dia;Bom;Seca;Cruz;Sem?íforo;Comercial;0;1;1;1;0;0;0;0;0;1;0;0;-3,736988300000000;-38,524204000000000
312737;7;12;2017;13:20;5490;AV DOM MANUEL;RUA ANTONIO POMPEU;;0;;Colis?úo Lateral;Luz do Dia;Bom;Seca;Cruz;Sem?íforo;Comercial;0;0;2;1;1;0;0;0;0;0;0;0;-3,736995700000000;-38,524180000000000
312738;7;12;2017;12:45;0;RUA STA LIDUINA D42;;;339;;Colis?úo Transversal;Luz do Dia;Bom;Seca;Meio de Quadra;N?úo H?í Controle;Comercial;0;0;2;1;0;0;0;0;0;0;0;0;-3,835885800000000;-38,561245000000000
312739;7;12;2017;12:50;22990;AV DR SILAS MUNGUBA;RUA AMERICO VESPUCIO;;0;;Colis?úo Transversal;Luz do Dia;Bom;Seca;T;Gesto;Comercial;0;1;0;0;0;0;0;0;0;1;0;0;-3,786584900000000;-38,549850000000000
312740;7;12;2017;14:40;0;RUA JOAQUIM ALBANO;;;139;;Colis?úo Lateral;Luz do Dia;Bom;Seca;Duplo T;Sem?íforo;Comercial;0;0;1;1;0;0;0;0;0;0;0;0;-3,736620400000000;-38,584670000000000
312741;7;12;2017;14:48;15126;AV HIS RAIMUNDO GIRAO;AV RUI BARBOSA;;0;;Colis?úo Lateral;Luz do Dia;Bom;Seca;Cruz;Sem?íforo;Comercial;0;0;2;0;1;0;0;0;0;0;0;0;-3,723604000000000;-38,505512000000000
312742;7;12;2017;15:10;10730;AV SEN FERNANDES TAVORA;RUA VITORIA (AV. PERIMETRAL);;0;;Colis?úo Transversal;Luz do Dia;Bom;Seca;Cruz;Sem?íforo;Comercial;0;0;2;1;0;0;0;0;0;0;0;0;-3,760179300000000;-38,585884000000000
312743;7;12;2017;14:30;11739;RUA JULIO BRAGA;RUA MON VICENTE MARTINS;;0;;Colis?úo Lateral;Luz do Dia;Bom;Seca;T;Gesto;Comercial;0;0;2;1;0;0;0;0;0;1;0;0;-3,774732800000000;-38,582737000000000
312744;7;12;2017;15:50;13260;AV J CJ JOSE WALTER;RUA 60 CJ JOSE WALTER;;0;;Colis?úo Lateral;Luz do Dia;Bom;Seca;Cruz;N?úo H?í Controle;Residencial;0;0;2;1;0;0;0;0;0;0;0;0;-3,836929800000000;-38,557396000000000
312754;7;12;2017;18:10;3211;RUA VERBENA;RUA EMILIO DE MENESES;;0;;Colis?úo Transversal;Via Iluminada;Bom;Seca;Cruz;Sem?íforo;Comercial;0;1;0;0;0;0;0;0;0;1;0;0;-3,781356800000000;-38,588800000000000
312755;7;12;2017;19:30;0;AV 13 DE MAIO;;;0;REITORIA;Colis?úo Traseira;Via Iluminada;Bom;Seca;Meio de Quadra;N?úo H?í Controle;Escola;0;0;2;1;0;0;0;0;0;1;0;0;-3,741535200000000;-38,538406000000000
312756;7;12;2017;22:20;15233;RUA JULIO IBIAPINA;RUA JUAZEIRO DO NORTE;;0;;Colis?úo Transversal;Via Iluminada;Bom;Seca;Cruz;Pare;Comercial;0;0;2;1;0;0;0;0;0;0;0;0;-3,727638700000000;-38,491100000000000
312746;7;12;2017;17:37;15245;AV ANTONIO JUSTA;RUA LEONARDO MOTA;;0;;Colis?úo Transversal;Luz do Dia;Bom;Seca;Cruz;Pare;Comercial;0;1;1;1;0;0;0;0;0;0;0;0;-3,727875500000000;-38,493580000000000
312747;7;12;2017;19:01;0;RUA MON BRUNO;;;1055;;Colis?úo Lateral;Anoitecer;Bom;Seca;Meio de Quadra;N?úo H?í Controle;Residencial;0;0;2;1;0;0;0;0;0;0;0;0;-3,731552600000000;-38,509120000000000
312748;7;12;2017;18:20;0;AV HIS RAIMUNDO GIRAO;;;0;;Colis?úo Lateral;Via Iluminada;Bom;Seca;Meio de Quadra;N?úo H?í Controle;Lazer;0;0;2;1;0;0;0;0;0;0;0;0;-3,723857000000000;-38,504940000000000
312749;7;12;2017;17:15;0;AV ROGACIANO LEITE;;;3080;;Colis?úo Traseira;Luz do Dia;Bom;Seca;Meio de Quadra;N?úo H?í Controle;Comercial;0;0;2;1;0;0;0;0;0;0;0;0;-3,786117000000000;-38,503310000000000
312750;7;12;2017;18:45;25524;AV AUGUSTO DOS ANJOS;RUA LEBOM MAIA;;0;;Colis?úo Lateral;Via Iluminada;Bom;Seca;T;N?úo H?í Controle;Comercial;0;1;1;1;0;0;0;0;0;1;0;0;-3,783126600000000;-38,581806000000000
312751;7;12;2017;10:40;579;AV FRANCISCO SA;RUA CRUZEIRO DO SUL;;0;;Colis?úo Frontal;Luz do Dia;Bom;Seca;Cruz;Pare;Comercial;0;1;1;1;0;0;0;0;0;1;0;0;-3,715824000000000;-38,562095000000000
312752;7;12;2017;19:49;0;RUA CAP GUSTAVO;;;4194;;Colis?úo Transversal;Via Iluminada;Bom;Seca;Meio de Quadra;Pare;Residencial;0;1;1;1;0;0;0;0;0;1;0;0;-3,758601000000000;-38,516075000000000
313279;7;12;2017;09:10;502;AV SEN FERNANDES TAVORA;RUA PRO VIRGILIO DE MORAIS;;0;;Colis?úo Traseira;Luz do Dia;Bom;Seca;Cruz;Sem?íforo;Residencial;0;2;0;1;1;0;0;0;0;0;0;0;-3,755286000000000;-38,597421000000000
313273;7;12;2017;15:40;12954;RUA BERNARDO MANUEL;AV DOS EXPEDICIONARIOS;;0;;Colis?úo Lateral;Luz do Dia;Bom;Seca;T;N?úo H?í Controle;Comercial;0;1;0;1;0;0;0;0;1;0;0;0;-3,821098497000000;-38,558211840000000
313274;7;12;2017;11:50;0;RUA SAO PAULO;;;32;;Engavetamento;Luz do Dia;Bom;Seca;Meio de Quadra;Sem?íforo;Comercial;0;3;0;1;1;0;0;0;0;0;0;0;-3,726549000000000;-38,525991000000000
313270;7;12;2017;09:00;0;AV JOSE BASTOS;;;1450;;Colis?úo;Luz do Dia;Bom;Seca;Meio de Quadra;Sem?íforo;Comercial;0;3;0;0;0;0;0;0;0;1;0;0;;
313265;7;12;2017;10:49;0;RUA GAL SAMPAIO;;;1128;;Atropelamento;Luz do Dia;Bom;Seca;Meio de Quadra;Outros;Comercial;0;2;0;1;0;0;0;0;0;0;0;0;-3,728260000000000;-38,531184000000000
313267;7;12;2017;16:20;0;RUA VICENTE LINHARES;;;522;;Colis?úo Lateral;Luz do Dia;Bom;Seca;Meio de Quadra;;Comercial;0;2;0;1;0;0;0;0;0;0;0;0;-3,742459000000000;-38,499333000000000
316700;7;12;2017;06:38;0;AV MR HULL;;;5228;;Atropelamento;Luz do Dia;;;Meio de Quadra;;;0;1;0;1;0;0;0;0;0;0;0;0;-3,739597000000000;-38,591090000000000
316701;7;12;2017;07:30;0;RUA STA CLARA DE ASSIS;;;120;;Colis?úo;Luz do Dia;;;Meio de Quadra;;;0;2;0;1;0;0;0;0;0;1;0;0;-3,829383000000000;-38,502133000000000
316702;7;12;2017;07:38;0;RUA DNA LUCIA PINHEIRO (QUINTINO CUNHA);;;60;;Colis?úo;Luz do Dia;;;Meio de Quadra;;;0;1;0;0;0;0;0;0;0;1;0;0;-3,732031000000000;-38,597779000000000
316703;7;12;2017;08:03;0;AV SEN FERNANDES TAVORA;;;0;;Atropelamento;Luz do Dia;;;Meio de Quadra;;;0;1;0;0;0;0;0;0;0;1;0;0;;
316704;7;12;2017;09:26;0;AV FRE CIRILO;;;4211;;Colis?úo;Luz do Dia;;;Meio de Quadra;;;0;1;0;1;0;0;0;0;0;1;0;0;-3,820785659000000;-38,495849415000000
316705;7;12;2017;10:36;0;AV AUGUSTO DOS ANJOS;;;2250;;Colis?úo;Luz do Dia;;;Meio de Quadra;;;0;1;0;1;0;0;0;0;0;1;0;0;-3,786270000000000;-38,584276000000000
316706;7;12;2017;10:38;0;AV WASHINGTON SOARES;;;0;;Colis?úo;Luz do Dia;;;Meio de Quadra;;;0;1;0;0;0;0;0;0;0;1;0;0;;
316707;7;12;2017;11:41;0;RUA JULIO BRAGA;;;1187;;Colis?úo;Luz do Dia;;;Meio de Quadra;;;0;1;0;1;0;0;0;0;0;1;0;0;-3,774835000000000;-38,582536000000000
316696;7;12;2017;01:10;0;AV C CJ CEARA;;;535;;Colis?úo;;;;Meio de Quadra;;;0;1;0;0;0;0;0;0;0;0;0;0;-3,763375000000000;-38,609825000000000
316697;7;12;2017;06:11;0;AV MOZART PINHEIRO DE LUCENA;;;1140;;Colis?úo;Luz do Dia;;;Meio de Quadra;;;0;1;0;1;0;0;0;0;0;1;0;0;-3,712724000000000;-38,594089000000000
316711;7;12;2017;12:07;0;AV DA INDEPENDENCIA;;;2426;;Queda;Luz do Dia;;;Meio de Quadra;;;0;1;0;0;0;1;0;0;0;0;0;0;-3,723765000000000;-38,601660000000000
316712;7;12;2017;12:09;0;AV CESAR CALS;;;0;;Colis?úo;Luz do Dia;;;Meio de Quadra;;;0;0;1;0;0;0;0;0;0;0;0;0;;
316714;7;12;2017;12:18;0;RUA JACINTO MATOS;;;555;;Colis?úo;Luz do Dia;;;Meio de Quadra;;;0;1;0;1;0;0;0;0;0;1;0;0;-3,719410200000000;-38,546957800000000
316715;7;12;2017;13:29;0;AV GAL OSORIO DE PAIVA;;;4505;;Colis?úo;Luz do Dia;;;Meio de Quadra;;;0;1;0;1;0;1;0;0;0;0;0;0;-3,798017000000000;-38,595561000000000
316721;7;12;2017;15:48;24945;AV ALM HENRIQUE SABOIA;RUA JUVENCIO VASCONCELOS;;0;;Colis?úo;Luz do Dia;;;Cruz;;Residencial;0;1;0;1;0;0;0;0;0;1;0;0;-3,724320000000000;-38,480465000000000
316719;7;12;2017;15:16;0;RUA CEL FABRICIANO;;;865;;Colis?úo;Luz do Dia;;;Meio de Quadra;;;0;0;1;0;0;0;0;0;0;0;0;0;-3,785144000000000;-38,599413000000000
316717;7;12;2017;14:54;0;TR JORDANIA;;;184;;Colis?úo;Luz do Dia;;;Meio de Quadra;;;0;1;0;1;0;0;0;0;0;1;0;0;-3,774572000000000;-38,585250000000000
316744;7;12;2017;22:40;0;AV SEN FERNANDES TAVORA;;;2870;;Colis?úo;;;;Meio de Quadra;;;0;2;0;1;0;0;0;0;0;1;0;0;-3,755270000000000;-38,597501000000000
316741;7;12;2017;20:40;0;AV PRS COSTA E SILVA;;;0;;Colis?úo;;;;Meio de Quadra;;;0;1;0;1;0;0;0;0;0;1;0;0;;
316742;7;12;2017;21:10;0;RUA L CJ VILA VELHA;;;0;;Queda;;;;Meio de Quadra;;;0;1;0;0;0;1;0;0;0;0;0;0;;
316734;7;12;2017;19:02;0;AV PRS COSTA E SILVA;;;0;;Queda;;;;Meio de Quadra;;;0;1;0;0;0;1;0;0;0;0;0;0;;
316738;7;12;2017;19:39;0;AV PERIMETRAL;;;3298;;Colis?úo;;;;Meio de Quadra;;;0;1;0;1;0;0;0;0;0;1;0;0;;
316731;7;12;2017;18:24;0;RUA JARDIM FLUMINENSE;;;860;;Queda;Anoitecer;;;Meio de Quadra;;;0;1;0;0;0;1;0;0;0;0;0;0;-3,813447700000000;-38,596738800000000
316732;7;12;2017;18:54;3778;AV DA UNIVERSIDADE;RUA ANTONIO POMPEU;;0;;Atropelamento;;;;;;;0;1;0;0;0;0;0;0;0;0;0;0;-3,734083000000000;-38,532908000000000
316727;7;12;2017;17:52;0;AV BEIRA MAR;;;0;;Queda;Anoitecer;;;Meio de Quadra;;;0;1;0;0;0;1;0;0;0;0;0;0;;
316728;7;12;2017;17:57;0;RUA VIS ICO D20;;;288;;Atropelamento;Anoitecer;;;Meio de Quadra;;;0;1;0;0;0;1;0;0;0;0;0;0;-3,720411000000000;-38,560759000000000
316725;7;12;2017;16:34;12550;AV HILDEBRANDO DE MELO;AV MAJ ASSIS;;0;;Colis?úo;Luz do Dia;;;Cruz;Pare;Escola;0;2;0;1;0;0;0;0;0;1;0;0;-3,723609000000000;-38,589101000000000
316723;7;12;2017;16:07;9243;AV EDUARDO GIRAO;AV DOS EXPEDICIONARIOS;;0;;Colis?úo;Luz do Dia;;;Cruz;Sem?íforo;Comercial;0;1;0;1;0;1;0;0;0;0;0;0;-3,750712000000000;-38,536849000000000
315363;7;12;2017;18:25;0;RD CE-040;;;0;KM-01;Colis?úo;Anoitecer;Bom;Seca;Meio de Quadra;;;0;0;2;1;1;0;0;0;0;0;0;0;-3,764650449000000;-38,482583040000000
315384;8;12;2017;22:20;0;RD CE-040;;;0;KM-08;Colis?úo;;Bom;Seca;Meio de Quadra;;;0;0;2;1;0;0;0;0;0;0;0;0;-3,825515822000000;-38,481538320000000
315377;8;12;2017;18:14;0;RD CE-060;;;0;KM-01;Colis?úo;Anoitecer;Bom;Seca;Meio de Quadra;;;0;0;2;1;0;0;0;0;0;0;0;0;-3,826136000000000;-38,579500000000000
315374;8;12;2017;07:40;0;RD CE-040;;;0;KM-03;Colis?úo;Luz do Dia;Bom;Seca;Meio de Quadra;;;0;0;2;1;0;0;0;0;0;0;0;0;-3,782614325000000;-38,481083900000000
316730;8;12;2017;19:19;0;RUA ANDRADE FURTADO;;;1718;;Colis?úo;;;;Meio de Quadra;;;0;1;0;0;0;0;0;0;0;0;0;0;-3,747508000000000;-38,474264000000000
316733;8;12;2017;19:28;0;RUA EDSON MARTINS;;;146;;Colis?úo;;;;Meio de Quadra;;;0;1;0;0;0;0;0;0;0;0;0;0;-3,792174000000000;-38,593836000000000
316736;8;12;2017;19:40;0;AV DEP PAULINO ROCHA;;;0;;Atropelamento;;;;Meio de Quadra;;;0;1;1;0;0;0;0;0;0;1;0;0;;
316737;8;12;2017;19:52;0;AV ALM MAXIMIANO DA FONSECA;;;0;;Colis?úo;;;;Meio de Quadra;;;0;1;0;0;0;0;0;0;0;0;0;0;;
316745;8;12;2017;21:22;0;RUA DIOGO CORREIA;;;0;;Queda;;;;Meio de Quadra;;;0;1;0;0;0;0;0;0;0;1;0;0;;
316746;8;12;2017;21:29;0;AV 13 DE MAIO;;;0;;Atropelamento;;;;Meio de Quadra;;;0;1;1;1;0;0;0;0;0;0;0;0;;
316750;8;12;2017;23:39;0;AV ENG SANTANA JUNIOR;;;1926;;Colis?úo;;;;Meio de Quadra;;;0;2;0;0;0;0;0;0;0;0;0;0;-3,741742599000000;-38,485903642000000
316751;8;12;2017;23:41;0;AV PERIMETRAL;;;5738;MADEIREIRA SAO LUIS;Colis?úo;;;;Meio de Quadra;;;0;1;1;1;0;0;0;0;0;1;0;0;;
316748;8;12;2017;22:17;0;RUA MONTE LIBANO;;;410;;Colis?úo;;;;Meio de Quadra;;;0;1;0;0;0;0;0;0;0;0;0;0;-3,823787000000000;-38,561225000000000
316765;8;12;2017;23:58;0;AV UM (ARVOREDO);;;750;;Colis?úo;;;;Meio de Quadra;;;0;1;1;1;0;0;0;0;0;1;0;0;;
316718;8;12;2017;18:54;0;RUA ALUISIO AZEVEDO;;;599;;Colis?úo;;;;Meio de Quadra;;;0;1;1;1;0;0;0;0;0;1;0;0;-3,770702000000000;-38,578223000000000
316710;8;12;2017;13:36;0;RUA URUBURETAMA;;;512;;Atropelamento;Luz do Dia;;;Meio de Quadra;;;0;1;1;1;0;0;0;0;0;0;0;0;-3,760621000000000;-38,543409000000000
316720;8;12;2017;19:16;0;AV DR SILAS MUNGUBA;;;4410;;Colis?úo;;;;Meio de Quadra;;;0;1;0;0;0;0;0;0;0;0;0;0;-3,792948000000000;-38,535173000000000
316708;8;12;2017;13:30;0;RD BR 116;;;14000;KM-14;Colis?úo;Luz do Dia;;;Meio de Quadra;;;0;1;1;1;0;1;0;0;0;0;0;0;-3,873523000000000;-38,499242000000000
316691;8;12;2017;12:54;0;RUA DOM JOAQUIM DE MELO;;;0;;Colis?úo;Luz do Dia;;;;;;0;1;2;1;0;0;0;0;0;1;0;0;;
316656;8;12;2017;00:30;0;RD BR 116;;;0;;Queda;;;;Meio de Quadra;;;0;0;1;0;0;0;0;0;0;1;0;0;;
316666;8;12;2017;08:18;0;RUA DRAGAO DO MAR;;;0;;Colis?úo;Luz do Dia;;;Meio de Quadra;;;0;1;1;1;0;0;0;0;0;1;0;0;;
316664;8;12;2017;08:15;0;AV AREIA BRANCA;;;709;;Colis?úo;Luz do Dia;;;Meio de Quadra;;;0;1;1;1;0;1;0;0;0;0;0;0;-3,726856000000000;-38,476913000000000
316660;8;12;2017;07:15;577;AV FRANCISCO SA;AV DR THEBERGE;;0;;Atropelamento;Luz do Dia;;;Cruz;Sem?íforo;Comercial;0;2;0;0;0;0;0;0;0;1;0;0;-3,714822000000000;-38,565016000000000
316661;8;12;2017;07:15;0;AV PERIMETRAL;;;526;;Atropelamento;Luz do Dia;;;Meio de Quadra;;;0;2;1;1;0;0;0;0;0;0;0;0;;
316669;8;12;2017;09:01;0;AV DR THEBERGE;;;0;;Queda;Luz do Dia;;;Meio de Quadra;;;0;1;0;0;0;0;0;0;0;1;0;0;;
316670;8;12;2017;10:07;16039;AV PRS COSTA E SILVA;RUA CEL TIBURCIO;;0;;Colis?úo;Luz do Dia;;;Cruz;Sem?íforo;Comercial;0;1;1;1;0;0;0;0;0;1;0;0;-3,812167000000000;-38,573703000000000
316677;8;12;2017;10:58;0;RUA EMILIA GONCALVES;;;848;;Choque c/ Obst?ículo Fixo;Luz do Dia;;;Meio de Quadra;;;0;1;1;1;0;0;0;0;0;1;0;0;-3,730318000000000;-38,593946000000000
316680;8;12;2017;11:20;1443;RUA BAR ARACATI;RUA BARBARA DE ALENCAR;;0;;Colis?úo;Luz do Dia;;;Cruz;Pare;Residencial;0;1;1;1;0;0;0;0;0;1;0;0;-3,738162000000000;-38,513608000000000
316681;8;12;2017;12:31;0;RUA HOLANDA;;;1718;;Colis?úo;Luz do Dia;;;Meio de Quadra;;;0;1;0;0;0;0;0;0;0;0;0;0;-3,804417000000000;-38,559048000000000
316682;8;12;2017;12:53;0;RUA MAJ PEDRO SAMPAIO;;;202;;Colis?úo;Luz do Dia;;;Meio de Quadra;;;0;1;1;1;0;0;0;0;0;1;0;0;-3,739461000000000;-38,547292000000000
313277;8;12;2017;03:30;0;RUA METON DE ALENCAR;;;0;;Choque c/ Obst?ículo Fixo;Via Iluminada;Bom;Seca;Outros;Pare;Comercial;0;0;1;1;0;0;0;0;0;0;0;0;;
312757;8;12;2017;07:19;1576;AV PDE ANTONIO TOMAS;RUA CEL JUCA;;0;;Atropelamento;Luz do Dia;Bom;Seca;Cruz;Sem?íforo;Residencial;0;2;1;0;0;0;0;0;0;1;0;0;-3,742542300000000;-38,492640000000000
312758;8;12;2017;09:58;15125;RUA ILDEFONSO ALBANO;RUA DR ATUALPA BARBOSA LIMA (P. IRACEMA);;0;;Colis?úo Transversal;Luz do Dia;Bom;Seca;Cruz;Pare;Residencial;0;0;2;1;0;0;0;0;0;0;0;0;-3,723765600000000;-38,510292000000000
312759;8;12;2017;10:35;0;RUA TOMAS POMPEU;;;340;;Colis?úo Transversal;Luz do Dia;Bom;Seca;Meio de Quadra;N?úo H?í Controle;Residencial;0;0;2;1;0;0;0;0;0;0;0;0;-3,726104300000000;-38,505886000000000
312760;8;12;2017;13:01;5734;RUA CON BRAVEZA;RUA BENJAMIM MOURA;;0;;Colis?úo Transversal;Luz do Dia;Bom;Seca;Cruz;Pare;Residencial;0;1;1;1;0;0;0;0;0;1;0;0;-3,798404500000000;-38,497670000000000
312761;8;12;2017;13:33;0;RUA DR JOAO MOREIRA;;;344;;Colis?úo Traseira;Luz do Dia;Bom;Seca;Meio de Quadra;N?úo H?í Controle;Comercial;0;1;1;1;0;0;0;0;0;1;0;0;-3,722549400000000;-38,527620000000000
312762;8;12;2017;12:05;0;AV RUI BARBOSA;;;2223;;Colis?úo Lateral;Luz do Dia;Bom;Seca;Meio de Quadra;N?úo H?í Controle;Comercial;0;1;1;1;0;0;0;0;0;1;0;0;-3,742243300000000;-38,511547000000000
312763;8;12;2017;14:43;0;AV BORGES DE MELO;;;877;;Colis?úo Lateral;Luz do Dia;Bom;Seca;Meio de Quadra;N?úo H?í Controle;Comercial;0;1;1;0;0;0;0;0;0;1;0;0;-3,760620400000000;-38,526886000000000
312764;8;12;2017;14:20;13594;AV PONTES VIEIRA;RUA CAP GUSTAVO;;0;;Engavetamento;Luz do Dia;Bom;Seca;Cruz;Sem?íforo;Comercial;0;0;2;1;0;0;0;0;0;0;0;0;-3,752987900000000;-38,516907000000000
312765;8;12;2017;18:59;0;AV PRS CASTELO BRANCO;;;2572;;Colis?úo Traseira;Anoitecer;Bom;Seca;Meio de Quadra;N?úo H?í Controle;Residencial;0;0;3;1;0;0;0;0;0;0;0;0;-3,712949500000000;-38,550983000000000
312766;8;12;2017;18:37;0;RUA FLORIANO PEIXOTO;;;657;;Colis?úo Traseira;Via Iluminada;Bom;Seca;Cruz;N?úo H?í Controle;Comercial;0;0;2;1;0;0;0;0;0;0;0;0;-3,728179500000000;-38,527480000000000
312853;8;12;2017;21:16;0;RUA JOAQUIM ALBANO;;;3014;;Colis?úo Lateral;Via Iluminada;Bom;Seca;Outros;N?úo H?í Controle;Residencial;0;0;2;1;0;0;0;0;0;0;0;0;-3,729637000000000;-38,584920000000000
312768;8;12;2017;22:14;11737;RUA JULIO BRAGA;RUA DIOGO CORREIA;;0;;Colis?úo Lateral;Via Iluminada;Bom;Seca;Cruz;Sem?íforo;Comercial;0;0;2;1;0;0;0;0;0;1;0;0;-3,773906700000000;-38,588707000000000
312769;8;12;2017;18:27;15718;RUA DR JOAQUIM BENTO;RUA CEL DIONISIO ALENCAR;;0;;Colis?úo Transversal;Via Iluminada;Bom;Seca;Cruz;Pare;Residencial;0;1;1;1;0;0;0;0;0;1;0;0;-3,828307600000000;-38,484905000000000
313455;8;12;2017;12:15;3819;AV CARAPINIMA;RUA JUVENAL GALENO;;0;;Colis?úo Traseira;Luz do Dia;Bom;Seca;Cruz;Sem?íforo;Comercial;0;1;1;1;0;0;0;0;0;1;0;0;-3,738998000000000;-38,539176000000000
313456;8;12;2017;01:00;7886;RUA VICENTE LEITE;RUA FOT RIBEIRO;;0;;Choque c/ Obst?ículo Fixo;Via Iluminada;Bom;Seca;T;Pare;Residencial;0;1;0;0;0;0;0;0;0;0;0;0;-3,750068000000000;-38,499525000000000
313457;8;12;2017;19:00;25457;AV ALM MAXIMIANO DA FONSECA;RUA ALBERTO FEITOSA LIMA;;0;;Colis?úo Lateral;Via Iluminada;Bom;Seca;T;N?úo H?í Controle;Comercial;0;1;1;1;0;0;0;0;0;1;0;0;-3,771502000000000;-38,484423000000000
313458;8;12;2017;08:00;0;AV FRANCISCO SA;;;5271;;Colis?úo Lateral;Luz do Dia;Bom;Seca;Meio de Quadra;N?úo H?í Controle;Misto;0;0;3;1;0;0;0;0;0;0;0;0;-3,712639000000000;-38,571312000000000
313459;8;12;2017;00:00;19490;RUA EQUADOR;RUA QUITO;;0;;Colis?úo Transversal;Via Iluminada;Bom;Seca;Cruz;Outros;Residencial;0;1;1;1;0;0;0;0;0;1;0;0;-3,780928000000000;-38,554687000000000
313460;8;12;2017;07:15;3238;RUA ANSELMO NOGUEIRA;RUA PRIMEIRO DE MAIO D34;;0;;Atropelamento;Luz do Dia;Bom;Seca;Cruz;Pare;Residencial;0;2;0;0;0;0;0;0;0;1;0;0;-3,783108000000000;-38,587753000000000
313461;8;12;2017;;0;RUA PDE IBIAPINA;;;1696;;Colis?úo Lateral;Luz do Dia;Bom;Seca;Meio de Quadra;Sem?íforo;Comercial;0;0;2;0;0;0;1;0;0;0;0;0;-3,730466000000000;-38,539979000000000
313466;8;12;2017;17:20;13408;AV ANTONIO SALES;RUA BAR ARACATI;;0;;Colis?úo Transversal;Via Iluminada;Bom;Seca;Cruz;Pare;Comercial;0;1;1;1;1;0;0;0;0;0;0;0;-3,741563000000000;-38,514894000000000
313464;8;12;2017;10:15;0;RUA DEMETRIO MENEZES;;;3650;;Colis?úo Lateral;Luz do Dia;Bom;Seca;Meio de Quadra;N?úo H?í Controle;Residencial;0;0;2;0;0;0;1;0;0;0;0;0;-3,735448200000000;-38,584318200000000
312770;9;12;2017;00:04;0;RUA PRO HERIBALDO COSTA;;;1464;;Choque c/ Obst?ículo Fixo;Via Iluminada;Bom;Seca;Meio de Quadra;Pare;Residencial;0;0;1;1;0;0;0;0;0;0;0;0;-3,764648000000000;-38,586353000000000
312771;9;12;2017;02:11;0;RUA JUVENAL DE CARVALHO;;;871;;Colis?úo Frontal;Via Iluminada;Bom;Molhada;Meio de Quadra;Pare;Comercial;0;0;1;1;0;0;0;0;0;1;0;0;-3,749782300000000;-38,524780000000000
312772;9;12;2017;04:55;0;RUA ANDRE CHAVES;;;486;;Choque c/ Obst?ículo Fixo;Amanhecer;Bom;Seca;Meio de Quadra;Pare;Residencial;0;0;1;1;0;0;0;0;0;0;0;0;-3,755459000000000;-38,543285000000000
312773;9;12;2017;07:34;0;AV ALBERTO NEPOMUCENO;;;199;;Atropelamento;Luz do Dia;Bom;Seca;Meio de Quadra;Gesto;Comercial;0;1;1;0;0;0;0;1;0;0;0;0;-3,723704800000000;-38,524430000000000
312774;9;12;2017;08:27;12867;RUA JAIME BENEVOLO;RUA JOAQUIM MAGALHAES;;0;;Colis?úo Transversal;Luz do Dia;Bom;Seca;Cruz;Pare;Comercial;0;0;2;1;0;0;0;0;0;0;0;0;-3,739905600000000;-38,527940000000000
312775;9;12;2017;08:35;0;AV GAL OSORIO DE PAIVA;;;3398;;Colis?úo Transversal;Luz do Dia;Bom;Seca;Meio de Quadra;N?úo H?í Controle;Comercial;0;0;2;1;1;0;0;0;0;0;0;0;-3,790720700000000;-38,588333000000000
312776;9;12;2017;07:40;0;AV DOS EXPEDICIONARIOS;;;5155;;N?úo Informado;Luz do Dia;Bom;Seca;Meio de Quadra;Sem?íforo;Comercial;0;0;2;1;0;0;0;0;0;0;0;0;-3,765509600000000;-38,541325000000000
312777;9;12;2017;08:20;15359;RUA PEREIRA VALENTE;RUA VICENTE LEITE;;1;;N?úo Informado;Luz do Dia;Bom;Seca;Cruz;Pare;Comercial;0;0;2;1;0;0;0;0;0;0;0;0;-3,731944000000000;-38,497875000000000