COD_ACIDENTE;DIA;MES;ANO;HORA;INTERSECAO;LOG1;LOG2;LOG3;NUMERO;REFERENCIA;NATUREZA;ILUMINACAO;TEMPO;SUPERFICIEPISTA;TIPOCRUZAMENTO;CONTROLETRAFEGO;USOSOLO;MORTOS;FERIDOS;ILESOS;AUTOMOVEL;ONIBUS;BICICLETA;CAMINHAO;MICROONIBUS;CICLOMOTOR;MOTOCICLETA;TRACAOANIMAL;TREM;LATITUDE;LONGITUDE
312778;9;12;2017;08:00;5364;RUA GAL CLARINDO DE QUEIROZ;AV TRISTAO GONCALVES;;0;;Colis?úo Traseira;Luz do Dia;Bom;Seca;Cruz;Pare;Comercial;0;0;2;1;0;0;0;0;0;0;0;0;-3,731209000000000;-38,534245000000000
312779;9;12;2017;09:10;0;AV JOR THOMAZ COELHO;;;517;;N?úo Informado;Luz do Dia;Bom;Seca;Meio de Quadra;Sem?íforo;Comercial;0;0;2;1;0;0;0;0;0;0;0;0;-3,832640600000000;-38,500797000000000
312780;9;12;2017;09:45;0;AV DR SILAS MUNGUBA;RUA ALENCAR OLIVEIRA;;0;;Colis?úo Lateral;Luz do Dia;Bom;Seca;T;Pare;Comercial;0;1;2;1;0;0;0;0;0;1;0;0;-3,810430300000000;-38,518692000000000
312781;9;12;2017;10:30;0;AV VIS RIO BRANCO;;;2486;;Colis?úo Traseira;Luz do Dia;Bom;Seca;Meio de Quadra;N?úo H?í Controle;Residencial;0;0;2;1;0;0;0;0;0;0;0;0;-3,742755700000000;-38,522740000000000
312782;9;12;2017;06:41;0;AV DES MOREIRA;;;0;COLEGIO SANTO INACIO;Choque c/ Obst?ículo Fixo;Luz do Dia;Bom;Seca;Meio de Quadra;N?úo H?í Controle;Escola;0;0;1;1;0;0;0;0;0;0;0;0;-3,747026000000000;-38,501225000000000
312783;9;12;2017;12:21;0;RUA JAIME BENEVOLO;;;733;;Colis?úo Traseira;Luz do Dia;Bom;Seca;Meio de Quadra;N?úo H?í Controle;Comercial;0;0;2;1;0;0;0;0;0;0;0;0;-3,738616200000000;-38,527510000000000
312784;9;12;2017;13:06;5468;RUA ANTONIO POMPEU;RUA BAR ARATANHA;;0;;Colis?úo Lateral;Luz do Dia;Bom;Seca;Cruz;Sem?íforo;Comercial;0;0;2;1;0;0;0;0;0;0;0;0;-3,735791000000000;-38,527462000000000
312785;9;12;2017;12:45;3779;RUA ANTONIO POMPEU;RUA VINTE E QUATRO DE MAIO;;0;;Colis?úo Transversal;Luz do Dia;Bom;Seca;Cruz;Pare;Comercial;0;1;1;1;0;0;0;0;0;1;0;0;-3,733693400000000;-38,534240000000000
312786;9;12;2017;13:45;15142;AV MON TABOSA;RUA MON BRUNO;;0;;N?úo Informado;Luz do Dia;Bom;Seca;Cruz;N?úo H?í Controle;Comercial;0;0;2;1;0;0;0;0;0;1;0;0;-3,724264600000000;-38,506860000000000
312787;9;12;2017;13:48;0;RUA GAL BEZERRIL;;;48;;Colis?úo Lateral;Luz do Dia;Bom;Seca;Meio de Quadra;N?úo H?í Controle;Comercial;0;0;2;1;1;0;0;0;0;0;0;0;-3,724005700000000;-38,525196000000000
312788;9;12;2017;14:09;0;AV ALBERTO CRAVEIRO;;;2571;;N?úo Informado;Luz do Dia;Bom;Seca;Meio de Quadra;N?úo H?í Controle;Comercial;0;0;2;1;0;0;0;0;0;1;0;0;-3,802749900000000;-38,521095000000000
312789;9;12;2017;14:11;20839;AV JOVITA FEITOSA;RUA 21 DE ABRIL D27;;0;;Colis?úo Transversal;Luz do Dia;Bom;Seca;Cruz;Pare;Residencial;0;0;2;1;0;0;0;0;0;1;0;0;-3,743022400000000;-38,567333000000000
312790;9;12;2017;15:00;12521;AV AUGUSTO DOS ANJOS;RUA JULIO BRAGA;;0;;Colis?úo Traseira;Luz do Dia;Bom;Seca;Cruz;Sem?íforo;Comercial;0;0;1;0;0;0;0;0;0;1;0;0;-3,776831900000000;-38,576140000000000
312791;9;12;2017;16:02;0;AV AMERICO BARREIRA;;;6670;;Colis?úo Traseira;Luz do Dia;Bom;Seca;Meio de Quadra;N?úo H?í Controle;Comercial;0;0;2;1;0;0;0;0;0;0;0;0;-3,767482300000000;-38,570004000000000
312792;9;12;2017;16:11;5347;RUA BAR RIO BRANCO;RUA PEDRO I;;0;;Colis?úo Lateral;Luz do Dia;Bom;Seca;Meio de Quadra;Sem?íforo;Comercial;0;1;0;1;0;0;0;0;0;1;0;0;-3,730613500000000;-38,529680000000000
312793;9;12;2017;20:02;1590;RUA PDE VALDEVINO;RUA JOAQUIM NABUCO;;0;;Colis?úo Transversal;Via Iluminada;Bom;Seca;Cruz;Sem?íforo;Comercial;0;0;2;1;0;0;0;0;0;0;0;0;-3,743026700000000;-38,503800000000000
312794;9;12;2017;21:15;0;RUA FRE MANSUETO;;;1427;;Colis?úo Transversal;Anoitecer;Bom;Seca;Cruz;Pare;Residencial;0;0;2;1;0;0;0;0;0;0;0;0;-3,736981600000000;-38,488560000000000
312795;9;12;2017;20:52;0;AV PRS CASTELO BRANCO;;;77;;Atropelamento;Via Iluminada;Bom;Seca;Meio de Quadra;N?úo H?í Controle;Comercial;0;1;1;1;0;0;0;0;0;0;0;0;-3,721670000000000;-38,525978000000000
312796;9;12;2017;19:00;6164;AV A CJ CEARA;RUA MIN ALBUQUERQUE LIMA;;0;;Colis?úo Transversal;Via Iluminada;Bom;Seca;Cruz;Sem?íforo;Comercial;0;1;1;1;0;0;0;0;0;1;0;0;-3,770604400000000;-38,604717000000000
313284;9;12;2017;13:30;4022;AV JOAO PESSOA;RUA OSCAR BEZERRA ARAUJO;;0;;Colis?úo Lateral;Luz do Dia;Bom;Seca;T;Pare;Residencial;0;2;0;1;0;0;0;0;0;1;0;0;-3,761747000000000;-38,557535000000000
313285;9;12;2017;03:13;15373;AV DOM LUIS;RUA FRE MANSUETO;;0;;Colis?úo Transversal;Via Iluminada;Bom;Seca;Cruz;Sem?íforo;Residencial;0;2;0;1;0;0;0;0;0;0;0;0;-3,735861000000000;-38,488626000000000
313281;9;12;2017;02:40;3862;AV 13 DE MAIO;RUA JUSTINIANO DE SERPA;;0;;Atropelamento;Via Iluminada;Bom;Seca;Outros;N?úo H?í Controle;Comercial;0;2;0;1;0;0;0;0;0;0;0;0;-3,739207000000000;-38,541170000000000
316833;9;12;2017;18:33;15271;RUA ILDEFONSO ALBANO;RUA PEREIRA FILGUEIRAS;;0;;Colis?úo;;;;Cruz;Sem?íforo;Comercial;0;1;1;1;0;0;0;0;0;1;0;0;-3,728706000000000;-38,511864000000000
316819;9;12;2017;16:19;0;RUA BERNARDO MANUEL;;;7190;;Colis?úo;Luz do Dia;;;Meio de Quadra;;;0;1;1;1;0;0;0;0;0;1;0;0;-3,781082000000000;-38,546021000000000
316817;9;12;2017;16:16;0;RUA BOM JESUS (BARRA DO CEARA);;;1411;;Queda;Luz do Dia;;;Meio de Quadra;;;0;1;0;0;0;1;0;0;0;0;0;0;;
316826;9;12;2017;17:36;0;AV CASTELO DE CASTRO;;;468;;Atropelamento;Anoitecer;;;Meio de Quadra;;;0;1;0;0;0;0;0;0;0;0;0;0;-3,833315000000000;-38,521567000000000
316827;9;12;2017;18:06;0;RUA INGLATERRA;;;300;;Colis?úo;Anoitecer;;;Meio de Quadra;;;0;1;1;0;0;0;0;0;0;1;0;0;-3,782639000000000;-38,560977700000000
316814;9;12;2017;15:26;0;RUA CON DE CASTRO;;;1624;;Queda;Luz do Dia;;;Meio de Quadra;;;0;1;1;0;0;0;0;0;0;1;0;0;-3,785483000000000;-38,573877000000000
316793;9;12;2017;14:07;0;AV ALBERTO CRAVEIRO;;;0;;Colis?úo;Luz do Dia;;;Meio de Quadra;;;0;1;1;1;0;0;0;0;0;1;0;0;;
316794;9;12;2017;14:16;0;AV JOVITA FEITOSA;;;3335;;Colis?úo;Luz do Dia;;;Meio de Quadra;;;0;1;1;1;0;0;0;0;0;1;0;0;-3,742971000000000;-38,567415000000000
316796;9;12;2017;14:24;0;AV J CJ CEARA;;;0;;Colis?úo;Luz do Dia;;;Meio de Quadra;;;0;1;1;1;0;0;0;0;0;1;0;0;;
316797;9;12;2017;14:32;0;AV L CJ CEARA;;;726;;Atropelamento;Luz do Dia;;;Meio de Quadra;;;0;1;1;1;0;0;0;0;0;0;0;0;;
316788;9;12;2017;07:08;0;AV ALBERTO NEPOMUCENO;;;3399;;Atropelamento;Luz do Dia;;;Meio de Quadra;;;0;1;1;0;1;0;0;0;0;0;0;0;;
316789;9;12;2017;09:16;0;AV DEP PAULINO ROCHA;;;2149;;Colis?úo;Luz do Dia;;;Meio de Quadra;;;0;1;1;1;0;0;0;0;0;1;0;0;;
316805;9;12;2017;15:23;5443;RUA SOLON PINHEIRO;RUA METON DE ALENCAR;;0;;Atropelamento;Luz do Dia;;;Cruz;Sem?íforo;Comercial;0;1;1;0;1;0;0;0;0;0;0;0;-3,734622000000000;-38,527697000000000
316801;9;12;2017;15:07;0;RUA CON DE CASTRO;;;1624;;Colis?úo;Luz do Dia;;;Meio de Quadra;;;0;1;1;1;0;0;0;0;0;1;0;0;-3,785483000000000;-38,573877000000000
316774;9;12;2017;04:08;0;AV RUI BARBOSA;;;2665;;Choque c/ Obst?ículo Fixo;;;;Meio de Quadra;;;0;1;0;1;0;0;0;0;0;0;0;0;-3,745749000000000;-38,512577000000000
316767;9;12;2017;00:28;0;AV GAL OSORIO DE PAIVA;;;0;;Colis?úo;;;;Meio de Quadra;;;0;1;0;0;0;0;0;0;0;0;0;0;;
316768;9;12;2017;01:25;0;AV 13 DE MAIO;;;0;;Atropelamento;;;;Meio de Quadra;;;0;1;1;1;0;0;0;0;0;0;0;0;;
316769;9;12;2017;01:32;0;AV PERIMETRAL;;;0;;Atropelamento;;;;Meio de Quadra;;;0;1;0;0;0;0;0;0;0;0;0;0;;
316770;9;12;2017;01:38;0;RUA JUSTINIANO DE SERPA;;;856;;Atropelamento;;;;Meio de Quadra;;;0;1;1;1;0;0;0;0;0;0;0;0;-3,739127000000000;-38,541187000000000
316771;9;12;2017;02:14;0;AV ENG HUMBERTO MONTE;;;0;;Queda;;;;Meio de Quadra;;;0;1;0;0;0;0;0;0;0;1;0;0;;
316772;9;12;2017;02:58;0;RUA TEN ELIEZER COSTA;;;0;;Colis?úo;;;;Meio de Quadra;;;0;1;1;1;0;0;0;0;0;1;0;0;;
316786;9;12;2017;04:42;0;AV WASHINGTON SOARES;;;0;;Colis?úo;;;;Meio de Quadra;;;0;1;0;0;0;0;0;0;0;0;0;0;;
316895;9;12;2017;21:33;0;RUA MATEUS LEMOS;;;1375;;Queda;;;;Meio de Quadra;;;0;1;0;0;0;1;0;0;0;0;0;0;;
316897;9;12;2017;21:53;0;RUA NOSSA SRA DAS GRACAS;;;1172;;Colis?úo;;;;Meio de Quadra;;;0;1;1;1;0;0;0;0;0;1;0;0;-3,707969000000000;-38,560762000000000
316898;9;12;2017;22:06;0;RUA ANTONIO RODRIGUES;;;160;;Queda;;;;Meio de Quadra;;;0;1;0;0;0;1;0;0;0;0;0;0;-3,749998000000000;-38,540196000000000
316899;9;12;2017;23:08;0;AV ALBERTO CRAVEIRO;;;0;;Queda;;;;Meio de Quadra;;;0;1;0;0;0;0;0;0;0;1;0;0;;
316900;9;12;2017;23:13;0;RUA PORTO VELHO;;;670;;Colis?úo;;;;Meio de Quadra;;;0;1;1;1;0;0;0;0;0;1;0;0;-3,766045958000000;-38,586863478000000
316848;9;12;2017;18:56;0;AV GAL OSORIO DE PAIVA;;;0;;Atropelamento;;;;Meio de Quadra;;;0;1;1;0;1;0;0;0;0;0;0;0;;
316845;9;12;2017;18:38;0;AV PRS CASTELO BRANCO;;;0;;Atropelamento;;;;Meio de Quadra;;;0;1;1;1;0;0;0;0;0;0;0;0;;
316859;9;12;2017;19:09;0;RUA JOAO CORDEIRO;;;1561;;Colis?úo;;;;Meio de Quadra;;;0;1;1;1;0;0;0;0;0;1;0;0;-3,733992000000000;-38,515750000000000
316860;9;12;2017;19:17;0;AV OLIVEIRA PAIVA;;;1881;;Queda;;;;Meio de Quadra;;;0;1;0;0;0;0;0;0;0;1;0;0;-3,795973000000000;-38,490053000000000
316861;9;12;2017;20:06;0;AV DA INDEPENDENCIA;;;1084;;Colis?úo;;;;Meio de Quadra;;;0;1;1;1;0;0;0;0;0;1;0;0;-3,727085000000000;-38,590357000000000
316862;9;12;2017;19:29;25467;RUA LEON GRADVOHL;AV BENJAMIM BRASIL;;0;;Atropelamento;;;;Cruz;Pare;Comercial;0;1;1;1;0;0;0;0;0;0;0;0;-3,804034000000000;-38,569567000000000
316863;9;12;2017;19:42;0;AV CENTRAL;;;0;;Colis?úo;;;;Meio de Quadra;;;0;1;0;0;0;0;0;0;0;0;0;0;;
316865;9;12;2017;19:43;0;RUA CONRADO CABRAL;;;442;;Atropelamento;;;;Meio de Quadra;;;0;1;1;1;0;0;0;0;0;0;0;0;-3,729425000000000;-38,549453000000000
316869;9;12;2017;19:47;0;AV DEP PAULINO ROCHA;;;1670;;Atropelamento;;;;Meio de Quadra;;;0;1;0;0;0;0;0;0;0;0;0;0;-3,811765000000000;-38,511763000000000
316870;9;12;2017;19:48;12521;AV AUGUSTO DOS ANJOS;RUA JULIO BRAGA;;0;;Colis?úo;;;;Cruz;Sem?íforo;Comercial;0;1;1;1;0;0;0;0;0;1;0;0;-3,776779000000000;-38,576193000000000
316882;9;12;2017;21:16;0;RUA CHILE;;;146;;Atropelamento;;;;Meio de Quadra;;;0;1;1;1;0;0;0;0;0;0;0;0;-3,745775000000000;-38,564845000000000
316879;9;12;2017;21:06;0;RUA PRO JACINTO BOTELHO;;;290;;Colis?úo;;;;Meio de Quadra;;;0;1;1;1;0;0;0;0;0;1;0;0;-3,760284000000000;-38,490550000000000
316877;9;12;2017;20:57;0;AV JOSE BASTOS;;;932;;Colis?úo;;;;Meio de Quadra;;;0;1;0;0;0;0;0;0;0;0;0;0;-3,751584900000000;-38,551956500000000
316875;9;12;2017;20:22;0;AV GODOFREDO MACIEL;;;0;;Colis?úo;;;;Meio de Quadra;;;0;1;1;1;0;0;0;0;0;1;0;0;;
315386;9;12;2017;01:30;0;RD CE-040;;;0;KM-03;Choque c/ Obst?ículo Fixo;;Bom;Seca;Meio de Quadra;;;0;0;1;1;0;0;0;0;0;0;0;0;-3,782614325000000;-38,481083900000000
315387;9;12;2017;15:00;0;AV SEN CARLOS JEREISSATI (AEROPORTO);;;0;KM 03;Colis?úo;Luz do Dia;Bom;Seca;Meio de Quadra;;;0;0;2;1;0;0;0;0;0;0;0;0;-3,779641000000000;-38,544038000000000
315388;9;12;2017;18:15;0;AV MIN JOSE AMERICO;;;0;;Colis?úo;Anoitecer;Bom;Seca;Meio de Quadra;;;0;0;2;1;0;0;0;0;0;0;0;0;;
305112;9;12;2017;21:00;19713;RUA DOM LINO;RUA AZEVEDO BOLAO;;0;;Colis?úo Frontal;;;;Cruz;Pare;Comercial;0;2;0;1;0;0;0;0;0;0;0;0;-3,736529000000000;-38,557088000000000
315390;10;12;2017;22:40;0;RD CE-040;;;0;KM-02;Colis?úo;;Bom;Seca;Meio de Quadra;;;0;0;2;1;0;0;0;0;0;0;0;0;-3,773616148000000;-38,481799400000000
316901;10;12;2017;00:12;0;RUA ENF JOAQUIM PINTO;;;293;;Atropelamento;;;;Meio de Quadra;;;0;1;1;1;0;0;0;0;0;0;0;0;-3,802799000000000;-38,506726000000000
316902;10;12;2017;00:18;0;RUA SOLON ONOFRE;;;245;;Colis?úo;;;;Meio de Quadra;;;0;1;1;1;0;0;0;0;0;1;0;0;-3,735555781000000;-38,473309457000000
316915;10;12;2017;01:27;22353;AV BEZERRA DE MENEZES;AV OLAVO BILAC;;0;;Colis?úo;;;;Cruz;Sem?íforo;Residencial;0;1;0;0;0;0;0;0;0;0;0;0;-3,735601000000000;-38,564151000000000
316916;10;12;2017;01:41;0;AV TRISTAO GONCALVES;;;0;;Colis?úo;;;;Meio de Quadra;;;0;1;1;1;0;0;0;0;0;1;0;0;;
316923;10;12;2017;03:15;0;RUA PEDRO MARTINS;;;493;;Colis?úo;;;;Meio de Quadra;;;0;1;1;1;0;0;0;0;0;0;0;0;-3,799027000000000;-38,602426000000000
316921;10;12;2017;02:28;0;RUA CARLOS STUDART;;;0;;Colis?úo;;;;Meio de Quadra;;;0;1;1;1;0;0;0;0;0;1;0;0;;
316919;10;12;2017;01:42;0;AV BEZERRA DE MENEZES;;;2203;;Colis?úo;;;;Meio de Quadra;;;0;1;1;1;0;0;0;0;0;1;0;0;-3,735662000000000;-38,564431000000000
316910;10;12;2017;00:51;0;RUA 23 DE JUNHO;;;1513;;Atropelamento;;;;Meio de Quadra;;;0;1;1;1;0;0;0;0;0;0;0;0;-3,782699000000000;-38,605325000000000
316944;10;12;2017;11:12;0;AV ENG HUMBERTO MONTE;;;0;;Colis?úo;Luz do Dia;;;Meio de Quadra;;;0;1;1;1;0;0;0;0;0;1;0;0;;
316948;10;12;2017;12:34;0;AV DIOGUINHO;;;0;;Colis?úo;Luz do Dia;;;Meio de Quadra;;;0;1;0;0;0;0;0;0;0;0;0;0;;
316949;10;12;2017;13:08;15313;RUA ANA BILHAR;RUA VICENTE LEITE;;0;;Colis?úo;Luz do Dia;;;Cruz;Pare;Residencial;0;1;1;1;0;0;0;0;0;1;0;0;-3,730261000000000;-38,493215000000000
316950;10;12;2017;13:17;0;AV DIOGUINHO;;;0;;Colis?úo;Luz do Dia;;;Meio de Quadra;;;0;1;1;1;0;0;0;0;0;1;0;0;;
316951;10;12;2017;14:04;0;RUA LEBRE;;;175;;Atropelamento;Luz do Dia;;;Meio de Quadra;;;0;1;0;0;0;0;0;0;0;0;0;0;-3,748075000000000;-38,567569000000000
316940;10;12;2017;09:24;0;AV JOSE BASTOS;;;0;;Colis?úo;Luz do Dia;;;Meio de Quadra;;;0;1;1;1;0;1;0;0;0;0;0;0;;
316941;10;12;2017;10:02;0;RUA PDE PEDRO DE ALENCAR;;;0;;Queda;Luz do Dia;;;Meio de Quadra;;;0;1;0;0;0;0;0;0;0;1;0;0;;
316942;10;12;2017;10:51;0;RUA JULIO BRAGA;;;1184;;Queda;Luz do Dia;;;Meio de Quadra;;;0;1;0;0;0;0;0;0;0;1;0;0;-3,774835000000000;-38,582536000000000
316938;10;12;2017;09:12;0;RUA SILVIO ROMERO;;;87;;Colis?úo;Luz do Dia;;;Meio de Quadra;;;0;0;1;0;0;0;0;0;0;0;0;0;;
316935;10;12;2017;07:45;0;RUA PDE PERDIGAO SAMPAIO;;;50;;Atropelamento;Luz do Dia;;;Meio de Quadra;;;0;1;1;1;0;0;0;0;0;0;0;0;;
316936;10;12;2017;08:05;0;AV CEL CARVALHO;;;0;;Colis?úo;Luz do Dia;;;Meio de Quadra;;;0;2;1;1;0;0;0;0;0;1;0;0;;
316933;10;12;2017;07:18;0;RUA MARGARIDAS;;;207;;Atropelamento;Luz do Dia;;;Meio de Quadra;;;0;1;1;1;0;0;0;0;0;0;0;0;;
316931;10;12;2017;07:11;2351;RUA JACAUNA;AV 20 DE JANEIRO;;0;;Colis?úo;Luz do Dia;;;Cruz;Pare;Rural;0;1;1;1;0;0;0;0;0;1;0;0;-3,705015000000000;-38,582646000000000
316928;10;12;2017;04:58;0;AV DR THEBERGE;;;1620;;Colis?úo;;;;Meio de Quadra;;;0;1;1;1;0;0;0;0;0;0;0;0;-3,715473000000000;-38,565222000000000
316926;10;12;2017;04:37;0;AV CARNEIRO DE MENDONCA;;;0;;Colis?úo;;;;Meio de Quadra;;;0;1;0;0;0;0;0;0;0;0;0;0;;
317090;10;12;2017;01:37;0;AV WASHINGTON SOARES;;;0;;Queda;;;;Meio de Quadra;;;0;1;0;0;0;0;0;0;0;1;0;0;;
317091;10;12;2017;06:48;9952;RUA EMILIO DE MENESES;RUA JOSE TORRES;;0;;Colis?úo;Luz do Dia;;;Cruz;Pare;Comercial;0;1;1;1;0;0;0;0;0;1;0;0;-3,776425000000000;-38,606283000000000
317080;10;12;2017;22:11;0;RUA JOAQUIM FELICIO;;;1040;;Colis?úo;;;;Meio de Quadra;;;0;1;1;0;0;0;0;0;0;1;0;0;-3,830941000000000;-38,485616000000000
317086;10;12;2017;23:54;0;RUA ALBERTO MAGNO;;;1525;;Colis?úo;;;;Meio de Quadra;;;0;1;1;1;0;0;0;0;0;1;0;0;-3,767312000000000;-38,552050000000000
317084;10;12;2017;23:48;0;AV FRANCISCO SA;;;0;;Colis?úo;;;;Meio de Quadra;;;0;1;0;0;0;0;0;0;0;0;0;0;;
317082;10;12;2017;23:40;10734;RUA FLORIANOPOLIS;RUA ARACAJU;;0;;Colis?úo;;;;;Pare;Residencial;0;1;1;1;0;0;0;0;0;1;0;0;-3,760411000000000;-38,587913000000000
317015;10;12;2017;15:35;0;TR CHICO MENDES;;;0;;Queda;Luz do Dia;;;Meio de Quadra;;;0;1;0;0;0;0;0;0;0;1;0;0;;
317017;10;12;2017;15:50;0;AV D CJ CEARA;;;0;;Queda;Luz do Dia;;;Meio de Quadra;;;0;1;0;0;0;0;0;0;0;1;0;0;;
317018;10;12;2017;15:58;0;RUA LUIS VIEIRA;;;0;;Queda;Luz do Dia;;;Meio de Quadra;;;0;1;0;0;0;1;0;0;0;0;0;0;;
317011;10;12;2017;14:14;0;RUA JOSE MARTINS;;;171;;Queda;Luz do Dia;;;Meio de Quadra;;;0;1;0;0;0;0;0;0;0;1;0;0;;
317012;10;12;2017;14:27;0;RUA EQUADOR;;;0;;Colis?úo;Luz do Dia;;;Meio de Quadra;;;0;1;1;1;0;0;0;0;0;1;0;0;;
317032;10;12;2017;16:07;0;RUA RENATO BRAGA;;;320;;Queda;Luz do Dia;;;Meio de Quadra;;;0;1;0;0;0;1;0;0;0;0;0;0;-3,732482938000000;-38,461058500000000
313287;10;12;2017;20:00;19787;RUA DOM LINO;RUA PDE GUERRA;;0;;Colis?úo Transversal;Via Iluminada;Bom;Seca;Cruz;Pare;Residencial;0;1;0;1;0;0;0;0;0;0;0;0;-3,738718000000000;-38,556643000000000
313288;10;12;2017;02:00;22353;AV BEZERRA DE MENEZES;AV OLAVO BILAC;;0;;Colis?úo Transversal;;Bom;Seca;Cruz;Sem?íforo;Residencial;0;0;1;1;0;0;0;0;0;1;0;0;-3,735601000000000;-38,564151000000000
312797;10;12;2017;06:45;0;AV PRS JUSCELINO KUBITSCHEK (PASSAR?ë);;;3700;;Colis?úo Traseira;Anoitecer;Bom;Seca;Meio de Quadra;Gesto;Comercial;0;0;1;1;0;0;0;0;0;0;0;0;-3,823279100000000;-38,536790000000000
312798;10;12;2017;03:00;0;RUA METON DE ALENCAR;;;622;;Colis?úo Traseira;Luz do Dia;Bom;Seca;Meio de Quadra;N?úo H?í Controle;Comercial;0;0;2;1;0;0;0;0;0;0;0;0;-3,733958500000000;-38,529797000000000
312799;10;12;2017;04:30;0;AV GOV PARSIFAL BARROSO;;;300;;Colis?úo Traseira;Via Iluminada;Bom;Seca;Meio de Quadra;N?úo H?í Controle;Residencial;0;0;0;1;0;0;0;0;0;0;0;0;-3,730380500000000;-38,569042000000000
312800;10;12;2017;06:27;0;AV JOSE JATAHY;;;622;;Colis?úo Traseira;Luz do Dia;Bom;Seca;Cruz;Sem?íforo;Comercial;0;0;3;1;0;0;0;0;0;0;0;0;-3,726948300000000;-38,545800000000000
312801;10;12;2017;09:30;0;RUA BARBARA DE ALENCAR;;;2280;;Choque c/ Obst?ículo Fixo;Luz do Dia;Bom;Seca;Meio de Quadra;N?úo H?í Controle;Comercial;0;0;4;1;0;0;0;0;0;1;0;0;-3,760401500000000;-38,504883000000000
312802;10;12;2017;08:40;0;AV UM (ARVOREDO);RUA DOIS;;0;;Colis?úo Transversal;Luz do Dia;Bom;Seca;T;Gesto;Comercial;0;0;1;0;1;0;0;0;0;0;0;0;-3,825989200000000;-38,569504000000000
312803;10;12;2017;13:12;0;AV ALBERTO NEPOMUCENO;;;199;;Colis?úo Lateral;Luz do Dia;Bom;Seca;Meio de Quadra;N?úo H?í Controle;Comercial;0;0;2;1;0;0;0;0;0;0;0;0;-3,723388700000000;-38,524273000000000
312804;10;12;2017;13:22;5709;AV OLIVEIRA PAIVA;AV DES GONZAGA;;0;;Colis?úo Traseira;Via Iluminada;Bom;Seca;Cruz;Sem?íforo;Comercial;0;0;2;1;0;0;0;0;0;0;0;0;-3,796894300000000;-38,499943000000000
312805;10;12;2017;12:30;0;RUA CEL LINHARES;;;2220;;Colis?úo Frontal;Luz do Dia;Bom;Seca;Meio de Quadra;N?úo H?í Controle;Residencial;0;0;2;1;0;0;0;0;0;0;0;0;-3,746313800000000;-38,497295000000000
312806;10;12;2017;18:45;0;RUA COSTA BARROS;RUA SAO JOSE D03;;0;;Colis?úo Lateral;Via Iluminada;Bom;Seca;Cruz;Pare;Residencial;0;0;2;1;0;0;0;0;0;0;0;0;-3,726447300000000;-38,523563000000000
312860;10;12;2017;09:47;0;AV DA UNIVERSIDADE;;;2462;;N?úo Informado;Luz do Dia;Bom;Seca;Meio de Quadra;N?úo H?í Controle;Comercial;0;0;0;1;0;0;0;0;0;0;0;0;-3,738597400000000;-38,537025000000000
306118;10;12;2017;19:50;5200;RUA TEN BENEVOLO;RUA GONCALVES LEDO;;0;;Colis?úo Transversal;;;;Cruz;Pare;Residencial;1;1;1;1;0;0;0;0;0;1;0;0;-3,726183000000000;-38,514537000000000
312809;11;12;2017;00:10;11164;RUA FAGUNDES VARELA;RUA JULIO GASPAR;;0;;Colis?úo Transversal;Via Iluminada;Bom;Seca;Cruz;Pare;Residencial;0;2;0;1;0;0;0;0;0;1;0;0;-3,782985700000000;-38,562305000000000
312810;11;12;2017;00:28;15423;RUA SILVEIRA DA MOTA;AV FRE CIRILO;;0;;Colis?úo Transversal;Via Iluminada;Bom;Seca;Cruz;Sem?íforo;Comercial;0;1;1;0;0;0;0;0;0;1;0;0;-3,816143000000000;-38,497840000000000
312811;11;12;2017;01:47;0;RUA VER PEDRO PAULO MOREIRA;;;455;;Colis?úo Traseira;Via Iluminada;Bom;Seca;Meio de Quadra;N?úo H?í Controle;Residencial;0;0;1;1;0;0;0;0;0;0;0;0;-3,786680000000000;-38,491367000000000
312812;11;12;2017;07:32;9176;AV AGUANAMBI;AV EDUARDO GIRAO;;0;;Colis?úo Lateral;Luz do Dia;Bom;Seca;Rotat??ria;D?¬ Prefer?¬ncia;Comercial;0;0;2;1;0;0;0;0;0;0;0;0;-3,755969800000000;-38,524445000000000
312813;11;12;2017;08:48;0;RUA SAO TOMAZ DE AQUINO;;;0;;Colis?úo Transversal;Luz do Dia;Bom;Seca;Meio de Quadra;N?úo H?í Controle;Residencial;0;0;2;0;0;0;0;0;0;0;0;0;-3,813411200000000;-38,530212000000000
312814;11;12;2017;09:39;26086;AV JOSE JATAHY;RUA AZEVEDO BOLAO;;0;;Colis?úo Lateral;Luz do Dia;Bom;Seca;Duplo T;Sem?íforo;Residencial;0;2;1;1;0;0;0;0;0;1;0;0;-3,733741800000000;-38,544620000000000
312815;11;12;2017;09:30;19753;RUA AZEVEDO BOLAO;RUA ERICO MOTA;;0;;Colis?úo Traseira;Luz do Dia;Bom;Seca;Cruz;Pare;Residencial;0;0;2;1;0;0;0;0;0;0;0;0;-3,737644000000000;-38,562717000000000
312816;11;12;2017;10:00;25934;RUA CEZIDIO ALBUQUERQUE;RUA ULISSES BEZERRA;;0;;Colis?úo Frontal;Luz do Dia;Bom;Seca;T;Pare;Comercial;0;0;2;1;0;0;0;0;0;0;0;0;-3,800028600000000;-38,503536000000000
312817;11;12;2017;10:28;0;RUA BERNARDO MANUEL;;;10496;;Colis?úo Traseira;Luz do Dia;Bom;Seca;Meio de Quadra;N?úo H?í Controle;Comercial;0;0;4;1;0;0;0;0;0;0;0;0;-3,811136500000000;-38,555252000000000
312818;11;12;2017;11:44;0;RUA PRO OTAVIO LOBO;RUA DR JOAO DE DEUS D11;;320;;N?úo Informado;Luz do Dia;Bom;Seca;Cruz;Pare;Residencial;0;0;1;1;0;0;0;0;0;0;0;0;-3,745308000000000;-38,527294000000000