COD_ACIDENTE;DIA;MES;ANO;HORA;INTERSECAO;LOG1;LOG2;LOG3;NUMERO;REFERENCIA;NATUREZA;ILUMINACAO;TEMPO;SUPERFICIEPISTA;TIPOCRUZAMENTO;CONTROLETRAFEGO;USOSOLO;MORTOS;FERIDOS;ILESOS;AUTOMOVEL;ONIBUS;BICICLETA;CAMINHAO;MICROONIBUS;CICLOMOTOR;MOTOCICLETA;TRACAOANIMAL;TREM;LATITUDE;LONGITUDE
312819;11;12;2017;10:58;24244;RUA SOLON ONOFRE;RUA FAUSTO CABRAL;;0;;Colis?úo Lateral;Luz do Dia;Bom;Seca;Cruz;Pare;Residencial;0;1;1;1;0;0;0;0;0;1;0;0;-3,734623000000000;-38,472790000000000
312820;11;12;2017;13:49;0;RUA PRO CARLOS LOBO;;;100;;Colis?úo Transversal;Luz do Dia;Bom;Seca;Meio de Quadra;N?úo H?í Controle;Comercial;0;0;2;1;0;0;0;0;0;0;0;0;-3,795360000000000;-38,484480000000000
312821;11;12;2017;13:50;0;AV GOV RAUL BARBOSA;;;7327;;Engavetamento;Luz do Dia;Bom;Seca;Meio de Quadra;N?úo H?í Controle;Residencial;0;0;3;1;0;0;0;0;0;0;0;0;-3,775886300000000;-38,513046000000000
312822;11;12;2017;13:08;0;AV JOSE JATAHY;;;1298;;Colis?úo Transversal;Luz do Dia;Bom;Seca;Meio de Quadra;N?úo H?í Controle;Residencial;0;0;2;1;0;0;0;0;0;0;0;0;-3,733040300000000;-38,544750000000000
312823;11;12;2017;14:57;19683;RUA PRO JOSE DE BARCELOS;RUA AZEVEDO BOLAO;;0;;Colis?úo Transversal;Luz do Dia;Bom;Seca;Cruz;Pare;Residencial;0;0;2;1;0;0;0;0;0;0;0;0;-3,735225700000000;-38,550686000000000
312824;11;12;2017;16:30;0;AV JOVITA FEITOSA;;;658;;Colis?úo Traseira;Luz do Dia;Bom;Seca;Meio de Quadra;Sem?íforo;Comercial;0;0;2;1;0;0;0;0;0;0;0;0;-3,738333000000000;-38,550060000000000
312825;11;12;2017;16:35;0;RUA ALBERTO MAGNO;;;482;;Colis?úo Traseira;Luz do Dia;Bom;Seca;Meio de Quadra;N?úo H?í Controle;Comercial;0;1;1;1;0;0;0;0;0;1;0;0;-3,760105100000000;-38,545803000000000
312826;11;12;2017;16:47;15149;AV MON TABOSA;RUA ANTONIO LIMA;;0;;Colis?úo Transversal;Luz do Dia;Bom;Seca;Cruz;Pare;Residencial;0;0;2;1;1;0;0;0;0;0;0;0;-3,724593200000000;-38,504257000000000
312827;11;12;2017;18:54;0;RUA ASSUNCAO;;;896;;N?úo Informado;Via Iluminada;Bom;Seca;Meio de Quadra;N?úo H?í Controle;Residencial;0;0;2;1;1;0;0;0;0;0;0;0;-3,737864700000000;-38,529755000000000
312828;11;12;2017;20:13;9149;RUA DOM SEBASTIAO LEME;RUA DR JOSE VITOR;;0;;Colis?úo Transversal;Via Iluminada;Bom;Seca;Cruz;Pare;Residencial;0;1;1;1;0;0;0;0;0;0;0;0;-3,747553800000000;-38,525955000000000
312829;11;12;2017;20:36;0;RUA TERTULIANO SALES;;;0;;Colis?úo Lateral;Via Iluminada;Bom;Seca;Meio de Quadra;N?úo H?í Controle;Comercial;0;0;2;1;1;0;0;0;0;0;0;0;-3,759973500000000;-38,530630000000000
312830;11;12;2017;13:30;17350;RUA BAR SOBRAL;RUA JOAO FIRMINO;;0;;Colis?úo Lateral;Luz do Dia;Bom;Seca;Cruz;Pare;Residencial;0;0;2;1;0;0;0;0;0;1;0;0;-3,765617600000000;-38,556454000000000
312831;11;12;2017;22:23;0;AV DOMINGOS OLIMPIO;;;123;;N?úo Informado;Via Iluminada;Bom;Seca;Meio de Quadra;Sem?íforo;Comercial;0;0;1;1;0;0;0;0;0;0;0;0;-3,738575200000000;-38,524920000000000
313289;11;12;2017;03:30;0;RUA JULIO ABREU;;;175;;Choque c/ Obst?ículo Fixo;N?úo Iluminada;Bom;Seca;Meio de Quadra;N?úo H?í Controle;Comercial;0;0;1;0;0;0;0;0;0;0;0;0;-3,735888000000000;-38,487088000000000
313296;11;12;2017;10:57;0;RUA PIAUI;;;1930;;Atropelamento;Luz do Dia;Bom;Seca;Meio de Quadra;Pare;Residencial;0;1;1;0;0;0;0;0;0;0;0;0;-3,750498000000000;-38,573917000000000
313305;11;12;2017;09:45;5188;RUA TEN BENEVOLO;RUA NOGUEIRA ACIOLI;;0;;Colis?úo Lateral;Luz do Dia;Bom;Seca;Cruz;Pare;Residencial;0;1;1;1;0;0;0;0;0;1;0;0;-3,725858000000000;-38,515591000000000
313310;11;12;2017;12:00;0;RUA TEN BENEVOLO;;;411;;Colis?úo Lateral;Luz do Dia;Bom;Seca;Meio de Quadra;Outros;Residencial;0;0;2;1;0;0;1;0;0;0;0;0;-3,725419000000000;-38,517006000000000
313311;11;12;2017;09:20;12451;RUA ALUISIO AZEVEDO;RUA SILVEIRA FILHO;;0;;Colis?úo Lateral Sentido Oposto;Luz do Dia;Bom;Seca;Cruz;Pare;Residencial;0;0;2;1;0;0;0;0;0;0;0;0;-3,771550000000000;-38,576636000000000
317044;11;12;2017;18:33;0;AV FRE CIRILO;;;4186;;Colis?úo;;;;Meio de Quadra;;;0;1;0;0;0;0;0;0;0;0;0;0;-3,820646000000000;-38,495963000000000
317045;11;12;2017;18:59;0;RUA BERNARDO MANUEL;;;0;;Colis?úo;;;;Meio de Quadra;;;0;1;1;1;0;0;0;0;0;0;0;0;;
317041;11;12;2017;17:56;0;RUA LIBERATO BARROSO;;;0;;Colis?úo;Anoitecer;;;Meio de Quadra;;;0;1;0;0;0;0;0;0;0;0;0;0;;
317042;11;12;2017;18:24;26236;AV DR SILAS MUNGUBA;RUA BERNARDO MANUEL;;0;;Colis?úo;Anoitecer;;;Cruz;Sem?íforo;Comercial;0;1;0;0;0;0;0;0;0;0;0;0;-3,787538000000000;-38,547960000000000
317038;11;12;2017;17:14;0;RUA EDUARDO PERDIGAO;;;0;;Atropelamento;Anoitecer;;;Meio de Quadra;;;0;1;1;0;1;0;0;0;0;0;0;0;;
317039;11;12;2017;17:51;0;RUA JOSE VILAR DE ANDRADE;;;1970;;Colis?úo;Anoitecer;;;Meio de Quadra;;;0;0;2;1;0;0;0;0;0;0;0;0;-3,793153000000000;-38,462020000000000
317061;11;12;2017;21:16;11644;RUA PRO HERIBALDO COSTA;RUA CHUI;;0;;Colis?úo;;;;Outros;N?úo H?í Controle;Outros;0;1;2;1;0;0;0;0;0;1;0;0;-3,768978000000000;-38,588544000000000
317049;11;12;2017;20:18;0;AV DIOGUINHO;;;0;;Colis?úo;;;;Meio de Quadra;;;0;1;1;1;0;0;0;0;0;1;0;0;;
317050;11;12;2017;20:21;0;RUA JANDAIA;;;230;;Atropelamento;;;;Meio de Quadra;;;0;1;0;0;0;0;0;0;0;0;0;0;-3,772211000000000;-38,567995000000000
317051;11;12;2017;20:47;0;AV UM (ARVOREDO);;;0;;Colis?úo;;;;Meio de Quadra;;;0;1;0;0;0;0;0;0;0;0;0;0;;
317052;11;12;2017;20:52;0;RUA PRO JOSE HENRIQUE;;;741;;Colis?úo;;;;Meio de Quadra;;;0;1;0;0;0;0;0;0;0;0;0;0;-3,830222000000000;-38,483037000000000
317053;11;12;2017;21:12;0;RUA CEL DIONISIO ALENCAR;;;0;;Colis?úo;;;;Meio de Quadra;;;0;1;1;0;0;0;0;0;0;1;0;0;;
317093;11;12;2017;08:50;0;RUA EQUADOR;;;1988;;Colis?úo;Luz do Dia;;;Meio de Quadra;;;0;1;1;1;0;0;0;0;0;1;0;0;-3,784407000000000;-38,557003000000000
317094;11;12;2017;09:05;0;RUA DES AVELAR;;;0;;Colis?úo;Luz do Dia;;;Meio de Quadra;;;0;1;1;1;0;0;0;0;0;1;0;0;;
317095;11;12;2017;09:46;0;RD BR 116;;;0;;Queda;Luz do Dia;;;Meio de Quadra;;;0;1;0;0;0;0;0;0;0;1;0;0;;
317119;11;12;2017;18:05;21849;RUA IPIRANGA D29;RUA DNA LUCIA PINHEIRO (QUINTINO CUNHA);;0;;Atropelamento;Anoitecer;;;;;;0;1;1;1;0;0;0;0;0;0;0;0;-3,731947000000000;-38,598103000000000
317121;11;12;2017;18:17;0;RUA PDE PERDIGAO SAMPAIO;;;2100;;Atropelamento;Anoitecer;;;Meio de Quadra;;;0;1;1;1;0;0;0;0;0;0;0;0;;
317130;11;12;2017;18:36;2848;RUA RAIMUNDO PINHEIRO;RUA BOM JESUS (GRANJA LISBOA);;0;;Colis?úo;;;;;;;0;1;0;0;0;0;0;0;0;0;0;0;-3,795174000000000;-38,598962000000000
317131;11;12;2017;19:14;0;AV CEL CARVALHO;;;400;;Queda;;;;Meio de Quadra;;;0;1;0;0;0;0;0;0;0;1;0;0;-3,706220000000000;-38,590835000000000
317101;11;12;2017;10:12;0;RUA ALAN KARDEC;;;1176;;Colis?úo;Luz do Dia;;;Meio de Quadra;;;0;1;1;1;0;0;0;0;0;1;0;0;-3,766719000000000;-38,547785800000000
317102;11;12;2017;10:41;0;RUA RUI MONTE;;;368;;Colis?úo;Luz do Dia;;;Meio de Quadra;;;0;1;1;1;0;0;0;0;0;1;0;0;-3,742603000000000;-38,587339000000000
317103;11;12;2017;11:39;2765;RUA OSCAR ARARIPE;RUA MON SABINO FEIJAO;;0;;Colis?úo;Luz do Dia;;;Cruz;Pare;Comercial;0;1;1;1;0;0;0;0;0;1;0;0;-3,792186000000000;-38,596202000000000
317104;11;12;2017;12:00;0;RUA CESAR FONTENELE;;;60;;Colis?úo;Luz do Dia;;;Meio de Quadra;;;0;1;1;1;0;0;0;0;0;1;0;0;-3,745812000000000;-38,557048000000000
317105;11;12;2017;12:09;0;RUA PDE FRANCISCO PITA;;;0;;Atropelamento;Luz do Dia;;;Meio de Quadra;;;0;1;1;1;0;0;0;0;0;0;0;0;;
317106;11;12;2017;12:51;0;AV DOS EXPEDICIONARIOS;;;3231;;Colis?úo;Luz do Dia;;;Meio de Quadra;;;0;1;1;0;0;0;0;0;0;1;0;0;-3,746877848000000;-38,535673249000000
317107;11;12;2017;12:54;0;RUA BOM JESUS (BARRA DO CEARA);;;990;;Queda;Luz do Dia;;;Meio de Quadra;;;0;1;0;0;0;1;0;0;0;0;0;0;;
317108;11;12;2017;13:05;0;AV ABOLICAO;;;3242;;Atropelamento;Luz do Dia;;;Meio de Quadra;;;0;1;1;0;0;0;0;0;0;1;0;0;-3,726536000000000;-38,490383000000000
317109;11;12;2017;14:11;11868;RUA PDE ANCHIETA;RUA AMETISTA;;0;;Queda;Luz do Dia;;;;;;0;1;0;0;0;1;0;0;0;0;0;0;-3,722186000000000;-38,550255000000000
317110;11;12;2017;14:55;0;RUA DR HUGO ROCHA;;;0;;Colis?úo;Luz do Dia;;;Meio de Quadra;;;0;1;1;1;0;0;0;0;0;1;0;0;;
317111;11;12;2017;15:10;5062;RUA GAL SAMPAIO;RUA DR JOAO MOREIRA;;0;;Colis?úo;Luz do Dia;;;Cruz;Sem?íforo Intermitente;Comercial;0;1;1;1;0;0;0;0;0;1;0;0;-3,722030000000000;-38,529364000000000
317112;11;12;2017;15:20;0;AV PINTO BANDEIRA D56;;;460;;Colis?úo;Luz do Dia;;;Meio de Quadra;;;0;1;1;1;0;0;0;0;0;1;0;0;-3,776520000000000;-38,487715000000000
317113;11;12;2017;15:38;0;RUA CEL MATOS DOURADO;;;1033;;Colis?úo;Luz do Dia;;;Meio de Quadra;;;0;1;1;1;0;0;0;0;0;1;0;0;-3,748056000000000;-38,584765000000000
317114;11;12;2017;16:38;0;AV GODOFREDO MACIEL;;;6380;;Colis?úo;Luz do Dia;;;Meio de Quadra;;;0;1;0;0;0;0;0;0;0;0;0;0;-3,832408000000000;-38,581415000000000
317115;11;12;2017;16:44;0;RUA CAUBI;;;31;;Atropelamento;Luz do Dia;;;Meio de Quadra;;;0;1;1;1;0;0;0;0;0;0;0;0;-3,702355239000000;-38,577371340000000
317116;11;12;2017;17:01;24657;RUA RAIMUNDO GOMES;RUA ANTONIO ARRUDA;;0;;Colis?úo;Anoitecer;;;;;;0;1;1;1;0;0;0;0;0;1;0;0;-3,713723000000000;-38,592133000000000
317145;11;12;2017;22:07;0;RUA PDE JOAO PIAMARTA;;;781;;Queda;;;;Meio de Quadra;;;0;1;0;0;0;0;0;0;0;1;0;0;-3,761782000000000;-38,542964000000000
317147;11;12;2017;22:57;5383;AV DUQ CAXIAS;RUA MAJ FACUNDO;;0;;Queda;;;;Cruz;Sem?íforo;Comercial;0;1;0;0;0;0;0;0;0;1;0;0;-3,731981000000000;-38,529285000000000
317133;11;12;2017;20:20;21865;RUA GAL ALIPIO DOS SANTOS;RUA XXIX CIDADE OESTE;;0;;Colis?úo;;;;Cruz;N?úo H?í Controle;Residencial;0;1;1;1;0;0;0;0;0;1;0;0;-3,732650000000000;-38,594649000000000
317126;11;12;2017;18:28;9328;RUA CESAR CORREIA;RUA GAL MARIO HERMES;;0;;Colis?úo;Anoitecer;;;Cruz;Pare;Residencial;0;1;1;0;0;0;0;0;0;1;0;0;-3,715134000000000;-38,574448000000000
315418;11;12;2017;08:40;4678;AV MIN JOSE AMERICO;RUA ADUALDO BATISTA;;0;;Colis?úo;Luz do Dia;Bom;Seca;Cruz;N?úo H?í Controle;Comercial;0;1;1;0;0;0;0;0;0;1;0;0;-3,809734000000000;-38,492145000000000
315419;11;12;2017;13:20;0;RD CE-040;;;0;KM-05;Colis?úo;Luz do Dia;Bom;Seca;Meio de Quadra;;;0;0;3;1;0;0;0;0;0;0;0;0;-3,800595823000000;-38,479534630000000
315421;11;12;2017;19:00;0;RD CE-040;;;0;KM-05;Colis?úo;;Bom;Seca;Meio de Quadra;;;0;0;2;1;0;0;0;0;0;1;0;0;-3,800595823000000;-38,479534630000000
315423;11;12;2017;20:00;0;RD CE-040;;;0;KM-03;Colis?úo;;Bom;Seca;Meio de Quadra;;;0;0;2;1;0;0;0;0;0;1;0;0;-3,782614325000000;-38,481083900000000
315426;12;12;2017;15:45;0;RD CE-040;;;0;KM-08;Colis?úo;Luz do Dia;Bom;Seca;Meio de Quadra;;;0;0;3;1;0;0;0;0;0;0;0;0;-3,825515822000000;-38,481538320000000
315427;12;12;2017;20:00;0;RD CE-040;;;0;KM-02;Colis?úo;;Bom;Seca;Meio de Quadra;;;0;0;2;1;0;0;0;0;0;0;0;0;-3,773616148000000;-38,481799400000000
317148;12;12;2017;06:08;0;AV RUI BARBOSA;;;6690;;Colis?úo;Luz do Dia;;;Meio de Quadra;;;0;1;0;0;0;0;0;0;0;0;0;0;-3,752556700000000;-38,514020300000000
317149;12;12;2017;06:09;0;AV GOV RAUL BARBOSA;;;0;;Queda;Luz do Dia;;;Meio de Quadra;;;0;1;0;0;0;0;0;0;0;1;0;0;;
317162;12;12;2017;10:10;0;AV JOSE BASTOS;;;0;;Atropelamento;Luz do Dia;;;Meio de Quadra;;;0;1;1;1;0;0;0;0;0;0;0;0;;
317170;12;12;2017;11:22;0;RUA MONTE PASCOAL;;;623;;Colis?úo;Luz do Dia;;;Meio de Quadra;;;0;1;1;1;0;0;0;0;0;0;0;0;-3,805684200000000;-38,597507000000000
317157;12;12;2017;09:31;0;RUA POMPILIO GOMES;;;458;;Colis?úo;Luz do Dia;;;Meio de Quadra;;;0;1;1;1;0;0;0;0;0;1;0;0;-3,815119500000000;-38,521041200000000
317152;12;12;2017;07:25;0;RUA PRO COSTA MENDES;;;727;;Colis?úo;Luz do Dia;;;Meio de Quadra;;;0;1;1;1;0;1;0;0;0;0;0;0;-3,754642000000000;-38,546972000000000
317154;12;12;2017;08:40;0;AV ALBERTO CRAVEIRO;;;1145;;Colis?úo;Luz do Dia;;;Meio de Quadra;;;0;0;1;0;0;0;0;0;0;0;0;0;-3,789775000000000;-38,517080000000000
317203;12;12;2017;14:29;13201;AV I CJ JOSE WALTER;RUA 56 CJ JOSE WALTER;;0;;Colis?úo;Luz do Dia;;;Cruz;N?úo H?í Controle;Residencial;0;1;1;1;0;0;0;0;0;1;0;0;-3,833669000000000;-38,553323000000000
317209;12;12;2017;14:41;0;AV ENG ALBERTO SA;;;1120;;Colis?úo;Luz do Dia;;;Meio de Quadra;;;0;1;1;1;0;0;0;0;0;1;0;0;-3,735338000000000;-38,473066000000000
317190;12;12;2017;13:55;5146;RUA GUILHERME ROCHA;RUA PRC ISABEL;;0;;Colis?úo;Luz do Dia;;;Cruz;Pare;Comercial;0;1;1;1;0;0;0;0;0;0;0;0;-3,724720000000000;-38,534931000000000
317191;12;12;2017;14:05;0;RD BR 116;;;13000;KM-13;Queda;Luz do Dia;;;Meio de Quadra;;;0;1;0;0;0;0;0;0;0;1;0;0;-3,864670000000000;-38,497727000000000
317195;12;12;2017;14:25;19029;RUA SOLON ONOFRE;AV ENG ALBERTO SA;;0;;Colis?úo;Luz do Dia;;;Cruz;Pare;Residencial;0;1;1;1;0;0;0;0;0;1;0;0;-3,735314000000000;-38,473145000000000
317186;12;12;2017;12:07;0;RUA ANDRE REBOUCAS;;;233;;Atropelamento;Luz do Dia;;;Meio de Quadra;;;0;2;0;0;0;0;0;0;0;1;0;0;-3,775358100000000;-38,590234200000000
317211;12;12;2017;15:05;0;RUA CESAR FONSECA;;;139;;Colis?úo;Luz do Dia;;;Meio de Quadra;;;0;1;1;1;0;0;0;0;0;1;0;0;-3,746628876000000;-38,561073381000000
317215;12;12;2017;15:26;11077;RUA OREGON;RUA DR PEDRO WILSON D45;;0;;Colis?úo;Luz do Dia;;;Cruz;Pare;Comercial;0;2;1;1;0;0;0;0;0;0;0;0;;
313313;12;12;2017;09:30;0;AV GAL OSORIO DE PAIVA;;;4505;;Colis?úo Frontal;Luz do Dia;Bom;Seca;Meio de Quadra;N?úo H?í Controle;Comercial;0;0;1;1;0;0;0;0;0;0;0;0;-3,798017000000000;-38,595561000000000
313317;12;12;2017;20:00;0;RUA SOUSA CARVALHO;;;258;;Colis?úo Lateral;Via Iluminada;Bom;Seca;Meio de Quadra;N?úo H?í Controle;Residencial;0;1;0;1;0;1;0;0;0;0;0;0;-3,784301000000000;-38,586108000000000
312832;12;12;2017;08:13;0;AV JOSE JATAHY;;;677;;Colis?úo Traseira;Luz do Dia;Bom;Seca;Meio de Quadra;N?úo H?í Controle;Comercial;0;0;2;1;0;0;0;0;0;0;0;0;-3,728057400000000;-38,545567000000000
312833;12;12;2017;09:03;0;AV PRS CASTELO BRANCO;;;5673;;Choque c/ Obst?ículo Fixo;Luz do Dia;Bom;Seca;Meio de Quadra;N?úo H?í Controle;Comercial;0;1;3;1;0;0;0;0;0;1;0;0;-3,703133600000000;-38,581340000000000
312834;12;12;2017;09:30;9240;RUA MARIO MAMEDE;RUA DEP OSWALDO STUDART;;0;;Colis?úo Transversal;Luz do Dia;Bom;Seca;Cruz;Sem?íforo;Residencial;0;1;2;1;0;0;0;0;0;1;0;0;-3,752684400000000;-38,527380000000000
312835;12;12;2017;10:41;0;AV DES MOREIRA;;;177;;N?úo Informado;Luz do Dia;Bom;Seca;Outros;N?úo H?í Controle;Comercial;0;0;2;1;0;0;0;0;0;0;0;0;-3,728526000000000;-38,495728000000000
312836;12;12;2017;11:22;15227;AV DES MOREIRA;AV ABOLICAO;;0;;Colis?úo Traseira;Luz do Dia;Bom;Seca;Cruz;Sem?íforo;Comercial;0;0;2;1;0;0;0;0;0;0;0;0;-3,727585000000000;-38,495003000000000
312837;12;12;2017;13:20;25049;AV PONTES VIEIRA;RUA CAP MELO;;0;;Colis?úo Transversal;Luz do Dia;Bom;Seca;Cruz;Sem?íforo;Comercial;0;0;2;1;0;0;0;0;0;0;0;0;-3,752614500000000;-38,513878000000000
312838;12;12;2017;12:28;16971;AV WENEFRIDO MELO;RUA JOSE DUTRA;;0;;Colis?úo Transversal;Luz do Dia;Bom;Seca;T;N?úo H?í Controle;Comercial;0;0;2;1;0;0;0;1;0;0;0;0;-3,811304000000000;-38,575530000000000
312839;12;12;2017;13:37;0;RUA MONTE LIBANO;;;700;;Colis?úo Lateral;Luz do Dia;Bom;Seca;Meio de Quadra;N?úo H?í Controle;Comercial;0;1;1;0;0;0;0;0;0;1;0;0;-3,825836400000000;-38,562828000000000
312840;12;12;2017;13:10;17352;AV JOAO PESSOA;RUA ELVIRA PINHO;;0;;Colis?úo Traseira;Luz do Dia;Bom;Seca;T;Pare;Comercial;0;2;0;0;0;1;0;0;0;1;0;0;-3,765432000000000;-38,559250000000000
312841;12;12;2017;15:00;1479;RUA PRO DIAS DA ROCHA;RUA DES LEITE ALBUQUERQUE;;0;;Colis?úo Transversal;Luz do Dia;Bom;Seca;Cruz;Pare;Residencial;0;0;2;1;0;0;0;0;0;0;0;0;-3,739091600000000;-38,492930000000000
312842;12;12;2017;14:50;15282;RUA TIBURCIO CAVALCANTE;RUA CANUTO DE AGUIAR;;0;;Colis?úo Transversal;Luz do Dia;Bom;Seca;Cruz;Pare;Residencial;0;0;2;1;0;0;0;0;0;0;0;0;-3,728944300000000;-38,500435000000000
312843;12;12;2017;14:00;3420;AV JOAO PESSOA;RUA DES PRAXEDES;;0;;Colis?úo Lateral;Luz do Dia;Bom;Seca;Cruz;Sem?íforo;Comercial;0;1;1;1;0;0;0;0;0;1;0;0;-3,757114000000000;-38,553467000000000
312844;12;12;2017;16:42;0;RUA LEONARDO MOTA;;;1300;;Colis?úo Traseira;Luz do Dia;Bom;Seca;Meio de Quadra;N?úo H?í Controle;Comercial;0;0;2;1;0;0;0;0;0;1;0;0;-3,737586700000000;-38,496567000000000
312845;12;12;2017;16:49;0;RUA BERNARDO MANUEL;;;7842;;Colis?úo Traseira;Luz do Dia;Bom;Seca;Meio de Quadra;Sem?íforo;Residencial;0;3;1;1;0;0;0;0;0;1;0;0;-3,786160200000000;-38,547646000000000
312846;12;12;2017;17:10;9021;AV FELINO BARROSO;RUA CEL SOLON;;0;;Colis?úo;Luz do Dia;Bom;Seca;Cruz;Pare;Comercial;0;1;1;1;0;0;0;0;0;1;0;0;-3,743100600000000;-38,528620000000000
312847;12;12;2017;19:47;0;RUA PEDRO WILSON (ITAPERI);RUA OREGON;;0;;Colis?úo Transversal;Via Iluminada;Bom;Seca;Cruz;Pare;Residencial;0;0;2;1;0;0;0;0;0;0;0;0;-3,789998000000000;-38,545704000000000
312848;12;12;2017;17:45;17447;RUA PERU;RUA PRO TEODORICO;;0;;Colis?úo Lateral;Luz do Dia;Bom;Seca;Cruz;Pare;Residencial;0;0;1;1;1;0;0;0;0;0;0;0;-3,770038100000000;-38,550050000000000
312849;12;12;2017;18:00;9143;RUA JUVENAL DE CARVALHO;RUA DR JOSE VITOR;;0;;Colis?úo Frontal;Via Iluminada;Bom;Material Derrapante;Cruz;Pare;Residencial;0;1;1;0;0;0;0;0;0;1;0;0;-3,747622700000000;-38,525146000000000
317221;12;12;2017;15:30;0;AV D CJ JOSE WALTER;;;0;HOSP. GONZAGUINHA;Queda;Luz do Dia;;;Meio de Quadra;;;0;1;0;0;0;0;0;0;0;1;0;0;;
317238;12;12;2017;16:18;0;RUA BERNARDO MANUEL;;;7770;;Colis?úo;Luz do Dia;;;;;;0;0;1;1;0;0;0;0;0;1;0;0;-3,786101000000000;-38,547531000000000
317239;12;12;2017;16:32;0;AV FRE CIRILO;;;4241;;Atropelamento;Luz do Dia;;;Meio de Quadra;;;0;1;1;0;1;0;0;0;0;0;0;0;-3,820894000000000;-38,495854000000000
317248;12;12;2017;17:32;0;AV JOR THOMAZ COELHO;;;629;;Colis?úo;Anoitecer;;;Meio de Quadra;;;0;1;1;1;0;0;0;0;0;1;0;0;-3,832035000000000;-38,501746000000000
317256;12;12;2017;18:27;8933;AV DOMINGOS OLIMPIO;RUA RUBIA SAMPAIO;;0;;Colis?úo;Anoitecer;;;Cruz;Pare;Residencial;0;1;1;1;0;0;0;0;0;1;0;0;-3,733409000000000;-38,541015000000000
317241;12;12;2017;16:41;5347;RUA PEDRO I;RUA BAR RIO BRANCO;;0;;Colis?úo;Luz do Dia;;;Meio de Quadra;Sem?íforo;Comercial;0;1;1;0;0;0;0;0;0;1;0;0;-3,730887000000000;-38,529673000000000
317244;12;12;2017;16:58;0;AV CASTANHOLEIRAS;;;303;;Colis?úo;Luz do Dia;;;Meio de Quadra;;;0;1;1;1;0;0;0;0;0;1;0;0;-3,752568000000000;-38,468396000000000
317246;12;12;2017;17:27;5332;RUA PEDRO I;RUA SEN POMPEU;;0;;Queda;Anoitecer;;;Cruz;Sem?íforo;Comercial;0;1;0;0;0;0;0;0;0;1;0;0;-3,730553000000000;-38,530728000000000
317266;12;12;2017;19:08;0;RUA FRANCISCO C MENDES;;;229;;Atropelamento de Animal;;;;Meio de Quadra;;;0;1;0;0;0;0;0;0;0;1;0;0;-3,795294000000000;-38,482325800000000
317269;12;12;2017;22:17;0;RUA LAURO NOGUEIRA;;;0;;Colis?úo;;;;Meio de Quadra;;;0;1;0;0;0;0;0;0;0;0;0;0;;
317270;12;12;2017;23:45;15357;RUA PEREIRA VALENTE;RUA LEONARDO MOTA;;0;;Queda;;;;Cruz;Pare;Comercial;0;1;0;0;0;1;0;0;0;0;0;0;-3,732885000000000;-38,495134000000000
317259;12;12;2017;18:44;0;RUA MAL DEODORO;;;1050;;Atropelamento;;;;Meio de Quadra;;;0;1;1;0;0;0;0;0;0;1;0;0;-3,744484000000000;-38,537213000000000
317260;12;12;2017;;0;RUA DESCARTES BRAGA;;;1256;;Queda;;;;Meio de Quadra;;;0;1;0;0;0;1;0;0;0;0;0;0;;
317263;12;12;2017;19:05;12581;RUA PEDRO SAMPAIO;RUA PDE TEODORO (QUNTINO CUNHA);;0;;Atropelamento;;;;Cruz;N?úo H?í Controle;Residencial;0;1;1;0;0;0;0;0;0;1;0;0;-3,725311000000000;-38,591133000000000
317271;13;12;2017;01:03;0;AV DA UNIVERSIDADE;;;1870;;Colis?úo;;;;Meio de Quadra;;;0;1;1;1;0;0;0;0;0;1;0;0;-3,735259000000000;-38,533912000000000
317274;13;12;2017;07:47;0;RUA MANUEL DE QUEIROZ;;;454;;Colis?úo;Luz do Dia;;;Meio de Quadra;;;0;1;0;0;0;0;0;0;0;0;0;0;-3,748439000000000;-38,467303000000000
317284;13;12;2017;10:06;0;AV CARNEIRO DE MENDONCA;;;1301;;Atropelamento;Luz do Dia;;;Meio de Quadra;;;0;1;1;0;0;0;0;0;0;1;0;0;-3,761986000000000;-38,570721000000000
317281;13;12;2017;10:06;2971;RUA PEDRO MARTINS;RUA MON SABINO FEIJAO;;0;;Colis?úo;Luz do Dia;;;Cruz;N?úo H?í Controle;Residencial;0;2;1;1;0;0;0;0;0;1;0;0;-3,800394000000000;-38,599374000000000
317279;13;12;2017;09:31;0;AV GOV RAUL BARBOSA;;;0;;Colis?úo;Luz do Dia;;;Meio de Quadra;;;0;1;1;1;0;0;0;0;0;1;0;0;;
317277;13;12;2017;09:18;0;RUA JARDIM FLUMINENSE;;;1009;;Atropelamento;Luz do Dia;;;Meio de Quadra;;;0;2;0;0;0;0;0;0;0;1;0;0;-3,812713000000000;-38,598157000000000
317286;13;12;2017;12:51;0;AV DR SILAS MUNGUBA;;;0;;Queda;Luz do Dia;;;Meio de Quadra;;;0;1;0;0;0;0;0;0;0;1;0;0;;
317294;13;12;2017;13:57;0;RUA TEODORO DE CASTRO;;;2450;;Queda;Luz do Dia;;;Meio de Quadra;;;0;1;0;0;0;0;0;0;0;1;0;0;-3,777599000000000;-38,612824000000000