COD_ACIDENTE;DIA;MES;ANO;HORA;INTERSECAO;LOG1;LOG2;LOG3;NUMERO;REFERENCIA;NATUREZA;ILUMINACAO;TEMPO;SUPERFICIEPISTA;TIPOCRUZAMENTO;CONTROLETRAFEGO;USOSOLO;MORTOS;FERIDOS;ILESOS;AUTOMOVEL;ONIBUS;BICICLETA;CAMINHAO;MICROONIBUS;CICLOMOTOR;MOTOCICLETA;TRACAOANIMAL;TREM;LATITUDE;LONGITUDE
317306;13;12;2017;16:56;0;RUA JOR CESAR MAGALHAES;;;550;;Colis?úo;Luz do Dia;;;Meio de Quadra;;;0;1;1;1;0;0;0;0;0;1;0;0;-3,764453000000000;-38,489670000000000
317307;13;12;2017;17:01;0;RUA CIDADE PALHANO;;;0;;Colis?úo;Anoitecer;;;Meio de Quadra;;;0;1;0;0;0;0;0;0;0;0;0;0;;
317301;13;12;2017;14:08;0;RD BR 116;;;13000;KM-13;Colis?úo;Luz do Dia;;;Meio de Quadra;;;0;1;1;1;0;1;0;0;0;0;0;0;-3,864670000000000;-38,497727000000000
317302;13;12;2017;14:36;0;RUA ESPLANADA DO MUCURIPE;;;0;;Queda;Luz do Dia;;;Meio de Quadra;;;0;1;0;0;0;0;0;0;0;1;0;0;;
317303;13;12;2017;16:46;12469;RUA MELO DE OLIVEIRA;RUA DES GOMES PARENTE;;0;;Colis?úo;Luz do Dia;;;Cruz;Pare;Comercial;0;1;1;1;0;0;0;0;0;1;0;0;-3,773360000000000;-38,578654000000000
317304;13;12;2017;16:53;19587;RUA PRIMEIRO DE JANEIRO;AV GODOFREDO MACIEL;;0;;Atropelamento;Luz do Dia;;;T;Pare;Comercial;0;1;1;1;0;0;0;0;0;0;0;0;;
317310;13;12;2017;18:20;5281;RUA PEDRO PEREIRA;RUA GAL SAMPAIO;;0;;Atropelamento;Anoitecer;;;Cruz;Sem?íforo;Comercial;0;1;0;0;0;0;0;0;0;0;0;0;-3,728779000000000;-38,531335000000000
317311;13;12;2017;18:22;0;AV PRS COSTA E SILVA;;;2425;;Colis?úo;Anoitecer;;;Meio de Quadra;;;0;1;1;0;0;0;0;0;0;1;0;0;-3,820201000000000;-38,560233000000000
317312;13;12;2017;18:23;0;AV PERIMETRAL;;;0;;Colis?úo;Anoitecer;;;Meio de Quadra;;;0;1;1;1;0;0;0;0;0;1;0;0;;
317336;13;12;2017;21:34;17414;RUA ZACARIAS GONDIM;RUA 15 DE NOVEMBRO;;0;;Colis?úo;;;;Cruz;Pare;Comercial;0;2;1;0;0;0;0;0;0;1;0;0;-3,768021000000000;-38,558445000000000
317333;13;12;2017;21:20;3809;AV CARAPINIMA;RUA PDE FRANCISCO PINTO;;0;;Colis?úo;;;;Duplo T;N?úo H?í Controle;Comercial;0;1;1;1;0;0;0;0;0;1;0;0;-3,741723000000000;-38,541958000000000
317331;13;12;2017;19:09;0;AV N CJ CEARA;;;0;;Atropelamento;;;;Meio de Quadra;;;0;2;0;0;0;0;0;0;0;1;0;0;;
317327;13;12;2017;18:58;0;RUA IPIRANGA D29;;;2212;;Queda;;;;Meio de Quadra;;;0;1;0;0;0;0;0;0;0;1;0;0;-3,733171000000000;-38,598439000000000
317328;13;12;2017;19:02;0;RUA CASTRO E SILVA;;;0;;Atropelamento;;;;Meio de Quadra;;;0;1;1;0;1;0;0;0;0;0;0;0;;
312850;13;12;2017;01:49;1303;AV DOM LUIS;RUA BARBOSA DE FREITAS;;0;;Colis?úo Transversal;Anoitecer;Bom;Seca;Cruz;Sem?íforo;Comercial;0;0;2;1;0;0;0;0;0;0;0;0;-3,733502600000000;-38,496480000000000
312851;13;12;2017;09:47;0;AV GOV RAUL BARBOSA;;;7506;;Colis?úo Transversal;Luz do Dia;Bom;Seca;Meio de Quadra;N?úo H?í Controle;Residencial;0;1;0;0;0;0;0;0;0;1;0;0;-3,777715700000000;-38,513660000000000
312852;13;12;2017;10:13;0;RUA TEN BENEVOLO;;;2154;;Colis?úo Traseira;Luz do Dia;Bom;Seca;Meio de Quadra;N?úo H?í Controle;Residencial;0;0;2;1;0;0;0;0;0;0;0;0;-3,730303500000000;-38,502260000000000
312861;13;12;2017;19:50;0;RUA CEL JOSE EUCLIDES;;;0;;Colis?úo Lateral;Via Iluminada;Bom;Seca;Meio de Quadra;N?úo H?í Controle;Residencial;0;0;2;1;1;0;0;0;0;0;0;0;-3,752312000000000;-38,524097000000000
312862;13;12;2017;22:42;0;AV PRS COSTA E SILVA;RUA PAU BRASIL;;0;;Colis?úo Transversal;Luz do Dia;Bom;Seca;T;Sem?íforo;Comercial;0;0;1;0;0;0;0;0;0;1;0;0;-3,824020400000000;-38,548460000000000
312863;13;12;2017;03:48;0;AV OLIVEIRA PAIVA;;;2833;;Choque c/ Obst?ículo Fixo;Via Iluminada;Bom;Seca;N?úo Informado;N?úo H?í Controle;Residencial;0;1;0;1;0;0;0;0;0;0;0;0;-3,795901000000000;-38,482304000000000
312864;13;12;2017;22:00;13556;AV RUI BARBOSA;AV SORIANO ALBUQUERQUE;;0;;Colis?úo Lateral;Via Iluminada;Bom;Seca;Cruz;N?úo H?í Controle;Residencial;0;1;1;1;0;0;0;0;0;1;0;0;-3,749462000000000;-38,513813000000000
312854;13;12;2017;13:11;0;RUA GERMANO FRANCK;;;375;;Colis?úo Traseira;Luz do Dia;Bom;Seca;Meio de Quadra;N?úo H?í Controle;Comercial;0;1;2;1;0;0;0;0;0;0;0;0;-3,775233700000000;-38,559597000000000
312855;13;12;2017;13:59;0;AV GAL OSORIO DE PAIVA;;;3950;;N?úo Informado;Luz do Dia;Bom;Seca;T;Sem?íforo;Comercial;0;0;2;0;0;0;0;0;0;1;0;0;-3,792379400000000;-38,590090000000000
312856;13;12;2017;15:57;0;AV VIS RIO BRANCO;;;2486;;Colis?úo Traseira;Luz do Dia;Bom;Seca;Meio de Quadra;N?úo H?í Controle;Comercial;0;0;2;1;0;0;0;0;0;0;0;0;-3,742557800000000;-38,522766000000000
312857;13;12;2017;15:37;5099;AV TRISTAO GONCALVES;RUA SEN ALENCAR;;0;;N?úo Informado;Luz do Dia;Bom;Seca;Cruz;Pare;Comercial;0;0;0;1;0;0;0;0;0;0;0;0;-3,722919500000000;-38,532000000000000
312858;13;12;2017;16:33;0;AV SEN FERNANDES TAVORA;;;1220;;Colis?úo Lateral;Luz do Dia;Bom;Seca;T;Pare;Comercial;0;0;2;1;0;0;0;0;0;0;0;0;-3,761485300000000;-38,583553000000000
312859;13;12;2017;17:49;0;RUA DES WALDETARIO P MOTA;;;0;;Colis?úo Traseira;Luz do Dia;Bom;Seca;Meio de Quadra;Pare;Comercial;0;0;2;1;1;0;0;0;0;0;0;0;-3,737534500000000;-38,481050000000000
312278;13;12;2017;15:53;13935;RUA VER PEDRO PAULO MOREIRA;RUA GAL CAIADO DE CASTRO;;0;;Colis?úo Transversal;Luz do Dia;Bom;Seca;Cruz;Pare;Comercial;0;0;2;1;0;0;0;0;0;0;0;0;-3,786859000000000;-38,488983000000000
313297;13;12;2017;17:30;0;RUA HIPOLITO PAMPLONA;;;406;;Colis?úo Frontal;Via Iluminada;Bom;Seca;Meio de Quadra;N?úo H?í Controle;Residencial;0;0;1;1;0;0;1;0;0;0;0;0;-3,745071000000000;-38,596110000000000
313293;13;12;2017;09:19;0;RUA ANTONIO COSTA MENDES;;;0;;Colis?úo Transversal;Luz do Dia;Bom;Seca;Cruz;Pare;Residencial;0;1;1;1;1;0;0;0;0;0;0;0;;
313294;13;12;2017;17:30;5301;VL JD PRINCESA ISABEL;AV DUQ CAXIAS;;0;;Colis?úo Traseira;Luz do Dia;Bom;Seca;Cruz;Sem?íforo Intermitente;Comercial;0;1;0;1;0;0;0;0;0;0;0;0;-3,729516000000000;-38,536915000000000
313295;13;12;2017;09:00;9268;AV BORGES DE MELO;RUA BARTOLOMEU DE GUSMAO;;0;;Colis?úo Lateral;Luz do Dia;;;Cruz;N?úo H?í Controle;Comercial;0;2;0;1;1;0;0;0;0;0;0;0;-3,760379000000000;-38,528890000000000
313291;13;12;2017;23:57;13563;AV SORIANO ALBUQUERQUE;RUA DR JOSE LOURENCO;;0;;Colis?úo Lateral;;;;Cruz;Pare;Residencial;0;2;0;1;0;0;0;0;0;0;0;0;-3,749830000000000;-38,512631000000000
315429;13;12;2017;16:30;0;RD CE-040;;;0;KM-03;Colis?úo;Luz do Dia;Bom;Seca;Meio de Quadra;;;0;0;2;1;1;0;0;0;0;0;0;0;-3,782614325000000;-38,481083900000000
315430;13;12;2017;19:00;0;AV SEN CARLOS JEREISSATI (AEROPORTO);;;0;KM 02;Colis?úo;;Bom;Seca;Meio de Quadra;;;0;0;2;1;0;0;0;0;0;0;0;0;-3,782194000000000;-38,535424000000000
326085;14;12;2017;07:40;0;RD BR 116;;;800;KM-05;Choque c/ Obst?ículo Fixo;Luz do Dia;;N?úo informada;Meio de Quadra;;;0;2;1;1;0;0;0;0;0;1;0;0;-3,793082000000000;-38,508470000000000
313298;14;12;2017;11:00;0;AV PRS CASTELO BRANCO;;;2807;;Colis?úo Lateral;Luz do Dia;Bom;Seca;Meio de Quadra;N?úo H?í Controle;Residencial;0;2;0;1;0;0;1;0;0;0;0;0;-3,712476000000000;-38,552792000000000
312865;14;12;2017;05:53;0;AV PRS COSTA E SILVA;;;1680;;Choque c/ Obst?ículo Fixo;Luz do Dia;Bom;Seca;Meio de Quadra;N?úo H?í Controle;Comercial;0;0;0;0;0;0;0;0;0;1;0;0;-3,817098400000000;-38,566902000000000
312866;14;12;2017;08:25;0;AV PRS CASTELO BRANCO;;;2745;;Colis?úo Traseira;Luz do Dia;Bom;Seca;Meio de Quadra;N?úo H?í Controle;Residencial;0;0;2;1;0;0;0;0;0;0;0;0;-3,712738800000000;-38,552174000000000
312867;14;12;2017;06:40;0;RUA AQUILES BORIS;;;39;;Colis?úo Traseira;Luz do Dia;Bom;Seca;Meio de Quadra;N?úo H?í Controle;Residencial;0;1;1;1;0;0;0;0;0;1;0;0;-3,768670300000000;-38,547665000000000
312868;14;12;2017;08:37;15306;RUA ANA BILHAR;RUA LEONARDO MOTA;;0;;Colis?úo Lateral;Luz do Dia;Bom;Seca;Cruz;Sem?íforo;Residencial;0;0;2;1;0;0;0;0;0;0;0;0;-3,729901000000000;-38,494404000000000
312869;14;12;2017;08:18;17418;RUA ANTONIO FIUZA;RUA ISAIE BORIS;;0;;Colis?úo Traseira;Luz do Dia;Bom;Seca;Outros;N?úo H?í Controle;Comercial;0;0;2;1;0;0;0;0;0;0;0;0;-3,768157700000000;-38,551228000000000
312870;14;12;2017;08:59;5053;RUA SEN ALENCAR;RUA AGAPITO DOS SANTOS;;0;;Colis?úo Lateral;Luz do Dia;Bom;Seca;Cruz;Pare;Residencial;0;1;1;1;0;0;0;0;0;1;0;0;-3,721839000000000;-38,537640000000000
312871;14;12;2017;09:24;12699;AV CEL CARVALHO;AV MAJ ASSIS;;0;;Colis?úo Traseira;Luz do Dia;Bom;Seca;Cruz;Sem?íforo;Comercial;0;0;2;0;0;0;0;0;0;0;0;0;-3,723309500000000;-38,586155000000000
312872;14;12;2017;08:20;5318;RUA GAL CLARINDO DE QUEIROZ;RUA PDE IBIAPINA;;0;;Colis?úo Transversal;Luz do Dia;Bom;Seca;Cruz;Sem?íforo;Comercial;0;0;2;1;1;0;0;0;0;0;0;0;-3,729500800000000;-38,539974000000000
312873;14;12;2017;09:59;341;RUA CESAR FONTENELE;RUA GONCALVES DIAS;;0;;Colis?úo Transversal;Luz do Dia;Bom;Seca;Cruz;Pare;Comercial;0;0;2;1;0;0;0;0;0;0;0;0;-3,746327200000000;-38,557034000000000
312874;14;12;2017;10:00;0;AV GAL MURILO BORGES;;;0;;Colis?úo Traseira;Luz do Dia;Bom;Seca;Meio de Quadra;N?úo H?í Controle;Lazer;0;0;4;1;0;0;0;0;0;0;0;0;-3,763996600000000;-38,507250000000000
312875;14;12;2017;10:35;0;AV SANTOS DUMONT;;;2727;;Colis?úo Traseira;Luz do Dia;Bom;Seca;Meio de Quadra;Sem?íforo;Comercial;0;0;2;1;0;0;0;0;0;0;0;0;-3,735589000000000;-38,500362000000000
312876;14;12;2017;13:16;0;RUA LEONARDO MOTA;;;0;;Colis?úo Traseira;Luz do Dia;Bom;Seca;Meio de Quadra;N?úo H?í Controle;Residencial;0;0;1;1;0;0;0;0;0;0;0;0;-3,739645000000000;-38,497345000000000
312877;14;12;2017;14:00;0;RUA BENI DE CARVALHO;;;205;;Colis?úo Traseira;Luz do Dia;Bom;Seca;Meio de Quadra;Sem?íforo;Residencial;0;0;2;1;0;0;0;0;0;0;0;0;-3,744902400000000;-38,498554000000000
312878;14;12;2017;14:21;9020;RUA SALDANHA MARINHO;RUA JAIME BENEVOLO;;0;;Colis?úo Transversal;Luz do Dia;Bom;Seca;Cruz;Sem?íforo;Residencial;0;1;1;1;0;0;0;0;0;1;0;0;-3,743076600000000;-38,529130000000000
312879;14;12;2017;13:30;0;RUA PEDRO LAZAR;;;0;;Colis?úo Transversal;Luz do Dia;Bom;Seca;Meio de Quadra;Pare;Residencial;0;0;2;1;0;0;0;0;0;1;0;0;-3,804902600000000;-38,488544000000000
312880;14;12;2017;14:32;0;AV JOAO DE ARAUJO LIMA;;;801;;Colis?úo Lateral;Luz do Dia;Bom;Seca;N?úo Informado;Sem?íforo;Comercial;0;0;2;1;0;0;0;0;0;0;0;0;-3,828866500000000;-38,559753000000000
312881;14;12;2017;14:38;0;RUA CARLOS AMORA;;;0;;Colis?úo Traseira;Luz do Dia;Bom;Seca;Meio de Quadra;D?¬ Prefer?¬ncia;Comercial;0;0;2;1;0;0;0;0;0;0;0;0;-3,776132800000000;-38,562984000000000
312882;14;12;2017;14:44;7824;RUA NUNES VALENTE;RUA FRANCISCO HOLANDA;;0;;Colis?úo Transversal;Luz do Dia;Bom;Seca;Cruz;Pare;Residencial;0;0;2;1;0;0;0;0;0;0;0;0;-3,747814400000000;-38,507492000000000
312883;14;12;2017;14:54;5463;RUA BARBARA DE ALENCAR;RUA DNA LEOPOLDINA;;0;;Colis?úo Lateral;Luz do Dia;Bom;Seca;Cruz;Pare;Comercial;0;0;3;1;0;0;0;0;0;0;0;0;-3,735745200000000;-38,521088000000000
312884;14;12;2017;13:56;26201;AV CASTELO DE CASTRO;RUA SILVINHA TELES D69;;0;;Colis?úo Transversal;Luz do Dia;Bom;Seca;T;Pare;Residencial;0;1;1;0;1;0;0;0;0;1;0;0;-3,851276900000000;-38,523453000000000
312885;14;12;2017;14:15;10943;RUA DOM CARLOTO TAVORA;RUA ZACARIAS GONDIM;;0;;Colis?úo Lateral;Luz do Dia;Bom;Seca;Cruz;Pare;Residencial;0;0;2;1;0;0;0;0;0;0;0;0;-3,769043200000000;-38,558865000000000
312886;14;12;2017;15:40;26226;AV AMERICO BARREIRA;AV CARNEIRO DE MENDONCA;;0;;Colis?úo Traseira;Luz do Dia;Bom;Seca;Cruz;Sem?íforo;Comercial;0;0;2;1;0;0;0;0;0;0;0;0;-3,764064600000000;-38,566970000000000
312887;14;12;2017;16:07;19766;RUA AZEVEDO BOLAO;RUA TIP SALES;;0;;Colis?úo Lateral;Luz do Dia;Bom;Seca;Cruz;Pare;Residencial;0;0;2;1;0;0;0;0;0;0;0;0;-3,738015700000000;-38,564750000000000
312888;14;12;2017;14:19;0;RUA JOAQUIM NABUCO;;;1208;;Colis?úo Traseira;Luz do Dia;Bom;Seca;Meio de Quadra;Pare;Comercial;0;0;0;1;0;1;0;0;0;0;0;0;-3,736199000000000;-38,501568000000000
312889;14;12;2017;16:15;5723;AV OLIVEIRA PAIVA;RUA MON ANTERO;;0;;Colis?úo Traseira;Luz do Dia;Bom;Seca;Cruz;Sem?íforo;Comercial;0;0;2;1;0;0;0;0;0;0;0;0;-3,795610000000000;-38,493233000000000
312890;14;12;2017;16:15;22085;RUA JOAO SORONGO;RUA CAP FRANCISCO PEDRO;;0;;N?úo Informado;Luz do Dia;Bom;Seca;Cruz;Pare;Residencial;0;0;2;1;0;0;0;0;0;0;0;0;-3,746584200000000;-38,548350000000000
312891;14;12;2017;19:38;0;AV PRS CASTELO BRANCO;;;2733;;Colis?úo Lateral;Luz do Dia;Bom;Seca;Meio de Quadra;N?úo H?í Controle;Residencial;0;1;1;0;1;0;0;0;0;0;0;0;-3,712656700000000;-38,552180000000000
312892;14;12;2017;20:40;0;AV PRS COSTA E SILVA;;;1347;;Colis?úo Transversal;Via Iluminada;Bom;Seca;Meio de Quadra;N?úo H?í Controle;Comercial;0;0;2;1;0;0;0;0;0;0;0;0;-3,715682300000000;-38,560410000000000
312899;14;12;2017;06:50;0;AV RUI BARBOSA;;;6102;;Colis?úo Lateral;Luz do Dia;Bom;Seca;Meio de Quadra;N?úo H?í Controle;Residencial;0;1;1;1;0;0;0;0;0;1;0;0;-3,770452300000000;-38,510600000000000
312900;14;12;2017;10:40;0;RUA ANTENOR ROCHA ALEXANDRE;RUA LIDIA BRIGIDO;;0;;Colis?úo Transversal;Luz do Dia;Bom;Seca;Cruz;N?úo H?í Controle;Residencial;0;0;2;1;0;0;0;0;0;0;0;0;-3,792291000000000;-38,484436000000000
317341;14;12;2017;01:03;0;AV PRUDENTE BRASIL;;;633;;Colis?úo;;;;Meio de Quadra;;;0;1;0;0;0;0;0;0;0;0;0;0;-3,808631000000000;-38,534077000000000
317342;14;12;2017;03:46;0;AV AUGUSTO DOS ANJOS;;;418;;Colis?úo;;;;Meio de Quadra;;;0;1;1;1;0;0;0;0;0;1;0;0;-3,772556000000000;-38,572330000000000
317343;14;12;2017;04:19;0;AV PRS COSTA E SILVA;;;0;;Colis?úo;;;;Meio de Quadra;;;0;1;0;0;0;0;0;0;0;0;0;0;;
317344;14;12;2017;06:37;24970;AV ALM HENRIQUE SABOIA;RUA VICENTE LEITE;;0;;Colis?úo;Luz do Dia;;;T;N?úo H?í Controle;Residencial;0;1;1;1;0;0;0;0;0;1;0;0;-3,752102000000000;-38,499821000000000
317345;14;12;2017;06:41;0;AV ALBERTO CRAVEIRO;;;2505;;Colis?úo;Luz do Dia;;;Meio de Quadra;;;0;1;1;0;0;0;0;0;0;1;0;0;-3,802234000000000;-38,520758000000000
317346;14;12;2017;06:44;0;AV OLIVEIRA PAIVA;;;1465;;Colis?úo;Luz do Dia;;;Meio de Quadra;;;0;2;1;1;0;0;0;0;0;1;0;0;-3,795587000000000;-38,493379000000000
317414;14;12;2017;20:33;0;RUA BERNARDO MANUEL;;;0;;Colis?úo;;;;Meio de Quadra;;;0;2;0;0;0;0;0;0;0;0;0;0;;
317415;14;12;2017;21:10;0;AV PERIMETRAL;;;0;;Colis?úo;;;;Meio de Quadra;;;0;1;1;1;0;0;0;0;0;0;0;0;;
317416;14;12;2017;22:10;0;AV CAP WALDEMAR PAULA LIMA;;;680;;Colis?úo;;;;Meio de Quadra;;;0;1;1;0;0;0;0;0;0;1;0;0;-3,819815000000000;-38,508248000000000
317417;14;12;2017;01:28;0;AV SEN FERNANDES TAVORA;;;0;;Atropelamento;;;;Meio de Quadra;;;0;1;0;0;0;0;0;0;0;0;0;0;;
317418;14;12;2017;06:18;4080;AV JOSE BASTOS;RUA CEARA;;0;;Colis?úo;Luz do Dia;;;Cruz;Pare;Residencial;0;0;1;0;0;0;0;0;0;0;0;0;-3,760008000000000;-38,564112000000000
317419;14;12;2017;07:35;0;AV FRE CIRILO;;;3569;;Colis?úo;Luz do Dia;;;Meio de Quadra;;;0;1;1;1;0;0;0;0;0;1;0;0;-3,815601000000000;-38,498162000000000
317411;14;12;2017;19:01;0;RUA CEL DIONISIO ALENCAR;;;488;;Queda;;;;Meio de Quadra;;;0;1;0;0;0;0;0;0;0;1;0;0;-3,832589400000000;-38,488130100000000
317412;14;12;2017;19:17;0;RD BR 116;;;5000;KM-05;Colis?úo;;;;Meio de Quadra;;;0;1;0;0;0;0;0;0;0;0;0;0;-3,796502000000000;-38,506787000000000
317402;14;12;2017;14:35;0;AV AGUANAMBI;;;814;;Atropelamento;Luz do Dia;;;Meio de Quadra;;;0;1;1;0;0;0;0;0;0;1;0;0;-3,742889000000000;-38,525811000000000
317403;14;12;2017;14:52;0;RUA PERNAMBUCO;;;2741;;Colis?úo;Luz do Dia;;;Meio de Quadra;;;0;2;1;1;0;0;0;0;0;1;0;0;-3,751098000000000;-38,578419000000000
317404;14;12;2017;17:03;10404;AV D CJ CEARA;AV E CJ CEARA;;0;;Queda;Anoitecer;;;Cruz;;Residencial;0;1;0;0;0;0;0;0;0;1;0;0;-3,759930000000000;-38,603746000000000
317405;14;12;2017;17:12;0;AV HIS RAIMUNDO GIRAO;;;0;;Colis?úo;Anoitecer;;;Meio de Quadra;;;0;1;1;1;0;0;0;0;0;1;0;0;;
317406;14;12;2017;17:53;0;AV MR HULL;;;400;;Colis?úo;Anoitecer;;;Meio de Quadra;;;0;1;1;1;0;0;0;0;0;1;0;0;-3,740943900000000;-38,600688900000000
317407;14;12;2017;18:55;0;AV JOAO PESSOA;;;5453;;Atropelamento;;;;Meio de Quadra;;;0;1;1;1;0;0;0;0;0;0;0;0;-3,758771000000000;-38,555134000000000
317399;14;12;2017;13:55;0;AV WASHINGTON SOARES;;;5455;;Colis?úo;Luz do Dia;;;Meio de Quadra;;;0;2;1;1;0;0;0;0;0;1;0;0;-3,807083000000000;-38,479056000000000
317400;14;12;2017;14:09;0;RUA JOSE RANGEL;;;71;;Colis?úo;Luz do Dia;;;Meio de Quadra;;;0;1;0;0;0;0;0;0;0;0;0;0;;
317379;14;12;2017;06:54;0;AV AUGUSTO DOS ANJOS;;;472;;Colis?úo;Luz do Dia;;;Meio de Quadra;;;0;1;1;1;0;0;0;0;0;1;0;0;-3,772682000000000;-38,572454000000000
317382;14;12;2017;08:05;0;RUA VITAL BRASIL;;;1856;;Colis?úo;Luz do Dia;;;Meio de Quadra;;;0;1;1;1;0;0;0;0;0;1;0;0;-3,778176000000000;-38,597398000000000
317384;14;12;2017;08:18;0;RUA GUSTAVO SAMPAIO;;;1252;;Colis?úo;Luz do Dia;;;Meio de Quadra;;;0;1;1;1;0;0;0;0;0;1;0;0;-3,735126000000000;-38,555797000000000
317393;14;12;2017;11:29;0;AV WASHINGTON SOARES;;;4564;;Colis?úo;Luz do Dia;;;Meio de Quadra;;;0;1;1;1;0;0;0;0;0;0;0;0;-3,798749000000000;-38,479704000000000
317391;14;12;2017;10:39;13375;AV ANTONIO SALES;RUA HENRIQUE RABELO;;0;;Colis?úo;Luz do Dia;;;;;;0;1;1;1;0;0;0;0;0;1;0;0;-3,739540000000000;-38,521352000000000
317389;14;12;2017;08:33;0;RD BR 116;;;6000;KM-06;Colis?úo;Luz do Dia;;;Meio de Quadra;;;0;1;1;1;0;0;0;0;0;1;0;0;-3,804691000000000;-38,503053000000000
317386;14;12;2017;08:20;0;TR SAO JOAO DO OESTE;;;1351;;Colis?úo;Luz do Dia;;;Meio de Quadra;;;0;1;1;1;0;0;0;0;0;1;0;0;;
306125;14;12;2017;18:40;0;AV PRS CASTELO BRANCO;;;4728;FARMACIA PAGUE MENOS;Colis?úo;;;;Meio de Quadra;;;1;0;1;0;1;1;0;0;0;0;0;0;-3,706329000000000;-38,574068000000000
317441;15;12;2017;15:06;0;RUA BERNARDO MANUEL;;;7200;;Colis?úo;Luz do Dia;;;Meio de Quadra;;;0;2;1;1;0;0;0;0;0;1;0;0;-3,781188000000000;-38,546051000000000
317425;15;12;2017;07:56;0;AV ALBERTO CRAVEIRO;;;1037;;Queda;Luz do Dia;;;Meio de Quadra;;;0;2;0;0;0;0;0;0;0;1;0;0;;
317426;15;12;2017;08:23;0;RUA LUIS VIEIRA;;;216;;Colis?úo;Luz do Dia;;;Meio de Quadra;;;0;1;1;0;0;0;0;0;0;1;0;0;-3,796555000000000;-38,586377000000000
317427;15;12;2017;11:17;5496;RUA PDE VALDEVINO;RUA DNA LEOPOLDINA;;0;;Colis?úo;Luz do Dia;;;Cruz;N?úo H?í Controle;Residencial;0;1;1;1;0;0;0;0;0;1;0;0;-3,737577000000000;-38,521753000000000
317428;15;12;2017;11:28;13937;RUA IEDA PEREIRA;RUA VER PEDRO PAULO MOREIRA;;0;;Colis?úo;Luz do Dia;;;Cruz;Pare;Comercial;0;1;1;1;0;0;0;0;0;1;0;0;-3,787070000000000;-38,488151000000000
317421;15;12;2017;07:45;0;RUA WALDIR DIOGO;;;620;;Colis?úo;Luz do Dia;;;Meio de Quadra;;;0;1;1;1;0;0;0;0;0;1;0;0;-3,805701000000000;-38,583292000000000
317430;15;12;2017;12:06;0;RUA JOAO REGINO;;;809;;Colis?úo;Luz do Dia;;;Meio de Quadra;;;0;1;1;1;0;0;0;0;0;1;0;0;-3,794485000000000;-38,482611000000000
317431;15;12;2017;12:10;0;RUA PEDRO PEREIRA;;;941;;Atropelamento;Luz do Dia;;;Meio de Quadra;;;0;1;1;0;0;0;0;0;0;1;0;0;;
317437;15;12;2017;13:38;0;RUA ENG LUIS MONTENEGRO;;;560;;Colis?úo;Luz do Dia;;;Meio de Quadra;;;0;1;1;1;0;0;0;0;0;1;0;0;-3,814074797000000;-38,618572016000000
317438;15;12;2017;14:18;0;AV PERIMETRAL;;;0;;Colis?úo;Luz do Dia;;;Meio de Quadra;;;0;1;1;1;0;0;0;0;0;1;0;0;;
317439;15;12;2017;15:00;0;RUA GUSTAVO SAMPAIO;;;2229;;Colis?úo;Luz do Dia;;;Meio de Quadra;;;0;1;1;1;0;0;0;0;0;1;0;0;-3,736996000000000;-38,564837000000000
317434;15;12;2017;12:19;0;RUA BERNARDO MANUEL;;;10600;;Atropelamento;Luz do Dia;;;Meio de Quadra;;;0;2;1;0;0;0;0;0;0;1;0;0;-3,811999000000000;-38,555441000000000
317435;15;12;2017;12:59;0;RUA OLIVEIRA SOBRINHO;;;251;;Atropelamento;Luz do Dia;;;Meio de Quadra;;;0;1;1;1;0;0;0;0;0;0;0;0;-3,783329000000000;-38,584327000000000
317471;15;12;2017;17:08;0;RUA ISRAEL BEZERRA;;;899;;Queda;Anoitecer;;;Meio de Quadra;;;0;1;0;0;0;0;0;0;0;1;0;0;-3,750406000000000;-38,493677000000000
317482;15;12;2017;20:11;0;RUA MAL DEODORO;;;0;;Atropelamento;;;;Meio de Quadra;;;0;1;1;0;1;0;0;0;0;0;0;0;;
317473;15;12;2017;18:14;0;RUA AMELIA BENEBIEN;;;901;;Colis?úo;Anoitecer;;;Meio de Quadra;;;0;1;1;1;0;0;0;0;0;1;0;0;-3,736819200000000;-38,471212300000000
317474;15;12;2017;18:28;17311;RUA JOAO FIRMINO;RUA ROMEU MARTINS;;0;;Colis?úo;Anoitecer;;;Cruz;Pare;Comercial;0;1;1;1;0;0;0;0;0;1;0;0;-3,764274000000000;-38,555582000000000
317475;15;12;2017;18:46;0;RD QUARTO ANEL VIARIO;;;0;;Atropelamento;;;;Meio de Quadra;;;0;1;1;1;0;0;0;0;0;0;0;0;;
317476;15;12;2017;19:17;17347;RUA IRM BAZET;RUA ALBERTO MAGNO;;0;;Colis?úo;;;;Cruz;Pare;Comercial;0;1;0;0;0;0;0;0;0;0;0;0;-3,765502000000000;-38,550525000000000
317467;15;12;2017;16:29;0;RUA JOSE ALVES CAVALCANTE;;;1055;;Colis?úo;Luz do Dia;;;Meio de Quadra;;;0;1;1;1;0;0;0;0;0;1;0;0;-3,790667500000000;-38,499220100000000