COD_ACIDENTE;DIA;MES;ANO;HORA;INTERSECAO;LOG1;LOG2;LOG3;NUMERO;REFERENCIA;NATUREZA;ILUMINACAO;TEMPO;SUPERFICIEPISTA;TIPOCRUZAMENTO;CONTROLETRAFEGO;USOSOLO;MORTOS;FERIDOS;ILESOS;AUTOMOVEL;ONIBUS;BICICLETA;CAMINHAO;MICROONIBUS;CICLOMOTOR;MOTOCICLETA;TRACAOANIMAL;TREM;LATITUDE;LONGITUDE
317468;15;12;2017;16:41;0;AV EDILSON B SOARES;;;181;;Colis?úo;Luz do Dia;;;Meio de Quadra;;;0;1;1;1;0;0;0;0;0;1;0;0;-3,789743000000000;-38,483936000000000
317465;15;12;2017;15:39;0;AV JOSE BASTOS;;;4454;;Colis?úo;Luz do Dia;;;Meio de Quadra;;;0;1;1;0;0;0;0;0;0;1;0;0;-3,755498000000000;-38,555968000000000
317463;15;12;2017;15:33;19743;RUA AZEVEDO BOLAO;RUA PRO LINO ENCARNACAO;;0;;Colis?úo;Luz do Dia;;;Cruz;Pare;Residencial;0;1;1;0;0;0;1;0;0;1;0;0;-3,737419000000000;-38,561430000000000
317484;15;12;2017;20:48;0;AV OLIVEIRA PAIVA;;;0;;Queda;;;;Meio de Quadra;;;0;1;0;0;0;0;0;0;0;1;0;0;;
317485;15;12;2017;21:09;0;RUA SALGADO FILHO;;;231;;Queda;;;;Meio de Quadra;;;0;1;0;0;0;0;0;0;0;1;0;0;-3,740892000000000;-38,595240000000000
317486;15;12;2017;21:13;0;AV EDUARDO GIRAO;;;216;;Queda;;;;Meio de Quadra;;;0;1;0;0;0;0;0;0;0;1;0;0;-3,750699000000000;-38,536870000000000
317487;15;12;2017;21:42;0;AV PRS COSTA E SILVA;;;0;;Atropelamento;;;;Meio de Quadra;;;0;1;0;0;0;0;0;0;0;0;0;0;;
317488;15;12;2017;21:54;19436;AV AUGUSTO DOS ANJOS;RUA SEIXAS CORREIA;;0;;Colis?úo;;;;Cruz;Sem?íforo;Comercial;0;1;1;1;0;0;0;0;0;1;0;0;-3,779412000000000;-38,578496000000000
317489;15;12;2017;23:53;6479;RUA 747 CJ CEARA;RUA 745 CJ CEARA;;0;;Colis?úo;;;;;;;0;1;0;0;0;0;0;0;0;0;0;0;-3,773681000000000;-38,603426000000000
312901;15;12;2017;18:25;5051;RUA SEN POMPEU;RUA SEN JAGUARIBE;;0;;Colis?úo Transversal;Mal Iluminada;Bom;Seca;Cruz;Pare;Comercial;0;0;2;1;0;0;0;0;0;0;0;0;-3,721818000000000;-38,528122000000000
312902;15;12;2017;21:18;10807;RUA PORTO VELHO;RUA AUDISIO PINHEIRO;;0;;Colis?úo Lateral;Via Iluminada;Bom;Seca;Cruz;Pare;Residencial;0;0;2;1;0;0;0;0;0;0;0;0;-3,763486600000000;-38,591490000000000
312903;15;12;2017;20:06;17311;RUA ROMEU MARTINS;RUA JOAO FIRMINO;;0;;Colis?úo Lateral;Via Iluminada;Bom;Seca;Cruz;Pare;Comercial;0;1;1;1;0;0;0;0;0;1;0;0;-3,764251200000000;-38,555610000000000
312905;15;12;2017;14:03;3240;RUA OLIVEIRA SOBRINHO;RUA ARACA;;0;;N?úo Informado;Luz do Dia;Bom;Seca;Cruz;Pare;Residencial;0;0;1;1;0;0;0;0;0;0;0;0;-3,783357900000000;-38,584400000000000
312915;15;12;2017;18:30;0;RUA AMELIA BENEBIEN;;;901;;Colis?úo Lateral;Via Iluminada;Bom;Seca;Meio de Quadra;N?úo H?í Controle;Residencial;0;0;1;1;0;0;0;0;0;1;0;0;-3,737002600000000;-38,471302000000000
312893;15;12;2017;09:55;0;AV DES MOREIRA;;;0;;Colis?úo Traseira;Luz do Dia;Bom;Seca;Meio de Quadra;N?úo H?í Controle;Comercial;0;0;2;1;0;0;0;0;0;0;0;0;-3,751242900000000;-38,501286000000000
312894;15;12;2017;09:50;5302;AV TRISTAO GONCALVES;RUA PEDRO I;;0;;N?úo Informado;Luz do Dia;Bom;Seca;Cruz;Sem?íforo;Comercial;0;0;2;1;1;0;0;0;0;0;0;0;-3,728896600000000;-38,533752000000000
312895;15;12;2017;14:28;25735;RUA DR JOSE FURTADO;RUA VIRGILIO PAES;;0;;Colis?úo Lateral;Luz do Dia;Bom;Seca;T;Pare;Residencial;0;0;2;1;0;0;0;0;0;0;0;0;-3,797092000000000;-38,488285000000000
312896;15;12;2017;14:44;1309;RUA FIUZA DE PONTES;RUA ILDEFONSO ALBANO;;0;;Colis?úo Lateral;Luz do Dia;Bom;Seca;Cruz;Pare;Comercial;0;1;0;0;0;0;0;0;0;1;0;0;-3,734741400000000;-38,513733000000000
312897;15;12;2017;15:13;0;AV ALBERTO NEPOMUCENO;;;0;;Choque c/ Obst?ículo Fixo;Luz do Dia;Bom;Seca;Meio de Quadra;N?úo H?í Controle;Comercial;0;0;0;1;0;0;0;0;0;0;0;0;-3,721268700000000;-38,523320000000000
312898;15;12;2017;16:30;0;RUA ALBERTO MAGNO;;;170;;Colis?úo Lateral;Luz do Dia;Bom;Seca;Meio de Quadra;N?úo H?í Controle;Comercial;0;0;2;1;0;0;0;0;0;0;0;0;-3,757941000000000;-38,543987000000000
305547;15;12;2017;20:05;0;AV BEZERRA DE MENEZES;;;2450;;Atropelamento;;;;Meio de Quadra;;;1;0;1;0;1;0;0;0;0;0;0;0;-3,736062000000000;-38,566326000000000
313302;15;12;2017;13:02;22886;RUA BERNARDO MANUEL;RUA INACIO PARENTE;;0;;Colis?úo Frontal;Luz do Dia;Bom;Seca;Cruz;D?¬ Prefer?¬ncia;Rural;0;1;0;1;0;0;0;0;0;1;0;0;-3,781268000000000;-38,546074000000000
313300;15;12;2017;00:10;0;RUA SENA MADUREIRA;;;795;;Choque c/ Obst?ículo Fixo;Via Iluminada;Bom;Seca;Meio de Quadra;;Comercial;0;1;0;1;0;0;0;0;0;0;0;0;-3,728021000000000;-38,525858000000000
312985;15;12;2017;16:36;22055;AV JOSE BASTOS;RUA PDE CICERO;;0;;N?úo Informado;Luz do Dia;Bom;Seca;T;N?úo H?í Controle;Residencial;0;2;1;0;1;0;0;0;0;1;0;0;-3,744400500000000;-38,545030000000000
313339;15;12;2017;00:50;0;RUA RICARDO  CASTRO MACEDO;;;1405;;Colis?úo Traseira;Via Iluminada;Bom;Seca;Meio de Quadra;Outros;Residencial;0;1;0;1;0;0;0;0;0;0;0;0;-3,777367300000000;-38,489084100000000
313344;15;12;2017;21:27;0;AV GOV RAUL BARBOSA;;;5648;;Colis?úo Traseira;Via Iluminada;Bom;Seca;Meio de Quadra;Outros;Residencial;0;1;0;1;0;0;0;0;0;1;0;0;-3,768096000000000;-38,509724000000000
313346;15;12;2017;00:00;0;AV PRS CASTELO BRANCO;;;0;;Colis?úo Transversal;Anoitecer;Bom;Seca;Meio de Quadra;Pare;Residencial;0;2;0;1;0;0;0;0;0;0;0;0;;
313347;15;12;2017;06:30;26251;AV AMERICO BARREIRA;RUA CEARA;;0;;Colis?úo Transversal;Luz do Dia;Bom;Seca;Cruz;Sem?íforo;Comercial;0;2;0;1;0;0;0;0;0;0;0;0;;
313342;15;12;2017;21:42;0;AV GOV RAUL BARBOSA;;;6572;;Colis?úo Transversal;Via Iluminada;Bom;Seca;Meio de Quadra;Outros;Comercial;0;1;0;1;0;0;0;0;0;0;0;0;-3,771749000000000;-38,511488000000000
313349;15;12;2017;09:15;0;AV PRS COSTA E SILVA;;;712;;Colis?úo Transversal;Luz do Dia;Bom;Seca;Meio de Quadra;Outros;Residencial;0;2;0;1;0;0;0;0;0;0;0;0;-3,812378000000000;-38,573047000000000
326088;15;12;2017;08:00;0;RD BR 116;;;3000;KM-03;Queda;Luz do Dia;;Outros;Meio de Quadra;;;0;2;0;0;0;0;0;0;0;1;0;0;-3,779838000000000;-38,514372000000000
326092;15;12;2017;16:55;0;RD BR 222;;;500;KM-01;Colis?úo Lateral;Luz do Dia;;Seca;Meio de Quadra;;;0;0;2;1;0;0;1;0;0;0;0;0;;
326090;15;12;2017;12:40;0;RD BR 116;;;400;KM-06;Queda;Luz do Dia;;N?úo informada;Meio de Quadra;;;0;1;0;0;0;0;0;0;0;1;0;0;-3,796015900000000;-38,507200500000000
315432;15;12;2017;18:15;0;AV SEN CARLOS JEREISSATI (AEROPORTO);;;0;KM 03;Colis?úo;Anoitecer;Bom;Seca;Meio de Quadra;;;0;0;2;1;0;0;0;0;0;1;0;0;-3,779641000000000;-38,544038000000000
315433;15;12;2017;15:50;0;RD CE-040;;;0;KM-05;Colis?úo;Luz do Dia;Bom;Seca;Meio de Quadra;;;0;0;3;1;0;0;0;0;0;0;0;0;-3,800595823000000;-38,479534630000000
315434;16;12;2017;05:50;0;AV SEN CARLOS JEREISSATI (AEROPORTO);;;0;KM 02;Colis?úo;Amanhecer;Bom;Seca;Meio de Quadra;;;0;0;2;0;1;0;0;0;0;0;0;0;-3,782194000000000;-38,535424000000000
315435;16;12;2017;17:33;0;RD CE-040;;;0;KM-05;Colis?úo;Anoitecer;Bom;Seca;Meio de Quadra;;;0;0;2;1;0;0;0;0;0;0;0;0;-3,800595823000000;-38,479534630000000
315861;16;12;2017;21:27;0;RUA TEN BOTELHO;;;102;;Atropelamento;;;;Meio de Quadra;;;0;1;0;0;0;0;0;0;0;0;0;0;-3,758214200000000;-38,490888600000000
315863;16;12;2017;21:59;0;RUA PERNAMBUCO;;;564;;Colis?úo;;;;Meio de Quadra;;;0;1;0;0;0;0;0;0;0;0;0;0;-3,758790000000000;-38,570311000000000
315866;16;12;2017;22:48;0;AV A CJ CEARA;;;926;;Colis?úo;;;;Meio de Quadra;;;0;1;1;1;0;0;0;0;0;1;0;0;-3,768456000000000;-38,603935000000000
315854;16;12;2017;19:52;0;RUA STA LUCRECIA;;;876;;Colis?úo;;;;Meio de Quadra;;;0;1;0;0;0;0;0;0;0;0;0;0;;
315855;16;12;2017;20:38;0;RUA MARTINS DE SOUZA;;;1121;;Colis?úo;;;;Meio de Quadra;;;0;1;1;1;0;0;0;0;0;1;0;0;;
315858;16;12;2017;20:58;0;RUA LEBOM MAIA;;;519;;Colis?úo;;;;Meio de Quadra;;;0;1;0;0;0;0;0;0;0;0;0;0;-3,785731000000000;-38,579266000000000
315859;16;12;2017;21:05;0;RUA BENI DE CARVALHO;;;403;;Colis?úo;;;;Meio de Quadra;;;0;1;1;1;0;0;0;0;0;1;0;0;-3,745257000000000;-38,497299000000000
315850;16;12;2017;19:44;0;RUA MENOR JERONIMO;;;2998;;Queda;;;;Meio de Quadra;;;0;1;0;0;0;1;0;0;0;0;0;0;-3,813262400000000;-38,535893900000000
315831;16;12;2017;15:39;0;AV ODILON GUIMARAES;;;2436;;Colis?úo;Luz do Dia;;;Meio de Quadra;;;0;1;0;0;0;0;0;0;0;0;0;0;-3,817754584000000;-38,473511578000000
315832;16;12;2017;15:49;0;AV GOV RAUL BARBOSA;;;3625;;Colis?úo;Luz do Dia;;;Meio de Quadra;;;0;1;1;1;0;0;0;0;0;1;0;0;-3,758563000000000;-38,504584000000000
315848;16;12;2017;19:38;0;RUA EMILIO DE MENESES;;;0;;Colis?úo;;;;;;;0;1;1;1;0;0;0;0;0;1;0;0;;
315795;16;12;2017;10:49;0;AV PERIMETRAL;;;1349;;Colis?úo;Luz do Dia;;;Meio de Quadra;;;0;1;0;0;0;0;0;0;0;0;0;0;;
315796;16;12;2017;11:07;5089;RUA DR JOAO MOREIRA;RUA MAJ FACUNDO;;0;;Atropelamento;Luz do Dia;;;Cruz;Outros;Comercial;0;1;1;0;0;0;0;0;0;1;0;0;-3,723042000000000;-38,526361000000000
315797;16;12;2017;11:42;0;RUA EQUADOR;;;1150;;Colis?úo;Luz do Dia;;;Meio de Quadra;;;0;1;1;1;0;0;0;0;0;1;0;0;-3,777737000000000;-38,553603000000000
315798;16;12;2017;11:57;7258;AV ODILON GUIMARAES;RUA FRANCISCO LEANDRO;;0;;Colis?úo;Luz do Dia;;;Cruz;Sem?íforo;Residencial;0;1;1;0;0;0;0;0;0;1;0;0;-3,824509000000000;-38,478709000000000
315799;16;12;2017;12:54;0;AV GOV PARSIFAL BARROSO;;;0;;Colis?úo;Luz do Dia;;;Meio de Quadra;;;0;1;1;1;0;0;0;0;0;1;0;0;;
315801;16;12;2017;13:36;0;AV GAL OSORIO DE PAIVA;;;2261;;Colis?úo;Luz do Dia;;;Meio de Quadra;;;0;1;1;1;0;0;0;0;0;1;0;0;-3,785458000000000;-38,582007000000000
315802;16;12;2017;13:37;0;RUA VICENTE LEITE;;;1820;;Colis?úo;Luz do Dia;;;Meio de Quadra;;;0;0;2;1;0;0;0;0;0;1;0;0;-3,743378000000000;-38,497449000000000
315790;16;12;2017;09:23;12535;AV MAJ ASSIS;RUA ROSA LEITE OLIVEIRA;;0;;Colis?úo;Luz do Dia;;;Cruz;Pare;Residencial;0;1;1;1;0;0;0;0;0;1;0;0;-3,723727000000000;-38,586944000000000
315787;16;12;2017;09:09;0;RUA CASTRO E SILVA;;;529;;Atropelamento;Luz do Dia;;;Meio de Quadra;;;0;2;0;0;0;0;0;0;0;1;0;0;-3,722847000000000;-38,530368000000000
315792;16;12;2017;09:49;26247;RUA DUAS NACOES;RUA JOSE ABILIO;;0;;Colis?úo;Luz do Dia;;;Cruz;Pare;Residencial;0;1;1;1;0;0;0;0;0;1;0;0;;
315793;16;12;2017;10:44;0;AV GAL OSORIO DE PAIVA;;;0;;Colis?úo;Luz do Dia;;;Meio de Quadra;;;0;1;1;1;0;0;0;0;0;1;0;0;;
315816;16;12;2017;14:15;0;RUA PRIMEIRO DE JANEIRO;;;1005;;Colis?úo;Luz do Dia;;;Meio de Quadra;;;0;1;1;1;0;0;0;0;0;1;0;0;-3,784175000000000;-38,568953000000000
315818;16;12;2017;14:17;3767;AV DOMINGOS OLIMPIO;AV IMPERADOR;;0;;Colis?úo;Luz do Dia;;;Cruz;Sem?íforo;Comercial;0;2;1;0;0;0;0;0;0;1;0;0;-3,734790000000000;-38,536697000000000
315820;16;12;2017;14:23;4612;AV OLIVEIRA PAIVA;AV WASHINGTON SOARES;;0;;Colis?úo;Luz do Dia;;;;;;0;2;1;1;0;0;0;0;0;0;0;0;-3,795695000000000;-38,479908000000000
315814;16;12;2017;13:55;0;RUA DR PEDRO WILSON D45;;;0;;Colis?úo;Luz do Dia;;;Meio de Quadra;;;0;1;1;1;0;0;0;0;0;1;0;0;;
315829;16;12;2017;15:22;0;RUA URUCUTUBA;;;555;;Colis?úo;Luz do Dia;;;Meio de Quadra;;;0;1;0;0;0;0;0;0;0;0;0;0;-3,797164000000000;-38,600823000000000
315826;16;12;2017;15:03;10102;RUA MARIA JULIA;RUA LUMINOSA;;0;;Atropelamento;Luz do Dia;;;Rotat??ria;N?úo H?í Controle;Residencial;0;1;1;1;0;0;0;0;0;0;0;0;-3,786985000000000;-38,598232000000000
315827;16;12;2017;15:10;0;RUA DES PRAXEDES;;;670;;Colis?úo;Luz do Dia;;;Meio de Quadra;;;0;2;1;1;0;0;0;0;0;1;0;0;-3,760038900000000;-38,548344100000000
315834;16;12;2017;18:21;0;RUA DOM HELIO CAMPOS D21;;;25;;Queda;Anoitecer;;;Meio de Quadra;;;0;1;0;0;0;1;0;0;0;0;0;0;-3,713736600000000;-38,555746100000000
315835;16;12;2017;18:34;0;RUA BARRA VERMELHA;;;518;;Queda;;;;Meio de Quadra;;;0;1;0;0;0;1;0;0;0;0;0;0;;
315836;16;12;2017;18:34;0;RUA VITAL BRASIL;;;510;;Queda;;;;Meio de Quadra;;;0;1;0;0;0;1;0;0;0;0;0;0;-3,781474000000000;-38,585799000000000
315837;16;12;2017;18:39;0;AV PRS CASTELO BRANCO;;;1300;;Queda;;;;Meio de Quadra;;;0;1;0;0;0;0;0;0;0;1;0;0;-3,714977635000000;-38,542730658000000
315734;16;12;2017;02:17;0;AV FRANCISCO SA;;;0;;Atropelamento;;;;Meio de Quadra;;;0;1;1;1;0;0;0;0;0;0;0;0;;
315735;16;12;2017;02:20;0;AV 13 DE MAIO;;;429;;Queda;;;;Meio de Quadra;;;0;1;0;0;0;0;0;0;0;1;0;0;-3,752778000000000;-38,525283000000000
315737;16;12;2017;06:43;0;RUA BERNARDO MANUEL;;;8141;;Colis?úo;Luz do Dia;;;Meio de Quadra;;;0;1;1;1;0;0;0;0;0;1;0;0;-3,790938000000000;-38,549048000000000
315738;16;12;2017;06:50;15435;RUA FARIAS LEMOS;RUA FREDERICO SEVERO;;0;;Colis?úo;Luz do Dia;;;Cruz;Pare;Residencial;0;1;1;1;0;0;0;0;0;1;0;0;-3,816836000000000;-38,492707000000000
315739;16;12;2017;07:08;0;AV DUQ CAXIAS;;;0;;Queda;Luz do Dia;;;Meio de Quadra;;;0;1;0;0;0;0;0;0;0;1;0;0;;
315741;16;12;2017;08:36;3893;RUA ANTENOR FROTA WANDERLEY;RUA JULIO CESAR D12;;0;;Atropelamento;Luz do Dia;;;Cruz;Pare;Residencial;0;1;0;0;0;0;0;0;0;0;0;0;-3,746742000000000;-38,539846000000000
313350;16;12;2017;08:00;0;RUA 15 DE NOVEMBRO;;;345;;Colis?úo Transversal;Luz do Dia;Bom;Seca;Meio de Quadra;Sem?íforo;Comercial;0;1;0;0;0;0;0;0;0;1;0;0;-3,768580000000000;-38,556845000000000
313352;16;12;2017;08:30;5364;RUA GAL CLARINDO DE QUEIROZ;AV TRISTAO GONCALVES;;0;;Colis?úo Lateral;Luz do Dia;Bom;Seca;Cruz;Pare;Comercial;0;2;0;1;1;0;0;0;0;0;0;0;-3,731314000000000;-38,534472000000000
313353;16;12;2017;10:00;0;RUA CEL MATOS DOURADO;;;1349;;Colis?úo Traseira;;Bom;Seca;Meio de Quadra;Sem?íforo;Escola;0;2;0;1;0;0;1;0;0;0;0;0;-3,748446000000000;-38,584735000000000
313359;16;12;2017;07:00;0;RUA FREDERICO SEVERO;;;0;;Colis?úo Transversal;Luz do Dia;Bom;Seca;Meio de Quadra;Pare;Residencial;0;2;0;1;0;0;0;0;0;1;0;0;;
305545;16;12;2017;14:20;0;AV JOAO PESSOA;;;4821;;Atropelamento;Luz do Dia;;;Meio de Quadra;;;1;0;1;0;1;0;0;0;0;0;0;0;-3,754592000000000;-38,551412000000000
312916;16;12;2017;21:00;21939;TR ANARIO BRAGA;RUA PDE PERDIGAO SAMPAIO;;0;;Colis?úo Lateral;Via Iluminada;Bom;Seca;Cruz;Pare;Residencial;0;0;2;1;1;0;0;0;0;0;0;0;-3,736353000000000;-38,594917000000000
312917;16;12;2017;20:30;5025;RUA SEN ALENCAR;AV FILOMENO GOMES;;0;;Colis?úo Transversal;Via Iluminada;Bom;Seca;T;Pare;Comercial;0;2;1;0;0;0;0;0;0;1;0;0;-3,720626800000000;-38,541378000000000
312906;16;12;2017;10:50;1716;AV GOV RAUL BARBOSA;AV GAL MURILO BORGES;;0;;Colis?úo Lateral;Luz do Dia;Bom;Seca;Rotat??ria;D?¬ Prefer?¬ncia;Residencial;0;0;2;1;0;0;0;0;0;0;0;0;-3,763787500000000;-38,508247000000000
312907;16;12;2017;13:10;0;AV ALBERTO NEPOMUCENO;RUA FORTALEZA UI 505;;0;;Colis?úo Lateral;Luz do Dia;Bom;Seca;Cruz;Pare;Comercial;0;0;2;1;0;0;0;0;0;0;0;0;-3,722452200000000;-38,523907000000000
312908;16;12;2017;14:39;25420;RUA PRO SILAS RIBEIRO;AV ALM HENRIQUE SABOIA;;0;;N?úo Informado;Luz do Dia;Bom;Seca;Cruz;Sem?íforo;Comercial;0;0;2;1;0;0;0;0;0;0;0;0;-3,736512000000000;-38,484848000000000
312910;16;12;2017;14:00;5369;RUA ASSUNCAO;RUA PEDRO I;;0;;Colis?úo Transversal;Luz do Dia;Bom;Seca;Cruz;Pare;Comercial;0;0;2;1;0;0;0;0;0;1;0;0;-3,731441700000000;-38,527770000000000
312911;16;12;2017;15:29;19568;RUA PRIMEIRO DE JANEIRO;RUA TCHECOSLOVAQUIA;;0;;Colis?úo Transversal;Luz do Dia;Bom;Seca;Cruz;Pare;Residencial;0;1;1;1;0;0;0;0;0;1;0;0;-3,783852600000000;-38,569813000000000
312912;16;12;2017;13:04;0;AV GOV RAUL BARBOSA;;;7496;;Colis?úo Lateral;Luz do Dia;Bom;Seca;Meio de Quadra;N?úo H?í Controle;Comercial;0;0;2;1;0;0;0;0;0;0;0;0;-3,776855700000000;-38,513390000000000
312913;16;12;2017;00:38;16497;AL VERDE 8;RUA SERGIO PORTO;;473;;Choque c/ Obst?ículo Fixo;Via Iluminada;Bom;Seca;T;Pare;Residencial;0;0;1;1;0;0;0;0;0;0;0;0;-3,818295700000000;-38,570282000000000
312914;16;12;2017;20:00;0;RUA JOSE HIPOLITO;;;1153;;Colis?úo Lateral;Luz do Dia;Bom;Seca;Outros;N?úo H?í Controle;Comercial;0;1;1;1;0;0;0;0;0;1;0;0;-3,835801400000000;-38,485960000000000
312904;16;12;2017;08:50;0;RUA CEL JUCA;;;960;;Colis?úo Lateral;Luz do Dia;Bom;Seca;Cruz;D?¬ Prefer?¬ncia;Residencial;0;0;2;1;0;0;0;0;0;0;0;0;-3,740454000000000;-38,492188000000000
312969;16;12;2017;07:27;25420;AV ALM HENRIQUE SABOIA;RUA PRO SILAS RIBEIRO;;0;;Colis?úo Lateral;Luz do Dia;Bom;Seca;Meio de Quadra;Sem?íforo;Comercial;0;0;2;1;1;0;0;0;0;0;0;0;-3,736208000000000;-38,484726000000000
312958;17;12;2017;06:20;22297;AV BEZERRA DE MENEZES;RUA PDE ANCHIETA;;0;;Colis?úo Traseira;Luz do Dia;Bom;Seca;Cruz;Sem?íforo;Comercial;0;0;2;1;0;0;0;0;0;0;0;0;-3,732938000000000;-38,552000000000000
312918;17;12;2017;04:07;0;RUA TRES MARIAS;RUA EQUADOR;;0;;Colis?úo Traseira;Via Iluminada;Bom;Seca;Cruz;Sem?íforo;Comercial;0;0;2;1;0;0;0;0;0;0;0;0;-3,769123800000000;-38,550724000000000
312919;17;12;2017;07:03;0;AV DES GONZAGA;;;0;;Queda;Luz do Dia;Bom;Seca;Meio de Quadra;N?úo H?í Controle;Comercial;0;0;2;0;0;0;0;0;0;1;0;0;-3,799861000000000;-38,498882000000000
312920;17;12;2017;09:00;0;AV PRS COSTA E SILVA;;;0;;Colis?úo Traseira;Luz do Dia;Bom;Seca;Meio de Quadra;Sem?íforo;Comercial;0;0;2;1;0;0;0;0;0;1;0;0;-3,821861000000000;-38,556200000000000
312921;17;12;2017;14:38;0;AV JOAO DE ARAUJO LIMA;;;611;;Colis?úo Traseira;Luz do Dia;Bom;Seca;Meio de Quadra;Sem?íforo;Residencial;0;0;0;1;0;0;0;0;0;0;0;0;-3,827164400000000;-38,559334000000000
312922;17;12;2017;12:30;5333;RUA PRC ISABEL;RUA GAL CLARINDO DE QUEIROZ;;0;;Capotamento;Luz do Dia;Bom;Seca;Cruz;Pare;Comercial;0;1;2;1;0;0;0;1;0;0;0;0;-3,730659000000000;-38,536655000000000
312923;17;12;2017;14:10;15142;RUA MON BRUNO;AV MON TABOSA;;0;;N?úo Informado;Luz do Dia;Bom;Seca;Cruz;N?úo H?í Controle;Residencial;0;0;2;1;0;0;0;0;0;0;0;0;-3,724279600000000;-38,506855000000000
312924;17;12;2017;15:27;0;RUA CEL FABRICIANO;;;0;;Colis?úo Lateral;Luz do Dia;Bom;Seca;Meio de Quadra;N?úo H?í Controle;Residencial;0;0;2;0;0;0;0;0;0;1;0;0;-3,787204000000000;-38,592640000000000
312925;17;12;2017;17:00;0;RUA CEL FABRICIANO;;;540;;Colis?úo Lateral;Luz do Dia;Bom;Seca;Meio de Quadra;N?úo H?í Controle;Residencial;0;0;2;1;0;0;0;0;0;0;0;0;-3,786451800000000;-38,595130000000000
312926;17;12;2017;17:50;6810;RUA JOSE BORBA VASCONCELOS;RUA BENTO ALBUQUERQUE;;0;;Colis?úo Transversal;Via Iluminada;Bom;Seca;Cruz;Pare;Residencial;0;2;1;1;0;0;0;0;0;1;0;0;-3,747312000000000;-38,472313000000000
312927;17;12;2017;19:00;15189;AV ABOLICAO;RUA FRE MANSUETO;;0;;Colis?úo Lateral;Via Iluminada;Bom;Seca;Cruz;Sem?íforo;Residencial;0;0;2;1;1;0;0;0;0;0;0;0;-3,726580900000000;-38,489320000000000
312928;17;12;2017;19:55;1600;RUA LEONARDO MOTA;RUA GAL TERTULIANO POTYGUARA;;0;;Colis?úo Transversal;Via Iluminada;Bom;Seca;Cruz;Sem?íforo;Comercial;0;1;0;0;0;0;0;0;0;1;0;0;-3,743806100000000;-38,498740000000000
312929;17;12;2017;19:23;0;RUA ANTONIO POMPEU;;;239;;Colis?úo Lateral;Via Iluminada;Bom;Seca;Meio de Quadra;N?úo H?í Controle;Residencial;0;0;2;1;0;0;0;0;0;0;0;0;-3,736255200000000;-38,526100000000000
312930;17;12;2017;21:03;18297;AV ALM BARROSO;RUA SEN ALMINO;;0;;Colis?úo Transversal;Via Iluminada;Bom;Seca;Cruz;N?úo H?í Controle;Comercial;0;0;1;1;0;0;0;0;0;0;0;0;-3,720599400000000;-38,517890000000000
312931;17;12;2017;23:00;5625;AV DES GONZAGA;AV ROGACIANO LEITE;;0;;Colis?úo Traseira;Via Iluminada;Bom;Seca;T;Sem?íforo;Comercial;0;0;1;1;0;0;0;0;0;1;0;0;-3,788415400000000;-38,503975000000000
313077;17;12;2017;20:25;5316;RUA FLORIANO PEIXOTO;RUA PEDRO PEREIRA;;0;;N?úo Informado;Anoitecer;Bom;Seca;Cruz;Sem?íforo;Comercial;0;0;1;1;0;0;0;0;0;0;0;0;-3,730055800000000;-38,528015000000000
313306;17;12;2017;05:50;0;RUA VINTE E QUATRO DE MAIO;;;39;;Queda;Amanhecer;;;Meio de Quadra;;;0;2;0;0;0;0;0;0;0;1;0;0;;
313307;17;12;2017;03:00;3302;AV GAL OSORIO DE PAIVA;RUA LUIS VIEIRA;;0;;Colis?úo Transversal;;;;Cruz;Sem?íforo Intermitente;Comercial;0;1;1;1;0;0;0;0;0;1;0;0;-3,790879000000000;-38,588616000000000
313308;17;12;2017;04:45;12712;RUA MAJ WEYNE;RUA JULIO CESAR D12;;0;;Colis?úo Transversal;;;;Cruz;Pare;Residencial;0;2;1;1;0;0;0;0;0;0;0;0;-3,750019000000000;-38,542813000000000
313309;17;12;2017;23:40;23510;RUA ANA GONCALVES;RUA ALVARO BOMILCAR;;0;;Colis?úo Frontal;;;;Cruz;Pare;Residencial;0;0;2;1;0;0;0;0;0;1;0;0;-3,759283000000000;-38,509612000000000
313089;17;12;2017;20:56;0;AV BEIRA MAR;;;700;;Colis?úo Traseira;Anoitecer;Bom;Seca;T;Sem?íforo;Residencial;0;0;2;1;0;0;0;0;0;1;0;0;-3,721929800000000;-38,508766000000000
315457;17;12;2017;19:40;0;RD CE-040;;;0;KM-08;Colis?úo;;Bom;Seca;Meio de Quadra;;;0;0;2;1;0;0;0;0;0;0;0;0;-3,825515822000000;-38,481538320000000
315868;17;12;2017;00:58;24508;AV MOZART PINHEIRO DE LUCENA;RUA TEN ELIEZER COSTA;;0;;Colis?úo;;;;Cruz;N?úo H?í Controle;Residencial;0;1;1;1;0;0;0;0;0;1;0;0;-3,709635000000000;-38,593183000000000
315870;17;12;2017;01:12;0;AV DR SILAS MUNGUBA;;;6070;;Queda;;;;Meio de Quadra;;;0;1;0;0;0;0;0;0;0;1;0;0;-3,805396000000000;-38,526502000000000