COD_ACIDENTE;DIA;MES;ANO;HORA;INTERSECAO;LOG1;LOG2;LOG3;NUMERO;REFERENCIA;NATUREZA;ILUMINACAO;TEMPO;SUPERFICIEPISTA;TIPOCRUZAMENTO;CONTROLETRAFEGO;USOSOLO;MORTOS;FERIDOS;ILESOS;AUTOMOVEL;ONIBUS;BICICLETA;CAMINHAO;MICROONIBUS;CICLOMOTOR;MOTOCICLETA;TRACAOANIMAL;TREM;LATITUDE;LONGITUDE
315871;17;12;2017;01:21;0;RUA PAULO FIRMEZA;;;205;;Queda;;;;Meio de Quadra;;;0;1;0;0;0;0;0;0;0;1;0;0;-3,757631000000000;-38,517887000000000
315878;17;12;2017;01:31;0;AV MOZART PINHEIRO DE LUCENA;;;790;;Colis?úo;;;;Meio de Quadra;;;0;1;1;1;0;0;0;0;0;1;0;0;-3,709714000000000;-38,593206000000000
315879;17;12;2017;02:48;0;AV BENJAMIM BRASIL;;;1685;;Choque c/ Obst?ículo Fixo;;;;Meio de Quadra;;;0;1;0;1;0;0;0;0;0;0;0;0;-3,807022000000000;-38,560749000000000
315880;17;12;2017;02:58;0;AV MR HULL;;;3810;;Colis?úo;;;;Meio de Quadra;;;0;1;0;0;0;0;0;0;0;0;0;0;-3,737822000000000;-38,578514000000000
315893;17;12;2017;03:58;2758;RUA MARIA JULIA;RUA OSCAR FRANCA;;0;;Colis?úo;;;;Cruz;Sem?íforo;Residencial;0;1;1;1;0;0;0;0;0;1;0;0;-3,791890000000000;-38,599725000000000
315903;17;12;2017;04:55;0;RUA JULIO CESAR D04;;;0;;Colis?úo;;;;Meio de Quadra;;;0;2;1;1;0;0;0;0;0;1;0;0;;
315904;17;12;2017;04:56;0;AV PRS CASTELO BRANCO;;;0;;Colis?úo;;;;Meio de Quadra;;;0;1;0;0;0;0;0;0;0;0;0;0;;
315901;17;12;2017;04:40;565;RUA SAO BERNARDO;RUA DNA MENDINHA;;0;;Colis?úo;;;;Cruz;Pare;Residencial;0;1;1;1;0;0;0;0;0;1;0;0;-3,714988000000000;-38,572165000000000
316010;17;12;2017;21:16;0;RUA MARIA JULIA ROCHA;;;1424;;Colis?úo;;;;Meio de Quadra;;;0;1;1;1;0;0;0;0;0;1;0;0;-3,796820940000000;-38,601109602000000
316011;17;12;2017;21:33;0;RUA JULIO SILVA;;;440;;Queda;;;;Meio de Quadra;;;0;1;0;0;0;1;0;0;0;0;0;0;-3,745310674000000;-38,454521370000000
315999;17;12;2017;19:34;0;RUA PAULINO NOGUEIRA;;;125;;Atropelamento;;;;Meio de Quadra;;;0;2;0;0;0;0;0;0;0;1;0;0;-3,742389000000000;-38,539592000000000
316001;17;12;2017;20:47;0;RUA MAL BITENCOURT;;;343;;Queda;;;;Meio de Quadra;;;0;1;0;0;0;0;0;0;0;1;0;0;-3,787481000000000;-38,528770000000000
315995;17;12;2017;18:28;0;AV PRS CASTELO BRANCO;;;0;;Colis?úo;Anoitecer;;;Meio de Quadra;;;0;1;0;0;0;0;0;0;0;0;0;0;;
316015;17;12;2017;23:54;0;RUA COSMONAUTAS D34;;;380;;Capotamento;;;;Meio de Quadra;;;0;1;0;0;0;0;0;0;0;0;0;0;-3,787260000000000;-38,589462000000000
316013;17;12;2017;22:56;25307;AV DES GONZAGA;AV JOSE LEON;;0;;Colis?úo;;;;T;Pare;Comercial;0;1;1;1;0;0;0;0;0;1;0;0;-3,787080000000000;-38,504513000000000
315937;17;12;2017;05:22;0;AV RAD JOSE LIMA VERDE;;;807;;Queda;Amanhecer;;;Meio de Quadra;;;0;1;0;0;0;0;0;0;0;1;0;0;-3,699637000000000;-38,587923000000000
315960;17;12;2017;11:09;0;RUA NOSSA SRA DAS GRACAS;;;760;;Atropelamento;Luz do Dia;;;Meio de Quadra;;;0;1;1;0;0;0;0;0;0;1;0;0;-3,709670000000000;-38,555099000000000
315961;17;12;2017;12:20;0;RUA AQUILES BEVILAQUA;;;102;;Queda;Luz do Dia;;;Meio de Quadra;;;0;1;0;0;0;1;0;0;0;0;0;0;-3,743330000000000;-38,520571000000000
315962;17;12;2017;12:41;5333;RUA GAL CLARINDO DE QUEIROZ;RUA PRC ISABEL;;0;;Colis?úo;Luz do Dia;;;Cruz;Pare;Comercial;0;1;1;1;0;0;0;0;0;1;0;0;-3,730592000000000;-38,536711000000000
315963;17;12;2017;12:57;0;RUA CAP GUSTAVO;;;4032;;Queda;Luz do Dia;;;Meio de Quadra;;;0;1;0;0;0;1;0;0;0;0;0;0;-3,756496000000000;-38,516487000000000
315965;17;12;2017;13:40;0;RUA IRM BAZET;;;1150;;Colis?úo;Luz do Dia;;;Meio de Quadra;;;0;1;0;0;0;0;0;0;0;0;0;0;-3,766920000000000;-38,548772000000000
315945;17;12;2017;06:10;0;RUA MOREIRA DA ROCHA;;;700;;Colis?úo;Luz do Dia;;;Meio de Quadra;;;0;1;1;1;0;0;0;0;0;1;0;0;-3,726818000000000;-38,506779500000000
315946;17;12;2017;08:45;0;AV PERIMETRAL;;;631;;Colis?úo;Luz do Dia;;;Meio de Quadra;;;0;1;1;1;0;0;0;0;0;1;0;0;;
315969;17;12;2017;15:20;0;RUA BRUNO VALENTE;;;714;;Colis?úo;Luz do Dia;;;Meio de Quadra;;;0;1;0;0;0;0;0;0;0;0;0;0;;
315970;17;12;2017;15:30;0;RUA BRAZ DE FRANCESCO;;;486;;Atropelamento;Luz do Dia;;;Meio de Quadra;;;0;1;1;1;0;0;0;0;0;0;0;0;-3,735736160000000;-38,567347922000000
315943;17;12;2017;05:55;0;AV DES GONZAGA;;;1416;;Queda;Amanhecer;;;Meio de Quadra;;;0;1;0;0;0;0;0;0;0;1;0;0;-3,799296000000000;-38,498948000000000
315939;17;12;2017;05:38;23762;RUA DOM XISTO ALBANO;RUA LEBOM MAIA;;0;;Colis?úo;Amanhecer;;;;;;0;1;1;1;0;0;0;0;0;0;0;0;-3,787780000000000;-38,577122000000000
315940;17;12;2017;05:44;0;RUA DR AIRTON BEZERRA;;;760;;Queda;Amanhecer;;;Meio de Quadra;;;0;1;0;0;0;0;0;0;0;1;0;0;-3,813612600000000;-38,467551200000000
315941;17;12;2017;05:48;0;RUA COS LAFAYETE;;;628;;Queda;Amanhecer;;;Meio de Quadra;;;0;1;0;0;0;0;0;0;0;1;0;0;-3,717866000000000;-38,584033000000000
315991;17;12;2017;17:57;0;RUA MOZART PINTO;;;0;;Colis?úo;Anoitecer;;;Meio de Quadra;;;0;1;1;1;0;0;0;0;0;1;0;0;;
315992;17;12;2017;18:17;0;RUA MARAJO;;;0;;Colis?úo;Anoitecer;;;Meio de Quadra;;;0;1;0;0;0;0;0;0;0;0;0;0;;
315977;17;12;2017;16:06;0;RUA GAL SAMPAIO;;;632;;Queda;Luz do Dia;;;Meio de Quadra;;;0;1;0;0;0;1;0;0;0;0;0;0;-3,724038000000000;-38,529940000000000
315978;17;12;2017;16:13;0;RUA METON DE ALENCAR;;;1632;;Atropelamento;Luz do Dia;;;Meio de Quadra;;;0;1;1;1;0;0;0;0;0;0;0;0;-3,731077100000000;-38,538437900000000
315979;17;12;2017;16:28;0;RUA ALUISIO AZEVEDO;;;415;;Colis?úo;Luz do Dia;;;Meio de Quadra;;;0;1;1;0;0;0;0;0;0;0;0;0;-3,771489000000000;-38,576748000000000
315974;17;12;2017;15:59;0;AV MAE LISBOA;;;0;;Choque c/ Obst?ículo Fixo;Luz do Dia;;;Meio de Quadra;;;0;2;0;1;0;0;0;0;0;0;0;0;;
315972;17;12;2017;15:53;0;RUA RIO GRANDE DO SUL;;;0;;Queda;Luz do Dia;;;Meio de Quadra;;;0;1;0;0;0;0;0;0;0;1;0;0;;
315436;17;12;2017;09:50;0;RD CE-040;;;0;KM-02;Colis?úo;Luz do Dia;Bom;Seca;Meio de Quadra;;;0;0;2;1;0;0;0;0;0;0;0;0;-3,773616148000000;-38,481799400000000
315438;17;12;2017;14:15;0;RD CE-040;;;0;KM-09;Colis?úo;Luz do Dia;Bom;Seca;Meio de Quadra;;;0;0;2;1;0;0;0;0;0;1;0;0;-3,834450897000000;-38,482465820000000
316571;17;12;2017;20:21;0;RUA ANTONIO CARNEIRO;;;1231;;Queda;;;;Meio de Quadra;;;0;0;1;0;0;0;0;0;0;1;0;0;;
316499;17;12;2017;13:57;0;AV SGT HERMINIO SAMPAIO;;;2688;;Colis?úo;Luz do Dia;;;Meio de Quadra;;;0;1;0;0;0;0;0;0;0;0;0;0;-3,726970500000000;-38,564478000000000
316098;18;12;2017;21:38;0;AV NORTE;;;0;;Colis?úo;;;;Meio de Quadra;;;0;1;0;0;0;0;0;0;0;0;0;0;;
316094;18;12;2017;19:57;0;AV 13 DE MAIO;;;1720;;Atropelamento;;;;Meio de Quadra;;;0;1;1;1;0;0;0;0;0;0;0;0;-3,752376800000000;-38,526489900000000
316089;18;12;2017;19:52;0;AV ENG HUMBERTO MONTE;;;0;;Queda;;;;Meio de Quadra;;;0;1;0;0;0;0;0;0;0;1;0;0;;
316087;18;12;2017;19:33;0;AV PRO JOSE ARTHUR CARVALHO;;;2086;;Colis?úo;;;;Meio de Quadra;;;0;1;1;1;0;0;0;0;0;1;0;0;-3,825048000000000;-38,461432000000000
316080;18;12;2017;19:16;0;AV WASHINGTON SOARES;;;0;;Colis?úo;;;;Meio de Quadra;;;0;1;0;0;0;0;0;0;0;0;0;0;;
316081;18;12;2017;19:25;661;RUA GOMES PASSOS;RUA VICENTE SABOIA;;0;;Colis?úo;;;;Cruz;Pare;Residencial;0;1;0;0;0;0;0;0;0;0;0;0;-3,711517000000000;-38,560303000000000
316082;18;12;2017;19:26;0;AV ENG HUMBERTO MONTE;;;2677;;Queda;;;;Meio de Quadra;;;0;1;0;0;0;0;0;0;0;1;0;0;-3,739038000000000;-38,568860000000000
316068;18;12;2017;17:52;0;RUA PDE CICERO;;;312;;Colis?úo;Anoitecer;;;Meio de Quadra;;;0;1;1;1;0;0;0;0;0;1;0;0;-3,743736000000000;-38,545674000000000
316071;18;12;2017;18:13;0;AV A CJ CEARA;;;0;;Atropelamento;Anoitecer;;;Meio de Quadra;;;0;1;1;1;0;0;0;0;0;0;0;0;;
316076;18;12;2017;19:05;0;RUA FRANCISCO GLICERIO;;;722;;Queda;;;;Meio de Quadra;;;0;1;0;0;0;0;0;0;0;1;0;0;-3,796363000000000;-38,568483000000000
316078;18;12;2017;19:11;0;RUA CEL VIRGILIO NOGUEIRA (BOM JARDIM);;;0;;Colis?úo;;;;Meio de Quadra;;;0;1;0;0;0;0;0;0;0;0;0;0;;
316074;18;12;2017;18:57;0;AV ENG HUMBERTO MONTE;;;1681;;Colis?úo;;;;Meio de Quadra;;;0;1;1;1;0;0;0;0;0;1;0;0;-3,746034200000000;-38,563129700000000
316038;18;12;2017;14:57;0;RUA CEL VIRGILIO NOGUEIRA (BOM JARDIM);;;1398;;Atropelamento de Animal;Luz do Dia;;;Meio de Quadra;;;0;1;0;0;0;0;0;0;0;1;0;0;;
316017;18;12;2017;00:22;0;RUA CUIABA;;;670;;Queda;;;;Meio de Quadra;;;0;1;0;0;0;0;0;0;0;1;0;0;-3,768095000000000;-38,580601000000000
316040;18;12;2017;15:52;0;RUA PDE IBIAPINA;;;1387;;Atropelamento;Luz do Dia;;;Meio de Quadra;;;0;1;1;1;0;0;0;0;0;0;0;0;-3,727404000000000;-38,540394000000000
316054;18;12;2017;15:56;0;RUA DES LEITE ALBUQUERQUE;;;1258;;Colis?úo;Luz do Dia;;;Meio de Quadra;;;0;1;1;1;0;0;0;0;0;1;0;0;-3,739710000000000;-38,491011000000000
316055;18;12;2017;16:07;0;AV CARAPINIMA;;;0;;Colis?úo;Luz do Dia;;;Meio de Quadra;;;0;1;1;1;0;0;0;0;0;0;0;0;;
316062;18;12;2017;16:41;0;AV DR SILAS MUNGUBA;;;557;;Colis?úo;Luz do Dia;;;Meio de Quadra;;;0;1;2;1;0;0;0;0;0;1;0;0;;
316063;18;12;2017;16:44;0;RUA ECA DE QUEIROZ;;;1558;;Queda;Luz do Dia;;;Meio de Quadra;;;0;1;0;0;0;0;0;0;0;1;0;0;-3,793892000000000;-38,589699200000000
316064;18;12;2017;17:05;0;RD BR 116;;;13000;KM-13;Colis?úo;Anoitecer;;;Meio de Quadra;;;0;1;1;1;0;0;0;0;0;1;0;0;-3,864670000000000;-38,497727000000000
316065;18;12;2017;17:33;0;AV ENG SANTANA JUNIOR;;;692;;Colis?úo;Anoitecer;;;Meio de Quadra;;;0;1;1;1;0;0;0;0;0;1;0;0;-3,734220000000000;-38,481175000000000
316066;18;12;2017;17:36;0;AV DR SILAS MUNGUBA;;;0;;Colis?úo;Anoitecer;;;Meio de Quadra;;;0;1;1;1;0;0;0;0;0;1;0;0;;
316059;18;12;2017;16:26;0;AV CEL CARVALHO;;;2519;;Colis?úo;Luz do Dia;;;Meio de Quadra;;;0;1;1;1;0;1;0;0;0;0;0;0;-3,724842000000000;-38,585966000000000
316060;18;12;2017;16:40;0;AV RAD JOSE LIMA VERDE;;;1210;;Queda;Luz do Dia;;;Meio de Quadra;;;0;0;1;0;0;0;0;0;0;1;0;0;-3,702899000000000;-38,591669000000000
316019;18;12;2017;06:12;0;AV JOVITA FEITOSA;;;2460;;Atropelamento;Luz do Dia;;;Meio de Quadra;;;0;2;0;0;0;0;0;0;0;1;0;0;-3,740501000000000;-38,559742000000000
316020;18;12;2017;06:49;0;AV ZEZE DIOGO;;;0;;Colis?úo;Luz do Dia;;;Meio de Quadra;;;0;1;1;1;0;1;0;0;0;0;0;0;;
316021;18;12;2017;07:09;0;AV GODOFREDO MACIEL;;;5618;;Colis?úo;Luz do Dia;;;Meio de Quadra;;;0;1;0;0;0;0;0;0;0;0;0;0;-3,824240000000000;-38,578749000000000
316022;18;12;2017;07:13;4319;AV VICENTE DE CASTRO;AV JOSE SABOIA;;0;;Colis?úo;Luz do Dia;;;Cruz;Gesto;Comercial;0;1;1;1;0;1;0;0;0;0;0;0;-3,713785000000000;-38,473200000000000
316023;18;12;2017;07:41;0;RUA RAIMUNDO NERY;;;524;;Colis?úo;Luz do Dia;;;Meio de Quadra;;;0;1;1;0;0;0;0;0;0;1;0;0;-3,793105600000000;-38,586740300000000
316024;18;12;2017;07:57;0;AV SGT HERMINIO SAMPAIO;;;1671;;Colis?úo;Luz do Dia;;;Meio de Quadra;;;0;1;1;1;0;0;0;0;0;1;0;0;-3,725452000000000;-38,555562000000000
316025;18;12;2017;09:06;0;RUA FRANCISCO MATOS;;;320;;Colis?úo;Luz do Dia;;;Meio de Quadra;;;0;1;0;0;0;0;0;0;0;0;0;0;-3,747005000000000;-38,470166000000000
316026;18;12;2017;09:39;0;AV SANTOS DUMONT;;;1825;;Colis?úo;Luz do Dia;;;Meio de Quadra;;;0;1;0;0;0;0;0;0;0;0;0;0;-3,733274000000000;-38,507458000000000
316027;18;12;2017;09:55;0;RUA PRO GUILHON;;;606;;Queda;Luz do Dia;;;Meio de Quadra;;;0;1;0;0;0;0;0;0;0;1;0;0;-3,759515852000000;-38,525881300000000
315458;18;12;2017;19:15;0;RD CE-040;;;0;KM-08;Choque c/ Obst?ículo Fixo;;Bom;Seca;Meio de Quadra;;;0;1;0;0;0;0;0;0;0;1;0;0;-3,825515822000000;-38,481538320000000
326094;18;12;2017;14:30;0;RD BR 116;;;800;KM-05;Colis?úo Lateral;Luz do Dia;;Seca;Meio de Quadra;;;0;2;0;0;0;0;0;0;0;1;0;0;-3,793082000000000;-38,508470000000000
313000;18;12;2017;07:31;256;AV JOVITA FEITOSA;RUA PEDRO DE QUEIROZ;;0;;Atropelamento;Luz do Dia;Bom;Seca;Cruz;Pare;Comercial;0;3;0;0;0;0;0;0;0;1;0;0;-3,740495400000000;-38,559765000000000
312961;18;12;2017;08:40;22704;RUA TAB JOAQUIM COELHO;RUA MIN ABNER VASCONCELOS;;0;;Colis?úo Transversal;Luz do Dia;Bom;Seca;Cruz;Pare;Residencial;0;1;1;1;0;0;0;0;0;1;0;0;-3,796930600000000;-38,478916000000000
313040;18;12;2017;08:44;5434;AV HERACLITO GRACA;AV DOM MANUEL;;0;;Colis?úo Traseira;Luz do Dia;Nublado;Seca;Meio de Quadra;Sem?íforo;Comercial;0;0;2;1;0;0;0;0;0;0;0;0;-3,733959200000000;-38,522984000000000
313027;18;12;2017;14:43;0;RUA DEP MOREIRA DA ROCHA;RUA JOSE VILAR;;0;;Colis?úo Transversal;Luz do Dia;Bom;Seca;Cruz;Pare;Residencial;0;0;2;0;0;0;0;0;0;0;0;0;-3,727747400000000;-38,502182000000000
313331;18;12;2017;17:00;0;AV ENG HUMBERTO MONTE;;;0;;Colis?úo Lateral;Luz do Dia;Bom;Seca;Meio de Quadra;Pare;Comercial;0;0;3;1;0;0;1;0;0;0;0;0;;
313328;18;12;2017;21:20;17370;RUA BAR SOBRAL;RUA ALM RUBIM;;0;;Colis?úo Transversal;Via Iluminada;Bom;Seca;Cruz;Pare;Comercial;0;0;2;1;0;0;0;0;0;0;0;0;-3,766572000000000;-38,554972000000000
312932;18;12;2017;00:31;0;RUA JOAQUIM M DE MACEDO;;;1649;;Choque c/ Obst?ículo Fixo;Via Iluminada;Bom;Seca;Meio de Quadra;Pare;Residencial;0;0;2;1;0;0;0;0;0;0;0;0;-3,766492800000000;-38,586400000000000
312933;18;12;2017;03:28;0;AV ROGACIANO LEITE;;;2290;;Choque c/ Obst?ículo Fixo;Via Iluminada;Bom;Seca;Meio de Quadra;N?úo H?í Controle;Residencial;0;0;1;1;0;0;0;0;0;0;0;0;-3,774669600000000;-38,499763000000000
312934;18;12;2017;07:05;24287;RUA TAVARES COUTINHO;RUA CASTRO MONTE;;0;;Colis?úo Lateral;Luz do Dia;Bom;Seca;Cruz;Pare;Residencial;0;1;1;1;0;0;0;0;0;1;0;0;-3,732496300000000;-38,486053000000000
312935;18;12;2017;07:32;0;RUA PDE PEDRO DE ALENCAR;;;2200;;N?úo Informado;Luz do Dia;Bom;Seca;Outros;N?úo H?í Controle;Comercial;0;1;1;0;0;0;0;0;0;1;0;0;-3,847521800000000;-38,494690000000000
312936;18;12;2017;08:27;0;AV PRS COSTA E SILVA;;;4443;;Engavetamento;Luz do Dia;Bom;Seca;Meio de Quadra;N?úo H?í Controle;Residencial;0;0;3;1;1;0;0;0;0;1;0;0;-3,825430900000000;-38,540028000000000
312937;18;12;2017;07:45;0;AV PRS JUSCELINO KUBITSCHEK (PASSAR?ë);;;0;ROTAT?ôRIA CASTEL?âO;Colis?úo Traseira;Luz do Dia;Bom;Seca;Rotat??ria;D?¬ Prefer?¬ncia;Residencial;0;0;1;1;0;0;0;0;0;0;0;0;-3,808110500000000;-38,524395000000000
312938;18;12;2017;08:51;5709;AV OLIVEIRA PAIVA;AV DES GONZAGA;;0;;N?úo Informado;Luz do Dia;Bom;Seca;Cruz;Sem?íforo;Comercial;0;0;2;1;0;0;0;1;0;0;0;0;-3,797078600000000;-38,499744000000000
312939;18;12;2017;09:20;22940;RUA BERNARDO MANUEL;RUA JAPI;;0;;Colis?úo Transversal;Luz do Dia;Bom;Seca;Cruz;Pare;Comercial;0;0;2;1;0;0;0;0;0;0;0;0;-3,783975800000000;-38,546764000000000
312940;18;12;2017;10:30;0;RUA JOAQUIM NABUCO;;;2725;;N?úo Informado;Luz do Dia;Bom;Seca;Meio de Quadra;N?úo H?í Controle;Residencial;0;2;0;0;0;0;0;0;0;1;0;0;-3,748848200000000;-38,505672000000000
312941;18;12;2017;07:48;7733;RUA BAR SOBRAL;AV JOAO PESSOA;;0;;Colis?úo Traseira;Luz do Dia;Bom;Seca;Outros;Sem?íforo;Comercial;0;1;0;1;0;0;0;0;0;1;0;0;-3,703112400000000;-38,581264000000000
312942;18;12;2017;10:29;5284;RUA PRC ISABEL;RUA PEDRO I;;0;;Colis?úo Transversal;Luz do Dia;Bom;Seca;Cruz;Pare;Comercial;0;0;2;1;1;0;0;0;0;0;0;0;-3,728911600000000;-38,536190000000000
312943;18;12;2017;11:28;0;AV VIENA WEYNE;;;830;;N?úo Informado;Luz do Dia;Bom;Seca;Meio de Quadra;N?úo H?í Controle;Comercial;0;0;1;1;0;0;0;0;0;0;0;0;-3,801448800000000;-38,486700000000000
312944;18;12;2017;13:03;0;RUA AGUAPE;;;215;;Choque c/ Obst?ículo Fixo;Luz do Dia;Bom;Seca;Cruz;Pare;Residencial;0;0;1;1;0;0;0;0;0;0;0;0;-3,772702000000000;-38,574154000000000
312945;18;12;2017;13:05;3810;RUA TEREZA CRISTINA;RUA JUVENAL GALENO;;0;;Colis?úo Lateral;Luz do Dia;Bom;Seca;Cruz;Sem?íforo;Comercial;0;0;2;1;1;0;0;0;0;0;0;0;-3,737942500000000;-38,540104000000000
312946;18;12;2017;14:37;0;AV AMERICO BARREIRA;;;5522;;Colis?úo Traseira;Luz do Dia;Bom;Seca;Meio de Quadra;Sem?íforo;Comercial;0;0;2;1;0;0;0;0;0;0;0;0;-3,760162600000000;-38,564180000000000
312947;18;12;2017;14:30;14344;RUA PDE MORORO;RUA STO INACIO D04;;0;;Colis?úo Transversal;Luz do Dia;Bom;Seca;T;N?úo H?í Controle;Comercial;0;0;2;1;0;0;0;0;0;0;0;0;-3,783372000000000;-38,527134000000000
312948;18;12;2017;15:34;15283;RUA PEREIRA FILGUEIRAS;RUA BAR ARACATI;;0;;N?úo Informado;Luz do Dia;Bom;Seca;Cruz;Pare;Comercial;0;0;2;1;0;0;0;0;0;0;0;0;-3,729073000000000;-38,510770000000000
312949;18;12;2017;15:25;0;RUA BAR CANINDE;;;1121;;Colis?úo Lateral;Luz do Dia;Bom;Seca;Meio de Quadra;Pare;Residencial;0;0;2;1;0;0;0;0;0;0;0;0;-3,766543000000000;-38,556007000000000
312950;18;12;2017;14:52;23041;AV DR SILAS MUNGUBA;RUA BRUNO VALENTE;;3674;;Colis?úo Traseira;Luz do Dia;Bom;Seca;Cruz;Pare;Comercial;0;0;3;1;0;0;0;0;0;1;0;0;-3,790610600000000;-38,539898000000000
312951;18;12;2017;13:50;19261;AV GAL OSORIO DE PAIVA;RUA MON LEOPOLDO FEITOSA;;20;;Colis?úo Transversal;Luz do Dia;Bom;Seca;Cruz;Pare;Residencial;0;1;2;1;0;0;0;0;0;1;0;0;-3,771710000000000;-38,562424000000000
312952;18;12;2017;16:49;0;RUA OSVALDO CRUZ;RUA DES LEITE ALBUQUERQUE;;0;;N?úo Informado;Luz do Dia;Bom;Seca;Cruz;Pare;Comercial;0;1;0;0;0;0;0;0;0;1;0;0;-3,736667600000000;-38,500763000000000
312953;18;12;2017;10:57;0;AV DR SILAS MUNGUBA;;;4800;SUPER DO POVO;Engavetamento;Luz do Dia;Bom;Seca;Meio de Quadra;N?úo H?í Controle;Residencial;0;0;4;1;0;0;0;0;0;0;0;0;-3,794289600000000;-38,533960000000000
312954;18;12;2017;18:26;0;AV AGUANAMBI;;;1470;;Colis?úo Lateral;Anoitecer;Bom;Seca;Meio de Quadra;N?úo H?í Controle;Comercial;0;0;2;0;1;0;0;0;0;0;0;0;-3,736603700000000;-38,482338000000000
312955;18;12;2017;20:19;0;AV JOSE JATAHY;;;1012;;Colis?úo;Via Iluminada;Bom;Seca;Meio de Quadra;N?úo H?í Controle;Comercial;0;1;1;0;0;0;0;0;0;1;0;0;-3,730610800000000;-38,545230000000000
312956;18;12;2017;20:30;18528;AV BEZERRA DE MENEZES;AV ENG HUMBERTO MONTE;;0;;Colis?úo Lateral;Via Iluminada;Bom;Seca;Outros;N?úo H?í Controle;Comercial;0;0;2;0;0;0;0;0;0;0;0;0;-3,736747300000000;-38,569218000000000
312957;18;12;2017;20:20;0;RUA PRO WILSON AGUIAR;AV WASHINGTON SOARES;;0;;Colis?úo Lateral;Via Iluminada;Bom;Seca;T;Pare;Comercial;0;0;2;1;0;0;0;0;0;0;0;0;-3,761005900000000;-38,482765000000000
312959;18;12;2017;18:10;20230;RUA POMPILIO GOMES;RUA PRO MOREIRA DE SOUSA (PASSARE);;0;;N?úo Informado;Via Iluminada;Bom;Seca;Cruz;N?úo H?í Controle;Residencial;0;1;1;1;0;0;0;0;0;1;0;0;-3,814585000000000;-38,520653000000000
313398;18;12;2017;20:55;0;AV PDE ANTONIO TOMAS;;;4661;;Colis?úo;Via Iluminada;Bom;Seca;Meio de Quadra;N?úo H?í Controle;Residencial;0;2;0;1;0;0;0;0;0;0;0;0;-3,746976000000000;-38,478506000000000
312960;19;12;2017;06:30;17359;AV PRO GOMES DE MATOS;RUA IRM BAZET;;0;;Colis?úo Lateral;Luz do Dia;Bom;Seca;Cruz;Pare;Comercial;0;0;2;1;0;0;0;0;0;0;0;0;-3,766054000000000;-38,549812000000000
312970;19;12;2017;11:30;0;RUA PRO SOLON FARIAS;;;1085;;Colis?úo Transversal;Luz do Dia;Bom;Seca;Meio de Quadra;N?úo H?í Controle;Residencial;0;0;2;1;0;0;0;0;0;0;0;0;-3,797521000000000;-38,476450000000000
312971;19;12;2017;16:07;256;AV JOVITA FEITOSA;RUA PEDRO DE QUEIROZ;;0;;Colis?úo Lateral;Luz do Dia;Bom;Seca;Cruz;Pare;Comercial;0;0;2;1;0;0;0;0;0;0;0;0;-3,740399400000000;-38,559517000000000
312972;19;12;2017;16:37;0;AV DEP PAULINO ROCHA;;;400;;N?úo Informado;Luz do Dia;Bom;Seca;Meio de Quadra;N?úo H?í Controle;Residencial;0;0;2;0;0;0;0;0;0;0;0;0;-3,801081700000000;-38,507450000000000
312973;19;12;2017;16:15;19611;RUA NEREU RAMOS;AV GODOFREDO MACIEL;;0;;Colis?úo Traseira;Luz do Dia;Bom;Seca;T;Sem?íforo;Residencial;0;0;2;1;0;0;0;0;0;0;0;0;-3,787163300000000;-38,567204000000000
312974;19;12;2017;19:46;0;RUA OSVALDO CRUZ;RUA MARIA TOMASIA;;0;;Colis?úo Transversal;Via Iluminada;Bom;Seca;Cruz;Pare;Comercial;0;1;2;1;0;0;0;0;0;1;0;0;-3,734567200000000;-38,500008000000000
312975;19;12;2017;20:57;13695;RUA DORALICE COSTA;RUA REV BOLIVAR P BANDEIRA;;0;;Colis?úo Lateral;Via Iluminada;Bom;Seca;T;Pare;Residencial;0;0;2;1;1;0;0;0;0;0;0;0;-3,770176000000000;-38,495327000000000
312976;19;12;2017;20:37;0;RUA PRO LINO ENCARNACAO;;;1170;;Colis?úo Lateral;Via Iluminada;Bom;Seca;;;;0;1;1;1;0;0;0;0;0;1;0;0;-3,745579000000000;-38,559704000000000
312977;19;12;2017;21:30;0;AV SEN VIRGILIO TAVORA;;;195;;Choque c/ Obst?ículo Fixo;Via Iluminada;Bom;Seca;Meio de Quadra;Sem?íforo;Residencial;0;1;0;1;0;0;0;0;0;0;0;0;-3,730814000000000;-38,491295000000000
312978;19;12;2017;22:54;9020;RUA JAIME BENEVOLO;RUA SALDANHA MARINHO;;0;;Colis?úo Transversal;Via Iluminada;Bom;Seca;Cruz;Sem?íforo;Comercial;0;1;1;1;0;0;0;0;0;0;0;0;-3,743099000000000;-38,528942000000000
312962;19;12;2017;08:13;0;AV RUI BARBOSA;;;1911;;Colis?úo Traseira;Luz do Dia;Bom;Seca;Meio de Quadra;N?úo H?í Controle;Residencial;0;0;2;1;0;0;0;0;0;0;0;0;-3,739382700000000;-38,510580000000000
312963;19;12;2017;07:50;0;AV PRS COSTA E SILVA;;;859;;Colis?úo Transversal;Luz do Dia;Bom;Seca;Meio de Quadra;Sem?íforo;Comercial;0;2;0;0;0;0;0;0;1;1;0;0;-3,812855700000000;-38,571762000000000