COD_ACIDENTE;DIA;MES;ANO;HORA;INTERSECAO;LOG1;LOG2;LOG3;NUMERO;REFERENCIA;NATUREZA;ILUMINACAO;TEMPO;SUPERFICIEPISTA;TIPOCRUZAMENTO;CONTROLETRAFEGO;USOSOLO;MORTOS;FERIDOS;ILESOS;AUTOMOVEL;ONIBUS;BICICLETA;CAMINHAO;MICROONIBUS;CICLOMOTOR;MOTOCICLETA;TRACAOANIMAL;TREM;LATITUDE;LONGITUDE
312964;19;12;2017;08:00;17360;RUA ELVIRA PINHO;RUA ZACARIAS GONDIM;;0;;Colis?úo Transversal;Luz do Dia;Bom;Seca;Cruz;Pare;Residencial;0;0;2;1;0;0;0;0;0;0;0;0;-3,766161700000000;-38,557713000000000
312965;19;12;2017;10:20;0;AV SEN VIRGILIO TAVORA;;;2200;;Colis?úo Traseira;Luz do Dia;Bom;Seca;Meio de Quadra;N?úo H?í Controle;Residencial;0;0;2;1;0;0;0;0;0;0;0;0;-3,746324000000000;-38,496630000000000
312966;19;12;2017;11:13;0;AV CENTRAL;;;855;;Colis?úo Traseira;Luz do Dia;Bom;Seca;Meio de Quadra;N?úo H?í Controle;Comercial;0;1;1;1;0;0;0;0;0;0;0;0;-3,770089100000000;-38,604527000000000
312967;19;12;2017;11:10;0;AV GOV RAUL BARBOSA;;;7506;;Colis?úo Traseira;Luz do Dia;Bom;Seca;Meio de Quadra;N?úo H?í Controle;Residencial;0;0;2;1;1;0;0;0;0;0;0;0;-3,801531300000000;-38,498287000000000
312968;19;12;2017;12:15;0;AV FRANCISCO SA;;;2366;;N?úo Informado;Luz do Dia;Bom;Seca;Meio de Quadra;Sem?íforo;Comercial;0;1;2;1;0;0;0;0;0;1;0;0;-3,721025200000000;-38,546463000000000
313292;19;12;2017;22:40;1479;RUA PRO DIAS DA ROCHA;RUA DES LEITE ALBUQUERQUE;;0;;Colis?úo Lateral;Via Iluminada;Bom;Seca;Cruz;Pare;Residencial;0;2;0;1;0;0;0;0;0;0;0;0;-3,739126000000000;-38,492823000000000
326095;19;12;2017;15:30;0;RD BR 116;;;400;KM-11;Colis?úo Lateral;Luz do Dia;;Seca;Meio de Quadra;;;0;1;2;1;0;0;0;0;0;1;0;0;-3,796015900000000;-38,507200500000000
315459;19;12;2017;09:30;0;RD CE-040;;;0;KM-01;Colis?úo;Luz do Dia;Bom;Seca;Meio de Quadra;;;0;0;2;1;0;0;0;0;0;0;0;0;-3,764650449000000;-38,482583040000000
315460;19;12;2017;16:30;0;AV SEN CARLOS JEREISSATI (AEROPORTO);;;0;KM 02;Colis?úo;Luz do Dia;Bom;Seca;Meio de Quadra;;;0;1;1;1;0;0;1;0;0;0;0;0;-3,782194000000000;-38,535424000000000
316102;19;12;2017;07:29;0;AV DR SILAS MUNGUBA;;;3059;;Queda;Luz do Dia;;;Meio de Quadra;;;0;1;0;0;0;0;0;0;0;1;0;0;-3,788379000000000;-38,546038000000000
316103;19;12;2017;08:38;0;RUA ARARIPE PRATA;;;195;;Colis?úo;Luz do Dia;;;Meio de Quadra;;;0;1;1;1;0;0;0;0;0;1;0;0;-3,774369000000000;-38,569615000000000
316104;19;12;2017;08:46;0;AV PERIMETRAL;;;0;;Colis?úo;Luz do Dia;;;Meio de Quadra;;;0;1;1;1;0;0;0;0;0;1;0;0;;
316105;19;12;2017;09:59;0;AV DR SILAS MUNGUBA;;;3666;;Colis?úo;Luz do Dia;;;Meio de Quadra;;;0;1;1;1;0;0;0;0;0;1;0;0;-3,790219000000000;-38,540801000000000
316129;19;12;2017;23:34;0;AV SANTOS DUMONT;;;0;;Colis?úo;;;;Meio de Quadra;;;0;1;1;1;0;0;0;0;0;1;0;0;;
316127;19;12;2017;22:10;0;RUA CEL SOLON;;;0;;Colis?úo;;;;Meio de Quadra;;;0;1;1;1;0;0;0;0;0;0;0;0;;
316124;19;12;2017;21:57;0;AV BEZERRA DE MENEZES;;;0;;Atropelamento;;;;Meio de Quadra;;;0;1;1;1;0;0;0;0;0;0;0;0;;
316109;19;12;2017;11:16;0;AV PRS COSTA E SILVA;;;151;;Colis?úo;Luz do Dia;;;Meio de Quadra;;;0;1;1;1;0;0;0;0;0;1;0;0;-3,823036000000000;-38,551861000000000
316110;19;12;2017;11:16;10014;RUA DUAS NACOES;RUA TEODORO DE CASTRO;;0;;Colis?úo;Luz do Dia;;;;;;0;1;1;1;0;0;0;0;0;0;0;0;-3,780321000000000;-38,602981000000000
316122;19;12;2017;19:23;0;RUA SOUSA CARVALHO;;;258;;Colis?úo;;;;Meio de Quadra;;;0;1;0;0;0;0;0;0;0;0;0;0;-3,784301000000000;-38,586108000000000
316118;19;12;2017;15:13;0;AV JOR THOMAZ COELHO;;;0;;Queda;Luz do Dia;;;Meio de Quadra;;;0;1;0;0;0;0;0;0;0;1;0;0;;
316119;19;12;2017;17:07;0;AV ENG SANTANA JUNIOR;;;0;;Queda;Anoitecer;;;Meio de Quadra;;;0;1;0;0;0;0;0;0;0;1;0;0;;
316120;19;12;2017;18:07;19053;AV ENG SANTANA JUNIOR;RUA EDUARDO SABOIA;;0;;Colis?úo;Anoitecer;;;T;N?úo H?í Controle;Comercial;0;1;1;1;0;0;0;0;0;1;0;0;-3,736244000000000;-38,482443000000000
316132;20;12;2017;01:49;0;AV COS GOMES DE FREITAS (SAPIRANGA/COITE);;;0;;Colis?úo;;;;Meio de Quadra;;;0;1;1;1;0;0;0;0;0;1;0;0;;
316135;20;12;2017;06:13;0;AV ALBERTO CRAVEIRO;;;0;;Queda;Luz do Dia;;;Meio de Quadra;;;0;1;0;0;0;0;0;0;0;1;0;0;;
316136;20;12;2017;06:24;0;AV CESAR CALS;;;280;;Queda;Luz do Dia;;;Meio de Quadra;;;0;1;0;0;0;0;0;0;0;1;0;0;-3,720563000000000;-38,464611000000000
316137;20;12;2017;06:37;0;RUA MIN ALBUQUERQUE LIMA;;;0;;Atropelamento;Luz do Dia;;;Meio de Quadra;;;0;1;1;0;1;0;0;0;0;0;0;0;;
316138;20;12;2017;06:51;19611;AV GODOFREDO MACIEL;RUA NEREU RAMOS;;0;;Queda;Luz do Dia;;;T;Sem?íforo;Comercial;0;1;0;0;0;0;0;0;0;1;0;0;-3,787250000000000;-38,566802000000000
316151;20;12;2017;07:43;0;AV ENG SANTANA JUNIOR;;;0;;Queda;Luz do Dia;;;Meio de Quadra;;;0;1;0;0;0;0;0;0;0;1;0;0;;
316152;20;12;2017;07:44;25729;RUA ANTONIO POMPEU;AV TRISTAO GONCALVES;;0;;Queda;Luz do Dia;;;Cruz;Sem?íforo;Comercial;0;1;0;0;0;0;0;0;0;1;0;0;-3,733388000000000;-38,535088000000000
316153;20;12;2017;07:57;0;AV SGT HERMINIO SAMPAIO;;;4829;;Queda;Luz do Dia;;;Meio de Quadra;;;0;1;0;0;0;0;0;0;0;1;0;0;-3,732898000000000;-38,582705000000000
316154;20;12;2017;08:19;0;AV HERACLITO GRACA;;;0;;Colis?úo;Luz do Dia;;;Meio de Quadra;;;0;1;0;0;0;0;0;0;0;0;0;0;;
316155;20;12;2017;08:38;0;AV PRS CASTELO BRANCO;;;0;;Atropelamento;Luz do Dia;;;Meio de Quadra;;;0;1;1;0;0;0;0;0;0;1;0;0;;
316144;20;12;2017;06:54;0;AV SEN FERNANDES TAVORA;;;0;;Queda;Luz do Dia;;;Meio de Quadra;;;0;1;0;0;0;0;0;0;0;1;0;0;;
316145;20;12;2017;06:58;0;AV BEZERRA DE MENEZES;;;0;;Colis?úo;Luz do Dia;;;Meio de Quadra;;;0;1;0;0;0;0;0;0;0;0;0;0;;
316146;20;12;2017;07:17;0;AV DOMINGOS OLIMPIO;;;2007;;Queda;Luz do Dia;;;Meio de Quadra;;;0;1;0;0;0;0;0;0;0;1;0;0;-3,733411600000000;-38,541173900000000
316147;20;12;2017;07:24;0;RD BR 116;;;0;;Colis?úo;Luz do Dia;;;Meio de Quadra;;;0;2;1;1;0;0;0;0;0;1;0;0;;
316149;20;12;2017;07:36;0;AV SEN FERNANDES TAVORA;;;0;;Colis?úo;Luz do Dia;;;Meio de Quadra;;;0;2;0;0;0;0;0;0;0;1;0;0;;
316158;20;12;2017;10:55;0;RUA ALAGOAS;;;277;;Queda;Luz do Dia;;;Meio de Quadra;;;0;1;0;0;0;1;0;0;0;0;0;0;-3,765808000000000;-38,561330000000000
316166;20;12;2017;11:28;0;RUA VALMIR PONTES;;;0;;Colis?úo;Luz do Dia;;;Meio de Quadra;;;0;1;1;1;0;1;0;0;0;0;0;0;;
316160;20;12;2017;11:22;0;AV JOAO PESSOA;;;6943;;Colis?úo;Luz do Dia;;;Meio de Quadra;;;0;2;1;1;0;0;0;0;0;1;0;0;-3,770280000000000;-38,561064000000000
316185;20;12;2017;12:09;12349;AV LINEU MACHADO;RUA RENATO VIANA;;0;;Colis?úo;Luz do Dia;;;Cruz;Pare;Residencial;0;1;1;1;0;0;0;0;0;1;0;0;-3,762204000000000;-38,574957000000000
316189;20;12;2017;15:04;12405;AV LINEU MACHADO;RUA JOCKEY CLUBE;;0;;Colis?úo;Luz do Dia;;;Outros;Outros;Residencial;0;1;1;1;0;0;0;0;0;1;0;0;-3,764186000000000;-38,576001000000000
316190;20;12;2017;16:19;0;AV PERIMETRAL;;;0;;Colis?úo;Luz do Dia;;;Meio de Quadra;;;0;1;1;1;0;0;0;0;0;1;0;0;;
316199;20;12;2017;17:43;23436;RUA CAP GUSTAVO;RUA MON SALAZAR;;0;;Colis?úo;Anoitecer;;;Cruz;Pare;Residencial;0;1;1;1;0;0;0;0;0;1;0;0;-3,756364000000000;-38,516507000000000
316193;20;12;2017;16:22;0;RUA ALVARO DE ALENCAR;;;0;;Colis?úo;Luz do Dia;;;Meio de Quadra;;;0;1;1;1;0;0;0;0;0;1;0;0;;
316196;20;12;2017;17:06;0;RUA NELSON COELHO;;;380;;Queda;Anoitecer;;;Meio de Quadra;;;0;1;0;0;0;1;0;0;0;0;0;0;-3,829056000000000;-38,463370000000000
316197;20;12;2017;17:42;0;RUA CON DE CASTRO;;;3134;;Queda;Anoitecer;;;Meio de Quadra;;;0;1;0;0;0;0;0;0;0;1;0;0;-3,795896000000000;-38,583505000000000
316211;20;12;2017;17:49;24170;RUA MANUEL RODRIGUES;RUA HERMINIA BONAVIDES;;0;;Colis?úo;Anoitecer;;;;;;0;1;1;1;0;0;0;0;0;1;0;0;;
316216;20;12;2017;18:50;22055;AV JOSE BASTOS;RUA PDE CICERO;;0;;Atropelamento;;;;T;N?úo H?í Controle;Residencial;0;2;0;0;0;0;0;0;0;1;0;0;-3,744462000000000;-38,544887000000000
316217;20;12;2017;19:10;0;AV F CJ CEARA;;;0;;Colis?úo;;;;Meio de Quadra;;;0;1;1;0;0;0;0;0;0;1;0;0;;
316201;20;12;2017;17:49;21604;RUA DOM XISTO ALBANO;RUA DARCY VARGAS;;0;;Atropelamento;Anoitecer;;;Cruz;Pare;Residencial;0;1;1;1;0;0;0;0;0;0;0;0;-3,798206000000000;-38,586618000000000
316237;20;12;2017;22:52;0;RUA PRUDENTE DE MORAES;;;33;;Queda;;;;Meio de Quadra;;;0;1;0;0;0;0;0;0;0;1;0;0;-3,749107300000000;-38,566523100000000
316230;20;12;2017;20:17;22200;AV SGT HERMINIO SAMPAIO;RUA CEL MOZART GONDIM;;0;;Colis?úo;;;;;;;0;2;1;0;0;0;0;0;0;1;0;0;-3,726516000000000;-38,561327000000000
316225;20;12;2017;20:07;0;RUA 1018 CJ CEARA;;;148;;Atropelamento;;;;Meio de Quadra;;;0;1;0;0;0;0;0;0;0;0;0;0;-3,770193000000000;-38,616421000000000
316221;20;12;2017;19:52;0;AV DR SILAS MUNGUBA;;;0;;Colis?úo;;;;Meio de Quadra;;;0;1;0;0;0;0;0;0;0;0;0;0;;
316219;20;12;2017;19:16;15121;RUA JOAO CORDEIRO;RUA DR ATUALPA BARBOSA LIMA (P. IRACEMA);;0;;Colis?úo;;;;Cruz;Pare;Residencial;0;1;0;0;0;0;0;0;0;0;0;0;-3,723378000000000;-38,512434000000000
316239;20;12;2017;22:57;0;RUA JOSE AVELINO;;;181;;Queda;;;;Meio de Quadra;;;0;1;0;0;0;1;0;0;0;0;0;0;-3,722228000000000;-38,521800000000000
316233;20;12;2017;22:20;0;RUA DEP OSWALDO STUDART;;;0;;Colis?úo;;;;Meio de Quadra;;;0;1;0;0;0;0;0;0;0;0;0;0;;
316242;20;12;2017;23:04;6737;AV PDE ANTONIO TOMAS;AV ENG SANTANA JUNIOR;;0;;Colis?úo;;;;Outros;N?úo H?í Controle;Comercial;0;1;0;0;0;0;0;0;0;0;0;0;-3,743981000000000;-38,488012000000000
326097;20;12;2017;08:00;0;RD BR 116;;;100;KM-02;Queda;Luz do Dia;;Seca;Meio de Quadra;;;0;2;0;0;0;0;0;0;0;1;0;0;-3,795955900000000;-38,507225300000000
312988;20;12;2017;11:40;0;RUA LIDIA BRIGIDO;;;0;;Colis?úo Transversal;Luz do Dia;Nublado;Seca;Meio de Quadra;N?úo H?í Controle;Comercial;0;0;2;1;0;0;0;0;0;0;0;0;-3,796684300000000;-38,484170000000000
312989;20;12;2017;14:55;0;RUA SEN ALMINO;;;407;;Colis?úo Lateral;Luz do Dia;Bom;Seca;Meio de Quadra;N?úo H?í Controle;Comercial;0;0;2;1;0;0;0;0;0;0;0;0;-3,724425600000000;-38,518063000000000
312990;20;12;2017;14:02;3820;AV CARAPINIMA;AV 13 DE MAIO;;0;;Colis?úo Lateral;Luz do Dia;Bom;Seca;Cruz;Sem?íforo;Comercial;0;1;1;1;0;0;0;0;0;1;0;0;-3,739766800000000;-38,540245000000000
312991;20;12;2017;15:23;0;RUA RODRIGUES JUNIOR;;;393;;Colis?úo Lateral;Luz do Dia;Bom;Seca;Meio de Quadra;N?úo H?í Controle;Residencial;0;0;2;1;0;0;0;0;0;0;0;0;-3,728236400000000;-38,519790000000000
312992;20;12;2017;15:37;0;AV ENG SANTANA JUNIOR;;;0;TUNEL DEP WELLINGTON LANDIM;Queda;Luz do Dia;Bom;Seca;Meio de Quadra;N?úo H?í Controle;Comercial;0;1;0;0;0;0;0;0;0;1;0;0;-3,769311400000000;-38,539074000000000
312993;20;12;2017;15:33;0;RUA DES PRAXEDES;;;906;;Colis?úo Lateral;Luz do Dia;Nublado;Seca;Cruz;D?¬ Prefer?¬ncia;Comercial;0;0;2;1;0;0;0;0;0;0;0;0;-3,761760200000000;-38,546265000000000
312994;20;12;2017;16:32;19753;RUA ERICO MOTA;RUA AZEVEDO BOLAO;;0;;Colis?úo Lateral;Luz do Dia;Bom;Seca;Cruz;Pare;Residencial;0;0;2;1;0;0;0;0;0;0;0;0;-3,737683000000000;-38,562492000000000
312995;20;12;2017;21:05;1716;AV GOV RAUL BARBOSA;AV GAL MURILO BORGES;;0;;Colis?úo Transversal;Via Iluminada;Bom;Seca;Rotat??ria;D?¬ Prefer?¬ncia;Comercial;0;1;2;1;0;0;0;0;0;1;0;0;-3,763692900000000;-38,508230000000000
312986;20;12;2017;12:42;0;AV GAL OSORIO DE PAIVA;;;255;GINASIO POLIESPORTIVO;N?úo Informado;Luz do Dia;Bom;Seca;Cruz;Sem?íforo;Comercial;0;0;2;1;0;0;0;0;0;0;0;0;-3,774702000000000;-38,565850000000000
312998;20;12;2017;17:00;5092;AV IMPERADOR;RUA SEN ALENCAR;;0;;Colis?úo Lateral;Anoitecer;Bom;Seca;Cruz;Sem?íforo;Comercial;0;0;2;1;1;0;0;0;0;0;0;0;-3,723111400000000;-38,533320000000000
313006;20;12;2017;13:17;0;RUA TORRES CAMARA;;;900;;Colis?úo Traseira;Luz do Dia;Nublado;Seca;Meio de Quadra;Sem?íforo;Comercial;0;0;2;1;0;0;0;0;0;0;0;0;-3,736781100000000;-38,503372000000000
313004;20;12;2017;14:33;0;AV PRS CASTELO BRANCO;;;5494;;Colis?úo Lateral;Luz do Dia;Bom;Seca;Meio de Quadra;Pare;Residencial;0;0;1;0;0;0;0;0;0;1;0;0;-3,703537500000000;-38,580044000000000
313318;20;12;2017;20:00;1269;RUA PINTO MADEIRA;RUA ANTONIO AUGUSTO;;0;;Colis?úo Transversal;;;;Cruz;Pare;Comercial;0;2;1;1;0;0;0;0;0;0;0;0;-3,733285000000000;-38,514390000000000
313319;20;12;2017;01:40;4612;AV WASHINGTON SOARES;AV OLIVEIRA PAIVA;;0;;Colis?úo Lateral;;;;;;;0;0;2;1;0;0;0;0;0;0;0;0;-3,795695000000000;-38,479908000000000
313314;20;12;2017;09:45;0;AV ENG SANTANA JUNIOR;;;0;TUNEL DEP WELLINGTON LANDIM;Queda;Luz do Dia;;;Meio de Quadra;;;0;1;0;0;0;0;0;0;0;1;0;0;-3,744023906000000;-38,487934742000000
313315;20;12;2017;08:20;5081;RUA CASTRO E SILVA;RUA VINTE E QUATRO DE MAIO;;0;;Colis?úo Lateral;Luz do Dia;;;Cruz;Sem?íforo;Comercial;0;0;2;0;0;0;0;0;0;1;0;0;-3,722746000000000;-38,530653000000000
313316;20;12;2017;00:01;19224;AV SANTOS DUMONT;RUA FRANCISCO MATOS;;0;;Colis?úo Transversal;;;;Cruz;Sem?íforo;Comercial;0;1;1;1;0;0;0;0;0;1;0;0;-3,745497000000000;-38,469675000000000
313312;20;12;2017;09:25;0;AV ENG SANTANA JUNIOR;;;0;TUNEL DEP WELLINGTON LANDIM;Queda;Luz do Dia;;;Meio de Quadra;;;0;1;0;0;0;0;0;0;0;1;0;0;-3,744035586000000;-38,487949342000000
312979;20;12;2017;08:56;1658;RUA MON CATAO;RUA BENI DE CARVALHO;;0;;N?úo Informado;Luz do Dia;Nublado;Seca;Cruz;Pare;Escola;0;1;1;0;0;0;0;0;0;1;0;0;-3,746622600000000;-38,493046000000000
312980;20;12;2017;10:00;0;AV VIS RIO BRANCO;;;3963;;Colis?úo Traseira;Luz do Dia;Bom;Seca;Meio de Quadra;N?úo H?í Controle;Comercial;0;0;2;1;0;0;0;0;0;0;0;0;-3,755874600000000;-38,520008000000000
312981;20;12;2017;10:11;0;AV VIS RIO BRANCO;;;3891;;Colis?úo Traseira;Luz do Dia;Nublado;Seca;Meio de Quadra;N?úo H?í Controle;Comercial;0;0;2;1;0;0;0;1;0;0;0;0;-3,755354000000000;-38,520103000000000
312982;20;12;2017;10:07;0;RUA BERNARDO MANUEL;;;8080;;Colis?úo Traseira;Luz do Dia;Nublado;Seca;Meio de Quadra;Sem?íforo;Comercial;0;0;1;1;0;0;0;0;0;0;0;0;-3,786944600000000;-38,547740000000000
312983;20;12;2017;09:08;19328;RUA EDUARDO PERDIGAO;RUA CON DE CASTRO;;0;;Colis?úo Lateral;Luz do Dia;Nublado;Seca;Cruz;Pare;Comercial;0;2;2;0;1;0;0;0;0;1;0;0;-3,775646400000000;-38,564846000000000
312984;20;12;2017;11:46;0;RUA SEN POMPEU;;;2607;;Colis?úo Lateral;Luz do Dia;Nublado;Seca;N?úo Informado;N?úo H?í Controle;Escola;0;0;2;1;0;0;0;0;0;1;0;0;-3,741244600000000;-38,534042000000000
306131;20;12;2017;08:15;5463;RUA DNA LEOPOLDINA;RUA BARBARA DE ALENCAR;;0;;Colis?úo Lateral;Luz do Dia;;;Cruz;Pare;Comercial;1;0;1;0;1;1;0;0;0;0;0;0;-3,735695000000000;-38,521102000000000
306375;20;12;2017;19:55;0;AV MR HULL;;;5380;;Atropelamento;;;;Meio de Quadra;;;1;0;0;1;0;0;0;0;0;0;0;0;-3,739838000000000;-38,592750000000000
313336;21;12;2017;14:50;0;RUA METON DE ALENCAR;;;1685;;Colis?úo Lateral;Luz do Dia;Nublado;Seca;Meio de Quadra;N?úo H?í Controle;Comercial;0;1;1;1;0;0;0;0;0;1;0;0;-3,731245000000000;-38,538076000000000
313348;21;12;2017;09:00;5131;RUA RUFINO DE ALENCAR;RUA BATURITE;;0;;Colis?úo Frontal;Luz do Dia;Bom;Seca;T;Pare;Comercial;0;0;2;1;0;1;0;0;0;0;0;0;-3,724316000000000;-38,523038000000000
313341;21;12;2017;08:21;0;RUA CONDE D??EU;;;521;;Colis?úo Lateral;Luz do Dia;Bom;Seca;Meio de Quadra;Outros;Comercial;0;0;2;1;0;0;0;0;0;0;0;0;-3,725525000000000;-38,525464000000000
313351;21;12;2017;10:20;3771;AV DOMINGOS OLIMPIO;AV DA UNIVERSIDADE;;0;;Colis?úo Lateral;Luz do Dia;Bom;Seca;Cruz;Sem?íforo;Comercial;0;0;2;1;1;0;0;0;0;0;0;0;-3,735594000000000;-38,534216000000000
313355;21;12;2017;13:05;0;AV GAL OSORIO DE PAIVA;;;3995;;Colis?úo Lateral;Luz do Dia;Bom;Seca;Meio de Quadra;N?úo H?í Controle;Comercial;0;0;2;1;0;0;0;0;0;0;0;0;-3,792519000000000;-38,590188000000000
313356;21;12;2017;09:10;12954;RUA BERNARDO MANUEL;AV PRS COSTA E SILVA;;0;;Colis?úo Lateral;Luz do Dia;Bom;Seca;Cruz;Sem?íforo Intermitente;Comercial;0;0;2;1;0;0;1;0;0;0;0;0;-3,821079000000000;-38,558276000000000
313357;21;12;2017;16:35;3767;AV IMPERADOR;AV DOMINGOS OLIMPIO;;0;;Colis?úo Transversal;Luz do Dia;Bom;Seca;Cruz;Sem?íforo;Comercial;0;0;2;1;0;0;0;0;0;0;0;0;-3,734790000000000;-38,536697000000000
313005;21;12;2017;11:00;10513;RUA PEDRO LOPES D64;RUA JOSE PEREIRA BARROS;;0;;Colis?úo Transversal;Luz do Dia;Nublado;Seca;Cruz;Pare;Residencial;0;1;1;0;1;0;0;0;0;1;0;0;-3,828208000000000;-38,479410000000000
313087;21;12;2017;20:50;0;AV EDUARDO BRIGIDO MONTEIRO;RUA GAL CAIADO DE CASTRO;;0;;Colis?úo Transversal;Via Iluminada;Bom;Seca;T;Pare;Residencial;0;0;0;1;0;0;0;0;0;0;0;0;-3,783056000000000;-38,488468000000000
313007;21;12;2017;09:06;10952;RUA EQUADOR;RUA 15 DE NOVEMBRO;;0;;Colis?úo Transversal;Luz do Dia;Bom;Seca;Cruz;Sem?íforo;Comercial;0;0;2;1;0;0;0;0;0;0;0;0;-3,770679700000000;-38,551094000000000
313008;21;12;2017;14:55;0;RUA ISAIE BORIS;;;584;;N?úo Informado;Luz do Dia;Nublado;Seca;T;N?úo H?í Controle;Comercial;0;0;1;1;0;0;0;0;0;1;0;0;-3,768121000000000;-38,551384000000000
313009;21;12;2017;16:47;24257;RUA TAVARES COUTINHO;RUA MANUEL JESUINO;;0;;N?úo Informado;Via Iluminada;Bom;Seca;Cruz;Sem?íforo;Residencial;0;0;2;1;0;0;0;0;0;0;0;0;-3,732518700000000;-38,484806000000000
313010;21;12;2017;16:17;5079;RUA SAO PAULO;RUA AGAPITO DOS SANTOS;;0;;Colis?úo Transversal;Luz do Dia;Bom;Seca;Cruz;Pare;Residencial;0;2;0;0;0;0;0;0;0;1;0;0;-3,722706000000000;-38,537777000000000
313011;21;12;2017;17:20;22840;RUA DR JUSTA ARAUJO D45;RUA GALILEU;;0;;Colis?úo Transversal;Luz do Dia;Bom;Seca;Cruz;Pare;Residencial;0;2;1;0;1;0;0;0;0;1;0;0;-3,777146800000000;-38,550480000000000
312999;21;12;2017;09:04;17331;RUA ROMEU MARTINS;RUA BAR CANINDE;;0;;Colis?úo Transversal;Luz do Dia;Bom;Seca;Cruz;Pare;Residencial;0;1;1;1;0;0;0;0;0;1;0;0;-3,765003200000000;-38,554813000000000
312987;21;12;2017;09:41;0;RUA SEN ROBERT KENNEDY;;;212;;Colis?úo Traseira;Luz do Dia;Nublado;Seca;Meio de Quadra;N?úo H?í Controle;Comercial;0;1;1;1;0;0;0;0;0;1;0;0;-3,701932200000000;-38,578014000000000
313001;21;12;2017;10:26;17428;RUA CESAR ROSSAS;RUA ALBERTO MAGNO;;0;;N?úo Informado;Luz do Dia;Bom;Seca;Outros;Sem?íforo;Residencial;0;0;2;1;0;0;0;0;0;0;0;0;-3,766739600000000;-38,554993000000000
313002;21;12;2017;10:43;6810;RUA BENTO ALBUQUERQUE;RUA JOSE BORBA VASCONCELOS;;0;;Colis?úo Transversal;Luz do Dia;Bom;Seca;Cruz;Pare;Residencial;0;1;1;1;0;0;0;0;0;0;0;0;-3,747273000000000;-38,471947000000000
313003;21;12;2017;13:10;15693;RUA GUILHERME PESSOA;RUA DIOGO FEIJO;;0;;N?úo Informado;Luz do Dia;Nublado;Seca;Cruz;Pare;Residencial;0;0;2;1;0;0;0;0;0;0;0;0;-3,827270300000000;-38,487380000000000
313013;21;12;2017;18:30;0;AV JOR THOMAZ COELHO;;;2880;;Atropelamento;Mal Iluminada;Bom;Seca;Meio de Quadra;N?úo H?í Controle;Residencial;0;1;1;1;0;0;0;0;0;0;0;0;-3,828479300000000;-38,520690000000000
313014;21;12;2017;20:49;0;AV DR THEBERGE;;;2425;;Colis?úo Lateral;Via Iluminada;Bom;Seca;Cruz;N?úo H?í Controle;Residencial;0;0;2;1;0;0;0;0;0;0;0;0;-3,723652100000000;-38,567898000000000
313015;21;12;2017;19:48;25672;AV AUGUSTO DOS ANJOS;RUA LINS DO REGO;;0;;Colis?úo Transversal;Via Iluminada;Bom;Seca;T;Pare;Residencial;0;1;1;1;0;0;0;0;0;1;0;0;-3,781005000000000;-38,579784000000000
313016;21;12;2017;22:03;1381;AV HERACLITO GRACA;RUA ILDEFONSO ALBANO;;0;;Atropelamento;Via Iluminada;Bom;Seca;T;Sem?íforo;Comercial;0;1;1;1;0;0;0;0;0;0;0;0;-3,736879600000000;-38,514236000000000
312996;21;12;2017;00:34;0;AV COS GOMES DE FREITAS (SAPIRANGA/COITE);;;3400;;Colis?úo Lateral;Via Iluminada;Bom;Seca;Cruz;N?úo H?í Controle;Residencial;0;0;2;1;0;0;0;0;0;1;0;0;-3,795377000000000;-38,476463000000000
312997;21;12;2017;08:05;19743;RUA AZEVEDO BOLAO;RUA PRO LINO ENCARNACAO;;0;;Colis?úo Transversal;Luz do Dia;Bom;Seca;Cruz;Pare;Residencial;0;0;2;1;0;0;0;0;0;0;0;0;-3,737490200000000;-38,561580000000000
316244;21;12;2017;05:52;22194;AV SGT HERMINIO SAMPAIO;RUA CAP NESTOR GOIS;;0;;Colis?úo;Amanhecer;;;;;;0;1;1;0;0;0;0;0;0;1;0;0;-3,726371000000000;-38,560489000000000
316252;21;12;2017;08:58;0;RUA BERNARDO MANUEL;;;7943;;Colis?úo;Luz do Dia;;;Meio de Quadra;;;0;1;0;0;0;0;0;0;0;0;0;0;-3,788708000000000;-38,548366000000000
316255;21;12;2017;10:01;0;AV SEN FERNANDES TAVORA;;;962;;Colis?úo;Luz do Dia;;;Meio de Quadra;;;0;1;0;0;0;0;0;0;0;0;0;0;-3,762487000000000;-38,581603000000000
316250;21;12;2017;08:50;0;AV ISABEL BEZERRA;;;0;;Colis?úo;Luz do Dia;;;Meio de Quadra;;;0;1;1;1;0;0;0;0;0;1;0;0;;
316288;21;12;2017;14:25;0;TR ISAIAS BORIS  D39;;;0;;Colis?úo;Luz do Dia;;;Meio de Quadra;;;0;1;0;0;0;0;0;0;0;1;0;0;;
316277;21;12;2017;11:50;0;RUA SOLON PINHEIRO;;;1900;;Colis?úo;Luz do Dia;;;Meio de Quadra;;;0;1;0;0;0;0;0;0;0;0;0;0;-3,746608400000000;-38,531846600000000
316282;21;12;2017;12:24;0;RUA CON DE CASTRO;;;0;;Queda;Luz do Dia;;;Meio de Quadra;;;0;1;0;0;0;0;0;0;0;1;0;0;;
316267;21;12;2017;11:30;0;AV WASHINGTON SOARES;;;1026;;Colis?úo;Luz do Dia;;;Meio de Quadra;;;0;1;0;0;0;0;0;0;0;0;0;0;;