COD_ACIDENTE;DIA;MES;ANO;HORA;INTERSECAO;LOG1;LOG2;LOG3;NUMERO;REFERENCIA;NATUREZA;ILUMINACAO;TEMPO;SUPERFICIEPISTA;TIPOCRUZAMENTO;CONTROLETRAFEGO;USOSOLO;MORTOS;FERIDOS;ILESOS;AUTOMOVEL;ONIBUS;BICICLETA;CAMINHAO;MICROONIBUS;CICLOMOTOR;MOTOCICLETA;TRACAOANIMAL;TREM;LATITUDE;LONGITUDE
316265;21;12;2017;11:20;0;RUA AUSTRIA;;;300;;Queda;Luz do Dia;;;Meio de Quadra;;;0;1;0;0;0;1;0;0;0;0;0;0;-3,787901000000000;-38,573912000000000
316318;21;12;2017;20:59;0;RUA CAP VASCONCELOS D46;;;950;;Colis?úo;;;;Meio de Quadra;;;0;1;0;0;0;0;0;0;0;0;0;0;-3,770742000000000;-38,516145000000000
316326;21;12;2017;23:05;0;RUA COS GOUVEIA;;;351;;Colis?úo;;;;Meio de Quadra;;;0;1;0;0;0;0;0;0;0;0;0;0;-3,717033000000000;-38,564224000000000
316327;21;12;2017;23:14;0;AV ALBERTO NEPOMUCENO;;;35;;Queda;;;;Meio de Quadra;;;0;1;0;0;0;0;0;0;0;1;0;0;-3,721575000000000;-38,523385000000000
316312;21;12;2017;19:31;0;AV GAL MURILO BORGES;;;0;;Queda;;;;Meio de Quadra;;;0;1;0;0;0;0;0;0;0;1;0;0;;
316313;21;12;2017;19:33;0;AV GAL OSORIO DE PAIVA;;;1620;;Colis?úo;;;;Meio de Quadra;;;0;1;1;1;0;0;0;0;0;1;0;0;-3,781755000000000;-38,576182000000000
316305;21;12;2017;18:53;0;AV ENG SANTANA JUNIOR;;;0;;Queda;;;;Meio de Quadra;;;0;1;0;0;0;0;0;0;0;1;0;0;;
316306;21;12;2017;19:08;0;AV CASTELO DE CASTRO;;;0;;Atropelamento;;;;Meio de Quadra;;;0;1;1;1;0;0;0;0;0;0;0;0;;
316295;21;12;2017;14:56;0;RUA JOSE MENDONCA;;;163;;Colis?úo;Luz do Dia;;;Meio de Quadra;;;0;1;1;1;0;0;0;0;0;1;0;0;-3,760318000000000;-38,602785000000000
316296;21;12;2017;16:19;0;AV DES GONZAGA;;;200;;Atropelamento;Luz do Dia;;;Meio de Quadra;;;0;2;0;0;0;0;0;0;0;1;0;0;-3,788811000000000;-38,503740000000000
316297;21;12;2017;16:25;0;RUA CON DE CASTRO;;;5522;;Queda;Luz do Dia;;;Meio de Quadra;;;0;1;0;0;0;0;0;0;0;1;0;0;-3,811639000000000;-38,597267000000000
316298;21;12;2017;16:41;0;RUA BETEL;;;0;;Colis?úo;Luz do Dia;;;Meio de Quadra;;;0;0;2;0;0;0;0;0;0;1;0;0;;
316299;21;12;2017;17:08;0;AV GENIBAU;;;670;;Colis?úo;Anoitecer;;;Meio de Quadra;;;0;1;1;1;0;1;0;0;0;0;0;0;-3,760586000000000;-38,600938000000000
316300;21;12;2017;17:17;6797;RUA ANDRADE FURTADO;RUA BATISTA DE OLIVEIRA;;0;;Colis?úo;Anoitecer;;;Cruz;Sem?íforo;Residencial;0;1;0;0;0;0;0;0;0;0;0;0;-3,745163000000000;-38,481475000000000
316301;21;12;2017;17:21;0;RUA DIOGO CORREIA;;;61;;Colis?úo;Anoitecer;;;Meio de Quadra;;;0;1;1;1;0;0;0;0;0;1;0;0;-3,774167000000000;-38,588551000000000
316303;21;12;2017;18:40;0;AV PERIMETRAL;;;0;;Atropelamento;;;;Meio de Quadra;;;0;1;1;1;0;0;0;0;0;0;0;0;;
315466;21;12;2017;18:00;0;RD CE-040;;;0;;Tombamento;Anoitecer;Bom;Seca;Meio de Quadra;;;0;0;4;1;0;0;0;0;0;1;0;0;;
315528;21;12;2017;14:30;0;RD CE-040;;;0;KM-02;Colis?úo;Luz do Dia;Bom;Seca;Meio de Quadra;;;0;0;2;1;1;0;0;0;0;0;0;0;-3,773616148000000;-38,481799400000000
315531;21;12;2017;15:30;0;RD CE-040;;;0;KM-10;Colis?úo;Luz do Dia;Bom;Seca;Meio de Quadra;;;0;0;2;1;0;0;1;0;0;0;0;0;-3,826405000000000;-38,481799000000000
315526;21;12;2017;14:10;0;RD CE-060;;;0;;Colis?úo;Luz do Dia;Bom;Seca;Meio de Quadra;;;0;0;2;0;0;0;1;0;0;0;0;0;;
315546;22;12;2017;14:00;0;RD CE-060;;;0;KM-01;Colis?úo;Luz do Dia;Bom;Seca;Meio de Quadra;;;0;0;2;0;1;0;1;0;0;0;0;0;-3,826136000000000;-38,579500000000000
315535;22;12;2017;12:25;0;RD CE-040;;;0;KM-04;Colis?úo;Luz do Dia;Bom;Seca;Meio de Quadra;;;0;0;2;1;0;0;1;0;0;0;0;0;-3,791613156000000;-38,480330840000000
315556;22;12;2017;18:40;0;RD CE-025;;;0;;Queda;;Bom;Seca;Meio de Quadra;;;0;1;0;0;0;0;0;0;0;1;0;0;;
315554;22;12;2017;16:20;0;RD CE-040;;;0;KM-13;Colis?úo;Luz do Dia;Bom;Seca;Meio de Quadra;;;0;1;1;1;0;0;0;0;0;1;0;0;-3,866093254000000;-38,468936820000000
316332;22;12;2017;01:05;0;RUA GERSON GRADWOHL;;;0;;Queda;;;;Meio de Quadra;;;0;1;0;0;0;0;0;0;0;1;0;0;;
316330;22;12;2017;00:08;0;RUA JOAO AMORA;;;394;;Colis?úo;;;;Meio de Quadra;;;0;1;0;0;0;0;0;0;0;0;0;0;-3,800030000000000;-38,577801000000000
316335;22;12;2017;01:44;9168;AV LUCIANO CARNEIRO;AV BORGES DE MELO;;0;;Queda;;;;Cruz;Sem?íforo;Comercial;0;1;0;0;0;0;0;0;0;1;0;0;-3,756465000000000;-38,534097000000000
316337;22;12;2017;03:19;0;RUA BETEL;;;0;;Colis?úo;;;;Meio de Quadra;;;0;1;0;0;0;0;0;0;0;0;0;0;;
316352;22;12;2017;05:58;0;AV SGT HERMINIO SAMPAIO;;;4200;;Queda;Amanhecer;;;Meio de Quadra;;;0;1;0;0;0;0;0;0;0;1;0;0;-3,730813000000000;-38,577472000000000
316357;22;12;2017;06:44;0;RD BR 116;;;1664;VIADUTO CIDADE DOS FUNCION?üRIOS;Queda;Luz do Dia;;Molhada;Meio de Quadra;;;0;1;0;0;0;0;0;0;0;1;0;0;-3,799462000000000;-38,505439000000000
316355;22;12;2017;06:30;0;AV 13 DE MAIO;;;0;;Colis?úo;Luz do Dia;;;Meio de Quadra;;;0;1;0;0;0;0;0;0;0;0;0;0;;
316369;22;12;2017;07:45;0;RUA MARIA GOMES DE SA;;;1661;;Queda;Luz do Dia;;;Meio de Quadra;;;0;1;0;0;0;0;0;0;0;1;0;0;-3,823318000000000;-38,584071000000000
316359;22;12;2017;06:53;0;AV DOS EXPEDICIONARIOS;;;0;;Queda;Luz do Dia;;;Meio de Quadra;;;0;2;0;0;0;0;0;0;0;1;0;0;;
316362;22;12;2017;07:18;0;RUA PROF GLAUCO LOBO;;;120;;Colis?úo;Luz do Dia;;;Meio de Quadra;;;0;1;1;1;0;0;0;0;0;1;0;0;;
316375;22;12;2017;08:14;0;AV PRS CASTELO BRANCO;;;2455;;Colis?úo;Luz do Dia;;;Meio de Quadra;;;0;1;0;0;0;0;0;0;0;0;0;0;-3,713327000000000;-38,549880000000000
316364;22;12;2017;07:36;0;AV PRS COSTA E SILVA;;;0;;Queda;Luz do Dia;;;Meio de Quadra;;;0;1;0;0;0;0;0;0;0;1;0;0;;
316460;22;12;2017;21:30;0;RUA VITAL BRASIL;;;0;;Colis?úo;;;;Meio de Quadra;;;0;1;0;0;0;0;0;0;0;0;0;0;;
316466;22;12;2017;21:53;0;RUA FARIAS LEMOS;;;844;;Atropelamento;;;;Meio de Quadra;;;0;1;1;1;0;0;0;0;0;0;0;0;-3,814802400000000;-38,493670900000000
316425;22;12;2017;16:45;0;AV ENG HUMBERTO MONTE;;;1980;;Colis?úo;Luz do Dia;;;Meio de Quadra;;;0;1;1;1;0;0;0;0;0;1;0;0;-3,739342600000000;-38,568429700000000
316426;22;12;2017;17:03;0;AV ENG HUMBERTO MONTE;;;0;;Queda;Anoitecer;;;Meio de Quadra;;;0;1;0;0;0;0;0;0;0;1;0;0;;
316427;22;12;2017;17:04;0;RUA CAMPINENSE;;;205;;Colis?úo;Anoitecer;;;Meio de Quadra;;;0;1;0;0;0;0;0;0;0;0;0;0;-3,846313000000000;-38,522403000000000
316428;22;12;2017;17:06;0;RUA CARLOS VASCONCELOS;;;1339;;Colis?úo;Anoitecer;;;Meio de Quadra;;;0;2;0;0;0;0;0;0;0;0;0;0;-3,733707000000000;-38,511026000000000
316422;22;12;2017;15:55;0;AV SEN FERNANDES TAVORA;;;770;;Colis?úo;Luz do Dia;;;Meio de Quadra;;;0;1;0;0;0;0;0;0;0;0;0;0;-3,763426378000000;-38,579800957000000
316438;22;12;2017;18:14;24899;RUA PEDRO SAMPAIO;RUA PEDRO FERREIRA;;0;;Atropelamento;Anoitecer;;;;;;0;1;1;1;0;0;0;0;0;0;0;0;-3,722918000000000;-38,599288000000000
316439;22;12;2017;18:39;0;RUA DOM LINO;;;0;;Queda;Anoitecer;;;Meio de Quadra;;;0;1;0;0;0;0;0;0;0;1;0;0;;
316440;22;12;2017;19:20;0;RUA PERDIGAO DE OLIVEIRA;;;551;;Colis?úo;;;;Meio de Quadra;;;0;1;1;1;0;0;0;0;0;1;0;0;-3,775322000000000;-38,574440000000000
316441;22;12;2017;19:48;0;AV ENG SANTANA JUNIOR;;;0;;Queda;;;;Meio de Quadra;;;0;2;0;0;0;0;0;0;0;1;0;0;;
316430;22;12;2017;17:24;18491;RUA EDGAR FALCAO;RUA TEN MARQUES;;0;;Colis?úo;Anoitecer;;;Cruz;Pare;Residencial;0;1;1;1;0;0;0;0;0;1;0;0;-3,732585000000000;-38,573515000000000
316432;22;12;2017;17:58;0;AV ALBERTO CRAVEIRO;;;2585;;Colis?úo;Anoitecer;;;Meio de Quadra;;;0;1;0;0;0;0;0;0;0;0;0;0;-3,802868000000000;-38,521265000000000
316433;22;12;2017;18:01;0;AV GODOFREDO MACIEL;;;2571;;Colis?úo;Anoitecer;;;Meio de Quadra;;;0;1;1;1;0;0;0;0;0;1;0;0;-3,798227000000000;-38,570455000000000
316444;22;12;2017;19:53;0;RUA ESPIRITO SANTO;;;1295;;Colis?úo;;;;Meio de Quadra;;;0;1;0;0;0;0;0;0;0;0;0;0;;
316447;22;12;2017;19:59;0;AV PRS CASTELO BRANCO;;;0;;Colis?úo;;;;Meio de Quadra;;;0;1;1;1;0;0;0;0;0;1;0;0;;
316458;22;12;2017;20:50;0;AV JOSE BASTOS;;;0;;Colis?úo;;;;Meio de Quadra;;;0;1;0;0;0;0;0;0;0;0;0;0;;
316456;22;12;2017;20:47;0;AV AUGUSTO DOS ANJOS;;;0;;Colis?úo;;;;Meio de Quadra;;;0;1;0;0;0;0;0;0;0;0;0;0;;
316454;22;12;2017;20:20;0;AV PRS CASTELO BRANCO;;;1025;;Colis?úo;;;;Meio de Quadra;;;0;1;1;1;0;0;0;0;0;1;0;0;-3,719021000000000;-38,532818000000000
316402;22;12;2017;13:12;0;RUA ARTUR DE SOUZA;;;1615;;Colis?úo;Luz do Dia;;;Meio de Quadra;;;0;1;1;1;0;0;0;0;0;1;0;0;;
316393;22;12;2017;10:04;0;RUA ANTERO QUENTAL;;;1475;;Colis?úo;Luz do Dia;;;Meio de Quadra;;;0;1;0;1;0;0;0;0;0;0;0;0;-3,853760200000000;-38,492482997000000
316394;22;12;2017;10:48;0;AV MAE LISBOA;;;2279;;Queda;Luz do Dia;;;Meio de Quadra;;;0;1;0;0;0;1;0;0;0;0;0;0;-3,807236000000000;-38,459389000000000
316405;22;12;2017;13:49;0;AV HILDEBRANDO DE MELO;;;1549;;Colis?úo;Luz do Dia;;;Meio de Quadra;;;0;1;0;0;0;0;0;0;0;0;0;0;-3,722041000000000;-38,588851900000000
316406;22;12;2017;14:09;0;RUA ALBERTO DE OLIVEIRA;;;160;;Colis?úo;Luz do Dia;;;Meio de Quadra;;;0;1;1;1;0;0;1;0;0;0;0;0;-3,706062814000000;-38,574705497000000
316414;22;12;2017;15:48;0;AV BEZERRA DE MENEZES;;;502;;Colis?úo;Luz do Dia;;;Meio de Quadra;;;0;1;1;1;0;0;0;0;0;1;0;0;-3,732568000000000;-38,549504000000000
316412;22;12;2017;15:23;0;AV MR HULL;;;5444;;Colis?úo;Luz do Dia;;;Meio de Quadra;;;0;2;1;0;0;0;1;0;0;1;0;0;-3,739892000000000;-38,593126000000000
316390;22;12;2017;09:19;0;AV GODOFREDO MACIEL;;;4572;;Colis?úo;Luz do Dia;;;Meio de Quadra;;;0;1;1;1;0;0;0;0;0;1;0;0;-3,814933000000000;-38,574911000000000
316391;22;12;2017;09:41;0;AV N CJ CEARA;;;1472;;Atropelamento de Animal;Luz do Dia;;;Meio de Quadra;;;0;2;0;0;0;0;0;0;0;1;0;0;;
316397;22;12;2017;11:01;0;AV MR HULL;;;5770;;Atropelamento;Luz do Dia;;;Meio de Quadra;;;0;1;1;1;0;0;0;0;0;0;0;0;-3,740244000000000;-38,595562000000000
316398;22;12;2017;11:31;0;AV D CJ CEARA;;;770;;Colis?úo;Luz do Dia;;;Meio de Quadra;;;0;2;1;1;0;0;0;0;0;1;0;0;;
316399;22;12;2017;12:27;0;RUA LEONEL CHAVES;;;5;;Queda;Luz do Dia;;;Meio de Quadra;;;0;1;0;0;0;1;0;0;0;0;0;0;-3,775305000000000;-38,567725000000000
316400;22;12;2017;12:31;0;RUA BAR SOBRAL;;;491;;Colis?úo;Luz do Dia;;;Meio de Quadra;;;0;1;1;1;0;0;0;0;0;1;0;0;-3,767483000000000;-38,553351000000000
316388;22;12;2017;08:59;0;AV PRS CASTELO BRANCO;;;6125;;Colis?úo;Luz do Dia;;;Meio de Quadra;;;0;1;0;0;0;0;0;0;0;0;0;0;-3,701157000000000;-38,585387000000000
313017;22;12;2017;00:15;17378;RUA ALBERTO MAGNO;RUA ROMEU MARTINS;;0;;Colis?úo Transversal;Via Iluminada;Bom;Seca;Cruz;Pare;Comercial;0;0;2;1;0;0;0;0;0;0;0;0;-3,766947500000000;-38,551853000000000
313018;22;12;2017;09:09;1370;RUA MARCOS MACEDO;RUA CEL JUCA;;0;;N?úo Informado;Luz do Dia;Bom;Inundada;Cruz;Pare;Comercial;0;1;1;0;0;0;0;0;0;1;0;0;-3,736528000000000;-38,490850000000000
313019;22;12;2017;05:48;0;RUA DR GILBERTO STUDART;VL MOTA;;0;;Colis?úo Transversal;Luz do Dia;Bom;Molhada;Meio de Quadra;;;0;2;2;1;1;0;0;0;0;0;0;0;-3,742524100000000;-38,484272000000000
313020;22;12;2017;10:12;0;RUA CORREIA LIMA D39;;;250;;Colis?úo Frontal;Luz do Dia;Nublado;Seca;Meio de Quadra;N?úo H?í Controle;Residencial;0;0;2;1;0;0;0;0;0;1;0;0;-3,765200000000000;-38,562572000000000
313021;22;12;2017;10:01;0;AV RUI BARBOSA;;;1246;;Colis?úo Traseira;Luz do Dia;Bom;Seca;Cruz;Sem?íforo;Comercial;0;0;2;1;0;0;0;0;0;0;0;0;-3,733337200000000;-38,508503000000000
313022;22;12;2017;09:20;5448;RUA METON DE ALENCAR;RUA BAR ARATANHA;;0;;Colis?úo Transversal;Luz do Dia;Bom;Seca;Cruz;Pare;Comercial;0;0;2;1;0;0;0;0;0;0;0;0;-3,734889700000000;-38,526966000000000
313023;22;12;2017;10:46;23591;AV ENG SANTANA JUNIOR;RUA ISRAEL BEZERRA;;0;;Colis?úo Lateral;Luz do Dia;Bom;Seca;T;Pare;Comercial;0;1;1;0;0;0;0;0;0;1;0;0;-3,751302000000000;-38,490673000000000
313024;22;12;2017;11:47;0;RUA BENTO ALBUQUERQUE;;;1499;;Engavetamento;Luz do Dia;Bom;Seca;Meio de Quadra;Sem?íforo;Residencial;0;0;3;1;0;0;0;0;0;0;0;0;-3,746242800000000;-38,475925000000000
313025;22;12;2017;12:58;0;AV HIS RAIMUNDO GIRAO;;;6;;Engavetamento;Luz do Dia;Nublado;Seca;Y;Pare;Comercial;0;0;3;1;0;0;0;0;0;0;0;0;-3,720368400000000;-38,515500000000000
313026;22;12;2017;12:50;6732;RUA ANDRADE FURTADO;RUA JULIO AZEVEDO;;0;;Colis?úo Lateral;Luz do Dia;Bom;Seca;Cruz;Pare;Comercial;0;1;1;1;0;0;0;0;0;1;0;0;-3,744438200000000;-38,483350000000000
313028;22;12;2017;13:37;0;AV D CJ CEARA;;;1230;;N?úo Informado;Via Iluminada;Nublado;Seca;Meio de Quadra;N?úo H?í Controle;Comercial;0;0;0;1;0;0;0;0;0;1;0;0;-3,762503400000000;-38,602642000000000
313029;22;12;2017;13:13;0;AV MON TABOSA;;;1255;;Colis?úo Traseira;Luz do Dia;Nublado;Seca;Meio de Quadra;Sem?íforo;Residencial;0;0;2;1;1;0;0;0;0;0;0;0;-3,724291300000000;-38,507340000000000
313030;22;12;2017;14:02;0;AV DOS EXPEDICIONARIOS;;;3826;;Colis?úo Traseira;Luz do Dia;Nublado;Seca;Meio de Quadra;N?úo H?í Controle;Comercial;0;1;1;1;0;0;0;0;0;1;0;0;-3,752112200000000;-38,537360000000000
313031;22;12;2017;12:40;0;RUA ANARIO BRAGA;;;280;;Choque c/ Obst?ículo Fixo;Luz do Dia;Nublado;Seca;Meio de Quadra;N?úo H?í Controle;Residencial;0;0;1;0;0;0;0;0;0;0;0;0;-3,738038300000000;-38,588997000000000
313032;22;12;2017;17:06;5226;TR PARA;RUA FLORIANO PEIXOTO;;0;;Colis?úo Lateral;Luz do Dia;Bom;Seca;T;Pare;Comercial;0;0;2;1;0;0;0;0;0;0;0;0;-3,726977800000000;-38,527077000000000
313033;22;12;2017;16:40;25127;AV ENG HUMBERTO MONTE;RUA BOLIVIA;;0;;Colis?úo Transversal;Luz do Dia;Nublado;Seca;Cruz;Pare;Comercial;0;1;1;1;0;0;0;0;0;1;0;0;-3,743974700000000;-38,564926000000000
313034;22;12;2017;19:01;13396;RUA BAR ARACATI;RUA JOAO BRIGIDO;;0;;Colis?úo Transversal;Via Iluminada;Bom;Seca;Cruz;Pare;Residencial;0;1;1;1;0;0;0;0;0;1;0;0;-3,740924600000000;-38,514680000000000
313035;22;12;2017;20:40;8025;AV JOAO PESSOA;RUA PRO COSTA MENDES;;0;;N?úo Informado;Via Iluminada;Bom;Seca;Cruz;Sem?íforo;Comercial;0;0;2;1;1;0;0;0;0;0;0;0;-3,752467600000000;-38,549470000000000
313036;22;12;2017;21:30;0;AV ENG SANTANA JUNIOR;;;2977;;Colis?úo Traseira;Via Iluminada;Bom;Seca;Meio de Quadra;N?úo H?í Controle;Comercial;0;0;2;1;0;0;0;0;0;0;0;0;-3,744843500000000;-38,488690000000000
313037;22;12;2017;20:00;0;RUA ESPIRITO SANTO;;;1143;;Colis?úo Lateral;Via Iluminada;Bom;Seca;Meio de Quadra;N?úo H?í Controle;Residencial;0;0;1;0;0;0;0;0;0;1;0;0;-3,757757200000000;-38,571175000000000
313038;22;12;2017;21:44;0;AV PRS CASTELO BRANCO;;;1025;;Colis?úo Lateral;Mal Iluminada;Bom;Seca;Meio de Quadra;N?úo H?í Controle;Comercial;0;0;2;1;0;0;0;0;0;1;0;0;-3,717714000000000;-38,538517000000000
313012;22;12;2017;16:15;0;AV JOR THOMAZ COELHO;;;0;;Colis?úo Lateral;Via Iluminada;Bom;Seca;Meio de Quadra;N?úo H?í Controle;Residencial;0;0;2;1;0;0;0;0;0;0;0;0;-3,832386300000000;-38,498264000000000
313320;22;12;2017;07:30;0;AV WENEFRIDO MELO;;;0;;Colis?úo Traseira;Luz do Dia;;;Meio de Quadra;;;0;1;1;1;0;0;0;0;0;1;0;0;;
313322;22;12;2017;01:10;0;AV DR THEBERGE;;;868;;Colis?úo Traseira;;;;Meio de Quadra;;;0;0;2;1;0;0;0;0;0;0;0;0;-3,710864000000000;-38,563705000000000
313323;23;12;2017;14:51;5511;RUA MAJ FACUNDO;TR PARA;;0;;Colis?úo Lateral;Luz do Dia;;;Outros;N?úo H?í Controle;Comercial;0;0;2;1;0;0;0;0;0;0;0;0;-3,726841000000000;-38,527603000000000
313324;23;12;2017;08:10;12457;AV SEN FERNANDES TAVORA;AV AUGUSTO DOS ANJOS;;0;;Colis?úo Traseira;Luz do Dia;;;;;;0;0;2;1;0;0;0;0;0;0;0;0;-3,770153000000000;-38,570427000000000
313325;23;12;2017;16:15;0;RUA MAJ WEYNE;;;408;;Colis?úo Lateral;Luz do Dia;;;Meio de Quadra;;;0;0;2;1;0;0;1;0;0;0;0;0;-3,751670000000000;-38,540942000000000
313326;23;12;2017;13:30;22905;RUA DR JUSTA ARAUJO D45;RUA PDE NOBREGA;;0;;Colis?úo Traseira;Luz do Dia;;;Cruz;Pare;Residencial;0;0;2;1;0;0;0;0;0;0;0;0;-3,782321000000000;-38,552507000000000
313327;23;12;2017;20:20;13542;AV SORIANO ALBUQUERQUE;RUA BAR ARACATI;;0;;Colis?úo Transversal;;;;Cruz;Pare;Comercial;0;0;2;1;0;0;0;0;0;0;0;0;-3,748453000000000;-38,517030000000000
313337;23;12;2017;20:20;0;AV JOSE BASTOS;;;0;;Colis?úo Transversal;;;;Meio de Quadra;;;0;0;2;1;0;0;0;0;0;0;0;0;;
313329;23;12;2017;;25154;RUA BENI DE CARVALHO;RUA VICENTE LEITE;;0;;Colis?úo Traseira;;;;Cruz;Pare;Residencial;0;0;3;1;0;0;0;0;0;0;0;0;-3,745037000000000;-38,497966000000000
313330;23;12;2017;;0;RUA RANGEL PESTANA;;;971;;Colis?úo Lateral;;;;Meio de Quadra;;;0;0;2;1;0;0;0;0;0;0;0;0;-3,789773000000000;-38,469848000000000
313333;23;12;2017;05:30;0;AV LINEU MACHADO;;;657;;Colis?úo Lateral;Amanhecer;;;Meio de Quadra;;;0;1;1;0;0;0;0;0;0;1;0;0;-3,766158000000000;-38,577037000000000
313334;23;12;2017;06:30;0;AV GAL OSORIO DE PAIVA;;;1709;;Engavetamento;Luz do Dia;;;Meio de Quadra;;;0;0;3;1;0;0;0;0;0;0;0;0;-3,782507000000000;-38,577307000000000
313335;23;12;2017;09:50;15791;RUA TAQUATIARA;RUA GRANJA CASTELO;;0;;Colis?úo Lateral;Luz do Dia;;;;;;0;0;2;1;1;0;0;0;0;0;0;0;-3,830854000000000;-38,500168000000000
313039;23;12;2017;07:10;0;AV SANTOS DUMONT;;;3130;;Colis?úo Traseira;Luz do Dia;Chuva;Molhada;Meio de Quadra;N?úo H?í Controle;Comercial;0;0;2;0;1;0;0;1;0;0;0;0;-3,736725000000000;-38,497143000000000
313069;23;12;2017;06:26;10952;RUA 15 DE NOVEMBRO;RUA EQUADOR;;0;;Colis?úo Transversal;Amanhecer;Nublado;Seca;Cruz;Sem?íforo;Residencial;0;0;2;1;0;0;0;0;0;0;0;0;-3,770534300000000;-38,551296000000000
313041;23;12;2017;08:50;9136;RUA BONFIM SOBRINHO;RUA MON OTAVIO CASTRO;;0;;Colis?úo Transversal;Luz do Dia;Bom;Seca;Cruz;N?úo H?í Controle;Residencial;0;2;1;0;0;0;0;0;0;1;0;0;-3,751454400000000;-38,526455000000000
313043;23;12;2017;09:45;7848;RUA JOSE VILAR;RUA MARCONDES PEREIRA;;0;;Colis?úo Transversal;Luz do Dia;Nublado;Molhada;Cruz;Pare;Residencial;0;0;2;1;0;0;0;0;0;0;0;0;-3,748888700000000;-38,508860000000000
313044;23;12;2017;08:20;0;RUA DEP OSWALDO STUDART;AV EDUARDO GIRAO;;0;;N?úo Informado;Luz do Dia;Nublado;Molhada;Cruz;Sem?íforo;Comercial;0;0;2;1;1;0;0;0;0;0;0;0;-3,755526300000000;-38,529680000000000
313045;23;12;2017;09:15;0;AV BEZERRA DE MENEZES;;;2156;;Colis?úo Lateral;Luz do Dia;Bom;Seca;Meio de Quadra;N?úo H?í Controle;Comercial;0;0;2;1;0;0;0;0;0;0;0;0;-3,735422600000000;-38,563880000000000
313046;23;12;2017;10:50;0;RUA TOMAS ACIOLI;;;1065;;Colis?úo Lateral;Luz do Dia;Nublado;Molhada;Meio de Quadra;N?úo H?í Controle;Residencial;0;0;2;1;0;0;0;0;0;0;0;0;-3,746333800000000;-38,506153000000000
313047;23;12;2017;12:40;5420;RUA METON DE ALENCAR;RUA SEN POMPEU;;0;;Colis?úo Lateral;Luz do Dia;Nublado;Seca;Cruz;Sem?íforo;Comercial;0;0;2;1;1;0;0;0;0;0;0;0;-3,733492000000000;-38,531620000000000
313048;23;12;2017;14:41;0;AV BEZERRA DE MENEZES;;;365;;N?úo Informado;Luz do Dia;Bom;Seca;Meio de Quadra;Sem?íforo;Comercial;0;0;2;1;0;0;0;0;0;0;0;0;-3,732789300000000;-38,550167000000000
313049;23;12;2017;15:00;0;AV DR SILAS MUNGUBA;;;5556;IGREJA CANA?â;Colis?úo Traseira;Luz do Dia;Nublado;Seca;Meio de Quadra;N?úo H?í Controle;Comercial;0;0;2;1;0;0;0;0;0;0;0;0;-3,802596600000000;-38,529100000000000
313050;23;12;2017;15:26;0;AV ENG JOS?ë GUIMAR?âES;RUA JOSE RIBAMAR S AGUIAR;;0;;Choque c/ Obst?ículo Fixo;Luz do Dia;Nublado;Seca;Meio de Quadra;Pare;Residencial;0;1;0;1;0;0;0;0;0;0;0;0;-3,803615800000000;-38,492577000000000
313051;23;12;2017;15:10;15601;RUA VASCO DE ATAIDE;RUA TEN JOSE NEWTON;;0;;Colis?úo Lateral;Luz do Dia;Nublado;Seca;Cruz;Pare;Residencial;0;0;2;1;0;0;0;0;0;1;0;0;-3,823366400000000;-38,491417000000000
313052;23;12;2017;12:20;0;AV CEL CARVALHO;AV TEN LISBOA;;0;;Colis?úo Traseira;Luz do Dia;Nublado;Seca;Com Via F?®rrea;N?úo H?í Controle;Comercial;0;1;1;1;0;0;0;0;0;1;0;0;-3,731571700000000;-38,584618000000000
313053;23;12;2017;15:30;0;RUA SGT SERPA;;;117;;Colis?úo Lateral;Via Iluminada;Bom;Seca;Meio de Quadra;N?úo H?í Controle;Comercial;0;0;1;1;0;0;0;0;0;0;0;0;-3,807390000000000;-38,502960000000000
313054;23;12;2017;19:42;13594;RUA CAP GUSTAVO;AV PONTES VIEIRA;;0;;Engavetamento;Via Iluminada;Bom;Seca;Cruz;Gesto;Comercial;0;0;4;1;0;0;0;0;0;0;0;0;-3,752944700000000;-38,517242000000000
313055;23;12;2017;19:10;22665;AV ENG LEAL LIMA VERDE (SAPIRANGA/COITE);AV COS GOMES DE FREITAS (SAPIRANGA/COITE);;0;;Colis?úo Frontal;Via Iluminada;Bom;Seca;Rotat??ria;D?¬ Prefer?¬ncia;Comercial;0;1;1;1;0;0;0;0;0;1;0;0;-3,795576000000000;-38,475730000000000
313056;23;12;2017;20:25;8934;AV DOMINGOS OLIMPIO;RUA PDE MORORO;;0;;Colis?úo Traseira;Via Iluminada;Bom;Seca;Cruz;Pare;Comercial;0;0;2;1;0;0;0;0;0;0;0;0;-3,733964200000000;-38,539948000000000
313057;23;12;2017;23:51;0;RUA EMILIO DE MENESES;;;0;;Queda;Via Iluminada;Bom;Seca;Meio de Quadra;N?úo H?í Controle;Residencial;0;0;0;1;0;0;0;0;0;0;0;0;-3,779787500000000;-38,594402000000000