COD_ACIDENTE;DIA;MES;ANO;HORA;INTERSECAO;LOG1;LOG2;LOG3;NUMERO;REFERENCIA;NATUREZA;ILUMINACAO;TEMPO;SUPERFICIEPISTA;TIPOCRUZAMENTO;CONTROLETRAFEGO;USOSOLO;MORTOS;FERIDOS;ILESOS;AUTOMOVEL;ONIBUS;BICICLETA;CAMINHAO;MICROONIBUS;CICLOMOTOR;MOTOCICLETA;TRACAOANIMAL;TREM;LATITUDE;LONGITUDE
313086;23;12;2017;22:11;0;AV GOV PARSIFAL BARROSO;;;119;;Colis?úo Traseira;Via Iluminada;Bom;Seca;Meio de Quadra;N?úo H?í Controle;Residencial;0;1;1;1;0;0;0;0;0;1;0;0;-3,728552600000000;-38,569210000000000
305538;23;12;2017;05:26;0;AV RECREIO D64;;;1540;;Choque c/ Obst?ículo Fixo;Amanhecer;;;Meio de Quadra;;;1;1;0;0;0;0;0;0;0;1;0;0;-3,806259200000000;-38,449307600000000
316467;23;12;2017;06:01;0;RUA ARISTIDES LOBO;;;1150;;Queda;Luz do Dia;;;Meio de Quadra;;;0;1;0;0;0;0;0;0;0;1;0;0;;
316468;23;12;2017;06:49;0;AV 13 DE MAIO;;;1367;;Queda;Luz do Dia;;;Meio de Quadra;;;0;1;0;0;0;0;0;0;0;1;0;0;-3,748068000000000;-38,530803000000000
316469;23;12;2017;07:00;15194;RUA DEP MOREIRA DA ROCHA;RUA ILDEFONSO ALBANO;;0;;Atropelamento;Luz do Dia;;;Cruz;Pare;Residencial;0;1;1;1;0;0;0;0;0;0;0;0;-3,726480000000000;-38,511072000000000
316470;23;12;2017;07:36;0;AV 13 DE MAIO;;;567;;Queda;Luz do Dia;;;Meio de Quadra;;;0;1;0;0;0;0;0;0;0;1;0;0;;
316471;23;12;2017;07:38;3807;AV IMPERADOR;AV TRISTAO GONCALVES;;0;;Colis?úo;Luz do Dia;;;;;;0;1;1;0;0;0;0;0;0;1;0;0;;
316472;23;12;2017;08:28;0;AV WASHINGTON SOARES;;;0;;Queda;Luz do Dia;;;Meio de Quadra;;;0;1;0;0;0;1;0;0;0;0;0;0;;
316473;23;12;2017;09:52;15227;AV ABOLICAO;AV DES MOREIRA;;0;;Queda;Luz do Dia;;;Cruz;Sem?íforo;Comercial;0;1;0;0;0;0;0;0;0;1;0;0;-3,727331000000000;-38,495474000000000
316474;23;12;2017;10:09;0;RUA SOLON PINHEIRO;;;96;;Colis?úo;Luz do Dia;;;Meio de Quadra;;;0;1;1;1;0;0;0;0;0;1;0;0;-3,731239000000000;-38,526568000000000
316475;23;12;2017;10:24;5301;AV DUQ CAXIAS;VL JD PRINCESA ISABEL;;0;;Colis?úo;Luz do Dia;;;Cruz;Sem?íforo Intermitente;Comercial;0;1;1;1;0;0;0;0;0;1;0;0;-3,729516000000000;-38,536915000000000
316476;23;12;2017;10:29;19436;AV AUGUSTO DOS ANJOS;RUA SEIXAS CORREIA;;0;;Colis?úo;Luz do Dia;;;Cruz;Sem?íforo;Comercial;0;1;1;1;0;0;0;0;0;1;0;0;-3,779412000000000;-38,578496000000000
316477;23;12;2017;10:52;0;RUA JOSE HIPOLITO;;;1105;;Colis?úo;Luz do Dia;;;Meio de Quadra;;;0;1;1;1;0;0;0;0;0;1;0;0;-3,835625000000000;-38,486307000000000
316480;23;12;2017;11:04;0;AV DR THEBERGE;;;1318;;Colis?úo;Luz do Dia;;;Meio de Quadra;;;0;1;1;1;0;0;0;0;0;1;0;0;-3,714088000000000;-38,564771000000000
316481;23;12;2017;11:10;19436;AV AUGUSTO DOS ANJOS;RUA SEIXAS CORREIA;;0;;Colis?úo;Luz do Dia;;;Cruz;Sem?íforo;Comercial;0;1;1;1;0;0;0;0;0;1;0;0;-3,779412000000000;-38,578496000000000
316484;23;12;2017;11:51;17951;RUA JOAQUIM ALBANO;RUA DRACON BARRETO;;0;;Colis?úo;Luz do Dia;;;Cruz;Pare;Residencial;0;2;1;1;0;0;0;0;0;1;0;0;-3,735122000000000;-38,578990000000000
316485;23;12;2017;12:16;0;AV JOVITA FEITOSA;;;0;;Colis?úo;Luz do Dia;;;Meio de Quadra;;;0;1;1;1;0;0;0;0;0;1;0;0;;
316503;23;12;2017;12:54;0;AV SANTOS DUMONT;;;5916;;Colis?úo;Luz do Dia;;;Meio de Quadra;;;0;1;1;1;0;0;0;0;0;1;0;0;-3,742283000000000;-38,479589000000000
316505;23;12;2017;14:43;0;RUA ANARIO BRAGA;;;0;;Atropelamento;Luz do Dia;;;Meio de Quadra;;;0;1;1;1;0;0;0;0;0;0;0;0;;
316509;23;12;2017;14:04;0;AV C CJ CEARA;;;880;;Colis?úo;Luz do Dia;;;Meio de Quadra;;;0;1;1;1;0;0;0;0;0;0;0;0;-3,766048000000000;-38,611357000000000
316510;23;12;2017;14:05;0;AV JOSE LEON;;;2269;;Colis?úo;Luz do Dia;;;Meio de Quadra;;;0;2;1;1;0;0;0;0;0;1;0;0;-3,790276300000000;-38,491414100000000
316525;23;12;2017;14:38;0;RUA VITAL BRASIL;;;1913;;Colis?úo;Luz do Dia;;;Meio de Quadra;;;0;1;1;1;0;0;0;0;0;1;0;0;-3,777990000000000;-38,598074000000000
316521;23;12;2017;14:15;0;AV MR HULL;;;5314;;Atropelamento;Luz do Dia;;;Meio de Quadra;;;0;1;1;0;0;0;0;0;0;1;0;0;-3,739716000000000;-38,591912000000000
316515;23;12;2017;14:12;0;RUA GOIANESA;;;79;;Colis?úo;Luz do Dia;;;Meio de Quadra;;;0;1;1;0;0;0;0;0;0;1;0;0;-3,751941200000000;-38,601189200000000
316576;23;12;2017;19:06;0;RUA COS GOUVEIA;;;240;;Colis?úo;;;;Meio de Quadra;;;0;1;0;0;0;0;0;0;0;0;0;0;-3,716855000000000;-38,563338000000000
316573;23;12;2017;18:53;0;AV COS GOMES DE FREITAS (SAPIRANGA/COITE);;;0;;Colis?úo;;;;Meio de Quadra;;;0;1;0;0;0;0;0;0;0;0;0;0;;
316578;23;12;2017;19:09;0;RUA BOM JESUS (BARRA DO CEARA);;;861;;Colis?úo;;;;Meio de Quadra;;;0;1;0;0;0;0;0;0;0;0;0;0;;
316586;23;12;2017;19:54;10759;RUA PORTO ALEGRE;RUA ARACAJU;;0;;Colis?úo;;;;Cruz;Pare;Residencial;0;1;0;0;0;0;0;0;0;0;0;0;-3,761398000000000;-38,588435000000000
316582;23;12;2017;19:27;10444;RUA DAS PEDRINHAS;RUA RIO DAS BALCAS;;0;;Colis?úo;;;;;;;0;1;1;1;0;0;0;0;0;1;0;0;-3,765339000000000;-38,600780000000000
316591;23;12;2017;21:18;0;AV DR SILAS MUNGUBA;;;4392;;Colis?úo;;;;Meio de Quadra;;;0;1;1;1;0;0;0;0;0;1;0;0;-3,792890000000000;-38,535227000000000
316592;23;12;2017;21:35;0;AV JOR THOMAZ COELHO;;;1411;;Colis?úo;;;;Meio de Quadra;;;0;1;0;0;0;0;0;0;0;0;0;0;-3,830384684000000;-38,507736182000000
316593;23;12;2017;21:35;0;RUA EMILIO DE MENESES;;;0;;Capotamento;;;;Meio de Quadra;;;0;1;0;1;0;0;0;0;0;0;0;0;;
316594;23;12;2017;21:37;0;AV PERIMETRAL;;;0;;Colis?úo;;;;Meio de Quadra;;;0;1;1;0;0;0;0;0;0;1;0;0;;
316550;23;12;2017;16:12;0;AV MOZART PINHEIRO DE LUCENA;;;1400;;Colis?úo;Luz do Dia;;;Meio de Quadra;;;0;1;1;1;0;0;0;0;0;1;0;0;-3,714917000000000;-38,594730000000000
316533;23;12;2017;14:56;0;RUA DR JUSTA ARAUJO D45;;;0;;Atropelamento;Luz do Dia;;;Meio de Quadra;;;0;2;1;1;0;0;0;0;0;0;0;0;;
316553;23;12;2017;17:31;0;RD BR 116;;;6000;KM-06;Queda;Anoitecer;;;Meio de Quadra;;;0;1;0;0;0;0;0;0;0;1;0;0;-3,804691000000000;-38,503053000000000
316633;23;12;2017;22:13;25018;RUA TEODOMIRO DE CASTRO;RUA FRANCISCO CALACA;;0;;Colis?úo;;;;T;N?úo H?í Controle;Comercial;0;1;0;0;0;0;0;0;0;0;0;0;-3,717748000000000;-38,574380000000000
316631;23;12;2017;22:02;0;RUA CEL JOAO CORREIA;;;9818;;Atropelamento;;;;Meio de Quadra;;;0;1;0;0;0;0;0;0;0;0;0;0;-3,789406500000000;-38,611948000000000
316636;23;12;2017;23:59;0;AV PERIMETRAL;;;0;;Colis?úo;;;;Meio de Quadra;;;0;1;1;0;0;0;0;0;0;1;0;0;;
316626;23;12;2017;21:52;0;RUA PEDRO LAZAR;;;820;;Colis?úo;;;;Meio de Quadra;;;0;1;1;1;0;0;0;0;0;1;0;0;-3,802720000000000;-38,488513000000000
315557;23;12;2017;00:50;0;AV SEN CARLOS JEREISSATI (AEROPORTO);;;0;KM 02;Colis?úo;;Bom;Seca;Meio de Quadra;;;0;0;2;1;0;0;0;0;0;1;0;0;-3,782194000000000;-38,535424000000000
315559;23;12;2017;22:00;0;RD CE-060;;;0;KM-01;Colis?úo;;Bom;Seca;Meio de Quadra;;;0;0;2;0;0;0;0;0;0;0;0;0;-3,826136000000000;-38,579500000000000
326101;23;12;2017;17:40;0;RD BR 116;;;5000;KM-05;Choque c/ Obst?ículo Fixo;Anoitecer;;Seca;Meio de Quadra;;;0;1;0;0;0;0;0;0;0;1;0;0;-3,796502000000000;-38,506787000000000
326103;24;12;2017;23:30;0;RD BR 116;;;12000;KM-12;Atropelamento;;;Seca;Meio de Quadra;;;0;1;1;1;0;0;0;0;0;0;0;0;-3,855740000000000;-38,496066000000000
313058;24;12;2017;00:28;25232;AV PRS COSTA E SILVA;AV M CJ JOSE WALTER;;0;;Colis?úo Lateral;Via Iluminada;Bom;Seca;T;Pare;Comercial;0;0;2;1;0;0;0;0;0;0;0;0;-3,822315200000000;-38,554962000000000
313059;24;12;2017;01:22;0;AV SEN CARLOS JEREISSATI (AEROPORTO);;;0;AEROPORTO;Colis?úo Lateral;Via Iluminada;Bom;Seca;Meio de Quadra;N?úo H?í Controle;Comercial;0;0;2;0;0;0;0;1;0;0;0;0;-3,779027500000000;-38,540897000000000
313060;24;12;2017;07:35;5039;RUA PESSOA ANTA;AV ALBERTO NEPOMUCENO;;0;;Colis?úo Traseira;Luz do Dia;Nublado;Seca;Cruz;Sem?íforo;Comercial;0;1;1;1;0;0;0;0;0;1;0;0;-3,721257000000000;-38,523212000000000
313061;24;12;2017;10:10;0;AV LUCIANO CARNEIRO;;;146;;Choque c/ Obst?ículo Fixo;Luz do Dia;Nublado;Seca;Outros;N?úo H?í Controle;Comercial;0;1;0;1;0;0;0;0;0;0;0;0;-3,749159000000000;-38,531820000000000
313062;24;12;2017;15:40;9197;RUA JAIME BENEVOLO;RUA COSTA ARAUJO;;0;;N?úo Informado;Luz do Dia;Bom;Seca;Cruz;Pare;Residencial;0;1;1;1;0;0;0;0;0;0;0;0;-3,746952300000000;-38,530334000000000
313063;24;12;2017;15:50;0;RUA EDUARDO SABOIA;;;399;;Colis?úo Traseira;Luz do Dia;Bom;Seca;Meio de Quadra;N?úo H?í Controle;Comercial;0;0;2;1;0;0;0;0;0;0;0;0;-3,737218400000000;-38,481270000000000
313064;24;12;2017;16:11;1661;RUA JOAQUIM NABUCO;RUA VICENTE LINHARES;;0;;Colis?úo Transversal;Luz do Dia;Bom;Seca;Cruz;Sem?íforo;Comercial;0;0;1;1;0;0;0;0;0;0;0;0;-3,741211400000000;-38,503235000000000
313065;24;12;2017;20:19;7781;AV ANTONIO SALES;AV DES MOREIRA;;0;;Colis?úo Transversal;Via Iluminada;Bom;Seca;Cruz;Sem?íforo;Residencial;0;0;2;1;1;0;0;0;0;0;0;0;-3,745593800000000;-38,501300000000000
313358;24;12;2017;20:30;0;AV CEL CARVALHO;;;836;;Colis?úo Traseira;Via Iluminada;Bom;Seca;Meio de Quadra;N?úo H?í Controle;Comercial;0;0;2;1;0;0;0;0;0;1;0;0;-3,709644000000000;-38,589904000000000
313363;24;12;2017;21:30;7752;AV JOAO PESSOA;AV CARNEIRO DE MENDONCA;;0;;Colis?úo Frontal;Via Iluminada;Bom;Seca;Duplo T;Sem?íforo;Comercial;0;1;3;1;0;0;0;0;0;0;0;0;-3,767222000000000;-38,559808000000000
305992;24;12;2017;02:40;0;AV MOZART PINHEIRO DE LUCENA;;;2330;;Queda;;;;Meio de Quadra;;;1;0;0;0;0;0;0;0;0;1;0;0;-3,723907000000000;-38,597341000000000
305989;24;12;2017;01:30;14550;RUA MATIAS BARBOSA;RUA GAL CAIADO DE CASTRO;;0;;Colis?úo Transversal;Via Iluminada;Bom;Seca;Cruz;Pare;Residencial;0;0;2;1;0;0;0;0;0;0;0;0;-3,787957000000000;-38,489094000000000
306135;25;12;2017;01:30;0;RD CE-025;;;0;KM-04;Choque c/ Obst?ículo Fixo;Via Iluminada;;Seca;Meio de Quadra;;;1;0;0;0;0;0;0;0;1;0;0;0;-3,805111679000000;-38,443338730000000
313360;25;12;2017;18:00;25307;AV DES GONZAGA;AV JOSE LEON;;0;;Colis?úo Transversal;Via Iluminada;Bom;Seca;T;Pare;Comercial;0;0;2;1;0;0;0;0;0;0;0;0;-3,787080000000000;-38,504513000000000
313354;25;12;2017;19:10;0;RUA OSVALDO CRUZ;;;0;;Colis?úo Transversal;Via Iluminada;Bom;Seca;Meio de Quadra;Pare;Residencial;0;1;1;0;0;0;0;0;0;1;0;0;;
313345;25;12;2017;11:15;271;AV JOVITA FEITOSA;RUA AMADEU FURTADO;;0;;Colis?úo Frontal;Luz do Dia;Nublado;Molhada;Cruz;Sem?íforo;Comercial;0;0;2;1;0;0;0;0;0;0;0;0;-3,741173000000000;-38,562915000000000
313067;25;12;2017;03:30;3211;RUA EMILIO DE MENESES;RUA VERBENA;;0;;Colis?úo Transversal;Amanhecer;Bom;Seca;Cruz;Sem?íforo;Comercial;0;0;2;1;0;0;0;0;0;1;0;0;-3,781424800000000;-38,589027000000000
313068;25;12;2017;09:10;0;AV DOM LUIS;RUA OSVALDO CRUZ;;0;;Colis?úo Lateral;Luz do Dia;Bom;Seca;Cruz;Sem?íforo;Comercial;0;0;1;1;0;0;0;0;0;1;0;0;-3,732668000000000;-38,499490000000000
313070;25;12;2017;10:05;0;AV PRS COSTA E SILVA;;;0;;Choque c/ Obst?ículo Fixo;Luz do Dia;Bom;Seca;Meio de Quadra;N?úo H?í Controle;Residencial;0;0;0;1;0;0;0;0;0;0;0;0;-3,823173000000000;-38,551174000000000
313071;25;12;2017;13:52;0;AV AUGUSTO DOS ANJOS;;;160;;Colis?úo Traseira;Luz do Dia;Bom;Seca;Meio de Quadra;Sem?íforo;Residencial;0;0;2;1;0;0;0;0;0;0;0;0;-3,769863800000000;-38,570650000000000
313072;25;12;2017;14:10;11675;RUA DIOGO CORREIA;RUA PRO HERIBALDO COSTA;;0;;Colis?úo Lateral;Luz do Dia;Bom;Seca;Cruz;Pare;Residencial;0;0;3;1;0;0;0;0;0;0;0;0;-3,771292200000000;-38,590054000000000
313073;25;12;2017;15:46;0;AV PRO JOSE ARTHUR CARVALHO;;;510;;N?úo Informado;Luz do Dia;Bom;Seca;Meio de Quadra;N?úo H?í Controle;Comercial;0;1;1;1;1;0;0;0;0;0;0;0;-3,826411500000000;-38,474144000000000
313074;25;12;2017;19:12;0;RUA BERNARDO MANUEL;;;7577;;N?úo Informado;Mal Iluminada;Bom;Seca;Meio de Quadra;Sem?íforo;Residencial;0;0;2;1;0;0;0;0;0;0;0;0;-3,784355200000000;-38,546852000000000
313075;25;12;2017;21:00;0;RUA ULISSES BEZERRA;;;1554;;Colis?úo Traseira;Mal Iluminada;Bom;Seca;Meio de Quadra;N?úo H?í Controle;Residencial;0;0;2;1;0;0;0;0;0;0;0;0;-3,798747800000000;-38,500652000000000
315567;25;12;2017;12:20;0;RD CE-060;;;0;KM-03;Colis?úo;Luz do Dia;Bom;Seca;Meio de Quadra;;;0;1;0;0;0;0;0;0;0;1;0;0;-3,843038000000000;-38,585133000000000
315564;25;12;2017;12:15;0;RD CE-060;;;0;KM-03;Choque c/ Obst?ículo Fixo;Luz do Dia;Bom;Seca;Meio de Quadra;;;0;0;1;1;0;0;0;0;0;0;0;0;-3,843038000000000;-38,585133000000000
315586;26;12;2017;07:50;0;AV SEN CARLOS JEREISSATI (AEROPORTO);;;0;KM 03;Queda;Luz do Dia;Bom;Seca;Meio de Quadra;;;0;2;0;0;0;0;0;0;0;1;0;0;-3,779641000000000;-38,544038000000000
315589;26;12;2017;17:20;0;RD CE-040;;;0;KM-04;Colis?úo;Anoitecer;Bom;Seca;Meio de Quadra;;;0;0;2;1;0;0;0;0;0;0;0;0;-3,791613156000000;-38,480330840000000
315590;26;12;2017;22:30;0;RD CE-025;;;0;KM-06;Colis?úo;;Bom;Seca;Meio de Quadra;;;0;0;2;1;0;0;0;0;0;0;0;0;-3,810983084000000;-38,427081010000000
317158;26;12;2017;14:21;0;RUA NAT FEIJO;;;395;;Colis?úo;Luz do Dia;;;Meio de Quadra;;;0;1;0;1;0;0;0;0;0;1;0;0;-3,722404000000000;-38,552318000000000
326106;26;12;2017;19:25;0;RD BR 116;;;1000;KM-01;Colis?úo Lateral;;;Seca;Meio de Quadra;;;0;1;1;1;0;0;0;0;0;1;0;0;-3,762554000000000;-38,518702000000000
313076;26;12;2017;00:50;0;RUA EUSEBIO DE SOUZA;RUA MUNDICA PAULA;;2078;;Colis?úo Transversal;Via Iluminada;Bom;Seca;T;Pare;Residencial;0;0;2;1;0;0;0;0;0;0;0;0;-3,773218400000000;-38,556435000000000
313088;26;12;2017;18:30;24970;AV ALM HENRIQUE SABOIA;RUA VICENTE LEITE;;0;;Colis?úo Transversal;Via Iluminada;Bom;Seca;T;N?úo H?í Controle;Residencial;0;2;0;0;0;1;0;0;0;1;0;0;-3,752104800000000;-38,499897000000000
313078;26;12;2017;13:05;0;AV JOSE BASTOS;;;2766;;Colis?úo Traseira;Luz do Dia;Bom;Seca;Meio de Quadra;N?úo H?í Controle;Comercial;0;0;2;1;0;0;0;0;0;0;0;0;-3,747390300000000;-38,547860000000000
313079;26;12;2017;13:03;26221;AV ALM HENRIQUE SABOIA;RUA PEREIRA DE MIRANDA;;1;;Colis?úo Lateral;Luz do Dia;Bom;Seca;Cruz;N?úo H?í Controle;Residencial;0;0;2;1;0;0;0;0;0;0;0;0;-3,738294100000000;-38,486040000000000
313080;26;12;2017;10:40;15371;RUA PRO DIAS DA ROCHA;AV DOM LUIS;;0;;Colis?úo Traseira;Luz do Dia;Nublado;Seca;Cruz;Pare;Comercial;0;0;2;1;0;0;0;0;0;0;0;0;-3,735029500000000;-38,491500000000000
313081;26;12;2017;13:59;0;AV ENG SANTANA JUNIOR;;;0;;Colis?úo Transversal;Luz do Dia;Bom;Seca;Outros;N?úo H?í Controle;Residencial;0;0;2;1;1;0;0;0;0;0;0;0;-3,748954500000000;-38,489990000000000
313082;26;12;2017;14:03;0;AV DR SILAS MUNGUBA;;;6468;;Colis?úo Traseira;Luz do Dia;Bom;Seca;Meio de Quadra;Sem?íforo;Comercial;0;0;2;1;0;0;0;0;0;1;0;0;-3,800628700000000;-38,530220000000000
313083;26;12;2017;15:57;0;AV PRS CASTELO BRANCO;;;6125;;Engavetamento;Luz do Dia;Bom;Seca;Meio de Quadra;N?úo H?í Controle;Comercial;0;0;1;1;0;0;0;0;0;0;0;0;-3,700985400000000;-38,585520000000000
313084;26;12;2017;16:28;0;RUA 41 CJ JOSE WALTER;;;510;;Queda;Luz do Dia;Bom;Seca;Meio de Quadra;N?úo H?í Controle;Residencial;0;1;1;1;0;0;0;0;0;1;0;0;-3,829867000000000;-38,557674000000000
313085;26;12;2017;20:10;0;RUA CEL JUCA;;;680;;Engavetamento;Via Iluminada;Bom;Seca;Meio de Quadra;N?úo H?í Controle;Comercial;0;0;3;1;0;0;0;0;0;0;0;0;-3,737616000000000;-38,491234000000000
313096;26;12;2017;09:30;0;RUA CHICO FRANCA;;;0;;Colis?úo Transversal;Luz do Dia;Nublado;Seca;Meio de Quadra;N?úo H?í Controle;Residencial;0;0;2;1;0;0;0;0;0;0;0;0;-3,834874900000000;-38,496983000000000
313090;26;12;2017;21:52;0;AV DOM LUIS;;;656;;N?úo Informado;Via Iluminada;Bom;Seca;Meio de Quadra;N?úo H?í Controle;Comercial;0;0;1;1;0;0;0;0;0;0;0;0;-3,733616600000000;-38,495926000000000
313091;26;12;2017;21:56;9131;AV 13 DE MAIO;AV LUCIANO CARNEIRO;;0;;Colis?úo Traseira;Via Iluminada;Bom;Seca;Cruz;Sem?íforo;Residencial;0;0;0;1;0;0;0;0;0;0;0;0;-3,747615000000000;-38,531331000000000
313092;26;12;2017;21:58;0;AV GOV RAUL BARBOSA;;;0;;Atropelamento;Anoitecer;Bom;Seca;Meio de Quadra;N?úo H?í Controle;Comercial;0;1;1;1;0;0;0;0;0;0;0;0;-3,760733000000000;-38,504997000000000
313093;26;12;2017;21:29;0;AV BEZERRA DE MENEZES;;;335;;Colis?úo Lateral;Via Iluminada;Bom;Seca;Meio de Quadra;N?úo H?í Controle;Comercial;0;0;2;1;0;0;0;0;0;0;0;0;-3,732409200000000;-38,547977000000000
313094;26;12;2017;11:15;25018;RUA TEODOMIRO DE CASTRO;RUA FRANCISCO CALACA;;0;;Colis?úo Traseira;Luz do Dia;Bom;Seca;T;N?úo H?í Controle;Comercial;0;1;1;1;0;0;0;0;0;1;0;0;-3,717668800000000;-38,574520000000000
313361;26;12;2017;13:20;0;RUA CAP OLAVO;;;107;;Colis?úo Lateral;Luz do Dia;Bom;Seca;Meio de Quadra;Outros;Residencial;0;0;2;0;0;0;0;0;0;1;0;0;-3,763430000000000;-38,516246000000000
313366;27;12;2017;08:19;0;AV GAL OSORIO DE PAIVA;;;305;;Colis?úo Lateral;Luz do Dia;Nublado;Seca;Meio de Quadra;;Comercial;0;2;0;1;1;0;0;0;0;0;0;0;-3,774923000000000;-38,565544000000000
313367;27;12;2017;13:20;24991;AV GAL OSORIO DE PAIVA;RUA ABEL RIBEIRO;;0;;Colis?úo Frontal;Luz do Dia;Bom;Seca;Cruz;Pare;Residencial;0;2;0;1;0;0;0;0;0;0;0;0;-3,781799000000000;-38,576252000000000
313369;27;12;2017;15:35;0;AV JOSE BASTOS;;;4600;;Colis?úo Traseira;Luz do Dia;Bom;Seca;Meio de Quadra;Sem?íforo;Comercial;0;2;0;1;0;0;0;0;0;1;0;0;-3,756783000000000;-38,557380000000000
313371;27;12;2017;11:10;0;AV PRS CASTELO BRANCO;;;0;;Engavetamento;Luz do Dia;Bom;Seca;Meio de Quadra;;Comercial;0;3;0;1;0;0;0;0;0;0;0;0;;
313379;27;12;2017;17:01;0;AV GAL OSORIO DE PAIVA;;;929;;Colis?úo Frontal;Luz do Dia;Bom;Seca;Meio de Quadra;Pare;Residencial;0;2;0;1;0;0;0;0;0;0;0;0;-3,778016000000000;-38,570290000000000
313380;27;12;2017;17:20;0;AV AGUANAMBI;;;710;;Colis?úo Traseira;;Bom;Seca;Outros;Sem?íforo;Comercial;0;1;0;1;0;0;1;0;0;0;0;0;-3,742927000000000;-38,525805000000000
313381;27;12;2017;10:37;19611;RUA NEREU RAMOS;AV GODOFREDO MACIEL;;0;;Colis?úo Traseira;Luz do Dia;Nublado;Seca;T;Sem?íforo;Comercial;0;2;0;1;0;0;0;0;0;0;0;0;-3,787250000000000;-38,566802000000000
313373;27;12;2017;14:50;17362;RUA VENEZUELA;AV JOSE DO PATROCINIO;;0;;Colis?úo Lateral;Luz do Dia;Bom;Seca;Cruz;Pare;Residencial;0;2;0;1;0;0;0;0;0;0;0;0;-3,766178000000000;-38,546932000000000
313095;27;12;2017;08:33;24376;RUA JORGE ACURCIO;RUA DOMINGOS JAGUARIBE;;0;;Colis?úo Traseira;Luz do Dia;Chuva;Molhada;Cruz;Pare;Residencial;0;1;1;1;0;0;0;0;0;1;0;0;-3,766875500000000;-38,532413000000000
313124;27;12;2017;22:00;20117;RUA PRO JOSE SILVEIRA;RUA REGINA DE FATIMA;;0;;Colis?úo Transversal;Via Iluminada;Bom;Seca;Cruz;Pare;Residencial;0;0;2;0;0;0;0;0;0;0;0;0;-3,809679300000000;-38,523983000000000
313097;27;12;2017;09:59;2958;AV GAL OSORIO DE PAIVA;RUA URUCUTUBA;;0;;Colis?úo Traseira;Luz do Dia;Bom;Seca;T;Sem?íforo;Comercial;0;0;2;1;0;0;0;0;0;0;0;0;-3,801054200000000;-38,598240000000000
313099;27;12;2017;13:28;20160;RUA MARIA AMALIA;RUA TRAJANO DE MORAES;;0;;Colis?úo Transversal;Luz do Dia;Bom;Seca;Cruz;Pare;Residencial;0;0;2;0;0;0;0;0;0;0;0;0;-3,811806400000000;-38,523903000000000
313100;27;12;2017;13:35;1584;RUA GAL TERTULIANO POTYGUARA;RUA VIS MAUA;;0;;Colis?úo Transversal;Luz do Dia;Bom;Seca;Cruz;Pare;Residencial;0;0;1;1;0;0;0;0;0;0;0;0;-3,742822000000000;-38,501507000000000
313101;27;12;2017;12:20;0;AV FILOMENO GOMES;;;0;;Colis?úo Traseira;Luz do Dia;Bom;Seca;Meio de Quadra;Sem?íforo;Comercial;0;0;2;1;0;0;0;0;0;0;0;0;-3,718746400000000;-38,541573000000000
313102;27;12;2017;11:45;5346;AV SANTOS DUMONT;RUA JOAO CORDEIRO;;0;;Colis?úo Transversal;Luz do Dia;Bom;Seca;Cruz;Sem?íforo;Comercial;0;0;1;1;0;0;0;0;0;0;0;0;-3,730768200000000;-38,514835000000000
313103;27;12;2017;15:47;0;RUA BERNARDO MANUEL;;;1033;;Colis?úo Lateral;Luz do Dia;Bom;Seca;T;Sem?íforo;Comercial;0;0;1;1;1;0;0;0;0;0;0;0;-3,809829000000000;-38,554848000000000
313104;27;12;2017;16:44;8000;RUA DELMIRO FARIAS;AV JOAO PESSOA;;0;;N?úo Informado;Via Iluminada;Bom;Seca;Cruz;Pare;Escola;0;0;2;1;1;0;0;0;0;0;0;0;-3,750200300000000;-38,547640000000000
313105;27;12;2017;18:39;0;RUA RIO GRANDE DO NORTE;;;556;;Colis?úo Lateral;Via Iluminada;Bom;Seca;T;Pare;Comercial;0;0;1;1;0;0;0;0;0;1;0;0;-3,761705000000000;-38,562813000000000
313106;27;12;2017;18:51;0;RUA INACIO VASCONCELOS;;;245;;Colis?úo Frontal;Via Iluminada;Bom;Seca;Meio de Quadra;N?úo H?í Controle;Residencial;0;0;2;1;0;0;0;0;0;0;0;0;-3,813194800000000;-38,497314000000000
313107;27;12;2017;16:58;25387;AV AUGUSTO DOS ANJOS;TR SANTABAIA;;0;;Colis?úo Lateral;Luz do Dia;Bom;Seca;Duplo T;Pare;Comercial;0;1;1;0;0;0;0;0;0;1;0;0;-3,815877400000000;-38,589687000000000
313108;27;12;2017;19:20;0;RUA ERICO MOTA;;;123;;Colis?úo Lateral;Via Iluminada;Bom;Seca;Meio de Quadra;N?úo H?í Controle;Residencial;0;0;1;1;0;0;0;0;0;0;0;0;-3,736711500000000;-38,562668000000000
313109;27;12;2017;19:20;15295;RUA CARLOS VASCONCELOS;RUA PEREIRA FILGUEIRAS;;0;;Colis?úo Lateral;Via Iluminada;Bom;Seca;Cruz;Sem?íforo;Comercial;0;0;2;1;0;0;0;0;0;1;0;0;-3,729362700000000;-38,509644000000000