COD_ACIDENTE;DIA;MES;ANO;HORA;INTERSECAO;LOG1;LOG2;LOG3;NUMERO;REFERENCIA;NATUREZA;ILUMINACAO;TEMPO;SUPERFICIEPISTA;TIPOCRUZAMENTO;CONTROLETRAFEGO;USOSOLO;MORTOS;FERIDOS;ILESOS;AUTOMOVEL;ONIBUS;BICICLETA;CAMINHAO;MICROONIBUS;CICLOMOTOR;MOTOCICLETA;TRACAOANIMAL;TREM;LATITUDE;LONGITUDE
313110;27;12;2017;20:12;22167;AV JOSE BASTOS;RUA TAVARES IRACEMA;;0;;Colis?úo Lateral;Via Iluminada;Bom;Seca;T;Pare;Comercial;0;1;1;1;0;0;0;0;0;1;0;0;-3,747496400000000;-38,488377000000000
313111;27;12;2017;20:30;17538;RUA IRM SIMAS;RUA MES JERONIMO D48;;0;;Colis?úo Transversal;Via Iluminada;Bom;Seca;Cruz;Pare;Residencial;0;1;1;0;0;0;0;0;0;0;0;0;-3,728991000000000;-38,481530000000000
313126;27;12;2017;15:30;0;AV LINEU MACHADO;;;400;;Engavetamento;Luz do Dia;Bom;Seca;Meio de Quadra;N?úo H?í Controle;Comercial;0;0;3;1;0;0;0;0;0;0;0;0;-3,763922000000000;-38,575780000000000
315594;27;12;2017;08:20;0;RD CE-040;;;0;KM-11;Colis?úo;Luz do Dia;Bom;Seca;Meio de Quadra;;;0;0;2;1;0;0;0;0;0;0;0;0;-3,849626230000000;-38,476069890000000
315596;27;12;2017;16:10;0;RD CE-040;;;0;KM-11;Colis?úo;Luz do Dia;Bom;Seca;Meio de Quadra;;;0;0;2;1;0;0;0;0;0;0;0;0;-3,849626230000000;-38,476069890000000
315597;27;12;2017;19:20;0;RD CE-040;;;0;KM-07;Colis?úo;;Bom;Seca;Meio de Quadra;;;0;0;2;1;0;0;0;0;0;0;0;0;-3,817159445000000;-38,483032860000000
315601;28;12;2017;14:40;0;RD CE-040;;;0;KM-06;Colis?úo;Luz do Dia;Bom;Seca;Meio de Quadra;;;0;0;5;1;0;0;0;0;0;0;0;0;-3,809596804000000;-38,478733480000000
313127;28;12;2017;13:44;0;AV PRS COSTA E SILVA;;;1364;;N?úo Informado;Luz do Dia;Bom;Seca;Meio de Quadra;N?úo H?í Controle;Residencial;0;0;2;0;0;0;0;0;0;0;0;0;-3,824331800000000;-38,545414000000000
313128;28;12;2017;14:43;0;RUA INACIO PARENTE;;;165;;Colis?úo Transversal;Luz do Dia;Bom;Seca;Meio de Quadra;N?úo H?í Controle;Residencial;0;0;2;1;0;0;0;0;0;0;0;0;-3,782230400000000;-38,543330000000000
313129;28;12;2017;14:36;0;AV PRO GOMES DE MATOS;;;442;;Colis?úo Traseira;Luz do Dia;Bom;Seca;Meio de Quadra;Pare;Comercial;0;0;2;1;0;0;0;0;0;0;0;0;-3,757863500000000;-38,542680000000000
313130;28;12;2017;15:10;25186;RUA VER PEDRO PAULO MOREIRA;RUA REPUBLICA ARMENIA;;0;;Colis?úo Lateral;Luz do Dia;Bom;Seca;Cruz;Pare;Comercial;0;0;2;1;0;0;0;0;0;0;0;0;-3,787102000000000;-38,481575000000000
313131;28;12;2017;14:30;0;AV FRANCISCO SA;TR OLIMPIO DE PAIVA;;0;;Atropelamento;Luz do Dia;Bom;Seca;Meio de Quadra;Pare;Comercial;0;2;0;0;0;0;0;0;0;1;0;0;-3,716523600000000;-38,559998000000000
313132;28;12;2017;15:57;12857;RUA FLORIANO PEIXOTO;RUA CARLOS GOMES;;0;;Colis?úo Transversal;Luz do Dia;Bom;Seca;Cruz;Pare;Residencial;0;1;1;1;0;0;0;0;0;1;0;0;-3,740021500000000;-38,531450000000000
313133;28;12;2017;13:39;0;AV MON TABOSA;;;630;;Colis?úo Transversal;Luz do Dia;Bom;Seca;Meio de Quadra;N?úo H?í Controle;Comercial;0;0;2;0;0;0;0;0;0;0;0;0;-3,723935000000000;-38,513697000000000
313134;28;12;2017;16:31;12844;AV FELINO BARROSO;RUA JAIME BENEVOLO;;0;;Colis?úo Traseira;Luz do Dia;Bom;Seca;Outros;Pare;Residencial;0;0;2;1;0;0;0;0;0;0;0;0;-3,742351800000000;-38,528744000000000
313135;28;12;2017;17:04;19743;RUA AZEVEDO BOLAO;RUA PRO LINO ENCARNACAO;;0;;Colis?úo Transversal;Luz do Dia;Bom;Seca;Cruz;Pare;Residencial;0;0;2;1;0;0;0;0;0;0;0;0;-3,737355000000000;-38,561367000000000
313136;28;12;2017;16:53;0;RUA BAR SOBRAL;;;1231;;Queda;Luz do Dia;Bom;Seca;Meio de Quadra;Pare;Residencial;0;0;1;0;0;0;0;0;0;1;0;0;-3,763996400000000;-38,559550000000000
313137;28;12;2017;17:29;21375;RUA PRO RAIMUNDO ARRUDA;RUA ANTERO COELHO;;0;;Colis?úo Transversal;Luz do Dia;Bom;Seca;T;Pare;Residencial;0;1;1;1;0;0;0;0;0;0;0;0;-3,738205200000000;-38,551167000000000
313138;28;12;2017;20:16;0;RUA MAJ WEYNE;;;657;;Colis?úo Traseira;Via Iluminada;Bom;Seca;Meio de Quadra;Pare;Residencial;0;0;2;1;0;0;0;0;0;0;0;0;-3,750191200000000;-38,542618000000000
313139;28;12;2017;19:50;25090;AV GOV PARSIFAL BARROSO;RUA EDGAR FALCAO;;0;;Colis?úo Lateral;Via Iluminada;Bom;Seca;T;Sem?íforo;Comercial;0;0;2;1;1;0;0;0;0;0;0;0;-3,732062600000000;-38,569355000000000
313140;28;12;2017;21:32;0;RUA JOAQUIM ALBANO;;;3621;;Colis?úo Lateral;Via Iluminada;Bom;Seca;Cruz;Pare;Comercial;0;1;1;1;0;0;0;0;0;1;0;0;-3,735173000000000;-38,584053000000000
313141;28;12;2017;21:18;0;AV BEIRA MAR;;;800;;Colis?úo Lateral;Via Iluminada;Bom;Seca;Meio de Quadra;N?úo H?í Controle;Comercial;0;0;2;1;0;0;0;0;0;0;0;0;-3,722016300000000;-38,508804000000000
313142;28;12;2017;22:10;19501;AV DR SILAS MUNGUBA;RUA PDE CARLOS QUIXADA;;0;;Colis?úo Lateral;Via Iluminada;Bom;Seca;T;Pare;Residencial;0;1;2;1;0;0;0;0;0;1;0;0;-3,780978700000000;-38,557915000000000
313114;28;12;2017;00:14;0;AV SANTOS DUMONT;RUA OSVALDO CRUZ;;0;;Colis?úo Traseira;Via Iluminada;Bom;Seca;Cruz;Sem?íforo;Comercial;0;0;2;1;1;0;0;0;0;0;0;0;-3,735643900000000;-38,499912000000000
313115;28;12;2017;00:50;13366;RUA JOAO BRIGIDO;RUA DNA LEOPOLDINA;;0;;Colis?úo Transversal;Via Iluminada;Bom;Seca;Cruz;Sem?íforo;Residencial;0;1;1;1;0;0;0;0;0;1;0;0;-3,738522000000000;-38,522100000000000
313116;28;12;2017;00:35;0;RUA DES LEITE ALBUQUERQUE;;;980;;Colis?úo Lateral;Via Iluminada;Bom;Seca;Cruz;Pare;Comercial;0;0;2;1;0;0;0;0;0;1;0;0;-3,738068000000000;-38,495850000000000
313117;28;12;2017;07:10;6737;AV ENG SANTANA JUNIOR;AV PDE ANTONIO TOMAS;;0;;Queda;Luz do Dia;Nublado;Seca;Outros;N?úo H?í Controle;Comercial;0;1;0;0;0;0;0;0;0;1;0;0;-3,743896000000000;-38,488144000000000
313118;28;12;2017;09:01;0;RUA PDE VALDEVINO;;;1415;;Colis?úo Lateral;Luz do Dia;Nublado;Seca;Meio de Quadra;D?¬ Prefer?¬ncia;Residencial;0;0;1;1;0;0;0;0;0;0;0;0;-3,740835000000000;-38,511494000000000
313119;28;12;2017;09:34;14680;AV OLIVEIRA PAIVA;RUA LIDIA BRIGIDO;;0;;Colis?úo Traseira;Luz do Dia;Nublado;Seca;Cruz;Sem?íforo;Comercial;0;0;2;1;0;0;0;0;0;0;0;0;-3,796138000000000;-38,484615000000000
313120;28;12;2017;10:07;15103;AV HIS RAIMUNDO GIRAO;RUA ANTONIO AUGUSTO;;0;;Colis?úo Traseira;Luz do Dia;Nublado;Seca;T;N?úo H?í Controle;Residencial;0;0;2;1;0;0;0;0;0;0;0;0;-3,721362800000000;-38,510640000000000
313121;28;12;2017;10:06;11652;RUA PRO HERIBALDO COSTA;TR RIO DE JANEIRO;;0;;Colis?úo Transversal;Luz do Dia;Bom;Seca;Cruz;Pare;Residencial;0;0;2;1;0;0;0;0;0;0;0;0;-3,769345500000000;-38,588734000000000
313122;28;12;2017;11:46;0;RUA ROMEU MARTINS;;;287;;Colis?úo Lateral;Luz do Dia;Bom;Seca;Cruz;Pare;Residencial;0;0;2;1;0;0;0;0;0;1;0;0;-3,764332800000000;-38,555540000000000
313123;28;12;2017;05:50;0;AV EDUARDO GIRAO;;;288;;Choque c/ Obst?ículo Fixo;Luz do Dia;Nublado;Seca;Meio de Quadra;Gesto;Comercial;0;0;0;1;0;0;0;0;0;0;0;0;-3,747421700000000;-38,540592000000000
313147;28;12;2017;10:10;0;AV ROGACIANO LEITE;;;1689;;Engavetamento;Luz do Dia;Bom;Seca;Meio de Quadra;N?úo H?í Controle;Comercial;0;1;2;1;0;0;0;0;0;1;0;0;-3,769211500000000;-38,497610000000000
313112;28;12;2017;00:19;0;RUA DR GILBERTO STUDART;;;1975;;Capotamento;Via Iluminada;Bom;Seca;Meio de Quadra;N?úo H?í Controle;Residencial;0;0;0;1;0;0;0;0;0;0;0;0;-3,746921000000000;-38,470704000000000
313125;28;12;2017;13:00;5741;AV OLIVEIRA PAIVA;RUA VICENTE LOPES;;0;;Engavetamento;Luz do Dia;Nublado;Seca;T;Sem?íforo;Comercial;0;0;3;1;0;0;0;0;0;0;0;0;-3,795141200000000;-38,495064000000000
313191;28;12;2017;14:44;0;AV PRS JUSCELINO KUBITSCHEK (PASSAR?ë);;;3999;;Engavetamento;Luz do Dia;Bom;Seca;Meio de Quadra;Sem?íforo;Comercial;0;0;0;1;0;0;0;0;0;0;0;0;-3,758001800000000;-38,554886000000000
313155;28;12;2017;16:00;5284;RUA PEDRO I;RUA PRC ISABEL;;0;;Colis?úo Transversal;Luz do Dia;Bom;Seca;Cruz;Pare;Comercial;0;0;2;0;0;0;0;0;0;1;0;0;-3,728636500000000;-38,536150000000000
313389;28;12;2017;10:00;1484;AV PDE ANTONIO TOMAS;RUA JOAQUIM NABUCO;;0;;Colis?úo Lateral;Luz do Dia;Nublado;Seca;Cruz;Sem?íforo;Comercial;0;2;0;1;0;0;1;0;0;0;0;0;-3,739222000000000;-38,502569000000000
306076;28;12;2017;18:40;0;RD BR 116;;;13000;KM-13;Colis?úo Transversal;;;Seca;Meio de Quadra;;;1;0;1;1;0;1;0;0;0;0;0;0;-3,864670000000000;-38,497727000000000
306136;29;12;2017;14:23;0;AV PRS CASTELO BRANCO;;;989;;Atropelamento;Luz do Dia;;;Meio de Quadra;;;1;1;0;0;0;0;0;0;0;1;0;0;-3,719193000000000;-38,532394000000000
313156;29;12;2017;17:02;0;AV AGUANAMBI;;;855;;Colis?úo Transversal;Luz do Dia;Bom;Seca;Cruz;N?úo H?í Controle;Comercial;0;0;2;1;0;0;0;0;0;0;0;0;-3,744097000000000;-38,525600000000000
313157;29;12;2017;15:50;0;AV PRS CASTELO BRANCO;;;2960;;Colis?úo Traseira;Luz do Dia;Bom;Seca;Meio de Quadra;Sem?íforo;Comercial;0;0;2;1;0;0;0;0;0;0;0;0;-3,712020200000000;-38,555160000000000
313158;29;12;2017;13:52;0;RUA JUVENAL DE CARVALHO;;;1120;;Colis?úo Lateral;Luz do Dia;Bom;Seca;Meio de Quadra;Pare;Residencial;0;0;2;1;1;0;0;0;0;0;0;0;-3,752407600000000;-38,524300000000000
313159;29;12;2017;16:45;0;AV PRS JUSCELINO KUBITSCHEK (PASSAR?ë);;;0;;Colis?úo Traseira;Luz do Dia;Bom;Seca;Rotat??ria;D?¬ Prefer?¬ncia;Lazer;0;0;1;1;0;0;0;0;0;0;0;0;-3,808166500000000;-38,525410000000000
313160;29;12;2017;16:50;0;AV F CJ JOSE WALTER;AV G CJ JOSE WALTER;;0;;Colis?úo Lateral;Luz do Dia;Bom;Seca;T;N?úo H?í Controle;Residencial;0;0;2;1;0;0;0;0;0;1;0;0;-3,821089000000000;-38,554580000000000
313161;29;12;2017;19:49;0;AV MON TABOSA;;;446;;Colis?úo Lateral;Via Iluminada;Bom;Seca;Meio de Quadra;N?úo H?í Controle;Comercial;0;0;2;1;0;0;0;0;0;0;0;0;-3,723795700000000;-38,515380000000000
313162;29;12;2017;22:47;0;AV VICENTE DE CASTRO;;;5700;;Atropelamento;Via Iluminada;Bom;Seca;Meio de Quadra;N?úo H?í Controle;Industrial;0;1;0;0;0;0;0;0;0;1;0;0;-3,715130000000000;-38,474109000000000
313185;29;12;2017;16:52;23045;AV DR SILAS MUNGUBA;RUA MALMEQUER;;0;;Colis?úo Traseira;Luz do Dia;Bom;Seca;Cruz;Sem?íforo;Comercial;0;0;2;0;1;0;0;0;0;0;0;0;-3,790920000000000;-38,538727000000000
313148;29;12;2017;10:04;1598;RUA MON CATAO;RUA CAROLINA SUCUPIRA;;0;;Colis?úo Transversal;Amanhecer;Bom;Seca;Cruz;Pare;Residencial;0;1;2;1;0;0;0;0;1;0;0;0;-3,744110000000000;-38,492348000000000
313149;29;12;2017;10:30;5065;AV ALBERTO NEPOMUCENO;RUA JOSE AVELINO;;0;;Colis?úo Traseira;Luz do Dia;Bom;Seca;Cruz;Pare;Comercial;0;0;2;1;0;0;0;0;0;0;0;0;-3,722088600000000;-38,523823000000000
313150;29;12;2017;07:30;5106;RUA GUILHERME ROCHA;RUA AGAPITO DOS SANTOS;;0;;Colis?úo Transversal;Luz do Dia;Bom;Seca;Cruz;Pare;Comercial;0;0;1;1;0;0;0;0;0;1;0;0;-3,723644500000000;-38,538143000000000
313151;29;12;2017;13:05;15423;AV FRE CIRILO;RUA SILVEIRA DA MOTA;;3611;;Colis?úo Lateral;Luz do Dia;Bom;Seca;Cruz;Pare;Comercial;0;0;2;1;0;0;0;0;0;0;0;0;-3,815883600000000;-38,497850000000000
313152;29;12;2017;13:17;0;AV MON TABOSA;;;672;;N?úo Informado;Luz do Dia;Bom;Seca;Meio de Quadra;Sem?íforo;Comercial;0;1;1;1;0;0;0;0;0;1;0;0;-3,724019500000000;-38,513350000000000
313153;29;12;2017;14:25;0;RUA MARIA MIRIAN F  DE SOUZA;;;88;;Colis?úo Traseira;Luz do Dia;Bom;Seca;Meio de Quadra;N?úo H?í Controle;Residencial;0;0;1;1;0;0;0;0;0;0;0;0;-3,733445000000000;-38,568363000000000
313154;29;12;2017;15:30;0;RUA JOAQUIM NABUCO;;;1415;;Colis?úo Lateral;Luz do Dia;Bom;Seca;Meio de Quadra;Sem?íforo;Residencial;0;0;1;1;0;0;0;0;0;1;0;0;-3,737549800000000;-38,502037000000000
313143;29;12;2017;00:37;0;AV GOV RAUL BARBOSA;;;494;;Colis?úo Frontal;Via Iluminada;Bom;Seca;Outros;N?úo H?í Controle;Comercial;0;0;2;1;0;0;0;0;0;0;0;0;-3,777173300000000;-38,513535000000000
313144;29;12;2017;01:55;0;RUA VICENTE LINHARES;AV DES MOREIRA;AV PDE ANTONIO TOMAS;614;;Colis?úo Traseira;Via Iluminada;Bom;Seca;Meio de Quadra;Sem?íforo;Residencial;0;0;0;0;0;0;0;0;0;1;0;0;-3,742601200000000;-38,499012000000000
313145;29;12;2017;08:09;5458;RUA BARBARA DE ALENCAR;RUA RODRIGUES JUNIOR;;0;;Colis?úo Transversal;Luz do Dia;Nublado;Seca;Cruz;Pare;Comercial;0;0;2;1;0;0;0;0;0;0;0;0;-3,735285000000000;-38,522076000000000
313146;29;12;2017;07:15;3993;RUA ALBERTO MAGNO;RUA DULCINEIA GONDIM;;0;;Colis?úo Transversal;Luz do Dia;Nublado;Molhada;Cruz;Pare;Comercial;0;1;1;0;0;0;0;0;0;1;0;0;-3,759428300000000;-38,545116000000000
313465;29;12;2017;15:10;22036;RUA TIRADENTES;RUA CAP FRANCISCO PEDRO;;0;;Colis?úo Frontal;Luz do Dia;;;T;Pare;Residencial;0;0;2;0;1;0;0;1;0;0;0;0;-3,744485000000000;-38,546446000000000
315603;29;12;2017;07:50;0;RD CE-060;;;0;KM-01;Atropelamento de Animal;Luz do Dia;Bom;Seca;Meio de Quadra;;;0;0;1;0;0;0;0;0;0;1;0;0;-3,826136000000000;-38,579500000000000
315608;29;12;2017;16:40;0;RD CE-040;;;0;KM-01;Colis?úo;Luz do Dia;Bom;Seca;Meio de Quadra;;;0;0;2;0;1;0;0;0;0;1;0;0;-3,764650449000000;-38,482583040000000
315605;29;12;2017;12:20;0;AV SEN CARLOS JEREISSATI (AEROPORTO);;;0;KM 02;Colis?úo;Luz do Dia;Bom;Seca;Meio de Quadra;;;0;0;2;1;0;0;1;0;0;0;0;0;-3,782194000000000;-38,535424000000000
315613;29;12;2017;20:00;0;RD CE-040;;;0;KM-08;Colis?úo;;Bom;Seca;Meio de Quadra;;;0;0;2;0;0;0;0;0;0;1;0;0;-3,825515822000000;-38,481538320000000
315611;29;12;2017;17:00;0;RD CE-040;;;0;KM-04;Colis?úo;Anoitecer;Bom;Seca;Meio de Quadra;;;0;0;2;1;0;0;0;0;0;0;0;0;-3,791613156000000;-38,480330840000000
315616;30;12;2017;11:40;0;AV SEN CARLOS JEREISSATI (AEROPORTO);;;0;KM 01;Colis?úo;Luz do Dia;Bom;Seca;Meio de Quadra;;;0;1;2;0;0;0;0;0;0;1;0;0;-3,783753000000000;-38,526850000000000
315617;30;12;2017;04:15;0;AV SEN CARLOS JEREISSATI (AEROPORTO);;;0;KM 0;Choque c/ Obst?ículo Fixo;;Bom;Seca;Meio de Quadra;;;0;0;1;1;0;0;0;0;0;0;0;0;-3,784360000000000;-38,518098000000000
313189;30;12;2017;05:00;0;AV GAL OSORIO DE PAIVA;;;427;;Choque c/ Obst?ículo Fixo;Amanhecer;Bom;Seca;Meio de Quadra;N?úo H?í Controle;Comercial;0;0;1;0;1;0;0;0;0;0;0;0;-3,800937700000000;-38,498394000000000
313163;30;12;2017;00:13;25328;RUA PORTO VELHO;RUA TUPI D35;;0;;Colis?úo Transversal;Via Iluminada;Bom;Seca;Cruz;Pare;Residencial;0;0;1;1;0;0;0;0;0;0;0;0;-3,768281700000000;-38,582714000000000
313164;30;12;2017;03:23;13550;AV SORIANO ALBUQUERQUE;RUA CARLOS VASCONCELOS;;0;;Atropelamento;Via Iluminada;Bom;Seca;T;N?úo H?í Controle;Residencial;0;1;0;1;0;0;0;0;0;0;0;0;-3,748787900000000;-38,516020000000000
313165;30;12;2017;00:04;0;AV SEN FERNANDES TAVORA;RUA VITORIA;;0;;Colis?úo Transversal;Via Iluminada;Bom;Seca;Cruz;Sem?íforo;Comercial;0;0;2;0;0;0;0;0;0;1;0;0;-3,760162800000000;-38,585888000000000
313166;30;12;2017;04:00;17375;RUA ISAIE BORIS;RUA ALAN KARDEC;AV JOSE DO PATROCINIO;0;;Capotamento;Via Iluminada;Bom;Seca;Y;N?úo H?í Controle;Comercial;0;0;0;1;0;0;0;0;0;0;0;0;-3,766840500000000;-38,547570000000000
313167;30;12;2017;04:34;0;RUA BENTO ALBUQUERQUE;RUA VICENTE LEITE;;0;;Colis?úo Transversal;Luz do Dia;Bom;Seca;Cruz;Pare;Residencial;0;0;2;1;0;0;0;0;0;0;0;0;-3,738133700000000;-38,495870000000000
313168;30;12;2017;06:25;9036;RUA PDE MATOS SERRA;AV AGUANAMBI;;0;;Colis?úo Lateral;Luz do Dia;Nublado;Seca;Cruz;N?úo H?í Controle;Comercial;0;0;2;1;0;0;0;0;0;1;0;0;-3,744026000000000;-38,525684000000000
313169;30;12;2017;08:01;0;AV DR SILAS MUNGUBA;;;2333;;Colis?úo Traseira;Luz do Dia;Bom;Seca;Meio de Quadra;Sem?íforo;Comercial;0;0;1;1;0;0;0;0;0;0;0;0;-3,785961400000000;-38,550934000000000
313170;30;12;2017;08:33;21376;AV JOVITA FEITOSA;RUA PRO NOGUEIRA;;543;;Colis?úo Lateral;Luz do Dia;Bom;Seca;Cruz;Pare;Comercial;0;2;0;1;0;0;0;0;0;0;0;0;-3,738368000000000;-38,548923000000000
313171;30;12;2017;05:00;17410;RUA ALM RUBIM;RUA PRO TEODORICO;;0;;Colis?úo Transversal;Luz do Dia;Bom;Seca;Cruz;Pare;Residencial;0;1;0;0;0;0;0;0;0;1;0;0;-3,767937000000000;-38,555378000000000
313172;30;12;2017;06:45;19686;AV BEZERRA DE MENEZES;RUA ERICO MOTA;;0;;Colis?úo Traseira;Luz do Dia;Bom;Seca;T;Sem?íforo;Comercial;0;2;2;1;1;0;0;0;0;0;0;0;-3,735382800000000;-38,563430000000000
313173;30;12;2017;10:05;0;RUA BAR RIO BRANCO;;;829;;Colis?úo Lateral;Luz do Dia;Bom;Seca;Meio de Quadra;N?úo H?í Controle;Comercial;0;0;2;1;1;0;0;0;0;0;0;0;-3,725536000000000;-38,527954000000000
313174;30;12;2017;09:55;0;AV ALBERTO NEPOMUCENO;;;199;;Colis?úo Traseira;Luz do Dia;Bom;Seca;T;Pare;Comercial;0;0;2;1;1;0;0;0;0;0;0;0;-3,722729400000000;-38,524080000000000
313175;30;12;2017;10:53;0;AV JOSE BASTOS;;;5572;;Colis?úo Traseira;Luz do Dia;Bom;Seca;Meio de Quadra;N?úo H?í Controle;Comercial;0;2;1;1;0;0;0;0;0;1;0;0;-3,760400800000000;-38,564280000000000
313176;30;12;2017;10:40;0;RUA CEL MATOS DOURADO;;;432;;Choque c/ Obst?ículo Fixo;Luz do Dia;Bom;Seca;Meio de Quadra;N?úo H?í Controle;Residencial;0;0;0;1;0;0;0;0;0;1;0;0;-3,756749000000000;-38,584023000000000
313177;30;12;2017;13:56;0;AV 13 DE MAIO;;;2072;;Colis?úo Lateral;Luz do Dia;Bom;Seca;Meio de Quadra;Sem?íforo;Comercial;0;1;1;1;0;0;0;0;0;1;0;0;-3,744191400000000;-38,535355000000000
313178;30;12;2017;12:40;0;RUA BOM JESUS (GRANJA LISBOA);;;1537;;Colis?úo Transversal;Luz do Dia;Bom;Seca;T;Pare;Residencial;0;0;2;1;1;0;0;0;0;0;0;0;-3,792964200000000;-38,605755000000000
306137;30;12;2017;16:30;9703;RUA BOM JESUS (GRANJA LISBOA);RUA BARRA VERMELHA;;0;;Atropelamento;Luz do Dia;;;;;;1;1;0;0;0;0;0;0;0;1;0;0;-3,789808000000000;-38,615448000000000
313179;31;12;2017;08:21;7869;RUA BARBOSA DE FREITAS;RUA FRANCISCO HOLANDA;;0;;Colis?úo Transversal;Luz do Dia;Bom;Seca;Cruz;Pare;Comercial;0;0;2;1;0;0;0;0;0;0;0;0;-3,749846500000000;-38,501457000000000
313180;31;12;2017;09:39;8950;AV BEZERRA DE MENEZES;RUA RUBIA SAMPAIO;;0;;N?úo Informado;Luz do Dia;Bom;Seca;T;Sem?íforo;Comercial;0;0;2;1;0;0;0;0;0;0;0;0;-3,730798000000000;-38,540130000000000
313181;31;12;2017;13:24;21397;RUA JOAOZITO ARRUDA;AV DES GONZAGA;;0;;Colis?úo Frontal;Luz do Dia;Bom;Seca;Rotat??ria;D?¬ Prefer?¬ncia;Residencial;0;0;2;1;0;0;0;0;0;0;0;0;-3,801980500000000;-38,497100000000000
313182;31;12;2017;13:30;0;RUA JUVENAL GALENO;;;512;;Colis?úo Traseira;Luz do Dia;Bom;Seca;Meio de Quadra;N?úo H?í Controle;Comercial;0;0;2;1;0;0;0;0;0;0;0;0;-3,738710200000000;-38,539642000000000
313183;31;12;2017;18:26;1219;RUA COSTA BARROS;RUA JOAO CORDEIRO;;0;;Colis?úo Lateral;Anoitecer;Bom;Seca;Cruz;Sem?íforo;Residencial;0;0;2;1;0;0;0;0;0;0;0;0;-3,729400000000000;-38,514420000000000
313184;31;12;2017;19:20;15121;RUA JOAO CORDEIRO;RUA DR ATUALPA BARBOSA LIMA (P. IRACEMA);;0;;N?úo Informado;Via Iluminada;Bom;Seca;Cruz;Pare;Residencial;0;0;2;1;0;0;0;0;0;0;0;0;-3,723350000000000;-38,512466000000000
313190;31;12;2017;15:48;0;AV PRO GOMES DE MATOS;RUA DES PRAXEDES;;0;;Colis?úo Transversal;Luz do Dia;Bom;Seca;Cruz;Sem?íforo;Comercial;0;1;1;1;0;0;0;0;0;0;0;0;-3,761804800000000;-38,546090000000000
313186;31;12;2017;20:18;18313;AV HIS RAIMUNDO GIRAO;RUA GONCALVES LEDO;;0;;Colis?úo Transversal;Via Iluminada;Bom;Seca;T;Pare;Residencial;0;1;1;1;0;0;0;0;0;1;0;0;-3,720576500000000;-38,512707000000000
313187;31;12;2017;17:30;0;AV GAL OSORIO DE PAIVA;;;5840;;Colis?úo Lateral;Via Iluminada;Bom;Seca;Meio de Quadra;Sem?íforo;Residencial;0;0;2;1;0;0;0;0;0;0;0;0;-3,807543800000000;-38,604958000000000
313188;31;12;2017;21:35;0;RUA NUNES VALENTE;;;882;;Colis?úo Transversal;Via Iluminada;Bom;Seca;Meio de Quadra;Sem?íforo;Residencial;0;1;1;1;0;0;0;0;0;1;0;0;-3,731945000000000;-38,502310000000000
313382;31;12;2017;03:30;0;AV PRS COSTA E SILVA;;;2410;;Choque c/ Obst?ículo Fixo;Amanhecer;Bom;Seca;Meio de Quadra;Outros;Comercial;0;0;1;1;0;0;0;0;0;0;0;0;-3,820149000000000;-38,560339000000000
313368;31;12;2017;09:30;19592;RUA DINAMARCA;RUA NEREU RAMOS;;0;;Colis?úo Traseira;Luz do Dia;Bom;Seca;Outros;Outros;Residencial;0;0;2;1;1;0;0;0;0;0;0;0;-3,785606000000000;-38,571301000000000
313364;31;12;2017;09:45;0;RUA MONTE PASCOAL;;;678;;Colis?úo Lateral;Luz do Dia;Nublado;Seca;Meio de Quadra;Pare;Residencial;0;0;2;1;0;0;0;0;0;1;0;0;-3,806175200000000;-38,597193800000000
313365;31;12;2017;09:40;19815;RUA ERICO MOTA;RUA PDE GUERRA;;0;;Colis?úo Transversal;Luz do Dia;Bom;Seca;Cruz;Pare;Residencial;0;0;2;0;0;0;0;1;0;0;0;0;-3,739816000000000;-38,562080000000000
313362;31;12;2017;11:50;5100;AV DOM MANUEL;AV MON TABOSA;;0;;Colis?úo Traseira;Luz do Dia;Bom;Seca;Cruz;Sem?íforo;Comercial;0;0;2;1;0;0;0;0;0;1;0;0;;
305543;31;12;2017;00:45;0;AV JOSE BASTOS;;;5073;;Colis?úo;;;;Meio de Quadra;;;2;0;2;0;0;0;0;0;0;1;0;0;-3,757505000000000;-38,561685000000000
315618;31;12;2017;05:30;0;RD CE-040;;;0;KM-12;Colis?úo;Amanhecer;Bom;Seca;Meio de Quadra;;;0;1;1;1;0;0;0;0;0;1;0;0;-3,857690949000000;-38,472042540000000
326111;31;12;2017;18:00;0;RD BR 116;;;8000;KM-08;Atropelamento de Animal;Anoitecer;;Seca;Meio de Quadra;;;0;1;0;0;0;0;0;0;0;1;0;0;-3,822018000000000;-38,503269000000000